  0
SECTION
  2
HEADER
  9
$ACADVER
  1
AC1032
  9
$ACADMAINTVER
 90
4
  9
$DWGCODEPAGE
  3
ANSI_1252
  9
$LASTSAVEDBY
  1
ezdxf
  9
$REQUIREDVERSIONS
160
0
  9
$INSBASE
 10
0.0
 20
0.0
 30
0.0
  9
$EXTMIN
 10
1e+20
 20
1e+20
 30
1e+20
  9
$EXTMAX
 10
-1e+20
 20
-1e+20
 30
-1e+20
  9
$LIMMIN
 10
0.0
 20
0.0
  9
$LIMMAX
 10
420.0
 20
297.0
  9
$ORTHOMODE
 70
0
  9
$REGENMODE
 70
1
  9
$FILLMODE
 70
1
  9
$QTEXTMODE
 70
0
  9
$MIRRTEXT
 70
1
  9
$LTSCALE
 40
1.0
  9
$ATTMODE
 70
1
  9
$TEXTSIZE
 40
2.5
  9
$TRACEWID
 40
1.0
  9
$TEXTSTYLE
  7
OpenSans
  9
$CLAYER
  8
0
  9
$CELTYPE
  6
ByLayer
  9
$CECOLOR
 62
256
  9
$CELTSCALE
 40
1.0
  9
$DISPSILH
 70
0
  9
$DIMSCALE
 40
1.0
  9
$DIMASZ
 40
0.175
  9
$DIMEXO
 40
0.125
  9
$DIMDLI
 40
3.75
  9
$DIMRND
 40
0.0
  9
$DIMDLE
 40
0.0
  9
$DIMEXE
 40
0.375
  9
$DIMTP
 40
0.0
  9
$DIMTM
 40
0.0
  9
$DIMTXT
 40
0.25
  9
$DIMCEN
 40
2.5
  9
$DIMTSZ
 40
0.0
  9
$DIMTOL
 70
0
  9
$DIMLIM
 70
0
  9
$DIMTIH
 70
0
  9
$DIMTOH
 70
0
  9
$DIMSE1
 70
0
  9
$DIMSE2
 70
0
  9
$DIMTAD
 70
1
  9
$DIMZIN
 70
12
  9
$DIMBLK
  1
ARCHTICK
  9
$DIMASO
 70
1
  9
$DIMSHO
 70
1
  9
$DIMPOST
  1

  9
$DIMAPOST
  1

  9
$DIMALT
 70
0
  9
$DIMALTD
 70
3
  9
$DIMALTF
 40
0.03937007874
  9
$DIMLFAC
 40
100.0
  9
$DIMTOFL
 70
1
  9
$DIMTVP
 40
0.0
  9
$DIMTIX
 70
0
  9
$DIMSOXD
 70
0
  9
$DIMSAH
 70
0
  9
$DIMBLK1
  1

  9
$DIMBLK2
  1

  9
$DIMSTYLE
  2
EZDXF
  9
$DIMCLRD
 70
0
  9
$DIMCLRE
 70
0
  9
$DIMCLRT
 70
0
  9
$DIMTFAC
 40
0.5
  9
$DIMGAP
 40
0.1
  9
$DIMJUST
 70
0
  9
$DIMSD1
 70
0
  9
$DIMSD2
 70
0
  9
$DIMTOLJ
 70
0
  9
$DIMTZIN
 70
8
  9
$DIMALTZ
 70
0
  9
$DIMALTTZ
 70
0
  9
$DIMUPT
 70
1
  9
$DIMDEC
 70
2
  9
$DIMTDEC
 70
2
  9
$DIMALTU
 70
2
  9
$DIMALTTD
 70
3
  9
$DIMTXSTY
  7
OpenSansCondensed-Light
  9
$DIMAUNIT
 70
0
  9
$DIMADEC
 70
2
  9
$DIMALTRND
 40
0.0
  9
$DIMAZIN
 70
3
  9
$DIMDSEP
 70
46
  9
$DIMATFIT
 70
3
  9
$DIMFRAC
 70
0
  9
$DIMLDRBLK
  1

  9
$DIMLUNIT
 70
2
  9
$DIMLWD
 70
-2
  9
$DIMLWE
 70
-2
  9
$DIMTMOVE
 70
2
  9
$DIMFXL
 40
1.0
  9
$DIMFXLON
 70
0
  9
$DIMJOGANG
 40
0.785398163397
  9
$DIMTFILL
 70
0
  9
$DIMTFILLCLR
 70
0
  9
$DIMARCSYM
 70
0
  9
$DIMLTYPE
  6

  9
$DIMLTEX1
  6

  9
$DIMLTEX2
  6

  9
$DIMTXTDIRECTION
 70
0
  9
$LUNITS
 70
2
  9
$LUPREC
 70
4
  9
$SKETCHINC
 40
1.0
  9
$FILLETRAD
 40
10.0
  9
$AUNITS
 70
0
  9
$AUPREC
 70
2
  9
$MENU
  1
.
  9
$ELEVATION
 40
0.0
  9
$PELEVATION
 40
0.0
  9
$THICKNESS
 40
0.0
  9
$LIMCHECK
 70
0
  9
$CHAMFERA
 40
0.0
  9
$CHAMFERB
 40
0.0
  9
$CHAMFERC
 40
0.0
  9
$CHAMFERD
 40
0.0
  9
$SKPOLY
 70
0
  9
$TDCREATE
 40
2461322.7339930558
  9
$TDUCREATE
 40
2458532.153996898
  9
$TDUPDATE
 40
2461322.7339930558
  9
$TDUUPDATE
 40
2458532.1544311
  9
$TDINDWG
 40
0.0
  9
$TDUSRTIMER
 40
0.0
  9
$USRTIMER
 70
1
  9
$ANGBASE
 50
0.0
  9
$ANGDIR
 70
0
  9
$PDMODE
 70
0
  9
$PDSIZE
 40
0.0
  9
$PLINEWID
 40
0.0
  9
$SPLFRAME
 70
0
  9
$SPLINETYPE
 70
6
  9
$SPLINESEGS
 70
8
  9
$HANDSEED
  5
34D
  9
$SURFTAB1
 70
6
  9
$SURFTAB2
 70
6
  9
$SURFTYPE
 70
6
  9
$SURFU
 70
6
  9
$SURFV
 70
6
  9
$UCSBASE
  2

  9
$UCSNAME
  2

  9
$UCSORG
 10
0.0
 20
0.0
 30
0.0
  9
$UCSXDIR
 10
1.0
 20
0.0
 30
0.0
  9
$UCSYDIR
 10
0.0
 20
1.0
 30
0.0
  9
$UCSORTHOREF
  2

  9
$UCSORTHOVIEW
 70
0
  9
$UCSORGTOP
 10
0.0
 20
0.0
 30
0.0
  9
$UCSORGBOTTOM
 10
0.0
 20
0.0
 30
0.0
  9
$UCSORGLEFT
 10
0.0
 20
0.0
 30
0.0
  9
$UCSORGRIGHT
 10
0.0
 20
0.0
 30
0.0
  9
$UCSORGFRONT
 10
0.0
 20
0.0
 30
0.0
  9
$UCSORGBACK
 10
0.0
 20
0.0
 30
0.0
  9
$PUCSBASE
  2

  9
$PUCSNAME
  2

  9
$PUCSORG
 10
0.0
 20
0.0
 30
0.0
  9
$PUCSXDIR
 10
1.0
 20
0.0
 30
0.0
  9
$PUCSYDIR
 10
0.0
 20
1.0
 30
0.0
  9
$PUCSORTHOREF
  2

  9
$PUCSORTHOVIEW
 70
0
  9
$PUCSORGTOP
 10
0.0
 20
0.0
 30
0.0
  9
$PUCSORGBOTTOM
 10
0.0
 20
0.0
 30
0.0
  9
$PUCSORGLEFT
 10
0.0
 20
0.0
 30
0.0
  9
$PUCSORGRIGHT
 10
0.0
 20
0.0
 30
0.0
  9
$PUCSORGFRONT
 10
0.0
 20
0.0
 30
0.0
  9
$PUCSORGBACK
 10
0.0
 20
0.0
 30
0.0
  9
$USERI1
 70
0
  9
$USERI2
 70
0
  9
$USERI3
 70
0
  9
$USERI4
 70
0
  9
$USERI5
 70
0
  9
$USERR1
 40
0.0
  9
$USERR2
 40
0.0
  9
$USERR3
 40
0.0
  9
$USERR4
 40
0.0
  9
$USERR5
 40
0.0
  9
$WORLDVIEW
 70
1
  9
$SHADEDGE
 70
3
  9
$SHADEDIF
 70
70
  9
$TILEMODE
 70
1
  9
$MAXACTVP
 70
64
  9
$PINSBASE
 10
0.0
 20
0.0
 30
0.0
  9
$PLIMCHECK
 70
0
  9
$PEXTMIN
 10
1e+20
 20
1e+20
 30
1e+20
  9
$PEXTMAX
 10
-1e+20
 20
-1e+20
 30
-1e+20
  9
$PLIMMIN
 10
0.0
 20
0.0
  9
$PLIMMAX
 10
420.0
 20
297.0
  9
$UNITMODE
 70
0
  9
$VISRETAIN
 70
1
  9
$PLINEGEN
 70
0
  9
$PSLTSCALE
 70
1
  9
$TREEDEPTH
 70
3020
  9
$CMLSTYLE
  2
Standard
  9
$CMLJUST
 70
0
  9
$CMLSCALE
 40
20.0
  9
$PROXYGRAPHICS
 70
1
  9
$MEASUREMENT
 70
1
  9
$CELWEIGHT
370
-1
  9
$ENDCAPS
280
0
  9
$JOINSTYLE
280
0
  9
$LWDISPLAY
290
0
  9
$INSUNITS
 70
4
  9
$HYPERLINKBASE
  1

  9
$STYLESHEET
  1

  9
$XEDIT
290
1
  9
$CEPSNTYPE
380
0
  9
$PSTYLEMODE
290
1
  9
$FINGERPRINTGUID
  2
{1548983F-6CD1-40C6-8481-0147B944D9EF}
  9
$VERSIONGUID
  2
{DE750A1B-2B6B-4907-B7CB-4476F2009EBE}
  9
$EXTNAMES
290
1
  9
$PSVPSCALE
 40
0.0
  9
$OLESTARTUP
290
0
  9
$SORTENTS
280
127
  9
$INDEXCTL
280
0
  9
$HIDETEXT
280
1
  9
$XCLIPFRAME
280
1
  9
$HALOGAP
280
0
  9
$OBSCOLOR
 70
257
  9
$OBSLTYPE
280
0
  9
$INTERSECTIONDISPLAY
280
0
  9
$INTERSECTIONCOLOR
 70
257
  9
$DIMASSOC
280
2
  9
$PROJECTNAME
  1

  9
$CAMERADISPLAY
290
0
  9
$LENSLENGTH
 40
50.0
  9
$CAMERAHEIGHT
 40
0.0
  9
$STEPSPERSEC
 40
24.0
  9
$STEPSIZE
 40
100.0
  9
$3DDWFPREC
 40
2.0
  9
$PSOLWIDTH
 40
0.005
  9
$PSOLHEIGHT
 40
0.08
  9
$LOFTANG1
 40
1.570796326795
  9
$LOFTANG2
 40
1.570796326795
  9
$LOFTMAG1
 40
0.0
  9
$LOFTMAG2
 40
0.0
  9
$LOFTPARAM
 70
7
  9
$LOFTNORMALS
280
1
  9
$LATITUDE
 40
37.795
  9
$LONGITUDE
 40
-122.394
  9
$NORTHDIRECTION
 40
0.0
  9
$TIMEZONE
 70
-8000
  9
$LIGHTGLYPHDISPLAY
280
1
  9
$TILEMODELIGHTSYNCH
280
1
  9
$CMATERIAL
347
20
  9
$SOLIDHIST
280
0
  9
$SHOWHIST
280
1
  9
$DWFFRAME
280
2
  9
$DGNFRAME
280
2
  9
$REALWORLDSCALE
290
1
  9
$INTERFERECOLOR
 62
256
  9
$CSHADOW
280
0
  9
$SHADOWPLANELOCATION
 40
0.0
  0
ENDSEC
  0
SECTION
  2
CLASSES
  0
CLASS
  1
ACDBDICTIONARYWDFLT
  2
AcDbDictionaryWithDefault
  3
ObjectDBX Classes
 90
0
 91
0
280
0
281
0
  0
CLASS
  1
SUN
  2
AcDbSun
  3
SCENEOE
 90
1153
 91
0
280
0
281
0
  0
CLASS
  1
VISUALSTYLE
  2
AcDbVisualStyle
  3
ObjectDBX Classes
 90
4095
 91
0
280
0
281
0
  0
CLASS
  1
MATERIAL
  2
AcDbMaterial
  3
ObjectDBX Classes
 90
1153
 91
0
280
0
281
0
  0
CLASS
  1
SCALE
  2
AcDbScale
  3
ObjectDBX Classes
 90
1153
 91
0
280
0
281
0
  0
CLASS
  1
TABLESTYLE
  2
AcDbTableStyle
  3
ObjectDBX Classes
 90
4095
 91
0
280
0
281
0
  0
CLASS
  1
MLEADERSTYLE
  2
AcDbMLeaderStyle
  3
ACDB_MLEADERSTYLE_CLASS
 90
4095
 91
0
280
0
281
0
  0
CLASS
  1
DICTIONARYVAR
  2
AcDbDictionaryVar
  3
ObjectDBX Classes
 90
0
 91
0
280
0
281
0
  0
CLASS
  1
CELLSTYLEMAP
  2
AcDbCellStyleMap
  3
ObjectDBX Classes
 90
1152
 91
0
280
0
281
0
  0
CLASS
  1
MENTALRAYRENDERSETTINGS
  2
AcDbMentalRayRenderSettings
  3
SCENEOE
 90
1024
 91
0
280
0
281
0
  0
CLASS
  1
ACDBDETAILVIEWSTYLE
  2
AcDbDetailViewStyle
  3
ObjectDBX Classes
 90
1025
 91
0
280
0
281
0
  0
CLASS
  1
ACDBSECTIONVIEWSTYLE
  2
AcDbSectionViewStyle
  3
ObjectDBX Classes
 90
1025
 91
0
280
0
281
0
  0
CLASS
  1
RASTERVARIABLES
  2
AcDbRasterVariables
  3
ISM
 90
0
 91
0
280
0
281
0
  0
CLASS
  1
ACDBPLACEHOLDER
  2
AcDbPlaceHolder
  3
ObjectDBX Classes
 90
0
 91
0
280
0
281
0
  0
CLASS
  1
LAYOUT
  2
AcDbLayout
  3
ObjectDBX Classes
 90
0
 91
0
280
0
281
0
  0
ENDSEC
  0
SECTION
  2
TABLES
  0
TABLE
  2
VPORT
  5
8
330
0
100
AcDbSymbolTable
 70
1
  0
VPORT
  5
23
330
8
100
AcDbSymbolTableRecord
100
AcDbViewportTableRecord
  2
*Active
 70
0
 10
0.0
 20
0.0
 11
1.0
 21
1.0
 12
0.0
 22
0.0
 13
0.0
 23
0.0
 14
0.5
 24
0.5
 15
0.5
 25
0.5
 16
0.0
 26
0.0
 36
1.0
 17
0.0
 27
0.0
 37
0.0
 40
1000.0
 41
1.34
 42
50.0
 43
0.0
 44
0.0
 50
0.0
 51
0.0
 71
0
 72
1000
 73
1
 74
3
 75
0
 76
0
 77
0
 78
0
281
0
 65
0
146
0.0
  0
ENDTAB
  0
TABLE
  2
LTYPE
  5
2
330
0
100
AcDbSymbolTable
 70
21
  0
LTYPE
  5
24
330
2
100
AcDbSymbolTableRecord
100
AcDbLinetypeTableRecord
  2
ByBlock
 70
0
  3

 72
65
 73
0
 40
0.0
  0
LTYPE
  5
25
330
2
100
AcDbSymbolTableRecord
100
AcDbLinetypeTableRecord
  2
ByLayer
 70
0
  3

 72
65
 73
0
 40
0.0
  0
LTYPE
  5
26
330
2
100
AcDbSymbolTableRecord
100
AcDbLinetypeTableRecord
  2
Continuous
 70
0
  3

 72
65
 73
0
 40
0.0
  0
LTYPE
  5
2F
330
2
100
AcDbSymbolTableRecord
100
AcDbLinetypeTableRecord
  2
CENTER
 70
0
  3
Center ____ _ ____ _ ____ _ ____ _ ____ _ ____
 72
65
 73
4
 40
5.08
 49
3.175
 74
0
 49
-0.635
 74
0
 49
0.635
 74
0
 49
-0.635
 74
0
  0
LTYPE
  5
30
330
2
100
AcDbSymbolTableRecord
100
AcDbLinetypeTableRecord
  2
CENTERX2
 70
0
  3
Center (2x) ________  __  ________  __  ________
 72
65
 73
4
 40
8.89
 49
6.35
 74
0
 49
-0.635
 74
0
 49
1.27
 74
0
 49
-0.635
 74
0
  0
LTYPE
  5
31
330
2
100
AcDbSymbolTableRecord
100
AcDbLinetypeTableRecord
  2
CENTER2
 70
0
  3
Center (.5x) ____ _ ____ _ ____ _ ____ _ ____
 72
65
 73
4
 40
2.54
 49
1.587
 74
0
 49
-0.318
 74
0
 49
0.318
 74
0
 49
-0.318
 74
0
  0
LTYPE
  5
32
330
2
100
AcDbSymbolTableRecord
100
AcDbLinetypeTableRecord
  2
DASHED
 70
0
  3
Dashed __ __ __ __ __ __ __ __ __ __ __ __ __ _
 72
65
 73
2
 40
1.524
 49
1.27
 74
0
 49
-0.254
 74
0
  0
LTYPE
  5
33
330
2
100
AcDbSymbolTableRecord
100
AcDbLinetypeTableRecord
  2
DASHEDX2
 70
0
  3
Dashed (2x) ____  ____  ____  ____  ____  ____
 72
65
 73
2
 40
3.048
 49
2.54
 74
0
 49
-0.508
 74
0
  0
LTYPE
  5
34
330
2
100
AcDbSymbolTableRecord
100
AcDbLinetypeTableRecord
  2
DASHED2
 70
0
  3
Dashed (.5x) _ _ _ _ _ _ _ _ _ _ _ _ _ _
 72
65
 73
2
 40
0.762
 49
0.635
 74
0
 49
-0.127
 74
0
  0
LTYPE
  5
35
330
2
100
AcDbSymbolTableRecord
100
AcDbLinetypeTableRecord
  2
PHANTOM
 70
0
  3
Phantom ______  __  __  ______  __  __  ______
 72
65
 73
6
 40
6.35
 49
3.175
 74
0
 49
-0.635
 74
0
 49
0.635
 74
0
 49
-0.635
 74
0
 49
0.635
 74
0
 49
-0.635
 74
0
  0
LTYPE
  5
36
330
2
100
AcDbSymbolTableRecord
100
AcDbLinetypeTableRecord
  2
PHANTOMX2
 70
0
  3
Phantom (2x)____________    ____    ____    ____________
 72
65
 73
6
 40
10.795
 49
6.35
 74
0
 49
-0.635
 74
0
 49
1.27
 74
0
 49
-0.635
 74
0
 49
1.27
 74
0
 49
-0.635
 74
0
  0
LTYPE
  5
37
330
2
100
AcDbSymbolTableRecord
100
AcDbLinetypeTableRecord
  2
PHANTOM2
 70
0
  3
Phantom (.5x) ___ _ _ ___ _ _ ___ _ _ ___ _ _ ___
 72
65
 73
6
 40
3.175
 49
1.587
 74
0
 49
-0.318
 74
0
 49
0.318
 74
0
 49
-0.318
 74
0
 49
0.318
 74
0
 49
-0.318
 74
0
  0
LTYPE
  5
38
330
2
100
AcDbSymbolTableRecord
100
AcDbLinetypeTableRecord
  2
DASHDOT
 70
0
  3
Dash dot __ . __ . __ . __ . __ . __ . __ . __
 72
65
 73
4
 40
3.556
 49
2.54
 74
0
 49
-0.508
 74
0
 49
0.0
 74
0
 49
-0.508
 74
0
  0
LTYPE
  5
39
330
2
100
AcDbSymbolTableRecord
100
AcDbLinetypeTableRecord
  2
DASHDOTX2
 70
0
  3
Dash dot (2x) ____  .  ____  .  ____  .  ____
 72
65
 73
4
 40
6.096
 49
5.08
 74
0
 49
-0.508
 74
0
 49
0.0
 74
0
 49
-0.508
 74
0
  0
LTYPE
  5
3A
330
2
100
AcDbSymbolTableRecord
100
AcDbLinetypeTableRecord
  2
DASHDOT2
 70
0
  3
Dash dot (.5x) _ . _ . _ . _ . _ . _ . _ . _
 72
65
 73
4
 40
1.778
 49
1.27
 74
0
 49
-0.254
 74
0
 49
0.0
 74
0
 49
-0.254
 74
0
  0
LTYPE
  5
3B
330
2
100
AcDbSymbolTableRecord
100
AcDbLinetypeTableRecord
  2
DOT
 70
0
  3
Dot .  .  .  .  .  .  .  .  .  .  .  .  .  .  .  .
 72
65
 73
2
 40
0.508
 49
0.0
 74
0
 49
-0.508
 74
0
  0
LTYPE
  5
3C
330
2
100
AcDbSymbolTableRecord
100
AcDbLinetypeTableRecord
  2
DOTX2
 70
0
  3
Dot (2x) .    .    .    .    .    .    .    . 
 72
65
 73
2
 40
1.016
 49
0.0
 74
0
 49
-1.016
 74
0
  0
LTYPE
  5
3D
330
2
100
AcDbSymbolTableRecord
100
AcDbLinetypeTableRecord
  2
DOT2
 70
0
  3
Dot (.5) . . . . . . . . . . . . . . . . . . . 
 72
65
 73
2
 40
0.254
 49
0.0
 74
0
 49
-0.254
 74
0
  0
LTYPE
  5
3E
330
2
100
AcDbSymbolTableRecord
100
AcDbLinetypeTableRecord
  2
DIVIDE
 70
0
  3
Divide __ . . __ . . __ . . __ . . __ . . __
 72
65
 73
6
 40
4.064
 49
2.54
 74
0
 49
-0.508
 74
0
 49
0.0
 74
0
 49
-0.508
 74
0
 49
0.0
 74
0
 49
-0.508
 74
0
  0
LTYPE
  5
3F
330
2
100
AcDbSymbolTableRecord
100
AcDbLinetypeTableRecord
  2
DIVIDEX2
 70
0
  3
Divide (2x) ____  . .  ____  . .  ____  . .  ____
 72
65
 73
6
 40
6.604
 49
5.08
 74
0
 49
-0.508
 74
0
 49
0.0
 74
0
 49
-0.508
 74
0
 49
0.0
 74
0
 49
-0.508
 74
0
  0
LTYPE
  5
40
330
2
100
AcDbSymbolTableRecord
100
AcDbLinetypeTableRecord
  2
DIVIDE2
 70
0
  3
Divide(.5x) _ . _ . _ . _ . _ . _ . _ . _
 72
65
 73
6
 40
2.032
 49
1.27
 74
0
 49
-0.254
 74
0
 49
0.0
 74
0
 49
-0.254
 74
0
 49
0.0
 74
0
 49
-0.254
 74
0
  0
ENDTAB
  0
TABLE
  2
LAYER
  5
1
330
0
100
AcDbSymbolTable
 70
16
  0
LAYER
  5
27
330
1
100
AcDbSymbolTableRecord
100
AcDbLayerTableRecord
  2
0
 70
0
 62
7
  6
Continuous
370
-3
390
13
347
21
  0
LAYER
  5
28
330
1
100
AcDbSymbolTableRecord
100
AcDbLayerTableRecord
  2
Defpoints
 70
0
 62
7
  6
Continuous
290
0
370
-3
390
13
347
21
  0
LAYER
  5
8B
330
1
100
AcDbSymbolTableRecord
100
AcDbLayerTableRecord
  2
FRAME
 70
0
 62
7
  6
CONTINUOUS
370
-3
390
13
347
21
  0
LAYER
  5
8C
330
1
100
AcDbSymbolTableRecord
100
AcDbLayerTableRecord
  2
AR-WALLS
 70
0
 62
7
  6
CONTINUOUS
370
-3
390
13
347
21
  0
LAYER
  5
8D
330
1
100
AcDbSymbolTableRecord
100
AcDbLayerTableRecord
  2
AR-NEW
 70
0
 62
5
  6
CONTINUOUS
370
-3
390
13
347
21
  0
LAYER
  5
8E
330
1
100
AcDbSymbolTableRecord
100
AcDbLayerTableRecord
  2
AR-DEMO
 70
0
 62
1
  6
DASHED
370
-3
390
13
347
21
  0
LAYER
  5
8F
330
1
100
AcDbSymbolTableRecord
100
AcDbLayerTableRecord
  2
FURN
 70
0
 62
8
  6
CONTINUOUS
370
-3
390
13
347
21
  0
LAYER
  5
90
330
1
100
AcDbSymbolTableRecord
100
AcDbLayerTableRecord
  2
EL-LIGHT
 70
0
 62
30
  6
CONTINUOUS
370
-3
390
13
347
21
  0
LAYER
  5
91
330
1
100
AcDbSymbolTableRecord
100
AcDbLayerTableRecord
  2
EL-SOCKET
 70
0
 62
6
  6
CONTINUOUS
370
-3
390
13
347
21
  0
LAYER
  5
92
330
1
100
AcDbSymbolTableRecord
100
AcDbLayerTableRecord
  2
EL-LOW
 70
0
 62
3
  6
CONTINUOUS
370
-3
390
13
347
21
  0
LAYER
  5
93
330
1
100
AcDbSymbolTableRecord
100
AcDbLayerTableRecord
  2
VK
 70
0
 62
4
  6
CONTINUOUS
370
-3
390
13
347
21
  0
LAYER
  5
94
330
1
100
AcDbSymbolTableRecord
100
AcDbLayerTableRecord
  2
OV
 70
0
 62
3
  6
CONTINUOUS
370
-3
390
13
347
21
  0
LAYER
  5
95
330
1
100
AcDbSymbolTableRecord
100
AcDbLayerTableRecord
  2
DIM
 70
0
 62
7
  6
CONTINUOUS
370
-3
390
13
347
21
  0
LAYER
  5
96
330
1
100
AcDbSymbolTableRecord
100
AcDbLayerTableRecord
  2
TEXT
 70
0
 62
7
  6
CONTINUOUS
370
-3
390
13
347
21
  0
LAYER
  5
97
330
1
100
AcDbSymbolTableRecord
100
AcDbLayerTableRecord
  2
AR-FIN
 70
0
 62
9
  6
CONTINUOUS
370
-3
390
13
347
21
  0
LAYER
  5
98
330
1
100
AcDbSymbolTableRecord
100
AcDbLayerTableRecord
  2
BASE
 70
0
 62
9
  6
CONTINUOUS
370
-3
390
13
347
21
  0
ENDTAB
  0
TABLE
  2
STYLE
  5
5
330
0
100
AcDbSymbolTable
 70
27
  0
STYLE
  5
29
330
5
100
AcDbSymbolTableRecord
100
AcDbTextStyleTableRecord
  2
Standard
 70
0
 40
0.0
 41
1.0
 50
0.0
 71
0
 42
2.5
  3
DejaVuSans.ttf
  4

  0
STYLE
  5
41
330
5
100
AcDbSymbolTableRecord
100
AcDbTextStyleTableRecord
  2
OpenSans-Light
 70
0
 40
0.0
 41
1.0
 50
0.0
 71
0
 42
2.5
  3
OpenSans-Light.ttf
  4

  0
STYLE
  5
42
330
5
100
AcDbSymbolTableRecord
100
AcDbTextStyleTableRecord
  2
OpenSans-Light-Italic
 70
0
 40
0.0
 41
1.0
 50
0.0
 71
0
 42
2.5
  3
OpenSans-LightItalic.ttf
  4

  0
STYLE
  5
43
330
5
100
AcDbSymbolTableRecord
100
AcDbTextStyleTableRecord
  2
OpenSans
 70
0
 40
0.0
 41
1.0
 50
0.0
 71
0
 42
2.5
  3
OpenSans-Regular.ttf
  4

  0
STYLE
  5
44
330
5
100
AcDbSymbolTableRecord
100
AcDbTextStyleTableRecord
  2
OpenSans-Italic
 70
0
 40
0.0
 41
1.0
 50
0.0
 71
0
 42
2.5
  3
OpenSans-Italic.ttf
  4

  0
STYLE
  5
45
330
5
100
AcDbSymbolTableRecord
100
AcDbTextStyleTableRecord
  2
OpenSans-SemiBold
 70
0
 40
0.0
 41
1.0
 50
0.0
 71
0
 42
2.5
  3
OpenSans-SemiBold.ttf
  4

  0
STYLE
  5
46
330
5
100
AcDbSymbolTableRecord
100
AcDbTextStyleTableRecord
  2
OpenSans-SemiBoldItalic
 70
0
 40
0.0
 41
1.0
 50
0.0
 71
0
 42
2.5
  3
OpenSans-SemiBoldItalic.ttf
  4

  0
STYLE
  5
47
330
5
100
AcDbSymbolTableRecord
100
AcDbTextStyleTableRecord
  2
OpenSans-Bold
 70
0
 40
0.0
 41
1.0
 50
0.0
 71
0
 42
2.5
  3
OpenSans-Bold.ttf
  4

  0
STYLE
  5
48
330
5
100
AcDbSymbolTableRecord
100
AcDbTextStyleTableRecord
  2
OpenSans-BoldItalic
 70
0
 40
0.0
 41
1.0
 50
0.0
 71
0
 42
2.5
  3
OpenSans-BoldItalic.ttf
  4

  0
STYLE
  5
49
330
5
100
AcDbSymbolTableRecord
100
AcDbTextStyleTableRecord
  2
OpenSans-ExtraBold
 70
0
 40
0.0
 41
1.0
 50
0.0
 71
0
 42
2.5
  3
OpenSans-ExtraBold.ttf
  4

  0
STYLE
  5
4A
330
5
100
AcDbSymbolTableRecord
100
AcDbTextStyleTableRecord
  2
OpenSans-ExtraBoldItalic
 70
0
 40
0.0
 41
1.0
 50
0.0
 71
0
 42
2.5
  3
OpenSans-ExtraBoldItalic.ttf
  4

  0
STYLE
  5
4B
330
5
100
AcDbSymbolTableRecord
100
AcDbTextStyleTableRecord
  2
OpenSansCondensed-Bold
 70
0
 40
0.0
 41
1.0
 50
0.0
 71
0
 42
2.5
  3
OpenSansCondensed-Bold.ttf
  4

  0
STYLE
  5
4C
330
5
100
AcDbSymbolTableRecord
100
AcDbTextStyleTableRecord
  2
OpenSansCondensed-Light
 70
0
 40
0.0
 41
1.0
 50
0.0
 71
0
 42
2.5
  3
OpenSansCondensed-Light.ttf
  4

  0
STYLE
  5
4D
330
5
100
AcDbSymbolTableRecord
100
AcDbTextStyleTableRecord
  2
OpenSansCondensed-Italic
 70
0
 40
0.0
 41
1.0
 50
0.0
 71
0
 42
2.5
  3
OpenSansCondensed-LightItalic.ttf
  4

  0
STYLE
  5
4E
330
5
100
AcDbSymbolTableRecord
100
AcDbTextStyleTableRecord
  2
LiberationSans
 70
0
 40
0.0
 41
1.0
 50
0.0
 71
0
 42
2.5
  3
LiberationSans-Regular.ttf
  4

  0
STYLE
  5
4F
330
5
100
AcDbSymbolTableRecord
100
AcDbTextStyleTableRecord
  2
LiberationSans-Bold
 70
0
 40
0.0
 41
1.0
 50
0.0
 71
0
 42
2.5
  3
LiberationSans-Bold.ttf
  4

  0
STYLE
  5
50
330
5
100
AcDbSymbolTableRecord
100
AcDbTextStyleTableRecord
  2
LiberationSans-BoldItalic
 70
0
 40
0.0
 41
1.0
 50
0.0
 71
0
 42
2.5
  3
LiberationSans-BoldItalic.ttf
  4

  0
STYLE
  5
51
330
5
100
AcDbSymbolTableRecord
100
AcDbTextStyleTableRecord
  2
LiberationSans-Italic
 70
0
 40
0.0
 41
1.0
 50
0.0
 71
0
 42
2.5
  3
LiberationSans-Italic.ttf
  4

  0
STYLE
  5
52
330
5
100
AcDbSymbolTableRecord
100
AcDbTextStyleTableRecord
  2
LiberationSerif
 70
0
 40
0.0
 41
1.0
 50
0.0
 71
0
 42
2.5
  3
LiberationSerif-Regular.ttf
  4

  0
STYLE
  5
53
330
5
100
AcDbSymbolTableRecord
100
AcDbTextStyleTableRecord
  2
LiberationSerif-Bold
 70
0
 40
0.0
 41
1.0
 50
0.0
 71
0
 42
2.5
  3
LiberationSerif-Bold.ttf
  4

  0
STYLE
  5
54
330
5
100
AcDbSymbolTableRecord
100
AcDbTextStyleTableRecord
  2
LiberationSerif-BoldItalic
 70
0
 40
0.0
 41
1.0
 50
0.0
 71
0
 42
2.5
  3
LiberationSerif-BoldItalic.ttf
  4

  0
STYLE
  5
55
330
5
100
AcDbSymbolTableRecord
100
AcDbTextStyleTableRecord
  2
LiberationSerif-Italic
 70
0
 40
0.0
 41
1.0
 50
0.0
 71
0
 42
2.5
  3
LiberationSerif-Italic.ttf
  4

  0
STYLE
  5
56
330
5
100
AcDbSymbolTableRecord
100
AcDbTextStyleTableRecord
  2
LiberationMono
 70
0
 40
0.0
 41
1.0
 50
0.0
 71
0
 42
2.5
  3
LiberationMono-Regular.ttf
  4

  0
STYLE
  5
57
330
5
100
AcDbSymbolTableRecord
100
AcDbTextStyleTableRecord
  2
LiberationMono-Bold
 70
0
 40
0.0
 41
1.0
 50
0.0
 71
0
 42
2.5
  3
LiberationMono-Bold.ttf
  4

  0
STYLE
  5
58
330
5
100
AcDbSymbolTableRecord
100
AcDbTextStyleTableRecord
  2
LiberationMono-BoldItalic
 70
0
 40
0.0
 41
1.0
 50
0.0
 71
0
 42
2.5
  3
LiberationMono-BoldItalic.ttf
  4

  0
STYLE
  5
59
330
5
100
AcDbSymbolTableRecord
100
AcDbTextStyleTableRecord
  2
LiberationMono-Italic
 70
0
 40
0.0
 41
1.0
 50
0.0
 71
0
 42
2.5
  3
LiberationMono-Italic.ttf
  4

  0
STYLE
  5
8A
330
5
100
AcDbSymbolTableRecord
100
AcDbTextStyleTableRecord
  2
GOST
 70
0
 40
0.0
 41
1.0
 50
0.0
 71
0
 42
2.5
  3
DejaVuSans.ttf
  4

  0
ENDTAB
  0
TABLE
  2
VIEW
  5
7
330
0
100
AcDbSymbolTable
 70
0
  0
ENDTAB
  0
TABLE
  2
UCS
  5
6
330
0
100
AcDbSymbolTable
 70
0
  0
ENDTAB
  0
TABLE
  2
APPID
  5
3
330
0
100
AcDbSymbolTable
 70
3
  0
APPID
  5
2A
330
3
100
AcDbSymbolTableRecord
100
AcDbRegAppTableRecord
  2
ACAD
 70
0
  0
APPID
  5
34A
330
3
100
AcDbSymbolTableRecord
100
AcDbRegAppTableRecord
  2
HATCHBACKGROUNDCOLOR
 70
0
  0
APPID
  5
34B
330
3
100
AcDbSymbolTableRecord
100
AcDbRegAppTableRecord
  2
EZDXF
 70
0
  0
ENDTAB
  0
TABLE
  2
DIMSTYLE
  5
4
330
0
100
AcDbSymbolTable
 70
12
100
AcDbDimStyleTable
  0
DIMSTYLE
105
2B
330
4
100
AcDbSymbolTableRecord
100
AcDbDimStyleTableRecord
  2
Standard
 70
0
 40
1.0
 41
2.5
 42
0.625
 43
3.75
 44
1.25
 45
0.0
 46
0.0
 47
0.0
 48
0.0
 49
2.5
140
2.5
141
2.5
142
0.0
143
0.03937007874
144
1.0
145
0.0
146
1.0
147
0.625
148
0.0
 69
0
 70
0
 71
0
 72
0
 73
0
 74
0
 75
0
 76
0
 77
1
 78
8
 79
3
170
0
171
3
172
1
173
0
174
0
175
0
176
0
177
0
178
0
179
2
271
2
272
2
273
2
274
3
275
0
276
0
277
2
278
44
279
0
280
0
281
0
282
0
283
0
284
8
285
0
286
0
288
0
289
3
290
0
371
-2
372
-2
  0
DIMSTYLE
105
73
330
4
100
AcDbSymbolTableRecord
100
AcDbDimStyleTableRecord
  2
EZDXF
 70
0
 40
1.0
 41
0.175
 42
0.125
 43
3.75
 44
0.375
 45
0.0
 46
0.0
 47
0.0
 48
0.0
 49
2.5
140
0.25
141
2.5
142
0.0
143
0.03937007874
144
100.0
145
0.0
146
0.5
147
0.1
148
0.0
 69
0
 70
0
 71
0
 72
0
 73
0
 74
0
 75
0
 76
0
 77
1
 78
12
 79
3
170
0
171
3
172
1
173
0
174
0
175
0
176
0
177
0
178
0
179
2
271
2
272
2
273
2
274
3
275
0
276
0
277
2
278
46
279
2
280
0
281
0
282
0
283
0
284
8
285
0
286
0
288
1
289
3
290
0
340
4C
342
74
371
-2
372
-2
  0
DIMSTYLE
105
7C
330
4
100
AcDbSymbolTableRecord
100
AcDbDimStyleTableRecord
  2
EZ_M_100_H25_CM
 70
0
 40
1.0
 41
0.25
 42
0.125
 43
3.75
 44
0.375
 45
0.0
 46
0.0
 47
0.0
 48
0.0
 49
2.5
140
0.25
141
2.5
142
0.125
143
0.03937007874
144
100.0
145
0.0
146
0.5
147
0.1
148
0.0
 69
0
 70
0
 71
0
 72
0
 73
0
 74
0
 75
0
 76
0
 77
1
 78
12
 79
3
170
0
171
3
172
1
173
0
174
0
175
0
176
0
177
0
178
0
179
2
271
2
272
2
273
2
274
3
275
0
276
0
277
2
278
46
279
2
280
0
281
0
282
0
283
0
284
8
285
0
286
0
288
1
289
3
290
0
340
4C
371
-2
372
-2
  0
DIMSTYLE
105
7D
330
4
100
AcDbSymbolTableRecord
100
AcDbDimStyleTableRecord
  2
EZ_M_50_H25_CM
 70
0
 40
1.0
 41
0.125
 42
0.0625
 43
3.75
 44
0.1875
 45
0.0
 46
0.0
 47
0.0
 48
0.0
 49
2.5
140
0.125
141
2.5
142
0.0625
143
0.03937007874
144
100.0
145
0.0
146
0.5
147
0.05
148
0.0
 69
0
 70
0
 71
0
 72
0
 73
0
 74
0
 75
0
 76
0
 77
1
 78
12
 79
3
170
0
171
3
172
1
173
0
174
0
175
0
176
0
177
0
178
0
179
2
271
2
272
2
273
2
274
3
275
0
276
0
277
2
278
46
279
2
280
0
281
0
282
0
283
0
284
8
285
0
286
0
288
1
289
3
290
0
340
4C
371
-2
372
-2
  0
DIMSTYLE
105
7E
330
4
100
AcDbSymbolTableRecord
100
AcDbDimStyleTableRecord
  2
EZ_M_25_H25_CM
 70
0
 40
1.0
 41
0.0625
 42
0.03125
 43
3.75
 44
0.09375
 45
0.0
 46
0.0
 47
0.0
 48
0.0
 49
2.5
140
0.0625
141
2.5
142
0.03125
143
0.03937007874
144
100.0
145
0.0
146
0.5
147
0.025
148
0.0
 69
0
 70
0
 71
0
 72
0
 73
0
 74
0
 75
0
 76
0
 77
1
 78
12
 79
3
170
0
171
3
172
1
173
0
174
0
175
0
176
0
177
0
178
0
179
2
271
2
272
2
273
2
274
3
275
0
276
0
277
2
278
46
279
2
280
0
281
0
282
0
283
0
284
8
285
0
286
0
288
1
289
3
290
0
340
4C
371
-2
372
-2
  0
DIMSTYLE
105
7F
330
4
100
AcDbSymbolTableRecord
100
AcDbDimStyleTableRecord
  2
EZ_M_20_H25_CM
 70
0
 40
1.0
 41
0.05
 42
0.025
 43
3.75
 44
0.07500000000000001
 45
0.0
 46
0.0
 47
0.0
 48
0.0
 49
2.5
140
0.05
141
2.5
142
0.025
143
0.03937007874
144
100.0
145
0.0
146
0.5
147
0.020000000000000004
148
0.0
 69
0
 70
0
 71
0
 72
0
 73
0
 74
0
 75
0
 76
0
 77
1
 78
12
 79
3
170
0
171
3
172
1
173
0
174
0
175
0
176
0
177
0
178
0
179
2
271
2
272
2
273
2
274
3
275
0
276
0
277
2
278
46
279
2
280
0
281
0
282
0
283
0
284
8
285
0
286
0
288
1
289
3
290
0
340
4C
371
-2
372
-2
  0
DIMSTYLE
105
80
330
4
100
AcDbSymbolTableRecord
100
AcDbDimStyleTableRecord
  2
EZ_M_10_H25_CM
 70
0
 40
1.0
 41
0.025
 42
0.0125
 43
3.75
 44
0.037500000000000006
 45
0.0
 46
0.0
 47
0.0
 48
0.0
 49
2.5
140
0.025
141
2.5
142
0.0125
143
0.03937007874
144
100.0
145
0.0
146
0.5
147
0.010000000000000002
148
0.0
 69
0
 70
0
 71
0
 72
0
 73
0
 74
0
 75
0
 76
0
 77
1
 78
12
 79
3
170
0
171
3
172
1
173
0
174
0
175
0
176
0
177
0
178
0
179
2
271
2
272
2
273
2
274
3
275
0
276
0
277
2
278
46
279
2
280
0
281
0
282
0
283
0
284
8
285
0
286
0
288
1
289
3
290
0
340
4C
371
-2
372
-2
  0
DIMSTYLE
105
81
330
4
100
AcDbSymbolTableRecord
100
AcDbDimStyleTableRecord
  2
EZ_M_5_H25_CM
 70
0
 40
1.0
 41
0.0125
 42
0.00625
 43
3.75
 44
0.018750000000000003
 45
0.0
 46
0.0
 47
0.0
 48
0.0
 49
2.5
140
0.0125
141
2.5
142
0.00625
143
0.03937007874
144
100.0
145
0.0
146
0.5
147
0.005000000000000001
148
0.0
 69
0
 70
0
 71
0
 72
0
 73
0
 74
0
 75
0
 76
0
 77
1
 78
12
 79
3
170
0
171
3
172
1
173
0
174
0
175
0
176
0
177
0
178
0
179
2
271
2
272
2
273
2
274
3
275
0
276
0
277
2
278
46
279
2
280
0
281
0
282
0
283
0
284
8
285
0
286
0
288
1
289
3
290
0
340
4C
371
-2
372
-2
  0
DIMSTYLE
105
82
330
4
100
AcDbSymbolTableRecord
100
AcDbDimStyleTableRecord
  2
EZ_M_1_H25_CM
 70
0
 40
1.0
 41
0.0025
 42
0.00125
 43
3.75
 44
0.00375
 45
0.0
 46
0.0
 47
0.0
 48
0.0
 49
2.5
140
0.0025
141
2.5
142
0.00125
143
0.03937007874
144
100.0
145
0.0
146
0.5
147
0.001
148
0.0
 69
0
 70
0
 71
0
 72
0
 73
0
 74
0
 75
0
 76
0
 77
1
 78
12
 79
3
170
0
171
3
172
1
173
0
174
0
175
0
176
0
177
0
178
0
179
2
271
2
272
2
273
2
274
3
275
0
276
0
277
2
278
46
279
2
280
0
281
0
282
0
283
0
284
8
285
0
286
0
288
1
289
3
290
0
340
4C
371
-2
372
-2
  0
DIMSTYLE
105
83
330
4
100
AcDbSymbolTableRecord
100
AcDbDimStyleTableRecord
  2
EZ_RADIUS
 70
0
 40
1.0
 41
0.25
 42
0.125
 43
3.75
 44
0.375
 45
0.0
 46
0.0
 47
0.0
 48
0.0
 49
2.5
140
0.25
141
0.0
142
0.0
143
0.03937007874
144
100.0
145
0.0
146
0.5
147
0.1
148
0.0
 69
0
 70
0
 71
0
 72
0
 73
0
 74
0
 75
0
 76
0
 77
1
 78
12
 79
3
170
0
171
3
172
0
173
0
174
0
175
0
176
0
177
0
178
0
179
2
271
2
272
2
273
2
274
3
275
0
276
0
277
2
278
46
279
1
280
0
281
0
282
0
283
0
284
8
285
0
286
0
288
1
289
3
290
0
340
4C
342
84
371
-2
372
-2
  0
DIMSTYLE
105
88
330
4
100
AcDbSymbolTableRecord
100
AcDbDimStyleTableRecord
  2
EZ_RADIUS_INSIDE
 70
0
 40
1.0
 41
0.25
 42
0.125
 43
3.75
 44
0.375
 45
0.0
 46
0.0
 47
0.0
 48
0.0
 49
2.5
140
0.25
141
0.0
142
0.0
143
0.03937007874
144
100.0
145
0.0
146
0.5
147
0.1
148
0.0
 69
0
 70
0
 71
0
 72
0
 73
0
 74
0
 75
0
 76
0
 77
0
 78
12
 79
3
170
0
171
3
172
0
173
0
174
1
175
0
176
0
177
0
178
0
179
2
271
2
272
2
273
2
274
3
275
0
276
0
277
2
278
46
279
0
280
0
281
0
282
0
283
0
284
8
285
0
286
0
288
1
289
0
290
0
340
4C
342
84
371
-2
372
-2
  0
DIMSTYLE
105
89
330
4
100
AcDbSymbolTableRecord
100
AcDbDimStyleTableRecord
  2
EZ_CURVED
 70
0
 40
1.0
 41
0.25
 42
0.125
 43
3.75
 44
0.375
 45
0.0
 46
0.0
 47
0.0
 48
0.0
 49
2.5
140
0.25
141
2.5
142
0.0
143
0.03937007874
144
100.0
145
0.0
146
0.5
147
0.1
148
0.0
 69
0
 70
0
 71
0
 72
0
 73
0
 74
0
 75
0
 76
0
 77
1
 78
12
 79
2
 90
2
170
0
171
3
172
1
173
0
174
0
175
0
176
0
177
0
178
0
179
2
271
2
272
2
273
2
274
3
275
0
276
0
277
2
278
46
279
2
280
0
281
0
282
0
283
0
284
8
285
0
286
0
288
1
289
3
290
0
340
4C
371
-2
372
-2
  0
ENDTAB
  0
TABLE
  2
BLOCK_RECORD
  5
9
330
0
100
AcDbSymbolTable
 70
5
  0
BLOCK_RECORD
  5
17
330
9
100
AcDbSymbolTableRecord
100
AcDbBlockTableRecord
  2
*Model_Space
340
1A
 70
0
280
1
281
0
  0
BLOCK_RECORD
  5
1B
330
9
100
AcDbSymbolTableRecord
100
AcDbBlockTableRecord
  2
*Paper_Space
340
1E
 70
0
280
1
281
0
  0
BLOCK_RECORD
  5
74
330
9
100
AcDbSymbolTableRecord
100
AcDbBlockTableRecord
  2
_ARCHTICK
340
0
 70
0
280
1
281
0
  0
BLOCK_RECORD
  5
78
330
9
100
AcDbSymbolTableRecord
100
AcDbBlockTableRecord
  2
_CLOSEDFILLED
340
0
 70
0
280
1
281
0
  0
BLOCK_RECORD
  5
84
330
9
100
AcDbSymbolTableRecord
100
AcDbBlockTableRecord
  2
_CLOSEDBLANK
340
0
 70
0
280
1
281
0
  0
ENDTAB
  0
ENDSEC
  0
SECTION
  2
BLOCKS
  0
BLOCK
  5
18
330
17
100
AcDbEntity
  8
0
100
AcDbBlockBegin
  2
*Model_Space
 70
0
 10
0.0
 20
0.0
 30
0.0
  3
*Model_Space
  1

  0
ENDBLK
  5
19
330
17
100
AcDbEntity
  8
0
100
AcDbBlockEnd
  0
BLOCK
  5
1C
330
1B
100
AcDbEntity
  8
0
100
AcDbBlockBegin
  2
*Paper_Space
 70
0
 10
0.0
 20
0.0
 30
0.0
  3
*Paper_Space
  1

  0
ENDBLK
  5
1D
330
1B
100
AcDbEntity
  8
0
100
AcDbBlockEnd
  0
BLOCK
  5
75
330
74
100
AcDbEntity
  8
0
100
AcDbBlockBegin
  2
_ARCHTICK
 70
0
 10
0.0
 20
0.0
 30
0.0
  3
_ARCHTICK
  1

  0
LWPOLYLINE
  5
77
330
74
100
AcDbEntity
  8
0
  6
BYBLOCK
 62
0
100
AcDbPolyline
 90
2
 70
0
 43
0.15
 10
-0.5
 20
-0.5
 10
0.5
 20
0.5
  0
ENDBLK
  5
76
330
74
100
AcDbEntity
  8
0
100
AcDbBlockEnd
  0
BLOCK
  5
79
330
78
100
AcDbEntity
  8
0
100
AcDbBlockBegin
  2
_CLOSEDFILLED
 70
0
 10
0.0
 20
0.0
 30
0.0
  3
_CLOSEDFILLED
  1

  0
SOLID
  5
7B
330
78
100
AcDbEntity
  8
0
  6
BYBLOCK
 62
0
100
AcDbTrace
 10
-1.0
 20
0.16439898372402537
 30
0.0
 11
0.0
 21
0.0
 31
0.0
 12
-1.0
 22
-0.16439898372402537
 32
0.0
 13
-1.0
 23
-0.16439898372402537
 33
0.0
  0
ENDBLK
  5
7A
330
78
100
AcDbEntity
  8
0
100
AcDbBlockEnd
  0
BLOCK
  5
85
330
84
100
AcDbEntity
  8
0
100
AcDbBlockBegin
  2
_CLOSEDBLANK
 70
0
 10
0.0
 20
0.0
 30
0.0
  3
_CLOSEDBLANK
  1

  0
LWPOLYLINE
  5
87
330
84
100
AcDbEntity
  8
0
  6
BYBLOCK
 62
0
100
AcDbPolyline
 90
3
 70
1
 10
-1.0
 20
0.16439898372402537
 10
0.0
 20
0.0
 10
-1.0
 20
-0.16439898372402537
  0
ENDBLK
  5
86
330
84
100
AcDbEntity
  8
0
100
AcDbBlockEnd
  0
ENDSEC
  0
SECTION
  2
ENTITIES
  0
TEXT
  5
99
330
17
100
AcDbEntity
  8
TEXT
 62
7
100
AcDbText
 10
240.0
 20
2870.0
 30
0.0
 40
22.0
  1
Узел 1а. Примыкание ГКЛ-потолка к стене, спальня/детская +2700
  7
GOST
 11
240.0
 21
2870.0
 31
0.0
100
AcDbText
  0
TEXT
  5
9A
330
17
100
AcDbEntity
  8
TEXT
420
5592405
100
AcDbText
 10
240.0
 20
2838.0
 30
0.0
 40
15.0
  1
М 1:10 (схематично, по details.md)
  7
GOST
 11
240.0
 21
2838.0
 31
0.0
100
AcDbText
  0
HATCH
  5
9B
330
17
100
AcDbEntity
  8
AR-FIN
 62
7
420
10506797
100
AcDbHatch
 10
0.0
 20
0.0
 30
0.0
210
0.0
220
0.0
230
1.0
  2
ANSI31
 70
0
 71
0
 91
1
 92
3
 72
0
 73
1
 93
4
 10
260.0
 20
2500.0
 10
395.0
 20
2500.0
 10
395.0
 20
2690.0
 10
260.0
 20
2690.0
 97
0
 75
1
 76
1
 52
0.0
 41
1.8333333333333333
 77
0
 78
1
 53
45.0
 43
0.0
 44
0.0
 45
-4.1159507222
 46
4.1159507222
 79
0
 98
0
  0
HATCH
  5
9C
330
17
100
AcDbEntity
  8
AR-FIN
 62
7
420
15717060
440
33554559
100
AcDbHatch
 10
0.0
 20
0.0
 30
0.0
210
0.0
220
0.0
230
1.0
  2
SOLID
 70
1
 71
0
 91
1
 92
3
 72
0
 73
1
 93
4
 10
260.0
 20
2500.0
 10
395.0
 20
2500.0
 10
395.0
 20
2690.0
 10
260.0
 20
2690.0
 97
0
 75
1
 76
1
 98
0
  0
LWPOLYLINE
  5
9D
330
17
100
AcDbEntity
  8
AR-FIN
 62
7
370
20
100
AcDbPolyline
 90
4
 70
1
 10
260.0
 20
2500.0
 10
395.0
 20
2500.0
 10
395.0
 20
2690.0
 10
260.0
 20
2690.0
  0
HATCH
  5
9E
330
17
100
AcDbEntity
  8
AR-FIN
 62
7
420
15986662
100
AcDbHatch
 10
0.0
 20
0.0
 30
0.0
210
0.0
220
0.0
230
1.0
  2
SOLID
 70
1
 71
0
 91
1
 92
3
 72
0
 73
1
 93
4
 10
395.0
 20
2500.0
 10
410.0
 20
2500.0
 10
410.0
 20
2690.0
 10
395.0
 20
2690.0
 97
0
 75
1
 76
1
 98
0
  0
LWPOLYLINE
  5
9F
330
17
100
AcDbEntity
  8
AR-FIN
 62
7
370
20
100
AcDbPolyline
 90
4
 70
1
 10
395.0
 20
2500.0
 10
410.0
 20
2500.0
 10
410.0
 20
2690.0
 10
395.0
 20
2690.0
  0
HATCH
  5
A0
330
17
100
AcDbEntity
  8
AR-FIN
 62
7
420
5592405
100
AcDbHatch
 10
0.0
 20
0.0
 30
0.0
210
0.0
220
0.0
230
1.0
  2
ANSI31
 70
0
 71
0
 91
1
 92
3
 72
0
 73
1
 93
4
 10
260.0
 20
2690.0
 10
860.0
 20
2690.0
 10
860.0
 20
2800.0
 10
260.0
 20
2800.0
 97
0
 75
1
 76
1
 52
0.0
 41
2.75
 77
0
 78
1
 53
45.0
 43
0.0
 44
0.0
 45
-6.1739260833
 46
6.1739260833
 79
0
 98
0
  0
HATCH
  5
A1
330
17
100
AcDbEntity
  8
AR-FIN
 62
7
420
14277081
440
33554559
100
AcDbHatch
 10
0.0
 20
0.0
 30
0.0
210
0.0
220
0.0
230
1.0
  2
SOLID
 70
1
 71
0
 91
1
 92
3
 72
0
 73
1
 93
4
 10
260.0
 20
2690.0
 10
860.0
 20
2690.0
 10
860.0
 20
2800.0
 10
260.0
 20
2800.0
 97
0
 75
1
 76
1
 98
0
  0
LWPOLYLINE
  5
A2
330
17
100
AcDbEntity
  8
AR-FIN
 62
7
370
20
100
AcDbPolyline
 90
4
 70
1
 10
260.0
 20
2690.0
 10
860.0
 20
2690.0
 10
860.0
 20
2800.0
 10
260.0
 20
2800.0
  0
HATCH
  5
A3
330
17
100
AcDbEntity
  8
AR-FIN
 62
7
420
8359053
100
AcDbHatch
 10
0.0
 20
0.0
 30
0.0
210
0.0
220
0.0
230
1.0
  2
SOLID
 70
1
 71
0
 91
1
 92
3
 72
0
 73
1
 93
4
 10
410.0
 20
2652.5
 10
438.0
 20
2652.5
 10
438.0
 20
2680.0
 10
410.0
 20
2680.0
 97
0
 75
1
 76
1
 98
0
  0
LWPOLYLINE
  5
A4
330
17
100
AcDbEntity
  8
AR-FIN
 62
7
370
20
100
AcDbPolyline
 90
4
 70
1
 10
410.0
 20
2652.5
 10
438.0
 20
2652.5
 10
438.0
 20
2680.0
 10
410.0
 20
2680.0
  0
HATCH
  5
A5
330
17
100
AcDbEntity
  8
AR-FIN
 62
7
420
8359053
100
AcDbHatch
 10
0.0
 20
0.0
 30
0.0
210
0.0
220
0.0
230
1.0
  2
SOLID
 70
1
 71
0
 91
1
 92
3
 72
0
 73
1
 93
4
 10
438.0
 20
2652.5
 10
860.0
 20
2652.5
 10
860.0
 20
2656.0
 10
438.0
 20
2656.0
 97
0
 75
1
 76
1
 98
0
  0
LWPOLYLINE
  5
A6
330
17
100
AcDbEntity
  8
AR-FIN
 62
7
370
20
100
AcDbPolyline
 90
4
 70
1
 10
438.0
 20
2652.5
 10
860.0
 20
2652.5
 10
860.0
 20
2656.0
 10
438.0
 20
2656.0
  0
HATCH
  5
A7
330
17
100
AcDbEntity
  8
AR-FIN
 62
7
420
8359053
100
AcDbHatch
 10
0.0
 20
0.0
 30
0.0
210
0.0
220
0.0
230
1.0
  2
SOLID
 70
1
 71
0
 91
1
 92
3
 72
0
 73
1
 93
4
 10
710.0
 20
2656.0
 10
716.0
 20
2656.0
 10
716.0
 20
2690.0
 10
710.0
 20
2690.0
 97
0
 75
1
 76
1
 98
0
  0
LWPOLYLINE
  5
A8
330
17
100
AcDbEntity
  8
AR-FIN
 62
7
370
20
100
AcDbPolyline
 90
4
 70
1
 10
710.0
 20
2656.0
 10
716.0
 20
2656.0
 10
716.0
 20
2690.0
 10
710.0
 20
2690.0
  0
CIRCLE
  5
A9
330
17
100
AcDbEntity
  8
AR-FIN
 62
7
370
20
100
AcDbCircle
 10
580.0
 20
2671.0
 30
0.0
 40
10.0
  0
HATCH
  5
AA
330
17
100
AcDbEntity
  8
AR-FIN
 62
7
420
11184810
100
AcDbHatch
 10
0.0
 20
0.0
 30
0.0
210
0.0
220
0.0
230
1.0
  2
ANSI31
 70
0
 71
0
 91
1
 92
3
 72
0
 73
1
 93
4
 10
410.0
 20
2640.0
 10
860.0
 20
2640.0
 10
860.0
 20
2652.5
 10
410.0
 20
2652.5
 97
0
 75
1
 76
1
 52
90.0
 41
2.75
 77
0
 78
1
 53
135.0
 43
0.0
 44
0.0
 45
-6.1739260833
 46
-6.1739260833
 79
0
 98
0
  0
LWPOLYLINE
  5
AB
330
17
100
AcDbEntity
  8
AR-FIN
 62
7
370
20
100
AcDbPolyline
 90
4
 70
1
 10
410.0
 20
2640.0
 10
860.0
 20
2640.0
 10
860.0
 20
2652.5
 10
410.0
 20
2652.5
  0
HATCH
  5
AC
330
17
100
AcDbEntity
  8
AR-FIN
 62
7
420
16249315
100
AcDbHatch
 10
0.0
 20
0.0
 30
0.0
210
0.0
220
0.0
230
1.0
  2
SOLID
 70
1
 71
0
 91
1
 92
3
 72
0
 73
1
 93
5
 10
410.0
 20
2570.0
 10
410.0
 20
2640.0
 10
490.0
 20
2640.0
 10
490.0
 20
2630.0
 10
425.0
 20
2580.0
 97
0
 75
1
 76
1
 98
0
  0
LWPOLYLINE
  5
AD
330
17
100
AcDbEntity
  8
AR-FIN
 62
7
370
20
100
AcDbPolyline
 90
5
 70
1
 10
410.0
 20
2570.0
 10
410.0
 20
2640.0
 10
490.0
 20
2640.0
 10
490.0
 20
2630.0
 10
425.0
 20
2580.0
  0
HATCH
  5
AE
330
17
100
AcDbEntity
  8
DIM
 62
7
420
16777215
100
AcDbHatch
 10
0.0
 20
0.0
 30
0.0
210
0.0
220
0.0
230
1.0
  2
SOLID
 70
1
 71
0
 91
1
 92
3
 72
0
 73
1
 93
3
 10
790.0
 20
2640.0
 10
778.0
 20
2656.0
 10
802.0
 20
2656.0
 97
0
 75
1
 76
1
 98
0
  0
LWPOLYLINE
  5
AF
330
17
100
AcDbEntity
  8
DIM
 62
7
370
20
100
AcDbPolyline
 90
3
 70
1
 10
790.0
 20
2640.0
 10
778.0
 20
2656.0
 10
802.0
 20
2656.0
  0
LWPOLYLINE
  5
B0
330
17
100
AcDbEntity
  8
DIM
 62
7
370
20
100
AcDbPolyline
 90
2
 70
0
 10
790.0
 20
2656.0
 10
860.0
 20
2656.0
  0
TEXT
  5
B1
330
17
100
AcDbEntity
  8
DIM
 62
7
100
AcDbText
 10
796.0
 20
2661.0
 30
0.0
 40
15.0
  1
+2,700
  7
GOST
 11
796.0
 21
2661.0
 31
0.0
100
AcDbText
  0
HATCH
  5
B2
330
17
100
AcDbEntity
  8
DIM
 62
7
420
16777215
100
AcDbHatch
 10
0.0
 20
0.0
 30
0.0
210
0.0
220
0.0
230
1.0
  2
SOLID
 70
1
 71
0
 91
1
 92
3
 72
0
 73
1
 93
3
 10
790.0
 20
2690.0
 10
778.0
 20
2706.0
 10
802.0
 20
2706.0
 97
0
 75
1
 76
1
 98
0
  0
LWPOLYLINE
  5
B3
330
17
100
AcDbEntity
  8
DIM
 62
7
370
20
100
AcDbPolyline
 90
3
 70
1
 10
790.0
 20
2690.0
 10
778.0
 20
2706.0
 10
802.0
 20
2706.0
  0
LWPOLYLINE
  5
B4
330
17
100
AcDbEntity
  8
DIM
 62
7
370
20
100
AcDbPolyline
 90
2
 70
0
 10
790.0
 20
2706.0
 10
860.0
 20
2706.0
  0
TEXT
  5
B5
330
17
100
AcDbEntity
  8
DIM
 62
7
100
AcDbText
 10
796.0
 20
2711.0
 30
0.0
 40
15.0
  1
+2,750
  7
GOST
 11
796.0
 21
2711.0
 31
0.0
100
AcDbText
  0
LWPOLYLINE
  5
B6
330
17
100
AcDbEntity
  8
AR-FIN
  6
DASHDOT
370
13
 48
30.0
420
10066329
100
AcDbPolyline
 90
4
 70
1
 10
260.0
 20
2500.0
 10
860.0
 20
2500.0
 10
860.0
 20
2800.0
 10
260.0
 20
2800.0
  0
TEXT
  5
B7
330
17
100
AcDbEntity
  8
TEXT
420
1710618
100
AcDbText
 10
238.5693158436214
 20
2587.5
 30
0.0
 40
15.0
  1
1
  7
GOST
 11
238.5693158436214
 21
2587.5
 31
0.0
100
AcDbText
  0
LWPOLYLINE
  5
B8
330
17
100
AcDbEntity
  8
TEXT
370
15
420
3355443
100
AcDbPolyline
 90
2
 70
0
 10
327.5
 20
2595.0
 10
255.5
 20
2595.0
  0
HATCH
  5
B9
330
17
100
AcDbEntity
  8
TEXT
 62
7
420
3355443
100
AcDbHatch
 10
0.0
 20
0.0
 30
0.0
210
0.0
220
0.0
230
1.0
  2
SOLID
 70
1
 71
0
 91
1
 92
1
 93
1
 72
2
 10
327.5
 20
2595.0
 40
2.5
 50
0
 51
360
 73
1
 97
0
 75
1
 76
1
 98
0
  0
CIRCLE
  5
BA
330
17
100
AcDbEntity
  8
TEXT
370
13
420
3355443
100
AcDbCircle
 10
327.5
 20
2595.0
 30
0.0
 40
2.5
  0
TEXT
  5
BB
330
17
100
AcDbEntity
  8
TEXT
420
1710618
100
AcDbText
 10
553.2211291152263
 20
2820.0
 30
0.0
 40
15.0
  1
2
  7
GOST
 11
553.2211291152263
 21
2820.0
 31
0.0
100
AcDbText
  0
LWPOLYLINE
  5
BC
330
17
100
AcDbEntity
  8
TEXT
370
15
420
3355443
100
AcDbPolyline
 90
2
 70
0
 10
560.0
 20
2745.0
 10
560.0
 20
2817.0
  0
HATCH
  5
BD
330
17
100
AcDbEntity
  8
TEXT
 62
7
420
3355443
100
AcDbHatch
 10
0.0
 20
0.0
 30
0.0
210
0.0
220
0.0
230
1.0
  2
SOLID
 70
1
 71
0
 91
1
 92
1
 93
1
 72
2
 10
560.0
 20
2745.0
 40
2.5
 50
0
 51
360
 73
1
 97
0
 75
1
 76
1
 98
0
  0
CIRCLE
  5
BE
330
17
100
AcDbEntity
  8
TEXT
370
13
420
3355443
100
AcDbCircle
 10
560.0
 20
2745.0
 30
0.0
 40
2.5
  0
TEXT
  5
BF
330
17
100
AcDbEntity
  8
TEXT
420
1710618
100
AcDbText
 10
454.00000000000006
 20
2696.25
 30
0.0
 40
15.0
  1
3
  7
GOST
 11
454.00000000000006
 21
2696.25
 31
0.0
100
AcDbText
  0
LWPOLYLINE
  5
C0
330
17
100
AcDbEntity
  8
TEXT
370
15
420
3355443
100
AcDbPolyline
 90
2
 70
0
 10
424.00000000000006
 20
2666.25
 10
454.00000000000006
 20
2696.25
  0
TEXT
  5
C1
330
17
100
AcDbEntity
  8
TEXT
420
1710618
100
AcDbText
 10
679.0
 20
2684.25
 30
0.0
 40
15.0
  1
4
  7
GOST
 11
679.0
 21
2684.25
 31
0.0
100
AcDbText
  0
LWPOLYLINE
  5
C2
330
17
100
AcDbEntity
  8
TEXT
370
15
420
3355443
100
AcDbPolyline
 90
2
 70
0
 10
649.0
 20
2654.25
 10
679.0
 20
2684.25
  0
TEXT
  5
C3
330
17
100
AcDbEntity
  8
TEXT
420
1710618
100
AcDbText
 10
743.0000000000001
 20
2703.0
 30
0.0
 40
15.0
  1
5
  7
GOST
 11
743.0000000000001
 21
2703.0
 31
0.0
100
AcDbText
  0
LWPOLYLINE
  5
C4
330
17
100
AcDbEntity
  8
TEXT
370
15
420
3355443
100
AcDbPolyline
 90
2
 70
0
 10
713.0000000000001
 20
2673.0
 10
743.0000000000001
 20
2703.0
  0
TEXT
  5
C5
330
17
100
AcDbEntity
  8
TEXT
420
1710618
100
AcDbText
 10
610.0
 20
2701.0
 30
0.0
 40
15.0
  1
6
  7
GOST
 11
610.0
 21
2701.0
 31
0.0
100
AcDbText
  0
LWPOLYLINE
  5
C6
330
17
100
AcDbEntity
  8
TEXT
370
15
420
3355443
100
AcDbPolyline
 90
2
 70
0
 10
580.0
 20
2671.0
 10
610.0
 20
2701.0
  0
TEXT
  5
C7
330
17
100
AcDbEntity
  8
TEXT
420
1710618
100
AcDbText
 10
665.0
 20
2676.25
 30
0.0
 40
15.0
  1
7
  7
GOST
 11
665.0
 21
2676.25
 31
0.0
100
AcDbText
  0
LWPOLYLINE
  5
C8
330
17
100
AcDbEntity
  8
TEXT
370
15
420
3355443
100
AcDbPolyline
 90
2
 70
0
 10
635.0
 20
2646.25
 10
665.0
 20
2676.25
  0
TEXT
  5
C9
330
17
100
AcDbEntity
  8
TEXT
420
1710618
100
AcDbText
 10
437.96553497942386
 20
2467.0
 30
0.0
 40
15.0
  1
8
  7
GOST
 11
437.96553497942386
 21
2467.0
 31
0.0
100
AcDbText
  0
LWPOLYLINE
  5
CA
330
17
100
AcDbEntity
  8
TEXT
370
15
420
3355443
100
AcDbPolyline
 90
2
 70
0
 10
445.0
 20
2612.0
 10
445.0
 20
2485.0
  0
HATCH
  5
CB
330
17
100
AcDbEntity
  8
TEXT
 62
7
420
3355443
100
AcDbHatch
 10
0.0
 20
0.0
 30
0.0
210
0.0
220
0.0
230
1.0
  2
SOLID
 70
1
 71
0
 91
1
 92
1
 93
1
 72
2
 10
445.0
 20
2612.0
 40
2.5
 50
0
 51
360
 73
1
 97
0
 75
1
 76
1
 98
0
  0
CIRCLE
  5
CC
330
17
100
AcDbEntity
  8
TEXT
370
13
420
3355443
100
AcDbCircle
 10
445.0
 20
2612.0
 30
0.0
 40
2.5
  0
TEXT
  5
CD
330
17
100
AcDbEntity
  8
TEXT
 62
7
100
AcDbText
 10
900.0
 20
2786.5
 30
0.0
 40
13.5
  1
1.
  7
GOST
 11
900.0
 21
2786.5
 31
0.0
100
AcDbText
  0
TEXT
  5
CE
330
17
100
AcDbEntity
  8
TEXT
 62
7
100
AcDbText
 10
945.0
 20
2786.5
 30
0.0
 40
13.5
  1
Стена (кладка/ж/б) + штукатурка
  7
GOST
 11
945.0
 21
2786.5
 31
0.0
100
AcDbText
  0
TEXT
  5
CF
330
17
100
AcDbEntity
  8
TEXT
 62
7
100
AcDbText
 10
900.0
 20
2760.9249999999997
 30
0.0
 40
13.5
  1
2.
  7
GOST
 11
900.0
 21
2760.9249999999997
 31
0.0
100
AcDbText
  0
TEXT
  5
D0
330
17
100
AcDbEntity
  8
TEXT
 62
7
100
AcDbText
 10
945.0
 20
2760.9249999999997
 30
0.0
 40
13.5
  1
Плита перекрытия, низ +2750
  7
GOST
 11
945.0
 21
2760.9249999999997
 31
0.0
100
AcDbText
  0
TEXT
  5
D1
330
17
100
AcDbEntity
  8
TEXT
 62
7
100
AcDbText
 10
900.0
 20
2735.3499999999995
 30
0.0
 40
13.5
  1
3.
  7
GOST
 11
900.0
 21
2735.3499999999995
 31
0.0
100
AcDbText
  0
TEXT
  5
D2
330
17
100
AcDbEntity
  8
TEXT
 62
7
100
AcDbText
 10
945.0
 20
2735.3499999999995
 30
0.0
 40
13.5
  1
ПН 28/27 по демпферной ленте, дюбели в стену шаг 400
  7
GOST
 11
945.0
 21
2735.3499999999995
 31
0.0
100
AcDbText
  0
TEXT
  5
D3
330
17
100
AcDbEntity
  8
TEXT
 62
7
100
AcDbText
 10
900.0
 20
2709.7749999999996
 30
0.0
 40
13.5
  1
4.
  7
GOST
 11
900.0
 21
2709.7749999999996
 31
0.0
100
AcDbText
  0
TEXT
  5
D4
330
17
100
AcDbEntity
  8
TEXT
 62
7
100
AcDbText
 10
945.0
 20
2709.7749999999996
 30
0.0
 40
13.5
  1
ПП 60/27, низ +2712,5
  7
GOST
 11
945.0
 21
2709.7749999999996
 31
0.0
100
AcDbText
  0
TEXT
  5
D5
330
17
100
AcDbEntity
  8
TEXT
 62
7
100
AcDbText
 10
900.0
 20
2684.2
 30
0.0
 40
13.5
  1
5.
  7
GOST
 11
900.0
 21
2684.2
 31
0.0
100
AcDbText
  0
TEXT
  5
D6
330
17
100
AcDbEntity
  8
TEXT
 62
7
100
AcDbText
 10
945.0
 20
2684.2
 30
0.0
 40
13.5
  1
Прямой подвес, шаг 600
  7
GOST
 11
945.0
 21
2684.2
 31
0.0
100
AcDbText
  0
TEXT
  5
D7
330
17
100
AcDbEntity
  8
TEXT
 62
7
100
AcDbText
 10
900.0
 20
2658.6249999999995
 30
0.0
 40
13.5
  1
6.
  7
GOST
 11
900.0
 21
2658.6249999999995
 31
0.0
100
AcDbText
  0
TEXT
  5
D8
330
17
100
AcDbEntity
  8
TEXT
 62
7
100
AcDbText
 10
945.0
 20
2658.6249999999995
 30
0.0
 40
13.5
  1
Гофра нг ≤ Ø20 в зазоре 37,5 (D15)
  7
GOST
 11
945.0
 21
2658.6249999999995
 31
0.0
100
AcDbText
  0
TEXT
  5
D9
330
17
100
AcDbEntity
  8
TEXT
 62
7
100
AcDbText
 10
900.0
 20
2633.0499999999993
 30
0.0
 40
13.5
  1
7.
  7
GOST
 11
900.0
 21
2633.0499999999993
 31
0.0
100
AcDbText
  0
TEXT
  5
DA
330
17
100
AcDbEntity
  8
TEXT
 62
7
100
AcDbText
 10
945.0
 20
2633.0499999999993
 30
0.0
 40
13.5
  1
ГКЛ (ГСП-А) 12,5, низ +2700; серпянка, шпаклёвка, окраска C1
  7
GOST
 11
945.0
 21
2633.0499999999993
 31
0.0
100
AcDbText
  0
TEXT
  5
DB
330
17
100
AcDbEntity
  8
TEXT
 62
7
100
AcDbText
 10
900.0
 20
2607.4749999999995
 30
0.0
 40
13.5
  1
8.
  7
GOST
 11
900.0
 21
2607.4749999999995
 31
0.0
100
AcDbText
  0
TEXT
  5
DC
330
17
100
AcDbEntity
  8
TEXT
 62
7
100
AcDbText
 10
945.0
 20
2607.4749999999995
 30
0.0
 40
13.5
  1
Карниз M04 80×70: клей только к стене, к потолку — акриловый
  7
GOST
 11
945.0
 21
2607.4749999999995
 31
0.0
100
AcDbText
  0
TEXT
  5
DD
330
17
100
AcDbEntity
  8
TEXT
 62
7
100
AcDbText
 10
945.0
 20
2587.8999999999996
 30
0.0
 40
13.5
  1
герметик 3 мм
  7
GOST
 11
945.0
 21
2587.8999999999996
 31
0.0
100
AcDbText
  0
TEXT
  5
DE
330
17
100
AcDbEntity
  8
TEXT
 62
7
100
AcDbText
 10
1680.0
 20
2870.0
 30
0.0
 40
22.0
  1
Узел 1б. Потолок кухни, прихожей, коридора +2650 (пленум 100), спот
  7
GOST
 11
1680.0
 21
2870.0
 31
0.0
100
AcDbText
  0
TEXT
  5
DF
330
17
100
AcDbEntity
  8
TEXT
420
5592405
100
AcDbText
 10
1680.0
 20
2838.0
 30
0.0
 40
15.0
  1
М 1:10 (схематично, по details.md)
  7
GOST
 11
1680.0
 21
2838.0
 31
0.0
100
AcDbText
  0
HATCH
  5
E0
330
17
100
AcDbEntity
  8
AR-FIN
 62
7
420
10506797
100
AcDbHatch
 10
0.0
 20
0.0
 30
0.0
210
0.0
220
0.0
230
1.0
  2
ANSI31
 70
0
 71
0
 91
1
 92
3
 72
0
 73
1
 93
4
 10
1700.0
 20
2500.0
 10
1835.0
 20
2500.0
 10
1835.0
 20
2690.0
 10
1700.0
 20
2690.0
 97
0
 75
1
 76
1
 52
0.0
 41
1.8333333333333333
 77
0
 78
1
 53
45.0
 43
0.0
 44
0.0
 45
-4.1159507222
 46
4.1159507222
 79
0
 98
0
  0
HATCH
  5
E1
330
17
100
AcDbEntity
  8
AR-FIN
 62
7
420
15717060
440
33554559
100
AcDbHatch
 10
0.0
 20
0.0
 30
0.0
210
0.0
220
0.0
230
1.0
  2
SOLID
 70
1
 71
0
 91
1
 92
3
 72
0
 73
1
 93
4
 10
1700.0
 20
2500.0
 10
1835.0
 20
2500.0
 10
1835.0
 20
2690.0
 10
1700.0
 20
2690.0
 97
0
 75
1
 76
1
 98
0
  0
LWPOLYLINE
  5
E2
330
17
100
AcDbEntity
  8
AR-FIN
 62
7
370
20
100
AcDbPolyline
 90
4
 70
1
 10
1700.0
 20
2500.0
 10
1835.0
 20
2500.0
 10
1835.0
 20
2690.0
 10
1700.0
 20
2690.0
  0
HATCH
  5
E3
330
17
100
AcDbEntity
  8
AR-FIN
 62
7
420
15986662
100
AcDbHatch
 10
0.0
 20
0.0
 30
0.0
210
0.0
220
0.0
230
1.0
  2
SOLID
 70
1
 71
0
 91
1
 92
3
 72
0
 73
1
 93
4
 10
1835.0
 20
2500.0
 10
1850.0
 20
2500.0
 10
1850.0
 20
2690.0
 10
1835.0
 20
2690.0
 97
0
 75
1
 76
1
 98
0
  0
LWPOLYLINE
  5
E4
330
17
100
AcDbEntity
  8
AR-FIN
 62
7
370
20
100
AcDbPolyline
 90
4
 70
1
 10
1835.0
 20
2500.0
 10
1850.0
 20
2500.0
 10
1850.0
 20
2690.0
 10
1835.0
 20
2690.0
  0
HATCH
  5
E5
330
17
100
AcDbEntity
  8
AR-FIN
 62
7
420
5592405
100
AcDbHatch
 10
0.0
 20
0.0
 30
0.0
210
0.0
220
0.0
230
1.0
  2
ANSI31
 70
0
 71
0
 91
1
 92
3
 72
0
 73
1
 93
4
 10
1700.0
 20
2690.0
 10
2300.0
 20
2690.0
 10
2300.0
 20
2800.0
 10
1700.0
 20
2800.0
 97
0
 75
1
 76
1
 52
0.0
 41
2.75
 77
0
 78
1
 53
45.0
 43
0.0
 44
0.0
 45
-6.1739260833
 46
6.1739260833
 79
0
 98
0
  0
HATCH
  5
E6
330
17
100
AcDbEntity
  8
AR-FIN
 62
7
420
14277081
440
33554559
100
AcDbHatch
 10
0.0
 20
0.0
 30
0.0
210
0.0
220
0.0
230
1.0
  2
SOLID
 70
1
 71
0
 91
1
 92
3
 72
0
 73
1
 93
4
 10
1700.0
 20
2690.0
 10
2300.0
 20
2690.0
 10
2300.0
 20
2800.0
 10
1700.0
 20
2800.0
 97
0
 75
1
 76
1
 98
0
  0
LWPOLYLINE
  5
E7
330
17
100
AcDbEntity
  8
AR-FIN
 62
7
370
20
100
AcDbPolyline
 90
4
 70
1
 10
1700.0
 20
2690.0
 10
2300.0
 20
2690.0
 10
2300.0
 20
2800.0
 10
1700.0
 20
2800.0
  0
HATCH
  5
E8
330
17
100
AcDbEntity
  8
AR-FIN
 62
7
420
8359053
100
AcDbHatch
 10
0.0
 20
0.0
 30
0.0
210
0.0
220
0.0
230
1.0
  2
SOLID
 70
1
 71
0
 91
1
 92
3
 72
0
 73
1
 93
4
 10
1850.0
 20
2602.5
 10
1878.0
 20
2602.5
 10
1878.0
 20
2630.0
 10
1850.0
 20
2630.0
 97
0
 75
1
 76
1
 98
0
  0
LWPOLYLINE
  5
E9
330
17
100
AcDbEntity
  8
AR-FIN
 62
7
370
20
100
AcDbPolyline
 90
4
 70
1
 10
1850.0
 20
2602.5
 10
1878.0
 20
2602.5
 10
1878.0
 20
2630.0
 10
1850.0
 20
2630.0
  0
HATCH
  5
EA
330
17
100
AcDbEntity
  8
AR-FIN
 62
7
420
8359053
100
AcDbHatch
 10
0.0
 20
0.0
 30
0.0
210
0.0
220
0.0
230
1.0
  2
SOLID
 70
1
 71
0
 91
1
 92
3
 72
0
 73
1
 93
4
 10
1878.0
 20
2602.5
 10
2300.0
 20
2602.5
 10
2300.0
 20
2606.0
 10
1878.0
 20
2606.0
 97
0
 75
1
 76
1
 98
0
  0
LWPOLYLINE
  5
EB
330
17
100
AcDbEntity
  8
AR-FIN
 62
7
370
20
100
AcDbPolyline
 90
4
 70
1
 10
1878.0
 20
2602.5
 10
2300.0
 20
2602.5
 10
2300.0
 20
2606.0
 10
1878.0
 20
2606.0
  0
HATCH
  5
EC
330
17
100
AcDbEntity
  8
AR-FIN
 62
7
420
8359053
100
AcDbHatch
 10
0.0
 20
0.0
 30
0.0
210
0.0
220
0.0
230
1.0
  2
SOLID
 70
1
 71
0
 91
1
 92
3
 72
0
 73
1
 93
4
 10
2230.0
 20
2606.0
 10
2236.0
 20
2606.0
 10
2236.0
 20
2690.0
 10
2230.0
 20
2690.0
 97
0
 75
1
 76
1
 98
0
  0
LWPOLYLINE
  5
ED
330
17
100
AcDbEntity
  8
AR-FIN
 62
7
370
20
100
AcDbPolyline
 90
4
 70
1
 10
2230.0
 20
2606.0
 10
2236.0
 20
2606.0
 10
2236.0
 20
2690.0
 10
2230.0
 20
2690.0
  0
HATCH
  5
EE
330
17
100
AcDbEntity
  8
AR-FIN
 62
7
420
11184810
100
AcDbHatch
 10
0.0
 20
0.0
 30
0.0
210
0.0
220
0.0
230
1.0
  2
ANSI31
 70
0
 71
0
 91
1
 92
3
 72
0
 73
1
 93
4
 10
1850.0
 20
2590.0
 10
2300.0
 20
2590.0
 10
2300.0
 20
2602.5
 10
1850.0
 20
2602.5
 97
0
 75
1
 76
1
 52
90.0
 41
2.75
 77
0
 78
1
 53
135.0
 43
0.0
 44
0.0
 45
-6.1739260833
 46
-6.1739260833
 79
0
 98
0
  0
LWPOLYLINE
  5
EF
330
17
100
AcDbEntity
  8
AR-FIN
 62
7
370
20
100
AcDbPolyline
 90
4
 70
1
 10
1850.0
 20
2590.0
 10
2300.0
 20
2590.0
 10
2300.0
 20
2602.5
 10
1850.0
 20
2602.5
  0
HATCH
  5
F0
330
17
100
AcDbEntity
  8
AR-FIN
 62
7
420
8359053
100
AcDbHatch
 10
0.0
 20
0.0
 30
0.0
210
0.0
220
0.0
230
1.0
  2
SOLID
 70
1
 71
0
 91
1
 92
3
 72
0
 73
1
 93
4
 10
2050.0
 20
2590.0
 10
2120.0
 20
2590.0
 10
2120.0
 20
2670.0
 10
2050.0
 20
2670.0
 97
0
 75
1
 76
1
 98
0
  0
LWPOLYLINE
  5
F1
330
17
100
AcDbEntity
  8
AR-FIN
 62
7
370
20
100
AcDbPolyline
 90
4
 70
1
 10
2050.0
 20
2590.0
 10
2120.0
 20
2590.0
 10
2120.0
 20
2670.0
 10
2050.0
 20
2670.0
  0
HATCH
  5
F2
330
17
100
AcDbEntity
  8
AR-FIN
 62
7
420
16249315
100
AcDbHatch
 10
0.0
 20
0.0
 30
0.0
210
0.0
220
0.0
230
1.0
  2
SOLID
 70
1
 71
0
 91
1
 92
3
 72
0
 73
1
 93
5
 10
1850.0
 20
2520.0
 10
1850.0
 20
2590.0
 10
1930.0
 20
2590.0
 10
1930.0
 20
2580.0
 10
1865.0
 20
2530.0
 97
0
 75
1
 76
1
 98
0
  0
LWPOLYLINE
  5
F3
330
17
100
AcDbEntity
  8
AR-FIN
 62
7
370
20
100
AcDbPolyline
 90
5
 70
1
 10
1850.0
 20
2520.0
 10
1850.0
 20
2590.0
 10
1930.0
 20
2590.0
 10
1930.0
 20
2580.0
 10
1865.0
 20
2530.0
  0
HATCH
  5
F4
330
17
100
AcDbEntity
  8
DIM
 62
7
420
16777215
100
AcDbHatch
 10
0.0
 20
0.0
 30
0.0
210
0.0
220
0.0
230
1.0
  2
SOLID
 70
1
 71
0
 91
1
 92
3
 72
0
 73
1
 93
3
 10
2180.0
 20
2590.0
 10
2168.0
 20
2606.0
 10
2192.0
 20
2606.0
 97
0
 75
1
 76
1
 98
0
  0
LWPOLYLINE
  5
F5
330
17
100
AcDbEntity
  8
DIM
 62
7
370
20
100
AcDbPolyline
 90
3
 70
1
 10
2180.0
 20
2590.0
 10
2168.0
 20
2606.0
 10
2192.0
 20
2606.0
  0
LWPOLYLINE
  5
F6
330
17
100
AcDbEntity
  8
DIM
 62
7
370
20
100
AcDbPolyline
 90
2
 70
0
 10
2180.0
 20
2606.0
 10
2270.0
 20
2606.0
  0
TEXT
  5
F7
330
17
100
AcDbEntity
  8
DIM
 62
7
100
AcDbText
 10
2186.0
 20
2611.0
 30
0.0
 40
15.0
  1
+2,650
  7
GOST
 11
2186.0
 21
2611.0
 31
0.0
100
AcDbText
  0
LWPOLYLINE
  5
F8
330
17
100
AcDbEntity
  8
AR-FIN
  6
DASHDOT
370
13
 48
30.0
420
10066329
100
AcDbPolyline
 90
4
 70
1
 10
1700.0
 20
2500.0
 10
2300.0
 20
2500.0
 10
2300.0
 20
2800.0
 10
1700.0
 20
2800.0
  0
TEXT
  5
F9
330
17
100
AcDbEntity
  8
TEXT
420
1710618
100
AcDbText
 10
1678.5693158436216
 20
2587.5
 30
0.0
 40
15.0
  1
1
  7
GOST
 11
1678.5693158436216
 21
2587.5
 31
0.0
100
AcDbText
  0
LWPOLYLINE
  5
FA
330
17
100
AcDbEntity
  8
TEXT
370
15
420
3355443
100
AcDbPolyline
 90
2
 70
0
 10
1767.5
 20
2595.0
 10
1695.5
 20
2595.0
  0
HATCH
  5
FB
330
17
100
AcDbEntity
  8
TEXT
 62
7
420
3355443
100
AcDbHatch
 10
0.0
 20
0.0
 30
0.0
210
0.0
220
0.0
230
1.0
  2
SOLID
 70
1
 71
0
 91
1
 92
1
 93
1
 72
2
 10
1767.5
 20
2595.0
 40
2.5
 50
0
 51
360
 73
1
 97
0
 75
1
 76
1
 98
0
  0
CIRCLE
  5
FC
330
17
100
AcDbEntity
  8
TEXT
370
13
420
3355443
100
AcDbCircle
 10
1767.5
 20
2595.0
 30
0.0
 40
2.5
  0
TEXT
  5
FD
330
17
100
AcDbEntity
  8
TEXT
420
1710618
100
AcDbText
 10
1993.2211291152262
 20
2820.0
 30
0.0
 40
15.0
  1
2
  7
GOST
 11
1993.2211291152262
 21
2820.0
 31
0.0
100
AcDbText
  0
LWPOLYLINE
  5
FE
330
17
100
AcDbEntity
  8
TEXT
370
15
420
3355443
100
AcDbPolyline
 90
2
 70
0
 10
2000.0
 20
2745.0
 10
2000.0
 20
2817.0
  0
HATCH
  5
FF
330
17
100
AcDbEntity
  8
TEXT
 62
7
420
3355443
100
AcDbHatch
 10
0.0
 20
0.0
 30
0.0
210
0.0
220
0.0
230
1.0
  2
SOLID
 70
1
 71
0
 91
1
 92
1
 93
1
 72
2
 10
2000.0
 20
2745.0
 40
2.5
 50
0
 51
360
 73
1
 97
0
 75
1
 76
1
 98
0
  0
CIRCLE
  5
100
330
17
100
AcDbEntity
  8
TEXT
370
13
420
3355443
100
AcDbCircle
 10
2000.0
 20
2745.0
 30
0.0
 40
2.5
  0
TEXT
  5
101
330
17
100
AcDbEntity
  8
TEXT
420
1710618
100
AcDbText
 10
1857.1455761316872
 20
2471.25
 30
0.0
 40
15.0
  1
3
  7
GOST
 11
1857.1455761316872
 21
2471.25
 31
0.0
100
AcDbText
  0
LWPOLYLINE
  5
102
330
17
100
AcDbEntity
  8
TEXT
370
15
420
3355443
100
AcDbPolyline
 90
2
 70
0
 10
1864.0
 20
2616.25
 10
1864.0
 20
2489.25
  0
HATCH
  5
103
330
17
100
AcDbEntity
  8
TEXT
 62
7
420
3355443
100
AcDbHatch
 10
0.0
 20
0.0
 30
0.0
210
0.0
220
0.0
230
1.0
  2
SOLID
 70
1
 71
0
 91
1
 92
1
 93
1
 72
2
 10
1864.0
 20
2616.25
 40
2.5
 50
0
 51
360
 73
1
 97
0
 75
1
 76
1
 98
0
  0
CIRCLE
  5
104
330
17
100
AcDbEntity
  8
TEXT
370
13
420
3355443
100
AcDbCircle
 10
1864.0
 20
2616.25
 30
0.0
 40
2.5
  0
TEXT
  5
105
330
17
100
AcDbEntity
  8
TEXT
420
1710618
100
AcDbText
 10
2081.7999614197533
 20
2459.25
 30
0.0
 40
15.0
  1
4
  7
GOST
 11
2081.7999614197533
 21
2459.25
 31
0.0
100
AcDbText
  0
LWPOLYLINE
  5
106
330
17
100
AcDbEntity
  8
TEXT
370
15
420
3355443
100
AcDbPolyline
 90
2
 70
0
 10
2089.0
 20
2604.25
 10
2089.0
 20
2477.25
  0
HATCH
  5
107
330
17
100
AcDbEntity
  8
TEXT
 62
7
420
3355443
100
AcDbHatch
 10
0.0
 20
0.0
 30
0.0
210
0.0
220
0.0
230
1.0
  2
SOLID
 70
1
 71
0
 91
1
 92
1
 93
1
 72
2
 10
2089.0
 20
2604.25
 40
2.5
 50
0
 51
360
 73
1
 97
0
 75
1
 76
1
 98
0
  0
CIRCLE
  5
108
330
17
100
AcDbEntity
  8
TEXT
370
13
420
3355443
100
AcDbCircle
 10
2089.0
 20
2604.25
 30
0.0
 40
2.5
  0
TEXT
  5
109
330
17
100
AcDbEntity
  8
TEXT
420
1710618
100
AcDbText
 10
2308.0
 20
2640.5
 30
0.0
 40
15.0
  1
5
  7
GOST
 11
2308.0
 21
2640.5
 31
0.0
100
AcDbText
  0
LWPOLYLINE
  5
10A
330
17
100
AcDbEntity
  8
TEXT
370
15
420
3355443
100
AcDbPolyline
 90
2
 70
0
 10
2233.0
 20
2648.0
 10
2305.0
 20
2648.0
  0
HATCH
  5
10B
330
17
100
AcDbEntity
  8
TEXT
 62
7
420
3355443
100
AcDbHatch
 10
0.0
 20
0.0
 30
0.0
210
0.0
220
0.0
230
1.0
  2
SOLID
 70
1
 71
0
 91
1
 92
1
 93
1
 72
2
 10
2233.0
 20
2648.0
 40
2.5
 50
0
 51
360
 73
1
 97
0
 75
1
 76
1
 98
0
  0
CIRCLE
  5
10C
330
17
100
AcDbEntity
  8
TEXT
370
13
420
3355443
100
AcDbCircle
 10
2233.0
 20
2648.0
 30
0.0
 40
2.5
  0
TEXT
  5
10D
330
17
100
AcDbEntity
  8
TEXT
420
1710618
100
AcDbText
 10
2105.0
 20
2626.25
 30
0.0
 40
15.0
  1
6
  7
GOST
 11
2105.0
 21
2626.25
 31
0.0
100
AcDbText
  0
LWPOLYLINE
  5
10E
330
17
100
AcDbEntity
  8
TEXT
370
15
420
3355443
100
AcDbPolyline
 90
2
 70
0
 10
2075.0
 20
2596.25
 10
2105.0
 20
2626.25
  0
TEXT
  5
10F
330
17
100
AcDbEntity
  8
TEXT
420
1710618
100
AcDbText
 10
2115.0
 20
2660.0
 30
0.0
 40
15.0
  1
7
  7
GOST
 11
2115.0
 21
2660.0
 31
0.0
100
AcDbText
  0
LWPOLYLINE
  5
110
330
17
100
AcDbEntity
  8
TEXT
370
15
420
3355443
100
AcDbPolyline
 90
2
 70
0
 10
2085.0
 20
2630.0
 10
2115.0
 20
2660.0
  0
TEXT
  5
111
330
17
100
AcDbEntity
  8
TEXT
420
1710618
100
AcDbText
 10
1955.7106781186549
 20
2476.289321881345
 30
0.0
 40
15.0
  1
8
  7
GOST
 11
1955.7106781186549
 21
2476.289321881345
 31
0.0
100
AcDbText
  0
LWPOLYLINE
  5
112
330
17
100
AcDbEntity
  8
TEXT
370
15
420
3355443
100
AcDbPolyline
 90
2
 70
0
 10
1885.0
 20
2562.0
 10
1952.7106781186546
 20
2494.289321881345
  0
HATCH
  5
113
330
17
100
AcDbEntity
  8
TEXT
 62
7
420
3355443
100
AcDbHatch
 10
0.0
 20
0.0
 30
0.0
210
0.0
220
0.0
230
1.0
  2
SOLID
 70
1
 71
0
 91
1
 92
1
 93
1
 72
2
 10
1885.0
 20
2562.0
 40
2.5
 50
0
 51
360
 73
1
 97
0
 75
1
 76
1
 98
0
  0
CIRCLE
  5
114
330
17
100
AcDbEntity
  8
TEXT
370
13
420
3355443
100
AcDbCircle
 10
1885.0
 20
2562.0
 30
0.0
 40
2.5
  0
TEXT
  5
115
330
17
100
AcDbEntity
  8
TEXT
 62
7
100
AcDbText
 10
2340.0
 20
2786.5
 30
0.0
 40
13.5
  1
1.
  7
GOST
 11
2340.0
 21
2786.5
 31
0.0
100
AcDbText
  0
TEXT
  5
116
330
17
100
AcDbEntity
  8
TEXT
 62
7
100
AcDbText
 10
2385.0
 20
2786.5
 30
0.0
 40
13.5
  1
Стена + штукатурка
  7
GOST
 11
2385.0
 21
2786.5
 31
0.0
100
AcDbText
  0
TEXT
  5
117
330
17
100
AcDbEntity
  8
TEXT
 62
7
100
AcDbText
 10
2340.0
 20
2760.9249999999997
 30
0.0
 40
13.5
  1
2.
  7
GOST
 11
2340.0
 21
2760.9249999999997
 31
0.0
100
AcDbText
  0
TEXT
  5
118
330
17
100
AcDbEntity
  8
TEXT
 62
7
100
AcDbText
 10
2385.0
 20
2760.9249999999997
 30
0.0
 40
13.5
  1
Плита перекрытия, низ +2750
  7
GOST
 11
2385.0
 21
2760.9249999999997
 31
0.0
100
AcDbText
  0
TEXT
  5
119
330
17
100
AcDbEntity
  8
TEXT
 62
7
100
AcDbText
 10
2340.0
 20
2735.3499999999995
 30
0.0
 40
13.5
  1
3.
  7
GOST
 11
2340.0
 21
2735.3499999999995
 31
0.0
100
AcDbText
  0
TEXT
  5
11A
330
17
100
AcDbEntity
  8
TEXT
 62
7
100
AcDbText
 10
2385.0
 20
2735.3499999999995
 30
0.0
 40
13.5
  1
ПН 28/27 по демпферной ленте
  7
GOST
 11
2385.0
 21
2735.3499999999995
 31
0.0
100
AcDbText
  0
TEXT
  5
11B
330
17
100
AcDbEntity
  8
TEXT
 62
7
100
AcDbText
 10
2340.0
 20
2709.7749999999996
 30
0.0
 40
13.5
  1
4.
  7
GOST
 11
2340.0
 21
2709.7749999999996
 31
0.0
100
AcDbText
  0
TEXT
  5
11C
330
17
100
AcDbEntity
  8
TEXT
 62
7
100
AcDbText
 10
2385.0
 20
2709.7749999999996
 30
0.0
 40
13.5
  1
ПП 60/27 на подвесах с тягой, низ +2662,5
  7
GOST
 11
2385.0
 21
2709.7749999999996
 31
0.0
100
AcDbText
  0
TEXT
  5
11D
330
17
100
AcDbEntity
  8
TEXT
 62
7
100
AcDbText
 10
2340.0
 20
2684.2
 30
0.0
 40
13.5
  1
5.
  7
GOST
 11
2340.0
 21
2684.2
 31
0.0
100
AcDbText
  0
TEXT
  5
11E
330
17
100
AcDbEntity
  8
TEXT
 62
7
100
AcDbText
 10
2385.0
 20
2684.2
 30
0.0
 40
13.5
  1
Подвес с тягой
  7
GOST
 11
2385.0
 21
2684.2
 31
0.0
100
AcDbText
  0
TEXT
  5
11F
330
17
100
AcDbEntity
  8
TEXT
 62
7
100
AcDbText
 10
2340.0
 20
2658.6249999999995
 30
0.0
 40
13.5
  1
6.
  7
GOST
 11
2340.0
 21
2658.6249999999995
 31
0.0
100
AcDbText
  0
TEXT
  5
120
330
17
100
AcDbEntity
  8
TEXT
 62
7
100
AcDbText
 10
2385.0
 20
2658.6249999999995
 30
0.0
 40
13.5
  1
ГКЛ 12,5, низ +2650 (без перепада на границе кухня/прихожая)
  7
GOST
 11
2385.0
 21
2658.6249999999995
 31
0.0
100
AcDbText
  0
TEXT
  5
121
330
17
100
AcDbEntity
  8
TEXT
 62
7
100
AcDbText
 10
2340.0
 20
2633.0499999999993
 30
0.0
 40
13.5
  1
7.
  7
GOST
 11
2340.0
 21
2633.0499999999993
 31
0.0
100
AcDbText
  0
TEXT
  5
122
330
17
100
AcDbEntity
  8
TEXT
 62
7
100
AcDbText
 10
2385.0
 20
2633.0499999999993
 30
0.0
 40
13.5
  1
Встроенный спот L2/L15/L16, монтажная глубина ≤ 80 (пленум
  7
GOST
 11
2385.0
 21
2633.0499999999993
 31
0.0
100
AcDbText
  0
TEXT
  5
123
330
17
100
AcDbEntity
  8
TEXT
 62
7
100
AcDbText
 10
2385.0
 20
2613.4749999999995
 30
0.0
 40
13.5
  1
87,5)
  7
GOST
 11
2385.0
 21
2613.4749999999995
 31
0.0
100
AcDbText
  0
TEXT
  5
124
330
17
100
AcDbEntity
  8
TEXT
 62
7
100
AcDbText
 10
2340.0
 20
2587.8999999999996
 30
0.0
 40
13.5
  1
8.
  7
GOST
 11
2340.0
 21
2587.8999999999996
 31
0.0
100
AcDbText
  0
TEXT
  5
125
330
17
100
AcDbEntity
  8
TEXT
 62
7
100
AcDbText
 10
2385.0
 20
2587.8999999999996
 30
0.0
 40
13.5
  1
Карниз 80×70 (к стене)
  7
GOST
 11
2385.0
 21
2587.8999999999996
 31
0.0
100
AcDbText
  0
TEXT
  5
126
330
17
100
AcDbEntity
  8
TEXT
 62
7
100
AcDbText
 10
240.0
 20
2390.0
 30
0.0
 40
22.0
  1
Узел 1в. Ванная/постирочная: теневое примыкание ГКЛВ к плитке
  7
GOST
 11
240.0
 21
2390.0
 31
0.0
100
AcDbText
  0
TEXT
  5
127
330
17
100
AcDbEntity
  8
TEXT
420
5592405
100
AcDbText
 10
240.0
 20
2358.0
 30
0.0
 40
15.0
  1
М 1:10 (схематично, по details.md)
  7
GOST
 11
240.0
 21
2358.0
 31
0.0
100
AcDbText
  0
HATCH
  5
128
330
17
100
AcDbEntity
  8
AR-FIN
 62
7
420
10506797
100
AcDbHatch
 10
0.0
 20
0.0
 30
0.0
210
0.0
220
0.0
230
1.0
  2
ANSI31
 70
0
 71
0
 91
1
 92
3
 72
0
 73
1
 93
4
 10
260.0
 20
1850.0
 10
360.0
 20
1850.0
 10
360.0
 20
2270.0
 10
260.0
 20
2270.0
 97
0
 75
1
 76
1
 52
0.0
 41
1.8333333333333333
 77
0
 78
1
 53
45.0
 43
0.0
 44
0.0
 45
-4.1159507222
 46
4.1159507222
 79
0
 98
0
  0
HATCH
  5
129
330
17
100
AcDbEntity
  8
AR-FIN
 62
7
420
15717060
440
33554559
100
AcDbHatch
 10
0.0
 20
0.0
 30
0.0
210
0.0
220
0.0
230
1.0
  2
SOLID
 70
1
 71
0
 91
1
 92
3
 72
0
 73
1
 93
4
 10
260.0
 20
1850.0
 10
360.0
 20
1850.0
 10
360.0
 20
2270.0
 10
260.0
 20
2270.0
 97
0
 75
1
 76
1
 98
0
  0
LWPOLYLINE
  5
12A
330
17
100
AcDbEntity
  8
AR-FIN
 62
7
370
20
100
AcDbPolyline
 90
4
 70
1
 10
260.0
 20
1850.0
 10
360.0
 20
1850.0
 10
360.0
 20
2270.0
 10
260.0
 20
2270.0
  0
HATCH
  5
12B
330
17
100
AcDbEntity
  8
AR-FIN
 62
7
420
12434877
100
AcDbHatch
 10
0.0
 20
0.0
 30
0.0
210
0.0
220
0.0
230
1.0
  2
SOLID
 70
1
 71
0
 91
1
 92
3
 72
0
 73
1
 93
4
 10
360.0
 20
1850.0
 10
370.0
 20
1850.0
 10
370.0
 20
1970.0
 10
360.0
 20
1970.0
 97
0
 75
1
 76
1
 98
0
  0
LWPOLYLINE
  5
12C
330
17
100
AcDbEntity
  8
AR-FIN
 62
7
370
20
100
AcDbPolyline
 90
4
 70
1
 10
360.0
 20
1850.0
 10
370.0
 20
1850.0
 10
370.0
 20
1970.0
 10
360.0
 20
1970.0
  0
HATCH
  5
12D
330
17
100
AcDbEntity
  8
AR-FIN
 62
7
420
13163496
100
AcDbHatch
 10
0.0
 20
0.0
 30
0.0
210
0.0
220
0.0
230
1.0
  2
SOLID
 70
1
 71
0
 91
1
 92
3
 72
0
 73
1
 93
4
 10
370.0
 20
1850.0
 10
380.0
 20
1850.0
 10
380.0
 20
1970.0
 10
370.0
 20
1970.0
 97
0
 75
1
 76
1
 98
0
  0
LWPOLYLINE
  5
12E
330
17
100
AcDbEntity
  8
AR-FIN
 62
7
370
20
100
AcDbPolyline
 90
4
 70
1
 10
370.0
 20
1850.0
 10
380.0
 20
1850.0
 10
380.0
 20
1970.0
 10
370.0
 20
1970.0
  0
HATCH
  5
12F
330
17
100
AcDbEntity
  8
AR-FIN
 62
7
420
8359053
100
AcDbHatch
 10
0.0
 20
0.0
 30
0.0
210
0.0
220
0.0
230
1.0
  2
SOLID
 70
1
 71
0
 91
1
 92
3
 72
0
 73
1
 93
4
 10
380.0
 20
1970.0
 10
390.0
 20
1970.0
 10
390.0
 20
1980.0
 10
380.0
 20
1980.0
 97
0
 75
1
 76
1
 98
0
  0
LWPOLYLINE
  5
130
330
17
100
AcDbEntity
  8
AR-FIN
 62
7
370
20
100
AcDbPolyline
 90
4
 70
1
 10
380.0
 20
1970.0
 10
390.0
 20
1970.0
 10
390.0
 20
1980.0
 10
380.0
 20
1980.0
  0
HATCH
  5
131
330
17
100
AcDbEntity
  8
AR-FIN
 62
7
420
5592405
100
AcDbHatch
 10
0.0
 20
0.0
 30
0.0
210
0.0
220
0.0
230
1.0
  2
ANSI31
 70
0
 71
0
 91
1
 92
3
 72
0
 73
1
 93
4
 10
260.0
 20
2270.0
 10
710.0
 20
2270.0
 10
710.0
 20
2320.0
 10
260.0
 20
2320.0
 97
0
 75
1
 76
1
 52
0.0
 41
2.75
 77
0
 78
1
 53
45.0
 43
0.0
 44
0.0
 45
-6.1739260833
 46
6.1739260833
 79
0
 98
0
  0
HATCH
  5
132
330
17
100
AcDbEntity
  8
AR-FIN
 62
7
420
14277081
440
33554559
100
AcDbHatch
 10
0.0
 20
0.0
 30
0.0
210
0.0
220
0.0
230
1.0
  2
SOLID
 70
1
 71
0
 91
1
 92
3
 72
0
 73
1
 93
4
 10
260.0
 20
2270.0
 10
710.0
 20
2270.0
 10
710.0
 20
2320.0
 10
260.0
 20
2320.0
 97
0
 75
1
 76
1
 98
0
  0
LWPOLYLINE
  5
133
330
17
100
AcDbEntity
  8
AR-FIN
 62
7
370
20
100
AcDbPolyline
 90
4
 70
1
 10
260.0
 20
2270.0
 10
710.0
 20
2270.0
 10
710.0
 20
2320.0
 10
260.0
 20
2320.0
  0
HATCH
  5
134
330
17
100
AcDbEntity
  8
AR-FIN
 62
7
420
8359053
100
AcDbHatch
 10
0.0
 20
0.0
 30
0.0
210
0.0
220
0.0
230
1.0
  2
SOLID
 70
1
 71
0
 91
1
 92
3
 72
0
 73
1
 93
4
 10
390.0
 20
1982.5
 10
710.0
 20
1982.5
 10
710.0
 20
1986.0
 10
390.0
 20
1986.0
 97
0
 75
1
 76
1
 98
0
  0
LWPOLYLINE
  5
135
330
17
100
AcDbEntity
  8
AR-FIN
 62
7
370
20
100
AcDbPolyline
 90
4
 70
1
 10
390.0
 20
1982.5
 10
710.0
 20
1982.5
 10
710.0
 20
1986.0
 10
390.0
 20
1986.0
  0
HATCH
  5
136
330
17
100
AcDbEntity
  8
AR-FIN
 62
7
420
11184810
100
AcDbHatch
 10
0.0
 20
0.0
 30
0.0
210
0.0
220
0.0
230
1.0
  2
ANSI31
 70
0
 71
0
 91
1
 92
3
 72
0
 73
1
 93
4
 10
390.0
 20
1970.0
 10
710.0
 20
1970.0
 10
710.0
 20
1982.5
 10
390.0
 20
1982.5
 97
0
 75
1
 76
1
 52
90.0
 41
2.75
 77
0
 78
1
 53
135.0
 43
0.0
 44
0.0
 45
-6.1739260833
 46
-6.1739260833
 79
0
 98
0
  0
LWPOLYLINE
  5
137
330
17
100
AcDbEntity
  8
AR-FIN
 62
7
370
20
100
AcDbPolyline
 90
4
 70
1
 10
390.0
 20
1970.0
 10
710.0
 20
1970.0
 10
710.0
 20
1982.5
 10
390.0
 20
1982.5
  0
HATCH
  5
138
330
17
100
AcDbEntity
  8
DIM
 62
7
420
16777215
100
AcDbHatch
 10
0.0
 20
0.0
 30
0.0
210
0.0
220
0.0
230
1.0
  2
SOLID
 70
1
 71
0
 91
1
 92
3
 72
0
 73
1
 93
3
 10
630.0
 20
1970.0
 10
618.0
 20
1986.0
 10
642.0
 20
1986.0
 97
0
 75
1
 76
1
 98
0
  0
LWPOLYLINE
  5
139
330
17
100
AcDbEntity
  8
DIM
 62
7
370
20
100
AcDbPolyline
 90
3
 70
1
 10
630.0
 20
1970.0
 10
618.0
 20
1986.0
 10
642.0
 20
1986.0
  0
LWPOLYLINE
  5
13A
330
17
100
AcDbEntity
  8
DIM
 62
7
370
20
100
AcDbPolyline
 90
2
 70
0
 10
630.0
 20
1986.0
 10
710.0
 20
1986.0
  0
TEXT
  5
13B
330
17
100
AcDbEntity
  8
DIM
 62
7
100
AcDbText
 10
636.0
 20
1991.0
 30
0.0
 40
15.0
  1
+2,450
  7
GOST
 11
636.0
 21
1991.0
 31
0.0
100
AcDbText
  0
LWPOLYLINE
  5
13C
330
17
100
AcDbEntity
  8
AR-FIN
  6
DASHDOT
370
13
 48
30.0
420
10066329
100
AcDbPolyline
 90
4
 70
1
 10
260.0
 20
1850.0
 10
710.0
 20
1850.0
 10
710.0
 20
2320.0
 10
260.0
 20
2320.0
  0
TEXT
  5
13D
330
17
100
AcDbEntity
  8
TEXT
420
1710618
100
AcDbText
 10
221.0693158436214
 20
2052.5
 30
0.0
 40
15.0
  1
1
  7
GOST
 11
221.0693158436214
 21
2052.5
 31
0.0
100
AcDbText
  0
LWPOLYLINE
  5
13E
330
17
100
AcDbEntity
  8
TEXT
370
15
420
3355443
100
AcDbPolyline
 90
2
 70
0
 10
310.0
 20
2060.0
 10
238.0
 20
2060.0
  0
HATCH
  5
13F
330
17
100
AcDbEntity
  8
TEXT
 62
7
420
3355443
100
AcDbHatch
 10
0.0
 20
0.0
 30
0.0
210
0.0
220
0.0
230
1.0
  2
SOLID
 70
1
 71
0
 91
1
 92
1
 93
1
 72
2
 10
310.0
 20
2060.0
 40
2.5
 50
0
 51
360
 73
1
 97
0
 75
1
 76
1
 98
0
  0
CIRCLE
  5
140
330
17
100
AcDbEntity
  8
TEXT
370
13
420
3355443
100
AcDbCircle
 10
310.0
 20
2060.0
 30
0.0
 40
2.5
  0
TEXT
  5
141
330
17
100
AcDbEntity
  8
TEXT
420
1710618
100
AcDbText
 10
358.2211291152263
 20
1820.0
 30
0.0
 40
15.0
  1
2
  7
GOST
 11
358.2211291152263
 21
1820.0
 31
0.0
100
AcDbText
  0
LWPOLYLINE
  5
142
330
17
100
AcDbEntity
  8
TEXT
370
15
420
3355443
100
AcDbPolyline
 90
2
 70
0
 10
365.0
 20
1910.0
 10
365.0
 20
1838.0
  0
HATCH
  5
143
330
17
100
AcDbEntity
  8
TEXT
 62
7
420
3355443
100
AcDbHatch
 10
0.0
 20
0.0
 30
0.0
210
0.0
220
0.0
230
1.0
  2
SOLID
 70
1
 71
0
 91
1
 92
1
 93
1
 72
2
 10
365.0
 20
1910.0
 40
2.5
 50
0
 51
360
 73
1
 97
0
 75
1
 76
1
 98
0
  0
CIRCLE
  5
144
330
17
100
AcDbEntity
  8
TEXT
370
13
420
3355443
100
AcDbCircle
 10
365.0
 20
1910.0
 30
0.0
 40
2.5
  0
TEXT
  5
145
330
17
100
AcDbEntity
  8
TEXT
420
1710618
100
AcDbText
 10
445.71067811865476
 20
1824.2893218813451
 30
0.0
 40
15.0
  1
3
  7
GOST
 11
445.71067811865476
 21
1824.2893218813451
 31
0.0
100
AcDbText
  0
LWPOLYLINE
  5
146
330
17
100
AcDbEntity
  8
TEXT
370
15
420
3355443
100
AcDbPolyline
 90
2
 70
0
 10
375.0
 20
1910.0
 10
442.71067811865476
 20
1842.2893218813454
  0
HATCH
  5
147
330
17
100
AcDbEntity
  8
TEXT
 62
7
420
3355443
100
AcDbHatch
 10
0.0
 20
0.0
 30
0.0
210
0.0
220
0.0
230
1.0
  2
SOLID
 70
1
 71
0
 91
1
 92
1
 93
1
 72
2
 10
375.0
 20
1910.0
 40
2.5
 50
0
 51
360
 73
1
 97
0
 75
1
 76
1
 98
0
  0
CIRCLE
  5
148
330
17
100
AcDbEntity
  8
TEXT
370
13
420
3355443
100
AcDbCircle
 10
375.0
 20
1910.0
 30
0.0
 40
2.5
  0
TEXT
  5
149
330
17
100
AcDbEntity
  8
TEXT
420
1710618
100
AcDbText
 10
415.0
 20
2005.0
 30
0.0
 40
15.0
  1
4
  7
GOST
 11
415.0
 21
2005.0
 31
0.0
100
AcDbText
  0
LWPOLYLINE
  5
14A
330
17
100
AcDbEntity
  8
TEXT
370
15
420
3355443
100
AcDbPolyline
 90
2
 70
0
 10
385.0
 20
1975.0
 10
415.0
 20
2005.0
  0
TEXT
  5
14B
330
17
100
AcDbEntity
  8
TEXT
420
1710618
100
AcDbText
 10
520.3553390593274
 20
2330.3553390593274
 30
0.0
 40
15.0
  1
5
  7
GOST
 11
520.3553390593274
 21
2330.3553390593274
 31
0.0
100
AcDbText
  0
LWPOLYLINE
  5
14C
330
17
100
AcDbEntity
  8
TEXT
370
15
420
3355443
100
AcDbPolyline
 90
2
 70
0
 10
485.0
 20
2295.0
 10
517.3553390593274
 20
2327.3553390593274
  0
HATCH
  5
14D
330
17
100
AcDbEntity
  8
TEXT
 62
7
420
3355443
100
AcDbHatch
 10
0.0
 20
0.0
 30
0.0
210
0.0
220
0.0
230
1.0
  2
SOLID
 70
1
 71
0
 91
1
 92
1
 93
1
 72
2
 10
485.0
 20
2295.0
 40
2.5
 50
0
 51
360
 73
1
 97
0
 75
1
 76
1
 98
0
  0
CIRCLE
  5
14E
330
17
100
AcDbEntity
  8
TEXT
370
13
420
3355443
100
AcDbCircle
 10
485.0
 20
2295.0
 30
0.0
 40
2.5
  0
TEXT
  5
14F
330
17
100
AcDbEntity
  8
TEXT
420
1710618
100
AcDbText
 10
580.0
 20
2014.25
 30
0.0
 40
15.0
  1
6
  7
GOST
 11
580.0
 21
2014.25
 31
0.0
100
AcDbText
  0
LWPOLYLINE
  5
150
330
17
100
AcDbEntity
  8
TEXT
370
15
420
3355443
100
AcDbPolyline
 90
2
 70
0
 10
550.0
 20
1984.25
 10
580.0
 20
2014.25
  0
TEXT
  5
151
330
17
100
AcDbEntity
  8
TEXT
420
1710618
100
AcDbText
 10
580.0
 20
2006.25
 30
0.0
 40
15.0
  1
7
  7
GOST
 11
580.0
 21
2006.25
 31
0.0
100
AcDbText
  0
LWPOLYLINE
  5
152
330
17
100
AcDbEntity
  8
TEXT
370
15
420
3355443
100
AcDbPolyline
 90
2
 70
0
 10
550.0
 20
1976.25
 10
580.0
 20
2006.25
  0
TEXT
  5
153
330
17
100
AcDbEntity
  8
TEXT
 62
7
100
AcDbText
 10
750.0
 20
2306.5
 30
0.0
 40
13.5
  1
1.
  7
GOST
 11
750.0
 21
2306.5
 31
0.0
100
AcDbText
  0
TEXT
  5
154
330
17
100
AcDbEntity
  8
TEXT
 62
7
100
AcDbText
 10
795.0
 20
2306.5
 30
0.0
 40
13.5
  1
Стена/перегородка
  7
GOST
 11
795.0
 21
2306.5
 31
0.0
100
AcDbText
  0
TEXT
  5
155
330
17
100
AcDbEntity
  8
TEXT
 62
7
100
AcDbText
 10
750.0
 20
2280.925
 30
0.0
 40
13.5
  1
2.
  7
GOST
 11
750.0
 21
2280.925
 31
0.0
100
AcDbText
  0
TEXT
  5
156
330
17
100
AcDbEntity
  8
TEXT
 62
7
100
AcDbText
 10
795.0
 20
2280.925
 30
0.0
 40
13.5
  1
Гидроизоляция + клей C2TE S1
  7
GOST
 11
795.0
 21
2280.925
 31
0.0
100
AcDbText
  0
TEXT
  5
157
330
17
100
AcDbEntity
  8
TEXT
 62
7
100
AcDbText
 10
750.0
 20
2255.35
 30
0.0
 40
13.5
  1
3.
  7
GOST
 11
750.0
 21
2255.35
 31
0.0
100
AcDbText
  0
TEXT
  5
158
330
17
100
AcDbEntity
  8
TEXT
 62
7
100
AcDbText
 10
795.0
 20
2255.35
 30
0.0
 40
13.5
  1
Плитка стены до потолка
  7
GOST
 11
795.0
 21
2255.35
 31
0.0
100
AcDbText
  0
TEXT
  5
159
330
17
100
AcDbEntity
  8
TEXT
 62
7
100
AcDbText
 10
750.0
 20
2229.775
 30
0.0
 40
13.5
  1
4.
  7
GOST
 11
750.0
 21
2229.775
 31
0.0
100
AcDbText
  0
TEXT
  5
15A
330
17
100
AcDbEntity
  8
TEXT
 62
7
100
AcDbText
 10
795.0
 20
2229.775
 30
0.0
 40
13.5
  1
Теневой профиль 10×10 под окраску, на клею-герметике
  7
GOST
 11
795.0
 21
2229.775
 31
0.0
100
AcDbText
  0
TEXT
  5
15B
330
17
100
AcDbEntity
  8
TEXT
 62
7
100
AcDbText
 10
795.0
 20
2210.2
 30
0.0
 40
13.5
  1
поверх плитки
  7
GOST
 11
795.0
 21
2210.2
 31
0.0
100
AcDbText
  0
TEXT
  5
15C
330
17
100
AcDbEntity
  8
TEXT
 62
7
100
AcDbText
 10
750.0
 20
2184.625
 30
0.0
 40
13.5
  1
5.
  7
GOST
 11
750.0
 21
2184.625
 31
0.0
100
AcDbText
  0
TEXT
  5
15D
330
17
100
AcDbEntity
  8
TEXT
 62
7
100
AcDbText
 10
795.0
 20
2184.625
 30
0.0
 40
13.5
  1
Плита перекрытия
  7
GOST
 11
795.0
 21
2184.625
 31
0.0
100
AcDbText
  0
TEXT
  5
15E
330
17
100
AcDbEntity
  8
TEXT
 62
7
100
AcDbText
 10
750.0
 20
2159.0499999999997
 30
0.0
 40
13.5
  1
6.
  7
GOST
 11
750.0
 21
2159.0499999999997
 31
0.0
100
AcDbText
  0
TEXT
  5
15F
330
17
100
AcDbEntity
  8
TEXT
 62
7
100
AcDbText
 10
795.0
 20
2159.0499999999997
 30
0.0
 40
13.5
  1
ПП 60/27 оцинк. на подвесах (пленум 300/250: EF1/EF2)
  7
GOST
 11
795.0
 21
2159.0499999999997
 31
0.0
100
AcDbText
  0
TEXT
  5
160
330
17
100
AcDbEntity
  8
TEXT
 62
7
100
AcDbText
 10
750.0
 20
2133.4749999999995
 30
0.0
 40
13.5
  1
7.
  7
GOST
 11
750.0
 21
2133.4749999999995
 31
0.0
100
AcDbText
  0
TEXT
  5
161
330
17
100
AcDbEntity
  8
TEXT
 62
7
100
AcDbText
 10
795.0
 20
2133.4749999999995
 30
0.0
 40
13.5
  1
ГКЛВ 12,5, низ +2450 (ванная) / +2500 (постирочная); шов 10 —
  7
GOST
 11
795.0
 21
2133.4749999999995
 31
0.0
100
AcDbText
  0
TEXT
  5
162
330
17
100
AcDbEntity
  8
TEXT
 62
7
100
AcDbText
 10
795.0
 20
2113.8999999999996
 30
0.0
 40
13.5
  1
тень
  7
GOST
 11
795.0
 21
2113.8999999999996
 31
0.0
100
AcDbText
  0
TEXT
  5
163
330
17
100
AcDbEntity
  8
TEXT
 62
7
100
AcDbText
 10
1530.0
 20
2390.0
 30
0.0
 40
22.0
  1
Узел 2. Ниша под карниз штор CN-1/CN-2 (+2700, глубина 62)
  7
GOST
 11
1530.0
 21
2390.0
 31
0.0
100
AcDbText
  0
TEXT
  5
164
330
17
100
AcDbEntity
  8
TEXT
420
5592405
100
AcDbText
 10
1530.0
 20
2358.0
 30
0.0
 40
15.0
  1
М 1:10 (схематично, по details.md)
  7
GOST
 11
1530.0
 21
2358.0
 31
0.0
100
AcDbText
  0
HATCH
  5
165
330
17
100
AcDbEntity
  8
AR-FIN
 62
7
420
10506797
100
AcDbHatch
 10
0.0
 20
0.0
 30
0.0
210
0.0
220
0.0
230
1.0
  2
ANSI31
 70
0
 71
0
 91
1
 92
3
 72
0
 73
1
 93
4
 10
1550.0
 20
2060.0
 10
1700.0
 20
2060.0
 10
1700.0
 20
2210.0
 10
1550.0
 20
2210.0
 97
0
 75
1
 76
1
 52
0.0
 41
1.8333333333333333
 77
0
 78
1
 53
45.0
 43
0.0
 44
0.0
 45
-4.1159507222
 46
4.1159507222
 79
0
 98
0
  0
HATCH
  5
166
330
17
100
AcDbEntity
  8
AR-FIN
 62
7
420
15717060
440
33554559
100
AcDbHatch
 10
0.0
 20
0.0
 30
0.0
210
0.0
220
0.0
230
1.0
  2
SOLID
 70
1
 71
0
 91
1
 92
3
 72
0
 73
1
 93
4
 10
1550.0
 20
2060.0
 10
1700.0
 20
2060.0
 10
1700.0
 20
2210.0
 10
1550.0
 20
2210.0
 97
0
 75
1
 76
1
 98
0
  0
LWPOLYLINE
  5
167
330
17
100
AcDbEntity
  8
AR-FIN
 62
7
370
20
100
AcDbPolyline
 90
4
 70
1
 10
1550.0
 20
2060.0
 10
1700.0
 20
2060.0
 10
1700.0
 20
2210.0
 10
1550.0
 20
2210.0
  0
HATCH
  5
168
330
17
100
AcDbEntity
  8
AR-FIN
 62
7
420
5592405
100
AcDbHatch
 10
0.0
 20
0.0
 30
0.0
210
0.0
220
0.0
230
1.0
  2
ANSI31
 70
0
 71
0
 91
1
 92
3
 72
0
 73
1
 93
4
 10
1550.0
 20
2210.0
 10
2150.0
 20
2210.0
 10
2150.0
 20
2320.0
 10
1550.0
 20
2320.0
 97
0
 75
1
 76
1
 52
0.0
 41
2.75
 77
0
 78
1
 53
45.0
 43
0.0
 44
0.0
 45
-6.1739260833
 46
6.1739260833
 79
0
 98
0
  0
HATCH
  5
169
330
17
100
AcDbEntity
  8
AR-FIN
 62
7
420
14277081
440
33554559
100
AcDbHatch
 10
0.0
 20
0.0
 30
0.0
210
0.0
220
0.0
230
1.0
  2
SOLID
 70
1
 71
0
 91
1
 92
3
 72
0
 73
1
 93
4
 10
1550.0
 20
2210.0
 10
2150.0
 20
2210.0
 10
2150.0
 20
2320.0
 10
1550.0
 20
2320.0
 97
0
 75
1
 76
1
 98
0
  0
LWPOLYLINE
  5
16A
330
17
100
AcDbEntity
  8
AR-FIN
 62
7
370
20
100
AcDbPolyline
 90
4
 70
1
 10
1550.0
 20
2210.0
 10
2150.0
 20
2210.0
 10
2150.0
 20
2320.0
 10
1550.0
 20
2320.0
  0
HATCH
  5
16B
330
17
100
AcDbEntity
  8
AR-FIN
 62
7
420
11184810
100
AcDbHatch
 10
0.0
 20
0.0
 30
0.0
210
0.0
220
0.0
230
1.0
  2
ANSI31
 70
0
 71
0
 91
1
 92
3
 72
0
 73
1
 93
4
 10
1900.0
 20
2160.0
 10
1912.5
 20
2160.0
 10
1912.5
 20
2210.0
 10
1900.0
 20
2210.0
 97
0
 75
1
 76
1
 52
90.0
 41
2.75
 77
0
 78
1
 53
135.0
 43
0.0
 44
0.0
 45
-6.1739260833
 46
-6.1739260833
 79
0
 98
0
  0
LWPOLYLINE
  5
16C
330
17
100
AcDbEntity
  8
AR-FIN
 62
7
370
20
100
AcDbPolyline
 90
4
 70
1
 10
1900.0
 20
2160.0
 10
1912.5
 20
2160.0
 10
1912.5
 20
2210.0
 10
1900.0
 20
2210.0
  0
HATCH
  5
16D
330
17
100
AcDbEntity
  8
AR-FIN
 62
7
420
11184810
100
AcDbHatch
 10
0.0
 20
0.0
 30
0.0
210
0.0
220
0.0
230
1.0
  2
ANSI31
 70
0
 71
0
 91
1
 92
3
 72
0
 73
1
 93
4
 10
1912.5
 20
2160.0
 10
2150.0
 20
2160.0
 10
2150.0
 20
2172.5
 10
1912.5
 20
2172.5
 97
0
 75
1
 76
1
 52
90.0
 41
2.75
 77
0
 78
1
 53
135.0
 43
0.0
 44
0.0
 45
-6.1739260833
 46
-6.1739260833
 79
0
 98
0
  0
LWPOLYLINE
  5
16E
330
17
100
AcDbEntity
  8
AR-FIN
 62
7
370
20
100
AcDbPolyline
 90
4
 70
1
 10
1912.5
 20
2160.0
 10
2150.0
 20
2160.0
 10
2150.0
 20
2172.5
 10
1912.5
 20
2172.5
  0
HATCH
  5
16F
330
17
100
AcDbEntity
  8
AR-FIN
 62
7
420
8359053
100
AcDbHatch
 10
0.0
 20
0.0
 30
0.0
210
0.0
220
0.0
230
1.0
  2
SOLID
 70
1
 71
0
 91
1
 92
3
 72
0
 73
1
 93
4
 10
1745.0
 20
2175.0
 10
1775.0
 20
2175.0
 10
1775.0
 20
2210.0
 10
1745.0
 20
2210.0
 97
0
 75
1
 76
1
 98
0
  0
LWPOLYLINE
  5
170
330
17
100
AcDbEntity
  8
AR-FIN
 62
7
370
20
100
AcDbPolyline
 90
4
 70
1
 10
1745.0
 20
2175.0
 10
1775.0
 20
2175.0
 10
1775.0
 20
2210.0
 10
1745.0
 20
2210.0
  0
HATCH
  5
171
330
17
100
AcDbEntity
  8
AR-FIN
 62
7
420
8359053
100
AcDbHatch
 10
0.0
 20
0.0
 30
0.0
210
0.0
220
0.0
230
1.0
  2
SOLID
 70
1
 71
0
 91
1
 92
3
 72
0
 73
1
 93
4
 10
1805.0
 20
2175.0
 10
1835.0
 20
2175.0
 10
1835.0
 20
2210.0
 10
1805.0
 20
2210.0
 97
0
 75
1
 76
1
 98
0
  0
LWPOLYLINE
  5
172
330
17
100
AcDbEntity
  8
AR-FIN
 62
7
370
20
100
AcDbPolyline
 90
4
 70
1
 10
1805.0
 20
2175.0
 10
1835.0
 20
2175.0
 10
1835.0
 20
2210.0
 10
1805.0
 20
2210.0
  0
HATCH
  5
173
330
17
100
AcDbEntity
  8
AR-FIN
 62
7
420
16249315
100
AcDbHatch
 10
0.0
 20
0.0
 30
0.0
210
0.0
220
0.0
230
1.0
  2
SOLID
 70
1
 71
0
 91
1
 92
3
 72
0
 73
1
 93
5
 10
1912.5
 20
2090.0
 10
1912.5
 20
2160.0
 10
1992.0
 20
2160.0
 10
1992.0
 20
2150.0
 10
1927.0
 20
2100.0
 97
0
 75
1
 76
1
 98
0
  0
LWPOLYLINE
  5
174
330
17
100
AcDbEntity
  8
AR-FIN
 62
7
370
20
100
AcDbPolyline
 90
5
 70
1
 10
1912.5
 20
2090.0
 10
1912.5
 20
2160.0
 10
1992.0
 20
2160.0
 10
1992.0
 20
2150.0
 10
1927.0
 20
2100.0
  0
HATCH
  5
175
330
17
100
AcDbEntity
  8
DIM
 62
7
420
16777215
100
AcDbHatch
 10
0.0
 20
0.0
 30
0.0
210
0.0
220
0.0
230
1.0
  2
SOLID
 70
1
 71
0
 91
1
 92
3
 72
0
 73
1
 93
3
 10
2100.0
 20
2160.0
 10
2088.0
 20
2176.0
 10
2112.0
 20
2176.0
 97
0
 75
1
 76
1
 98
0
  0
LWPOLYLINE
  5
176
330
17
100
AcDbEntity
  8
DIM
 62
7
370
20
100
AcDbPolyline
 90
3
 70
1
 10
2100.0
 20
2160.0
 10
2088.0
 20
2176.0
 10
2112.0
 20
2176.0
  0
LWPOLYLINE
  5
177
330
17
100
AcDbEntity
  8
DIM
 62
7
370
20
100
AcDbPolyline
 90
2
 70
0
 10
2100.0
 20
2176.0
 10
2150.0
 20
2176.0
  0
TEXT
  5
178
330
17
100
AcDbEntity
  8
DIM
 62
7
100
AcDbText
 10
2106.0
 20
2181.0
 30
0.0
 40
15.0
  1
+2,700
  7
GOST
 11
2106.0
 21
2181.0
 31
0.0
100
AcDbText
  0
LWPOLYLINE
  5
179
330
17
100
AcDbEntity
  8
AR-FIN
  6
DASHDOT
370
13
 48
30.0
420
10066329
100
AcDbPolyline
 90
4
 70
1
 10
1550.0
 20
2060.0
 10
2150.0
 20
2060.0
 10
2150.0
 20
2320.0
 10
1550.0
 20
2320.0
  0
TEXT
  5
17A
330
17
100
AcDbEntity
  8
TEXT
420
1710618
100
AcDbText
 10
1511.0693158436216
 20
2127.5
 30
0.0
 40
15.0
  1
1
  7
GOST
 11
1511.0693158436216
 21
2127.5
 31
0.0
100
AcDbText
  0
LWPOLYLINE
  5
17B
330
17
100
AcDbEntity
  8
TEXT
370
15
420
3355443
100
AcDbPolyline
 90
2
 70
0
 10
1625.0
 20
2135.0
 10
1528.0
 20
2135.0
  0
HATCH
  5
17C
330
17
100
AcDbEntity
  8
TEXT
 62
7
420
3355443
100
AcDbHatch
 10
0.0
 20
0.0
 30
0.0
210
0.0
220
0.0
230
1.0
  2
SOLID
 70
1
 71
0
 91
1
 92
1
 93
1
 72
2
 10
1625.0
 20
2135.0
 40
2.5
 50
0
 51
360
 73
1
 97
0
 75
1
 76
1
 98
0
  0
CIRCLE
  5
17D
330
17
100
AcDbEntity
  8
TEXT
370
13
420
3355443
100
AcDbCircle
 10
1625.0
 20
2135.0
 30
0.0
 40
2.5
  0
TEXT
  5
17E
330
17
100
AcDbEntity
  8
TEXT
420
1710618
100
AcDbText
 10
1843.2211291152262
 20
2340.0
 30
0.0
 40
15.0
  1
2
  7
GOST
 11
1843.2211291152262
 21
2340.0
 31
0.0
100
AcDbText
  0
LWPOLYLINE
  5
17F
330
17
100
AcDbEntity
  8
TEXT
370
15
420
3355443
100
AcDbPolyline
 90
2
 70
0
 10
1850.0
 20
2265.0
 10
1850.0
 20
2337.0
  0
HATCH
  5
180
330
17
100
AcDbEntity
  8
TEXT
 62
7
420
3355443
100
AcDbHatch
 10
0.0
 20
0.0
 30
0.0
210
0.0
220
0.0
230
1.0
  2
SOLID
 70
1
 71
0
 91
1
 92
1
 93
1
 72
2
 10
1850.0
 20
2265.0
 40
2.5
 50
0
 51
360
 73
1
 97
0
 75
1
 76
1
 98
0
  0
CIRCLE
  5
181
330
17
100
AcDbEntity
  8
TEXT
370
13
420
3355443
100
AcDbCircle
 10
1850.0
 20
2265.0
 30
0.0
 40
2.5
  0
TEXT
  5
182
330
17
100
AcDbEntity
  8
TEXT
420
1710618
100
AcDbText
 10
1936.25
 20
2215.0
 30
0.0
 40
15.0
  1
3
  7
GOST
 11
1936.25
 21
2215.0
 31
0.0
100
AcDbText
  0
LWPOLYLINE
  5
183
330
17
100
AcDbEntity
  8
TEXT
370
15
420
3355443
100
AcDbPolyline
 90
2
 70
0
 10
1906.25
 20
2185.0
 10
1936.25
 20
2215.0
  0
TEXT
  5
184
330
17
100
AcDbEntity
  8
TEXT
420
1710618
100
AcDbText
 10
2161.25
 20
2158.75
 30
0.0
 40
15.0
  1
4
  7
GOST
 11
2161.25
 21
2158.75
 31
0.0
100
AcDbText
  0
LWPOLYLINE
  5
185
330
17
100
AcDbEntity
  8
TEXT
370
15
420
3355443
100
AcDbPolyline
 90
2
 70
0
 10
2031.25
 20
2166.25
 10
2158.25
 20
2166.25
  0
HATCH
  5
186
330
17
100
AcDbEntity
  8
TEXT
 62
7
420
3355443
100
AcDbHatch
 10
0.0
 20
0.0
 30
0.0
210
0.0
220
0.0
230
1.0
  2
SOLID
 70
1
 71
0
 91
1
 92
1
 93
1
 72
2
 10
2031.25
 20
2166.25
 40
2.5
 50
0
 51
360
 73
1
 97
0
 75
1
 76
1
 98
0
  0
CIRCLE
  5
187
330
17
100
AcDbEntity
  8
TEXT
370
13
420
3355443
100
AcDbCircle
 10
2031.25
 20
2166.25
 30
0.0
 40
2.5
  0
TEXT
  5
188
330
17
100
AcDbEntity
  8
TEXT
420
1710618
100
AcDbText
 10
1790.0
 20
2222.5
 30
0.0
 40
15.0
  1
5
  7
GOST
 11
1790.0
 21
2222.5
 31
0.0
100
AcDbText
  0
LWPOLYLINE
  5
189
330
17
100
AcDbEntity
  8
TEXT
370
15
420
3355443
100
AcDbPolyline
 90
2
 70
0
 10
1760.0
 20
2192.5
 10
1790.0
 20
2222.5
  0
TEXT
  5
18A
330
17
100
AcDbEntity
  8
TEXT
420
1710618
100
AcDbText
 10
1850.0
 20
2222.5
 30
0.0
 40
15.0
  1
6
  7
GOST
 11
1850.0
 21
2222.5
 31
0.0
100
AcDbText
  0
LWPOLYLINE
  5
18B
330
17
100
AcDbEntity
  8
TEXT
370
15
420
3355443
100
AcDbPolyline
 90
2
 70
0
 10
1820.0
 20
2192.5
 10
1850.0
 20
2222.5
  0
TEXT
  5
18C
330
17
100
AcDbEntity
  8
TEXT
420
1710618
100
AcDbText
 10
1940.3455761316873
 20
2017.0
 30
0.0
 40
15.0
  1
7
  7
GOST
 11
1940.3455761316873
 21
2017.0
 31
0.0
100
AcDbText
  0
LWPOLYLINE
  5
18D
330
17
100
AcDbEntity
  8
TEXT
370
15
420
3355443
100
AcDbPolyline
 90
2
 70
0
 10
1947.2
 20
2132.0
 10
1947.2
 20
2035.0
  0
HATCH
  5
18E
330
17
100
AcDbEntity
  8
TEXT
 62
7
420
3355443
100
AcDbHatch
 10
0.0
 20
0.0
 30
0.0
210
0.0
220
0.0
230
1.0
  2
SOLID
 70
1
 71
0
 91
1
 92
1
 93
1
 72
2
 10
1947.2
 20
2132.0
 40
2.5
 50
0
 51
360
 73
1
 97
0
 75
1
 76
1
 98
0
  0
CIRCLE
  5
18F
330
17
100
AcDbEntity
  8
TEXT
370
13
420
3355443
100
AcDbCircle
 10
1947.2
 20
2132.0
 30
0.0
 40
2.5
  0
TEXT
  5
190
330
17
100
AcDbEntity
  8
TEXT
 62
7
100
AcDbText
 10
2190.0
 20
2306.5
 30
0.0
 40
13.5
  1
1.
  7
GOST
 11
2190.0
 21
2306.5
 31
0.0
100
AcDbText
  0
TEXT
  5
191
330
17
100
AcDbEntity
  8
TEXT
 62
7
100
AcDbText
 10
2235.0
 20
2306.5
 30
0.0
 40
13.5
  1
Наружная стена W1 (откос окна)
  7
GOST
 11
2235.0
 21
2306.5
 31
0.0
100
AcDbText
  0
TEXT
  5
192
330
17
100
AcDbEntity
  8
TEXT
 62
7
100
AcDbText
 10
2190.0
 20
2280.925
 30
0.0
 40
13.5
  1
2.
  7
GOST
 11
2190.0
 21
2280.925
 31
0.0
100
AcDbText
  0
TEXT
  5
193
330
17
100
AcDbEntity
  8
TEXT
 62
7
100
AcDbText
 10
2235.0
 20
2280.925
 30
0.0
 40
13.5
  1
Плита; дно ниши — шпаклёвка + C1
  7
GOST
 11
2235.0
 21
2280.925
 31
0.0
100
AcDbText
  0
TEXT
  5
194
330
17
100
AcDbEntity
  8
TEXT
 62
7
100
AcDbText
 10
2190.0
 20
2255.35
 30
0.0
 40
13.5
  1
3.
  7
GOST
 11
2190.0
 21
2255.35
 31
0.0
100
AcDbText
  0
TEXT
  5
195
330
17
100
AcDbEntity
  8
TEXT
 62
7
100
AcDbText
 10
2235.0
 20
2255.35
 30
0.0
 40
13.5
  1
Борт ниши ГКЛ 12,5 на ПН/ПП, вертикальная грань 62
  7
GOST
 11
2235.0
 21
2255.35
 31
0.0
100
AcDbText
  0
TEXT
  5
196
330
17
100
AcDbEntity
  8
TEXT
 62
7
100
AcDbText
 10
2190.0
 20
2229.775
 30
0.0
 40
13.5
  1
4.
  7
GOST
 11
2190.0
 21
2229.775
 31
0.0
100
AcDbText
  0
TEXT
  5
197
330
17
100
AcDbEntity
  8
TEXT
 62
7
100
AcDbText
 10
2235.0
 20
2229.775
 30
0.0
 40
13.5
  1
Потолок ГКЛ +2700
  7
GOST
 11
2235.0
 21
2229.775
 31
0.0
100
AcDbText
  0
TEXT
  5
198
330
17
100
AcDbEntity
  8
TEXT
 62
7
100
AcDbText
 10
2190.0
 20
2204.2
 30
0.0
 40
13.5
  1
5.
  7
GOST
 11
2190.0
 21
2204.2
 31
0.0
100
AcDbText
  0
TEXT
  5
199
330
17
100
AcDbEntity
  8
TEXT
 62
7
100
AcDbText
 10
2235.0
 20
2204.2
 30
0.0
 40
13.5
  1
Трек ряд 1 (блэкаут) ≤ 35, ось 60 от W1, дюбели в плиту
  7
GOST
 11
2235.0
 21
2204.2
 31
0.0
100
AcDbText
  0
TEXT
  5
19A
330
17
100
AcDbEntity
  8
TEXT
 62
7
100
AcDbText
 10
2190.0
 20
2178.625
 30
0.0
 40
13.5
  1
6.
  7
GOST
 11
2190.0
 21
2178.625
 31
0.0
100
AcDbText
  0
TEXT
  5
19B
330
17
100
AcDbEntity
  8
TEXT
 62
7
100
AcDbText
 10
2235.0
 20
2178.625
 30
0.0
 40
13.5
  1
Трек ряд 2 (тюль), ось 120 от W1
  7
GOST
 11
2235.0
 21
2178.625
 31
0.0
100
AcDbText
  0
TEXT
  5
19C
330
17
100
AcDbEntity
  8
TEXT
 62
7
100
AcDbText
 10
2190.0
 20
2153.0499999999997
 30
0.0
 40
13.5
  1
7.
  7
GOST
 11
2190.0
 21
2153.0499999999997
 31
0.0
100
AcDbText
  0
TEXT
  5
19D
330
17
100
AcDbEntity
  8
TEXT
 62
7
100
AcDbText
 10
2235.0
 20
2153.0499999999997
 30
0.0
 40
13.5
  1
Карниз M04 по кромке ниши (y 8711)
  7
GOST
 11
2235.0
 21
2153.0499999999997
 31
0.0
100
AcDbText
  0
TEXT
  5
19E
330
17
100
AcDbEntity
  8
TEXT
 62
7
100
AcDbText
 10
240.0
 20
1740.0
 30
0.0
 40
22.0
  1
Узел 3. Люк-невидимка H1/H3 в коробе (сечение в плане)
  7
GOST
 11
240.0
 21
1740.0
 31
0.0
100
AcDbText
  0
TEXT
  5
19F
330
17
100
AcDbEntity
  8
TEXT
420
5592405
100
AcDbText
 10
240.0
 20
1708.0
 30
0.0
 40
15.0
  1
М 1:10 (схематично, по details.md)
  7
GOST
 11
240.0
 21
1708.0
 31
0.0
100
AcDbText
  0
LWPOLYLINE
  5
1A0
330
17
100
AcDbEntity
  8
AR-FIN
  6
DASHED
370
20
 48
30.0
420
7829367
100
AcDbPolyline
 90
4
 70
1
 10
260.0
 20
1510.0
 10
320.0
 20
1510.0
 10
320.0
 20
1670.0
 10
260.0
 20
1670.0
  0
HATCH
  5
1A1
330
17
100
AcDbEntity
  8
AR-FIN
 62
7
420
11184810
100
AcDbHatch
 10
0.0
 20
0.0
 30
0.0
210
0.0
220
0.0
230
1.0
  2
ANSI31
 70
0
 71
0
 91
1
 92
3
 72
0
 73
1
 93
4
 10
320.0
 20
1510.0
 10
345.0
 20
1510.0
 10
345.0
 20
1670.0
 10
320.0
 20
1670.0
 97
0
 75
1
 76
1
 52
90.0
 41
2.75
 77
0
 78
1
 53
135.0
 43
0.0
 44
0.0
 45
-6.1739260833
 46
-6.1739260833
 79
0
 98
0
  0
LWPOLYLINE
  5
1A2
330
17
100
AcDbEntity
  8
AR-FIN
 62
7
370
20
100
AcDbPolyline
 90
4
 70
1
 10
320.0
 20
1510.0
 10
345.0
 20
1510.0
 10
345.0
 20
1670.0
 10
320.0
 20
1670.0
  0
HATCH
  5
1A3
330
17
100
AcDbEntity
  8
AR-FIN
 62
7
420
12434877
100
AcDbHatch
 10
0.0
 20
0.0
 30
0.0
210
0.0
220
0.0
230
1.0
  2
SOLID
 70
1
 71
0
 91
1
 92
3
 72
0
 73
1
 93
4
 10
345.0
 20
1510.0
 10
350.0
 20
1510.0
 10
350.0
 20
1670.0
 10
345.0
 20
1670.0
 97
0
 75
1
 76
1
 98
0
  0
LWPOLYLINE
  5
1A4
330
17
100
AcDbEntity
  8
AR-FIN
 62
7
370
20
100
AcDbPolyline
 90
4
 70
1
 10
345.0
 20
1510.0
 10
350.0
 20
1510.0
 10
350.0
 20
1670.0
 10
345.0
 20
1670.0
  0
HATCH
  5
1A5
330
17
100
AcDbEntity
  8
AR-FIN
 62
7
420
13163496
100
AcDbHatch
 10
0.0
 20
0.0
 30
0.0
210
0.0
220
0.0
230
1.0
  2
SOLID
 70
1
 71
0
 91
1
 92
3
 72
0
 73
1
 93
4
 10
350.0
 20
1510.0
 10
360.0
 20
1510.0
 10
360.0
 20
1670.0
 10
350.0
 20
1670.0
 97
0
 75
1
 76
1
 98
0
  0
LWPOLYLINE
  5
1A6
330
17
100
AcDbEntity
  8
AR-FIN
 62
7
370
20
100
AcDbPolyline
 90
4
 70
1
 10
350.0
 20
1510.0
 10
360.0
 20
1510.0
 10
360.0
 20
1670.0
 10
350.0
 20
1670.0
  0
LWPOLYLINE
  5
1A7
330
17
100
AcDbEntity
  8
AR-FIN
  6
DASHED
370
20
 48
30.0
420
7829367
100
AcDbPolyline
 90
4
 70
1
 10
360.0
 20
1510.0
 10
380.0
 20
1510.0
 10
380.0
 20
1670.0
 10
360.0
 20
1670.0
  0
HATCH
  5
1A8
330
17
100
AcDbEntity
  8
AR-FIN
 62
7
420
8359053
100
AcDbHatch
 10
0.0
 20
0.0
 30
0.0
210
0.0
220
0.0
230
1.0
  2
SOLID
 70
1
 71
0
 91
1
 92
3
 72
0
 73
1
 93
4
 10
460.0
 20
1550.0
 10
472.0
 20
1550.0
 10
472.0
 20
1670.0
 10
460.0
 20
1670.0
 97
0
 75
1
 76
1
 98
0
  0
LWPOLYLINE
  5
1A9
330
17
100
AcDbEntity
  8
AR-FIN
 62
7
370
20
100
AcDbPolyline
 90
4
 70
1
 10
460.0
 20
1550.0
 10
472.0
 20
1550.0
 10
472.0
 20
1670.0
 10
460.0
 20
1670.0
  0
HATCH
  5
1AA
330
17
100
AcDbEntity
  8
AR-FIN
 62
7
420
11184810
100
AcDbHatch
 10
0.0
 20
0.0
 30
0.0
210
0.0
220
0.0
230
1.0
  2
ANSI31
 70
0
 71
0
 91
1
 92
3
 72
0
 73
1
 93
4
 10
472.0
 20
1550.0
 10
790.0
 20
1550.0
 10
790.0
 20
1562.5
 10
472.0
 20
1562.5
 97
0
 75
1
 76
1
 52
90.0
 41
2.75
 77
0
 78
1
 53
135.0
 43
0.0
 44
0.0
 45
-6.1739260833
 46
-6.1739260833
 79
0
 98
0
  0
LWPOLYLINE
  5
1AB
330
17
100
AcDbEntity
  8
AR-FIN
 62
7
370
20
100
AcDbPolyline
 90
4
 70
1
 10
472.0
 20
1550.0
 10
790.0
 20
1550.0
 10
790.0
 20
1562.5
 10
472.0
 20
1562.5
  0
HATCH
  5
1AC
330
17
100
AcDbEntity
  8
AR-FIN
 62
7
420
12434877
100
AcDbHatch
 10
0.0
 20
0.0
 30
0.0
210
0.0
220
0.0
230
1.0
  2
SOLID
 70
1
 71
0
 91
1
 92
3
 72
0
 73
1
 93
4
 10
472.0
 20
1562.5
 10
790.0
 20
1562.5
 10
790.0
 20
1570.5
 10
472.0
 20
1570.5
 97
0
 75
1
 76
1
 98
0
  0
LWPOLYLINE
  5
1AD
330
17
100
AcDbEntity
  8
AR-FIN
 62
7
370
20
100
AcDbPolyline
 90
4
 70
1
 10
472.0
 20
1562.5
 10
790.0
 20
1562.5
 10
790.0
 20
1570.5
 10
472.0
 20
1570.5
  0
HATCH
  5
1AE
330
17
100
AcDbEntity
  8
AR-FIN
 62
7
420
13163496
100
AcDbHatch
 10
0.0
 20
0.0
 30
0.0
210
0.0
220
0.0
230
1.0
  2
SOLID
 70
1
 71
0
 91
1
 92
3
 72
0
 73
1
 93
4
 10
472.0
 20
1570.5
 10
790.0
 20
1570.5
 10
790.0
 20
1580.5
 10
472.0
 20
1580.5
 97
0
 75
1
 76
1
 98
0
  0
LWPOLYLINE
  5
1AF
330
17
100
AcDbEntity
  8
AR-FIN
 62
7
370
20
100
AcDbPolyline
 90
4
 70
1
 10
472.0
 20
1570.5
 10
790.0
 20
1570.5
 10
790.0
 20
1580.5
 10
472.0
 20
1580.5
  0
HATCH
  5
1B0
330
17
100
AcDbEntity
  8
AR-FIN
 62
7
420
8359053
100
AcDbHatch
 10
0.0
 20
0.0
 30
0.0
210
0.0
220
0.0
230
1.0
  2
SOLID
 70
1
 71
0
 91
1
 92
3
 72
0
 73
1
 93
4
 10
790.0
 20
1550.0
 10
802.0
 20
1550.0
 10
802.0
 20
1670.0
 10
790.0
 20
1670.0
 97
0
 75
1
 76
1
 98
0
  0
LWPOLYLINE
  5
1B1
330
17
100
AcDbEntity
  8
AR-FIN
 62
7
370
20
100
AcDbPolyline
 90
4
 70
1
 10
790.0
 20
1550.0
 10
802.0
 20
1550.0
 10
802.0
 20
1670.0
 10
790.0
 20
1670.0
  0
LWPOLYLINE
  5
1B2
330
17
100
AcDbEntity
  8
AR-FIN
  6
DASHDOT
370
13
 48
30.0
420
10066329
100
AcDbPolyline
 90
4
 70
1
 10
260.0
 20
1510.0
 10
840.0
 20
1510.0
 10
840.0
 20
1670.0
 10
260.0
 20
1670.0
  0
TEXT
  5
1B3
330
17
100
AcDbEntity
  8
TEXT
420
1710618
100
AcDbText
 10
226.0693158436214
 20
1582.5
 30
0.0
 40
15.0
  1
1
  7
GOST
 11
226.0693158436214
 21
1582.5
 31
0.0
100
AcDbText
  0
LWPOLYLINE
  5
1B4
330
17
100
AcDbEntity
  8
TEXT
370
15
420
3355443
100
AcDbPolyline
 90
2
 70
0
 10
290.0
 20
1590.0
 10
243.0
 20
1590.0
  0
HATCH
  5
1B5
330
17
100
AcDbEntity
  8
TEXT
 62
7
420
3355443
100
AcDbHatch
 10
0.0
 20
0.0
 30
0.0
210
0.0
220
0.0
230
1.0
  2
SOLID
 70
1
 71
0
 91
1
 92
1
 93
1
 72
2
 10
290.0
 20
1590.0
 40
2.5
 50
0
 51
360
 73
1
 97
0
 75
1
 76
1
 98
0
  0
CIRCLE
  5
1B6
330
17
100
AcDbEntity
  8
TEXT
370
13
420
3355443
100
AcDbCircle
 10
290.0
 20
1590.0
 30
0.0
 40
2.5
  0
TEXT
  5
1B7
330
17
100
AcDbEntity
  8
TEXT
420
1710618
100
AcDbText
 10
325.7211291152263
 20
1690.0
 30
0.0
 40
15.0
  1
2
  7
GOST
 11
325.7211291152263
 21
1690.0
 31
0.0
100
AcDbText
  0
LWPOLYLINE
  5
1B8
330
17
100
AcDbEntity
  8
TEXT
370
15
420
3355443
100
AcDbPolyline
 90
2
 70
0
 10
332.5
 20
1590.0
 10
332.5
 20
1687.0
  0
HATCH
  5
1B9
330
17
100
AcDbEntity
  8
TEXT
 62
7
420
3355443
100
AcDbHatch
 10
0.0
 20
0.0
 30
0.0
210
0.0
220
0.0
230
1.0
  2
SOLID
 70
1
 71
0
 91
1
 92
1
 93
1
 72
2
 10
332.5
 20
1590.0
 40
2.5
 50
0
 51
360
 73
1
 97
0
 75
1
 76
1
 98
0
  0
CIRCLE
  5
1BA
330
17
100
AcDbEntity
  8
TEXT
370
13
420
3355443
100
AcDbCircle
 10
332.5
 20
1590.0
 30
0.0
 40
2.5
  0
TEXT
  5
1BB
330
17
100
AcDbEntity
  8
TEXT
420
1710618
100
AcDbText
 10
340.6455761316872
 20
1475.0
 30
0.0
 40
15.0
  1
3
  7
GOST
 11
340.6455761316872
 21
1475.0
 31
0.0
100
AcDbText
  0
LWPOLYLINE
  5
1BC
330
17
100
AcDbEntity
  8
TEXT
370
15
420
3355443
100
AcDbPolyline
 90
2
 70
0
 10
347.5
 20
1590.0
 10
347.5
 20
1493.0
  0
HATCH
  5
1BD
330
17
100
AcDbEntity
  8
TEXT
 62
7
420
3355443
100
AcDbHatch
 10
0.0
 20
0.0
 30
0.0
210
0.0
220
0.0
230
1.0
  2
SOLID
 70
1
 71
0
 91
1
 92
1
 93
1
 72
2
 10
347.5
 20
1590.0
 40
2.5
 50
0
 51
360
 73
1
 97
0
 75
1
 76
1
 98
0
  0
CIRCLE
  5
1BE
330
17
100
AcDbEntity
  8
TEXT
370
13
420
3355443
100
AcDbCircle
 10
347.5
 20
1590.0
 30
0.0
 40
2.5
  0
TEXT
  5
1BF
330
17
100
AcDbEntity
  8
TEXT
420
1710618
100
AcDbText
 10
446.92388155425124
 20
1681.923881554251
 30
0.0
 40
15.0
  1
4
  7
GOST
 11
446.92388155425124
 21
1681.923881554251
 31
0.0
100
AcDbText
  0
LWPOLYLINE
  5
1C0
330
17
100
AcDbEntity
  8
TEXT
370
15
420
3355443
100
AcDbPolyline
 90
2
 70
0
 10
355.0
 20
1590.0
 10
443.92388155425124
 20
1678.923881554251
  0
HATCH
  5
1C1
330
17
100
AcDbEntity
  8
TEXT
 62
7
420
3355443
100
AcDbHatch
 10
0.0
 20
0.0
 30
0.0
210
0.0
220
0.0
230
1.0
  2
SOLID
 70
1
 71
0
 91
1
 92
1
 93
1
 72
2
 10
355.0
 20
1590.0
 40
2.5
 50
0
 51
360
 73
1
 97
0
 75
1
 76
1
 98
0
  0
CIRCLE
  5
1C2
330
17
100
AcDbEntity
  8
TEXT
370
13
420
3355443
100
AcDbCircle
 10
355.0
 20
1590.0
 30
0.0
 40
2.5
  0
TEXT
  5
1C3
330
17
100
AcDbEntity
  8
TEXT
420
1710618
100
AcDbText
 10
536.7106781186548
 20
1680.7106781186549
 30
0.0
 40
15.0
  1
5
  7
GOST
 11
536.7106781186548
 21
1680.7106781186549
 31
0.0
100
AcDbText
  0
LWPOLYLINE
  5
1C4
330
17
100
AcDbEntity
  8
TEXT
370
15
420
3355443
100
AcDbPolyline
 90
2
 70
0
 10
466.0
 20
1610.0
 10
533.7106781186548
 20
1677.7106781186546
  0
HATCH
  5
1C5
330
17
100
AcDbEntity
  8
TEXT
 62
7
420
3355443
100
AcDbHatch
 10
0.0
 20
0.0
 30
0.0
210
0.0
220
0.0
230
1.0
  2
SOLID
 70
1
 71
0
 91
1
 92
1
 93
1
 72
2
 10
466.0
 20
1610.0
 40
2.5
 50
0
 51
360
 73
1
 97
0
 75
1
 76
1
 98
0
  0
CIRCLE
  5
1C6
330
17
100
AcDbEntity
  8
TEXT
370
13
420
3355443
100
AcDbCircle
 10
466.0
 20
1610.0
 30
0.0
 40
2.5
  0
TEXT
  5
1C7
330
17
100
AcDbEntity
  8
TEXT
420
1710618
100
AcDbText
 10
623.8803369341564
 20
1466.25
 30
0.0
 40
15.0
  1
6
  7
GOST
 11
623.8803369341564
 21
1466.25
 31
0.0
100
AcDbText
  0
LWPOLYLINE
  5
1C8
330
17
100
AcDbEntity
  8
TEXT
370
15
420
3355443
100
AcDbPolyline
 90
2
 70
0
 10
631.0
 20
1556.25
 10
631.0
 20
1484.25
  0
HATCH
  5
1C9
330
17
100
AcDbEntity
  8
TEXT
 62
7
420
3355443
100
AcDbHatch
 10
0.0
 20
0.0
 30
0.0
210
0.0
220
0.0
230
1.0
  2
SOLID
 70
1
 71
0
 91
1
 92
1
 93
1
 72
2
 10
631.0
 20
1556.25
 40
2.5
 50
0
 51
360
 73
1
 97
0
 75
1
 76
1
 98
0
  0
CIRCLE
  5
1CA
330
17
100
AcDbEntity
  8
TEXT
370
13
420
3355443
100
AcDbCircle
 10
631.0
 20
1556.25
 30
0.0
 40
2.5
  0
TEXT
  5
1CB
330
17
100
AcDbEntity
  8
TEXT
420
1710618
100
AcDbText
 10
722.9238815542511
 20
1468.576118445749
 30
0.0
 40
15.0
  1
7
  7
GOST
 11
722.9238815542511
 21
1468.576118445749
 31
0.0
100
AcDbText
  0
LWPOLYLINE
  5
1CC
330
17
100
AcDbEntity
  8
TEXT
370
15
420
3355443
100
AcDbPolyline
 90
2
 70
0
 10
631.0
 20
1575.5
 10
719.9238815542512
 20
1486.5761184457492
  0
HATCH
  5
1CD
330
17
100
AcDbEntity
  8
TEXT
 62
7
420
3355443
100
AcDbHatch
 10
0.0
 20
0.0
 30
0.0
210
0.0
220
0.0
230
1.0
  2
SOLID
 70
1
 71
0
 91
1
 92
1
 93
1
 72
2
 10
631.0
 20
1575.5
 40
2.5
 50
0
 51
360
 73
1
 97
0
 75
1
 76
1
 98
0
  0
CIRCLE
  5
1CE
330
17
100
AcDbEntity
  8
TEXT
370
13
420
3355443
100
AcDbCircle
 10
631.0
 20
1575.5
 30
0.0
 40
2.5
  0
TEXT
  5
1CF
330
17
100
AcDbEntity
  8
TEXT
 62
7
100
AcDbText
 10
880.0
 20
1656.5
 30
0.0
 40
13.5
  1
1.
  7
GOST
 11
880.0
 21
1656.5
 31
0.0
100
AcDbText
  0
TEXT
  5
1D0
330
17
100
AcDbEntity
  8
TEXT
 62
7
100
AcDbText
 10
925.0
 20
1656.5
 30
0.0
 40
13.5
  1
Полость короба стояков (узел N1/N2)
  7
GOST
 11
925.0
 21
1656.5
 31
0.0
100
AcDbText
  0
TEXT
  5
1D1
330
17
100
AcDbEntity
  8
TEXT
 62
7
100
AcDbText
 10
880.0
 20
1630.925
 30
0.0
 40
13.5
  1
2.
  7
GOST
 11
880.0
 21
1630.925
 31
0.0
100
AcDbText
  0
TEXT
  5
1D2
330
17
100
AcDbEntity
  8
TEXT
 62
7
100
AcDbText
 10
925.0
 20
1630.925
 30
0.0
 40
13.5
  1
Короб: ПП 60/27 + 2×ГВЛВ 12,5
  7
GOST
 11
925.0
 21
1630.925
 31
0.0
100
AcDbText
  0
TEXT
  5
1D3
330
17
100
AcDbEntity
  8
TEXT
 62
7
100
AcDbText
 10
880.0
 20
1605.35
 30
0.0
 40
13.5
  1
3.
  7
GOST
 11
880.0
 21
1605.35
 31
0.0
100
AcDbText
  0
TEXT
  5
1D4
330
17
100
AcDbEntity
  8
TEXT
 62
7
100
AcDbText
 10
925.0
 20
1605.35
 30
0.0
 40
13.5
  1
Клей C2TE S1
  7
GOST
 11
925.0
 21
1605.35
 31
0.0
100
AcDbText
  0
TEXT
  5
1D5
330
17
100
AcDbEntity
  8
TEXT
 62
7
100
AcDbText
 10
880.0
 20
1579.7749999999999
 30
0.0
 40
13.5
  1
4.
  7
GOST
 11
880.0
 21
1579.7749999999999
 31
0.0
100
AcDbText
  0
TEXT
  5
1D6
330
17
100
AcDbEntity
  8
TEXT
 62
7
100
AcDbText
 10
925.0
 20
1579.7749999999999
 30
0.0
 40
13.5
  1
Плитка/«кабанчик»; швы совпадают с контуром люка
  7
GOST
 11
925.0
 21
1579.7749999999999
 31
0.0
100
AcDbText
  0
TEXT
  5
1D7
330
17
100
AcDbEntity
  8
TEXT
 62
7
100
AcDbText
 10
880.0
 20
1554.1999999999998
 30
0.0
 40
13.5
  1
5.
  7
GOST
 11
880.0
 21
1554.1999999999998
 31
0.0
100
AcDbText
  0
TEXT
  5
1D8
330
17
100
AcDbEntity
  8
TEXT
 62
7
100
AcDbText
 10
925.0
 20
1554.1999999999998
 30
0.0
 40
13.5
  1
Алюминиевая рама люка к каркасу короба
  7
GOST
 11
925.0
 21
1554.1999999999998
 31
0.0
100
AcDbText
  0
TEXT
  5
1D9
330
17
100
AcDbEntity
  8
TEXT
 62
7
100
AcDbText
 10
880.0
 20
1528.6249999999998
 30
0.0
 40
13.5
  1
6.
  7
GOST
 11
880.0
 21
1528.6249999999998
 31
0.0
100
AcDbText
  0
TEXT
  5
1DA
330
17
100
AcDbEntity
  8
TEXT
 62
7
100
AcDbText
 10
925.0
 20
1528.6249999999998
 30
0.0
 40
13.5
  1
Полотно ЦСП/ГВЛВ 12,5 на магнитно-нажимных защёлках
  7
GOST
 11
925.0
 21
1528.6249999999998
 31
0.0
100
AcDbText
  0
TEXT
  5
1DB
330
17
100
AcDbEntity
  8
TEXT
 62
7
100
AcDbText
 10
925.0
 20
1509.0499999999997
 30
0.0
 40
13.5
  1
(push), уплотнитель
  7
GOST
 11
925.0
 21
1509.0499999999997
 31
0.0
100
AcDbText
  0
TEXT
  5
1DC
330
17
100
AcDbEntity
  8
TEXT
 62
7
100
AcDbText
 10
880.0
 20
1483.4749999999997
 30
0.0
 40
13.5
  1
7.
  7
GOST
 11
880.0
 21
1483.4749999999997
 31
0.0
100
AcDbText
  0
TEXT
  5
1DD
330
17
100
AcDbEntity
  8
TEXT
 62
7
100
AcDbText
 10
925.0
 20
1483.4749999999997
 30
0.0
 40
13.5
  1
Облицовка полотна той же плиткой; по контуру — силикон в
  7
GOST
 11
925.0
 21
1483.4749999999997
 31
0.0
100
AcDbText
  0
TEXT
  5
1DE
330
17
100
AcDbEntity
  8
TEXT
 62
7
100
AcDbText
 10
925.0
 20
1463.8999999999996
 30
0.0
 40
13.5
  1
тон (зазор 2)
  7
GOST
 11
925.0
 21
1463.8999999999996
 31
0.0
100
AcDbText
  0
TEXT
  5
1DF
330
17
100
AcDbEntity
  8
TEXT
 62
7
100
AcDbText
 10
1660.0
 20
1740.0
 30
0.0
 40
22.0
  1
Узел 4. Стык доска/керамогранит J2 (и шов J4 у дверей D1/D2)
  7
GOST
 11
1660.0
 21
1740.0
 31
0.0
100
AcDbText
  0
TEXT
  5
1E0
330
17
100
AcDbEntity
  8
TEXT
420
5592405
100
AcDbText
 10
1660.0
 20
1708.0
 30
0.0
 40
15.0
  1
М 1:10 (схематично, по details.md)
  7
GOST
 11
1660.0
 21
1708.0
 31
0.0
100
AcDbText
  0
HATCH
  5
1E1
330
17
100
AcDbEntity
  8
AR-FIN
 62
7
420
5592405
100
AcDbHatch
 10
0.0
 20
0.0
 30
0.0
210
0.0
220
0.0
230
1.0
  2
ANSI31
 70
0
 71
0
 91
1
 92
3
 72
0
 73
1
 93
4
 10
1680.0
 20
1450.0
 10
1997.0
 20
1450.0
 10
1997.0
 20
1530.0
 10
1680.0
 20
1530.0
 97
0
 75
1
 76
1
 52
0.0
 41
2.75
 77
0
 78
1
 53
45.0
 43
0.0
 44
0.0
 45
-6.1739260833
 46
6.1739260833
 79
0
 98
0
  0
HATCH
  5
1E2
330
17
100
AcDbEntity
  8
AR-FIN
 62
7
420
14277081
440
33554559
100
AcDbHatch
 10
0.0
 20
0.0
 30
0.0
210
0.0
220
0.0
230
1.0
  2
SOLID
 70
1
 71
0
 91
1
 92
3
 72
0
 73
1
 93
4
 10
1680.0
 20
1450.0
 10
1997.0
 20
1450.0
 10
1997.0
 20
1530.0
 10
1680.0
 20
1530.0
 97
0
 75
1
 76
1
 98
0
  0
LWPOLYLINE
  5
1E3
330
17
100
AcDbEntity
  8
AR-FIN
 62
7
370
20
100
AcDbPolyline
 90
4
 70
1
 10
1680.0
 20
1450.0
 10
1997.0
 20
1450.0
 10
1997.0
 20
1530.0
 10
1680.0
 20
1530.0
  0
HATCH
  5
1E4
330
17
100
AcDbEntity
  8
AR-FIN
 62
7
420
7829367
100
AcDbHatch
 10
0.0
 20
0.0
 30
0.0
210
0.0
220
0.0
230
1.0
  2
DOTS
 70
0
 71
0
 91
1
 92
3
 72
0
 73
1
 93
4
 10
1680.0
 20
1530.0
 10
1997.0
 20
1530.0
 10
1997.0
 20
1610.0
 10
1680.0
 20
1610.0
 97
0
 75
1
 76
1
 52
0.0
 41
5.5
 77
0
 78
1
 53
0.0
 43
0.0
 44
0.0
 45
4.365625
 46
8.73125
 79
2
 49
0.0
 49
-8.73125
 98
0
  0
HATCH
  5
1E5
330
17
100
AcDbEntity
  8
AR-FIN
 62
7
420
15000804
440
33554559
100
AcDbHatch
 10
0.0
 20
0.0
 30
0.0
210
0.0
220
0.0
230
1.0
  2
SOLID
 70
1
 71
0
 91
1
 92
3
 72
0
 73
1
 93
4
 10
1680.0
 20
1530.0
 10
1997.0
 20
1530.0
 10
1997.0
 20
1610.0
 10
1680.0
 20
1610.0
 97
0
 75
1
 76
1
 98
0
  0
LWPOLYLINE
  5
1E6
330
17
100
AcDbEntity
  8
AR-FIN
 62
7
370
20
100
AcDbPolyline
 90
4
 70
1
 10
1680.0
 20
1530.0
 10
1997.0
 20
1530.0
 10
1997.0
 20
1610.0
 10
1680.0
 20
1610.0
  0
HATCH
  5
1E7
330
17
100
AcDbEntity
  8
AR-FIN
 62
7
420
12434877
100
AcDbHatch
 10
0.0
 20
0.0
 30
0.0
210
0.0
220
0.0
230
1.0
  2
SOLID
 70
1
 71
0
 91
1
 92
3
 72
0
 73
1
 93
4
 10
1680.0
 20
1610.0
 10
1997.0
 20
1610.0
 10
1997.0
 20
1613.0
 10
1680.0
 20
1613.0
 97
0
 75
1
 76
1
 98
0
  0
LWPOLYLINE
  5
1E8
330
17
100
AcDbEntity
  8
AR-FIN
 62
7
370
20
100
AcDbPolyline
 90
4
 70
1
 10
1680.0
 20
1610.0
 10
1997.0
 20
1610.0
 10
1997.0
 20
1613.0
 10
1680.0
 20
1613.0
  0
HATCH
  5
1E9
330
17
100
AcDbEntity
  8
AR-FIN
 62
7
420
12434877
100
AcDbHatch
 10
0.0
 20
0.0
 30
0.0
210
0.0
220
0.0
230
1.0
  2
SOLID
 70
1
 71
0
 91
1
 92
3
 72
0
 73
1
 93
4
 10
1680.0
 20
1613.0
 10
1997.0
 20
1613.0
 10
1997.0
 20
1615.0
 10
1680.0
 20
1615.0
 97
0
 75
1
 76
1
 98
0
  0
LWPOLYLINE
  5
1EA
330
17
100
AcDbEntity
  8
AR-FIN
 62
7
370
20
100
AcDbPolyline
 90
4
 70
1
 10
1680.0
 20
1613.0
 10
1997.0
 20
1613.0
 10
1997.0
 20
1615.0
 10
1680.0
 20
1615.0
  0
HATCH
  5
1EB
330
17
100
AcDbEntity
  8
AR-FIN
 62
7
420
11569232
100
AcDbHatch
 10
0.0
 20
0.0
 30
0.0
210
0.0
220
0.0
230
1.0
  2
LINE
 70
0
 71
0
 91
1
 92
3
 72
0
 73
1
 93
4
 10
1680.0
 20
1615.0
 10
1997.0
 20
1615.0
 10
1997.0
 20
1630.0
 10
1680.0
 20
1630.0
 97
0
 75
1
 76
1
 52
90.0
 41
2.75
 77
0
 78
1
 53
90.0
 43
0.0
 44
0.0
 45
-8.73125
 46
0.0
 79
0
 98
0
  0
HATCH
  5
1EC
330
17
100
AcDbEntity
  8
AR-FIN
 62
7
420
14928288
440
33554559
100
AcDbHatch
 10
0.0
 20
0.0
 30
0.0
210
0.0
220
0.0
230
1.0
  2
SOLID
 70
1
 71
0
 91
1
 92
3
 72
0
 73
1
 93
4
 10
1680.0
 20
1615.0
 10
1997.0
 20
1615.0
 10
1997.0
 20
1630.0
 10
1680.0
 20
1630.0
 97
0
 75
1
 76
1
 98
0
  0
LWPOLYLINE
  5
1ED
330
17
100
AcDbEntity
  8
AR-FIN
 62
7
370
20
100
AcDbPolyline
 90
4
 70
1
 10
1680.0
 20
1615.0
 10
1997.0
 20
1615.0
 10
1997.0
 20
1630.0
 10
1680.0
 20
1630.0
  0
HATCH
  5
1EE
330
17
100
AcDbEntity
  8
AR-FIN
 62
7
420
7829367
100
AcDbHatch
 10
0.0
 20
0.0
 30
0.0
210
0.0
220
0.0
230
1.0
  2
DOTS
 70
0
 71
0
 91
1
 92
3
 72
0
 73
1
 93
4
 10
2003.0
 20
1530.0
 10
2320.0
 20
1530.0
 10
2320.0
 20
1610.0
 10
2003.0
 20
1610.0
 97
0
 75
1
 76
1
 52
0.0
 41
5.5
 77
0
 78
1
 53
0.0
 43
0.0
 44
0.0
 45
4.365625
 46
8.73125
 79
2
 49
0.0
 49
-8.73125
 98
0
  0
HATCH
  5
1EF
330
17
100
AcDbEntity
  8
AR-FIN
 62
7
420
15000804
440
33554559
100
AcDbHatch
 10
0.0
 20
0.0
 30
0.0
210
0.0
220
0.0
230
1.0
  2
SOLID
 70
1
 71
0
 91
1
 92
3
 72
0
 73
1
 93
4
 10
2003.0
 20
1530.0
 10
2320.0
 20
1530.0
 10
2320.0
 20
1610.0
 10
2003.0
 20
1610.0
 97
0
 75
1
 76
1
 98
0
  0
LWPOLYLINE
  5
1F0
330
17
100
AcDbEntity
  8
AR-FIN
 62
7
370
20
100
AcDbPolyline
 90
4
 70
1
 10
2003.0
 20
1530.0
 10
2320.0
 20
1530.0
 10
2320.0
 20
1610.0
 10
2003.0
 20
1610.0
  0
HATCH
  5
1F1
330
17
100
AcDbEntity
  8
AR-FIN
 62
7
420
12434877
100
AcDbHatch
 10
0.0
 20
0.0
 30
0.0
210
0.0
220
0.0
230
1.0
  2
SOLID
 70
1
 71
0
 91
1
 92
3
 72
0
 73
1
 93
4
 10
2003.0
 20
1610.0
 10
2320.0
 20
1610.0
 10
2320.0
 20
1612.0
 10
2003.0
 20
1612.0
 97
0
 75
1
 76
1
 98
0
  0
LWPOLYLINE
  5
1F2
330
17
100
AcDbEntity
  8
AR-FIN
 62
7
370
20
100
AcDbPolyline
 90
4
 70
1
 10
2003.0
 20
1610.0
 10
2320.0
 20
1610.0
 10
2320.0
 20
1612.0
 10
2003.0
 20
1612.0
  0
HATCH
  5
1F3
330
17
100
AcDbEntity
  8
AR-FIN
 62
7
420
12434877
100
AcDbHatch
 10
0.0
 20
0.0
 30
0.0
210
0.0
220
0.0
230
1.0
  2
SOLID
 70
1
 71
0
 91
1
 92
3
 72
0
 73
1
 93
4
 10
2003.0
 20
1612.0
 10
2320.0
 20
1612.0
 10
2320.0
 20
1620.0
 10
2003.0
 20
1620.0
 97
0
 75
1
 76
1
 98
0
  0
LWPOLYLINE
  5
1F4
330
17
100
AcDbEntity
  8
AR-FIN
 62
7
370
20
100
AcDbPolyline
 90
4
 70
1
 10
2003.0
 20
1612.0
 10
2320.0
 20
1612.0
 10
2320.0
 20
1620.0
 10
2003.0
 20
1620.0
  0
HATCH
  5
1F5
330
17
100
AcDbEntity
  8
AR-FIN
 62
7
420
13163496
100
AcDbHatch
 10
0.0
 20
0.0
 30
0.0
210
0.0
220
0.0
230
1.0
  2
SOLID
 70
1
 71
0
 91
1
 92
3
 72
0
 73
1
 93
4
 10
2003.0
 20
1620.0
 10
2320.0
 20
1620.0
 10
2320.0
 20
1630.0
 10
2003.0
 20
1630.0
 97
0
 75
1
 76
1
 98
0
  0
LWPOLYLINE
  5
1F6
330
17
100
AcDbEntity
  8
AR-FIN
 62
7
370
20
100
AcDbPolyline
 90
4
 70
1
 10
2003.0
 20
1620.0
 10
2320.0
 20
1620.0
 10
2320.0
 20
1630.0
 10
2003.0
 20
1630.0
  0
HATCH
  5
1F7
330
17
100
AcDbEntity
  8
AR-FIN
 62
7
420
5592405
100
AcDbHatch
 10
0.0
 20
0.0
 30
0.0
210
0.0
220
0.0
230
1.0
  2
ANSI31
 70
0
 71
0
 91
1
 92
3
 72
0
 73
1
 93
4
 10
2003.0
 20
1450.0
 10
2320.0
 20
1450.0
 10
2320.0
 20
1530.0
 10
2003.0
 20
1530.0
 97
0
 75
1
 76
1
 52
0.0
 41
2.75
 77
0
 78
1
 53
45.0
 43
0.0
 44
0.0
 45
-6.1739260833
 46
6.1739260833
 79
0
 98
0
  0
HATCH
  5
1F8
330
17
100
AcDbEntity
  8
AR-FIN
 62
7
420
14277081
440
33554559
100
AcDbHatch
 10
0.0
 20
0.0
 30
0.0
210
0.0
220
0.0
230
1.0
  2
SOLID
 70
1
 71
0
 91
1
 92
3
 72
0
 73
1
 93
4
 10
2003.0
 20
1450.0
 10
2320.0
 20
1450.0
 10
2320.0
 20
1530.0
 10
2003.0
 20
1530.0
 97
0
 75
1
 76
1
 98
0
  0
LWPOLYLINE
  5
1F9
330
17
100
AcDbEntity
  8
AR-FIN
 62
7
370
20
100
AcDbPolyline
 90
4
 70
1
 10
2003.0
 20
1450.0
 10
2320.0
 20
1450.0
 10
2320.0
 20
1530.0
 10
2003.0
 20
1530.0
  0
HATCH
  5
1FA
330
17
100
AcDbEntity
  8
AR-FIN
 62
7
420
12434877
100
AcDbHatch
 10
0.0
 20
0.0
 30
0.0
210
0.0
220
0.0
230
1.0
  2
SOLID
 70
1
 71
0
 91
1
 92
3
 72
0
 73
1
 93
4
 10
2003.0
 20
1610.0
 10
2320.0
 20
1610.0
 10
2320.0
 20
1612.0
 10
2003.0
 20
1612.0
 97
0
 75
1
 76
1
 98
0
  0
LWPOLYLINE
  5
1FB
330
17
100
AcDbEntity
  8
AR-FIN
 62
7
370
20
100
AcDbPolyline
 90
4
 70
1
 10
2003.0
 20
1610.0
 10
2320.0
 20
1610.0
 10
2320.0
 20
1612.0
 10
2003.0
 20
1612.0
  0
HATCH
  5
1FC
330
17
100
AcDbEntity
  8
AR-FIN
 62
7
420
12434877
100
AcDbHatch
 10
0.0
 20
0.0
 30
0.0
210
0.0
220
0.0
230
1.0
  2
SOLID
 70
1
 71
0
 91
1
 92
3
 72
0
 73
1
 93
4
 10
2003.0
 20
1612.0
 10
2320.0
 20
1612.0
 10
2320.0
 20
1620.0
 10
2003.0
 20
1620.0
 97
0
 75
1
 76
1
 98
0
  0
LWPOLYLINE
  5
1FD
330
17
100
AcDbEntity
  8
AR-FIN
 62
7
370
20
100
AcDbPolyline
 90
4
 70
1
 10
2003.0
 20
1612.0
 10
2320.0
 20
1612.0
 10
2320.0
 20
1620.0
 10
2003.0
 20
1620.0
  0
HATCH
  5
1FE
330
17
100
AcDbEntity
  8
AR-FIN
 62
7
420
13163496
100
AcDbHatch
 10
0.0
 20
0.0
 30
0.0
210
0.0
220
0.0
230
1.0
  2
SOLID
 70
1
 71
0
 91
1
 92
3
 72
0
 73
1
 93
4
 10
2003.0
 20
1620.0
 10
2320.0
 20
1620.0
 10
2320.0
 20
1630.0
 10
2003.0
 20
1630.0
 97
0
 75
1
 76
1
 98
0
  0
LWPOLYLINE
  5
1FF
330
17
100
AcDbEntity
  8
AR-FIN
 62
7
370
20
100
AcDbPolyline
 90
4
 70
1
 10
2003.0
 20
1620.0
 10
2320.0
 20
1620.0
 10
2320.0
 20
1630.0
 10
2003.0
 20
1630.0
  0
HATCH
  5
200
330
17
100
AcDbEntity
  8
AR-FIN
 62
7
420
12884588
100
AcDbHatch
 10
0.0
 20
0.0
 30
0.0
210
0.0
220
0.0
230
1.0
  2
SOLID
 70
1
 71
0
 91
1
 92
3
 72
0
 73
1
 93
4
 10
1997.0
 20
1610.0
 10
2003.0
 20
1610.0
 10
2003.0
 20
1630.0
 10
1997.0
 20
1630.0
 97
0
 75
1
 76
1
 98
0
  0
LWPOLYLINE
  5
201
330
17
100
AcDbEntity
  8
AR-FIN
 62
7
370
20
100
AcDbPolyline
 90
4
 70
1
 10
1997.0
 20
1610.0
 10
2003.0
 20
1610.0
 10
2003.0
 20
1630.0
 10
1997.0
 20
1630.0
  0
HATCH
  5
202
330
17
100
AcDbEntity
  8
AR-FIN
 62
7
420
11770731
100
AcDbHatch
 10
0.0
 20
0.0
 30
0.0
210
0.0
220
0.0
230
1.0
  2
SOLID
 70
1
 71
0
 91
1
 92
3
 72
0
 73
1
 93
4
 10
1998.5
 20
1620.0
 10
2001.5
 20
1620.0
 10
2001.5
 20
1630.0
 10
1998.5
 20
1630.0
 97
0
 75
1
 76
1
 98
0
  0
LWPOLYLINE
  5
203
330
17
100
AcDbEntity
  8
AR-FIN
 62
7
370
20
100
AcDbPolyline
 90
4
 70
1
 10
1998.5
 20
1620.0
 10
2001.5
 20
1620.0
 10
2001.5
 20
1630.0
 10
1998.5
 20
1630.0
  0
HATCH
  5
204
330
17
100
AcDbEntity
  8
DIM
 62
7
420
16777215
100
AcDbHatch
 10
0.0
 20
0.0
 30
0.0
210
0.0
220
0.0
230
1.0
  2
SOLID
 70
1
 71
0
 91
1
 92
3
 72
0
 73
1
 93
3
 10
2150.0
 20
1630.0
 10
2138.0
 20
1646.0
 10
2162.0
 20
1646.0
 97
0
 75
1
 76
1
 98
0
  0
LWPOLYLINE
  5
205
330
17
100
AcDbEntity
  8
DIM
 62
7
370
20
100
AcDbPolyline
 90
3
 70
1
 10
2150.0
 20
1630.0
 10
2138.0
 20
1646.0
 10
2162.0
 20
1646.0
  0
LWPOLYLINE
  5
206
330
17
100
AcDbEntity
  8
DIM
 62
7
370
20
100
AcDbPolyline
 90
2
 70
0
 10
2150.0
 20
1646.0
 10
2240.0
 20
1646.0
  0
TEXT
  5
207
330
17
100
AcDbEntity
  8
DIM
 62
7
100
AcDbText
 10
2156.0
 20
1651.0
 30
0.0
 40
15.0
  1
±0,000
  7
GOST
 11
2156.0
 21
1651.0
 31
0.0
100
AcDbText
  0
LWPOLYLINE
  5
208
330
17
100
AcDbEntity
  8
AR-FIN
  6
DASHDOT
370
13
 48
30.0
420
10066329
100
AcDbPolyline
 90
4
 70
1
 10
1680.0
 20
1430.0
 10
2320.0
 20
1430.0
 10
2320.0
 20
1670.0
 10
1680.0
 20
1670.0
  0
TEXT
  5
209
330
17
100
AcDbEntity
  8
TEXT
420
1710618
100
AcDbText
 10
1831.5346579218108
 20
1400.0
 30
0.0
 40
15.0
  1
1
  7
GOST
 11
1831.5346579218108
 21
1400.0
 31
0.0
100
AcDbText
  0
LWPOLYLINE
  5
20A
330
17
100
AcDbEntity
  8
TEXT
370
15
420
3355443
100
AcDbPolyline
 90
2
 70
0
 10
1838.5
 20
1490.0
 10
1838.5
 20
1418.0
  0
HATCH
  5
20B
330
17
100
AcDbEntity
  8
TEXT
 62
7
420
3355443
100
AcDbHatch
 10
0.0
 20
0.0
 30
0.0
210
0.0
220
0.0
230
1.0
  2
SOLID
 70
1
 71
0
 91
1
 92
1
 93
1
 72
2
 10
1838.5
 20
1490.0
 40
2.5
 50
0
 51
360
 73
1
 97
0
 75
1
 76
1
 98
0
  0
CIRCLE
  5
20C
330
17
100
AcDbEntity
  8
TEXT
370
13
420
3355443
100
AcDbCircle
 10
1838.5
 20
1490.0
 30
0.0
 40
2.5
  0
TEXT
  5
20D
330
17
100
AcDbEntity
  8
TEXT
420
1710618
100
AcDbText
 10
1831.7211291152262
 20
1700.0
 30
0.0
 40
15.0
  1
2
  7
GOST
 11
1831.7211291152262
 21
1700.0
 31
0.0
100
AcDbText
  0
LWPOLYLINE
  5
20E
330
17
100
AcDbEntity
  8
TEXT
370
15
420
3355443
100
AcDbPolyline
 90
2
 70
0
 10
1838.5
 20
1570.0
 10
1838.5
 20
1697.0
  0
HATCH
  5
20F
330
17
100
AcDbEntity
  8
TEXT
 62
7
420
3355443
100
AcDbHatch
 10
0.0
 20
0.0
 30
0.0
210
0.0
220
0.0
230
1.0
  2
SOLID
 70
1
 71
0
 91
1
 92
1
 93
1
 72
2
 10
1838.5
 20
1570.0
 40
2.5
 50
0
 51
360
 73
1
 97
0
 75
1
 76
1
 98
0
  0
CIRCLE
  5
210
330
17
100
AcDbEntity
  8
TEXT
370
13
420
3355443
100
AcDbCircle
 10
1838.5
 20
1570.0
 30
0.0
 40
2.5
  0
TEXT
  5
211
330
17
100
AcDbEntity
  8
TEXT
420
1710618
100
AcDbText
 10
1909.2106781186546
 20
1682.2106781186549
 30
0.0
 40
15.0
  1
3
  7
GOST
 11
1909.2106781186546
 21
1682.2106781186549
 31
0.0
100
AcDbText
  0
LWPOLYLINE
  5
212
330
17
100
AcDbEntity
  8
TEXT
370
15
420
3355443
100
AcDbPolyline
 90
2
 70
0
 10
1838.5
 20
1611.5
 10
1906.2106781186546
 20
1679.2106781186546
  0
HATCH
  5
213
330
17
100
AcDbEntity
  8
TEXT
 62
7
420
3355443
100
AcDbHatch
 10
0.0
 20
0.0
 30
0.0
210
0.0
220
0.0
230
1.0
  2
SOLID
 70
1
 71
0
 91
1
 92
1
 93
1
 72
2
 10
1838.5
 20
1611.5
 40
2.5
 50
0
 51
360
 73
1
 97
0
 75
1
 76
1
 98
0
  0
CIRCLE
  5
214
330
17
100
AcDbEntity
  8
TEXT
370
13
420
3355443
100
AcDbCircle
 10
1838.5
 20
1611.5
 30
0.0
 40
2.5
  0
TEXT
  5
215
330
17
100
AcDbEntity
  8
TEXT
420
1710618
100
AcDbText
 10
1753.3892447208514
 20
1684.7106781186549
 30
0.0
 40
15.0
  1
4
  7
GOST
 11
1753.3892447208514
 21
1684.7106781186549
 31
0.0
100
AcDbText
  0
LWPOLYLINE
  5
216
330
17
100
AcDbEntity
  8
TEXT
370
15
420
3355443
100
AcDbPolyline
 90
2
 70
0
 10
1838.5
 20
1614.0
 10
1770.7893218813454
 20
1681.7106781186546
  0
HATCH
  5
217
330
17
100
AcDbEntity
  8
TEXT
 62
7
420
3355443
100
AcDbHatch
 10
0.0
 20
0.0
 30
0.0
210
0.0
220
0.0
230
1.0
  2
SOLID
 70
1
 71
0
 91
1
 92
1
 93
1
 72
2
 10
1838.5
 20
1614.0
 40
2.5
 50
0
 51
360
 73
1
 97
0
 75
1
 76
1
 98
0
  0
CIRCLE
  5
218
330
17
100
AcDbEntity
  8
TEXT
370
13
420
3355443
100
AcDbCircle
 10
1838.5
 20
1614.0
 30
0.0
 40
2.5
  0
TEXT
  5
219
330
17
100
AcDbEntity
  8
TEXT
420
1710618
100
AcDbText
 10
1930.423881554251
 20
1714.423881554251
 30
0.0
 40
15.0
  1
5
  7
GOST
 11
1930.423881554251
 21
1714.423881554251
 31
0.0
100
AcDbText
  0
LWPOLYLINE
  5
21A
330
17
100
AcDbEntity
  8
TEXT
370
15
420
3355443
100
AcDbPolyline
 90
2
 70
0
 10
1838.5
 20
1622.5
 10
1927.4238815542508
 20
1711.423881554251
  0
HATCH
  5
21B
330
17
100
AcDbEntity
  8
TEXT
 62
7
420
3355443
100
AcDbHatch
 10
0.0
 20
0.0
 30
0.0
210
0.0
220
0.0
230
1.0
  2
SOLID
 70
1
 71
0
 91
1
 92
1
 93
1
 72
2
 10
1838.5
 20
1622.5
 40
2.5
 50
0
 51
360
 73
1
 97
0
 75
1
 76
1
 98
0
  0
CIRCLE
  5
21C
330
17
100
AcDbEntity
  8
TEXT
370
13
420
3355443
100
AcDbCircle
 10
1838.5
 20
1622.5
 30
0.0
 40
2.5
  0
TEXT
  5
21D
330
17
100
AcDbEntity
  8
TEXT
420
1710618
100
AcDbText
 10
2192.8803369341563
 20
1695.0
 30
0.0
 40
15.0
  1
6
  7
GOST
 11
2192.8803369341563
 21
1695.0
 31
0.0
100
AcDbText
  0
LWPOLYLINE
  5
21E
330
17
100
AcDbEntity
  8
TEXT
370
15
420
3355443
100
AcDbPolyline
 90
2
 70
0
 10
2200.0
 20
1620.0
 10
2200.0
 20
1692.0
  0
HATCH
  5
21F
330
17
100
AcDbEntity
  8
TEXT
 62
7
420
3355443
100
AcDbHatch
 10
0.0
 20
0.0
 30
0.0
210
0.0
220
0.0
230
1.0
  2
SOLID
 70
1
 71
0
 91
1
 92
1
 93
1
 72
2
 10
2200.0
 20
1620.0
 40
2.5
 50
0
 51
360
 73
1
 97
0
 75
1
 76
1
 98
0
  0
CIRCLE
  5
220
330
17
100
AcDbEntity
  8
TEXT
370
13
420
3355443
100
AcDbCircle
 10
2200.0
 20
1620.0
 30
0.0
 40
2.5
  0
TEXT
  5
221
330
17
100
AcDbEntity
  8
TEXT
420
1710618
100
AcDbText
 10
1993.1455761316872
 20
1695.0
 30
0.0
 40
15.0
  1
7
  7
GOST
 11
1993.1455761316872
 21
1695.0
 31
0.0
100
AcDbText
  0
LWPOLYLINE
  5
222
330
17
100
AcDbEntity
  8
TEXT
370
15
420
3355443
100
AcDbPolyline
 90
2
 70
0
 10
2000.0
 20
1620.0
 10
2000.0
 20
1692.0
  0
HATCH
  5
223
330
17
100
AcDbEntity
  8
TEXT
 62
7
420
3355443
100
AcDbHatch
 10
0.0
 20
0.0
 30
0.0
210
0.0
220
0.0
230
1.0
  2
SOLID
 70
1
 71
0
 91
1
 92
1
 93
1
 72
2
 10
2000.0
 20
1620.0
 40
2.5
 50
0
 51
360
 73
1
 97
0
 75
1
 76
1
 98
0
  0
CIRCLE
  5
224
330
17
100
AcDbEntity
  8
TEXT
370
13
420
3355443
100
AcDbCircle
 10
2000.0
 20
1620.0
 30
0.0
 40
2.5
  0
TEXT
  5
225
330
17
100
AcDbEntity
  8
TEXT
420
1710618
100
AcDbText
 10
2053.033008588991
 20
1678.033008588991
 30
0.0
 40
15.0
  1
8
  7
GOST
 11
2053.033008588991
 21
1678.033008588991
 31
0.0
100
AcDbText
  0
LWPOLYLINE
  5
226
330
17
100
AcDbEntity
  8
TEXT
370
15
420
3355443
100
AcDbPolyline
 90
2
 70
0
 10
2000.0
 20
1625.0
 10
2050.033008588991
 20
1675.033008588991
  0
HATCH
  5
227
330
17
100
AcDbEntity
  8
TEXT
 62
7
420
3355443
100
AcDbHatch
 10
0.0
 20
0.0
 30
0.0
210
0.0
220
0.0
230
1.0
  2
SOLID
 70
1
 71
0
 91
1
 92
1
 93
1
 72
2
 10
2000.0
 20
1625.0
 40
2.5
 50
0
 51
360
 73
1
 97
0
 75
1
 76
1
 98
0
  0
CIRCLE
  5
228
330
17
100
AcDbEntity
  8
TEXT
370
13
420
3355443
100
AcDbCircle
 10
2000.0
 20
1625.0
 30
0.0
 40
2.5
  0
TEXT
  5
229
330
17
100
AcDbEntity
  8
TEXT
 62
7
100
AcDbText
 10
2360.0
 20
1656.5
 30
0.0
 40
13.5
  1
1.
  7
GOST
 11
2360.0
 21
1656.5
 31
0.0
100
AcDbText
  0
TEXT
  5
22A
330
17
100
AcDbEntity
  8
TEXT
 62
7
100
AcDbText
 10
2405.0
 20
1656.5
 30
0.0
 40
13.5
  1
плита перекрытия (верх), верх -100
  7
GOST
 11
2405.0
 21
1656.5
 31
0.0
100
AcDbText
  0
TEXT
  5
22B
330
17
100
AcDbEntity
  8
TEXT
 62
7
100
AcDbText
 10
2360.0
 20
1630.925
 30
0.0
 40
13.5
  1
2.
  7
GOST
 11
2360.0
 21
1630.925
 31
0.0
100
AcDbText
  0
TEXT
  5
22C
330
17
100
AcDbEntity
  8
TEXT
 62
7
100
AcDbText
 10
2405.0
 20
1630.925
 30
0.0
 40
13.5
  1
стяжка с водяным ТП застройщика (существующая, не трогать)
  7
GOST
 11
2405.0
 21
1630.925
 31
0.0
100
AcDbText
  0
TEXT
  5
22D
330
17
100
AcDbEntity
  8
TEXT
 62
7
100
AcDbText
 10
2405.0
 20
1611.35
 30
0.0
 40
13.5
  1
— 80
  7
GOST
 11
2405.0
 21
1611.35
 31
0.0
100
AcDbText
  0
TEXT
  5
22E
330
17
100
AcDbEntity
  8
TEXT
 62
7
100
AcDbText
 10
2360.0
 20
1585.7749999999999
 30
0.0
 40
13.5
  1
3.
  7
GOST
 11
2360.0
 21
1585.7749999999999
 31
0.0
100
AcDbText
  0
TEXT
  5
22F
330
17
100
AcDbEntity
  8
TEXT
 62
7
100
AcDbText
 10
2405.0
 20
1585.7749999999999
 30
0.0
 40
13.5
  1
грунт + локальный ремонтный состав (до 3) — 3
  7
GOST
 11
2405.0
 21
1585.7749999999999
 31
0.0
100
AcDbText
  0
TEXT
  5
230
330
17
100
AcDbEntity
  8
TEXT
 62
7
100
AcDbText
 10
2360.0
 20
1560.1999999999998
 30
0.0
 40
13.5
  1
4.
  7
GOST
 11
2360.0
 21
1560.1999999999998
 31
0.0
100
AcDbText
  0
TEXT
  5
231
330
17
100
AcDbEntity
  8
TEXT
 62
7
100
AcDbText
 10
2405.0
 20
1560.1999999999998
 30
0.0
 40
13.5
  1
клей MS-полимер эластичный (зубчатый шпатель B11) — 2
  7
GOST
 11
2405.0
 21
1560.1999999999998
 31
0.0
100
AcDbText
  0
TEXT
  5
232
330
17
100
AcDbEntity
  8
TEXT
 62
7
100
AcDbText
 10
2360.0
 20
1534.6249999999998
 30
0.0
 40
13.5
  1
5.
  7
GOST
 11
2360.0
 21
1534.6249999999998
 31
0.0
100
AcDbText
  0
TEXT
  5
233
330
17
100
AcDbEntity
  8
TEXT
 62
7
100
AcDbText
 10
2405.0
 20
1534.6249999999998
 30
0.0
 40
13.5
  1
инженерная доска 2-слойная 15 (90×600, ёлочка 1:6) — 15
  7
GOST
 11
2405.0
 21
1534.6249999999998
 31
0.0
100
AcDbText
  0
TEXT
  5
234
330
17
100
AcDbEntity
  8
TEXT
 62
7
100
AcDbText
 10
2360.0
 20
1509.0499999999997
 30
0.0
 40
13.5
  1
6.
  7
GOST
 11
2360.0
 21
1509.0499999999997
 31
0.0
100
AcDbText
  0
TEXT
  5
235
330
17
100
AcDbEntity
  8
TEXT
 62
7
100
AcDbText
 10
2405.0
 20
1509.0499999999997
 30
0.0
 40
13.5
  1
Справа: P-TILE-HALL — грунт, ремонтный состав 2; клей C2TE S1
  7
GOST
 11
2405.0
 21
1509.0499999999997
 31
0.0
100
AcDbText
  0
TEXT
  5
236
330
17
100
AcDbEntity
  8
TEXT
 62
7
100
AcDbText
 10
2405.0
 20
1489.4749999999997
 30
0.0
 40
13.5
  1
(эластичный, для ТП) 8; керамогранит 600×600×10 ректификат
  7
GOST
 11
2405.0
 21
1489.4749999999997
 31
0.0
100
AcDbText
  0
TEXT
  5
237
330
17
100
AcDbEntity
  8
TEXT
 62
7
100
AcDbText
 10
2405.0
 20
1469.8999999999996
 30
0.0
 40
13.5
  1
10
  7
GOST
 11
2405.0
 21
1469.8999999999996
 31
0.0
100
AcDbText
  0
TEXT
  5
238
330
17
100
AcDbEntity
  8
TEXT
 62
7
100
AcDbText
 10
2360.0
 20
1444.3249999999994
 30
0.0
 40
13.5
  1
7.
  7
GOST
 11
2360.0
 21
1444.3249999999994
 31
0.0
100
AcDbText
  0
TEXT
  5
239
330
17
100
AcDbEntity
  8
TEXT
 62
7
100
AcDbText
 10
2405.0
 20
1444.3249999999994
 30
0.0
 40
13.5
  1
Пробковый компенсатор 5 на всю толщину покрытия
  7
GOST
 11
2405.0
 21
1444.3249999999994
 31
0.0
100
AcDbText
  0
TEXT
  5
23A
330
17
100
AcDbEntity
  8
TEXT
 62
7
100
AcDbText
 10
2360.0
 20
1418.7499999999995
 30
0.0
 40
13.5
  1
8.
  7
GOST
 11
2360.0
 21
1418.7499999999995
 31
0.0
100
AcDbText
  0
TEXT
  5
23B
330
17
100
AcDbEntity
  8
TEXT
 62
7
100
AcDbText
 10
2405.0
 20
1418.7499999999995
 30
0.0
 40
13.5
  1
Латунная вставка C8 3×10 заподлицо, на эпоксидном/MS-клее,
  7
GOST
 11
2405.0
 21
1418.7499999999995
 31
0.0
100
AcDbText
  0
TEXT
  5
23C
330
17
100
AcDbEntity
  8
TEXT
 62
7
100
AcDbText
 10
2405.0
 20
1399.1749999999993
 30
0.0
 40
13.5
  1
без саморезов
  7
GOST
 11
2405.0
 21
1399.1749999999993
 31
0.0
100
AcDbText
  0
TEXT
  5
23D
330
17
100
AcDbEntity
  8
TEXT
 62
7
100
AcDbText
 10
240.0
 20
1277.1000000000001
 30
0.0
 40
22.0
  1
Узел 5. Порог-ступень ванной D3 (J5, D20)
  7
GOST
 11
240.0
 21
1277.1000000000001
 31
0.0
100
AcDbText
  0
TEXT
  5
23E
330
17
100
AcDbEntity
  8
TEXT
420
5592405
100
AcDbText
 10
240.0
 20
1245.1000000000001
 30
0.0
 40
15.0
  1
М 1:10 (схематично, по details.md)
  7
GOST
 11
240.0
 21
1245.1000000000001
 31
0.0
100
AcDbText
  0
HATCH
  5
23F
330
17
100
AcDbEntity
  8
AR-FIN
 62
7
420
5592405
100
AcDbHatch
 10
0.0
 20
0.0
 30
0.0
210
0.0
220
0.0
230
1.0
  2
ANSI31
 70
0
 71
0
 91
1
 92
3
 72
0
 73
1
 93
4
 10
260.0
 20
867.1000000000001
 10
580.0
 20
867.1000000000001
 10
580.0
 20
947.1000000000001
 10
260.0
 20
947.1000000000001
 97
0
 75
1
 76
1
 52
0.0
 41
2.75
 77
0
 78
1
 53
45.0
 43
0.0
 44
0.0
 45
-6.1739260833
 46
6.1739260833
 79
0
 98
0
  0
HATCH
  5
240
330
17
100
AcDbEntity
  8
AR-FIN
 62
7
420
14277081
440
33554559
100
AcDbHatch
 10
0.0
 20
0.0
 30
0.0
210
0.0
220
0.0
230
1.0
  2
SOLID
 70
1
 71
0
 91
1
 92
3
 72
0
 73
1
 93
4
 10
260.0
 20
867.1000000000001
 10
580.0
 20
867.1000000000001
 10
580.0
 20
947.1000000000001
 10
260.0
 20
947.1000000000001
 97
0
 75
1
 76
1
 98
0
  0
LWPOLYLINE
  5
241
330
17
100
AcDbEntity
  8
AR-FIN
 62
7
370
20
100
AcDbPolyline
 90
4
 70
1
 10
260.0
 20
867.1000000000001
 10
580.0
 20
867.1000000000001
 10
580.0
 20
947.1000000000001
 10
260.0
 20
947.1000000000001
  0
HATCH
  5
242
330
17
100
AcDbEntity
  8
AR-FIN
 62
7
420
7829367
100
AcDbHatch
 10
0.0
 20
0.0
 30
0.0
210
0.0
220
0.0
230
1.0
  2
DOTS
 70
0
 71
0
 91
1
 92
3
 72
0
 73
1
 93
4
 10
260.0
 20
947.1000000000001
 10
580.0
 20
947.1000000000001
 10
580.0
 20
1027.1000000000001
 10
260.0
 20
1027.1000000000001
 97
0
 75
1
 76
1
 52
0.0
 41
5.5
 77
0
 78
1
 53
0.0
 43
0.0
 44
0.0
 45
4.365625
 46
8.73125
 79
2
 49
0.0
 49
-8.73125
 98
0
  0
HATCH
  5
243
330
17
100
AcDbEntity
  8
AR-FIN
 62
7
420
15000804
440
33554559
100
AcDbHatch
 10
0.0
 20
0.0
 30
0.0
210
0.0
220
0.0
230
1.0
  2
SOLID
 70
1
 71
0
 91
1
 92
3
 72
0
 73
1
 93
4
 10
260.0
 20
947.1000000000001
 10
580.0
 20
947.1000000000001
 10
580.0
 20
1027.1000000000001
 10
260.0
 20
1027.1000000000001
 97
0
 75
1
 76
1
 98
0
  0
LWPOLYLINE
  5
244
330
17
100
AcDbEntity
  8
AR-FIN
 62
7
370
20
100
AcDbPolyline
 90
4
 70
1
 10
260.0
 20
947.1000000000001
 10
580.0
 20
947.1000000000001
 10
580.0
 20
1027.1000000000001
 10
260.0
 20
1027.1000000000001
  0
HATCH
  5
245
330
17
100
AcDbEntity
  8
AR-FIN
 62
7
420
12434877
100
AcDbHatch
 10
0.0
 20
0.0
 30
0.0
210
0.0
220
0.0
230
1.0
  2
SOLID
 70
1
 71
0
 91
1
 92
3
 72
0
 73
1
 93
4
 10
260.0
 20
1027.1000000000001
 10
580.0
 20
1027.1000000000001
 10
580.0
 20
1030.1000000000001
 10
260.0
 20
1030.1000000000001
 97
0
 75
1
 76
1
 98
0
  0
LWPOLYLINE
  5
246
330
17
100
AcDbEntity
  8
AR-FIN
 62
7
370
20
100
AcDbPolyline
 90
4
 70
1
 10
260.0
 20
1027.1000000000001
 10
580.0
 20
1027.1000000000001
 10
580.0
 20
1030.1000000000001
 10
260.0
 20
1030.1000000000001
  0
HATCH
  5
247
330
17
100
AcDbEntity
  8
AR-FIN
 62
7
420
12434877
100
AcDbHatch
 10
0.0
 20
0.0
 30
0.0
210
0.0
220
0.0
230
1.0
  2
SOLID
 70
1
 71
0
 91
1
 92
3
 72
0
 73
1
 93
4
 10
260.0
 20
1030.1000000000001
 10
580.0
 20
1030.1000000000001
 10
580.0
 20
1032.1000000000001
 10
260.0
 20
1032.1000000000001
 97
0
 75
1
 76
1
 98
0
  0
LWPOLYLINE
  5
248
330
17
100
AcDbEntity
  8
AR-FIN
 62
7
370
20
100
AcDbPolyline
 90
4
 70
1
 10
260.0
 20
1030.1000000000001
 10
580.0
 20
1030.1000000000001
 10
580.0
 20
1032.1000000000001
 10
260.0
 20
1032.1000000000001
  0
HATCH
  5
249
330
17
100
AcDbEntity
  8
AR-FIN
 62
7
420
11569232
100
AcDbHatch
 10
0.0
 20
0.0
 30
0.0
210
0.0
220
0.0
230
1.0
  2
LINE
 70
0
 71
0
 91
1
 92
3
 72
0
 73
1
 93
4
 10
260.0
 20
1032.1000000000001
 10
580.0
 20
1032.1000000000001
 10
580.0
 20
1047.1000000000001
 10
260.0
 20
1047.1000000000001
 97
0
 75
1
 76
1
 52
90.0
 41
2.75
 77
0
 78
1
 53
90.0
 43
0.0
 44
0.0
 45
-8.73125
 46
0.0
 79
0
 98
0
  0
HATCH
  5
24A
330
17
100
AcDbEntity
  8
AR-FIN
 62
7
420
14928288
440
33554559
100
AcDbHatch
 10
0.0
 20
0.0
 30
0.0
210
0.0
220
0.0
230
1.0
  2
SOLID
 70
1
 71
0
 91
1
 92
3
 72
0
 73
1
 93
4
 10
260.0
 20
1032.1000000000001
 10
580.0
 20
1032.1000000000001
 10
580.0
 20
1047.1000000000001
 10
260.0
 20
1047.1000000000001
 97
0
 75
1
 76
1
 98
0
  0
LWPOLYLINE
  5
24B
330
17
100
AcDbEntity
  8
AR-FIN
 62
7
370
20
100
AcDbPolyline
 90
4
 70
1
 10
260.0
 20
1032.1000000000001
 10
580.0
 20
1032.1000000000001
 10
580.0
 20
1047.1000000000001
 10
260.0
 20
1047.1000000000001
  0
HATCH
  5
24C
330
17
100
AcDbEntity
  8
AR-FIN
 62
7
420
7829367
100
AcDbHatch
 10
0.0
 20
0.0
 30
0.0
210
0.0
220
0.0
230
1.0
  2
DOTS
 70
0
 71
0
 91
1
 92
3
 72
0
 73
1
 93
4
 10
660.0
 20
947.1000000000001
 10
1040.0
 20
947.1000000000001
 10
1040.0
 20
1027.1000000000001
 10
660.0
 20
1027.1000000000001
 97
0
 75
1
 76
1
 52
0.0
 41
5.5
 77
0
 78
1
 53
0.0
 43
0.0
 44
0.0
 45
4.365625
 46
8.73125
 79
2
 49
0.0
 49
-8.73125
 98
0
  0
HATCH
  5
24D
330
17
100
AcDbEntity
  8
AR-FIN
 62
7
420
15000804
440
33554559
100
AcDbHatch
 10
0.0
 20
0.0
 30
0.0
210
0.0
220
0.0
230
1.0
  2
SOLID
 70
1
 71
0
 91
1
 92
3
 72
0
 73
1
 93
4
 10
660.0
 20
947.1000000000001
 10
1040.0
 20
947.1000000000001
 10
1040.0
 20
1027.1000000000001
 10
660.0
 20
1027.1000000000001
 97
0
 75
1
 76
1
 98
0
  0
LWPOLYLINE
  5
24E
330
17
100
AcDbEntity
  8
AR-FIN
 62
7
370
20
100
AcDbPolyline
 90
4
 70
1
 10
660.0
 20
947.1000000000001
 10
1040.0
 20
947.1000000000001
 10
1040.0
 20
1027.1000000000001
 10
660.0
 20
1027.1000000000001
  0
HATCH
  5
24F
330
17
100
AcDbEntity
  8
AR-FIN
 62
7
420
3049153
100
AcDbHatch
 10
0.0
 20
0.0
 30
0.0
210
0.0
220
0.0
230
1.0
  2
SOLID
 70
1
 71
0
 91
1
 92
3
 72
0
 73
1
 93
4
 10
660.0
 20
1027.1000000000001
 10
1040.0
 20
1027.1000000000001
 10
1040.0
 20
1028.6000000000001
 10
660.0
 20
1028.6000000000001
 97
0
 75
1
 76
1
 98
0
  0
LWPOLYLINE
  5
250
330
17
100
AcDbEntity
  8
AR-FIN
 62
7
370
20
100
AcDbPolyline
 90
4
 70
1
 10
660.0
 20
1027.1000000000001
 10
1040.0
 20
1027.1000000000001
 10
1040.0
 20
1028.6000000000001
 10
660.0
 20
1028.6000000000001
  0
LWPOLYLINE
  5
251
330
17
100
AcDbEntity
  8
AR-FIN
  6
DASHED
370
35
 48
30.0
420
5592405
100
AcDbPolyline
 90
2
 70
0
 10
660.0
 20
1028.6000000000001
 10
1040.0
 20
1028.6000000000001
  0
HATCH
  5
252
330
17
100
AcDbEntity
  8
AR-FIN
 62
7
420
10066329
100
AcDbHatch
 10
0.0
 20
0.0
 30
0.0
210
0.0
220
0.0
230
1.0
  2
DOTS
 70
0
 71
0
 91
1
 92
3
 72
0
 73
1
 93
4
 10
660.0
 20
1028.6000000000001
 10
1040.0
 20
1028.6000000000001
 10
1040.0
 20
1107.1000000000001
 10
660.0
 20
1107.1000000000001
 97
0
 75
1
 76
1
 52
0.0
 41
5.5
 77
0
 78
1
 53
0.0
 43
0.0
 44
0.0
 45
4.365625
 46
8.73125
 79
2
 49
0.0
 49
-8.73125
 98
0
  0
HATCH
  5
253
330
17
100
AcDbEntity
  8
AR-FIN
 62
7
420
15527148
440
33554559
100
AcDbHatch
 10
0.0
 20
0.0
 30
0.0
210
0.0
220
0.0
230
1.0
  2
SOLID
 70
1
 71
0
 91
1
 92
3
 72
0
 73
1
 93
4
 10
660.0
 20
1028.6000000000001
 10
1040.0
 20
1028.6000000000001
 10
1040.0
 20
1107.1000000000001
 10
660.0
 20
1107.1000000000001
 97
0
 75
1
 76
1
 98
0
  0
LWPOLYLINE
  5
254
330
17
100
AcDbEntity
  8
AR-FIN
 62
7
370
20
100
AcDbPolyline
 90
4
 70
1
 10
660.0
 20
1028.6000000000001
 10
1040.0
 20
1028.6000000000001
 10
1040.0
 20
1107.1000000000001
 10
660.0
 20
1107.1000000000001
  0
HATCH
  5
255
330
17
100
AcDbEntity
  8
AR-FIN
 62
7
420
3049153
100
AcDbHatch
 10
0.0
 20
0.0
 30
0.0
210
0.0
220
0.0
230
1.0
  2
SOLID
 70
1
 71
0
 91
1
 92
3
 72
0
 73
1
 93
4
 10
660.0
 20
1107.1000000000001
 10
1040.0
 20
1107.1000000000001
 10
1040.0
 20
1109.1000000000001
 10
660.0
 20
1109.1000000000001
 97
0
 75
1
 76
1
 98
0
  0
LWPOLYLINE
  5
256
330
17
100
AcDbEntity
  8
AR-FIN
 62
7
370
20
100
AcDbPolyline
 90
4
 70
1
 10
660.0
 20
1107.1000000000001
 10
1040.0
 20
1107.1000000000001
 10
1040.0
 20
1109.1000000000001
 10
660.0
 20
1109.1000000000001
  0
HATCH
  5
257
330
17
100
AcDbEntity
  8
AR-FIN
 62
7
420
12434877
100
AcDbHatch
 10
0.0
 20
0.0
 30
0.0
210
0.0
220
0.0
230
1.0
  2
SOLID
 70
1
 71
0
 91
1
 92
3
 72
0
 73
1
 93
4
 10
660.0
 20
1109.1000000000001
 10
1040.0
 20
1109.1000000000001
 10
1040.0
 20
1117.1000000000001
 10
660.0
 20
1117.1000000000001
 97
0
 75
1
 76
1
 98
0
  0
LWPOLYLINE
  5
258
330
17
100
AcDbEntity
  8
AR-FIN
 62
7
370
20
100
AcDbPolyline
 90
4
 70
1
 10
660.0
 20
1109.1000000000001
 10
1040.0
 20
1109.1000000000001
 10
1040.0
 20
1117.1000000000001
 10
660.0
 20
1117.1000000000001
  0
HATCH
  5
259
330
17
100
AcDbEntity
  8
AR-FIN
 62
7
420
13163496
100
AcDbHatch
 10
0.0
 20
0.0
 30
0.0
210
0.0
220
0.0
230
1.0
  2
SOLID
 70
1
 71
0
 91
1
 92
3
 72
0
 73
1
 93
4
 10
660.0
 20
1117.1000000000001
 10
1040.0
 20
1117.1000000000001
 10
1040.0
 20
1127.1000000000001
 10
660.0
 20
1127.1000000000001
 97
0
 75
1
 76
1
 98
0
  0
LWPOLYLINE
  5
25A
330
17
100
AcDbEntity
  8
AR-FIN
 62
7
370
20
100
AcDbPolyline
 90
4
 70
1
 10
660.0
 20
1117.1000000000001
 10
1040.0
 20
1117.1000000000001
 10
1040.0
 20
1127.1000000000001
 10
660.0
 20
1127.1000000000001
  0
HATCH
  5
25B
330
17
100
AcDbEntity
  8
AR-FIN
 62
7
420
5592405
100
AcDbHatch
 10
0.0
 20
0.0
 30
0.0
210
0.0
220
0.0
230
1.0
  2
ANSI31
 70
0
 71
0
 91
1
 92
3
 72
0
 73
1
 93
4
 10
580.0
 20
867.1000000000001
 10
660.0
 20
867.1000000000001
 10
660.0
 20
947.1000000000001
 10
580.0
 20
947.1000000000001
 97
0
 75
1
 76
1
 52
0.0
 41
2.75
 77
0
 78
1
 53
45.0
 43
0.0
 44
0.0
 45
-6.1739260833
 46
6.1739260833
 79
0
 98
0
  0
HATCH
  5
25C
330
17
100
AcDbEntity
  8
AR-FIN
 62
7
420
14277081
440
33554559
100
AcDbHatch
 10
0.0
 20
0.0
 30
0.0
210
0.0
220
0.0
230
1.0
  2
SOLID
 70
1
 71
0
 91
1
 92
3
 72
0
 73
1
 93
4
 10
580.0
 20
867.1000000000001
 10
660.0
 20
867.1000000000001
 10
660.0
 20
947.1000000000001
 10
580.0
 20
947.1000000000001
 97
0
 75
1
 76
1
 98
0
  0
LWPOLYLINE
  5
25D
330
17
100
AcDbEntity
  8
AR-FIN
 62
7
370
20
100
AcDbPolyline
 90
4
 70
1
 10
580.0
 20
867.1000000000001
 10
660.0
 20
867.1000000000001
 10
660.0
 20
947.1000000000001
 10
580.0
 20
947.1000000000001
  0
HATCH
  5
25E
330
17
100
AcDbEntity
  8
AR-FIN
 62
7
420
10066329
100
AcDbHatch
 10
0.0
 20
0.0
 30
0.0
210
0.0
220
0.0
230
1.0
  2
DOTS
 70
0
 71
0
 91
1
 92
3
 72
0
 73
1
 93
4
 10
580.0
 20
1027.1000000000001
 10
660.0
 20
1027.1000000000001
 10
660.0
 20
1117.1000000000001
 10
580.0
 20
1117.1000000000001
 97
0
 75
1
 76
1
 52
0.0
 41
5.5
 77
0
 78
1
 53
0.0
 43
0.0
 44
0.0
 45
4.365625
 46
8.73125
 79
2
 49
0.0
 49
-8.73125
 98
0
  0
HATCH
  5
25F
330
17
100
AcDbEntity
  8
AR-FIN
 62
7
420
15527148
440
33554559
100
AcDbHatch
 10
0.0
 20
0.0
 30
0.0
210
0.0
220
0.0
230
1.0
  2
SOLID
 70
1
 71
0
 91
1
 92
3
 72
0
 73
1
 93
4
 10
580.0
 20
1027.1000000000001
 10
660.0
 20
1027.1000000000001
 10
660.0
 20
1117.1000000000001
 10
580.0
 20
1117.1000000000001
 97
0
 75
1
 76
1
 98
0
  0
LWPOLYLINE
  5
260
330
17
100
AcDbEntity
  8
AR-FIN
 62
7
370
20
100
AcDbPolyline
 90
4
 70
1
 10
580.0
 20
1027.1000000000001
 10
660.0
 20
1027.1000000000001
 10
660.0
 20
1117.1000000000001
 10
580.0
 20
1117.1000000000001
  0
HATCH
  5
261
330
17
100
AcDbEntity
  8
AR-FIN
 62
7
420
13163496
100
AcDbHatch
 10
0.0
 20
0.0
 30
0.0
210
0.0
220
0.0
230
1.0
  2
SOLID
 70
1
 71
0
 91
1
 92
3
 72
0
 73
1
 93
4
 10
580.0
 20
1117.1000000000001
 10
660.0
 20
1117.1000000000001
 10
660.0
 20
1137.1000000000001
 10
580.0
 20
1137.1000000000001
 97
0
 75
1
 76
1
 98
0
  0
LWPOLYLINE
  5
262
330
17
100
AcDbEntity
  8
AR-FIN
 62
7
370
20
100
AcDbPolyline
 90
4
 70
1
 10
580.0
 20
1117.1000000000001
 10
660.0
 20
1117.1000000000001
 10
660.0
 20
1137.1000000000001
 10
580.0
 20
1137.1000000000001
  0
LWPOLYLINE
  5
263
330
17
100
AcDbEntity
  8
AR-FIN
  6
DASHED
370
40
 48
30.0
420
3049153
100
AcDbPolyline
 90
2
 70
0
 10
580.0
 20
1137.1000000000001
 10
660.0
 20
1137.1000000000001
  0
HATCH
  5
264
330
17
100
AcDbEntity
  8
AR-FIN
 62
7
420
14274496
100
AcDbHatch
 10
0.0
 20
0.0
 30
0.0
210
0.0
220
0.0
230
1.0
  2
SOLID
 70
1
 71
0
 91
1
 92
3
 72
0
 73
1
 93
4
 10
590.0
 20
1137.1000000000001
 10
650.0
 20
1137.1000000000001
 10
650.0
 20
1207.1000000000001
 10
590.0
 20
1207.1000000000001
 97
0
 75
1
 76
1
 98
0
  0
LWPOLYLINE
  5
265
330
17
100
AcDbEntity
  8
AR-FIN
 62
7
370
20
100
AcDbPolyline
 90
4
 70
1
 10
590.0
 20
1137.1000000000001
 10
650.0
 20
1137.1000000000001
 10
650.0
 20
1207.1000000000001
 10
590.0
 20
1207.1000000000001
  0
HATCH
  5
266
330
17
100
AcDbEntity
  8
DIM
 62
7
420
16777215
100
AcDbHatch
 10
0.0
 20
0.0
 30
0.0
210
0.0
220
0.0
230
1.0
  2
SOLID
 70
1
 71
0
 91
1
 92
3
 72
0
 73
1
 93
3
 10
320.0
 20
1047.1000000000001
 10
308.0
 20
1063.1
 10
332.0
 20
1063.1
 97
0
 75
1
 76
1
 98
0
  0
LWPOLYLINE
  5
267
330
17
100
AcDbEntity
  8
DIM
 62
7
370
20
100
AcDbPolyline
 90
3
 70
1
 10
320.0
 20
1047.1000000000001
 10
308.0
 20
1063.1
 10
332.0
 20
1063.1
  0
LWPOLYLINE
  5
268
330
17
100
AcDbEntity
  8
DIM
 62
7
370
20
100
AcDbPolyline
 90
2
 70
0
 10
320.0
 20
1063.1
 10
410.0
 20
1063.1
  0
TEXT
  5
269
330
17
100
AcDbEntity
  8
DIM
 62
7
100
AcDbText
 10
326.0
 20
1068.1
 30
0.0
 40
15.0
  1
±0,000
  7
GOST
 11
326.0
 21
1068.1
 31
0.0
100
AcDbText
  0
HATCH
  5
26A
330
17
100
AcDbEntity
  8
DIM
 62
7
420
16777215
100
AcDbHatch
 10
0.0
 20
0.0
 30
0.0
210
0.0
220
0.0
230
1.0
  2
SOLID
 70
1
 71
0
 91
1
 92
3
 72
0
 73
1
 93
3
 10
590.0
 20
1137.1000000000001
 10
578.0
 20
1153.1
 10
602.0
 20
1153.1
 97
0
 75
1
 76
1
 98
0
  0
LWPOLYLINE
  5
26B
330
17
100
AcDbEntity
  8
DIM
 62
7
370
20
100
AcDbPolyline
 90
3
 70
1
 10
590.0
 20
1137.1000000000001
 10
578.0
 20
1153.1
 10
602.0
 20
1153.1
  0
LWPOLYLINE
  5
26C
330
17
100
AcDbEntity
  8
DIM
 62
7
370
20
100
AcDbPolyline
 90
2
 70
0
 10
590.0
 20
1153.1
 10
680.0
 20
1153.1
  0
TEXT
  5
26D
330
17
100
AcDbEntity
  8
DIM
 62
7
100
AcDbText
 10
596.0
 20
1158.1
 30
0.0
 40
15.0
  1
+0,090
  7
GOST
 11
596.0
 21
1158.1
 31
0.0
100
AcDbText
  0
HATCH
  5
26E
330
17
100
AcDbEntity
  8
DIM
 62
7
420
16777215
100
AcDbHatch
 10
0.0
 20
0.0
 30
0.0
210
0.0
220
0.0
230
1.0
  2
SOLID
 70
1
 71
0
 91
1
 92
3
 72
0
 73
1
 93
3
 10
950.0
 20
1127.1000000000001
 10
938.0
 20
1143.1
 10
962.0
 20
1143.1
 97
0
 75
1
 76
1
 98
0
  0
LWPOLYLINE
  5
26F
330
17
100
AcDbEntity
  8
DIM
 62
7
370
20
100
AcDbPolyline
 90
3
 70
1
 10
950.0
 20
1127.1000000000001
 10
938.0
 20
1143.1
 10
962.0
 20
1143.1
  0
LWPOLYLINE
  5
270
330
17
100
AcDbEntity
  8
DIM
 62
7
370
20
100
AcDbPolyline
 90
2
 70
0
 10
950.0
 20
1143.1
 10
1040.0
 20
1143.1
  0
TEXT
  5
271
330
17
100
AcDbEntity
  8
DIM
 62
7
100
AcDbText
 10
956.0
 20
1148.1
 30
0.0
 40
15.0
  1
+0,080
  7
GOST
 11
956.0
 21
1148.1
 31
0.0
100
AcDbText
  0
LWPOLYLINE
  5
272
330
17
100
AcDbEntity
  8
AR-FIN
  6
DASHDOT
370
13
 48
30.0
420
10066329
100
AcDbPolyline
 90
4
 70
1
 10
260.0
 20
847.1000000000001
 10
1040.0
 20
847.1000000000001
 10
1040.0
 20
1207.1000000000001
 10
260.0
 20
1207.1000000000001
  0
TEXT
  5
273
330
17
100
AcDbEntity
  8
TEXT
420
1710618
100
AcDbText
 10
450.0
 20
1072.1000000000001
 30
0.0
 40
15.0
  1
1
  7
GOST
 11
450.0
 21
1072.1000000000001
 31
0.0
100
AcDbText
  0
LWPOLYLINE
  5
274
330
17
100
AcDbEntity
  8
TEXT
370
15
420
3355443
100
AcDbPolyline
 90
2
 70
0
 10
420.0
 20
1042.1000000000001
 10
450.0
 20
1072.1000000000001
  0
TEXT
  5
275
330
17
100
AcDbEntity
  8
TEXT
420
1710618
100
AcDbText
 10
650.0
 20
1102.1000000000001
 30
0.0
 40
15.0
  1
2
  7
GOST
 11
650.0
 21
1102.1000000000001
 31
0.0
100
AcDbText
  0
LWPOLYLINE
  5
276
330
17
100
AcDbEntity
  8
TEXT
370
15
420
3355443
100
AcDbPolyline
 90
2
 70
0
 10
620.0
 20
1072.1000000000001
 10
650.0
 20
1102.1000000000001
  0
TEXT
  5
277
330
17
100
AcDbEntity
  8
TEXT
420
1710618
100
AcDbText
 10
613.1455761316872
 20
1227.1000000000001
 30
0.0
 40
15.0
  1
3
  7
GOST
 11
613.1455761316872
 21
1227.1000000000001
 31
0.0
100
AcDbText
  0
LWPOLYLINE
  5
278
330
17
100
AcDbEntity
  8
TEXT
370
15
420
3355443
100
AcDbPolyline
 90
2
 70
0
 10
620.0
 20
1127.1000000000001
 10
620.0
 20
1224.1000000000001
  0
HATCH
  5
279
330
17
100
AcDbEntity
  8
TEXT
 62
7
420
3355443
100
AcDbHatch
 10
0.0
 20
0.0
 30
0.0
210
0.0
220
0.0
230
1.0
  2
SOLID
 70
1
 71
0
 91
1
 92
1
 93
1
 72
2
 10
620.0
 20
1127.1000000000001
 40
2.5
 50
0
 51
360
 73
1
 97
0
 75
1
 76
1
 98
0
  0
CIRCLE
  5
27A
330
17
100
AcDbEntity
  8
TEXT
370
13
420
3355443
100
AcDbCircle
 10
620.0
 20
1127.1000000000001
 30
0.0
 40
2.5
  0
TEXT
  5
27B
330
17
100
AcDbEntity
  8
TEXT
420
1710618
100
AcDbText
 10
711.9238815542512
 20
1229.0238815542514
 30
0.0
 40
15.0
  1
4
  7
GOST
 11
711.9238815542512
 21
1229.0238815542514
 31
0.0
100
AcDbText
  0
LWPOLYLINE
  5
27C
330
17
100
AcDbEntity
  8
TEXT
370
15
420
3355443
100
AcDbPolyline
 90
2
 70
0
 10
620.0
 20
1137.1000000000001
 10
708.9238815542512
 20
1226.0238815542514
  0
HATCH
  5
27D
330
17
100
AcDbEntity
  8
TEXT
 62
7
420
3355443
100
AcDbHatch
 10
0.0
 20
0.0
 30
0.0
210
0.0
220
0.0
230
1.0
  2
SOLID
 70
1
 71
0
 91
1
 92
1
 93
1
 72
2
 10
620.0
 20
1137.1000000000001
 40
2.5
 50
0
 51
360
 73
1
 97
0
 75
1
 76
1
 98
0
  0
CIRCLE
  5
27E
330
17
100
AcDbEntity
  8
TEXT
370
13
420
3355443
100
AcDbCircle
 10
620.0
 20
1137.1000000000001
 30
0.0
 40
2.5
  0
TEXT
  5
27F
330
17
100
AcDbEntity
  8
TEXT
420
1710618
100
AcDbText
 10
673.033008588991
 20
1225.133008588991
 30
0.0
 40
15.0
  1
5
  7
GOST
 11
673.033008588991
 21
1225.133008588991
 31
0.0
100
AcDbText
  0
LWPOLYLINE
  5
280
330
17
100
AcDbEntity
  8
TEXT
370
15
420
3355443
100
AcDbPolyline
 90
2
 70
0
 10
620.0
 20
1172.1000000000001
 10
670.0330085889912
 20
1222.1330085889913
  0
HATCH
  5
281
330
17
100
AcDbEntity
  8
TEXT
 62
7
420
3355443
100
AcDbHatch
 10
0.0
 20
0.0
 30
0.0
210
0.0
220
0.0
230
1.0
  2
SOLID
 70
1
 71
0
 91
1
 92
1
 93
1
 72
2
 10
620.0
 20
1172.1000000000001
 40
2.5
 50
0
 51
360
 73
1
 97
0
 75
1
 76
1
 98
0
  0
CIRCLE
  5
282
330
17
100
AcDbEntity
  8
TEXT
370
13
420
3355443
100
AcDbCircle
 10
620.0
 20
1172.1000000000001
 30
0.0
 40
2.5
  0
TEXT
  5
283
330
17
100
AcDbEntity
  8
TEXT
420
1710618
100
AcDbText
 10
862.8803369341564
 20
1237.1000000000001
 30
0.0
 40
15.0
  1
6
  7
GOST
 11
862.8803369341564
 21
1237.1000000000001
 31
0.0
100
AcDbText
  0
LWPOLYLINE
  5
284
330
17
100
AcDbEntity
  8
TEXT
370
15
420
3355443
100
AcDbPolyline
 90
2
 70
0
 10
870.0
 20
1107.1000000000001
 10
870.0
 20
1234.1000000000001
  0
HATCH
  5
285
330
17
100
AcDbEntity
  8
TEXT
 62
7
420
3355443
100
AcDbHatch
 10
0.0
 20
0.0
 30
0.0
210
0.0
220
0.0
230
1.0
  2
SOLID
 70
1
 71
0
 91
1
 92
1
 93
1
 72
2
 10
870.0
 20
1107.1000000000001
 40
2.5
 50
0
 51
360
 73
1
 97
0
 75
1
 76
1
 98
0
  0
CIRCLE
  5
286
330
17
100
AcDbEntity
  8
TEXT
370
13
420
3355443
100
AcDbCircle
 10
870.0
 20
1107.1000000000001
 30
0.0
 40
2.5
  0
TEXT
  5
287
330
17
100
AcDbEntity
  8
TEXT
 62
7
100
AcDbText
 10
1080.0
 20
1193.6000000000001
 30
0.0
 40
13.5
  1
1.
  7
GOST
 11
1080.0
 21
1193.6000000000001
 31
0.0
100
AcDbText
  0
TEXT
  5
288
330
17
100
AcDbEntity
  8
TEXT
 62
7
100
AcDbText
 10
1125.0
 20
1193.6000000000001
 30
0.0
 40
13.5
  1
Коридор: P-OAK, доска ±0
  7
GOST
 11
1125.0
 21
1193.6000000000001
 31
0.0
100
AcDbText
  0
TEXT
  5
289
330
17
100
AcDbEntity
  8
TEXT
 62
7
100
AcDbText
 10
1080.0
 20
1168.0250000000003
 30
0.0
 40
13.5
  1
2.
  7
GOST
 11
1080.0
 21
1168.0250000000003
 31
0.0
100
AcDbText
  0
TEXT
  5
28A
330
17
100
AcDbEntity
  8
TEXT
 62
7
100
AcDbText
 10
1125.0
 20
1168.0250000000003
 30
0.0
 40
13.5
  1
Основание порога — ЦПС по нижней гидроизоляции
  7
GOST
 11
1125.0
 21
1168.0250000000003
 31
0.0
100
AcDbText
  0
TEXT
  5
28B
330
17
100
AcDbEntity
  8
TEXT
 62
7
100
AcDbText
 10
1080.0
 20
1142.4500000000003
 30
0.0
 40
13.5
  1
3.
  7
GOST
 11
1080.0
 21
1142.4500000000003
 31
0.0
100
AcDbText
  0
TEXT
  5
28C
330
17
100
AcDbEntity
  8
TEXT
 62
7
100
AcDbText
 10
1125.0
 20
1142.4500000000003
 30
0.0
 40
13.5
  1
Ступень-порог керамогранит C9 20, верх +90; фаска +
  7
GOST
 11
1125.0
 21
1142.4500000000003
 31
0.0
100
AcDbText
  0
TEXT
  5
28D
330
17
100
AcDbEntity
  8
TEXT
 62
7
100
AcDbText
 10
1125.0
 20
1122.8750000000005
 30
0.0
 40
13.5
  1
контрастная полоса
  7
GOST
 11
1125.0
 21
1122.8750000000005
 31
0.0
100
AcDbText
  0
TEXT
  5
28E
330
17
100
AcDbEntity
  8
TEXT
 62
7
100
AcDbText
 10
1080.0
 20
1097.3000000000004
 30
0.0
 40
13.5
  1
4.
  7
GOST
 11
1080.0
 21
1097.3000000000004
 31
0.0
100
AcDbText
  0
TEXT
  5
28F
330
17
100
AcDbEntity
  8
TEXT
 62
7
100
AcDbText
 10
1125.0
 20
1097.3000000000004
 30
0.0
 40
13.5
  1
Гидроизоляция подиума заведена на порог, под коробку и на
  7
GOST
 11
1125.0
 21
1097.3000000000004
 31
0.0
100
AcDbText
  0
TEXT
  5
290
330
17
100
AcDbEntity
  8
TEXT
 62
7
100
AcDbText
 10
1125.0
 20
1077.7250000000006
 30
0.0
 40
13.5
  1
откосы на 200
  7
GOST
 11
1125.0
 21
1077.7250000000006
 31
0.0
100
AcDbText
  0
TEXT
  5
291
330
17
100
AcDbEntity
  8
TEXT
 62
7
100
AcDbText
 10
1080.0
 20
1052.1500000000005
 30
0.0
 40
13.5
  1
5.
  7
GOST
 11
1080.0
 21
1052.1500000000005
 31
0.0
100
AcDbText
  0
TEXT
  5
292
330
17
100
AcDbEntity
  8
TEXT
 62
7
100
AcDbText
 10
1125.0
 20
1052.1500000000005
 30
0.0
 40
13.5
  1
Коробка D3 на пороге (верх +2125), полотно низ +110
  7
GOST
 11
1125.0
 21
1052.1500000000005
 31
0.0
100
AcDbText
  0
TEXT
  5
293
330
17
100
AcDbEntity
  8
TEXT
 62
7
100
AcDbText
 10
1080.0
 20
1026.5750000000007
 30
0.0
 40
13.5
  1
6.
  7
GOST
 11
1080.0
 21
1026.5750000000007
 31
0.0
100
AcDbText
  0
TEXT
  5
294
330
17
100
AcDbEntity
  8
TEXT
 62
7
100
AcDbText
 10
1125.0
 20
1026.5750000000007
 30
0.0
 40
13.5
  1
Ванная: P-BATH, пол +80 (порог на 10 выше — ограничитель
  7
GOST
 11
1125.0
 21
1026.5750000000007
 31
0.0
100
AcDbText
  0
TEXT
  5
295
330
17
100
AcDbEntity
  8
TEXT
 62
7
100
AcDbText
 10
1125.0
 20
1007.0000000000007
 30
0.0
 40
13.5
  1
воды)
  7
GOST
 11
1125.0
 21
1007.0000000000007
 31
0.0
100
AcDbText
  0
TEXT
  5
296
330
17
100
AcDbEntity
  8
TEXT
 62
7
100
AcDbText
 10
1860.0
 20
1277.1000000000001
 30
0.0
 40
22.0
  1
Узел 6. Гидроизоляция ванной (P-BATH) и рамка-бортик коллектора U14
  7
GOST
 11
1860.0
 21
1277.1000000000001
 31
0.0
100
AcDbText
  0
TEXT
  5
297
330
17
100
AcDbEntity
  8
TEXT
420
5592405
100
AcDbText
 10
1860.0
 20
1245.1000000000001
 30
0.0
 40
15.0
  1
М 1:10 (схематично, по details.md)
  7
GOST
 11
1860.0
 21
1245.1000000000001
 31
0.0
100
AcDbText
  0
HATCH
  5
298
330
17
100
AcDbEntity
  8
AR-FIN
 62
7
420
10506797
100
AcDbHatch
 10
0.0
 20
0.0
 30
0.0
210
0.0
220
0.0
230
1.0
  2
ANSI31
 70
0
 71
0
 91
1
 92
3
 72
0
 73
1
 93
4
 10
1880.0
 20
677.1000000000001
 10
2000.0
 20
677.1000000000001
 10
2000.0
 20
1207.1000000000001
 10
1880.0
 20
1207.1000000000001
 97
0
 75
1
 76
1
 52
0.0
 41
1.8333333333333333
 77
0
 78
1
 53
45.0
 43
0.0
 44
0.0
 45
-4.1159507222
 46
4.1159507222
 79
0
 98
0
  0
HATCH
  5
299
330
17
100
AcDbEntity
  8
AR-FIN
 62
7
420
15717060
440
33554559
100
AcDbHatch
 10
0.0
 20
0.0
 30
0.0
210
0.0
220
0.0
230
1.0
  2
SOLID
 70
1
 71
0
 91
1
 92
3
 72
0
 73
1
 93
4
 10
1880.0
 20
677.1000000000001
 10
2000.0
 20
677.1000000000001
 10
2000.0
 20
1207.1000000000001
 10
1880.0
 20
1207.1000000000001
 97
0
 75
1
 76
1
 98
0
  0
LWPOLYLINE
  5
29A
330
17
100
AcDbEntity
  8
AR-FIN
 62
7
370
20
100
AcDbPolyline
 90
4
 70
1
 10
1880.0
 20
677.1000000000001
 10
2000.0
 20
677.1000000000001
 10
2000.0
 20
1207.1000000000001
 10
1880.0
 20
1207.1000000000001
  0
HATCH
  5
29B
330
17
100
AcDbEntity
  8
AR-FIN
 62
7
420
3049153
100
AcDbHatch
 10
0.0
 20
0.0
 30
0.0
210
0.0
220
0.0
230
1.0
  2
SOLID
 70
1
 71
0
 91
1
 92
3
 72
0
 73
1
 93
4
 10
2000.0
 20
857.1000000000001
 10
2002.0
 20
857.1000000000001
 10
2002.0
 20
1157.1000000000001
 10
2000.0
 20
1157.1000000000001
 97
0
 75
1
 76
1
 98
0
  0
LWPOLYLINE
  5
29C
330
17
100
AcDbEntity
  8
AR-FIN
 62
7
370
20
100
AcDbPolyline
 90
4
 70
1
 10
2000.0
 20
857.1000000000001
 10
2002.0
 20
857.1000000000001
 10
2002.0
 20
1157.1000000000001
 10
2000.0
 20
1157.1000000000001
  0
HATCH
  5
29D
330
17
100
AcDbEntity
  8
AR-FIN
 62
7
420
3049153
100
AcDbHatch
 10
0.0
 20
0.0
 30
0.0
210
0.0
220
0.0
230
1.0
  2
SOLID
 70
1
 71
0
 91
1
 92
3
 72
0
 73
1
 93
4
 10
2002.0
 20
957.1000000000001
 10
2004.0
 20
957.1000000000001
 10
2004.0
 20
1157.1000000000001
 10
2002.0
 20
1157.1000000000001
 97
0
 75
1
 76
1
 98
0
  0
LWPOLYLINE
  5
29E
330
17
100
AcDbEntity
  8
AR-FIN
 62
7
370
20
100
AcDbPolyline
 90
4
 70
1
 10
2002.0
 20
957.1000000000001
 10
2004.0
 20
957.1000000000001
 10
2004.0
 20
1157.1000000000001
 10
2002.0
 20
1157.1000000000001
  0
HATCH
  5
29F
330
17
100
AcDbEntity
  8
AR-FIN
 62
7
420
13163496
100
AcDbHatch
 10
0.0
 20
0.0
 30
0.0
210
0.0
220
0.0
230
1.0
  2
SOLID
 70
1
 71
0
 91
1
 92
3
 72
0
 73
1
 93
4
 10
2004.0
 20
957.1000000000001
 10
2010.0
 20
957.1000000000001
 10
2010.0
 20
1157.1000000000001
 10
2004.0
 20
1157.1000000000001
 97
0
 75
1
 76
1
 98
0
  0
LWPOLYLINE
  5
2A0
330
17
100
AcDbEntity
  8
AR-FIN
 62
7
370
20
100
AcDbPolyline
 90
4
 70
1
 10
2004.0
 20
957.1000000000001
 10
2010.0
 20
957.1000000000001
 10
2010.0
 20
1157.1000000000001
 10
2004.0
 20
1157.1000000000001
  0
HATCH
  5
2A1
330
17
100
AcDbEntity
  8
AR-FIN
 62
7
420
5592405
100
AcDbHatch
 10
0.0
 20
0.0
 30
0.0
210
0.0
220
0.0
230
1.0
  2
ANSI31
 70
0
 71
0
 91
1
 92
3
 72
0
 73
1
 93
4
 10
2010.0
 20
697.1000000000001
 10
2430.0
 20
697.1000000000001
 10
2430.0
 20
777.1000000000001
 10
2010.0
 20
777.1000000000001
 97
0
 75
1
 76
1
 52
0.0
 41
2.75
 77
0
 78
1
 53
45.0
 43
0.0
 44
0.0
 45
-6.1739260833
 46
6.1739260833
 79
0
 98
0
  0
HATCH
  5
2A2
330
17
100
AcDbEntity
  8
AR-FIN
 62
7
420
14277081
440
33554559
100
AcDbHatch
 10
0.0
 20
0.0
 30
0.0
210
0.0
220
0.0
230
1.0
  2
SOLID
 70
1
 71
0
 91
1
 92
3
 72
0
 73
1
 93
4
 10
2010.0
 20
697.1000000000001
 10
2430.0
 20
697.1000000000001
 10
2430.0
 20
777.1000000000001
 10
2010.0
 20
777.1000000000001
 97
0
 75
1
 76
1
 98
0
  0
LWPOLYLINE
  5
2A3
330
17
100
AcDbEntity
  8
AR-FIN
 62
7
370
20
100
AcDbPolyline
 90
4
 70
1
 10
2010.0
 20
697.1000000000001
 10
2430.0
 20
697.1000000000001
 10
2430.0
 20
777.1000000000001
 10
2010.0
 20
777.1000000000001
  0
HATCH
  5
2A4
330
17
100
AcDbEntity
  8
AR-FIN
 62
7
420
7829367
100
AcDbHatch
 10
0.0
 20
0.0
 30
0.0
210
0.0
220
0.0
230
1.0
  2
DOTS
 70
0
 71
0
 91
1
 92
3
 72
0
 73
1
 93
4
 10
2010.0
 20
777.1000000000001
 10
2430.0
 20
777.1000000000001
 10
2430.0
 20
857.1000000000001
 10
2010.0
 20
857.1000000000001
 97
0
 75
1
 76
1
 52
0.0
 41
5.5
 77
0
 78
1
 53
0.0
 43
0.0
 44
0.0
 45
4.365625
 46
8.73125
 79
2
 49
0.0
 49
-8.73125
 98
0
  0
HATCH
  5
2A5
330
17
100
AcDbEntity
  8
AR-FIN
 62
7
420
15000804
440
33554559
100
AcDbHatch
 10
0.0
 20
0.0
 30
0.0
210
0.0
220
0.0
230
1.0
  2
SOLID
 70
1
 71
0
 91
1
 92
3
 72
0
 73
1
 93
4
 10
2010.0
 20
777.1000000000001
 10
2430.0
 20
777.1000000000001
 10
2430.0
 20
857.1000000000001
 10
2010.0
 20
857.1000000000001
 97
0
 75
1
 76
1
 98
0
  0
LWPOLYLINE
  5
2A6
330
17
100
AcDbEntity
  8
AR-FIN
 62
7
370
20
100
AcDbPolyline
 90
4
 70
1
 10
2010.0
 20
777.1000000000001
 10
2430.0
 20
777.1000000000001
 10
2430.0
 20
857.1000000000001
 10
2010.0
 20
857.1000000000001
  0
HATCH
  5
2A7
330
17
100
AcDbEntity
  8
AR-FIN
 62
7
420
3049153
100
AcDbHatch
 10
0.0
 20
0.0
 30
0.0
210
0.0
220
0.0
230
1.0
  2
SOLID
 70
1
 71
0
 91
1
 92
3
 72
0
 73
1
 93
4
 10
2010.0
 20
857.1000000000001
 10
2430.0
 20
857.1000000000001
 10
2430.0
 20
858.6000000000001
 10
2010.0
 20
858.6000000000001
 97
0
 75
1
 76
1
 98
0
  0
LWPOLYLINE
  5
2A8
330
17
100
AcDbEntity
  8
AR-FIN
 62
7
370
20
100
AcDbPolyline
 90
4
 70
1
 10
2010.0
 20
857.1000000000001
 10
2430.0
 20
857.1000000000001
 10
2430.0
 20
858.6000000000001
 10
2010.0
 20
858.6000000000001
  0
LWPOLYLINE
  5
2A9
330
17
100
AcDbEntity
  8
AR-FIN
  6
DASHED
370
35
 48
30.0
420
5592405
100
AcDbPolyline
 90
2
 70
0
 10
2010.0
 20
858.6000000000001
 10
2430.0
 20
858.6000000000001
  0
HATCH
  5
2AA
330
17
100
AcDbEntity
  8
AR-FIN
 62
7
420
10066329
100
AcDbHatch
 10
0.0
 20
0.0
 30
0.0
210
0.0
220
0.0
230
1.0
  2
DOTS
 70
0
 71
0
 91
1
 92
3
 72
0
 73
1
 93
4
 10
2010.0
 20
858.6000000000001
 10
2430.0
 20
858.6000000000001
 10
2430.0
 20
937.1000000000001
 10
2010.0
 20
937.1000000000001
 97
0
 75
1
 76
1
 52
0.0
 41
5.5
 77
0
 78
1
 53
0.0
 43
0.0
 44
0.0
 45
4.365625
 46
8.73125
 79
2
 49
0.0
 49
-8.73125
 98
0
  0
HATCH
  5
2AB
330
17
100
AcDbEntity
  8
AR-FIN
 62
7
420
15527148
440
33554559
100
AcDbHatch
 10
0.0
 20
0.0
 30
0.0
210
0.0
220
0.0
230
1.0
  2
SOLID
 70
1
 71
0
 91
1
 92
3
 72
0
 73
1
 93
4
 10
2010.0
 20
858.6000000000001
 10
2430.0
 20
858.6000000000001
 10
2430.0
 20
937.1000000000001
 10
2010.0
 20
937.1000000000001
 97
0
 75
1
 76
1
 98
0
  0
LWPOLYLINE
  5
2AC
330
17
100
AcDbEntity
  8
AR-FIN
 62
7
370
20
100
AcDbPolyline
 90
4
 70
1
 10
2010.0
 20
858.6000000000001
 10
2430.0
 20
858.6000000000001
 10
2430.0
 20
937.1000000000001
 10
2010.0
 20
937.1000000000001
  0
HATCH
  5
2AD
330
17
100
AcDbEntity
  8
AR-FIN
 62
7
420
3049153
100
AcDbHatch
 10
0.0
 20
0.0
 30
0.0
210
0.0
220
0.0
230
1.0
  2
SOLID
 70
1
 71
0
 91
1
 92
3
 72
0
 73
1
 93
4
 10
2010.0
 20
937.1000000000001
 10
2430.0
 20
937.1000000000001
 10
2430.0
 20
939.1000000000001
 10
2010.0
 20
939.1000000000001
 97
0
 75
1
 76
1
 98
0
  0
LWPOLYLINE
  5
2AE
330
17
100
AcDbEntity
  8
AR-FIN
 62
7
370
20
100
AcDbPolyline
 90
4
 70
1
 10
2010.0
 20
937.1000000000001
 10
2430.0
 20
937.1000000000001
 10
2430.0
 20
939.1000000000001
 10
2010.0
 20
939.1000000000001
  0
HATCH
  5
2AF
330
17
100
AcDbEntity
  8
AR-FIN
 62
7
420
12434877
100
AcDbHatch
 10
0.0
 20
0.0
 30
0.0
210
0.0
220
0.0
230
1.0
  2
SOLID
 70
1
 71
0
 91
1
 92
3
 72
0
 73
1
 93
4
 10
2010.0
 20
939.1000000000001
 10
2430.0
 20
939.1000000000001
 10
2430.0
 20
947.1000000000001
 10
2010.0
 20
947.1000000000001
 97
0
 75
1
 76
1
 98
0
  0
LWPOLYLINE
  5
2B0
330
17
100
AcDbEntity
  8
AR-FIN
 62
7
370
20
100
AcDbPolyline
 90
4
 70
1
 10
2010.0
 20
939.1000000000001
 10
2430.0
 20
939.1000000000001
 10
2430.0
 20
947.1000000000001
 10
2010.0
 20
947.1000000000001
  0
HATCH
  5
2B1
330
17
100
AcDbEntity
  8
AR-FIN
 62
7
420
13163496
100
AcDbHatch
 10
0.0
 20
0.0
 30
0.0
210
0.0
220
0.0
230
1.0
  2
SOLID
 70
1
 71
0
 91
1
 92
3
 72
0
 73
1
 93
4
 10
2010.0
 20
947.1000000000001
 10
2430.0
 20
947.1000000000001
 10
2430.0
 20
957.1000000000001
 10
2010.0
 20
957.1000000000001
 97
0
 75
1
 76
1
 98
0
  0
LWPOLYLINE
  5
2B2
330
17
100
AcDbEntity
  8
AR-FIN
 62
7
370
20
100
AcDbPolyline
 90
4
 70
1
 10
2010.0
 20
947.1000000000001
 10
2430.0
 20
947.1000000000001
 10
2430.0
 20
957.1000000000001
 10
2010.0
 20
957.1000000000001
  0
HATCH
  5
2B3
330
17
100
AcDbEntity
  8
AR-FIN
 62
7
420
5592405
100
AcDbHatch
 10
0.0
 20
0.0
 30
0.0
210
0.0
220
0.0
230
1.0
  2
ANSI31
 70
0
 71
0
 91
1
 92
3
 72
0
 73
1
 93
4
 10
2430.0
 20
697.1000000000001
 10
2650.0
 20
697.1000000000001
 10
2650.0
 20
777.1000000000001
 10
2430.0
 20
777.1000000000001
 97
0
 75
1
 76
1
 52
0.0
 41
2.75
 77
0
 78
1
 53
45.0
 43
0.0
 44
0.0
 45
-6.1739260833
 46
6.1739260833
 79
0
 98
0
  0
HATCH
  5
2B4
330
17
100
AcDbEntity
  8
AR-FIN
 62
7
420
14277081
440
33554559
100
AcDbHatch
 10
0.0
 20
0.0
 30
0.0
210
0.0
220
0.0
230
1.0
  2
SOLID
 70
1
 71
0
 91
1
 92
3
 72
0
 73
1
 93
4
 10
2430.0
 20
697.1000000000001
 10
2650.0
 20
697.1000000000001
 10
2650.0
 20
777.1000000000001
 10
2430.0
 20
777.1000000000001
 97
0
 75
1
 76
1
 98
0
  0
LWPOLYLINE
  5
2B5
330
17
100
AcDbEntity
  8
AR-FIN
 62
7
370
20
100
AcDbPolyline
 90
4
 70
1
 10
2430.0
 20
697.1000000000001
 10
2650.0
 20
697.1000000000001
 10
2650.0
 20
777.1000000000001
 10
2430.0
 20
777.1000000000001
  0
HATCH
  5
2B6
330
17
100
AcDbEntity
  8
AR-FIN
 62
7
420
7829367
100
AcDbHatch
 10
0.0
 20
0.0
 30
0.0
210
0.0
220
0.0
230
1.0
  2
DOTS
 70
0
 71
0
 91
1
 92
3
 72
0
 73
1
 93
4
 10
2430.0
 20
777.1000000000001
 10
2650.0
 20
777.1000000000001
 10
2650.0
 20
857.1000000000001
 10
2430.0
 20
857.1000000000001
 97
0
 75
1
 76
1
 52
0.0
 41
5.5
 77
0
 78
1
 53
0.0
 43
0.0
 44
0.0
 45
4.365625
 46
8.73125
 79
2
 49
0.0
 49
-8.73125
 98
0
  0
HATCH
  5
2B7
330
17
100
AcDbEntity
  8
AR-FIN
 62
7
420
15000804
440
33554559
100
AcDbHatch
 10
0.0
 20
0.0
 30
0.0
210
0.0
220
0.0
230
1.0
  2
SOLID
 70
1
 71
0
 91
1
 92
3
 72
0
 73
1
 93
4
 10
2430.0
 20
777.1000000000001
 10
2650.0
 20
777.1000000000001
 10
2650.0
 20
857.1000000000001
 10
2430.0
 20
857.1000000000001
 97
0
 75
1
 76
1
 98
0
  0
LWPOLYLINE
  5
2B8
330
17
100
AcDbEntity
  8
AR-FIN
 62
7
370
20
100
AcDbPolyline
 90
4
 70
1
 10
2430.0
 20
777.1000000000001
 10
2650.0
 20
777.1000000000001
 10
2650.0
 20
857.1000000000001
 10
2430.0
 20
857.1000000000001
  0
HATCH
  5
2B9
330
17
100
AcDbEntity
  8
AR-FIN
 62
7
420
10066329
100
AcDbHatch
 10
0.0
 20
0.0
 30
0.0
210
0.0
220
0.0
230
1.0
  2
DOTS
 70
0
 71
0
 91
1
 92
3
 72
0
 73
1
 93
4
 10
2430.0
 20
857.1000000000001
 10
2450.0
 20
857.1000000000001
 10
2450.0
 20
977.1000000000001
 10
2430.0
 20
977.1000000000001
 97
0
 75
1
 76
1
 52
0.0
 41
5.5
 77
0
 78
1
 53
0.0
 43
0.0
 44
0.0
 45
4.365625
 46
8.73125
 79
2
 49
0.0
 49
-8.73125
 98
0
  0
HATCH
  5
2BA
330
17
100
AcDbEntity
  8
AR-FIN
 62
7
420
15527148
440
33554559
100
AcDbHatch
 10
0.0
 20
0.0
 30
0.0
210
0.0
220
0.0
230
1.0
  2
SOLID
 70
1
 71
0
 91
1
 92
3
 72
0
 73
1
 93
4
 10
2430.0
 20
857.1000000000001
 10
2450.0
 20
857.1000000000001
 10
2450.0
 20
977.1000000000001
 10
2430.0
 20
977.1000000000001
 97
0
 75
1
 76
1
 98
0
  0
LWPOLYLINE
  5
2BB
330
17
100
AcDbEntity
  8
AR-FIN
 62
7
370
20
100
AcDbPolyline
 90
4
 70
1
 10
2430.0
 20
857.1000000000001
 10
2450.0
 20
857.1000000000001
 10
2450.0
 20
977.1000000000001
 10
2430.0
 20
977.1000000000001
  0
HATCH
  5
2BC
330
17
100
AcDbEntity
  8
AR-FIN
 62
7
420
3049153
100
AcDbHatch
 10
0.0
 20
0.0
 30
0.0
210
0.0
220
0.0
230
1.0
  2
SOLID
 70
1
 71
0
 91
1
 92
3
 72
0
 73
1
 93
4
 10
2450.0
 20
857.1000000000001
 10
2650.0
 20
857.1000000000001
 10
2650.0
 20
858.6000000000001
 10
2450.0
 20
858.6000000000001
 97
0
 75
1
 76
1
 98
0
  0
LWPOLYLINE
  5
2BD
330
17
100
AcDbEntity
  8
AR-FIN
 62
7
370
20
100
AcDbPolyline
 90
4
 70
1
 10
2450.0
 20
857.1000000000001
 10
2650.0
 20
857.1000000000001
 10
2650.0
 20
858.6000000000001
 10
2450.0
 20
858.6000000000001
  0
LWPOLYLINE
  5
2BE
330
17
100
AcDbEntity
  8
AR-FIN
  6
DASHED
370
20
 48
30.0
420
7829367
100
AcDbPolyline
 90
4
 70
1
 10
2510.0
 20
858.6000000000001
 10
2630.0
 20
858.6000000000001
 10
2630.0
 20
1207.1000000000001
 10
2510.0
 20
1207.1000000000001
  0
HATCH
  5
2BF
330
17
100
AcDbEntity
  8
DIM
 62
7
420
16777215
100
AcDbHatch
 10
0.0
 20
0.0
 30
0.0
210
0.0
220
0.0
230
1.0
  2
SOLID
 70
1
 71
0
 91
1
 92
3
 72
0
 73
1
 93
3
 10
2210.0
 20
957.1000000000001
 10
2198.0
 20
973.1
 10
2222.0
 20
973.1
 97
0
 75
1
 76
1
 98
0
  0
LWPOLYLINE
  5
2C0
330
17
100
AcDbEntity
  8
DIM
 62
7
370
20
100
AcDbPolyline
 90
3
 70
1
 10
2210.0
 20
957.1000000000001
 10
2198.0
 20
973.1
 10
2222.0
 20
973.1
  0
LWPOLYLINE
  5
2C1
330
17
100
AcDbEntity
  8
DIM
 62
7
370
20
100
AcDbPolyline
 90
2
 70
0
 10
2210.0
 20
973.1
 10
2300.0
 20
973.1
  0
TEXT
  5
2C2
330
17
100
AcDbEntity
  8
DIM
 62
7
100
AcDbText
 10
2216.0
 20
978.1
 30
0.0
 40
15.0
  1
+0,080
  7
GOST
 11
2216.0
 21
978.1
 31
0.0
100
AcDbText
  0
HATCH
  5
2C3
330
17
100
AcDbEntity
  8
DIM
 62
7
420
16777215
100
AcDbHatch
 10
0.0
 20
0.0
 30
0.0
210
0.0
220
0.0
230
1.0
  2
SOLID
 70
1
 71
0
 91
1
 92
3
 72
0
 73
1
 93
3
 10
2440.0
 20
977.1000000000001
 10
2428.0
 20
993.1
 10
2452.0
 20
993.1
 97
0
 75
1
 76
1
 98
0
  0
LWPOLYLINE
  5
2C4
330
17
100
AcDbEntity
  8
DIM
 62
7
370
20
100
AcDbPolyline
 90
3
 70
1
 10
2440.0
 20
977.1000000000001
 10
2428.0
 20
993.1
 10
2452.0
 20
993.1
  0
LWPOLYLINE
  5
2C5
330
17
100
AcDbEntity
  8
DIM
 62
7
370
20
100
AcDbPolyline
 90
2
 70
0
 10
2440.0
 20
993.1
 10
2530.0
 20
993.1
  0
TEXT
  5
2C6
330
17
100
AcDbEntity
  8
DIM
 62
7
100
AcDbText
 10
2446.0
 20
998.1
 30
0.0
 40
15.0
  1
+0,100
  7
GOST
 11
2446.0
 21
998.1
 31
0.0
100
AcDbText
  0
LWPOLYLINE
  5
2C7
330
17
100
AcDbEntity
  8
AR-FIN
  6
DASHDOT
370
13
 48
30.0
420
10066329
100
AcDbPolyline
 90
4
 70
1
 10
1880.0
 20
677.1000000000001
 10
2650.0
 20
677.1000000000001
 10
2650.0
 20
1207.1000000000001
 10
1880.0
 20
1207.1000000000001
  0
TEXT
  5
2C8
330
17
100
AcDbEntity
  8
TEXT
420
1710618
100
AcDbText
 10
1851.0693158436216
 20
934.6000000000001
 30
0.0
 40
15.0
  1
1
  7
GOST
 11
1851.0693158436216
 21
934.6000000000001
 31
0.0
100
AcDbText
  0
LWPOLYLINE
  5
2C9
330
17
100
AcDbEntity
  8
TEXT
370
15
420
3355443
100
AcDbPolyline
 90
2
 70
0
 10
1940.0
 20
942.1000000000001
 10
1868.0
 20
942.1000000000001
  0
HATCH
  5
2CA
330
17
100
AcDbEntity
  8
TEXT
 62
7
420
3355443
100
AcDbHatch
 10
0.0
 20
0.0
 30
0.0
210
0.0
220
0.0
230
1.0
  2
SOLID
 70
1
 71
0
 91
1
 92
1
 93
1
 72
2
 10
1940.0
 20
942.1000000000001
 40
2.5
 50
0
 51
360
 73
1
 97
0
 75
1
 76
1
 98
0
  0
CIRCLE
  5
2CB
330
17
100
AcDbEntity
  8
TEXT
370
13
420
3355443
100
AcDbCircle
 10
1940.0
 20
942.1000000000001
 30
0.0
 40
2.5
  0
TEXT
  5
2CC
330
17
100
AcDbEntity
  8
TEXT
420
1710618
100
AcDbText
 10
1857.4422582304528
 20
999.6000000000001
 30
0.0
 40
15.0
  1
2
  7
GOST
 11
1857.4422582304528
 21
999.6000000000001
 31
0.0
100
AcDbText
  0
LWPOLYLINE
  5
2CD
330
17
100
AcDbEntity
  8
TEXT
370
15
420
3355443
100
AcDbPolyline
 90
2
 70
0
 10
2001.0
 20
1007.1000000000001
 10
1874.0
 20
1007.1000000000001
  0
HATCH
  5
2CE
330
17
100
AcDbEntity
  8
TEXT
 62
7
420
3355443
100
AcDbHatch
 10
0.0
 20
0.0
 30
0.0
210
0.0
220
0.0
230
1.0
  2
SOLID
 70
1
 71
0
 91
1
 92
1
 93
1
 72
2
 10
2001.0
 20
1007.1000000000001
 40
2.5
 50
0
 51
360
 73
1
 97
0
 75
1
 76
1
 98
0
  0
CIRCLE
  5
2CF
330
17
100
AcDbEntity
  8
TEXT
370
13
420
3355443
100
AcDbCircle
 10
2001.0
 20
1007.1000000000001
 30
0.0
 40
2.5
  0
TEXT
  5
2D0
330
17
100
AcDbEntity
  8
TEXT
420
1710618
100
AcDbText
 10
2033.0
 20
1087.1000000000001
 30
0.0
 40
15.0
  1
3
  7
GOST
 11
2033.0
 21
1087.1000000000001
 31
0.0
100
AcDbText
  0
LWPOLYLINE
  5
2D1
330
17
100
AcDbEntity
  8
TEXT
370
15
420
3355443
100
AcDbPolyline
 90
2
 70
0
 10
2003.0
 20
1057.1000000000001
 10
2033.0
 20
1087.1000000000001
  0
TEXT
  5
2D2
330
17
100
AcDbEntity
  8
TEXT
420
1710618
100
AcDbText
 10
2212.7999614197533
 20
647.1000000000001
 30
0.0
 40
15.0
  1
4
  7
GOST
 11
2212.7999614197533
 21
647.1000000000001
 31
0.0
100
AcDbText
  0
LWPOLYLINE
  5
2D3
330
17
100
AcDbEntity
  8
TEXT
370
15
420
3355443
100
AcDbPolyline
 90
2
 70
0
 10
2220.0
 20
737.1000000000001
 10
2220.0
 20
665.1
  0
HATCH
  5
2D4
330
17
100
AcDbEntity
  8
TEXT
 62
7
420
3355443
100
AcDbHatch
 10
0.0
 20
0.0
 30
0.0
210
0.0
220
0.0
230
1.0
  2
SOLID
 70
1
 71
0
 91
1
 92
1
 93
1
 72
2
 10
2220.0
 20
737.1000000000001
 40
2.5
 50
0
 51
360
 73
1
 97
0
 75
1
 76
1
 98
0
  0
CIRCLE
  5
2D5
330
17
100
AcDbEntity
  8
TEXT
370
13
420
3355443
100
AcDbCircle
 10
2220.0
 20
737.1000000000001
 30
0.0
 40
2.5
  0
TEXT
  5
2D6
330
17
100
AcDbEntity
  8
TEXT
420
1710618
100
AcDbText
 10
2250.0
 20
847.1000000000001
 30
0.0
 40
15.0
  1
5
  7
GOST
 11
2250.0
 21
847.1000000000001
 31
0.0
100
AcDbText
  0
LWPOLYLINE
  5
2D7
330
17
100
AcDbEntity
  8
TEXT
370
15
420
3355443
100
AcDbPolyline
 90
2
 70
0
 10
2220.0
 20
817.1000000000001
 10
2250.0
 20
847.1000000000001
  0
TEXT
  5
2D8
330
17
100
AcDbEntity
  8
TEXT
420
1710618
100
AcDbText
 10
2250.0
 20
887.8500000000001
 30
0.0
 40
15.0
  1
6
  7
GOST
 11
2250.0
 21
887.8500000000001
 31
0.0
100
AcDbText
  0
LWPOLYLINE
  5
2D9
330
17
100
AcDbEntity
  8
TEXT
370
15
420
3355443
100
AcDbPolyline
 90
2
 70
0
 10
2220.0
 20
857.8500000000001
 10
2250.0
 20
887.8500000000001
  0
TEXT
  5
2DA
330
17
100
AcDbEntity
  8
TEXT
420
1710618
100
AcDbText
 10
2250.0
 20
888.6000000000001
 30
0.0
 40
15.0
  1
7
  7
GOST
 11
2250.0
 21
888.6000000000001
 31
0.0
100
AcDbText
  0
LWPOLYLINE
  5
2DB
330
17
100
AcDbEntity
  8
TEXT
370
15
420
3355443
100
AcDbPolyline
 90
2
 70
0
 10
2220.0
 20
858.6000000000001
 10
2250.0
 20
888.6000000000001
  0
TEXT
  5
2DC
330
17
100
AcDbEntity
  8
TEXT
420
1710618
100
AcDbText
 10
2250.0
 20
927.8500000000001
 30
0.0
 40
15.0
  1
8
  7
GOST
 11
2250.0
 21
927.8500000000001
 31
0.0
100
AcDbText
  0
LWPOLYLINE
  5
2DD
330
17
100
AcDbEntity
  8
TEXT
370
15
420
3355443
100
AcDbPolyline
 90
2
 70
0
 10
2220.0
 20
897.8500000000001
 10
2250.0
 20
927.8500000000001
  0
TEXT
  5
2DE
330
17
100
AcDbEntity
  8
TEXT
420
1710618
100
AcDbText
 10
2250.0
 20
968.1
 30
0.0
 40
15.0
  1
9
  7
GOST
 11
2250.0
 21
968.1
 31
0.0
100
AcDbText
  0
LWPOLYLINE
  5
2DF
330
17
100
AcDbEntity
  8
TEXT
370
15
420
3355443
100
AcDbPolyline
 90
2
 70
0
 10
2220.0
 20
938.1
 10
2250.0
 20
968.1
  0
TEXT
  5
2E0
330
17
100
AcDbEntity
  8
TEXT
420
1710618
100
AcDbText
 10
2250.0
 20
973.1
 30
0.0
 40
15.0
  1
10
  7
GOST
 11
2250.0
 21
973.1
 31
0.0
100
AcDbText
  0
LWPOLYLINE
  5
2E1
330
17
100
AcDbEntity
  8
TEXT
370
15
420
3355443
100
AcDbPolyline
 90
2
 70
0
 10
2220.0
 20
943.1
 10
2250.0
 20
973.1
  0
TEXT
  5
2E2
330
17
100
AcDbEntity
  8
TEXT
420
1710618
100
AcDbText
 10
2250.0
 20
982.1000000000001
 30
0.0
 40
15.0
  1
11
  7
GOST
 11
2250.0
 21
982.1000000000001
 31
0.0
100
AcDbText
  0
LWPOLYLINE
  5
2E3
330
17
100
AcDbEntity
  8
TEXT
370
15
420
3355443
100
AcDbPolyline
 90
2
 70
0
 10
2220.0
 20
952.1000000000001
 10
2250.0
 20
982.1000000000001
  0
TEXT
  5
2E4
330
17
100
AcDbEntity
  8
TEXT
420
1710618
100
AcDbText
 10
2470.0
 20
947.1000000000001
 30
0.0
 40
15.0
  1
12
  7
GOST
 11
2470.0
 21
947.1000000000001
 31
0.0
100
AcDbText
  0
LWPOLYLINE
  5
2E5
330
17
100
AcDbEntity
  8
TEXT
370
15
420
3355443
100
AcDbPolyline
 90
2
 70
0
 10
2440.0
 20
917.1000000000001
 10
2470.0
 20
947.1000000000001
  0
TEXT
  5
2E6
330
17
100
AcDbEntity
  8
TEXT
420
1710618
100
AcDbText
 10
2680.0
 20
850.3500000000001
 30
0.0
 40
15.0
  1
13
  7
GOST
 11
2680.0
 21
850.3500000000001
 31
0.0
100
AcDbText
  0
LWPOLYLINE
  5
2E7
330
17
100
AcDbEntity
  8
TEXT
370
15
420
3355443
100
AcDbPolyline
 90
2
 70
0
 10
2550.0
 20
857.8500000000001
 10
2677.0
 20
857.8500000000001
  0
HATCH
  5
2E8
330
17
100
AcDbEntity
  8
TEXT
 62
7
420
3355443
100
AcDbHatch
 10
0.0
 20
0.0
 30
0.0
210
0.0
220
0.0
230
1.0
  2
SOLID
 70
1
 71
0
 91
1
 92
1
 93
1
 72
2
 10
2550.0
 20
857.8500000000001
 40
2.5
 50
0
 51
360
 73
1
 97
0
 75
1
 76
1
 98
0
  0
CIRCLE
  5
2E9
330
17
100
AcDbEntity
  8
TEXT
370
13
420
3355443
100
AcDbCircle
 10
2550.0
 20
857.8500000000001
 30
0.0
 40
2.5
  0
TEXT
  5
2EA
330
17
100
AcDbEntity
  8
TEXT
420
1710618
100
AcDbText
 10
2670.0
 20
1025.3500000000001
 30
0.0
 40
15.0
  1
14
  7
GOST
 11
2670.0
 21
1025.3500000000001
 31
0.0
100
AcDbText
  0
LWPOLYLINE
  5
2EB
330
17
100
AcDbEntity
  8
TEXT
370
15
420
3355443
100
AcDbPolyline
 90
2
 70
0
 10
2570.0
 20
1032.8500000000001
 10
2667.0
 20
1032.8500000000001
  0
HATCH
  5
2EC
330
17
100
AcDbEntity
  8
TEXT
 62
7
420
3355443
100
AcDbHatch
 10
0.0
 20
0.0
 30
0.0
210
0.0
220
0.0
230
1.0
  2
SOLID
 70
1
 71
0
 91
1
 92
1
 93
1
 72
2
 10
2570.0
 20
1032.8500000000001
 40
2.5
 50
0
 51
360
 73
1
 97
0
 75
1
 76
1
 98
0
  0
CIRCLE
  5
2ED
330
17
100
AcDbEntity
  8
TEXT
370
13
420
3355443
100
AcDbCircle
 10
2570.0
 20
1032.8500000000001
 30
0.0
 40
2.5
  0
TEXT
  5
2EE
330
17
100
AcDbEntity
  8
TEXT
 62
7
100
AcDbText
 10
2690.0
 20
1193.6000000000001
 30
0.0
 40
13.5
  1
1.
  7
GOST
 11
2690.0
 21
1193.6000000000001
 31
0.0
100
AcDbText
  0
TEXT
  5
2EF
330
17
100
AcDbEntity
  8
TEXT
 62
7
100
AcDbText
 10
2735.0
 20
1193.6000000000001
 30
0.0
 40
13.5
  1
Стена ванной
  7
GOST
 11
2735.0
 21
1193.6000000000001
 31
0.0
100
AcDbText
  0
TEXT
  5
2F0
330
17
100
AcDbEntity
  8
TEXT
 62
7
100
AcDbText
 10
2690.0
 20
1168.0250000000003
 30
0.0
 40
13.5
  1
2.
  7
GOST
 11
2690.0
 21
1168.0250000000003
 31
0.0
100
AcDbText
  0
TEXT
  5
2F1
330
17
100
AcDbEntity
  8
TEXT
 62
7
100
AcDbText
 10
2735.0
 20
1168.0250000000003
 30
0.0
 40
13.5
  1
Нижняя ГИ: заход на стену 200 над полом ванной (до +280)
  7
GOST
 11
2735.0
 21
1168.0250000000003
 31
0.0
100
AcDbText
  0
TEXT
  5
2F2
330
17
100
AcDbEntity
  8
TEXT
 62
7
100
AcDbText
 10
2690.0
 20
1142.4500000000003
 30
0.0
 40
13.5
  1
3.
  7
GOST
 11
2690.0
 21
1142.4500000000003
 31
0.0
100
AcDbText
  0
TEXT
  5
2F3
330
17
100
AcDbEntity
  8
TEXT
 62
7
100
AcDbText
 10
2735.0
 20
1142.4500000000003
 30
0.0
 40
13.5
  1
Основная ГИ 2 слоя: заход 200; в душе и за ванной — до
  7
GOST
 11
2735.0
 21
1142.4500000000003
 31
0.0
100
AcDbText
  0
TEXT
  5
2F4
330
17
100
AcDbEntity
  8
TEXT
 62
7
100
AcDbText
 10
2735.0
 20
1122.8750000000005
 30
0.0
 40
13.5
  1
потолка +2450
  7
GOST
 11
2735.0
 21
1122.8750000000005
 31
0.0
100
AcDbText
  0
TEXT
  5
2F5
330
17
100
AcDbEntity
  8
TEXT
 62
7
100
AcDbText
 10
2690.0
 20
1097.3000000000004
 30
0.0
 40
13.5
  1
4.
  7
GOST
 11
2690.0
 21
1097.3000000000004
 31
0.0
100
AcDbText
  0
TEXT
  5
2F6
330
17
100
AcDbEntity
  8
TEXT
 62
7
100
AcDbText
 10
2735.0
 20
1097.3000000000004
 30
0.0
 40
13.5
  1
плита, верх -100
  7
GOST
 11
2735.0
 21
1097.3000000000004
 31
0.0
100
AcDbText
  0
TEXT
  5
2F7
330
17
100
AcDbEntity
  8
TEXT
 62
7
100
AcDbText
 10
2690.0
 20
1071.7250000000006
 30
0.0
 40
13.5
  1
5.
  7
GOST
 11
2690.0
 21
1071.7250000000006
 31
0.0
100
AcDbText
  0
TEXT
  5
2F8
330
17
100
AcDbEntity
  8
TEXT
 62
7
100
AcDbText
 10
2735.0
 20
1071.7250000000006
 30
0.0
 40
13.5
  1
стяжка с водяным ТП (сущ.), верх −20 — не резать (D3/D4) — 80
  7
GOST
 11
2735.0
 21
1071.7250000000006
 31
0.0
100
AcDbText
  0
TEXT
  5
2F9
330
17
100
AcDbEntity
  8
TEXT
 62
7
100
AcDbText
 10
2690.0
 20
1046.1500000000005
 30
0.0
 40
13.5
  1
6.
  7
GOST
 11
2690.0
 21
1046.1500000000005
 31
0.0
100
AcDbText
  0
TEXT
  5
2FA
330
17
100
AcDbEntity
  8
TEXT
 62
7
100
AcDbText
 10
2735.0
 20
1046.1500000000005
 30
0.0
 40
13.5
  1
грунт + нижняя обмазочная гидроизоляция (барьер над ТП и
  7
GOST
 11
2735.0
 21
1046.1500000000005
 31
0.0
100
AcDbText
  0
TEXT
  5
2FB
330
17
100
AcDbEntity
  8
TEXT
 62
7
100
AcDbText
 10
2735.0
 20
1026.5750000000007
 30
0.0
 40
13.5
  1
техподпольем), заход 200 над чистым полом — 1.5
  7
GOST
 11
2735.0
 21
1026.5750000000007
 31
0.0
100
AcDbText
  0
TEXT
  5
2FC
330
17
100
AcDbEntity
  8
TEXT
 62
7
100
AcDbText
 10
2690.0
 20
1001.0000000000008
 30
0.0
 40
13.5
  1
7.
  7
GOST
 11
2690.0
 21
1001.0000000000008
 31
0.0
100
AcDbText
  0
TEXT
  5
2FD
330
17
100
AcDbEntity
  8
TEXT
 62
7
100
AcDbText
 10
2735.0
 20
1001.0000000000008
 30
0.0
 40
13.5
  1
демпферная лента 10 по периметру; трубы Ø50 трапа/ванны —
  7
GOST
 11
2735.0
 21
1001.0000000000008
 31
0.0
100
AcDbText
  0
TEXT
  5
2FE
330
17
100
AcDbEntity
  8
TEXT
 62
7
100
AcDbText
 10
2735.0
 20
981.4250000000009
 30
0.0
 40
13.5
  1
на стяжке, защитный слой ≥ 30
  7
GOST
 11
2735.0
 21
981.4250000000009
 31
0.0
100
AcDbText
  0
TEXT
  5
2FF
330
17
100
AcDbEntity
  8
TEXT
 62
7
100
AcDbText
 10
2690.0
 20
955.8500000000009
 30
0.0
 40
13.5
  1
8.
  7
GOST
 11
2690.0
 21
955.8500000000009
 31
0.0
100
AcDbText
  0
TEXT
  5
300
330
17
100
AcDbEntity
  8
TEXT
 62
7
100
AcDbText
 10
2735.0
 20
955.8500000000009
 30
0.0
 40
13.5
  1
подиум ЦПС М300 фиброармированная + сетка 50×50 Вр4; в
  7
GOST
 11
2735.0
 21
955.8500000000009
 31
0.0
100
AcDbText
  0
TEXT
  5
301
330
17
100
AcDbEntity
  8
TEXT
 62
7
100
AcDbText
 10
2735.0
 20
936.275000000001
 30
0.0
 40
13.5
  1
душе уклон 1,5 % к трапу — 78.5
  7
GOST
 11
2735.0
 21
936.275000000001
 31
0.0
100
AcDbText
  0
TEXT
  5
302
330
17
100
AcDbEntity
  8
TEXT
 62
7
100
AcDbText
 10
2690.0
 20
910.7000000000011
 30
0.0
 40
13.5
  1
9.
  7
GOST
 11
2690.0
 21
910.7000000000011
 31
0.0
100
AcDbText
  0
TEXT
  5
303
330
17
100
AcDbEntity
  8
TEXT
 62
7
100
AcDbText
 10
2735.0
 20
910.7000000000011
 30
0.0
 40
13.5
  1
основная обмазочная гидроизоляция 2 слоя, ленты,
  7
GOST
 11
2735.0
 21
910.7000000000011
 31
0.0
100
AcDbText
  0
TEXT
  5
304
330
17
100
AcDbEntity
  8
TEXT
 62
7
100
AcDbText
 10
2735.0
 20
891.1250000000011
 30
0.0
 40
13.5
  1
манжета/фланец трапа, вклейка в рамку U14 — 2
  7
GOST
 11
2735.0
 21
891.1250000000011
 31
0.0
100
AcDbText
  0
TEXT
  5
305
330
17
100
AcDbEntity
  8
TEXT
 62
7
100
AcDbText
 10
2690.0
 20
865.5500000000012
 30
0.0
 40
13.5
  1
10.
  7
GOST
 11
2690.0
 21
865.5500000000012
 31
0.0
100
AcDbText
  0
TEXT
  5
306
330
17
100
AcDbEntity
  8
TEXT
 62
7
100
AcDbText
 10
2735.0
 20
865.5500000000012
 30
0.0
 40
13.5
  1
клей C2TE S1 + мат TP1 (вне ванны, душа, коробов; ≥ 100 от
  7
GOST
 11
2735.0
 21
865.5500000000012
 31
0.0
100
AcDbText
  0
TEXT
  5
307
330
17
100
AcDbEntity
  8
TEXT
 62
7
100
AcDbText
 10
2735.0
 20
845.9750000000013
 30
0.0
 40
13.5
  1
рамки U14) — 8
  7
GOST
 11
2735.0
 21
845.9750000000013
 31
0.0
100
AcDbText
  0
TEXT
  5
308
330
17
100
AcDbEntity
  8
TEXT
 62
7
100
AcDbText
 10
2690.0
 20
820.4000000000013
 30
0.0
 40
13.5
  1
11.
  7
GOST
 11
2690.0
 21
820.4000000000013
 31
0.0
100
AcDbText
  0
TEXT
  5
309
330
17
100
AcDbEntity
  8
TEXT
 62
7
100
AcDbText
 10
2735.0
 20
820.4000000000013
 30
0.0
 40
13.5
  1
керамогранит 10 (60×60 сухая зона, 60×120 душ R10/B) — 10
  7
GOST
 11
2735.0
 21
820.4000000000013
 31
0.0
100
AcDbText
  0
TEXT
  5
30A
330
17
100
AcDbEntity
  8
TEXT
 62
7
100
AcDbText
 10
2690.0
 20
794.8250000000014
 30
0.0
 40
13.5
  1
12.
  7
GOST
 11
2690.0
 21
794.8250000000014
 31
0.0
100
AcDbText
  0
TEXT
  5
30B
330
17
100
AcDbEntity
  8
TEXT
 62
7
100
AcDbText
 10
2735.0
 20
794.8250000000014
 30
0.0
 40
13.5
  1
Бортик ЦСП 20 / нерж. уголок, на клею к стяжке, верх +100; без
  7
GOST
 11
2735.0
 21
794.8250000000014
 31
0.0
100
AcDbText
  0
TEXT
  5
30C
330
17
100
AcDbEntity
  8
TEXT
 62
7
100
AcDbText
 10
2735.0
 20
775.2500000000015
 30
0.0
 40
13.5
  1
анкеров
  7
GOST
 11
2735.0
 21
775.2500000000015
 31
0.0
100
AcDbText
  0
TEXT
  5
30D
330
17
100
AcDbEntity
  8
TEXT
 62
7
100
AcDbText
 10
2690.0
 20
749.6750000000015
 30
0.0
 40
13.5
  1
13.
  7
GOST
 11
2690.0
 21
749.6750000000015
 31
0.0
100
AcDbText
  0
TEXT
  5
30E
330
17
100
AcDbEntity
  8
TEXT
 62
7
100
AcDbText
 10
2735.0
 20
749.6750000000015
 30
0.0
 40
13.5
  1
Ниша коллектора: подиум не заливается, дно — стяжка с
  7
GOST
 11
2735.0
 21
749.6750000000015
 31
0.0
100
AcDbText
  0
TEXT
  5
30F
330
17
100
AcDbEntity
  8
TEXT
 62
7
100
AcDbText
 10
2735.0
 20
730.1000000000016
 30
0.0
 40
13.5
  1
нижней ГИ
  7
GOST
 11
2735.0
 21
730.1000000000016
 31
0.0
100
AcDbText
  0
TEXT
  5
310
330
17
100
AcDbEntity
  8
TEXT
 62
7
100
AcDbText
 10
2690.0
 20
704.5250000000017
 30
0.0
 40
13.5
  1
14.
  7
GOST
 11
2690.0
 21
704.5250000000017
 31
0.0
100
AcDbText
  0
TEXT
  5
311
330
17
100
AcDbEntity
  8
TEXT
 62
7
100
AcDbText
 10
2735.0
 20
704.5250000000017
 30
0.0
 40
13.5
  1
Коллектор U14 (h ≈ 400), доступ через съёмный цоколь тумбы
  7
GOST
 11
2735.0
 21
704.5250000000017
 31
0.0
100
AcDbText
  0
TEXT
  5
312
330
17
100
AcDbEntity
  8
TEXT
 62
7
100
AcDbText
 10
2735.0
 20
684.9500000000018
 30
0.0
 40
13.5
  1
F71
  7
GOST
 11
2735.0
 21
684.9500000000018
 31
0.0
100
AcDbText
  0
LWPOLYLINE
  5
313
330
17
100
AcDbEntity
  8
FRAME
 62
7
370
50
100
AcDbPolyline
 90
4
 70
1
 10
200.0
 20
50.0
 10
4150.0
 20
50.0
 10
4150.0
 20
2920.0
 10
200.0
 20
2920.0
  0
TEXT
  5
314
330
17
100
AcDbEntity
  8
FRAME
 62
7
100
AcDbText
 10
4150.0
 20
16.0
 30
0.0
 40
20.0
  1
Формат A3
  7
GOST
 72
2
 11
4150.0
 21
16.0
 31
0.0
100
AcDbText
  0
HATCH
  5
315
330
17
100
AcDbEntity
  8
FRAME
 62
7
420
16777215
100
AcDbHatch
 10
0.0
 20
0.0
 30
0.0
210
0.0
220
0.0
230
1.0
  2
SOLID
 70
1
 71
0
 91
1
 92
3
 72
0
 73
1
 93
4
 10
2300.0
 20
50.0
 10
4150.0
 20
50.0
 10
4150.0
 20
600.0
 10
2300.0
 20
600.0
 97
0
 75
1
 76
1
 98
0
  0
LWPOLYLINE
  5
316
330
17
100
AcDbEntity
  8
FRAME
 62
7
370
50
100
AcDbPolyline
 90
4
 70
1
 10
2300.0
 20
50.0
 10
4150.0
 20
50.0
 10
4150.0
 20
600.0
 10
2300.0
 20
600.0
  0
LWPOLYLINE
  5
317
330
17
100
AcDbEntity
  8
FRAME
 62
7
370
50
100
AcDbPolyline
 90
2
 70
0
 10
2950.0
 20
450.0
 10
4150.0
 20
450.0
  0
LWPOLYLINE
  5
318
330
17
100
AcDbEntity
  8
FRAME
 62
7
370
50
100
AcDbPolyline
 90
2
 70
0
 10
2950.0
 20
350.0
 10
4150.0
 20
350.0
  0
LWPOLYLINE
  5
319
330
17
100
AcDbEntity
  8
FRAME
 62
7
370
50
100
AcDbPolyline
 90
2
 70
0
 10
2950.0
 20
200.0
 10
4150.0
 20
200.0
  0
LWPOLYLINE
  5
31A
330
17
100
AcDbEntity
  8
FRAME
 62
7
370
50
100
AcDbPolyline
 90
2
 70
0
 10
2950.0
 20
50.0
 10
2950.0
 20
600.0
  0
LWPOLYLINE
  5
31B
330
17
100
AcDbEntity
  8
FRAME
 62
7
370
50
100
AcDbPolyline
 90
2
 70
0
 10
3650.0
 20
50.0
 10
3650.0
 20
350.0
  0
LWPOLYLINE
  5
31C
330
17
100
AcDbEntity
  8
FRAME
 62
7
370
20
100
AcDbPolyline
 90
2
 70
0
 10
3650.0
 20
300.0
 10
4150.0
 20
300.0
  0
LWPOLYLINE
  5
31D
330
17
100
AcDbEntity
  8
FRAME
 62
7
370
20
100
AcDbPolyline
 90
2
 70
0
 10
3800.0
 20
200.0
 10
3800.0
 20
350.0
  0
LWPOLYLINE
  5
31E
330
17
100
AcDbEntity
  8
FRAME
 62
7
370
20
100
AcDbPolyline
 90
2
 70
0
 10
3950.0
 20
200.0
 10
3950.0
 20
350.0
  0
TEXT
  5
31F
330
17
100
AcDbEntity
  8
FRAME
 62
7
100
AcDbText
 10
3725.0
 20
312.0
 30
0.0
 40
20.0
  1
Стадия
  7
GOST
 72
1
 11
3725.0
 21
312.0
 31
0.0
100
AcDbText
  0
TEXT
  5
320
330
17
100
AcDbEntity
  8
FRAME
 62
7
100
AcDbText
 10
3875.0
 20
312.0
 30
0.0
 40
20.0
  1
Лист
  7
GOST
 72
1
 11
3875.0
 21
312.0
 31
0.0
100
AcDbText
  0
TEXT
  5
321
330
17
100
AcDbEntity
  8
FRAME
 62
7
100
AcDbText
 10
4050.0
 20
312.0
 30
0.0
 40
20.0
  1
Листов
  7
GOST
 72
1
 11
4050.0
 21
312.0
 31
0.0
100
AcDbText
  0
TEXT
  5
322
330
17
100
AcDbEntity
  8
FRAME
 62
7
100
AcDbText
 10
3725.0
 20
234.0
 30
0.0
 40
35.0
  1
Р
  7
GOST
 72
1
 11
3725.0
 21
234.0
 31
0.0
100
AcDbText
  0
TEXT
  5
323
330
17
100
AcDbEntity
  8
FRAME
 62
7
100
AcDbText
 10
3875.0
 20
234.0
 30
0.0
 40
35.0
  1
21
  7
GOST
 72
1
 11
3875.0
 21
234.0
 31
0.0
100
AcDbText
  0
TEXT
  5
324
330
17
100
AcDbEntity
  8
FRAME
 62
7
100
AcDbText
 10
4050.0
 20
234.0
 30
0.0
 40
35.0
  1
51
  7
GOST
 72
1
 11
4050.0
 21
234.0
 31
0.0
100
AcDbText
  0
LWPOLYLINE
  5
325
330
17
100
AcDbEntity
  8
FRAME
 62
7
370
20
100
AcDbPolyline
 90
2
 70
0
 10
2300.0
 20
100.0
 10
2950.0
 20
100.0
  0
LWPOLYLINE
  5
326
330
17
100
AcDbEntity
  8
FRAME
 62
7
370
20
100
AcDbPolyline
 90
2
 70
0
 10
2300.0
 20
150.0
 10
2950.0
 20
150.0
  0
LWPOLYLINE
  5
327
330
17
100
AcDbEntity
  8
FRAME
 62
7
370
20
100
AcDbPolyline
 90
2
 70
0
 10
2300.0
 20
200.0
 10
2950.0
 20
200.0
  0
LWPOLYLINE
  5
328
330
17
100
AcDbEntity
  8
FRAME
 62
7
370
20
100
AcDbPolyline
 90
2
 70
0
 10
2300.0
 20
250.0
 10
2950.0
 20
250.0
  0
LWPOLYLINE
  5
329
330
17
100
AcDbEntity
  8
FRAME
 62
7
370
50
100
AcDbPolyline
 90
2
 70
0
 10
2300.0
 20
300.0
 10
2950.0
 20
300.0
  0
LWPOLYLINE
  5
32A
330
17
100
AcDbEntity
  8
FRAME
 62
7
370
50
100
AcDbPolyline
 90
2
 70
0
 10
2300.0
 20
350.0
 10
2950.0
 20
350.0
  0
LWPOLYLINE
  5
32B
330
17
100
AcDbEntity
  8
FRAME
 62
7
370
20
100
AcDbPolyline
 90
2
 70
0
 10
2300.0
 20
400.0
 10
2950.0
 20
400.0
  0
LWPOLYLINE
  5
32C
330
17
100
AcDbEntity
  8
FRAME
 62
7
370
20
100
AcDbPolyline
 90
2
 70
0
 10
2300.0
 20
450.0
 10
2950.0
 20
450.0
  0
LWPOLYLINE
  5
32D
330
17
100
AcDbEntity
  8
FRAME
 62
7
370
20
100
AcDbPolyline
 90
2
 70
0
 10
2300.0
 20
500.0
 10
2950.0
 20
500.0
  0
LWPOLYLINE
  5
32E
330
17
100
AcDbEntity
  8
FRAME
 62
7
370
20
100
AcDbPolyline
 90
2
 70
0
 10
2300.0
 20
550.0
 10
2950.0
 20
550.0
  0
LWPOLYLINE
  5
32F
330
17
100
AcDbEntity
  8
FRAME
 62
7
370
50
100
AcDbPolyline
 90
2
 70
0
 10
2400.0
 20
300.0
 10
2400.0
 20
600.0
  0
LWPOLYLINE
  5
330
330
17
100
AcDbEntity
  8
FRAME
 62
7
370
50
100
AcDbPolyline
 90
2
 70
0
 10
2500.0
 20
50.0
 10
2500.0
 20
600.0
  0
LWPOLYLINE
  5
331
330
17
100
AcDbEntity
  8
FRAME
 62
7
370
50
100
AcDbPolyline
 90
2
 70
0
 10
2600.0
 20
300.0
 10
2600.0
 20
600.0
  0
LWPOLYLINE
  5
332
330
17
100
AcDbEntity
  8
FRAME
 62
7
370
50
100
AcDbPolyline
 90
2
 70
0
 10
2700.0
 20
50.0
 10
2700.0
 20
600.0
  0
LWPOLYLINE
  5
333
330
17
100
AcDbEntity
  8
FRAME
 62
7
370
50
100
AcDbPolyline
 90
2
 70
0
 10
2850.0
 20
50.0
 10
2850.0
 20
600.0
  0
TEXT
  5
334
330
17
100
AcDbEntity
  8
FRAME
 62
7
100
AcDbText
 10
2350.0
 20
313.0
 30
0.0
 40
18.0
  1
Изм.
  7
GOST
 72
1
 11
2350.0
 21
313.0
 31
0.0
100
AcDbText
  0
TEXT
  5
335
330
17
100
AcDbEntity
  8
FRAME
 62
7
100
AcDbText
 10
2450.0
 20
313.0
 30
0.0
 40
18.0
  1
Кол.уч
  7
GOST
 72
1
 11
2450.0
 21
313.0
 31
0.0
100
AcDbText
  0
TEXT
  5
336
330
17
100
AcDbEntity
  8
FRAME
 62
7
100
AcDbText
 10
2550.0
 20
313.0
 30
0.0
 40
18.0
  1
Лист
  7
GOST
 72
1
 11
2550.0
 21
313.0
 31
0.0
100
AcDbText
  0
TEXT
  5
337
330
17
100
AcDbEntity
  8
FRAME
 62
7
100
AcDbText
 10
2650.0
 20
313.0
 30
0.0
 40
18.0
  1
№док.
  7
GOST
 72
1
 11
2650.0
 21
313.0
 31
0.0
100
AcDbText
  0
TEXT
  5
338
330
17
100
AcDbEntity
  8
FRAME
 62
7
100
AcDbText
 10
2775.0
 20
313.0
 30
0.0
 40
18.0
  1
Подп.
  7
GOST
 72
1
 11
2775.0
 21
313.0
 31
0.0
100
AcDbText
  0
TEXT
  5
339
330
17
100
AcDbEntity
  8
FRAME
 62
7
100
AcDbText
 10
2900.0
 20
313.0
 30
0.0
 40
18.0
  1
Дата
  7
GOST
 72
1
 11
2900.0
 21
313.0
 31
0.0
100
AcDbText
  0
TEXT
  5
33A
330
17
100
AcDbEntity
  8
FRAME
 62
7
100
AcDbText
 10
2310.0
 20
263.0
 30
0.0
 40
20.0
  1
Разраб.
  7
GOST
 11
2310.0
 21
263.0
 31
0.0
100
AcDbText
  0
TEXT
  5
33B
330
17
100
AcDbEntity
  8
FRAME
 62
7
100
AcDbText
 10
2310.0
 20
213.0
 30
0.0
 40
20.0
  1
Пров.
  7
GOST
 11
2310.0
 21
213.0
 31
0.0
100
AcDbText
  0
TEXT
  5
33C
330
17
100
AcDbEntity
  8
FRAME
 62
7
100
AcDbText
 10
2310.0
 20
163.0
 30
0.0
 40
20.0
  1
ГИП
  7
GOST
 11
2310.0
 21
163.0
 31
0.0
100
AcDbText
  0
TEXT
  5
33D
330
17
100
AcDbEntity
  8
FRAME
 62
7
100
AcDbText
 10
2310.0
 20
113.0
 30
0.0
 40
20.0
  1
Н.контр.
  7
GOST
 11
2310.0
 21
113.0
 31
0.0
100
AcDbText
  0
TEXT
  5
33E
330
17
100
AcDbEntity
  8
FRAME
 62
7
100
AcDbText
 10
2310.0
 20
63.0
 30
0.0
 40
20.0
  1
Утв.
  7
GOST
 11
2310.0
 21
63.0
 31
0.0
100
AcDbText
  0
TEXT
  5
33F
330
17
100
AcDbEntity
  8
FRAME
 62
7
100
AcDbText
 10
2508.0
 20
263.0
 30
0.0
 40
20.0
  1
pib-агенты
  7
GOST
 11
2508.0
 21
263.0
 31
0.0
100
AcDbText
  0
TEXT
  5
340
330
17
100
AcDbEntity
  8
FRAME
 62
7
100
AcDbText
 10
2900.0
 20
263.0
 30
0.0
 40
18.0
  1
10.2026
  7
GOST
 72
1
 11
2900.0
 21
263.0
 31
0.0
100
AcDbText
  0
TEXT
  5
341
330
17
100
AcDbEntity
  8
FRAME
 62
7
100
AcDbText
 10
3550.0
 20
500.0
 30
0.0
 40
50.0
  1
КВ108-ДП-АР-17
  7
GOST
 72
1
 11
3550.0
 21
500.0
 31
0.0
100
AcDbText
  0
TEXT
  5
342
330
17
100
AcDbEntity
  8
FRAME
 62
7
100
AcDbText
 10
3550.0
 20
382.5
 30
0.0
 40
35.0
  1
Квартира №108, СПб, дизайн-проект
  7
GOST
 72
1
 11
3550.0
 21
382.5
 31
0.0
100
AcDbText
  0
TEXT
  5
343
330
17
100
AcDbEntity
  8
FRAME
 62
7
100
AcDbText
 10
3300.0
 20
260.0
 30
0.0
 40
30.0
  1
Архитектурные решения
  7
GOST
 72
1
 11
3300.0
 21
260.0
 31
0.0
100
AcDbText
  0
TEXT
  5
344
330
17
100
AcDbEntity
  8
FRAME
 62
7
100
AcDbText
 10
3300.0
 20
166.875
 30
0.0
 40
25.0
  1
Узлы 1–6: потолки, ниши штор,
  7
GOST
 72
1
 11
3300.0
 21
166.875
 31
0.0
100
AcDbText
  0
TEXT
  5
345
330
17
100
AcDbEntity
  8
FRAME
 62
7
100
AcDbText
 10
3300.0
 20
130.625
 30
0.0
 40
25.0
  1
люки, стыки покрытий, порог
  7
GOST
 72
1
 11
3300.0
 21
130.625
 31
0.0
100
AcDbText
  0
TEXT
  5
346
330
17
100
AcDbEntity
  8
FRAME
 62
7
100
AcDbText
 10
3300.0
 20
94.375
 30
0.0
 40
25.0
  1
ванной, гидроизоляция
  7
GOST
 72
1
 11
3300.0
 21
94.375
 31
0.0
100
AcDbText
  0
TEXT
  5
347
330
17
100
AcDbEntity
  8
FRAME
 62
7
100
AcDbText
 10
3300.0
 20
58.125
 30
0.0
 40
25.0
  1
Масштаб 1:10
  7
GOST
 72
1
 11
3300.0
 21
58.125
 31
0.0
100
AcDbText
  0
TEXT
  5
348
330
17
100
AcDbEntity
  8
FRAME
 62
7
100
AcDbText
 10
3900.0
 20
131.75
 30
0.0
 40
30.0
  1
ПИБ
  7
GOST
 72
1
 11
3900.0
 21
131.75
 31
0.0
100
AcDbText
  0
TEXT
  5
349
330
17
100
AcDbEntity
  8
FRAME
 62
7
100
AcDbText
 10
3900.0
 20
88.25000000000001
 30
0.0
 40
30.0
  1
агенты pib-*
  7
GOST
 72
1
 11
3900.0
 21
88.25000000000001
 31
0.0
100
AcDbText
  0
ENDSEC
  0
SECTION
  2
OBJECTS
  0
DICTIONARY
  5
A
330
0
100
AcDbDictionary
281
1
  3
ACAD_COLOR
350
B
  3
ACAD_GROUP
350
C
  3
ACAD_LAYOUT
350
D
  3
ACAD_MATERIAL
350
E
  3
ACAD_MLEADERSTYLE
350
F
  3
ACAD_MLINESTYLE
350
10
  3
ACAD_PLOTSETTINGS
350
11
  3
ACAD_PLOTSTYLENAME
350
12
  3
ACAD_SCALELIST
350
14
  3
ACAD_TABLESTYLE
350
15
  3
ACAD_VISUALSTYLE
350
16
  3
EZDXF_META
350
2D
  0
DICTIONARY
  5
B
330
A
100
AcDbDictionary
281
1
  0
DICTIONARY
  5
C
330
A
100
AcDbDictionary
281
1
  0
DICTIONARY
  5
D
330
A
100
AcDbDictionary
281
1
  3
Model
350
1A
  3
Layout1
350
1E
  0
DICTIONARY
  5
E
330
A
100
AcDbDictionary
281
1
  3
ByBlock
350
1F
  3
ByLayer
350
20
  3
Global
350
21
  0
DICTIONARY
  5
F
330
A
100
AcDbDictionary
281
1
  3
Standard
350
2C
  0
DICTIONARY
  5
10
330
A
100
AcDbDictionary
281
1
  3
Standard
350
22
  0
DICTIONARY
  5
11
330
A
100
AcDbDictionary
281
1
  0
ACDBDICTIONARYWDFLT
  5
12
330
A
100
AcDbDictionary
281
1
  3
Normal
350
13
100
AcDbDictionaryWithDefault
340
13
  0
ACDBPLACEHOLDER
  5
13
330
12
  0
DICTIONARY
  5
14
330
A
100
AcDbDictionary
281
1
  0
DICTIONARY
  5
15
330
A
100
AcDbDictionary
281
1
  0
DICTIONARY
  5
16
330
A
100
AcDbDictionary
281
1
  3
2dWireframe
350
5A
  3
Basic
350
5B
  3
Brighten
350
5C
  3
ColorChange
350
5D
  3
Conceptual
350
5E
  3
Dim
350
5F
  3
EdgeColorOff
350
60
  3
Facepattern
350
61
  3
Flat
350
62
  3
FlatWithEdges
350
63
  3
Gouraud
350
64
  3
GouraudWithEdges
350
65
  3
Hidden
350
66
  3
JitterOff
350
67
  3
Linepattern
350
68
  3
Modeling
350
69
  3
OverhangOff
350
6A
  3
Realistic
350
6B
  3
Shaded
350
6C
  3
Shaded with edges
350
6D
  3
Shades of Gray
350
6E
  3
Sketchy
350
6F
  3
Thicken
350
70
  3
Wireframe
350
71
  3
X-Ray
350
72
  0
LAYOUT
  5
1A
330
D
100
AcDbPlotSettings
  1

  4
A3
  6

 40
7.5
 41
20.0
 42
7.5
 43
20.0
 44
420.0
 45
297.0
 46
0.0
 47
0.0
 48
0.0
 49
0.0
140
0.0
141
0.0
142
1.0
143
1.0
 70
1024
 72
1
 73
0
 74
5
  7

 75
16
 76
0
 77
2
 78
300
147
1.0
148
0.0
149
0.0
100
AcDbLayout
  1
Model
 70
1
 71
0
 10
0.0
 20
0.0
 11
420.0
 21
297.0
 12
0.0
 22
0.0
 32
0.0
 14
1e+20
 24
1e+20
 34
1e+20
 15
-1e+20
 25
-1e+20
 35
-1e+20
146
0.0
 13
0.0
 23
0.0
 33
0.0
 16
1.0
 26
0.0
 36
0.0
 17
0.0
 27
1.0
 37
0.0
 76
1
330
17
  0
LAYOUT
  5
1E
330
D
100
AcDbPlotSettings
  1

  4
A3
  6

 40
7.5
 41
20.0
 42
7.5
 43
20.0
 44
420.0
 45
297.0
 46
0.0
 47
0.0
 48
0.0
 49
0.0
140
0.0
141
0.0
142
1.0
143
1.0
 70
0
 72
1
 73
0
 74
5
  7

 75
16
 76
0
 77
2
 78
300
147
1.0
148
0.0
149
0.0
100
AcDbLayout
  1
Layout1
 70
1
 71
1
 10
0.0
 20
0.0
 11
420.0
 21
297.0
 12
0.0
 22
0.0
 32
0.0
 14
1e+20
 24
1e+20
 34
1e+20
 15
-1e+20
 25
-1e+20
 35
-1e+20
146
0.0
 13
0.0
 23
0.0
 33
0.0
 16
1.0
 26
0.0
 36
0.0
 17
0.0
 27
1.0
 37
0.0
 76
1
330
1B
  0
MATERIAL
  5
1F
102
{ACAD_REACTORS
330
E
102
}
330
E
100
AcDbMaterial
  1
ByBlock
  2

 70
0
 40
1.0
 71
1
 41
1.0
 91
-1023410177
 42
1.0
 72
1
  3

 73
1
 74
1
 75
1
 44
0.5
 73
0
 45
1.0
 46
1.0
 77
1
  4

 78
1
 79
1
170
1
 48
1.0
171
1
  6

172
1
173
1
174
1
140
1.0
141
1.0
175
1
  7

176
1
177
1
178
1
143
1.0
179
1
  8

270
1
271
1
272
1
145
1.0
146
1.0
273
1
  9

274
1
275
1
276
1
 42
1.0
 72
1
  3

 73
1
 74
1
 75
1
 94
63
  0
MATERIAL
  5
20
102
{ACAD_REACTORS
330
E
102
}
330
E
100
AcDbMaterial
  1
ByLayer
  2

 70
0
 40
1.0
 71
1
 41
1.0
 91
-1023410177
 42
1.0
 72
1
  3

 73
1
 74
1
 75
1
 44
0.5
 73
0
 45
1.0
 46
1.0
 77
1
  4

 78
1
 79
1
170
1
 48
1.0
171
1
  6

172
1
173
1
174
1
140
1.0
141
1.0
175
1
  7

176
1
177
1
178
1
143
1.0
179
1
  8

270
1
271
1
272
1
145
1.0
146
1.0
273
1
  9

274
1
275
1
276
1
 42
1.0
 72
1
  3

 73
1
 74
1
 75
1
 94
63
  0
MATERIAL
  5
21
102
{ACAD_REACTORS
330
E
102
}
330
E
100
AcDbMaterial
  1
Global
  2

 70
0
 40
1.0
 71
1
 41
1.0
 91
-1023410177
 42
1.0
 72
1
  3

 73
1
 74
1
 75
1
 44
0.5
 73
0
 45
1.0
 46
1.0
 77
1
  4

 78
1
 79
1
170
1
 48
1.0
171
1
  6

172
1
173
1
174
1
140
1.0
141
1.0
175
1
  7

176
1
177
1
178
1
143
1.0
179
1
  8

270
1
271
1
272
1
145
1.0
146
1.0
273
1
  9

274
1
275
1
276
1
 42
1.0
 72
1
  3

 73
1
 74
1
 75
1
 94
63
  0
MLINESTYLE
  5
22
102
{ACAD_REACTORS
330
10
102
}
330
10
100
AcDbMlineStyle
  2
Standard
 70
0
  3

 62
256
 51
90.0
 52
90.0
 71
2
 49
0.5
 62
256
  6
BYLAYER
 49
-0.5
 62
256
  6
BYLAYER
  0
MLEADERSTYLE
  5
2C
102
{ACAD_REACTORS
330
F
102
}
330
F
100
AcDbMLeaderStyle
179
2
170
2
171
1
172
0
 90
2
 40
0.0
 41
0.0
173
1
 91
-1056964608
 92
-2
290
1
 42
2.0
291
1
 43
8.0
  3
Standard
 44
4.0
300

342
29
174
1
175
1
176
0
178
1
 93
-1056964608
 45
4.0
292
0
297
0
 46
4.0
 94
-1056964608
 47
1.0
 49
1.0
140
1.0
294
1
141
0.0
177
0
142
1.0
295
0
296
0
143
3.75
271
0
272
9
273
9
  0
DICTIONARY
  5
2D
330
A
100
AcDbDictionary
280
1
281
1
  3
CREATED_BY_EZDXF
350
2E
  3
WRITTEN_BY_EZDXF
350
34C
  0
DICTIONARYVAR
  5
2E
330
2D
100
DictionaryVariables
280
0
  1
1.4.4 @ 2026-10-08T17:36:57.557881+00:00
  0
VISUALSTYLE
  5
5A
102
{ACAD_REACTORS
330
16
102
}
330
16
100
AcDbVisualStyle
  2
2dWireframe
 70
4
177
3
291
0
 70
58
 90
2
176
1
 90
2
176
1
 90
0
176
1
 90
0
176
1
 40
0.6
176
1
 40
30.0
176
1
 62
7
420
16777215
176
1
 90
1
176
1
 90
4
176
1
 62
7
176
1
 62
257
176
1
 90
1
176
1
 90
1
176
1
 40
1.0
176
1
 90
8
176
1
 62
7
176
1
 40
1.0
176
1
 90
1
176
1
 90
6
176
1
 90
2
176
1
 62
7
176
1
 90
5
176
1
 90
0
176
1
 90
0
176
1
290
0
176
1
 90
1
176
1
 40
0.0
176
1
 90
0
176
1
290
1
176
1
290
1
176
1
290
0
176
1
290
0
176
1
290
0
176
1
290
0
176
1
290
0
176
1
290
0
176
1
290
0
176
1
 90
50
176
1
 40
0.0
176
1
 40
1.0
176
1
 90
0
176
1
 62
18
420
0
176
1
 90
50
176
1
 90
3
176
1
 62
5
420
255
176
1
290
0
176
1
 90
50
176
1
 90
50
176
1
 90
50
176
1
290
0
176
1
 90
50
176
1
 62
256
176
0
 40
1.0
176
0
 90
2
176
1
  1
strokes_ogs.tif
176
1
290
0
176
1
 40
1.0
176
1
 40
1.0
176
1
  0
VISUALSTYLE
  5
5B
102
{ACAD_REACTORS
330
16
102
}
330
16
100
AcDbVisualStyle
  2
Basic
 70
7
177
3
291
1
 70
58
 90
2
176
1
 90
2
176
1
 90
0
176
1
 90
1
176
1
 40
0.6
176
1
 40
30.0
176
1
 62
7
420
16777215
176
1
 90
1
176
1
 90
4
176
1
 62
7
176
1
 62
257
176
1
 90
1
176
1
 90
1
176
1
 40
1.0
176
1
 90
8
176
1
 62
7
176
1
 40
1.0
176
1
 90
1
176
1
 90
6
176
1
 90
2
176
1
 62
7
176
1
 90
5
176
1
 90
0
176
1
 90
0
176
1
290
0
176
1
 90
1
176
1
 40
0.0
176
1
 90
0
176
1
290
0
176
1
290
1
176
1
290
1
176
1
290
0
176
1
290
0
176
1
290
0
176
1
290
0
176
1
290
0
176
1
290
0
176
1
 90
50
176
1
 40
0.0
176
1
 40
1.0
176
1
 90
0
176
1
 62
18
420
0
176
1
 90
50
176
1
 90
3
176
1
 62
5
420
255
176
1
290
0
176
1
 90
50
176
1
 90
50
176
1
 90
50
176
1
290
0
176
1
 90
50
176
1
 62
256
176
0
 40
1.0
176
0
 90
2
176
1
  1
strokes_ogs.tif
176
1
290
0
176
1
 40
1.0
176
1
 40
1.0
176
1
  0
VISUALSTYLE
  5
5C
102
{ACAD_REACTORS
330
16
102
}
330
16
100
AcDbVisualStyle
  2
Brighten
 70
12
177
3
291
1
 70
58
 90
2
176
1
 90
2
176
1
 90
0
176
1
 90
2
176
1
 40
0.6
176
1
 40
30.0
176
1
 62
7
420
16777215
176
1
 90
1
176
1
 90
4
176
1
 62
7
176
1
 62
257
176
1
 90
1
176
1
 90
1
176
1
 40
1.0
176
1
 90
8
176
1
 62
7
176
1
 40
1.0
176
1
 90
1
176
1
 90
6
176
1
 90
2
176
1
 62
7
176
1
 90
5
176
1
 90
0
176
1
 90
0
176
1
290
0
176
1
 90
1
176
1
 40
0.0
176
1
 90
0
176
1
290
0
176
1
290
1
176
1
290
1
176
1
290
0
176
1
290
0
176
1
290
0
176
1
290
0
176
1
290
0
176
1
290
0
176
1
 90
50
176
1
 40
0.0
176
1
 40
1.0
176
1
 90
0
176
1
 62
18
420
0
176
1
 90
50
176
1
 90
3
176
1
 62
5
420
255
176
1
290
0
176
1
 90
50
176
1
 90
50
176
1
 90
50
176
1
290
0
176
1
 90
50
176
1
 62
256
176
0
 40
1.0
176
0
 90
2
176
1
  1
strokes_ogs.tif
176
1
290
0
176
1
 40
1.0
176
1
 40
1.0
176
1
  0
VISUALSTYLE
  5
5D
102
{ACAD_REACTORS
330
16
102
}
330
16
100
AcDbVisualStyle
  2
ColorChange
 70
16
177
3
291
1
 70
58
 90
2
176
1
 90
2
176
1
 90
0
176
1
 90
2
176
1
 40
0.6
176
1
 40
30.0
176
1
 62
7
420
16777215
176
1
 90
1
176
1
 90
4
176
1
 62
7
176
1
 62
257
176
1
 90
1
176
1
 90
1
176
1
 40
1.0
176
1
 90
8
176
1
 62
7
176
1
 40
1.0
176
1
 90
1
176
1
 90
6
176
1
 90
2
176
1
 62
7
176
1
 90
5
176
1
 90
0
176
1
 90
0
176
1
290
0
176
1
 90
1
176
1
 40
0.0
176
1
 90
0
176
1
290
0
176
1
290
1
176
1
290
1
176
1
290
0
176
1
290
0
176
1
290
0
176
1
290
0
176
1
290
0
176
1
290
0
176
1
 90
50
176
1
 40
0.0
176
1
 40
1.0
176
1
 90
0
176
1
 62
18
420
0
176
1
 90
50
176
1
 90
3
176
1
 62
5
420
255
176
1
290
0
176
1
 90
50
176
1
 90
50
176
1
 90
50
176
1
290
0
176
1
 90
50
176
1
 62
256
176
0
 40
1.0
176
0
 90
2
176
1
  1
strokes_ogs.tif
176
1
290
0
176
1
 40
1.0
176
1
 40
1.0
176
1
  0
VISUALSTYLE
  5
5E
102
{ACAD_REACTORS
330
16
102
}
330
16
100
AcDbVisualStyle
  2
Conceptual
 70
9
177
3
291
0
 70
58
 90
2
176
1
 90
2
176
1
 90
0
176
1
 90
3
176
1
 40
0.6
176
1
 40
30.0
176
1
 62
7
420
16777215
176
1
 90
1
176
1
 90
4
176
1
 62
7
176
1
 62
257
176
1
 90
1
176
1
 90
1
176
1
 40
1.0
176
1
 90
8
176
1
 62
7
176
1
 40
1.0
176
1
 90
1
176
1
 90
6
176
1
 90
2
176
1
 62
7
176
1
 90
5
176
1
 90
0
176
1
 90
0
176
1
290
0
176
1
 90
1
176
1
 40
0.0
176
1
 90
0
176
1
290
0
176
1
290
1
176
1
290
1
176
1
290
0
176
1
290
0
176
1
290
0
176
1
290
0
176
1
290
0
176
1
290
0
176
1
 90
50
176
1
 40
0.0
176
1
 40
1.0
176
1
 90
0
176
1
 62
18
420
0
176
1
 90
50
176
1
 90
3
176
1
 62
5
420
255
176
1
290
0
176
1
 90
50
176
1
 90
50
176
1
 90
50
176
1
290
0
176
1
 90
50
176
1
 62
256
176
0
 40
1.0
176
0
 90
2
176
1
  1
strokes_ogs.tif
176
1
290
0
176
1
 40
1.0
176
1
 40
1.0
176
1
  0
VISUALSTYLE
  5
5F
102
{ACAD_REACTORS
330
16
102
}
330
16
100
AcDbVisualStyle
  2
Dim
 70
11
177
3
291
1
 70
58
 90
2
176
1
 90
2
176
1
 90
0
176
1
 90
2
176
1
 40
0.6
176
1
 40
30.0
176
1
 62
7
420
16777215
176
1
 90
1
176
1
 90
4
176
1
 62
7
176
1
 62
257
176
1
 90
1
176
1
 90
1
176
1
 40
1.0
176
1
 90
8
176
1
 62
7
176
1
 40
1.0
176
1
 90
1
176
1
 90
6
176
1
 90
2
176
1
 62
7
176
1
 90
5
176
1
 90
0
176
1
 90
0
176
1
290
0
176
1
 90
1
176
1
 40
0.0
176
1
 90
0
176
1
290
0
176
1
290
1
176
1
290
1
176
1
290
0
176
1
290
0
176
1
290
0
176
1
290
0
176
1
290
0
176
1
290
0
176
1
 90
50
176
1
 40
0.0
176
1
 40
1.0
176
1
 90
0
176
1
 62
18
420
0
176
1
 90
50
176
1
 90
3
176
1
 62
5
420
255
176
1
290
0
176
1
 90
50
176
1
 90
50
176
1
 90
50
176
1
290
0
176
1
 90
50
176
1
 62
256
176
0
 40
1.0
176
0
 90
2
176
1
  1
strokes_ogs.tif
176
1
290
0
176
1
 40
1.0
176
1
 40
1.0
176
1
  0
VISUALSTYLE
  5
60
102
{ACAD_REACTORS
330
16
102
}
330
16
100
AcDbVisualStyle
  2
EdgeColorOff
 70
22
177
3
291
1
 70
58
 90
2
176
1
 90
2
176
1
 90
0
176
1
 90
2
176
1
 40
0.6
176
1
 40
30.0
176
1
 62
7
420
16777215
176
1
 90
1
176
1
 90
4
176
1
 62
7
176
1
 62
257
176
1
 90
1
176
1
 90
1
176
1
 40
1.0
176
1
 90
8
176
1
 62
7
176
1
 40
1.0
176
1
 90
1
176
1
 90
6
176
1
 90
2
176
1
 62
7
176
1
 90
5
176
1
 90
0
176
1
 90
0
176
1
290
0
176
1
 90
1
176
1
 40
0.0
176
1
 90
0
176
1
290
0
176
1
290
1
176
1
290
1
176
1
290
0
176
1
290
0
176
1
290
0
176
1
290
0
176
1
290
0
176
1
290
0
176
1
 90
50
176
1
 40
0.0
176
1
 40
1.0
176
1
 90
0
176
1
 62
18
420
0
176
1
 90
50
176
1
 90
3
176
1
 62
5
420
255
176
1
290
0
176
1
 90
50
176
1
 90
50
176
1
 90
50
176
1
290
0
176
1
 90
50
176
1
 62
256
176
0
 40
1.0
176
0
 90
2
176
1
  1
strokes_ogs.tif
176
1
290
0
176
1
 40
1.0
176
1
 40
1.0
176
1
  0
VISUALSTYLE
  5
61
102
{ACAD_REACTORS
330
16
102
}
330
16
100
AcDbVisualStyle
  2
Facepattern
 70
15
177
3
291
1
 70
58
 90
2
176
1
 90
2
176
1
 90
0
176
1
 90
2
176
1
 40
0.6
176
1
 40
30.0
176
1
 62
7
420
16777215
176
1
 90
1
176
1
 90
4
176
1
 62
7
176
1
 62
257
176
1
 90
1
176
1
 90
1
176
1
 40
1.0
176
1
 90
8
176
1
 62
7
176
1
 40
1.0
176
1
 90
1
176
1
 90
6
176
1
 90
2
176
1
 62
7
176
1
 90
5
176
1
 90
0
176
1
 90
0
176
1
290
0
176
1
 90
1
176
1
 40
0.0
176
1
 90
0
176
1
290
0
176
1
290
1
176
1
290
1
176
1
290
0
176
1
290
0
176
1
290
0
176
1
290
0
176
1
290
0
176
1
290
0
176
1
 90
50
176
1
 40
0.0
176
1
 40
1.0
176
1
 90
0
176
1
 62
18
420
0
176
1
 90
50
176
1
 90
3
176
1
 62
5
420
255
176
1
290
0
176
1
 90
50
176
1
 90
50
176
1
 90
50
176
1
290
0
176
1
 90
50
176
1
 62
256
176
0
 40
1.0
176
0
 90
2
176
1
  1
strokes_ogs.tif
176
1
290
0
176
1
 40
1.0
176
1
 40
1.0
176
1
  0
VISUALSTYLE
  5
62
102
{ACAD_REACTORS
330
16
102
}
330
16
100
AcDbVisualStyle
  2
Flat
 70
0
177
3
291
1
 70
58
 90
2
176
1
 90
2
176
1
 90
0
176
1
 90
2
176
1
 40
0.6
176
1
 40
30.0
176
1
 62
7
420
16777215
176
1
 90
1
176
1
 90
4
176
1
 62
7
176
1
 62
257
176
1
 90
1
176
1
 90
1
176
1
 40
1.0
176
1
 90
8
176
1
 62
7
176
1
 40
1.0
176
1
 90
1
176
1
 90
6
176
1
 90
2
176
1
 62
7
176
1
 90
5
176
1
 90
0
176
1
 90
0
176
1
290
0
176
1
 90
1
176
1
 40
0.0
176
1
 90
0
176
1
290
0
176
1
290
1
176
1
290
1
176
1
290
0
176
1
290
0
176
1
290
0
176
1
290
0
176
1
290
0
176
1
290
0
176
1
 90
50
176
1
 40
0.0
176
1
 40
1.0
176
1
 90
0
176
1
 62
18
420
0
176
1
 90
50
176
1
 90
3
176
1
 62
5
420
255
176
1
290
0
176
1
 90
50
176
1
 90
50
176
1
 90
50
176
1
290
0
176
1
 90
50
176
1
 62
256
176
0
 40
1.0
176
0
 90
2
176
1
  1
strokes_ogs.tif
176
1
290
0
176
1
 40
1.0
176
1
 40
1.0
176
1
  0
VISUALSTYLE
  5
63
102
{ACAD_REACTORS
330
16
102
}
330
16
100
AcDbVisualStyle
  2
FlatWithEdges
 70
1
177
3
291
1
 70
58
 90
2
176
1
 90
2
176
1
 90
0
176
1
 90
2
176
1
 40
0.6
176
1
 40
30.0
176
1
 62
7
420
16777215
176
1
 90
1
176
1
 90
4
176
1
 62
7
176
1
 62
257
176
1
 90
1
176
1
 90
1
176
1
 40
1.0
176
1
 90
8
176
1
 62
7
176
1
 40
1.0
176
1
 90
1
176
1
 90
6
176
1
 90
2
176
1
 62
7
176
1
 90
5
176
1
 90
0
176
1
 90
0
176
1
290
0
176
1
 90
1
176
1
 40
0.0
176
1
 90
0
176
1
290
0
176
1
290
1
176
1
290
1
176
1
290
0
176
1
290
0
176
1
290
0
176
1
290
0
176
1
290
0
176
1
290
0
176
1
 90
50
176
1
 40
0.0
176
1
 40
1.0
176
1
 90
0
176
1
 62
18
420
0
176
1
 90
50
176
1
 90
3
176
1
 62
5
420
255
176
1
290
0
176
1
 90
50
176
1
 90
50
176
1
 90
50
176
1
290
0
176
1
 90
50
176
1
 62
256
176
0
 40
1.0
176
0
 90
2
176
1
  1
strokes_ogs.tif
176
1
290
0
176
1
 40
1.0
176
1
 40
1.0
176
1
  0
VISUALSTYLE
  5
64
102
{ACAD_REACTORS
330
16
102
}
330
16
100
AcDbVisualStyle
  2
Gouraud
 70
2
177
3
291
1
 70
58
 90
2
176
1
 90
2
176
1
 90
0
176
1
 90
2
176
1
 40
0.6
176
1
 40
30.0
176
1
 62
7
420
16777215
176
1
 90
1
176
1
 90
4
176
1
 62
7
176
1
 62
257
176
1
 90
1
176
1
 90
1
176
1
 40
1.0
176
1
 90
8
176
1
 62
7
176
1
 40
1.0
176
1
 90
1
176
1
 90
6
176
1
 90
2
176
1
 62
7
176
1
 90
5
176
1
 90
0
176
1
 90
0
176
1
290
0
176
1
 90
1
176
1
 40
0.0
176
1
 90
0
176
1
290
0
176
1
290
1
176
1
290
1
176
1
290
0
176
1
290
0
176
1
290
0
176
1
290
0
176
1
290
0
176
1
290
0
176
1
 90
50
176
1
 40
0.0
176
1
 40
1.0
176
1
 90
0
176
1
 62
18
420
0
176
1
 90
50
176
1
 90
3
176
1
 62
5
420
255
176
1
290
0
176
1
 90
50
176
1
 90
50
176
1
 90
50
176
1
290
0
176
1
 90
50
176
1
 62
256
176
0
 40
1.0
176
0
 90
2
176
1
  1
strokes_ogs.tif
176
1
290
0
176
1
 40
1.0
176
1
 40
1.0
176
1
  0
VISUALSTYLE
  5
65
102
{ACAD_REACTORS
330
16
102
}
330
16
100
AcDbVisualStyle
  2
GouraudWithEdges
 70
3
177
3
291
1
 70
58
 90
2
176
1
 90
2
176
1
 90
0
176
1
 90
2
176
1
 40
0.6
176
1
 40
30.0
176
1
 62
7
420
16777215
176
1
 90
1
176
1
 90
4
176
1
 62
7
176
1
 62
257
176
1
 90
1
176
1
 90
1
176
1
 40
1.0
176
1
 90
8
176
1
 62
7
176
1
 40
1.0
176
1
 90
1
176
1
 90
6
176
1
 90
2
176
1
 62
7
176
1
 90
5
176
1
 90
0
176
1
 90
0
176
1
290
0
176
1
 90
1
176
1
 40
0.0
176
1
 90
0
176
1
290
0
176
1
290
1
176
1
290
1
176
1
290
0
176
1
290
0
176
1
290
0
176
1
290
0
176
1
290
0
176
1
290
0
176
1
 90
50
176
1
 40
0.0
176
1
 40
1.0
176
1
 90
0
176
1
 62
18
420
0
176
1
 90
50
176
1
 90
3
176
1
 62
5
420
255
176
1
290
0
176
1
 90
50
176
1
 90
50
176
1
 90
50
176
1
290
0
176
1
 90
50
176
1
 62
256
176
0
 40
1.0
176
0
 90
2
176
1
  1
strokes_ogs.tif
176
1
290
0
176
1
 40
1.0
176
1
 40
1.0
176
1
  0
VISUALSTYLE
  5
66
102
{ACAD_REACTORS
330
16
102
}
330
16
100
AcDbVisualStyle
  2
Hidden
 70
6
177
3
291
0
 70
58
 90
2
176
1
 90
2
176
1
 90
0
176
1
 90
1
176
1
 40
0.6
176
1
 40
30.0
176
1
 62
7
420
16777215
176
1
 90
1
176
1
 90
4
176
1
 62
7
176
1
 62
257
176
1
 90
1
176
1
 90
1
176
1
 40
1.0
176
1
 90
8
176
1
 62
7
176
1
 40
1.0
176
1
 90
1
176
1
 90
6
176
1
 90
2
176
1
 62
7
176
1
 90
5
176
1
 90
0
176
1
 90
0
176
1
290
0
176
1
 90
1
176
1
 40
0.0
176
1
 90
0
176
1
290
0
176
1
290
1
176
1
290
1
176
1
290
0
176
1
290
0
176
1
290
0
176
1
290
0
176
1
290
0
176
1
290
0
176
1
 90
50
176
1
 40
0.0
176
1
 40
1.0
176
1
 90
0
176
1
 62
18
420
0
176
1
 90
50
176
1
 90
3
176
1
 62
5
420
255
176
1
290
0
176
1
 90
50
176
1
 90
50
176
1
 90
50
176
1
290
0
176
1
 90
50
176
1
 62
256
176
0
 40
1.0
176
0
 90
2
176
1
  1
strokes_ogs.tif
176
1
290
0
176
1
 40
1.0
176
1
 40
1.0
176
1
  0
VISUALSTYLE
  5
67
102
{ACAD_REACTORS
330
16
102
}
330
16
100
AcDbVisualStyle
  2
JitterOff
 70
20
177
3
291
1
 70
58
 90
2
176
1
 90
2
176
1
 90
0
176
1
 90
2
176
1
 40
0.6
176
1
 40
30.0
176
1
 62
7
420
16777215
176
1
 90
1
176
1
 90
4
176
1
 62
7
176
1
 62
257
176
1
 90
1
176
1
 90
1
176
1
 40
1.0
176
1
 90
8
176
1
 62
7
176
1
 40
1.0
176
1
 90
1
176
1
 90
6
176
1
 90
2
176
1
 62
7
176
1
 90
5
176
1
 90
0
176
1
 90
0
176
1
290
0
176
1
 90
1
176
1
 40
0.0
176
1
 90
0
176
1
290
0
176
1
290
1
176
1
290
1
176
1
290
0
176
1
290
0
176
1
290
0
176
1
290
0
176
1
290
0
176
1
290
0
176
1
 90
50
176
1
 40
0.0
176
1
 40
1.0
176
1
 90
0
176
1
 62
18
420
0
176
1
 90
50
176
1
 90
3
176
1
 62
5
420
255
176
1
290
0
176
1
 90
50
176
1
 90
50
176
1
 90
50
176
1
290
0
176
1
 90
50
176
1
 62
256
176
0
 40
1.0
176
0
 90
2
176
1
  1
strokes_ogs.tif
176
1
290
0
176
1
 40
1.0
176
1
 40
1.0
176
1
  0
VISUALSTYLE
  5
68
102
{ACAD_REACTORS
330
16
102
}
330
16
100
AcDbVisualStyle
  2
Linepattern
 70
14
177
3
291
1
 70
58
 90
2
176
1
 90
2
176
1
 90
0
176
1
 90
2
176
1
 40
0.6
176
1
 40
30.0
176
1
 62
7
420
16777215
176
1
 90
1
176
1
 90
4
176
1
 62
7
176
1
 62
257
176
1
 90
1
176
1
 90
1
176
1
 40
1.0
176
1
 90
8
176
1
 62
7
176
1
 40
1.0
176
1
 90
1
176
1
 90
6
176
1
 90
2
176
1
 62
7
176
1
 90
5
176
1
 90
0
176
1
 90
0
176
1
290
0
176
1
 90
1
176
1
 40
0.0
176
1
 90
0
176
1
290
0
176
1
290
1
176
1
290
1
176
1
290
0
176
1
290
0
176
1
290
0
176
1
290
0
176
1
290
0
176
1
290
0
176
1
 90
50
176
1
 40
0.0
176
1
 40
1.0
176
1
 90
0
176
1
 62
18
420
0
176
1
 90
50
176
1
 90
3
176
1
 62
5
420
255
176
1
290
0
176
1
 90
50
176
1
 90
50
176
1
 90
50
176
1
290
0
176
1
 90
50
176
1
 62
256
176
0
 40
1.0
176
0
 90
2
176
1
  1
strokes_ogs.tif
176
1
290
0
176
1
 40
1.0
176
1
 40
1.0
176
1
  0
VISUALSTYLE
  5
69
102
{ACAD_REACTORS
330
16
102
}
330
16
100
AcDbVisualStyle
  2
Modeling
 70
10
177
3
291
0
 70
58
 90
2
176
1
 90
2
176
1
 90
0
176
1
 90
2
176
1
 40
0.6
176
1
 40
30.0
176
1
 62
7
420
16777215
176
1
 90
1
176
1
 90
4
176
1
 62
7
176
1
 62
257
176
1
 90
1
176
1
 90
1
176
1
 40
1.0
176
1
 90
8
176
1
 62
7
176
1
 40
1.0
176
1
 90
1
176
1
 90
6
176
1
 90
2
176
1
 62
7
176
1
 90
5
176
1
 90
0
176
1
 90
0
176
1
290
0
176
1
 90
1
176
1
 40
0.0
176
1
 90
0
176
1
290
0
176
1
290
1
176
1
290
1
176
1
290
0
176
1
290
0
176
1
290
0
176
1
290
0
176
1
290
0
176
1
290
0
176
1
 90
50
176
1
 40
0.0
176
1
 40
1.0
176
1
 90
0
176
1
 62
18
420
0
176
1
 90
50
176
1
 90
3
176
1
 62
5
420
255
176
1
290
0
176
1
 90
50
176
1
 90
50
176
1
 90
50
176
1
290
0
176
1
 90
50
176
1
 62
256
176
0
 40
1.0
176
0
 90
2
176
1
  1
strokes_ogs.tif
176
1
290
0
176
1
 40
1.0
176
1
 40
1.0
176
1
  0
VISUALSTYLE
  5
6A
102
{ACAD_REACTORS
330
16
102
}
330
16
100
AcDbVisualStyle
  2
OverhangOff
 70
21
177
3
291
1
 70
58
 90
2
176
1
 90
2
176
1
 90
0
176
1
 90
2
176
1
 40
0.6
176
1
 40
30.0
176
1
 62
7
420
16777215
176
1
 90
1
176
1
 90
4
176
1
 62
7
176
1
 62
257
176
1
 90
1
176
1
 90
1
176
1
 40
1.0
176
1
 90
8
176
1
 62
7
176
1
 40
1.0
176
1
 90
1
176
1
 90
6
176
1
 90
2
176
1
 62
7
176
1
 90
5
176
1
 90
0
176
1
 90
0
176
1
290
0
176
1
 90
1
176
1
 40
0.0
176
1
 90
0
176
1
290
0
176
1
290
1
176
1
290
1
176
1
290
0
176
1
290
0
176
1
290
0
176
1
290
0
176
1
290
0
176
1
290
0
176
1
 90
50
176
1
 40
0.0
176
1
 40
1.0
176
1
 90
0
176
1
 62
18
420
0
176
1
 90
50
176
1
 90
3
176
1
 62
5
420
255
176
1
290
0
176
1
 90
50
176
1
 90
50
176
1
 90
50
176
1
290
0
176
1
 90
50
176
1
 62
256
176
0
 40
1.0
176
0
 90
2
176
1
  1
strokes_ogs.tif
176
1
290
0
176
1
 40
1.0
176
1
 40
1.0
176
1
  0
VISUALSTYLE
  5
6B
102
{ACAD_REACTORS
330
16
102
}
330
16
100
AcDbVisualStyle
  2
Realistic
 70
8
177
3
291
0
 70
58
 90
2
176
1
 90
2
176
1
 90
0
176
1
 90
2
176
1
 40
0.6
176
1
 40
30.0
176
1
 62
7
420
16777215
176
1
 90
1
176
1
 90
4
176
1
 62
7
176
1
 62
257
176
1
 90
1
176
1
 90
1
176
1
 40
1.0
176
1
 90
8
176
1
 62
7
176
1
 40
1.0
176
1
 90
1
176
1
 90
6
176
1
 90
2
176
1
 62
7
176
1
 90
5
176
1
 90
0
176
1
 90
0
176
1
290
0
176
1
 90
1
176
1
 40
0.0
176
1
 90
0
176
1
290
0
176
1
290
1
176
1
290
1
176
1
290
0
176
1
290
0
176
1
290
0
176
1
290
0
176
1
290
0
176
1
290
0
176
1
 90
50
176
1
 40
0.0
176
1
 40
1.0
176
1
 90
0
176
1
 62
18
420
0
176
1
 90
50
176
1
 90
3
176
1
 62
5
420
255
176
1
290
0
176
1
 90
50
176
1
 90
50
176
1
 90
50
176
1
290
0
176
1
 90
50
176
1
 62
256
176
0
 40
1.0
176
0
 90
2
176
1
  1
strokes_ogs.tif
176
1
290
0
176
1
 40
1.0
176
1
 40
1.0
176
1
  0
VISUALSTYLE
  5
6C
102
{ACAD_REACTORS
330
16
102
}
330
16
100
AcDbVisualStyle
  2
Shaded
 70
27
177
3
291
0
 70
58
 90
2
176
1
 90
2
176
1
 90
0
176
1
 90
2
176
1
 40
0.6
176
1
 40
30.0
176
1
 62
7
420
16777215
176
1
 90
1
176
1
 90
4
176
1
 62
7
176
1
 62
257
176
1
 90
1
176
1
 90
1
176
1
 40
1.0
176
1
 90
8
176
1
 62
7
176
1
 40
1.0
176
1
 90
1
176
1
 90
6
176
1
 90
2
176
1
 62
7
176
1
 90
5
176
1
 90
0
176
1
 90
0
176
1
290
0
176
1
 90
1
176
1
 40
0.0
176
1
 90
0
176
1
290
0
176
1
290
1
176
1
290
1
176
1
290
0
176
1
290
0
176
1
290
0
176
1
290
0
176
1
290
0
176
1
290
0
176
1
 90
50
176
1
 40
0.0
176
1
 40
1.0
176
1
 90
0
176
1
 62
18
420
0
176
1
 90
50
176
1
 90
3
176
1
 62
5
420
255
176
1
290
0
176
1
 90
50
176
1
 90
50
176
1
 90
50
176
1
290
0
176
1
 90
50
176
1
 62
256
176
0
 40
1.0
176
0
 90
2
176
1
  1
strokes_ogs.tif
176
1
290
0
176
1
 40
1.0
176
1
 40
1.0
176
1
  0
VISUALSTYLE
  5
6D
102
{ACAD_REACTORS
330
16
102
}
330
16
100
AcDbVisualStyle
  2
Shaded with edges
 70
26
177
3
291
0
 70
58
 90
2
176
1
 90
2
176
1
 90
0
176
1
 90
2
176
1
 40
0.6
176
1
 40
30.0
176
1
 62
7
420
16777215
176
1
 90
1
176
1
 90
4
176
1
 62
7
176
1
 62
257
176
1
 90
1
176
1
 90
1
176
1
 40
1.0
176
1
 90
8
176
1
 62
7
176
1
 40
1.0
176
1
 90
1
176
1
 90
6
176
1
 90
2
176
1
 62
7
176
1
 90
5
176
1
 90
0
176
1
 90
0
176
1
290
0
176
1
 90
1
176
1
 40
0.0
176
1
 90
0
176
1
290
0
176
1
290
1
176
1
290
1
176
1
290
0
176
1
290
0
176
1
290
0
176
1
290
0
176
1
290
0
176
1
290
0
176
1
 90
50
176
1
 40
0.0
176
1
 40
1.0
176
1
 90
0
176
1
 62
18
420
0
176
1
 90
50
176
1
 90
3
176
1
 62
5
420
255
176
1
290
0
176
1
 90
50
176
1
 90
50
176
1
 90
50
176
1
290
0
176
1
 90
50
176
1
 62
256
176
0
 40
1.0
176
0
 90
2
176
1
  1
strokes_ogs.tif
176
1
290
0
176
1
 40
1.0
176
1
 40
1.0
176
1
  0
VISUALSTYLE
  5
6E
102
{ACAD_REACTORS
330
16
102
}
330
16
100
AcDbVisualStyle
  2
Shades of Gray
 70
23
177
3
291
0
 70
58
 90
2
176
1
 90
2
176
1
 90
0
176
1
 90
2
176
1
 40
0.6
176
1
 40
30.0
176
1
 62
7
420
16777215
176
1
 90
1
176
1
 90
4
176
1
 62
7
176
1
 62
257
176
1
 90
1
176
1
 90
1
176
1
 40
1.0
176
1
 90
8
176
1
 62
7
176
1
 40
1.0
176
1
 90
1
176
1
 90
6
176
1
 90
2
176
1
 62
7
176
1
 90
5
176
1
 90
0
176
1
 90
0
176
1
290
0
176
1
 90
1
176
1
 40
0.0
176
1
 90
0
176
1
290
0
176
1
290
1
176
1
290
1
176
1
290
0
176
1
290
0
176
1
290
0
176
1
290
0
176
1
290
0
176
1
290
0
176
1
 90
50
176
1
 40
0.0
176
1
 40
1.0
176
1
 90
0
176
1
 62
18
420
0
176
1
 90
50
176
1
 90
3
176
1
 62
5
420
255
176
1
290
0
176
1
 90
50
176
1
 90
50
176
1
 90
50
176
1
290
0
176
1
 90
50
176
1
 62
256
176
0
 40
1.0
176
0
 90
2
176
1
  1
strokes_ogs.tif
176
1
290
0
176
1
 40
1.0
176
1
 40
1.0
176
1
  0
VISUALSTYLE
  5
6F
102
{ACAD_REACTORS
330
16
102
}
330
16
100
AcDbVisualStyle
  2
Sketchy
 70
24
177
3
291
0
 70
58
 90
2
176
1
 90
2
176
1
 90
0
176
1
 90
1
176
1
 40
0.6
176
1
 40
30.0
176
1
 62
7
420
16777215
176
1
 90
1
176
1
 90
4
176
1
 62
7
176
1
 62
257
176
1
 90
1
176
1
 90
1
176
1
 40
1.0
176
1
 90
8
176
1
 62
7
176
1
 40
1.0
176
1
 90
1
176
1
 90
6
176
1
 90
2
176
1
 62
7
176
1
 90
5
176
1
 90
0
176
1
 90
0
176
1
290
0
176
1
 90
1
176
1
 40
0.0
176
1
 90
0
176
1
290
0
176
1
290
1
176
1
290
1
176
1
290
0
176
1
290
0
176
1
290
0
176
1
290
0
176
1
290
0
176
1
290
0
176
1
 90
50
176
1
 40
0.0
176
1
 40
1.0
176
1
 90
0
176
1
 62
18
420
0
176
1
 90
50
176
1
 90
3
176
1
 62
5
420
255
176
1
290
0
176
1
 90
50
176
1
 90
50
176
1
 90
50
176
1
290
0
176
1
 90
50
176
1
 62
256
176
0
 40
1.0
176
0
 90
2
176
1
  1
strokes_ogs.tif
176
1
290
0
176
1
 40
1.0
176
1
 40
1.0
176
1
  0
VISUALSTYLE
  5
70
102
{ACAD_REACTORS
330
16
102
}
330
16
100
AcDbVisualStyle
  2
Thicken
 70
13
177
3
291
1
 70
58
 90
2
176
1
 90
2
176
1
 90
0
176
1
 90
2
176
1
 40
0.6
176
1
 40
30.0
176
1
 62
7
420
16777215
176
1
 90
1
176
1
 90
4
176
1
 62
7
176
1
 62
257
176
1
 90
1
176
1
 90
1
176
1
 40
1.0
176
1
 90
8
176
1
 62
7
176
1
 40
1.0
176
1
 90
1
176
1
 90
6
176
1
 90
2
176
1
 62
7
176
1
 90
5
176
1
 90
0
176
1
 90
0
176
1
290
0
176
1
 90
1
176
1
 40
0.0
176
1
 90
0
176
1
290
0
176
1
290
1
176
1
290
1
176
1
290
0
176
1
290
0
176
1
290
0
176
1
290
0
176
1
290
0
176
1
290
0
176
1
 90
50
176
1
 40
0.0
176
1
 40
1.0
176
1
 90
0
176
1
 62
18
420
0
176
1
 90
50
176
1
 90
3
176
1
 62
5
420
255
176
1
290
0
176
1
 90
50
176
1
 90
50
176
1
 90
50
176
1
290
0
176
1
 90
50
176
1
 62
256
176
0
 40
1.0
176
0
 90
2
176
1
  1
strokes_ogs.tif
176
1
290
0
176
1
 40
1.0
176
1
 40
1.0
176
1
  0
VISUALSTYLE
  5
71
102
{ACAD_REACTORS
330
16
102
}
330
16
100
AcDbVisualStyle
  2
Wireframe
 70
5
177
3
291
0
 70
58
 90
2
176
1
 90
2
176
1
 90
0
176
1
 90
0
176
1
 40
0.6
176
1
 40
30.0
176
1
 62
7
420
16777215
176
1
 90
1
176
1
 90
4
176
1
 62
7
176
1
 62
257
176
1
 90
1
176
1
 90
1
176
1
 40
1.0
176
1
 90
8
176
1
 62
7
176
1
 40
1.0
176
1
 90
1
176
1
 90
6
176
1
 90
2
176
1
 62
7
176
1
 90
5
176
1
 90
0
176
1
 90
0
176
1
290
0
176
1
 90
1
176
1
 40
0.0
176
1
 90
0
176
1
290
0
176
1
290
1
176
1
290
1
176
1
290
0
176
1
290
0
176
1
290
0
176
1
290
0
176
1
290
0
176
1
290
0
176
1
 90
50
176
1
 40
0.0
176
1
 40
1.0
176
1
 90
0
176
1
 62
18
420
0
176
1
 90
50
176
1
 90
3
176
1
 62
5
420
255
176
1
290
0
176
1
 90
50
176
1
 90
50
176
1
 90
50
176
1
290
0
176
1
 90
50
176
1
 62
256
176
0
 40
1.0
176
0
 90
2
176
1
  1
strokes_ogs.tif
176
1
290
0
176
1
 40
1.0
176
1
 40
1.0
176
1
  0
VISUALSTYLE
  5
72
102
{ACAD_REACTORS
330
16
102
}
330
16
100
AcDbVisualStyle
  2
X-Ray
 70
25
177
3
291
0
 70
58
 90
2
176
1
 90
2
176
1
 90
0
176
1
 90
2
176
1
 40
0.5
176
1
 40
30.0
176
1
 62
7
420
16777215
176
1
 90
1
176
1
 90
4
176
1
 62
7
176
1
 62
257
176
1
 90
1
176
1
 90
1
176
1
 40
1.0
176
1
 90
8
176
1
 62
7
176
1
 40
1.0
176
1
 90
1
176
1
 90
6
176
1
 90
2
176
1
 62
7
176
1
 90
5
176
1
 90
0
176
1
 90
0
176
1
290
0
176
1
 90
1
176
1
 40
0.0
176
1
 90
0
176
1
290
0
176
1
290
1
176
1
290
1
176
1
290
0
176
1
290
0
176
1
290
0
176
1
290
0
176
1
290
0
176
1
290
0
176
1
 90
50
176
1
 40
0.0
176
1
 40
1.0
176
1
 90
0
176
1
 62
18
420
0
176
1
 90
50
176
1
 90
3
176
1
 62
5
420
255
176
1
290
0
176
1
 90
50
176
1
 90
50
176
1
 90
50
176
1
290
0
176
1
 90
50
176
1
 62
256
176
0
 40
1.0
176
0
 90
2
176
1
  1
strokes_ogs.tif
176
1
290
0
176
1
 40
1.0
176
1
 40
1.0
176
1
  0
DICTIONARYVAR
  5
34C
330
2D
100
DictionaryVariables
280
0
  1
1.4.4 @ 2026-10-08T17:36:57.604279+00:00
  0
ENDSEC
  0
EOF
