  0
SECTION
  2
HEADER
  9
$ACADVER
  1
AC1032
  9
$ACADMAINTVER
 90
4
  9
$DWGCODEPAGE
  3
ANSI_1252
  9
$LASTSAVEDBY
  1
ezdxf
  9
$REQUIREDVERSIONS
160
0
  9
$INSBASE
 10
0.0
 20
0.0
 30
0.0
  9
$EXTMIN
 10
1e+20
 20
1e+20
 30
1e+20
  9
$EXTMAX
 10
-1e+20
 20
-1e+20
 30
-1e+20
  9
$LIMMIN
 10
0.0
 20
0.0
  9
$LIMMAX
 10
420.0
 20
297.0
  9
$ORTHOMODE
 70
0
  9
$REGENMODE
 70
1
  9
$FILLMODE
 70
1
  9
$QTEXTMODE
 70
0
  9
$MIRRTEXT
 70
1
  9
$LTSCALE
 40
1.0
  9
$ATTMODE
 70
1
  9
$TEXTSIZE
 40
2.5
  9
$TRACEWID
 40
1.0
  9
$TEXTSTYLE
  7
OpenSans
  9
$CLAYER
  8
0
  9
$CELTYPE
  6
ByLayer
  9
$CECOLOR
 62
256
  9
$CELTSCALE
 40
1.0
  9
$DISPSILH
 70
0
  9
$DIMSCALE
 40
1.0
  9
$DIMASZ
 40
0.175
  9
$DIMEXO
 40
0.125
  9
$DIMDLI
 40
3.75
  9
$DIMRND
 40
0.0
  9
$DIMDLE
 40
0.0
  9
$DIMEXE
 40
0.375
  9
$DIMTP
 40
0.0
  9
$DIMTM
 40
0.0
  9
$DIMTXT
 40
0.25
  9
$DIMCEN
 40
2.5
  9
$DIMTSZ
 40
0.0
  9
$DIMTOL
 70
0
  9
$DIMLIM
 70
0
  9
$DIMTIH
 70
0
  9
$DIMTOH
 70
0
  9
$DIMSE1
 70
0
  9
$DIMSE2
 70
0
  9
$DIMTAD
 70
1
  9
$DIMZIN
 70
12
  9
$DIMBLK
  1
ARCHTICK
  9
$DIMASO
 70
1
  9
$DIMSHO
 70
1
  9
$DIMPOST
  1

  9
$DIMAPOST
  1

  9
$DIMALT
 70
0
  9
$DIMALTD
 70
3
  9
$DIMALTF
 40
0.03937007874
  9
$DIMLFAC
 40
100.0
  9
$DIMTOFL
 70
1
  9
$DIMTVP
 40
0.0
  9
$DIMTIX
 70
0
  9
$DIMSOXD
 70
0
  9
$DIMSAH
 70
0
  9
$DIMBLK1
  1

  9
$DIMBLK2
  1

  9
$DIMSTYLE
  2
EZDXF
  9
$DIMCLRD
 70
0
  9
$DIMCLRE
 70
0
  9
$DIMCLRT
 70
0
  9
$DIMTFAC
 40
0.5
  9
$DIMGAP
 40
0.1
  9
$DIMJUST
 70
0
  9
$DIMSD1
 70
0
  9
$DIMSD2
 70
0
  9
$DIMTOLJ
 70
0
  9
$DIMTZIN
 70
8
  9
$DIMALTZ
 70
0
  9
$DIMALTTZ
 70
0
  9
$DIMUPT
 70
1
  9
$DIMDEC
 70
2
  9
$DIMTDEC
 70
2
  9
$DIMALTU
 70
2
  9
$DIMALTTD
 70
3
  9
$DIMTXSTY
  7
OpenSansCondensed-Light
  9
$DIMAUNIT
 70
0
  9
$DIMADEC
 70
2
  9
$DIMALTRND
 40
0.0
  9
$DIMAZIN
 70
3
  9
$DIMDSEP
 70
46
  9
$DIMATFIT
 70
3
  9
$DIMFRAC
 70
0
  9
$DIMLDRBLK
  1

  9
$DIMLUNIT
 70
2
  9
$DIMLWD
 70
-2
  9
$DIMLWE
 70
-2
  9
$DIMTMOVE
 70
2
  9
$DIMFXL
 40
1.0
  9
$DIMFXLON
 70
0
  9
$DIMJOGANG
 40
0.785398163397
  9
$DIMTFILL
 70
0
  9
$DIMTFILLCLR
 70
0
  9
$DIMARCSYM
 70
0
  9
$DIMLTYPE
  6

  9
$DIMLTEX1
  6

  9
$DIMLTEX2
  6

  9
$DIMTXTDIRECTION
 70
0
  9
$LUNITS
 70
2
  9
$LUPREC
 70
4
  9
$SKETCHINC
 40
1.0
  9
$FILLETRAD
 40
10.0
  9
$AUNITS
 70
0
  9
$AUPREC
 70
2
  9
$MENU
  1
.
  9
$ELEVATION
 40
0.0
  9
$PELEVATION
 40
0.0
  9
$THICKNESS
 40
0.0
  9
$LIMCHECK
 70
0
  9
$CHAMFERA
 40
0.0
  9
$CHAMFERB
 40
0.0
  9
$CHAMFERC
 40
0.0
  9
$CHAMFERD
 40
0.0
  9
$SKPOLY
 70
0
  9
$TDCREATE
 40
2461322.708090278
  9
$TDUCREATE
 40
2458532.153996898
  9
$TDUPDATE
 40
2461322.708101852
  9
$TDUUPDATE
 40
2458532.1544311
  9
$TDINDWG
 40
0.0
  9
$TDUSRTIMER
 40
0.0
  9
$USRTIMER
 70
1
  9
$ANGBASE
 50
0.0
  9
$ANGDIR
 70
0
  9
$PDMODE
 70
0
  9
$PDSIZE
 40
0.0
  9
$PLINEWID
 40
0.0
  9
$SPLFRAME
 70
0
  9
$SPLINETYPE
 70
6
  9
$SPLINESEGS
 70
8
  9
$HANDSEED
  5
7DC
  9
$SURFTAB1
 70
6
  9
$SURFTAB2
 70
6
  9
$SURFTYPE
 70
6
  9
$SURFU
 70
6
  9
$SURFV
 70
6
  9
$UCSBASE
  2

  9
$UCSNAME
  2

  9
$UCSORG
 10
0.0
 20
0.0
 30
0.0
  9
$UCSXDIR
 10
1.0
 20
0.0
 30
0.0
  9
$UCSYDIR
 10
0.0
 20
1.0
 30
0.0
  9
$UCSORTHOREF
  2

  9
$UCSORTHOVIEW
 70
0
  9
$UCSORGTOP
 10
0.0
 20
0.0
 30
0.0
  9
$UCSORGBOTTOM
 10
0.0
 20
0.0
 30
0.0
  9
$UCSORGLEFT
 10
0.0
 20
0.0
 30
0.0
  9
$UCSORGRIGHT
 10
0.0
 20
0.0
 30
0.0
  9
$UCSORGFRONT
 10
0.0
 20
0.0
 30
0.0
  9
$UCSORGBACK
 10
0.0
 20
0.0
 30
0.0
  9
$PUCSBASE
  2

  9
$PUCSNAME
  2

  9
$PUCSORG
 10
0.0
 20
0.0
 30
0.0
  9
$PUCSXDIR
 10
1.0
 20
0.0
 30
0.0
  9
$PUCSYDIR
 10
0.0
 20
1.0
 30
0.0
  9
$PUCSORTHOREF
  2

  9
$PUCSORTHOVIEW
 70
0
  9
$PUCSORGTOP
 10
0.0
 20
0.0
 30
0.0
  9
$PUCSORGBOTTOM
 10
0.0
 20
0.0
 30
0.0
  9
$PUCSORGLEFT
 10
0.0
 20
0.0
 30
0.0
  9
$PUCSORGRIGHT
 10
0.0
 20
0.0
 30
0.0
  9
$PUCSORGFRONT
 10
0.0
 20
0.0
 30
0.0
  9
$PUCSORGBACK
 10
0.0
 20
0.0
 30
0.0
  9
$USERI1
 70
0
  9
$USERI2
 70
0
  9
$USERI3
 70
0
  9
$USERI4
 70
0
  9
$USERI5
 70
0
  9
$USERR1
 40
0.0
  9
$USERR2
 40
0.0
  9
$USERR3
 40
0.0
  9
$USERR4
 40
0.0
  9
$USERR5
 40
0.0
  9
$WORLDVIEW
 70
1
  9
$SHADEDGE
 70
3
  9
$SHADEDIF
 70
70
  9
$TILEMODE
 70
1
  9
$MAXACTVP
 70
64
  9
$PINSBASE
 10
0.0
 20
0.0
 30
0.0
  9
$PLIMCHECK
 70
0
  9
$PEXTMIN
 10
1e+20
 20
1e+20
 30
1e+20
  9
$PEXTMAX
 10
-1e+20
 20
-1e+20
 30
-1e+20
  9
$PLIMMIN
 10
0.0
 20
0.0
  9
$PLIMMAX
 10
420.0
 20
297.0
  9
$UNITMODE
 70
0
  9
$VISRETAIN
 70
1
  9
$PLINEGEN
 70
0
  9
$PSLTSCALE
 70
1
  9
$TREEDEPTH
 70
3020
  9
$CMLSTYLE
  2
Standard
  9
$CMLJUST
 70
0
  9
$CMLSCALE
 40
20.0
  9
$PROXYGRAPHICS
 70
1
  9
$MEASUREMENT
 70
1
  9
$CELWEIGHT
370
-1
  9
$ENDCAPS
280
0
  9
$JOINSTYLE
280
0
  9
$LWDISPLAY
290
0
  9
$INSUNITS
 70
4
  9
$HYPERLINKBASE
  1

  9
$STYLESHEET
  1

  9
$XEDIT
290
1
  9
$CEPSNTYPE
380
0
  9
$PSTYLEMODE
290
1
  9
$FINGERPRINTGUID
  2
{A690B411-94F3-409E-99A3-7554A6F5A000}
  9
$VERSIONGUID
  2
{29C250DE-8FB7-45C8-993E-D5CE17A197EB}
  9
$EXTNAMES
290
1
  9
$PSVPSCALE
 40
0.0
  9
$OLESTARTUP
290
0
  9
$SORTENTS
280
127
  9
$INDEXCTL
280
0
  9
$HIDETEXT
280
1
  9
$XCLIPFRAME
280
1
  9
$HALOGAP
280
0
  9
$OBSCOLOR
 70
257
  9
$OBSLTYPE
280
0
  9
$INTERSECTIONDISPLAY
280
0
  9
$INTERSECTIONCOLOR
 70
257
  9
$DIMASSOC
280
2
  9
$PROJECTNAME
  1

  9
$CAMERADISPLAY
290
0
  9
$LENSLENGTH
 40
50.0
  9
$CAMERAHEIGHT
 40
0.0
  9
$STEPSPERSEC
 40
24.0
  9
$STEPSIZE
 40
100.0
  9
$3DDWFPREC
 40
2.0
  9
$PSOLWIDTH
 40
0.005
  9
$PSOLHEIGHT
 40
0.08
  9
$LOFTANG1
 40
1.570796326795
  9
$LOFTANG2
 40
1.570796326795
  9
$LOFTMAG1
 40
0.0
  9
$LOFTMAG2
 40
0.0
  9
$LOFTPARAM
 70
7
  9
$LOFTNORMALS
280
1
  9
$LATITUDE
 40
37.795
  9
$LONGITUDE
 40
-122.394
  9
$NORTHDIRECTION
 40
0.0
  9
$TIMEZONE
 70
-8000
  9
$LIGHTGLYPHDISPLAY
280
1
  9
$TILEMODELIGHTSYNCH
280
1
  9
$CMATERIAL
347
20
  9
$SOLIDHIST
280
0
  9
$SHOWHIST
280
1
  9
$DWFFRAME
280
2
  9
$DGNFRAME
280
2
  9
$REALWORLDSCALE
290
1
  9
$INTERFERECOLOR
 62
256
  9
$CSHADOW
280
0
  9
$SHADOWPLANELOCATION
 40
0.0
  0
ENDSEC
  0
SECTION
  2
CLASSES
  0
CLASS
  1
ACDBDICTIONARYWDFLT
  2
AcDbDictionaryWithDefault
  3
ObjectDBX Classes
 90
0
 91
0
280
0
281
0
  0
CLASS
  1
SUN
  2
AcDbSun
  3
SCENEOE
 90
1153
 91
0
280
0
281
0
  0
CLASS
  1
VISUALSTYLE
  2
AcDbVisualStyle
  3
ObjectDBX Classes
 90
4095
 91
0
280
0
281
0
  0
CLASS
  1
MATERIAL
  2
AcDbMaterial
  3
ObjectDBX Classes
 90
1153
 91
0
280
0
281
0
  0
CLASS
  1
SCALE
  2
AcDbScale
  3
ObjectDBX Classes
 90
1153
 91
0
280
0
281
0
  0
CLASS
  1
TABLESTYLE
  2
AcDbTableStyle
  3
ObjectDBX Classes
 90
4095
 91
0
280
0
281
0
  0
CLASS
  1
MLEADERSTYLE
  2
AcDbMLeaderStyle
  3
ACDB_MLEADERSTYLE_CLASS
 90
4095
 91
0
280
0
281
0
  0
CLASS
  1
DICTIONARYVAR
  2
AcDbDictionaryVar
  3
ObjectDBX Classes
 90
0
 91
0
280
0
281
0
  0
CLASS
  1
CELLSTYLEMAP
  2
AcDbCellStyleMap
  3
ObjectDBX Classes
 90
1152
 91
0
280
0
281
0
  0
CLASS
  1
MENTALRAYRENDERSETTINGS
  2
AcDbMentalRayRenderSettings
  3
SCENEOE
 90
1024
 91
0
280
0
281
0
  0
CLASS
  1
ACDBDETAILVIEWSTYLE
  2
AcDbDetailViewStyle
  3
ObjectDBX Classes
 90
1025
 91
0
280
0
281
0
  0
CLASS
  1
ACDBSECTIONVIEWSTYLE
  2
AcDbSectionViewStyle
  3
ObjectDBX Classes
 90
1025
 91
0
280
0
281
0
  0
CLASS
  1
RASTERVARIABLES
  2
AcDbRasterVariables
  3
ISM
 90
0
 91
0
280
0
281
0
  0
CLASS
  1
LAYOUT
  2
AcDbLayout
  3
ObjectDBX Classes
 90
0
 91
0
280
0
281
0
  0
CLASS
  1
ACDBPLACEHOLDER
  2
AcDbPlaceHolder
  3
ObjectDBX Classes
 90
0
 91
0
280
0
281
0
  0
ENDSEC
  0
SECTION
  2
TABLES
  0
TABLE
  2
VPORT
  5
8
330
0
100
AcDbSymbolTable
 70
1
  0
VPORT
  5
23
330
8
100
AcDbSymbolTableRecord
100
AcDbViewportTableRecord
  2
*Active
 70
0
 10
0.0
 20
0.0
 11
1.0
 21
1.0
 12
0.0
 22
0.0
 13
0.0
 23
0.0
 14
0.5
 24
0.5
 15
0.5
 25
0.5
 16
0.0
 26
0.0
 36
1.0
 17
0.0
 27
0.0
 37
0.0
 40
1000.0
 41
1.34
 42
50.0
 43
0.0
 44
0.0
 50
0.0
 51
0.0
 71
0
 72
1000
 73
1
 74
3
 75
0
 76
0
 77
0
 78
0
281
0
 65
0
146
0.0
  0
ENDTAB
  0
TABLE
  2
LTYPE
  5
2
330
0
100
AcDbSymbolTable
 70
21
  0
LTYPE
  5
24
330
2
100
AcDbSymbolTableRecord
100
AcDbLinetypeTableRecord
  2
ByBlock
 70
0
  3

 72
65
 73
0
 40
0.0
  0
LTYPE
  5
25
330
2
100
AcDbSymbolTableRecord
100
AcDbLinetypeTableRecord
  2
ByLayer
 70
0
  3

 72
65
 73
0
 40
0.0
  0
LTYPE
  5
26
330
2
100
AcDbSymbolTableRecord
100
AcDbLinetypeTableRecord
  2
Continuous
 70
0
  3

 72
65
 73
0
 40
0.0
  0
LTYPE
  5
2F
330
2
100
AcDbSymbolTableRecord
100
AcDbLinetypeTableRecord
  2
CENTER
 70
0
  3
Center ____ _ ____ _ ____ _ ____ _ ____ _ ____
 72
65
 73
4
 40
5.08
 49
3.175
 74
0
 49
-0.635
 74
0
 49
0.635
 74
0
 49
-0.635
 74
0
  0
LTYPE
  5
30
330
2
100
AcDbSymbolTableRecord
100
AcDbLinetypeTableRecord
  2
CENTERX2
 70
0
  3
Center (2x) ________  __  ________  __  ________
 72
65
 73
4
 40
8.89
 49
6.35
 74
0
 49
-0.635
 74
0
 49
1.27
 74
0
 49
-0.635
 74
0
  0
LTYPE
  5
31
330
2
100
AcDbSymbolTableRecord
100
AcDbLinetypeTableRecord
  2
CENTER2
 70
0
  3
Center (.5x) ____ _ ____ _ ____ _ ____ _ ____
 72
65
 73
4
 40
2.54
 49
1.587
 74
0
 49
-0.318
 74
0
 49
0.318
 74
0
 49
-0.318
 74
0
  0
LTYPE
  5
32
330
2
100
AcDbSymbolTableRecord
100
AcDbLinetypeTableRecord
  2
DASHED
 70
0
  3
Dashed __ __ __ __ __ __ __ __ __ __ __ __ __ _
 72
65
 73
2
 40
1.524
 49
1.27
 74
0
 49
-0.254
 74
0
  0
LTYPE
  5
33
330
2
100
AcDbSymbolTableRecord
100
AcDbLinetypeTableRecord
  2
DASHEDX2
 70
0
  3
Dashed (2x) ____  ____  ____  ____  ____  ____
 72
65
 73
2
 40
3.048
 49
2.54
 74
0
 49
-0.508
 74
0
  0
LTYPE
  5
34
330
2
100
AcDbSymbolTableRecord
100
AcDbLinetypeTableRecord
  2
DASHED2
 70
0
  3
Dashed (.5x) _ _ _ _ _ _ _ _ _ _ _ _ _ _
 72
65
 73
2
 40
0.762
 49
0.635
 74
0
 49
-0.127
 74
0
  0
LTYPE
  5
35
330
2
100
AcDbSymbolTableRecord
100
AcDbLinetypeTableRecord
  2
PHANTOM
 70
0
  3
Phantom ______  __  __  ______  __  __  ______
 72
65
 73
6
 40
6.35
 49
3.175
 74
0
 49
-0.635
 74
0
 49
0.635
 74
0
 49
-0.635
 74
0
 49
0.635
 74
0
 49
-0.635
 74
0
  0
LTYPE
  5
36
330
2
100
AcDbSymbolTableRecord
100
AcDbLinetypeTableRecord
  2
PHANTOMX2
 70
0
  3
Phantom (2x)____________    ____    ____    ____________
 72
65
 73
6
 40
10.795
 49
6.35
 74
0
 49
-0.635
 74
0
 49
1.27
 74
0
 49
-0.635
 74
0
 49
1.27
 74
0
 49
-0.635
 74
0
  0
LTYPE
  5
37
330
2
100
AcDbSymbolTableRecord
100
AcDbLinetypeTableRecord
  2
PHANTOM2
 70
0
  3
Phantom (.5x) ___ _ _ ___ _ _ ___ _ _ ___ _ _ ___
 72
65
 73
6
 40
3.175
 49
1.587
 74
0
 49
-0.318
 74
0
 49
0.318
 74
0
 49
-0.318
 74
0
 49
0.318
 74
0
 49
-0.318
 74
0
  0
LTYPE
  5
38
330
2
100
AcDbSymbolTableRecord
100
AcDbLinetypeTableRecord
  2
DASHDOT
 70
0
  3
Dash dot __ . __ . __ . __ . __ . __ . __ . __
 72
65
 73
4
 40
3.556
 49
2.54
 74
0
 49
-0.508
 74
0
 49
0.0
 74
0
 49
-0.508
 74
0
  0
LTYPE
  5
39
330
2
100
AcDbSymbolTableRecord
100
AcDbLinetypeTableRecord
  2
DASHDOTX2
 70
0
  3
Dash dot (2x) ____  .  ____  .  ____  .  ____
 72
65
 73
4
 40
6.096
 49
5.08
 74
0
 49
-0.508
 74
0
 49
0.0
 74
0
 49
-0.508
 74
0
  0
LTYPE
  5
3A
330
2
100
AcDbSymbolTableRecord
100
AcDbLinetypeTableRecord
  2
DASHDOT2
 70
0
  3
Dash dot (.5x) _ . _ . _ . _ . _ . _ . _ . _
 72
65
 73
4
 40
1.778
 49
1.27
 74
0
 49
-0.254
 74
0
 49
0.0
 74
0
 49
-0.254
 74
0
  0
LTYPE
  5
3B
330
2
100
AcDbSymbolTableRecord
100
AcDbLinetypeTableRecord
  2
DOT
 70
0
  3
Dot .  .  .  .  .  .  .  .  .  .  .  .  .  .  .  .
 72
65
 73
2
 40
0.508
 49
0.0
 74
0
 49
-0.508
 74
0
  0
LTYPE
  5
3C
330
2
100
AcDbSymbolTableRecord
100
AcDbLinetypeTableRecord
  2
DOTX2
 70
0
  3
Dot (2x) .    .    .    .    .    .    .    . 
 72
65
 73
2
 40
1.016
 49
0.0
 74
0
 49
-1.016
 74
0
  0
LTYPE
  5
3D
330
2
100
AcDbSymbolTableRecord
100
AcDbLinetypeTableRecord
  2
DOT2
 70
0
  3
Dot (.5) . . . . . . . . . . . . . . . . . . . 
 72
65
 73
2
 40
0.254
 49
0.0
 74
0
 49
-0.254
 74
0
  0
LTYPE
  5
3E
330
2
100
AcDbSymbolTableRecord
100
AcDbLinetypeTableRecord
  2
DIVIDE
 70
0
  3
Divide __ . . __ . . __ . . __ . . __ . . __
 72
65
 73
6
 40
4.064
 49
2.54
 74
0
 49
-0.508
 74
0
 49
0.0
 74
0
 49
-0.508
 74
0
 49
0.0
 74
0
 49
-0.508
 74
0
  0
LTYPE
  5
3F
330
2
100
AcDbSymbolTableRecord
100
AcDbLinetypeTableRecord
  2
DIVIDEX2
 70
0
  3
Divide (2x) ____  . .  ____  . .  ____  . .  ____
 72
65
 73
6
 40
6.604
 49
5.08
 74
0
 49
-0.508
 74
0
 49
0.0
 74
0
 49
-0.508
 74
0
 49
0.0
 74
0
 49
-0.508
 74
0
  0
LTYPE
  5
40
330
2
100
AcDbSymbolTableRecord
100
AcDbLinetypeTableRecord
  2
DIVIDE2
 70
0
  3
Divide(.5x) _ . _ . _ . _ . _ . _ . _ . _
 72
65
 73
6
 40
2.032
 49
1.27
 74
0
 49
-0.254
 74
0
 49
0.0
 74
0
 49
-0.254
 74
0
 49
0.0
 74
0
 49
-0.254
 74
0
  0
ENDTAB
  0
TABLE
  2
LAYER
  5
1
330
0
100
AcDbSymbolTable
 70
16
  0
LAYER
  5
27
330
1
100
AcDbSymbolTableRecord
100
AcDbLayerTableRecord
  2
0
 70
0
 62
7
  6
Continuous
370
-3
390
13
347
21
  0
LAYER
  5
28
330
1
100
AcDbSymbolTableRecord
100
AcDbLayerTableRecord
  2
Defpoints
 70
0
 62
7
  6
Continuous
290
0
370
-3
390
13
347
21
  0
LAYER
  5
8B
330
1
100
AcDbSymbolTableRecord
100
AcDbLayerTableRecord
  2
FRAME
 70
0
 62
7
  6
CONTINUOUS
370
-3
390
13
347
21
  0
LAYER
  5
8C
330
1
100
AcDbSymbolTableRecord
100
AcDbLayerTableRecord
  2
AR-WALLS
 70
0
 62
7
  6
CONTINUOUS
370
-3
390
13
347
21
  0
LAYER
  5
8D
330
1
100
AcDbSymbolTableRecord
100
AcDbLayerTableRecord
  2
AR-NEW
 70
0
 62
5
  6
CONTINUOUS
370
-3
390
13
347
21
  0
LAYER
  5
8E
330
1
100
AcDbSymbolTableRecord
100
AcDbLayerTableRecord
  2
AR-DEMO
 70
0
 62
1
  6
DASHED
370
-3
390
13
347
21
  0
LAYER
  5
8F
330
1
100
AcDbSymbolTableRecord
100
AcDbLayerTableRecord
  2
FURN
 70
0
 62
8
  6
CONTINUOUS
370
-3
390
13
347
21
  0
LAYER
  5
90
330
1
100
AcDbSymbolTableRecord
100
AcDbLayerTableRecord
  2
EL-LIGHT
 70
0
 62
30
  6
CONTINUOUS
370
-3
390
13
347
21
  0
LAYER
  5
91
330
1
100
AcDbSymbolTableRecord
100
AcDbLayerTableRecord
  2
EL-SOCKET
 70
0
 62
6
  6
CONTINUOUS
370
-3
390
13
347
21
  0
LAYER
  5
92
330
1
100
AcDbSymbolTableRecord
100
AcDbLayerTableRecord
  2
EL-LOW
 70
0
 62
3
  6
CONTINUOUS
370
-3
390
13
347
21
  0
LAYER
  5
93
330
1
100
AcDbSymbolTableRecord
100
AcDbLayerTableRecord
  2
VK
 70
0
 62
4
  6
CONTINUOUS
370
-3
390
13
347
21
  0
LAYER
  5
94
330
1
100
AcDbSymbolTableRecord
100
AcDbLayerTableRecord
  2
OV
 70
0
 62
3
  6
CONTINUOUS
370
-3
390
13
347
21
  0
LAYER
  5
95
330
1
100
AcDbSymbolTableRecord
100
AcDbLayerTableRecord
  2
DIM
 70
0
 62
7
  6
CONTINUOUS
370
-3
390
13
347
21
  0
LAYER
  5
96
330
1
100
AcDbSymbolTableRecord
100
AcDbLayerTableRecord
  2
TEXT
 70
0
 62
7
  6
CONTINUOUS
370
-3
390
13
347
21
  0
LAYER
  5
97
330
1
100
AcDbSymbolTableRecord
100
AcDbLayerTableRecord
  2
AR-FIN
 70
0
 62
9
  6
CONTINUOUS
370
-3
390
13
347
21
  0
LAYER
  5
98
330
1
100
AcDbSymbolTableRecord
100
AcDbLayerTableRecord
  2
BASE
 70
0
 62
9
  6
CONTINUOUS
370
-3
390
13
347
21
  0
ENDTAB
  0
TABLE
  2
STYLE
  5
5
330
0
100
AcDbSymbolTable
 70
27
  0
STYLE
  5
29
330
5
100
AcDbSymbolTableRecord
100
AcDbTextStyleTableRecord
  2
Standard
 70
0
 40
0.0
 41
1.0
 50
0.0
 71
0
 42
2.5
  3
DejaVuSans.ttf
  4

  0
STYLE
  5
41
330
5
100
AcDbSymbolTableRecord
100
AcDbTextStyleTableRecord
  2
OpenSans-Light
 70
0
 40
0.0
 41
1.0
 50
0.0
 71
0
 42
2.5
  3
OpenSans-Light.ttf
  4

  0
STYLE
  5
42
330
5
100
AcDbSymbolTableRecord
100
AcDbTextStyleTableRecord
  2
OpenSans-Light-Italic
 70
0
 40
0.0
 41
1.0
 50
0.0
 71
0
 42
2.5
  3
OpenSans-LightItalic.ttf
  4

  0
STYLE
  5
43
330
5
100
AcDbSymbolTableRecord
100
AcDbTextStyleTableRecord
  2
OpenSans
 70
0
 40
0.0
 41
1.0
 50
0.0
 71
0
 42
2.5
  3
OpenSans-Regular.ttf
  4

  0
STYLE
  5
44
330
5
100
AcDbSymbolTableRecord
100
AcDbTextStyleTableRecord
  2
OpenSans-Italic
 70
0
 40
0.0
 41
1.0
 50
0.0
 71
0
 42
2.5
  3
OpenSans-Italic.ttf
  4

  0
STYLE
  5
45
330
5
100
AcDbSymbolTableRecord
100
AcDbTextStyleTableRecord
  2
OpenSans-SemiBold
 70
0
 40
0.0
 41
1.0
 50
0.0
 71
0
 42
2.5
  3
OpenSans-SemiBold.ttf
  4

  0
STYLE
  5
46
330
5
100
AcDbSymbolTableRecord
100
AcDbTextStyleTableRecord
  2
OpenSans-SemiBoldItalic
 70
0
 40
0.0
 41
1.0
 50
0.0
 71
0
 42
2.5
  3
OpenSans-SemiBoldItalic.ttf
  4

  0
STYLE
  5
47
330
5
100
AcDbSymbolTableRecord
100
AcDbTextStyleTableRecord
  2
OpenSans-Bold
 70
0
 40
0.0
 41
1.0
 50
0.0
 71
0
 42
2.5
  3
OpenSans-Bold.ttf
  4

  0
STYLE
  5
48
330
5
100
AcDbSymbolTableRecord
100
AcDbTextStyleTableRecord
  2
OpenSans-BoldItalic
 70
0
 40
0.0
 41
1.0
 50
0.0
 71
0
 42
2.5
  3
OpenSans-BoldItalic.ttf
  4

  0
STYLE
  5
49
330
5
100
AcDbSymbolTableRecord
100
AcDbTextStyleTableRecord
  2
OpenSans-ExtraBold
 70
0
 40
0.0
 41
1.0
 50
0.0
 71
0
 42
2.5
  3
OpenSans-ExtraBold.ttf
  4

  0
STYLE
  5
4A
330
5
100
AcDbSymbolTableRecord
100
AcDbTextStyleTableRecord
  2
OpenSans-ExtraBoldItalic
 70
0
 40
0.0
 41
1.0
 50
0.0
 71
0
 42
2.5
  3
OpenSans-ExtraBoldItalic.ttf
  4

  0
STYLE
  5
4B
330
5
100
AcDbSymbolTableRecord
100
AcDbTextStyleTableRecord
  2
OpenSansCondensed-Bold
 70
0
 40
0.0
 41
1.0
 50
0.0
 71
0
 42
2.5
  3
OpenSansCondensed-Bold.ttf
  4

  0
STYLE
  5
4C
330
5
100
AcDbSymbolTableRecord
100
AcDbTextStyleTableRecord
  2
OpenSansCondensed-Light
 70
0
 40
0.0
 41
1.0
 50
0.0
 71
0
 42
2.5
  3
OpenSansCondensed-Light.ttf
  4

  0
STYLE
  5
4D
330
5
100
AcDbSymbolTableRecord
100
AcDbTextStyleTableRecord
  2
OpenSansCondensed-Italic
 70
0
 40
0.0
 41
1.0
 50
0.0
 71
0
 42
2.5
  3
OpenSansCondensed-LightItalic.ttf
  4

  0
STYLE
  5
4E
330
5
100
AcDbSymbolTableRecord
100
AcDbTextStyleTableRecord
  2
LiberationSans
 70
0
 40
0.0
 41
1.0
 50
0.0
 71
0
 42
2.5
  3
LiberationSans-Regular.ttf
  4

  0
STYLE
  5
4F
330
5
100
AcDbSymbolTableRecord
100
AcDbTextStyleTableRecord
  2
LiberationSans-Bold
 70
0
 40
0.0
 41
1.0
 50
0.0
 71
0
 42
2.5
  3
LiberationSans-Bold.ttf
  4

  0
STYLE
  5
50
330
5
100
AcDbSymbolTableRecord
100
AcDbTextStyleTableRecord
  2
LiberationSans-BoldItalic
 70
0
 40
0.0
 41
1.0
 50
0.0
 71
0
 42
2.5
  3
LiberationSans-BoldItalic.ttf
  4

  0
STYLE
  5
51
330
5
100
AcDbSymbolTableRecord
100
AcDbTextStyleTableRecord
  2
LiberationSans-Italic
 70
0
 40
0.0
 41
1.0
 50
0.0
 71
0
 42
2.5
  3
LiberationSans-Italic.ttf
  4

  0
STYLE
  5
52
330
5
100
AcDbSymbolTableRecord
100
AcDbTextStyleTableRecord
  2
LiberationSerif
 70
0
 40
0.0
 41
1.0
 50
0.0
 71
0
 42
2.5
  3
LiberationSerif-Regular.ttf
  4

  0
STYLE
  5
53
330
5
100
AcDbSymbolTableRecord
100
AcDbTextStyleTableRecord
  2
LiberationSerif-Bold
 70
0
 40
0.0
 41
1.0
 50
0.0
 71
0
 42
2.5
  3
LiberationSerif-Bold.ttf
  4

  0
STYLE
  5
54
330
5
100
AcDbSymbolTableRecord
100
AcDbTextStyleTableRecord
  2
LiberationSerif-BoldItalic
 70
0
 40
0.0
 41
1.0
 50
0.0
 71
0
 42
2.5
  3
LiberationSerif-BoldItalic.ttf
  4

  0
STYLE
  5
55
330
5
100
AcDbSymbolTableRecord
100
AcDbTextStyleTableRecord
  2
LiberationSerif-Italic
 70
0
 40
0.0
 41
1.0
 50
0.0
 71
0
 42
2.5
  3
LiberationSerif-Italic.ttf
  4

  0
STYLE
  5
56
330
5
100
AcDbSymbolTableRecord
100
AcDbTextStyleTableRecord
  2
LiberationMono
 70
0
 40
0.0
 41
1.0
 50
0.0
 71
0
 42
2.5
  3
LiberationMono-Regular.ttf
  4

  0
STYLE
  5
57
330
5
100
AcDbSymbolTableRecord
100
AcDbTextStyleTableRecord
  2
LiberationMono-Bold
 70
0
 40
0.0
 41
1.0
 50
0.0
 71
0
 42
2.5
  3
LiberationMono-Bold.ttf
  4

  0
STYLE
  5
58
330
5
100
AcDbSymbolTableRecord
100
AcDbTextStyleTableRecord
  2
LiberationMono-BoldItalic
 70
0
 40
0.0
 41
1.0
 50
0.0
 71
0
 42
2.5
  3
LiberationMono-BoldItalic.ttf
  4

  0
STYLE
  5
59
330
5
100
AcDbSymbolTableRecord
100
AcDbTextStyleTableRecord
  2
LiberationMono-Italic
 70
0
 40
0.0
 41
1.0
 50
0.0
 71
0
 42
2.5
  3
LiberationMono-Italic.ttf
  4

  0
STYLE
  5
8A
330
5
100
AcDbSymbolTableRecord
100
AcDbTextStyleTableRecord
  2
GOST
 70
0
 40
0.0
 41
1.0
 50
0.0
 71
0
 42
2.5
  3
DejaVuSans.ttf
  4

  0
ENDTAB
  0
TABLE
  2
VIEW
  5
7
330
0
100
AcDbSymbolTable
 70
0
  0
ENDTAB
  0
TABLE
  2
UCS
  5
6
330
0
100
AcDbSymbolTable
 70
0
  0
ENDTAB
  0
TABLE
  2
APPID
  5
3
330
0
100
AcDbSymbolTable
 70
3
  0
APPID
  5
2A
330
3
100
AcDbSymbolTableRecord
100
AcDbRegAppTableRecord
  2
ACAD
 70
0
  0
APPID
  5
7D9
330
3
100
AcDbSymbolTableRecord
100
AcDbRegAppTableRecord
  2
HATCHBACKGROUNDCOLOR
 70
0
  0
APPID
  5
7DA
330
3
100
AcDbSymbolTableRecord
100
AcDbRegAppTableRecord
  2
EZDXF
 70
0
  0
ENDTAB
  0
TABLE
  2
DIMSTYLE
  5
4
330
0
100
AcDbSymbolTable
 70
12
100
AcDbDimStyleTable
  0
DIMSTYLE
105
2B
330
4
100
AcDbSymbolTableRecord
100
AcDbDimStyleTableRecord
  2
Standard
 70
0
 40
1.0
 41
2.5
 42
0.625
 43
3.75
 44
1.25
 45
0.0
 46
0.0
 47
0.0
 48
0.0
 49
2.5
140
2.5
141
2.5
142
0.0
143
0.03937007874
144
1.0
145
0.0
146
1.0
147
0.625
148
0.0
 69
0
 70
0
 71
0
 72
0
 73
0
 74
0
 75
0
 76
0
 77
1
 78
8
 79
3
170
0
171
3
172
1
173
0
174
0
175
0
176
0
177
0
178
0
179
2
271
2
272
2
273
2
274
3
275
0
276
0
277
2
278
44
279
0
280
0
281
0
282
0
283
0
284
8
285
0
286
0
288
0
289
3
290
0
371
-2
372
-2
  0
DIMSTYLE
105
73
330
4
100
AcDbSymbolTableRecord
100
AcDbDimStyleTableRecord
  2
EZDXF
 70
0
 40
1.0
 41
0.175
 42
0.125
 43
3.75
 44
0.375
 45
0.0
 46
0.0
 47
0.0
 48
0.0
 49
2.5
140
0.25
141
2.5
142
0.0
143
0.03937007874
144
100.0
145
0.0
146
0.5
147
0.1
148
0.0
 69
0
 70
0
 71
0
 72
0
 73
0
 74
0
 75
0
 76
0
 77
1
 78
12
 79
3
170
0
171
3
172
1
173
0
174
0
175
0
176
0
177
0
178
0
179
2
271
2
272
2
273
2
274
3
275
0
276
0
277
2
278
46
279
2
280
0
281
0
282
0
283
0
284
8
285
0
286
0
288
1
289
3
290
0
340
4C
342
74
371
-2
372
-2
  0
DIMSTYLE
105
7C
330
4
100
AcDbSymbolTableRecord
100
AcDbDimStyleTableRecord
  2
EZ_M_100_H25_CM
 70
0
 40
1.0
 41
0.25
 42
0.125
 43
3.75
 44
0.375
 45
0.0
 46
0.0
 47
0.0
 48
0.0
 49
2.5
140
0.25
141
2.5
142
0.125
143
0.03937007874
144
100.0
145
0.0
146
0.5
147
0.1
148
0.0
 69
0
 70
0
 71
0
 72
0
 73
0
 74
0
 75
0
 76
0
 77
1
 78
12
 79
3
170
0
171
3
172
1
173
0
174
0
175
0
176
0
177
0
178
0
179
2
271
2
272
2
273
2
274
3
275
0
276
0
277
2
278
46
279
2
280
0
281
0
282
0
283
0
284
8
285
0
286
0
288
1
289
3
290
0
340
4C
371
-2
372
-2
  0
DIMSTYLE
105
7D
330
4
100
AcDbSymbolTableRecord
100
AcDbDimStyleTableRecord
  2
EZ_M_50_H25_CM
 70
0
 40
1.0
 41
0.125
 42
0.0625
 43
3.75
 44
0.1875
 45
0.0
 46
0.0
 47
0.0
 48
0.0
 49
2.5
140
0.125
141
2.5
142
0.0625
143
0.03937007874
144
100.0
145
0.0
146
0.5
147
0.05
148
0.0
 69
0
 70
0
 71
0
 72
0
 73
0
 74
0
 75
0
 76
0
 77
1
 78
12
 79
3
170
0
171
3
172
1
173
0
174
0
175
0
176
0
177
0
178
0
179
2
271
2
272
2
273
2
274
3
275
0
276
0
277
2
278
46
279
2
280
0
281
0
282
0
283
0
284
8
285
0
286
0
288
1
289
3
290
0
340
4C
371
-2
372
-2
  0
DIMSTYLE
105
7E
330
4
100
AcDbSymbolTableRecord
100
AcDbDimStyleTableRecord
  2
EZ_M_25_H25_CM
 70
0
 40
1.0
 41
0.0625
 42
0.03125
 43
3.75
 44
0.09375
 45
0.0
 46
0.0
 47
0.0
 48
0.0
 49
2.5
140
0.0625
141
2.5
142
0.03125
143
0.03937007874
144
100.0
145
0.0
146
0.5
147
0.025
148
0.0
 69
0
 70
0
 71
0
 72
0
 73
0
 74
0
 75
0
 76
0
 77
1
 78
12
 79
3
170
0
171
3
172
1
173
0
174
0
175
0
176
0
177
0
178
0
179
2
271
2
272
2
273
2
274
3
275
0
276
0
277
2
278
46
279
2
280
0
281
0
282
0
283
0
284
8
285
0
286
0
288
1
289
3
290
0
340
4C
371
-2
372
-2
  0
DIMSTYLE
105
7F
330
4
100
AcDbSymbolTableRecord
100
AcDbDimStyleTableRecord
  2
EZ_M_20_H25_CM
 70
0
 40
1.0
 41
0.05
 42
0.025
 43
3.75
 44
0.07500000000000001
 45
0.0
 46
0.0
 47
0.0
 48
0.0
 49
2.5
140
0.05
141
2.5
142
0.025
143
0.03937007874
144
100.0
145
0.0
146
0.5
147
0.020000000000000004
148
0.0
 69
0
 70
0
 71
0
 72
0
 73
0
 74
0
 75
0
 76
0
 77
1
 78
12
 79
3
170
0
171
3
172
1
173
0
174
0
175
0
176
0
177
0
178
0
179
2
271
2
272
2
273
2
274
3
275
0
276
0
277
2
278
46
279
2
280
0
281
0
282
0
283
0
284
8
285
0
286
0
288
1
289
3
290
0
340
4C
371
-2
372
-2
  0
DIMSTYLE
105
80
330
4
100
AcDbSymbolTableRecord
100
AcDbDimStyleTableRecord
  2
EZ_M_10_H25_CM
 70
0
 40
1.0
 41
0.025
 42
0.0125
 43
3.75
 44
0.037500000000000006
 45
0.0
 46
0.0
 47
0.0
 48
0.0
 49
2.5
140
0.025
141
2.5
142
0.0125
143
0.03937007874
144
100.0
145
0.0
146
0.5
147
0.010000000000000002
148
0.0
 69
0
 70
0
 71
0
 72
0
 73
0
 74
0
 75
0
 76
0
 77
1
 78
12
 79
3
170
0
171
3
172
1
173
0
174
0
175
0
176
0
177
0
178
0
179
2
271
2
272
2
273
2
274
3
275
0
276
0
277
2
278
46
279
2
280
0
281
0
282
0
283
0
284
8
285
0
286
0
288
1
289
3
290
0
340
4C
371
-2
372
-2
  0
DIMSTYLE
105
81
330
4
100
AcDbSymbolTableRecord
100
AcDbDimStyleTableRecord
  2
EZ_M_5_H25_CM
 70
0
 40
1.0
 41
0.0125
 42
0.00625
 43
3.75
 44
0.018750000000000003
 45
0.0
 46
0.0
 47
0.0
 48
0.0
 49
2.5
140
0.0125
141
2.5
142
0.00625
143
0.03937007874
144
100.0
145
0.0
146
0.5
147
0.005000000000000001
148
0.0
 69
0
 70
0
 71
0
 72
0
 73
0
 74
0
 75
0
 76
0
 77
1
 78
12
 79
3
170
0
171
3
172
1
173
0
174
0
175
0
176
0
177
0
178
0
179
2
271
2
272
2
273
2
274
3
275
0
276
0
277
2
278
46
279
2
280
0
281
0
282
0
283
0
284
8
285
0
286
0
288
1
289
3
290
0
340
4C
371
-2
372
-2
  0
DIMSTYLE
105
82
330
4
100
AcDbSymbolTableRecord
100
AcDbDimStyleTableRecord
  2
EZ_M_1_H25_CM
 70
0
 40
1.0
 41
0.0025
 42
0.00125
 43
3.75
 44
0.00375
 45
0.0
 46
0.0
 47
0.0
 48
0.0
 49
2.5
140
0.0025
141
2.5
142
0.00125
143
0.03937007874
144
100.0
145
0.0
146
0.5
147
0.001
148
0.0
 69
0
 70
0
 71
0
 72
0
 73
0
 74
0
 75
0
 76
0
 77
1
 78
12
 79
3
170
0
171
3
172
1
173
0
174
0
175
0
176
0
177
0
178
0
179
2
271
2
272
2
273
2
274
3
275
0
276
0
277
2
278
46
279
2
280
0
281
0
282
0
283
0
284
8
285
0
286
0
288
1
289
3
290
0
340
4C
371
-2
372
-2
  0
DIMSTYLE
105
83
330
4
100
AcDbSymbolTableRecord
100
AcDbDimStyleTableRecord
  2
EZ_RADIUS
 70
0
 40
1.0
 41
0.25
 42
0.125
 43
3.75
 44
0.375
 45
0.0
 46
0.0
 47
0.0
 48
0.0
 49
2.5
140
0.25
141
0.0
142
0.0
143
0.03937007874
144
100.0
145
0.0
146
0.5
147
0.1
148
0.0
 69
0
 70
0
 71
0
 72
0
 73
0
 74
0
 75
0
 76
0
 77
1
 78
12
 79
3
170
0
171
3
172
0
173
0
174
0
175
0
176
0
177
0
178
0
179
2
271
2
272
2
273
2
274
3
275
0
276
0
277
2
278
46
279
1
280
0
281
0
282
0
283
0
284
8
285
0
286
0
288
1
289
3
290
0
340
4C
342
84
371
-2
372
-2
  0
DIMSTYLE
105
88
330
4
100
AcDbSymbolTableRecord
100
AcDbDimStyleTableRecord
  2
EZ_RADIUS_INSIDE
 70
0
 40
1.0
 41
0.25
 42
0.125
 43
3.75
 44
0.375
 45
0.0
 46
0.0
 47
0.0
 48
0.0
 49
2.5
140
0.25
141
0.0
142
0.0
143
0.03937007874
144
100.0
145
0.0
146
0.5
147
0.1
148
0.0
 69
0
 70
0
 71
0
 72
0
 73
0
 74
0
 75
0
 76
0
 77
0
 78
12
 79
3
170
0
171
3
172
0
173
0
174
1
175
0
176
0
177
0
178
0
179
2
271
2
272
2
273
2
274
3
275
0
276
0
277
2
278
46
279
0
280
0
281
0
282
0
283
0
284
8
285
0
286
0
288
1
289
0
290
0
340
4C
342
84
371
-2
372
-2
  0
DIMSTYLE
105
89
330
4
100
AcDbSymbolTableRecord
100
AcDbDimStyleTableRecord
  2
EZ_CURVED
 70
0
 40
1.0
 41
0.25
 42
0.125
 43
3.75
 44
0.375
 45
0.0
 46
0.0
 47
0.0
 48
0.0
 49
2.5
140
0.25
141
2.5
142
0.0
143
0.03937007874
144
100.0
145
0.0
146
0.5
147
0.1
148
0.0
 69
0
 70
0
 71
0
 72
0
 73
0
 74
0
 75
0
 76
0
 77
1
 78
12
 79
2
 90
2
170
0
171
3
172
1
173
0
174
0
175
0
176
0
177
0
178
0
179
2
271
2
272
2
273
2
274
3
275
0
276
0
277
2
278
46
279
2
280
0
281
0
282
0
283
0
284
8
285
0
286
0
288
1
289
3
290
0
340
4C
371
-2
372
-2
  0
ENDTAB
  0
TABLE
  2
BLOCK_RECORD
  5
9
330
0
100
AcDbSymbolTable
 70
5
  0
BLOCK_RECORD
  5
17
330
9
100
AcDbSymbolTableRecord
100
AcDbBlockTableRecord
  2
*Model_Space
340
1A
 70
0
280
1
281
0
  0
BLOCK_RECORD
  5
1B
330
9
100
AcDbSymbolTableRecord
100
AcDbBlockTableRecord
  2
*Paper_Space
340
1E
 70
0
280
1
281
0
  0
BLOCK_RECORD
  5
74
330
9
100
AcDbSymbolTableRecord
100
AcDbBlockTableRecord
  2
_ARCHTICK
340
0
 70
0
280
1
281
0
  0
BLOCK_RECORD
  5
78
330
9
100
AcDbSymbolTableRecord
100
AcDbBlockTableRecord
  2
_CLOSEDFILLED
340
0
 70
0
280
1
281
0
  0
BLOCK_RECORD
  5
84
330
9
100
AcDbSymbolTableRecord
100
AcDbBlockTableRecord
  2
_CLOSEDBLANK
340
0
 70
0
280
1
281
0
  0
ENDTAB
  0
ENDSEC
  0
SECTION
  2
BLOCKS
  0
BLOCK
  5
18
330
17
100
AcDbEntity
  8
0
100
AcDbBlockBegin
  2
*Model_Space
 70
0
 10
0.0
 20
0.0
 30
0.0
  3
*Model_Space
  1

  0
ENDBLK
  5
19
330
17
100
AcDbEntity
  8
0
100
AcDbBlockEnd
  0
BLOCK
  5
1C
330
1B
100
AcDbEntity
  8
0
100
AcDbBlockBegin
  2
*Paper_Space
 70
0
 10
0.0
 20
0.0
 30
0.0
  3
*Paper_Space
  1

  0
ENDBLK
  5
1D
330
1B
100
AcDbEntity
  8
0
100
AcDbBlockEnd
  0
BLOCK
  5
75
330
74
100
AcDbEntity
  8
0
100
AcDbBlockBegin
  2
_ARCHTICK
 70
0
 10
0.0
 20
0.0
 30
0.0
  3
_ARCHTICK
  1

  0
LWPOLYLINE
  5
77
330
74
100
AcDbEntity
  8
0
  6
BYBLOCK
 62
0
100
AcDbPolyline
 90
2
 70
0
 43
0.15
 10
-0.5
 20
-0.5
 10
0.5
 20
0.5
  0
ENDBLK
  5
76
330
74
100
AcDbEntity
  8
0
100
AcDbBlockEnd
  0
BLOCK
  5
79
330
78
100
AcDbEntity
  8
0
100
AcDbBlockBegin
  2
_CLOSEDFILLED
 70
0
 10
0.0
 20
0.0
 30
0.0
  3
_CLOSEDFILLED
  1

  0
SOLID
  5
7B
330
78
100
AcDbEntity
  8
0
  6
BYBLOCK
 62
0
100
AcDbTrace
 10
-1.0
 20
0.16439898372402537
 30
0.0
 11
0.0
 21
0.0
 31
0.0
 12
-1.0
 22
-0.16439898372402537
 32
0.0
 13
-1.0
 23
-0.16439898372402537
 33
0.0
  0
ENDBLK
  5
7A
330
78
100
AcDbEntity
  8
0
100
AcDbBlockEnd
  0
BLOCK
  5
85
330
84
100
AcDbEntity
  8
0
100
AcDbBlockBegin
  2
_CLOSEDBLANK
 70
0
 10
0.0
 20
0.0
 30
0.0
  3
_CLOSEDBLANK
  1

  0
LWPOLYLINE
  5
87
330
84
100
AcDbEntity
  8
0
  6
BYBLOCK
 62
0
100
AcDbPolyline
 90
3
 70
1
 10
-1.0
 20
0.16439898372402537
 10
0.0
 20
0.0
 10
-1.0
 20
-0.16439898372402537
  0
ENDBLK
  5
86
330
84
100
AcDbEntity
  8
0
100
AcDbBlockEnd
  0
ENDSEC
  0
SECTION
  2
ENTITIES
  0
HATCH
  5
99
330
17
100
AcDbEntity
  8
AR-WALLS
 62
7
420
2500134
100
AcDbHatch
 10
0.0
 20
0.0
 30
0.0
210
0.0
220
0.0
230
1.0
  2
SOLID
 70
1
 71
0
 91
1
 92
3
 72
0
 73
1
 93
5
 10
11990.0
 20
19871.0
 10
10621.0
 20
19871.0
 10
10621.0
 20
20291.000000000004
 10
11990.0
 20
20291.000000000004
 10
11990.0
 20
19871.0
 97
0
 75
1
 76
1
 98
0
  0
LWPOLYLINE
  5
9A
330
17
100
AcDbEntity
  8
AR-WALLS
 62
7
370
35
100
AcDbPolyline
 90
5
 70
1
 10
11990.0
 20
19871.0
 10
10621.0
 20
19871.0
 10
10621.0
 20
20291.000000000004
 10
11990.0
 20
20291.000000000004
 10
11990.0
 20
19871.0
  0
HATCH
  5
9B
330
17
100
AcDbEntity
  8
AR-WALLS
 62
7
420
2500134
100
AcDbHatch
 10
0.0
 20
0.0
 30
0.0
210
0.0
220
0.0
230
1.0
  2
SOLID
 70
1
 71
0
 91
1
 92
3
 72
0
 73
1
 93
5
 10
6980.000000000001
 20
19871.0
 10
6980.000000000001
 20
20291.000000000004
 10
8760.0
 20
20291.000000000004
 10
8760.0
 20
19871.0
 10
6980.000000000001
 20
19871.0
 97
0
 75
1
 76
1
 98
0
  0
LWPOLYLINE
  5
9C
330
17
100
AcDbEntity
  8
AR-WALLS
 62
7
370
35
100
AcDbPolyline
 90
5
 70
1
 10
6980.000000000001
 20
19871.0
 10
6980.000000000001
 20
20291.000000000004
 10
8760.0
 20
20291.000000000004
 10
8760.0
 20
19871.0
 10
6980.000000000001
 20
19871.0
  0
HATCH
  5
9D
330
17
100
AcDbEntity
  8
AR-WALLS
 62
7
420
2500134
100
AcDbHatch
 10
0.0
 20
0.0
 30
0.0
210
0.0
220
0.0
230
1.0
  2
SOLID
 70
1
 71
0
 91
1
 92
3
 72
0
 73
1
 93
5
 10
4029.9999999999995
 20
20291.000000000004
 10
5120.0
 20
20291.000000000004
 10
5120.0
 20
19871.0
 10
4029.9999999999995
 20
19871.0
 10
4029.9999999999995
 20
20291.000000000004
 97
0
 75
1
 76
1
 98
0
  0
LWPOLYLINE
  5
9E
330
17
100
AcDbEntity
  8
AR-WALLS
 62
7
370
35
100
AcDbPolyline
 90
5
 70
1
 10
4029.9999999999995
 20
20291.000000000004
 10
5120.0
 20
20291.000000000004
 10
5120.0
 20
19871.0
 10
4029.9999999999995
 20
19871.0
 10
4029.9999999999995
 20
20291.000000000004
  0
HATCH
  5
9F
330
17
100
AcDbEntity
  8
AR-WALLS
 62
7
420
2500134
100
AcDbHatch
 10
0.0
 20
0.0
 30
0.0
210
0.0
220
0.0
230
1.0
  2
SOLID
 70
1
 71
0
 91
1
 92
3
 72
0
 73
1
 93
5
 10
3820.0000000000005
 20
10880.0
 10
3820.0000000000005
 20
11550.0
 10
4240.000000000001
 20
11550.0
 10
4240.000000000001
 20
10880.0
 10
3820.0000000000005
 20
10880.0
 97
0
 75
1
 76
1
 98
0
  0
LWPOLYLINE
  5
A0
330
17
100
AcDbEntity
  8
AR-WALLS
 62
7
370
35
100
AcDbPolyline
 90
5
 70
1
 10
3820.0000000000005
 20
10880.0
 10
3820.0000000000005
 20
11550.0
 10
4240.000000000001
 20
11550.0
 10
4240.000000000001
 20
10880.0
 10
3820.0000000000005
 20
10880.0
  0
HATCH
  5
A1
330
17
100
AcDbEntity
  8
AR-WALLS
 62
7
420
2500134
100
AcDbHatch
 10
0.0
 20
0.0
 30
0.0
210
0.0
220
0.0
230
1.0
  2
SOLID
 70
1
 71
0
 91
1
 92
3
 72
0
 73
1
 93
5
 10
3820.0000000000005
 20
16646.0
 10
4240.000000000001
 20
16646.0
 10
4240.000000000001
 20
13410.0
 10
3820.0000000000005
 20
13410.0
 10
3820.0000000000005
 20
16646.0
 97
0
 75
1
 76
1
 98
0
  0
LWPOLYLINE
  5
A2
330
17
100
AcDbEntity
  8
AR-WALLS
 62
7
370
35
100
AcDbPolyline
 90
5
 70
1
 10
3820.0000000000005
 20
16646.0
 10
4240.000000000001
 20
16646.0
 10
4240.000000000001
 20
13410.0
 10
3820.0000000000005
 20
13410.0
 10
3820.0000000000005
 20
16646.0
  0
HATCH
  5
A3
330
17
100
AcDbEntity
  8
AR-WALLS
 62
7
420
2500134
100
AcDbHatch
 10
0.0
 20
0.0
 30
0.0
210
0.0
220
0.0
230
1.0
  2
SOLID
 70
1
 71
0
 91
1
 92
3
 72
0
 73
1
 93
5
 10
4240.000000000001
 20
20081.0
 10
4240.000000000001
 20
18506.0
 10
3820.0000000000005
 20
18506.0
 10
3820.0000000000005
 20
20081.0
 10
4240.000000000001
 20
20081.0
 97
0
 75
1
 76
1
 98
0
  0
LWPOLYLINE
  5
A4
330
17
100
AcDbEntity
  8
AR-WALLS
 62
7
370
35
100
AcDbPolyline
 90
5
 70
1
 10
4240.000000000001
 20
20081.0
 10
4240.000000000001
 20
18506.0
 10
3820.0000000000005
 20
18506.0
 10
3820.0000000000005
 20
20081.0
 10
4240.000000000001
 20
20081.0
  0
HATCH
  5
A5
330
17
100
AcDbEntity
  8
AR-WALLS
 62
7
420
2500134
100
AcDbHatch
 10
0.0
 20
0.0
 30
0.0
210
0.0
220
0.0
230
1.0
  2
SOLID
 70
1
 71
0
 91
1
 92
3
 72
0
 73
1
 93
5
 10
10230.0
 20
10800.0
 10
10230.0
 20
10960.0
 10
4029.9999999999995
 20
10960.0
 10
4029.9999999999995
 20
10800.0
 10
10230.0
 20
10800.0
 97
0
 75
1
 76
1
 98
0
  0
LWPOLYLINE
  5
A6
330
17
100
AcDbEntity
  8
AR-WALLS
 62
7
370
35
100
AcDbPolyline
 90
5
 70
1
 10
10230.0
 20
10800.0
 10
10230.0
 20
10960.0
 10
4029.9999999999995
 20
10960.0
 10
4029.9999999999995
 20
10800.0
 10
10230.0
 20
10800.0
  0
HATCH
  5
A7
330
17
100
AcDbEntity
  8
AR-WALLS
 62
7
420
2500134
100
AcDbHatch
 10
0.0
 20
0.0
 30
0.0
210
0.0
220
0.0
230
1.0
  2
SOLID
 70
1
 71
0
 91
1
 92
3
 72
0
 73
1
 93
5
 10
10310.0
 20
10880.0
 10
10310.0
 20
12890.0
 10
10150.0
 20
12890.0
 10
10150.0
 20
10880.0
 10
10310.0
 20
10880.0
 97
0
 75
1
 76
1
 98
0
  0
LWPOLYLINE
  5
A8
330
17
100
AcDbEntity
  8
AR-WALLS
 62
7
370
35
100
AcDbPolyline
 90
5
 70
1
 10
10310.0
 20
10880.0
 10
10310.0
 20
12890.0
 10
10150.0
 20
12890.0
 10
10150.0
 20
10880.0
 10
10310.0
 20
10880.0
  0
HATCH
  5
A9
330
17
100
AcDbEntity
  8
AR-WALLS
 62
7
420
2500134
100
AcDbHatch
 10
0.0
 20
0.0
 30
0.0
210
0.0
220
0.0
230
1.0
  2
SOLID
 70
1
 71
0
 91
1
 92
3
 72
0
 73
1
 93
5
 10
11990.0
 20
12969.999999999998
 10
11990.0
 20
12810.0
 10
11600.0
 20
12810.0
 10
11600.0
 20
12969.999999999998
 10
11990.0
 20
12969.999999999998
 97
0
 75
1
 76
1
 98
0
  0
LWPOLYLINE
  5
AA
330
17
100
AcDbEntity
  8
AR-WALLS
 62
7
370
35
100
AcDbPolyline
 90
5
 70
1
 10
11990.0
 20
12969.999999999998
 10
11990.0
 20
12810.0
 10
11600.0
 20
12810.0
 10
11600.0
 20
12969.999999999998
 10
11990.0
 20
12969.999999999998
  0
HATCH
  5
AB
330
17
100
AcDbEntity
  8
AR-WALLS
 62
7
420
2500134
100
AcDbHatch
 10
0.0
 20
0.0
 30
0.0
210
0.0
220
0.0
230
1.0
  2
SOLID
 70
1
 71
0
 91
1
 92
3
 72
0
 73
1
 93
5
 10
10230.0
 20
12810.0
 10
10230.0
 20
12969.999999999998
 10
10460.0
 20
12969.999999999998
 10
10460.0
 20
12810.0
 10
10230.0
 20
12810.0
 97
0
 75
1
 76
1
 98
0
  0
LWPOLYLINE
  5
AC
330
17
100
AcDbEntity
  8
AR-WALLS
 62
7
370
35
100
AcDbPolyline
 90
5
 70
1
 10
10230.0
 20
12810.0
 10
10230.0
 20
12969.999999999998
 10
10460.0
 20
12969.999999999998
 10
10460.0
 20
12810.0
 10
10230.0
 20
12810.0
  0
HATCH
  5
AD
330
17
100
AcDbEntity
  8
AR-WALLS
 62
7
420
2500134
100
AcDbHatch
 10
0.0
 20
0.0
 30
0.0
210
0.0
220
0.0
230
1.0
  2
SOLID
 70
1
 71
0
 91
1
 92
3
 72
0
 73
1
 93
5
 10
12070.0
 20
12890.0
 10
12070.0
 20
20081.0
 10
11910.0
 20
20081.0
 10
11910.0
 20
12890.0
 10
12070.0
 20
12890.0
 97
0
 75
1
 76
1
 98
0
  0
LWPOLYLINE
  5
AE
330
17
100
AcDbEntity
  8
AR-WALLS
 62
7
370
35
100
AcDbPolyline
 90
5
 70
1
 10
12070.0
 20
12890.0
 10
12070.0
 20
20081.0
 10
11910.0
 20
20081.0
 10
11910.0
 20
12890.0
 10
12070.0
 20
12890.0
  0
HATCH
  5
AF
330
17
100
AcDbEntity
  8
AR-WALLS
 62
7
420
2500134
100
AcDbHatch
 10
0.0
 20
0.0
 30
0.0
210
0.0
220
0.0
230
1.0
  2
SOLID
 70
1
 71
0
 91
1
 92
3
 72
0
 73
1
 93
5
 10
7620.0
 20
19871.0
 10
7759.999999999999
 20
19871.0
 10
7759.999999999999
 20
15780.000000000002
 10
7620.0
 20
15780.000000000002
 10
7620.0
 20
19871.0
 97
0
 75
1
 76
1
 98
0
  0
LWPOLYLINE
  5
B0
330
17
100
AcDbEntity
  8
AR-WALLS
 62
7
370
35
100
AcDbPolyline
 90
5
 70
1
 10
7620.0
 20
19871.0
 10
7759.999999999999
 20
19871.0
 10
7759.999999999999
 20
15780.000000000002
 10
7620.0
 20
15780.000000000002
 10
7620.0
 20
19871.0
  0
HATCH
  5
B1
330
17
100
AcDbEntity
  8
AR-WALLS
 62
7
420
2500134
100
AcDbHatch
 10
0.0
 20
0.0
 30
0.0
210
0.0
220
0.0
230
1.0
  2
SOLID
 70
1
 71
0
 91
1
 92
3
 72
0
 73
1
 93
5
 10
7770.0
 20
14680.000000000002
 10
7770.0
 20
14540.0
 10
6770.0
 20
14540.0
 10
6770.0
 20
14680.000000000002
 10
7770.0
 20
14680.000000000002
 97
0
 75
1
 76
1
 98
0
  0
LWPOLYLINE
  5
B2
330
17
100
AcDbEntity
  8
AR-WALLS
 62
7
370
35
100
AcDbPolyline
 90
5
 70
1
 10
7770.0
 20
14680.000000000002
 10
7770.0
 20
14540.0
 10
6770.0
 20
14540.0
 10
6770.0
 20
14680.000000000002
 10
7770.0
 20
14680.000000000002
  0
HATCH
  5
B3
330
17
100
AcDbEntity
  8
AR-WALLS
 62
7
420
2500134
100
AcDbHatch
 10
0.0
 20
0.0
 30
0.0
210
0.0
220
0.0
230
1.0
  2
SOLID
 70
1
 71
0
 91
1
 92
3
 72
0
 73
1
 93
5
 10
4240.000000000001
 20
14540.0
 10
4240.000000000001
 20
14680.000000000002
 10
5000.0
 20
14680.000000000002
 10
5000.0
 20
14540.0
 10
4240.000000000001
 20
14540.0
 97
0
 75
1
 76
1
 98
0
  0
LWPOLYLINE
  5
B4
330
17
100
AcDbEntity
  8
AR-WALLS
 62
7
370
35
100
AcDbPolyline
 90
5
 70
1
 10
4240.000000000001
 20
14540.0
 10
4240.000000000001
 20
14680.000000000002
 10
5000.0
 20
14680.000000000002
 10
5000.0
 20
14540.0
 10
4240.000000000001
 20
14540.0
  0
HATCH
  5
B5
330
17
100
AcDbEntity
  8
AR-WALLS
 62
7
420
7237230
100
AcDbHatch
 10
0.0
 20
0.0
 30
0.0
210
0.0
220
0.0
230
1.0
  2
SOLID
 70
1
 71
0
 91
1
 92
3
 72
0
 73
1
 93
5
 10
8410.0
 20
10960.0
 10
8410.0
 20
12971.0
 10
8330.0
 20
12971.0
 10
8330.0
 20
10960.0
 10
8410.0
 20
10960.0
 97
0
 75
1
 76
1
 98
0
  0
LWPOLYLINE
  5
B6
330
17
100
AcDbEntity
  8
AR-WALLS
 62
7
370
35
100
AcDbPolyline
 90
5
 70
1
 10
8410.0
 20
10960.0
 10
8410.0
 20
12971.0
 10
8330.0
 20
12971.0
 10
8330.0
 20
10960.0
 10
8410.0
 20
10960.0
  0
HATCH
  5
B7
330
17
100
AcDbEntity
  8
AR-WALLS
 62
7
420
7237230
100
AcDbHatch
 10
0.0
 20
0.0
 30
0.0
210
0.0
220
0.0
230
1.0
  2
SOLID
 70
1
 71
0
 91
1
 92
3
 72
0
 73
1
 93
5
 10
8330.0
 20
12971.0
 10
8810.0
 20
12971.0
 10
8810.0
 20
12891.0
 10
8330.0
 20
12891.0
 10
8330.0
 20
12971.0
 97
0
 75
1
 76
1
 98
0
  0
LWPOLYLINE
  5
B8
330
17
100
AcDbEntity
  8
AR-WALLS
 62
7
370
35
100
AcDbPolyline
 90
5
 70
1
 10
8330.0
 20
12971.0
 10
8810.0
 20
12971.0
 10
8810.0
 20
12891.0
 10
8330.0
 20
12891.0
 10
8330.0
 20
12971.0
  0
HATCH
  5
B9
330
17
100
AcDbEntity
  8
AR-WALLS
 62
7
420
7237230
100
AcDbHatch
 10
0.0
 20
0.0
 30
0.0
210
0.0
220
0.0
230
1.0
  2
SOLID
 70
1
 71
0
 91
1
 92
3
 72
0
 73
1
 93
5
 10
9060.0
 20
14681.0
 10
9060.0
 20
15210.0
 10
9140.0
 20
15210.0
 10
9140.0
 20
14681.0
 10
9060.0
 20
14681.0
 97
0
 75
1
 76
1
 98
0
  0
LWPOLYLINE
  5
BA
330
17
100
AcDbEntity
  8
AR-WALLS
 62
7
370
35
100
AcDbPolyline
 90
5
 70
1
 10
9060.0
 20
14681.0
 10
9060.0
 20
15210.0
 10
9140.0
 20
15210.0
 10
9140.0
 20
14681.0
 10
9060.0
 20
14681.0
  0
HATCH
  5
BB
330
17
100
AcDbEntity
  8
AR-WALLS
 62
7
420
7237230
100
AcDbHatch
 10
0.0
 20
0.0
 30
0.0
210
0.0
220
0.0
230
1.0
  2
SOLID
 70
1
 71
0
 91
1
 92
3
 72
0
 73
1
 93
5
 10
9140.0
 20
16930.0
 10
9140.0
 20
16491.0
 10
9060.0
 20
16491.0
 10
9060.0
 20
16930.0
 10
9140.0
 20
16930.0
 97
0
 75
1
 76
1
 98
0
  0
LWPOLYLINE
  5
BC
330
17
100
AcDbEntity
  8
AR-WALLS
 62
7
370
35
100
AcDbPolyline
 90
5
 70
1
 10
9140.0
 20
16930.0
 10
9140.0
 20
16491.0
 10
9060.0
 20
16491.0
 10
9060.0
 20
16930.0
 10
9140.0
 20
16930.0
  0
HATCH
  5
BD
330
17
100
AcDbEntity
  8
AR-WALLS
 62
7
420
7237230
100
AcDbHatch
 10
0.0
 20
0.0
 30
0.0
210
0.0
220
0.0
230
1.0
  2
SOLID
 70
1
 71
0
 91
1
 92
3
 72
0
 73
1
 93
5
 10
11861.0
 20
14681.0
 10
11861.0
 20
14761.000000000002
 10
9060.0
 20
14761.000000000002
 10
9060.0
 20
14681.0
 10
11861.0
 20
14681.0
 97
0
 75
1
 76
1
 98
0
  0
LWPOLYLINE
  5
BE
330
17
100
AcDbEntity
  8
AR-WALLS
 62
7
370
35
100
AcDbPolyline
 90
5
 70
1
 10
11861.0
 20
14681.0
 10
11861.0
 20
14761.000000000002
 10
9060.0
 20
14761.000000000002
 10
9060.0
 20
14681.0
 10
11861.0
 20
14681.0
  0
HATCH
  5
BF
330
17
100
AcDbEntity
  8
AR-WALLS
 62
7
420
7237230
100
AcDbHatch
 10
0.0
 20
0.0
 30
0.0
210
0.0
220
0.0
230
1.0
  2
SOLID
 70
1
 71
0
 91
1
 92
3
 72
0
 73
1
 93
5
 10
11861.0
 20
12971.0
 10
11861.0
 20
16930.0
 10
11781.0
 20
16930.0
 10
11781.0
 20
12971.0
 10
11861.0
 20
12971.0
 97
0
 75
1
 76
1
 98
0
  0
LWPOLYLINE
  5
C0
330
17
100
AcDbEntity
  8
AR-WALLS
 62
7
370
35
100
AcDbPolyline
 90
5
 70
1
 10
11861.0
 20
12971.0
 10
11861.0
 20
16930.0
 10
11781.0
 20
16930.0
 10
11781.0
 20
12971.0
 10
11861.0
 20
12971.0
  0
HATCH
  5
C1
330
17
100
AcDbEntity
  8
AR-WALLS
 62
7
420
7237230
100
AcDbHatch
 10
0.0
 20
0.0
 30
0.0
210
0.0
220
0.0
230
1.0
  2
SOLID
 70
1
 71
0
 91
1
 92
3
 72
0
 73
1
 93
5
 10
11861.0
 20
16801.0
 10
11861.0
 20
16881.0
 10
9060.0
 20
16881.0
 10
9060.0
 20
16801.0
 10
11861.0
 20
16801.0
 97
0
 75
1
 76
1
 98
0
  0
LWPOLYLINE
  5
C2
330
17
100
AcDbEntity
  8
AR-WALLS
 62
7
370
35
100
AcDbPolyline
 90
5
 70
1
 10
11861.0
 20
16801.0
 10
11861.0
 20
16881.0
 10
9060.0
 20
16881.0
 10
9060.0
 20
16801.0
 10
11861.0
 20
16801.0
  0
HATCH
  5
C3
330
17
100
AcDbEntity
  8
AR-WALLS
 62
7
420
7237230
100
AcDbHatch
 10
0.0
 20
0.0
 30
0.0
210
0.0
220
0.0
230
1.0
  2
SOLID
 70
1
 71
0
 91
1
 92
3
 72
0
 73
1
 93
5
 10
11910.0
 20
16930.0
 10
11910.0
 20
17010.000000000004
 10
9060.0
 20
17010.000000000004
 10
9060.0
 20
16930.0
 10
11910.0
 20
16930.0
 97
0
 75
1
 76
1
 98
0
  0
LWPOLYLINE
  5
C4
330
17
100
AcDbEntity
  8
AR-WALLS
 62
7
370
35
100
AcDbPolyline
 90
5
 70
1
 10
11910.0
 20
16930.0
 10
11910.0
 20
17010.000000000004
 10
9060.0
 20
17010.000000000004
 10
9060.0
 20
16930.0
 10
11910.0
 20
16930.0
  0
HATCH
  5
C5
330
17
100
AcDbEntity
  8
AR-WALLS
 62
7
420
3355443
100
AcDbHatch
 10
0.0
 20
0.0
 30
0.0
210
0.0
220
0.0
230
1.0
  2
ANSI37
 70
0
 71
0
 91
1
 92
3
 72
0
 73
1
 93
5
 10
4219.0
 20
18941.000000000004
 10
4219.0
 20
20111.0
 10
4000.0
 20
20111.0
 10
4000.0
 20
18941.000000000004
 10
4219.0
 20
18941.000000000004
 97
0
 75
1
 76
1
 52
0.0
 41
13.750000000000002
 77
0
 78
2
 53
45.0
 43
0.0
 44
0.0
 45
-30.8696304166
 46
30.8696304166
 79
0
 53
135.0
 43
0.0
 44
0.0
 45
-30.8696304166
 46
-30.8696304166
 79
0
 98
0
  0
HATCH
  5
C6
330
17
100
AcDbEntity
  8
AR-WALLS
 62
7
420
14277081
440
33554559
100
AcDbHatch
 10
0.0
 20
0.0
 30
0.0
210
0.0
220
0.0
230
1.0
  2
SOLID
 70
1
 71
0
 91
1
 92
3
 72
0
 73
1
 93
5
 10
4219.0
 20
18941.000000000004
 10
4219.0
 20
20111.0
 10
4000.0
 20
20111.0
 10
4000.0
 20
18941.000000000004
 10
4219.0
 20
18941.000000000004
 97
0
 75
1
 76
1
 98
0
  0
LWPOLYLINE
  5
C7
330
17
100
AcDbEntity
  8
AR-WALLS
 62
7
370
35
100
AcDbPolyline
 90
5
 70
1
 10
4219.0
 20
18941.000000000004
 10
4219.0
 20
20111.0
 10
4000.0
 20
20111.0
 10
4000.0
 20
18941.000000000004
 10
4219.0
 20
18941.000000000004
  0
HATCH
  5
C8
330
17
100
AcDbEntity
  8
AR-NEW
 62
7
420
2051740
100
AcDbHatch
 10
0.0
 20
0.0
 30
0.0
210
0.0
220
0.0
230
1.0
  2
ANSI31
 70
0
 71
0
 91
1
 92
3
 72
0
 73
1
 93
5
 10
6770.0
 20
14541.0
 10
6770.0
 20
14681.0
 10
5000.0
 20
14681.0
 10
5000.0
 20
14541.0
 10
6770.0
 20
14541.0
 97
0
 75
1
 76
1
 52
0.0
 41
9.166666666666668
 77
0
 78
1
 53
45.0
 43
0.0
 44
0.0
 45
-20.5797536111
 46
20.5797536111
 79
0
 98
0
  0
HATCH
  5
C9
330
17
100
AcDbEntity
  8
AR-NEW
 62
7
420
16511967
440
33554559
100
AcDbHatch
 10
0.0
 20
0.0
 30
0.0
210
0.0
220
0.0
230
1.0
  2
SOLID
 70
1
 71
0
 91
1
 92
3
 72
0
 73
1
 93
5
 10
6770.0
 20
14541.0
 10
6770.0
 20
14681.0
 10
5000.0
 20
14681.0
 10
5000.0
 20
14541.0
 10
6770.0
 20
14541.0
 97
0
 75
1
 76
1
 98
0
  0
LWPOLYLINE
  5
CA
330
17
100
AcDbEntity
  8
AR-NEW
370
40
420
2051740
100
AcDbPolyline
 90
5
 70
1
 10
6770.0
 20
14541.0
 10
6770.0
 20
14681.0
 10
5000.0
 20
14681.0
 10
5000.0
 20
14541.0
 10
6770.0
 20
14541.0
  0
HATCH
  5
CB
330
17
100
AcDbEntity
  8
AR-NEW
 62
7
420
2051740
100
AcDbHatch
 10
0.0
 20
0.0
 30
0.0
210
0.0
220
0.0
230
1.0
  2
ANSI31
 70
0
 71
0
 91
1
 92
3
 72
0
 73
1
 93
5
 10
9060.0
 20
17011.0
 10
9060.0
 20
16931.0
 10
8720.0
 20
16931.0
 10
8720.0
 20
17011.0
 10
9060.0
 20
17011.0
 97
0
 75
1
 76
1
 52
0.0
 41
6.875000000000001
 77
0
 78
1
 53
45.0
 43
0.0
 44
0.0
 45
-15.4348152083
 46
15.4348152083
 79
0
 98
0
  0
LWPOLYLINE
  5
CC
330
17
100
AcDbEntity
  8
AR-NEW
370
40
420
2051740
100
AcDbPolyline
 90
5
 70
1
 10
9060.0
 20
17011.0
 10
9060.0
 20
16931.0
 10
8720.0
 20
16931.0
 10
8720.0
 20
17011.0
 10
9060.0
 20
17011.0
  0
HATCH
  5
CD
330
17
100
AcDbEntity
  8
AR-NEW
 62
7
420
2051740
100
AcDbHatch
 10
0.0
 20
0.0
 30
0.0
210
0.0
220
0.0
230
1.0
  2
ANSI31
 70
0
 71
0
 91
1
 92
3
 72
0
 73
1
 93
5
 10
7759.999999999999
 20
16931.0
 10
7759.999999999999
 20
17011.0
 10
7840.000000000001
 20
17011.0
 10
7840.000000000001
 20
16931.0
 10
7759.999999999999
 20
16931.0
 97
0
 75
1
 76
1
 52
0.0
 41
6.875000000000001
 77
0
 78
1
 53
45.0
 43
0.0
 44
0.0
 45
-15.4348152083
 46
15.4348152083
 79
0
 98
0
  0
LWPOLYLINE
  5
CE
330
17
100
AcDbEntity
  8
AR-NEW
370
40
420
2051740
100
AcDbPolyline
 90
5
 70
1
 10
7759.999999999999
 20
16931.0
 10
7759.999999999999
 20
17011.0
 10
7840.000000000001
 20
17011.0
 10
7840.000000000001
 20
16931.0
 10
7759.999999999999
 20
16931.0
  0
HATCH
  5
CF
330
17
100
AcDbEntity
  8
AR-NEW
 62
7
420
2051740
100
AcDbHatch
 10
0.0
 20
0.0
 30
0.0
210
0.0
220
0.0
230
1.0
  2
ANSI31
 70
0
 71
0
 91
1
 92
3
 72
0
 73
1
 93
5
 10
9140.0
 20
16010.0
 10
9140.0
 20
16491.0
 10
9060.0
 20
16491.0
 10
9060.0
 20
16010.0
 10
9140.0
 20
16010.0
 97
0
 75
1
 76
1
 52
90.0
 41
6.875000000000001
 77
0
 78
1
 53
135.0
 43
0.0
 44
0.0
 45
-15.4348152083
 46
-15.4348152083
 79
0
 98
0
  0
HATCH
  5
D0
330
17
100
AcDbEntity
  8
AR-NEW
 62
7
420
14937851
440
33554559
100
AcDbHatch
 10
0.0
 20
0.0
 30
0.0
210
0.0
220
0.0
230
1.0
  2
SOLID
 70
1
 71
0
 91
1
 92
3
 72
0
 73
1
 93
5
 10
9140.0
 20
16010.0
 10
9140.0
 20
16491.0
 10
9060.0
 20
16491.0
 10
9060.0
 20
16010.0
 10
9140.0
 20
16010.0
 97
0
 75
1
 76
1
 98
0
  0
LWPOLYLINE
  5
D1
330
17
100
AcDbEntity
  8
AR-NEW
370
40
420
2051740
100
AcDbPolyline
 90
5
 70
1
 10
9140.0
 20
16010.0
 10
9140.0
 20
16491.0
 10
9060.0
 20
16491.0
 10
9060.0
 20
16010.0
 10
9140.0
 20
16010.0
  0
HATCH
  5
D2
330
17
100
AcDbEntity
  8
AR-NEW
 62
7
420
2051740
100
AcDbHatch
 10
0.0
 20
0.0
 30
0.0
210
0.0
220
0.0
230
1.0
  2
ANSI31
 70
0
 71
0
 91
1
 92
3
 72
0
 73
1
 93
5
 10
10150.0
 20
12891.0
 10
10150.0
 20
12971.0
 10
9610.0
 20
12971.0
 10
9610.0
 20
12891.0
 10
10150.0
 20
12891.0
 97
0
 75
1
 76
1
 52
90.0
 41
6.875000000000001
 77
0
 78
1
 53
135.0
 43
0.0
 44
0.0
 45
-15.4348152083
 46
-15.4348152083
 79
0
 98
0
  0
HATCH
  5
D3
330
17
100
AcDbEntity
  8
AR-NEW
 62
7
420
14937851
440
33554559
100
AcDbHatch
 10
0.0
 20
0.0
 30
0.0
210
0.0
220
0.0
230
1.0
  2
SOLID
 70
1
 71
0
 91
1
 92
3
 72
0
 73
1
 93
5
 10
10150.0
 20
12891.0
 10
10150.0
 20
12971.0
 10
9610.0
 20
12971.0
 10
9610.0
 20
12891.0
 10
10150.0
 20
12891.0
 97
0
 75
1
 76
1
 98
0
  0
LWPOLYLINE
  5
D4
330
17
100
AcDbEntity
  8
AR-NEW
370
40
420
2051740
100
AcDbPolyline
 90
5
 70
1
 10
10150.0
 20
12891.0
 10
10150.0
 20
12971.0
 10
9610.0
 20
12971.0
 10
9610.0
 20
12891.0
 10
10150.0
 20
12891.0
  0
HATCH
  5
D5
330
17
100
AcDbEntity
  8
AR-NEW
 62
7
420
2051740
100
AcDbHatch
 10
0.0
 20
0.0
 30
0.0
210
0.0
220
0.0
230
1.0
  2
ANSI31
 70
0
 71
0
 91
1
 92
3
 72
0
 73
1
 93
5
 10
7759.999999999999
 20
15581.0
 10
7759.999999999999
 20
15780.000000000002
 10
7620.0
 20
15780.000000000002
 10
7620.0
 20
15581.0
 10
7759.999999999999
 20
15581.0
 97
0
 75
1
 76
1
 52
0.0
 41
6.875000000000001
 77
0
 78
1
 53
45.0
 43
0.0
 44
0.0
 45
-15.4348152083
 46
15.4348152083
 79
0
 98
0
  0
HATCH
  5
D6
330
17
100
AcDbEntity
  8
AR-NEW
 62
7
420
16774902
440
33554559
100
AcDbHatch
 10
0.0
 20
0.0
 30
0.0
210
0.0
220
0.0
230
1.0
  2
SOLID
 70
1
 71
0
 91
1
 92
3
 72
0
 73
1
 93
5
 10
7759.999999999999
 20
15581.0
 10
7759.999999999999
 20
15780.000000000002
 10
7620.0
 20
15780.000000000002
 10
7620.0
 20
15581.0
 10
7759.999999999999
 20
15581.0
 97
0
 75
1
 76
1
 98
0
  0
LWPOLYLINE
  5
D7
330
17
100
AcDbEntity
  8
AR-NEW
370
40
420
2051740
100
AcDbPolyline
 90
5
 70
1
 10
7759.999999999999
 20
15581.0
 10
7759.999999999999
 20
15780.000000000002
 10
7620.0
 20
15780.000000000002
 10
7620.0
 20
15581.0
 10
7759.999999999999
 20
15581.0
  0
HATCH
  5
D8
330
17
100
AcDbEntity
  8
AR-NEW
 62
7
420
2051740
100
AcDbHatch
 10
0.0
 20
0.0
 30
0.0
210
0.0
220
0.0
230
1.0
  2
DOTS
 70
0
 71
0
 91
1
 92
3
 72
0
 73
1
 93
5
 10
11781.0
 20
15510.0
 10
11781.0
 20
16476.0
 10
11686.0
 20
16476.0
 10
11686.0
 20
15510.0
 10
11781.0
 20
15510.0
 97
0
 75
1
 76
1
 52
0.0
 41
13.750000000000002
 77
0
 78
1
 53
0.0
 43
0.0
 44
0.0
 45
10.9140625
 46
21.828125
 79
2
 49
0.0
 49
-21.828125
 98
0
  0
LWPOLYLINE
  5
D9
330
17
100
AcDbEntity
  8
AR-NEW
370
25
420
2051740
100
AcDbPolyline
 90
5
 70
1
 10
11781.0
 20
15510.0
 10
11781.0
 20
16476.0
 10
11686.0
 20
16476.0
 10
11686.0
 20
15510.0
 10
11781.0
 20
15510.0
  0
HATCH
  5
DA
330
17
100
AcDbEntity
  8
AR-NEW
 62
7
420
2051740
100
AcDbHatch
 10
0.0
 20
0.0
 30
0.0
210
0.0
220
0.0
230
1.0
  2
DOTS
 70
0
 71
0
 91
1
 92
3
 72
0
 73
1
 93
5
 10
11103.0
 20
16476.0
 10
11103.0
 20
16801.0
 10
10881.0
 20
16801.0
 10
10881.0
 20
16476.0
 10
11103.0
 20
16476.0
 97
0
 75
1
 76
1
 52
0.0
 41
13.750000000000002
 77
0
 78
1
 53
0.0
 43
0.0
 44
0.0
 45
10.9140625
 46
21.828125
 79
2
 49
0.0
 49
-21.828125
 98
0
  0
LWPOLYLINE
  5
DB
330
17
100
AcDbEntity
  8
AR-NEW
370
25
420
2051740
100
AcDbPolyline
 90
5
 70
1
 10
11103.0
 20
16476.0
 10
11103.0
 20
16801.0
 10
10881.0
 20
16801.0
 10
10881.0
 20
16476.0
 10
11103.0
 20
16476.0
  0
HATCH
  5
DC
330
17
100
AcDbEntity
  8
AR-NEW
 62
7
420
2051740
100
AcDbHatch
 10
0.0
 20
0.0
 30
0.0
210
0.0
220
0.0
230
1.0
  2
DOTS
 70
0
 71
0
 91
1
 92
3
 72
0
 73
1
 93
5
 10
9940.0
 20
16451.0
 10
9940.0
 20
16801.0
 10
9741.0
 20
16801.0
 10
9741.0
 20
16451.0
 10
9940.0
 20
16451.0
 97
0
 75
1
 76
1
 52
0.0
 41
13.750000000000002
 77
0
 78
1
 53
0.0
 43
0.0
 44
0.0
 45
10.9140625
 46
21.828125
 79
2
 49
0.0
 49
-21.828125
 98
0
  0
LWPOLYLINE
  5
DD
330
17
100
AcDbEntity
  8
AR-NEW
370
25
420
2051740
100
AcDbPolyline
 90
5
 70
1
 10
9940.0
 20
16451.0
 10
9940.0
 20
16801.0
 10
9741.0
 20
16801.0
 10
9741.0
 20
16451.0
 10
9940.0
 20
16451.0
  0
HATCH
  5
DE
330
17
100
AcDbEntity
  8
AR-WALLS
 62
7
420
16777215
100
AcDbHatch
 10
0.0
 20
0.0
 30
0.0
210
0.0
220
0.0
230
1.0
  2
SOLID
 70
1
 71
0
 91
1
 92
3
 72
0
 73
1
 93
4
 10
1609.0
 20
10830.0
 10
1709.0
 20
10830.0
 10
1709.0
 20
14178.0
 10
1609.0
 20
14178.0
 97
0
 75
1
 76
1
 98
0
  0
LWPOLYLINE
  5
DF
330
17
100
AcDbEntity
  8
AR-WALLS
 62
7
370
20
100
AcDbPolyline
 90
4
 70
1
 10
1609.0
 20
10830.0
 10
1709.0
 20
10830.0
 10
1709.0
 20
14178.0
 10
1609.0
 20
14178.0
  0
LWPOLYLINE
  5
E0
330
17
100
AcDbEntity
  8
AR-WALLS
 62
7
370
15
100
AcDbPolyline
 90
2
 70
0
 10
1659.0
 20
10830.0
 10
1659.0
 20
14178.0
  0
HATCH
  5
E1
330
17
100
AcDbEntity
  8
AR-WALLS
 62
7
420
16777215
100
AcDbHatch
 10
0.0
 20
0.0
 30
0.0
210
0.0
220
0.0
230
1.0
  2
SOLID
 70
1
 71
0
 91
1
 92
3
 72
0
 73
1
 93
4
 10
1659.0
 20
14128.0
 10
3820.0000000000005
 20
14128.0
 10
3820.0000000000005
 20
14228.0
 10
1659.0
 20
14228.0
 97
0
 75
1
 76
1
 98
0
  0
LWPOLYLINE
  5
E2
330
17
100
AcDbEntity
  8
AR-WALLS
 62
7
370
20
100
AcDbPolyline
 90
4
 70
1
 10
1659.0
 20
14128.0
 10
3820.0000000000005
 20
14128.0
 10
3820.0000000000005
 20
14228.0
 10
1659.0
 20
14228.0
  0
LWPOLYLINE
  5
E3
330
17
100
AcDbEntity
  8
AR-WALLS
 62
7
370
15
100
AcDbPolyline
 90
2
 70
0
 10
1659.0
 20
14178.0
 10
3820.0000000000005
 20
14178.0
  0
HATCH
  5
E4
330
17
100
AcDbEntity
  8
AR-WALLS
 62
7
420
16777215
100
AcDbHatch
 10
0.0
 20
0.0
 30
0.0
210
0.0
220
0.0
230
1.0
  2
SOLID
 70
1
 71
0
 91
1
 92
3
 72
0
 73
1
 93
4
 10
1659.0
 20
10780.0
 10
3820.0000000000005
 20
10780.0
 10
3820.0000000000005
 20
10880.0
 10
1659.0
 20
10880.0
 97
0
 75
1
 76
1
 98
0
  0
LWPOLYLINE
  5
E5
330
17
100
AcDbEntity
  8
AR-WALLS
 62
7
370
20
100
AcDbPolyline
 90
4
 70
1
 10
1659.0
 20
10780.0
 10
3820.0000000000005
 20
10780.0
 10
3820.0000000000005
 20
10880.0
 10
1659.0
 20
10880.0
  0
LWPOLYLINE
  5
E6
330
17
100
AcDbEntity
  8
AR-WALLS
 62
7
370
15
100
AcDbPolyline
 90
2
 70
0
 10
1659.0
 20
10830.0
 10
3820.0000000000005
 20
10830.0
  0
HATCH
  5
E7
330
17
100
AcDbEntity
  8
AR-WALLS
 62
7
420
16777215
100
AcDbHatch
 10
0.0
 20
0.0
 30
0.0
210
0.0
220
0.0
230
1.0
  2
SOLID
 70
1
 71
0
 91
1
 92
3
 72
0
 73
1
 93
4
 10
3820.0000000000005
 20
16646.0
 10
4240.000000000001
 20
16646.0
 10
4240.000000000001
 20
18506.0
 10
3820.0000000000005
 20
18506.0
 97
0
 75
1
 76
1
 98
0
  0
LWPOLYLINE
  5
E8
330
17
100
AcDbEntity
  8
AR-WALLS
 62
7
370
20
100
AcDbPolyline
 90
4
 70
1
 10
3820.0000000000005
 20
16646.0
 10
4240.000000000001
 20
16646.0
 10
4240.000000000001
 20
18506.0
 10
3820.0000000000005
 20
18506.0
  0
LWPOLYLINE
  5
E9
330
17
100
AcDbEntity
  8
AR-WALLS
 62
7
370
15
100
AcDbPolyline
 90
2
 70
0
 10
3996.3999999999996
 20
16646.0
 10
3996.3999999999996
 20
18506.0
  0
LWPOLYLINE
  5
EA
330
17
100
AcDbEntity
  8
AR-WALLS
 62
7
370
15
100
AcDbPolyline
 90
2
 70
0
 10
4063.5999999999995
 20
16646.0
 10
4063.5999999999995
 20
18506.0
  0
HATCH
  5
EB
330
17
100
AcDbEntity
  8
AR-NEW
 62
7
420
9071931
100
AcDbHatch
 10
0.0
 20
0.0
 30
0.0
210
0.0
220
0.0
230
1.0
  2
LINE
 70
0
 71
0
 91
1
 92
3
 72
0
 73
1
 93
5
 10
4240.000000000001
 20
16646.0
 10
4240.000000000001
 20
18506.0
 10
4079.9999999999995
 20
18506.0
 10
4079.9999999999995
 20
16646.0
 10
4240.000000000001
 20
16646.0
 97
0
 75
1
 76
1
 52
0.0
 41
9.166666666666668
 77
0
 78
1
 53
0.0
 43
0.0
 44
0.0
 45
0.0
 46
29.1041666667
 79
0
 98
0
  0
HATCH
  5
EC
330
17
100
AcDbEntity
  8
AR-NEW
 62
7
420
15985368
440
33554559
100
AcDbHatch
 10
0.0
 20
0.0
 30
0.0
210
0.0
220
0.0
230
1.0
  2
SOLID
 70
1
 71
0
 91
1
 92
3
 72
0
 73
1
 93
5
 10
4240.000000000001
 20
16646.0
 10
4240.000000000001
 20
18506.0
 10
4079.9999999999995
 20
18506.0
 10
4079.9999999999995
 20
16646.0
 10
4240.000000000001
 20
16646.0
 97
0
 75
1
 76
1
 98
0
  0
LWPOLYLINE
  5
ED
330
17
100
AcDbEntity
  8
AR-NEW
370
30
420
2051740
100
AcDbPolyline
 90
5
 70
1
 10
4240.000000000001
 20
16646.0
 10
4240.000000000001
 20
18506.0
 10
4079.9999999999995
 20
18506.0
 10
4079.9999999999995
 20
16646.0
 10
4240.000000000001
 20
16646.0
  0
HATCH
  5
EE
330
17
100
AcDbEntity
  8
AR-WALLS
 62
7
420
16777215
100
AcDbHatch
 10
0.0
 20
0.0
 30
0.0
210
0.0
220
0.0
230
1.0
  2
SOLID
 70
1
 71
0
 91
1
 92
3
 72
0
 73
1
 93
4
 10
5120.0
 20
19871.0
 10
6980.000000000001
 20
19871.0
 10
6980.000000000001
 20
20291.000000000004
 10
5120.0
 20
20291.000000000004
 97
0
 75
1
 76
1
 98
0
  0
LWPOLYLINE
  5
EF
330
17
100
AcDbEntity
  8
AR-WALLS
 62
7
370
20
100
AcDbPolyline
 90
4
 70
1
 10
5120.0
 20
19871.0
 10
6980.000000000001
 20
19871.0
 10
6980.000000000001
 20
20291.000000000004
 10
5120.0
 20
20291.000000000004
  0
LWPOLYLINE
  5
F0
330
17
100
AcDbEntity
  8
AR-WALLS
 62
7
370
15
100
AcDbPolyline
 90
2
 70
0
 10
5120.0
 20
20047.399999999998
 10
6980.000000000001
 20
20047.399999999998
  0
LWPOLYLINE
  5
F1
330
17
100
AcDbEntity
  8
AR-WALLS
 62
7
370
15
100
AcDbPolyline
 90
2
 70
0
 10
5120.0
 20
20114.600000000002
 10
6980.000000000001
 20
20114.600000000002
  0
HATCH
  5
F2
330
17
100
AcDbEntity
  8
AR-WALLS
 62
7
420
16777215
100
AcDbHatch
 10
0.0
 20
0.0
 30
0.0
210
0.0
220
0.0
230
1.0
  2
SOLID
 70
1
 71
0
 91
1
 92
3
 72
0
 73
1
 93
4
 10
8760.0
 20
19871.0
 10
10621.0
 20
19871.0
 10
10621.0
 20
20291.000000000004
 10
8760.0
 20
20291.000000000004
 97
0
 75
1
 76
1
 98
0
  0
LWPOLYLINE
  5
F3
330
17
100
AcDbEntity
  8
AR-WALLS
 62
7
370
20
100
AcDbPolyline
 90
4
 70
1
 10
8760.0
 20
19871.0
 10
10621.0
 20
19871.0
 10
10621.0
 20
20291.000000000004
 10
8760.0
 20
20291.000000000004
  0
LWPOLYLINE
  5
F4
330
17
100
AcDbEntity
  8
AR-WALLS
 62
7
370
15
100
AcDbPolyline
 90
2
 70
0
 10
8760.0
 20
20047.399999999998
 10
10621.0
 20
20047.399999999998
  0
LWPOLYLINE
  5
F5
330
17
100
AcDbEntity
  8
AR-WALLS
 62
7
370
15
100
AcDbPolyline
 90
2
 70
0
 10
8760.0
 20
20114.600000000002
 10
10621.0
 20
20114.600000000002
  0
LWPOLYLINE
  5
F6
330
17
100
AcDbEntity
  8
AR-WALLS
 62
7
370
35
100
AcDbPolyline
 90
2
 70
0
 10
7620.0
 20
14681.0
 10
6820.0
 20
14681.0
  0
ARC
  5
F7
330
17
100
AcDbEntity
  8
AR-WALLS
 62
7
370
15
100
AcDbCircle
 10
7620.0
 20
14681.0
 30
0.0
 40
800.0
100
AcDbArc
 50
90.0
 51
180.0
  0
LWPOLYLINE
  5
F8
330
17
100
AcDbEntity
  8
AR-WALLS
 62
7
370
35
100
AcDbPolyline
 90
2
 70
0
 10
7840.000000000001
 20
17011.0
 10
7840.000000000001
 20
17811.0
  0
ARC
  5
F9
330
17
100
AcDbEntity
  8
AR-WALLS
 62
7
370
15
100
AcDbCircle
 10
7840.000000000001
 20
17011.0
 30
0.0
 40
800.0
100
AcDbArc
 50
0.0
 51
90.0
  0
LWPOLYLINE
  5
FA
330
17
100
AcDbEntity
  8
AR-WALLS
 62
7
370
35
100
AcDbPolyline
 90
2
 70
0
 10
9060.0
 20
15210.0
 10
8360.0
 20
15210.0
  0
ARC
  5
FB
330
17
100
AcDbEntity
  8
AR-WALLS
 62
7
370
15
100
AcDbCircle
 10
9060.0
 20
15210.0
 30
0.0
 40
700.0
100
AcDbArc
 50
90.0
 51
180.0
  0
LWPOLYLINE
  5
FC
330
17
100
AcDbEntity
  8
AR-WALLS
 62
7
370
35
100
AcDbPolyline
 90
2
 70
0
 10
8810.0
 20
12971.0
 10
8810.0
 20
13671.0
  0
ARC
  5
FD
330
17
100
AcDbEntity
  8
AR-WALLS
 62
7
370
15
100
AcDbCircle
 10
8810.0
 20
12971.0
 30
0.0
 40
700.0
100
AcDbArc
 50
0.0
 51
90.0
  0
LWPOLYLINE
  5
FE
330
17
100
AcDbEntity
  8
AR-WALLS
 62
7
370
35
100
AcDbPolyline
 90
2
 70
0
 10
10460.0
 20
12810.0
 10
10460.0
 20
11770.0
  0
ARC
  5
FF
330
17
100
AcDbEntity
  8
AR-WALLS
 62
7
370
15
100
AcDbCircle
 10
10460.0
 20
12810.0
 30
0.0
 40
1040.0
100
AcDbArc
 50
270.0
 51
360.0
  0
LWPOLYLINE
  5
100
330
17
100
AcDbEntity
  8
AR-WALLS
  6
DASHDOT
 62
7
370
15
 48
150.0
100
AcDbPolyline
 90
2
 70
0
 10
3820.0000000000005
 20
11550.0
 10
3820.0000000000005
 20
13410.0
  0
LWPOLYLINE
  5
101
330
17
100
AcDbEntity
  8
AR-WALLS
  6
DASHDOT
 62
7
370
15
 48
150.0
100
AcDbPolyline
 90
2
 70
0
 10
4240.000000000001
 20
11550.0
 10
4240.000000000001
 20
13410.0
  0
HATCH
  5
102
330
17
100
AcDbEntity
  8
FURN
 62
7
420
15921129
100
AcDbHatch
 10
0.0
 20
0.0
 30
0.0
210
0.0
220
0.0
230
1.0
  2
SOLID
 70
1
 71
0
 91
1
 92
3
 72
0
 73
1
 93
4
 10
4240.000000000001
 20
10960.0
 10
4840.0
 20
10960.0
 10
4840.0
 20
11540.0
 10
4240.000000000001
 20
11540.0
 97
0
 75
1
 76
1
 98
0
  0
LWPOLYLINE
  5
103
330
17
100
AcDbEntity
  8
FURN
370
20
420
3815994
100
AcDbPolyline
 90
4
 70
1
 10
4240.000000000001
 20
10960.0
 10
4840.0
 20
10960.0
 10
4840.0
 20
11540.0
 10
4240.000000000001
 20
11540.0
  0
HATCH
  5
104
330
17
100
AcDbEntity
  8
FURN
 62
7
420
15921129
100
AcDbHatch
 10
0.0
 20
0.0
 30
0.0
210
0.0
220
0.0
230
1.0
  2
SOLID
 70
1
 71
0
 91
1
 92
3
 72
0
 73
1
 93
4
 10
4840.0
 20
10960.0
 10
5290.0
 20
10960.0
 10
5290.0
 20
11580.0
 10
4840.0
 20
11580.0
 97
0
 75
1
 76
1
 98
0
  0
LWPOLYLINE
  5
105
330
17
100
AcDbEntity
  8
FURN
370
20
420
3815994
100
AcDbPolyline
 90
4
 70
1
 10
4840.0
 20
10960.0
 10
5290.0
 20
10960.0
 10
5290.0
 20
11580.0
 10
4840.0
 20
11580.0
  0
HATCH
  5
106
330
17
100
AcDbEntity
  8
FURN
 62
7
420
15921129
100
AcDbHatch
 10
0.0
 20
0.0
 30
0.0
210
0.0
220
0.0
230
1.0
  2
SOLID
 70
1
 71
0
 91
1
 92
3
 72
0
 73
1
 93
4
 10
5290.0
 20
10960.0
 10
5890.0
 20
10960.0
 10
5890.0
 20
11580.0
 10
5290.0
 20
11580.0
 97
0
 75
1
 76
1
 98
0
  0
LWPOLYLINE
  5
107
330
17
100
AcDbEntity
  8
FURN
370
20
420
3815994
100
AcDbPolyline
 90
4
 70
1
 10
5290.0
 20
10960.0
 10
5890.0
 20
10960.0
 10
5890.0
 20
11580.0
 10
5290.0
 20
11580.0
  0
HATCH
  5
108
330
17
100
AcDbEntity
  8
FURN
 62
7
420
15921129
100
AcDbHatch
 10
0.0
 20
0.0
 30
0.0
210
0.0
220
0.0
230
1.0
  2
SOLID
 70
1
 71
0
 91
1
 92
3
 72
0
 73
1
 93
4
 10
5890.0
 20
10960.0
 10
6490.000000000001
 20
10960.0
 10
6490.000000000001
 20
11580.0
 10
5890.0
 20
11580.0
 97
0
 75
1
 76
1
 98
0
  0
LWPOLYLINE
  5
109
330
17
100
AcDbEntity
  8
FURN
370
20
420
3815994
100
AcDbPolyline
 90
4
 70
1
 10
5890.0
 20
10960.0
 10
6490.000000000001
 20
10960.0
 10
6490.000000000001
 20
11580.0
 10
5890.0
 20
11580.0
  0
HATCH
  5
10A
330
17
100
AcDbEntity
  8
FURN
 62
7
420
15921129
100
AcDbHatch
 10
0.0
 20
0.0
 30
0.0
210
0.0
220
0.0
230
1.0
  2
SOLID
 70
1
 71
0
 91
1
 92
3
 72
0
 73
1
 93
4
 10
6490.000000000001
 20
10960.0
 10
7090.000000000001
 20
10960.0
 10
7090.000000000001
 20
11580.0
 10
6490.000000000001
 20
11580.0
 97
0
 75
1
 76
1
 98
0
  0
LWPOLYLINE
  5
10B
330
17
100
AcDbEntity
  8
FURN
370
20
420
3815994
100
AcDbPolyline
 90
4
 70
1
 10
6490.000000000001
 20
10960.0
 10
7090.000000000001
 20
10960.0
 10
7090.000000000001
 20
11580.0
 10
6490.000000000001
 20
11580.0
  0
LWPOLYLINE
  5
10C
330
17
100
AcDbEntity
  8
FURN
370
20
420
3815994
100
AcDbPolyline
 90
4
 70
1
 10
7090.000000000001
 20
10960.0
 10
7690.000000000001
 20
10960.0
 10
7690.000000000001
 20
11580.0
 10
7090.000000000001
 20
11580.0
  0
HATCH
  5
10D
330
17
100
AcDbEntity
  8
FURN
 62
7
420
15921129
100
AcDbHatch
 10
0.0
 20
0.0
 30
0.0
210
0.0
220
0.0
230
1.0
  2
SOLID
 70
1
 71
0
 91
1
 92
3
 72
0
 73
1
 93
4
 10
7690.000000000001
 20
10960.0
 10
8290.0
 20
10960.0
 10
8290.0
 20
11580.0
 10
7690.000000000001
 20
11580.0
 97
0
 75
1
 76
1
 98
0
  0
LWPOLYLINE
  5
10E
330
17
100
AcDbEntity
  8
FURN
370
20
420
3815994
100
AcDbPolyline
 90
4
 70
1
 10
7690.000000000001
 20
10960.0
 10
8290.0
 20
10960.0
 10
8290.0
 20
11580.0
 10
7690.000000000001
 20
11580.0
  0
HATCH
  5
10F
330
17
100
AcDbEntity
  8
FURN
 62
7
420
15921129
100
AcDbHatch
 10
0.0
 20
0.0
 30
0.0
210
0.0
220
0.0
230
1.0
  2
SOLID
 70
1
 71
0
 91
1
 92
3
 72
0
 73
1
 93
4
 10
8290.0
 20
10960.0
 10
8330.0
 20
10960.0
 10
8330.0
 20
11580.0
 10
8290.0
 20
11580.0
 97
0
 75
1
 76
1
 98
0
  0
LWPOLYLINE
  5
110
330
17
100
AcDbEntity
  8
FURN
370
20
420
3815994
100
AcDbPolyline
 90
4
 70
1
 10
8290.0
 20
10960.0
 10
8330.0
 20
10960.0
 10
8330.0
 20
11580.0
 10
8290.0
 20
11580.0
  0
LWPOLYLINE
  5
111
330
17
100
AcDbEntity
  8
FURN
  6
DOT
370
20
 48
150.0
420
3815994
100
AcDbPolyline
 90
4
 70
1
 10
4840.0
 20
10960.0
 10
8290.0
 20
10960.0
 10
8290.0
 20
11600.0
 10
4840.0
 20
11600.0
  0
LWPOLYLINE
  5
112
330
17
100
AcDbEntity
  8
FURN
  6
DASHED
370
20
 48
150.0
420
3815994
100
AcDbPolyline
 90
4
 70
1
 10
4840.0
 20
10960.0
 10
5290.0
 20
10960.0
 10
5290.0
 20
11310.0
 10
4840.0
 20
11310.0
  0
LWPOLYLINE
  5
113
330
17
100
AcDbEntity
  8
FURN
  6
DASHED
370
20
 48
150.0
420
3815994
100
AcDbPolyline
 90
4
 70
1
 10
5290.0
 20
10960.0
 10
5890.0
 20
10960.0
 10
5890.0
 20
11310.0
 10
5290.0
 20
11310.0
  0
LWPOLYLINE
  5
114
330
17
100
AcDbEntity
  8
FURN
  6
DASHED
370
20
 48
150.0
420
3815994
100
AcDbPolyline
 90
4
 70
1
 10
5890.0
 20
10960.0
 10
6490.000000000001
 20
10960.0
 10
6490.000000000001
 20
11310.0
 10
5890.0
 20
11310.0
  0
LWPOLYLINE
  5
115
330
17
100
AcDbEntity
  8
FURN
  6
DASHED
370
20
 48
150.0
420
3815994
100
AcDbPolyline
 90
4
 70
1
 10
6490.000000000001
 20
10960.0
 10
7090.000000000001
 20
10960.0
 10
7090.000000000001
 20
11310.0
 10
6490.000000000001
 20
11310.0
  0
LWPOLYLINE
  5
116
330
17
100
AcDbEntity
  8
FURN
  6
DASHED
370
20
 48
150.0
420
3815994
100
AcDbPolyline
 90
4
 70
1
 10
7090.000000000001
 20
10960.0
 10
7690.000000000001
 20
10960.0
 10
7690.000000000001
 20
11310.0
 10
7090.000000000001
 20
11310.0
  0
LWPOLYLINE
  5
117
330
17
100
AcDbEntity
  8
FURN
  6
DASHED
370
20
 48
150.0
420
3815994
100
AcDbPolyline
 90
4
 70
1
 10
5300.0
 20
10980.0
 10
5880.0
 20
10980.0
 10
5880.0
 20
11500.0
 10
5300.0
 20
11500.0
  0
CIRCLE
  5
118
330
17
100
AcDbEntity
  8
FURN
370
13
420
3815994
100
AcDbCircle
 10
5474.0
 20
11136.0
 30
0.0
 40
72.80000000000001
  0
CIRCLE
  5
119
330
17
100
AcDbEntity
  8
FURN
370
13
420
3815994
100
AcDbCircle
 10
5474.0
 20
11344.0
 30
0.0
 40
72.80000000000001
  0
CIRCLE
  5
11A
330
17
100
AcDbEntity
  8
FURN
370
13
420
3815994
100
AcDbCircle
 10
5706.0
 20
11136.0
 30
0.0
 40
72.80000000000001
  0
CIRCLE
  5
11B
330
17
100
AcDbEntity
  8
FURN
370
13
420
3815994
100
AcDbCircle
 10
5706.0
 20
11344.0
 30
0.0
 40
72.80000000000001
  0
LWPOLYLINE
  5
11C
330
17
100
AcDbEntity
  8
FURN
  6
DASHED
370
20
 48
150.0
420
3815994
100
AcDbPolyline
 90
4
 70
1
 10
5290.0
 20
10960.0
 10
5890.0
 20
10960.0
 10
5890.0
 20
11520.0
 10
5290.0
 20
11520.0
  0
LWPOLYLINE
  5
11D
330
17
100
AcDbEntity
  8
FURN
  6
DASHED
370
20
 48
150.0
420
3815994
100
AcDbPolyline
 90
4
 70
1
 10
5290.0
 20
10960.0
 10
5890.0
 20
10960.0
 10
5890.0
 20
11260.0
 10
5290.0
 20
11260.0
  0
LWPOLYLINE
  5
11E
330
17
100
AcDbEntity
  8
FURN
  6
DASHED
370
20
 48
150.0
420
3815994
100
AcDbPolyline
 90
4
 70
1
 10
7690.000000000001
 20
10960.0
 10
8290.0
 20
10960.0
 10
8290.0
 20
11520.0
 10
7690.000000000001
 20
11520.0
  0
HATCH
  5
11F
330
17
100
AcDbEntity
  8
FURN
 62
7
420
16777215
100
AcDbHatch
 10
0.0
 20
0.0
 30
0.0
210
0.0
220
0.0
230
1.0
  2
SOLID
 70
1
 71
0
 91
1
 92
3
 72
0
 73
1
 93
4
 10
6540.000000000001
 20
11020.0
 10
7040.000000000001
 20
11020.0
 10
7040.000000000001
 20
11470.0
 10
6540.000000000001
 20
11470.0
 97
0
 75
1
 76
1
 98
0
  0
LWPOLYLINE
  5
120
330
17
100
AcDbEntity
  8
FURN
  6
DASHED
370
20
 48
150.0
420
3815994
100
AcDbPolyline
 90
4
 70
1
 10
6540.000000000001
 20
11020.0
 10
7040.000000000001
 20
11020.0
 10
7040.000000000001
 20
11470.0
 10
6540.000000000001
 20
11470.0
  0
CIRCLE
  5
121
330
17
100
AcDbEntity
  8
FURN
370
13
420
3815994
100
AcDbCircle
 10
6790.000000000001
 20
11245.0
 30
0.0
 40
135.0
  0
LWPOLYLINE
  5
122
330
17
100
AcDbEntity
  8
FURN
  6
DASHED
370
20
 48
150.0
420
3815994
100
AcDbPolyline
 90
4
 70
1
 10
6540.000000000001
 20
11260.0
 10
6740.000000000001
 20
11260.0
 10
6740.000000000001
 20
11520.0
 10
6540.000000000001
 20
11520.0
  0
LWPOLYLINE
  5
123
330
17
100
AcDbEntity
  8
FURN
  6
DASHED
370
20
 48
150.0
420
3815994
100
AcDbPolyline
 90
4
 70
1
 10
6790.000000000001
 20
10960.0
 10
7090.000000000001
 20
10960.0
 10
7090.000000000001
 20
11460.0
 10
6790.000000000001
 20
11460.0
  0
LWPOLYLINE
  5
124
330
17
100
AcDbEntity
  8
FURN
  6
DOT
370
20
 48
150.0
420
3815994
100
AcDbPolyline
 90
4
 70
1
 10
7040.000000000001
 20
11260.0
 10
7140.000000000001
 20
11260.0
 10
7140.000000000001
 20
11360.0
 10
7040.000000000001
 20
11360.0
  0
LWPOLYLINE
  5
125
330
17
100
AcDbEntity
  8
FURN
  6
DOT
370
20
 48
150.0
420
3815994
100
AcDbPolyline
 90
4
 70
1
 10
4840.0
 20
11240.0
 10
7690.000000000001
 20
11240.0
 10
7690.000000000001
 20
11290.0
 10
4840.0
 20
11290.0
  0
HATCH
  5
126
330
17
100
AcDbEntity
  8
FURN
 62
7
420
15921129
100
AcDbHatch
 10
0.0
 20
0.0
 30
0.0
210
0.0
220
0.0
230
1.0
  2
SOLID
 70
1
 71
0
 91
1
 92
3
 72
0
 73
1
 93
4
 10
7930.0
 20
12171.0
 10
8330.0
 20
12171.0
 10
8330.0
 20
12971.0
 10
7930.0
 20
12971.0
 97
0
 75
1
 76
1
 98
0
  0
LWPOLYLINE
  5
127
330
17
100
AcDbEntity
  8
FURN
370
20
420
3815994
100
AcDbPolyline
 90
4
 70
1
 10
7930.0
 20
12171.0
 10
8330.0
 20
12171.0
 10
8330.0
 20
12971.0
 10
7930.0
 20
12971.0
  0
LWPOLYLINE
  5
128
330
17
100
AcDbEntity
  8
FURN
370
13
420
3815994
100
AcDbPolyline
 90
2
 70
0
 10
7930.0
 20
12171.0
 10
8330.0
 20
12971.0
  0
HATCH
  5
129
330
17
100
AcDbEntity
  8
FURN
 62
7
420
16184042
100
AcDbHatch
 10
0.0
 20
0.0
 30
0.0
210
0.0
220
0.0
230
1.0
  2
SOLID
 70
1
 71
0
 91
1
 92
3
 72
0
 73
1
 93
4
 10
5140.0
 20
12860.0
 10
6940.000000000001
 20
12860.0
 10
6940.000000000001
 20
13760.0
 10
5140.0
 20
13760.0
 97
0
 75
1
 76
1
 98
0
  0
LWPOLYLINE
  5
12A
330
17
100
AcDbEntity
  8
FURN
370
20
420
3815994
100
AcDbPolyline
 90
4
 70
1
 10
5140.0
 20
12860.0
 10
6940.000000000001
 20
12860.0
 10
6940.000000000001
 20
13760.0
 10
5140.0
 20
13760.0
  0
LWPOLYLINE
  5
12B
330
17
100
AcDbEntity
  8
FURN
370
20
420
3815994
100
AcDbPolyline
 90
4
 70
1
 10
5290.0
 20
12460.0
 10
5740.0
 20
12460.0
 10
5740.0
 20
12840.0
 10
5290.0
 20
12840.0
  0
LWPOLYLINE
  5
12C
330
17
100
AcDbEntity
  8
FURN
370
13
420
3815994
100
AcDbPolyline
 90
4
 70
1
 10
5330.0
 20
12500.0
 10
5700.0
 20
12500.0
 10
5700.0
 20
12800.0
 10
5330.0
 20
12800.0
  0
LWPOLYLINE
  5
12D
330
17
100
AcDbEntity
  8
FURN
370
20
420
3815994
100
AcDbPolyline
 90
4
 70
1
 10
5890.0
 20
12460.0
 10
6340.0
 20
12460.0
 10
6340.0
 20
12840.0
 10
5890.0
 20
12840.0
  0
LWPOLYLINE
  5
12E
330
17
100
AcDbEntity
  8
FURN
370
13
420
3815994
100
AcDbPolyline
 90
4
 70
1
 10
5930.0
 20
12500.0
 10
6300.0
 20
12500.0
 10
6300.0
 20
12800.0
 10
5930.0
 20
12800.0
  0
LWPOLYLINE
  5
12F
330
17
100
AcDbEntity
  8
FURN
370
20
420
3815994
100
AcDbPolyline
 90
4
 70
1
 10
6490.000000000001
 20
12460.0
 10
6940.000000000001
 20
12460.0
 10
6940.000000000001
 20
12840.0
 10
6490.000000000001
 20
12840.0
  0
LWPOLYLINE
  5
130
330
17
100
AcDbEntity
  8
FURN
370
13
420
3815994
100
AcDbPolyline
 90
4
 70
1
 10
6530.000000000001
 20
12500.0
 10
6900.0
 20
12500.0
 10
6900.0
 20
12800.0
 10
6530.000000000001
 20
12800.0
  0
LWPOLYLINE
  5
131
330
17
100
AcDbEntity
  8
FURN
370
20
420
3815994
100
AcDbPolyline
 90
4
 70
1
 10
5290.0
 20
13780.000000000002
 10
5740.0
 20
13780.000000000002
 10
5740.0
 20
14160.0
 10
5290.0
 20
14160.0
  0
LWPOLYLINE
  5
132
330
17
100
AcDbEntity
  8
FURN
370
13
420
3815994
100
AcDbPolyline
 90
4
 70
1
 10
5330.0
 20
13819.999999999998
 10
5700.0
 20
13819.999999999998
 10
5700.0
 20
14119.999999999998
 10
5330.0
 20
14119.999999999998
  0
LWPOLYLINE
  5
133
330
17
100
AcDbEntity
  8
FURN
370
20
420
3815994
100
AcDbPolyline
 90
4
 70
1
 10
5890.0
 20
13780.000000000002
 10
6340.0
 20
13780.000000000002
 10
6340.0
 20
14160.0
 10
5890.0
 20
14160.0
  0
LWPOLYLINE
  5
134
330
17
100
AcDbEntity
  8
FURN
370
13
420
3815994
100
AcDbPolyline
 90
4
 70
1
 10
5930.0
 20
13819.999999999998
 10
6300.0
 20
13819.999999999998
 10
6300.0
 20
14119.999999999998
 10
5930.0
 20
14119.999999999998
  0
LWPOLYLINE
  5
135
330
17
100
AcDbEntity
  8
FURN
370
20
420
3815994
100
AcDbPolyline
 90
4
 70
1
 10
6490.000000000001
 20
13780.000000000002
 10
6940.000000000001
 20
13780.000000000002
 10
6940.000000000001
 20
14160.0
 10
6490.000000000001
 20
14160.0
  0
LWPOLYLINE
  5
136
330
17
100
AcDbEntity
  8
FURN
370
13
420
3815994
100
AcDbPolyline
 90
4
 70
1
 10
6530.000000000001
 20
13819.999999999998
 10
6900.0
 20
13819.999999999998
 10
6900.0
 20
14119.999999999998
 10
6530.000000000001
 20
14119.999999999998
  0
LWPOLYLINE
  5
137
330
17
100
AcDbEntity
  8
FURN
  6
DASHED
370
20
 48
150.0
420
3815994
100
AcDbPolyline
 90
4
 70
1
 10
4300.0
 20
11495.0
 10
4480.0
 20
11495.0
 10
4480.0
 20
13466.0
 10
4300.0
 20
13466.0
  0
HATCH
  5
138
330
17
100
AcDbEntity
  8
FURN
 62
7
420
15525852
100
AcDbHatch
 10
0.0
 20
0.0
 30
0.0
210
0.0
220
0.0
230
1.0
  2
SOLID
 70
1
 71
0
 91
1
 92
3
 72
0
 73
1
 93
4
 10
1809.0
 20
11005.0
 10
2559.0
 20
11005.0
 10
2559.0
 20
14028.0
 10
1809.0
 20
14028.0
 97
0
 75
1
 76
1
 98
0
  0
LWPOLYLINE
  5
139
330
17
100
AcDbEntity
  8
FURN
370
20
420
3815994
100
AcDbPolyline
 90
4
 70
1
 10
1809.0
 20
11005.0
 10
2559.0
 20
11005.0
 10
2559.0
 20
14028.0
 10
1809.0
 20
14028.0
  0
HATCH
  5
13A
330
17
100
AcDbEntity
  8
FURN
 62
7
420
15525852
100
AcDbHatch
 10
0.0
 20
0.0
 30
0.0
210
0.0
220
0.0
230
1.0
  2
SOLID
 70
1
 71
0
 91
1
 92
3
 72
0
 73
1
 93
4
 10
2559.0
 20
11005.0
 10
3209.0000000000005
 20
11005.0
 10
3209.0000000000005
 20
11705.0
 10
2559.0
 20
11705.0
 97
0
 75
1
 76
1
 98
0
  0
LWPOLYLINE
  5
13B
330
17
100
AcDbEntity
  8
FURN
370
20
420
3815994
100
AcDbPolyline
 90
4
 70
1
 10
2559.0
 20
11005.0
 10
3209.0000000000005
 20
11005.0
 10
3209.0000000000005
 20
11705.0
 10
2559.0
 20
11705.0
  0
HATCH
  5
13C
330
17
100
AcDbEntity
  8
FURN
 62
7
420
15525852
100
AcDbHatch
 10
0.0
 20
0.0
 30
0.0
210
0.0
220
0.0
230
1.0
  2
SOLID
 70
1
 71
0
 91
1
 92
3
 72
0
 73
1
 93
4
 10
2559.0
 20
13328.0
 10
3209.0000000000005
 20
13328.0
 10
3209.0000000000005
 20
14028.0
 10
2559.0
 20
14028.0
 97
0
 75
1
 76
1
 98
0
  0
LWPOLYLINE
  5
13D
330
17
100
AcDbEntity
  8
FURN
370
20
420
3815994
100
AcDbPolyline
 90
4
 70
1
 10
2559.0
 20
13328.0
 10
3209.0000000000005
 20
13328.0
 10
3209.0000000000005
 20
14028.0
 10
2559.0
 20
14028.0
  0
LWPOLYLINE
  5
13E
330
17
100
AcDbEntity
  8
FURN
370
20
420
3815994
100
AcDbPolyline
 90
4
 70
1
 10
2690.0
 20
12080.000000000002
 10
3190.0
 20
12080.000000000002
 10
3190.0
 20
12880.000000000002
 10
2690.0
 20
12880.000000000002
  0
LWPOLYLINE
  5
13F
330
17
100
AcDbEntity
  8
FURN
  6
DASHED
370
20
 48
150.0
420
3815994
100
AcDbPolyline
 90
4
 70
1
 10
1759.0
 20
11005.0
 10
1809.0
 20
11005.0
 10
1809.0
 20
14028.0
 10
1759.0
 20
14028.0
  0
LWPOLYLINE
  5
140
330
17
100
AcDbEntity
  8
FURN
  6
DASHED
370
20
 48
150.0
420
3815994
100
AcDbPolyline
 90
4
 70
1
 10
1839.9999999999998
 20
12290.0
 10
2110.0
 20
12290.0
 10
2110.0
 20
12670.0
 10
1839.9999999999998
 20
12670.0
  0
LWPOLYLINE
  5
141
330
17
100
AcDbEntity
  8
FURN
  6
DASHED
370
20
 48
150.0
420
3815994
100
AcDbPolyline
 90
4
 70
1
 10
3700.0
 20
11180.0
 10
3820.0000000000005
 20
11180.0
 10
3820.0000000000005
 20
11380.0
 10
3700.0
 20
11380.0
  0
LWPOLYLINE
  5
142
330
17
100
AcDbEntity
  8
FURN
  6
DASHED
370
20
 48
150.0
420
3815994
100
AcDbPolyline
 90
4
 70
1
 10
3700.0
 20
13610.0
 10
3820.0000000000005
 20
13610.0
 10
3820.0000000000005
 20
13810.0
 10
3700.0
 20
13810.0
  0
LWPOLYLINE
  5
143
330
17
100
AcDbEntity
  8
FURN
  6
DASHED
370
20
 48
150.0
420
3815994
100
AcDbPolyline
 90
4
 70
1
 10
4240.000000000001
 20
16126.0
 10
4280.0
 20
16126.0
 10
4280.0
 20
19026.0
 10
4240.000000000001
 20
19026.0
  0
HATCH
  5
144
330
17
100
AcDbEntity
  8
FURN
 62
7
420
16052198
100
AcDbHatch
 10
0.0
 20
0.0
 30
0.0
210
0.0
220
0.0
230
1.0
  2
SOLID
 70
1
 71
0
 91
1
 92
3
 72
0
 73
1
 93
4
 10
4280.0
 20
16626.0
 10
6380.0
 20
16626.0
 10
6380.0
 20
18526.0
 10
4280.0
 20
18526.0
 97
0
 75
1
 76
1
 98
0
  0
LWPOLYLINE
  5
145
330
17
100
AcDbEntity
  8
FURN
370
20
420
3815994
100
AcDbPolyline
 90
4
 70
1
 10
4280.0
 20
16626.0
 10
6380.0
 20
16626.0
 10
6380.0
 20
18526.0
 10
4280.0
 20
18526.0
  0
LWPOLYLINE
  5
146
330
17
100
AcDbEntity
  8
FURN
370
13
420
3815994
100
AcDbPolyline
 90
4
 70
1
 10
4320.0
 20
16706.0
 10
4530.0
 20
16706.0
 10
4530.0
 20
17516.000000000004
 10
4320.0
 20
17516.000000000004
  0
LWPOLYLINE
  5
147
330
17
100
AcDbEntity
  8
FURN
370
13
420
3815994
100
AcDbPolyline
 90
4
 70
1
 10
4320.0
 20
17576.0
 10
4530.0
 20
17576.0
 10
4530.0
 20
18386.0
 10
4320.0
 20
18386.0
  0
LWPOLYLINE
  5
148
330
17
100
AcDbEntity
  8
FURN
  6
DASHED
370
20
 48
150.0
420
3815994
100
AcDbPolyline
 90
4
 70
1
 10
4280.0
 20
16126.0
 10
4730.0
 20
16126.0
 10
4730.0
 20
16626.0
 10
4280.0
 20
16626.0
  0
LWPOLYLINE
  5
149
330
17
100
AcDbEntity
  8
FURN
  6
DASHED
370
20
 48
150.0
420
3815994
100
AcDbPolyline
 90
4
 70
1
 10
4280.0
 20
18526.0
 10
4730.0
 20
18526.0
 10
4730.0
 20
19026.0
 10
4280.0
 20
19026.0
  0
HATCH
  5
14A
330
17
100
AcDbEntity
  8
FURN
 62
7
420
15921129
100
AcDbHatch
 10
0.0
 20
0.0
 30
0.0
210
0.0
220
0.0
230
1.0
  2
SOLID
 70
1
 71
0
 91
1
 92
3
 72
0
 73
1
 93
4
 10
4240.000000000001
 20
14681.0
 10
6720.0
 20
14681.0
 10
6720.0
 20
15281.0
 10
4240.000000000001
 20
15281.0
 97
0
 75
1
 76
1
 98
0
  0
LWPOLYLINE
  5
14B
330
17
100
AcDbEntity
  8
FURN
370
20
420
3815994
100
AcDbPolyline
 90
4
 70
1
 10
4240.000000000001
 20
14681.0
 10
6720.0
 20
14681.0
 10
6720.0
 20
15281.0
 10
4240.000000000001
 20
15281.0
  0
LWPOLYLINE
  5
14C
330
17
100
AcDbEntity
  8
FURN
370
13
420
3815994
100
AcDbPolyline
 90
2
 70
0
 10
4240.000000000001
 20
14681.0
 10
6720.0
 20
15281.0
  0
HATCH
  5
14D
330
17
100
AcDbEntity
  8
FURN
 62
7
420
15921129
100
AcDbHatch
 10
0.0
 20
0.0
 30
0.0
210
0.0
220
0.0
230
1.0
  2
SOLID
 70
1
 71
0
 91
1
 92
3
 72
0
 73
1
 93
4
 10
4240.000000000001
 20
15281.0
 10
4840.0
 20
15281.0
 10
4840.0
 20
16026.0
 10
4240.000000000001
 20
16026.0
 97
0
 75
1
 76
1
 98
0
  0
LWPOLYLINE
  5
14E
330
17
100
AcDbEntity
  8
FURN
370
20
420
3815994
100
AcDbPolyline
 90
4
 70
1
 10
4240.000000000001
 20
15281.0
 10
4840.0
 20
15281.0
 10
4840.0
 20
16026.0
 10
4240.000000000001
 20
16026.0
  0
LWPOLYLINE
  5
14F
330
17
100
AcDbEntity
  8
FURN
370
13
420
3815994
100
AcDbPolyline
 90
2
 70
0
 10
4240.000000000001
 20
15281.0
 10
4840.0
 20
16026.0
  0
LWPOLYLINE
  5
150
330
17
100
AcDbEntity
  8
FURN
  6
DASHED
370
20
 48
150.0
420
3815994
100
AcDbPolyline
 90
4
 70
1
 10
7320.0
 20
16776.0
 10
7620.0
 20
16776.0
 10
7620.0
 20
18376.0
 10
7320.0
 20
18376.0
  0
LWPOLYLINE
  5
151
330
17
100
AcDbEntity
  8
FURN
  6
DASHED
370
20
 48
150.0
420
3815994
100
AcDbPolyline
 90
4
 70
1
 10
7570.0
 20
16856.0
 10
7620.0
 20
16856.0
 10
7620.0
 20
18296.0
 10
7570.0
 20
18296.0
  0
HATCH
  5
152
330
17
100
AcDbEntity
  8
FURN
 62
7
420
16184042
100
AcDbHatch
 10
0.0
 20
0.0
 30
0.0
210
0.0
220
0.0
230
1.0
  2
SOLID
 70
1
 71
0
 91
1
 92
3
 72
0
 73
1
 93
4
 10
5350.0
 20
19271.0
 10
6750.0
 20
19271.0
 10
6750.0
 20
19871.0
 10
5350.0
 20
19871.0
 97
0
 75
1
 76
1
 98
0
  0
LWPOLYLINE
  5
153
330
17
100
AcDbEntity
  8
FURN
370
20
420
3815994
100
AcDbPolyline
 90
4
 70
1
 10
5350.0
 20
19271.0
 10
6750.0
 20
19271.0
 10
6750.0
 20
19871.0
 10
5350.0
 20
19871.0
  0
LWPOLYLINE
  5
154
330
17
100
AcDbEntity
  8
FURN
370
20
420
3815994
100
AcDbPolyline
 90
4
 70
1
 10
5800.0
 20
18771.0
 10
6300.0
 20
18771.0
 10
6300.0
 20
19321.0
 10
5800.0
 20
19321.0
  0
LWPOLYLINE
  5
155
330
17
100
AcDbEntity
  8
FURN
370
13
420
3815994
100
AcDbPolyline
 90
4
 70
1
 10
5840.0
 20
18811.0
 10
6260.0
 20
18811.0
 10
6260.0
 20
19281.0
 10
5840.0
 20
19281.0
  0
LWPOLYLINE
  5
156
330
17
100
AcDbEntity
  8
FURN
  6
DASHED
370
20
 48
150.0
420
3815994
100
AcDbPolyline
 90
4
 70
1
 10
7140.000000000001
 20
19701.0
 10
7580.0
 20
19701.0
 10
7580.0
 20
19871.0
 10
7140.000000000001
 20
19871.0
  0
HATCH
  5
157
330
17
100
AcDbEntity
  8
FURN
 62
7
420
15921129
100
AcDbHatch
 10
0.0
 20
0.0
 30
0.0
210
0.0
220
0.0
230
1.0
  2
SOLID
 70
1
 71
0
 91
1
 92
3
 72
0
 73
1
 93
4
 10
7759.999999999999
 20
18011.0
 10
8360.0
 20
18011.0
 10
8360.0
 20
19871.0
 10
7759.999999999999
 20
19871.0
 97
0
 75
1
 76
1
 98
0
  0
LWPOLYLINE
  5
158
330
17
100
AcDbEntity
  8
FURN
370
20
420
3815994
100
AcDbPolyline
 90
4
 70
1
 10
7759.999999999999
 20
18011.0
 10
8360.0
 20
18011.0
 10
8360.0
 20
19871.0
 10
7759.999999999999
 20
19871.0
  0
LWPOLYLINE
  5
159
330
17
100
AcDbEntity
  8
FURN
370
13
420
3815994
100
AcDbPolyline
 90
2
 70
0
 10
7759.999999999999
 20
18011.0
 10
8360.0
 20
19871.0
  0
HATCH
  5
15A
330
17
100
AcDbEntity
  8
FURN
 62
7
420
16052198
100
AcDbHatch
 10
0.0
 20
0.0
 30
0.0
210
0.0
220
0.0
230
1.0
  2
SOLID
 70
1
 71
0
 91
1
 92
3
 72
0
 73
1
 93
4
 10
11010.0
 20
17871.0
 10
11910.0
 20
17871.0
 10
11910.0
 20
19871.0
 10
11010.0
 20
19871.0
 97
0
 75
1
 76
1
 98
0
  0
LWPOLYLINE
  5
15B
330
17
100
AcDbEntity
  8
FURN
370
20
420
3815994
100
AcDbPolyline
 90
4
 70
1
 10
11010.0
 20
17871.0
 10
11910.0
 20
17871.0
 10
11910.0
 20
19871.0
 10
11010.0
 20
19871.0
  0
LWPOLYLINE
  5
15C
330
17
100
AcDbEntity
  8
FURN
370
13
420
3815994
100
AcDbPolyline
 90
4
 70
1
 10
11090.0
 20
19661.0
 10
11770.0
 20
19661.0
 10
11770.0
 20
19831.0
 10
11090.0
 20
19831.0
  0
HATCH
  5
15D
330
17
100
AcDbEntity
  8
FURN
 62
7
420
16184042
100
AcDbHatch
 10
0.0
 20
0.0
 30
0.0
210
0.0
220
0.0
230
1.0
  2
SOLID
 70
1
 71
0
 91
1
 92
3
 72
0
 73
1
 93
4
 10
9090.0
 20
19271.0
 10
10290.0
 20
19271.0
 10
10290.0
 20
19871.0
 10
9090.0
 20
19871.0
 97
0
 75
1
 76
1
 98
0
  0
LWPOLYLINE
  5
15E
330
17
100
AcDbEntity
  8
FURN
370
20
420
3815994
100
AcDbPolyline
 90
4
 70
1
 10
9090.0
 20
19271.0
 10
10290.0
 20
19271.0
 10
10290.0
 20
19871.0
 10
9090.0
 20
19871.0
  0
LWPOLYLINE
  5
15F
330
17
100
AcDbEntity
  8
FURN
370
20
420
3815994
100
AcDbPolyline
 90
4
 70
1
 10
9465.0
 20
18821.0
 10
9915.0
 20
18821.0
 10
9915.0
 20
19321.0
 10
9465.0
 20
19321.0
  0
LWPOLYLINE
  5
160
330
17
100
AcDbEntity
  8
FURN
370
13
420
3815994
100
AcDbPolyline
 90
4
 70
1
 10
9505.0
 20
18861.0
 10
9875.0
 20
18861.0
 10
9875.0
 20
19281.0
 10
9505.0
 20
19281.0
  0
LWPOLYLINE
  5
161
330
17
100
AcDbEntity
  8
FURN
370
20
420
3815994
100
AcDbPolyline
 90
4
 70
1
 10
11110.0
 20
17011.0
 10
11910.0
 20
17011.0
 10
11910.0
 20
17811.0
 10
11110.0
 20
17811.0
  0
LWPOLYLINE
  5
162
330
17
100
AcDbEntity
  8
FURN
  6
DASHED
370
20
 48
150.0
420
3815994
100
AcDbPolyline
 90
4
 70
1
 10
8840.0
 20
17011.0
 10
10440.0
 20
17011.0
 10
10440.0
 20
17361.0
 10
8840.0
 20
17361.0
  0
LWPOLYLINE
  5
163
330
17
100
AcDbEntity
  8
FURN
  6
DOT
370
20
 48
150.0
420
3815994
100
AcDbPolyline
 90
4
 70
1
 10
8690.0
 20
17410.000000000004
 10
10890.0
 20
17410.000000000004
 10
10890.0
 20
19210.000000000004
 10
8690.0
 20
19210.000000000004
  0
LWPOLYLINE
  5
164
330
17
100
AcDbEntity
  8
FURN
  6
DASHED
370
20
 48
150.0
420
3815994
100
AcDbPolyline
 90
4
 70
1
 10
8380.0
 20
19701.0
 10
8740.0
 20
19701.0
 10
8740.0
 20
19871.0
 10
8380.0
 20
19871.0
  0
HATCH
  5
165
330
17
100
AcDbEntity
  8
FURN
 62
7
420
15921129
100
AcDbHatch
 10
0.0
 20
0.0
 30
0.0
210
0.0
220
0.0
230
1.0
  2
SOLID
 70
1
 71
0
 91
1
 92
3
 72
0
 73
1
 93
4
 10
9070.0
 20
14081.0
 10
9970.0
 20
14081.0
 10
9970.0
 20
14681.0
 10
9070.0
 20
14681.0
 97
0
 75
1
 76
1
 98
0
  0
LWPOLYLINE
  5
166
330
17
100
AcDbEntity
  8
FURN
370
20
420
3815994
100
AcDbPolyline
 90
4
 70
1
 10
9070.0
 20
14081.0
 10
9970.0
 20
14081.0
 10
9970.0
 20
14681.0
 10
9070.0
 20
14681.0
  0
LWPOLYLINE
  5
167
330
17
100
AcDbEntity
  8
FURN
370
13
420
3815994
100
AcDbPolyline
 90
2
 70
0
 10
9070.0
 20
14081.0
 10
9970.0
 20
14681.0
  0
HATCH
  5
168
330
17
100
AcDbEntity
  8
FURN
 62
7
420
15921129
100
AcDbHatch
 10
0.0
 20
0.0
 30
0.0
210
0.0
220
0.0
230
1.0
  2
SOLID
 70
1
 71
0
 91
1
 92
3
 72
0
 73
1
 93
4
 10
9970.0
 20
14081.0
 10
10870.0
 20
14081.0
 10
10870.0
 20
14681.0
 10
9970.0
 20
14681.0
 97
0
 75
1
 76
1
 98
0
  0
LWPOLYLINE
  5
169
330
17
100
AcDbEntity
  8
FURN
370
20
420
3815994
100
AcDbPolyline
 90
4
 70
1
 10
9970.0
 20
14081.0
 10
10870.0
 20
14081.0
 10
10870.0
 20
14681.0
 10
9970.0
 20
14681.0
  0
LWPOLYLINE
  5
16A
330
17
100
AcDbEntity
  8
FURN
370
13
420
3815994
100
AcDbPolyline
 90
2
 70
0
 10
9970.0
 20
14081.0
 10
10870.0
 20
14681.0
  0
HATCH
  5
16B
330
17
100
AcDbEntity
  8
FURN
 62
7
420
15921129
100
AcDbHatch
 10
0.0
 20
0.0
 30
0.0
210
0.0
220
0.0
230
1.0
  2
SOLID
 70
1
 71
0
 91
1
 92
3
 72
0
 73
1
 93
4
 10
10870.0
 20
14081.0
 10
11770.0
 20
14081.0
 10
11770.0
 20
14681.0
 10
10870.0
 20
14681.0
 97
0
 75
1
 76
1
 98
0
  0
LWPOLYLINE
  5
16C
330
17
100
AcDbEntity
  8
FURN
370
20
420
3815994
100
AcDbPolyline
 90
4
 70
1
 10
10870.0
 20
14081.0
 10
11770.0
 20
14081.0
 10
11770.0
 20
14681.0
 10
10870.0
 20
14681.0
  0
LWPOLYLINE
  5
16D
330
17
100
AcDbEntity
  8
FURN
370
13
420
3815994
100
AcDbPolyline
 90
2
 70
0
 10
10870.0
 20
14081.0
 10
11770.0
 20
14681.0
  0
LWPOLYLINE
  5
16E
330
17
100
AcDbEntity
  8
FURN
  6
DASHED
370
20
 48
150.0
420
3815994
100
AcDbPolyline
 90
4
 70
1
 10
9630.0
 20
12971.0
 10
10130.0
 20
12971.0
 10
10130.0
 20
13321.0
 10
9630.0
 20
13321.0
  0
LWPOLYLINE
  5
16F
330
17
100
AcDbEntity
  8
FURN
  6
DASHED
370
20
 48
150.0
420
3815994
100
AcDbPolyline
 90
4
 70
1
 10
11661.0
 20
13610.0
 10
11781.0
 20
13610.0
 10
11781.0
 20
14010.0
 10
11661.0
 20
14010.0
  0
LWPOLYLINE
  5
170
330
17
100
AcDbEntity
  8
FURN
  6
DASHED
370
20
 48
150.0
420
3815994
100
AcDbPolyline
 90
4
 70
1
 10
8360.0
 20
15760.0
 10
8460.0
 20
15760.0
 10
8460.0
 20
15860.0
 10
8360.0
 20
15860.0
  0
HATCH
  5
171
330
17
100
AcDbEntity
  8
FURN
 62
7
420
16777215
100
AcDbHatch
 10
0.0
 20
0.0
 30
0.0
210
0.0
220
0.0
230
1.0
  2
SOLID
 70
1
 71
0
 91
1
 92
3
 72
0
 73
1
 93
4
 10
10081.0
 20
14760.0
 10
11781.0
 20
14760.0
 10
11781.0
 20
15510.0
 10
10081.0
 20
15510.0
 97
0
 75
1
 76
1
 98
0
  0
LWPOLYLINE
  5
172
330
17
100
AcDbEntity
  8
FURN
370
20
420
3815994
100
AcDbPolyline
 90
4
 70
1
 10
10081.0
 20
14760.0
 10
11781.0
 20
14760.0
 10
11781.0
 20
15510.0
 10
10081.0
 20
15510.0
  0
LWPOLYLINE
  5
173
330
17
100
AcDbEntity
  8
FURN
370
13
420
3815994
100
AcDbPolyline
 90
4
 70
1
 10
10141.0
 20
14819.999999999998
 10
11721.0
 20
14819.999999999998
 10
11721.0
 20
15450.0
 10
10141.0
 20
15450.0
  0
CIRCLE
  5
174
330
17
100
AcDbEntity
  8
FURN
370
13
420
3815994
100
AcDbCircle
 10
11631.0
 20
15135.0
 30
0.0
 40
30.0
  0
HATCH
  5
175
330
17
100
AcDbEntity
  8
FURN
 62
7
420
16777215
100
AcDbHatch
 10
0.0
 20
0.0
 30
0.0
210
0.0
220
0.0
230
1.0
  2
SOLID
 70
1
 71
0
 91
1
 92
3
 72
0
 73
1
 93
4
 10
10881.0
 20
15510.0
 10
11686.0
 20
15510.0
 10
11686.0
 20
16476.0
 10
10881.0
 20
16476.0
 97
0
 75
1
 76
1
 98
0
  0
LWPOLYLINE
  5
176
330
17
100
AcDbEntity
  8
FURN
370
20
420
3815994
100
AcDbPolyline
 90
4
 70
1
 10
10881.0
 20
15510.0
 10
11686.0
 20
15510.0
 10
11686.0
 20
16476.0
 10
10881.0
 20
16476.0
  0
LWPOLYLINE
  5
177
330
17
100
AcDbEntity
  8
FURN
370
20
420
3815994
100
AcDbPolyline
 90
4
 70
1
 10
11686.0
 20
15510.0
 10
11781.0
 20
15510.0
 10
11781.0
 20
16476.0
 10
11686.0
 20
16476.0
  0
LWPOLYLINE
  5
178
330
17
100
AcDbEntity
  8
FURN
  6
DASHED
370
20
 48
150.0
420
3815994
100
AcDbPolyline
 90
4
 70
1
 10
10871.0
 20
16161.000000000002
 10
10881.0
 20
16161.000000000002
 10
10881.0
 20
16476.0
 10
10871.0
 20
16476.0
  0
LWPOLYLINE
  5
179
330
17
100
AcDbEntity
  8
FURN
370
20
420
3815994
100
AcDbPolyline
 90
4
 70
1
 10
10060.0
 20
16651.0
 10
10881.0
 20
16651.0
 10
10881.0
 20
16801.0
 10
10060.0
 20
16801.0
  0
HATCH
  5
17A
330
17
100
AcDbEntity
  8
FURN
 62
7
420
16777215
100
AcDbHatch
 10
0.0
 20
0.0
 30
0.0
210
0.0
220
0.0
230
1.0
  2
SOLID
 70
1
 71
0
 91
1
 92
3
 72
0
 73
1
 93
4
 10
10310.0
 20
16161.000000000002
 10
10670.0
 20
16161.000000000002
 10
10670.0
 20
16651.0
 10
10310.0
 20
16651.0
 97
0
 75
1
 76
1
 98
0
  0
LWPOLYLINE
  5
17B
330
17
100
AcDbEntity
  8
FURN
370
20
420
3815994
100
AcDbPolyline
 90
4
 70
1
 10
10310.0
 20
16161.000000000002
 10
10670.0
 20
16161.000000000002
 10
10670.0
 20
16651.0
 10
10310.0
 20
16651.0
  0
CIRCLE
  5
17C
330
17
100
AcDbEntity
  8
FURN
370
13
420
3815994
100
AcDbCircle
 10
10490.0
 20
16406.0
 30
0.0
 40
136.8
  0
HATCH
  5
17D
330
17
100
AcDbEntity
  8
FURN
 62
7
420
16777215
100
AcDbHatch
 10
0.0
 20
0.0
 30
0.0
210
0.0
220
0.0
230
1.0
  2
SOLID
 70
1
 71
0
 91
1
 92
3
 72
0
 73
1
 93
4
 10
9160.0
 20
16321.0
 10
10060.0
 20
16321.0
 10
10060.0
 20
16801.0
 10
9160.0
 20
16801.0
 97
0
 75
1
 76
1
 98
0
  0
LWPOLYLINE
  5
17E
330
17
100
AcDbEntity
  8
FURN
370
20
420
3815994
100
AcDbPolyline
 90
4
 70
1
 10
9160.0
 20
16321.0
 10
10060.0
 20
16321.0
 10
10060.0
 20
16801.0
 10
9160.0
 20
16801.0
  0
CIRCLE
  5
17F
330
17
100
AcDbEntity
  8
FURN
370
13
420
3815994
100
AcDbCircle
 10
9610.0
 20
16561.0
 30
0.0
 40
144.0
  0
LWPOLYLINE
  5
180
330
17
100
AcDbEntity
  8
FURN
  6
DASHED
370
20
 48
150.0
420
3815994
100
AcDbPolyline
 90
4
 70
1
 10
9160.0
 20
16651.0
 10
10060.0
 20
16651.0
 10
10060.0
 20
16801.0
 10
9160.0
 20
16801.0
  0
HATCH
  5
181
330
17
100
AcDbEntity
  8
FURN
 62
7
420
15921129
100
AcDbHatch
 10
0.0
 20
0.0
 30
0.0
210
0.0
220
0.0
230
1.0
  2
SOLID
 70
1
 71
0
 91
1
 92
3
 72
0
 73
1
 93
4
 10
9140.0
 20
14760.0
 10
9640.0
 20
14760.0
 10
9640.0
 20
15110.0
 10
9140.0
 20
15110.0
 97
0
 75
1
 76
1
 98
0
  0
LWPOLYLINE
  5
182
330
17
100
AcDbEntity
  8
FURN
  6
DASHED
370
20
 48
150.0
420
3815994
100
AcDbPolyline
 90
4
 70
1
 10
9140.0
 20
14760.0
 10
9640.0
 20
14760.0
 10
9640.0
 20
15110.0
 10
9140.0
 20
15110.0
  0
LWPOLYLINE
  5
183
330
17
100
AcDbEntity
  8
FURN
370
13
420
3815994
100
AcDbPolyline
 90
2
 70
0
 10
9140.0
 20
14760.0
 10
9640.0
 20
15110.0
  0
LWPOLYLINE
  5
184
330
17
100
AcDbEntity
  8
FURN
  6
DASHED
370
20
 48
150.0
420
3815994
100
AcDbPolyline
 90
4
 70
1
 10
9640.0
 20
14760.0
 10
10081.0
 20
14760.0
 10
10081.0
 20
15110.0
 10
9640.0
 20
15110.0
  0
LWPOLYLINE
  5
185
330
17
100
AcDbEntity
  8
FURN
  6
DASHED
370
20
 48
150.0
420
3815994
100
AcDbPolyline
 90
4
 70
1
 10
9660.0
 20
14760.0
 10
10060.0
 20
14760.0
 10
10060.0
 20
14860.0
 10
9660.0
 20
14860.0
  0
LWPOLYLINE
  5
186
330
17
100
AcDbEntity
  8
FURN
  6
DOT
370
20
 48
150.0
420
3815994
100
AcDbPolyline
 90
4
 70
1
 10
11540.0
 20
15160.0
 10
11640.0
 20
15160.0
 10
11640.0
 20
15260.0
 10
11540.0
 20
15260.0
  0
LWPOLYLINE
  5
187
330
17
100
AcDbEntity
  8
FURN
  6
DASHED
370
20
 48
150.0
420
3815994
100
AcDbPolyline
 90
4
 70
1
 10
11140.0
 20
16480.0
 10
11440.0
 20
16480.0
 10
11440.0
 20
16560.0
 10
11140.0
 20
16560.0
  0
HATCH
  5
188
330
17
100
AcDbEntity
  8
FURN
 62
7
420
16777215
100
AcDbHatch
 10
0.0
 20
0.0
 30
0.0
210
0.0
220
0.0
230
1.0
  2
SOLID
 70
1
 71
0
 91
1
 92
3
 72
0
 73
1
 93
4
 10
8730.0
 20
10960.0
 10
9180.0
 20
10960.0
 10
9180.0
 20
11540.0
 10
8730.0
 20
11540.0
 97
0
 75
1
 76
1
 98
0
  0
LWPOLYLINE
  5
189
330
17
100
AcDbEntity
  8
FURN
370
20
420
3815994
100
AcDbPolyline
 90
4
 70
1
 10
8730.0
 20
10960.0
 10
9180.0
 20
10960.0
 10
9180.0
 20
11540.0
 10
8730.0
 20
11540.0
  0
CIRCLE
  5
18A
330
17
100
AcDbEntity
  8
FURN
370
13
420
3815994
100
AcDbCircle
 10
8955.0
 20
11250.0
 30
0.0
 40
135.0
  0
HATCH
  5
18B
330
17
100
AcDbEntity
  8
FURN
 62
7
420
15921129
100
AcDbHatch
 10
0.0
 20
0.0
 30
0.0
210
0.0
220
0.0
230
1.0
  2
SOLID
 70
1
 71
0
 91
1
 92
3
 72
0
 73
1
 93
4
 10
9180.0
 20
10960.0
 10
9480.0
 20
10960.0
 10
9480.0
 20
11540.0
 10
9180.0
 20
11540.0
 97
0
 75
1
 76
1
 98
0
  0
LWPOLYLINE
  5
18C
330
17
100
AcDbEntity
  8
FURN
370
20
420
3815994
100
AcDbPolyline
 90
4
 70
1
 10
9180.0
 20
10960.0
 10
9480.0
 20
10960.0
 10
9480.0
 20
11540.0
 10
9180.0
 20
11540.0
  0
LWPOLYLINE
  5
18D
330
17
100
AcDbEntity
  8
FURN
370
20
420
3815994
100
AcDbPolyline
 90
4
 70
1
 10
9500.0
 20
10960.0
 10
10150.0
 20
10960.0
 10
10150.0
 20
11610.0
 10
9500.0
 20
11610.0
  0
CIRCLE
  5
18E
330
17
100
AcDbEntity
  8
FURN
370
13
420
3815994
100
AcDbCircle
 10
9825.0
 20
11285.0
 30
0.0
 40
214.5
  0
LWPOLYLINE
  5
18F
330
17
100
AcDbEntity
  8
FURN
  6
DOT
370
20
 48
150.0
420
3815994
100
AcDbPolyline
 90
4
 70
1
 10
9740.0
 20
11560.0
 10
9840.0
 20
11560.0
 10
9840.0
 20
11660.0
 10
9740.0
 20
11660.0
  0
LWPOLYLINE
  5
190
330
17
100
AcDbEntity
  8
FURN
  6
DASHED
370
20
 48
150.0
420
3815994
100
AcDbPolyline
 90
4
 70
1
 10
8440.0
 20
11320.0
 10
8690.0
 20
11320.0
 10
8690.0
 20
11620.0
 10
8440.0
 20
11620.0
  0
LWPOLYLINE
  5
191
330
17
100
AcDbEntity
  8
FURN
  6
DOT
370
20
 48
150.0
420
3815994
100
AcDbPolyline
 90
4
 70
1
 10
8730.0
 20
10960.0
 10
9500.0
 20
10960.0
 10
9500.0
 20
11560.0
 10
8730.0
 20
11560.0
  0
LWPOLYLINE
  5
192
330
17
100
AcDbEntity
  8
FURN
  6
DASHED
370
20
 48
150.0
420
3815994
100
AcDbPolyline
 90
4
 70
1
 10
8730.0
 20
10960.0
 10
9500.0
 20
10960.0
 10
9500.0
 20
11310.0
 10
8730.0
 20
11310.0
  0
HATCH
  5
193
330
17
100
AcDbEntity
  8
FURN
 62
7
420
15921129
100
AcDbHatch
 10
0.0
 20
0.0
 30
0.0
210
0.0
220
0.0
230
1.0
  2
SOLID
 70
1
 71
0
 91
1
 92
3
 72
0
 73
1
 93
4
 10
9610.0
 20
12260.0
 10
10150.0
 20
12260.0
 10
10150.0
 20
12890.0
 10
9610.0
 20
12890.0
 97
0
 75
1
 76
1
 98
0
  0
LWPOLYLINE
  5
194
330
17
100
AcDbEntity
  8
FURN
370
20
420
3815994
100
AcDbPolyline
 90
4
 70
1
 10
9610.0
 20
12260.0
 10
10150.0
 20
12260.0
 10
10150.0
 20
12890.0
 10
9610.0
 20
12890.0
  0
LWPOLYLINE
  5
195
330
17
100
AcDbEntity
  8
FURN
370
13
420
3815994
100
AcDbPolyline
 90
2
 70
0
 10
9610.0
 20
12260.0
 10
10150.0
 20
12890.0
  0
HATCH
  5
196
330
17
100
AcDbEntity
  8
FURN
 62
7
420
15921129
100
AcDbHatch
 10
0.0
 20
0.0
 30
0.0
210
0.0
220
0.0
230
1.0
  2
SOLID
 70
1
 71
0
 91
1
 92
3
 72
0
 73
1
 93
4
 10
9500.0
 20
10960.0
 10
10150.0
 20
10960.0
 10
10150.0
 20
11610.0
 10
9500.0
 20
11610.0
 97
0
 75
1
 76
1
 98
0
  0
LWPOLYLINE
  5
197
330
17
100
AcDbEntity
  8
FURN
  6
DASHED
370
20
 48
150.0
420
3815994
100
AcDbPolyline
 90
4
 70
1
 10
9500.0
 20
10960.0
 10
10150.0
 20
10960.0
 10
10150.0
 20
11610.0
 10
9500.0
 20
11610.0
  0
LWPOLYLINE
  5
198
330
17
100
AcDbEntity
  8
FURN
370
13
420
3815994
100
AcDbPolyline
 90
2
 70
0
 10
9500.0
 20
10960.0
 10
10150.0
 20
11610.0
  0
HATCH
  5
199
330
17
100
AcDbEntity
  8
FURN
 62
7
420
15921129
100
AcDbHatch
 10
0.0
 20
0.0
 30
0.0
210
0.0
220
0.0
230
1.0
  2
SOLID
 70
1
 71
0
 91
1
 92
3
 72
0
 73
1
 93
4
 10
8410.0
 20
11641.0
 10
8760.0
 20
11641.0
 10
8760.0
 20
12141.0
 10
8410.0
 20
12141.0
 97
0
 75
1
 76
1
 98
0
  0
LWPOLYLINE
  5
19A
330
17
100
AcDbEntity
  8
FURN
370
20
420
3815994
100
AcDbPolyline
 90
4
 70
1
 10
8410.0
 20
11641.0
 10
8760.0
 20
11641.0
 10
8760.0
 20
12141.0
 10
8410.0
 20
12141.0
  0
LWPOLYLINE
  5
19B
330
17
100
AcDbEntity
  8
FURN
370
13
420
3815994
100
AcDbPolyline
 90
2
 70
0
 10
8410.0
 20
11641.0
 10
8760.0
 20
12141.0
  0
HATCH
  5
19C
330
17
100
AcDbEntity
  8
FURN
 62
7
420
15921129
100
AcDbHatch
 10
0.0
 20
0.0
 30
0.0
210
0.0
220
0.0
230
1.0
  2
SOLID
 70
1
 71
0
 91
1
 92
3
 72
0
 73
1
 93
4
 10
8410.0
 20
12240.0
 10
8760.0
 20
12240.0
 10
8760.0
 20
12890.0
 10
8410.0
 20
12890.0
 97
0
 75
1
 76
1
 98
0
  0
LWPOLYLINE
  5
19D
330
17
100
AcDbEntity
  8
FURN
370
20
420
3815994
100
AcDbPolyline
 90
4
 70
1
 10
8410.0
 20
12240.0
 10
8760.0
 20
12240.0
 10
8760.0
 20
12890.0
 10
8410.0
 20
12890.0
  0
LWPOLYLINE
  5
19E
330
17
100
AcDbEntity
  8
FURN
370
13
420
3815994
100
AcDbPolyline
 90
2
 70
0
 10
8410.0
 20
12240.0
 10
8760.0
 20
12890.0
  0
LWPOLYLINE
  5
19F
330
17
100
AcDbEntity
  8
FURN
  6
DASHED
370
20
 48
150.0
420
3815994
100
AcDbPolyline
 90
4
 70
1
 10
8840.0
 20
11710.0
 10
9540.0
 20
11710.0
 10
9540.0
 20
12210.0
 10
8840.0
 20
12210.0
  0
TEXT
  5
1A0
330
17
100
AcDbEntity
  8
FURN
420
1710618
100
AcDbText
 10
4600.0
 20
11300.0
 30
0.0
 40
85.0
  1
F01
  7
GOST
 11
4600.0
 21
11300.0
 31
0.0
100
AcDbText
  0
TEXT
  5
1A1
330
17
100
AcDbEntity
  8
FURN
420
1710618
100
AcDbText
 10
5125.0
 20
11320.0
 30
0.0
 40
85.0
  1
F02
  7
GOST
 11
5125.0
 21
11320.0
 31
0.0
100
AcDbText
  0
TEXT
  5
1A2
330
17
100
AcDbEntity
  8
FURN
420
1710618
100
AcDbText
 10
5650.0
 20
11320.0
 30
0.0
 40
85.0
  1
F03
  7
GOST
 11
5650.0
 21
11320.0
 31
0.0
100
AcDbText
  0
TEXT
  5
1A3
330
17
100
AcDbEntity
  8
FURN
420
1710618
100
AcDbText
 10
6250.0
 20
11320.0
 30
0.0
 40
85.0
  1
F04
  7
GOST
 11
6250.0
 21
11320.0
 31
0.0
100
AcDbText
  0
TEXT
  5
1A4
330
17
100
AcDbEntity
  8
FURN
420
1710618
100
AcDbText
 10
6850.0
 20
11320.0
 30
0.0
 40
85.0
  1
F05
  7
GOST
 11
6850.0
 21
11320.0
 31
0.0
100
AcDbText
  0
TEXT
  5
1A5
330
17
100
AcDbEntity
  8
FURN
420
1710618
100
AcDbText
 10
7450.0
 20
11320.0
 30
0.0
 40
85.0
  1
F06
  7
GOST
 11
7450.0
 21
11320.0
 31
0.0
100
AcDbText
  0
TEXT
  5
1A6
330
17
100
AcDbEntity
  8
FURN
420
1710618
100
AcDbText
 10
8050.0
 20
11320.0
 30
0.0
 40
85.0
  1
F07
  7
GOST
 11
8050.0
 21
11320.0
 31
0.0
100
AcDbText
  0
TEXT
  5
1A7
330
17
100
AcDbEntity
  8
FURN
420
1710618
100
AcDbText
 10
8370.0
 20
11320.0
 30
0.0
 40
85.0
  1
F08
  7
GOST
 11
8370.0
 21
11320.0
 31
0.0
100
AcDbText
  0
TEXT
  5
1A8
330
17
100
AcDbEntity
  8
FURN
420
1710618
100
AcDbText
 10
6653.388347648318
 20
11106.611652351683
 30
0.0
 40
85.0
  1
F09
  7
GOST
 11
6653.388347648318
 21
11106.611652351683
 31
0.0
100
AcDbText
  0
TEXT
  5
1A9
330
17
100
AcDbEntity
  8
FURN
420
1710618
100
AcDbText
 10
5153.388347648318
 20
10961.611652351683
 30
0.0
 40
85.0
  1
F10
  7
GOST
 11
5153.388347648318
 21
10961.611652351683
 31
0.0
100
AcDbText
  0
TEXT
  5
1AA
330
17
100
AcDbEntity
  8
FURN
420
1710618
100
AcDbText
 10
5678.388347648318
 20
10961.611652351683
 30
0.0
 40
85.0
  1
F11
  7
GOST
 11
5678.388347648318
 21
10961.611652351683
 31
0.0
100
AcDbText
  0
TEXT
  5
1AB
330
17
100
AcDbEntity
  8
FURN
420
1710618
100
AcDbText
 10
6278.388347648318
 20
10961.611652351683
 30
0.0
 40
85.0
  1
F12
  7
GOST
 11
6278.388347648318
 21
10961.611652351683
 31
0.0
100
AcDbText
  0
TEXT
  5
1AC
330
17
100
AcDbEntity
  8
FURN
420
1710618
100
AcDbText
 10
6878.388347648318
 20
10961.611652351683
 30
0.0
 40
85.0
  1
F13
  7
GOST
 11
6878.388347648318
 21
10961.611652351683
 31
0.0
100
AcDbText
  0
TEXT
  5
1AD
330
17
100
AcDbEntity
  8
FURN
420
1710618
100
AcDbText
 10
7478.388347648318
 20
10961.611652351683
 30
0.0
 40
85.0
  1
F14
  7
GOST
 11
7478.388347648318
 21
10961.611652351683
 31
0.0
100
AcDbText
  0
TEXT
  5
1AE
330
17
100
AcDbEntity
  8
FURN
420
1710618
100
AcDbText
 10
5484.460519547325
 20
11465.0
 30
0.0
 40
85.0
  1
F15
  7
GOST
 11
5484.460519547325
 21
11465.0
 31
0.0
100
AcDbText
  0
LWPOLYLINE
  5
1AF
330
17
100
AcDbEntity
  8
FURN
370
15
420
5592405
100
AcDbPolyline
 90
2
 70
0
 10
5590.0
 20
11240.0
 10
5590.0
 20
11450.0
  0
HATCH
  5
1B0
330
17
100
AcDbEntity
  8
FURN
 62
7
420
5592405
100
AcDbHatch
 10
0.0
 20
0.0
 30
0.0
210
0.0
220
0.0
230
1.0
  2
SOLID
 70
1
 71
0
 91
1
 92
1
 93
1
 72
2
 10
5590.0
 20
11240.0
 40
12.5
 50
0
 51
360
 73
1
 97
0
 75
1
 76
1
 98
0
  0
CIRCLE
  5
1B1
330
17
100
AcDbEntity
  8
FURN
370
13
420
5592405
100
AcDbCircle
 10
5590.0
 20
11240.0
 30
0.0
 40
12.5
  0
TEXT
  5
1B2
330
17
100
AcDbEntity
  8
FURN
420
1710618
100
AcDbText
 10
5837.487373415292
 20
11487.487373415293
 30
0.0
 40
85.0
  1
F16
  7
GOST
 11
5837.487373415292
 21
11487.487373415293
 31
0.0
100
AcDbText
  0
LWPOLYLINE
  5
1B3
330
17
100
AcDbEntity
  8
FURN
370
15
420
5592405
100
AcDbPolyline
 90
2
 70
0
 10
5590.0
 20
11240.0
 10
5822.487373415292
 20
11472.487373415292
  0
HATCH
  5
1B4
330
17
100
AcDbEntity
  8
FURN
 62
7
420
5592405
100
AcDbHatch
 10
0.0
 20
0.0
 30
0.0
210
0.0
220
0.0
230
1.0
  2
SOLID
 70
1
 71
0
 91
1
 92
1
 93
1
 72
2
 10
5590.0
 20
11240.0
 40
12.5
 50
0
 51
360
 73
1
 97
0
 75
1
 76
1
 98
0
  0
CIRCLE
  5
1B5
330
17
100
AcDbEntity
  8
FURN
370
13
420
5592405
100
AcDbCircle
 10
5590.0
 20
11240.0
 30
0.0
 40
12.5
  0
TEXT
  5
1B6
330
17
100
AcDbEntity
  8
FURN
420
1710618
100
AcDbText
 10
5650.0
 20
11160.0
 30
0.0
 40
85.0
  1
F17
  7
GOST
 11
5650.0
 21
11160.0
 31
0.0
100
AcDbText
  0
TEXT
  5
1B7
330
17
100
AcDbEntity
  8
FURN
420
1710618
100
AcDbText
 10
8078.388347648318
 20
11066.611652351683
 30
0.0
 40
85.0
  1
F18
  7
GOST
 11
8078.388347648318
 21
11066.611652351683
 31
0.0
100
AcDbText
  0
TEXT
  5
1B8
330
17
100
AcDbEntity
  8
FURN
420
1710618
100
AcDbText
 10
6683.467614026064
 20
11470.0
 30
0.0
 40
85.0
  1
F19
  7
GOST
 11
6683.467614026064
 21
11470.0
 31
0.0
100
AcDbText
  0
LWPOLYLINE
  5
1B9
330
17
100
AcDbEntity
  8
FURN
370
15
420
5592405
100
AcDbPolyline
 90
2
 70
0
 10
6790.000000000001
 20
11245.0
 10
6790.000000000001
 20
11455.0
  0
HATCH
  5
1BA
330
17
100
AcDbEntity
  8
FURN
 62
7
420
5592405
100
AcDbHatch
 10
0.0
 20
0.0
 30
0.0
210
0.0
220
0.0
230
1.0
  2
SOLID
 70
1
 71
0
 91
1
 92
1
 93
1
 72
2
 10
6790.000000000001
 20
11245.0
 40
12.5
 50
0
 51
360
 73
1
 97
0
 75
1
 76
1
 98
0
  0
CIRCLE
  5
1BB
330
17
100
AcDbEntity
  8
FURN
370
13
420
5592405
100
AcDbCircle
 10
6790.000000000001
 20
11245.0
 30
0.0
 40
12.5
  0
TEXT
  5
1BC
330
17
100
AcDbEntity
  8
FURN
420
1710618
100
AcDbText
 10
6338.091419155524
 20
11478.388347648319
 30
0.0
 40
85.0
  1
F20
  7
GOST
 11
6338.091419155524
 21
11478.388347648319
 31
0.0
100
AcDbText
  0
TEXT
  5
1BD
330
17
100
AcDbEntity
  8
FURN
420
1710618
100
AcDbText
 10
7065.000000000001
 20
11167.500000000002
 30
0.0
 40
85.0
  1
F21
  7
GOST
 11
7065.000000000001
 21
11167.500000000002
 31
0.0
100
AcDbText
  0
TEXT
  5
1BE
330
17
100
AcDbEntity
  8
FURN
420
1710618
100
AcDbText
 10
7150.0
 20
11360.0
 30
0.0
 40
85.0
  1
F22
  7
GOST
 11
7150.0
 21
11360.0
 31
0.0
100
AcDbText
  0
TEXT
  5
1BF
330
17
100
AcDbEntity
  8
FURN
420
1710618
100
AcDbText
 10
5964.694642749487
 20
11091.611652351683
 30
0.0
 40
85.0
  1
F23
  7
GOST
 11
5964.694642749487
 21
11091.611652351683
 31
0.0
100
AcDbText
  0
TEXT
  5
1C0
330
17
100
AcDbEntity
  8
FURN
420
1710618
100
AcDbText
 10
8189.999999999999
 20
12621.0
 30
0.0
 40
85.0
  1
F24
  7
GOST
 11
8189.999999999999
 21
12621.0
 31
0.0
100
AcDbText
  0
TEXT
  5
1C1
330
17
100
AcDbEntity
  8
FURN
420
1710618
100
AcDbText
 10
6100.0
 20
13360.0
 30
0.0
 40
85.0
  1
F25
  7
GOST
 11
6100.0
 21
13360.0
 31
0.0
100
AcDbText
  0
TEXT
  5
1C2
330
17
100
AcDbEntity
  8
FURN
420
1710618
100
AcDbText
 10
5575.0
 20
12700.0
 30
0.0
 40
85.0
  1
F26
  7
GOST
 11
5575.0
 21
12700.0
 31
0.0
100
AcDbText
  0
TEXT
  5
1C3
330
17
100
AcDbEntity
  8
FURN
420
1710618
100
AcDbText
 10
6175.0
 20
12700.0
 30
0.0
 40
85.0
  1
F27
  7
GOST
 11
6175.0
 21
12700.0
 31
0.0
100
AcDbText
  0
TEXT
  5
1C4
330
17
100
AcDbEntity
  8
FURN
420
1710618
100
AcDbText
 10
6775.0
 20
12700.0
 30
0.0
 40
85.0
  1
F28
  7
GOST
 11
6775.0
 21
12700.0
 31
0.0
100
AcDbText
  0
TEXT
  5
1C5
330
17
100
AcDbEntity
  8
FURN
420
1710618
100
AcDbText
 10
5575.0
 20
14019.999999999998
 30
0.0
 40
85.0
  1
F29
  7
GOST
 11
5575.0
 21
14019.999999999998
 31
0.0
100
AcDbText
  0
TEXT
  5
1C6
330
17
100
AcDbEntity
  8
FURN
420
1710618
100
AcDbText
 10
6175.0
 20
14019.999999999998
 30
0.0
 40
85.0
  1
F30
  7
GOST
 11
6175.0
 21
14019.999999999998
 31
0.0
100
AcDbText
  0
TEXT
  5
1C7
330
17
100
AcDbEntity
  8
FURN
420
1710618
100
AcDbText
 10
6775.0
 20
14019.999999999998
 30
0.0
 40
85.0
  1
F31
  7
GOST
 11
6775.0
 21
14019.999999999998
 31
0.0
100
AcDbText
  0
TEXT
  5
1C8
330
17
100
AcDbEntity
  8
FURN
420
1710618
100
AcDbText
 10
4450.0
 20
12530.5
 30
0.0
 40
85.0
  1
F32
  7
GOST
 11
4450.0
 21
12530.5
 31
0.0
100
AcDbText
  0
TEXT
  5
1C9
330
17
100
AcDbEntity
  8
FURN
420
1710618
100
AcDbText
 10
2244.0
 20
12566.5
 30
0.0
 40
85.0
  1
F33
  7
GOST
 11
2244.0
 21
12566.5
 31
0.0
100
AcDbText
  0
TEXT
  5
1CA
330
17
100
AcDbEntity
  8
FURN
420
1710618
100
AcDbText
 10
2944.0
 20
11405.0
 30
0.0
 40
85.0
  1
F34
  7
GOST
 11
2944.0
 21
11405.0
 31
0.0
100
AcDbText
  0
TEXT
  5
1CB
330
17
100
AcDbEntity
  8
FURN
420
1710618
100
AcDbText
 10
2944.0
 20
13728.0
 30
0.0
 40
85.0
  1
F35
  7
GOST
 11
2944.0
 21
13728.0
 31
0.0
100
AcDbText
  0
TEXT
  5
1CC
330
17
100
AcDbEntity
  8
FURN
420
1710618
100
AcDbText
 10
3000.0000000000005
 20
12530.000000000002
 30
0.0
 40
85.0
  1
F36
  7
GOST
 11
3000.0000000000005
 21
12530.000000000002
 31
0.0
100
AcDbText
  0
TEXT
  5
1CD
330
17
100
AcDbEntity
  8
FURN
420
1710618
100
AcDbText
 10
1844.0000000000002
 20
12566.5
 30
0.0
 40
85.0
  1
F37
  7
GOST
 11
1844.0000000000002
 21
12566.5
 31
0.0
100
AcDbText
  0
TEXT
  5
1CE
330
17
100
AcDbEntity
  8
FURN
420
1710618
100
AcDbText
 10
2063.3883476483184
 20
12306.611652351685
 30
0.0
 40
85.0
  1
F38
  7
GOST
 11
2063.3883476483184
 21
12306.611652351685
 31
0.0
100
AcDbText
  0
TEXT
  5
1CF
330
17
100
AcDbEntity
  8
FURN
420
1710618
100
AcDbText
 10
3820.0000000000005
 20
11330.0
 30
0.0
 40
85.0
  1
F39
  7
GOST
 11
3820.0000000000005
 21
11330.0
 31
0.0
100
AcDbText
  0
TEXT
  5
1D0
330
17
100
AcDbEntity
  8
FURN
420
1710618
100
AcDbText
 10
3820.0000000000005
 20
13760.0
 30
0.0
 40
85.0
  1
F40
  7
GOST
 11
3820.0000000000005
 21
13760.0
 31
0.0
100
AcDbText
  0
TEXT
  5
1D1
330
17
100
AcDbEntity
  8
FURN
420
1710618
100
AcDbText
 10
4320.0
 20
17626.0
 30
0.0
 40
85.0
  1
F41
  7
GOST
 11
4320.0
 21
17626.0
 31
0.0
100
AcDbText
  0
TEXT
  5
1D2
330
17
100
AcDbEntity
  8
FURN
420
1710618
100
AcDbText
 10
5390.000000000001
 20
17626.0
 30
0.0
 40
85.0
  1
F42
  7
GOST
 11
5390.000000000001
 21
17626.0
 31
0.0
100
AcDbText
  0
TEXT
  5
1D3
330
17
100
AcDbEntity
  8
FURN
420
1710618
100
AcDbText
 10
4565.0
 20
16426.0
 30
0.0
 40
85.0
  1
F43
  7
GOST
 11
4565.0
 21
16426.0
 31
0.0
100
AcDbText
  0
TEXT
  5
1D4
330
17
100
AcDbEntity
  8
FURN
420
1710618
100
AcDbText
 10
4565.0
 20
18826.0
 30
0.0
 40
85.0
  1
F44
  7
GOST
 11
4565.0
 21
18826.0
 31
0.0
100
AcDbText
  0
TEXT
  5
1D5
330
17
100
AcDbEntity
  8
FURN
420
1710618
100
AcDbText
 10
5540.000000000001
 20
15031.0
 30
0.0
 40
85.0
  1
F45
  7
GOST
 11
5540.000000000001
 21
15031.0
 31
0.0
100
AcDbText
  0
TEXT
  5
1D6
330
17
100
AcDbEntity
  8
FURN
420
1710618
100
AcDbText
 10
4600.0
 20
15703.5
 30
0.0
 40
85.0
  1
F46
  7
GOST
 11
4600.0
 21
15703.5
 31
0.0
100
AcDbText
  0
TEXT
  5
1D7
330
17
100
AcDbEntity
  8
FURN
420
1710618
100
AcDbText
 10
7530.0
 20
17626.0
 30
0.0
 40
85.0
  1
F47
  7
GOST
 11
7530.0
 21
17626.0
 31
0.0
100
AcDbText
  0
TEXT
  5
1D8
330
17
100
AcDbEntity
  8
FURN
420
1710618
100
AcDbText
 10
7683.388347648318
 20
17402.61165235168
 30
0.0
 40
85.0
  1
F48
  7
GOST
 11
7683.388347648318
 21
17402.61165235168
 31
0.0
100
AcDbText
  0
TEXT
  5
1D9
330
17
100
AcDbEntity
  8
FURN
420
1710618
100
AcDbText
 10
6110.0
 20
19621.0
 30
0.0
 40
85.0
  1
F49
  7
GOST
 11
6110.0
 21
19621.0
 31
0.0
100
AcDbText
  0
TEXT
  5
1DA
330
17
100
AcDbEntity
  8
FURN
420
1710618
100
AcDbText
 10
6110.0
 20
19096.0
 30
0.0
 40
85.0
  1
F50
  7
GOST
 11
6110.0
 21
19096.0
 31
0.0
100
AcDbText
  0
TEXT
  5
1DB
330
17
100
AcDbEntity
  8
FURN
420
1710618
100
AcDbText
 10
7419.999999999999
 20
19836.0
 30
0.0
 40
85.0
  1
F51
  7
GOST
 11
7419.999999999999
 21
19836.0
 31
0.0
100
AcDbText
  0
TEXT
  5
1DC
330
17
100
AcDbEntity
  8
FURN
420
1710618
100
AcDbText
 10
8120.0
 20
18991.000000000004
 30
0.0
 40
85.0
  1
F52
  7
GOST
 11
8120.0
 21
18991.000000000004
 31
0.0
100
AcDbText
  0
TEXT
  5
1DD
330
17
100
AcDbEntity
  8
FURN
420
1710618
100
AcDbText
 10
11520.0
 20
18921.0
 30
0.0
 40
85.0
  1
F53
  7
GOST
 11
11520.0
 21
18921.0
 31
0.0
100
AcDbText
  0
TEXT
  5
1DE
330
17
100
AcDbEntity
  8
FURN
420
1710618
100
AcDbText
 10
9750.0
 20
19621.0
 30
0.0
 40
85.0
  1
F54
  7
GOST
 11
9750.0
 21
19621.0
 31
0.0
100
AcDbText
  0
TEXT
  5
1DF
330
17
100
AcDbEntity
  8
FURN
420
1710618
100
AcDbText
 10
9750.0
 20
19121.0
 30
0.0
 40
85.0
  1
F55
  7
GOST
 11
9750.0
 21
19121.0
 31
0.0
100
AcDbText
  0
TEXT
  5
1E0
330
17
100
AcDbEntity
  8
FURN
420
1710618
100
AcDbText
 10
11570.0
 20
17461.0
 30
0.0
 40
85.0
  1
F56
  7
GOST
 11
11570.0
 21
17461.0
 31
0.0
100
AcDbText
  0
TEXT
  5
1E1
330
17
100
AcDbEntity
  8
FURN
420
1710618
100
AcDbText
 10
9700.0
 20
17236.0
 30
0.0
 40
85.0
  1
F57
  7
GOST
 11
9700.0
 21
17236.0
 31
0.0
100
AcDbText
  0
TEXT
  5
1E2
330
17
100
AcDbEntity
  8
FURN
420
1710618
100
AcDbText
 10
9850.0
 20
18360.000000000004
 30
0.0
 40
85.0
  1
F58
  7
GOST
 11
9850.0
 21
18360.000000000004
 31
0.0
100
AcDbText
  0
TEXT
  5
1E3
330
17
100
AcDbEntity
  8
FURN
420
1710618
100
AcDbText
 10
8620.0
 20
19836.0
 30
0.0
 40
85.0
  1
F59
  7
GOST
 11
8620.0
 21
19836.0
 31
0.0
100
AcDbText
  0
TEXT
  5
1E4
330
17
100
AcDbEntity
  8
FURN
420
1710618
100
AcDbText
 10
9580.0
 20
14431.0
 30
0.0
 40
85.0
  1
F60
  7
GOST
 11
9580.0
 21
14431.0
 31
0.0
100
AcDbText
  0
TEXT
  5
1E5
330
17
100
AcDbEntity
  8
FURN
420
1710618
100
AcDbText
 10
10480.0
 20
14431.0
 30
0.0
 40
85.0
  1
F61
  7
GOST
 11
10480.0
 21
14431.0
 31
0.0
100
AcDbText
  0
TEXT
  5
1E6
330
17
100
AcDbEntity
  8
FURN
420
1710618
100
AcDbText
 10
11380.0
 20
14431.0
 30
0.0
 40
85.0
  1
F62
  7
GOST
 11
11380.0
 21
14431.0
 31
0.0
100
AcDbText
  0
TEXT
  5
1E7
330
17
100
AcDbEntity
  8
FURN
420
1710618
100
AcDbText
 10
9940.0
 20
13196.0
 30
0.0
 40
85.0
  1
F63
  7
GOST
 11
9940.0
 21
13196.0
 31
0.0
100
AcDbText
  0
TEXT
  5
1E8
330
17
100
AcDbEntity
  8
FURN
420
1710618
100
AcDbText
 10
11781.0
 20
13860.0
 30
0.0
 40
85.0
  1
F64
  7
GOST
 11
11781.0
 21
13860.0
 31
0.0
100
AcDbText
  0
TEXT
  5
1E9
330
17
100
AcDbEntity
  8
FURN
420
1710618
100
AcDbText
 10
8470.0
 20
15860.0
 30
0.0
 40
85.0
  1
F65
  7
GOST
 11
8470.0
 21
15860.0
 31
0.0
100
AcDbText
  0
TEXT
  5
1EA
330
17
100
AcDbEntity
  8
FURN
420
1710618
100
AcDbText
 10
10991.0
 20
15185.0
 30
0.0
 40
85.0
  1
F66
  7
GOST
 11
10991.0
 21
15185.0
 31
0.0
100
AcDbText
  0
TEXT
  5
1EB
330
17
100
AcDbEntity
  8
FURN
420
1710618
100
AcDbText
 10
11343.5
 20
16043.0
 30
0.0
 40
85.0
  1
F67
  7
GOST
 11
11343.5
 21
16043.0
 31
0.0
100
AcDbText
  0
TEXT
  5
1EC
330
17
100
AcDbEntity
  8
FURN
420
1710618
100
AcDbText
 10
11793.5
 20
16043.0
 30
0.0
 40
85.0
  1
F90
  7
GOST
 11
11793.5
 21
16043.0
 31
0.0
100
AcDbText
  0
TEXT
  5
1ED
330
17
100
AcDbEntity
  8
FURN
420
1710618
100
AcDbText
 10
10936.0
 20
16368.5
 30
0.0
 40
85.0
  1
F68
  7
GOST
 11
10936.0
 21
16368.5
 31
0.0
100
AcDbText
  0
TEXT
  5
1EE
330
17
100
AcDbEntity
  8
FURN
420
1710618
100
AcDbText
 10
10530.5
 20
16776.0
 30
0.0
 40
85.0
  1
F69
  7
GOST
 11
10530.5
 21
16776.0
 31
0.0
100
AcDbText
  0
TEXT
  5
1EF
330
17
100
AcDbEntity
  8
FURN
420
1710618
100
AcDbText
 10
10550.0
 20
16456.0
 30
0.0
 40
85.0
  1
F70
  7
GOST
 11
10550.0
 21
16456.0
 31
0.0
100
AcDbText
  0
TEXT
  5
1F0
330
17
100
AcDbEntity
  8
FURN
420
1710618
100
AcDbText
 10
9670.0
 20
16611.0
 30
0.0
 40
85.0
  1
F71
  7
GOST
 11
9670.0
 21
16611.0
 31
0.0
100
AcDbText
  0
TEXT
  5
1F1
330
17
100
AcDbEntity
  8
FURN
420
1710618
100
AcDbText
 10
9670.0
 20
16776.0
 30
0.0
 40
85.0
  1
F72
  7
GOST
 11
9670.0
 21
16776.0
 31
0.0
100
AcDbText
  0
TEXT
  5
1F2
330
17
100
AcDbEntity
  8
FURN
420
1710618
100
AcDbText
 10
9450.0
 20
14985.0
 30
0.0
 40
85.0
  1
F73
  7
GOST
 11
9450.0
 21
14985.0
 31
0.0
100
AcDbText
  0
TEXT
  5
1F3
330
17
100
AcDbEntity
  8
FURN
420
1710618
100
AcDbText
 10
9920.5
 20
14985.0
 30
0.0
 40
85.0
  1
F74
  7
GOST
 11
9920.5
 21
14985.0
 31
0.0
100
AcDbText
  0
TEXT
  5
1F4
330
17
100
AcDbEntity
  8
FURN
420
1710618
100
AcDbText
 10
9948.388347648319
 20
14636.611652351681
 30
0.0
 40
85.0
  1
F75
  7
GOST
 11
9948.388347648319
 21
14636.611652351681
 31
0.0
100
AcDbText
  0
TEXT
  5
1F5
330
17
100
AcDbEntity
  8
FURN
420
1710618
100
AcDbText
 10
11650.0
 20
15260.0
 30
0.0
 40
85.0
  1
F76
  7
GOST
 11
11650.0
 21
15260.0
 31
0.0
100
AcDbText
  0
TEXT
  5
1F6
330
17
100
AcDbEntity
  8
FURN
420
1710618
100
AcDbText
 10
11350.0
 20
16570.0
 30
0.0
 40
85.0
  1
F77
  7
GOST
 11
11350.0
 21
16570.0
 31
0.0
100
AcDbText
  0
TEXT
  5
1F7
330
17
100
AcDbEntity
  8
FURN
420
1710618
100
AcDbText
 10
9015.0
 20
11300.0
 30
0.0
 40
85.0
  1
F78
  7
GOST
 11
9015.0
 21
11300.0
 31
0.0
100
AcDbText
  0
TEXT
  5
1F8
330
17
100
AcDbEntity
  8
FURN
420
1710618
100
AcDbText
 10
9390.0
 20
11300.0
 30
0.0
 40
85.0
  1
F79
  7
GOST
 11
9390.0
 21
11300.0
 31
0.0
100
AcDbText
  0
TEXT
  5
1F9
330
17
100
AcDbEntity
  8
FURN
420
1710618
100
AcDbText
 10
9885.0
 20
11335.0
 30
0.0
 40
85.0
  1
F80
  7
GOST
 11
9885.0
 21
11335.0
 31
0.0
100
AcDbText
  0
TEXT
  5
1FA
330
17
100
AcDbEntity
  8
FURN
420
1710618
100
AcDbText
 10
9850.0
 20
11660.0
 30
0.0
 40
85.0
  1
F81
  7
GOST
 11
9850.0
 21
11660.0
 31
0.0
100
AcDbText
  0
TEXT
  5
1FB
330
17
100
AcDbEntity
  8
FURN
420
1710618
100
AcDbText
 10
8625.0
 20
11520.0
 30
0.0
 40
85.0
  1
F82
  7
GOST
 11
8625.0
 21
11520.0
 31
0.0
100
AcDbText
  0
TEXT
  5
1FC
330
17
100
AcDbEntity
  8
FURN
420
1710618
100
AcDbText
 10
9203.388347648319
 20
11086.611652351683
 30
0.0
 40
85.0
  1
F83
  7
GOST
 11
9203.388347648319
 21
11086.611652351683
 31
0.0
100
AcDbText
  0
TEXT
  5
1FD
330
17
100
AcDbEntity
  8
FURN
420
1710618
100
AcDbText
 10
8811.889001460051
 20
10961.611652351683
 30
0.0
 40
85.0
  1
F84
  7
GOST
 11
8811.889001460051
 21
10961.611652351683
 31
0.0
100
AcDbText
  0
TEXT
  5
1FE
330
17
100
AcDbEntity
  8
FURN
420
1710618
100
AcDbText
 10
9940.0
 20
12625.0
 30
0.0
 40
85.0
  1
F85
  7
GOST
 11
9940.0
 21
12625.0
 31
0.0
100
AcDbText
  0
TEXT
  5
1FF
330
17
100
AcDbEntity
  8
FURN
420
1710618
100
AcDbText
 10
9913.388347648317
 20
11111.611652351683
 30
0.0
 40
85.0
  1
F86
  7
GOST
 11
9913.388347648317
 21
11111.611652351683
 31
0.0
100
AcDbText
  0
TEXT
  5
200
330
17
100
AcDbEntity
  8
FURN
420
1710618
100
AcDbText
 10
8645.0
 20
11941.0
 30
0.0
 40
85.0
  1
F87
  7
GOST
 11
8645.0
 21
11941.0
 31
0.0
100
AcDbText
  0
TEXT
  5
201
330
17
100
AcDbEntity
  8
FURN
420
1710618
100
AcDbText
 10
8645.0
 20
12615.0
 30
0.0
 40
85.0
  1
F88
  7
GOST
 11
8645.0
 21
12615.0
 31
0.0
100
AcDbText
  0
TEXT
  5
202
330
17
100
AcDbEntity
  8
FURN
420
1710618
100
AcDbText
 10
9250.0
 20
12010.0
 30
0.0
 40
85.0
  1
F89
  7
GOST
 11
9250.0
 21
12010.0
 31
0.0
100
AcDbText
  0
HATCH
  5
203
330
17
100
AcDbEntity
  8
VK
 62
7
420
16777215
100
AcDbHatch
 10
0.0
 20
0.0
 30
0.0
210
0.0
220
0.0
230
1.0
  2
SOLID
 70
1
 71
0
 91
1
 92
1
 93
1
 72
2
 10
8511.0
 20
11061.0
 40
50.0
 50
0
 51
360
 73
1
 97
0
 75
1
 76
1
 98
0
  0
CIRCLE
  5
204
330
17
100
AcDbEntity
  8
VK
370
30
420
9079434
100
AcDbCircle
 10
8511.0
 20
11061.0
 30
0.0
 40
50.0
  0
HATCH
  5
205
330
17
100
AcDbEntity
  8
VK
 62
7
420
9079434
100
AcDbHatch
 10
0.0
 20
0.0
 30
0.0
210
0.0
220
0.0
230
1.0
  2
SOLID
 70
1
 71
0
 91
1
 92
1
 93
1
 72
2
 10
8511.0
 20
11061.0
 40
22.5
 50
0
 51
360
 73
1
 97
0
 75
1
 76
1
 98
0
  0
CIRCLE
  5
206
330
17
100
AcDbEntity
  8
VK
370
13
420
9079434
100
AcDbCircle
 10
8511.0
 20
11061.0
 30
0.0
 40
22.5
  0
HATCH
  5
207
330
17
100
AcDbEntity
  8
VK
 62
7
420
16777215
100
AcDbHatch
 10
0.0
 20
0.0
 30
0.0
210
0.0
220
0.0
230
1.0
  2
SOLID
 70
1
 71
0
 91
1
 92
1
 93
1
 72
2
 10
8441.0
 20
11340.0
 40
30.0
 50
0
 51
360
 73
1
 97
0
 75
1
 76
1
 98
0
  0
CIRCLE
  5
208
330
17
100
AcDbEntity
  8
VK
370
30
420
9079434
100
AcDbCircle
 10
8441.0
 20
11340.0
 30
0.0
 40
30.0
  0
HATCH
  5
209
330
17
100
AcDbEntity
  8
VK
 62
7
420
16777215
100
AcDbHatch
 10
0.0
 20
0.0
 30
0.0
210
0.0
220
0.0
230
1.0
  2
SOLID
 70
1
 71
0
 91
1
 92
1
 93
1
 72
2
 10
8441.0
 20
11439.0
 40
30.0
 50
0
 51
360
 73
1
 97
0
 75
1
 76
1
 98
0
  0
CIRCLE
  5
20A
330
17
100
AcDbEntity
  8
VK
370
30
420
9079434
100
AcDbCircle
 10
8441.0
 20
11439.0
 30
0.0
 40
30.0
  0
HATCH
  5
20B
330
17
100
AcDbEntity
  8
VK
 62
7
420
16777215
100
AcDbHatch
 10
0.0
 20
0.0
 30
0.0
210
0.0
220
0.0
230
1.0
  2
SOLID
 70
1
 71
0
 91
1
 92
1
 93
1
 72
2
 10
8441.0
 20
11539.0
 40
30.0
 50
0
 51
360
 73
1
 97
0
 75
1
 76
1
 98
0
  0
CIRCLE
  5
20C
330
17
100
AcDbEntity
  8
VK
370
30
420
9079434
100
AcDbCircle
 10
8441.0
 20
11539.0
 30
0.0
 40
30.0
  0
LWPOLYLINE
  5
20D
330
17
100
AcDbEntity
  8
VK
  6
DASHED
370
25
 48
150.0
420
9079434
100
AcDbPolyline
 90
4
 70
1
 10
8410.0
 20
10960.0
 10
8715.0
 20
10960.0
 10
8715.0
 20
11641.0
 10
8410.0
 20
11641.0
  0
HATCH
  5
20E
330
17
100
AcDbEntity
  8
VK
 62
7
420
16777215
100
AcDbHatch
 10
0.0
 20
0.0
 30
0.0
210
0.0
220
0.0
230
1.0
  2
SOLID
 70
1
 71
0
 91
1
 92
1
 93
1
 72
2
 10
11678.0
 20
16681.0
 40
50.0
 50
0
 51
360
 73
1
 97
0
 75
1
 76
1
 98
0
  0
CIRCLE
  5
20F
330
17
100
AcDbEntity
  8
VK
370
30
420
9079434
100
AcDbCircle
 10
11678.0
 20
16681.0
 30
0.0
 40
50.0
  0
HATCH
  5
210
330
17
100
AcDbEntity
  8
VK
 62
7
420
9079434
100
AcDbHatch
 10
0.0
 20
0.0
 30
0.0
210
0.0
220
0.0
230
1.0
  2
SOLID
 70
1
 71
0
 91
1
 92
1
 93
1
 72
2
 10
11678.0
 20
16681.0
 40
22.5
 50
0
 51
360
 73
1
 97
0
 75
1
 76
1
 98
0
  0
CIRCLE
  5
211
330
17
100
AcDbEntity
  8
VK
370
13
420
9079434
100
AcDbCircle
 10
11678.0
 20
16681.0
 30
0.0
 40
22.5
  0
HATCH
  5
212
330
17
100
AcDbEntity
  8
VK
 62
7
420
16777215
100
AcDbHatch
 10
0.0
 20
0.0
 30
0.0
210
0.0
220
0.0
230
1.0
  2
SOLID
 70
1
 71
0
 91
1
 92
1
 93
1
 72
2
 10
11202.0
 20
16751.0
 40
30.0
 50
0
 51
360
 73
1
 97
0
 75
1
 76
1
 98
0
  0
CIRCLE
  5
213
330
17
100
AcDbEntity
  8
VK
370
30
420
9079434
100
AcDbCircle
 10
11202.0
 20
16751.0
 30
0.0
 40
30.0
  0
HATCH
  5
214
330
17
100
AcDbEntity
  8
VK
 62
7
420
16777215
100
AcDbHatch
 10
0.0
 20
0.0
 30
0.0
210
0.0
220
0.0
230
1.0
  2
SOLID
 70
1
 71
0
 91
1
 92
1
 93
1
 72
2
 10
11302.0
 20
16751.0
 40
30.0
 50
0
 51
360
 73
1
 97
0
 75
1
 76
1
 98
0
  0
CIRCLE
  5
215
330
17
100
AcDbEntity
  8
VK
370
30
420
9079434
100
AcDbCircle
 10
11302.0
 20
16751.0
 30
0.0
 40
30.0
  0
HATCH
  5
216
330
17
100
AcDbEntity
  8
VK
 62
7
420
16777215
100
AcDbHatch
 10
0.0
 20
0.0
 30
0.0
210
0.0
220
0.0
230
1.0
  2
SOLID
 70
1
 71
0
 91
1
 92
1
 93
1
 72
2
 10
11402.0
 20
16751.0
 40
30.0
 50
0
 51
360
 73
1
 97
0
 75
1
 76
1
 98
0
  0
CIRCLE
  5
217
330
17
100
AcDbEntity
  8
VK
370
30
420
9079434
100
AcDbCircle
 10
11402.0
 20
16751.0
 30
0.0
 40
30.0
  0
LWPOLYLINE
  5
218
330
17
100
AcDbEntity
  8
VK
  6
DASHED
370
25
 48
150.0
420
9079434
100
AcDbPolyline
 90
4
 70
1
 10
11103.0
 20
16476.0
 10
11781.0
 20
16476.0
 10
11781.0
 20
16801.0
 10
11103.0
 20
16801.0
  0
HATCH
  5
219
330
17
100
AcDbEntity
  8
VK
 62
7
420
9079434
100
AcDbHatch
 10
0.0
 20
0.0
 30
0.0
210
0.0
220
0.0
230
1.0
  2
ANSI31
 70
0
 71
0
 91
1
 92
3
 72
0
 73
1
 93
4
 10
8460.0
 20
12741.0
 10
8760.0
 20
12741.0
 10
8760.0
 20
12840.0
 10
8460.0
 20
12840.0
 97
0
 75
1
 76
1
 52
0.0
 41
9.166666666666668
 77
0
 78
1
 53
45.0
 43
0.0
 44
0.0
 45
-20.5797536111
 46
20.5797536111
 79
0
 98
0
  0
LWPOLYLINE
  5
21A
330
17
100
AcDbEntity
  8
VK
370
25
420
9079434
100
AcDbPolyline
 90
4
 70
1
 10
8460.0
 20
12741.0
 10
8760.0
 20
12741.0
 10
8760.0
 20
12840.0
 10
8460.0
 20
12840.0
  0
HATCH
  5
21B
330
17
100
AcDbEntity
  8
OV
 62
7
420
9079434
100
AcDbHatch
 10
0.0
 20
0.0
 30
0.0
210
0.0
220
0.0
230
1.0
  2
ANSI37
 70
0
 71
0
 91
1
 92
3
 72
0
 73
1
 93
4
 10
8460.0
 20
12141.0
 10
8760.0
 20
12141.0
 10
8760.0
 20
12240.0
 10
8460.0
 20
12240.0
 97
0
 75
1
 76
1
 52
0.0
 41
13.750000000000002
 77
0
 78
2
 53
45.0
 43
0.0
 44
0.0
 45
-30.8696304166
 46
30.8696304166
 79
0
 53
135.0
 43
0.0
 44
0.0
 45
-30.8696304166
 46
-30.8696304166
 79
0
 98
0
  0
LWPOLYLINE
  5
21C
330
17
100
AcDbEntity
  8
OV
370
25
420
9079434
100
AcDbPolyline
 90
4
 70
1
 10
8460.0
 20
12141.0
 10
8760.0
 20
12141.0
 10
8760.0
 20
12240.0
 10
8460.0
 20
12240.0
  0
HATCH
  5
21D
330
17
100
AcDbEntity
  8
OV
 62
7
420
9079434
100
AcDbHatch
 10
0.0
 20
0.0
 30
0.0
210
0.0
220
0.0
230
1.0
  2
ANSI31
 70
0
 71
0
 91
1
 92
3
 72
0
 73
1
 93
4
 10
8247.0
 20
12141.0
 10
8332.0
 20
12141.0
 10
8332.0
 20
12240.0
 10
8247.0
 20
12240.0
 97
0
 75
1
 76
1
 52
0.0
 41
9.166666666666668
 77
0
 78
1
 53
45.0
 43
0.0
 44
0.0
 45
-20.5797536111
 46
20.5797536111
 79
0
 98
0
  0
LWPOLYLINE
  5
21E
330
17
100
AcDbEntity
  8
OV
370
25
420
9079434
100
AcDbPolyline
 90
4
 70
1
 10
8247.0
 20
12141.0
 10
8332.0
 20
12141.0
 10
8332.0
 20
12240.0
 10
8247.0
 20
12240.0
  0
HATCH
  5
21F
330
17
100
AcDbEntity
  8
VK
 62
7
420
9079434
100
AcDbHatch
 10
0.0
 20
0.0
 30
0.0
210
0.0
220
0.0
230
1.0
  2
ANSI31
 70
0
 71
0
 91
1
 92
3
 72
0
 73
1
 93
4
 10
9791.0
 20
16501.0
 10
9890.0
 20
16501.0
 10
9890.0
 20
16801.0
 10
9791.0
 20
16801.0
 97
0
 75
1
 76
1
 52
0.0
 41
9.166666666666668
 77
0
 78
1
 53
45.0
 43
0.0
 44
0.0
 45
-20.5797536111
 46
20.5797536111
 79
0
 98
0
  0
LWPOLYLINE
  5
220
330
17
100
AcDbEntity
  8
VK
370
25
420
9079434
100
AcDbPolyline
 90
4
 70
1
 10
9791.0
 20
16501.0
 10
9890.0
 20
16501.0
 10
9890.0
 20
16801.0
 10
9791.0
 20
16801.0
  0
HATCH
  5
221
330
17
100
AcDbEntity
  8
EL-SOCKET
 62
7
420
9079434
100
AcDbHatch
 10
0.0
 20
0.0
 30
0.0
210
0.0
220
0.0
230
1.0
  2
SOLID
 70
1
 71
0
 91
1
 92
3
 72
0
 73
1
 93
4
 10
11671.0
 20
13205.000000000002
 10
11781.0
 20
13205.000000000002
 10
11781.0
 20
13515.0
 10
11671.0
 20
13515.0
 97
0
 75
1
 76
1
 98
0
  0
LWPOLYLINE
  5
222
330
17
100
AcDbEntity
  8
EL-SOCKET
370
30
420
9079434
100
AcDbPolyline
 90
4
 70
1
 10
11671.0
 20
13205.000000000002
 10
11781.0
 20
13205.000000000002
 10
11781.0
 20
13515.0
 10
11671.0
 20
13515.0
  0
HATCH
  5
223
330
17
100
AcDbEntity
  8
EL-LOW
 62
7
420
16777215
100
AcDbHatch
 10
0.0
 20
0.0
 30
0.0
210
0.0
220
0.0
230
1.0
  2
SOLID
 70
1
 71
0
 91
1
 92
3
 72
0
 73
1
 93
4
 10
11671.0
 20
13610.0
 10
11781.0
 20
13610.0
 10
11781.0
 20
14010.0
 10
11671.0
 20
14010.0
 97
0
 75
1
 76
1
 98
0
  0
LWPOLYLINE
  5
224
330
17
100
AcDbEntity
  8
EL-LOW
370
30
420
9079434
100
AcDbPolyline
 90
4
 70
1
 10
11671.0
 20
13610.0
 10
11781.0
 20
13610.0
 10
11781.0
 20
14010.0
 10
11671.0
 20
14010.0
  0
CIRCLE
  5
225
330
17
100
AcDbEntity
  8
AR-WALLS
  6
DASHED
370
20
 48
150.0
420
9079434
100
AcDbCircle
 10
1838.0
 20
13998.000000000002
 30
0.0
 40
100.0
  0
CIRCLE
  5
226
330
17
100
AcDbEntity
  8
AR-WALLS
  6
DASHED
370
20
 48
150.0
420
9079434
100
AcDbCircle
 10
1839.9999999999998
 20
10880.0
 30
0.0
 40
100.0
  0
TEXT
  5
227
330
17
100
AcDbEntity
  8
TEXT
 62
7
100
AcDbText
 10
7140.000000000001
 20
13244.999999999998
 30
0.0
 40
110.00000000000001
  1
3. Кухня-столовая
  7
GOST
 72
1
 11
7140.000000000001
 21
13244.999999999998
 31
0.0
100
AcDbText
  0
TEXT
  5
228
330
17
100
AcDbEntity
  8
TEXT
 62
7
100
AcDbText
 10
7140.000000000001
 20
13079.999999999998
 30
0.0
 40
110.00000000000001
  1
14,20 м²
  7
GOST
 72
1
 11
7140.000000000001
 21
13079.999999999998
 31
0.0
100
AcDbText
  0
LWPOLYLINE
  5
229
330
17
100
AcDbEntity
  8
TEXT
 62
7
370
15
100
AcDbPolyline
 90
2
 70
0
 10
6349.1745970507545
 20
13189.999999999998
 10
7930.825402949245
 20
13189.999999999998
  0
TEXT
  5
22A
330
17
100
AcDbEntity
  8
TEXT
 62
7
100
AcDbText
 10
3040.0
 20
12695.000000000002
 30
0.0
 40
110.00000000000001
  1
7. Балкон (тёплый)
  7
GOST
 72
1
 11
3040.0
 21
12695.000000000002
 31
0.0
100
AcDbText
  0
TEXT
  5
22B
330
17
100
AcDbEntity
  8
TEXT
 62
7
100
AcDbText
 10
3040.0
 20
12530.000000000002
 30
0.0
 40
110.00000000000001
  1
6,80 м²
  7
GOST
 72
1
 11
3040.0
 21
12530.000000000002
 31
0.0
100
AcDbText
  0
LWPOLYLINE
  5
22C
330
17
100
AcDbEntity
  8
TEXT
 62
7
370
15
100
AcDbPolyline
 90
2
 70
0
 10
2197.8360768175585
 20
12640.000000000002
 10
3882.163923182443
 20
12640.000000000002
  0
TEXT
  5
22D
330
17
100
AcDbEntity
  8
TEXT
 62
7
100
AcDbText
 10
6540.000000000001
 20
18295.0
 30
0.0
 40
110.00000000000001
  1
1. Спальня
  7
GOST
 72
1
 11
6540.000000000001
 21
18295.0
 31
0.0
100
AcDbText
  0
TEXT
  5
22E
330
17
100
AcDbEntity
  8
TEXT
 62
7
100
AcDbText
 10
6540.000000000001
 20
18130.0
 30
0.0
 40
110.00000000000001
  1
17,54 м²
  7
GOST
 72
1
 11
6540.000000000001
 21
18130.0
 31
0.0
100
AcDbText
  0
LWPOLYLINE
  5
22F
330
17
100
AcDbEntity
  8
TEXT
 62
7
370
15
100
AcDbPolyline
 90
2
 70
0
 10
6073.084705075446
 20
18240.0
 10
7006.9152949245545
 20
18240.0
  0
TEXT
  5
230
330
17
100
AcDbEntity
  8
TEXT
 62
7
100
AcDbText
 10
10140.0
 20
18345.0
 30
0.0
 40
110.00000000000001
  1
2. Детская
  7
GOST
 72
1
 11
10140.0
 21
18345.0
 31
0.0
100
AcDbText
  0
TEXT
  5
231
330
17
100
AcDbEntity
  8
TEXT
 62
7
100
AcDbText
 10
10140.0
 20
18180.0
 30
0.0
 40
110.00000000000001
  1
11,87 м²
  7
GOST
 72
1
 11
10140.0
 21
18180.0
 31
0.0
100
AcDbText
  0
LWPOLYLINE
  5
232
330
17
100
AcDbEntity
  8
TEXT
 62
7
370
15
100
AcDbPolyline
 90
2
 70
0
 10
9677.658607681757
 20
18290.0
 10
10602.341392318243
 20
18290.0
  0
TEXT
  5
233
330
17
100
AcDbEntity
  8
TEXT
 62
7
100
AcDbText
 10
10540.0
 20
13544.999999999998
 30
0.0
 40
110.00000000000001
  1
4. Прихожая-коридор
  7
GOST
 72
1
 11
10540.0
 21
13544.999999999998
 31
0.0
100
AcDbText
  0
TEXT
  5
234
330
17
100
AcDbEntity
  8
TEXT
 62
7
100
AcDbText
 10
10540.0
 20
13379.999999999998
 30
0.0
 40
110.00000000000001
  1
9,34 м²
  7
GOST
 72
1
 11
10540.0
 21
13379.999999999998
 31
0.0
100
AcDbText
  0
LWPOLYLINE
  5
235
330
17
100
AcDbEntity
  8
TEXT
 62
7
370
15
100
AcDbPolyline
 90
2
 70
0
 10
9579.280049725652
 20
13489.999999999998
 10
11500.719950274348
 20
13489.999999999998
  0
TEXT
  5
236
330
17
100
AcDbEntity
  8
TEXT
 62
7
100
AcDbText
 10
9890.0
 20
15694.999999999998
 30
0.0
 40
110.00000000000001
  1
5. Ванная
  7
GOST
 72
1
 11
9890.0
 21
15694.999999999998
 31
0.0
100
AcDbText
  0
TEXT
  5
237
330
17
100
AcDbEntity
  8
TEXT
 62
7
100
AcDbText
 10
9890.0
 20
15529.999999999998
 30
0.0
 40
110.00000000000001
  1
5,39 м²
  7
GOST
 72
1
 11
9890.0
 21
15529.999999999998
 31
0.0
100
AcDbText
  0
LWPOLYLINE
  5
238
330
17
100
AcDbEntity
  8
TEXT
 62
7
370
15
100
AcDbPolyline
 90
2
 70
0
 10
9473.008616255145
 20
15639.999999999998
 10
10306.991383744857
 20
15639.999999999998
  0
TEXT
  5
239
330
17
100
AcDbEntity
  8
TEXT
 62
7
100
AcDbText
 10
9240.0
 20
12645.0
 30
0.0
 40
110.00000000000001
  1
6. Постирочная
  7
GOST
 72
1
 11
9240.0
 21
12645.0
 31
0.0
100
AcDbText
  0
TEXT
  5
23A
330
17
100
AcDbEntity
  8
TEXT
 62
7
100
AcDbText
 10
9240.0
 20
12480.000000000002
 30
0.0
 40
110.00000000000001
  1
3,36 м²
  7
GOST
 72
1
 11
9240.0
 21
12480.000000000002
 31
0.0
100
AcDbText
  0
LWPOLYLINE
  5
23B
330
17
100
AcDbEntity
  8
TEXT
 62
7
370
15
100
AcDbPolyline
 90
2
 70
0
 10
8569.640346364886
 20
12590.0
 10
9910.359653635118
 20
12590.0
  0
LWPOLYLINE
  5
23C
330
17
100
AcDbEntity
  8
DIM
 62
7
370
15
100
AcDbPolyline
 90
2
 70
0
 10
4165.000000000001
 20
20742.0
 10
11985.0
 20
20742.0
  0
LWPOLYLINE
  5
23D
330
17
100
AcDbEntity
  8
DIM
 62
7
370
15
100
AcDbPolyline
 90
2
 70
0
 10
4240.000000000001
 20
20342.0
 10
4240.000000000001
 20
20817.0
  0
LWPOLYLINE
  5
23E
330
17
100
AcDbEntity
  8
DIM
 62
7
370
35
100
AcDbPolyline
 90
2
 70
0
 10
4200.000000000001
 20
20702.0
 10
4280.0
 20
20782.000000000004
  0
LWPOLYLINE
  5
23F
330
17
100
AcDbEntity
  8
DIM
 62
7
370
15
100
AcDbPolyline
 90
2
 70
0
 10
7620.0
 20
20342.0
 10
7620.0
 20
20817.0
  0
LWPOLYLINE
  5
240
330
17
100
AcDbEntity
  8
DIM
 62
7
370
35
100
AcDbPolyline
 90
2
 70
0
 10
7580.0
 20
20702.0
 10
7660.000000000001
 20
20782.000000000004
  0
LWPOLYLINE
  5
241
330
17
100
AcDbEntity
  8
DIM
 62
7
370
15
100
AcDbPolyline
 90
2
 70
0
 10
7759.999999999999
 20
20342.0
 10
7759.999999999999
 20
20817.0
  0
LWPOLYLINE
  5
242
330
17
100
AcDbEntity
  8
DIM
 62
7
370
35
100
AcDbPolyline
 90
2
 70
0
 10
7719.999999999999
 20
20702.0
 10
7800.0
 20
20782.000000000004
  0
LWPOLYLINE
  5
243
330
17
100
AcDbEntity
  8
DIM
 62
7
370
15
100
AcDbPolyline
 90
2
 70
0
 10
11910.0
 20
20342.0
 10
11910.0
 20
20817.0
  0
LWPOLYLINE
  5
244
330
17
100
AcDbEntity
  8
DIM
 62
7
370
35
100
AcDbPolyline
 90
2
 70
0
 10
11870.0
 20
20702.0
 10
11950.000000000002
 20
20782.000000000004
  0
TEXT
  5
245
330
17
100
AcDbEntity
  8
DIM
 62
7
100
AcDbText
 10
5930.0
 20
20772.000000000004
 30
0.0
 40
90.0
  1
3380
  7
GOST
 72
1
 11
5930.0
 21
20772.000000000004
 31
0.0
100
AcDbText
  0
TEXT
  5
246
330
17
100
AcDbEntity
  8
DIM
 62
7
100
AcDbText
 10
7690.000000000001
 20
20907.000000000004
 30
0.0
 40
90.0
  1
140
  7
GOST
 72
1
 11
7690.000000000001
 21
20907.000000000004
 31
0.0
100
AcDbText
  0
LWPOLYLINE
  5
247
330
17
100
AcDbEntity
  8
DIM
 62
7
370
13
100
AcDbPolyline
 90
2
 70
0
 10
7690.000000000001
 20
20742.0
 10
7690.000000000001
 20
20892.0
  0
TEXT
  5
248
330
17
100
AcDbEntity
  8
DIM
 62
7
100
AcDbText
 10
9835.0
 20
20772.000000000004
 30
0.0
 40
90.0
  1
4150
  7
GOST
 72
1
 11
9835.0
 21
20772.000000000004
 31
0.0
100
AcDbText
  0
LWPOLYLINE
  5
249
330
17
100
AcDbEntity
  8
DIM
 62
7
370
15
100
AcDbPolyline
 90
2
 70
0
 10
1159.0
 20
10885.0
 10
1159.0
 20
19946.0
  0
LWPOLYLINE
  5
24A
330
17
100
AcDbEntity
  8
DIM
 62
7
370
15
100
AcDbPolyline
 90
2
 70
0
 10
1559.0
 20
10960.0
 10
1084.0
 20
10960.0
  0
LWPOLYLINE
  5
24B
330
17
100
AcDbEntity
  8
DIM
 62
7
370
35
100
AcDbPolyline
 90
2
 70
0
 10
1119.0
 20
10920.0
 10
1199.0
 20
11000.000000000002
  0
LWPOLYLINE
  5
24C
330
17
100
AcDbEntity
  8
DIM
 62
7
370
15
100
AcDbPolyline
 90
2
 70
0
 10
1559.0
 20
14540.0
 10
1084.0
 20
14540.0
  0
LWPOLYLINE
  5
24D
330
17
100
AcDbEntity
  8
DIM
 62
7
370
35
100
AcDbPolyline
 90
2
 70
0
 10
1119.0
 20
14500.0
 10
1199.0
 20
14580.000000000002
  0
LWPOLYLINE
  5
24E
330
17
100
AcDbEntity
  8
DIM
 62
7
370
15
100
AcDbPolyline
 90
2
 70
0
 10
1559.0
 20
14681.0
 10
1084.0
 20
14681.0
  0
LWPOLYLINE
  5
24F
330
17
100
AcDbEntity
  8
DIM
 62
7
370
35
100
AcDbPolyline
 90
2
 70
0
 10
1119.0
 20
14641.0
 10
1199.0
 20
14721.0
  0
LWPOLYLINE
  5
250
330
17
100
AcDbEntity
  8
DIM
 62
7
370
15
100
AcDbPolyline
 90
2
 70
0
 10
1559.0
 20
19871.0
 10
1084.0
 20
19871.0
  0
LWPOLYLINE
  5
251
330
17
100
AcDbEntity
  8
DIM
 62
7
370
35
100
AcDbPolyline
 90
2
 70
0
 10
1119.0
 20
19831.0
 10
1199.0
 20
19911.0
  0
TEXT
  5
252
330
17
100
AcDbEntity
  8
DIM
 62
7
100
AcDbText
 10
1129.0
 20
12750.0
 30
0.0
 40
90.0
  1
3580
 50
90.0
  7
GOST
 72
1
 11
1129.0
 21
12750.0
 31
0.0
100
AcDbText
  0
TEXT
  5
253
330
17
100
AcDbEntity
  8
DIM
 62
7
100
AcDbText
 10
994.0
 20
14610.500000000002
 30
0.0
 40
90.0
  1
141
 50
90.0
  7
GOST
 72
1
 11
994.0
 21
14610.500000000002
 31
0.0
100
AcDbText
  0
LWPOLYLINE
  5
254
330
17
100
AcDbEntity
  8
DIM
 62
7
370
13
100
AcDbPolyline
 90
2
 70
0
 10
1159.0
 20
14610.500000000002
 10
1009.0
 20
14610.500000000002
  0
TEXT
  5
255
330
17
100
AcDbEntity
  8
DIM
 62
7
100
AcDbText
 10
1129.0
 20
17276.0
 30
0.0
 40
90.0
  1
5190
 50
90.0
  7
GOST
 72
1
 11
1129.0
 21
17276.0
 31
0.0
100
AcDbText
  0
LWPOLYLINE
  5
256
330
17
100
AcDbEntity
  8
DIM
 62
7
370
15
100
AcDbPolyline
 90
2
 70
0
 10
12520.0
 20
10885.0
 10
12520.0
 20
19946.0
  0
LWPOLYLINE
  5
257
330
17
100
AcDbEntity
  8
DIM
 62
7
370
15
100
AcDbPolyline
 90
2
 70
0
 10
12120.0
 20
10960.0
 10
12595.0
 20
10960.0
  0
LWPOLYLINE
  5
258
330
17
100
AcDbEntity
  8
DIM
 62
7
370
35
100
AcDbPolyline
 90
2
 70
0
 10
12480.0
 20
10920.0
 10
12560.0
 20
11000.000000000002
  0
LWPOLYLINE
  5
259
330
17
100
AcDbEntity
  8
DIM
 62
7
370
15
100
AcDbPolyline
 90
2
 70
0
 10
12120.0
 20
12891.0
 10
12595.0
 20
12891.0
  0
LWPOLYLINE
  5
25A
330
17
100
AcDbEntity
  8
DIM
 62
7
370
35
100
AcDbPolyline
 90
2
 70
0
 10
12480.0
 20
12851.0
 10
12560.0
 20
12931.0
  0
LWPOLYLINE
  5
25B
330
17
100
AcDbEntity
  8
DIM
 62
7
370
15
100
AcDbPolyline
 90
2
 70
0
 10
12120.0
 20
12971.0
 10
12595.0
 20
12971.0
  0
LWPOLYLINE
  5
25C
330
17
100
AcDbEntity
  8
DIM
 62
7
370
35
100
AcDbPolyline
 90
2
 70
0
 10
12480.0
 20
12931.0
 10
12560.0
 20
13011.000000000002
  0
LWPOLYLINE
  5
25D
330
17
100
AcDbEntity
  8
DIM
 62
7
370
15
100
AcDbPolyline
 90
2
 70
0
 10
12120.0
 20
14681.0
 10
12595.0
 20
14681.0
  0
LWPOLYLINE
  5
25E
330
17
100
AcDbEntity
  8
DIM
 62
7
370
35
100
AcDbPolyline
 90
2
 70
0
 10
12480.0
 20
14641.0
 10
12560.0
 20
14721.0
  0
LWPOLYLINE
  5
25F
330
17
100
AcDbEntity
  8
DIM
 62
7
370
15
100
AcDbPolyline
 90
2
 70
0
 10
12120.0
 20
14760.0
 10
12595.0
 20
14760.0
  0
LWPOLYLINE
  5
260
330
17
100
AcDbEntity
  8
DIM
 62
7
370
35
100
AcDbPolyline
 90
2
 70
0
 10
12480.0
 20
14719.999999999998
 10
12560.0
 20
14800.0
  0
LWPOLYLINE
  5
261
330
17
100
AcDbEntity
  8
DIM
 62
7
370
15
100
AcDbPolyline
 90
2
 70
0
 10
12120.0
 20
16801.0
 10
12595.0
 20
16801.0
  0
LWPOLYLINE
  5
262
330
17
100
AcDbEntity
  8
DIM
 62
7
370
35
100
AcDbPolyline
 90
2
 70
0
 10
12480.0
 20
16761.0
 10
12560.0
 20
16841.0
  0
LWPOLYLINE
  5
263
330
17
100
AcDbEntity
  8
DIM
 62
7
370
15
100
AcDbPolyline
 90
2
 70
0
 10
12120.0
 20
17011.0
 10
12595.0
 20
17011.0
  0
LWPOLYLINE
  5
264
330
17
100
AcDbEntity
  8
DIM
 62
7
370
35
100
AcDbPolyline
 90
2
 70
0
 10
12480.0
 20
16971.0
 10
12560.0
 20
17051.000000000004
  0
LWPOLYLINE
  5
265
330
17
100
AcDbEntity
  8
DIM
 62
7
370
15
100
AcDbPolyline
 90
2
 70
0
 10
12120.0
 20
19871.0
 10
12595.0
 20
19871.0
  0
LWPOLYLINE
  5
266
330
17
100
AcDbEntity
  8
DIM
 62
7
370
35
100
AcDbPolyline
 90
2
 70
0
 10
12480.0
 20
19831.0
 10
12560.0
 20
19911.0
  0
TEXT
  5
267
330
17
100
AcDbEntity
  8
DIM
 62
7
100
AcDbText
 10
12490.0
 20
11925.5
 30
0.0
 40
90.0
  1
1931
 50
90.0
  7
GOST
 72
1
 11
12490.0
 21
11925.5
 31
0.0
100
AcDbText
  0
TEXT
  5
268
330
17
100
AcDbEntity
  8
DIM
 62
7
100
AcDbText
 10
12355.000000000002
 20
12931.0
 30
0.0
 40
90.0
  1
80
 50
90.0
  7
GOST
 72
1
 11
12355.000000000002
 21
12931.0
 31
0.0
100
AcDbText
  0
LWPOLYLINE
  5
269
330
17
100
AcDbEntity
  8
DIM
 62
7
370
13
100
AcDbPolyline
 90
2
 70
0
 10
12520.0
 20
12931.0
 10
12370.000000000002
 20
12931.0
  0
TEXT
  5
26A
330
17
100
AcDbEntity
  8
DIM
 62
7
100
AcDbText
 10
12490.0
 20
13826.0
 30
0.0
 40
90.0
  1
1710
 50
90.0
  7
GOST
 72
1
 11
12490.0
 21
13826.0
 31
0.0
100
AcDbText
  0
TEXT
  5
26B
330
17
100
AcDbEntity
  8
DIM
 62
7
100
AcDbText
 10
12355.000000000002
 20
14720.499999999998
 30
0.0
 40
90.0
  1
79
 50
90.0
  7
GOST
 72
1
 11
12355.000000000002
 21
14720.499999999998
 31
0.0
100
AcDbText
  0
LWPOLYLINE
  5
26C
330
17
100
AcDbEntity
  8
DIM
 62
7
370
13
100
AcDbPolyline
 90
2
 70
0
 10
12520.0
 20
14720.499999999998
 10
12370.000000000002
 20
14720.499999999998
  0
TEXT
  5
26D
330
17
100
AcDbEntity
  8
DIM
 62
7
100
AcDbText
 10
12490.0
 20
15780.5
 30
0.0
 40
90.0
  1
2041
 50
90.0
  7
GOST
 72
1
 11
12490.0
 21
15780.5
 31
0.0
100
AcDbText
  0
TEXT
  5
26E
330
17
100
AcDbEntity
  8
DIM
 62
7
100
AcDbText
 10
12355.000000000002
 20
16906.0
 30
0.0
 40
90.0
  1
210
 50
90.0
  7
GOST
 72
1
 11
12355.000000000002
 21
16906.0
 31
0.0
100
AcDbText
  0
LWPOLYLINE
  5
26F
330
17
100
AcDbEntity
  8
DIM
 62
7
370
13
100
AcDbPolyline
 90
2
 70
0
 10
12520.0
 20
16906.0
 10
12370.000000000002
 20
16906.0
  0
TEXT
  5
270
330
17
100
AcDbEntity
  8
DIM
 62
7
100
AcDbText
 10
12490.0
 20
18441.000000000004
 30
0.0
 40
90.0
  1
2860
 50
90.0
  7
GOST
 72
1
 11
12490.0
 21
18441.000000000004
 31
0.0
100
AcDbText
  0
LWPOLYLINE
  5
271
330
17
100
AcDbEntity
  8
DIM
 62
7
370
15
100
AcDbPolyline
 90
2
 70
0
 10
1634.0
 20
10360.0
 10
10385.0
 20
10360.0
  0
LWPOLYLINE
  5
272
330
17
100
AcDbEntity
  8
DIM
 62
7
370
15
100
AcDbPolyline
 90
2
 70
0
 10
1709.0
 20
10730.0
 10
1709.0
 20
10285.0
  0
LWPOLYLINE
  5
273
330
17
100
AcDbEntity
  8
DIM
 62
7
370
35
100
AcDbPolyline
 90
2
 70
0
 10
1669.0000000000002
 20
10320.0
 10
1748.9999999999998
 20
10400.000000000002
  0
LWPOLYLINE
  5
274
330
17
100
AcDbEntity
  8
DIM
 62
7
370
15
100
AcDbPolyline
 90
2
 70
0
 10
3820.0000000000005
 20
10730.0
 10
3820.0000000000005
 20
10285.0
  0
LWPOLYLINE
  5
275
330
17
100
AcDbEntity
  8
DIM
 62
7
370
35
100
AcDbPolyline
 90
2
 70
0
 10
3780.0000000000005
 20
10320.0
 10
3860.0
 20
10400.000000000002
  0
LWPOLYLINE
  5
276
330
17
100
AcDbEntity
  8
DIM
 62
7
370
15
100
AcDbPolyline
 90
2
 70
0
 10
4240.000000000001
 20
10730.0
 10
4240.000000000001
 20
10285.0
  0
LWPOLYLINE
  5
277
330
17
100
AcDbEntity
  8
DIM
 62
7
370
35
100
AcDbPolyline
 90
2
 70
0
 10
4200.000000000001
 20
10320.0
 10
4280.0
 20
10400.000000000002
  0
LWPOLYLINE
  5
278
330
17
100
AcDbEntity
  8
DIM
 62
7
370
15
100
AcDbPolyline
 90
2
 70
0
 10
8330.0
 20
10730.0
 10
8330.0
 20
10285.0
  0
LWPOLYLINE
  5
279
330
17
100
AcDbEntity
  8
DIM
 62
7
370
35
100
AcDbPolyline
 90
2
 70
0
 10
8290.0
 20
10320.0
 10
8370.0
 20
10400.000000000002
  0
LWPOLYLINE
  5
27A
330
17
100
AcDbEntity
  8
DIM
 62
7
370
15
100
AcDbPolyline
 90
2
 70
0
 10
8410.0
 20
10730.0
 10
8410.0
 20
10285.0
  0
LWPOLYLINE
  5
27B
330
17
100
AcDbEntity
  8
DIM
 62
7
370
35
100
AcDbPolyline
 90
2
 70
0
 10
8370.0
 20
10320.0
 10
8450.000000000002
 20
10400.000000000002
  0
LWPOLYLINE
  5
27C
330
17
100
AcDbEntity
  8
DIM
 62
7
370
15
100
AcDbPolyline
 90
2
 70
0
 10
10150.0
 20
10730.0
 10
10150.0
 20
10285.0
  0
LWPOLYLINE
  5
27D
330
17
100
AcDbEntity
  8
DIM
 62
7
370
35
100
AcDbPolyline
 90
2
 70
0
 10
10110.0
 20
10320.0
 10
10190.0
 20
10400.000000000002
  0
LWPOLYLINE
  5
27E
330
17
100
AcDbEntity
  8
DIM
 62
7
370
15
100
AcDbPolyline
 90
2
 70
0
 10
10310.0
 20
10730.0
 10
10310.0
 20
10285.0
  0
LWPOLYLINE
  5
27F
330
17
100
AcDbEntity
  8
DIM
 62
7
370
35
100
AcDbPolyline
 90
2
 70
0
 10
10270.0
 20
10320.0
 10
10350.000000000002
 20
10400.000000000002
  0
TEXT
  5
280
330
17
100
AcDbEntity
  8
DIM
 62
7
100
AcDbText
 10
2764.5000000000005
 20
10390.0
 30
0.0
 40
90.0
  1
2111
  7
GOST
 72
1
 11
2764.5000000000005
 21
10390.0
 31
0.0
100
AcDbText
  0
TEXT
  5
281
330
17
100
AcDbEntity
  8
DIM
 62
7
100
AcDbText
 10
4030.0000000000005
 20
10390.0
 30
0.0
 40
90.0
  1
420
  7
GOST
 72
1
 11
4030.0000000000005
 21
10390.0
 31
0.0
100
AcDbText
  0
TEXT
  5
282
330
17
100
AcDbEntity
  8
DIM
 62
7
100
AcDbText
 10
6285.0
 20
10390.0
 30
0.0
 40
90.0
  1
4090
  7
GOST
 72
1
 11
6285.0
 21
10390.0
 31
0.0
100
AcDbText
  0
TEXT
  5
283
330
17
100
AcDbEntity
  8
DIM
 62
7
100
AcDbText
 10
8370.0
 20
10525.0
 30
0.0
 40
90.0
  1
80
  7
GOST
 72
1
 11
8370.0
 21
10525.0
 31
0.0
100
AcDbText
  0
LWPOLYLINE
  5
284
330
17
100
AcDbEntity
  8
DIM
 62
7
370
13
100
AcDbPolyline
 90
2
 70
0
 10
8370.0
 20
10360.0
 10
8370.0
 20
10510.0
  0
TEXT
  5
285
330
17
100
AcDbEntity
  8
DIM
 62
7
100
AcDbText
 10
9280.000000000002
 20
10390.0
 30
0.0
 40
90.0
  1
1740
  7
GOST
 72
1
 11
9280.000000000002
 21
10390.0
 31
0.0
100
AcDbText
  0
TEXT
  5
286
330
17
100
AcDbEntity
  8
DIM
 62
7
100
AcDbText
 10
10230.000000000002
 20
10525.0
 30
0.0
 40
90.0
  1
160
  7
GOST
 72
1
 11
10230.000000000002
 21
10525.0
 31
0.0
100
AcDbText
  0
LWPOLYLINE
  5
287
330
17
100
AcDbEntity
  8
DIM
 62
7
370
13
100
AcDbPolyline
 90
2
 70
0
 10
10230.000000000002
 20
10360.0
 10
10230.000000000002
 20
10510.0
  0
LWPOLYLINE
  5
288
330
17
100
AcDbEntity
  8
DIM
370
20
420
12597547
100
AcDbPolyline
 90
2
 70
0
 10
4090.0000000000005
 20
10960.0
 10
4390.000000000001
 20
10960.0
  0
LWPOLYLINE
  5
289
330
17
100
AcDbEntity
  8
DIM
370
20
420
12597547
100
AcDbPolyline
 90
2
 70
0
 10
4240.000000000001
 20
10810.0
 10
4240.000000000001
 20
11110.0
  0
TEXT
  5
28A
330
17
100
AcDbEntity
  8
TEXT
420
12597547
100
AcDbText
 10
4280.0
 20
11000.000000000002
 30
0.0
 40
80.0
  1
0,0
  7
GOST
 11
4280.0
 21
11000.000000000002
 31
0.0
100
AcDbText
  0
TEXT
  5
28B
330
17
100
AcDbEntity
  8
TEXT
 62
7
100
AcDbText
 10
12675.0
 20
20545.0
 30
0.0
 40
125.0
  1
Экспликация мебели и оборудования (furniture.json)
  7
GOST
 11
12675.0
 21
20545.0
 31
0.0
100
AcDbText
  0
HATCH
  5
28C
330
17
100
AcDbEntity
  8
TEXT
 62
7
420
15132390
100
AcDbHatch
 10
0.0
 20
0.0
 30
0.0
210
0.0
220
0.0
230
1.0
  2
SOLID
 70
1
 71
0
 91
1
 92
3
 72
0
 73
1
 93
4
 10
12675.0
 20
20252.5
 10
20912.5
 20
20252.5
 10
20912.5
 20
20465.0
 10
12675.0
 20
20465.0
 97
0
 75
1
 76
1
 98
0
  0
LWPOLYLINE
  5
28D
330
17
100
AcDbEntity
  8
TEXT
 62
7
370
25
100
AcDbPolyline
 90
4
 70
1
 10
12675.0
 20
20252.5
 10
20912.5
 20
20252.5
 10
20912.5
 20
20465.0
 10
12675.0
 20
20465.0
  0
LWPOLYLINE
  5
28E
330
17
100
AcDbEntity
  8
TEXT
 62
7
370
15
100
AcDbPolyline
 90
2
 70
0
 10
12675.0
 20
20465.0
 10
12675.0
 20
20252.5
  0
TEXT
  5
28F
330
17
100
AcDbEntity
  8
TEXT
 62
7
100
AcDbText
 10
12715.0
 20
20342.5
 30
0.0
 40
72.5
  1
Марка
  7
GOST
 11
12715.0
 21
20342.5
 31
0.0
100
AcDbText
  0
LWPOLYLINE
  5
290
330
17
100
AcDbEntity
  8
TEXT
 62
7
370
15
100
AcDbPolyline
 90
2
 70
0
 10
13140.395480225987
 20
20465.0
 10
13140.395480225987
 20
20252.5
  0
TEXT
  5
291
330
17
100
AcDbEntity
  8
TEXT
 62
7
100
AcDbText
 10
13180.395480225989
 20
20342.5
 30
0.0
 40
72.5
  1
Пом.
  7
GOST
 11
13180.395480225989
 21
20342.5
 31
0.0
100
AcDbText
  0
LWPOLYLINE
  5
292
330
17
100
AcDbEntity
  8
TEXT
 62
7
370
15
100
AcDbPolyline
 90
2
 70
0
 10
13512.71186440678
 20
20465.0
 10
13512.71186440678
 20
20252.5
  0
TEXT
  5
293
330
17
100
AcDbEntity
  8
TEXT
 62
7
100
AcDbText
 10
13552.71186440678
 20
20342.5
 30
0.0
 40
72.5
  1
Наименование
  7
GOST
 11
13552.71186440678
 21
20342.5
 31
0.0
100
AcDbText
  0
LWPOLYLINE
  5
294
330
17
100
AcDbEntity
  8
TEXT
 62
7
370
15
100
AcDbPolyline
 90
2
 70
0
 10
17608.192090395478
 20
20465.0
 10
17608.192090395478
 20
20252.5
  0
TEXT
  5
295
330
17
100
AcDbEntity
  8
TEXT
 62
7
100
AcDbText
 10
17648.19209039548
 20
20342.5
 30
0.0
 40
72.5
  1
Ш×Г×В
  7
GOST
 11
17648.19209039548
 21
20342.5
 31
0.0
100
AcDbText
  0
LWPOLYLINE
  5
296
330
17
100
AcDbEntity
  8
TEXT
 62
7
370
15
100
AcDbPolyline
 90
2
 70
0
 10
18632.062146892655
 20
20465.0
 10
18632.062146892655
 20
20252.5
  0
TEXT
  5
297
330
17
100
AcDbEntity
  8
TEXT
 62
7
100
AcDbText
 10
18672.06214689266
 20
20342.5
 30
0.0
 40
72.5
  1
Положение (от 0,0), мм
  7
GOST
 11
18672.06214689266
 21
20342.5
 31
0.0
100
AcDbText
  0
LWPOLYLINE
  5
298
330
17
100
AcDbEntity
  8
TEXT
 62
7
370
15
100
AcDbPolyline
 90
2
 70
0
 10
20493.644067796613
 20
20465.0
 10
20493.644067796613
 20
20252.5
  0
TEXT
  5
299
330
17
100
AcDbEntity
  8
TEXT
 62
7
100
AcDbText
 10
20533.644067796613
 20
20342.5
 30
0.0
 40
72.5
  1
Изг.
  7
GOST
 11
20533.644067796613
 21
20342.5
 31
0.0
100
AcDbText
  0
LWPOLYLINE
  5
29A
330
17
100
AcDbEntity
  8
TEXT
 62
7
370
15
100
AcDbPolyline
 90
2
 70
0
 10
20912.500000000004
 20
20465.0
 10
20912.500000000004
 20
20252.5
  0
LWPOLYLINE
  5
29B
330
17
100
AcDbEntity
  8
TEXT
 62
7
370
15
100
AcDbPolyline
 90
4
 70
1
 10
12675.0
 20
19974.875
 10
20912.5
 20
19974.875
 10
20912.5
 20
20252.5
 10
12675.0
 20
20252.5
  0
LWPOLYLINE
  5
29C
330
17
100
AcDbEntity
  8
TEXT
 62
7
370
15
100
AcDbPolyline
 90
2
 70
0
 10
12675.0
 20
20252.5
 10
12675.0
 20
19974.875
  0
TEXT
  5
29D
330
17
100
AcDbEntity
  8
TEXT
 62
7
100
AcDbText
 10
12715.0
 20
20130.0
 30
0.0
 40
72.5
  1
F01
  7
GOST
 11
12715.0
 21
20130.0
 31
0.0
100
AcDbText
  0
LWPOLYLINE
  5
29E
330
17
100
AcDbEntity
  8
TEXT
 62
7
370
15
100
AcDbPolyline
 90
2
 70
0
 10
13140.395480225987
 20
20252.5
 10
13140.395480225987
 20
19974.875
  0
TEXT
  5
29F
330
17
100
AcDbEntity
  8
TEXT
 62
7
100
AcDbText
 10
13180.395480225989
 20
20130.0
 30
0.0
 40
72.5
  1
R3
  7
GOST
 11
13180.395480225989
 21
20130.0
 31
0.0
100
AcDbText
  0
LWPOLYLINE
  5
2A0
330
17
100
AcDbEntity
  8
TEXT
 62
7
370
15
100
AcDbPolyline
 90
2
 70
0
 10
13512.71186440678
 20
20252.5
 10
13512.71186440678
 20
19974.875
  0
TEXT
  5
2A1
330
17
100
AcDbEntity
  8
TEXT
 62
7
100
AcDbText
 10
13552.71186440678
 20
20130.0
 30
0.0
 40
72.5
  1
K-01 Пенал угловой 600 (сухие продукты; ниша встраиваемой СВЧ —
  7
GOST
 11
13552.71186440678
 21
20130.0
 31
0.0
100
AcDbText
  0
TEXT
  5
2A2
330
17
100
AcDbEntity
  8
TEXT
 62
7
100
AcDbText
 10
13552.71186440678
 20
20024.875
 30
0.0
 40
72.5
  1
опция)
  7
GOST
 11
13552.71186440678
 21
20024.875
 31
0.0
100
AcDbText
  0
LWPOLYLINE
  5
2A3
330
17
100
AcDbEntity
  8
TEXT
 62
7
370
15
100
AcDbPolyline
 90
2
 70
0
 10
17608.192090395478
 20
20252.5
 10
17608.192090395478
 20
19974.875
  0
TEXT
  5
2A4
330
17
100
AcDbEntity
  8
TEXT
 62
7
100
AcDbText
 10
17648.19209039548
 20
20130.0
 30
0.0
 40
72.5
  1
600×580×2400
  7
GOST
 11
17648.19209039548
 21
20130.0
 31
0.0
100
AcDbText
  0
LWPOLYLINE
  5
2A5
330
17
100
AcDbEntity
  8
TEXT
 62
7
370
15
100
AcDbPolyline
 90
2
 70
0
 10
18632.062146892655
 20
20252.5
 10
18632.062146892655
 20
19974.875
  0
TEXT
  5
2A6
330
17
100
AcDbEntity
  8
TEXT
 62
7
100
AcDbText
 10
18672.06214689266
 20
20130.0
 30
0.0
 40
72.5
  1
x 0..600; y 0..580
  7
GOST
 11
18672.06214689266
 21
20130.0
 31
0.0
100
AcDbText
  0
LWPOLYLINE
  5
2A7
330
17
100
AcDbEntity
  8
TEXT
 62
7
370
15
100
AcDbPolyline
 90
2
 70
0
 10
20493.644067796613
 20
20252.5
 10
20493.644067796613
 20
19974.875
  0
TEXT
  5
2A8
330
17
100
AcDbEntity
  8
TEXT
 62
7
100
AcDbText
 10
20533.644067796613
 20
20130.0
 30
0.0
 40
72.5
  1
да
  7
GOST
 11
20533.644067796613
 21
20130.0
 31
0.0
100
AcDbText
  0
LWPOLYLINE
  5
2A9
330
17
100
AcDbEntity
  8
TEXT
 62
7
370
15
100
AcDbPolyline
 90
2
 70
0
 10
20912.500000000004
 20
20252.5
 10
20912.500000000004
 20
19974.875
  0
LWPOLYLINE
  5
2AA
330
17
100
AcDbEntity
  8
TEXT
 62
7
370
15
100
AcDbPolyline
 90
4
 70
1
 10
12675.0
 20
19802.375
 10
20912.5
 20
19802.375
 10
20912.5
 20
19974.875
 10
12675.0
 20
19974.875
  0
LWPOLYLINE
  5
2AB
330
17
100
AcDbEntity
  8
TEXT
 62
7
370
15
100
AcDbPolyline
 90
2
 70
0
 10
12675.0
 20
19974.875
 10
12675.0
 20
19802.375
  0
TEXT
  5
2AC
330
17
100
AcDbEntity
  8
TEXT
 62
7
100
AcDbText
 10
12715.0
 20
19852.375
 30
0.0
 40
72.5
  1
F02
  7
GOST
 11
12715.0
 21
19852.375
 31
0.0
100
AcDbText
  0
LWPOLYLINE
  5
2AD
330
17
100
AcDbEntity
  8
TEXT
 62
7
370
15
100
AcDbPolyline
 90
2
 70
0
 10
13140.395480225987
 20
19974.875
 10
13140.395480225987
 20
19802.375
  0
TEXT
  5
2AE
330
17
100
AcDbEntity
  8
TEXT
 62
7
100
AcDbText
 10
13180.395480225989
 20
19852.375
 30
0.0
 40
72.5
  1
R3
  7
GOST
 11
13180.395480225989
 21
19852.375
 31
0.0
100
AcDbText
  0
LWPOLYLINE
  5
2AF
330
17
100
AcDbEntity
  8
TEXT
 62
7
370
15
100
AcDbPolyline
 90
2
 70
0
 10
13512.71186440678
 20
19974.875
 10
13512.71186440678
 20
19802.375
  0
TEXT
  5
2B0
330
17
100
AcDbEntity
  8
TEXT
 62
7
100
AcDbText
 10
13552.71186440678
 20
19852.375
 30
0.0
 40
72.5
  1
K-02 База 450, 3 ящика (кастрюли); в ней розетка духовки
  7
GOST
 11
13552.71186440678
 21
19852.375
 31
0.0
100
AcDbText
  0
LWPOLYLINE
  5
2B1
330
17
100
AcDbEntity
  8
TEXT
 62
7
370
15
100
AcDbPolyline
 90
2
 70
0
 10
17608.192090395478
 20
19974.875
 10
17608.192090395478
 20
19802.375
  0
TEXT
  5
2B2
330
17
100
AcDbEntity
  8
TEXT
 62
7
100
AcDbText
 10
17648.19209039548
 20
19852.375
 30
0.0
 40
72.5
  1
450×620×880
  7
GOST
 11
17648.19209039548
 21
19852.375
 31
0.0
100
AcDbText
  0
LWPOLYLINE
  5
2B3
330
17
100
AcDbEntity
  8
TEXT
 62
7
370
15
100
AcDbPolyline
 90
2
 70
0
 10
18632.062146892655
 20
19974.875
 10
18632.062146892655
 20
19802.375
  0
TEXT
  5
2B4
330
17
100
AcDbEntity
  8
TEXT
 62
7
100
AcDbText
 10
18672.06214689266
 20
19852.375
 30
0.0
 40
72.5
  1
x 600..1050; y 0..620
  7
GOST
 11
18672.06214689266
 21
19852.375
 31
0.0
100
AcDbText
  0
LWPOLYLINE
  5
2B5
330
17
100
AcDbEntity
  8
TEXT
 62
7
370
15
100
AcDbPolyline
 90
2
 70
0
 10
20493.644067796613
 20
19974.875
 10
20493.644067796613
 20
19802.375
  0
TEXT
  5
2B6
330
17
100
AcDbEntity
  8
TEXT
 62
7
100
AcDbText
 10
20533.644067796613
 20
19852.375
 30
0.0
 40
72.5
  1
да
  7
GOST
 11
20533.644067796613
 21
19852.375
 31
0.0
100
AcDbText
  0
LWPOLYLINE
  5
2B7
330
17
100
AcDbEntity
  8
TEXT
 62
7
370
15
100
AcDbPolyline
 90
2
 70
0
 10
20912.500000000004
 20
19974.875
 10
20912.500000000004
 20
19802.375
  0
LWPOLYLINE
  5
2B8
330
17
100
AcDbEntity
  8
TEXT
 62
7
370
15
100
AcDbPolyline
 90
4
 70
1
 10
12675.0
 20
19629.875
 10
20912.5
 20
19629.875
 10
20912.5
 20
19802.375
 10
12675.0
 20
19802.375
  0
LWPOLYLINE
  5
2B9
330
17
100
AcDbEntity
  8
TEXT
 62
7
370
15
100
AcDbPolyline
 90
2
 70
0
 10
12675.0
 20
19802.375
 10
12675.0
 20
19629.875
  0
TEXT
  5
2BA
330
17
100
AcDbEntity
  8
TEXT
 62
7
100
AcDbText
 10
12715.0
 20
19679.875
 30
0.0
 40
72.5
  1
F03
  7
GOST
 11
12715.0
 21
19679.875
 31
0.0
100
AcDbText
  0
LWPOLYLINE
  5
2BB
330
17
100
AcDbEntity
  8
TEXT
 62
7
370
15
100
AcDbPolyline
 90
2
 70
0
 10
13140.395480225987
 20
19802.375
 10
13140.395480225987
 20
19629.875
  0
TEXT
  5
2BC
330
17
100
AcDbEntity
  8
TEXT
 62
7
100
AcDbText
 10
13180.395480225989
 20
19679.875
 30
0.0
 40
72.5
  1
R3
  7
GOST
 11
13180.395480225989
 21
19679.875
 31
0.0
100
AcDbText
  0
LWPOLYLINE
  5
2BD
330
17
100
AcDbEntity
  8
TEXT
 62
7
370
15
100
AcDbPolyline
 90
2
 70
0
 10
13512.71186440678
 20
19802.375
 10
13512.71186440678
 20
19629.875
  0
TEXT
  5
2BE
330
17
100
AcDbEntity
  8
TEXT
 62
7
100
AcDbText
 10
13552.71186440678
 20
19679.875
 30
0.0
 40
72.5
  1
K-03 База 600 под духовой шкаф + индукционная панель
  7
GOST
 11
13552.71186440678
 21
19679.875
 31
0.0
100
AcDbText
  0
LWPOLYLINE
  5
2BF
330
17
100
AcDbEntity
  8
TEXT
 62
7
370
15
100
AcDbPolyline
 90
2
 70
0
 10
17608.192090395478
 20
19802.375
 10
17608.192090395478
 20
19629.875
  0
TEXT
  5
2C0
330
17
100
AcDbEntity
  8
TEXT
 62
7
100
AcDbText
 10
17648.19209039548
 20
19679.875
 30
0.0
 40
72.5
  1
600×620×880
  7
GOST
 11
17648.19209039548
 21
19679.875
 31
0.0
100
AcDbText
  0
LWPOLYLINE
  5
2C1
330
17
100
AcDbEntity
  8
TEXT
 62
7
370
15
100
AcDbPolyline
 90
2
 70
0
 10
18632.062146892655
 20
19802.375
 10
18632.062146892655
 20
19629.875
  0
TEXT
  5
2C2
330
17
100
AcDbEntity
  8
TEXT
 62
7
100
AcDbText
 10
18672.06214689266
 20
19679.875
 30
0.0
 40
72.5
  1
x 1050..1650; y 0..620
  7
GOST
 11
18672.06214689266
 21
19679.875
 31
0.0
100
AcDbText
  0
LWPOLYLINE
  5
2C3
330
17
100
AcDbEntity
  8
TEXT
 62
7
370
15
100
AcDbPolyline
 90
2
 70
0
 10
20493.644067796613
 20
19802.375
 10
20493.644067796613
 20
19629.875
  0
TEXT
  5
2C4
330
17
100
AcDbEntity
  8
TEXT
 62
7
100
AcDbText
 10
20533.644067796613
 20
19679.875
 30
0.0
 40
72.5
  1
да
  7
GOST
 11
20533.644067796613
 21
19679.875
 31
0.0
100
AcDbText
  0
LWPOLYLINE
  5
2C5
330
17
100
AcDbEntity
  8
TEXT
 62
7
370
15
100
AcDbPolyline
 90
2
 70
0
 10
20912.500000000004
 20
19802.375
 10
20912.500000000004
 20
19629.875
  0
LWPOLYLINE
  5
2C6
330
17
100
AcDbEntity
  8
TEXT
 62
7
370
15
100
AcDbPolyline
 90
4
 70
1
 10
12675.0
 20
19457.375
 10
20912.5
 20
19457.375
 10
20912.5
 20
19629.875
 10
12675.0
 20
19629.875
  0
LWPOLYLINE
  5
2C7
330
17
100
AcDbEntity
  8
TEXT
 62
7
370
15
100
AcDbPolyline
 90
2
 70
0
 10
12675.0
 20
19629.875
 10
12675.0
 20
19457.375
  0
TEXT
  5
2C8
330
17
100
AcDbEntity
  8
TEXT
 62
7
100
AcDbText
 10
12715.0
 20
19507.375
 30
0.0
 40
72.5
  1
F04
  7
GOST
 11
12715.0
 21
19507.375
 31
0.0
100
AcDbText
  0
LWPOLYLINE
  5
2C9
330
17
100
AcDbEntity
  8
TEXT
 62
7
370
15
100
AcDbPolyline
 90
2
 70
0
 10
13140.395480225987
 20
19629.875
 10
13140.395480225987
 20
19457.375
  0
TEXT
  5
2CA
330
17
100
AcDbEntity
  8
TEXT
 62
7
100
AcDbText
 10
13180.395480225989
 20
19507.375
 30
0.0
 40
72.5
  1
R3
  7
GOST
 11
13180.395480225989
 21
19507.375
 31
0.0
100
AcDbText
  0
LWPOLYLINE
  5
2CB
330
17
100
AcDbEntity
  8
TEXT
 62
7
370
15
100
AcDbPolyline
 90
2
 70
0
 10
13512.71186440678
 20
19629.875
 10
13512.71186440678
 20
19457.375
  0
TEXT
  5
2CC
330
17
100
AcDbEntity
  8
TEXT
 62
7
100
AcDbText
 10
13552.71186440678
 20
19507.375
 30
0.0
 40
72.5
  1
K-04 База 600, 3 ящика (приборы, основная рабочая зона)
  7
GOST
 11
13552.71186440678
 21
19507.375
 31
0.0
100
AcDbText
  0
LWPOLYLINE
  5
2CD
330
17
100
AcDbEntity
  8
TEXT
 62
7
370
15
100
AcDbPolyline
 90
2
 70
0
 10
17608.192090395478
 20
19629.875
 10
17608.192090395478
 20
19457.375
  0
TEXT
  5
2CE
330
17
100
AcDbEntity
  8
TEXT
 62
7
100
AcDbText
 10
17648.19209039548
 20
19507.375
 30
0.0
 40
72.5
  1
600×620×880
  7
GOST
 11
17648.19209039548
 21
19507.375
 31
0.0
100
AcDbText
  0
LWPOLYLINE
  5
2CF
330
17
100
AcDbEntity
  8
TEXT
 62
7
370
15
100
AcDbPolyline
 90
2
 70
0
 10
18632.062146892655
 20
19629.875
 10
18632.062146892655
 20
19457.375
  0
TEXT
  5
2D0
330
17
100
AcDbEntity
  8
TEXT
 62
7
100
AcDbText
 10
18672.06214689266
 20
19507.375
 30
0.0
 40
72.5
  1
x 1650..2250; y 0..620
  7
GOST
 11
18672.06214689266
 21
19507.375
 31
0.0
100
AcDbText
  0
LWPOLYLINE
  5
2D1
330
17
100
AcDbEntity
  8
TEXT
 62
7
370
15
100
AcDbPolyline
 90
2
 70
0
 10
20493.644067796613
 20
19629.875
 10
20493.644067796613
 20
19457.375
  0
TEXT
  5
2D2
330
17
100
AcDbEntity
  8
TEXT
 62
7
100
AcDbText
 10
20533.644067796613
 20
19507.375
 30
0.0
 40
72.5
  1
да
  7
GOST
 11
20533.644067796613
 21
19507.375
 31
0.0
100
AcDbText
  0
LWPOLYLINE
  5
2D3
330
17
100
AcDbEntity
  8
TEXT
 62
7
370
15
100
AcDbPolyline
 90
2
 70
0
 10
20912.500000000004
 20
19629.875
 10
20912.500000000004
 20
19457.375
  0
LWPOLYLINE
  5
2D4
330
17
100
AcDbEntity
  8
TEXT
 62
7
370
15
100
AcDbPolyline
 90
4
 70
1
 10
12675.0
 20
19284.875000000004
 10
20912.5
 20
19284.875000000004
 10
20912.5
 20
19457.375
 10
12675.0
 20
19457.375
  0
LWPOLYLINE
  5
2D5
330
17
100
AcDbEntity
  8
TEXT
 62
7
370
15
100
AcDbPolyline
 90
2
 70
0
 10
12675.0
 20
19457.375
 10
12675.0
 20
19284.875000000004
  0
TEXT
  5
2D6
330
17
100
AcDbEntity
  8
TEXT
 62
7
100
AcDbText
 10
12715.0
 20
19334.875000000004
 30
0.0
 40
72.5
  1
F05
  7
GOST
 11
12715.0
 21
19334.875000000004
 31
0.0
100
AcDbText
  0
LWPOLYLINE
  5
2D7
330
17
100
AcDbEntity
  8
TEXT
 62
7
370
15
100
AcDbPolyline
 90
2
 70
0
 10
13140.395480225987
 20
19457.375
 10
13140.395480225987
 20
19284.875000000004
  0
TEXT
  5
2D8
330
17
100
AcDbEntity
  8
TEXT
 62
7
100
AcDbText
 10
13180.395480225989
 20
19334.875000000004
 30
0.0
 40
72.5
  1
R3
  7
GOST
 11
13180.395480225989
 21
19334.875000000004
 31
0.0
100
AcDbText
  0
LWPOLYLINE
  5
2D9
330
17
100
AcDbEntity
  8
TEXT
 62
7
370
15
100
AcDbPolyline
 90
2
 70
0
 10
13512.71186440678
 20
19457.375
 10
13512.71186440678
 20
19284.875000000004
  0
TEXT
  5
2DA
330
17
100
AcDbEntity
  8
TEXT
 62
7
100
AcDbText
 10
13552.71186440678
 20
19334.875000000004
 30
0.0
 40
72.5
  1
K-05 База 600 под мойку (влагостойкая ЛДСП, поддон)
  7
GOST
 11
13552.71186440678
 21
19334.875000000004
 31
0.0
100
AcDbText
  0
LWPOLYLINE
  5
2DB
330
17
100
AcDbEntity
  8
TEXT
 62
7
370
15
100
AcDbPolyline
 90
2
 70
0
 10
17608.192090395478
 20
19457.375
 10
17608.192090395478
 20
19284.875000000004
  0
TEXT
  5
2DC
330
17
100
AcDbEntity
  8
TEXT
 62
7
100
AcDbText
 10
17648.19209039548
 20
19334.875000000004
 30
0.0
 40
72.5
  1
600×620×880
  7
GOST
 11
17648.19209039548
 21
19334.875000000004
 31
0.0
100
AcDbText
  0
LWPOLYLINE
  5
2DD
330
17
100
AcDbEntity
  8
TEXT
 62
7
370
15
100
AcDbPolyline
 90
2
 70
0
 10
18632.062146892655
 20
19457.375
 10
18632.062146892655
 20
19284.875000000004
  0
TEXT
  5
2DE
330
17
100
AcDbEntity
  8
TEXT
 62
7
100
AcDbText
 10
18672.06214689266
 20
19334.875000000004
 30
0.0
 40
72.5
  1
x 2250..2850; y 0..620
  7
GOST
 11
18672.06214689266
 21
19334.875000000004
 31
0.0
100
AcDbText
  0
LWPOLYLINE
  5
2DF
330
17
100
AcDbEntity
  8
TEXT
 62
7
370
15
100
AcDbPolyline
 90
2
 70
0
 10
20493.644067796613
 20
19457.375
 10
20493.644067796613
 20
19284.875000000004
  0
TEXT
  5
2E0
330
17
100
AcDbEntity
  8
TEXT
 62
7
100
AcDbText
 10
20533.644067796613
 20
19334.875000000004
 30
0.0
 40
72.5
  1
да
  7
GOST
 11
20533.644067796613
 21
19334.875000000004
 31
0.0
100
AcDbText
  0
LWPOLYLINE
  5
2E1
330
17
100
AcDbEntity
  8
TEXT
 62
7
370
15
100
AcDbPolyline
 90
2
 70
0
 10
20912.500000000004
 20
19457.375
 10
20912.500000000004
 20
19284.875000000004
  0
LWPOLYLINE
  5
2E2
330
17
100
AcDbEntity
  8
TEXT
 62
7
370
15
100
AcDbPolyline
 90
4
 70
1
 10
12675.0
 20
19112.375000000004
 10
20912.5
 20
19112.375000000004
 10
20912.5
 20
19284.875000000004
 10
12675.0
 20
19284.875000000004
  0
LWPOLYLINE
  5
2E3
330
17
100
AcDbEntity
  8
TEXT
 62
7
370
15
100
AcDbPolyline
 90
2
 70
0
 10
12675.0
 20
19284.875000000004
 10
12675.0
 20
19112.375000000004
  0
TEXT
  5
2E4
330
17
100
AcDbEntity
  8
TEXT
 62
7
100
AcDbText
 10
12715.0
 20
19162.375000000004
 30
0.0
 40
72.5
  1
F06
  7
GOST
 11
12715.0
 21
19162.375000000004
 31
0.0
100
AcDbText
  0
LWPOLYLINE
  5
2E5
330
17
100
AcDbEntity
  8
TEXT
 62
7
370
15
100
AcDbPolyline
 90
2
 70
0
 10
13140.395480225987
 20
19284.875000000004
 10
13140.395480225987
 20
19112.375000000004
  0
TEXT
  5
2E6
330
17
100
AcDbEntity
  8
TEXT
 62
7
100
AcDbText
 10
13180.395480225989
 20
19162.375000000004
 30
0.0
 40
72.5
  1
R3
  7
GOST
 11
13180.395480225989
 21
19162.375000000004
 31
0.0
100
AcDbText
  0
LWPOLYLINE
  5
2E7
330
17
100
AcDbEntity
  8
TEXT
 62
7
370
15
100
AcDbPolyline
 90
2
 70
0
 10
13512.71186440678
 20
19284.875000000004
 10
13512.71186440678
 20
19112.375000000004
  0
TEXT
  5
2E8
330
17
100
AcDbEntity
  8
TEXT
 62
7
100
AcDbText
 10
13552.71186440678
 20
19162.375000000004
 30
0.0
 40
72.5
  1
K-06 ПММ полновстраиваемая 600 (14 комплектов), 2,0 кВт
  7
GOST
 11
13552.71186440678
 21
19162.375000000004
 31
0.0
100
AcDbText
  0
LWPOLYLINE
  5
2E9
330
17
100
AcDbEntity
  8
TEXT
 62
7
370
15
100
AcDbPolyline
 90
2
 70
0
 10
17608.192090395478
 20
19284.875000000004
 10
17608.192090395478
 20
19112.375000000004
  0
TEXT
  5
2EA
330
17
100
AcDbEntity
  8
TEXT
 62
7
100
AcDbText
 10
17648.19209039548
 20
19162.375000000004
 30
0.0
 40
72.5
  1
600×620×820
  7
GOST
 11
17648.19209039548
 21
19162.375000000004
 31
0.0
100
AcDbText
  0
LWPOLYLINE
  5
2EB
330
17
100
AcDbEntity
  8
TEXT
 62
7
370
15
100
AcDbPolyline
 90
2
 70
0
 10
18632.062146892655
 20
19284.875000000004
 10
18632.062146892655
 20
19112.375000000004
  0
TEXT
  5
2EC
330
17
100
AcDbEntity
  8
TEXT
 62
7
100
AcDbText
 10
18672.06214689266
 20
19162.375000000004
 30
0.0
 40
72.5
  1
x 2850..3450; y 0..620
  7
GOST
 11
18672.06214689266
 21
19162.375000000004
 31
0.0
100
AcDbText
  0
LWPOLYLINE
  5
2ED
330
17
100
AcDbEntity
  8
TEXT
 62
7
370
15
100
AcDbPolyline
 90
2
 70
0
 10
20493.644067796613
 20
19284.875000000004
 10
20493.644067796613
 20
19112.375000000004
  0
LWPOLYLINE
  5
2EE
330
17
100
AcDbEntity
  8
TEXT
 62
7
370
15
100
AcDbPolyline
 90
2
 70
0
 10
20912.500000000004
 20
19284.875000000004
 10
20912.500000000004
 20
19112.375000000004
  0
LWPOLYLINE
  5
2EF
330
17
100
AcDbEntity
  8
TEXT
 62
7
370
15
100
AcDbPolyline
 90
4
 70
1
 10
12675.0
 20
18939.875000000004
 10
20912.5
 20
18939.875000000004
 10
20912.5
 20
19112.375000000004
 10
12675.0
 20
19112.375000000004
  0
LWPOLYLINE
  5
2F0
330
17
100
AcDbEntity
  8
TEXT
 62
7
370
15
100
AcDbPolyline
 90
2
 70
0
 10
12675.0
 20
19112.375000000004
 10
12675.0
 20
18939.875000000004
  0
TEXT
  5
2F1
330
17
100
AcDbEntity
  8
TEXT
 62
7
100
AcDbText
 10
12715.0
 20
18989.875000000004
 30
0.0
 40
72.5
  1
F07
  7
GOST
 11
12715.0
 21
18989.875000000004
 31
0.0
100
AcDbText
  0
LWPOLYLINE
  5
2F2
330
17
100
AcDbEntity
  8
TEXT
 62
7
370
15
100
AcDbPolyline
 90
2
 70
0
 10
13140.395480225987
 20
19112.375000000004
 10
13140.395480225987
 20
18939.875000000004
  0
TEXT
  5
2F3
330
17
100
AcDbEntity
  8
TEXT
 62
7
100
AcDbText
 10
13180.395480225989
 20
18989.875000000004
 30
0.0
 40
72.5
  1
R3
  7
GOST
 11
13180.395480225989
 21
18989.875000000004
 31
0.0
100
AcDbText
  0
LWPOLYLINE
  5
2F4
330
17
100
AcDbEntity
  8
TEXT
 62
7
370
15
100
AcDbPolyline
 90
2
 70
0
 10
13512.71186440678
 20
19112.375000000004
 10
13512.71186440678
 20
18939.875000000004
  0
TEXT
  5
2F5
330
17
100
AcDbEntity
  8
TEXT
 62
7
100
AcDbText
 10
13552.71186440678
 20
18989.875000000004
 30
0.0
 40
72.5
  1
K-07 Пенал 600 под встраиваемый холодильник (ниша 1780–1940)
  7
GOST
 11
13552.71186440678
 21
18989.875000000004
 31
0.0
100
AcDbText
  0
LWPOLYLINE
  5
2F6
330
17
100
AcDbEntity
  8
TEXT
 62
7
370
15
100
AcDbPolyline
 90
2
 70
0
 10
17608.192090395478
 20
19112.375000000004
 10
17608.192090395478
 20
18939.875000000004
  0
TEXT
  5
2F7
330
17
100
AcDbEntity
  8
TEXT
 62
7
100
AcDbText
 10
17648.19209039548
 20
18989.875000000004
 30
0.0
 40
72.5
  1
600×620×2400
  7
GOST
 11
17648.19209039548
 21
18989.875000000004
 31
0.0
100
AcDbText
  0
LWPOLYLINE
  5
2F8
330
17
100
AcDbEntity
  8
TEXT
 62
7
370
15
100
AcDbPolyline
 90
2
 70
0
 10
18632.062146892655
 20
19112.375000000004
 10
18632.062146892655
 20
18939.875000000004
  0
TEXT
  5
2F9
330
17
100
AcDbEntity
  8
TEXT
 62
7
100
AcDbText
 10
18672.06214689266
 20
18989.875000000004
 30
0.0
 40
72.5
  1
x 3450..4050; y 0..620
  7
GOST
 11
18672.06214689266
 21
18989.875000000004
 31
0.0
100
AcDbText
  0
LWPOLYLINE
  5
2FA
330
17
100
AcDbEntity
  8
TEXT
 62
7
370
15
100
AcDbPolyline
 90
2
 70
0
 10
20493.644067796613
 20
19112.375000000004
 10
20493.644067796613
 20
18939.875000000004
  0
TEXT
  5
2FB
330
17
100
AcDbEntity
  8
TEXT
 62
7
100
AcDbText
 10
20533.644067796613
 20
18989.875000000004
 30
0.0
 40
72.5
  1
да
  7
GOST
 11
20533.644067796613
 21
18989.875000000004
 31
0.0
100
AcDbText
  0
LWPOLYLINE
  5
2FC
330
17
100
AcDbEntity
  8
TEXT
 62
7
370
15
100
AcDbPolyline
 90
2
 70
0
 10
20912.500000000004
 20
19112.375000000004
 10
20912.500000000004
 20
18939.875000000004
  0
LWPOLYLINE
  5
2FD
330
17
100
AcDbEntity
  8
TEXT
 62
7
370
15
100
AcDbPolyline
 90
4
 70
1
 10
12675.0
 20
18767.375000000004
 10
20912.5
 20
18767.375000000004
 10
20912.5
 20
18939.875000000004
 10
12675.0
 20
18939.875000000004
  0
LWPOLYLINE
  5
2FE
330
17
100
AcDbEntity
  8
TEXT
 62
7
370
15
100
AcDbPolyline
 90
2
 70
0
 10
12675.0
 20
18939.875000000004
 10
12675.0
 20
18767.375000000004
  0
TEXT
  5
2FF
330
17
100
AcDbEntity
  8
TEXT
 62
7
100
AcDbText
 10
12715.0
 20
18817.375000000004
 30
0.0
 40
72.5
  1
F08
  7
GOST
 11
12715.0
 21
18817.375000000004
 31
0.0
100
AcDbText
  0
LWPOLYLINE
  5
300
330
17
100
AcDbEntity
  8
TEXT
 62
7
370
15
100
AcDbPolyline
 90
2
 70
0
 10
13140.395480225987
 20
18939.875000000004
 10
13140.395480225987
 20
18767.375000000004
  0
TEXT
  5
301
330
17
100
AcDbEntity
  8
TEXT
 62
7
100
AcDbText
 10
13180.395480225989
 20
18817.375000000004
 30
0.0
 40
72.5
  1
R3
  7
GOST
 11
13180.395480225989
 21
18817.375000000004
 31
0.0
100
AcDbText
  0
LWPOLYLINE
  5
302
330
17
100
AcDbEntity
  8
TEXT
 62
7
370
15
100
AcDbPolyline
 90
2
 70
0
 10
13512.71186440678
 20
18939.875000000004
 10
13512.71186440678
 20
18767.375000000004
  0
TEXT
  5
303
330
17
100
AcDbEntity
  8
TEXT
 62
7
100
AcDbText
 10
13552.71186440678
 20
18817.375000000004
 30
0.0
 40
72.5
  1
K-08 Доборная панель 40 у W10
  7
GOST
 11
13552.71186440678
 21
18817.375000000004
 31
0.0
100
AcDbText
  0
LWPOLYLINE
  5
304
330
17
100
AcDbEntity
  8
TEXT
 62
7
370
15
100
AcDbPolyline
 90
2
 70
0
 10
17608.192090395478
 20
18939.875000000004
 10
17608.192090395478
 20
18767.375000000004
  0
TEXT
  5
305
330
17
100
AcDbEntity
  8
TEXT
 62
7
100
AcDbText
 10
17648.19209039548
 20
18817.375000000004
 30
0.0
 40
72.5
  1
40×620×2400
  7
GOST
 11
17648.19209039548
 21
18817.375000000004
 31
0.0
100
AcDbText
  0
LWPOLYLINE
  5
306
330
17
100
AcDbEntity
  8
TEXT
 62
7
370
15
100
AcDbPolyline
 90
2
 70
0
 10
18632.062146892655
 20
18939.875000000004
 10
18632.062146892655
 20
18767.375000000004
  0
TEXT
  5
307
330
17
100
AcDbEntity
  8
TEXT
 62
7
100
AcDbText
 10
18672.06214689266
 20
18817.375000000004
 30
0.0
 40
72.5
  1
x 4050..4090; y 0..620
  7
GOST
 11
18672.06214689266
 21
18817.375000000004
 31
0.0
100
AcDbText
  0
LWPOLYLINE
  5
308
330
17
100
AcDbEntity
  8
TEXT
 62
7
370
15
100
AcDbPolyline
 90
2
 70
0
 10
20493.644067796613
 20
18939.875000000004
 10
20493.644067796613
 20
18767.375000000004
  0
TEXT
  5
309
330
17
100
AcDbEntity
  8
TEXT
 62
7
100
AcDbText
 10
20533.644067796613
 20
18817.375000000004
 30
0.0
 40
72.5
  1
да
  7
GOST
 11
20533.644067796613
 21
18817.375000000004
 31
0.0
100
AcDbText
  0
LWPOLYLINE
  5
30A
330
17
100
AcDbEntity
  8
TEXT
 62
7
370
15
100
AcDbPolyline
 90
2
 70
0
 10
20912.500000000004
 20
18939.875000000004
 10
20912.500000000004
 20
18767.375000000004
  0
LWPOLYLINE
  5
30B
330
17
100
AcDbEntity
  8
TEXT
 62
7
370
15
100
AcDbPolyline
 90
4
 70
1
 10
12675.0
 20
18489.750000000004
 10
20912.5
 20
18489.750000000004
 10
20912.5
 20
18767.375000000004
 10
12675.0
 20
18767.375000000004
  0
LWPOLYLINE
  5
30C
330
17
100
AcDbEntity
  8
TEXT
 62
7
370
15
100
AcDbPolyline
 90
2
 70
0
 10
12675.0
 20
18767.375000000004
 10
12675.0
 20
18489.750000000004
  0
TEXT
  5
30D
330
17
100
AcDbEntity
  8
TEXT
 62
7
100
AcDbText
 10
12715.0
 20
18644.875000000004
 30
0.0
 40
72.5
  1
F09
  7
GOST
 11
12715.0
 21
18644.875000000004
 31
0.0
100
AcDbText
  0
LWPOLYLINE
  5
30E
330
17
100
AcDbEntity
  8
TEXT
 62
7
370
15
100
AcDbPolyline
 90
2
 70
0
 10
13140.395480225987
 20
18767.375000000004
 10
13140.395480225987
 20
18489.750000000004
  0
TEXT
  5
30F
330
17
100
AcDbEntity
  8
TEXT
 62
7
100
AcDbText
 10
13180.395480225989
 20
18644.875000000004
 30
0.0
 40
72.5
  1
R3
  7
GOST
 11
13180.395480225989
 21
18644.875000000004
 31
0.0
100
AcDbText
  0
LWPOLYLINE
  5
310
330
17
100
AcDbEntity
  8
TEXT
 62
7
370
15
100
AcDbPolyline
 90
2
 70
0
 10
13512.71186440678
 20
18767.375000000004
 10
13512.71186440678
 20
18489.750000000004
  0
TEXT
  5
311
330
17
100
AcDbEntity
  8
TEXT
 62
7
100
AcDbText
 10
13552.71186440678
 20
18644.875000000004
 30
0.0
 40
72.5
  1
Столешница кварцевый агломерат 20 мм, 3450×640 (x 600..4050), вырезы:
  7
GOST
 11
13552.71186440678
 21
18644.875000000004
 31
0.0
100
AcDbText
  0
TEXT
  5
312
330
17
100
AcDbEntity
  8
TEXT
 62
7
100
AcDbText
 10
13552.71186440678
 20
18539.750000000004
 30
0.0
 40
72.5
  1
мойка, индукция
  7
GOST
 11
13552.71186440678
 21
18539.750000000004
 31
0.0
100
AcDbText
  0
LWPOLYLINE
  5
313
330
17
100
AcDbEntity
  8
TEXT
 62
7
370
15
100
AcDbPolyline
 90
2
 70
0
 10
17608.192090395478
 20
18767.375000000004
 10
17608.192090395478
 20
18489.750000000004
  0
TEXT
  5
314
330
17
100
AcDbEntity
  8
TEXT
 62
7
100
AcDbText
 10
17648.19209039548
 20
18644.875000000004
 30
0.0
 40
72.5
  1
3450×640×20
  7
GOST
 11
17648.19209039548
 21
18644.875000000004
 31
0.0
100
AcDbText
  0
LWPOLYLINE
  5
315
330
17
100
AcDbEntity
  8
TEXT
 62
7
370
15
100
AcDbPolyline
 90
2
 70
0
 10
18632.062146892655
 20
18767.375000000004
 10
18632.062146892655
 20
18489.750000000004
  0
TEXT
  5
316
330
17
100
AcDbEntity
  8
TEXT
 62
7
100
AcDbText
 10
18672.06214689266
 20
18644.875000000004
 30
0.0
 40
72.5
  1
x 600..4050; y 0..640; низ +880
  7
GOST
 11
18672.06214689266
 21
18644.875000000004
 31
0.0
100
AcDbText
  0
LWPOLYLINE
  5
317
330
17
100
AcDbEntity
  8
TEXT
 62
7
370
15
100
AcDbPolyline
 90
2
 70
0
 10
20493.644067796613
 20
18767.375000000004
 10
20493.644067796613
 20
18489.750000000004
  0
TEXT
  5
318
330
17
100
AcDbEntity
  8
TEXT
 62
7
100
AcDbText
 10
20533.644067796613
 20
18644.875000000004
 30
0.0
 40
72.5
  1
да
  7
GOST
 11
20533.644067796613
 21
18644.875000000004
 31
0.0
100
AcDbText
  0
LWPOLYLINE
  5
319
330
17
100
AcDbEntity
  8
TEXT
 62
7
370
15
100
AcDbPolyline
 90
2
 70
0
 10
20912.500000000004
 20
18767.375000000004
 10
20912.500000000004
 20
18489.750000000004
  0
LWPOLYLINE
  5
31A
330
17
100
AcDbEntity
  8
TEXT
 62
7
370
15
100
AcDbPolyline
 90
4
 70
1
 10
12675.0
 20
18317.250000000004
 10
20912.5
 20
18317.250000000004
 10
20912.5
 20
18489.750000000004
 10
12675.0
 20
18489.750000000004
  0
LWPOLYLINE
  5
31B
330
17
100
AcDbEntity
  8
TEXT
 62
7
370
15
100
AcDbPolyline
 90
2
 70
0
 10
12675.0
 20
18489.750000000004
 10
12675.0
 20
18317.250000000004
  0
TEXT
  5
31C
330
17
100
AcDbEntity
  8
TEXT
 62
7
100
AcDbText
 10
12715.0
 20
18367.250000000004
 30
0.0
 40
72.5
  1
F10
  7
GOST
 11
12715.0
 21
18367.250000000004
 31
0.0
100
AcDbText
  0
LWPOLYLINE
  5
31D
330
17
100
AcDbEntity
  8
TEXT
 62
7
370
15
100
AcDbPolyline
 90
2
 70
0
 10
13140.395480225987
 20
18489.750000000004
 10
13140.395480225987
 20
18317.250000000004
  0
TEXT
  5
31E
330
17
100
AcDbEntity
  8
TEXT
 62
7
100
AcDbText
 10
13180.395480225989
 20
18367.250000000004
 30
0.0
 40
72.5
  1
R3
  7
GOST
 11
13180.395480225989
 21
18367.250000000004
 31
0.0
100
AcDbText
  0
LWPOLYLINE
  5
31F
330
17
100
AcDbEntity
  8
TEXT
 62
7
370
15
100
AcDbPolyline
 90
2
 70
0
 10
13512.71186440678
 20
18489.750000000004
 10
13512.71186440678
 20
18317.250000000004
  0
TEXT
  5
320
330
17
100
AcDbEntity
  8
TEXT
 62
7
100
AcDbText
 10
13552.71186440678
 20
18367.250000000004
 30
0.0
 40
72.5
  1
KW-01 Навесной 450
  7
GOST
 11
13552.71186440678
 21
18367.250000000004
 31
0.0
100
AcDbText
  0
LWPOLYLINE
  5
321
330
17
100
AcDbEntity
  8
TEXT
 62
7
370
15
100
AcDbPolyline
 90
2
 70
0
 10
17608.192090395478
 20
18489.750000000004
 10
17608.192090395478
 20
18317.250000000004
  0
TEXT
  5
322
330
17
100
AcDbEntity
  8
TEXT
 62
7
100
AcDbText
 10
17648.19209039548
 20
18367.250000000004
 30
0.0
 40
72.5
  1
450×350×850
  7
GOST
 11
17648.19209039548
 21
18367.250000000004
 31
0.0
100
AcDbText
  0
LWPOLYLINE
  5
323
330
17
100
AcDbEntity
  8
TEXT
 62
7
370
15
100
AcDbPolyline
 90
2
 70
0
 10
18632.062146892655
 20
18489.750000000004
 10
18632.062146892655
 20
18317.250000000004
  0
TEXT
  5
324
330
17
100
AcDbEntity
  8
TEXT
 62
7
100
AcDbText
 10
18672.06214689266
 20
18367.250000000004
 30
0.0
 40
72.5
  1
x 600..1050; y 0..350; низ +1550
  7
GOST
 11
18672.06214689266
 21
18367.250000000004
 31
0.0
100
AcDbText
  0
LWPOLYLINE
  5
325
330
17
100
AcDbEntity
  8
TEXT
 62
7
370
15
100
AcDbPolyline
 90
2
 70
0
 10
20493.644067796613
 20
18489.750000000004
 10
20493.644067796613
 20
18317.250000000004
  0
TEXT
  5
326
330
17
100
AcDbEntity
  8
TEXT
 62
7
100
AcDbText
 10
20533.644067796613
 20
18367.250000000004
 30
0.0
 40
72.5
  1
да
  7
GOST
 11
20533.644067796613
 21
18367.250000000004
 31
0.0
100
AcDbText
  0
LWPOLYLINE
  5
327
330
17
100
AcDbEntity
  8
TEXT
 62
7
370
15
100
AcDbPolyline
 90
2
 70
0
 10
20912.500000000004
 20
18489.750000000004
 10
20912.500000000004
 20
18317.250000000004
  0
LWPOLYLINE
  5
328
330
17
100
AcDbEntity
  8
TEXT
 62
7
370
15
100
AcDbPolyline
 90
4
 70
1
 10
12675.0
 20
18144.750000000004
 10
20912.5
 20
18144.750000000004
 10
20912.5
 20
18317.250000000004
 10
12675.0
 20
18317.250000000004
  0
LWPOLYLINE
  5
329
330
17
100
AcDbEntity
  8
TEXT
 62
7
370
15
100
AcDbPolyline
 90
2
 70
0
 10
12675.0
 20
18317.250000000004
 10
12675.0
 20
18144.750000000004
  0
TEXT
  5
32A
330
17
100
AcDbEntity
  8
TEXT
 62
7
100
AcDbText
 10
12715.0
 20
18194.750000000004
 30
0.0
 40
72.5
  1
F11
  7
GOST
 11
12715.0
 21
18194.750000000004
 31
0.0
100
AcDbText
  0
LWPOLYLINE
  5
32B
330
17
100
AcDbEntity
  8
TEXT
 62
7
370
15
100
AcDbPolyline
 90
2
 70
0
 10
13140.395480225987
 20
18317.250000000004
 10
13140.395480225987
 20
18144.750000000004
  0
TEXT
  5
32C
330
17
100
AcDbEntity
  8
TEXT
 62
7
100
AcDbText
 10
13180.395480225989
 20
18194.750000000004
 30
0.0
 40
72.5
  1
R3
  7
GOST
 11
13180.395480225989
 21
18194.750000000004
 31
0.0
100
AcDbText
  0
LWPOLYLINE
  5
32D
330
17
100
AcDbEntity
  8
TEXT
 62
7
370
15
100
AcDbPolyline
 90
2
 70
0
 10
13512.71186440678
 20
18317.250000000004
 10
13512.71186440678
 20
18144.750000000004
  0
TEXT
  5
32E
330
17
100
AcDbEntity
  8
TEXT
 62
7
100
AcDbText
 10
13552.71186440678
 20
18194.750000000004
 30
0.0
 40
72.5
  1
KW-02 Навесной 600 со встроенной вытяжкой
  7
GOST
 11
13552.71186440678
 21
18194.750000000004
 31
0.0
100
AcDbText
  0
LWPOLYLINE
  5
32F
330
17
100
AcDbEntity
  8
TEXT
 62
7
370
15
100
AcDbPolyline
 90
2
 70
0
 10
17608.192090395478
 20
18317.250000000004
 10
17608.192090395478
 20
18144.750000000004
  0
TEXT
  5
330
330
17
100
AcDbEntity
  8
TEXT
 62
7
100
AcDbText
 10
17648.19209039548
 20
18194.750000000004
 30
0.0
 40
72.5
  1
600×350×850
  7
GOST
 11
17648.19209039548
 21
18194.750000000004
 31
0.0
100
AcDbText
  0
LWPOLYLINE
  5
331
330
17
100
AcDbEntity
  8
TEXT
 62
7
370
15
100
AcDbPolyline
 90
2
 70
0
 10
18632.062146892655
 20
18317.250000000004
 10
18632.062146892655
 20
18144.750000000004
  0
TEXT
  5
332
330
17
100
AcDbEntity
  8
TEXT
 62
7
100
AcDbText
 10
18672.06214689266
 20
18194.750000000004
 30
0.0
 40
72.5
  1
x 1050..1650; y 0..350; низ +1550
  7
GOST
 11
18672.06214689266
 21
18194.750000000004
 31
0.0
100
AcDbText
  0
LWPOLYLINE
  5
333
330
17
100
AcDbEntity
  8
TEXT
 62
7
370
15
100
AcDbPolyline
 90
2
 70
0
 10
20493.644067796613
 20
18317.250000000004
 10
20493.644067796613
 20
18144.750000000004
  0
TEXT
  5
334
330
17
100
AcDbEntity
  8
TEXT
 62
7
100
AcDbText
 10
20533.644067796613
 20
18194.750000000004
 30
0.0
 40
72.5
  1
да
  7
GOST
 11
20533.644067796613
 21
18194.750000000004
 31
0.0
100
AcDbText
  0
LWPOLYLINE
  5
335
330
17
100
AcDbEntity
  8
TEXT
 62
7
370
15
100
AcDbPolyline
 90
2
 70
0
 10
20912.500000000004
 20
18317.250000000004
 10
20912.500000000004
 20
18144.750000000004
  0
LWPOLYLINE
  5
336
330
17
100
AcDbEntity
  8
TEXT
 62
7
370
15
100
AcDbPolyline
 90
4
 70
1
 10
12675.0
 20
17972.250000000004
 10
20912.5
 20
17972.250000000004
 10
20912.5
 20
18144.750000000004
 10
12675.0
 20
18144.750000000004
  0
LWPOLYLINE
  5
337
330
17
100
AcDbEntity
  8
TEXT
 62
7
370
15
100
AcDbPolyline
 90
2
 70
0
 10
12675.0
 20
18144.750000000004
 10
12675.0
 20
17972.250000000004
  0
TEXT
  5
338
330
17
100
AcDbEntity
  8
TEXT
 62
7
100
AcDbText
 10
12715.0
 20
18022.250000000004
 30
0.0
 40
72.5
  1
F12
  7
GOST
 11
12715.0
 21
18022.250000000004
 31
0.0
100
AcDbText
  0
LWPOLYLINE
  5
339
330
17
100
AcDbEntity
  8
TEXT
 62
7
370
15
100
AcDbPolyline
 90
2
 70
0
 10
13140.395480225987
 20
18144.750000000004
 10
13140.395480225987
 20
17972.250000000004
  0
TEXT
  5
33A
330
17
100
AcDbEntity
  8
TEXT
 62
7
100
AcDbText
 10
13180.395480225989
 20
18022.250000000004
 30
0.0
 40
72.5
  1
R3
  7
GOST
 11
13180.395480225989
 21
18022.250000000004
 31
0.0
100
AcDbText
  0
LWPOLYLINE
  5
33B
330
17
100
AcDbEntity
  8
TEXT
 62
7
370
15
100
AcDbPolyline
 90
2
 70
0
 10
13512.71186440678
 20
18144.750000000004
 10
13512.71186440678
 20
17972.250000000004
  0
TEXT
  5
33C
330
17
100
AcDbEntity
  8
TEXT
 62
7
100
AcDbText
 10
13552.71186440678
 20
18022.250000000004
 30
0.0
 40
72.5
  1
KW-03 Навесной 600
  7
GOST
 11
13552.71186440678
 21
18022.250000000004
 31
0.0
100
AcDbText
  0
LWPOLYLINE
  5
33D
330
17
100
AcDbEntity
  8
TEXT
 62
7
370
15
100
AcDbPolyline
 90
2
 70
0
 10
17608.192090395478
 20
18144.750000000004
 10
17608.192090395478
 20
17972.250000000004
  0
TEXT
  5
33E
330
17
100
AcDbEntity
  8
TEXT
 62
7
100
AcDbText
 10
17648.19209039548
 20
18022.250000000004
 30
0.0
 40
72.5
  1
600×350×850
  7
GOST
 11
17648.19209039548
 21
18022.250000000004
 31
0.0
100
AcDbText
  0
LWPOLYLINE
  5
33F
330
17
100
AcDbEntity
  8
TEXT
 62
7
370
15
100
AcDbPolyline
 90
2
 70
0
 10
18632.062146892655
 20
18144.750000000004
 10
18632.062146892655
 20
17972.250000000004
  0
TEXT
  5
340
330
17
100
AcDbEntity
  8
TEXT
 62
7
100
AcDbText
 10
18672.06214689266
 20
18022.250000000004
 30
0.0
 40
72.5
  1
x 1650..2250; y 0..350; низ +1550
  7
GOST
 11
18672.06214689266
 21
18022.250000000004
 31
0.0
100
AcDbText
  0
LWPOLYLINE
  5
341
330
17
100
AcDbEntity
  8
TEXT
 62
7
370
15
100
AcDbPolyline
 90
2
 70
0
 10
20493.644067796613
 20
18144.750000000004
 10
20493.644067796613
 20
17972.250000000004
  0
TEXT
  5
342
330
17
100
AcDbEntity
  8
TEXT
 62
7
100
AcDbText
 10
20533.644067796613
 20
18022.250000000004
 30
0.0
 40
72.5
  1
да
  7
GOST
 11
20533.644067796613
 21
18022.250000000004
 31
0.0
100
AcDbText
  0
LWPOLYLINE
  5
343
330
17
100
AcDbEntity
  8
TEXT
 62
7
370
15
100
AcDbPolyline
 90
2
 70
0
 10
20912.500000000004
 20
18144.750000000004
 10
20912.500000000004
 20
17972.250000000004
  0
LWPOLYLINE
  5
344
330
17
100
AcDbEntity
  8
TEXT
 62
7
370
15
100
AcDbPolyline
 90
4
 70
1
 10
12675.0
 20
17799.750000000007
 10
20912.5
 20
17799.750000000007
 10
20912.5
 20
17972.250000000004
 10
12675.0
 20
17972.250000000004
  0
LWPOLYLINE
  5
345
330
17
100
AcDbEntity
  8
TEXT
 62
7
370
15
100
AcDbPolyline
 90
2
 70
0
 10
12675.0
 20
17972.250000000004
 10
12675.0
 20
17799.750000000007
  0
TEXT
  5
346
330
17
100
AcDbEntity
  8
TEXT
 62
7
100
AcDbText
 10
12715.0
 20
17849.750000000007
 30
0.0
 40
72.5
  1
F13
  7
GOST
 11
12715.0
 21
17849.750000000007
 31
0.0
100
AcDbText
  0
LWPOLYLINE
  5
347
330
17
100
AcDbEntity
  8
TEXT
 62
7
370
15
100
AcDbPolyline
 90
2
 70
0
 10
13140.395480225987
 20
17972.250000000004
 10
13140.395480225987
 20
17799.750000000007
  0
TEXT
  5
348
330
17
100
AcDbEntity
  8
TEXT
 62
7
100
AcDbText
 10
13180.395480225989
 20
17849.750000000007
 30
0.0
 40
72.5
  1
R3
  7
GOST
 11
13180.395480225989
 21
17849.750000000007
 31
0.0
100
AcDbText
  0
LWPOLYLINE
  5
349
330
17
100
AcDbEntity
  8
TEXT
 62
7
370
15
100
AcDbPolyline
 90
2
 70
0
 10
13512.71186440678
 20
17972.250000000004
 10
13512.71186440678
 20
17799.750000000007
  0
TEXT
  5
34A
330
17
100
AcDbEntity
  8
TEXT
 62
7
100
AcDbText
 10
13552.71186440678
 20
17849.750000000007
 30
0.0
 40
72.5
  1
KW-04 Навесной 600 с сушкой над мойкой
  7
GOST
 11
13552.71186440678
 21
17849.750000000007
 31
0.0
100
AcDbText
  0
LWPOLYLINE
  5
34B
330
17
100
AcDbEntity
  8
TEXT
 62
7
370
15
100
AcDbPolyline
 90
2
 70
0
 10
17608.192090395478
 20
17972.250000000004
 10
17608.192090395478
 20
17799.750000000007
  0
TEXT
  5
34C
330
17
100
AcDbEntity
  8
TEXT
 62
7
100
AcDbText
 10
17648.19209039548
 20
17849.750000000007
 30
0.0
 40
72.5
  1
600×350×850
  7
GOST
 11
17648.19209039548
 21
17849.750000000007
 31
0.0
100
AcDbText
  0
LWPOLYLINE
  5
34D
330
17
100
AcDbEntity
  8
TEXT
 62
7
370
15
100
AcDbPolyline
 90
2
 70
0
 10
18632.062146892655
 20
17972.250000000004
 10
18632.062146892655
 20
17799.750000000007
  0
TEXT
  5
34E
330
17
100
AcDbEntity
  8
TEXT
 62
7
100
AcDbText
 10
18672.06214689266
 20
17849.750000000007
 30
0.0
 40
72.5
  1
x 2250..2850; y 0..350; низ +1550
  7
GOST
 11
18672.06214689266
 21
17849.750000000007
 31
0.0
100
AcDbText
  0
LWPOLYLINE
  5
34F
330
17
100
AcDbEntity
  8
TEXT
 62
7
370
15
100
AcDbPolyline
 90
2
 70
0
 10
20493.644067796613
 20
17972.250000000004
 10
20493.644067796613
 20
17799.750000000007
  0
TEXT
  5
350
330
17
100
AcDbEntity
  8
TEXT
 62
7
100
AcDbText
 10
20533.644067796613
 20
17849.750000000007
 30
0.0
 40
72.5
  1
да
  7
GOST
 11
20533.644067796613
 21
17849.750000000007
 31
0.0
100
AcDbText
  0
LWPOLYLINE
  5
351
330
17
100
AcDbEntity
  8
TEXT
 62
7
370
15
100
AcDbPolyline
 90
2
 70
0
 10
20912.500000000004
 20
17972.250000000004
 10
20912.500000000004
 20
17799.750000000007
  0
LWPOLYLINE
  5
352
330
17
100
AcDbEntity
  8
TEXT
 62
7
370
15
100
AcDbPolyline
 90
4
 70
1
 10
12675.0
 20
17627.250000000007
 10
20912.5
 20
17627.250000000007
 10
20912.5
 20
17799.750000000007
 10
12675.0
 20
17799.750000000007
  0
LWPOLYLINE
  5
353
330
17
100
AcDbEntity
  8
TEXT
 62
7
370
15
100
AcDbPolyline
 90
2
 70
0
 10
12675.0
 20
17799.750000000007
 10
12675.0
 20
17627.250000000007
  0
TEXT
  5
354
330
17
100
AcDbEntity
  8
TEXT
 62
7
100
AcDbText
 10
12715.0
 20
17677.250000000007
 30
0.0
 40
72.5
  1
F14
  7
GOST
 11
12715.0
 21
17677.250000000007
 31
0.0
100
AcDbText
  0
LWPOLYLINE
  5
355
330
17
100
AcDbEntity
  8
TEXT
 62
7
370
15
100
AcDbPolyline
 90
2
 70
0
 10
13140.395480225987
 20
17799.750000000007
 10
13140.395480225987
 20
17627.250000000007
  0
TEXT
  5
356
330
17
100
AcDbEntity
  8
TEXT
 62
7
100
AcDbText
 10
13180.395480225989
 20
17677.250000000007
 30
0.0
 40
72.5
  1
R3
  7
GOST
 11
13180.395480225989
 21
17677.250000000007
 31
0.0
100
AcDbText
  0
LWPOLYLINE
  5
357
330
17
100
AcDbEntity
  8
TEXT
 62
7
370
15
100
AcDbPolyline
 90
2
 70
0
 10
13512.71186440678
 20
17799.750000000007
 10
13512.71186440678
 20
17627.250000000007
  0
TEXT
  5
358
330
17
100
AcDbEntity
  8
TEXT
 62
7
100
AcDbText
 10
13552.71186440678
 20
17677.250000000007
 30
0.0
 40
72.5
  1
KW-05 Навесной 600
  7
GOST
 11
13552.71186440678
 21
17677.250000000007
 31
0.0
100
AcDbText
  0
LWPOLYLINE
  5
359
330
17
100
AcDbEntity
  8
TEXT
 62
7
370
15
100
AcDbPolyline
 90
2
 70
0
 10
17608.192090395478
 20
17799.750000000007
 10
17608.192090395478
 20
17627.250000000007
  0
TEXT
  5
35A
330
17
100
AcDbEntity
  8
TEXT
 62
7
100
AcDbText
 10
17648.19209039548
 20
17677.250000000007
 30
0.0
 40
72.5
  1
600×350×850
  7
GOST
 11
17648.19209039548
 21
17677.250000000007
 31
0.0
100
AcDbText
  0
LWPOLYLINE
  5
35B
330
17
100
AcDbEntity
  8
TEXT
 62
7
370
15
100
AcDbPolyline
 90
2
 70
0
 10
18632.062146892655
 20
17799.750000000007
 10
18632.062146892655
 20
17627.250000000007
  0
TEXT
  5
35C
330
17
100
AcDbEntity
  8
TEXT
 62
7
100
AcDbText
 10
18672.06214689266
 20
17677.250000000007
 30
0.0
 40
72.5
  1
x 2850..3450; y 0..350; низ +1550
  7
GOST
 11
18672.06214689266
 21
17677.250000000007
 31
0.0
100
AcDbText
  0
LWPOLYLINE
  5
35D
330
17
100
AcDbEntity
  8
TEXT
 62
7
370
15
100
AcDbPolyline
 90
2
 70
0
 10
20493.644067796613
 20
17799.750000000007
 10
20493.644067796613
 20
17627.250000000007
  0
TEXT
  5
35E
330
17
100
AcDbEntity
  8
TEXT
 62
7
100
AcDbText
 10
20533.644067796613
 20
17677.250000000007
 30
0.0
 40
72.5
  1
да
  7
GOST
 11
20533.644067796613
 21
17677.250000000007
 31
0.0
100
AcDbText
  0
LWPOLYLINE
  5
35F
330
17
100
AcDbEntity
  8
TEXT
 62
7
370
15
100
AcDbPolyline
 90
2
 70
0
 10
20912.500000000004
 20
17799.750000000007
 10
20912.500000000004
 20
17627.250000000007
  0
LWPOLYLINE
  5
360
330
17
100
AcDbEntity
  8
TEXT
 62
7
370
15
100
AcDbPolyline
 90
4
 70
1
 10
12675.0
 20
17454.750000000007
 10
20912.5
 20
17454.750000000007
 10
20912.5
 20
17627.250000000007
 10
12675.0
 20
17627.250000000007
  0
LWPOLYLINE
  5
361
330
17
100
AcDbEntity
  8
TEXT
 62
7
370
15
100
AcDbPolyline
 90
2
 70
0
 10
12675.0
 20
17627.250000000007
 10
12675.0
 20
17454.750000000007
  0
TEXT
  5
362
330
17
100
AcDbEntity
  8
TEXT
 62
7
100
AcDbText
 10
12715.0
 20
17504.750000000007
 30
0.0
 40
72.5
  1
F15
  7
GOST
 11
12715.0
 21
17504.750000000007
 31
0.0
100
AcDbText
  0
LWPOLYLINE
  5
363
330
17
100
AcDbEntity
  8
TEXT
 62
7
370
15
100
AcDbPolyline
 90
2
 70
0
 10
13140.395480225987
 20
17627.250000000007
 10
13140.395480225987
 20
17454.750000000007
  0
TEXT
  5
364
330
17
100
AcDbEntity
  8
TEXT
 62
7
100
AcDbText
 10
13180.395480225989
 20
17504.750000000007
 30
0.0
 40
72.5
  1
R3
  7
GOST
 11
13180.395480225989
 21
17504.750000000007
 31
0.0
100
AcDbText
  0
LWPOLYLINE
  5
365
330
17
100
AcDbEntity
  8
TEXT
 62
7
370
15
100
AcDbPolyline
 90
2
 70
0
 10
13512.71186440678
 20
17627.250000000007
 10
13512.71186440678
 20
17454.750000000007
  0
TEXT
  5
366
330
17
100
AcDbEntity
  8
TEXT
 62
7
100
AcDbText
 10
13552.71186440678
 20
17504.750000000007
 30
0.0
 40
72.5
  1
Индукционная варочная панель 60 см, 4 зоны, 7,4 кВт
  7
GOST
 11
13552.71186440678
 21
17504.750000000007
 31
0.0
100
AcDbText
  0
LWPOLYLINE
  5
367
330
17
100
AcDbEntity
  8
TEXT
 62
7
370
15
100
AcDbPolyline
 90
2
 70
0
 10
17608.192090395478
 20
17627.250000000007
 10
17608.192090395478
 20
17454.750000000007
  0
TEXT
  5
368
330
17
100
AcDbEntity
  8
TEXT
 62
7
100
AcDbText
 10
17648.19209039548
 20
17504.750000000007
 30
0.0
 40
72.5
  1
580×520×60
  7
GOST
 11
17648.19209039548
 21
17504.750000000007
 31
0.0
100
AcDbText
  0
LWPOLYLINE
  5
369
330
17
100
AcDbEntity
  8
TEXT
 62
7
370
15
100
AcDbPolyline
 90
2
 70
0
 10
18632.062146892655
 20
17627.250000000007
 10
18632.062146892655
 20
17454.750000000007
  0
TEXT
  5
36A
330
17
100
AcDbEntity
  8
TEXT
 62
7
100
AcDbText
 10
18672.06214689266
 20
17504.750000000007
 30
0.0
 40
72.5
  1
x 1060..1640; y 20..540; низ +840
  7
GOST
 11
18672.06214689266
 21
17504.750000000007
 31
0.0
100
AcDbText
  0
LWPOLYLINE
  5
36B
330
17
100
AcDbEntity
  8
TEXT
 62
7
370
15
100
AcDbPolyline
 90
2
 70
0
 10
20493.644067796613
 20
17627.250000000007
 10
20493.644067796613
 20
17454.750000000007
  0
LWPOLYLINE
  5
36C
330
17
100
AcDbEntity
  8
TEXT
 62
7
370
15
100
AcDbPolyline
 90
2
 70
0
 10
20912.500000000004
 20
17627.250000000007
 10
20912.500000000004
 20
17454.750000000007
  0
LWPOLYLINE
  5
36D
330
17
100
AcDbEntity
  8
TEXT
 62
7
370
15
100
AcDbPolyline
 90
4
 70
1
 10
12675.0
 20
17282.250000000007
 10
20912.5
 20
17282.250000000007
 10
20912.5
 20
17454.750000000007
 10
12675.0
 20
17454.750000000007
  0
LWPOLYLINE
  5
36E
330
17
100
AcDbEntity
  8
TEXT
 62
7
370
15
100
AcDbPolyline
 90
2
 70
0
 10
12675.0
 20
17454.750000000007
 10
12675.0
 20
17282.250000000007
  0
TEXT
  5
36F
330
17
100
AcDbEntity
  8
TEXT
 62
7
100
AcDbText
 10
12715.0
 20
17332.250000000007
 30
0.0
 40
72.5
  1
F16
  7
GOST
 11
12715.0
 21
17332.250000000007
 31
0.0
100
AcDbText
  0
LWPOLYLINE
  5
370
330
17
100
AcDbEntity
  8
TEXT
 62
7
370
15
100
AcDbPolyline
 90
2
 70
0
 10
13140.395480225987
 20
17454.750000000007
 10
13140.395480225987
 20
17282.250000000007
  0
TEXT
  5
371
330
17
100
AcDbEntity
  8
TEXT
 62
7
100
AcDbText
 10
13180.395480225989
 20
17332.250000000007
 30
0.0
 40
72.5
  1
R3
  7
GOST
 11
13180.395480225989
 21
17332.250000000007
 31
0.0
100
AcDbText
  0
LWPOLYLINE
  5
372
330
17
100
AcDbEntity
  8
TEXT
 62
7
370
15
100
AcDbPolyline
 90
2
 70
0
 10
13512.71186440678
 20
17454.750000000007
 10
13512.71186440678
 20
17282.250000000007
  0
TEXT
  5
373
330
17
100
AcDbEntity
  8
TEXT
 62
7
100
AcDbText
 10
13552.71186440678
 20
17332.250000000007
 30
0.0
 40
72.5
  1
Духовой шкаф встраиваемый 60 см, 3,5 кВт
  7
GOST
 11
13552.71186440678
 21
17332.250000000007
 31
0.0
100
AcDbText
  0
LWPOLYLINE
  5
374
330
17
100
AcDbEntity
  8
TEXT
 62
7
370
15
100
AcDbPolyline
 90
2
 70
0
 10
17608.192090395478
 20
17454.750000000007
 10
17608.192090395478
 20
17282.250000000007
  0
TEXT
  5
375
330
17
100
AcDbEntity
  8
TEXT
 62
7
100
AcDbText
 10
17648.19209039548
 20
17332.250000000007
 30
0.0
 40
72.5
  1
600×560×595
  7
GOST
 11
17648.19209039548
 21
17332.250000000007
 31
0.0
100
AcDbText
  0
LWPOLYLINE
  5
376
330
17
100
AcDbEntity
  8
TEXT
 62
7
370
15
100
AcDbPolyline
 90
2
 70
0
 10
18632.062146892655
 20
17454.750000000007
 10
18632.062146892655
 20
17282.250000000007
  0
TEXT
  5
377
330
17
100
AcDbEntity
  8
TEXT
 62
7
100
AcDbText
 10
18672.06214689266
 20
17332.250000000007
 30
0.0
 40
72.5
  1
x 1050..1650; y 0..560; низ +160
  7
GOST
 11
18672.06214689266
 21
17332.250000000007
 31
0.0
100
AcDbText
  0
LWPOLYLINE
  5
378
330
17
100
AcDbEntity
  8
TEXT
 62
7
370
15
100
AcDbPolyline
 90
2
 70
0
 10
20493.644067796613
 20
17454.750000000007
 10
20493.644067796613
 20
17282.250000000007
  0
LWPOLYLINE
  5
379
330
17
100
AcDbEntity
  8
TEXT
 62
7
370
15
100
AcDbPolyline
 90
2
 70
0
 10
20912.500000000004
 20
17454.750000000007
 10
20912.500000000004
 20
17282.250000000007
  0
LWPOLYLINE
  5
37A
330
17
100
AcDbEntity
  8
TEXT
 62
7
370
15
100
AcDbPolyline
 90
4
 70
1
 10
12675.0
 20
17109.750000000007
 10
20912.5
 20
17109.750000000007
 10
20912.5
 20
17282.250000000007
 10
12675.0
 20
17282.250000000007
  0
LWPOLYLINE
  5
37B
330
17
100
AcDbEntity
  8
TEXT
 62
7
370
15
100
AcDbPolyline
 90
2
 70
0
 10
12675.0
 20
17282.250000000007
 10
12675.0
 20
17109.750000000007
  0
TEXT
  5
37C
330
17
100
AcDbEntity
  8
TEXT
 62
7
100
AcDbText
 10
12715.0
 20
17159.750000000007
 30
0.0
 40
72.5
  1
F17
  7
GOST
 11
12715.0
 21
17159.750000000007
 31
0.0
100
AcDbText
  0
LWPOLYLINE
  5
37D
330
17
100
AcDbEntity
  8
TEXT
 62
7
370
15
100
AcDbPolyline
 90
2
 70
0
 10
13140.395480225987
 20
17282.250000000007
 10
13140.395480225987
 20
17109.750000000007
  0
TEXT
  5
37E
330
17
100
AcDbEntity
  8
TEXT
 62
7
100
AcDbText
 10
13180.395480225989
 20
17159.750000000007
 30
0.0
 40
72.5
  1
R3
  7
GOST
 11
13180.395480225989
 21
17159.750000000007
 31
0.0
100
AcDbText
  0
LWPOLYLINE
  5
37F
330
17
100
AcDbEntity
  8
TEXT
 62
7
370
15
100
AcDbPolyline
 90
2
 70
0
 10
13512.71186440678
 20
17282.250000000007
 10
13512.71186440678
 20
17109.750000000007
  0
TEXT
  5
380
330
17
100
AcDbEntity
  8
TEXT
 62
7
100
AcDbText
 10
13552.71186440678
 20
17159.750000000007
 30
0.0
 40
72.5
  1
Вытяжка встраиваемая 60 см в KW-02, 250–600 м³/ч, обратный клапан
  7
GOST
 11
13552.71186440678
 21
17159.750000000007
 31
0.0
100
AcDbText
  0
LWPOLYLINE
  5
381
330
17
100
AcDbEntity
  8
TEXT
 62
7
370
15
100
AcDbPolyline
 90
2
 70
0
 10
17608.192090395478
 20
17282.250000000007
 10
17608.192090395478
 20
17109.750000000007
  0
TEXT
  5
382
330
17
100
AcDbEntity
  8
TEXT
 62
7
100
AcDbText
 10
17648.19209039548
 20
17159.750000000007
 30
0.0
 40
72.5
  1
600×300×300
  7
GOST
 11
17648.19209039548
 21
17159.750000000007
 31
0.0
100
AcDbText
  0
LWPOLYLINE
  5
383
330
17
100
AcDbEntity
  8
TEXT
 62
7
370
15
100
AcDbPolyline
 90
2
 70
0
 10
18632.062146892655
 20
17282.250000000007
 10
18632.062146892655
 20
17109.750000000007
  0
TEXT
  5
384
330
17
100
AcDbEntity
  8
TEXT
 62
7
100
AcDbText
 10
18672.06214689266
 20
17159.750000000007
 30
0.0
 40
72.5
  1
x 1050..1650; y 0..300; низ +1550
  7
GOST
 11
18672.06214689266
 21
17159.750000000007
 31
0.0
100
AcDbText
  0
LWPOLYLINE
  5
385
330
17
100
AcDbEntity
  8
TEXT
 62
7
370
15
100
AcDbPolyline
 90
2
 70
0
 10
20493.644067796613
 20
17282.250000000007
 10
20493.644067796613
 20
17109.750000000007
  0
LWPOLYLINE
  5
386
330
17
100
AcDbEntity
  8
TEXT
 62
7
370
15
100
AcDbPolyline
 90
2
 70
0
 10
20912.500000000004
 20
17282.250000000007
 10
20912.500000000004
 20
17109.750000000007
  0
LWPOLYLINE
  5
387
330
17
100
AcDbEntity
  8
TEXT
 62
7
370
15
100
AcDbPolyline
 90
4
 70
1
 10
12675.0
 20
16937.250000000007
 10
20912.5
 20
16937.250000000007
 10
20912.5
 20
17109.750000000007
 10
12675.0
 20
17109.750000000007
  0
LWPOLYLINE
  5
388
330
17
100
AcDbEntity
  8
TEXT
 62
7
370
15
100
AcDbPolyline
 90
2
 70
0
 10
12675.0
 20
17109.750000000007
 10
12675.0
 20
16937.250000000007
  0
TEXT
  5
389
330
17
100
AcDbEntity
  8
TEXT
 62
7
100
AcDbText
 10
12715.0
 20
16987.250000000007
 30
0.0
 40
72.5
  1
F18
  7
GOST
 11
12715.0
 21
16987.250000000007
 31
0.0
100
AcDbText
  0
LWPOLYLINE
  5
38A
330
17
100
AcDbEntity
  8
TEXT
 62
7
370
15
100
AcDbPolyline
 90
2
 70
0
 10
13140.395480225987
 20
17109.750000000007
 10
13140.395480225987
 20
16937.250000000007
  0
TEXT
  5
38B
330
17
100
AcDbEntity
  8
TEXT
 62
7
100
AcDbText
 10
13180.395480225989
 20
16987.250000000007
 30
0.0
 40
72.5
  1
R3
  7
GOST
 11
13180.395480225989
 21
16987.250000000007
 31
0.0
100
AcDbText
  0
LWPOLYLINE
  5
38C
330
17
100
AcDbEntity
  8
TEXT
 62
7
370
15
100
AcDbPolyline
 90
2
 70
0
 10
13512.71186440678
 20
17109.750000000007
 10
13512.71186440678
 20
16937.250000000007
  0
TEXT
  5
38D
330
17
100
AcDbEntity
  8
TEXT
 62
7
100
AcDbText
 10
13552.71186440678
 20
16987.250000000007
 30
0.0
 40
72.5
  1
Холодильник встраиваемый 1780–1940 (в K-07), 0,2 кВт
  7
GOST
 11
13552.71186440678
 21
16987.250000000007
 31
0.0
100
AcDbText
  0
LWPOLYLINE
  5
38E
330
17
100
AcDbEntity
  8
TEXT
 62
7
370
15
100
AcDbPolyline
 90
2
 70
0
 10
17608.192090395478
 20
17109.750000000007
 10
17608.192090395478
 20
16937.250000000007
  0
TEXT
  5
38F
330
17
100
AcDbEntity
  8
TEXT
 62
7
100
AcDbText
 10
17648.19209039548
 20
16987.250000000007
 30
0.0
 40
72.5
  1
600×560×1900
  7
GOST
 11
17648.19209039548
 21
16987.250000000007
 31
0.0
100
AcDbText
  0
LWPOLYLINE
  5
390
330
17
100
AcDbEntity
  8
TEXT
 62
7
370
15
100
AcDbPolyline
 90
2
 70
0
 10
18632.062146892655
 20
17109.750000000007
 10
18632.062146892655
 20
16937.250000000007
  0
TEXT
  5
391
330
17
100
AcDbEntity
  8
TEXT
 62
7
100
AcDbText
 10
18672.06214689266
 20
16987.250000000007
 30
0.0
 40
72.5
  1
x 3450..4050; y 0..560; низ +160
  7
GOST
 11
18672.06214689266
 21
16987.250000000007
 31
0.0
100
AcDbText
  0
LWPOLYLINE
  5
392
330
17
100
AcDbEntity
  8
TEXT
 62
7
370
15
100
AcDbPolyline
 90
2
 70
0
 10
20493.644067796613
 20
17109.750000000007
 10
20493.644067796613
 20
16937.250000000007
  0
LWPOLYLINE
  5
393
330
17
100
AcDbEntity
  8
TEXT
 62
7
370
15
100
AcDbPolyline
 90
2
 70
0
 10
20912.500000000004
 20
17109.750000000007
 10
20912.500000000004
 20
16937.250000000007
  0
LWPOLYLINE
  5
394
330
17
100
AcDbEntity
  8
TEXT
 62
7
370
15
100
AcDbPolyline
 90
4
 70
1
 10
12675.0
 20
16764.75000000001
 10
20912.5
 20
16764.75000000001
 10
20912.5
 20
16937.250000000007
 10
12675.0
 20
16937.250000000007
  0
LWPOLYLINE
  5
395
330
17
100
AcDbEntity
  8
TEXT
 62
7
370
15
100
AcDbPolyline
 90
2
 70
0
 10
12675.0
 20
16937.250000000007
 10
12675.0
 20
16764.75000000001
  0
TEXT
  5
396
330
17
100
AcDbEntity
  8
TEXT
 62
7
100
AcDbText
 10
12715.0
 20
16814.75000000001
 30
0.0
 40
72.5
  1
F19
  7
GOST
 11
12715.0
 21
16814.75000000001
 31
0.0
100
AcDbText
  0
LWPOLYLINE
  5
397
330
17
100
AcDbEntity
  8
TEXT
 62
7
370
15
100
AcDbPolyline
 90
2
 70
0
 10
13140.395480225987
 20
16937.250000000007
 10
13140.395480225987
 20
16764.75000000001
  0
TEXT
  5
398
330
17
100
AcDbEntity
  8
TEXT
 62
7
100
AcDbText
 10
13180.395480225989
 20
16814.75000000001
 30
0.0
 40
72.5
  1
R3
  7
GOST
 11
13180.395480225989
 21
16814.75000000001
 31
0.0
100
AcDbText
  0
LWPOLYLINE
  5
399
330
17
100
AcDbEntity
  8
TEXT
 62
7
370
15
100
AcDbPolyline
 90
2
 70
0
 10
13512.71186440678
 20
16937.250000000007
 10
13512.71186440678
 20
16764.75000000001
  0
TEXT
  5
39A
330
17
100
AcDbEntity
  8
TEXT
 62
7
100
AcDbText
 10
13552.71186440678
 20
16814.75000000001
 30
0.0
 40
72.5
  1
Мойка кварцевая 1 чаша 500×450 + смеситель с краном питьевой воды
  7
GOST
 11
13552.71186440678
 21
16814.75000000001
 31
0.0
100
AcDbText
  0
LWPOLYLINE
  5
39B
330
17
100
AcDbEntity
  8
TEXT
 62
7
370
15
100
AcDbPolyline
 90
2
 70
0
 10
17608.192090395478
 20
16937.250000000007
 10
17608.192090395478
 20
16764.75000000001
  0
TEXT
  5
39C
330
17
100
AcDbEntity
  8
TEXT
 62
7
100
AcDbText
 10
17648.19209039548
 20
16814.75000000001
 30
0.0
 40
72.5
  1
500×450×200
  7
GOST
 11
17648.19209039548
 21
16814.75000000001
 31
0.0
100
AcDbText
  0
LWPOLYLINE
  5
39D
330
17
100
AcDbEntity
  8
TEXT
 62
7
370
15
100
AcDbPolyline
 90
2
 70
0
 10
18632.062146892655
 20
16937.250000000007
 10
18632.062146892655
 20
16764.75000000001
  0
TEXT
  5
39E
330
17
100
AcDbEntity
  8
TEXT
 62
7
100
AcDbText
 10
18672.06214689266
 20
16814.75000000001
 30
0.0
 40
72.5
  1
x 2300..2800; y 60..510; низ +700
  7
GOST
 11
18672.06214689266
 21
16814.75000000001
 31
0.0
100
AcDbText
  0
LWPOLYLINE
  5
39F
330
17
100
AcDbEntity
  8
TEXT
 62
7
370
15
100
AcDbPolyline
 90
2
 70
0
 10
20493.644067796613
 20
16937.250000000007
 10
20493.644067796613
 20
16764.75000000001
  0
LWPOLYLINE
  5
3A0
330
17
100
AcDbEntity
  8
TEXT
 62
7
370
15
100
AcDbPolyline
 90
2
 70
0
 10
20912.500000000004
 20
16937.250000000007
 10
20912.500000000004
 20
16764.75000000001
  0
LWPOLYLINE
  5
3A1
330
17
100
AcDbEntity
  8
TEXT
 62
7
370
15
100
AcDbPolyline
 90
4
 70
1
 10
12675.0
 20
16487.125000000007
 10
20912.5
 20
16487.125000000007
 10
20912.5
 20
16764.75000000001
 10
12675.0
 20
16764.75000000001
  0
LWPOLYLINE
  5
3A2
330
17
100
AcDbEntity
  8
TEXT
 62
7
370
15
100
AcDbPolyline
 90
2
 70
0
 10
12675.0
 20
16764.75000000001
 10
12675.0
 20
16487.125000000007
  0
TEXT
  5
3A3
330
17
100
AcDbEntity
  8
TEXT
 62
7
100
AcDbText
 10
12715.0
 20
16642.25000000001
 30
0.0
 40
72.5
  1
F20
  7
GOST
 11
12715.0
 21
16642.25000000001
 31
0.0
100
AcDbText
  0
LWPOLYLINE
  5
3A4
330
17
100
AcDbEntity
  8
TEXT
 62
7
370
15
100
AcDbPolyline
 90
2
 70
0
 10
13140.395480225987
 20
16764.75000000001
 10
13140.395480225987
 20
16487.125000000007
  0
TEXT
  5
3A5
330
17
100
AcDbEntity
  8
TEXT
 62
7
100
AcDbText
 10
13180.395480225989
 20
16642.25000000001
 30
0.0
 40
72.5
  1
R3
  7
GOST
 11
13180.395480225989
 21
16642.25000000001
 31
0.0
100
AcDbText
  0
LWPOLYLINE
  5
3A6
330
17
100
AcDbEntity
  8
TEXT
 62
7
370
15
100
AcDbPolyline
 90
2
 70
0
 10
13512.71186440678
 20
16764.75000000001
 10
13512.71186440678
 20
16487.125000000007
  0
TEXT
  5
3A7
330
17
100
AcDbEntity
  8
TEXT
 62
7
100
AcDbText
 10
13552.71186440678
 20
16642.25000000001
 30
0.0
 40
72.5
  1
Фильтр питьевой 3-ступенчатый под мойкой (без накопителя)
  7
GOST
 11
13552.71186440678
 21
16642.25000000001
 31
0.0
100
AcDbText
  0
LWPOLYLINE
  5
3A8
330
17
100
AcDbEntity
  8
TEXT
 62
7
370
15
100
AcDbPolyline
 90
2
 70
0
 10
17608.192090395478
 20
16764.75000000001
 10
17608.192090395478
 20
16487.125000000007
  0
TEXT
  5
3A9
330
17
100
AcDbEntity
  8
TEXT
 62
7
100
AcDbText
 10
17648.19209039548
 20
16642.25000000001
 30
0.0
 40
72.5
  1
200×260×400
  7
GOST
 11
17648.19209039548
 21
16642.25000000001
 31
0.0
100
AcDbText
  0
LWPOLYLINE
  5
3AA
330
17
100
AcDbEntity
  8
TEXT
 62
7
370
15
100
AcDbPolyline
 90
2
 70
0
 10
18632.062146892655
 20
16764.75000000001
 10
18632.062146892655
 20
16487.125000000007
  0
TEXT
  5
3AB
330
17
100
AcDbEntity
  8
TEXT
 62
7
100
AcDbText
 10
18672.06214689266
 20
16642.25000000001
 30
0.0
 40
72.5
  1
x 2300..2500; y 300..560; низ
  7
GOST
 11
18672.06214689266
 21
16642.25000000001
 31
0.0
100
AcDbText
  0
TEXT
  5
3AC
330
17
100
AcDbEntity
  8
TEXT
 62
7
100
AcDbText
 10
18672.06214689266
 20
16537.125000000007
 30
0.0
 40
72.5
  1
+160
  7
GOST
 11
18672.06214689266
 21
16537.125000000007
 31
0.0
100
AcDbText
  0
LWPOLYLINE
  5
3AD
330
17
100
AcDbEntity
  8
TEXT
 62
7
370
15
100
AcDbPolyline
 90
2
 70
0
 10
20493.644067796613
 20
16764.75000000001
 10
20493.644067796613
 20
16487.125000000007
  0
LWPOLYLINE
  5
3AE
330
17
100
AcDbEntity
  8
TEXT
 62
7
370
15
100
AcDbPolyline
 90
2
 70
0
 10
20912.500000000004
 20
16764.75000000001
 10
20912.500000000004
 20
16487.125000000007
  0
LWPOLYLINE
  5
3AF
330
17
100
AcDbEntity
  8
TEXT
 62
7
370
15
100
AcDbPolyline
 90
4
 70
1
 10
12675.0
 20
16314.62500000001
 10
20912.5
 20
16314.62500000001
 10
20912.5
 20
16487.125000000007
 10
12675.0
 20
16487.125000000007
  0
LWPOLYLINE
  5
3B0
330
17
100
AcDbEntity
  8
TEXT
 62
7
370
15
100
AcDbPolyline
 90
2
 70
0
 10
12675.0
 20
16487.125000000007
 10
12675.0
 20
16314.62500000001
  0
TEXT
  5
3B1
330
17
100
AcDbEntity
  8
TEXT
 62
7
100
AcDbText
 10
12715.0
 20
16364.62500000001
 30
0.0
 40
72.5
  1
F21
  7
GOST
 11
12715.0
 21
16364.62500000001
 31
0.0
100
AcDbText
  0
LWPOLYLINE
  5
3B2
330
17
100
AcDbEntity
  8
TEXT
 62
7
370
15
100
AcDbPolyline
 90
2
 70
0
 10
13140.395480225987
 20
16487.125000000007
 10
13140.395480225987
 20
16314.62500000001
  0
TEXT
  5
3B3
330
17
100
AcDbEntity
  8
TEXT
 62
7
100
AcDbText
 10
13180.395480225989
 20
16364.62500000001
 30
0.0
 40
72.5
  1
R3
  7
GOST
 11
13180.395480225989
 21
16364.62500000001
 31
0.0
100
AcDbText
  0
LWPOLYLINE
  5
3B4
330
17
100
AcDbEntity
  8
TEXT
 62
7
370
15
100
AcDbPolyline
 90
2
 70
0
 10
13512.71186440678
 20
16487.125000000007
 10
13512.71186440678
 20
16314.62500000001
  0
TEXT
  5
3B5
330
17
100
AcDbEntity
  8
TEXT
 62
7
100
AcDbText
 10
13552.71186440678
 20
16364.62500000001
 30
0.0
 40
72.5
  1
Сортировка мусора выдвижная в K-05
  7
GOST
 11
13552.71186440678
 21
16364.62500000001
 31
0.0
100
AcDbText
  0
LWPOLYLINE
  5
3B6
330
17
100
AcDbEntity
  8
TEXT
 62
7
370
15
100
AcDbPolyline
 90
2
 70
0
 10
17608.192090395478
 20
16487.125000000007
 10
17608.192090395478
 20
16314.62500000001
  0
TEXT
  5
3B7
330
17
100
AcDbEntity
  8
TEXT
 62
7
100
AcDbText
 10
17648.19209039548
 20
16364.62500000001
 30
0.0
 40
72.5
  1
300×500×400
  7
GOST
 11
17648.19209039548
 21
16364.62500000001
 31
0.0
100
AcDbText
  0
LWPOLYLINE
  5
3B8
330
17
100
AcDbEntity
  8
TEXT
 62
7
370
15
100
AcDbPolyline
 90
2
 70
0
 10
18632.062146892655
 20
16487.125000000007
 10
18632.062146892655
 20
16314.62500000001
  0
TEXT
  5
3B9
330
17
100
AcDbEntity
  8
TEXT
 62
7
100
AcDbText
 10
18672.06214689266
 20
16364.62500000001
 30
0.0
 40
72.5
  1
x 2550..2850; y 0..500; низ +160
  7
GOST
 11
18672.06214689266
 21
16364.62500000001
 31
0.0
100
AcDbText
  0
LWPOLYLINE
  5
3BA
330
17
100
AcDbEntity
  8
TEXT
 62
7
370
15
100
AcDbPolyline
 90
2
 70
0
 10
20493.644067796613
 20
16487.125000000007
 10
20493.644067796613
 20
16314.62500000001
  0
LWPOLYLINE
  5
3BB
330
17
100
AcDbEntity
  8
TEXT
 62
7
370
15
100
AcDbPolyline
 90
2
 70
0
 10
20912.500000000004
 20
16487.125000000007
 10
20912.500000000004
 20
16314.62500000001
  0
LWPOLYLINE
  5
3BC
330
17
100
AcDbEntity
  8
TEXT
 62
7
370
15
100
AcDbPolyline
 90
4
 70
1
 10
12675.0
 20
16142.125000000011
 10
20912.5
 20
16142.125000000011
 10
20912.5
 20
16314.62500000001
 10
12675.0
 20
16314.62500000001
  0
LWPOLYLINE
  5
3BD
330
17
100
AcDbEntity
  8
TEXT
 62
7
370
15
100
AcDbPolyline
 90
2
 70
0
 10
12675.0
 20
16314.62500000001
 10
12675.0
 20
16142.125000000011
  0
TEXT
  5
3BE
330
17
100
AcDbEntity
  8
TEXT
 62
7
100
AcDbText
 10
12715.0
 20
16192.125000000011
 30
0.0
 40
72.5
  1
F22
  7
GOST
 11
12715.0
 21
16192.125000000011
 31
0.0
100
AcDbText
  0
LWPOLYLINE
  5
3BF
330
17
100
AcDbEntity
  8
TEXT
 62
7
370
15
100
AcDbPolyline
 90
2
 70
0
 10
13140.395480225987
 20
16314.62500000001
 10
13140.395480225987
 20
16142.125000000011
  0
TEXT
  5
3C0
330
17
100
AcDbEntity
  8
TEXT
 62
7
100
AcDbText
 10
13180.395480225989
 20
16192.125000000011
 30
0.0
 40
72.5
  1
R3
  7
GOST
 11
13180.395480225989
 21
16192.125000000011
 31
0.0
100
AcDbText
  0
LWPOLYLINE
  5
3C1
330
17
100
AcDbEntity
  8
TEXT
 62
7
370
15
100
AcDbPolyline
 90
2
 70
0
 10
13512.71186440678
 20
16314.62500000001
 10
13512.71186440678
 20
16142.125000000011
  0
TEXT
  5
3C2
330
17
100
AcDbEntity
  8
TEXT
 62
7
100
AcDbText
 10
13552.71186440678
 20
16192.125000000011
 30
0.0
 40
72.5
  1
Датчик протечки под мойкой/ПММ (на полу за цоколем)
  7
GOST
 11
13552.71186440678
 21
16192.125000000011
 31
0.0
100
AcDbText
  0
LWPOLYLINE
  5
3C3
330
17
100
AcDbEntity
  8
TEXT
 62
7
370
15
100
AcDbPolyline
 90
2
 70
0
 10
17608.192090395478
 20
16314.62500000001
 10
17608.192090395478
 20
16142.125000000011
  0
TEXT
  5
3C4
330
17
100
AcDbEntity
  8
TEXT
 62
7
100
AcDbText
 10
17648.19209039548
 20
16192.125000000011
 30
0.0
 40
72.5
  1
100×100×20
  7
GOST
 11
17648.19209039548
 21
16192.125000000011
 31
0.0
100
AcDbText
  0
LWPOLYLINE
  5
3C5
330
17
100
AcDbEntity
  8
TEXT
 62
7
370
15
100
AcDbPolyline
 90
2
 70
0
 10
18632.062146892655
 20
16314.62500000001
 10
18632.062146892655
 20
16142.125000000011
  0
TEXT
  5
3C6
330
17
100
AcDbEntity
  8
TEXT
 62
7
100
AcDbText
 10
18672.06214689266
 20
16192.125000000011
 30
0.0
 40
72.5
  1
x 2800..2900; y 300..400
  7
GOST
 11
18672.06214689266
 21
16192.125000000011
 31
0.0
100
AcDbText
  0
LWPOLYLINE
  5
3C7
330
17
100
AcDbEntity
  8
TEXT
 62
7
370
15
100
AcDbPolyline
 90
2
 70
0
 10
20493.644067796613
 20
16314.62500000001
 10
20493.644067796613
 20
16142.125000000011
  0
LWPOLYLINE
  5
3C8
330
17
100
AcDbEntity
  8
TEXT
 62
7
370
15
100
AcDbPolyline
 90
2
 70
0
 10
20912.500000000004
 20
16314.62500000001
 10
20912.500000000004
 20
16142.125000000011
  0
LWPOLYLINE
  5
3C9
330
17
100
AcDbEntity
  8
TEXT
 62
7
370
15
100
AcDbPolyline
 90
4
 70
1
 10
12675.0
 20
15864.50000000001
 10
20912.5
 20
15864.50000000001
 10
20912.5
 20
16142.125000000011
 10
12675.0
 20
16142.125000000011
  0
LWPOLYLINE
  5
3CA
330
17
100
AcDbEntity
  8
TEXT
 62
7
370
15
100
AcDbPolyline
 90
2
 70
0
 10
12675.0
 20
16142.125000000011
 10
12675.0
 20
15864.50000000001
  0
TEXT
  5
3CB
330
17
100
AcDbEntity
  8
TEXT
 62
7
100
AcDbText
 10
12715.0
 20
16019.625000000011
 30
0.0
 40
72.5
  1
F23
  7
GOST
 11
12715.0
 21
16019.625000000011
 31
0.0
100
AcDbText
  0
LWPOLYLINE
  5
3CC
330
17
100
AcDbEntity
  8
TEXT
 62
7
370
15
100
AcDbPolyline
 90
2
 70
0
 10
13140.395480225987
 20
16142.125000000011
 10
13140.395480225987
 20
15864.50000000001
  0
TEXT
  5
3CD
330
17
100
AcDbEntity
  8
TEXT
 62
7
100
AcDbText
 10
13180.395480225989
 20
16019.625000000011
 30
0.0
 40
72.5
  1
R3
  7
GOST
 11
13180.395480225989
 21
16019.625000000011
 31
0.0
100
AcDbText
  0
LWPOLYLINE
  5
3CE
330
17
100
AcDbEntity
  8
TEXT
 62
7
370
15
100
AcDbPolyline
 90
2
 70
0
 10
13512.71186440678
 20
16142.125000000011
 10
13512.71186440678
 20
15864.50000000001
  0
TEXT
  5
3CF
330
17
100
AcDbEntity
  8
TEXT
 62
7
100
AcDbText
 10
13552.71186440678
 20
16019.625000000011
 30
0.0
 40
72.5
  1
Подсветка рабочей зоны LED 2700K CRI≥90 под навесными KW-01..05
  7
GOST
 11
13552.71186440678
 21
16019.625000000011
 31
0.0
100
AcDbText
  0
LWPOLYLINE
  5
3D0
330
17
100
AcDbEntity
  8
TEXT
 62
7
370
15
100
AcDbPolyline
 90
2
 70
0
 10
17608.192090395478
 20
16142.125000000011
 10
17608.192090395478
 20
15864.50000000001
  0
TEXT
  5
3D1
330
17
100
AcDbEntity
  8
TEXT
 62
7
100
AcDbText
 10
17648.19209039548
 20
16019.625000000011
 30
0.0
 40
72.5
  1
2850×50×10
  7
GOST
 11
17648.19209039548
 21
16019.625000000011
 31
0.0
100
AcDbText
  0
LWPOLYLINE
  5
3D2
330
17
100
AcDbEntity
  8
TEXT
 62
7
370
15
100
AcDbPolyline
 90
2
 70
0
 10
18632.062146892655
 20
16142.125000000011
 10
18632.062146892655
 20
15864.50000000001
  0
TEXT
  5
3D3
330
17
100
AcDbEntity
  8
TEXT
 62
7
100
AcDbText
 10
18672.06214689266
 20
16019.625000000011
 30
0.0
 40
72.5
  1
x 600..3450; y 280..330; низ
  7
GOST
 11
18672.06214689266
 21
16019.625000000011
 31
0.0
100
AcDbText
  0
TEXT
  5
3D4
330
17
100
AcDbEntity
  8
TEXT
 62
7
100
AcDbText
 10
18672.06214689266
 20
15914.50000000001
 30
0.0
 40
72.5
  1
+1540
  7
GOST
 11
18672.06214689266
 21
15914.50000000001
 31
0.0
100
AcDbText
  0
LWPOLYLINE
  5
3D5
330
17
100
AcDbEntity
  8
TEXT
 62
7
370
15
100
AcDbPolyline
 90
2
 70
0
 10
20493.644067796613
 20
16142.125000000011
 10
20493.644067796613
 20
15864.50000000001
  0
LWPOLYLINE
  5
3D6
330
17
100
AcDbEntity
  8
TEXT
 62
7
370
15
100
AcDbPolyline
 90
2
 70
0
 10
20912.500000000004
 20
16142.125000000011
 10
20912.500000000004
 20
15864.50000000001
  0
LWPOLYLINE
  5
3D7
330
17
100
AcDbEntity
  8
TEXT
 62
7
370
15
100
AcDbPolyline
 90
4
 70
1
 10
12675.0
 20
15586.87500000001
 10
20912.5
 20
15586.87500000001
 10
20912.5
 20
15864.50000000001
 10
12675.0
 20
15864.50000000001
  0
LWPOLYLINE
  5
3D8
330
17
100
AcDbEntity
  8
TEXT
 62
7
370
15
100
AcDbPolyline
 90
2
 70
0
 10
12675.0
 20
15864.50000000001
 10
12675.0
 20
15586.87500000001
  0
TEXT
  5
3D9
330
17
100
AcDbEntity
  8
TEXT
 62
7
100
AcDbText
 10
12715.0
 20
15742.000000000011
 30
0.0
 40
72.5
  1
F24
  7
GOST
 11
12715.0
 21
15742.000000000011
 31
0.0
100
AcDbText
  0
LWPOLYLINE
  5
3DA
330
17
100
AcDbEntity
  8
TEXT
 62
7
370
15
100
AcDbPolyline
 90
2
 70
0
 10
13140.395480225987
 20
15864.50000000001
 10
13140.395480225987
 20
15586.87500000001
  0
TEXT
  5
3DB
330
17
100
AcDbEntity
  8
TEXT
 62
7
100
AcDbText
 10
13180.395480225989
 20
15742.000000000011
 30
0.0
 40
72.5
  1
R3
  7
GOST
 11
13180.395480225989
 21
15742.000000000011
 31
0.0
100
AcDbText
  0
LWPOLYLINE
  5
3DC
330
17
100
AcDbEntity
  8
TEXT
 62
7
370
15
100
AcDbPolyline
 90
2
 70
0
 10
13512.71186440678
 20
15864.50000000001
 10
13512.71186440678
 20
15586.87500000001
  0
TEXT
  5
3DD
330
17
100
AcDbEntity
  8
TEXT
 62
7
100
AcDbText
 10
13552.71186440678
 20
15742.000000000011
 30
0.0
 40
72.5
  1
Буфет 400×800 h 2100 вдоль W10 (низ — шкаф, ниша +900..+1400 под
  7
GOST
 11
13552.71186440678
 21
15742.000000000011
 31
0.0
100
AcDbText
  0
TEXT
  5
3DE
330
17
100
AcDbEntity
  8
TEXT
 62
7
100
AcDbText
 10
13552.71186440678
 20
15636.87500000001
 30
0.0
 40
72.5
  1
чайник/капсульную кофемашину, верх — стекло)
  7
GOST
 11
13552.71186440678
 21
15636.87500000001
 31
0.0
100
AcDbText
  0
LWPOLYLINE
  5
3DF
330
17
100
AcDbEntity
  8
TEXT
 62
7
370
15
100
AcDbPolyline
 90
2
 70
0
 10
17608.192090395478
 20
15864.50000000001
 10
17608.192090395478
 20
15586.87500000001
  0
TEXT
  5
3E0
330
17
100
AcDbEntity
  8
TEXT
 62
7
100
AcDbText
 10
17648.19209039548
 20
15742.000000000011
 30
0.0
 40
72.5
  1
800×400×2100
  7
GOST
 11
17648.19209039548
 21
15742.000000000011
 31
0.0
100
AcDbText
  0
LWPOLYLINE
  5
3E1
330
17
100
AcDbEntity
  8
TEXT
 62
7
370
15
100
AcDbPolyline
 90
2
 70
0
 10
18632.062146892655
 20
15864.50000000001
 10
18632.062146892655
 20
15586.87500000001
  0
TEXT
  5
3E2
330
17
100
AcDbEntity
  8
TEXT
 62
7
100
AcDbText
 10
18672.06214689266
 20
15742.000000000011
 30
0.0
 40
72.5
  1
x 3690..4090; y 1211..2011
  7
GOST
 11
18672.06214689266
 21
15742.000000000011
 31
0.0
100
AcDbText
  0
LWPOLYLINE
  5
3E3
330
17
100
AcDbEntity
  8
TEXT
 62
7
370
15
100
AcDbPolyline
 90
2
 70
0
 10
20493.644067796613
 20
15864.50000000001
 10
20493.644067796613
 20
15586.87500000001
  0
TEXT
  5
3E4
330
17
100
AcDbEntity
  8
TEXT
 62
7
100
AcDbText
 10
20533.644067796613
 20
15742.000000000011
 30
0.0
 40
72.5
  1
да
  7
GOST
 11
20533.644067796613
 21
15742.000000000011
 31
0.0
100
AcDbText
  0
LWPOLYLINE
  5
3E5
330
17
100
AcDbEntity
  8
TEXT
 62
7
370
15
100
AcDbPolyline
 90
2
 70
0
 10
20912.500000000004
 20
15864.50000000001
 10
20912.500000000004
 20
15586.87500000001
  0
LWPOLYLINE
  5
3E6
330
17
100
AcDbEntity
  8
TEXT
 62
7
370
15
100
AcDbPolyline
 90
4
 70
1
 10
12675.0
 20
15414.37500000001
 10
20912.5
 20
15414.37500000001
 10
20912.5
 20
15586.87500000001
 10
12675.0
 20
15586.87500000001
  0
LWPOLYLINE
  5
3E7
330
17
100
AcDbEntity
  8
TEXT
 62
7
370
15
100
AcDbPolyline
 90
2
 70
0
 10
12675.0
 20
15586.87500000001
 10
12675.0
 20
15414.37500000001
  0
TEXT
  5
3E8
330
17
100
AcDbEntity
  8
TEXT
 62
7
100
AcDbText
 10
12715.0
 20
15464.37500000001
 30
0.0
 40
72.5
  1
F25
  7
GOST
 11
12715.0
 21
15464.37500000001
 31
0.0
100
AcDbText
  0
LWPOLYLINE
  5
3E9
330
17
100
AcDbEntity
  8
TEXT
 62
7
370
15
100
AcDbPolyline
 90
2
 70
0
 10
13140.395480225987
 20
15586.87500000001
 10
13140.395480225987
 20
15414.37500000001
  0
TEXT
  5
3EA
330
17
100
AcDbEntity
  8
TEXT
 62
7
100
AcDbText
 10
13180.395480225989
 20
15464.37500000001
 30
0.0
 40
72.5
  1
R3
  7
GOST
 11
13180.395480225989
 21
15464.37500000001
 31
0.0
100
AcDbText
  0
LWPOLYLINE
  5
3EB
330
17
100
AcDbEntity
  8
TEXT
 62
7
370
15
100
AcDbPolyline
 90
2
 70
0
 10
13512.71186440678
 20
15586.87500000001
 10
13512.71186440678
 20
15414.37500000001
  0
TEXT
  5
3EC
330
17
100
AcDbEntity
  8
TEXT
 62
7
100
AcDbText
 10
13552.71186440678
 20
15464.37500000001
 30
0.0
 40
72.5
  1
Стол обеденный 1800×900 (6 перс.)
  7
GOST
 11
13552.71186440678
 21
15464.37500000001
 31
0.0
100
AcDbText
  0
LWPOLYLINE
  5
3ED
330
17
100
AcDbEntity
  8
TEXT
 62
7
370
15
100
AcDbPolyline
 90
2
 70
0
 10
17608.192090395478
 20
15586.87500000001
 10
17608.192090395478
 20
15414.37500000001
  0
TEXT
  5
3EE
330
17
100
AcDbEntity
  8
TEXT
 62
7
100
AcDbText
 10
17648.19209039548
 20
15464.37500000001
 30
0.0
 40
72.5
  1
1800×900×760
  7
GOST
 11
17648.19209039548
 21
15464.37500000001
 31
0.0
100
AcDbText
  0
LWPOLYLINE
  5
3EF
330
17
100
AcDbEntity
  8
TEXT
 62
7
370
15
100
AcDbPolyline
 90
2
 70
0
 10
18632.062146892655
 20
15586.87500000001
 10
18632.062146892655
 20
15414.37500000001
  0
TEXT
  5
3F0
330
17
100
AcDbEntity
  8
TEXT
 62
7
100
AcDbText
 10
18672.06214689266
 20
15464.37500000001
 30
0.0
 40
72.5
  1
x 900..2700; y 1900..2800
  7
GOST
 11
18672.06214689266
 21
15464.37500000001
 31
0.0
100
AcDbText
  0
LWPOLYLINE
  5
3F1
330
17
100
AcDbEntity
  8
TEXT
 62
7
370
15
100
AcDbPolyline
 90
2
 70
0
 10
20493.644067796613
 20
15586.87500000001
 10
20493.644067796613
 20
15414.37500000001
  0
LWPOLYLINE
  5
3F2
330
17
100
AcDbEntity
  8
TEXT
 62
7
370
15
100
AcDbPolyline
 90
2
 70
0
 10
20912.500000000004
 20
15586.87500000001
 10
20912.500000000004
 20
15414.37500000001
  0
LWPOLYLINE
  5
3F3
330
17
100
AcDbEntity
  8
TEXT
 62
7
370
15
100
AcDbPolyline
 90
4
 70
1
 10
12675.0
 20
15241.875000000011
 10
20912.5
 20
15241.875000000011
 10
20912.5
 20
15414.37500000001
 10
12675.0
 20
15414.37500000001
  0
LWPOLYLINE
  5
3F4
330
17
100
AcDbEntity
  8
TEXT
 62
7
370
15
100
AcDbPolyline
 90
2
 70
0
 10
12675.0
 20
15414.37500000001
 10
12675.0
 20
15241.875000000011
  0
TEXT
  5
3F5
330
17
100
AcDbEntity
  8
TEXT
 62
7
100
AcDbText
 10
12715.0
 20
15291.875000000011
 30
0.0
 40
72.5
  1
F26
  7
GOST
 11
12715.0
 21
15291.875000000011
 31
0.0
100
AcDbText
  0
LWPOLYLINE
  5
3F6
330
17
100
AcDbEntity
  8
TEXT
 62
7
370
15
100
AcDbPolyline
 90
2
 70
0
 10
13140.395480225987
 20
15414.37500000001
 10
13140.395480225987
 20
15241.875000000011
  0
TEXT
  5
3F7
330
17
100
AcDbEntity
  8
TEXT
 62
7
100
AcDbText
 10
13180.395480225989
 20
15291.875000000011
 30
0.0
 40
72.5
  1
R3
  7
GOST
 11
13180.395480225989
 21
15291.875000000011
 31
0.0
100
AcDbText
  0
LWPOLYLINE
  5
3F8
330
17
100
AcDbEntity
  8
TEXT
 62
7
370
15
100
AcDbPolyline
 90
2
 70
0
 10
13512.71186440678
 20
15414.37500000001
 10
13512.71186440678
 20
15241.875000000011
  0
TEXT
  5
3F9
330
17
100
AcDbEntity
  8
TEXT
 62
7
100
AcDbText
 10
13552.71186440678
 20
15291.875000000011
 30
0.0
 40
72.5
  1
Стул мягкий
  7
GOST
 11
13552.71186440678
 21
15291.875000000011
 31
0.0
100
AcDbText
  0
LWPOLYLINE
  5
3FA
330
17
100
AcDbEntity
  8
TEXT
 62
7
370
15
100
AcDbPolyline
 90
2
 70
0
 10
17608.192090395478
 20
15414.37500000001
 10
17608.192090395478
 20
15241.875000000011
  0
TEXT
  5
3FB
330
17
100
AcDbEntity
  8
TEXT
 62
7
100
AcDbText
 10
17648.19209039548
 20
15291.875000000011
 30
0.0
 40
72.5
  1
450×380×900
  7
GOST
 11
17648.19209039548
 21
15291.875000000011
 31
0.0
100
AcDbText
  0
LWPOLYLINE
  5
3FC
330
17
100
AcDbEntity
  8
TEXT
 62
7
370
15
100
AcDbPolyline
 90
2
 70
0
 10
18632.062146892655
 20
15414.37500000001
 10
18632.062146892655
 20
15241.875000000011
  0
TEXT
  5
3FD
330
17
100
AcDbEntity
  8
TEXT
 62
7
100
AcDbText
 10
18672.06214689266
 20
15291.875000000011
 30
0.0
 40
72.5
  1
x 1050..1500; y 1500..1880
  7
GOST
 11
18672.06214689266
 21
15291.875000000011
 31
0.0
100
AcDbText
  0
LWPOLYLINE
  5
3FE
330
17
100
AcDbEntity
  8
TEXT
 62
7
370
15
100
AcDbPolyline
 90
2
 70
0
 10
20493.644067796613
 20
15414.37500000001
 10
20493.644067796613
 20
15241.875000000011
  0
LWPOLYLINE
  5
3FF
330
17
100
AcDbEntity
  8
TEXT
 62
7
370
15
100
AcDbPolyline
 90
2
 70
0
 10
20912.500000000004
 20
15414.37500000001
 10
20912.500000000004
 20
15241.875000000011
  0
LWPOLYLINE
  5
400
330
17
100
AcDbEntity
  8
TEXT
 62
7
370
15
100
AcDbPolyline
 90
4
 70
1
 10
12675.0
 20
15069.375000000011
 10
20912.5
 20
15069.375000000011
 10
20912.5
 20
15241.875000000011
 10
12675.0
 20
15241.875000000011
  0
LWPOLYLINE
  5
401
330
17
100
AcDbEntity
  8
TEXT
 62
7
370
15
100
AcDbPolyline
 90
2
 70
0
 10
12675.0
 20
15241.875000000011
 10
12675.0
 20
15069.375000000011
  0
TEXT
  5
402
330
17
100
AcDbEntity
  8
TEXT
 62
7
100
AcDbText
 10
12715.0
 20
15119.375000000011
 30
0.0
 40
72.5
  1
F27
  7
GOST
 11
12715.0
 21
15119.375000000011
 31
0.0
100
AcDbText
  0
LWPOLYLINE
  5
403
330
17
100
AcDbEntity
  8
TEXT
 62
7
370
15
100
AcDbPolyline
 90
2
 70
0
 10
13140.395480225987
 20
15241.875000000011
 10
13140.395480225987
 20
15069.375000000011
  0
TEXT
  5
404
330
17
100
AcDbEntity
  8
TEXT
 62
7
100
AcDbText
 10
13180.395480225989
 20
15119.375000000011
 30
0.0
 40
72.5
  1
R3
  7
GOST
 11
13180.395480225989
 21
15119.375000000011
 31
0.0
100
AcDbText
  0
LWPOLYLINE
  5
405
330
17
100
AcDbEntity
  8
TEXT
 62
7
370
15
100
AcDbPolyline
 90
2
 70
0
 10
13512.71186440678
 20
15241.875000000011
 10
13512.71186440678
 20
15069.375000000011
  0
TEXT
  5
406
330
17
100
AcDbEntity
  8
TEXT
 62
7
100
AcDbText
 10
13552.71186440678
 20
15119.375000000011
 30
0.0
 40
72.5
  1
Стул мягкий
  7
GOST
 11
13552.71186440678
 21
15119.375000000011
 31
0.0
100
AcDbText
  0
LWPOLYLINE
  5
407
330
17
100
AcDbEntity
  8
TEXT
 62
7
370
15
100
AcDbPolyline
 90
2
 70
0
 10
17608.192090395478
 20
15241.875000000011
 10
17608.192090395478
 20
15069.375000000011
  0
TEXT
  5
408
330
17
100
AcDbEntity
  8
TEXT
 62
7
100
AcDbText
 10
17648.19209039548
 20
15119.375000000011
 30
0.0
 40
72.5
  1
450×380×900
  7
GOST
 11
17648.19209039548
 21
15119.375000000011
 31
0.0
100
AcDbText
  0
LWPOLYLINE
  5
409
330
17
100
AcDbEntity
  8
TEXT
 62
7
370
15
100
AcDbPolyline
 90
2
 70
0
 10
18632.062146892655
 20
15241.875000000011
 10
18632.062146892655
 20
15069.375000000011
  0
TEXT
  5
40A
330
17
100
AcDbEntity
  8
TEXT
 62
7
100
AcDbText
 10
18672.06214689266
 20
15119.375000000011
 30
0.0
 40
72.5
  1
x 1650..2100; y 1500..1880
  7
GOST
 11
18672.06214689266
 21
15119.375000000011
 31
0.0
100
AcDbText
  0
LWPOLYLINE
  5
40B
330
17
100
AcDbEntity
  8
TEXT
 62
7
370
15
100
AcDbPolyline
 90
2
 70
0
 10
20493.644067796613
 20
15241.875000000011
 10
20493.644067796613
 20
15069.375000000011
  0
LWPOLYLINE
  5
40C
330
17
100
AcDbEntity
  8
TEXT
 62
7
370
15
100
AcDbPolyline
 90
2
 70
0
 10
20912.500000000004
 20
15241.875000000011
 10
20912.500000000004
 20
15069.375000000011
  0
LWPOLYLINE
  5
40D
330
17
100
AcDbEntity
  8
TEXT
 62
7
370
15
100
AcDbPolyline
 90
4
 70
1
 10
12675.0
 20
14896.875000000011
 10
20912.5
 20
14896.875000000011
 10
20912.5
 20
15069.375000000011
 10
12675.0
 20
15069.375000000011
  0
LWPOLYLINE
  5
40E
330
17
100
AcDbEntity
  8
TEXT
 62
7
370
15
100
AcDbPolyline
 90
2
 70
0
 10
12675.0
 20
15069.375000000011
 10
12675.0
 20
14896.875000000011
  0
TEXT
  5
40F
330
17
100
AcDbEntity
  8
TEXT
 62
7
100
AcDbText
 10
12715.0
 20
14946.875000000011
 30
0.0
 40
72.5
  1
F28
  7
GOST
 11
12715.0
 21
14946.875000000011
 31
0.0
100
AcDbText
  0
LWPOLYLINE
  5
410
330
17
100
AcDbEntity
  8
TEXT
 62
7
370
15
100
AcDbPolyline
 90
2
 70
0
 10
13140.395480225987
 20
15069.375000000011
 10
13140.395480225987
 20
14896.875000000011
  0
TEXT
  5
411
330
17
100
AcDbEntity
  8
TEXT
 62
7
100
AcDbText
 10
13180.395480225989
 20
14946.875000000011
 30
0.0
 40
72.5
  1
R3
  7
GOST
 11
13180.395480225989
 21
14946.875000000011
 31
0.0
100
AcDbText
  0
LWPOLYLINE
  5
412
330
17
100
AcDbEntity
  8
TEXT
 62
7
370
15
100
AcDbPolyline
 90
2
 70
0
 10
13512.71186440678
 20
15069.375000000011
 10
13512.71186440678
 20
14896.875000000011
  0
TEXT
  5
413
330
17
100
AcDbEntity
  8
TEXT
 62
7
100
AcDbText
 10
13552.71186440678
 20
14946.875000000011
 30
0.0
 40
72.5
  1
Стул мягкий
  7
GOST
 11
13552.71186440678
 21
14946.875000000011
 31
0.0
100
AcDbText
  0
LWPOLYLINE
  5
414
330
17
100
AcDbEntity
  8
TEXT
 62
7
370
15
100
AcDbPolyline
 90
2
 70
0
 10
17608.192090395478
 20
15069.375000000011
 10
17608.192090395478
 20
14896.875000000011
  0
TEXT
  5
415
330
17
100
AcDbEntity
  8
TEXT
 62
7
100
AcDbText
 10
17648.19209039548
 20
14946.875000000011
 30
0.0
 40
72.5
  1
450×380×900
  7
GOST
 11
17648.19209039548
 21
14946.875000000011
 31
0.0
100
AcDbText
  0
LWPOLYLINE
  5
416
330
17
100
AcDbEntity
  8
TEXT
 62
7
370
15
100
AcDbPolyline
 90
2
 70
0
 10
18632.062146892655
 20
15069.375000000011
 10
18632.062146892655
 20
14896.875000000011
  0
TEXT
  5
417
330
17
100
AcDbEntity
  8
TEXT
 62
7
100
AcDbText
 10
18672.06214689266
 20
14946.875000000011
 30
0.0
 40
72.5
  1
x 2250..2700; y 1500..1880
  7
GOST
 11
18672.06214689266
 21
14946.875000000011
 31
0.0
100
AcDbText
  0
LWPOLYLINE
  5
418
330
17
100
AcDbEntity
  8
TEXT
 62
7
370
15
100
AcDbPolyline
 90
2
 70
0
 10
20493.644067796613
 20
15069.375000000011
 10
20493.644067796613
 20
14896.875000000011
  0
LWPOLYLINE
  5
419
330
17
100
AcDbEntity
  8
TEXT
 62
7
370
15
100
AcDbPolyline
 90
2
 70
0
 10
20912.500000000004
 20
15069.375000000011
 10
20912.500000000004
 20
14896.875000000011
  0
LWPOLYLINE
  5
41A
330
17
100
AcDbEntity
  8
TEXT
 62
7
370
15
100
AcDbPolyline
 90
4
 70
1
 10
12675.0
 20
14724.375000000013
 10
20912.5
 20
14724.375000000013
 10
20912.5
 20
14896.875000000011
 10
12675.0
 20
14896.875000000011
  0
LWPOLYLINE
  5
41B
330
17
100
AcDbEntity
  8
TEXT
 62
7
370
15
100
AcDbPolyline
 90
2
 70
0
 10
12675.0
 20
14896.875000000011
 10
12675.0
 20
14724.375000000013
  0
TEXT
  5
41C
330
17
100
AcDbEntity
  8
TEXT
 62
7
100
AcDbText
 10
12715.0
 20
14774.375000000013
 30
0.0
 40
72.5
  1
F29
  7
GOST
 11
12715.0
 21
14774.375000000013
 31
0.0
100
AcDbText
  0
LWPOLYLINE
  5
41D
330
17
100
AcDbEntity
  8
TEXT
 62
7
370
15
100
AcDbPolyline
 90
2
 70
0
 10
13140.395480225987
 20
14896.875000000011
 10
13140.395480225987
 20
14724.375000000013
  0
TEXT
  5
41E
330
17
100
AcDbEntity
  8
TEXT
 62
7
100
AcDbText
 10
13180.395480225989
 20
14774.375000000013
 30
0.0
 40
72.5
  1
R3
  7
GOST
 11
13180.395480225989
 21
14774.375000000013
 31
0.0
100
AcDbText
  0
LWPOLYLINE
  5
41F
330
17
100
AcDbEntity
  8
TEXT
 62
7
370
15
100
AcDbPolyline
 90
2
 70
0
 10
13512.71186440678
 20
14896.875000000011
 10
13512.71186440678
 20
14724.375000000013
  0
TEXT
  5
420
330
17
100
AcDbEntity
  8
TEXT
 62
7
100
AcDbText
 10
13552.71186440678
 20
14774.375000000013
 30
0.0
 40
72.5
  1
Стул мягкий
  7
GOST
 11
13552.71186440678
 21
14774.375000000013
 31
0.0
100
AcDbText
  0
LWPOLYLINE
  5
421
330
17
100
AcDbEntity
  8
TEXT
 62
7
370
15
100
AcDbPolyline
 90
2
 70
0
 10
17608.192090395478
 20
14896.875000000011
 10
17608.192090395478
 20
14724.375000000013
  0
TEXT
  5
422
330
17
100
AcDbEntity
  8
TEXT
 62
7
100
AcDbText
 10
17648.19209039548
 20
14774.375000000013
 30
0.0
 40
72.5
  1
450×380×900
  7
GOST
 11
17648.19209039548
 21
14774.375000000013
 31
0.0
100
AcDbText
  0
LWPOLYLINE
  5
423
330
17
100
AcDbEntity
  8
TEXT
 62
7
370
15
100
AcDbPolyline
 90
2
 70
0
 10
18632.062146892655
 20
14896.875000000011
 10
18632.062146892655
 20
14724.375000000013
  0
TEXT
  5
424
330
17
100
AcDbEntity
  8
TEXT
 62
7
100
AcDbText
 10
18672.06214689266
 20
14774.375000000013
 30
0.0
 40
72.5
  1
x 1050..1500; y 2820..3200
  7
GOST
 11
18672.06214689266
 21
14774.375000000013
 31
0.0
100
AcDbText
  0
LWPOLYLINE
  5
425
330
17
100
AcDbEntity
  8
TEXT
 62
7
370
15
100
AcDbPolyline
 90
2
 70
0
 10
20493.644067796613
 20
14896.875000000011
 10
20493.644067796613
 20
14724.375000000013
  0
LWPOLYLINE
  5
426
330
17
100
AcDbEntity
  8
TEXT
 62
7
370
15
100
AcDbPolyline
 90
2
 70
0
 10
20912.500000000004
 20
14896.875000000011
 10
20912.500000000004
 20
14724.375000000013
  0
LWPOLYLINE
  5
427
330
17
100
AcDbEntity
  8
TEXT
 62
7
370
15
100
AcDbPolyline
 90
4
 70
1
 10
12675.0
 20
14551.875000000013
 10
20912.5
 20
14551.875000000013
 10
20912.5
 20
14724.375000000013
 10
12675.0
 20
14724.375000000013
  0
LWPOLYLINE
  5
428
330
17
100
AcDbEntity
  8
TEXT
 62
7
370
15
100
AcDbPolyline
 90
2
 70
0
 10
12675.0
 20
14724.375000000013
 10
12675.0
 20
14551.875000000013
  0
TEXT
  5
429
330
17
100
AcDbEntity
  8
TEXT
 62
7
100
AcDbText
 10
12715.0
 20
14601.875000000013
 30
0.0
 40
72.5
  1
F30
  7
GOST
 11
12715.0
 21
14601.875000000013
 31
0.0
100
AcDbText
  0
LWPOLYLINE
  5
42A
330
17
100
AcDbEntity
  8
TEXT
 62
7
370
15
100
AcDbPolyline
 90
2
 70
0
 10
13140.395480225987
 20
14724.375000000013
 10
13140.395480225987
 20
14551.875000000013
  0
TEXT
  5
42B
330
17
100
AcDbEntity
  8
TEXT
 62
7
100
AcDbText
 10
13180.395480225989
 20
14601.875000000013
 30
0.0
 40
72.5
  1
R3
  7
GOST
 11
13180.395480225989
 21
14601.875000000013
 31
0.0
100
AcDbText
  0
LWPOLYLINE
  5
42C
330
17
100
AcDbEntity
  8
TEXT
 62
7
370
15
100
AcDbPolyline
 90
2
 70
0
 10
13512.71186440678
 20
14724.375000000013
 10
13512.71186440678
 20
14551.875000000013
  0
TEXT
  5
42D
330
17
100
AcDbEntity
  8
TEXT
 62
7
100
AcDbText
 10
13552.71186440678
 20
14601.875000000013
 30
0.0
 40
72.5
  1
Стул мягкий
  7
GOST
 11
13552.71186440678
 21
14601.875000000013
 31
0.0
100
AcDbText
  0
LWPOLYLINE
  5
42E
330
17
100
AcDbEntity
  8
TEXT
 62
7
370
15
100
AcDbPolyline
 90
2
 70
0
 10
17608.192090395478
 20
14724.375000000013
 10
17608.192090395478
 20
14551.875000000013
  0
TEXT
  5
42F
330
17
100
AcDbEntity
  8
TEXT
 62
7
100
AcDbText
 10
17648.19209039548
 20
14601.875000000013
 30
0.0
 40
72.5
  1
450×380×900
  7
GOST
 11
17648.19209039548
 21
14601.875000000013
 31
0.0
100
AcDbText
  0
LWPOLYLINE
  5
430
330
17
100
AcDbEntity
  8
TEXT
 62
7
370
15
100
AcDbPolyline
 90
2
 70
0
 10
18632.062146892655
 20
14724.375000000013
 10
18632.062146892655
 20
14551.875000000013
  0
TEXT
  5
431
330
17
100
AcDbEntity
  8
TEXT
 62
7
100
AcDbText
 10
18672.06214689266
 20
14601.875000000013
 30
0.0
 40
72.5
  1
x 1650..2100; y 2820..3200
  7
GOST
 11
18672.06214689266
 21
14601.875000000013
 31
0.0
100
AcDbText
  0
LWPOLYLINE
  5
432
330
17
100
AcDbEntity
  8
TEXT
 62
7
370
15
100
AcDbPolyline
 90
2
 70
0
 10
20493.644067796613
 20
14724.375000000013
 10
20493.644067796613
 20
14551.875000000013
  0
LWPOLYLINE
  5
433
330
17
100
AcDbEntity
  8
TEXT
 62
7
370
15
100
AcDbPolyline
 90
2
 70
0
 10
20912.500000000004
 20
14724.375000000013
 10
20912.500000000004
 20
14551.875000000013
  0
LWPOLYLINE
  5
434
330
17
100
AcDbEntity
  8
TEXT
 62
7
370
15
100
AcDbPolyline
 90
4
 70
1
 10
12675.0
 20
14379.375000000013
 10
20912.5
 20
14379.375000000013
 10
20912.5
 20
14551.875000000013
 10
12675.0
 20
14551.875000000013
  0
LWPOLYLINE
  5
435
330
17
100
AcDbEntity
  8
TEXT
 62
7
370
15
100
AcDbPolyline
 90
2
 70
0
 10
12675.0
 20
14551.875000000013
 10
12675.0
 20
14379.375000000013
  0
TEXT
  5
436
330
17
100
AcDbEntity
  8
TEXT
 62
7
100
AcDbText
 10
12715.0
 20
14429.375000000013
 30
0.0
 40
72.5
  1
F31
  7
GOST
 11
12715.0
 21
14429.375000000013
 31
0.0
100
AcDbText
  0
LWPOLYLINE
  5
437
330
17
100
AcDbEntity
  8
TEXT
 62
7
370
15
100
AcDbPolyline
 90
2
 70
0
 10
13140.395480225987
 20
14551.875000000013
 10
13140.395480225987
 20
14379.375000000013
  0
TEXT
  5
438
330
17
100
AcDbEntity
  8
TEXT
 62
7
100
AcDbText
 10
13180.395480225989
 20
14429.375000000013
 30
0.0
 40
72.5
  1
R3
  7
GOST
 11
13180.395480225989
 21
14429.375000000013
 31
0.0
100
AcDbText
  0
LWPOLYLINE
  5
439
330
17
100
AcDbEntity
  8
TEXT
 62
7
370
15
100
AcDbPolyline
 90
2
 70
0
 10
13512.71186440678
 20
14551.875000000013
 10
13512.71186440678
 20
14379.375000000013
  0
TEXT
  5
43A
330
17
100
AcDbEntity
  8
TEXT
 62
7
100
AcDbText
 10
13552.71186440678
 20
14429.375000000013
 30
0.0
 40
72.5
  1
Стул мягкий
  7
GOST
 11
13552.71186440678
 21
14429.375000000013
 31
0.0
100
AcDbText
  0
LWPOLYLINE
  5
43B
330
17
100
AcDbEntity
  8
TEXT
 62
7
370
15
100
AcDbPolyline
 90
2
 70
0
 10
17608.192090395478
 20
14551.875000000013
 10
17608.192090395478
 20
14379.375000000013
  0
TEXT
  5
43C
330
17
100
AcDbEntity
  8
TEXT
 62
7
100
AcDbText
 10
17648.19209039548
 20
14429.375000000013
 30
0.0
 40
72.5
  1
450×380×900
  7
GOST
 11
17648.19209039548
 21
14429.375000000013
 31
0.0
100
AcDbText
  0
LWPOLYLINE
  5
43D
330
17
100
AcDbEntity
  8
TEXT
 62
7
370
15
100
AcDbPolyline
 90
2
 70
0
 10
18632.062146892655
 20
14551.875000000013
 10
18632.062146892655
 20
14379.375000000013
  0
TEXT
  5
43E
330
17
100
AcDbEntity
  8
TEXT
 62
7
100
AcDbText
 10
18672.06214689266
 20
14429.375000000013
 30
0.0
 40
72.5
  1
x 2250..2700; y 2820..3200
  7
GOST
 11
18672.06214689266
 21
14429.375000000013
 31
0.0
100
AcDbText
  0
LWPOLYLINE
  5
43F
330
17
100
AcDbEntity
  8
TEXT
 62
7
370
15
100
AcDbPolyline
 90
2
 70
0
 10
20493.644067796613
 20
14551.875000000013
 10
20493.644067796613
 20
14379.375000000013
  0
LWPOLYLINE
  5
440
330
17
100
AcDbEntity
  8
TEXT
 62
7
370
15
100
AcDbPolyline
 90
2
 70
0
 10
20912.500000000004
 20
14551.875000000013
 10
20912.500000000004
 20
14379.375000000013
  0
LWPOLYLINE
  5
441
330
17
100
AcDbEntity
  8
TEXT
 62
7
370
15
100
AcDbPolyline
 90
4
 70
1
 10
12675.0
 20
14101.750000000013
 10
20912.5
 20
14101.750000000013
 10
20912.5
 20
14379.375000000013
 10
12675.0
 20
14379.375000000013
  0
LWPOLYLINE
  5
442
330
17
100
AcDbEntity
  8
TEXT
 62
7
370
15
100
AcDbPolyline
 90
2
 70
0
 10
12675.0
 20
14379.375000000013
 10
12675.0
 20
14101.750000000013
  0
TEXT
  5
443
330
17
100
AcDbEntity
  8
TEXT
 62
7
100
AcDbText
 10
12715.0
 20
14256.875000000015
 30
0.0
 40
72.5
  1
F32
  7
GOST
 11
12715.0
 21
14256.875000000015
 31
0.0
100
AcDbText
  0
LWPOLYLINE
  5
444
330
17
100
AcDbEntity
  8
TEXT
 62
7
370
15
100
AcDbPolyline
 90
2
 70
0
 10
13140.395480225987
 20
14379.375000000013
 10
13140.395480225987
 20
14101.750000000013
  0
TEXT
  5
445
330
17
100
AcDbEntity
  8
TEXT
 62
7
100
AcDbText
 10
13180.395480225989
 20
14256.875000000015
 30
0.0
 40
72.5
  1
R3
  7
GOST
 11
13180.395480225989
 21
14256.875000000015
 31
0.0
100
AcDbText
  0
LWPOLYLINE
  5
446
330
17
100
AcDbEntity
  8
TEXT
 62
7
370
15
100
AcDbPolyline
 90
2
 70
0
 10
13512.71186440678
 20
14379.375000000013
 10
13512.71186440678
 20
14101.750000000013
  0
TEXT
  5
447
330
17
100
AcDbEntity
  8
TEXT
 62
7
100
AcDbText
 10
13552.71186440678
 20
14256.875000000015
 30
0.0
 40
72.5
  1
Экран моторизованный 80″ 16:9 tab-tension (полотно 1771×996), корпус в
  7
GOST
 11
13552.71186440678
 21
14256.875000000015
 31
0.0
100
AcDbText
  0
TEXT
  5
448
330
17
100
AcDbEntity
  8
TEXT
 62
7
100
AcDbText
 10
13552.71186440678
 20
14151.750000000013
 30
0.0
 40
72.5
  1
нише ламбрекена у O4
  7
GOST
 11
13552.71186440678
 21
14151.750000000013
 31
0.0
100
AcDbText
  0
LWPOLYLINE
  5
449
330
17
100
AcDbEntity
  8
TEXT
 62
7
370
15
100
AcDbPolyline
 90
2
 70
0
 10
17608.192090395478
 20
14379.375000000013
 10
17608.192090395478
 20
14101.750000000013
  0
TEXT
  5
44A
330
17
100
AcDbEntity
  8
TEXT
 62
7
100
AcDbText
 10
17648.19209039548
 20
14256.875000000015
 30
0.0
 40
72.5
  1
1971×180×150
  7
GOST
 11
17648.19209039548
 21
14256.875000000015
 31
0.0
100
AcDbText
  0
LWPOLYLINE
  5
44B
330
17
100
AcDbEntity
  8
TEXT
 62
7
370
15
100
AcDbPolyline
 90
2
 70
0
 10
18632.062146892655
 20
14379.375000000013
 10
18632.062146892655
 20
14101.750000000013
  0
TEXT
  5
44C
330
17
100
AcDbEntity
  8
TEXT
 62
7
100
AcDbText
 10
18672.06214689266
 20
14256.875000000015
 30
0.0
 40
72.5
  1
x 60..240; y 535..2506; низ +2550
  7
GOST
 11
18672.06214689266
 21
14256.875000000015
 31
0.0
100
AcDbText
  0
LWPOLYLINE
  5
44D
330
17
100
AcDbEntity
  8
TEXT
 62
7
370
15
100
AcDbPolyline
 90
2
 70
0
 10
20493.644067796613
 20
14379.375000000013
 10
20493.644067796613
 20
14101.750000000013
  0
LWPOLYLINE
  5
44E
330
17
100
AcDbEntity
  8
TEXT
 62
7
370
15
100
AcDbPolyline
 90
2
 70
0
 10
20912.500000000004
 20
14379.375000000013
 10
20912.500000000004
 20
14101.750000000013
  0
LWPOLYLINE
  5
44F
330
17
100
AcDbEntity
  8
TEXT
 62
7
370
15
100
AcDbPolyline
 90
4
 70
1
 10
12675.0
 20
13929.250000000013
 10
20912.5
 20
13929.250000000013
 10
20912.5
 20
14101.750000000013
 10
12675.0
 20
14101.750000000013
  0
LWPOLYLINE
  5
450
330
17
100
AcDbEntity
  8
TEXT
 62
7
370
15
100
AcDbPolyline
 90
2
 70
0
 10
12675.0
 20
14101.750000000013
 10
12675.0
 20
13929.250000000013
  0
TEXT
  5
451
330
17
100
AcDbEntity
  8
TEXT
 62
7
100
AcDbText
 10
12715.0
 20
13979.250000000013
 30
0.0
 40
72.5
  1
F33
  7
GOST
 11
12715.0
 21
13979.250000000013
 31
0.0
100
AcDbText
  0
LWPOLYLINE
  5
452
330
17
100
AcDbEntity
  8
TEXT
 62
7
370
15
100
AcDbPolyline
 90
2
 70
0
 10
13140.395480225987
 20
14101.750000000013
 10
13140.395480225987
 20
13929.250000000013
  0
TEXT
  5
453
330
17
100
AcDbEntity
  8
TEXT
 62
7
100
AcDbText
 10
13180.395480225989
 20
13979.250000000013
 30
0.0
 40
72.5
  1
R7
  7
GOST
 11
13180.395480225989
 21
13979.250000000013
 31
0.0
100
AcDbText
  0
LWPOLYLINE
  5
454
330
17
100
AcDbEntity
  8
TEXT
 62
7
370
15
100
AcDbPolyline
 90
2
 70
0
 10
13512.71186440678
 20
14101.750000000013
 10
13512.71186440678
 20
13929.250000000013
  0
TEXT
  5
455
330
17
100
AcDbEntity
  8
TEXT
 62
7
100
AcDbText
 10
13552.71186440678
 20
13979.250000000013
 30
0.0
 40
72.5
  1
П-диван: спинная секция вдоль остекления B1, 750×3023 (на ножках)
  7
GOST
 11
13552.71186440678
 21
13979.250000000013
 31
0.0
100
AcDbText
  0
LWPOLYLINE
  5
456
330
17
100
AcDbEntity
  8
TEXT
 62
7
370
15
100
AcDbPolyline
 90
2
 70
0
 10
17608.192090395478
 20
14101.750000000013
 10
17608.192090395478
 20
13929.250000000013
  0
TEXT
  5
457
330
17
100
AcDbEntity
  8
TEXT
 62
7
100
AcDbText
 10
17648.19209039548
 20
13979.250000000013
 30
0.0
 40
72.5
  1
3023×750×850
  7
GOST
 11
17648.19209039548
 21
13979.250000000013
 31
0.0
100
AcDbText
  0
LWPOLYLINE
  5
458
330
17
100
AcDbEntity
  8
TEXT
 62
7
370
15
100
AcDbPolyline
 90
2
 70
0
 10
18632.062146892655
 20
14101.750000000013
 10
18632.062146892655
 20
13929.250000000013
  0
TEXT
  5
459
330
17
100
AcDbEntity
  8
TEXT
 62
7
100
AcDbText
 10
18672.06214689266
 20
13979.250000000013
 30
0.0
 40
72.5
  1
x -2431..-1681; y 45..3068
  7
GOST
 11
18672.06214689266
 21
13979.250000000013
 31
0.0
100
AcDbText
  0
LWPOLYLINE
  5
45A
330
17
100
AcDbEntity
  8
TEXT
 62
7
370
15
100
AcDbPolyline
 90
2
 70
0
 10
20493.644067796613
 20
14101.750000000013
 10
20493.644067796613
 20
13929.250000000013
  0
TEXT
  5
45B
330
17
100
AcDbEntity
  8
TEXT
 62
7
100
AcDbText
 10
20533.644067796613
 20
13979.250000000013
 30
0.0
 40
72.5
  1
да
  7
GOST
 11
20533.644067796613
 21
13979.250000000013
 31
0.0
100
AcDbText
  0
LWPOLYLINE
  5
45C
330
17
100
AcDbEntity
  8
TEXT
 62
7
370
15
100
AcDbPolyline
 90
2
 70
0
 10
20912.500000000004
 20
14101.750000000013
 10
20912.500000000004
 20
13929.250000000013
  0
LWPOLYLINE
  5
45D
330
17
100
AcDbEntity
  8
TEXT
 62
7
370
15
100
AcDbPolyline
 90
4
 70
1
 10
12675.0
 20
13756.750000000015
 10
20912.5
 20
13756.750000000015
 10
20912.5
 20
13929.250000000013
 10
12675.0
 20
13929.250000000013
  0
LWPOLYLINE
  5
45E
330
17
100
AcDbEntity
  8
TEXT
 62
7
370
15
100
AcDbPolyline
 90
2
 70
0
 10
12675.0
 20
13929.250000000013
 10
12675.0
 20
13756.750000000015
  0
TEXT
  5
45F
330
17
100
AcDbEntity
  8
TEXT
 62
7
100
AcDbText
 10
12715.0
 20
13806.750000000015
 30
0.0
 40
72.5
  1
F34
  7
GOST
 11
12715.0
 21
13806.750000000015
 31
0.0
100
AcDbText
  0
LWPOLYLINE
  5
460
330
17
100
AcDbEntity
  8
TEXT
 62
7
370
15
100
AcDbPolyline
 90
2
 70
0
 10
13140.395480225987
 20
13929.250000000013
 10
13140.395480225987
 20
13756.750000000015
  0
TEXT
  5
461
330
17
100
AcDbEntity
  8
TEXT
 62
7
100
AcDbText
 10
13180.395480225989
 20
13806.750000000015
 30
0.0
 40
72.5
  1
R7
  7
GOST
 11
13180.395480225989
 21
13806.750000000015
 31
0.0
100
AcDbText
  0
LWPOLYLINE
  5
462
330
17
100
AcDbEntity
  8
TEXT
 62
7
370
15
100
AcDbPolyline
 90
2
 70
0
 10
13512.71186440678
 20
13929.250000000013
 10
13512.71186440678
 20
13756.750000000015
  0
TEXT
  5
463
330
17
100
AcDbEntity
  8
TEXT
 62
7
100
AcDbText
 10
13552.71186440678
 20
13806.750000000015
 30
0.0
 40
72.5
  1
П-диван: боковая секция у B3, 650×700
  7
GOST
 11
13552.71186440678
 21
13806.750000000015
 31
0.0
100
AcDbText
  0
LWPOLYLINE
  5
464
330
17
100
AcDbEntity
  8
TEXT
 62
7
370
15
100
AcDbPolyline
 90
2
 70
0
 10
17608.192090395478
 20
13929.250000000013
 10
17608.192090395478
 20
13756.750000000015
  0
TEXT
  5
465
330
17
100
AcDbEntity
  8
TEXT
 62
7
100
AcDbText
 10
17648.19209039548
 20
13806.750000000015
 30
0.0
 40
72.5
  1
650×700×850
  7
GOST
 11
17648.19209039548
 21
13806.750000000015
 31
0.0
100
AcDbText
  0
LWPOLYLINE
  5
466
330
17
100
AcDbEntity
  8
TEXT
 62
7
370
15
100
AcDbPolyline
 90
2
 70
0
 10
18632.062146892655
 20
13929.250000000013
 10
18632.062146892655
 20
13756.750000000015
  0
TEXT
  5
467
330
17
100
AcDbEntity
  8
TEXT
 62
7
100
AcDbText
 10
18672.06214689266
 20
13806.750000000015
 30
0.0
 40
72.5
  1
x -1681..-1031; y 45..745
  7
GOST
 11
18672.06214689266
 21
13806.750000000015
 31
0.0
100
AcDbText
  0
LWPOLYLINE
  5
468
330
17
100
AcDbEntity
  8
TEXT
 62
7
370
15
100
AcDbPolyline
 90
2
 70
0
 10
20493.644067796613
 20
13929.250000000013
 10
20493.644067796613
 20
13756.750000000015
  0
TEXT
  5
469
330
17
100
AcDbEntity
  8
TEXT
 62
7
100
AcDbText
 10
20533.644067796613
 20
13806.750000000015
 30
0.0
 40
72.5
  1
да
  7
GOST
 11
20533.644067796613
 21
13806.750000000015
 31
0.0
100
AcDbText
  0
LWPOLYLINE
  5
46A
330
17
100
AcDbEntity
  8
TEXT
 62
7
370
15
100
AcDbPolyline
 90
2
 70
0
 10
20912.500000000004
 20
13929.250000000013
 10
20912.500000000004
 20
13756.750000000015
  0
LWPOLYLINE
  5
46B
330
17
100
AcDbEntity
  8
TEXT
 62
7
370
15
100
AcDbPolyline
 90
4
 70
1
 10
12675.0
 20
13479.125000000013
 10
20912.5
 20
13479.125000000013
 10
20912.5
 20
13756.750000000015
 10
12675.0
 20
13756.750000000015
  0
LWPOLYLINE
  5
46C
330
17
100
AcDbEntity
  8
TEXT
 62
7
370
15
100
AcDbPolyline
 90
2
 70
0
 10
12675.0
 20
13756.750000000015
 10
12675.0
 20
13479.125000000013
  0
TEXT
  5
46D
330
17
100
AcDbEntity
  8
TEXT
 62
7
100
AcDbText
 10
12715.0
 20
13634.250000000015
 30
0.0
 40
72.5
  1
F35
  7
GOST
 11
12715.0
 21
13634.250000000015
 31
0.0
100
AcDbText
  0
LWPOLYLINE
  5
46E
330
17
100
AcDbEntity
  8
TEXT
 62
7
370
15
100
AcDbPolyline
 90
2
 70
0
 10
13140.395480225987
 20
13756.750000000015
 10
13140.395480225987
 20
13479.125000000013
  0
TEXT
  5
46F
330
17
100
AcDbEntity
  8
TEXT
 62
7
100
AcDbText
 10
13180.395480225989
 20
13634.250000000015
 30
0.0
 40
72.5
  1
R7
  7
GOST
 11
13180.395480225989
 21
13634.250000000015
 31
0.0
100
AcDbText
  0
LWPOLYLINE
  5
470
330
17
100
AcDbEntity
  8
TEXT
 62
7
370
15
100
AcDbPolyline
 90
2
 70
0
 10
13512.71186440678
 20
13756.750000000015
 10
13512.71186440678
 20
13479.125000000013
  0
TEXT
  5
471
330
17
100
AcDbEntity
  8
TEXT
 62
7
100
AcDbText
 10
13552.71186440678
 20
13634.250000000015
 30
0.0
 40
72.5
  1
П-диван: боковая секция у B2, 650×700, с вентилируемым отсеком AV
  7
GOST
 11
13552.71186440678
 21
13634.250000000015
 31
0.0
100
AcDbText
  0
TEXT
  5
472
330
17
100
AcDbEntity
  8
TEXT
 62
7
100
AcDbText
 10
13552.71186440678
 20
13529.125000000013
 30
0.0
 40
72.5
  1
(ресивер/медиаплеер)
  7
GOST
 11
13552.71186440678
 21
13529.125000000013
 31
0.0
100
AcDbText
  0
LWPOLYLINE
  5
473
330
17
100
AcDbEntity
  8
TEXT
 62
7
370
15
100
AcDbPolyline
 90
2
 70
0
 10
17608.192090395478
 20
13756.750000000015
 10
17608.192090395478
 20
13479.125000000013
  0
TEXT
  5
474
330
17
100
AcDbEntity
  8
TEXT
 62
7
100
AcDbText
 10
17648.19209039548
 20
13634.250000000015
 30
0.0
 40
72.5
  1
650×700×850
  7
GOST
 11
17648.19209039548
 21
13634.250000000015
 31
0.0
100
AcDbText
  0
LWPOLYLINE
  5
475
330
17
100
AcDbEntity
  8
TEXT
 62
7
370
15
100
AcDbPolyline
 90
2
 70
0
 10
18632.062146892655
 20
13756.750000000015
 10
18632.062146892655
 20
13479.125000000013
  0
TEXT
  5
476
330
17
100
AcDbEntity
  8
TEXT
 62
7
100
AcDbText
 10
18672.06214689266
 20
13634.250000000015
 30
0.0
 40
72.5
  1
x -1681..-1031; y 2368..3068
  7
GOST
 11
18672.06214689266
 21
13634.250000000015
 31
0.0
100
AcDbText
  0
LWPOLYLINE
  5
477
330
17
100
AcDbEntity
  8
TEXT
 62
7
370
15
100
AcDbPolyline
 90
2
 70
0
 10
20493.644067796613
 20
13756.750000000015
 10
20493.644067796613
 20
13479.125000000013
  0
TEXT
  5
478
330
17
100
AcDbEntity
  8
TEXT
 62
7
100
AcDbText
 10
20533.644067796613
 20
13634.250000000015
 30
0.0
 40
72.5
  1
да
  7
GOST
 11
20533.644067796613
 21
13634.250000000015
 31
0.0
100
AcDbText
  0
LWPOLYLINE
  5
479
330
17
100
AcDbEntity
  8
TEXT
 62
7
370
15
100
AcDbPolyline
 90
2
 70
0
 10
20912.500000000004
 20
13756.750000000015
 10
20912.500000000004
 20
13479.125000000013
  0
LWPOLYLINE
  5
47A
330
17
100
AcDbEntity
  8
TEXT
 62
7
370
15
100
AcDbPolyline
 90
4
 70
1
 10
12675.0
 20
13306.625000000015
 10
20912.5
 20
13306.625000000015
 10
20912.5
 20
13479.125000000013
 10
12675.0
 20
13479.125000000013
  0
LWPOLYLINE
  5
47B
330
17
100
AcDbEntity
  8
TEXT
 62
7
370
15
100
AcDbPolyline
 90
2
 70
0
 10
12675.0
 20
13479.125000000013
 10
12675.0
 20
13306.625000000015
  0
TEXT
  5
47C
330
17
100
AcDbEntity
  8
TEXT
 62
7
100
AcDbText
 10
12715.0
 20
13356.625000000015
 30
0.0
 40
72.5
  1
F36
  7
GOST
 11
12715.0
 21
13356.625000000015
 31
0.0
100
AcDbText
  0
LWPOLYLINE
  5
47D
330
17
100
AcDbEntity
  8
TEXT
 62
7
370
15
100
AcDbPolyline
 90
2
 70
0
 10
13140.395480225987
 20
13479.125000000013
 10
13140.395480225987
 20
13306.625000000015
  0
TEXT
  5
47E
330
17
100
AcDbEntity
  8
TEXT
 62
7
100
AcDbText
 10
13180.395480225989
 20
13356.625000000015
 30
0.0
 40
72.5
  1
R7
  7
GOST
 11
13180.395480225989
 21
13356.625000000015
 31
0.0
100
AcDbText
  0
LWPOLYLINE
  5
47F
330
17
100
AcDbEntity
  8
TEXT
 62
7
370
15
100
AcDbPolyline
 90
2
 70
0
 10
13512.71186440678
 20
13479.125000000013
 10
13512.71186440678
 20
13306.625000000015
  0
TEXT
  5
480
330
17
100
AcDbEntity
  8
TEXT
 62
7
100
AcDbText
 10
13552.71186440678
 20
13356.625000000015
 30
0.0
 40
72.5
  1
Пуф-стол 500×800
  7
GOST
 11
13552.71186440678
 21
13356.625000000015
 31
0.0
100
AcDbText
  0
LWPOLYLINE
  5
481
330
17
100
AcDbEntity
  8
TEXT
 62
7
370
15
100
AcDbPolyline
 90
2
 70
0
 10
17608.192090395478
 20
13479.125000000013
 10
17608.192090395478
 20
13306.625000000015
  0
TEXT
  5
482
330
17
100
AcDbEntity
  8
TEXT
 62
7
100
AcDbText
 10
17648.19209039548
 20
13356.625000000015
 30
0.0
 40
72.5
  1
500×800×400
  7
GOST
 11
17648.19209039548
 21
13356.625000000015
 31
0.0
100
AcDbText
  0
LWPOLYLINE
  5
483
330
17
100
AcDbEntity
  8
TEXT
 62
7
370
15
100
AcDbPolyline
 90
2
 70
0
 10
18632.062146892655
 20
13479.125000000013
 10
18632.062146892655
 20
13306.625000000015
  0
TEXT
  5
484
330
17
100
AcDbEntity
  8
TEXT
 62
7
100
AcDbText
 10
18672.06214689266
 20
13356.625000000015
 30
0.0
 40
72.5
  1
x -1550..-1050; y 1120..1920
  7
GOST
 11
18672.06214689266
 21
13356.625000000015
 31
0.0
100
AcDbText
  0
LWPOLYLINE
  5
485
330
17
100
AcDbEntity
  8
TEXT
 62
7
370
15
100
AcDbPolyline
 90
2
 70
0
 10
20493.644067796613
 20
13479.125000000013
 10
20493.644067796613
 20
13306.625000000015
  0
LWPOLYLINE
  5
486
330
17
100
AcDbEntity
  8
TEXT
 62
7
370
15
100
AcDbPolyline
 90
2
 70
0
 10
20912.500000000004
 20
13479.125000000013
 10
20912.500000000004
 20
13306.625000000015
  0
LWPOLYLINE
  5
487
330
17
100
AcDbEntity
  8
TEXT
 62
7
370
15
100
AcDbPolyline
 90
4
 70
1
 10
12675.0
 20
13029.000000000013
 10
20912.5
 20
13029.000000000013
 10
20912.5
 20
13306.625000000015
 10
12675.0
 20
13306.625000000015
  0
LWPOLYLINE
  5
488
330
17
100
AcDbEntity
  8
TEXT
 62
7
370
15
100
AcDbPolyline
 90
2
 70
0
 10
12675.0
 20
13306.625000000015
 10
12675.0
 20
13029.000000000013
  0
TEXT
  5
489
330
17
100
AcDbEntity
  8
TEXT
 62
7
100
AcDbText
 10
12715.0
 20
13184.125000000015
 30
0.0
 40
72.5
  1
F37
  7
GOST
 11
12715.0
 21
13184.125000000015
 31
0.0
100
AcDbText
  0
LWPOLYLINE
  5
48A
330
17
100
AcDbEntity
  8
TEXT
 62
7
370
15
100
AcDbPolyline
 90
2
 70
0
 10
13140.395480225987
 20
13306.625000000015
 10
13140.395480225987
 20
13029.000000000013
  0
TEXT
  5
48B
330
17
100
AcDbEntity
  8
TEXT
 62
7
100
AcDbText
 10
13180.395480225989
 20
13184.125000000015
 30
0.0
 40
72.5
  1
R7
  7
GOST
 11
13180.395480225989
 21
13184.125000000015
 31
0.0
100
AcDbText
  0
LWPOLYLINE
  5
48C
330
17
100
AcDbEntity
  8
TEXT
 62
7
370
15
100
AcDbPolyline
 90
2
 70
0
 10
13512.71186440678
 20
13306.625000000015
 10
13512.71186440678
 20
13029.000000000013
  0
TEXT
  5
48D
330
17
100
AcDbEntity
  8
TEXT
 62
7
100
AcDbText
 10
13552.71186440678
 20
13184.125000000015
 30
0.0
 40
72.5
  1
Блэкаут-портьеры на потолочном П-образном карнизе с электроприводом
  7
GOST
 11
13552.71186440678
 21
13184.125000000015
 31
0.0
100
AcDbText
  0
TEXT
  5
48E
330
17
100
AcDbEntity
  8
TEXT
 62
7
100
AcDbText
 10
13552.71186440678
 20
13079.000000000013
 30
0.0
 40
72.5
  1
(B1+B2+B3)
  7
GOST
 11
13552.71186440678
 21
13079.000000000013
 31
0.0
100
AcDbText
  0
LWPOLYLINE
  5
48F
330
17
100
AcDbEntity
  8
TEXT
 62
7
370
15
100
AcDbPolyline
 90
2
 70
0
 10
17608.192090395478
 20
13306.625000000015
 10
17608.192090395478
 20
13029.000000000013
  0
TEXT
  5
490
330
17
100
AcDbEntity
  8
TEXT
 62
7
100
AcDbText
 10
17648.19209039548
 20
13184.125000000015
 30
0.0
 40
72.5
  1
50×3023×2400
  7
GOST
 11
17648.19209039548
 21
13184.125000000015
 31
0.0
100
AcDbText
  0
LWPOLYLINE
  5
491
330
17
100
AcDbEntity
  8
TEXT
 62
7
370
15
100
AcDbPolyline
 90
2
 70
0
 10
18632.062146892655
 20
13306.625000000015
 10
18632.062146892655
 20
13029.000000000013
  0
TEXT
  5
492
330
17
100
AcDbEntity
  8
TEXT
 62
7
100
AcDbText
 10
18672.06214689266
 20
13184.125000000015
 30
0.0
 40
72.5
  1
x -2481..-2431; y 45..3068; низ
  7
GOST
 11
18672.06214689266
 21
13184.125000000015
 31
0.0
100
AcDbText
  0
TEXT
  5
493
330
17
100
AcDbEntity
  8
TEXT
 62
7
100
AcDbText
 10
18672.06214689266
 20
13079.000000000013
 30
0.0
 40
72.5
  1
+100
  7
GOST
 11
18672.06214689266
 21
13079.000000000013
 31
0.0
100
AcDbText
  0
LWPOLYLINE
  5
494
330
17
100
AcDbEntity
  8
TEXT
 62
7
370
15
100
AcDbPolyline
 90
2
 70
0
 10
20493.644067796613
 20
13306.625000000015
 10
20493.644067796613
 20
13029.000000000013
  0
LWPOLYLINE
  5
495
330
17
100
AcDbEntity
  8
TEXT
 62
7
370
15
100
AcDbPolyline
 90
2
 70
0
 10
20912.500000000004
 20
13306.625000000015
 10
20912.500000000004
 20
13029.000000000013
  0
LWPOLYLINE
  5
496
330
17
100
AcDbEntity
  8
TEXT
 62
7
370
15
100
AcDbPolyline
 90
4
 70
1
 10
12675.0
 20
12751.375000000013
 10
20912.5
 20
12751.375000000013
 10
20912.5
 20
13029.000000000013
 10
12675.0
 20
13029.000000000013
  0
LWPOLYLINE
  5
497
330
17
100
AcDbEntity
  8
TEXT
 62
7
370
15
100
AcDbPolyline
 90
2
 70
0
 10
12675.0
 20
13029.000000000013
 10
12675.0
 20
12751.375000000013
  0
TEXT
  5
498
330
17
100
AcDbEntity
  8
TEXT
 62
7
100
AcDbText
 10
12715.0
 20
12906.500000000015
 30
0.0
 40
72.5
  1
F38
  7
GOST
 11
12715.0
 21
12906.500000000015
 31
0.0
100
AcDbText
  0
LWPOLYLINE
  5
499
330
17
100
AcDbEntity
  8
TEXT
 62
7
370
15
100
AcDbPolyline
 90
2
 70
0
 10
13140.395480225987
 20
13029.000000000013
 10
13140.395480225987
 20
12751.375000000013
  0
TEXT
  5
49A
330
17
100
AcDbEntity
  8
TEXT
 62
7
100
AcDbText
 10
13180.395480225989
 20
12906.500000000015
 30
0.0
 40
72.5
  1
R7
  7
GOST
 11
13180.395480225989
 21
12906.500000000015
 31
0.0
100
AcDbText
  0
LWPOLYLINE
  5
49B
330
17
100
AcDbEntity
  8
TEXT
 62
7
370
15
100
AcDbPolyline
 90
2
 70
0
 10
13512.71186440678
 20
13029.000000000013
 10
13512.71186440678
 20
12751.375000000013
  0
TEXT
  5
49C
330
17
100
AcDbEntity
  8
TEXT
 62
7
100
AcDbText
 10
13552.71186440678
 20
12906.500000000015
 30
0.0
 40
72.5
  1
Проектор 4K, throw ratio с зумом, вкл. 1,29; lens shift; ≤ 28 дБ — на потолке
  7
GOST
 11
13552.71186440678
 21
12906.500000000015
 31
0.0
100
AcDbText
  0
TEXT
  5
49D
330
17
100
AcDbEntity
  8
TEXT
 62
7
100
AcDbText
 10
13552.71186440678
 20
12801.375000000013
 30
0.0
 40
72.5
  1
балкона
  7
GOST
 11
13552.71186440678
 21
12801.375000000013
 31
0.0
100
AcDbText
  0
LWPOLYLINE
  5
49E
330
17
100
AcDbEntity
  8
TEXT
 62
7
370
15
100
AcDbPolyline
 90
2
 70
0
 10
17608.192090395478
 20
13029.000000000013
 10
17608.192090395478
 20
12751.375000000013
  0
TEXT
  5
49F
330
17
100
AcDbEntity
  8
TEXT
 62
7
100
AcDbText
 10
17648.19209039548
 20
12906.500000000015
 30
0.0
 40
72.5
  1
380×270×130
  7
GOST
 11
17648.19209039548
 21
12906.500000000015
 31
0.0
100
AcDbText
  0
LWPOLYLINE
  5
4A0
330
17
100
AcDbEntity
  8
TEXT
 62
7
370
15
100
AcDbPolyline
 90
2
 70
0
 10
18632.062146892655
 20
13029.000000000013
 10
18632.062146892655
 20
12751.375000000013
  0
TEXT
  5
4A1
330
17
100
AcDbEntity
  8
TEXT
 62
7
100
AcDbText
 10
18672.06214689266
 20
12906.500000000015
 30
0.0
 40
72.5
  1
x -2400..-2130; y 1330..1710; низ
  7
GOST
 11
18672.06214689266
 21
12906.500000000015
 31
0.0
100
AcDbText
  0
TEXT
  5
4A2
330
17
100
AcDbEntity
  8
TEXT
 62
7
100
AcDbText
 10
18672.06214689266
 20
12801.375000000013
 30
0.0
 40
72.5
  1
+2250
  7
GOST
 11
18672.06214689266
 21
12801.375000000013
 31
0.0
100
AcDbText
  0
LWPOLYLINE
  5
4A3
330
17
100
AcDbEntity
  8
TEXT
 62
7
370
15
100
AcDbPolyline
 90
2
 70
0
 10
20493.644067796613
 20
13029.000000000013
 10
20493.644067796613
 20
12751.375000000013
  0
LWPOLYLINE
  5
4A4
330
17
100
AcDbEntity
  8
TEXT
 62
7
370
15
100
AcDbPolyline
 90
2
 70
0
 10
20912.500000000004
 20
13029.000000000013
 10
20912.500000000004
 20
12751.375000000013
  0
LWPOLYLINE
  5
4A5
330
17
100
AcDbEntity
  8
TEXT
 62
7
370
15
100
AcDbPolyline
 90
4
 70
1
 10
12675.0
 20
12473.750000000013
 10
20912.5
 20
12473.750000000013
 10
20912.5
 20
12751.375000000013
 10
12675.0
 20
12751.375000000013
  0
LWPOLYLINE
  5
4A6
330
17
100
AcDbEntity
  8
TEXT
 62
7
370
15
100
AcDbPolyline
 90
2
 70
0
 10
12675.0
 20
12751.375000000013
 10
12675.0
 20
12473.750000000013
  0
TEXT
  5
4A7
330
17
100
AcDbEntity
  8
TEXT
 62
7
100
AcDbText
 10
12715.0
 20
12628.875000000013
 30
0.0
 40
72.5
  1
F39
  7
GOST
 11
12715.0
 21
12628.875000000013
 31
0.0
100
AcDbText
  0
LWPOLYLINE
  5
4A8
330
17
100
AcDbEntity
  8
TEXT
 62
7
370
15
100
AcDbPolyline
 90
2
 70
0
 10
13140.395480225987
 20
12751.375000000013
 10
13140.395480225987
 20
12473.750000000013
  0
TEXT
  5
4A9
330
17
100
AcDbEntity
  8
TEXT
 62
7
100
AcDbText
 10
13180.395480225989
 20
12628.875000000013
 30
0.0
 40
72.5
  1
R7
  7
GOST
 11
13180.395480225989
 21
12628.875000000013
 31
0.0
100
AcDbText
  0
LWPOLYLINE
  5
4AA
330
17
100
AcDbEntity
  8
TEXT
 62
7
370
15
100
AcDbPolyline
 90
2
 70
0
 10
13512.71186440678
 20
12751.375000000013
 10
13512.71186440678
 20
12473.750000000013
  0
TEXT
  5
4AB
330
17
100
AcDbEntity
  8
TEXT
 62
7
100
AcDbText
 10
13552.71186440678
 20
12628.875000000013
 30
0.0
 40
72.5
  1
Колонка настенная R (правая для зрителя) на простенке W2 со стороны
  7
GOST
 11
13552.71186440678
 21
12628.875000000013
 31
0.0
100
AcDbText
  0
TEXT
  5
4AC
330
17
100
AcDbEntity
  8
TEXT
 62
7
100
AcDbText
 10
13552.71186440678
 20
12523.750000000015
 30
0.0
 40
72.5
  1
балкона
  7
GOST
 11
13552.71186440678
 21
12523.750000000015
 31
0.0
100
AcDbText
  0
LWPOLYLINE
  5
4AD
330
17
100
AcDbEntity
  8
TEXT
 62
7
370
15
100
AcDbPolyline
 90
2
 70
0
 10
17608.192090395478
 20
12751.375000000013
 10
17608.192090395478
 20
12473.750000000013
  0
TEXT
  5
4AE
330
17
100
AcDbEntity
  8
TEXT
 62
7
100
AcDbText
 10
17648.19209039548
 20
12628.875000000013
 30
0.0
 40
72.5
  1
200×120×300
  7
GOST
 11
17648.19209039548
 21
12628.875000000013
 31
0.0
100
AcDbText
  0
LWPOLYLINE
  5
4AF
330
17
100
AcDbEntity
  8
TEXT
 62
7
370
15
100
AcDbPolyline
 90
2
 70
0
 10
18632.062146892655
 20
12751.375000000013
 10
18632.062146892655
 20
12473.750000000013
  0
TEXT
  5
4B0
330
17
100
AcDbEntity
  8
TEXT
 62
7
100
AcDbText
 10
18672.06214689266
 20
12628.875000000013
 30
0.0
 40
72.5
  1
x -540..-420; y 220..420; низ
  7
GOST
 11
18672.06214689266
 21
12628.875000000013
 31
0.0
100
AcDbText
  0
TEXT
  5
4B1
330
17
100
AcDbEntity
  8
TEXT
 62
7
100
AcDbText
 10
18672.06214689266
 20
12523.750000000015
 30
0.0
 40
72.5
  1
+1050
  7
GOST
 11
18672.06214689266
 21
12523.750000000015
 31
0.0
100
AcDbText
  0
LWPOLYLINE
  5
4B2
330
17
100
AcDbEntity
  8
TEXT
 62
7
370
15
100
AcDbPolyline
 90
2
 70
0
 10
20493.644067796613
 20
12751.375000000013
 10
20493.644067796613
 20
12473.750000000013
  0
LWPOLYLINE
  5
4B3
330
17
100
AcDbEntity
  8
TEXT
 62
7
370
15
100
AcDbPolyline
 90
2
 70
0
 10
20912.500000000004
 20
12751.375000000013
 10
20912.500000000004
 20
12473.750000000013
  0
LWPOLYLINE
  5
4B4
330
17
100
AcDbEntity
  8
TEXT
 62
7
370
15
100
AcDbPolyline
 90
4
 70
1
 10
12675.0
 20
12196.125000000013
 10
20912.5
 20
12196.125000000013
 10
20912.5
 20
12473.750000000013
 10
12675.0
 20
12473.750000000013
  0
LWPOLYLINE
  5
4B5
330
17
100
AcDbEntity
  8
TEXT
 62
7
370
15
100
AcDbPolyline
 90
2
 70
0
 10
12675.0
 20
12473.750000000013
 10
12675.0
 20
12196.125000000013
  0
TEXT
  5
4B6
330
17
100
AcDbEntity
  8
TEXT
 62
7
100
AcDbText
 10
12715.0
 20
12351.250000000013
 30
0.0
 40
72.5
  1
F40
  7
GOST
 11
12715.0
 21
12351.250000000013
 31
0.0
100
AcDbText
  0
LWPOLYLINE
  5
4B7
330
17
100
AcDbEntity
  8
TEXT
 62
7
370
15
100
AcDbPolyline
 90
2
 70
0
 10
13140.395480225987
 20
12473.750000000013
 10
13140.395480225987
 20
12196.125000000013
  0
TEXT
  5
4B8
330
17
100
AcDbEntity
  8
TEXT
 62
7
100
AcDbText
 10
13180.395480225989
 20
12351.250000000013
 30
0.0
 40
72.5
  1
R7
  7
GOST
 11
13180.395480225989
 21
12351.250000000013
 31
0.0
100
AcDbText
  0
LWPOLYLINE
  5
4B9
330
17
100
AcDbEntity
  8
TEXT
 62
7
370
15
100
AcDbPolyline
 90
2
 70
0
 10
13512.71186440678
 20
12473.750000000013
 10
13512.71186440678
 20
12196.125000000013
  0
TEXT
  5
4BA
330
17
100
AcDbEntity
  8
TEXT
 62
7
100
AcDbText
 10
13552.71186440678
 20
12351.250000000013
 30
0.0
 40
72.5
  1
Колонка настенная L на простенке W2 со стороны балкона
  7
GOST
 11
13552.71186440678
 21
12351.250000000013
 31
0.0
100
AcDbText
  0
LWPOLYLINE
  5
4BB
330
17
100
AcDbEntity
  8
TEXT
 62
7
370
15
100
AcDbPolyline
 90
2
 70
0
 10
17608.192090395478
 20
12473.750000000013
 10
17608.192090395478
 20
12196.125000000013
  0
TEXT
  5
4BC
330
17
100
AcDbEntity
  8
TEXT
 62
7
100
AcDbText
 10
17648.19209039548
 20
12351.250000000013
 30
0.0
 40
72.5
  1
200×120×300
  7
GOST
 11
17648.19209039548
 21
12351.250000000013
 31
0.0
100
AcDbText
  0
LWPOLYLINE
  5
4BD
330
17
100
AcDbEntity
  8
TEXT
 62
7
370
15
100
AcDbPolyline
 90
2
 70
0
 10
18632.062146892655
 20
12473.750000000013
 10
18632.062146892655
 20
12196.125000000013
  0
TEXT
  5
4BE
330
17
100
AcDbEntity
  8
TEXT
 62
7
100
AcDbText
 10
18672.06214689266
 20
12351.250000000013
 30
0.0
 40
72.5
  1
x -540..-420; y 2650..2850; низ
  7
GOST
 11
18672.06214689266
 21
12351.250000000013
 31
0.0
100
AcDbText
  0
TEXT
  5
4BF
330
17
100
AcDbEntity
  8
TEXT
 62
7
100
AcDbText
 10
18672.06214689266
 20
12246.125000000013
 30
0.0
 40
72.5
  1
+1050
  7
GOST
 11
18672.06214689266
 21
12246.125000000013
 31
0.0
100
AcDbText
  0
LWPOLYLINE
  5
4C0
330
17
100
AcDbEntity
  8
TEXT
 62
7
370
15
100
AcDbPolyline
 90
2
 70
0
 10
20493.644067796613
 20
12473.750000000013
 10
20493.644067796613
 20
12196.125000000013
  0
LWPOLYLINE
  5
4C1
330
17
100
AcDbEntity
  8
TEXT
 62
7
370
15
100
AcDbPolyline
 90
2
 70
0
 10
20912.500000000004
 20
12473.750000000013
 10
20912.500000000004
 20
12196.125000000013
  0
LWPOLYLINE
  5
4C2
330
17
100
AcDbEntity
  8
TEXT
 62
7
370
15
100
AcDbPolyline
 90
4
 70
1
 10
12675.0
 20
11918.500000000011
 10
20912.5
 20
11918.500000000011
 10
20912.5
 20
12196.125000000013
 10
12675.0
 20
12196.125000000013
  0
LWPOLYLINE
  5
4C3
330
17
100
AcDbEntity
  8
TEXT
 62
7
370
15
100
AcDbPolyline
 90
2
 70
0
 10
12675.0
 20
12196.125000000013
 10
12675.0
 20
11918.500000000011
  0
TEXT
  5
4C4
330
17
100
AcDbEntity
  8
TEXT
 62
7
100
AcDbText
 10
12715.0
 20
12073.625000000013
 30
0.0
 40
72.5
  1
F41
  7
GOST
 11
12715.0
 21
12073.625000000013
 31
0.0
100
AcDbText
  0
LWPOLYLINE
  5
4C5
330
17
100
AcDbEntity
  8
TEXT
 62
7
370
15
100
AcDbPolyline
 90
2
 70
0
 10
13140.395480225987
 20
12196.125000000013
 10
13140.395480225987
 20
11918.500000000011
  0
TEXT
  5
4C6
330
17
100
AcDbEntity
  8
TEXT
 62
7
100
AcDbText
 10
13180.395480225989
 20
12073.625000000013
 30
0.0
 40
72.5
  1
R1
  7
GOST
 11
13180.395480225989
 21
12073.625000000013
 31
0.0
100
AcDbText
  0
LWPOLYLINE
  5
4C7
330
17
100
AcDbEntity
  8
TEXT
 62
7
370
15
100
AcDbPolyline
 90
2
 70
0
 10
13512.71186440678
 20
12196.125000000013
 10
13512.71186440678
 20
11918.500000000011
  0
TEXT
  5
4C8
330
17
100
AcDbEntity
  8
TEXT
 62
7
100
AcDbText
 10
13552.71186440678
 20
12073.625000000013
 30
0.0
 40
72.5
  1
Буазери стены-изголовья W2 (M06), центральная филёнка 1860 над
  7
GOST
 11
13552.71186440678
 21
12073.625000000013
 31
0.0
100
AcDbText
  0
TEXT
  5
4C9
330
17
100
AcDbEntity
  8
TEXT
 62
7
100
AcDbText
 10
13552.71186440678
 20
11968.500000000013
 30
0.0
 40
72.5
  1
зашитым O1 — съёмная
  7
GOST
 11
13552.71186440678
 21
11968.500000000013
 31
0.0
100
AcDbText
  0
LWPOLYLINE
  5
4CA
330
17
100
AcDbEntity
  8
TEXT
 62
7
370
15
100
AcDbPolyline
 90
2
 70
0
 10
17608.192090395478
 20
12196.125000000013
 10
17608.192090395478
 20
11918.500000000011
  0
TEXT
  5
4CB
330
17
100
AcDbEntity
  8
TEXT
 62
7
100
AcDbText
 10
17648.19209039548
 20
12073.625000000013
 30
0.0
 40
72.5
  1
40×2900×2700
  7
GOST
 11
17648.19209039548
 21
12073.625000000013
 31
0.0
100
AcDbText
  0
LWPOLYLINE
  5
4CC
330
17
100
AcDbEntity
  8
TEXT
 62
7
370
15
100
AcDbPolyline
 90
2
 70
0
 10
18632.062146892655
 20
12196.125000000013
 10
18632.062146892655
 20
11918.500000000011
  0
TEXT
  5
4CD
330
17
100
AcDbEntity
  8
TEXT
 62
7
100
AcDbText
 10
18672.06214689266
 20
12073.625000000013
 30
0.0
 40
72.5
  1
x 0..40; y 5166..8066
  7
GOST
 11
18672.06214689266
 21
12073.625000000013
 31
0.0
100
AcDbText
  0
LWPOLYLINE
  5
4CE
330
17
100
AcDbEntity
  8
TEXT
 62
7
370
15
100
AcDbPolyline
 90
2
 70
0
 10
20493.644067796613
 20
12196.125000000013
 10
20493.644067796613
 20
11918.500000000011
  0
TEXT
  5
4CF
330
17
100
AcDbEntity
  8
TEXT
 62
7
100
AcDbText
 10
20533.644067796613
 20
12073.625000000013
 30
0.0
 40
72.5
  1
да
  7
GOST
 11
20533.644067796613
 21
12073.625000000013
 31
0.0
100
AcDbText
  0
LWPOLYLINE
  5
4D0
330
17
100
AcDbEntity
  8
TEXT
 62
7
370
15
100
AcDbPolyline
 90
2
 70
0
 10
20912.500000000004
 20
12196.125000000013
 10
20912.500000000004
 20
11918.500000000011
  0
LWPOLYLINE
  5
4D1
330
17
100
AcDbEntity
  8
TEXT
 62
7
370
15
100
AcDbPolyline
 90
4
 70
1
 10
12675.0
 20
11640.875000000011
 10
20912.5
 20
11640.875000000011
 10
20912.5
 20
11918.500000000011
 10
12675.0
 20
11918.500000000011
  0
LWPOLYLINE
  5
4D2
330
17
100
AcDbEntity
  8
TEXT
 62
7
370
15
100
AcDbPolyline
 90
2
 70
0
 10
12675.0
 20
11918.500000000011
 10
12675.0
 20
11640.875000000011
  0
TEXT
  5
4D3
330
17
100
AcDbEntity
  8
TEXT
 62
7
100
AcDbText
 10
12715.0
 20
11796.000000000013
 30
0.0
 40
72.5
  1
F42
  7
GOST
 11
12715.0
 21
11796.000000000013
 31
0.0
100
AcDbText
  0
LWPOLYLINE
  5
4D4
330
17
100
AcDbEntity
  8
TEXT
 62
7
370
15
100
AcDbPolyline
 90
2
 70
0
 10
13140.395480225987
 20
11918.500000000011
 10
13140.395480225987
 20
11640.875000000011
  0
TEXT
  5
4D5
330
17
100
AcDbEntity
  8
TEXT
 62
7
100
AcDbText
 10
13180.395480225989
 20
11796.000000000013
 30
0.0
 40
72.5
  1
R1
  7
GOST
 11
13180.395480225989
 21
11796.000000000013
 31
0.0
100
AcDbText
  0
LWPOLYLINE
  5
4D6
330
17
100
AcDbEntity
  8
TEXT
 62
7
370
15
100
AcDbPolyline
 90
2
 70
0
 10
13512.71186440678
 20
11918.500000000011
 10
13512.71186440678
 20
11640.875000000011
  0
TEXT
  5
4D7
330
17
100
AcDbEntity
  8
TEXT
 62
7
100
AcDbText
 10
13552.71186440678
 20
11796.000000000013
 30
0.0
 40
72.5
  1
Кровать 1800×2000 (рама ≈1900×2100) с мягким изголовьем, на
  7
GOST
 11
13552.71186440678
 21
11796.000000000013
 31
0.0
100
AcDbText
  0
TEXT
  5
4D8
330
17
100
AcDbEntity
  8
TEXT
 62
7
100
AcDbText
 10
13552.71186440678
 20
11690.875000000013
 30
0.0
 40
72.5
  1
глайдерах
  7
GOST
 11
13552.71186440678
 21
11690.875000000013
 31
0.0
100
AcDbText
  0
LWPOLYLINE
  5
4D9
330
17
100
AcDbEntity
  8
TEXT
 62
7
370
15
100
AcDbPolyline
 90
2
 70
0
 10
17608.192090395478
 20
11918.500000000011
 10
17608.192090395478
 20
11640.875000000011
  0
TEXT
  5
4DA
330
17
100
AcDbEntity
  8
TEXT
 62
7
100
AcDbText
 10
17648.19209039548
 20
11796.000000000013
 30
0.0
 40
72.5
  1
1900×2100×1150
  7
GOST
 11
17648.19209039548
 21
11796.000000000013
 31
0.0
100
AcDbText
  0
LWPOLYLINE
  5
4DB
330
17
100
AcDbEntity
  8
TEXT
 62
7
370
15
100
AcDbPolyline
 90
2
 70
0
 10
18632.062146892655
 20
11918.500000000011
 10
18632.062146892655
 20
11640.875000000011
  0
TEXT
  5
4DC
330
17
100
AcDbEntity
  8
TEXT
 62
7
100
AcDbText
 10
18672.06214689266
 20
11796.000000000013
 30
0.0
 40
72.5
  1
x 40..2140; y 5666..7566
  7
GOST
 11
18672.06214689266
 21
11796.000000000013
 31
0.0
100
AcDbText
  0
LWPOLYLINE
  5
4DD
330
17
100
AcDbEntity
  8
TEXT
 62
7
370
15
100
AcDbPolyline
 90
2
 70
0
 10
20493.644067796613
 20
11918.500000000011
 10
20493.644067796613
 20
11640.875000000011
  0
LWPOLYLINE
  5
4DE
330
17
100
AcDbEntity
  8
TEXT
 62
7
370
15
100
AcDbPolyline
 90
2
 70
0
 10
20912.500000000004
 20
11918.500000000011
 10
20912.500000000004
 20
11640.875000000011
  0
LWPOLYLINE
  5
4DF
330
17
100
AcDbEntity
  8
TEXT
 62
7
370
15
100
AcDbPolyline
 90
4
 70
1
 10
12675.0
 20
11468.375000000011
 10
20912.5
 20
11468.375000000011
 10
20912.5
 20
11640.875000000011
 10
12675.0
 20
11640.875000000011
  0
LWPOLYLINE
  5
4E0
330
17
100
AcDbEntity
  8
TEXT
 62
7
370
15
100
AcDbPolyline
 90
2
 70
0
 10
12675.0
 20
11640.875000000011
 10
12675.0
 20
11468.375000000011
  0
TEXT
  5
4E1
330
17
100
AcDbEntity
  8
TEXT
 62
7
100
AcDbText
 10
12715.0
 20
11518.375000000011
 30
0.0
 40
72.5
  1
F43
  7
GOST
 11
12715.0
 21
11518.375000000011
 31
0.0
100
AcDbText
  0
LWPOLYLINE
  5
4E2
330
17
100
AcDbEntity
  8
TEXT
 62
7
370
15
100
AcDbPolyline
 90
2
 70
0
 10
13140.395480225987
 20
11640.875000000011
 10
13140.395480225987
 20
11468.375000000011
  0
TEXT
  5
4E3
330
17
100
AcDbEntity
  8
TEXT
 62
7
100
AcDbText
 10
13180.395480225989
 20
11518.375000000011
 30
0.0
 40
72.5
  1
R1
  7
GOST
 11
13180.395480225989
 21
11518.375000000011
 31
0.0
100
AcDbText
  0
LWPOLYLINE
  5
4E4
330
17
100
AcDbEntity
  8
TEXT
 62
7
370
15
100
AcDbPolyline
 90
2
 70
0
 10
13512.71186440678
 20
11640.875000000011
 10
13512.71186440678
 20
11468.375000000011
  0
TEXT
  5
4E5
330
17
100
AcDbEntity
  8
TEXT
 62
7
100
AcDbText
 10
13552.71186440678
 20
11518.375000000011
 30
0.0
 40
72.5
  1
Тумба прикроватная подвесная 450×500 (сторона входа)
  7
GOST
 11
13552.71186440678
 21
11518.375000000011
 31
0.0
100
AcDbText
  0
LWPOLYLINE
  5
4E6
330
17
100
AcDbEntity
  8
TEXT
 62
7
370
15
100
AcDbPolyline
 90
2
 70
0
 10
17608.192090395478
 20
11640.875000000011
 10
17608.192090395478
 20
11468.375000000011
  0
TEXT
  5
4E7
330
17
100
AcDbEntity
  8
TEXT
 62
7
100
AcDbText
 10
17648.19209039548
 20
11518.375000000011
 30
0.0
 40
72.5
  1
500×450×350
  7
GOST
 11
17648.19209039548
 21
11518.375000000011
 31
0.0
100
AcDbText
  0
LWPOLYLINE
  5
4E8
330
17
100
AcDbEntity
  8
TEXT
 62
7
370
15
100
AcDbPolyline
 90
2
 70
0
 10
18632.062146892655
 20
11640.875000000011
 10
18632.062146892655
 20
11468.375000000011
  0
TEXT
  5
4E9
330
17
100
AcDbEntity
  8
TEXT
 62
7
100
AcDbText
 10
18672.06214689266
 20
11518.375000000011
 30
0.0
 40
72.5
  1
x 40..490; y 5166..5666; низ +300
  7
GOST
 11
18672.06214689266
 21
11518.375000000011
 31
0.0
100
AcDbText
  0
LWPOLYLINE
  5
4EA
330
17
100
AcDbEntity
  8
TEXT
 62
7
370
15
100
AcDbPolyline
 90
2
 70
0
 10
20493.644067796613
 20
11640.875000000011
 10
20493.644067796613
 20
11468.375000000011
  0
LWPOLYLINE
  5
4EB
330
17
100
AcDbEntity
  8
TEXT
 62
7
370
15
100
AcDbPolyline
 90
2
 70
0
 10
20912.500000000004
 20
11640.875000000011
 10
20912.500000000004
 20
11468.375000000011
  0
LWPOLYLINE
  5
4EC
330
17
100
AcDbEntity
  8
TEXT
 62
7
370
15
100
AcDbPolyline
 90
4
 70
1
 10
12675.0
 20
11295.875000000013
 10
20912.5
 20
11295.875000000013
 10
20912.5
 20
11468.375000000011
 10
12675.0
 20
11468.375000000011
  0
LWPOLYLINE
  5
4ED
330
17
100
AcDbEntity
  8
TEXT
 62
7
370
15
100
AcDbPolyline
 90
2
 70
0
 10
12675.0
 20
11468.375000000011
 10
12675.0
 20
11295.875000000013
  0
TEXT
  5
4EE
330
17
100
AcDbEntity
  8
TEXT
 62
7
100
AcDbText
 10
12715.0
 20
11345.875000000013
 30
0.0
 40
72.5
  1
F44
  7
GOST
 11
12715.0
 21
11345.875000000013
 31
0.0
100
AcDbText
  0
LWPOLYLINE
  5
4EF
330
17
100
AcDbEntity
  8
TEXT
 62
7
370
15
100
AcDbPolyline
 90
2
 70
0
 10
13140.395480225987
 20
11468.375000000011
 10
13140.395480225987
 20
11295.875000000013
  0
TEXT
  5
4F0
330
17
100
AcDbEntity
  8
TEXT
 62
7
100
AcDbText
 10
13180.395480225989
 20
11345.875000000013
 30
0.0
 40
72.5
  1
R1
  7
GOST
 11
13180.395480225989
 21
11345.875000000013
 31
0.0
100
AcDbText
  0
LWPOLYLINE
  5
4F1
330
17
100
AcDbEntity
  8
TEXT
 62
7
370
15
100
AcDbPolyline
 90
2
 70
0
 10
13512.71186440678
 20
11468.375000000011
 10
13512.71186440678
 20
11295.875000000013
  0
TEXT
  5
4F2
330
17
100
AcDbEntity
  8
TEXT
 62
7
100
AcDbText
 10
13552.71186440678
 20
11345.875000000013
 30
0.0
 40
72.5
  1
Тумба прикроватная подвесная 450×500 (сторона окна)
  7
GOST
 11
13552.71186440678
 21
11345.875000000013
 31
0.0
100
AcDbText
  0
LWPOLYLINE
  5
4F3
330
17
100
AcDbEntity
  8
TEXT
 62
7
370
15
100
AcDbPolyline
 90
2
 70
0
 10
17608.192090395478
 20
11468.375000000011
 10
17608.192090395478
 20
11295.875000000013
  0
TEXT
  5
4F4
330
17
100
AcDbEntity
  8
TEXT
 62
7
100
AcDbText
 10
17648.19209039548
 20
11345.875000000013
 30
0.0
 40
72.5
  1
500×450×350
  7
GOST
 11
17648.19209039548
 21
11345.875000000013
 31
0.0
100
AcDbText
  0
LWPOLYLINE
  5
4F5
330
17
100
AcDbEntity
  8
TEXT
 62
7
370
15
100
AcDbPolyline
 90
2
 70
0
 10
18632.062146892655
 20
11468.375000000011
 10
18632.062146892655
 20
11295.875000000013
  0
TEXT
  5
4F6
330
17
100
AcDbEntity
  8
TEXT
 62
7
100
AcDbText
 10
18672.06214689266
 20
11345.875000000013
 30
0.0
 40
72.5
  1
x 40..490; y 7566..8066; низ +300
  7
GOST
 11
18672.06214689266
 21
11345.875000000013
 31
0.0
100
AcDbText
  0
LWPOLYLINE
  5
4F7
330
17
100
AcDbEntity
  8
TEXT
 62
7
370
15
100
AcDbPolyline
 90
2
 70
0
 10
20493.644067796613
 20
11468.375000000011
 10
20493.644067796613
 20
11295.875000000013
  0
LWPOLYLINE
  5
4F8
330
17
100
AcDbEntity
  8
TEXT
 62
7
370
15
100
AcDbPolyline
 90
2
 70
0
 10
20912.500000000004
 20
11468.375000000011
 10
20912.500000000004
 20
11295.875000000013
  0
LWPOLYLINE
  5
4F9
330
17
100
AcDbEntity
  8
TEXT
 62
7
370
15
100
AcDbPolyline
 90
4
 70
1
 10
12675.0
 20
11123.375000000013
 10
20912.5
 20
11123.375000000013
 10
20912.5
 20
11295.875000000013
 10
12675.0
 20
11295.875000000013
  0
LWPOLYLINE
  5
4FA
330
17
100
AcDbEntity
  8
TEXT
 62
7
370
15
100
AcDbPolyline
 90
2
 70
0
 10
12675.0
 20
11295.875000000013
 10
12675.0
 20
11123.375000000013
  0
TEXT
  5
4FB
330
17
100
AcDbEntity
  8
TEXT
 62
7
100
AcDbText
 10
12715.0
 20
11173.375000000013
 30
0.0
 40
72.5
  1
F45
  7
GOST
 11
12715.0
 21
11173.375000000013
 31
0.0
100
AcDbText
  0
LWPOLYLINE
  5
4FC
330
17
100
AcDbEntity
  8
TEXT
 62
7
370
15
100
AcDbPolyline
 90
2
 70
0
 10
13140.395480225987
 20
11295.875000000013
 10
13140.395480225987
 20
11123.375000000013
  0
TEXT
  5
4FD
330
17
100
AcDbEntity
  8
TEXT
 62
7
100
AcDbText
 10
13180.395480225989
 20
11173.375000000013
 30
0.0
 40
72.5
  1
R1
  7
GOST
 11
13180.395480225989
 21
11173.375000000013
 31
0.0
100
AcDbText
  0
LWPOLYLINE
  5
4FE
330
17
100
AcDbEntity
  8
TEXT
 62
7
370
15
100
AcDbPolyline
 90
2
 70
0
 10
13512.71186440678
 20
11295.875000000013
 10
13512.71186440678
 20
11123.375000000013
  0
TEXT
  5
4FF
330
17
100
AcDbEntity
  8
TEXT
 62
7
100
AcDbText
 10
13552.71186440678
 20
11173.375000000013
 30
0.0
 40
72.5
  1
Шкаф-купе Г — длинная часть 2480×600 до потолка вдоль NW1/W8 (M07)
  7
GOST
 11
13552.71186440678
 21
11173.375000000013
 31
0.0
100
AcDbText
  0
LWPOLYLINE
  5
500
330
17
100
AcDbEntity
  8
TEXT
 62
7
370
15
100
AcDbPolyline
 90
2
 70
0
 10
17608.192090395478
 20
11295.875000000013
 10
17608.192090395478
 20
11123.375000000013
  0
TEXT
  5
501
330
17
100
AcDbEntity
  8
TEXT
 62
7
100
AcDbText
 10
17648.19209039548
 20
11173.375000000013
 30
0.0
 40
72.5
  1
2480×600×2700
  7
GOST
 11
17648.19209039548
 21
11173.375000000013
 31
0.0
100
AcDbText
  0
LWPOLYLINE
  5
502
330
17
100
AcDbEntity
  8
TEXT
 62
7
370
15
100
AcDbPolyline
 90
2
 70
0
 10
18632.062146892655
 20
11295.875000000013
 10
18632.062146892655
 20
11123.375000000013
  0
TEXT
  5
503
330
17
100
AcDbEntity
  8
TEXT
 62
7
100
AcDbText
 10
18672.06214689266
 20
11173.375000000013
 30
0.0
 40
72.5
  1
x 0..2480; y 3721..4321
  7
GOST
 11
18672.06214689266
 21
11173.375000000013
 31
0.0
100
AcDbText
  0
LWPOLYLINE
  5
504
330
17
100
AcDbEntity
  8
TEXT
 62
7
370
15
100
AcDbPolyline
 90
2
 70
0
 10
20493.644067796613
 20
11295.875000000013
 10
20493.644067796613
 20
11123.375000000013
  0
TEXT
  5
505
330
17
100
AcDbEntity
  8
TEXT
 62
7
100
AcDbText
 10
20533.644067796613
 20
11173.375000000013
 30
0.0
 40
72.5
  1
да
  7
GOST
 11
20533.644067796613
 21
11173.375000000013
 31
0.0
100
AcDbText
  0
LWPOLYLINE
  5
506
330
17
100
AcDbEntity
  8
TEXT
 62
7
370
15
100
AcDbPolyline
 90
2
 70
0
 10
20912.500000000004
 20
11295.875000000013
 10
20912.500000000004
 20
11123.375000000013
  0
LWPOLYLINE
  5
507
330
17
100
AcDbEntity
  8
TEXT
 62
7
370
15
100
AcDbPolyline
 90
4
 70
1
 10
12675.0
 20
10845.750000000013
 10
20912.5
 20
10845.750000000013
 10
20912.5
 20
11123.375000000013
 10
12675.0
 20
11123.375000000013
  0
LWPOLYLINE
  5
508
330
17
100
AcDbEntity
  8
TEXT
 62
7
370
15
100
AcDbPolyline
 90
2
 70
0
 10
12675.0
 20
11123.375000000013
 10
12675.0
 20
10845.750000000013
  0
TEXT
  5
509
330
17
100
AcDbEntity
  8
TEXT
 62
7
100
AcDbText
 10
12715.0
 20
11000.875000000013
 30
0.0
 40
72.5
  1
F46
  7
GOST
 11
12715.0
 21
11000.875000000013
 31
0.0
100
AcDbText
  0
LWPOLYLINE
  5
50A
330
17
100
AcDbEntity
  8
TEXT
 62
7
370
15
100
AcDbPolyline
 90
2
 70
0
 10
13140.395480225987
 20
11123.375000000013
 10
13140.395480225987
 20
10845.750000000013
  0
TEXT
  5
50B
330
17
100
AcDbEntity
  8
TEXT
 62
7
100
AcDbText
 10
13180.395480225989
 20
11000.875000000013
 30
0.0
 40
72.5
  1
R1
  7
GOST
 11
13180.395480225989
 21
11000.875000000013
 31
0.0
100
AcDbText
  0
LWPOLYLINE
  5
50C
330
17
100
AcDbEntity
  8
TEXT
 62
7
370
15
100
AcDbPolyline
 90
2
 70
0
 10
13512.71186440678
 20
11123.375000000013
 10
13512.71186440678
 20
10845.750000000013
  0
TEXT
  5
50D
330
17
100
AcDbEntity
  8
TEXT
 62
7
100
AcDbText
 10
13552.71186440678
 20
11000.875000000013
 30
0.0
 40
72.5
  1
Шкаф Г — короткая часть 745×600 вдоль W2 (распашная дверь 745 —
  7
GOST
 11
13552.71186440678
 21
11000.875000000013
 31
0.0
100
AcDbText
  0
TEXT
  5
50E
330
17
100
AcDbEntity
  8
TEXT
 62
7
100
AcDbText
 10
13552.71186440678
 20
10895.750000000015
 30
0.0
 40
72.5
  1
купе на 745 не работает)
  7
GOST
 11
13552.71186440678
 21
10895.750000000015
 31
0.0
100
AcDbText
  0
LWPOLYLINE
  5
50F
330
17
100
AcDbEntity
  8
TEXT
 62
7
370
15
100
AcDbPolyline
 90
2
 70
0
 10
17608.192090395478
 20
11123.375000000013
 10
17608.192090395478
 20
10845.750000000013
  0
TEXT
  5
510
330
17
100
AcDbEntity
  8
TEXT
 62
7
100
AcDbText
 10
17648.19209039548
 20
11000.875000000013
 30
0.0
 40
72.5
  1
745×600×2700
  7
GOST
 11
17648.19209039548
 21
11000.875000000013
 31
0.0
100
AcDbText
  0
LWPOLYLINE
  5
511
330
17
100
AcDbEntity
  8
TEXT
 62
7
370
15
100
AcDbPolyline
 90
2
 70
0
 10
18632.062146892655
 20
11123.375000000013
 10
18632.062146892655
 20
10845.750000000013
  0
TEXT
  5
512
330
17
100
AcDbEntity
  8
TEXT
 62
7
100
AcDbText
 10
18672.06214689266
 20
11000.875000000013
 30
0.0
 40
72.5
  1
x 0..600; y 4321..5066
  7
GOST
 11
18672.06214689266
 21
11000.875000000013
 31
0.0
100
AcDbText
  0
LWPOLYLINE
  5
513
330
17
100
AcDbEntity
  8
TEXT
 62
7
370
15
100
AcDbPolyline
 90
2
 70
0
 10
20493.644067796613
 20
11123.375000000013
 10
20493.644067796613
 20
10845.750000000013
  0
TEXT
  5
514
330
17
100
AcDbEntity
  8
TEXT
 62
7
100
AcDbText
 10
20533.644067796613
 20
11000.875000000013
 30
0.0
 40
72.5
  1
да
  7
GOST
 11
20533.644067796613
 21
11000.875000000013
 31
0.0
100
AcDbText
  0
LWPOLYLINE
  5
515
330
17
100
AcDbEntity
  8
TEXT
 62
7
370
15
100
AcDbPolyline
 90
2
 70
0
 10
20912.500000000004
 20
11123.375000000013
 10
20912.500000000004
 20
10845.750000000013
  0
LWPOLYLINE
  5
516
330
17
100
AcDbEntity
  8
TEXT
 62
7
370
15
100
AcDbPolyline
 90
4
 70
1
 10
12675.0
 20
10568.125000000013
 10
20912.5
 20
10568.125000000013
 10
20912.5
 20
10845.750000000013
 10
12675.0
 20
10845.750000000013
  0
LWPOLYLINE
  5
517
330
17
100
AcDbEntity
  8
TEXT
 62
7
370
15
100
AcDbPolyline
 90
2
 70
0
 10
12675.0
 20
10845.750000000013
 10
12675.0
 20
10568.125000000013
  0
TEXT
  5
518
330
17
100
AcDbEntity
  8
TEXT
 62
7
100
AcDbText
 10
12715.0
 20
10723.250000000013
 30
0.0
 40
72.5
  1
F47
  7
GOST
 11
12715.0
 21
10723.250000000013
 31
0.0
100
AcDbText
  0
LWPOLYLINE
  5
519
330
17
100
AcDbEntity
  8
TEXT
 62
7
370
15
100
AcDbPolyline
 90
2
 70
0
 10
13140.395480225987
 20
10845.750000000013
 10
13140.395480225987
 20
10568.125000000013
  0
TEXT
  5
51A
330
17
100
AcDbEntity
  8
TEXT
 62
7
100
AcDbText
 10
13180.395480225989
 20
10723.250000000013
 30
0.0
 40
72.5
  1
R1
  7
GOST
 11
13180.395480225989
 21
10723.250000000013
 31
0.0
100
AcDbText
  0
LWPOLYLINE
  5
51B
330
17
100
AcDbEntity
  8
TEXT
 62
7
370
15
100
AcDbPolyline
 90
2
 70
0
 10
13512.71186440678
 20
10845.750000000013
 10
13512.71186440678
 20
10568.125000000013
  0
TEXT
  5
51C
330
17
100
AcDbEntity
  8
TEXT
 62
7
100
AcDbText
 10
13552.71186440678
 20
10723.250000000013
 30
0.0
 40
72.5
  1
ТВ-консоль подвесная 1600×300 (низ +250 под робот-пылесос)
  7
GOST
 11
13552.71186440678
 21
10723.250000000013
 31
0.0
100
AcDbText
  0
LWPOLYLINE
  5
51D
330
17
100
AcDbEntity
  8
TEXT
 62
7
370
15
100
AcDbPolyline
 90
2
 70
0
 10
17608.192090395478
 20
10845.750000000013
 10
17608.192090395478
 20
10568.125000000013
  0
TEXT
  5
51E
330
17
100
AcDbEntity
  8
TEXT
 62
7
100
AcDbText
 10
17648.19209039548
 20
10723.250000000013
 30
0.0
 40
72.5
  1
1600×300×200
  7
GOST
 11
17648.19209039548
 21
10723.250000000013
 31
0.0
100
AcDbText
  0
LWPOLYLINE
  5
51F
330
17
100
AcDbEntity
  8
TEXT
 62
7
370
15
100
AcDbPolyline
 90
2
 70
0
 10
18632.062146892655
 20
10845.750000000013
 10
18632.062146892655
 20
10568.125000000013
  0
TEXT
  5
520
330
17
100
AcDbEntity
  8
TEXT
 62
7
100
AcDbText
 10
18672.06214689266
 20
10723.250000000013
 30
0.0
 40
72.5
  1
x 3080..3380; y 5816..7416; низ
  7
GOST
 11
18672.06214689266
 21
10723.250000000013
 31
0.0
100
AcDbText
  0
TEXT
  5
521
330
17
100
AcDbEntity
  8
TEXT
 62
7
100
AcDbText
 10
18672.06214689266
 20
10618.125000000013
 30
0.0
 40
72.5
  1
+250
  7
GOST
 11
18672.06214689266
 21
10618.125000000013
 31
0.0
100
AcDbText
  0
LWPOLYLINE
  5
522
330
17
100
AcDbEntity
  8
TEXT
 62
7
370
15
100
AcDbPolyline
 90
2
 70
0
 10
20493.644067796613
 20
10845.750000000013
 10
20493.644067796613
 20
10568.125000000013
  0
TEXT
  5
523
330
17
100
AcDbEntity
  8
TEXT
 62
7
100
AcDbText
 10
20533.644067796613
 20
10723.250000000013
 30
0.0
 40
72.5
  1
да
  7
GOST
 11
20533.644067796613
 21
10723.250000000013
 31
0.0
100
AcDbText
  0
LWPOLYLINE
  5
524
330
17
100
AcDbEntity
  8
TEXT
 62
7
370
15
100
AcDbPolyline
 90
2
 70
0
 10
20912.500000000004
 20
10845.750000000013
 10
20912.500000000004
 20
10568.125000000013
  0
LWPOLYLINE
  5
525
330
17
100
AcDbEntity
  8
TEXT
 62
7
370
15
100
AcDbPolyline
 90
4
 70
1
 10
12675.0
 20
10290.500000000011
 10
20912.5
 20
10290.500000000011
 10
20912.5
 20
10568.125000000013
 10
12675.0
 20
10568.125000000013
  0
LWPOLYLINE
  5
526
330
17
100
AcDbEntity
  8
TEXT
 62
7
370
15
100
AcDbPolyline
 90
2
 70
0
 10
12675.0
 20
10568.125000000013
 10
12675.0
 20
10290.500000000011
  0
TEXT
  5
527
330
17
100
AcDbEntity
  8
TEXT
 62
7
100
AcDbText
 10
12715.0
 20
10445.625000000013
 30
0.0
 40
72.5
  1
F48
  7
GOST
 11
12715.0
 21
10445.625000000013
 31
0.0
100
AcDbText
  0
LWPOLYLINE
  5
528
330
17
100
AcDbEntity
  8
TEXT
 62
7
370
15
100
AcDbPolyline
 90
2
 70
0
 10
13140.395480225987
 20
10568.125000000013
 10
13140.395480225987
 20
10290.500000000011
  0
TEXT
  5
529
330
17
100
AcDbEntity
  8
TEXT
 62
7
100
AcDbText
 10
13180.395480225989
 20
10445.625000000013
 30
0.0
 40
72.5
  1
R1
  7
GOST
 11
13180.395480225989
 21
10445.625000000013
 31
0.0
100
AcDbText
  0
LWPOLYLINE
  5
52A
330
17
100
AcDbEntity
  8
TEXT
 62
7
370
15
100
AcDbPolyline
 90
2
 70
0
 10
13512.71186440678
 20
10568.125000000013
 10
13512.71186440678
 20
10290.500000000011
  0
TEXT
  5
52B
330
17
100
AcDbEntity
  8
TEXT
 62
7
100
AcDbText
 10
13552.71186440678
 20
10445.625000000013
 30
0.0
 40
72.5
  1
ТВ 65″ на плоском кронштейне (центр +1150, ось y=6616)
  7
GOST
 11
13552.71186440678
 21
10445.625000000013
 31
0.0
100
AcDbText
  0
LWPOLYLINE
  5
52C
330
17
100
AcDbEntity
  8
TEXT
 62
7
370
15
100
AcDbPolyline
 90
2
 70
0
 10
17608.192090395478
 20
10568.125000000013
 10
17608.192090395478
 20
10290.500000000011
  0
TEXT
  5
52D
330
17
100
AcDbEntity
  8
TEXT
 62
7
100
AcDbText
 10
17648.19209039548
 20
10445.625000000013
 30
0.0
 40
72.5
  1
1440×50×810
  7
GOST
 11
17648.19209039548
 21
10445.625000000013
 31
0.0
100
AcDbText
  0
LWPOLYLINE
  5
52E
330
17
100
AcDbEntity
  8
TEXT
 62
7
370
15
100
AcDbPolyline
 90
2
 70
0
 10
18632.062146892655
 20
10568.125000000013
 10
18632.062146892655
 20
10290.500000000011
  0
TEXT
  5
52F
330
17
100
AcDbEntity
  8
TEXT
 62
7
100
AcDbText
 10
18672.06214689266
 20
10445.625000000013
 30
0.0
 40
72.5
  1
x 3330..3380; y 5896..7336; низ
  7
GOST
 11
18672.06214689266
 21
10445.625000000013
 31
0.0
100
AcDbText
  0
TEXT
  5
530
330
17
100
AcDbEntity
  8
TEXT
 62
7
100
AcDbText
 10
18672.06214689266
 20
10340.500000000013
 30
0.0
 40
72.5
  1
+745
  7
GOST
 11
18672.06214689266
 21
10340.500000000013
 31
0.0
100
AcDbText
  0
LWPOLYLINE
  5
531
330
17
100
AcDbEntity
  8
TEXT
 62
7
370
15
100
AcDbPolyline
 90
2
 70
0
 10
20493.644067796613
 20
10568.125000000013
 10
20493.644067796613
 20
10290.500000000011
  0
LWPOLYLINE
  5
532
330
17
100
AcDbEntity
  8
TEXT
 62
7
370
15
100
AcDbPolyline
 90
2
 70
0
 10
20912.500000000004
 20
10568.125000000013
 10
20912.500000000004
 20
10290.500000000011
  0
LWPOLYLINE
  5
533
330
17
100
AcDbEntity
  8
TEXT
 62
7
370
15
100
AcDbPolyline
 90
4
 70
1
 10
12675.0
 20
10012.875000000011
 10
20912.5
 20
10012.875000000011
 10
20912.5
 20
10290.500000000011
 10
12675.0
 20
10290.500000000011
  0
LWPOLYLINE
  5
534
330
17
100
AcDbEntity
  8
TEXT
 62
7
370
15
100
AcDbPolyline
 90
2
 70
0
 10
12675.0
 20
10290.500000000011
 10
12675.0
 20
10012.875000000011
  0
TEXT
  5
535
330
17
100
AcDbEntity
  8
TEXT
 62
7
100
AcDbText
 10
12715.0
 20
10168.000000000013
 30
0.0
 40
72.5
  1
F49
  7
GOST
 11
12715.0
 21
10168.000000000013
 31
0.0
100
AcDbText
  0
LWPOLYLINE
  5
536
330
17
100
AcDbEntity
  8
TEXT
 62
7
370
15
100
AcDbPolyline
 90
2
 70
0
 10
13140.395480225987
 20
10290.500000000011
 10
13140.395480225987
 20
10012.875000000011
  0
TEXT
  5
537
330
17
100
AcDbEntity
  8
TEXT
 62
7
100
AcDbText
 10
13180.395480225989
 20
10168.000000000013
 30
0.0
 40
72.5
  1
R1
  7
GOST
 11
13180.395480225989
 21
10168.000000000013
 31
0.0
100
AcDbText
  0
LWPOLYLINE
  5
538
330
17
100
AcDbEntity
  8
TEXT
 62
7
370
15
100
AcDbPolyline
 90
2
 70
0
 10
13512.71186440678
 20
10290.500000000011
 10
13512.71186440678
 20
10012.875000000011
  0
TEXT
  5
539
330
17
100
AcDbEntity
  8
TEXT
 62
7
100
AcDbText
 10
13552.71186440678
 20
10168.000000000013
 30
0.0
 40
72.5
  1
Стол рабочий 1400×600 у окна O2 (столешница дуб, подстолье/консоль на
  7
GOST
 11
13552.71186440678
 21
10168.000000000013
 31
0.0
100
AcDbText
  0
TEXT
  5
53A
330
17
100
AcDbEntity
  8
TEXT
 62
7
100
AcDbText
 10
13552.71186440678
 20
10062.875000000013
 30
0.0
 40
72.5
  1
стене)
  7
GOST
 11
13552.71186440678
 21
10062.875000000013
 31
0.0
100
AcDbText
  0
LWPOLYLINE
  5
53B
330
17
100
AcDbEntity
  8
TEXT
 62
7
370
15
100
AcDbPolyline
 90
2
 70
0
 10
17608.192090395478
 20
10290.500000000011
 10
17608.192090395478
 20
10012.875000000011
  0
TEXT
  5
53C
330
17
100
AcDbEntity
  8
TEXT
 62
7
100
AcDbText
 10
17648.19209039548
 20
10168.000000000013
 30
0.0
 40
72.5
  1
1400×600×750
  7
GOST
 11
17648.19209039548
 21
10168.000000000013
 31
0.0
100
AcDbText
  0
LWPOLYLINE
  5
53D
330
17
100
AcDbEntity
  8
TEXT
 62
7
370
15
100
AcDbPolyline
 90
2
 70
0
 10
18632.062146892655
 20
10290.500000000011
 10
18632.062146892655
 20
10012.875000000011
  0
TEXT
  5
53E
330
17
100
AcDbEntity
  8
TEXT
 62
7
100
AcDbText
 10
18672.06214689266
 20
10168.000000000013
 30
0.0
 40
72.5
  1
x 1110..2510; y 8311..8911
  7
GOST
 11
18672.06214689266
 21
10168.000000000013
 31
0.0
100
AcDbText
  0
LWPOLYLINE
  5
53F
330
17
100
AcDbEntity
  8
TEXT
 62
7
370
15
100
AcDbPolyline
 90
2
 70
0
 10
20493.644067796613
 20
10290.500000000011
 10
20493.644067796613
 20
10012.875000000011
  0
TEXT
  5
540
330
17
100
AcDbEntity
  8
TEXT
 62
7
100
AcDbText
 10
20533.644067796613
 20
10168.000000000013
 30
0.0
 40
72.5
  1
да
  7
GOST
 11
20533.644067796613
 21
10168.000000000013
 31
0.0
100
AcDbText
  0
LWPOLYLINE
  5
541
330
17
100
AcDbEntity
  8
TEXT
 62
7
370
15
100
AcDbPolyline
 90
2
 70
0
 10
20912.500000000004
 20
10290.500000000011
 10
20912.500000000004
 20
10012.875000000011
  0
LWPOLYLINE
  5
542
330
17
100
AcDbEntity
  8
TEXT
 62
7
370
15
100
AcDbPolyline
 90
4
 70
1
 10
12675.0
 20
9840.375000000011
 10
20912.5
 20
9840.375000000011
 10
20912.5
 20
10012.875000000011
 10
12675.0
 20
10012.875000000011
  0
LWPOLYLINE
  5
543
330
17
100
AcDbEntity
  8
TEXT
 62
7
370
15
100
AcDbPolyline
 90
2
 70
0
 10
12675.0
 20
10012.875000000011
 10
12675.0
 20
9840.375000000011
  0
TEXT
  5
544
330
17
100
AcDbEntity
  8
TEXT
 62
7
100
AcDbText
 10
12715.0
 20
9890.375000000011
 30
0.0
 40
72.5
  1
F50
  7
GOST
 11
12715.0
 21
9890.375000000011
 31
0.0
100
AcDbText
  0
LWPOLYLINE
  5
545
330
17
100
AcDbEntity
  8
TEXT
 62
7
370
15
100
AcDbPolyline
 90
2
 70
0
 10
13140.395480225987
 20
10012.875000000011
 10
13140.395480225987
 20
9840.375000000011
  0
TEXT
  5
546
330
17
100
AcDbEntity
  8
TEXT
 62
7
100
AcDbText
 10
13180.395480225989
 20
9890.375000000011
 30
0.0
 40
72.5
  1
R1
  7
GOST
 11
13180.395480225989
 21
9890.375000000011
 31
0.0
100
AcDbText
  0
LWPOLYLINE
  5
547
330
17
100
AcDbEntity
  8
TEXT
 62
7
370
15
100
AcDbPolyline
 90
2
 70
0
 10
13512.71186440678
 20
10012.875000000011
 10
13512.71186440678
 20
9840.375000000011
  0
TEXT
  5
548
330
17
100
AcDbEntity
  8
TEXT
 62
7
100
AcDbText
 10
13552.71186440678
 20
9890.375000000011
 30
0.0
 40
72.5
  1
Кресло рабочее
  7
GOST
 11
13552.71186440678
 21
9890.375000000011
 31
0.0
100
AcDbText
  0
LWPOLYLINE
  5
549
330
17
100
AcDbEntity
  8
TEXT
 62
7
370
15
100
AcDbPolyline
 90
2
 70
0
 10
17608.192090395478
 20
10012.875000000011
 10
17608.192090395478
 20
9840.375000000011
  0
TEXT
  5
54A
330
17
100
AcDbEntity
  8
TEXT
 62
7
100
AcDbText
 10
17648.19209039548
 20
9890.375000000011
 30
0.0
 40
72.5
  1
500×550×1000
  7
GOST
 11
17648.19209039548
 21
9890.375000000011
 31
0.0
100
AcDbText
  0
LWPOLYLINE
  5
54B
330
17
100
AcDbEntity
  8
TEXT
 62
7
370
15
100
AcDbPolyline
 90
2
 70
0
 10
18632.062146892655
 20
10012.875000000011
 10
18632.062146892655
 20
9840.375000000011
  0
TEXT
  5
54C
330
17
100
AcDbEntity
  8
TEXT
 62
7
100
AcDbText
 10
18672.06214689266
 20
9890.375000000011
 30
0.0
 40
72.5
  1
x 1560..2060; y 7811..8361
  7
GOST
 11
18672.06214689266
 21
9890.375000000011
 31
0.0
100
AcDbText
  0
LWPOLYLINE
  5
54D
330
17
100
AcDbEntity
  8
TEXT
 62
7
370
15
100
AcDbPolyline
 90
2
 70
0
 10
20493.644067796613
 20
10012.875000000011
 10
20493.644067796613
 20
9840.375000000011
  0
LWPOLYLINE
  5
54E
330
17
100
AcDbEntity
  8
TEXT
 62
7
370
15
100
AcDbPolyline
 90
2
 70
0
 10
20912.500000000004
 20
10012.875000000011
 10
20912.500000000004
 20
9840.375000000011
  0
LWPOLYLINE
  5
54F
330
17
100
AcDbEntity
  8
TEXT
 62
7
370
15
100
AcDbPolyline
 90
4
 70
1
 10
12675.0
 20
9562.750000000011
 10
20912.5
 20
9562.750000000011
 10
20912.5
 20
9840.375000000011
 10
12675.0
 20
9840.375000000011
  0
LWPOLYLINE
  5
550
330
17
100
AcDbEntity
  8
TEXT
 62
7
370
15
100
AcDbPolyline
 90
2
 70
0
 10
12675.0
 20
9840.375000000011
 10
12675.0
 20
9562.750000000011
  0
TEXT
  5
551
330
17
100
AcDbEntity
  8
TEXT
 62
7
100
AcDbText
 10
12715.0
 20
9717.875000000013
 30
0.0
 40
72.5
  1
F51
  7
GOST
 11
12715.0
 21
9717.875000000013
 31
0.0
100
AcDbText
  0
LWPOLYLINE
  5
552
330
17
100
AcDbEntity
  8
TEXT
 62
7
370
15
100
AcDbPolyline
 90
2
 70
0
 10
13140.395480225987
 20
9840.375000000011
 10
13140.395480225987
 20
9562.750000000011
  0
TEXT
  5
553
330
17
100
AcDbEntity
  8
TEXT
 62
7
100
AcDbText
 10
13180.395480225989
 20
9717.875000000013
 30
0.0
 40
72.5
  1
R1
  7
GOST
 11
13180.395480225989
 21
9717.875000000013
 31
0.0
100
AcDbText
  0
LWPOLYLINE
  5
554
330
17
100
AcDbEntity
  8
TEXT
 62
7
370
15
100
AcDbPolyline
 90
2
 70
0
 10
13512.71186440678
 20
9840.375000000011
 10
13512.71186440678
 20
9562.750000000011
  0
TEXT
  5
555
330
17
100
AcDbEntity
  8
TEXT
 62
7
100
AcDbText
 10
13552.71186440678
 20
9717.875000000013
 30
0.0
 40
72.5
  1
Бризер (класс Tion 4S / Ballu Oneair) в простенке справа от O2
  7
GOST
 11
13552.71186440678
 21
9717.875000000013
 31
0.0
100
AcDbText
  0
LWPOLYLINE
  5
556
330
17
100
AcDbEntity
  8
TEXT
 62
7
370
15
100
AcDbPolyline
 90
2
 70
0
 10
17608.192090395478
 20
9840.375000000011
 10
17608.192090395478
 20
9562.750000000011
  0
TEXT
  5
557
330
17
100
AcDbEntity
  8
TEXT
 62
7
100
AcDbText
 10
17648.19209039548
 20
9717.875000000013
 30
0.0
 40
72.5
  1
440×170×520
  7
GOST
 11
17648.19209039548
 21
9717.875000000013
 31
0.0
100
AcDbText
  0
LWPOLYLINE
  5
558
330
17
100
AcDbEntity
  8
TEXT
 62
7
370
15
100
AcDbPolyline
 90
2
 70
0
 10
18632.062146892655
 20
9840.375000000011
 10
18632.062146892655
 20
9562.750000000011
  0
TEXT
  5
559
330
17
100
AcDbEntity
  8
TEXT
 62
7
100
AcDbText
 10
18672.06214689266
 20
9717.875000000013
 30
0.0
 40
72.5
  1
x 2900..3340; y 8741..8911; низ
  7
GOST
 11
18672.06214689266
 21
9717.875000000013
 31
0.0
100
AcDbText
  0
TEXT
  5
55A
330
17
100
AcDbEntity
  8
TEXT
 62
7
100
AcDbText
 10
18672.06214689266
 20
9612.750000000013
 30
0.0
 40
72.5
  1
+1700
  7
GOST
 11
18672.06214689266
 21
9612.750000000013
 31
0.0
100
AcDbText
  0
LWPOLYLINE
  5
55B
330
17
100
AcDbEntity
  8
TEXT
 62
7
370
15
100
AcDbPolyline
 90
2
 70
0
 10
20493.644067796613
 20
9840.375000000011
 10
20493.644067796613
 20
9562.750000000011
  0
LWPOLYLINE
  5
55C
330
17
100
AcDbEntity
  8
TEXT
 62
7
370
15
100
AcDbPolyline
 90
2
 70
0
 10
20912.500000000004
 20
9840.375000000011
 10
20912.500000000004
 20
9562.750000000011
  0
LWPOLYLINE
  5
55D
330
17
100
AcDbEntity
  8
TEXT
 62
7
370
15
100
AcDbPolyline
 90
4
 70
1
 10
12675.0
 20
9390.250000000011
 10
20912.5
 20
9390.250000000011
 10
20912.5
 20
9562.750000000011
 10
12675.0
 20
9562.750000000011
  0
LWPOLYLINE
  5
55E
330
17
100
AcDbEntity
  8
TEXT
 62
7
370
15
100
AcDbPolyline
 90
2
 70
0
 10
12675.0
 20
9562.750000000011
 10
12675.0
 20
9390.250000000011
  0
TEXT
  5
55F
330
17
100
AcDbEntity
  8
TEXT
 62
7
100
AcDbText
 10
12715.0
 20
9440.250000000011
 30
0.0
 40
72.5
  1
F52
  7
GOST
 11
12715.0
 21
9440.250000000011
 31
0.0
100
AcDbText
  0
LWPOLYLINE
  5
560
330
17
100
AcDbEntity
  8
TEXT
 62
7
370
15
100
AcDbPolyline
 90
2
 70
0
 10
13140.395480225987
 20
9562.750000000011
 10
13140.395480225987
 20
9390.250000000011
  0
TEXT
  5
561
330
17
100
AcDbEntity
  8
TEXT
 62
7
100
AcDbText
 10
13180.395480225989
 20
9440.250000000011
 30
0.0
 40
72.5
  1
R2
  7
GOST
 11
13180.395480225989
 21
9440.250000000011
 31
0.0
100
AcDbText
  0
LWPOLYLINE
  5
562
330
17
100
AcDbEntity
  8
TEXT
 62
7
370
15
100
AcDbPolyline
 90
2
 70
0
 10
13512.71186440678
 20
9562.750000000011
 10
13512.71186440678
 20
9390.250000000011
  0
TEXT
  5
563
330
17
100
AcDbEntity
  8
TEXT
 62
7
100
AcDbText
 10
13552.71186440678
 20
9440.250000000011
 30
0.0
 40
72.5
  1
Шкаф детский 600×1800 h 2400 (2 секции по 900, распашной)
  7
GOST
 11
13552.71186440678
 21
9440.250000000011
 31
0.0
100
AcDbText
  0
LWPOLYLINE
  5
564
330
17
100
AcDbEntity
  8
TEXT
 62
7
370
15
100
AcDbPolyline
 90
2
 70
0
 10
17608.192090395478
 20
9562.750000000011
 10
17608.192090395478
 20
9390.250000000011
  0
TEXT
  5
565
330
17
100
AcDbEntity
  8
TEXT
 62
7
100
AcDbText
 10
17648.19209039548
 20
9440.250000000011
 30
0.0
 40
72.5
  1
1860×600×2400
  7
GOST
 11
17648.19209039548
 21
9440.250000000011
 31
0.0
100
AcDbText
  0
LWPOLYLINE
  5
566
330
17
100
AcDbEntity
  8
TEXT
 62
7
370
15
100
AcDbPolyline
 90
2
 70
0
 10
18632.062146892655
 20
9562.750000000011
 10
18632.062146892655
 20
9390.250000000011
  0
TEXT
  5
567
330
17
100
AcDbEntity
  8
TEXT
 62
7
100
AcDbText
 10
18672.06214689266
 20
9440.250000000011
 30
0.0
 40
72.5
  1
x 3520..4120; y 7051..8911
  7
GOST
 11
18672.06214689266
 21
9440.250000000011
 31
0.0
100
AcDbText
  0
LWPOLYLINE
  5
568
330
17
100
AcDbEntity
  8
TEXT
 62
7
370
15
100
AcDbPolyline
 90
2
 70
0
 10
20493.644067796613
 20
9562.750000000011
 10
20493.644067796613
 20
9390.250000000011
  0
TEXT
  5
569
330
17
100
AcDbEntity
  8
TEXT
 62
7
100
AcDbText
 10
20533.644067796613
 20
9440.250000000011
 30
0.0
 40
72.5
  1
да
  7
GOST
 11
20533.644067796613
 21
9440.250000000011
 31
0.0
100
AcDbText
  0
LWPOLYLINE
  5
56A
330
17
100
AcDbEntity
  8
TEXT
 62
7
370
15
100
AcDbPolyline
 90
2
 70
0
 10
20912.500000000004
 20
9562.750000000011
 10
20912.500000000004
 20
9390.250000000011
  0
LWPOLYLINE
  5
56B
330
17
100
AcDbEntity
  8
TEXT
 62
7
370
15
100
AcDbPolyline
 90
4
 70
1
 10
12675.0
 20
9217.750000000013
 10
20912.5
 20
9217.750000000013
 10
20912.5
 20
9390.250000000011
 10
12675.0
 20
9390.250000000011
  0
LWPOLYLINE
  5
56C
330
17
100
AcDbEntity
  8
TEXT
 62
7
370
15
100
AcDbPolyline
 90
2
 70
0
 10
12675.0
 20
9390.250000000011
 10
12675.0
 20
9217.750000000013
  0
TEXT
  5
56D
330
17
100
AcDbEntity
  8
TEXT
 62
7
100
AcDbText
 10
12715.0
 20
9267.750000000013
 30
0.0
 40
72.5
  1
F53
  7
GOST
 11
12715.0
 21
9267.750000000013
 31
0.0
100
AcDbText
  0
LWPOLYLINE
  5
56E
330
17
100
AcDbEntity
  8
TEXT
 62
7
370
15
100
AcDbPolyline
 90
2
 70
0
 10
13140.395480225987
 20
9390.250000000011
 10
13140.395480225987
 20
9217.750000000013
  0
TEXT
  5
56F
330
17
100
AcDbEntity
  8
TEXT
 62
7
100
AcDbText
 10
13180.395480225989
 20
9267.750000000013
 30
0.0
 40
72.5
  1
R2
  7
GOST
 11
13180.395480225989
 21
9267.750000000013
 31
0.0
100
AcDbText
  0
LWPOLYLINE
  5
570
330
17
100
AcDbEntity
  8
TEXT
 62
7
370
15
100
AcDbPolyline
 90
2
 70
0
 10
13512.71186440678
 20
9390.250000000011
 10
13512.71186440678
 20
9217.750000000013
  0
TEXT
  5
571
330
17
100
AcDbEntity
  8
TEXT
 62
7
100
AcDbText
 10
13552.71186440678
 20
9267.750000000013
 30
0.0
 40
72.5
  1
Кровать 900×2000 с ящиками для игрушек
  7
GOST
 11
13552.71186440678
 21
9267.750000000013
 31
0.0
100
AcDbText
  0
LWPOLYLINE
  5
572
330
17
100
AcDbEntity
  8
TEXT
 62
7
370
15
100
AcDbPolyline
 90
2
 70
0
 10
17608.192090395478
 20
9390.250000000011
 10
17608.192090395478
 20
9217.750000000013
  0
TEXT
  5
573
330
17
100
AcDbEntity
  8
TEXT
 62
7
100
AcDbText
 10
17648.19209039548
 20
9267.750000000013
 30
0.0
 40
72.5
  1
900×2000×450
  7
GOST
 11
17648.19209039548
 21
9267.750000000013
 31
0.0
100
AcDbText
  0
LWPOLYLINE
  5
574
330
17
100
AcDbEntity
  8
TEXT
 62
7
370
15
100
AcDbPolyline
 90
2
 70
0
 10
18632.062146892655
 20
9390.250000000011
 10
18632.062146892655
 20
9217.750000000013
  0
TEXT
  5
575
330
17
100
AcDbEntity
  8
TEXT
 62
7
100
AcDbText
 10
18672.06214689266
 20
9267.750000000013
 30
0.0
 40
72.5
  1
x 6770..7670; y 6911..8911
  7
GOST
 11
18672.06214689266
 21
9267.750000000013
 31
0.0
100
AcDbText
  0
LWPOLYLINE
  5
576
330
17
100
AcDbEntity
  8
TEXT
 62
7
370
15
100
AcDbPolyline
 90
2
 70
0
 10
20493.644067796613
 20
9390.250000000011
 10
20493.644067796613
 20
9217.750000000013
  0
LWPOLYLINE
  5
577
330
17
100
AcDbEntity
  8
TEXT
 62
7
370
15
100
AcDbPolyline
 90
2
 70
0
 10
20912.500000000004
 20
9390.250000000011
 10
20912.500000000004
 20
9217.750000000013
  0
LWPOLYLINE
  5
578
330
17
100
AcDbEntity
  8
TEXT
 62
7
370
15
100
AcDbPolyline
 90
4
 70
1
 10
12675.0
 20
9045.250000000013
 10
20912.5
 20
9045.250000000013
 10
20912.5
 20
9217.750000000013
 10
12675.0
 20
9217.750000000013
  0
LWPOLYLINE
  5
579
330
17
100
AcDbEntity
  8
TEXT
 62
7
370
15
100
AcDbPolyline
 90
2
 70
0
 10
12675.0
 20
9217.750000000013
 10
12675.0
 20
9045.250000000013
  0
TEXT
  5
57A
330
17
100
AcDbEntity
  8
TEXT
 62
7
100
AcDbText
 10
12715.0
 20
9095.250000000013
 30
0.0
 40
72.5
  1
F54
  7
GOST
 11
12715.0
 21
9095.250000000013
 31
0.0
100
AcDbText
  0
LWPOLYLINE
  5
57B
330
17
100
AcDbEntity
  8
TEXT
 62
7
370
15
100
AcDbPolyline
 90
2
 70
0
 10
13140.395480225987
 20
9217.750000000013
 10
13140.395480225987
 20
9045.250000000013
  0
TEXT
  5
57C
330
17
100
AcDbEntity
  8
TEXT
 62
7
100
AcDbText
 10
13180.395480225989
 20
9095.250000000013
 30
0.0
 40
72.5
  1
R2
  7
GOST
 11
13180.395480225989
 21
9095.250000000013
 31
0.0
100
AcDbText
  0
LWPOLYLINE
  5
57D
330
17
100
AcDbEntity
  8
TEXT
 62
7
370
15
100
AcDbPolyline
 90
2
 70
0
 10
13512.71186440678
 20
9217.750000000013
 10
13512.71186440678
 20
9045.250000000013
  0
TEXT
  5
57E
330
17
100
AcDbEntity
  8
TEXT
 62
7
100
AcDbText
 10
13552.71186440678
 20
9095.250000000013
 30
0.0
 40
72.5
  1
Стол «растущий» 1200×600 у окна O3 (по оси окна)
  7
GOST
 11
13552.71186440678
 21
9095.250000000013
 31
0.0
100
AcDbText
  0
LWPOLYLINE
  5
57F
330
17
100
AcDbEntity
  8
TEXT
 62
7
370
15
100
AcDbPolyline
 90
2
 70
0
 10
17608.192090395478
 20
9217.750000000013
 10
17608.192090395478
 20
9045.250000000013
  0
TEXT
  5
580
330
17
100
AcDbEntity
  8
TEXT
 62
7
100
AcDbText
 10
17648.19209039548
 20
9095.250000000013
 30
0.0
 40
72.5
  1
1200×600×750
  7
GOST
 11
17648.19209039548
 21
9095.250000000013
 31
0.0
100
AcDbText
  0
LWPOLYLINE
  5
581
330
17
100
AcDbEntity
  8
TEXT
 62
7
370
15
100
AcDbPolyline
 90
2
 70
0
 10
18632.062146892655
 20
9217.750000000013
 10
18632.062146892655
 20
9045.250000000013
  0
TEXT
  5
582
330
17
100
AcDbEntity
  8
TEXT
 62
7
100
AcDbText
 10
18672.06214689266
 20
9095.250000000013
 30
0.0
 40
72.5
  1
x 4850..6050; y 8311..8911
  7
GOST
 11
18672.06214689266
 21
9095.250000000013
 31
0.0
100
AcDbText
  0
LWPOLYLINE
  5
583
330
17
100
AcDbEntity
  8
TEXT
 62
7
370
15
100
AcDbPolyline
 90
2
 70
0
 10
20493.644067796613
 20
9217.750000000013
 10
20493.644067796613
 20
9045.250000000013
  0
LWPOLYLINE
  5
584
330
17
100
AcDbEntity
  8
TEXT
 62
7
370
15
100
AcDbPolyline
 90
2
 70
0
 10
20912.500000000004
 20
9217.750000000013
 10
20912.500000000004
 20
9045.250000000013
  0
LWPOLYLINE
  5
585
330
17
100
AcDbEntity
  8
TEXT
 62
7
370
15
100
AcDbPolyline
 90
4
 70
1
 10
12675.0
 20
8872.750000000013
 10
20912.5
 20
8872.750000000013
 10
20912.5
 20
9045.250000000013
 10
12675.0
 20
9045.250000000013
  0
LWPOLYLINE
  5
586
330
17
100
AcDbEntity
  8
TEXT
 62
7
370
15
100
AcDbPolyline
 90
2
 70
0
 10
12675.0
 20
9045.250000000013
 10
12675.0
 20
8872.750000000013
  0
TEXT
  5
587
330
17
100
AcDbEntity
  8
TEXT
 62
7
100
AcDbText
 10
12715.0
 20
8922.750000000013
 30
0.0
 40
72.5
  1
F55
  7
GOST
 11
12715.0
 21
8922.750000000013
 31
0.0
100
AcDbText
  0
LWPOLYLINE
  5
588
330
17
100
AcDbEntity
  8
TEXT
 62
7
370
15
100
AcDbPolyline
 90
2
 70
0
 10
13140.395480225987
 20
9045.250000000013
 10
13140.395480225987
 20
8872.750000000013
  0
TEXT
  5
589
330
17
100
AcDbEntity
  8
TEXT
 62
7
100
AcDbText
 10
13180.395480225989
 20
8922.750000000013
 30
0.0
 40
72.5
  1
R2
  7
GOST
 11
13180.395480225989
 21
8922.750000000013
 31
0.0
100
AcDbText
  0
LWPOLYLINE
  5
58A
330
17
100
AcDbEntity
  8
TEXT
 62
7
370
15
100
AcDbPolyline
 90
2
 70
0
 10
13512.71186440678
 20
9045.250000000013
 10
13512.71186440678
 20
8872.750000000013
  0
TEXT
  5
58B
330
17
100
AcDbEntity
  8
TEXT
 62
7
100
AcDbText
 10
13552.71186440678
 20
8922.750000000013
 30
0.0
 40
72.5
  1
Стул «растущий»
  7
GOST
 11
13552.71186440678
 21
8922.750000000013
 31
0.0
100
AcDbText
  0
LWPOLYLINE
  5
58C
330
17
100
AcDbEntity
  8
TEXT
 62
7
370
15
100
AcDbPolyline
 90
2
 70
0
 10
17608.192090395478
 20
9045.250000000013
 10
17608.192090395478
 20
8872.750000000013
  0
TEXT
  5
58D
330
17
100
AcDbEntity
  8
TEXT
 62
7
100
AcDbText
 10
17648.19209039548
 20
8922.750000000013
 30
0.0
 40
72.5
  1
450×500×800
  7
GOST
 11
17648.19209039548
 21
8922.750000000013
 31
0.0
100
AcDbText
  0
LWPOLYLINE
  5
58E
330
17
100
AcDbEntity
  8
TEXT
 62
7
370
15
100
AcDbPolyline
 90
2
 70
0
 10
18632.062146892655
 20
9045.250000000013
 10
18632.062146892655
 20
8872.750000000013
  0
TEXT
  5
58F
330
17
100
AcDbEntity
  8
TEXT
 62
7
100
AcDbText
 10
18672.06214689266
 20
8922.750000000013
 30
0.0
 40
72.5
  1
x 5225..5675; y 7861..8361
  7
GOST
 11
18672.06214689266
 21
8922.750000000013
 31
0.0
100
AcDbText
  0
LWPOLYLINE
  5
590
330
17
100
AcDbEntity
  8
TEXT
 62
7
370
15
100
AcDbPolyline
 90
2
 70
0
 10
20493.644067796613
 20
9045.250000000013
 10
20493.644067796613
 20
8872.750000000013
  0
LWPOLYLINE
  5
591
330
17
100
AcDbEntity
  8
TEXT
 62
7
370
15
100
AcDbPolyline
 90
2
 70
0
 10
20912.500000000004
 20
9045.250000000013
 10
20912.500000000004
 20
8872.750000000013
  0
LWPOLYLINE
  5
592
330
17
100
AcDbEntity
  8
TEXT
 62
7
370
15
100
AcDbPolyline
 90
4
 70
1
 10
12675.0
 20
8700.250000000015
 10
20912.5
 20
8700.250000000015
 10
20912.5
 20
8872.750000000013
 10
12675.0
 20
8872.750000000013
  0
LWPOLYLINE
  5
593
330
17
100
AcDbEntity
  8
TEXT
 62
7
370
15
100
AcDbPolyline
 90
2
 70
0
 10
12675.0
 20
8872.750000000013
 10
12675.0
 20
8700.250000000015
  0
TEXT
  5
594
330
17
100
AcDbEntity
  8
TEXT
 62
7
100
AcDbText
 10
12715.0
 20
8750.250000000015
 30
0.0
 40
72.5
  1
F56
  7
GOST
 11
12715.0
 21
8750.250000000015
 31
0.0
100
AcDbText
  0
LWPOLYLINE
  5
595
330
17
100
AcDbEntity
  8
TEXT
 62
7
370
15
100
AcDbPolyline
 90
2
 70
0
 10
13140.395480225987
 20
8872.750000000013
 10
13140.395480225987
 20
8700.250000000015
  0
TEXT
  5
596
330
17
100
AcDbEntity
  8
TEXT
 62
7
100
AcDbText
 10
13180.395480225989
 20
8750.250000000015
 30
0.0
 40
72.5
  1
R2
  7
GOST
 11
13180.395480225989
 21
8750.250000000015
 31
0.0
100
AcDbText
  0
LWPOLYLINE
  5
597
330
17
100
AcDbEntity
  8
TEXT
 62
7
370
15
100
AcDbPolyline
 90
2
 70
0
 10
13512.71186440678
 20
8872.750000000013
 10
13512.71186440678
 20
8700.250000000015
  0
TEXT
  5
598
330
17
100
AcDbEntity
  8
TEXT
 62
7
100
AcDbText
 10
13552.71186440678
 20
8750.250000000015
 30
0.0
 40
72.5
  1
ДСК настенный 800×800 (к W6 и потолку, без опоры в пол)
  7
GOST
 11
13552.71186440678
 21
8750.250000000015
 31
0.0
100
AcDbText
  0
LWPOLYLINE
  5
599
330
17
100
AcDbEntity
  8
TEXT
 62
7
370
15
100
AcDbPolyline
 90
2
 70
0
 10
17608.192090395478
 20
8872.750000000013
 10
17608.192090395478
 20
8700.250000000015
  0
TEXT
  5
59A
330
17
100
AcDbEntity
  8
TEXT
 62
7
100
AcDbText
 10
17648.19209039548
 20
8750.250000000015
 30
0.0
 40
72.5
  1
800×800×2500
  7
GOST
 11
17648.19209039548
 21
8750.250000000015
 31
0.0
100
AcDbText
  0
LWPOLYLINE
  5
59B
330
17
100
AcDbEntity
  8
TEXT
 62
7
370
15
100
AcDbPolyline
 90
2
 70
0
 10
18632.062146892655
 20
8872.750000000013
 10
18632.062146892655
 20
8700.250000000015
  0
TEXT
  5
59C
330
17
100
AcDbEntity
  8
TEXT
 62
7
100
AcDbText
 10
18672.06214689266
 20
8750.250000000015
 30
0.0
 40
72.5
  1
x 6870..7670; y 6051..6851
  7
GOST
 11
18672.06214689266
 21
8750.250000000015
 31
0.0
100
AcDbText
  0
LWPOLYLINE
  5
59D
330
17
100
AcDbEntity
  8
TEXT
 62
7
370
15
100
AcDbPolyline
 90
2
 70
0
 10
20493.644067796613
 20
8872.750000000013
 10
20493.644067796613
 20
8700.250000000015
  0
LWPOLYLINE
  5
59E
330
17
100
AcDbEntity
  8
TEXT
 62
7
370
15
100
AcDbPolyline
 90
2
 70
0
 10
20912.500000000004
 20
8872.750000000013
 10
20912.500000000004
 20
8700.250000000015
  0
LWPOLYLINE
  5
59F
330
17
100
AcDbEntity
  8
TEXT
 62
7
370
15
100
AcDbPolyline
 90
4
 70
1
 10
12675.0
 20
8422.625000000013
 10
20912.5
 20
8422.625000000013
 10
20912.5
 20
8700.250000000015
 10
12675.0
 20
8700.250000000015
  0
LWPOLYLINE
  5
5A0
330
17
100
AcDbEntity
  8
TEXT
 62
7
370
15
100
AcDbPolyline
 90
2
 70
0
 10
12675.0
 20
8700.250000000015
 10
12675.0
 20
8422.625000000013
  0
TEXT
  5
5A1
330
17
100
AcDbEntity
  8
TEXT
 62
7
100
AcDbText
 10
12715.0
 20
8577.750000000015
 30
0.0
 40
72.5
  1
F57
  7
GOST
 11
12715.0
 21
8577.750000000015
 31
0.0
100
AcDbText
  0
LWPOLYLINE
  5
5A2
330
17
100
AcDbEntity
  8
TEXT
 62
7
370
15
100
AcDbPolyline
 90
2
 70
0
 10
13140.395480225987
 20
8700.250000000015
 10
13140.395480225987
 20
8422.625000000013
  0
TEXT
  5
5A3
330
17
100
AcDbEntity
  8
TEXT
 62
7
100
AcDbText
 10
13180.395480225989
 20
8577.750000000015
 30
0.0
 40
72.5
  1
R2
  7
GOST
 11
13180.395480225989
 21
8577.750000000015
 31
0.0
100
AcDbText
  0
LWPOLYLINE
  5
5A4
330
17
100
AcDbEntity
  8
TEXT
 62
7
370
15
100
AcDbPolyline
 90
2
 70
0
 10
13512.71186440678
 20
8700.250000000015
 10
13512.71186440678
 20
8422.625000000013
  0
TEXT
  5
5A5
330
17
100
AcDbEntity
  8
TEXT
 62
7
100
AcDbText
 10
13552.71186440678
 20
8577.750000000015
 30
0.0
 40
72.5
  1
Стеллаж низкий навесной 1600×350 h 600 (игрушки, на уровне ребёнка)
  7
GOST
 11
13552.71186440678
 21
8577.750000000015
 31
0.0
100
AcDbText
  0
LWPOLYLINE
  5
5A6
330
17
100
AcDbEntity
  8
TEXT
 62
7
370
15
100
AcDbPolyline
 90
2
 70
0
 10
17608.192090395478
 20
8700.250000000015
 10
17608.192090395478
 20
8422.625000000013
  0
TEXT
  5
5A7
330
17
100
AcDbEntity
  8
TEXT
 62
7
100
AcDbText
 10
17648.19209039548
 20
8577.750000000015
 30
0.0
 40
72.5
  1
1600×350×600
  7
GOST
 11
17648.19209039548
 21
8577.750000000015
 31
0.0
100
AcDbText
  0
LWPOLYLINE
  5
5A8
330
17
100
AcDbEntity
  8
TEXT
 62
7
370
15
100
AcDbPolyline
 90
2
 70
0
 10
18632.062146892655
 20
8700.250000000015
 10
18632.062146892655
 20
8422.625000000013
  0
TEXT
  5
5A9
330
17
100
AcDbEntity
  8
TEXT
 62
7
100
AcDbText
 10
18672.06214689266
 20
8577.750000000015
 30
0.0
 40
72.5
  1
x 4600..6200; y 6051..6401; низ
  7
GOST
 11
18672.06214689266
 21
8577.750000000015
 31
0.0
100
AcDbText
  0
TEXT
  5
5AA
330
17
100
AcDbEntity
  8
TEXT
 62
7
100
AcDbText
 10
18672.06214689266
 20
8472.625000000015
 30
0.0
 40
72.5
  1
+100
  7
GOST
 11
18672.06214689266
 21
8472.625000000015
 31
0.0
100
AcDbText
  0
LWPOLYLINE
  5
5AB
330
17
100
AcDbEntity
  8
TEXT
 62
7
370
15
100
AcDbPolyline
 90
2
 70
0
 10
20493.644067796613
 20
8700.250000000015
 10
20493.644067796613
 20
8422.625000000013
  0
TEXT
  5
5AC
330
17
100
AcDbEntity
  8
TEXT
 62
7
100
AcDbText
 10
20533.644067796613
 20
8577.750000000015
 30
0.0
 40
72.5
  1
да
  7
GOST
 11
20533.644067796613
 21
8577.750000000015
 31
0.0
100
AcDbText
  0
LWPOLYLINE
  5
5AD
330
17
100
AcDbEntity
  8
TEXT
 62
7
370
15
100
AcDbPolyline
 90
2
 70
0
 10
20912.500000000004
 20
8700.250000000015
 10
20912.500000000004
 20
8422.625000000013
  0
LWPOLYLINE
  5
5AE
330
17
100
AcDbEntity
  8
TEXT
 62
7
370
15
100
AcDbPolyline
 90
4
 70
1
 10
12675.0
 20
8250.125000000015
 10
20912.5
 20
8250.125000000015
 10
20912.5
 20
8422.625000000013
 10
12675.0
 20
8422.625000000013
  0
LWPOLYLINE
  5
5AF
330
17
100
AcDbEntity
  8
TEXT
 62
7
370
15
100
AcDbPolyline
 90
2
 70
0
 10
12675.0
 20
8422.625000000013
 10
12675.0
 20
8250.125000000015
  0
TEXT
  5
5B0
330
17
100
AcDbEntity
  8
TEXT
 62
7
100
AcDbText
 10
12715.0
 20
8300.125000000015
 30
0.0
 40
72.5
  1
F58
  7
GOST
 11
12715.0
 21
8300.125000000015
 31
0.0
100
AcDbText
  0
LWPOLYLINE
  5
5B1
330
17
100
AcDbEntity
  8
TEXT
 62
7
370
15
100
AcDbPolyline
 90
2
 70
0
 10
13140.395480225987
 20
8422.625000000013
 10
13140.395480225987
 20
8250.125000000015
  0
TEXT
  5
5B2
330
17
100
AcDbEntity
  8
TEXT
 62
7
100
AcDbText
 10
13180.395480225989
 20
8300.125000000015
 30
0.0
 40
72.5
  1
R2
  7
GOST
 11
13180.395480225989
 21
8300.125000000015
 31
0.0
100
AcDbText
  0
LWPOLYLINE
  5
5B3
330
17
100
AcDbEntity
  8
TEXT
 62
7
370
15
100
AcDbPolyline
 90
2
 70
0
 10
13512.71186440678
 20
8422.625000000013
 10
13512.71186440678
 20
8250.125000000015
  0
TEXT
  5
5B4
330
17
100
AcDbEntity
  8
TEXT
 62
7
100
AcDbText
 10
13552.71186440678
 20
8300.125000000015
 30
0.0
 40
72.5
  1
Игровая зона 2200×1800 (ковёр)
  7
GOST
 11
13552.71186440678
 21
8300.125000000015
 31
0.0
100
AcDbText
  0
LWPOLYLINE
  5
5B5
330
17
100
AcDbEntity
  8
TEXT
 62
7
370
15
100
AcDbPolyline
 90
2
 70
0
 10
17608.192090395478
 20
8422.625000000013
 10
17608.192090395478
 20
8250.125000000015
  0
TEXT
  5
5B6
330
17
100
AcDbEntity
  8
TEXT
 62
7
100
AcDbText
 10
17648.19209039548
 20
8300.125000000015
 30
0.0
 40
72.5
  1
2200×1800×10
  7
GOST
 11
17648.19209039548
 21
8300.125000000015
 31
0.0
100
AcDbText
  0
LWPOLYLINE
  5
5B7
330
17
100
AcDbEntity
  8
TEXT
 62
7
370
15
100
AcDbPolyline
 90
2
 70
0
 10
18632.062146892655
 20
8422.625000000013
 10
18632.062146892655
 20
8250.125000000015
  0
TEXT
  5
5B8
330
17
100
AcDbEntity
  8
TEXT
 62
7
100
AcDbText
 10
18672.06214689266
 20
8300.125000000015
 30
0.0
 40
72.5
  1
x 4450..6650; y 6450..8250
  7
GOST
 11
18672.06214689266
 21
8300.125000000015
 31
0.0
100
AcDbText
  0
LWPOLYLINE
  5
5B9
330
17
100
AcDbEntity
  8
TEXT
 62
7
370
15
100
AcDbPolyline
 90
2
 70
0
 10
20493.644067796613
 20
8422.625000000013
 10
20493.644067796613
 20
8250.125000000015
  0
LWPOLYLINE
  5
5BA
330
17
100
AcDbEntity
  8
TEXT
 62
7
370
15
100
AcDbPolyline
 90
2
 70
0
 10
20912.500000000004
 20
8422.625000000013
 10
20912.500000000004
 20
8250.125000000015
  0
LWPOLYLINE
  5
5BB
330
17
100
AcDbEntity
  8
TEXT
 62
7
370
15
100
AcDbPolyline
 90
4
 70
1
 10
12675.0
 20
7972.500000000014
 10
20912.5
 20
7972.500000000014
 10
20912.5
 20
8250.125000000015
 10
12675.0
 20
8250.125000000015
  0
LWPOLYLINE
  5
5BC
330
17
100
AcDbEntity
  8
TEXT
 62
7
370
15
100
AcDbPolyline
 90
2
 70
0
 10
12675.0
 20
8250.125000000015
 10
12675.0
 20
7972.500000000014
  0
TEXT
  5
5BD
330
17
100
AcDbEntity
  8
TEXT
 62
7
100
AcDbText
 10
12715.0
 20
8127.625000000015
 30
0.0
 40
72.5
  1
F59
  7
GOST
 11
12715.0
 21
8127.625000000015
 31
0.0
100
AcDbText
  0
LWPOLYLINE
  5
5BE
330
17
100
AcDbEntity
  8
TEXT
 62
7
370
15
100
AcDbPolyline
 90
2
 70
0
 10
13140.395480225987
 20
8250.125000000015
 10
13140.395480225987
 20
7972.500000000014
  0
TEXT
  5
5BF
330
17
100
AcDbEntity
  8
TEXT
 62
7
100
AcDbText
 10
13180.395480225989
 20
8127.625000000015
 30
0.0
 40
72.5
  1
R2
  7
GOST
 11
13180.395480225989
 21
8127.625000000015
 31
0.0
100
AcDbText
  0
LWPOLYLINE
  5
5C0
330
17
100
AcDbEntity
  8
TEXT
 62
7
370
15
100
AcDbPolyline
 90
2
 70
0
 10
13512.71186440678
 20
8250.125000000015
 10
13512.71186440678
 20
7972.500000000014
  0
TEXT
  5
5C1
330
17
100
AcDbEntity
  8
TEXT
 62
7
100
AcDbText
 10
13552.71186440678
 20
8127.625000000015
 30
0.0
 40
72.5
  1
Бризер компактный (ширина ≤ 360) в простенке между шкафом и O3
  7
GOST
 11
13552.71186440678
 21
8127.625000000015
 31
0.0
100
AcDbText
  0
LWPOLYLINE
  5
5C2
330
17
100
AcDbEntity
  8
TEXT
 62
7
370
15
100
AcDbPolyline
 90
2
 70
0
 10
17608.192090395478
 20
8250.125000000015
 10
17608.192090395478
 20
7972.500000000014
  0
TEXT
  5
5C3
330
17
100
AcDbEntity
  8
TEXT
 62
7
100
AcDbText
 10
17648.19209039548
 20
8127.625000000015
 30
0.0
 40
72.5
  1
360×170×500
  7
GOST
 11
17648.19209039548
 21
8127.625000000015
 31
0.0
100
AcDbText
  0
LWPOLYLINE
  5
5C4
330
17
100
AcDbEntity
  8
TEXT
 62
7
370
15
100
AcDbPolyline
 90
2
 70
0
 10
18632.062146892655
 20
8250.125000000015
 10
18632.062146892655
 20
7972.500000000014
  0
TEXT
  5
5C5
330
17
100
AcDbEntity
  8
TEXT
 62
7
100
AcDbText
 10
18672.06214689266
 20
8127.625000000015
 30
0.0
 40
72.5
  1
x 4140..4500; y 8741..8911; низ
  7
GOST
 11
18672.06214689266
 21
8127.625000000015
 31
0.0
100
AcDbText
  0
TEXT
  5
5C6
330
17
100
AcDbEntity
  8
TEXT
 62
7
100
AcDbText
 10
18672.06214689266
 20
8022.5000000000155
 30
0.0
 40
72.5
  1
+1800
  7
GOST
 11
18672.06214689266
 21
8022.5000000000155
 31
0.0
100
AcDbText
  0
LWPOLYLINE
  5
5C7
330
17
100
AcDbEntity
  8
TEXT
 62
7
370
15
100
AcDbPolyline
 90
2
 70
0
 10
20493.644067796613
 20
8250.125000000015
 10
20493.644067796613
 20
7972.500000000014
  0
LWPOLYLINE
  5
5C8
330
17
100
AcDbEntity
  8
TEXT
 62
7
370
15
100
AcDbPolyline
 90
2
 70
0
 10
20912.500000000004
 20
8250.125000000015
 10
20912.500000000004
 20
7972.500000000014
  0
LWPOLYLINE
  5
5C9
330
17
100
AcDbEntity
  8
TEXT
 62
7
370
15
100
AcDbPolyline
 90
4
 70
1
 10
12675.0
 20
7694.875000000013
 10
20912.5
 20
7694.875000000013
 10
20912.5
 20
7972.500000000014
 10
12675.0
 20
7972.500000000014
  0
LWPOLYLINE
  5
5CA
330
17
100
AcDbEntity
  8
TEXT
 62
7
370
15
100
AcDbPolyline
 90
2
 70
0
 10
12675.0
 20
7972.500000000014
 10
12675.0
 20
7694.875000000013
  0
TEXT
  5
5CB
330
17
100
AcDbEntity
  8
TEXT
 62
7
100
AcDbText
 10
12715.0
 20
7850.000000000015
 30
0.0
 40
72.5
  1
F60
  7
GOST
 11
12715.0
 21
7850.000000000015
 31
0.0
100
AcDbText
  0
LWPOLYLINE
  5
5CC
330
17
100
AcDbEntity
  8
TEXT
 62
7
370
15
100
AcDbPolyline
 90
2
 70
0
 10
13140.395480225987
 20
7972.500000000014
 10
13140.395480225987
 20
7694.875000000013
  0
TEXT
  5
5CD
330
17
100
AcDbEntity
  8
TEXT
 62
7
100
AcDbText
 10
13180.395480225989
 20
7850.000000000015
 30
0.0
 40
72.5
  1
R4
  7
GOST
 11
13180.395480225989
 21
7850.000000000015
 31
0.0
100
AcDbText
  0
LWPOLYLINE
  5
5CE
330
17
100
AcDbEntity
  8
TEXT
 62
7
370
15
100
AcDbPolyline
 90
2
 70
0
 10
13512.71186440678
 20
7972.500000000014
 10
13512.71186440678
 20
7694.875000000013
  0
TEXT
  5
5CF
330
17
100
AcDbEntity
  8
TEXT
 62
7
100
AcDbText
 10
13552.71186440678
 20
7850.000000000015
 30
0.0
 40
72.5
  1
Шкаф прихожей, секция 1 — 900 (2 двери 450): ниша робота-пылесоса
  7
GOST
 11
13552.71186440678
 21
7850.000000000015
 31
0.0
100
AcDbText
  0
TEXT
  5
5D0
330
17
100
AcDbEntity
  8
TEXT
 62
7
100
AcDbText
 10
13552.71186440678
 20
7744.875000000015
 30
0.0
 40
72.5
  1
внизу h 400 без фасада, хоз. хранение
  7
GOST
 11
13552.71186440678
 21
7744.875000000015
 31
0.0
100
AcDbText
  0
LWPOLYLINE
  5
5D1
330
17
100
AcDbEntity
  8
TEXT
 62
7
370
15
100
AcDbPolyline
 90
2
 70
0
 10
17608.192090395478
 20
7972.500000000014
 10
17608.192090395478
 20
7694.875000000013
  0
TEXT
  5
5D2
330
17
100
AcDbEntity
  8
TEXT
 62
7
100
AcDbText
 10
17648.19209039548
 20
7850.000000000015
 30
0.0
 40
72.5
  1
900×600×2650
  7
GOST
 11
17648.19209039548
 21
7850.000000000015
 31
0.0
100
AcDbText
  0
LWPOLYLINE
  5
5D3
330
17
100
AcDbEntity
  8
TEXT
 62
7
370
15
100
AcDbPolyline
 90
2
 70
0
 10
18632.062146892655
 20
7972.500000000014
 10
18632.062146892655
 20
7694.875000000013
  0
TEXT
  5
5D4
330
17
100
AcDbEntity
  8
TEXT
 62
7
100
AcDbText
 10
18672.06214689266
 20
7850.000000000015
 30
0.0
 40
72.5
  1
x 4830..5730; y 3121..3721
  7
GOST
 11
18672.06214689266
 21
7850.000000000015
 31
0.0
100
AcDbText
  0
LWPOLYLINE
  5
5D5
330
17
100
AcDbEntity
  8
TEXT
 62
7
370
15
100
AcDbPolyline
 90
2
 70
0
 10
20493.644067796613
 20
7972.500000000014
 10
20493.644067796613
 20
7694.875000000013
  0
TEXT
  5
5D6
330
17
100
AcDbEntity
  8
TEXT
 62
7
100
AcDbText
 10
20533.644067796613
 20
7850.000000000015
 30
0.0
 40
72.5
  1
да
  7
GOST
 11
20533.644067796613
 21
7850.000000000015
 31
0.0
100
AcDbText
  0
LWPOLYLINE
  5
5D7
330
17
100
AcDbEntity
  8
TEXT
 62
7
370
15
100
AcDbPolyline
 90
2
 70
0
 10
20912.500000000004
 20
7972.500000000014
 10
20912.500000000004
 20
7694.875000000013
  0
LWPOLYLINE
  5
5D8
330
17
100
AcDbEntity
  8
TEXT
 62
7
370
15
100
AcDbPolyline
 90
4
 70
1
 10
12675.0
 20
7417.250000000013
 10
20912.5
 20
7417.250000000013
 10
20912.5
 20
7694.875000000013
 10
12675.0
 20
7694.875000000013
  0
LWPOLYLINE
  5
5D9
330
17
100
AcDbEntity
  8
TEXT
 62
7
370
15
100
AcDbPolyline
 90
2
 70
0
 10
12675.0
 20
7694.875000000013
 10
12675.0
 20
7417.250000000013
  0
TEXT
  5
5DA
330
17
100
AcDbEntity
  8
TEXT
 62
7
100
AcDbText
 10
12715.0
 20
7572.375000000014
 30
0.0
 40
72.5
  1
F61
  7
GOST
 11
12715.0
 21
7572.375000000014
 31
0.0
100
AcDbText
  0
LWPOLYLINE
  5
5DB
330
17
100
AcDbEntity
  8
TEXT
 62
7
370
15
100
AcDbPolyline
 90
2
 70
0
 10
13140.395480225987
 20
7694.875000000013
 10
13140.395480225987
 20
7417.250000000013
  0
TEXT
  5
5DC
330
17
100
AcDbEntity
  8
TEXT
 62
7
100
AcDbText
 10
13180.395480225989
 20
7572.375000000014
 30
0.0
 40
72.5
  1
R4
  7
GOST
 11
13180.395480225989
 21
7572.375000000014
 31
0.0
100
AcDbText
  0
LWPOLYLINE
  5
5DD
330
17
100
AcDbEntity
  8
TEXT
 62
7
370
15
100
AcDbPolyline
 90
2
 70
0
 10
13512.71186440678
 20
7694.875000000013
 10
13512.71186440678
 20
7417.250000000013
  0
TEXT
  5
5DE
330
17
100
AcDbEntity
  8
TEXT
 62
7
100
AcDbText
 10
13552.71186440678
 20
7572.375000000014
 30
0.0
 40
72.5
  1
Шкаф прихожей, секция 2 — 900 (2 двери 450): верхняя одежда, штанга +
  7
GOST
 11
13552.71186440678
 21
7572.375000000014
 31
0.0
100
AcDbText
  0
TEXT
  5
5DF
330
17
100
AcDbEntity
  8
TEXT
 62
7
100
AcDbText
 10
13552.71186440678
 20
7467.250000000015
 30
0.0
 40
72.5
  1
антресоль
  7
GOST
 11
13552.71186440678
 21
7467.250000000015
 31
0.0
100
AcDbText
  0
LWPOLYLINE
  5
5E0
330
17
100
AcDbEntity
  8
TEXT
 62
7
370
15
100
AcDbPolyline
 90
2
 70
0
 10
17608.192090395478
 20
7694.875000000013
 10
17608.192090395478
 20
7417.250000000013
  0
TEXT
  5
5E1
330
17
100
AcDbEntity
  8
TEXT
 62
7
100
AcDbText
 10
17648.19209039548
 20
7572.375000000014
 30
0.0
 40
72.5
  1
900×600×2650
  7
GOST
 11
17648.19209039548
 21
7572.375000000014
 31
0.0
100
AcDbText
  0
LWPOLYLINE
  5
5E2
330
17
100
AcDbEntity
  8
TEXT
 62
7
370
15
100
AcDbPolyline
 90
2
 70
0
 10
18632.062146892655
 20
7694.875000000013
 10
18632.062146892655
 20
7417.250000000013
  0
TEXT
  5
5E3
330
17
100
AcDbEntity
  8
TEXT
 62
7
100
AcDbText
 10
18672.06214689266
 20
7572.375000000014
 30
0.0
 40
72.5
  1
x 5730..6630; y 3121..3721
  7
GOST
 11
18672.06214689266
 21
7572.375000000014
 31
0.0
100
AcDbText
  0
LWPOLYLINE
  5
5E4
330
17
100
AcDbEntity
  8
TEXT
 62
7
370
15
100
AcDbPolyline
 90
2
 70
0
 10
20493.644067796613
 20
7694.875000000013
 10
20493.644067796613
 20
7417.250000000013
  0
TEXT
  5
5E5
330
17
100
AcDbEntity
  8
TEXT
 62
7
100
AcDbText
 10
20533.644067796613
 20
7572.375000000014
 30
0.0
 40
72.5
  1
да
  7
GOST
 11
20533.644067796613
 21
7572.375000000014
 31
0.0
100
AcDbText
  0
LWPOLYLINE
  5
5E6
330
17
100
AcDbEntity
  8
TEXT
 62
7
370
15
100
AcDbPolyline
 90
2
 70
0
 10
20912.500000000004
 20
7694.875000000013
 10
20912.500000000004
 20
7417.250000000013
  0
LWPOLYLINE
  5
5E7
330
17
100
AcDbEntity
  8
TEXT
 62
7
370
15
100
AcDbPolyline
 90
4
 70
1
 10
12675.0
 20
7139.625000000013
 10
20912.5
 20
7139.625000000013
 10
20912.5
 20
7417.250000000013
 10
12675.0
 20
7417.250000000013
  0
LWPOLYLINE
  5
5E8
330
17
100
AcDbEntity
  8
TEXT
 62
7
370
15
100
AcDbPolyline
 90
2
 70
0
 10
12675.0
 20
7417.250000000013
 10
12675.0
 20
7139.625000000013
  0
TEXT
  5
5E9
330
17
100
AcDbEntity
  8
TEXT
 62
7
100
AcDbText
 10
12715.0
 20
7294.750000000014
 30
0.0
 40
72.5
  1
F62
  7
GOST
 11
12715.0
 21
7294.750000000014
 31
0.0
100
AcDbText
  0
LWPOLYLINE
  5
5EA
330
17
100
AcDbEntity
  8
TEXT
 62
7
370
15
100
AcDbPolyline
 90
2
 70
0
 10
13140.395480225987
 20
7417.250000000013
 10
13140.395480225987
 20
7139.625000000013
  0
TEXT
  5
5EB
330
17
100
AcDbEntity
  8
TEXT
 62
7
100
AcDbText
 10
13180.395480225989
 20
7294.750000000014
 30
0.0
 40
72.5
  1
R4
  7
GOST
 11
13180.395480225989
 21
7294.750000000014
 31
0.0
100
AcDbText
  0
LWPOLYLINE
  5
5EC
330
17
100
AcDbEntity
  8
TEXT
 62
7
370
15
100
AcDbPolyline
 90
2
 70
0
 10
13512.71186440678
 20
7417.250000000013
 10
13512.71186440678
 20
7139.625000000013
  0
TEXT
  5
5ED
330
17
100
AcDbEntity
  8
TEXT
 62
7
100
AcDbText
 10
13552.71186440678
 20
7294.750000000014
 30
0.0
 40
72.5
  1
Шкаф прихожей, секция 3 — 900 (дверь-зеркало в рост 450 + дверь 450):
  7
GOST
 11
13552.71186440678
 21
7294.750000000014
 31
0.0
100
AcDbText
  0
TEXT
  5
5EE
330
17
100
AcDbEntity
  8
TEXT
 62
7
100
AcDbText
 10
13552.71186440678
 20
7189.625000000014
 30
0.0
 40
72.5
  1
отсек самоката/коляски h 1400, обувь, антресоль
  7
GOST
 11
13552.71186440678
 21
7189.625000000014
 31
0.0
100
AcDbText
  0
LWPOLYLINE
  5
5EF
330
17
100
AcDbEntity
  8
TEXT
 62
7
370
15
100
AcDbPolyline
 90
2
 70
0
 10
17608.192090395478
 20
7417.250000000013
 10
17608.192090395478
 20
7139.625000000013
  0
TEXT
  5
5F0
330
17
100
AcDbEntity
  8
TEXT
 62
7
100
AcDbText
 10
17648.19209039548
 20
7294.750000000014
 30
0.0
 40
72.5
  1
900×600×2650
  7
GOST
 11
17648.19209039548
 21
7294.750000000014
 31
0.0
100
AcDbText
  0
LWPOLYLINE
  5
5F1
330
17
100
AcDbEntity
  8
TEXT
 62
7
370
15
100
AcDbPolyline
 90
2
 70
0
 10
18632.062146892655
 20
7417.250000000013
 10
18632.062146892655
 20
7139.625000000013
  0
TEXT
  5
5F2
330
17
100
AcDbEntity
  8
TEXT
 62
7
100
AcDbText
 10
18672.06214689266
 20
7294.750000000014
 30
0.0
 40
72.5
  1
x 6630..7530; y 3121..3721
  7
GOST
 11
18672.06214689266
 21
7294.750000000014
 31
0.0
100
AcDbText
  0
LWPOLYLINE
  5
5F3
330
17
100
AcDbEntity
  8
TEXT
 62
7
370
15
100
AcDbPolyline
 90
2
 70
0
 10
20493.644067796613
 20
7417.250000000013
 10
20493.644067796613
 20
7139.625000000013
  0
TEXT
  5
5F4
330
17
100
AcDbEntity
  8
TEXT
 62
7
100
AcDbText
 10
20533.644067796613
 20
7294.750000000014
 30
0.0
 40
72.5
  1
да
  7
GOST
 11
20533.644067796613
 21
7294.750000000014
 31
0.0
100
AcDbText
  0
LWPOLYLINE
  5
5F5
330
17
100
AcDbEntity
  8
TEXT
 62
7
370
15
100
AcDbPolyline
 90
2
 70
0
 10
20912.500000000004
 20
7417.250000000013
 10
20912.500000000004
 20
7139.625000000013
  0
LWPOLYLINE
  5
5F6
330
17
100
AcDbEntity
  8
TEXT
 62
7
370
15
100
AcDbPolyline
 90
4
 70
1
 10
12675.0
 20
6967.125000000013
 10
20912.5
 20
6967.125000000013
 10
20912.5
 20
7139.625000000013
 10
12675.0
 20
7139.625000000013
  0
LWPOLYLINE
  5
5F7
330
17
100
AcDbEntity
  8
TEXT
 62
7
370
15
100
AcDbPolyline
 90
2
 70
0
 10
12675.0
 20
7139.625000000013
 10
12675.0
 20
6967.125000000013
  0
TEXT
  5
5F8
330
17
100
AcDbEntity
  8
TEXT
 62
7
100
AcDbText
 10
12715.0
 20
7017.125000000013
 30
0.0
 40
72.5
  1
F63
  7
GOST
 11
12715.0
 21
7017.125000000013
 31
0.0
100
AcDbText
  0
LWPOLYLINE
  5
5F9
330
17
100
AcDbEntity
  8
TEXT
 62
7
370
15
100
AcDbPolyline
 90
2
 70
0
 10
13140.395480225987
 20
7139.625000000013
 10
13140.395480225987
 20
6967.125000000013
  0
TEXT
  5
5FA
330
17
100
AcDbEntity
  8
TEXT
 62
7
100
AcDbText
 10
13180.395480225989
 20
7017.125000000013
 30
0.0
 40
72.5
  1
R4
  7
GOST
 11
13180.395480225989
 21
7017.125000000013
 31
0.0
100
AcDbText
  0
LWPOLYLINE
  5
5FB
330
17
100
AcDbEntity
  8
TEXT
 62
7
370
15
100
AcDbPolyline
 90
2
 70
0
 10
13512.71186440678
 20
7139.625000000013
 10
13512.71186440678
 20
6967.125000000013
  0
TEXT
  5
5FC
330
17
100
AcDbEntity
  8
TEXT
 62
7
100
AcDbText
 10
13552.71186440678
 20
7017.125000000013
 30
0.0
 40
72.5
  1
Банкетка откидная 500×350 на NW9 (в сложенном виде 100)
  7
GOST
 11
13552.71186440678
 21
7017.125000000013
 31
0.0
100
AcDbText
  0
LWPOLYLINE
  5
5FD
330
17
100
AcDbEntity
  8
TEXT
 62
7
370
15
100
AcDbPolyline
 90
2
 70
0
 10
17608.192090395478
 20
7139.625000000013
 10
17608.192090395478
 20
6967.125000000013
  0
TEXT
  5
5FE
330
17
100
AcDbEntity
  8
TEXT
 62
7
100
AcDbText
 10
17648.19209039548
 20
7017.125000000013
 30
0.0
 40
72.5
  1
500×350×450
  7
GOST
 11
17648.19209039548
 21
7017.125000000013
 31
0.0
100
AcDbText
  0
LWPOLYLINE
  5
5FF
330
17
100
AcDbEntity
  8
TEXT
 62
7
370
15
100
AcDbPolyline
 90
2
 70
0
 10
18632.062146892655
 20
7139.625000000013
 10
18632.062146892655
 20
6967.125000000013
  0
TEXT
  5
600
330
17
100
AcDbEntity
  8
TEXT
 62
7
100
AcDbText
 10
18672.06214689266
 20
7017.125000000013
 30
0.0
 40
72.5
  1
x 5390..5890; y 2011..2361
  7
GOST
 11
18672.06214689266
 21
7017.125000000013
 31
0.0
100
AcDbText
  0
LWPOLYLINE
  5
601
330
17
100
AcDbEntity
  8
TEXT
 62
7
370
15
100
AcDbPolyline
 90
2
 70
0
 10
20493.644067796613
 20
7139.625000000013
 10
20493.644067796613
 20
6967.125000000013
  0
TEXT
  5
602
330
17
100
AcDbEntity
  8
TEXT
 62
7
100
AcDbText
 10
20533.644067796613
 20
7017.125000000013
 30
0.0
 40
72.5
  1
да
  7
GOST
 11
20533.644067796613
 21
7017.125000000013
 31
0.0
100
AcDbText
  0
LWPOLYLINE
  5
603
330
17
100
AcDbEntity
  8
TEXT
 62
7
370
15
100
AcDbPolyline
 90
2
 70
0
 10
20912.500000000004
 20
7139.625000000013
 10
20912.500000000004
 20
6967.125000000013
  0
LWPOLYLINE
  5
604
330
17
100
AcDbEntity
  8
TEXT
 62
7
370
15
100
AcDbPolyline
 90
4
 70
1
 10
12675.0
 20
6689.500000000013
 10
20912.5
 20
6689.500000000013
 10
20912.5
 20
6967.125000000013
 10
12675.0
 20
6967.125000000013
  0
LWPOLYLINE
  5
605
330
17
100
AcDbEntity
  8
TEXT
 62
7
370
15
100
AcDbPolyline
 90
2
 70
0
 10
12675.0
 20
6967.125000000013
 10
12675.0
 20
6689.500000000013
  0
TEXT
  5
606
330
17
100
AcDbEntity
  8
TEXT
 62
7
100
AcDbText
 10
12715.0
 20
6844.625000000014
 30
0.0
 40
72.5
  1
F64
  7
GOST
 11
12715.0
 21
6844.625000000014
 31
0.0
100
AcDbText
  0
LWPOLYLINE
  5
607
330
17
100
AcDbEntity
  8
TEXT
 62
7
370
15
100
AcDbPolyline
 90
2
 70
0
 10
13140.395480225987
 20
6967.125000000013
 10
13140.395480225987
 20
6689.500000000013
  0
TEXT
  5
608
330
17
100
AcDbEntity
  8
TEXT
 62
7
100
AcDbText
 10
13180.395480225989
 20
6844.625000000014
 30
0.0
 40
72.5
  1
R4
  7
GOST
 11
13180.395480225989
 21
6844.625000000014
 31
0.0
100
AcDbText
  0
LWPOLYLINE
  5
609
330
17
100
AcDbEntity
  8
TEXT
 62
7
370
15
100
AcDbPolyline
 90
2
 70
0
 10
13512.71186440678
 20
6967.125000000013
 10
13512.71186440678
 20
6689.500000000013
  0
TEXT
  5
60A
330
17
100
AcDbEntity
  8
TEXT
 62
7
100
AcDbText
 10
13552.71186440678
 20
6844.625000000014
 30
0.0
 40
72.5
  1
СС-щит U16: роутер, шлюз умного дома (Zigbee), контроллер защиты от
  7
GOST
 11
13552.71186440678
 21
6844.625000000014
 31
0.0
100
AcDbText
  0
TEXT
  5
60B
330
17
100
AcDbEntity
  8
TEXT
 62
7
100
AcDbText
 10
13552.71186440678
 20
6739.500000000014
 30
0.0
 40
72.5
  1
протечек
  7
GOST
 11
13552.71186440678
 21
6739.500000000014
 31
0.0
100
AcDbText
  0
LWPOLYLINE
  5
60C
330
17
100
AcDbEntity
  8
TEXT
 62
7
370
15
100
AcDbPolyline
 90
2
 70
0
 10
17608.192090395478
 20
6967.125000000013
 10
17608.192090395478
 20
6689.500000000013
  0
TEXT
  5
60D
330
17
100
AcDbEntity
  8
TEXT
 62
7
100
AcDbText
 10
17648.19209039548
 20
6844.625000000014
 30
0.0
 40
72.5
  1
400×120×500
  7
GOST
 11
17648.19209039548
 21
6844.625000000014
 31
0.0
100
AcDbText
  0
LWPOLYLINE
  5
60E
330
17
100
AcDbEntity
  8
TEXT
 62
7
370
15
100
AcDbPolyline
 90
2
 70
0
 10
18632.062146892655
 20
6967.125000000013
 10
18632.062146892655
 20
6689.500000000013
  0
TEXT
  5
60F
330
17
100
AcDbEntity
  8
TEXT
 62
7
100
AcDbText
 10
18672.06214689266
 20
6844.625000000014
 30
0.0
 40
72.5
  1
x 7421..7541; y 2650..3050; низ
  7
GOST
 11
18672.06214689266
 21
6844.625000000014
 31
0.0
100
AcDbText
  0
TEXT
  5
610
330
17
100
AcDbEntity
  8
TEXT
 62
7
100
AcDbText
 10
18672.06214689266
 20
6739.500000000014
 30
0.0
 40
72.5
  1
+1550
  7
GOST
 11
18672.06214689266
 21
6739.500000000014
 31
0.0
100
AcDbText
  0
LWPOLYLINE
  5
611
330
17
100
AcDbEntity
  8
TEXT
 62
7
370
15
100
AcDbPolyline
 90
2
 70
0
 10
20493.644067796613
 20
6967.125000000013
 10
20493.644067796613
 20
6689.500000000013
  0
LWPOLYLINE
  5
612
330
17
100
AcDbEntity
  8
TEXT
 62
7
370
15
100
AcDbPolyline
 90
2
 70
0
 10
20912.500000000004
 20
6967.125000000013
 10
20912.500000000004
 20
6689.500000000013
  0
LWPOLYLINE
  5
613
330
17
100
AcDbEntity
  8
TEXT
 62
7
370
15
100
AcDbPolyline
 90
4
 70
1
 10
12675.0
 20
6411.875000000012
 10
20912.5
 20
6411.875000000012
 10
20912.5
 20
6689.500000000013
 10
12675.0
 20
6689.500000000013
  0
LWPOLYLINE
  5
614
330
17
100
AcDbEntity
  8
TEXT
 62
7
370
15
100
AcDbPolyline
 90
2
 70
0
 10
12675.0
 20
6689.500000000013
 10
12675.0
 20
6411.875000000012
  0
TEXT
  5
615
330
17
100
AcDbEntity
  8
TEXT
 62
7
100
AcDbText
 10
12715.0
 20
6567.000000000013
 30
0.0
 40
72.5
  1
F65
  7
GOST
 11
12715.0
 21
6567.000000000013
 31
0.0
100
AcDbText
  0
LWPOLYLINE
  5
616
330
17
100
AcDbEntity
  8
TEXT
 62
7
370
15
100
AcDbPolyline
 90
2
 70
0
 10
13140.395480225987
 20
6689.500000000013
 10
13140.395480225987
 20
6411.875000000012
  0
TEXT
  5
617
330
17
100
AcDbEntity
  8
TEXT
 62
7
100
AcDbText
 10
13180.395480225989
 20
6567.000000000013
 30
0.0
 40
72.5
  1
R4
  7
GOST
 11
13180.395480225989
 21
6567.000000000013
 31
0.0
100
AcDbText
  0
LWPOLYLINE
  5
618
330
17
100
AcDbEntity
  8
TEXT
 62
7
370
15
100
AcDbPolyline
 90
2
 70
0
 10
13512.71186440678
 20
6689.500000000013
 10
13512.71186440678
 20
6411.875000000012
  0
TEXT
  5
619
330
17
100
AcDbEntity
  8
TEXT
 62
7
100
AcDbText
 10
13552.71186440678
 20
6567.000000000013
 30
0.0
 40
72.5
  1
Точка доступа Wi-Fi потолочная (PoE) в коридоре, на потолке +2650 (D19)
  7
GOST
 11
13552.71186440678
 21
6567.000000000013
 31
0.0
100
AcDbText
  0
LWPOLYLINE
  5
61A
330
17
100
AcDbEntity
  8
TEXT
 62
7
370
15
100
AcDbPolyline
 90
2
 70
0
 10
17608.192090395478
 20
6689.500000000013
 10
17608.192090395478
 20
6411.875000000012
  0
TEXT
  5
61B
330
17
100
AcDbEntity
  8
TEXT
 62
7
100
AcDbText
 10
17648.19209039548
 20
6567.000000000013
 30
0.0
 40
72.5
  1
100×100×40
  7
GOST
 11
17648.19209039548
 21
6567.000000000013
 31
0.0
100
AcDbText
  0
LWPOLYLINE
  5
61C
330
17
100
AcDbEntity
  8
TEXT
 62
7
370
15
100
AcDbPolyline
 90
2
 70
0
 10
18632.062146892655
 20
6689.500000000013
 10
18632.062146892655
 20
6411.875000000012
  0
TEXT
  5
61D
330
17
100
AcDbEntity
  8
TEXT
 62
7
100
AcDbText
 10
18672.06214689266
 20
6567.000000000013
 30
0.0
 40
72.5
  1
x 4120..4220; y 4800..4900; низ
  7
GOST
 11
18672.06214689266
 21
6567.000000000013
 31
0.0
100
AcDbText
  0
TEXT
  5
61E
330
17
100
AcDbEntity
  8
TEXT
 62
7
100
AcDbText
 10
18672.06214689266
 20
6461.875000000014
 30
0.0
 40
72.5
  1
+2610
  7
GOST
 11
18672.06214689266
 21
6461.875000000014
 31
0.0
100
AcDbText
  0
LWPOLYLINE
  5
61F
330
17
100
AcDbEntity
  8
TEXT
 62
7
370
15
100
AcDbPolyline
 90
2
 70
0
 10
20493.644067796613
 20
6689.500000000013
 10
20493.644067796613
 20
6411.875000000012
  0
LWPOLYLINE
  5
620
330
17
100
AcDbEntity
  8
TEXT
 62
7
370
15
100
AcDbPolyline
 90
2
 70
0
 10
20912.500000000004
 20
6689.500000000013
 10
20912.500000000004
 20
6411.875000000012
  0
LWPOLYLINE
  5
621
330
17
100
AcDbEntity
  8
TEXT
 62
7
370
15
100
AcDbPolyline
 90
4
 70
1
 10
12675.0
 20
6239.375000000012
 10
20912.5
 20
6239.375000000012
 10
20912.5
 20
6411.875000000012
 10
12675.0
 20
6411.875000000012
  0
LWPOLYLINE
  5
622
330
17
100
AcDbEntity
  8
TEXT
 62
7
370
15
100
AcDbPolyline
 90
2
 70
0
 10
12675.0
 20
6411.875000000012
 10
12675.0
 20
6239.375000000012
  0
TEXT
  5
623
330
17
100
AcDbEntity
  8
TEXT
 62
7
100
AcDbText
 10
12715.0
 20
6289.375000000012
 30
0.0
 40
72.5
  1
F66
  7
GOST
 11
12715.0
 21
6289.375000000012
 31
0.0
100
AcDbText
  0
LWPOLYLINE
  5
624
330
17
100
AcDbEntity
  8
TEXT
 62
7
370
15
100
AcDbPolyline
 90
2
 70
0
 10
13140.395480225987
 20
6411.875000000012
 10
13140.395480225987
 20
6239.375000000012
  0
TEXT
  5
625
330
17
100
AcDbEntity
  8
TEXT
 62
7
100
AcDbText
 10
13180.395480225989
 20
6289.375000000012
 30
0.0
 40
72.5
  1
R5
  7
GOST
 11
13180.395480225989
 21
6289.375000000012
 31
0.0
100
AcDbText
  0
LWPOLYLINE
  5
626
330
17
100
AcDbEntity
  8
TEXT
 62
7
370
15
100
AcDbPolyline
 90
2
 70
0
 10
13512.71186440678
 20
6411.875000000012
 10
13512.71186440678
 20
6239.375000000012
  0
TEXT
  5
627
330
17
100
AcDbEntity
  8
TEXT
 62
7
100
AcDbText
 10
13552.71186440678
 20
6289.375000000012
 30
0.0
 40
72.5
  1
Ванна 1700×750 акрил/кварил на ножках, экран с ревизией сифона
  7
GOST
 11
13552.71186440678
 21
6289.375000000012
 31
0.0
100
AcDbText
  0
LWPOLYLINE
  5
628
330
17
100
AcDbEntity
  8
TEXT
 62
7
370
15
100
AcDbPolyline
 90
2
 70
0
 10
17608.192090395478
 20
6411.875000000012
 10
17608.192090395478
 20
6239.375000000012
  0
TEXT
  5
629
330
17
100
AcDbEntity
  8
TEXT
 62
7
100
AcDbText
 10
17648.19209039548
 20
6289.375000000012
 30
0.0
 40
72.5
  1
1700×750×600
  7
GOST
 11
17648.19209039548
 21
6289.375000000012
 31
0.0
100
AcDbText
  0
LWPOLYLINE
  5
62A
330
17
100
AcDbEntity
  8
TEXT
 62
7
370
15
100
AcDbPolyline
 90
2
 70
0
 10
18632.062146892655
 20
6411.875000000012
 10
18632.062146892655
 20
6239.375000000012
  0
TEXT
  5
62B
330
17
100
AcDbEntity
  8
TEXT
 62
7
100
AcDbText
 10
18672.06214689266
 20
6289.375000000012
 30
0.0
 40
72.5
  1
x 5841..7541; y 3800..4550
  7
GOST
 11
18672.06214689266
 21
6289.375000000012
 31
0.0
100
AcDbText
  0
LWPOLYLINE
  5
62C
330
17
100
AcDbEntity
  8
TEXT
 62
7
370
15
100
AcDbPolyline
 90
2
 70
0
 10
20493.644067796613
 20
6411.875000000012
 10
20493.644067796613
 20
6239.375000000012
  0
LWPOLYLINE
  5
62D
330
17
100
AcDbEntity
  8
TEXT
 62
7
370
15
100
AcDbPolyline
 90
2
 70
0
 10
20912.500000000004
 20
6411.875000000012
 10
20912.500000000004
 20
6239.375000000012
  0
LWPOLYLINE
  5
62E
330
17
100
AcDbEntity
  8
TEXT
 62
7
370
15
100
AcDbPolyline
 90
4
 70
1
 10
12675.0
 20
5961.750000000012
 10
20912.5
 20
5961.750000000012
 10
20912.5
 20
6239.375000000012
 10
12675.0
 20
6239.375000000012
  0
LWPOLYLINE
  5
62F
330
17
100
AcDbEntity
  8
TEXT
 62
7
370
15
100
AcDbPolyline
 90
2
 70
0
 10
12675.0
 20
6239.375000000012
 10
12675.0
 20
5961.750000000012
  0
TEXT
  5
630
330
17
100
AcDbEntity
  8
TEXT
 62
7
100
AcDbText
 10
12715.0
 20
6116.875000000012
 30
0.0
 40
72.5
  1
F67
  7
GOST
 11
12715.0
 21
6116.875000000012
 31
0.0
100
AcDbText
  0
LWPOLYLINE
  5
631
330
17
100
AcDbEntity
  8
TEXT
 62
7
370
15
100
AcDbPolyline
 90
2
 70
0
 10
13140.395480225987
 20
6239.375000000012
 10
13140.395480225987
 20
5961.750000000012
  0
TEXT
  5
632
330
17
100
AcDbEntity
  8
TEXT
 62
7
100
AcDbText
 10
13180.395480225989
 20
6116.875000000012
 30
0.0
 40
72.5
  1
R5
  7
GOST
 11
13180.395480225989
 21
6116.875000000012
 31
0.0
100
AcDbText
  0
LWPOLYLINE
  5
633
330
17
100
AcDbEntity
  8
TEXT
 62
7
370
15
100
AcDbPolyline
 90
2
 70
0
 10
13512.71186440678
 20
6239.375000000012
 10
13512.71186440678
 20
5961.750000000012
  0
TEXT
  5
634
330
17
100
AcDbEntity
  8
TEXT
 62
7
100
AcDbText
 10
13552.71186440678
 20
6116.875000000012
 30
0.0
 40
72.5
  1
Душ walk-in 805×966 в свету (после облицовки W14 VK-C1), линейный трап
  7
GOST
 11
13552.71186440678
 21
6116.875000000012
 31
0.0
100
AcDbText
  0
TEXT
  5
635
330
17
100
AcDbEntity
  8
TEXT
 62
7
100
AcDbText
 10
13552.71186440678
 20
6011.750000000011
 30
0.0
 40
72.5
  1
вдоль облицовки, душевая система скрытого монтажа
  7
GOST
 11
13552.71186440678
 21
6011.750000000011
 31
0.0
100
AcDbText
  0
LWPOLYLINE
  5
636
330
17
100
AcDbEntity
  8
TEXT
 62
7
370
15
100
AcDbPolyline
 90
2
 70
0
 10
17608.192090395478
 20
6239.375000000012
 10
17608.192090395478
 20
5961.750000000012
  0
TEXT
  5
637
330
17
100
AcDbEntity
  8
TEXT
 62
7
100
AcDbText
 10
17648.19209039548
 20
6116.875000000012
 30
0.0
 40
72.5
  1
805×966×0
  7
GOST
 11
17648.19209039548
 21
6116.875000000012
 31
0.0
100
AcDbText
  0
LWPOLYLINE
  5
638
330
17
100
AcDbEntity
  8
TEXT
 62
7
370
15
100
AcDbPolyline
 90
2
 70
0
 10
18632.062146892655
 20
6239.375000000012
 10
18632.062146892655
 20
5961.750000000012
  0
TEXT
  5
639
330
17
100
AcDbEntity
  8
TEXT
 62
7
100
AcDbText
 10
18672.06214689266
 20
6116.875000000012
 30
0.0
 40
72.5
  1
x 6641..7446; y 4550..5516
  7
GOST
 11
18672.06214689266
 21
6116.875000000012
 31
0.0
100
AcDbText
  0
LWPOLYLINE
  5
63A
330
17
100
AcDbEntity
  8
TEXT
 62
7
370
15
100
AcDbPolyline
 90
2
 70
0
 10
20493.644067796613
 20
6239.375000000012
 10
20493.644067796613
 20
5961.750000000012
  0
LWPOLYLINE
  5
63B
330
17
100
AcDbEntity
  8
TEXT
 62
7
370
15
100
AcDbPolyline
 90
2
 70
0
 10
20912.500000000004
 20
6239.375000000012
 10
20912.500000000004
 20
5961.750000000012
  0
LWPOLYLINE
  5
63C
330
17
100
AcDbEntity
  8
TEXT
 62
7
370
15
100
AcDbPolyline
 90
4
 70
1
 10
12675.0
 20
5579.000000000012
 10
20912.5
 20
5579.000000000012
 10
20912.5
 20
5961.750000000012
 10
12675.0
 20
5961.750000000012
  0
LWPOLYLINE
  5
63D
330
17
100
AcDbEntity
  8
TEXT
 62
7
370
15
100
AcDbPolyline
 90
2
 70
0
 10
12675.0
 20
5961.750000000012
 10
12675.0
 20
5579.000000000012
  0
TEXT
  5
63E
330
17
100
AcDbEntity
  8
TEXT
 62
7
100
AcDbText
 10
12715.0
 20
5839.250000000012
 30
0.0
 40
72.5
  1
F90
  7
GOST
 11
12715.0
 21
5839.250000000012
 31
0.0
100
AcDbText
  0
LWPOLYLINE
  5
63F
330
17
100
AcDbEntity
  8
TEXT
 62
7
370
15
100
AcDbPolyline
 90
2
 70
0
 10
13140.395480225987
 20
5961.750000000012
 10
13140.395480225987
 20
5579.000000000012
  0
TEXT
  5
640
330
17
100
AcDbEntity
  8
TEXT
 62
7
100
AcDbText
 10
13180.395480225989
 20
5839.250000000012
 30
0.0
 40
72.5
  1
R5
  7
GOST
 11
13180.395480225989
 21
5839.250000000012
 31
0.0
100
AcDbText
  0
LWPOLYLINE
  5
641
330
17
100
AcDbEntity
  8
TEXT
 62
7
370
15
100
AcDbPolyline
 90
2
 70
0
 10
13512.71186440678
 20
5961.750000000012
 10
13512.71186440678
 20
5579.000000000012
  0
TEXT
  5
642
330
17
100
AcDbEntity
  8
TEXT
 62
7
100
AcDbText
 10
13552.71186440678
 20
5839.250000000012
 30
0.0
 40
72.5
  1
Облицовка W14 в душе VK-C1 (≈95): ниши 500×400 (+1200..+1600) и
  7
GOST
 11
13552.71186440678
 21
5839.250000000012
 31
0.0
100
AcDbText
  0
TEXT
  5
643
330
17
100
AcDbEntity
  8
TEXT
 62
7
100
AcDbText
 10
13552.71186440678
 20
5734.125000000012
 30
0.0
 40
72.5
  1
500×250 (+600..+850) от пола ванной, ось y 5150, глубиной ≤ 70; корпус
  7
GOST
 11
13552.71186440678
 21
5734.125000000012
 31
0.0
100
AcDbText
  0
TEXT
  5
644
330
17
100
AcDbEntity
  8
TEXT
 62
7
100
AcDbText
 10
13552.71186440678
 20
5629.000000000011
 30
0.0
 40
72.5
  1
термостата y 4750, h 1100 (D23, clashes F-04); трасса сифона ванны …
  7
GOST
 11
13552.71186440678
 21
5629.000000000011
 31
0.0
100
AcDbText
  0
LWPOLYLINE
  5
645
330
17
100
AcDbEntity
  8
TEXT
 62
7
370
15
100
AcDbPolyline
 90
2
 70
0
 10
17608.192090395478
 20
5961.750000000012
 10
17608.192090395478
 20
5579.000000000012
  0
TEXT
  5
646
330
17
100
AcDbEntity
  8
TEXT
 62
7
100
AcDbText
 10
17648.19209039548
 20
5839.250000000012
 30
0.0
 40
72.5
  1
95×966×2450
  7
GOST
 11
17648.19209039548
 21
5839.250000000012
 31
0.0
100
AcDbText
  0
LWPOLYLINE
  5
647
330
17
100
AcDbEntity
  8
TEXT
 62
7
370
15
100
AcDbPolyline
 90
2
 70
0
 10
18632.062146892655
 20
5961.750000000012
 10
18632.062146892655
 20
5579.000000000012
  0
TEXT
  5
648
330
17
100
AcDbEntity
  8
TEXT
 62
7
100
AcDbText
 10
18672.06214689266
 20
5839.250000000012
 30
0.0
 40
72.5
  1
x 7446..7541; y 4550..5516
  7
GOST
 11
18672.06214689266
 21
5839.250000000012
 31
0.0
100
AcDbText
  0
LWPOLYLINE
  5
649
330
17
100
AcDbEntity
  8
TEXT
 62
7
370
15
100
AcDbPolyline
 90
2
 70
0
 10
20493.644067796613
 20
5961.750000000012
 10
20493.644067796613
 20
5579.000000000012
  0
TEXT
  5
64A
330
17
100
AcDbEntity
  8
TEXT
 62
7
100
AcDbText
 10
20533.644067796613
 20
5839.250000000012
 30
0.0
 40
72.5
  1
да
  7
GOST
 11
20533.644067796613
 21
5839.250000000012
 31
0.0
100
AcDbText
  0
LWPOLYLINE
  5
64B
330
17
100
AcDbEntity
  8
TEXT
 62
7
370
15
100
AcDbPolyline
 90
2
 70
0
 10
20912.500000000004
 20
5961.750000000012
 10
20912.500000000004
 20
5579.000000000012
  0
LWPOLYLINE
  5
64C
330
17
100
AcDbEntity
  8
TEXT
 62
7
370
15
100
AcDbPolyline
 90
4
 70
1
 10
12675.0
 20
5301.375000000012
 10
20912.5
 20
5301.375000000012
 10
20912.5
 20
5579.000000000012
 10
12675.0
 20
5579.000000000012
  0
LWPOLYLINE
  5
64D
330
17
100
AcDbEntity
  8
TEXT
 62
7
370
15
100
AcDbPolyline
 90
2
 70
0
 10
12675.0
 20
5579.000000000012
 10
12675.0
 20
5301.375000000012
  0
TEXT
  5
64E
330
17
100
AcDbEntity
  8
TEXT
 62
7
100
AcDbText
 10
12715.0
 20
5456.500000000012
 30
0.0
 40
72.5
  1
F68
  7
GOST
 11
12715.0
 21
5456.500000000012
 31
0.0
100
AcDbText
  0
LWPOLYLINE
  5
64F
330
17
100
AcDbEntity
  8
TEXT
 62
7
370
15
100
AcDbPolyline
 90
2
 70
0
 10
13140.395480225987
 20
5579.000000000012
 10
13140.395480225987
 20
5301.375000000012
  0
TEXT
  5
650
330
17
100
AcDbEntity
  8
TEXT
 62
7
100
AcDbText
 10
13180.395480225989
 20
5456.500000000012
 30
0.0
 40
72.5
  1
R5
  7
GOST
 11
13180.395480225989
 21
5456.500000000012
 31
0.0
100
AcDbText
  0
LWPOLYLINE
  5
651
330
17
100
AcDbEntity
  8
TEXT
 62
7
370
15
100
AcDbPolyline
 90
2
 70
0
 10
13512.71186440678
 20
5579.000000000012
 10
13512.71186440678
 20
5301.375000000012
  0
TEXT
  5
652
330
17
100
AcDbEntity
  8
TEXT
 62
7
100
AcDbText
 10
13552.71186440678
 20
5456.500000000012
 30
0.0
 40
72.5
  1
Стекло душа фиксированное 315, 8 мм (к стене + стабилизатор к потолку,
  7
GOST
 11
13552.71186440678
 21
5456.500000000012
 31
0.0
100
AcDbText
  0
TEXT
  5
653
330
17
100
AcDbEntity
  8
TEXT
 62
7
100
AcDbText
 10
13552.71186440678
 20
5351.375000000012
 30
0.0
 40
72.5
  1
профиль пола на клею)
  7
GOST
 11
13552.71186440678
 21
5351.375000000012
 31
0.0
100
AcDbText
  0
LWPOLYLINE
  5
654
330
17
100
AcDbEntity
  8
TEXT
 62
7
370
15
100
AcDbPolyline
 90
2
 70
0
 10
17608.192090395478
 20
5579.000000000012
 10
17608.192090395478
 20
5301.375000000012
  0
TEXT
  5
655
330
17
100
AcDbEntity
  8
TEXT
 62
7
100
AcDbText
 10
17648.19209039548
 20
5456.500000000012
 30
0.0
 40
72.5
  1
10×315×2000
  7
GOST
 11
17648.19209039548
 21
5456.500000000012
 31
0.0
100
AcDbText
  0
LWPOLYLINE
  5
656
330
17
100
AcDbEntity
  8
TEXT
 62
7
370
15
100
AcDbPolyline
 90
2
 70
0
 10
18632.062146892655
 20
5579.000000000012
 10
18632.062146892655
 20
5301.375000000012
  0
TEXT
  5
657
330
17
100
AcDbEntity
  8
TEXT
 62
7
100
AcDbText
 10
18672.06214689266
 20
5456.500000000012
 30
0.0
 40
72.5
  1
x 6631..6641; y 5201..5516
  7
GOST
 11
18672.06214689266
 21
5456.500000000012
 31
0.0
100
AcDbText
  0
LWPOLYLINE
  5
658
330
17
100
AcDbEntity
  8
TEXT
 62
7
370
15
100
AcDbPolyline
 90
2
 70
0
 10
20493.644067796613
 20
5579.000000000012
 10
20493.644067796613
 20
5301.375000000012
  0
LWPOLYLINE
  5
659
330
17
100
AcDbEntity
  8
TEXT
 62
7
370
15
100
AcDbPolyline
 90
2
 70
0
 10
20912.500000000004
 20
5579.000000000012
 10
20912.500000000004
 20
5301.375000000012
  0
LWPOLYLINE
  5
65A
330
17
100
AcDbEntity
  8
TEXT
 62
7
370
15
100
AcDbPolyline
 90
4
 70
1
 10
12675.0
 20
5023.750000000013
 10
20912.5
 20
5023.750000000013
 10
20912.5
 20
5301.375000000012
 10
12675.0
 20
5301.375000000012
  0
LWPOLYLINE
  5
65B
330
17
100
AcDbEntity
  8
TEXT
 62
7
370
15
100
AcDbPolyline
 90
2
 70
0
 10
12675.0
 20
5301.375000000012
 10
12675.0
 20
5023.750000000013
  0
TEXT
  5
65C
330
17
100
AcDbEntity
  8
TEXT
 62
7
100
AcDbText
 10
12715.0
 20
5178.875000000012
 30
0.0
 40
72.5
  1
F69
  7
GOST
 11
12715.0
 21
5178.875000000012
 31
0.0
100
AcDbText
  0
LWPOLYLINE
  5
65D
330
17
100
AcDbEntity
  8
TEXT
 62
7
370
15
100
AcDbPolyline
 90
2
 70
0
 10
13140.395480225987
 20
5301.375000000012
 10
13140.395480225987
 20
5023.750000000013
  0
TEXT
  5
65E
330
17
100
AcDbEntity
  8
TEXT
 62
7
100
AcDbText
 10
13180.395480225989
 20
5178.875000000012
 30
0.0
 40
72.5
  1
R5
  7
GOST
 11
13180.395480225989
 21
5178.875000000012
 31
0.0
100
AcDbText
  0
LWPOLYLINE
  5
65F
330
17
100
AcDbEntity
  8
TEXT
 62
7
370
15
100
AcDbPolyline
 90
2
 70
0
 10
13512.71186440678
 20
5301.375000000012
 10
13512.71186440678
 20
5023.750000000013
  0
TEXT
  5
660
330
17
100
AcDbEntity
  8
TEXT
 62
7
100
AcDbText
 10
13552.71186440678
 20
5178.875000000012
 30
0.0
 40
72.5
  1
Инсталляция WC (рама только к стене) + короб ГКЛВ 150 до +1200 с
  7
GOST
 11
13552.71186440678
 21
5178.875000000012
 31
0.0
100
AcDbText
  0
TEXT
  5
661
330
17
100
AcDbEntity
  8
TEXT
 62
7
100
AcDbText
 10
13552.71186440678
 20
5073.750000000012
 30
0.0
 40
72.5
  1
полкой
  7
GOST
 11
13552.71186440678
 21
5073.750000000012
 31
0.0
100
AcDbText
  0
LWPOLYLINE
  5
662
330
17
100
AcDbEntity
  8
TEXT
 62
7
370
15
100
AcDbPolyline
 90
2
 70
0
 10
17608.192090395478
 20
5301.375000000012
 10
17608.192090395478
 20
5023.750000000013
  0
TEXT
  5
663
330
17
100
AcDbEntity
  8
TEXT
 62
7
100
AcDbText
 10
17648.19209039548
 20
5178.875000000012
 30
0.0
 40
72.5
  1
821×150×1200
  7
GOST
 11
17648.19209039548
 21
5178.875000000012
 31
0.0
100
AcDbText
  0
LWPOLYLINE
  5
664
330
17
100
AcDbEntity
  8
TEXT
 62
7
370
15
100
AcDbPolyline
 90
2
 70
0
 10
18632.062146892655
 20
5301.375000000012
 10
18632.062146892655
 20
5023.750000000013
  0
TEXT
  5
665
330
17
100
AcDbEntity
  8
TEXT
 62
7
100
AcDbText
 10
18672.06214689266
 20
5178.875000000012
 30
0.0
 40
72.5
  1
x 5820..6641; y 5691..5841
  7
GOST
 11
18672.06214689266
 21
5178.875000000012
 31
0.0
100
AcDbText
  0
LWPOLYLINE
  5
666
330
17
100
AcDbEntity
  8
TEXT
 62
7
370
15
100
AcDbPolyline
 90
2
 70
0
 10
20493.644067796613
 20
5301.375000000012
 10
20493.644067796613
 20
5023.750000000013
  0
TEXT
  5
667
330
17
100
AcDbEntity
  8
TEXT
 62
7
100
AcDbText
 10
20533.644067796613
 20
5178.875000000012
 30
0.0
 40
72.5
  1
да
  7
GOST
 11
20533.644067796613
 21
5178.875000000012
 31
0.0
100
AcDbText
  0
LWPOLYLINE
  5
668
330
17
100
AcDbEntity
  8
TEXT
 62
7
370
15
100
AcDbPolyline
 90
2
 70
0
 10
20912.500000000004
 20
5301.375000000012
 10
20912.500000000004
 20
5023.750000000013
  0
LWPOLYLINE
  5
669
330
17
100
AcDbEntity
  8
TEXT
 62
7
370
15
100
AcDbPolyline
 90
4
 70
1
 10
12675.0
 20
4851.250000000013
 10
20912.5
 20
4851.250000000013
 10
20912.5
 20
5023.750000000013
 10
12675.0
 20
5023.750000000013
  0
LWPOLYLINE
  5
66A
330
17
100
AcDbEntity
  8
TEXT
 62
7
370
15
100
AcDbPolyline
 90
2
 70
0
 10
12675.0
 20
5023.750000000013
 10
12675.0
 20
4851.250000000013
  0
TEXT
  5
66B
330
17
100
AcDbEntity
  8
TEXT
 62
7
100
AcDbText
 10
12715.0
 20
4901.250000000013
 30
0.0
 40
72.5
  1
F70
  7
GOST
 11
12715.0
 21
4901.250000000013
 31
0.0
100
AcDbText
  0
LWPOLYLINE
  5
66C
330
17
100
AcDbEntity
  8
TEXT
 62
7
370
15
100
AcDbPolyline
 90
2
 70
0
 10
13140.395480225987
 20
5023.750000000013
 10
13140.395480225987
 20
4851.250000000013
  0
TEXT
  5
66D
330
17
100
AcDbEntity
  8
TEXT
 62
7
100
AcDbText
 10
13180.395480225989
 20
4901.250000000013
 30
0.0
 40
72.5
  1
R5
  7
GOST
 11
13180.395480225989
 21
4901.250000000013
 31
0.0
100
AcDbText
  0
LWPOLYLINE
  5
66E
330
17
100
AcDbEntity
  8
TEXT
 62
7
370
15
100
AcDbPolyline
 90
2
 70
0
 10
13512.71186440678
 20
5023.750000000013
 10
13512.71186440678
 20
4851.250000000013
  0
TEXT
  5
66F
330
17
100
AcDbEntity
  8
TEXT
 62
7
100
AcDbText
 10
13552.71186440678
 20
4901.250000000013
 30
0.0
 40
72.5
  1
Унитаз подвесной безободковый (ось x 6250)
  7
GOST
 11
13552.71186440678
 21
4901.250000000013
 31
0.0
100
AcDbText
  0
LWPOLYLINE
  5
670
330
17
100
AcDbEntity
  8
TEXT
 62
7
370
15
100
AcDbPolyline
 90
2
 70
0
 10
17608.192090395478
 20
5023.750000000013
 10
17608.192090395478
 20
4851.250000000013
  0
TEXT
  5
671
330
17
100
AcDbEntity
  8
TEXT
 62
7
100
AcDbText
 10
17648.19209039548
 20
4901.250000000013
 30
0.0
 40
72.5
  1
360×490×400
  7
GOST
 11
17648.19209039548
 21
4901.250000000013
 31
0.0
100
AcDbText
  0
LWPOLYLINE
  5
672
330
17
100
AcDbEntity
  8
TEXT
 62
7
370
15
100
AcDbPolyline
 90
2
 70
0
 10
18632.062146892655
 20
5023.750000000013
 10
18632.062146892655
 20
4851.250000000013
  0
TEXT
  5
673
330
17
100
AcDbEntity
  8
TEXT
 62
7
100
AcDbText
 10
18672.06214689266
 20
4901.250000000013
 30
0.0
 40
72.5
  1
x 6070..6430; y 5201..5691
  7
GOST
 11
18672.06214689266
 21
4901.250000000013
 31
0.0
100
AcDbText
  0
LWPOLYLINE
  5
674
330
17
100
AcDbEntity
  8
TEXT
 62
7
370
15
100
AcDbPolyline
 90
2
 70
0
 10
20493.644067796613
 20
5023.750000000013
 10
20493.644067796613
 20
4851.250000000013
  0
LWPOLYLINE
  5
675
330
17
100
AcDbEntity
  8
TEXT
 62
7
370
15
100
AcDbPolyline
 90
2
 70
0
 10
20912.500000000004
 20
5023.750000000013
 10
20912.500000000004
 20
4851.250000000013
  0
LWPOLYLINE
  5
676
330
17
100
AcDbEntity
  8
TEXT
 62
7
370
15
100
AcDbPolyline
 90
4
 70
1
 10
12675.0
 20
4573.625000000013
 10
20912.5
 20
4573.625000000013
 10
20912.5
 20
4851.250000000013
 10
12675.0
 20
4851.250000000013
  0
LWPOLYLINE
  5
677
330
17
100
AcDbEntity
  8
TEXT
 62
7
370
15
100
AcDbPolyline
 90
2
 70
0
 10
12675.0
 20
4851.250000000013
 10
12675.0
 20
4573.625000000013
  0
TEXT
  5
678
330
17
100
AcDbEntity
  8
TEXT
 62
7
100
AcDbText
 10
12715.0
 20
4728.750000000012
 30
0.0
 40
72.5
  1
F71
  7
GOST
 11
12715.0
 21
4728.750000000012
 31
0.0
100
AcDbText
  0
LWPOLYLINE
  5
679
330
17
100
AcDbEntity
  8
TEXT
 62
7
370
15
100
AcDbPolyline
 90
2
 70
0
 10
13140.395480225987
 20
4851.250000000013
 10
13140.395480225987
 20
4573.625000000013
  0
TEXT
  5
67A
330
17
100
AcDbEntity
  8
TEXT
 62
7
100
AcDbText
 10
13180.395480225989
 20
4728.750000000012
 30
0.0
 40
72.5
  1
R5
  7
GOST
 11
13180.395480225989
 21
4728.750000000012
 31
0.0
100
AcDbText
  0
LWPOLYLINE
  5
67B
330
17
100
AcDbEntity
  8
TEXT
 62
7
370
15
100
AcDbPolyline
 90
2
 70
0
 10
13512.71186440678
 20
4851.250000000013
 10
13512.71186440678
 20
4573.625000000013
  0
TEXT
  5
67C
330
17
100
AcDbEntity
  8
TEXT
 62
7
100
AcDbText
 10
13552.71186440678
 20
4728.750000000012
 30
0.0
 40
72.5
  1
Тумба подвесная 900×480 (2 ящика), столешница + раковина смещена
  7
GOST
 11
13552.71186440678
 21
4728.750000000012
 31
0.0
100
AcDbText
  0
TEXT
  5
67D
330
17
100
AcDbEntity
  8
TEXT
 62
7
100
AcDbText
 10
13552.71186440678
 20
4623.625000000012
 30
0.0
 40
72.5
  1
влево
  7
GOST
 11
13552.71186440678
 21
4623.625000000012
 31
0.0
100
AcDbText
  0
LWPOLYLINE
  5
67E
330
17
100
AcDbEntity
  8
TEXT
 62
7
370
15
100
AcDbPolyline
 90
2
 70
0
 10
17608.192090395478
 20
4851.250000000013
 10
17608.192090395478
 20
4573.625000000013
  0
TEXT
  5
67F
330
17
100
AcDbEntity
  8
TEXT
 62
7
100
AcDbText
 10
17648.19209039548
 20
4728.750000000012
 30
0.0
 40
72.5
  1
900×480×380
  7
GOST
 11
17648.19209039548
 21
4728.750000000012
 31
0.0
100
AcDbText
  0
LWPOLYLINE
  5
680
330
17
100
AcDbEntity
  8
TEXT
 62
7
370
15
100
AcDbPolyline
 90
2
 70
0
 10
18632.062146892655
 20
4851.250000000013
 10
18632.062146892655
 20
4573.625000000013
  0
TEXT
  5
681
330
17
100
AcDbEntity
  8
TEXT
 62
7
100
AcDbText
 10
18672.06214689266
 20
4728.750000000012
 30
0.0
 40
72.5
  1
x 4920..5820; y 5361..5841; низ
  7
GOST
 11
18672.06214689266
 21
4728.750000000012
 31
0.0
100
AcDbText
  0
TEXT
  5
682
330
17
100
AcDbEntity
  8
TEXT
 62
7
100
AcDbText
 10
18672.06214689266
 20
4623.625000000012
 30
0.0
 40
72.5
  1
+500
  7
GOST
 11
18672.06214689266
 21
4623.625000000012
 31
0.0
100
AcDbText
  0
LWPOLYLINE
  5
683
330
17
100
AcDbEntity
  8
TEXT
 62
7
370
15
100
AcDbPolyline
 90
2
 70
0
 10
20493.644067796613
 20
4851.250000000013
 10
20493.644067796613
 20
4573.625000000013
  0
TEXT
  5
684
330
17
100
AcDbEntity
  8
TEXT
 62
7
100
AcDbText
 10
20533.644067796613
 20
4728.750000000012
 30
0.0
 40
72.5
  1
да
  7
GOST
 11
20533.644067796613
 21
4728.750000000012
 31
0.0
100
AcDbText
  0
LWPOLYLINE
  5
685
330
17
100
AcDbEntity
  8
TEXT
 62
7
370
15
100
AcDbPolyline
 90
2
 70
0
 10
20912.500000000004
 20
4851.250000000013
 10
20912.500000000004
 20
4573.625000000013
  0
LWPOLYLINE
  5
686
330
17
100
AcDbEntity
  8
TEXT
 62
7
370
15
100
AcDbPolyline
 90
4
 70
1
 10
12675.0
 20
4296.000000000013
 10
20912.5
 20
4296.000000000013
 10
20912.5
 20
4573.625000000013
 10
12675.0
 20
4573.625000000013
  0
LWPOLYLINE
  5
687
330
17
100
AcDbEntity
  8
TEXT
 62
7
370
15
100
AcDbPolyline
 90
2
 70
0
 10
12675.0
 20
4573.625000000013
 10
12675.0
 20
4296.000000000013
  0
TEXT
  5
688
330
17
100
AcDbEntity
  8
TEXT
 62
7
100
AcDbText
 10
12715.0
 20
4451.125000000013
 30
0.0
 40
72.5
  1
F72
  7
GOST
 11
12715.0
 21
4451.125000000013
 31
0.0
100
AcDbText
  0
LWPOLYLINE
  5
689
330
17
100
AcDbEntity
  8
TEXT
 62
7
370
15
100
AcDbPolyline
 90
2
 70
0
 10
13140.395480225987
 20
4573.625000000013
 10
13140.395480225987
 20
4296.000000000013
  0
TEXT
  5
68A
330
17
100
AcDbEntity
  8
TEXT
 62
7
100
AcDbText
 10
13180.395480225989
 20
4451.125000000013
 30
0.0
 40
72.5
  1
R5
  7
GOST
 11
13180.395480225989
 21
4451.125000000013
 31
0.0
100
AcDbText
  0
LWPOLYLINE
  5
68B
330
17
100
AcDbEntity
  8
TEXT
 62
7
370
15
100
AcDbPolyline
 90
2
 70
0
 10
13512.71186440678
 20
4573.625000000013
 10
13512.71186440678
 20
4296.000000000013
  0
TEXT
  5
68C
330
17
100
AcDbEntity
  8
TEXT
 62
7
100
AcDbText
 10
13552.71186440678
 20
4451.125000000013
 30
0.0
 40
72.5
  1
Зеркальный шкаф 900×750×150 с LED и розеткой
  7
GOST
 11
13552.71186440678
 21
4451.125000000013
 31
0.0
100
AcDbText
  0
LWPOLYLINE
  5
68D
330
17
100
AcDbEntity
  8
TEXT
 62
7
370
15
100
AcDbPolyline
 90
2
 70
0
 10
17608.192090395478
 20
4573.625000000013
 10
17608.192090395478
 20
4296.000000000013
  0
TEXT
  5
68E
330
17
100
AcDbEntity
  8
TEXT
 62
7
100
AcDbText
 10
17648.19209039548
 20
4451.125000000013
 30
0.0
 40
72.5
  1
900×150×750
  7
GOST
 11
17648.19209039548
 21
4451.125000000013
 31
0.0
100
AcDbText
  0
LWPOLYLINE
  5
68F
330
17
100
AcDbEntity
  8
TEXT
 62
7
370
15
100
AcDbPolyline
 90
2
 70
0
 10
18632.062146892655
 20
4573.625000000013
 10
18632.062146892655
 20
4296.000000000013
  0
TEXT
  5
690
330
17
100
AcDbEntity
  8
TEXT
 62
7
100
AcDbText
 10
18672.06214689266
 20
4451.125000000013
 30
0.0
 40
72.5
  1
x 4920..5820; y 5691..5841; низ
  7
GOST
 11
18672.06214689266
 21
4451.125000000013
 31
0.0
100
AcDbText
  0
TEXT
  5
691
330
17
100
AcDbEntity
  8
TEXT
 62
7
100
AcDbText
 10
18672.06214689266
 20
4346.000000000012
 30
0.0
 40
72.5
  1
+1150
  7
GOST
 11
18672.06214689266
 21
4346.000000000012
 31
0.0
100
AcDbText
  0
LWPOLYLINE
  5
692
330
17
100
AcDbEntity
  8
TEXT
 62
7
370
15
100
AcDbPolyline
 90
2
 70
0
 10
20493.644067796613
 20
4573.625000000013
 10
20493.644067796613
 20
4296.000000000013
  0
TEXT
  5
693
330
17
100
AcDbEntity
  8
TEXT
 62
7
100
AcDbText
 10
20533.644067796613
 20
4451.125000000013
 30
0.0
 40
72.5
  1
да
  7
GOST
 11
20533.644067796613
 21
4451.125000000013
 31
0.0
100
AcDbText
  0
LWPOLYLINE
  5
694
330
17
100
AcDbEntity
  8
TEXT
 62
7
370
15
100
AcDbPolyline
 90
2
 70
0
 10
20912.500000000004
 20
4573.625000000013
 10
20912.500000000004
 20
4296.000000000013
  0
LWPOLYLINE
  5
695
330
17
100
AcDbEntity
  8
TEXT
 62
7
370
15
100
AcDbPolyline
 90
4
 70
1
 10
12675.0
 20
4018.375000000013
 10
20912.5
 20
4018.375000000013
 10
20912.5
 20
4296.000000000013
 10
12675.0
 20
4296.000000000013
  0
LWPOLYLINE
  5
696
330
17
100
AcDbEntity
  8
TEXT
 62
7
370
15
100
AcDbPolyline
 90
2
 70
0
 10
12675.0
 20
4296.000000000013
 10
12675.0
 20
4018.375000000013
  0
TEXT
  5
697
330
17
100
AcDbEntity
  8
TEXT
 62
7
100
AcDbText
 10
12715.0
 20
4173.500000000013
 30
0.0
 40
72.5
  1
F73
  7
GOST
 11
12715.0
 21
4173.500000000013
 31
0.0
100
AcDbText
  0
LWPOLYLINE
  5
698
330
17
100
AcDbEntity
  8
TEXT
 62
7
370
15
100
AcDbPolyline
 90
2
 70
0
 10
13140.395480225987
 20
4296.000000000013
 10
13140.395480225987
 20
4018.375000000013
  0
TEXT
  5
699
330
17
100
AcDbEntity
  8
TEXT
 62
7
100
AcDbText
 10
13180.395480225989
 20
4173.500000000013
 30
0.0
 40
72.5
  1
R5
  7
GOST
 11
13180.395480225989
 21
4173.500000000013
 31
0.0
100
AcDbText
  0
LWPOLYLINE
  5
69A
330
17
100
AcDbEntity
  8
TEXT
 62
7
370
15
100
AcDbPolyline
 90
2
 70
0
 10
13512.71186440678
 20
4296.000000000013
 10
13512.71186440678
 20
4018.375000000013
  0
TEXT
  5
69B
330
17
100
AcDbEntity
  8
TEXT
 62
7
100
AcDbText
 10
13552.71186440678
 20
4173.500000000013
 30
0.0
 40
72.5
  1
Пенал подвесной 500×350 до +2200
  7
GOST
 11
13552.71186440678
 21
4173.500000000013
 31
0.0
100
AcDbText
  0
LWPOLYLINE
  5
69C
330
17
100
AcDbEntity
  8
TEXT
 62
7
370
15
100
AcDbPolyline
 90
2
 70
0
 10
17608.192090395478
 20
4296.000000000013
 10
17608.192090395478
 20
4018.375000000013
  0
TEXT
  5
69D
330
17
100
AcDbEntity
  8
TEXT
 62
7
100
AcDbText
 10
17648.19209039548
 20
4173.500000000013
 30
0.0
 40
72.5
  1
500×350×2000
  7
GOST
 11
17648.19209039548
 21
4173.500000000013
 31
0.0
100
AcDbText
  0
LWPOLYLINE
  5
69E
330
17
100
AcDbEntity
  8
TEXT
 62
7
370
15
100
AcDbPolyline
 90
2
 70
0
 10
18632.062146892655
 20
4296.000000000013
 10
18632.062146892655
 20
4018.375000000013
  0
TEXT
  5
69F
330
17
100
AcDbEntity
  8
TEXT
 62
7
100
AcDbText
 10
18672.06214689266
 20
4173.500000000013
 30
0.0
 40
72.5
  1
x 4900..5400; y 3800..4150; низ
  7
GOST
 11
18672.06214689266
 21
4173.500000000013
 31
0.0
100
AcDbText
  0
TEXT
  5
6A0
330
17
100
AcDbEntity
  8
TEXT
 62
7
100
AcDbText
 10
18672.06214689266
 20
4068.3750000000123
 30
0.0
 40
72.5
  1
+200
  7
GOST
 11
18672.06214689266
 21
4068.3750000000123
 31
0.0
100
AcDbText
  0
LWPOLYLINE
  5
6A1
330
17
100
AcDbEntity
  8
TEXT
 62
7
370
15
100
AcDbPolyline
 90
2
 70
0
 10
20493.644067796613
 20
4296.000000000013
 10
20493.644067796613
 20
4018.375000000013
  0
TEXT
  5
6A2
330
17
100
AcDbEntity
  8
TEXT
 62
7
100
AcDbText
 10
20533.644067796613
 20
4173.500000000013
 30
0.0
 40
72.5
  1
да
  7
GOST
 11
20533.644067796613
 21
4173.500000000013
 31
0.0
100
AcDbText
  0
LWPOLYLINE
  5
6A3
330
17
100
AcDbEntity
  8
TEXT
 62
7
370
15
100
AcDbPolyline
 90
2
 70
0
 10
20912.500000000004
 20
4296.000000000013
 10
20912.500000000004
 20
4018.375000000013
  0
LWPOLYLINE
  5
6A4
330
17
100
AcDbEntity
  8
TEXT
 62
7
370
15
100
AcDbPolyline
 90
4
 70
1
 10
12675.0
 20
3740.750000000013
 10
20912.5
 20
3740.750000000013
 10
20912.5
 20
4018.375000000013
 10
12675.0
 20
4018.375000000013
  0
LWPOLYLINE
  5
6A5
330
17
100
AcDbEntity
  8
TEXT
 62
7
370
15
100
AcDbPolyline
 90
2
 70
0
 10
12675.0
 20
4018.375000000013
 10
12675.0
 20
3740.750000000013
  0
TEXT
  5
6A6
330
17
100
AcDbEntity
  8
TEXT
 62
7
100
AcDbText
 10
12715.0
 20
3895.875000000013
 30
0.0
 40
72.5
  1
F74
  7
GOST
 11
12715.0
 21
3895.875000000013
 31
0.0
100
AcDbText
  0
LWPOLYLINE
  5
6A7
330
17
100
AcDbEntity
  8
TEXT
 62
7
370
15
100
AcDbPolyline
 90
2
 70
0
 10
13140.395480225987
 20
4018.375000000013
 10
13140.395480225987
 20
3740.750000000013
  0
TEXT
  5
6A8
330
17
100
AcDbEntity
  8
TEXT
 62
7
100
AcDbText
 10
13180.395480225989
 20
3895.875000000013
 30
0.0
 40
72.5
  1
R5
  7
GOST
 11
13180.395480225989
 21
3895.875000000013
 31
0.0
100
AcDbText
  0
LWPOLYLINE
  5
6A9
330
17
100
AcDbEntity
  8
TEXT
 62
7
370
15
100
AcDbPolyline
 90
2
 70
0
 10
13512.71186440678
 20
4018.375000000013
 10
13512.71186440678
 20
3740.750000000013
  0
TEXT
  5
6AA
330
17
100
AcDbEntity
  8
TEXT
 62
7
100
AcDbText
 10
13552.71186440678
 20
3895.875000000013
 30
0.0
 40
72.5
  1
Тумба-корзина для белья 440×350 h 700 (подвесная)
  7
GOST
 11
13552.71186440678
 21
3895.875000000013
 31
0.0
100
AcDbText
  0
LWPOLYLINE
  5
6AB
330
17
100
AcDbEntity
  8
TEXT
 62
7
370
15
100
AcDbPolyline
 90
2
 70
0
 10
17608.192090395478
 20
4018.375000000013
 10
17608.192090395478
 20
3740.750000000013
  0
TEXT
  5
6AC
330
17
100
AcDbEntity
  8
TEXT
 62
7
100
AcDbText
 10
17648.19209039548
 20
3895.875000000013
 30
0.0
 40
72.5
  1
441×350×700
  7
GOST
 11
17648.19209039548
 21
3895.875000000013
 31
0.0
100
AcDbText
  0
LWPOLYLINE
  5
6AD
330
17
100
AcDbEntity
  8
TEXT
 62
7
370
15
100
AcDbPolyline
 90
2
 70
0
 10
18632.062146892655
 20
4018.375000000013
 10
18632.062146892655
 20
3740.750000000013
  0
TEXT
  5
6AE
330
17
100
AcDbEntity
  8
TEXT
 62
7
100
AcDbText
 10
18672.06214689266
 20
3895.875000000013
 30
0.0
 40
72.5
  1
x 5400..5841; y 3800..4150; низ
  7
GOST
 11
18672.06214689266
 21
3895.875000000013
 31
0.0
100
AcDbText
  0
TEXT
  5
6AF
330
17
100
AcDbEntity
  8
TEXT
 62
7
100
AcDbText
 10
18672.06214689266
 20
3790.7500000000127
 30
0.0
 40
72.5
  1
+150
  7
GOST
 11
18672.06214689266
 21
3790.7500000000127
 31
0.0
100
AcDbText
  0
LWPOLYLINE
  5
6B0
330
17
100
AcDbEntity
  8
TEXT
 62
7
370
15
100
AcDbPolyline
 90
2
 70
0
 10
20493.644067796613
 20
4018.375000000013
 10
20493.644067796613
 20
3740.750000000013
  0
TEXT
  5
6B1
330
17
100
AcDbEntity
  8
TEXT
 62
7
100
AcDbText
 10
20533.644067796613
 20
3895.875000000013
 30
0.0
 40
72.5
  1
да
  7
GOST
 11
20533.644067796613
 21
3895.875000000013
 31
0.0
100
AcDbText
  0
LWPOLYLINE
  5
6B2
330
17
100
AcDbEntity
  8
TEXT
 62
7
370
15
100
AcDbPolyline
 90
2
 70
0
 10
20912.500000000004
 20
4018.375000000013
 10
20912.500000000004
 20
3740.750000000013
  0
LWPOLYLINE
  5
6B3
330
17
100
AcDbEntity
  8
TEXT
 62
7
370
15
100
AcDbPolyline
 90
4
 70
1
 10
12675.0
 20
3463.1250000000136
 10
20912.5
 20
3463.1250000000136
 10
20912.5
 20
3740.750000000013
 10
12675.0
 20
3740.750000000013
  0
LWPOLYLINE
  5
6B4
330
17
100
AcDbEntity
  8
TEXT
 62
7
370
15
100
AcDbPolyline
 90
2
 70
0
 10
12675.0
 20
3740.750000000013
 10
12675.0
 20
3463.1250000000136
  0
TEXT
  5
6B5
330
17
100
AcDbEntity
  8
TEXT
 62
7
100
AcDbText
 10
12715.0
 20
3618.250000000013
 30
0.0
 40
72.5
  1
F75
  7
GOST
 11
12715.0
 21
3618.250000000013
 31
0.0
100
AcDbText
  0
LWPOLYLINE
  5
6B6
330
17
100
AcDbEntity
  8
TEXT
 62
7
370
15
100
AcDbPolyline
 90
2
 70
0
 10
13140.395480225987
 20
3740.750000000013
 10
13140.395480225987
 20
3463.1250000000136
  0
TEXT
  5
6B7
330
17
100
AcDbEntity
  8
TEXT
 62
7
100
AcDbText
 10
13180.395480225989
 20
3618.250000000013
 30
0.0
 40
72.5
  1
R5
  7
GOST
 11
13180.395480225989
 21
3618.250000000013
 31
0.0
100
AcDbText
  0
LWPOLYLINE
  5
6B8
330
17
100
AcDbEntity
  8
TEXT
 62
7
370
15
100
AcDbPolyline
 90
2
 70
0
 10
13512.71186440678
 20
3740.750000000013
 10
13512.71186440678
 20
3463.1250000000136
  0
TEXT
  5
6B9
330
17
100
AcDbEntity
  8
TEXT
 62
7
100
AcDbText
 10
13552.71186440678
 20
3618.250000000013
 30
0.0
 40
72.5
  1
Полотенцесушитель электрический 400×800 над корзиной (класс II, IP44)
  7
GOST
 11
13552.71186440678
 21
3618.250000000013
 31
0.0
100
AcDbText
  0
LWPOLYLINE
  5
6BA
330
17
100
AcDbEntity
  8
TEXT
 62
7
370
15
100
AcDbPolyline
 90
2
 70
0
 10
17608.192090395478
 20
3740.750000000013
 10
17608.192090395478
 20
3463.1250000000136
  0
TEXT
  5
6BB
330
17
100
AcDbEntity
  8
TEXT
 62
7
100
AcDbText
 10
17648.19209039548
 20
3618.250000000013
 30
0.0
 40
72.5
  1
400×100×800
  7
GOST
 11
17648.19209039548
 21
3618.250000000013
 31
0.0
100
AcDbText
  0
LWPOLYLINE
  5
6BC
330
17
100
AcDbEntity
  8
TEXT
 62
7
370
15
100
AcDbPolyline
 90
2
 70
0
 10
18632.062146892655
 20
3740.750000000013
 10
18632.062146892655
 20
3463.1250000000136
  0
TEXT
  5
6BD
330
17
100
AcDbEntity
  8
TEXT
 62
7
100
AcDbText
 10
18672.06214689266
 20
3618.250000000013
 30
0.0
 40
72.5
  1
x 5420..5820; y 3800..3900; низ
  7
GOST
 11
18672.06214689266
 21
3618.250000000013
 31
0.0
100
AcDbText
  0
TEXT
  5
6BE
330
17
100
AcDbEntity
  8
TEXT
 62
7
100
AcDbText
 10
18672.06214689266
 20
3513.1250000000127
 30
0.0
 40
72.5
  1
+950
  7
GOST
 11
18672.06214689266
 21
3513.1250000000127
 31
0.0
100
AcDbText
  0
LWPOLYLINE
  5
6BF
330
17
100
AcDbEntity
  8
TEXT
 62
7
370
15
100
AcDbPolyline
 90
2
 70
0
 10
20493.644067796613
 20
3740.750000000013
 10
20493.644067796613
 20
3463.1250000000136
  0
LWPOLYLINE
  5
6C0
330
17
100
AcDbEntity
  8
TEXT
 62
7
370
15
100
AcDbPolyline
 90
2
 70
0
 10
20912.500000000004
 20
3740.750000000013
 10
20912.500000000004
 20
3463.1250000000136
  0
LWPOLYLINE
  5
6C1
330
17
100
AcDbEntity
  8
TEXT
 62
7
370
15
100
AcDbPolyline
 90
4
 70
1
 10
12675.0
 20
3185.5000000000136
 10
20912.5
 20
3185.5000000000136
 10
20912.5
 20
3463.1250000000136
 10
12675.0
 20
3463.1250000000136
  0
LWPOLYLINE
  5
6C2
330
17
100
AcDbEntity
  8
TEXT
 62
7
370
15
100
AcDbPolyline
 90
2
 70
0
 10
12675.0
 20
3463.1250000000136
 10
12675.0
 20
3185.5000000000136
  0
TEXT
  5
6C3
330
17
100
AcDbEntity
  8
TEXT
 62
7
100
AcDbText
 10
12715.0
 20
3340.6250000000136
 30
0.0
 40
72.5
  1
F76
  7
GOST
 11
12715.0
 21
3340.6250000000136
 31
0.0
100
AcDbText
  0
LWPOLYLINE
  5
6C4
330
17
100
AcDbEntity
  8
TEXT
 62
7
370
15
100
AcDbPolyline
 90
2
 70
0
 10
13140.395480225987
 20
3463.1250000000136
 10
13140.395480225987
 20
3185.5000000000136
  0
TEXT
  5
6C5
330
17
100
AcDbEntity
  8
TEXT
 62
7
100
AcDbText
 10
13180.395480225989
 20
3340.6250000000136
 30
0.0
 40
72.5
  1
R5
  7
GOST
 11
13180.395480225989
 21
3340.6250000000136
 31
0.0
100
AcDbText
  0
LWPOLYLINE
  5
6C6
330
17
100
AcDbEntity
  8
TEXT
 62
7
370
15
100
AcDbPolyline
 90
2
 70
0
 10
13512.71186440678
 20
3463.1250000000136
 10
13512.71186440678
 20
3185.5000000000136
  0
TEXT
  5
6C7
330
17
100
AcDbEntity
  8
TEXT
 62
7
100
AcDbText
 10
13552.71186440678
 20
3340.6250000000136
 30
0.0
 40
72.5
  1
Датчики протечки ванной ×3: под ванной у сифона справа (ревизия H6),
  7
GOST
 11
13552.71186440678
 21
3340.6250000000136
 31
0.0
100
AcDbText
  0
TEXT
  5
6C8
330
17
100
AcDbEntity
  8
TEXT
 62
7
100
AcDbText
 10
13552.71186440678
 20
3235.500000000013
 30
0.0
 40
72.5
  1
под тумбой у U14, у короба U10 / трапа
  7
GOST
 11
13552.71186440678
 21
3235.500000000013
 31
0.0
100
AcDbText
  0
LWPOLYLINE
  5
6C9
330
17
100
AcDbEntity
  8
TEXT
 62
7
370
15
100
AcDbPolyline
 90
2
 70
0
 10
17608.192090395478
 20
3463.1250000000136
 10
17608.192090395478
 20
3185.5000000000136
  0
TEXT
  5
6CA
330
17
100
AcDbEntity
  8
TEXT
 62
7
100
AcDbText
 10
17648.19209039548
 20
3340.6250000000136
 30
0.0
 40
72.5
  1
100×100×20
  7
GOST
 11
17648.19209039548
 21
3340.6250000000136
 31
0.0
100
AcDbText
  0
LWPOLYLINE
  5
6CB
330
17
100
AcDbEntity
  8
TEXT
 62
7
370
15
100
AcDbPolyline
 90
2
 70
0
 10
18632.062146892655
 20
3463.1250000000136
 10
18632.062146892655
 20
3185.5000000000136
  0
TEXT
  5
6CC
330
17
100
AcDbEntity
  8
TEXT
 62
7
100
AcDbText
 10
18672.06214689266
 20
3340.6250000000136
 30
0.0
 40
72.5
  1
x 7300..7400; y 4200..4300
  7
GOST
 11
18672.06214689266
 21
3340.6250000000136
 31
0.0
100
AcDbText
  0
LWPOLYLINE
  5
6CD
330
17
100
AcDbEntity
  8
TEXT
 62
7
370
15
100
AcDbPolyline
 90
2
 70
0
 10
20493.644067796613
 20
3463.1250000000136
 10
20493.644067796613
 20
3185.5000000000136
  0
LWPOLYLINE
  5
6CE
330
17
100
AcDbEntity
  8
TEXT
 62
7
370
15
100
AcDbPolyline
 90
2
 70
0
 10
20912.500000000004
 20
3463.1250000000136
 10
20912.500000000004
 20
3185.5000000000136
  0
LWPOLYLINE
  5
6CF
330
17
100
AcDbEntity
  8
TEXT
 62
7
370
35
100
AcDbPolyline
 90
4
 70
1
 10
12675.0
 20
3185.5000000000136
 10
20912.5
 20
3185.5000000000136
 10
20912.5
 20
20465.0
 10
12675.0
 20
20465.0
  0
TEXT
  5
6D0
330
17
100
AcDbEntity
  8
TEXT
 62
7
100
AcDbText
 10
21112.5
 20
20545.0
 30
0.0
 40
125.0
  1
Экспликация мебели и оборудования (furniture.json) (продолжение)
  7
GOST
 11
21112.5
 21
20545.0
 31
0.0
100
AcDbText
  0
HATCH
  5
6D1
330
17
100
AcDbEntity
  8
TEXT
 62
7
420
15132390
100
AcDbHatch
 10
0.0
 20
0.0
 30
0.0
210
0.0
220
0.0
230
1.0
  2
SOLID
 70
1
 71
0
 91
1
 92
3
 72
0
 73
1
 93
4
 10
21112.5
 20
20252.5
 10
29350.0
 20
20252.5
 10
29350.0
 20
20465.0
 10
21112.5
 20
20465.0
 97
0
 75
1
 76
1
 98
0
  0
LWPOLYLINE
  5
6D2
330
17
100
AcDbEntity
  8
TEXT
 62
7
370
25
100
AcDbPolyline
 90
4
 70
1
 10
21112.5
 20
20252.5
 10
29350.0
 20
20252.5
 10
29350.0
 20
20465.0
 10
21112.5
 20
20465.0
  0
LWPOLYLINE
  5
6D3
330
17
100
AcDbEntity
  8
TEXT
 62
7
370
15
100
AcDbPolyline
 90
2
 70
0
 10
21112.5
 20
20465.0
 10
21112.5
 20
20252.5
  0
TEXT
  5
6D4
330
17
100
AcDbEntity
  8
TEXT
 62
7
100
AcDbText
 10
21152.5
 20
20342.5
 30
0.0
 40
72.5
  1
Марка
  7
GOST
 11
21152.5
 21
20342.5
 31
0.0
100
AcDbText
  0
LWPOLYLINE
  5
6D5
330
17
100
AcDbEntity
  8
TEXT
 62
7
370
15
100
AcDbPolyline
 90
2
 70
0
 10
21577.895480225987
 20
20465.0
 10
21577.895480225987
 20
20252.5
  0
TEXT
  5
6D6
330
17
100
AcDbEntity
  8
TEXT
 62
7
100
AcDbText
 10
21617.895480225987
 20
20342.5
 30
0.0
 40
72.5
  1
Пом.
  7
GOST
 11
21617.895480225987
 21
20342.5
 31
0.0
100
AcDbText
  0
LWPOLYLINE
  5
6D7
330
17
100
AcDbEntity
  8
TEXT
 62
7
370
15
100
AcDbPolyline
 90
2
 70
0
 10
21950.211864406778
 20
20465.0
 10
21950.211864406778
 20
20252.5
  0
TEXT
  5
6D8
330
17
100
AcDbEntity
  8
TEXT
 62
7
100
AcDbText
 10
21990.21186440678
 20
20342.5
 30
0.0
 40
72.5
  1
Наименование
  7
GOST
 11
21990.21186440678
 21
20342.5
 31
0.0
100
AcDbText
  0
LWPOLYLINE
  5
6D9
330
17
100
AcDbEntity
  8
TEXT
 62
7
370
15
100
AcDbPolyline
 90
2
 70
0
 10
26045.69209039548
 20
20465.0
 10
26045.69209039548
 20
20252.5
  0
TEXT
  5
6DA
330
17
100
AcDbEntity
  8
TEXT
 62
7
100
AcDbText
 10
26085.69209039548
 20
20342.5
 30
0.0
 40
72.5
  1
Ш×Г×В
  7
GOST
 11
26085.69209039548
 21
20342.5
 31
0.0
100
AcDbText
  0
LWPOLYLINE
  5
6DB
330
17
100
AcDbEntity
  8
TEXT
 62
7
370
15
100
AcDbPolyline
 90
2
 70
0
 10
27069.562146892655
 20
20465.0
 10
27069.562146892655
 20
20252.5
  0
TEXT
  5
6DC
330
17
100
AcDbEntity
  8
TEXT
 62
7
100
AcDbText
 10
27109.562146892655
 20
20342.5
 30
0.0
 40
72.5
  1
Положение (от 0,0), мм
  7
GOST
 11
27109.562146892655
 21
20342.5
 31
0.0
100
AcDbText
  0
LWPOLYLINE
  5
6DD
330
17
100
AcDbEntity
  8
TEXT
 62
7
370
15
100
AcDbPolyline
 90
2
 70
0
 10
28931.144067796613
 20
20465.0
 10
28931.144067796613
 20
20252.5
  0
TEXT
  5
6DE
330
17
100
AcDbEntity
  8
TEXT
 62
7
100
AcDbText
 10
28971.14406779661
 20
20342.5
 30
0.0
 40
72.5
  1
Изг.
  7
GOST
 11
28971.14406779661
 21
20342.5
 31
0.0
100
AcDbText
  0
LWPOLYLINE
  5
6DF
330
17
100
AcDbEntity
  8
TEXT
 62
7
370
15
100
AcDbPolyline
 90
2
 70
0
 10
29350.0
 20
20465.0
 10
29350.0
 20
20252.5
  0
LWPOLYLINE
  5
6E0
330
17
100
AcDbEntity
  8
TEXT
 62
7
370
15
100
AcDbPolyline
 90
4
 70
1
 10
21112.5
 20
19974.875
 10
29350.0
 20
19974.875
 10
29350.0
 20
20252.5
 10
21112.5
 20
20252.5
  0
LWPOLYLINE
  5
6E1
330
17
100
AcDbEntity
  8
TEXT
 62
7
370
15
100
AcDbPolyline
 90
2
 70
0
 10
21112.5
 20
20252.5
 10
21112.5
 20
19974.875
  0
TEXT
  5
6E2
330
17
100
AcDbEntity
  8
TEXT
 62
7
100
AcDbText
 10
21152.5
 20
20130.0
 30
0.0
 40
72.5
  1
F77
  7
GOST
 11
21152.5
 21
20130.0
 31
0.0
100
AcDbText
  0
LWPOLYLINE
  5
6E3
330
17
100
AcDbEntity
  8
TEXT
 62
7
370
15
100
AcDbPolyline
 90
2
 70
0
 10
21577.895480225987
 20
20252.5
 10
21577.895480225987
 20
19974.875
  0
TEXT
  5
6E4
330
17
100
AcDbEntity
  8
TEXT
 62
7
100
AcDbText
 10
21617.895480225987
 20
20130.0
 30
0.0
 40
72.5
  1
R5
  7
GOST
 11
21617.895480225987
 21
20130.0
 31
0.0
100
AcDbText
  0
LWPOLYLINE
  5
6E5
330
17
100
AcDbEntity
  8
TEXT
 62
7
370
15
100
AcDbPolyline
 90
2
 70
0
 10
21950.211864406778
 20
20252.5
 10
21950.211864406778
 20
19974.875
  0
TEXT
  5
6E6
330
17
100
AcDbEntity
  8
TEXT
 62
7
100
AcDbText
 10
21990.21186440678
 20
20130.0
 30
0.0
 40
72.5
  1
Электрокраны ХВС/ГВС узла N1 в коробе U10 (зона люка H1 +500..+1100)
  7
GOST
 11
21990.21186440678
 21
20130.0
 31
0.0
100
AcDbText
  0
LWPOLYLINE
  5
6E7
330
17
100
AcDbEntity
  8
TEXT
 62
7
370
15
100
AcDbPolyline
 90
2
 70
0
 10
26045.69209039548
 20
20252.5
 10
26045.69209039548
 20
19974.875
  0
TEXT
  5
6E8
330
17
100
AcDbEntity
  8
TEXT
 62
7
100
AcDbText
 10
26085.69209039548
 20
20130.0
 30
0.0
 40
72.5
  1
300×80×100
  7
GOST
 11
26085.69209039548
 21
20130.0
 31
0.0
100
AcDbText
  0
LWPOLYLINE
  5
6E9
330
17
100
AcDbEntity
  8
TEXT
 62
7
370
15
100
AcDbPolyline
 90
2
 70
0
 10
27069.562146892655
 20
20252.5
 10
27069.562146892655
 20
19974.875
  0
TEXT
  5
6EA
330
17
100
AcDbEntity
  8
TEXT
 62
7
100
AcDbText
 10
27109.562146892655
 20
20130.0
 30
0.0
 40
72.5
  1
x 6900..7200; y 5520..5600; низ
  7
GOST
 11
27109.562146892655
 21
20130.0
 31
0.0
100
AcDbText
  0
TEXT
  5
6EB
330
17
100
AcDbEntity
  8
TEXT
 62
7
100
AcDbText
 10
27109.562146892655
 20
20024.875
 30
0.0
 40
72.5
  1
+650
  7
GOST
 11
27109.562146892655
 21
20024.875
 31
0.0
100
AcDbText
  0
LWPOLYLINE
  5
6EC
330
17
100
AcDbEntity
  8
TEXT
 62
7
370
15
100
AcDbPolyline
 90
2
 70
0
 10
28931.144067796613
 20
20252.5
 10
28931.144067796613
 20
19974.875
  0
LWPOLYLINE
  5
6ED
330
17
100
AcDbEntity
  8
TEXT
 62
7
370
15
100
AcDbPolyline
 90
2
 70
0
 10
29350.0
 20
20252.5
 10
29350.0
 20
19974.875
  0
LWPOLYLINE
  5
6EE
330
17
100
AcDbEntity
  8
TEXT
 62
7
370
15
100
AcDbPolyline
 90
4
 70
1
 10
21112.5
 20
19802.375
 10
29350.0
 20
19802.375
 10
29350.0
 20
19974.875
 10
21112.5
 20
19974.875
  0
LWPOLYLINE
  5
6EF
330
17
100
AcDbEntity
  8
TEXT
 62
7
370
15
100
AcDbPolyline
 90
2
 70
0
 10
21112.5
 20
19974.875
 10
21112.5
 20
19802.375
  0
TEXT
  5
6F0
330
17
100
AcDbEntity
  8
TEXT
 62
7
100
AcDbText
 10
21152.5
 20
19852.375
 30
0.0
 40
72.5
  1
F78
  7
GOST
 11
21152.5
 21
19852.375
 31
0.0
100
AcDbText
  0
LWPOLYLINE
  5
6F1
330
17
100
AcDbEntity
  8
TEXT
 62
7
370
15
100
AcDbPolyline
 90
2
 70
0
 10
21577.895480225987
 20
19974.875
 10
21577.895480225987
 20
19802.375
  0
TEXT
  5
6F2
330
17
100
AcDbEntity
  8
TEXT
 62
7
100
AcDbText
 10
21617.895480225987
 20
19852.375
 30
0.0
 40
72.5
  1
R6
  7
GOST
 11
21617.895480225987
 21
19852.375
 31
0.0
100
AcDbText
  0
LWPOLYLINE
  5
6F3
330
17
100
AcDbEntity
  8
TEXT
 62
7
370
15
100
AcDbPolyline
 90
2
 70
0
 10
21950.211864406778
 20
19974.875
 10
21950.211864406778
 20
19802.375
  0
TEXT
  5
6F4
330
17
100
AcDbEntity
  8
TEXT
 62
7
100
AcDbText
 10
21990.21186440678
 20
19852.375
 30
0.0
 40
72.5
  1
Тумба хозмойки 450 (влагостойкая ЛДСП) + мойка накладная 450
  7
GOST
 11
21990.21186440678
 21
19852.375
 31
0.0
100
AcDbText
  0
LWPOLYLINE
  5
6F5
330
17
100
AcDbEntity
  8
TEXT
 62
7
370
15
100
AcDbPolyline
 90
2
 70
0
 10
26045.69209039548
 20
19974.875
 10
26045.69209039548
 20
19802.375
  0
TEXT
  5
6F6
330
17
100
AcDbEntity
  8
TEXT
 62
7
100
AcDbText
 10
26085.69209039548
 20
19852.375
 30
0.0
 40
72.5
  1
450×580×880
  7
GOST
 11
26085.69209039548
 21
19852.375
 31
0.0
100
AcDbText
  0
LWPOLYLINE
  5
6F7
330
17
100
AcDbEntity
  8
TEXT
 62
7
370
15
100
AcDbPolyline
 90
2
 70
0
 10
27069.562146892655
 20
19974.875
 10
27069.562146892655
 20
19802.375
  0
TEXT
  5
6F8
330
17
100
AcDbEntity
  8
TEXT
 62
7
100
AcDbText
 10
27109.562146892655
 20
19852.375
 30
0.0
 40
72.5
  1
x 4490..4940; y 0..580
  7
GOST
 11
27109.562146892655
 21
19852.375
 31
0.0
100
AcDbText
  0
LWPOLYLINE
  5
6F9
330
17
100
AcDbEntity
  8
TEXT
 62
7
370
15
100
AcDbPolyline
 90
2
 70
0
 10
28931.144067796613
 20
19974.875
 10
28931.144067796613
 20
19802.375
  0
TEXT
  5
6FA
330
17
100
AcDbEntity
  8
TEXT
 62
7
100
AcDbText
 10
28971.14406779661
 20
19852.375
 30
0.0
 40
72.5
  1
да
  7
GOST
 11
28971.14406779661
 21
19852.375
 31
0.0
100
AcDbText
  0
LWPOLYLINE
  5
6FB
330
17
100
AcDbEntity
  8
TEXT
 62
7
370
15
100
AcDbPolyline
 90
2
 70
0
 10
29350.0
 20
19974.875
 10
29350.0
 20
19802.375
  0
LWPOLYLINE
  5
6FC
330
17
100
AcDbEntity
  8
TEXT
 62
7
370
15
100
AcDbPolyline
 90
4
 70
1
 10
21112.5
 20
19629.875
 10
29350.0
 20
19629.875
 10
29350.0
 20
19802.375
 10
21112.5
 20
19802.375
  0
LWPOLYLINE
  5
6FD
330
17
100
AcDbEntity
  8
TEXT
 62
7
370
15
100
AcDbPolyline
 90
2
 70
0
 10
21112.5
 20
19802.375
 10
21112.5
 20
19629.875
  0
TEXT
  5
6FE
330
17
100
AcDbEntity
  8
TEXT
 62
7
100
AcDbText
 10
21152.5
 20
19679.875
 30
0.0
 40
72.5
  1
F79
  7
GOST
 11
21152.5
 21
19679.875
 31
0.0
100
AcDbText
  0
LWPOLYLINE
  5
6FF
330
17
100
AcDbEntity
  8
TEXT
 62
7
370
15
100
AcDbPolyline
 90
2
 70
0
 10
21577.895480225987
 20
19802.375
 10
21577.895480225987
 20
19629.875
  0
TEXT
  5
700
330
17
100
AcDbEntity
  8
TEXT
 62
7
100
AcDbText
 10
21617.895480225987
 20
19679.875
 30
0.0
 40
72.5
  1
R6
  7
GOST
 11
21617.895480225987
 21
19679.875
 31
0.0
100
AcDbText
  0
LWPOLYLINE
  5
701
330
17
100
AcDbEntity
  8
TEXT
 62
7
370
15
100
AcDbPolyline
 90
2
 70
0
 10
21950.211864406778
 20
19802.375
 10
21950.211864406778
 20
19629.875
  0
TEXT
  5
702
330
17
100
AcDbEntity
  8
TEXT
 62
7
100
AcDbText
 10
21990.21186440678
 20
19679.875
 30
0.0
 40
72.5
  1
Карго 300 (бытовая химия)
  7
GOST
 11
21990.21186440678
 21
19679.875
 31
0.0
100
AcDbText
  0
LWPOLYLINE
  5
703
330
17
100
AcDbEntity
  8
TEXT
 62
7
370
15
100
AcDbPolyline
 90
2
 70
0
 10
26045.69209039548
 20
19802.375
 10
26045.69209039548
 20
19629.875
  0
TEXT
  5
704
330
17
100
AcDbEntity
  8
TEXT
 62
7
100
AcDbText
 10
26085.69209039548
 20
19679.875
 30
0.0
 40
72.5
  1
300×580×880
  7
GOST
 11
26085.69209039548
 21
19679.875
 31
0.0
100
AcDbText
  0
LWPOLYLINE
  5
705
330
17
100
AcDbEntity
  8
TEXT
 62
7
370
15
100
AcDbPolyline
 90
2
 70
0
 10
27069.562146892655
 20
19802.375
 10
27069.562146892655
 20
19629.875
  0
TEXT
  5
706
330
17
100
AcDbEntity
  8
TEXT
 62
7
100
AcDbText
 10
27109.562146892655
 20
19679.875
 30
0.0
 40
72.5
  1
x 4940..5240; y 0..580
  7
GOST
 11
27109.562146892655
 21
19679.875
 31
0.0
100
AcDbText
  0
LWPOLYLINE
  5
707
330
17
100
AcDbEntity
  8
TEXT
 62
7
370
15
100
AcDbPolyline
 90
2
 70
0
 10
28931.144067796613
 20
19802.375
 10
28931.144067796613
 20
19629.875
  0
TEXT
  5
708
330
17
100
AcDbEntity
  8
TEXT
 62
7
100
AcDbText
 10
28971.14406779661
 20
19679.875
 30
0.0
 40
72.5
  1
да
  7
GOST
 11
28971.14406779661
 21
19679.875
 31
0.0
100
AcDbText
  0
LWPOLYLINE
  5
709
330
17
100
AcDbEntity
  8
TEXT
 62
7
370
15
100
AcDbPolyline
 90
2
 70
0
 10
29350.0
 20
19802.375
 10
29350.0
 20
19629.875
  0
LWPOLYLINE
  5
70A
330
17
100
AcDbEntity
  8
TEXT
 62
7
370
15
100
AcDbPolyline
 90
4
 70
1
 10
21112.5
 20
19352.25
 10
29350.0
 20
19352.25
 10
29350.0
 20
19629.875
 10
21112.5
 20
19629.875
  0
LWPOLYLINE
  5
70B
330
17
100
AcDbEntity
  8
TEXT
 62
7
370
15
100
AcDbPolyline
 90
2
 70
0
 10
21112.5
 20
19629.875
 10
21112.5
 20
19352.25
  0
TEXT
  5
70C
330
17
100
AcDbEntity
  8
TEXT
 62
7
100
AcDbText
 10
21152.5
 20
19507.375
 30
0.0
 40
72.5
  1
F80
  7
GOST
 11
21152.5
 21
19507.375
 31
0.0
100
AcDbText
  0
LWPOLYLINE
  5
70D
330
17
100
AcDbEntity
  8
TEXT
 62
7
370
15
100
AcDbPolyline
 90
2
 70
0
 10
21577.895480225987
 20
19629.875
 10
21577.895480225987
 20
19352.25
  0
TEXT
  5
70E
330
17
100
AcDbEntity
  8
TEXT
 62
7
100
AcDbText
 10
21617.895480225987
 20
19507.375
 30
0.0
 40
72.5
  1
R6
  7
GOST
 11
21617.895480225987
 21
19507.375
 31
0.0
100
AcDbText
  0
LWPOLYLINE
  5
70F
330
17
100
AcDbEntity
  8
TEXT
 62
7
370
15
100
AcDbPolyline
 90
2
 70
0
 10
21950.211864406778
 20
19629.875
 10
21950.211864406778
 20
19352.25
  0
TEXT
  5
710
330
17
100
AcDbEntity
  8
TEXT
 62
7
100
AcDbText
 10
21990.21186440678
 20
19507.375
 30
0.0
 40
72.5
  1
Колонна СМА (низ) + сушильная машина с тепловым насосом (верх),
  7
GOST
 11
21990.21186440678
 21
19507.375
 31
0.0
100
AcDbText
  0
TEXT
  5
711
330
17
100
AcDbEntity
  8
TEXT
 62
7
100
AcDbText
 10
21990.21186440678
 20
19402.25
 30
0.0
 40
72.5
  1
монтажный комплект; ниша 650×650
  7
GOST
 11
21990.21186440678
 21
19402.25
 31
0.0
100
AcDbText
  0
LWPOLYLINE
  5
712
330
17
100
AcDbEntity
  8
TEXT
 62
7
370
15
100
AcDbPolyline
 90
2
 70
0
 10
26045.69209039548
 20
19629.875
 10
26045.69209039548
 20
19352.25
  0
TEXT
  5
713
330
17
100
AcDbEntity
  8
TEXT
 62
7
100
AcDbText
 10
26085.69209039548
 20
19507.375
 30
0.0
 40
72.5
  1
650×650×1750
  7
GOST
 11
26085.69209039548
 21
19507.375
 31
0.0
100
AcDbText
  0
LWPOLYLINE
  5
714
330
17
100
AcDbEntity
  8
TEXT
 62
7
370
15
100
AcDbPolyline
 90
2
 70
0
 10
27069.562146892655
 20
19629.875
 10
27069.562146892655
 20
19352.25
  0
TEXT
  5
715
330
17
100
AcDbEntity
  8
TEXT
 62
7
100
AcDbText
 10
27109.562146892655
 20
19507.375
 30
0.0
 40
72.5
  1
x 5260..5910; y 0..650
  7
GOST
 11
27109.562146892655
 21
19507.375
 31
0.0
100
AcDbText
  0
LWPOLYLINE
  5
716
330
17
100
AcDbEntity
  8
TEXT
 62
7
370
15
100
AcDbPolyline
 90
2
 70
0
 10
28931.144067796613
 20
19629.875
 10
28931.144067796613
 20
19352.25
  0
LWPOLYLINE
  5
717
330
17
100
AcDbEntity
  8
TEXT
 62
7
370
15
100
AcDbPolyline
 90
2
 70
0
 10
29350.0
 20
19629.875
 10
29350.0
 20
19352.25
  0
LWPOLYLINE
  5
718
330
17
100
AcDbEntity
  8
TEXT
 62
7
370
15
100
AcDbPolyline
 90
4
 70
1
 10
21112.5
 20
19179.75
 10
29350.0
 20
19179.75
 10
29350.0
 20
19352.25
 10
21112.5
 20
19352.25
  0
LWPOLYLINE
  5
719
330
17
100
AcDbEntity
  8
TEXT
 62
7
370
15
100
AcDbPolyline
 90
2
 70
0
 10
21112.5
 20
19352.25
 10
21112.5
 20
19179.75
  0
TEXT
  5
71A
330
17
100
AcDbEntity
  8
TEXT
 62
7
100
AcDbText
 10
21152.5
 20
19229.75
 30
0.0
 40
72.5
  1
F81
  7
GOST
 11
21152.5
 21
19229.75
 31
0.0
100
AcDbText
  0
LWPOLYLINE
  5
71B
330
17
100
AcDbEntity
  8
TEXT
 62
7
370
15
100
AcDbPolyline
 90
2
 70
0
 10
21577.895480225987
 20
19352.25
 10
21577.895480225987
 20
19179.75
  0
TEXT
  5
71C
330
17
100
AcDbEntity
  8
TEXT
 62
7
100
AcDbText
 10
21617.895480225987
 20
19229.75
 30
0.0
 40
72.5
  1
R6
  7
GOST
 11
21617.895480225987
 21
19229.75
 31
0.0
100
AcDbText
  0
LWPOLYLINE
  5
71D
330
17
100
AcDbEntity
  8
TEXT
 62
7
370
15
100
AcDbPolyline
 90
2
 70
0
 10
21950.211864406778
 20
19352.25
 10
21950.211864406778
 20
19179.75
  0
TEXT
  5
71E
330
17
100
AcDbEntity
  8
TEXT
 62
7
100
AcDbText
 10
21990.21186440678
 20
19229.75
 30
0.0
 40
72.5
  1
Датчики протечки ×3: под колонной, под хозмойкой, у коллектора U11
  7
GOST
 11
21990.21186440678
 21
19229.75
 31
0.0
100
AcDbText
  0
LWPOLYLINE
  5
71F
330
17
100
AcDbEntity
  8
TEXT
 62
7
370
15
100
AcDbPolyline
 90
2
 70
0
 10
26045.69209039548
 20
19352.25
 10
26045.69209039548
 20
19179.75
  0
TEXT
  5
720
330
17
100
AcDbEntity
  8
TEXT
 62
7
100
AcDbText
 10
26085.69209039548
 20
19229.75
 30
0.0
 40
72.5
  1
100×100×20
  7
GOST
 11
26085.69209039548
 21
19229.75
 31
0.0
100
AcDbText
  0
LWPOLYLINE
  5
721
330
17
100
AcDbEntity
  8
TEXT
 62
7
370
15
100
AcDbPolyline
 90
2
 70
0
 10
27069.562146892655
 20
19352.25
 10
27069.562146892655
 20
19179.75
  0
TEXT
  5
722
330
17
100
AcDbEntity
  8
TEXT
 62
7
100
AcDbText
 10
27109.562146892655
 20
19229.75
 30
0.0
 40
72.5
  1
x 5500..5600; y 600..700
  7
GOST
 11
27109.562146892655
 21
19229.75
 31
0.0
100
AcDbText
  0
LWPOLYLINE
  5
723
330
17
100
AcDbEntity
  8
TEXT
 62
7
370
15
100
AcDbPolyline
 90
2
 70
0
 10
28931.144067796613
 20
19352.25
 10
28931.144067796613
 20
19179.75
  0
LWPOLYLINE
  5
724
330
17
100
AcDbEntity
  8
TEXT
 62
7
370
15
100
AcDbPolyline
 90
2
 70
0
 10
29350.0
 20
19352.25
 10
29350.0
 20
19179.75
  0
LWPOLYLINE
  5
725
330
17
100
AcDbEntity
  8
TEXT
 62
7
370
15
100
AcDbPolyline
 90
4
 70
1
 10
21112.5
 20
18902.125
 10
29350.0
 20
18902.125
 10
29350.0
 20
19179.75
 10
21112.5
 20
19179.75
  0
LWPOLYLINE
  5
726
330
17
100
AcDbEntity
  8
TEXT
 62
7
370
15
100
AcDbPolyline
 90
2
 70
0
 10
21112.5
 20
19179.75
 10
21112.5
 20
18902.125
  0
TEXT
  5
727
330
17
100
AcDbEntity
  8
TEXT
 62
7
100
AcDbText
 10
21152.5
 20
19057.250000000004
 30
0.0
 40
72.5
  1
F82
  7
GOST
 11
21152.5
 21
19057.250000000004
 31
0.0
100
AcDbText
  0
LWPOLYLINE
  5
728
330
17
100
AcDbEntity
  8
TEXT
 62
7
370
15
100
AcDbPolyline
 90
2
 70
0
 10
21577.895480225987
 20
19179.75
 10
21577.895480225987
 20
18902.125
  0
TEXT
  5
729
330
17
100
AcDbEntity
  8
TEXT
 62
7
100
AcDbText
 10
21617.895480225987
 20
19057.250000000004
 30
0.0
 40
72.5
  1
R6
  7
GOST
 11
21617.895480225987
 21
19057.250000000004
 31
0.0
100
AcDbText
  0
LWPOLYLINE
  5
72A
330
17
100
AcDbEntity
  8
TEXT
 62
7
370
15
100
AcDbPolyline
 90
2
 70
0
 10
21950.211864406778
 20
19179.75
 10
21950.211864406778
 20
18902.125
  0
TEXT
  5
72B
330
17
100
AcDbEntity
  8
TEXT
 62
7
100
AcDbText
 10
21990.21186440678
 20
19057.250000000004
 30
0.0
 40
72.5
  1
Электрокраны ХВС/ГВС узла N2 в коробе U5 (зона люка H3 +950..+1350)
  7
GOST
 11
21990.21186440678
 21
19057.250000000004
 31
0.0
100
AcDbText
  0
LWPOLYLINE
  5
72C
330
17
100
AcDbEntity
  8
TEXT
 62
7
370
15
100
AcDbPolyline
 90
2
 70
0
 10
26045.69209039548
 20
19179.75
 10
26045.69209039548
 20
18902.125
  0
TEXT
  5
72D
330
17
100
AcDbEntity
  8
TEXT
 62
7
100
AcDbText
 10
26085.69209039548
 20
19057.250000000004
 30
0.0
 40
72.5
  1
250×300×100
  7
GOST
 11
26085.69209039548
 21
19057.250000000004
 31
0.0
100
AcDbText
  0
LWPOLYLINE
  5
72E
330
17
100
AcDbEntity
  8
TEXT
 62
7
370
15
100
AcDbPolyline
 90
2
 70
0
 10
27069.562146892655
 20
19179.75
 10
27069.562146892655
 20
18902.125
  0
TEXT
  5
72F
330
17
100
AcDbEntity
  8
TEXT
 62
7
100
AcDbText
 10
27109.562146892655
 20
19057.250000000004
 30
0.0
 40
72.5
  1
x 4200..4450; y 360..660; низ
  7
GOST
 11
27109.562146892655
 21
19057.250000000004
 31
0.0
100
AcDbText
  0
TEXT
  5
730
330
17
100
AcDbEntity
  8
TEXT
 62
7
100
AcDbText
 10
27109.562146892655
 20
18952.125
 30
0.0
 40
72.5
  1
+1000
  7
GOST
 11
27109.562146892655
 21
18952.125
 31
0.0
100
AcDbText
  0
LWPOLYLINE
  5
731
330
17
100
AcDbEntity
  8
TEXT
 62
7
370
15
100
AcDbPolyline
 90
2
 70
0
 10
28931.144067796613
 20
19179.75
 10
28931.144067796613
 20
18902.125
  0
LWPOLYLINE
  5
732
330
17
100
AcDbEntity
  8
TEXT
 62
7
370
15
100
AcDbPolyline
 90
2
 70
0
 10
29350.0
 20
19179.75
 10
29350.0
 20
18902.125
  0
LWPOLYLINE
  5
733
330
17
100
AcDbEntity
  8
TEXT
 62
7
370
15
100
AcDbPolyline
 90
4
 70
1
 10
21112.5
 20
18729.625
 10
29350.0
 20
18729.625
 10
29350.0
 20
18902.125
 10
21112.5
 20
18902.125
  0
LWPOLYLINE
  5
734
330
17
100
AcDbEntity
  8
TEXT
 62
7
370
15
100
AcDbPolyline
 90
2
 70
0
 10
21112.5
 20
18902.125
 10
21112.5
 20
18729.625
  0
TEXT
  5
735
330
17
100
AcDbEntity
  8
TEXT
 62
7
100
AcDbText
 10
21152.5
 20
18779.625
 30
0.0
 40
72.5
  1
F83
  7
GOST
 11
21152.5
 21
18779.625
 31
0.0
100
AcDbText
  0
LWPOLYLINE
  5
736
330
17
100
AcDbEntity
  8
TEXT
 62
7
370
15
100
AcDbPolyline
 90
2
 70
0
 10
21577.895480225987
 20
18902.125
 10
21577.895480225987
 20
18729.625
  0
TEXT
  5
737
330
17
100
AcDbEntity
  8
TEXT
 62
7
100
AcDbText
 10
21617.895480225987
 20
18779.625
 30
0.0
 40
72.5
  1
R6
  7
GOST
 11
21617.895480225987
 21
18779.625
 31
0.0
100
AcDbText
  0
LWPOLYLINE
  5
738
330
17
100
AcDbEntity
  8
TEXT
 62
7
370
15
100
AcDbPolyline
 90
2
 70
0
 10
21950.211864406778
 20
18902.125
 10
21950.211864406778
 20
18729.625
  0
TEXT
  5
739
330
17
100
AcDbEntity
  8
TEXT
 62
7
100
AcDbText
 10
21990.21186440678
 20
18779.625
 30
0.0
 40
72.5
  1
Столешница компакт-плита 12 мм над хозмойкой и карго 770×600
  7
GOST
 11
21990.21186440678
 21
18779.625
 31
0.0
100
AcDbText
  0
LWPOLYLINE
  5
73A
330
17
100
AcDbEntity
  8
TEXT
 62
7
370
15
100
AcDbPolyline
 90
2
 70
0
 10
26045.69209039548
 20
18902.125
 10
26045.69209039548
 20
18729.625
  0
TEXT
  5
73B
330
17
100
AcDbEntity
  8
TEXT
 62
7
100
AcDbText
 10
26085.69209039548
 20
18779.625
 30
0.0
 40
72.5
  1
770×600×12
  7
GOST
 11
26085.69209039548
 21
18779.625
 31
0.0
100
AcDbText
  0
LWPOLYLINE
  5
73C
330
17
100
AcDbEntity
  8
TEXT
 62
7
370
15
100
AcDbPolyline
 90
2
 70
0
 10
27069.562146892655
 20
18902.125
 10
27069.562146892655
 20
18729.625
  0
TEXT
  5
73D
330
17
100
AcDbEntity
  8
TEXT
 62
7
100
AcDbText
 10
27109.562146892655
 20
18779.625
 30
0.0
 40
72.5
  1
x 4490..5260; y 0..600; низ +880
  7
GOST
 11
27109.562146892655
 21
18779.625
 31
0.0
100
AcDbText
  0
LWPOLYLINE
  5
73E
330
17
100
AcDbEntity
  8
TEXT
 62
7
370
15
100
AcDbPolyline
 90
2
 70
0
 10
28931.144067796613
 20
18902.125
 10
28931.144067796613
 20
18729.625
  0
TEXT
  5
73F
330
17
100
AcDbEntity
  8
TEXT
 62
7
100
AcDbText
 10
28971.14406779661
 20
18779.625
 30
0.0
 40
72.5
  1
да
  7
GOST
 11
28971.14406779661
 21
18779.625
 31
0.0
100
AcDbText
  0
LWPOLYLINE
  5
740
330
17
100
AcDbEntity
  8
TEXT
 62
7
370
15
100
AcDbPolyline
 90
2
 70
0
 10
29350.0
 20
18902.125
 10
29350.0
 20
18729.625
  0
LWPOLYLINE
  5
741
330
17
100
AcDbEntity
  8
TEXT
 62
7
370
15
100
AcDbPolyline
 90
4
 70
1
 10
21112.5
 20
18557.125000000004
 10
29350.0
 20
18557.125000000004
 10
29350.0
 20
18729.625
 10
21112.5
 20
18729.625
  0
LWPOLYLINE
  5
742
330
17
100
AcDbEntity
  8
TEXT
 62
7
370
15
100
AcDbPolyline
 90
2
 70
0
 10
21112.5
 20
18729.625
 10
21112.5
 20
18557.125000000004
  0
TEXT
  5
743
330
17
100
AcDbEntity
  8
TEXT
 62
7
100
AcDbText
 10
21152.5
 20
18607.125000000004
 30
0.0
 40
72.5
  1
F84
  7
GOST
 11
21152.5
 21
18607.125000000004
 31
0.0
100
AcDbText
  0
LWPOLYLINE
  5
744
330
17
100
AcDbEntity
  8
TEXT
 62
7
370
15
100
AcDbPolyline
 90
2
 70
0
 10
21577.895480225987
 20
18729.625
 10
21577.895480225987
 20
18557.125000000004
  0
TEXT
  5
745
330
17
100
AcDbEntity
  8
TEXT
 62
7
100
AcDbText
 10
21617.895480225987
 20
18607.125000000004
 30
0.0
 40
72.5
  1
R6
  7
GOST
 11
21617.895480225987
 21
18607.125000000004
 31
0.0
100
AcDbText
  0
LWPOLYLINE
  5
746
330
17
100
AcDbEntity
  8
TEXT
 62
7
370
15
100
AcDbPolyline
 90
2
 70
0
 10
21950.211864406778
 20
18729.625
 10
21950.211864406778
 20
18557.125000000004
  0
TEXT
  5
747
330
17
100
AcDbEntity
  8
TEXT
 62
7
100
AcDbText
 10
21990.21186440678
 20
18607.125000000004
 30
0.0
 40
72.5
  1
Навесные шкафы 350 над столешницей, до потолка (+1450..+2500)
  7
GOST
 11
21990.21186440678
 21
18607.125000000004
 31
0.0
100
AcDbText
  0
LWPOLYLINE
  5
748
330
17
100
AcDbEntity
  8
TEXT
 62
7
370
15
100
AcDbPolyline
 90
2
 70
0
 10
26045.69209039548
 20
18729.625
 10
26045.69209039548
 20
18557.125000000004
  0
TEXT
  5
749
330
17
100
AcDbEntity
  8
TEXT
 62
7
100
AcDbText
 10
26085.69209039548
 20
18607.125000000004
 30
0.0
 40
72.5
  1
770×350×1050
  7
GOST
 11
26085.69209039548
 21
18607.125000000004
 31
0.0
100
AcDbText
  0
LWPOLYLINE
  5
74A
330
17
100
AcDbEntity
  8
TEXT
 62
7
370
15
100
AcDbPolyline
 90
2
 70
0
 10
27069.562146892655
 20
18729.625
 10
27069.562146892655
 20
18557.125000000004
  0
TEXT
  5
74B
330
17
100
AcDbEntity
  8
TEXT
 62
7
100
AcDbText
 10
27109.562146892655
 20
18607.125000000004
 30
0.0
 40
72.5
  1
x 4490..5260; y 0..350; низ +1450
  7
GOST
 11
27109.562146892655
 21
18607.125000000004
 31
0.0
100
AcDbText
  0
LWPOLYLINE
  5
74C
330
17
100
AcDbEntity
  8
TEXT
 62
7
370
15
100
AcDbPolyline
 90
2
 70
0
 10
28931.144067796613
 20
18729.625
 10
28931.144067796613
 20
18557.125000000004
  0
TEXT
  5
74D
330
17
100
AcDbEntity
  8
TEXT
 62
7
100
AcDbText
 10
28971.14406779661
 20
18607.125000000004
 30
0.0
 40
72.5
  1
да
  7
GOST
 11
28971.14406779661
 21
18607.125000000004
 31
0.0
100
AcDbText
  0
LWPOLYLINE
  5
74E
330
17
100
AcDbEntity
  8
TEXT
 62
7
370
15
100
AcDbPolyline
 90
2
 70
0
 10
29350.0
 20
18729.625
 10
29350.0
 20
18557.125000000004
  0
LWPOLYLINE
  5
74F
330
17
100
AcDbEntity
  8
TEXT
 62
7
370
15
100
AcDbPolyline
 90
4
 70
1
 10
21112.5
 20
18279.5
 10
29350.0
 20
18279.5
 10
29350.0
 20
18557.125000000004
 10
21112.5
 20
18557.125000000004
  0
LWPOLYLINE
  5
750
330
17
100
AcDbEntity
  8
TEXT
 62
7
370
15
100
AcDbPolyline
 90
2
 70
0
 10
21112.5
 20
18557.125000000004
 10
21112.5
 20
18279.5
  0
TEXT
  5
751
330
17
100
AcDbEntity
  8
TEXT
 62
7
100
AcDbText
 10
21152.5
 20
18434.625000000004
 30
0.0
 40
72.5
  1
F85
  7
GOST
 11
21152.5
 21
18434.625000000004
 31
0.0
100
AcDbText
  0
LWPOLYLINE
  5
752
330
17
100
AcDbEntity
  8
TEXT
 62
7
370
15
100
AcDbPolyline
 90
2
 70
0
 10
21577.895480225987
 20
18557.125000000004
 10
21577.895480225987
 20
18279.5
  0
TEXT
  5
753
330
17
100
AcDbEntity
  8
TEXT
 62
7
100
AcDbText
 10
21617.895480225987
 20
18434.625000000004
 30
0.0
 40
72.5
  1
R6
  7
GOST
 11
21617.895480225987
 21
18434.625000000004
 31
0.0
100
AcDbText
  0
LWPOLYLINE
  5
754
330
17
100
AcDbEntity
  8
TEXT
 62
7
370
15
100
AcDbPolyline
 90
2
 70
0
 10
21950.211864406778
 20
18557.125000000004
 10
21950.211864406778
 20
18279.5
  0
TEXT
  5
755
330
17
100
AcDbEntity
  8
TEXT
 62
7
100
AcDbText
 10
21990.21186440678
 20
18434.625000000004
 30
0.0
 40
72.5
  1
Пенал ЛДСП 540×630 до потолка +2500 (гладильная доска, вертикальный
  7
GOST
 11
21990.21186440678
 21
18434.625000000004
 31
0.0
100
AcDbText
  0
TEXT
  5
756
330
17
100
AcDbEntity
  8
TEXT
 62
7
100
AcDbText
 10
21990.21186440678
 20
18329.5
 30
0.0
 40
72.5
  1
пылесос, швабра, стремянка)
  7
GOST
 11
21990.21186440678
 21
18329.5
 31
0.0
100
AcDbText
  0
LWPOLYLINE
  5
757
330
17
100
AcDbEntity
  8
TEXT
 62
7
370
15
100
AcDbPolyline
 90
2
 70
0
 10
26045.69209039548
 20
18557.125000000004
 10
26045.69209039548
 20
18279.5
  0
TEXT
  5
758
330
17
100
AcDbEntity
  8
TEXT
 62
7
100
AcDbText
 10
26085.69209039548
 20
18434.625000000004
 30
0.0
 40
72.5
  1
540×630×2500
  7
GOST
 11
26085.69209039548
 21
18434.625000000004
 31
0.0
100
AcDbText
  0
LWPOLYLINE
  5
759
330
17
100
AcDbEntity
  8
TEXT
 62
7
370
15
100
AcDbPolyline
 90
2
 70
0
 10
27069.562146892655
 20
18557.125000000004
 10
27069.562146892655
 20
18279.5
  0
TEXT
  5
75A
330
17
100
AcDbEntity
  8
TEXT
 62
7
100
AcDbText
 10
27109.562146892655
 20
18434.625000000004
 30
0.0
 40
72.5
  1
x 5370..5910; y 1300..1930
  7
GOST
 11
27109.562146892655
 21
18434.625000000004
 31
0.0
100
AcDbText
  0
LWPOLYLINE
  5
75B
330
17
100
AcDbEntity
  8
TEXT
 62
7
370
15
100
AcDbPolyline
 90
2
 70
0
 10
28931.144067796613
 20
18557.125000000004
 10
28931.144067796613
 20
18279.5
  0
TEXT
  5
75C
330
17
100
AcDbEntity
  8
TEXT
 62
7
100
AcDbText
 10
28971.14406779661
 20
18434.625000000004
 30
0.0
 40
72.5
  1
да
  7
GOST
 11
28971.14406779661
 21
18434.625000000004
 31
0.0
100
AcDbText
  0
LWPOLYLINE
  5
75D
330
17
100
AcDbEntity
  8
TEXT
 62
7
370
15
100
AcDbPolyline
 90
2
 70
0
 10
29350.0
 20
18557.125000000004
 10
29350.0
 20
18279.5
  0
LWPOLYLINE
  5
75E
330
17
100
AcDbEntity
  8
TEXT
 62
7
370
15
100
AcDbPolyline
 90
4
 70
1
 10
21112.5
 20
18107.000000000004
 10
29350.0
 20
18107.000000000004
 10
29350.0
 20
18279.5
 10
21112.5
 20
18279.5
  0
LWPOLYLINE
  5
75F
330
17
100
AcDbEntity
  8
TEXT
 62
7
370
15
100
AcDbPolyline
 90
2
 70
0
 10
21112.5
 20
18279.5
 10
21112.5
 20
18107.000000000004
  0
TEXT
  5
760
330
17
100
AcDbEntity
  8
TEXT
 62
7
100
AcDbText
 10
21152.5
 20
18157.000000000004
 30
0.0
 40
72.5
  1
F86
  7
GOST
 11
21152.5
 21
18157.000000000004
 31
0.0
100
AcDbText
  0
LWPOLYLINE
  5
761
330
17
100
AcDbEntity
  8
TEXT
 62
7
370
15
100
AcDbPolyline
 90
2
 70
0
 10
21577.895480225987
 20
18279.5
 10
21577.895480225987
 20
18107.000000000004
  0
TEXT
  5
762
330
17
100
AcDbEntity
  8
TEXT
 62
7
100
AcDbText
 10
21617.895480225987
 20
18157.000000000004
 30
0.0
 40
72.5
  1
R6
  7
GOST
 11
21617.895480225987
 21
18157.000000000004
 31
0.0
100
AcDbText
  0
LWPOLYLINE
  5
763
330
17
100
AcDbEntity
  8
TEXT
 62
7
370
15
100
AcDbPolyline
 90
2
 70
0
 10
21950.211864406778
 20
18279.5
 10
21950.211864406778
 20
18107.000000000004
  0
TEXT
  5
764
330
17
100
AcDbEntity
  8
TEXT
 62
7
100
AcDbText
 10
21990.21186440678
 20
18157.000000000004
 30
0.0
 40
72.5
  1
Антресоль над колонной 650×650, +1800..+2500
  7
GOST
 11
21990.21186440678
 21
18157.000000000004
 31
0.0
100
AcDbText
  0
LWPOLYLINE
  5
765
330
17
100
AcDbEntity
  8
TEXT
 62
7
370
15
100
AcDbPolyline
 90
2
 70
0
 10
26045.69209039548
 20
18279.5
 10
26045.69209039548
 20
18107.000000000004
  0
TEXT
  5
766
330
17
100
AcDbEntity
  8
TEXT
 62
7
100
AcDbText
 10
26085.69209039548
 20
18157.000000000004
 30
0.0
 40
72.5
  1
650×650×700
  7
GOST
 11
26085.69209039548
 21
18157.000000000004
 31
0.0
100
AcDbText
  0
LWPOLYLINE
  5
767
330
17
100
AcDbEntity
  8
TEXT
 62
7
370
15
100
AcDbPolyline
 90
2
 70
0
 10
27069.562146892655
 20
18279.5
 10
27069.562146892655
 20
18107.000000000004
  0
TEXT
  5
768
330
17
100
AcDbEntity
  8
TEXT
 62
7
100
AcDbText
 10
27109.562146892655
 20
18157.000000000004
 30
0.0
 40
72.5
  1
x 5260..5910; y 0..650; низ +1800
  7
GOST
 11
27109.562146892655
 21
18157.000000000004
 31
0.0
100
AcDbText
  0
LWPOLYLINE
  5
769
330
17
100
AcDbEntity
  8
TEXT
 62
7
370
15
100
AcDbPolyline
 90
2
 70
0
 10
28931.144067796613
 20
18279.5
 10
28931.144067796613
 20
18107.000000000004
  0
TEXT
  5
76A
330
17
100
AcDbEntity
  8
TEXT
 62
7
100
AcDbText
 10
28971.14406779661
 20
18157.000000000004
 30
0.0
 40
72.5
  1
да
  7
GOST
 11
28971.14406779661
 21
18157.000000000004
 31
0.0
100
AcDbText
  0
LWPOLYLINE
  5
76B
330
17
100
AcDbEntity
  8
TEXT
 62
7
370
15
100
AcDbPolyline
 90
2
 70
0
 10
29350.0
 20
18279.5
 10
29350.0
 20
18107.000000000004
  0
LWPOLYLINE
  5
76C
330
17
100
AcDbEntity
  8
TEXT
 62
7
370
15
100
AcDbPolyline
 90
4
 70
1
 10
21112.5
 20
17829.375
 10
29350.0
 20
17829.375
 10
29350.0
 20
18107.000000000004
 10
21112.5
 20
18107.000000000004
  0
LWPOLYLINE
  5
76D
330
17
100
AcDbEntity
  8
TEXT
 62
7
370
15
100
AcDbPolyline
 90
2
 70
0
 10
21112.5
 20
18107.000000000004
 10
21112.5
 20
17829.375
  0
TEXT
  5
76E
330
17
100
AcDbEntity
  8
TEXT
 62
7
100
AcDbText
 10
21152.5
 20
17984.500000000004
 30
0.0
 40
72.5
  1
F87
  7
GOST
 11
21152.5
 21
17984.500000000004
 31
0.0
100
AcDbText
  0
LWPOLYLINE
  5
76F
330
17
100
AcDbEntity
  8
TEXT
 62
7
370
15
100
AcDbPolyline
 90
2
 70
0
 10
21577.895480225987
 20
18107.000000000004
 10
21577.895480225987
 20
17829.375
  0
TEXT
  5
770
330
17
100
AcDbEntity
  8
TEXT
 62
7
100
AcDbText
 10
21617.895480225987
 20
17984.500000000004
 30
0.0
 40
72.5
  1
R6
  7
GOST
 11
21617.895480225987
 21
17984.500000000004
 31
0.0
100
AcDbText
  0
LWPOLYLINE
  5
771
330
17
100
AcDbEntity
  8
TEXT
 62
7
370
15
100
AcDbPolyline
 90
2
 70
0
 10
21950.211864406778
 20
18107.000000000004
 10
21950.211864406778
 20
17829.375
  0
TEXT
  5
772
330
17
100
AcDbEntity
  8
TEXT
 62
7
100
AcDbText
 10
21990.21186440678
 20
17984.500000000004
 30
0.0
 40
72.5
  1
Шкаф ЛДСП 350 у W10 между коробом U5 и вентканалом U12 (500), до
  7
GOST
 11
21990.21186440678
 21
17984.500000000004
 31
0.0
100
AcDbText
  0
TEXT
  5
773
330
17
100
AcDbEntity
  8
TEXT
 62
7
100
AcDbText
 10
21990.21186440678
 20
17879.375
 30
0.0
 40
72.5
  1
потолка +2500
  7
GOST
 11
21990.21186440678
 21
17879.375
 31
0.0
100
AcDbText
  0
LWPOLYLINE
  5
774
330
17
100
AcDbEntity
  8
TEXT
 62
7
370
15
100
AcDbPolyline
 90
2
 70
0
 10
26045.69209039548
 20
18107.000000000004
 10
26045.69209039548
 20
17829.375
  0
TEXT
  5
775
330
17
100
AcDbEntity
  8
TEXT
 62
7
100
AcDbText
 10
26085.69209039548
 20
17984.500000000004
 30
0.0
 40
72.5
  1
500×350×2500
  7
GOST
 11
26085.69209039548
 21
17984.500000000004
 31
0.0
100
AcDbText
  0
LWPOLYLINE
  5
776
330
17
100
AcDbEntity
  8
TEXT
 62
7
370
15
100
AcDbPolyline
 90
2
 70
0
 10
27069.562146892655
 20
18107.000000000004
 10
27069.562146892655
 20
17829.375
  0
TEXT
  5
777
330
17
100
AcDbEntity
  8
TEXT
 62
7
100
AcDbText
 10
27109.562146892655
 20
17984.500000000004
 30
0.0
 40
72.5
  1
x 4170..4520; y 681..1181
  7
GOST
 11
27109.562146892655
 21
17984.500000000004
 31
0.0
100
AcDbText
  0
LWPOLYLINE
  5
778
330
17
100
AcDbEntity
  8
TEXT
 62
7
370
15
100
AcDbPolyline
 90
2
 70
0
 10
28931.144067796613
 20
18107.000000000004
 10
28931.144067796613
 20
17829.375
  0
TEXT
  5
779
330
17
100
AcDbEntity
  8
TEXT
 62
7
100
AcDbText
 10
28971.14406779661
 20
17984.500000000004
 30
0.0
 40
72.5
  1
да
  7
GOST
 11
28971.14406779661
 21
17984.500000000004
 31
0.0
100
AcDbText
  0
LWPOLYLINE
  5
77A
330
17
100
AcDbEntity
  8
TEXT
 62
7
370
15
100
AcDbPolyline
 90
2
 70
0
 10
29350.0
 20
18107.000000000004
 10
29350.0
 20
17829.375
  0
LWPOLYLINE
  5
77B
330
17
100
AcDbEntity
  8
TEXT
 62
7
370
15
100
AcDbPolyline
 90
4
 70
1
 10
21112.5
 20
17551.75
 10
29350.0
 20
17551.75
 10
29350.0
 20
17829.375
 10
21112.5
 20
17829.375
  0
LWPOLYLINE
  5
77C
330
17
100
AcDbEntity
  8
TEXT
 62
7
370
15
100
AcDbPolyline
 90
2
 70
0
 10
21112.5
 20
17829.375
 10
21112.5
 20
17551.75
  0
TEXT
  5
77D
330
17
100
AcDbEntity
  8
TEXT
 62
7
100
AcDbText
 10
21152.5
 20
17706.875000000004
 30
0.0
 40
72.5
  1
F88
  7
GOST
 11
21152.5
 21
17706.875000000004
 31
0.0
100
AcDbText
  0
LWPOLYLINE
  5
77E
330
17
100
AcDbEntity
  8
TEXT
 62
7
370
15
100
AcDbPolyline
 90
2
 70
0
 10
21577.895480225987
 20
17829.375
 10
21577.895480225987
 20
17551.75
  0
TEXT
  5
77F
330
17
100
AcDbEntity
  8
TEXT
 62
7
100
AcDbText
 10
21617.895480225987
 20
17706.875000000004
 30
0.0
 40
72.5
  1
R6
  7
GOST
 11
21617.895480225987
 21
17706.875000000004
 31
0.0
100
AcDbText
  0
LWPOLYLINE
  5
780
330
17
100
AcDbEntity
  8
TEXT
 62
7
370
15
100
AcDbPolyline
 90
2
 70
0
 10
21950.211864406778
 20
17829.375
 10
21950.211864406778
 20
17551.75
  0
TEXT
  5
781
330
17
100
AcDbEntity
  8
TEXT
 62
7
100
AcDbText
 10
21990.21186440678
 20
17706.875000000004
 30
0.0
 40
72.5
  1
Шкаф ЛДСП 350 у W10 над коллектором U11 (650): нижний ярус 450 —
  7
GOST
 11
21990.21186440678
 21
17706.875000000004
 31
0.0
100
AcDbText
  0
TEXT
  5
782
330
17
100
AcDbEntity
  8
TEXT
 62
7
100
AcDbText
 10
21990.21186440678
 20
17601.75
 30
0.0
 40
72.5
  1
фасады от пола без дна, выше полки
  7
GOST
 11
21990.21186440678
 21
17601.75
 31
0.0
100
AcDbText
  0
LWPOLYLINE
  5
783
330
17
100
AcDbEntity
  8
TEXT
 62
7
370
15
100
AcDbPolyline
 90
2
 70
0
 10
26045.69209039548
 20
17829.375
 10
26045.69209039548
 20
17551.75
  0
TEXT
  5
784
330
17
100
AcDbEntity
  8
TEXT
 62
7
100
AcDbText
 10
26085.69209039548
 20
17706.875000000004
 30
0.0
 40
72.5
  1
650×350×2500
  7
GOST
 11
26085.69209039548
 21
17706.875000000004
 31
0.0
100
AcDbText
  0
LWPOLYLINE
  5
785
330
17
100
AcDbEntity
  8
TEXT
 62
7
370
15
100
AcDbPolyline
 90
2
 70
0
 10
27069.562146892655
 20
17829.375
 10
27069.562146892655
 20
17551.75
  0
TEXT
  5
786
330
17
100
AcDbEntity
  8
TEXT
 62
7
100
AcDbText
 10
27109.562146892655
 20
17706.875000000004
 30
0.0
 40
72.5
  1
x 4170..4520; y 1280..1930
  7
GOST
 11
27109.562146892655
 21
17706.875000000004
 31
0.0
100
AcDbText
  0
LWPOLYLINE
  5
787
330
17
100
AcDbEntity
  8
TEXT
 62
7
370
15
100
AcDbPolyline
 90
2
 70
0
 10
28931.144067796613
 20
17829.375
 10
28931.144067796613
 20
17551.75
  0
TEXT
  5
788
330
17
100
AcDbEntity
  8
TEXT
 62
7
100
AcDbText
 10
28971.14406779661
 20
17706.875000000004
 30
0.0
 40
72.5
  1
да
  7
GOST
 11
28971.14406779661
 21
17706.875000000004
 31
0.0
100
AcDbText
  0
LWPOLYLINE
  5
789
330
17
100
AcDbEntity
  8
TEXT
 62
7
370
15
100
AcDbPolyline
 90
2
 70
0
 10
29350.0
 20
17829.375
 10
29350.0
 20
17551.75
  0
LWPOLYLINE
  5
78A
330
17
100
AcDbEntity
  8
TEXT
 62
7
370
15
100
AcDbPolyline
 90
4
 70
1
 10
21112.5
 20
17274.125
 10
29350.0
 20
17274.125
 10
29350.0
 20
17551.75
 10
21112.5
 20
17551.75
  0
LWPOLYLINE
  5
78B
330
17
100
AcDbEntity
  8
TEXT
 62
7
370
15
100
AcDbPolyline
 90
2
 70
0
 10
21112.5
 20
17551.75
 10
21112.5
 20
17274.125
  0
TEXT
  5
78C
330
17
100
AcDbEntity
  8
TEXT
 62
7
100
AcDbText
 10
21152.5
 20
17429.25
 30
0.0
 40
72.5
  1
F89
  7
GOST
 11
21152.5
 21
17429.25
 31
0.0
100
AcDbText
  0
LWPOLYLINE
  5
78D
330
17
100
AcDbEntity
  8
TEXT
 62
7
370
15
100
AcDbPolyline
 90
2
 70
0
 10
21577.895480225987
 20
17551.75
 10
21577.895480225987
 20
17274.125
  0
TEXT
  5
78E
330
17
100
AcDbEntity
  8
TEXT
 62
7
100
AcDbText
 10
21617.895480225987
 20
17429.25
 30
0.0
 40
72.5
  1
R6
  7
GOST
 11
21617.895480225987
 21
17429.25
 31
0.0
100
AcDbText
  0
LWPOLYLINE
  5
78F
330
17
100
AcDbEntity
  8
TEXT
 62
7
370
15
100
AcDbPolyline
 90
2
 70
0
 10
21950.211864406778
 20
17551.75
 10
21950.211864406778
 20
17274.125
  0
TEXT
  5
790
330
17
100
AcDbEntity
  8
TEXT
 62
7
100
AcDbText
 10
21990.21186440678
 20
17429.25
 30
0.0
 40
72.5
  1
Сушилка потолочная «лиана» 4 прутка (ручная)
  7
GOST
 11
21990.21186440678
 21
17429.25
 31
0.0
100
AcDbText
  0
LWPOLYLINE
  5
791
330
17
100
AcDbEntity
  8
TEXT
 62
7
370
15
100
AcDbPolyline
 90
2
 70
0
 10
26045.69209039548
 20
17551.75
 10
26045.69209039548
 20
17274.125
  0
TEXT
  5
792
330
17
100
AcDbEntity
  8
TEXT
 62
7
100
AcDbText
 10
26085.69209039548
 20
17429.25
 30
0.0
 40
72.5
  1
700×500×100
  7
GOST
 11
26085.69209039548
 21
17429.25
 31
0.0
100
AcDbText
  0
LWPOLYLINE
  5
793
330
17
100
AcDbEntity
  8
TEXT
 62
7
370
15
100
AcDbPolyline
 90
2
 70
0
 10
27069.562146892655
 20
17551.75
 10
27069.562146892655
 20
17274.125
  0
TEXT
  5
794
330
17
100
AcDbEntity
  8
TEXT
 62
7
100
AcDbText
 10
27109.562146892655
 20
17429.25
 30
0.0
 40
72.5
  1
x 4600..5300; y 750..1250; низ
  7
GOST
 11
27109.562146892655
 21
17429.25
 31
0.0
100
AcDbText
  0
TEXT
  5
795
330
17
100
AcDbEntity
  8
TEXT
 62
7
100
AcDbText
 10
27109.562146892655
 20
17324.125
 30
0.0
 40
72.5
  1
+2300
  7
GOST
 11
27109.562146892655
 21
17324.125
 31
0.0
100
AcDbText
  0
LWPOLYLINE
  5
796
330
17
100
AcDbEntity
  8
TEXT
 62
7
370
15
100
AcDbPolyline
 90
2
 70
0
 10
28931.144067796613
 20
17551.75
 10
28931.144067796613
 20
17274.125
  0
LWPOLYLINE
  5
797
330
17
100
AcDbEntity
  8
TEXT
 62
7
370
15
100
AcDbPolyline
 90
2
 70
0
 10
29350.0
 20
17551.75
 10
29350.0
 20
17274.125
  0
LWPOLYLINE
  5
798
330
17
100
AcDbEntity
  8
TEXT
 62
7
370
35
100
AcDbPolyline
 90
4
 70
1
 10
21112.5
 20
17274.125
 10
29350.0
 20
17274.125
 10
29350.0
 20
20465.0
 10
21112.5
 20
20465.0
  0
TEXT
  5
799
330
17
100
AcDbEntity
  8
TEXT
 62
7
100
AcDbText
 10
21112.5
 20
16964.125
 30
0.0
 40
110.00000000000001
  1
Общие указания
  7
GOST
 11
21112.5
 21
16964.125
 31
0.0
100
AcDbText
  0
TEXT
  5
79A
330
17
100
AcDbEntity
  8
TEXT
 62
7
100
AcDbText
 10
21112.5
 20
16789.125
 30
0.0
 40
75.0
  1
1. Водяной ТП в стяжке (D3): ни одно изделие не крепится к полу. Корпусная мебель — на регулируемых опорах + крепление к стенам от
  7
GOST
 11
21112.5
 21
16789.125
 31
0.0
100
AcDbText
  0
TEXT
  5
79B
330
17
100
AcDbEntity
  8
TEXT
 62
7
100
AcDbText
 10
21112.5
 20
16676.625
 30
0.0
 40
75.0
  1
опрокидывания; навесная — к стенам; ДСК, стекло душа, инсталляция — к стенам/потолку; купе — верхнеподвесная система (нижний рельс только
  7
GOST
 11
21112.5
 21
16676.625
 31
0.0
100
AcDbText
  0
TEXT
  5
79C
330
17
100
AcDbEntity
  8
TEXT
 62
7
100
AcDbText
 10
21112.5
 20
16564.125
 30
0.0
 40
75.0
  1
на клею); ограничители дверей — настенные.
  7
GOST
 11
21112.5
 21
16564.125
 31
0.0
100
AcDbText
  0
TEXT
  5
79D
330
17
100
AcDbEntity
  8
TEXT
 62
7
100
AcDbText
 10
21112.5
 20
16451.625
 30
0.0
 40
75.0
  1
2. Встроенная мебель над водяным ТП — цоколь с вентрешёткой/зазором ≥ 20 мм сверху и снизу (не запирать тепло, перегрев покрытия).
  7
GOST
 11
21112.5
 21
16451.625
 31
0.0
100
AcDbText
  0
TEXT
  5
79E
330
17
100
AcDbEntity
  8
TEXT
 62
7
100
AcDbText
 10
21112.5
 20
16339.124999999998
 30
0.0
 40
75.0
  1
Электро-ТП (с/у, балкон) под мебелью без ножек и под ванной/колонной СМА не укладывается.
  7
GOST
 11
21112.5
 21
16339.124999999998
 31
0.0
100
AcDbText
  0
TEXT
  5
79F
330
17
100
AcDbEntity
  8
TEXT
 62
7
100
AcDbText
 10
21112.5
 20
16226.624999999998
 30
0.0
 40
75.0
  1
3. Коллекторы ТП U11, U14 (h 400) — только под мебелью с открываемым доступом (съёмный цоколь / фасады от пола без дна).
  7
GOST
 11
21112.5
 21
16226.624999999998
 31
0.0
100
AcDbText
  0
TEXT
  5
7A0
330
17
100
AcDbEntity
  8
TEXT
 62
7
100
AcDbText
 10
21112.5
 20
16114.124999999998
 30
0.0
 40
75.0
  1
4. Вентканалы U12/U13, U25, U26 не перекрываются: буфет кухни ≤ 2100 под решёткой U13; шкафы постирочной — по обе стороны U12; люки
  7
GOST
 11
21112.5
 21
16114.124999999998
 31
0.0
100
AcDbText
  0
TEXT
  5
7A1
330
17
100
AcDbEntity
  8
TEXT
 62
7
100
AcDbText
 10
21112.5
 20
16001.624999999998
 30
0.0
 40
75.0
  1
коробов U5/U10 свободны.
  7
GOST
 11
21112.5
 21
16001.624999999998
 31
0.0
100
AcDbText
  0
TEXT
  5
7A2
330
17
100
AcDbEntity
  8
TEXT
 62
7
100
AcDbText
 10
21112.5
 20
15889.124999999998
 30
0.0
 40
75.0
  1
5. Все размеры встроенной мебели — уточнить по месту после выравнивания стен (questions №1).
  7
GOST
 11
21112.5
 21
15889.124999999998
 31
0.0
100
AcDbText
  0
LWPOLYLINE
  5
7A3
330
17
100
AcDbEntity
  8
FRAME
 62
7
370
50
100
AcDbPolyline
 90
4
 70
1
 10
1000.0
 20
250.0
 10
29450.0
 20
250.0
 10
29450.0
 20
20750.0
 10
1000.0
 20
20750.0
  0
TEXT
  5
7A4
330
17
100
AcDbEntity
  8
FRAME
 62
7
100
AcDbText
 10
29450.0
 20
80.0
 30
0.0
 40
100.0
  1
Формат A2
  7
GOST
 72
2
 11
29450.0
 21
80.0
 31
0.0
100
AcDbText
  0
HATCH
  5
7A5
330
17
100
AcDbEntity
  8
FRAME
 62
7
420
16777215
100
AcDbHatch
 10
0.0
 20
0.0
 30
0.0
210
0.0
220
0.0
230
1.0
  2
SOLID
 70
1
 71
0
 91
1
 92
3
 72
0
 73
1
 93
4
 10
20200.0
 20
250.0
 10
29450.0
 20
250.0
 10
29450.0
 20
3000.0
 10
20200.0
 20
3000.0
 97
0
 75
1
 76
1
 98
0
  0
LWPOLYLINE
  5
7A6
330
17
100
AcDbEntity
  8
FRAME
 62
7
370
50
100
AcDbPolyline
 90
4
 70
1
 10
20200.0
 20
250.0
 10
29450.0
 20
250.0
 10
29450.0
 20
3000.0
 10
20200.0
 20
3000.0
  0
LWPOLYLINE
  5
7A7
330
17
100
AcDbEntity
  8
FRAME
 62
7
370
50
100
AcDbPolyline
 90
2
 70
0
 10
23450.0
 20
2250.0
 10
29450.0
 20
2250.0
  0
LWPOLYLINE
  5
7A8
330
17
100
AcDbEntity
  8
FRAME
 62
7
370
50
100
AcDbPolyline
 90
2
 70
0
 10
23450.0
 20
1750.0
 10
29450.0
 20
1750.0
  0
LWPOLYLINE
  5
7A9
330
17
100
AcDbEntity
  8
FRAME
 62
7
370
50
100
AcDbPolyline
 90
2
 70
0
 10
23450.0
 20
1000.0
 10
29450.0
 20
1000.0
  0
LWPOLYLINE
  5
7AA
330
17
100
AcDbEntity
  8
FRAME
 62
7
370
50
100
AcDbPolyline
 90
2
 70
0
 10
23450.0
 20
250.0
 10
23450.0
 20
3000.0
  0
LWPOLYLINE
  5
7AB
330
17
100
AcDbEntity
  8
FRAME
 62
7
370
50
100
AcDbPolyline
 90
2
 70
0
 10
26950.0
 20
250.0
 10
26950.0
 20
1750.0
  0
LWPOLYLINE
  5
7AC
330
17
100
AcDbEntity
  8
FRAME
 62
7
370
20
100
AcDbPolyline
 90
2
 70
0
 10
26950.0
 20
1500.0
 10
29450.0
 20
1500.0
  0
LWPOLYLINE
  5
7AD
330
17
100
AcDbEntity
  8
FRAME
 62
7
370
20
100
AcDbPolyline
 90
2
 70
0
 10
27700.0
 20
1000.0
 10
27700.0
 20
1750.0
  0
LWPOLYLINE
  5
7AE
330
17
100
AcDbEntity
  8
FRAME
 62
7
370
20
100
AcDbPolyline
 90
2
 70
0
 10
28450.0
 20
1000.0
 10
28450.0
 20
1750.0
  0
TEXT
  5
7AF
330
17
100
AcDbEntity
  8
FRAME
 62
7
100
AcDbText
 10
27325.0
 20
1560.0
 30
0.0
 40
100.0
  1
Стадия
  7
GOST
 72
1
 11
27325.0
 21
1560.0
 31
0.0
100
AcDbText
  0
TEXT
  5
7B0
330
17
100
AcDbEntity
  8
FRAME
 62
7
100
AcDbText
 10
28075.0
 20
1560.0
 30
0.0
 40
100.0
  1
Лист
  7
GOST
 72
1
 11
28075.0
 21
1560.0
 31
0.0
100
AcDbText
  0
TEXT
  5
7B1
330
17
100
AcDbEntity
  8
FRAME
 62
7
100
AcDbText
 10
28950.0
 20
1560.0
 30
0.0
 40
100.0
  1
Листов
  7
GOST
 72
1
 11
28950.0
 21
1560.0
 31
0.0
100
AcDbText
  0
TEXT
  5
7B2
330
17
100
AcDbEntity
  8
FRAME
 62
7
100
AcDbText
 10
27325.0
 20
1170.0
 30
0.0
 40
175.0
  1
Р
  7
GOST
 72
1
 11
27325.0
 21
1170.0
 31
0.0
100
AcDbText
  0
TEXT
  5
7B3
330
17
100
AcDbEntity
  8
FRAME
 62
7
100
AcDbText
 10
28075.0
 20
1170.0
 30
0.0
 40
175.0
  1
11
  7
GOST
 72
1
 11
28075.0
 21
1170.0
 31
0.0
100
AcDbText
  0
TEXT
  5
7B4
330
17
100
AcDbEntity
  8
FRAME
 62
7
100
AcDbText
 10
28950.0
 20
1170.0
 30
0.0
 40
175.0
  1
39
  7
GOST
 72
1
 11
28950.0
 21
1170.0
 31
0.0
100
AcDbText
  0
LWPOLYLINE
  5
7B5
330
17
100
AcDbEntity
  8
FRAME
 62
7
370
20
100
AcDbPolyline
 90
2
 70
0
 10
20200.0
 20
500.0
 10
23450.0
 20
500.0
  0
LWPOLYLINE
  5
7B6
330
17
100
AcDbEntity
  8
FRAME
 62
7
370
20
100
AcDbPolyline
 90
2
 70
0
 10
20200.0
 20
750.0
 10
23450.0
 20
750.0
  0
LWPOLYLINE
  5
7B7
330
17
100
AcDbEntity
  8
FRAME
 62
7
370
20
100
AcDbPolyline
 90
2
 70
0
 10
20200.0
 20
1000.0
 10
23450.0
 20
1000.0
  0
LWPOLYLINE
  5
7B8
330
17
100
AcDbEntity
  8
FRAME
 62
7
370
20
100
AcDbPolyline
 90
2
 70
0
 10
20200.0
 20
1250.0
 10
23450.0
 20
1250.0
  0
LWPOLYLINE
  5
7B9
330
17
100
AcDbEntity
  8
FRAME
 62
7
370
50
100
AcDbPolyline
 90
2
 70
0
 10
20200.0
 20
1500.0
 10
23450.0
 20
1500.0
  0
LWPOLYLINE
  5
7BA
330
17
100
AcDbEntity
  8
FRAME
 62
7
370
50
100
AcDbPolyline
 90
2
 70
0
 10
20200.0
 20
1750.0
 10
23450.0
 20
1750.0
  0
LWPOLYLINE
  5
7BB
330
17
100
AcDbEntity
  8
FRAME
 62
7
370
20
100
AcDbPolyline
 90
2
 70
0
 10
20200.0
 20
2000.0
 10
23450.0
 20
2000.0
  0
LWPOLYLINE
  5
7BC
330
17
100
AcDbEntity
  8
FRAME
 62
7
370
20
100
AcDbPolyline
 90
2
 70
0
 10
20200.0
 20
2250.0
 10
23450.0
 20
2250.0
  0
LWPOLYLINE
  5
7BD
330
17
100
AcDbEntity
  8
FRAME
 62
7
370
20
100
AcDbPolyline
 90
2
 70
0
 10
20200.0
 20
2500.0
 10
23450.0
 20
2500.0
  0
LWPOLYLINE
  5
7BE
330
17
100
AcDbEntity
  8
FRAME
 62
7
370
20
100
AcDbPolyline
 90
2
 70
0
 10
20200.0
 20
2750.0
 10
23450.0
 20
2750.0
  0
LWPOLYLINE
  5
7BF
330
17
100
AcDbEntity
  8
FRAME
 62
7
370
50
100
AcDbPolyline
 90
2
 70
0
 10
20700.0
 20
1500.0
 10
20700.0
 20
3000.0
  0
LWPOLYLINE
  5
7C0
330
17
100
AcDbEntity
  8
FRAME
 62
7
370
50
100
AcDbPolyline
 90
2
 70
0
 10
21200.0
 20
250.0
 10
21200.0
 20
3000.0
  0
LWPOLYLINE
  5
7C1
330
17
100
AcDbEntity
  8
FRAME
 62
7
370
50
100
AcDbPolyline
 90
2
 70
0
 10
21700.0
 20
1500.0
 10
21700.0
 20
3000.0
  0
LWPOLYLINE
  5
7C2
330
17
100
AcDbEntity
  8
FRAME
 62
7
370
50
100
AcDbPolyline
 90
2
 70
0
 10
22200.0
 20
250.0
 10
22200.0
 20
3000.0
  0
LWPOLYLINE
  5
7C3
330
17
100
AcDbEntity
  8
FRAME
 62
7
370
50
100
AcDbPolyline
 90
2
 70
0
 10
22950.0
 20
250.0
 10
22950.0
 20
3000.0
  0
TEXT
  5
7C4
330
17
100
AcDbEntity
  8
FRAME
 62
7
100
AcDbText
 10
20450.0
 20
1565.0
 30
0.0
 40
90.0
  1
Изм.
  7
GOST
 72
1
 11
20450.0
 21
1565.0
 31
0.0
100
AcDbText
  0
TEXT
  5
7C5
330
17
100
AcDbEntity
  8
FRAME
 62
7
100
AcDbText
 10
20950.0
 20
1565.0
 30
0.0
 40
90.0
  1
Кол.уч
  7
GOST
 72
1
 11
20950.0
 21
1565.0
 31
0.0
100
AcDbText
  0
TEXT
  5
7C6
330
17
100
AcDbEntity
  8
FRAME
 62
7
100
AcDbText
 10
21450.0
 20
1565.0
 30
0.0
 40
90.0
  1
Лист
  7
GOST
 72
1
 11
21450.0
 21
1565.0
 31
0.0
100
AcDbText
  0
TEXT
  5
7C7
330
17
100
AcDbEntity
  8
FRAME
 62
7
100
AcDbText
 10
21950.0
 20
1565.0
 30
0.0
 40
90.0
  1
№док.
  7
GOST
 72
1
 11
21950.0
 21
1565.0
 31
0.0
100
AcDbText
  0
TEXT
  5
7C8
330
17
100
AcDbEntity
  8
FRAME
 62
7
100
AcDbText
 10
22575.0
 20
1565.0
 30
0.0
 40
90.0
  1
Подп.
  7
GOST
 72
1
 11
22575.0
 21
1565.0
 31
0.0
100
AcDbText
  0
TEXT
  5
7C9
330
17
100
AcDbEntity
  8
FRAME
 62
7
100
AcDbText
 10
23200.0
 20
1565.0
 30
0.0
 40
90.0
  1
Дата
  7
GOST
 72
1
 11
23200.0
 21
1565.0
 31
0.0
100
AcDbText
  0
TEXT
  5
7CA
330
17
100
AcDbEntity
  8
FRAME
 62
7
100
AcDbText
 10
20250.0
 20
1315.0
 30
0.0
 40
100.0
  1
Разраб.
  7
GOST
 11
20250.0
 21
1315.0
 31
0.0
100
AcDbText
  0
TEXT
  5
7CB
330
17
100
AcDbEntity
  8
FRAME
 62
7
100
AcDbText
 10
20250.0
 20
1065.0
 30
0.0
 40
100.0
  1
Пров.
  7
GOST
 11
20250.0
 21
1065.0
 31
0.0
100
AcDbText
  0
TEXT
  5
7CC
330
17
100
AcDbEntity
  8
FRAME
 62
7
100
AcDbText
 10
20250.0
 20
815.0
 30
0.0
 40
100.0
  1
ГИП
  7
GOST
 11
20250.0
 21
815.0
 31
0.0
100
AcDbText
  0
TEXT
  5
7CD
330
17
100
AcDbEntity
  8
FRAME
 62
7
100
AcDbText
 10
20250.0
 20
565.0
 30
0.0
 40
100.0
  1
Н.контр.
  7
GOST
 11
20250.0
 21
565.0
 31
0.0
100
AcDbText
  0
TEXT
  5
7CE
330
17
100
AcDbEntity
  8
FRAME
 62
7
100
AcDbText
 10
20250.0
 20
315.0
 30
0.0
 40
100.0
  1
Утв.
  7
GOST
 11
20250.0
 21
315.0
 31
0.0
100
AcDbText
  0
TEXT
  5
7CF
330
17
100
AcDbEntity
  8
FRAME
 62
7
100
AcDbText
 10
21240.0
 20
1315.0
 30
0.0
 40
100.0
  1
pib-агенты
  7
GOST
 11
21240.0
 21
1315.0
 31
0.0
100
AcDbText
  0
TEXT
  5
7D0
330
17
100
AcDbEntity
  8
FRAME
 62
7
100
AcDbText
 10
23200.0
 20
1315.0
 30
0.0
 40
90.0
  1
10.2026
  7
GOST
 72
1
 11
23200.0
 21
1315.0
 31
0.0
100
AcDbText
  0
TEXT
  5
7D1
330
17
100
AcDbEntity
  8
FRAME
 62
7
100
AcDbText
 10
26450.0
 20
2500.0
 30
0.0
 40
250.0
  1
КВ108-ДП-АР-07
  7
GOST
 72
1
 11
26450.0
 21
2500.0
 31
0.0
100
AcDbText
  0
TEXT
  5
7D2
330
17
100
AcDbEntity
  8
FRAME
 62
7
100
AcDbText
 10
26450.0
 20
1912.5
 30
0.0
 40
175.0
  1
Квартира №108, СПб, дизайн-проект
  7
GOST
 72
1
 11
26450.0
 21
1912.5
 31
0.0
100
AcDbText
  0
TEXT
  5
7D3
330
17
100
AcDbEntity
  8
FRAME
 62
7
100
AcDbText
 10
25200.0
 20
1300.0
 30
0.0
 40
150.0
  1
Архитектурные решения
  7
GOST
 72
1
 11
25200.0
 21
1300.0
 31
0.0
100
AcDbText
  0
TEXT
  5
7D4
330
17
100
AcDbEntity
  8
FRAME
 62
7
100
AcDbText
 10
25200.0
 20
743.75
 30
0.0
 40
125.0
  1
План расстановки мебели и
  7
GOST
 72
1
 11
25200.0
 21
743.75
 31
0.0
100
AcDbText
  0
TEXT
  5
7D5
330
17
100
AcDbEntity
  8
FRAME
 62
7
100
AcDbText
 10
25200.0
 20
562.5
 30
0.0
 40
125.0
  1
оборудования
  7
GOST
 72
1
 11
25200.0
 21
562.5
 31
0.0
100
AcDbText
  0
TEXT
  5
7D6
330
17
100
AcDbEntity
  8
FRAME
 62
7
100
AcDbText
 10
25200.0
 20
381.25
 30
0.0
 40
125.0
  1
Масштаб 1:50
  7
GOST
 72
1
 11
25200.0
 21
381.25
 31
0.0
100
AcDbText
  0
TEXT
  5
7D7
330
17
100
AcDbEntity
  8
FRAME
 62
7
100
AcDbText
 10
28200.0
 20
658.75
 30
0.0
 40
150.0
  1
ПИБ
  7
GOST
 72
1
 11
28200.0
 21
658.75
 31
0.0
100
AcDbText
  0
TEXT
  5
7D8
330
17
100
AcDbEntity
  8
FRAME
 62
7
100
AcDbText
 10
28200.0
 20
441.25000000000006
 30
0.0
 40
150.0
  1
агенты pib-*
  7
GOST
 72
1
 11
28200.0
 21
441.25000000000006
 31
0.0
100
AcDbText
  0
ENDSEC
  0
SECTION
  2
OBJECTS
  0
DICTIONARY
  5
A
330
0
100
AcDbDictionary
281
1
  3
ACAD_COLOR
350
B
  3
ACAD_GROUP
350
C
  3
ACAD_LAYOUT
350
D
  3
ACAD_MATERIAL
350
E
  3
ACAD_MLEADERSTYLE
350
F
  3
ACAD_MLINESTYLE
350
10
  3
ACAD_PLOTSETTINGS
350
11
  3
ACAD_PLOTSTYLENAME
350
12
  3
ACAD_SCALELIST
350
14
  3
ACAD_TABLESTYLE
350
15
  3
ACAD_VISUALSTYLE
350
16
  3
EZDXF_META
350
2D
  0
DICTIONARY
  5
B
330
A
100
AcDbDictionary
281
1
  0
DICTIONARY
  5
C
330
A
100
AcDbDictionary
281
1
  0
DICTIONARY
  5
D
330
A
100
AcDbDictionary
281
1
  3
Model
350
1A
  3
Layout1
350
1E
  0
DICTIONARY
  5
E
330
A
100
AcDbDictionary
281
1
  3
ByBlock
350
1F
  3
ByLayer
350
20
  3
Global
350
21
  0
DICTIONARY
  5
F
330
A
100
AcDbDictionary
281
1
  3
Standard
350
2C
  0
DICTIONARY
  5
10
330
A
100
AcDbDictionary
281
1
  3
Standard
350
22
  0
DICTIONARY
  5
11
330
A
100
AcDbDictionary
281
1
  0
ACDBDICTIONARYWDFLT
  5
12
330
A
100
AcDbDictionary
281
1
  3
Normal
350
13
100
AcDbDictionaryWithDefault
340
13
  0
ACDBPLACEHOLDER
  5
13
330
12
  0
DICTIONARY
  5
14
330
A
100
AcDbDictionary
281
1
  0
DICTIONARY
  5
15
330
A
100
AcDbDictionary
281
1
  0
DICTIONARY
  5
16
330
A
100
AcDbDictionary
281
1
  3
2dWireframe
350
5A
  3
Basic
350
5B
  3
Brighten
350
5C
  3
ColorChange
350
5D
  3
Conceptual
350
5E
  3
Dim
350
5F
  3
EdgeColorOff
350
60
  3
Facepattern
350
61
  3
Flat
350
62
  3
FlatWithEdges
350
63
  3
Gouraud
350
64
  3
GouraudWithEdges
350
65
  3
Hidden
350
66
  3
JitterOff
350
67
  3
Linepattern
350
68
  3
Modeling
350
69
  3
OverhangOff
350
6A
  3
Realistic
350
6B
  3
Shaded
350
6C
  3
Shaded with edges
350
6D
  3
Shades of Gray
350
6E
  3
Sketchy
350
6F
  3
Thicken
350
70
  3
Wireframe
350
71
  3
X-Ray
350
72
  0
LAYOUT
  5
1A
330
D
100
AcDbPlotSettings
  1

  4
A3
  6

 40
7.5
 41
20.0
 42
7.5
 43
20.0
 44
420.0
 45
297.0
 46
0.0
 47
0.0
 48
0.0
 49
0.0
140
0.0
141
0.0
142
1.0
143
1.0
 70
1024
 72
1
 73
0
 74
5
  7

 75
16
 76
0
 77
2
 78
300
147
1.0
148
0.0
149
0.0
100
AcDbLayout
  1
Model
 70
1
 71
0
 10
0.0
 20
0.0
 11
420.0
 21
297.0
 12
0.0
 22
0.0
 32
0.0
 14
1e+20
 24
1e+20
 34
1e+20
 15
-1e+20
 25
-1e+20
 35
-1e+20
146
0.0
 13
0.0
 23
0.0
 33
0.0
 16
1.0
 26
0.0
 36
0.0
 17
0.0
 27
1.0
 37
0.0
 76
1
330
17
  0
LAYOUT
  5
1E
330
D
100
AcDbPlotSettings
  1

  4
A3
  6

 40
7.5
 41
20.0
 42
7.5
 43
20.0
 44
420.0
 45
297.0
 46
0.0
 47
0.0
 48
0.0
 49
0.0
140
0.0
141
0.0
142
1.0
143
1.0
 70
0
 72
1
 73
0
 74
5
  7

 75
16
 76
0
 77
2
 78
300
147
1.0
148
0.0
149
0.0
100
AcDbLayout
  1
Layout1
 70
1
 71
1
 10
0.0
 20
0.0
 11
420.0
 21
297.0
 12
0.0
 22
0.0
 32
0.0
 14
1e+20
 24
1e+20
 34
1e+20
 15
-1e+20
 25
-1e+20
 35
-1e+20
146
0.0
 13
0.0
 23
0.0
 33
0.0
 16
1.0
 26
0.0
 36
0.0
 17
0.0
 27
1.0
 37
0.0
 76
1
330
1B
  0
MATERIAL
  5
1F
102
{ACAD_REACTORS
330
E
102
}
330
E
100
AcDbMaterial
  1
ByBlock
  2

 70
0
 40
1.0
 71
1
 41
1.0
 91
-1023410177
 42
1.0
 72
1
  3

 73
1
 74
1
 75
1
 44
0.5
 73
0
 45
1.0
 46
1.0
 77
1
  4

 78
1
 79
1
170
1
 48
1.0
171
1
  6

172
1
173
1
174
1
140
1.0
141
1.0
175
1
  7

176
1
177
1
178
1
143
1.0
179
1
  8

270
1
271
1
272
1
145
1.0
146
1.0
273
1
  9

274
1
275
1
276
1
 42
1.0
 72
1
  3

 73
1
 74
1
 75
1
 94
63
  0
MATERIAL
  5
20
102
{ACAD_REACTORS
330
E
102
}
330
E
100
AcDbMaterial
  1
ByLayer
  2

 70
0
 40
1.0
 71
1
 41
1.0
 91
-1023410177
 42
1.0
 72
1
  3

 73
1
 74
1
 75
1
 44
0.5
 73
0
 45
1.0
 46
1.0
 77
1
  4

 78
1
 79
1
170
1
 48
1.0
171
1
  6

172
1
173
1
174
1
140
1.0
141
1.0
175
1
  7

176
1
177
1
178
1
143
1.0
179
1
  8

270
1
271
1
272
1
145
1.0
146
1.0
273
1
  9

274
1
275
1
276
1
 42
1.0
 72
1
  3

 73
1
 74
1
 75
1
 94
63
  0
MATERIAL
  5
21
102
{ACAD_REACTORS
330
E
102
}
330
E
100
AcDbMaterial
  1
Global
  2

 70
0
 40
1.0
 71
1
 41
1.0
 91
-1023410177
 42
1.0
 72
1
  3

 73
1
 74
1
 75
1
 44
0.5
 73
0
 45
1.0
 46
1.0
 77
1
  4

 78
1
 79
1
170
1
 48
1.0
171
1
  6

172
1
173
1
174
1
140
1.0
141
1.0
175
1
  7

176
1
177
1
178
1
143
1.0
179
1
  8

270
1
271
1
272
1
145
1.0
146
1.0
273
1
  9

274
1
275
1
276
1
 42
1.0
 72
1
  3

 73
1
 74
1
 75
1
 94
63
  0
MLINESTYLE
  5
22
102
{ACAD_REACTORS
330
10
102
}
330
10
100
AcDbMlineStyle
  2
Standard
 70
0
  3

 62
256
 51
90.0
 52
90.0
 71
2
 49
0.5
 62
256
  6
BYLAYER
 49
-0.5
 62
256
  6
BYLAYER
  0
MLEADERSTYLE
  5
2C
102
{ACAD_REACTORS
330
F
102
}
330
F
100
AcDbMLeaderStyle
179
2
170
2
171
1
172
0
 90
2
 40
0.0
 41
0.0
173
1
 91
-1056964608
 92
-2
290
1
 42
2.0
291
1
 43
8.0
  3
Standard
 44
4.0
300

342
29
174
1
175
1
176
0
178
1
 93
-1056964608
 45
4.0
292
0
297
0
 46
4.0
 94
-1056964608
 47
1.0
 49
1.0
140
1.0
294
1
141
0.0
177
0
142
1.0
295
0
296
0
143
3.75
271
0
272
9
273
9
  0
DICTIONARY
  5
2D
330
A
100
AcDbDictionary
280
1
281
1
  3
CREATED_BY_EZDXF
350
2E
  3
WRITTEN_BY_EZDXF
350
7DB
  0
DICTIONARYVAR
  5
2E
330
2D
100
DictionaryVariables
280
0
  1
1.4.4 @ 2026-10-08T16:59:39.997596+00:00
  0
VISUALSTYLE
  5
5A
102
{ACAD_REACTORS
330
16
102
}
330
16
100
AcDbVisualStyle
  2
2dWireframe
 70
4
177
3
291
0
 70
58
 90
2
176
1
 90
2
176
1
 90
0
176
1
 90
0
176
1
 40
0.6
176
1
 40
30.0
176
1
 62
7
420
16777215
176
1
 90
1
176
1
 90
4
176
1
 62
7
176
1
 62
257
176
1
 90
1
176
1
 90
1
176
1
 40
1.0
176
1
 90
8
176
1
 62
7
176
1
 40
1.0
176
1
 90
1
176
1
 90
6
176
1
 90
2
176
1
 62
7
176
1
 90
5
176
1
 90
0
176
1
 90
0
176
1
290
0
176
1
 90
1
176
1
 40
0.0
176
1
 90
0
176
1
290
1
176
1
290
1
176
1
290
0
176
1
290
0
176
1
290
0
176
1
290
0
176
1
290
0
176
1
290
0
176
1
290
0
176
1
 90
50
176
1
 40
0.0
176
1
 40
1.0
176
1
 90
0
176
1
 62
18
420
0
176
1
 90
50
176
1
 90
3
176
1
 62
5
420
255
176
1
290
0
176
1
 90
50
176
1
 90
50
176
1
 90
50
176
1
290
0
176
1
 90
50
176
1
 62
256
176
0
 40
1.0
176
0
 90
2
176
1
  1
strokes_ogs.tif
176
1
290
0
176
1
 40
1.0
176
1
 40
1.0
176
1
  0
VISUALSTYLE
  5
5B
102
{ACAD_REACTORS
330
16
102
}
330
16
100
AcDbVisualStyle
  2
Basic
 70
7
177
3
291
1
 70
58
 90
2
176
1
 90
2
176
1
 90
0
176
1
 90
1
176
1
 40
0.6
176
1
 40
30.0
176
1
 62
7
420
16777215
176
1
 90
1
176
1
 90
4
176
1
 62
7
176
1
 62
257
176
1
 90
1
176
1
 90
1
176
1
 40
1.0
176
1
 90
8
176
1
 62
7
176
1
 40
1.0
176
1
 90
1
176
1
 90
6
176
1
 90
2
176
1
 62
7
176
1
 90
5
176
1
 90
0
176
1
 90
0
176
1
290
0
176
1
 90
1
176
1
 40
0.0
176
1
 90
0
176
1
290
0
176
1
290
1
176
1
290
1
176
1
290
0
176
1
290
0
176
1
290
0
176
1
290
0
176
1
290
0
176
1
290
0
176
1
 90
50
176
1
 40
0.0
176
1
 40
1.0
176
1
 90
0
176
1
 62
18
420
0
176
1
 90
50
176
1
 90
3
176
1
 62
5
420
255
176
1
290
0
176
1
 90
50
176
1
 90
50
176
1
 90
50
176
1
290
0
176
1
 90
50
176
1
 62
256
176
0
 40
1.0
176
0
 90
2
176
1
  1
strokes_ogs.tif
176
1
290
0
176
1
 40
1.0
176
1
 40
1.0
176
1
  0
VISUALSTYLE
  5
5C
102
{ACAD_REACTORS
330
16
102
}
330
16
100
AcDbVisualStyle
  2
Brighten
 70
12
177
3
291
1
 70
58
 90
2
176
1
 90
2
176
1
 90
0
176
1
 90
2
176
1
 40
0.6
176
1
 40
30.0
176
1
 62
7
420
16777215
176
1
 90
1
176
1
 90
4
176
1
 62
7
176
1
 62
257
176
1
 90
1
176
1
 90
1
176
1
 40
1.0
176
1
 90
8
176
1
 62
7
176
1
 40
1.0
176
1
 90
1
176
1
 90
6
176
1
 90
2
176
1
 62
7
176
1
 90
5
176
1
 90
0
176
1
 90
0
176
1
290
0
176
1
 90
1
176
1
 40
0.0
176
1
 90
0
176
1
290
0
176
1
290
1
176
1
290
1
176
1
290
0
176
1
290
0
176
1
290
0
176
1
290
0
176
1
290
0
176
1
290
0
176
1
 90
50
176
1
 40
0.0
176
1
 40
1.0
176
1
 90
0
176
1
 62
18
420
0
176
1
 90
50
176
1
 90
3
176
1
 62
5
420
255
176
1
290
0
176
1
 90
50
176
1
 90
50
176
1
 90
50
176
1
290
0
176
1
 90
50
176
1
 62
256
176
0
 40
1.0
176
0
 90
2
176
1
  1
strokes_ogs.tif
176
1
290
0
176
1
 40
1.0
176
1
 40
1.0
176
1
  0
VISUALSTYLE
  5
5D
102
{ACAD_REACTORS
330
16
102
}
330
16
100
AcDbVisualStyle
  2
ColorChange
 70
16
177
3
291
1
 70
58
 90
2
176
1
 90
2
176
1
 90
0
176
1
 90
2
176
1
 40
0.6
176
1
 40
30.0
176
1
 62
7
420
16777215
176
1
 90
1
176
1
 90
4
176
1
 62
7
176
1
 62
257
176
1
 90
1
176
1
 90
1
176
1
 40
1.0
176
1
 90
8
176
1
 62
7
176
1
 40
1.0
176
1
 90
1
176
1
 90
6
176
1
 90
2
176
1
 62
7
176
1
 90
5
176
1
 90
0
176
1
 90
0
176
1
290
0
176
1
 90
1
176
1
 40
0.0
176
1
 90
0
176
1
290
0
176
1
290
1
176
1
290
1
176
1
290
0
176
1
290
0
176
1
290
0
176
1
290
0
176
1
290
0
176
1
290
0
176
1
 90
50
176
1
 40
0.0
176
1
 40
1.0
176
1
 90
0
176
1
 62
18
420
0
176
1
 90
50
176
1
 90
3
176
1
 62
5
420
255
176
1
290
0
176
1
 90
50
176
1
 90
50
176
1
 90
50
176
1
290
0
176
1
 90
50
176
1
 62
256
176
0
 40
1.0
176
0
 90
2
176
1
  1
strokes_ogs.tif
176
1
290
0
176
1
 40
1.0
176
1
 40
1.0
176
1
  0
VISUALSTYLE
  5
5E
102
{ACAD_REACTORS
330
16
102
}
330
16
100
AcDbVisualStyle
  2
Conceptual
 70
9
177
3
291
0
 70
58
 90
2
176
1
 90
2
176
1
 90
0
176
1
 90
3
176
1
 40
0.6
176
1
 40
30.0
176
1
 62
7
420
16777215
176
1
 90
1
176
1
 90
4
176
1
 62
7
176
1
 62
257
176
1
 90
1
176
1
 90
1
176
1
 40
1.0
176
1
 90
8
176
1
 62
7
176
1
 40
1.0
176
1
 90
1
176
1
 90
6
176
1
 90
2
176
1
 62
7
176
1
 90
5
176
1
 90
0
176
1
 90
0
176
1
290
0
176
1
 90
1
176
1
 40
0.0
176
1
 90
0
176
1
290
0
176
1
290
1
176
1
290
1
176
1
290
0
176
1
290
0
176
1
290
0
176
1
290
0
176
1
290
0
176
1
290
0
176
1
 90
50
176
1
 40
0.0
176
1
 40
1.0
176
1
 90
0
176
1
 62
18
420
0
176
1
 90
50
176
1
 90
3
176
1
 62
5
420
255
176
1
290
0
176
1
 90
50
176
1
 90
50
176
1
 90
50
176
1
290
0
176
1
 90
50
176
1
 62
256
176
0
 40
1.0
176
0
 90
2
176
1
  1
strokes_ogs.tif
176
1
290
0
176
1
 40
1.0
176
1
 40
1.0
176
1
  0
VISUALSTYLE
  5
5F
102
{ACAD_REACTORS
330
16
102
}
330
16
100
AcDbVisualStyle
  2
Dim
 70
11
177
3
291
1
 70
58
 90
2
176
1
 90
2
176
1
 90
0
176
1
 90
2
176
1
 40
0.6
176
1
 40
30.0
176
1
 62
7
420
16777215
176
1
 90
1
176
1
 90
4
176
1
 62
7
176
1
 62
257
176
1
 90
1
176
1
 90
1
176
1
 40
1.0
176
1
 90
8
176
1
 62
7
176
1
 40
1.0
176
1
 90
1
176
1
 90
6
176
1
 90
2
176
1
 62
7
176
1
 90
5
176
1
 90
0
176
1
 90
0
176
1
290
0
176
1
 90
1
176
1
 40
0.0
176
1
 90
0
176
1
290
0
176
1
290
1
176
1
290
1
176
1
290
0
176
1
290
0
176
1
290
0
176
1
290
0
176
1
290
0
176
1
290
0
176
1
 90
50
176
1
 40
0.0
176
1
 40
1.0
176
1
 90
0
176
1
 62
18
420
0
176
1
 90
50
176
1
 90
3
176
1
 62
5
420
255
176
1
290
0
176
1
 90
50
176
1
 90
50
176
1
 90
50
176
1
290
0
176
1
 90
50
176
1
 62
256
176
0
 40
1.0
176
0
 90
2
176
1
  1
strokes_ogs.tif
176
1
290
0
176
1
 40
1.0
176
1
 40
1.0
176
1
  0
VISUALSTYLE
  5
60
102
{ACAD_REACTORS
330
16
102
}
330
16
100
AcDbVisualStyle
  2
EdgeColorOff
 70
22
177
3
291
1
 70
58
 90
2
176
1
 90
2
176
1
 90
0
176
1
 90
2
176
1
 40
0.6
176
1
 40
30.0
176
1
 62
7
420
16777215
176
1
 90
1
176
1
 90
4
176
1
 62
7
176
1
 62
257
176
1
 90
1
176
1
 90
1
176
1
 40
1.0
176
1
 90
8
176
1
 62
7
176
1
 40
1.0
176
1
 90
1
176
1
 90
6
176
1
 90
2
176
1
 62
7
176
1
 90
5
176
1
 90
0
176
1
 90
0
176
1
290
0
176
1
 90
1
176
1
 40
0.0
176
1
 90
0
176
1
290
0
176
1
290
1
176
1
290
1
176
1
290
0
176
1
290
0
176
1
290
0
176
1
290
0
176
1
290
0
176
1
290
0
176
1
 90
50
176
1
 40
0.0
176
1
 40
1.0
176
1
 90
0
176
1
 62
18
420
0
176
1
 90
50
176
1
 90
3
176
1
 62
5
420
255
176
1
290
0
176
1
 90
50
176
1
 90
50
176
1
 90
50
176
1
290
0
176
1
 90
50
176
1
 62
256
176
0
 40
1.0
176
0
 90
2
176
1
  1
strokes_ogs.tif
176
1
290
0
176
1
 40
1.0
176
1
 40
1.0
176
1
  0
VISUALSTYLE
  5
61
102
{ACAD_REACTORS
330
16
102
}
330
16
100
AcDbVisualStyle
  2
Facepattern
 70
15
177
3
291
1
 70
58
 90
2
176
1
 90
2
176
1
 90
0
176
1
 90
2
176
1
 40
0.6
176
1
 40
30.0
176
1
 62
7
420
16777215
176
1
 90
1
176
1
 90
4
176
1
 62
7
176
1
 62
257
176
1
 90
1
176
1
 90
1
176
1
 40
1.0
176
1
 90
8
176
1
 62
7
176
1
 40
1.0
176
1
 90
1
176
1
 90
6
176
1
 90
2
176
1
 62
7
176
1
 90
5
176
1
 90
0
176
1
 90
0
176
1
290
0
176
1
 90
1
176
1
 40
0.0
176
1
 90
0
176
1
290
0
176
1
290
1
176
1
290
1
176
1
290
0
176
1
290
0
176
1
290
0
176
1
290
0
176
1
290
0
176
1
290
0
176
1
 90
50
176
1
 40
0.0
176
1
 40
1.0
176
1
 90
0
176
1
 62
18
420
0
176
1
 90
50
176
1
 90
3
176
1
 62
5
420
255
176
1
290
0
176
1
 90
50
176
1
 90
50
176
1
 90
50
176
1
290
0
176
1
 90
50
176
1
 62
256
176
0
 40
1.0
176
0
 90
2
176
1
  1
strokes_ogs.tif
176
1
290
0
176
1
 40
1.0
176
1
 40
1.0
176
1
  0
VISUALSTYLE
  5
62
102
{ACAD_REACTORS
330
16
102
}
330
16
100
AcDbVisualStyle
  2
Flat
 70
0
177
3
291
1
 70
58
 90
2
176
1
 90
2
176
1
 90
0
176
1
 90
2
176
1
 40
0.6
176
1
 40
30.0
176
1
 62
7
420
16777215
176
1
 90
1
176
1
 90
4
176
1
 62
7
176
1
 62
257
176
1
 90
1
176
1
 90
1
176
1
 40
1.0
176
1
 90
8
176
1
 62
7
176
1
 40
1.0
176
1
 90
1
176
1
 90
6
176
1
 90
2
176
1
 62
7
176
1
 90
5
176
1
 90
0
176
1
 90
0
176
1
290
0
176
1
 90
1
176
1
 40
0.0
176
1
 90
0
176
1
290
0
176
1
290
1
176
1
290
1
176
1
290
0
176
1
290
0
176
1
290
0
176
1
290
0
176
1
290
0
176
1
290
0
176
1
 90
50
176
1
 40
0.0
176
1
 40
1.0
176
1
 90
0
176
1
 62
18
420
0
176
1
 90
50
176
1
 90
3
176
1
 62
5
420
255
176
1
290
0
176
1
 90
50
176
1
 90
50
176
1
 90
50
176
1
290
0
176
1
 90
50
176
1
 62
256
176
0
 40
1.0
176
0
 90
2
176
1
  1
strokes_ogs.tif
176
1
290
0
176
1
 40
1.0
176
1
 40
1.0
176
1
  0
VISUALSTYLE
  5
63
102
{ACAD_REACTORS
330
16
102
}
330
16
100
AcDbVisualStyle
  2
FlatWithEdges
 70
1
177
3
291
1
 70
58
 90
2
176
1
 90
2
176
1
 90
0
176
1
 90
2
176
1
 40
0.6
176
1
 40
30.0
176
1
 62
7
420
16777215
176
1
 90
1
176
1
 90
4
176
1
 62
7
176
1
 62
257
176
1
 90
1
176
1
 90
1
176
1
 40
1.0
176
1
 90
8
176
1
 62
7
176
1
 40
1.0
176
1
 90
1
176
1
 90
6
176
1
 90
2
176
1
 62
7
176
1
 90
5
176
1
 90
0
176
1
 90
0
176
1
290
0
176
1
 90
1
176
1
 40
0.0
176
1
 90
0
176
1
290
0
176
1
290
1
176
1
290
1
176
1
290
0
176
1
290
0
176
1
290
0
176
1
290
0
176
1
290
0
176
1
290
0
176
1
 90
50
176
1
 40
0.0
176
1
 40
1.0
176
1
 90
0
176
1
 62
18
420
0
176
1
 90
50
176
1
 90
3
176
1
 62
5
420
255
176
1
290
0
176
1
 90
50
176
1
 90
50
176
1
 90
50
176
1
290
0
176
1
 90
50
176
1
 62
256
176
0
 40
1.0
176
0
 90
2
176
1
  1
strokes_ogs.tif
176
1
290
0
176
1
 40
1.0
176
1
 40
1.0
176
1
  0
VISUALSTYLE
  5
64
102
{ACAD_REACTORS
330
16
102
}
330
16
100
AcDbVisualStyle
  2
Gouraud
 70
2
177
3
291
1
 70
58
 90
2
176
1
 90
2
176
1
 90
0
176
1
 90
2
176
1
 40
0.6
176
1
 40
30.0
176
1
 62
7
420
16777215
176
1
 90
1
176
1
 90
4
176
1
 62
7
176
1
 62
257
176
1
 90
1
176
1
 90
1
176
1
 40
1.0
176
1
 90
8
176
1
 62
7
176
1
 40
1.0
176
1
 90
1
176
1
 90
6
176
1
 90
2
176
1
 62
7
176
1
 90
5
176
1
 90
0
176
1
 90
0
176
1
290
0
176
1
 90
1
176
1
 40
0.0
176
1
 90
0
176
1
290
0
176
1
290
1
176
1
290
1
176
1
290
0
176
1
290
0
176
1
290
0
176
1
290
0
176
1
290
0
176
1
290
0
176
1
 90
50
176
1
 40
0.0
176
1
 40
1.0
176
1
 90
0
176
1
 62
18
420
0
176
1
 90
50
176
1
 90
3
176
1
 62
5
420
255
176
1
290
0
176
1
 90
50
176
1
 90
50
176
1
 90
50
176
1
290
0
176
1
 90
50
176
1
 62
256
176
0
 40
1.0
176
0
 90
2
176
1
  1
strokes_ogs.tif
176
1
290
0
176
1
 40
1.0
176
1
 40
1.0
176
1
  0
VISUALSTYLE
  5
65
102
{ACAD_REACTORS
330
16
102
}
330
16
100
AcDbVisualStyle
  2
GouraudWithEdges
 70
3
177
3
291
1
 70
58
 90
2
176
1
 90
2
176
1
 90
0
176
1
 90
2
176
1
 40
0.6
176
1
 40
30.0
176
1
 62
7
420
16777215
176
1
 90
1
176
1
 90
4
176
1
 62
7
176
1
 62
257
176
1
 90
1
176
1
 90
1
176
1
 40
1.0
176
1
 90
8
176
1
 62
7
176
1
 40
1.0
176
1
 90
1
176
1
 90
6
176
1
 90
2
176
1
 62
7
176
1
 90
5
176
1
 90
0
176
1
 90
0
176
1
290
0
176
1
 90
1
176
1
 40
0.0
176
1
 90
0
176
1
290
0
176
1
290
1
176
1
290
1
176
1
290
0
176
1
290
0
176
1
290
0
176
1
290
0
176
1
290
0
176
1
290
0
176
1
 90
50
176
1
 40
0.0
176
1
 40
1.0
176
1
 90
0
176
1
 62
18
420
0
176
1
 90
50
176
1
 90
3
176
1
 62
5
420
255
176
1
290
0
176
1
 90
50
176
1
 90
50
176
1
 90
50
176
1
290
0
176
1
 90
50
176
1
 62
256
176
0
 40
1.0
176
0
 90
2
176
1
  1
strokes_ogs.tif
176
1
290
0
176
1
 40
1.0
176
1
 40
1.0
176
1
  0
VISUALSTYLE
  5
66
102
{ACAD_REACTORS
330
16
102
}
330
16
100
AcDbVisualStyle
  2
Hidden
 70
6
177
3
291
0
 70
58
 90
2
176
1
 90
2
176
1
 90
0
176
1
 90
1
176
1
 40
0.6
176
1
 40
30.0
176
1
 62
7
420
16777215
176
1
 90
1
176
1
 90
4
176
1
 62
7
176
1
 62
257
176
1
 90
1
176
1
 90
1
176
1
 40
1.0
176
1
 90
8
176
1
 62
7
176
1
 40
1.0
176
1
 90
1
176
1
 90
6
176
1
 90
2
176
1
 62
7
176
1
 90
5
176
1
 90
0
176
1
 90
0
176
1
290
0
176
1
 90
1
176
1
 40
0.0
176
1
 90
0
176
1
290
0
176
1
290
1
176
1
290
1
176
1
290
0
176
1
290
0
176
1
290
0
176
1
290
0
176
1
290
0
176
1
290
0
176
1
 90
50
176
1
 40
0.0
176
1
 40
1.0
176
1
 90
0
176
1
 62
18
420
0
176
1
 90
50
176
1
 90
3
176
1
 62
5
420
255
176
1
290
0
176
1
 90
50
176
1
 90
50
176
1
 90
50
176
1
290
0
176
1
 90
50
176
1
 62
256
176
0
 40
1.0
176
0
 90
2
176
1
  1
strokes_ogs.tif
176
1
290
0
176
1
 40
1.0
176
1
 40
1.0
176
1
  0
VISUALSTYLE
  5
67
102
{ACAD_REACTORS
330
16
102
}
330
16
100
AcDbVisualStyle
  2
JitterOff
 70
20
177
3
291
1
 70
58
 90
2
176
1
 90
2
176
1
 90
0
176
1
 90
2
176
1
 40
0.6
176
1
 40
30.0
176
1
 62
7
420
16777215
176
1
 90
1
176
1
 90
4
176
1
 62
7
176
1
 62
257
176
1
 90
1
176
1
 90
1
176
1
 40
1.0
176
1
 90
8
176
1
 62
7
176
1
 40
1.0
176
1
 90
1
176
1
 90
6
176
1
 90
2
176
1
 62
7
176
1
 90
5
176
1
 90
0
176
1
 90
0
176
1
290
0
176
1
 90
1
176
1
 40
0.0
176
1
 90
0
176
1
290
0
176
1
290
1
176
1
290
1
176
1
290
0
176
1
290
0
176
1
290
0
176
1
290
0
176
1
290
0
176
1
290
0
176
1
 90
50
176
1
 40
0.0
176
1
 40
1.0
176
1
 90
0
176
1
 62
18
420
0
176
1
 90
50
176
1
 90
3
176
1
 62
5
420
255
176
1
290
0
176
1
 90
50
176
1
 90
50
176
1
 90
50
176
1
290
0
176
1
 90
50
176
1
 62
256
176
0
 40
1.0
176
0
 90
2
176
1
  1
strokes_ogs.tif
176
1
290
0
176
1
 40
1.0
176
1
 40
1.0
176
1
  0
VISUALSTYLE
  5
68
102
{ACAD_REACTORS
330
16
102
}
330
16
100
AcDbVisualStyle
  2
Linepattern
 70
14
177
3
291
1
 70
58
 90
2
176
1
 90
2
176
1
 90
0
176
1
 90
2
176
1
 40
0.6
176
1
 40
30.0
176
1
 62
7
420
16777215
176
1
 90
1
176
1
 90
4
176
1
 62
7
176
1
 62
257
176
1
 90
1
176
1
 90
1
176
1
 40
1.0
176
1
 90
8
176
1
 62
7
176
1
 40
1.0
176
1
 90
1
176
1
 90
6
176
1
 90
2
176
1
 62
7
176
1
 90
5
176
1
 90
0
176
1
 90
0
176
1
290
0
176
1
 90
1
176
1
 40
0.0
176
1
 90
0
176
1
290
0
176
1
290
1
176
1
290
1
176
1
290
0
176
1
290
0
176
1
290
0
176
1
290
0
176
1
290
0
176
1
290
0
176
1
 90
50
176
1
 40
0.0
176
1
 40
1.0
176
1
 90
0
176
1
 62
18
420
0
176
1
 90
50
176
1
 90
3
176
1
 62
5
420
255
176
1
290
0
176
1
 90
50
176
1
 90
50
176
1
 90
50
176
1
290
0
176
1
 90
50
176
1
 62
256
176
0
 40
1.0
176
0
 90
2
176
1
  1
strokes_ogs.tif
176
1
290
0
176
1
 40
1.0
176
1
 40
1.0
176
1
  0
VISUALSTYLE
  5
69
102
{ACAD_REACTORS
330
16
102
}
330
16
100
AcDbVisualStyle
  2
Modeling
 70
10
177
3
291
0
 70
58
 90
2
176
1
 90
2
176
1
 90
0
176
1
 90
2
176
1
 40
0.6
176
1
 40
30.0
176
1
 62
7
420
16777215
176
1
 90
1
176
1
 90
4
176
1
 62
7
176
1
 62
257
176
1
 90
1
176
1
 90
1
176
1
 40
1.0
176
1
 90
8
176
1
 62
7
176
1
 40
1.0
176
1
 90
1
176
1
 90
6
176
1
 90
2
176
1
 62
7
176
1
 90
5
176
1
 90
0
176
1
 90
0
176
1
290
0
176
1
 90
1
176
1
 40
0.0
176
1
 90
0
176
1
290
0
176
1
290
1
176
1
290
1
176
1
290
0
176
1
290
0
176
1
290
0
176
1
290
0
176
1
290
0
176
1
290
0
176
1
 90
50
176
1
 40
0.0
176
1
 40
1.0
176
1
 90
0
176
1
 62
18
420
0
176
1
 90
50
176
1
 90
3
176
1
 62
5
420
255
176
1
290
0
176
1
 90
50
176
1
 90
50
176
1
 90
50
176
1
290
0
176
1
 90
50
176
1
 62
256
176
0
 40
1.0
176
0
 90
2
176
1
  1
strokes_ogs.tif
176
1
290
0
176
1
 40
1.0
176
1
 40
1.0
176
1
  0
VISUALSTYLE
  5
6A
102
{ACAD_REACTORS
330
16
102
}
330
16
100
AcDbVisualStyle
  2
OverhangOff
 70
21
177
3
291
1
 70
58
 90
2
176
1
 90
2
176
1
 90
0
176
1
 90
2
176
1
 40
0.6
176
1
 40
30.0
176
1
 62
7
420
16777215
176
1
 90
1
176
1
 90
4
176
1
 62
7
176
1
 62
257
176
1
 90
1
176
1
 90
1
176
1
 40
1.0
176
1
 90
8
176
1
 62
7
176
1
 40
1.0
176
1
 90
1
176
1
 90
6
176
1
 90
2
176
1
 62
7
176
1
 90
5
176
1
 90
0
176
1
 90
0
176
1
290
0
176
1
 90
1
176
1
 40
0.0
176
1
 90
0
176
1
290
0
176
1
290
1
176
1
290
1
176
1
290
0
176
1
290
0
176
1
290
0
176
1
290
0
176
1
290
0
176
1
290
0
176
1
 90
50
176
1
 40
0.0
176
1
 40
1.0
176
1
 90
0
176
1
 62
18
420
0
176
1
 90
50
176
1
 90
3
176
1
 62
5
420
255
176
1
290
0
176
1
 90
50
176
1
 90
50
176
1
 90
50
176
1
290
0
176
1
 90
50
176
1
 62
256
176
0
 40
1.0
176
0
 90
2
176
1
  1
strokes_ogs.tif
176
1
290
0
176
1
 40
1.0
176
1
 40
1.0
176
1
  0
VISUALSTYLE
  5
6B
102
{ACAD_REACTORS
330
16
102
}
330
16
100
AcDbVisualStyle
  2
Realistic
 70
8
177
3
291
0
 70
58
 90
2
176
1
 90
2
176
1
 90
0
176
1
 90
2
176
1
 40
0.6
176
1
 40
30.0
176
1
 62
7
420
16777215
176
1
 90
1
176
1
 90
4
176
1
 62
7
176
1
 62
257
176
1
 90
1
176
1
 90
1
176
1
 40
1.0
176
1
 90
8
176
1
 62
7
176
1
 40
1.0
176
1
 90
1
176
1
 90
6
176
1
 90
2
176
1
 62
7
176
1
 90
5
176
1
 90
0
176
1
 90
0
176
1
290
0
176
1
 90
1
176
1
 40
0.0
176
1
 90
0
176
1
290
0
176
1
290
1
176
1
290
1
176
1
290
0
176
1
290
0
176
1
290
0
176
1
290
0
176
1
290
0
176
1
290
0
176
1
 90
50
176
1
 40
0.0
176
1
 40
1.0
176
1
 90
0
176
1
 62
18
420
0
176
1
 90
50
176
1
 90
3
176
1
 62
5
420
255
176
1
290
0
176
1
 90
50
176
1
 90
50
176
1
 90
50
176
1
290
0
176
1
 90
50
176
1
 62
256
176
0
 40
1.0
176
0
 90
2
176
1
  1
strokes_ogs.tif
176
1
290
0
176
1
 40
1.0
176
1
 40
1.0
176
1
  0
VISUALSTYLE
  5
6C
102
{ACAD_REACTORS
330
16
102
}
330
16
100
AcDbVisualStyle
  2
Shaded
 70
27
177
3
291
0
 70
58
 90
2
176
1
 90
2
176
1
 90
0
176
1
 90
2
176
1
 40
0.6
176
1
 40
30.0
176
1
 62
7
420
16777215
176
1
 90
1
176
1
 90
4
176
1
 62
7
176
1
 62
257
176
1
 90
1
176
1
 90
1
176
1
 40
1.0
176
1
 90
8
176
1
 62
7
176
1
 40
1.0
176
1
 90
1
176
1
 90
6
176
1
 90
2
176
1
 62
7
176
1
 90
5
176
1
 90
0
176
1
 90
0
176
1
290
0
176
1
 90
1
176
1
 40
0.0
176
1
 90
0
176
1
290
0
176
1
290
1
176
1
290
1
176
1
290
0
176
1
290
0
176
1
290
0
176
1
290
0
176
1
290
0
176
1
290
0
176
1
 90
50
176
1
 40
0.0
176
1
 40
1.0
176
1
 90
0
176
1
 62
18
420
0
176
1
 90
50
176
1
 90
3
176
1
 62
5
420
255
176
1
290
0
176
1
 90
50
176
1
 90
50
176
1
 90
50
176
1
290
0
176
1
 90
50
176
1
 62
256
176
0
 40
1.0
176
0
 90
2
176
1
  1
strokes_ogs.tif
176
1
290
0
176
1
 40
1.0
176
1
 40
1.0
176
1
  0
VISUALSTYLE
  5
6D
102
{ACAD_REACTORS
330
16
102
}
330
16
100
AcDbVisualStyle
  2
Shaded with edges
 70
26
177
3
291
0
 70
58
 90
2
176
1
 90
2
176
1
 90
0
176
1
 90
2
176
1
 40
0.6
176
1
 40
30.0
176
1
 62
7
420
16777215
176
1
 90
1
176
1
 90
4
176
1
 62
7
176
1
 62
257
176
1
 90
1
176
1
 90
1
176
1
 40
1.0
176
1
 90
8
176
1
 62
7
176
1
 40
1.0
176
1
 90
1
176
1
 90
6
176
1
 90
2
176
1
 62
7
176
1
 90
5
176
1
 90
0
176
1
 90
0
176
1
290
0
176
1
 90
1
176
1
 40
0.0
176
1
 90
0
176
1
290
0
176
1
290
1
176
1
290
1
176
1
290
0
176
1
290
0
176
1
290
0
176
1
290
0
176
1
290
0
176
1
290
0
176
1
 90
50
176
1
 40
0.0
176
1
 40
1.0
176
1
 90
0
176
1
 62
18
420
0
176
1
 90
50
176
1
 90
3
176
1
 62
5
420
255
176
1
290
0
176
1
 90
50
176
1
 90
50
176
1
 90
50
176
1
290
0
176
1
 90
50
176
1
 62
256
176
0
 40
1.0
176
0
 90
2
176
1
  1
strokes_ogs.tif
176
1
290
0
176
1
 40
1.0
176
1
 40
1.0
176
1
  0
VISUALSTYLE
  5
6E
102
{ACAD_REACTORS
330
16
102
}
330
16
100
AcDbVisualStyle
  2
Shades of Gray
 70
23
177
3
291
0
 70
58
 90
2
176
1
 90
2
176
1
 90
0
176
1
 90
2
176
1
 40
0.6
176
1
 40
30.0
176
1
 62
7
420
16777215
176
1
 90
1
176
1
 90
4
176
1
 62
7
176
1
 62
257
176
1
 90
1
176
1
 90
1
176
1
 40
1.0
176
1
 90
8
176
1
 62
7
176
1
 40
1.0
176
1
 90
1
176
1
 90
6
176
1
 90
2
176
1
 62
7
176
1
 90
5
176
1
 90
0
176
1
 90
0
176
1
290
0
176
1
 90
1
176
1
 40
0.0
176
1
 90
0
176
1
290
0
176
1
290
1
176
1
290
1
176
1
290
0
176
1
290
0
176
1
290
0
176
1
290
0
176
1
290
0
176
1
290
0
176
1
 90
50
176
1
 40
0.0
176
1
 40
1.0
176
1
 90
0
176
1
 62
18
420
0
176
1
 90
50
176
1
 90
3
176
1
 62
5
420
255
176
1
290
0
176
1
 90
50
176
1
 90
50
176
1
 90
50
176
1
290
0
176
1
 90
50
176
1
 62
256
176
0
 40
1.0
176
0
 90
2
176
1
  1
strokes_ogs.tif
176
1
290
0
176
1
 40
1.0
176
1
 40
1.0
176
1
  0
VISUALSTYLE
  5
6F
102
{ACAD_REACTORS
330
16
102
}
330
16
100
AcDbVisualStyle
  2
Sketchy
 70
24
177
3
291
0
 70
58
 90
2
176
1
 90
2
176
1
 90
0
176
1
 90
1
176
1
 40
0.6
176
1
 40
30.0
176
1
 62
7
420
16777215
176
1
 90
1
176
1
 90
4
176
1
 62
7
176
1
 62
257
176
1
 90
1
176
1
 90
1
176
1
 40
1.0
176
1
 90
8
176
1
 62
7
176
1
 40
1.0
176
1
 90
1
176
1
 90
6
176
1
 90
2
176
1
 62
7
176
1
 90
5
176
1
 90
0
176
1
 90
0
176
1
290
0
176
1
 90
1
176
1
 40
0.0
176
1
 90
0
176
1
290
0
176
1
290
1
176
1
290
1
176
1
290
0
176
1
290
0
176
1
290
0
176
1
290
0
176
1
290
0
176
1
290
0
176
1
 90
50
176
1
 40
0.0
176
1
 40
1.0
176
1
 90
0
176
1
 62
18
420
0
176
1
 90
50
176
1
 90
3
176
1
 62
5
420
255
176
1
290
0
176
1
 90
50
176
1
 90
50
176
1
 90
50
176
1
290
0
176
1
 90
50
176
1
 62
256
176
0
 40
1.0
176
0
 90
2
176
1
  1
strokes_ogs.tif
176
1
290
0
176
1
 40
1.0
176
1
 40
1.0
176
1
  0
VISUALSTYLE
  5
70
102
{ACAD_REACTORS
330
16
102
}
330
16
100
AcDbVisualStyle
  2
Thicken
 70
13
177
3
291
1
 70
58
 90
2
176
1
 90
2
176
1
 90
0
176
1
 90
2
176
1
 40
0.6
176
1
 40
30.0
176
1
 62
7
420
16777215
176
1
 90
1
176
1
 90
4
176
1
 62
7
176
1
 62
257
176
1
 90
1
176
1
 90
1
176
1
 40
1.0
176
1
 90
8
176
1
 62
7
176
1
 40
1.0
176
1
 90
1
176
1
 90
6
176
1
 90
2
176
1
 62
7
176
1
 90
5
176
1
 90
0
176
1
 90
0
176
1
290
0
176
1
 90
1
176
1
 40
0.0
176
1
 90
0
176
1
290
0
176
1
290
1
176
1
290
1
176
1
290
0
176
1
290
0
176
1
290
0
176
1
290
0
176
1
290
0
176
1
290
0
176
1
 90
50
176
1
 40
0.0
176
1
 40
1.0
176
1
 90
0
176
1
 62
18
420
0
176
1
 90
50
176
1
 90
3
176
1
 62
5
420
255
176
1
290
0
176
1
 90
50
176
1
 90
50
176
1
 90
50
176
1
290
0
176
1
 90
50
176
1
 62
256
176
0
 40
1.0
176
0
 90
2
176
1
  1
strokes_ogs.tif
176
1
290
0
176
1
 40
1.0
176
1
 40
1.0
176
1
  0
VISUALSTYLE
  5
71
102
{ACAD_REACTORS
330
16
102
}
330
16
100
AcDbVisualStyle
  2
Wireframe
 70
5
177
3
291
0
 70
58
 90
2
176
1
 90
2
176
1
 90
0
176
1
 90
0
176
1
 40
0.6
176
1
 40
30.0
176
1
 62
7
420
16777215
176
1
 90
1
176
1
 90
4
176
1
 62
7
176
1
 62
257
176
1
 90
1
176
1
 90
1
176
1
 40
1.0
176
1
 90
8
176
1
 62
7
176
1
 40
1.0
176
1
 90
1
176
1
 90
6
176
1
 90
2
176
1
 62
7
176
1
 90
5
176
1
 90
0
176
1
 90
0
176
1
290
0
176
1
 90
1
176
1
 40
0.0
176
1
 90
0
176
1
290
0
176
1
290
1
176
1
290
1
176
1
290
0
176
1
290
0
176
1
290
0
176
1
290
0
176
1
290
0
176
1
290
0
176
1
 90
50
176
1
 40
0.0
176
1
 40
1.0
176
1
 90
0
176
1
 62
18
420
0
176
1
 90
50
176
1
 90
3
176
1
 62
5
420
255
176
1
290
0
176
1
 90
50
176
1
 90
50
176
1
 90
50
176
1
290
0
176
1
 90
50
176
1
 62
256
176
0
 40
1.0
176
0
 90
2
176
1
  1
strokes_ogs.tif
176
1
290
0
176
1
 40
1.0
176
1
 40
1.0
176
1
  0
VISUALSTYLE
  5
72
102
{ACAD_REACTORS
330
16
102
}
330
16
100
AcDbVisualStyle
  2
X-Ray
 70
25
177
3
291
0
 70
58
 90
2
176
1
 90
2
176
1
 90
0
176
1
 90
2
176
1
 40
0.5
176
1
 40
30.0
176
1
 62
7
420
16777215
176
1
 90
1
176
1
 90
4
176
1
 62
7
176
1
 62
257
176
1
 90
1
176
1
 90
1
176
1
 40
1.0
176
1
 90
8
176
1
 62
7
176
1
 40
1.0
176
1
 90
1
176
1
 90
6
176
1
 90
2
176
1
 62
7
176
1
 90
5
176
1
 90
0
176
1
 90
0
176
1
290
0
176
1
 90
1
176
1
 40
0.0
176
1
 90
0
176
1
290
0
176
1
290
1
176
1
290
1
176
1
290
0
176
1
290
0
176
1
290
0
176
1
290
0
176
1
290
0
176
1
290
0
176
1
 90
50
176
1
 40
0.0
176
1
 40
1.0
176
1
 90
0
176
1
 62
18
420
0
176
1
 90
50
176
1
 90
3
176
1
 62
5
420
255
176
1
290
0
176
1
 90
50
176
1
 90
50
176
1
 90
50
176
1
290
0
176
1
 90
50
176
1
 62
256
176
0
 40
1.0
176
0
 90
2
176
1
  1
strokes_ogs.tif
176
1
290
0
176
1
 40
1.0
176
1
 40
1.0
176
1
  0
DICTIONARYVAR
  5
7DB
330
2D
100
DictionaryVariables
280
0
  1
1.4.4 @ 2026-10-08T16:59:40.103146+00:00
  0
ENDSEC
  0
EOF
