  0
SECTION
  2
HEADER
  9
$ACADVER
  1
AC1032
  9
$ACADMAINTVER
 90
4
  9
$DWGCODEPAGE
  3
ANSI_1252
  9
$LASTSAVEDBY
  1
ezdxf
  9
$REQUIREDVERSIONS
160
0
  9
$INSBASE
 10
0.0
 20
0.0
 30
0.0
  9
$EXTMIN
 10
1e+20
 20
1e+20
 30
1e+20
  9
$EXTMAX
 10
-1e+20
 20
-1e+20
 30
-1e+20
  9
$LIMMIN
 10
0.0
 20
0.0
  9
$LIMMAX
 10
420.0
 20
297.0
  9
$ORTHOMODE
 70
0
  9
$REGENMODE
 70
1
  9
$FILLMODE
 70
1
  9
$QTEXTMODE
 70
0
  9
$MIRRTEXT
 70
1
  9
$LTSCALE
 40
1.0
  9
$ATTMODE
 70
1
  9
$TEXTSIZE
 40
2.5
  9
$TRACEWID
 40
1.0
  9
$TEXTSTYLE
  7
OpenSans
  9
$CLAYER
  8
0
  9
$CELTYPE
  6
ByLayer
  9
$CECOLOR
 62
256
  9
$CELTSCALE
 40
1.0
  9
$DISPSILH
 70
0
  9
$DIMSCALE
 40
1.0
  9
$DIMASZ
 40
0.175
  9
$DIMEXO
 40
0.125
  9
$DIMDLI
 40
3.75
  9
$DIMRND
 40
0.0
  9
$DIMDLE
 40
0.0
  9
$DIMEXE
 40
0.375
  9
$DIMTP
 40
0.0
  9
$DIMTM
 40
0.0
  9
$DIMTXT
 40
0.25
  9
$DIMCEN
 40
2.5
  9
$DIMTSZ
 40
0.0
  9
$DIMTOL
 70
0
  9
$DIMLIM
 70
0
  9
$DIMTIH
 70
0
  9
$DIMTOH
 70
0
  9
$DIMSE1
 70
0
  9
$DIMSE2
 70
0
  9
$DIMTAD
 70
1
  9
$DIMZIN
 70
12
  9
$DIMBLK
  1
ARCHTICK
  9
$DIMASO
 70
1
  9
$DIMSHO
 70
1
  9
$DIMPOST
  1

  9
$DIMAPOST
  1

  9
$DIMALT
 70
0
  9
$DIMALTD
 70
3
  9
$DIMALTF
 40
0.03937007874
  9
$DIMLFAC
 40
100.0
  9
$DIMTOFL
 70
1
  9
$DIMTVP
 40
0.0
  9
$DIMTIX
 70
0
  9
$DIMSOXD
 70
0
  9
$DIMSAH
 70
0
  9
$DIMBLK1
  1

  9
$DIMBLK2
  1

  9
$DIMSTYLE
  2
EZDXF
  9
$DIMCLRD
 70
0
  9
$DIMCLRE
 70
0
  9
$DIMCLRT
 70
0
  9
$DIMTFAC
 40
0.5
  9
$DIMGAP
 40
0.1
  9
$DIMJUST
 70
0
  9
$DIMSD1
 70
0
  9
$DIMSD2
 70
0
  9
$DIMTOLJ
 70
0
  9
$DIMTZIN
 70
8
  9
$DIMALTZ
 70
0
  9
$DIMALTTZ
 70
0
  9
$DIMUPT
 70
1
  9
$DIMDEC
 70
2
  9
$DIMTDEC
 70
2
  9
$DIMALTU
 70
2
  9
$DIMALTTD
 70
3
  9
$DIMTXSTY
  7
OpenSansCondensed-Light
  9
$DIMAUNIT
 70
0
  9
$DIMADEC
 70
2
  9
$DIMALTRND
 40
0.0
  9
$DIMAZIN
 70
3
  9
$DIMDSEP
 70
46
  9
$DIMATFIT
 70
3
  9
$DIMFRAC
 70
0
  9
$DIMLDRBLK
  1

  9
$DIMLUNIT
 70
2
  9
$DIMLWD
 70
-2
  9
$DIMLWE
 70
-2
  9
$DIMTMOVE
 70
2
  9
$DIMFXL
 40
1.0
  9
$DIMFXLON
 70
0
  9
$DIMJOGANG
 40
0.785398163397
  9
$DIMTFILL
 70
0
  9
$DIMTFILLCLR
 70
0
  9
$DIMARCSYM
 70
0
  9
$DIMLTYPE
  6

  9
$DIMLTEX1
  6

  9
$DIMLTEX2
  6

  9
$DIMTXTDIRECTION
 70
0
  9
$LUNITS
 70
2
  9
$LUPREC
 70
4
  9
$SKETCHINC
 40
1.0
  9
$FILLETRAD
 40
10.0
  9
$AUNITS
 70
0
  9
$AUPREC
 70
2
  9
$MENU
  1
.
  9
$ELEVATION
 40
0.0
  9
$PELEVATION
 40
0.0
  9
$THICKNESS
 40
0.0
  9
$LIMCHECK
 70
0
  9
$CHAMFERA
 40
0.0
  9
$CHAMFERB
 40
0.0
  9
$CHAMFERC
 40
0.0
  9
$CHAMFERD
 40
0.0
  9
$SKPOLY
 70
0
  9
$TDCREATE
 40
2461322.7339004627
  9
$TDUCREATE
 40
2458532.153996898
  9
$TDUPDATE
 40
2461322.7339004627
  9
$TDUUPDATE
 40
2458532.1544311
  9
$TDINDWG
 40
0.0
  9
$TDUSRTIMER
 40
0.0
  9
$USRTIMER
 70
1
  9
$ANGBASE
 50
0.0
  9
$ANGDIR
 70
0
  9
$PDMODE
 70
0
  9
$PDSIZE
 40
0.0
  9
$PLINEWID
 40
0.0
  9
$SPLFRAME
 70
0
  9
$SPLINETYPE
 70
6
  9
$SPLINESEGS
 70
8
  9
$HANDSEED
  5
4D8
  9
$SURFTAB1
 70
6
  9
$SURFTAB2
 70
6
  9
$SURFTYPE
 70
6
  9
$SURFU
 70
6
  9
$SURFV
 70
6
  9
$UCSBASE
  2

  9
$UCSNAME
  2

  9
$UCSORG
 10
0.0
 20
0.0
 30
0.0
  9
$UCSXDIR
 10
1.0
 20
0.0
 30
0.0
  9
$UCSYDIR
 10
0.0
 20
1.0
 30
0.0
  9
$UCSORTHOREF
  2

  9
$UCSORTHOVIEW
 70
0
  9
$UCSORGTOP
 10
0.0
 20
0.0
 30
0.0
  9
$UCSORGBOTTOM
 10
0.0
 20
0.0
 30
0.0
  9
$UCSORGLEFT
 10
0.0
 20
0.0
 30
0.0
  9
$UCSORGRIGHT
 10
0.0
 20
0.0
 30
0.0
  9
$UCSORGFRONT
 10
0.0
 20
0.0
 30
0.0
  9
$UCSORGBACK
 10
0.0
 20
0.0
 30
0.0
  9
$PUCSBASE
  2

  9
$PUCSNAME
  2

  9
$PUCSORG
 10
0.0
 20
0.0
 30
0.0
  9
$PUCSXDIR
 10
1.0
 20
0.0
 30
0.0
  9
$PUCSYDIR
 10
0.0
 20
1.0
 30
0.0
  9
$PUCSORTHOREF
  2

  9
$PUCSORTHOVIEW
 70
0
  9
$PUCSORGTOP
 10
0.0
 20
0.0
 30
0.0
  9
$PUCSORGBOTTOM
 10
0.0
 20
0.0
 30
0.0
  9
$PUCSORGLEFT
 10
0.0
 20
0.0
 30
0.0
  9
$PUCSORGRIGHT
 10
0.0
 20
0.0
 30
0.0
  9
$PUCSORGFRONT
 10
0.0
 20
0.0
 30
0.0
  9
$PUCSORGBACK
 10
0.0
 20
0.0
 30
0.0
  9
$USERI1
 70
0
  9
$USERI2
 70
0
  9
$USERI3
 70
0
  9
$USERI4
 70
0
  9
$USERI5
 70
0
  9
$USERR1
 40
0.0
  9
$USERR2
 40
0.0
  9
$USERR3
 40
0.0
  9
$USERR4
 40
0.0
  9
$USERR5
 40
0.0
  9
$WORLDVIEW
 70
1
  9
$SHADEDGE
 70
3
  9
$SHADEDIF
 70
70
  9
$TILEMODE
 70
1
  9
$MAXACTVP
 70
64
  9
$PINSBASE
 10
0.0
 20
0.0
 30
0.0
  9
$PLIMCHECK
 70
0
  9
$PEXTMIN
 10
1e+20
 20
1e+20
 30
1e+20
  9
$PEXTMAX
 10
-1e+20
 20
-1e+20
 30
-1e+20
  9
$PLIMMIN
 10
0.0
 20
0.0
  9
$PLIMMAX
 10
420.0
 20
297.0
  9
$UNITMODE
 70
0
  9
$VISRETAIN
 70
1
  9
$PLINEGEN
 70
0
  9
$PSLTSCALE
 70
1
  9
$TREEDEPTH
 70
3020
  9
$CMLSTYLE
  2
Standard
  9
$CMLJUST
 70
0
  9
$CMLSCALE
 40
20.0
  9
$PROXYGRAPHICS
 70
1
  9
$MEASUREMENT
 70
1
  9
$CELWEIGHT
370
-1
  9
$ENDCAPS
280
0
  9
$JOINSTYLE
280
0
  9
$LWDISPLAY
290
0
  9
$INSUNITS
 70
4
  9
$HYPERLINKBASE
  1

  9
$STYLESHEET
  1

  9
$XEDIT
290
1
  9
$CEPSNTYPE
380
0
  9
$PSTYLEMODE
290
1
  9
$FINGERPRINTGUID
  2
{9E8F4C5D-497A-4072-B719-7E604AE2C8D5}
  9
$VERSIONGUID
  2
{D6314BFC-0065-4436-A262-7DD2AACA8F6C}
  9
$EXTNAMES
290
1
  9
$PSVPSCALE
 40
0.0
  9
$OLESTARTUP
290
0
  9
$SORTENTS
280
127
  9
$INDEXCTL
280
0
  9
$HIDETEXT
280
1
  9
$XCLIPFRAME
280
1
  9
$HALOGAP
280
0
  9
$OBSCOLOR
 70
257
  9
$OBSLTYPE
280
0
  9
$INTERSECTIONDISPLAY
280
0
  9
$INTERSECTIONCOLOR
 70
257
  9
$DIMASSOC
280
2
  9
$PROJECTNAME
  1

  9
$CAMERADISPLAY
290
0
  9
$LENSLENGTH
 40
50.0
  9
$CAMERAHEIGHT
 40
0.0
  9
$STEPSPERSEC
 40
24.0
  9
$STEPSIZE
 40
100.0
  9
$3DDWFPREC
 40
2.0
  9
$PSOLWIDTH
 40
0.005
  9
$PSOLHEIGHT
 40
0.08
  9
$LOFTANG1
 40
1.570796326795
  9
$LOFTANG2
 40
1.570796326795
  9
$LOFTMAG1
 40
0.0
  9
$LOFTMAG2
 40
0.0
  9
$LOFTPARAM
 70
7
  9
$LOFTNORMALS
280
1
  9
$LATITUDE
 40
37.795
  9
$LONGITUDE
 40
-122.394
  9
$NORTHDIRECTION
 40
0.0
  9
$TIMEZONE
 70
-8000
  9
$LIGHTGLYPHDISPLAY
280
1
  9
$TILEMODELIGHTSYNCH
280
1
  9
$CMATERIAL
347
20
  9
$SOLIDHIST
280
0
  9
$SHOWHIST
280
1
  9
$DWFFRAME
280
2
  9
$DGNFRAME
280
2
  9
$REALWORLDSCALE
290
1
  9
$INTERFERECOLOR
 62
256
  9
$CSHADOW
280
0
  9
$SHADOWPLANELOCATION
 40
0.0
  0
ENDSEC
  0
SECTION
  2
CLASSES
  0
CLASS
  1
ACDBDICTIONARYWDFLT
  2
AcDbDictionaryWithDefault
  3
ObjectDBX Classes
 90
0
 91
0
280
0
281
0
  0
CLASS
  1
SUN
  2
AcDbSun
  3
SCENEOE
 90
1153
 91
0
280
0
281
0
  0
CLASS
  1
VISUALSTYLE
  2
AcDbVisualStyle
  3
ObjectDBX Classes
 90
4095
 91
0
280
0
281
0
  0
CLASS
  1
MATERIAL
  2
AcDbMaterial
  3
ObjectDBX Classes
 90
1153
 91
0
280
0
281
0
  0
CLASS
  1
SCALE
  2
AcDbScale
  3
ObjectDBX Classes
 90
1153
 91
0
280
0
281
0
  0
CLASS
  1
TABLESTYLE
  2
AcDbTableStyle
  3
ObjectDBX Classes
 90
4095
 91
0
280
0
281
0
  0
CLASS
  1
MLEADERSTYLE
  2
AcDbMLeaderStyle
  3
ACDB_MLEADERSTYLE_CLASS
 90
4095
 91
0
280
0
281
0
  0
CLASS
  1
DICTIONARYVAR
  2
AcDbDictionaryVar
  3
ObjectDBX Classes
 90
0
 91
0
280
0
281
0
  0
CLASS
  1
CELLSTYLEMAP
  2
AcDbCellStyleMap
  3
ObjectDBX Classes
 90
1152
 91
0
280
0
281
0
  0
CLASS
  1
MENTALRAYRENDERSETTINGS
  2
AcDbMentalRayRenderSettings
  3
SCENEOE
 90
1024
 91
0
280
0
281
0
  0
CLASS
  1
ACDBDETAILVIEWSTYLE
  2
AcDbDetailViewStyle
  3
ObjectDBX Classes
 90
1025
 91
0
280
0
281
0
  0
CLASS
  1
ACDBSECTIONVIEWSTYLE
  2
AcDbSectionViewStyle
  3
ObjectDBX Classes
 90
1025
 91
0
280
0
281
0
  0
CLASS
  1
RASTERVARIABLES
  2
AcDbRasterVariables
  3
ISM
 90
0
 91
0
280
0
281
0
  0
CLASS
  1
ACDBPLACEHOLDER
  2
AcDbPlaceHolder
  3
ObjectDBX Classes
 90
0
 91
0
280
0
281
0
  0
CLASS
  1
LAYOUT
  2
AcDbLayout
  3
ObjectDBX Classes
 90
0
 91
0
280
0
281
0
  0
ENDSEC
  0
SECTION
  2
TABLES
  0
TABLE
  2
VPORT
  5
8
330
0
100
AcDbSymbolTable
 70
1
  0
VPORT
  5
23
330
8
100
AcDbSymbolTableRecord
100
AcDbViewportTableRecord
  2
*Active
 70
0
 10
0.0
 20
0.0
 11
1.0
 21
1.0
 12
0.0
 22
0.0
 13
0.0
 23
0.0
 14
0.5
 24
0.5
 15
0.5
 25
0.5
 16
0.0
 26
0.0
 36
1.0
 17
0.0
 27
0.0
 37
0.0
 40
1000.0
 41
1.34
 42
50.0
 43
0.0
 44
0.0
 50
0.0
 51
0.0
 71
0
 72
1000
 73
1
 74
3
 75
0
 76
0
 77
0
 78
0
281
0
 65
0
146
0.0
  0
ENDTAB
  0
TABLE
  2
LTYPE
  5
2
330
0
100
AcDbSymbolTable
 70
21
  0
LTYPE
  5
24
330
2
100
AcDbSymbolTableRecord
100
AcDbLinetypeTableRecord
  2
ByBlock
 70
0
  3

 72
65
 73
0
 40
0.0
  0
LTYPE
  5
25
330
2
100
AcDbSymbolTableRecord
100
AcDbLinetypeTableRecord
  2
ByLayer
 70
0
  3

 72
65
 73
0
 40
0.0
  0
LTYPE
  5
26
330
2
100
AcDbSymbolTableRecord
100
AcDbLinetypeTableRecord
  2
Continuous
 70
0
  3

 72
65
 73
0
 40
0.0
  0
LTYPE
  5
2F
330
2
100
AcDbSymbolTableRecord
100
AcDbLinetypeTableRecord
  2
CENTER
 70
0
  3
Center ____ _ ____ _ ____ _ ____ _ ____ _ ____
 72
65
 73
4
 40
5.08
 49
3.175
 74
0
 49
-0.635
 74
0
 49
0.635
 74
0
 49
-0.635
 74
0
  0
LTYPE
  5
30
330
2
100
AcDbSymbolTableRecord
100
AcDbLinetypeTableRecord
  2
CENTERX2
 70
0
  3
Center (2x) ________  __  ________  __  ________
 72
65
 73
4
 40
8.89
 49
6.35
 74
0
 49
-0.635
 74
0
 49
1.27
 74
0
 49
-0.635
 74
0
  0
LTYPE
  5
31
330
2
100
AcDbSymbolTableRecord
100
AcDbLinetypeTableRecord
  2
CENTER2
 70
0
  3
Center (.5x) ____ _ ____ _ ____ _ ____ _ ____
 72
65
 73
4
 40
2.54
 49
1.587
 74
0
 49
-0.318
 74
0
 49
0.318
 74
0
 49
-0.318
 74
0
  0
LTYPE
  5
32
330
2
100
AcDbSymbolTableRecord
100
AcDbLinetypeTableRecord
  2
DASHED
 70
0
  3
Dashed __ __ __ __ __ __ __ __ __ __ __ __ __ _
 72
65
 73
2
 40
1.524
 49
1.27
 74
0
 49
-0.254
 74
0
  0
LTYPE
  5
33
330
2
100
AcDbSymbolTableRecord
100
AcDbLinetypeTableRecord
  2
DASHEDX2
 70
0
  3
Dashed (2x) ____  ____  ____  ____  ____  ____
 72
65
 73
2
 40
3.048
 49
2.54
 74
0
 49
-0.508
 74
0
  0
LTYPE
  5
34
330
2
100
AcDbSymbolTableRecord
100
AcDbLinetypeTableRecord
  2
DASHED2
 70
0
  3
Dashed (.5x) _ _ _ _ _ _ _ _ _ _ _ _ _ _
 72
65
 73
2
 40
0.762
 49
0.635
 74
0
 49
-0.127
 74
0
  0
LTYPE
  5
35
330
2
100
AcDbSymbolTableRecord
100
AcDbLinetypeTableRecord
  2
PHANTOM
 70
0
  3
Phantom ______  __  __  ______  __  __  ______
 72
65
 73
6
 40
6.35
 49
3.175
 74
0
 49
-0.635
 74
0
 49
0.635
 74
0
 49
-0.635
 74
0
 49
0.635
 74
0
 49
-0.635
 74
0
  0
LTYPE
  5
36
330
2
100
AcDbSymbolTableRecord
100
AcDbLinetypeTableRecord
  2
PHANTOMX2
 70
0
  3
Phantom (2x)____________    ____    ____    ____________
 72
65
 73
6
 40
10.795
 49
6.35
 74
0
 49
-0.635
 74
0
 49
1.27
 74
0
 49
-0.635
 74
0
 49
1.27
 74
0
 49
-0.635
 74
0
  0
LTYPE
  5
37
330
2
100
AcDbSymbolTableRecord
100
AcDbLinetypeTableRecord
  2
PHANTOM2
 70
0
  3
Phantom (.5x) ___ _ _ ___ _ _ ___ _ _ ___ _ _ ___
 72
65
 73
6
 40
3.175
 49
1.587
 74
0
 49
-0.318
 74
0
 49
0.318
 74
0
 49
-0.318
 74
0
 49
0.318
 74
0
 49
-0.318
 74
0
  0
LTYPE
  5
38
330
2
100
AcDbSymbolTableRecord
100
AcDbLinetypeTableRecord
  2
DASHDOT
 70
0
  3
Dash dot __ . __ . __ . __ . __ . __ . __ . __
 72
65
 73
4
 40
3.556
 49
2.54
 74
0
 49
-0.508
 74
0
 49
0.0
 74
0
 49
-0.508
 74
0
  0
LTYPE
  5
39
330
2
100
AcDbSymbolTableRecord
100
AcDbLinetypeTableRecord
  2
DASHDOTX2
 70
0
  3
Dash dot (2x) ____  .  ____  .  ____  .  ____
 72
65
 73
4
 40
6.096
 49
5.08
 74
0
 49
-0.508
 74
0
 49
0.0
 74
0
 49
-0.508
 74
0
  0
LTYPE
  5
3A
330
2
100
AcDbSymbolTableRecord
100
AcDbLinetypeTableRecord
  2
DASHDOT2
 70
0
  3
Dash dot (.5x) _ . _ . _ . _ . _ . _ . _ . _
 72
65
 73
4
 40
1.778
 49
1.27
 74
0
 49
-0.254
 74
0
 49
0.0
 74
0
 49
-0.254
 74
0
  0
LTYPE
  5
3B
330
2
100
AcDbSymbolTableRecord
100
AcDbLinetypeTableRecord
  2
DOT
 70
0
  3
Dot .  .  .  .  .  .  .  .  .  .  .  .  .  .  .  .
 72
65
 73
2
 40
0.508
 49
0.0
 74
0
 49
-0.508
 74
0
  0
LTYPE
  5
3C
330
2
100
AcDbSymbolTableRecord
100
AcDbLinetypeTableRecord
  2
DOTX2
 70
0
  3
Dot (2x) .    .    .    .    .    .    .    . 
 72
65
 73
2
 40
1.016
 49
0.0
 74
0
 49
-1.016
 74
0
  0
LTYPE
  5
3D
330
2
100
AcDbSymbolTableRecord
100
AcDbLinetypeTableRecord
  2
DOT2
 70
0
  3
Dot (.5) . . . . . . . . . . . . . . . . . . . 
 72
65
 73
2
 40
0.254
 49
0.0
 74
0
 49
-0.254
 74
0
  0
LTYPE
  5
3E
330
2
100
AcDbSymbolTableRecord
100
AcDbLinetypeTableRecord
  2
DIVIDE
 70
0
  3
Divide __ . . __ . . __ . . __ . . __ . . __
 72
65
 73
6
 40
4.064
 49
2.54
 74
0
 49
-0.508
 74
0
 49
0.0
 74
0
 49
-0.508
 74
0
 49
0.0
 74
0
 49
-0.508
 74
0
  0
LTYPE
  5
3F
330
2
100
AcDbSymbolTableRecord
100
AcDbLinetypeTableRecord
  2
DIVIDEX2
 70
0
  3
Divide (2x) ____  . .  ____  . .  ____  . .  ____
 72
65
 73
6
 40
6.604
 49
5.08
 74
0
 49
-0.508
 74
0
 49
0.0
 74
0
 49
-0.508
 74
0
 49
0.0
 74
0
 49
-0.508
 74
0
  0
LTYPE
  5
40
330
2
100
AcDbSymbolTableRecord
100
AcDbLinetypeTableRecord
  2
DIVIDE2
 70
0
  3
Divide(.5x) _ . _ . _ . _ . _ . _ . _ . _
 72
65
 73
6
 40
2.032
 49
1.27
 74
0
 49
-0.254
 74
0
 49
0.0
 74
0
 49
-0.254
 74
0
 49
0.0
 74
0
 49
-0.254
 74
0
  0
ENDTAB
  0
TABLE
  2
LAYER
  5
1
330
0
100
AcDbSymbolTable
 70
16
  0
LAYER
  5
27
330
1
100
AcDbSymbolTableRecord
100
AcDbLayerTableRecord
  2
0
 70
0
 62
7
  6
Continuous
370
-3
390
13
347
21
  0
LAYER
  5
28
330
1
100
AcDbSymbolTableRecord
100
AcDbLayerTableRecord
  2
Defpoints
 70
0
 62
7
  6
Continuous
290
0
370
-3
390
13
347
21
  0
LAYER
  5
8B
330
1
100
AcDbSymbolTableRecord
100
AcDbLayerTableRecord
  2
FRAME
 70
0
 62
7
  6
CONTINUOUS
370
-3
390
13
347
21
  0
LAYER
  5
8C
330
1
100
AcDbSymbolTableRecord
100
AcDbLayerTableRecord
  2
AR-WALLS
 70
0
 62
7
  6
CONTINUOUS
370
-3
390
13
347
21
  0
LAYER
  5
8D
330
1
100
AcDbSymbolTableRecord
100
AcDbLayerTableRecord
  2
AR-NEW
 70
0
 62
5
  6
CONTINUOUS
370
-3
390
13
347
21
  0
LAYER
  5
8E
330
1
100
AcDbSymbolTableRecord
100
AcDbLayerTableRecord
  2
AR-DEMO
 70
0
 62
1
  6
DASHED
370
-3
390
13
347
21
  0
LAYER
  5
8F
330
1
100
AcDbSymbolTableRecord
100
AcDbLayerTableRecord
  2
FURN
 70
0
 62
8
  6
CONTINUOUS
370
-3
390
13
347
21
  0
LAYER
  5
90
330
1
100
AcDbSymbolTableRecord
100
AcDbLayerTableRecord
  2
EL-LIGHT
 70
0
 62
30
  6
CONTINUOUS
370
-3
390
13
347
21
  0
LAYER
  5
91
330
1
100
AcDbSymbolTableRecord
100
AcDbLayerTableRecord
  2
EL-SOCKET
 70
0
 62
6
  6
CONTINUOUS
370
-3
390
13
347
21
  0
LAYER
  5
92
330
1
100
AcDbSymbolTableRecord
100
AcDbLayerTableRecord
  2
EL-LOW
 70
0
 62
3
  6
CONTINUOUS
370
-3
390
13
347
21
  0
LAYER
  5
93
330
1
100
AcDbSymbolTableRecord
100
AcDbLayerTableRecord
  2
VK
 70
0
 62
4
  6
CONTINUOUS
370
-3
390
13
347
21
  0
LAYER
  5
94
330
1
100
AcDbSymbolTableRecord
100
AcDbLayerTableRecord
  2
OV
 70
0
 62
3
  6
CONTINUOUS
370
-3
390
13
347
21
  0
LAYER
  5
95
330
1
100
AcDbSymbolTableRecord
100
AcDbLayerTableRecord
  2
DIM
 70
0
 62
7
  6
CONTINUOUS
370
-3
390
13
347
21
  0
LAYER
  5
96
330
1
100
AcDbSymbolTableRecord
100
AcDbLayerTableRecord
  2
TEXT
 70
0
 62
7
  6
CONTINUOUS
370
-3
390
13
347
21
  0
LAYER
  5
97
330
1
100
AcDbSymbolTableRecord
100
AcDbLayerTableRecord
  2
AR-FIN
 70
0
 62
9
  6
CONTINUOUS
370
-3
390
13
347
21
  0
LAYER
  5
98
330
1
100
AcDbSymbolTableRecord
100
AcDbLayerTableRecord
  2
BASE
 70
0
 62
9
  6
CONTINUOUS
370
-3
390
13
347
21
  0
ENDTAB
  0
TABLE
  2
STYLE
  5
5
330
0
100
AcDbSymbolTable
 70
27
  0
STYLE
  5
29
330
5
100
AcDbSymbolTableRecord
100
AcDbTextStyleTableRecord
  2
Standard
 70
0
 40
0.0
 41
1.0
 50
0.0
 71
0
 42
2.5
  3
DejaVuSans.ttf
  4

  0
STYLE
  5
41
330
5
100
AcDbSymbolTableRecord
100
AcDbTextStyleTableRecord
  2
OpenSans-Light
 70
0
 40
0.0
 41
1.0
 50
0.0
 71
0
 42
2.5
  3
OpenSans-Light.ttf
  4

  0
STYLE
  5
42
330
5
100
AcDbSymbolTableRecord
100
AcDbTextStyleTableRecord
  2
OpenSans-Light-Italic
 70
0
 40
0.0
 41
1.0
 50
0.0
 71
0
 42
2.5
  3
OpenSans-LightItalic.ttf
  4

  0
STYLE
  5
43
330
5
100
AcDbSymbolTableRecord
100
AcDbTextStyleTableRecord
  2
OpenSans
 70
0
 40
0.0
 41
1.0
 50
0.0
 71
0
 42
2.5
  3
OpenSans-Regular.ttf
  4

  0
STYLE
  5
44
330
5
100
AcDbSymbolTableRecord
100
AcDbTextStyleTableRecord
  2
OpenSans-Italic
 70
0
 40
0.0
 41
1.0
 50
0.0
 71
0
 42
2.5
  3
OpenSans-Italic.ttf
  4

  0
STYLE
  5
45
330
5
100
AcDbSymbolTableRecord
100
AcDbTextStyleTableRecord
  2
OpenSans-SemiBold
 70
0
 40
0.0
 41
1.0
 50
0.0
 71
0
 42
2.5
  3
OpenSans-SemiBold.ttf
  4

  0
STYLE
  5
46
330
5
100
AcDbSymbolTableRecord
100
AcDbTextStyleTableRecord
  2
OpenSans-SemiBoldItalic
 70
0
 40
0.0
 41
1.0
 50
0.0
 71
0
 42
2.5
  3
OpenSans-SemiBoldItalic.ttf
  4

  0
STYLE
  5
47
330
5
100
AcDbSymbolTableRecord
100
AcDbTextStyleTableRecord
  2
OpenSans-Bold
 70
0
 40
0.0
 41
1.0
 50
0.0
 71
0
 42
2.5
  3
OpenSans-Bold.ttf
  4

  0
STYLE
  5
48
330
5
100
AcDbSymbolTableRecord
100
AcDbTextStyleTableRecord
  2
OpenSans-BoldItalic
 70
0
 40
0.0
 41
1.0
 50
0.0
 71
0
 42
2.5
  3
OpenSans-BoldItalic.ttf
  4

  0
STYLE
  5
49
330
5
100
AcDbSymbolTableRecord
100
AcDbTextStyleTableRecord
  2
OpenSans-ExtraBold
 70
0
 40
0.0
 41
1.0
 50
0.0
 71
0
 42
2.5
  3
OpenSans-ExtraBold.ttf
  4

  0
STYLE
  5
4A
330
5
100
AcDbSymbolTableRecord
100
AcDbTextStyleTableRecord
  2
OpenSans-ExtraBoldItalic
 70
0
 40
0.0
 41
1.0
 50
0.0
 71
0
 42
2.5
  3
OpenSans-ExtraBoldItalic.ttf
  4

  0
STYLE
  5
4B
330
5
100
AcDbSymbolTableRecord
100
AcDbTextStyleTableRecord
  2
OpenSansCondensed-Bold
 70
0
 40
0.0
 41
1.0
 50
0.0
 71
0
 42
2.5
  3
OpenSansCondensed-Bold.ttf
  4

  0
STYLE
  5
4C
330
5
100
AcDbSymbolTableRecord
100
AcDbTextStyleTableRecord
  2
OpenSansCondensed-Light
 70
0
 40
0.0
 41
1.0
 50
0.0
 71
0
 42
2.5
  3
OpenSansCondensed-Light.ttf
  4

  0
STYLE
  5
4D
330
5
100
AcDbSymbolTableRecord
100
AcDbTextStyleTableRecord
  2
OpenSansCondensed-Italic
 70
0
 40
0.0
 41
1.0
 50
0.0
 71
0
 42
2.5
  3
OpenSansCondensed-LightItalic.ttf
  4

  0
STYLE
  5
4E
330
5
100
AcDbSymbolTableRecord
100
AcDbTextStyleTableRecord
  2
LiberationSans
 70
0
 40
0.0
 41
1.0
 50
0.0
 71
0
 42
2.5
  3
LiberationSans-Regular.ttf
  4

  0
STYLE
  5
4F
330
5
100
AcDbSymbolTableRecord
100
AcDbTextStyleTableRecord
  2
LiberationSans-Bold
 70
0
 40
0.0
 41
1.0
 50
0.0
 71
0
 42
2.5
  3
LiberationSans-Bold.ttf
  4

  0
STYLE
  5
50
330
5
100
AcDbSymbolTableRecord
100
AcDbTextStyleTableRecord
  2
LiberationSans-BoldItalic
 70
0
 40
0.0
 41
1.0
 50
0.0
 71
0
 42
2.5
  3
LiberationSans-BoldItalic.ttf
  4

  0
STYLE
  5
51
330
5
100
AcDbSymbolTableRecord
100
AcDbTextStyleTableRecord
  2
LiberationSans-Italic
 70
0
 40
0.0
 41
1.0
 50
0.0
 71
0
 42
2.5
  3
LiberationSans-Italic.ttf
  4

  0
STYLE
  5
52
330
5
100
AcDbSymbolTableRecord
100
AcDbTextStyleTableRecord
  2
LiberationSerif
 70
0
 40
0.0
 41
1.0
 50
0.0
 71
0
 42
2.5
  3
LiberationSerif-Regular.ttf
  4

  0
STYLE
  5
53
330
5
100
AcDbSymbolTableRecord
100
AcDbTextStyleTableRecord
  2
LiberationSerif-Bold
 70
0
 40
0.0
 41
1.0
 50
0.0
 71
0
 42
2.5
  3
LiberationSerif-Bold.ttf
  4

  0
STYLE
  5
54
330
5
100
AcDbSymbolTableRecord
100
AcDbTextStyleTableRecord
  2
LiberationSerif-BoldItalic
 70
0
 40
0.0
 41
1.0
 50
0.0
 71
0
 42
2.5
  3
LiberationSerif-BoldItalic.ttf
  4

  0
STYLE
  5
55
330
5
100
AcDbSymbolTableRecord
100
AcDbTextStyleTableRecord
  2
LiberationSerif-Italic
 70
0
 40
0.0
 41
1.0
 50
0.0
 71
0
 42
2.5
  3
LiberationSerif-Italic.ttf
  4

  0
STYLE
  5
56
330
5
100
AcDbSymbolTableRecord
100
AcDbTextStyleTableRecord
  2
LiberationMono
 70
0
 40
0.0
 41
1.0
 50
0.0
 71
0
 42
2.5
  3
LiberationMono-Regular.ttf
  4

  0
STYLE
  5
57
330
5
100
AcDbSymbolTableRecord
100
AcDbTextStyleTableRecord
  2
LiberationMono-Bold
 70
0
 40
0.0
 41
1.0
 50
0.0
 71
0
 42
2.5
  3
LiberationMono-Bold.ttf
  4

  0
STYLE
  5
58
330
5
100
AcDbSymbolTableRecord
100
AcDbTextStyleTableRecord
  2
LiberationMono-BoldItalic
 70
0
 40
0.0
 41
1.0
 50
0.0
 71
0
 42
2.5
  3
LiberationMono-BoldItalic.ttf
  4

  0
STYLE
  5
59
330
5
100
AcDbSymbolTableRecord
100
AcDbTextStyleTableRecord
  2
LiberationMono-Italic
 70
0
 40
0.0
 41
1.0
 50
0.0
 71
0
 42
2.5
  3
LiberationMono-Italic.ttf
  4

  0
STYLE
  5
8A
330
5
100
AcDbSymbolTableRecord
100
AcDbTextStyleTableRecord
  2
GOST
 70
0
 40
0.0
 41
1.0
 50
0.0
 71
0
 42
2.5
  3
DejaVuSans.ttf
  4

  0
ENDTAB
  0
TABLE
  2
VIEW
  5
7
330
0
100
AcDbSymbolTable
 70
0
  0
ENDTAB
  0
TABLE
  2
UCS
  5
6
330
0
100
AcDbSymbolTable
 70
0
  0
ENDTAB
  0
TABLE
  2
APPID
  5
3
330
0
100
AcDbSymbolTable
 70
3
  0
APPID
  5
2A
330
3
100
AcDbSymbolTableRecord
100
AcDbRegAppTableRecord
  2
ACAD
 70
0
  0
APPID
  5
4D5
330
3
100
AcDbSymbolTableRecord
100
AcDbRegAppTableRecord
  2
HATCHBACKGROUNDCOLOR
 70
0
  0
APPID
  5
4D6
330
3
100
AcDbSymbolTableRecord
100
AcDbRegAppTableRecord
  2
EZDXF
 70
0
  0
ENDTAB
  0
TABLE
  2
DIMSTYLE
  5
4
330
0
100
AcDbSymbolTable
 70
12
100
AcDbDimStyleTable
  0
DIMSTYLE
105
2B
330
4
100
AcDbSymbolTableRecord
100
AcDbDimStyleTableRecord
  2
Standard
 70
0
 40
1.0
 41
2.5
 42
0.625
 43
3.75
 44
1.25
 45
0.0
 46
0.0
 47
0.0
 48
0.0
 49
2.5
140
2.5
141
2.5
142
0.0
143
0.03937007874
144
1.0
145
0.0
146
1.0
147
0.625
148
0.0
 69
0
 70
0
 71
0
 72
0
 73
0
 74
0
 75
0
 76
0
 77
1
 78
8
 79
3
170
0
171
3
172
1
173
0
174
0
175
0
176
0
177
0
178
0
179
2
271
2
272
2
273
2
274
3
275
0
276
0
277
2
278
44
279
0
280
0
281
0
282
0
283
0
284
8
285
0
286
0
288
0
289
3
290
0
371
-2
372
-2
  0
DIMSTYLE
105
73
330
4
100
AcDbSymbolTableRecord
100
AcDbDimStyleTableRecord
  2
EZDXF
 70
0
 40
1.0
 41
0.175
 42
0.125
 43
3.75
 44
0.375
 45
0.0
 46
0.0
 47
0.0
 48
0.0
 49
2.5
140
0.25
141
2.5
142
0.0
143
0.03937007874
144
100.0
145
0.0
146
0.5
147
0.1
148
0.0
 69
0
 70
0
 71
0
 72
0
 73
0
 74
0
 75
0
 76
0
 77
1
 78
12
 79
3
170
0
171
3
172
1
173
0
174
0
175
0
176
0
177
0
178
0
179
2
271
2
272
2
273
2
274
3
275
0
276
0
277
2
278
46
279
2
280
0
281
0
282
0
283
0
284
8
285
0
286
0
288
1
289
3
290
0
340
4C
342
74
371
-2
372
-2
  0
DIMSTYLE
105
7C
330
4
100
AcDbSymbolTableRecord
100
AcDbDimStyleTableRecord
  2
EZ_M_100_H25_CM
 70
0
 40
1.0
 41
0.25
 42
0.125
 43
3.75
 44
0.375
 45
0.0
 46
0.0
 47
0.0
 48
0.0
 49
2.5
140
0.25
141
2.5
142
0.125
143
0.03937007874
144
100.0
145
0.0
146
0.5
147
0.1
148
0.0
 69
0
 70
0
 71
0
 72
0
 73
0
 74
0
 75
0
 76
0
 77
1
 78
12
 79
3
170
0
171
3
172
1
173
0
174
0
175
0
176
0
177
0
178
0
179
2
271
2
272
2
273
2
274
3
275
0
276
0
277
2
278
46
279
2
280
0
281
0
282
0
283
0
284
8
285
0
286
0
288
1
289
3
290
0
340
4C
371
-2
372
-2
  0
DIMSTYLE
105
7D
330
4
100
AcDbSymbolTableRecord
100
AcDbDimStyleTableRecord
  2
EZ_M_50_H25_CM
 70
0
 40
1.0
 41
0.125
 42
0.0625
 43
3.75
 44
0.1875
 45
0.0
 46
0.0
 47
0.0
 48
0.0
 49
2.5
140
0.125
141
2.5
142
0.0625
143
0.03937007874
144
100.0
145
0.0
146
0.5
147
0.05
148
0.0
 69
0
 70
0
 71
0
 72
0
 73
0
 74
0
 75
0
 76
0
 77
1
 78
12
 79
3
170
0
171
3
172
1
173
0
174
0
175
0
176
0
177
0
178
0
179
2
271
2
272
2
273
2
274
3
275
0
276
0
277
2
278
46
279
2
280
0
281
0
282
0
283
0
284
8
285
0
286
0
288
1
289
3
290
0
340
4C
371
-2
372
-2
  0
DIMSTYLE
105
7E
330
4
100
AcDbSymbolTableRecord
100
AcDbDimStyleTableRecord
  2
EZ_M_25_H25_CM
 70
0
 40
1.0
 41
0.0625
 42
0.03125
 43
3.75
 44
0.09375
 45
0.0
 46
0.0
 47
0.0
 48
0.0
 49
2.5
140
0.0625
141
2.5
142
0.03125
143
0.03937007874
144
100.0
145
0.0
146
0.5
147
0.025
148
0.0
 69
0
 70
0
 71
0
 72
0
 73
0
 74
0
 75
0
 76
0
 77
1
 78
12
 79
3
170
0
171
3
172
1
173
0
174
0
175
0
176
0
177
0
178
0
179
2
271
2
272
2
273
2
274
3
275
0
276
0
277
2
278
46
279
2
280
0
281
0
282
0
283
0
284
8
285
0
286
0
288
1
289
3
290
0
340
4C
371
-2
372
-2
  0
DIMSTYLE
105
7F
330
4
100
AcDbSymbolTableRecord
100
AcDbDimStyleTableRecord
  2
EZ_M_20_H25_CM
 70
0
 40
1.0
 41
0.05
 42
0.025
 43
3.75
 44
0.07500000000000001
 45
0.0
 46
0.0
 47
0.0
 48
0.0
 49
2.5
140
0.05
141
2.5
142
0.025
143
0.03937007874
144
100.0
145
0.0
146
0.5
147
0.020000000000000004
148
0.0
 69
0
 70
0
 71
0
 72
0
 73
0
 74
0
 75
0
 76
0
 77
1
 78
12
 79
3
170
0
171
3
172
1
173
0
174
0
175
0
176
0
177
0
178
0
179
2
271
2
272
2
273
2
274
3
275
0
276
0
277
2
278
46
279
2
280
0
281
0
282
0
283
0
284
8
285
0
286
0
288
1
289
3
290
0
340
4C
371
-2
372
-2
  0
DIMSTYLE
105
80
330
4
100
AcDbSymbolTableRecord
100
AcDbDimStyleTableRecord
  2
EZ_M_10_H25_CM
 70
0
 40
1.0
 41
0.025
 42
0.0125
 43
3.75
 44
0.037500000000000006
 45
0.0
 46
0.0
 47
0.0
 48
0.0
 49
2.5
140
0.025
141
2.5
142
0.0125
143
0.03937007874
144
100.0
145
0.0
146
0.5
147
0.010000000000000002
148
0.0
 69
0
 70
0
 71
0
 72
0
 73
0
 74
0
 75
0
 76
0
 77
1
 78
12
 79
3
170
0
171
3
172
1
173
0
174
0
175
0
176
0
177
0
178
0
179
2
271
2
272
2
273
2
274
3
275
0
276
0
277
2
278
46
279
2
280
0
281
0
282
0
283
0
284
8
285
0
286
0
288
1
289
3
290
0
340
4C
371
-2
372
-2
  0
DIMSTYLE
105
81
330
4
100
AcDbSymbolTableRecord
100
AcDbDimStyleTableRecord
  2
EZ_M_5_H25_CM
 70
0
 40
1.0
 41
0.0125
 42
0.00625
 43
3.75
 44
0.018750000000000003
 45
0.0
 46
0.0
 47
0.0
 48
0.0
 49
2.5
140
0.0125
141
2.5
142
0.00625
143
0.03937007874
144
100.0
145
0.0
146
0.5
147
0.005000000000000001
148
0.0
 69
0
 70
0
 71
0
 72
0
 73
0
 74
0
 75
0
 76
0
 77
1
 78
12
 79
3
170
0
171
3
172
1
173
0
174
0
175
0
176
0
177
0
178
0
179
2
271
2
272
2
273
2
274
3
275
0
276
0
277
2
278
46
279
2
280
0
281
0
282
0
283
0
284
8
285
0
286
0
288
1
289
3
290
0
340
4C
371
-2
372
-2
  0
DIMSTYLE
105
82
330
4
100
AcDbSymbolTableRecord
100
AcDbDimStyleTableRecord
  2
EZ_M_1_H25_CM
 70
0
 40
1.0
 41
0.0025
 42
0.00125
 43
3.75
 44
0.00375
 45
0.0
 46
0.0
 47
0.0
 48
0.0
 49
2.5
140
0.0025
141
2.5
142
0.00125
143
0.03937007874
144
100.0
145
0.0
146
0.5
147
0.001
148
0.0
 69
0
 70
0
 71
0
 72
0
 73
0
 74
0
 75
0
 76
0
 77
1
 78
12
 79
3
170
0
171
3
172
1
173
0
174
0
175
0
176
0
177
0
178
0
179
2
271
2
272
2
273
2
274
3
275
0
276
0
277
2
278
46
279
2
280
0
281
0
282
0
283
0
284
8
285
0
286
0
288
1
289
3
290
0
340
4C
371
-2
372
-2
  0
DIMSTYLE
105
83
330
4
100
AcDbSymbolTableRecord
100
AcDbDimStyleTableRecord
  2
EZ_RADIUS
 70
0
 40
1.0
 41
0.25
 42
0.125
 43
3.75
 44
0.375
 45
0.0
 46
0.0
 47
0.0
 48
0.0
 49
2.5
140
0.25
141
0.0
142
0.0
143
0.03937007874
144
100.0
145
0.0
146
0.5
147
0.1
148
0.0
 69
0
 70
0
 71
0
 72
0
 73
0
 74
0
 75
0
 76
0
 77
1
 78
12
 79
3
170
0
171
3
172
0
173
0
174
0
175
0
176
0
177
0
178
0
179
2
271
2
272
2
273
2
274
3
275
0
276
0
277
2
278
46
279
1
280
0
281
0
282
0
283
0
284
8
285
0
286
0
288
1
289
3
290
0
340
4C
342
84
371
-2
372
-2
  0
DIMSTYLE
105
88
330
4
100
AcDbSymbolTableRecord
100
AcDbDimStyleTableRecord
  2
EZ_RADIUS_INSIDE
 70
0
 40
1.0
 41
0.25
 42
0.125
 43
3.75
 44
0.375
 45
0.0
 46
0.0
 47
0.0
 48
0.0
 49
2.5
140
0.25
141
0.0
142
0.0
143
0.03937007874
144
100.0
145
0.0
146
0.5
147
0.1
148
0.0
 69
0
 70
0
 71
0
 72
0
 73
0
 74
0
 75
0
 76
0
 77
0
 78
12
 79
3
170
0
171
3
172
0
173
0
174
1
175
0
176
0
177
0
178
0
179
2
271
2
272
2
273
2
274
3
275
0
276
0
277
2
278
46
279
0
280
0
281
0
282
0
283
0
284
8
285
0
286
0
288
1
289
0
290
0
340
4C
342
84
371
-2
372
-2
  0
DIMSTYLE
105
89
330
4
100
AcDbSymbolTableRecord
100
AcDbDimStyleTableRecord
  2
EZ_CURVED
 70
0
 40
1.0
 41
0.25
 42
0.125
 43
3.75
 44
0.375
 45
0.0
 46
0.0
 47
0.0
 48
0.0
 49
2.5
140
0.25
141
2.5
142
0.0
143
0.03937007874
144
100.0
145
0.0
146
0.5
147
0.1
148
0.0
 69
0
 70
0
 71
0
 72
0
 73
0
 74
0
 75
0
 76
0
 77
1
 78
12
 79
2
 90
2
170
0
171
3
172
1
173
0
174
0
175
0
176
0
177
0
178
0
179
2
271
2
272
2
273
2
274
3
275
0
276
0
277
2
278
46
279
2
280
0
281
0
282
0
283
0
284
8
285
0
286
0
288
1
289
3
290
0
340
4C
371
-2
372
-2
  0
ENDTAB
  0
TABLE
  2
BLOCK_RECORD
  5
9
330
0
100
AcDbSymbolTable
 70
5
  0
BLOCK_RECORD
  5
17
330
9
100
AcDbSymbolTableRecord
100
AcDbBlockTableRecord
  2
*Model_Space
340
1A
 70
0
280
1
281
0
  0
BLOCK_RECORD
  5
1B
330
9
100
AcDbSymbolTableRecord
100
AcDbBlockTableRecord
  2
*Paper_Space
340
1E
 70
0
280
1
281
0
  0
BLOCK_RECORD
  5
74
330
9
100
AcDbSymbolTableRecord
100
AcDbBlockTableRecord
  2
_ARCHTICK
340
0
 70
0
280
1
281
0
  0
BLOCK_RECORD
  5
78
330
9
100
AcDbSymbolTableRecord
100
AcDbBlockTableRecord
  2
_CLOSEDFILLED
340
0
 70
0
280
1
281
0
  0
BLOCK_RECORD
  5
84
330
9
100
AcDbSymbolTableRecord
100
AcDbBlockTableRecord
  2
_CLOSEDBLANK
340
0
 70
0
280
1
281
0
  0
ENDTAB
  0
ENDSEC
  0
SECTION
  2
BLOCKS
  0
BLOCK
  5
18
330
17
100
AcDbEntity
  8
0
100
AcDbBlockBegin
  2
*Model_Space
 70
0
 10
0.0
 20
0.0
 30
0.0
  3
*Model_Space
  1

  0
ENDBLK
  5
19
330
17
100
AcDbEntity
  8
0
100
AcDbBlockEnd
  0
BLOCK
  5
1C
330
1B
100
AcDbEntity
  8
0
100
AcDbBlockBegin
  2
*Paper_Space
 70
0
 10
0.0
 20
0.0
 30
0.0
  3
*Paper_Space
  1

  0
ENDBLK
  5
1D
330
1B
100
AcDbEntity
  8
0
100
AcDbBlockEnd
  0
BLOCK
  5
75
330
74
100
AcDbEntity
  8
0
100
AcDbBlockBegin
  2
_ARCHTICK
 70
0
 10
0.0
 20
0.0
 30
0.0
  3
_ARCHTICK
  1

  0
LWPOLYLINE
  5
77
330
74
100
AcDbEntity
  8
0
  6
BYBLOCK
 62
0
100
AcDbPolyline
 90
2
 70
0
 43
0.15
 10
-0.5
 20
-0.5
 10
0.5
 20
0.5
  0
ENDBLK
  5
76
330
74
100
AcDbEntity
  8
0
100
AcDbBlockEnd
  0
BLOCK
  5
79
330
78
100
AcDbEntity
  8
0
100
AcDbBlockBegin
  2
_CLOSEDFILLED
 70
0
 10
0.0
 20
0.0
 30
0.0
  3
_CLOSEDFILLED
  1

  0
SOLID
  5
7B
330
78
100
AcDbEntity
  8
0
  6
BYBLOCK
 62
0
100
AcDbTrace
 10
-1.0
 20
0.16439898372402537
 30
0.0
 11
0.0
 21
0.0
 31
0.0
 12
-1.0
 22
-0.16439898372402537
 32
0.0
 13
-1.0
 23
-0.16439898372402537
 33
0.0
  0
ENDBLK
  5
7A
330
78
100
AcDbEntity
  8
0
100
AcDbBlockEnd
  0
BLOCK
  5
85
330
84
100
AcDbEntity
  8
0
100
AcDbBlockBegin
  2
_CLOSEDBLANK
 70
0
 10
0.0
 20
0.0
 30
0.0
  3
_CLOSEDBLANK
  1

  0
LWPOLYLINE
  5
87
330
84
100
AcDbEntity
  8
0
  6
BYBLOCK
 62
0
100
AcDbPolyline
 90
3
 70
1
 10
-1.0
 20
0.16439898372402537
 10
0.0
 20
0.0
 10
-1.0
 20
-0.16439898372402537
  0
ENDBLK
  5
86
330
84
100
AcDbEntity
  8
0
100
AcDbBlockEnd
  0
ENDSEC
  0
SECTION
  2
ENTITIES
  0
TEXT
  5
99
330
17
100
AcDbEntity
  8
TEXT
 62
7
100
AcDbText
 10
800.0
 20
10250.0
 30
0.0
 40
50.0
  1
Кухня — W3: фронт и фартук
  7
GOST
 11
800.0
 21
10250.0
 31
0.0
100
AcDbText
  0
TEXT
  5
9A
330
17
100
AcDbEntity
  8
TEXT
 62
7
100
AcDbText
 10
800.0
 20
10175.0
 30
0.0
 40
37.5
  1
из кухни на юг (−Y): слева x=4090, справа x=0 М 1:25
  7
GOST
 11
800.0
 21
10175.0
 31
0.0
100
AcDbText
  0
HATCH
  5
9B
330
17
100
AcDbEntity
  8
AR-WALLS
 62
7
420
16513783
100
AcDbHatch
 10
0.0
 20
0.0
 30
0.0
210
0.0
220
0.0
230
1.0
  2
SOLID
 70
1
 71
0
 91
1
 92
3
 72
0
 73
1
 93
4
 10
800.0
 20
7325.0
 10
4890.0
 20
7325.0
 10
4890.0
 20
9975.0
 10
800.0
 20
9975.0
 97
0
 75
1
 76
1
 98
0
  0
LWPOLYLINE
  5
9C
330
17
100
AcDbEntity
  8
AR-WALLS
 62
7
370
50
100
AcDbPolyline
 90
4
 70
1
 10
800.0
 20
7325.0
 10
4890.0
 20
7325.0
 10
4890.0
 20
9975.0
 10
800.0
 20
9975.0
  0
HATCH
  5
9D
330
17
100
AcDbEntity
  8
AR-FIN
 62
7
420
15262940
100
AcDbHatch
 10
0.0
 20
0.0
 30
0.0
210
0.0
220
0.0
230
1.0
  2
SOLID
 70
1
 71
0
 91
1
 92
3
 72
0
 73
1
 93
4
 10
1440.0
 20
8225.0
 10
4290.0
 20
8225.0
 10
4290.0
 20
8875.0
 10
1440.0
 20
8875.0
 97
0
 75
1
 76
1
 98
0
  0
LWPOLYLINE
  5
9E
330
17
100
AcDbEntity
  8
AR-FIN
370
20
420
4473924
100
AcDbPolyline
 90
4
 70
1
 10
1440.0
 20
8225.0
 10
4290.0
 20
8225.0
 10
4290.0
 20
8875.0
 10
1440.0
 20
8875.0
  0
HATCH
  5
9F
330
17
100
AcDbEntity
  8
AR-FIN
 62
7
420
10066329
100
AcDbHatch
 10
0.0
 20
0.0
 30
0.0
210
0.0
220
0.0
230
1.0
  2
ANSI31
 70
0
 71
0
 91
1
 92
3
 72
0
 73
1
 93
4
 10
800.0
 20
9725.0
 10
4890.0
 20
9725.0
 10
4890.0
 20
9975.0
 10
800.0
 20
9975.0
 97
0
 75
1
 76
1
 52
90.0
 41
6.875000000000001
 77
0
 78
1
 53
135.0
 43
0.0
 44
0.0
 45
-15.4348152083
 46
-15.4348152083
 79
0
 98
0
  0
HATCH
  5
A0
330
17
100
AcDbEntity
  8
AR-FIN
 62
7
420
15721167
440
33554559
100
AcDbHatch
 10
0.0
 20
0.0
 30
0.0
210
0.0
220
0.0
230
1.0
  2
SOLID
 70
1
 71
0
 91
1
 92
3
 72
0
 73
1
 93
4
 10
800.0
 20
9725.0
 10
4890.0
 20
9725.0
 10
4890.0
 20
9975.0
 10
800.0
 20
9975.0
 97
0
 75
1
 76
1
 98
0
  0
LWPOLYLINE
  5
A1
330
17
100
AcDbEntity
  8
AR-FIN
370
20
420
4473924
100
AcDbPolyline
 90
4
 70
1
 10
800.0
 20
9725.0
 10
4890.0
 20
9725.0
 10
4890.0
 20
9975.0
 10
800.0
 20
9975.0
  0
HATCH
  5
A2
330
17
100
AcDbEntity
  8
AR-FIN
 62
7
420
10066329
100
AcDbHatch
 10
0.0
 20
0.0
 30
0.0
210
0.0
220
0.0
230
1.0
  2
ANSI31
 70
0
 71
0
 91
1
 92
3
 72
0
 73
1
 93
4
 10
4590.0
 20
9875.0
 10
4890.0
 20
9875.0
 10
4890.0
 20
9975.0
 10
4590.0
 20
9975.0
 97
0
 75
1
 76
1
 52
90.0
 41
6.875000000000001
 77
0
 78
1
 53
135.0
 43
0.0
 44
0.0
 45
-15.4348152083
 46
-15.4348152083
 79
0
 98
0
  0
HATCH
  5
A3
330
17
100
AcDbEntity
  8
AR-FIN
 62
7
420
15721167
440
33554559
100
AcDbHatch
 10
0.0
 20
0.0
 30
0.0
210
0.0
220
0.0
230
1.0
  2
SOLID
 70
1
 71
0
 91
1
 92
3
 72
0
 73
1
 93
4
 10
4590.0
 20
9875.0
 10
4890.0
 20
9875.0
 10
4890.0
 20
9975.0
 10
4590.0
 20
9975.0
 97
0
 75
1
 76
1
 98
0
  0
LWPOLYLINE
  5
A4
330
17
100
AcDbEntity
  8
AR-FIN
370
20
420
4473924
100
AcDbPolyline
 90
4
 70
1
 10
4590.0
 20
9875.0
 10
4890.0
 20
9875.0
 10
4890.0
 20
9975.0
 10
4590.0
 20
9975.0
  0
HATCH
  5
A5
330
17
100
AcDbEntity
  8
FURN
 62
7
420
14930872
100
AcDbHatch
 10
0.0
 20
0.0
 30
0.0
210
0.0
220
0.0
230
1.0
  2
SOLID
 70
1
 71
0
 91
1
 92
3
 72
0
 73
1
 93
4
 10
4290.0
 20
7325.0
 10
4890.0
 20
7325.0
 10
4890.0
 20
9725.0
 10
4290.0
 20
9725.0
 97
0
 75
1
 76
1
 98
0
  0
LWPOLYLINE
  5
A6
330
17
100
AcDbEntity
  8
FURN
370
20
420
4473924
100
AcDbPolyline
 90
4
 70
1
 10
4290.0
 20
7325.0
 10
4890.0
 20
7325.0
 10
4890.0
 20
9725.0
 10
4290.0
 20
9725.0
  0
HATCH
  5
A7
330
17
100
AcDbEntity
  8
FURN
 62
7
420
14930872
100
AcDbHatch
 10
0.0
 20
0.0
 30
0.0
210
0.0
220
0.0
230
1.0
  2
SOLID
 70
1
 71
0
 91
1
 92
3
 72
0
 73
1
 93
4
 10
1440.0
 20
7325.0
 10
4290.0
 20
7325.0
 10
4290.0
 20
8225.0
 10
1440.0
 20
8225.0
 97
0
 75
1
 76
1
 98
0
  0
LWPOLYLINE
  5
A8
330
17
100
AcDbEntity
  8
FURN
370
20
420
4473924
100
AcDbPolyline
 90
4
 70
1
 10
1440.0
 20
7325.0
 10
4290.0
 20
7325.0
 10
4290.0
 20
8225.0
 10
1440.0
 20
8225.0
  0
HATCH
  5
A9
330
17
100
AcDbEntity
  8
FURN
 62
7
420
14930872
100
AcDbHatch
 10
0.0
 20
0.0
 30
0.0
210
0.0
220
0.0
230
1.0
  2
SOLID
 70
1
 71
0
 91
1
 92
3
 72
0
 73
1
 93
4
 10
840.0
 20
7325.0
 10
1440.0
 20
7325.0
 10
1440.0
 20
9725.0
 10
840.0
 20
9725.0
 97
0
 75
1
 76
1
 98
0
  0
LWPOLYLINE
  5
AA
330
17
100
AcDbEntity
  8
FURN
370
20
420
4473924
100
AcDbPolyline
 90
4
 70
1
 10
840.0
 20
7325.0
 10
1440.0
 20
7325.0
 10
1440.0
 20
9725.0
 10
840.0
 20
9725.0
  0
HATCH
  5
AB
330
17
100
AcDbEntity
  8
FURN
 62
7
420
14930872
100
AcDbHatch
 10
0.0
 20
0.0
 30
0.0
210
0.0
220
0.0
230
1.0
  2
SOLID
 70
1
 71
0
 91
1
 92
3
 72
0
 73
1
 93
4
 10
800.0
 20
7325.0
 10
840.0
 20
7325.0
 10
840.0
 20
8225.0
 10
800.0
 20
8225.0
 97
0
 75
1
 76
1
 98
0
  0
LWPOLYLINE
  5
AC
330
17
100
AcDbEntity
  8
FURN
370
20
420
4473924
100
AcDbPolyline
 90
4
 70
1
 10
800.0
 20
7325.0
 10
840.0
 20
7325.0
 10
840.0
 20
8225.0
 10
800.0
 20
8225.0
  0
HATCH
  5
AD
330
17
100
AcDbEntity
  8
FURN
 62
7
420
14930872
100
AcDbHatch
 10
0.0
 20
0.0
 30
0.0
210
0.0
220
0.0
230
1.0
  2
SOLID
 70
1
 71
0
 91
1
 92
3
 72
0
 73
1
 93
4
 10
1440.0
 20
8875.0
 10
4290.0
 20
8875.0
 10
4290.0
 20
9725.0
 10
1440.0
 20
9725.0
 97
0
 75
1
 76
1
 98
0
  0
LWPOLYLINE
  5
AE
330
17
100
AcDbEntity
  8
FURN
370
20
420
4473924
100
AcDbPolyline
 90
4
 70
1
 10
1440.0
 20
8875.0
 10
4290.0
 20
8875.0
 10
4290.0
 20
9725.0
 10
1440.0
 20
9725.0
  0
LWPOLYLINE
  5
AF
330
17
100
AcDbEntity
  8
AR-FIN
370
13
420
7049126
100
AcDbPolyline
 90
2
 70
0
 10
3840.0
 20
8225.0
 10
3840.0
 20
8875.0
  0
LWPOLYLINE
  5
B0
330
17
100
AcDbEntity
  8
AR-FIN
370
13
420
7049126
100
AcDbPolyline
 90
2
 70
0
 10
3240.0
 20
8225.0
 10
3240.0
 20
8875.0
  0
LWPOLYLINE
  5
B1
330
17
100
AcDbEntity
  8
AR-FIN
370
13
420
7049126
100
AcDbPolyline
 90
2
 70
0
 10
2640.0
 20
8225.0
 10
2640.0
 20
8875.0
  0
LWPOLYLINE
  5
B2
330
17
100
AcDbEntity
  8
AR-FIN
370
13
420
7049126
100
AcDbPolyline
 90
2
 70
0
 10
2039.9999999999998
 20
8225.0
 10
2039.9999999999998
 20
8875.0
  0
HATCH
  5
B3
330
17
100
AcDbEntity
  8
EL-SOCKET
 62
7
420
9323693
100
AcDbHatch
 10
0.0
 20
0.0
 30
0.0
210
0.0
220
0.0
230
1.0
  2
SOLID
 70
1
 71
0
 91
1
 92
1
 93
1
 72
2
 10
4140.0
 20
8425.0
 40
20.0
 50
0
 51
360
 73
1
 97
0
 75
1
 76
1
 98
0
  0
CIRCLE
  5
B4
330
17
100
AcDbEntity
  8
EL-SOCKET
370
13
420
9323693
100
AcDbCircle
 10
4140.0
 20
8425.0
 30
0.0
 40
20.0
  0
HATCH
  5
B5
330
17
100
AcDbEntity
  8
EL-SOCKET
 62
7
420
9323693
100
AcDbHatch
 10
0.0
 20
0.0
 30
0.0
210
0.0
220
0.0
230
1.0
  2
SOLID
 70
1
 71
0
 91
1
 92
1
 93
1
 72
2
 10
2965.0
 20
8425.0
 40
20.0
 50
0
 51
360
 73
1
 97
0
 75
1
 76
1
 98
0
  0
CIRCLE
  5
B6
330
17
100
AcDbEntity
  8
EL-SOCKET
370
13
420
9323693
100
AcDbCircle
 10
2965.0
 20
8425.0
 30
0.0
 40
20.0
  0
HATCH
  5
B7
330
17
100
AcDbEntity
  8
EL-SOCKET
 62
7
420
9323693
100
AcDbHatch
 10
0.0
 20
0.0
 30
0.0
210
0.0
220
0.0
230
1.0
  2
SOLID
 70
1
 71
0
 91
1
 92
1
 93
1
 72
2
 10
2875.0
 20
8425.0
 40
20.0
 50
0
 51
360
 73
1
 97
0
 75
1
 76
1
 98
0
  0
CIRCLE
  5
B8
330
17
100
AcDbEntity
  8
EL-SOCKET
370
13
420
9323693
100
AcDbCircle
 10
2875.0
 20
8425.0
 30
0.0
 40
20.0
  0
HATCH
  5
B9
330
17
100
AcDbEntity
  8
EL-SOCKET
 62
7
420
9323693
100
AcDbHatch
 10
0.0
 20
0.0
 30
0.0
210
0.0
220
0.0
230
1.0
  2
SOLID
 70
1
 71
0
 91
1
 92
1
 93
1
 72
2
 10
1739.9999999999998
 20
8425.0
 40
20.0
 50
0
 51
360
 73
1
 97
0
 75
1
 76
1
 98
0
  0
CIRCLE
  5
BA
330
17
100
AcDbEntity
  8
EL-SOCKET
370
13
420
9323693
100
AcDbCircle
 10
1739.9999999999998
 20
8425.0
 30
0.0
 40
20.0
  0
HATCH
  5
BB
330
17
100
AcDbEntity
  8
VK
 62
7
420
2060246
100
AcDbHatch
 10
0.0
 20
0.0
 30
0.0
210
0.0
220
0.0
230
1.0
  2
SOLID
 70
1
 71
0
 91
1
 92
1
 93
1
 72
2
 10
2580.0
 20
7875.0
 40
20.0
 50
0
 51
360
 73
1
 97
0
 75
1
 76
1
 98
0
  0
CIRCLE
  5
BC
330
17
100
AcDbEntity
  8
VK
370
13
420
2060246
100
AcDbCircle
 10
2580.0
 20
7875.0
 30
0.0
 40
20.0
  0
HATCH
  5
BD
330
17
100
AcDbEntity
  8
VK
 62
7
420
2060246
100
AcDbHatch
 10
0.0
 20
0.0
 30
0.0
210
0.0
220
0.0
230
1.0
  2
SOLID
 70
1
 71
0
 91
1
 92
1
 93
1
 72
2
 10
2480.0
 20
7875.0
 40
20.0
 50
0
 51
360
 73
1
 97
0
 75
1
 76
1
 98
0
  0
CIRCLE
  5
BE
330
17
100
AcDbEntity
  8
VK
370
13
420
2060246
100
AcDbCircle
 10
2480.0
 20
7875.0
 30
0.0
 40
20.0
  0
HATCH
  5
BF
330
17
100
AcDbEntity
  8
VK
 62
7
420
7027999
100
AcDbHatch
 10
0.0
 20
0.0
 30
0.0
210
0.0
220
0.0
230
1.0
  2
SOLID
 70
1
 71
0
 91
1
 92
1
 93
1
 72
2
 10
2400.0
 20
7775.0
 40
20.0
 50
0
 51
360
 73
1
 97
0
 75
1
 76
1
 98
0
  0
CIRCLE
  5
C0
330
17
100
AcDbEntity
  8
VK
370
13
420
7027999
100
AcDbCircle
 10
2400.0
 20
7775.0
 30
0.0
 40
20.0
  0
HATCH
  5
C1
330
17
100
AcDbEntity
  8
EL-SOCKET
 62
7
420
9323693
100
AcDbHatch
 10
0.0
 20
0.0
 30
0.0
210
0.0
220
0.0
230
1.0
  2
SOLID
 70
1
 71
0
 91
1
 92
1
 93
1
 72
2
 10
4065.0
 20
7725.0
 40
20.0
 50
0
 51
360
 73
1
 97
0
 75
1
 76
1
 98
0
  0
CIRCLE
  5
C2
330
17
100
AcDbEntity
  8
EL-SOCKET
370
13
420
9323693
100
AcDbCircle
 10
4065.0
 20
7725.0
 30
0.0
 40
20.0
  0
HATCH
  5
C3
330
17
100
AcDbEntity
  8
EL-SOCKET
 62
7
420
9323693
100
AcDbHatch
 10
0.0
 20
0.0
 30
0.0
210
0.0
220
0.0
230
1.0
  2
SOLID
 70
1
 71
0
 91
1
 92
1
 93
1
 72
2
 10
2940.0
 20
7925.0
 40
20.0
 50
0
 51
360
 73
1
 97
0
 75
1
 76
1
 98
0
  0
CIRCLE
  5
C4
330
17
100
AcDbEntity
  8
EL-SOCKET
370
13
420
9323693
100
AcDbCircle
 10
2940.0
 20
7925.0
 30
0.0
 40
20.0
  0
HATCH
  5
C5
330
17
100
AcDbEntity
  8
EL-SOCKET
 62
7
420
9323693
100
AcDbHatch
 10
0.0
 20
0.0
 30
0.0
210
0.0
220
0.0
230
1.0
  2
SOLID
 70
1
 71
0
 91
1
 92
1
 93
1
 72
2
 10
2090.0
 20
7975.0
 40
20.0
 50
0
 51
360
 73
1
 97
0
 75
1
 76
1
 98
0
  0
CIRCLE
  5
C6
330
17
100
AcDbEntity
  8
EL-SOCKET
370
13
420
9323693
100
AcDbCircle
 10
2090.0
 20
7975.0
 30
0.0
 40
20.0
  0
HATCH
  5
C7
330
17
100
AcDbEntity
  8
EL-SOCKET
 62
7
420
9323693
100
AcDbHatch
 10
0.0
 20
0.0
 30
0.0
210
0.0
220
0.0
230
1.0
  2
SOLID
 70
1
 71
0
 91
1
 92
1
 93
1
 72
2
 10
1140.0
 20
9475.0
 40
20.0
 50
0
 51
360
 73
1
 97
0
 75
1
 76
1
 98
0
  0
CIRCLE
  5
C8
330
17
100
AcDbEntity
  8
EL-SOCKET
370
13
420
9323693
100
AcDbCircle
 10
1140.0
 20
9475.0
 30
0.0
 40
20.0
  0
HATCH
  5
C9
330
17
100
AcDbEntity
  8
EL-SOCKET
 62
7
420
9323693
100
AcDbHatch
 10
0.0
 20
0.0
 30
0.0
210
0.0
220
0.0
230
1.0
  2
SOLID
 70
1
 71
0
 91
1
 92
1
 93
1
 72
2
 10
4590.0
 20
9375.0
 40
20.0
 50
0
 51
360
 73
1
 97
0
 75
1
 76
1
 98
0
  0
CIRCLE
  5
CA
330
17
100
AcDbEntity
  8
EL-SOCKET
370
13
420
9323693
100
AcDbCircle
 10
4590.0
 20
9375.0
 30
0.0
 40
20.0
  0
HATCH
  5
CB
330
17
100
AcDbEntity
  8
EL-SOCKET
 62
7
420
9323693
100
AcDbHatch
 10
0.0
 20
0.0
 30
0.0
210
0.0
220
0.0
230
1.0
  2
SOLID
 70
1
 71
0
 91
1
 92
1
 93
1
 72
2
 10
3540.0
 20
9775.0
 40
20.0
 50
0
 51
360
 73
1
 97
0
 75
1
 76
1
 98
0
  0
CIRCLE
  5
CC
330
17
100
AcDbEntity
  8
EL-SOCKET
370
13
420
9323693
100
AcDbCircle
 10
3540.0
 20
9775.0
 30
0.0
 40
20.0
  0
HATCH
  5
CD
330
17
100
AcDbEntity
  8
EL-SOCKET
 62
7
420
9323693
100
AcDbHatch
 10
0.0
 20
0.0
 30
0.0
210
0.0
220
0.0
230
1.0
  2
SOLID
 70
1
 71
0
 91
1
 92
1
 93
1
 72
2
 10
4065.0
 20
9775.0
 40
20.0
 50
0
 51
360
 73
1
 97
0
 75
1
 76
1
 98
0
  0
CIRCLE
  5
CE
330
17
100
AcDbEntity
  8
EL-SOCKET
370
13
420
9323693
100
AcDbCircle
 10
4065.0
 20
9775.0
 30
0.0
 40
20.0
  0
HATCH
  5
CF
330
17
100
AcDbEntity
  8
VK
 62
7
420
12092939
100
AcDbHatch
 10
0.0
 20
0.0
 30
0.0
210
0.0
220
0.0
230
1.0
  2
SOLID
 70
1
 71
0
 91
1
 92
1
 93
1
 72
2
 10
2865.0
 20
8865.0
 40
20.0
 50
0
 51
360
 73
1
 97
0
 75
1
 76
1
 98
0
  0
CIRCLE
  5
D0
330
17
100
AcDbEntity
  8
VK
370
13
420
12092939
100
AcDbCircle
 10
2865.0
 20
8865.0
 30
0.0
 40
20.0
  0
TEXT
  5
D1
330
17
100
AcDbEntity
  8
TEXT
420
9323693
100
AcDbText
 10
4215.0
 20
8500.0
 30
0.0
 40
37.5
  1
9
  7
GOST
 11
4215.0
 21
8500.0
 31
0.0
100
AcDbText
  0
LWPOLYLINE
  5
D2
330
17
100
AcDbEntity
  8
TEXT
370
15
420
9323693
100
AcDbPolyline
 90
2
 70
0
 10
4140.0
 20
8425.0
 10
4215.0
 20
8500.0
  0
TEXT
  5
D3
330
17
100
AcDbEntity
  8
TEXT
420
9323693
100
AcDbText
 10
3040.0
 20
8500.0
 30
0.0
 40
37.5
  1
10
  7
GOST
 11
3040.0
 21
8500.0
 31
0.0
100
AcDbText
  0
LWPOLYLINE
  5
D4
330
17
100
AcDbEntity
  8
TEXT
370
15
420
9323693
100
AcDbPolyline
 90
2
 70
0
 10
2965.0
 20
8425.0
 10
3040.0
 20
8500.0
  0
TEXT
  5
D5
330
17
100
AcDbEntity
  8
TEXT
420
9323693
100
AcDbText
 10
2950.0
 20
8500.0
 30
0.0
 40
37.5
  1
11
  7
GOST
 11
2950.0
 21
8500.0
 31
0.0
100
AcDbText
  0
LWPOLYLINE
  5
D6
330
17
100
AcDbEntity
  8
TEXT
370
15
420
9323693
100
AcDbPolyline
 90
2
 70
0
 10
2875.0
 20
8425.0
 10
2950.0
 20
8500.0
  0
TEXT
  5
D7
330
17
100
AcDbEntity
  8
TEXT
420
9323693
100
AcDbText
 10
1814.9999999999998
 20
8500.0
 30
0.0
 40
37.5
  1
12
  7
GOST
 11
1814.9999999999998
 21
8500.0
 31
0.0
100
AcDbText
  0
LWPOLYLINE
  5
D8
330
17
100
AcDbEntity
  8
TEXT
370
15
420
9323693
100
AcDbPolyline
 90
2
 70
0
 10
1739.9999999999998
 20
8425.0
 10
1814.9999999999998
 20
8500.0
  0
TEXT
  5
D9
330
17
100
AcDbEntity
  8
TEXT
420
2060246
100
AcDbText
 10
2655.0
 20
7950.0
 30
0.0
 40
37.5
  1
13
  7
GOST
 11
2655.0
 21
7950.0
 31
0.0
100
AcDbText
  0
LWPOLYLINE
  5
DA
330
17
100
AcDbEntity
  8
TEXT
370
15
420
2060246
100
AcDbPolyline
 90
2
 70
0
 10
2580.0
 20
7875.0
 10
2655.0
 20
7950.0
  0
TEXT
  5
DB
330
17
100
AcDbEntity
  8
TEXT
420
2060246
100
AcDbText
 10
2555.0
 20
7950.0
 30
0.0
 40
37.5
  1
14
  7
GOST
 11
2555.0
 21
7950.0
 31
0.0
100
AcDbText
  0
LWPOLYLINE
  5
DC
330
17
100
AcDbEntity
  8
TEXT
370
15
420
2060246
100
AcDbPolyline
 90
2
 70
0
 10
2480.0
 20
7875.0
 10
2555.0
 20
7950.0
  0
TEXT
  5
DD
330
17
100
AcDbEntity
  8
TEXT
420
7027999
100
AcDbText
 10
2475.0
 20
7850.0
 30
0.0
 40
37.5
  1
15
  7
GOST
 11
2475.0
 21
7850.0
 31
0.0
100
AcDbText
  0
LWPOLYLINE
  5
DE
330
17
100
AcDbEntity
  8
TEXT
370
15
420
7027999
100
AcDbPolyline
 90
2
 70
0
 10
2400.0
 20
7775.0
 10
2475.0
 20
7850.0
  0
TEXT
  5
DF
330
17
100
AcDbEntity
  8
TEXT
420
9323693
100
AcDbText
 10
4140.0
 20
7800.0
 30
0.0
 40
37.5
  1
16
  7
GOST
 11
4140.0
 21
7800.0
 31
0.0
100
AcDbText
  0
LWPOLYLINE
  5
E0
330
17
100
AcDbEntity
  8
TEXT
370
15
420
9323693
100
AcDbPolyline
 90
2
 70
0
 10
4065.0
 20
7725.0
 10
4140.0
 20
7800.0
  0
TEXT
  5
E1
330
17
100
AcDbEntity
  8
TEXT
420
9323693
100
AcDbText
 10
3015.0
 20
8000.0
 30
0.0
 40
37.5
  1
17
  7
GOST
 11
3015.0
 21
8000.0
 31
0.0
100
AcDbText
  0
LWPOLYLINE
  5
E2
330
17
100
AcDbEntity
  8
TEXT
370
15
420
9323693
100
AcDbPolyline
 90
2
 70
0
 10
2940.0
 20
7925.0
 10
3015.0
 20
8000.0
  0
TEXT
  5
E3
330
17
100
AcDbEntity
  8
TEXT
420
9323693
100
AcDbText
 10
2165.0
 20
8050.0
 30
0.0
 40
37.5
  1
18
  7
GOST
 11
2165.0
 21
8050.0
 31
0.0
100
AcDbText
  0
LWPOLYLINE
  5
E4
330
17
100
AcDbEntity
  8
TEXT
370
15
420
9323693
100
AcDbPolyline
 90
2
 70
0
 10
2090.0
 20
7975.0
 10
2165.0
 20
8050.0
  0
TEXT
  5
E5
330
17
100
AcDbEntity
  8
TEXT
420
9323693
100
AcDbText
 10
1215.0
 20
9550.0
 30
0.0
 40
37.5
  1
19
  7
GOST
 11
1215.0
 21
9550.0
 31
0.0
100
AcDbText
  0
LWPOLYLINE
  5
E6
330
17
100
AcDbEntity
  8
TEXT
370
15
420
9323693
100
AcDbPolyline
 90
2
 70
0
 10
1140.0
 20
9475.0
 10
1215.0
 20
9550.0
  0
TEXT
  5
E7
330
17
100
AcDbEntity
  8
TEXT
420
9323693
100
AcDbText
 10
4665.0
 20
9450.0
 30
0.0
 40
37.5
  1
20
  7
GOST
 11
4665.0
 21
9450.0
 31
0.0
100
AcDbText
  0
LWPOLYLINE
  5
E8
330
17
100
AcDbEntity
  8
TEXT
370
15
420
9323693
100
AcDbPolyline
 90
2
 70
0
 10
4590.0
 20
9375.0
 10
4665.0
 20
9450.0
  0
TEXT
  5
E9
330
17
100
AcDbEntity
  8
TEXT
420
9323693
100
AcDbText
 10
3508.360178755144
 20
10050.0
 30
0.0
 40
37.5
  1
21
  7
GOST
 11
3508.360178755144
 21
10050.0
 31
0.0
100
AcDbText
  0
LWPOLYLINE
  5
EA
330
17
100
AcDbEntity
  8
TEXT
370
15
420
9323693
100
AcDbPolyline
 90
2
 70
0
 10
3540.0
 20
9775.0
 10
3540.0
 20
10042.5
  0
HATCH
  5
EB
330
17
100
AcDbEntity
  8
TEXT
 62
7
420
9323693
100
AcDbHatch
 10
0.0
 20
0.0
 30
0.0
210
0.0
220
0.0
230
1.0
  2
SOLID
 70
1
 71
0
 91
1
 92
1
 93
1
 72
2
 10
3540.0
 20
9775.0
 40
6.25
 50
0
 51
360
 73
1
 97
0
 75
1
 76
1
 98
0
  0
CIRCLE
  5
EC
330
17
100
AcDbEntity
  8
TEXT
370
13
420
9323693
100
AcDbCircle
 10
3540.0
 20
9775.0
 30
0.0
 40
6.25
  0
TEXT
  5
ED
330
17
100
AcDbEntity
  8
TEXT
420
9323693
100
AcDbText
 10
4033.5611175411523
 20
10050.0
 30
0.0
 40
37.5
  1
22
  7
GOST
 11
4033.5611175411523
 21
10050.0
 31
0.0
100
AcDbText
  0
LWPOLYLINE
  5
EE
330
17
100
AcDbEntity
  8
TEXT
370
15
420
9323693
100
AcDbPolyline
 90
2
 70
0
 10
4065.0
 20
9775.0
 10
4065.0
 20
10042.5
  0
HATCH
  5
EF
330
17
100
AcDbEntity
  8
TEXT
 62
7
420
9323693
100
AcDbHatch
 10
0.0
 20
0.0
 30
0.0
210
0.0
220
0.0
230
1.0
  2
SOLID
 70
1
 71
0
 91
1
 92
1
 93
1
 72
2
 10
4065.0
 20
9775.0
 40
6.25
 50
0
 51
360
 73
1
 97
0
 75
1
 76
1
 98
0
  0
CIRCLE
  5
F0
330
17
100
AcDbEntity
  8
TEXT
370
13
420
9323693
100
AcDbCircle
 10
4065.0
 20
9775.0
 30
0.0
 40
6.25
  0
TEXT
  5
F1
330
17
100
AcDbEntity
  8
TEXT
420
12092939
100
AcDbText
 10
2940.0
 20
8940.0
 30
0.0
 40
37.5
  1
23
  7
GOST
 11
2940.0
 21
8940.0
 31
0.0
100
AcDbText
  0
LWPOLYLINE
  5
F2
330
17
100
AcDbEntity
  8
TEXT
370
15
420
12092939
100
AcDbPolyline
 90
2
 70
0
 10
2865.0
 20
8865.0
 10
2940.0
 20
8940.0
  0
TEXT
  5
F3
330
17
100
AcDbEntity
  8
TEXT
420
3355443
100
AcDbText
 10
2940.0
 20
8625.0
 30
0.0
 40
37.5
  1
1
  7
GOST
 11
2940.0
 21
8625.0
 31
0.0
100
AcDbText
  0
LWPOLYLINE
  5
F4
330
17
100
AcDbEntity
  8
TEXT
370
15
420
7829367
100
AcDbPolyline
 90
2
 70
0
 10
2865.0
 20
8550.0
 10
2940.0
 20
8625.0
  0
TEXT
  5
F5
330
17
100
AcDbEntity
  8
TEXT
420
3355443
100
AcDbText
 10
2829.9255722736625
 20
10025.0
 30
0.0
 40
37.5
  1
2
  7
GOST
 11
2829.9255722736625
 21
10025.0
 31
0.0
100
AcDbText
  0
LWPOLYLINE
  5
F6
330
17
100
AcDbEntity
  8
TEXT
370
15
420
7829367
100
AcDbPolyline
 90
2
 70
0
 10
2845.0
 20
9850.0
 10
2845.0
 20
10017.5
  0
HATCH
  5
F7
330
17
100
AcDbEntity
  8
TEXT
 62
7
420
7829367
100
AcDbHatch
 10
0.0
 20
0.0
 30
0.0
210
0.0
220
0.0
230
1.0
  2
SOLID
 70
1
 71
0
 91
1
 92
1
 93
1
 72
2
 10
2845.0
 20
9850.0
 40
6.25
 50
0
 51
360
 73
1
 97
0
 75
1
 76
1
 98
0
  0
CIRCLE
  5
F8
330
17
100
AcDbEntity
  8
TEXT
370
13
420
7829367
100
AcDbCircle
 10
2845.0
 20
9850.0
 30
0.0
 40
6.25
  0
TEXT
  5
F9
330
17
100
AcDbEntity
  8
TEXT
420
3355443
100
AcDbText
 10
4819.549512883486
 20
10004.549512883486
 30
0.0
 40
37.5
  1
3
  7
GOST
 11
4819.549512883486
 21
10004.549512883486
 31
0.0
100
AcDbText
  0
LWPOLYLINE
  5
FA
330
17
100
AcDbEntity
  8
TEXT
370
15
420
7829367
100
AcDbPolyline
 90
2
 70
0
 10
4740.0
 20
9925.0
 10
4812.049512883486
 20
9997.049512883486
  0
HATCH
  5
FB
330
17
100
AcDbEntity
  8
TEXT
 62
7
420
7829367
100
AcDbHatch
 10
0.0
 20
0.0
 30
0.0
210
0.0
220
0.0
230
1.0
  2
SOLID
 70
1
 71
0
 91
1
 92
1
 93
1
 72
2
 10
4740.0
 20
9925.0
 40
6.25
 50
0
 51
360
 73
1
 97
0
 75
1
 76
1
 98
0
  0
CIRCLE
  5
FC
330
17
100
AcDbEntity
  8
TEXT
370
13
420
7829367
100
AcDbCircle
 10
4740.0
 20
9925.0
 30
0.0
 40
6.25
  0
TEXT
  5
FD
330
17
100
AcDbEntity
  8
TEXT
420
3355443
100
AcDbText
 10
4665.0
 20
8600.0
 30
0.0
 40
37.5
  1
4
  7
GOST
 11
4665.0
 21
8600.0
 31
0.0
100
AcDbText
  0
LWPOLYLINE
  5
FE
330
17
100
AcDbEntity
  8
TEXT
370
15
420
7829367
100
AcDbPolyline
 90
2
 70
0
 10
4590.0
 20
8525.0
 10
4665.0
 20
8600.0
  0
TEXT
  5
FF
330
17
100
AcDbEntity
  8
TEXT
420
3355443
100
AcDbText
 10
2940.0
 20
7850.0
 30
0.0
 40
37.5
  1
5
  7
GOST
 11
2940.0
 21
7850.0
 31
0.0
100
AcDbText
  0
LWPOLYLINE
  5
100
330
17
100
AcDbEntity
  8
TEXT
370
15
420
7829367
100
AcDbPolyline
 90
2
 70
0
 10
2865.0
 20
7775.0
 10
2940.0
 20
7850.0
  0
TEXT
  5
101
330
17
100
AcDbEntity
  8
TEXT
420
3355443
100
AcDbText
 10
1215.0
 20
8600.0
 30
0.0
 40
37.5
  1
6
  7
GOST
 11
1215.0
 21
8600.0
 31
0.0
100
AcDbText
  0
LWPOLYLINE
  5
102
330
17
100
AcDbEntity
  8
TEXT
370
15
420
7829367
100
AcDbPolyline
 90
2
 70
0
 10
1140.0
 20
8525.0
 10
1215.0
 20
8600.0
  0
TEXT
  5
103
330
17
100
AcDbEntity
  8
TEXT
420
3355443
100
AcDbText
 10
744.9014408877748
 20
7819.194173824159
 30
0.0
 40
37.5
  1
7
  7
GOST
 11
744.9014408877748
 21
7819.194173824159
 31
0.0
100
AcDbText
  0
TEXT
  5
104
330
17
100
AcDbEntity
  8
TEXT
420
3355443
100
AcDbText
 10
2940.0
 20
9375.0
 30
0.0
 40
37.5
  1
8
  7
GOST
 11
2940.0
 21
9375.0
 31
0.0
100
AcDbText
  0
LWPOLYLINE
  5
105
330
17
100
AcDbEntity
  8
TEXT
370
15
420
7829367
100
AcDbPolyline
 90
2
 70
0
 10
2865.0
 20
9300.0
 10
2940.0
 20
9375.0
  0
LWPOLYLINE
  5
106
330
17
100
AcDbEntity
  8
DIM
 62
7
370
15
100
AcDbPolyline
 90
2
 70
0
 10
775.0
 20
7225.0
 10
4915.0
 20
7225.0
  0
LWPOLYLINE
  5
107
330
17
100
AcDbEntity
  8
DIM
 62
7
370
30
100
AcDbPolyline
 90
2
 70
0
 10
782.5
 20
7207.5
 10
817.5000000000001
 20
7242.5
  0
LWPOLYLINE
  5
108
330
17
100
AcDbEntity
  8
DIM
 62
7
370
13
100
AcDbPolyline
 90
2
 70
0
 10
800.0
 20
7225.0
 10
800.0
 20
7287.5
  0
LWPOLYLINE
  5
109
330
17
100
AcDbEntity
  8
DIM
 62
7
370
30
100
AcDbPolyline
 90
2
 70
0
 10
1122.5
 20
7207.5
 10
1157.5
 20
7242.5
  0
LWPOLYLINE
  5
10A
330
17
100
AcDbEntity
  8
DIM
 62
7
370
13
100
AcDbPolyline
 90
2
 70
0
 10
1140.0
 20
7225.0
 10
1140.0
 20
7287.5
  0
LWPOLYLINE
  5
10B
330
17
100
AcDbEntity
  8
DIM
 62
7
370
30
100
AcDbPolyline
 90
2
 70
0
 10
1722.4999999999998
 20
7207.5
 10
1757.5
 20
7242.5
  0
LWPOLYLINE
  5
10C
330
17
100
AcDbEntity
  8
DIM
 62
7
370
13
100
AcDbPolyline
 90
2
 70
0
 10
1739.9999999999998
 20
7225.0
 10
1739.9999999999998
 20
7287.5
  0
LWPOLYLINE
  5
10D
330
17
100
AcDbEntity
  8
DIM
 62
7
370
30
100
AcDbPolyline
 90
2
 70
0
 10
2072.5
 20
7207.5
 10
2107.5
 20
7242.5
  0
LWPOLYLINE
  5
10E
330
17
100
AcDbEntity
  8
DIM
 62
7
370
13
100
AcDbPolyline
 90
2
 70
0
 10
2090.0
 20
7225.0
 10
2090.0
 20
7287.5
  0
LWPOLYLINE
  5
10F
330
17
100
AcDbEntity
  8
DIM
 62
7
370
30
100
AcDbPolyline
 90
2
 70
0
 10
2382.5
 20
7207.5
 10
2417.5
 20
7242.5
  0
LWPOLYLINE
  5
110
330
17
100
AcDbEntity
  8
DIM
 62
7
370
13
100
AcDbPolyline
 90
2
 70
0
 10
2400.0
 20
7225.0
 10
2400.0
 20
7287.5
  0
LWPOLYLINE
  5
111
330
17
100
AcDbEntity
  8
DIM
 62
7
370
30
100
AcDbPolyline
 90
2
 70
0
 10
2462.5
 20
7207.5
 10
2497.5
 20
7242.5
  0
LWPOLYLINE
  5
112
330
17
100
AcDbEntity
  8
DIM
 62
7
370
13
100
AcDbPolyline
 90
2
 70
0
 10
2480.0
 20
7225.0
 10
2480.0
 20
7287.5
  0
LWPOLYLINE
  5
113
330
17
100
AcDbEntity
  8
DIM
 62
7
370
30
100
AcDbPolyline
 90
2
 70
0
 10
2562.5
 20
7207.5
 10
2597.5
 20
7242.5
  0
LWPOLYLINE
  5
114
330
17
100
AcDbEntity
  8
DIM
 62
7
370
13
100
AcDbPolyline
 90
2
 70
0
 10
2580.0
 20
7225.0
 10
2580.0
 20
7287.5
  0
LWPOLYLINE
  5
115
330
17
100
AcDbEntity
  8
DIM
 62
7
370
30
100
AcDbPolyline
 90
2
 70
0
 10
2847.5
 20
7207.5
 10
2882.5
 20
7242.5
  0
LWPOLYLINE
  5
116
330
17
100
AcDbEntity
  8
DIM
 62
7
370
13
100
AcDbPolyline
 90
2
 70
0
 10
2865.0
 20
7225.0
 10
2865.0
 20
7287.5
  0
LWPOLYLINE
  5
117
330
17
100
AcDbEntity
  8
DIM
 62
7
370
30
100
AcDbPolyline
 90
2
 70
0
 10
2857.5
 20
7207.5
 10
2892.5
 20
7242.5
  0
LWPOLYLINE
  5
118
330
17
100
AcDbEntity
  8
DIM
 62
7
370
13
100
AcDbPolyline
 90
2
 70
0
 10
2875.0
 20
7225.0
 10
2875.0
 20
7287.5
  0
LWPOLYLINE
  5
119
330
17
100
AcDbEntity
  8
DIM
 62
7
370
30
100
AcDbPolyline
 90
2
 70
0
 10
2922.5
 20
7207.5
 10
2957.5
 20
7242.5
  0
LWPOLYLINE
  5
11A
330
17
100
AcDbEntity
  8
DIM
 62
7
370
13
100
AcDbPolyline
 90
2
 70
0
 10
2940.0
 20
7225.0
 10
2940.0
 20
7287.5
  0
LWPOLYLINE
  5
11B
330
17
100
AcDbEntity
  8
DIM
 62
7
370
30
100
AcDbPolyline
 90
2
 70
0
 10
2947.5
 20
7207.5
 10
2982.5
 20
7242.5
  0
LWPOLYLINE
  5
11C
330
17
100
AcDbEntity
  8
DIM
 62
7
370
13
100
AcDbPolyline
 90
2
 70
0
 10
2965.0
 20
7225.0
 10
2965.0
 20
7287.5
  0
LWPOLYLINE
  5
11D
330
17
100
AcDbEntity
  8
DIM
 62
7
370
30
100
AcDbPolyline
 90
2
 70
0
 10
3522.5
 20
7207.5
 10
3557.4999999999995
 20
7242.5
  0
LWPOLYLINE
  5
11E
330
17
100
AcDbEntity
  8
DIM
 62
7
370
13
100
AcDbPolyline
 90
2
 70
0
 10
3540.0
 20
7225.0
 10
3540.0
 20
7287.5
  0
LWPOLYLINE
  5
11F
330
17
100
AcDbEntity
  8
DIM
 62
7
370
30
100
AcDbPolyline
 90
2
 70
0
 10
4047.5
 20
7207.5
 10
4082.4999999999995
 20
7242.5
  0
LWPOLYLINE
  5
120
330
17
100
AcDbEntity
  8
DIM
 62
7
370
13
100
AcDbPolyline
 90
2
 70
0
 10
4065.0
 20
7225.0
 10
4065.0
 20
7287.5
  0
LWPOLYLINE
  5
121
330
17
100
AcDbEntity
  8
DIM
 62
7
370
30
100
AcDbPolyline
 90
2
 70
0
 10
4122.5
 20
7207.5
 10
4157.5
 20
7242.5
  0
LWPOLYLINE
  5
122
330
17
100
AcDbEntity
  8
DIM
 62
7
370
13
100
AcDbPolyline
 90
2
 70
0
 10
4140.0
 20
7225.0
 10
4140.0
 20
7287.5
  0
LWPOLYLINE
  5
123
330
17
100
AcDbEntity
  8
DIM
 62
7
370
30
100
AcDbPolyline
 90
2
 70
0
 10
4572.5
 20
7207.5
 10
4607.5
 20
7242.5
  0
LWPOLYLINE
  5
124
330
17
100
AcDbEntity
  8
DIM
 62
7
370
13
100
AcDbPolyline
 90
2
 70
0
 10
4590.0
 20
7225.0
 10
4590.0
 20
7287.5
  0
LWPOLYLINE
  5
125
330
17
100
AcDbEntity
  8
DIM
 62
7
370
30
100
AcDbPolyline
 90
2
 70
0
 10
4872.5
 20
7207.5
 10
4907.5
 20
7242.5
  0
LWPOLYLINE
  5
126
330
17
100
AcDbEntity
  8
DIM
 62
7
370
13
100
AcDbPolyline
 90
2
 70
0
 10
4890.0
 20
7225.0
 10
4890.0
 20
7287.5
  0
TEXT
  5
127
330
17
100
AcDbEntity
  8
DIM
 62
7
100
AcDbText
 10
969.9999999999999
 20
7237.5
 30
0.0
 40
35.0
  1
340
  7
GOST
 72
1
 11
969.9999999999999
 21
7237.5
 31
0.0
100
AcDbText
  0
TEXT
  5
128
330
17
100
AcDbEntity
  8
DIM
 62
7
100
AcDbText
 10
1439.9999999999998
 20
7237.5
 30
0.0
 40
35.0
  1
600
  7
GOST
 72
1
 11
1439.9999999999998
 21
7237.5
 31
0.0
100
AcDbText
  0
TEXT
  5
129
330
17
100
AcDbEntity
  8
DIM
 62
7
100
AcDbText
 10
1914.9999999999998
 20
7237.5
 30
0.0
 40
35.0
  1
350
  7
GOST
 72
1
 11
1914.9999999999998
 21
7237.5
 31
0.0
100
AcDbText
  0
TEXT
  5
12A
330
17
100
AcDbEntity
  8
DIM
 62
7
100
AcDbText
 10
2245.0
 20
7237.5
 30
0.0
 40
35.0
  1
310
  7
GOST
 72
1
 11
2245.0
 21
7237.5
 31
0.0
100
AcDbText
  0
TEXT
  5
12B
330
17
100
AcDbEntity
  8
DIM
 62
7
100
AcDbText
 10
2440.0
 20
7237.5
 30
0.0
 40
35.0
  1
80
  7
GOST
 72
1
 11
2440.0
 21
7237.5
 31
0.0
100
AcDbText
  0
TEXT
  5
12C
330
17
100
AcDbEntity
  8
DIM
 62
7
100
AcDbText
 10
2530.0
 20
7165.000000000001
 30
0.0
 40
35.0
  1
100
  7
GOST
 72
1
 11
2530.0
 21
7165.000000000001
 31
0.0
100
AcDbText
  0
TEXT
  5
12D
330
17
100
AcDbEntity
  8
DIM
 62
7
100
AcDbText
 10
2722.5
 20
7237.5
 30
0.0
 40
35.0
  1
285
  7
GOST
 72
1
 11
2722.5
 21
7237.5
 31
0.0
100
AcDbText
  0
TEXT
  5
12E
330
17
100
AcDbEntity
  8
DIM
 62
7
100
AcDbText
 10
2870.0
 20
7165.000000000001
 30
0.0
 40
35.0
  1
10
  7
GOST
 72
1
 11
2870.0
 21
7165.000000000001
 31
0.0
100
AcDbText
  0
TEXT
  5
12F
330
17
100
AcDbEntity
  8
DIM
 62
7
100
AcDbText
 10
2907.5
 20
7105.0
 30
0.0
 40
35.0
  1
65
  7
GOST
 72
1
 11
2907.5
 21
7105.0
 31
0.0
100
AcDbText
  0
TEXT
  5
130
330
17
100
AcDbEntity
  8
DIM
 62
7
100
AcDbText
 10
2952.5
 20
7105.0
 30
0.0
 40
35.0
  1
25
  7
GOST
 72
1
 11
2952.5
 21
7105.0
 31
0.0
100
AcDbText
  0
TEXT
  5
131
330
17
100
AcDbEntity
  8
DIM
 62
7
100
AcDbText
 10
3252.5
 20
7237.5
 30
0.0
 40
35.0
  1
575
  7
GOST
 72
1
 11
3252.5
 21
7237.5
 31
0.0
100
AcDbText
  0
TEXT
  5
132
330
17
100
AcDbEntity
  8
DIM
 62
7
100
AcDbText
 10
3802.5
 20
7237.5
 30
0.0
 40
35.0
  1
525
  7
GOST
 72
1
 11
3802.5
 21
7237.5
 31
0.0
100
AcDbText
  0
TEXT
  5
133
330
17
100
AcDbEntity
  8
DIM
 62
7
100
AcDbText
 10
4102.5
 20
7237.5
 30
0.0
 40
35.0
  1
75
  7
GOST
 72
1
 11
4102.5
 21
7237.5
 31
0.0
100
AcDbText
  0
TEXT
  5
134
330
17
100
AcDbEntity
  8
DIM
 62
7
100
AcDbText
 10
4365.0
 20
7237.5
 30
0.0
 40
35.0
  1
450
  7
GOST
 72
1
 11
4365.0
 21
7237.5
 31
0.0
100
AcDbText
  0
TEXT
  5
135
330
17
100
AcDbEntity
  8
DIM
 62
7
100
AcDbText
 10
4740.0
 20
7237.5
 30
0.0
 40
35.0
  1
300
  7
GOST
 72
1
 11
4740.0
 21
7237.5
 31
0.0
100
AcDbText
  0
LWPOLYLINE
  5
136
330
17
100
AcDbEntity
  8
DIM
 62
7
370
15
100
AcDbPolyline
 90
2
 70
0
 10
775.0
 20
7112.5
 10
4915.0
 20
7112.5
  0
LWPOLYLINE
  5
137
330
17
100
AcDbEntity
  8
DIM
 62
7
370
30
100
AcDbPolyline
 90
2
 70
0
 10
782.5
 20
7095.0
 10
817.5000000000001
 20
7130.0
  0
LWPOLYLINE
  5
138
330
17
100
AcDbEntity
  8
DIM
 62
7
370
13
100
AcDbPolyline
 90
2
 70
0
 10
800.0
 20
7112.5
 10
800.0
 20
7175.0
  0
LWPOLYLINE
  5
139
330
17
100
AcDbEntity
  8
DIM
 62
7
370
30
100
AcDbPolyline
 90
2
 70
0
 10
4872.5
 20
7095.0
 10
4907.5
 20
7130.0
  0
LWPOLYLINE
  5
13A
330
17
100
AcDbEntity
  8
DIM
 62
7
370
13
100
AcDbPolyline
 90
2
 70
0
 10
4890.0
 20
7112.5
 10
4890.0
 20
7175.0
  0
TEXT
  5
13B
330
17
100
AcDbEntity
  8
DIM
 62
7
100
AcDbText
 10
2845.0
 20
7125.0
 30
0.0
 40
40.0
  1
4090
  7
GOST
 72
1
 11
2845.0
 21
7125.0
 31
0.0
100
AcDbText
  0
LWPOLYLINE
  5
13C
330
17
100
AcDbEntity
  8
DIM
 62
7
370
15
100
AcDbPolyline
 90
2
 70
0
 10
700.0
 20
7300.0
 10
700.0
 20
10000.0
  0
LWPOLYLINE
  5
13D
330
17
100
AcDbEntity
  8
DIM
 62
7
370
30
100
AcDbPolyline
 90
2
 70
0
 10
682.5
 20
7307.5
 10
717.5
 20
7342.5
  0
LWPOLYLINE
  5
13E
330
17
100
AcDbEntity
  8
DIM
 62
7
370
13
100
AcDbPolyline
 90
2
 70
0
 10
700.0
 20
7325.0
 10
762.5
 20
7325.0
  0
LWPOLYLINE
  5
13F
330
17
100
AcDbEntity
  8
DIM
 62
7
370
30
100
AcDbPolyline
 90
2
 70
0
 10
682.5
 20
7707.5
 10
717.5
 20
7742.5
  0
LWPOLYLINE
  5
140
330
17
100
AcDbEntity
  8
DIM
 62
7
370
13
100
AcDbPolyline
 90
2
 70
0
 10
700.0
 20
7725.0
 10
762.5
 20
7725.0
  0
LWPOLYLINE
  5
141
330
17
100
AcDbEntity
  8
DIM
 62
7
370
30
100
AcDbPolyline
 90
2
 70
0
 10
682.5
 20
7757.5
 10
717.5
 20
7792.5
  0
LWPOLYLINE
  5
142
330
17
100
AcDbEntity
  8
DIM
 62
7
370
13
100
AcDbPolyline
 90
2
 70
0
 10
700.0
 20
7775.0
 10
762.5
 20
7775.0
  0
LWPOLYLINE
  5
143
330
17
100
AcDbEntity
  8
DIM
 62
7
370
30
100
AcDbPolyline
 90
2
 70
0
 10
682.5
 20
7857.5
 10
717.5
 20
7892.5
  0
LWPOLYLINE
  5
144
330
17
100
AcDbEntity
  8
DIM
 62
7
370
13
100
AcDbPolyline
 90
2
 70
0
 10
700.0
 20
7875.0
 10
762.5
 20
7875.0
  0
LWPOLYLINE
  5
145
330
17
100
AcDbEntity
  8
DIM
 62
7
370
30
100
AcDbPolyline
 90
2
 70
0
 10
682.5
 20
7907.5
 10
717.5
 20
7942.5
  0
LWPOLYLINE
  5
146
330
17
100
AcDbEntity
  8
DIM
 62
7
370
13
100
AcDbPolyline
 90
2
 70
0
 10
700.0
 20
7925.0
 10
762.5
 20
7925.0
  0
LWPOLYLINE
  5
147
330
17
100
AcDbEntity
  8
DIM
 62
7
370
30
100
AcDbPolyline
 90
2
 70
0
 10
682.5
 20
7957.5
 10
717.5
 20
7992.5
  0
LWPOLYLINE
  5
148
330
17
100
AcDbEntity
  8
DIM
 62
7
370
13
100
AcDbPolyline
 90
2
 70
0
 10
700.0
 20
7975.0
 10
762.5
 20
7975.0
  0
LWPOLYLINE
  5
149
330
17
100
AcDbEntity
  8
DIM
 62
7
370
30
100
AcDbPolyline
 90
2
 70
0
 10
682.5
 20
8407.5
 10
717.5
 20
8442.5
  0
LWPOLYLINE
  5
14A
330
17
100
AcDbEntity
  8
DIM
 62
7
370
13
100
AcDbPolyline
 90
2
 70
0
 10
700.0
 20
8425.0
 10
762.5
 20
8425.0
  0
LWPOLYLINE
  5
14B
330
17
100
AcDbEntity
  8
DIM
 62
7
370
30
100
AcDbPolyline
 90
2
 70
0
 10
682.5
 20
8847.5
 10
717.5
 20
8882.5
  0
LWPOLYLINE
  5
14C
330
17
100
AcDbEntity
  8
DIM
 62
7
370
13
100
AcDbPolyline
 90
2
 70
0
 10
700.0
 20
8865.0
 10
762.5
 20
8865.0
  0
LWPOLYLINE
  5
14D
330
17
100
AcDbEntity
  8
DIM
 62
7
370
30
100
AcDbPolyline
 90
2
 70
0
 10
682.5
 20
9357.5
 10
717.5
 20
9392.5
  0
LWPOLYLINE
  5
14E
330
17
100
AcDbEntity
  8
DIM
 62
7
370
13
100
AcDbPolyline
 90
2
 70
0
 10
700.0
 20
9375.0
 10
762.5
 20
9375.0
  0
LWPOLYLINE
  5
14F
330
17
100
AcDbEntity
  8
DIM
 62
7
370
30
100
AcDbPolyline
 90
2
 70
0
 10
682.5
 20
9457.5
 10
717.5
 20
9492.5
  0
LWPOLYLINE
  5
150
330
17
100
AcDbEntity
  8
DIM
 62
7
370
13
100
AcDbPolyline
 90
2
 70
0
 10
700.0
 20
9475.0
 10
762.5
 20
9475.0
  0
LWPOLYLINE
  5
151
330
17
100
AcDbEntity
  8
DIM
 62
7
370
30
100
AcDbPolyline
 90
2
 70
0
 10
682.5
 20
9757.5
 10
717.5
 20
9792.5
  0
LWPOLYLINE
  5
152
330
17
100
AcDbEntity
  8
DIM
 62
7
370
13
100
AcDbPolyline
 90
2
 70
0
 10
700.0
 20
9775.0
 10
762.5
 20
9775.0
  0
LWPOLYLINE
  5
153
330
17
100
AcDbEntity
  8
DIM
 62
7
370
30
100
AcDbPolyline
 90
2
 70
0
 10
682.5
 20
9957.5
 10
717.5
 20
9992.5
  0
LWPOLYLINE
  5
154
330
17
100
AcDbEntity
  8
DIM
 62
7
370
13
100
AcDbPolyline
 90
2
 70
0
 10
700.0
 20
9975.0
 10
762.5
 20
9975.0
  0
TEXT
  5
155
330
17
100
AcDbEntity
  8
DIM
 62
7
100
AcDbText
 10
687.5
 20
7525.0
 30
0.0
 40
35.0
  1
400
 50
90.0
  7
GOST
 72
1
 11
687.5
 21
7525.0
 31
0.0
100
AcDbText
  0
TEXT
  5
156
330
17
100
AcDbEntity
  8
DIM
 62
7
100
AcDbText
 10
627.5
 20
7750.0
 30
0.0
 40
35.0
  1
50
 50
90.0
  7
GOST
 72
1
 11
627.5
 21
7750.0
 31
0.0
100
AcDbText
  0
TEXT
  5
157
330
17
100
AcDbEntity
  8
DIM
 62
7
100
AcDbText
 10
567.5
 20
7825.0
 30
0.0
 40
35.0
  1
100
 50
90.0
  7
GOST
 72
1
 11
567.5
 21
7825.0
 31
0.0
100
AcDbText
  0
TEXT
  5
158
330
17
100
AcDbEntity
  8
DIM
 62
7
100
AcDbText
 10
567.5
 20
7900.0
 30
0.0
 40
35.0
  1
50
 50
90.0
  7
GOST
 72
1
 11
567.5
 21
7900.0
 31
0.0
100
AcDbText
  0
TEXT
  5
159
330
17
100
AcDbEntity
  8
DIM
 62
7
100
AcDbText
 10
567.5
 20
7950.0
 30
0.0
 40
35.0
  1
50
 50
90.0
  7
GOST
 72
1
 11
567.5
 21
7950.0
 31
0.0
100
AcDbText
  0
TEXT
  5
15A
330
17
100
AcDbEntity
  8
DIM
 62
7
100
AcDbText
 10
687.5
 20
8200.0
 30
0.0
 40
35.0
  1
450
 50
90.0
  7
GOST
 72
1
 11
687.5
 21
8200.0
 31
0.0
100
AcDbText
  0
TEXT
  5
15B
330
17
100
AcDbEntity
  8
DIM
 62
7
100
AcDbText
 10
687.5
 20
8645.0
 30
0.0
 40
35.0
  1
440
 50
90.0
  7
GOST
 72
1
 11
687.5
 21
8645.0
 31
0.0
100
AcDbText
  0
TEXT
  5
15C
330
17
100
AcDbEntity
  8
DIM
 62
7
100
AcDbText
 10
687.5
 20
9120.0
 30
0.0
 40
35.0
  1
510
 50
90.0
  7
GOST
 72
1
 11
687.5
 21
9120.0
 31
0.0
100
AcDbText
  0
TEXT
  5
15D
330
17
100
AcDbEntity
  8
DIM
 62
7
100
AcDbText
 10
627.5
 20
9425.0
 30
0.0
 40
35.0
  1
100
 50
90.0
  7
GOST
 72
1
 11
627.5
 21
9425.0
 31
0.0
100
AcDbText
  0
TEXT
  5
15E
330
17
100
AcDbEntity
  8
DIM
 62
7
100
AcDbText
 10
687.5
 20
9625.0
 30
0.0
 40
35.0
  1
300
 50
90.0
  7
GOST
 72
1
 11
687.5
 21
9625.0
 31
0.0
100
AcDbText
  0
TEXT
  5
15F
330
17
100
AcDbEntity
  8
DIM
 62
7
100
AcDbText
 10
687.5
 20
9875.0
 30
0.0
 40
35.0
  1
200
 50
90.0
  7
GOST
 72
1
 11
687.5
 21
9875.0
 31
0.0
100
AcDbText
  0
TEXT
  5
160
330
17
100
AcDbEntity
  8
TEXT
 62
7
100
AcDbText
 10
4915.0
 20
7307.5
 30
0.0
 40
37.5
  1
±0.000
  7
GOST
 11
4915.0
 21
7307.5
 31
0.0
100
AcDbText
  0
TEXT
  5
161
330
17
100
AcDbEntity
  8
TEXT
 62
7
100
AcDbText
 10
4915.0
 20
9957.5
 30
0.0
 40
37.5
  1
+2.650
  7
GOST
 11
4915.0
 21
9957.5
 31
0.0
100
AcDbText
  0
HATCH
  5
162
330
17
100
AcDbEntity
  8
TEXT
 62
7
420
15132390
100
AcDbHatch
 10
0.0
 20
0.0
 30
0.0
210
0.0
220
0.0
230
1.0
  2
SOLID
 70
1
 71
0
 91
1
 92
3
 72
0
 73
1
 93
4
 10
4990.0
 20
10196.25
 10
7390.000000000001
 20
10196.25
 10
7390.000000000001
 20
10300.0
 10
4990.0
 20
10300.0
 97
0
 75
1
 76
1
 98
0
  0
LWPOLYLINE
  5
163
330
17
100
AcDbEntity
  8
TEXT
 62
7
370
25
100
AcDbPolyline
 90
4
 70
1
 10
4990.0
 20
10196.25
 10
7390.000000000001
 20
10196.25
 10
7390.000000000001
 20
10300.0
 10
4990.0
 20
10300.0
  0
LWPOLYLINE
  5
164
330
17
100
AcDbEntity
  8
TEXT
 62
7
370
15
100
AcDbPolyline
 90
2
 70
0
 10
4990.0
 20
10300.0
 10
4990.0
 20
10196.25
  0
TEXT
  5
165
330
17
100
AcDbEntity
  8
TEXT
 62
7
100
AcDbText
 10
5010.0
 20
10241.25
 30
0.0
 40
33.75
  1
№
  7
GOST
 11
5010.0
 21
10241.25
 31
0.0
100
AcDbText
  0
LWPOLYLINE
  5
166
330
17
100
AcDbEntity
  8
TEXT
 62
7
370
15
100
AcDbPolyline
 90
2
 70
0
 10
5140.0
 20
10300.0
 10
5140.0
 20
10196.25
  0
TEXT
  5
167
330
17
100
AcDbEntity
  8
TEXT
 62
7
100
AcDbText
 10
5160.0
 20
10241.25
 30
0.0
 40
33.75
  1
Элемент
  7
GOST
 11
5160.0
 21
10241.25
 31
0.0
100
AcDbText
  0
LWPOLYLINE
  5
168
330
17
100
AcDbEntity
  8
TEXT
 62
7
370
15
100
AcDbPolyline
 90
2
 70
0
 10
6540.000000000001
 20
10300.0
 10
6540.000000000001
 20
10196.25
  0
TEXT
  5
169
330
17
100
AcDbEntity
  8
TEXT
 62
7
100
AcDbText
 10
6560.000000000001
 20
10241.25
 30
0.0
 40
33.75
  1
s, мм
  7
GOST
 11
6560.000000000001
 21
10241.25
 31
0.0
100
AcDbText
  0
LWPOLYLINE
  5
16A
330
17
100
AcDbEntity
  8
TEXT
 62
7
370
15
100
AcDbPolyline
 90
2
 70
0
 10
6965.000000000001
 20
10300.0
 10
6965.000000000001
 20
10196.25
  0
TEXT
  5
16B
330
17
100
AcDbEntity
  8
TEXT
 62
7
100
AcDbText
 10
6985.000000000001
 20
10241.25
 30
0.0
 40
33.75
  1
z, мм
  7
GOST
 11
6985.000000000001
 21
10241.25
 31
0.0
100
AcDbText
  0
LWPOLYLINE
  5
16C
330
17
100
AcDbEntity
  8
TEXT
 62
7
370
15
100
AcDbPolyline
 90
2
 70
0
 10
7390.000000000001
 20
10300.0
 10
7390.000000000001
 20
10196.25
  0
LWPOLYLINE
  5
16D
330
17
100
AcDbEntity
  8
TEXT
 62
7
370
15
100
AcDbPolyline
 90
4
 70
1
 10
4990.0
 20
10063.5625
 10
7390.000000000001
 20
10063.5625
 10
7390.000000000001
 20
10196.25
 10
4990.0
 20
10196.25
  0
LWPOLYLINE
  5
16E
330
17
100
AcDbEntity
  8
TEXT
 62
7
370
15
100
AcDbPolyline
 90
2
 70
0
 10
4990.0
 20
10196.25
 10
4990.0
 20
10063.5625
  0
TEXT
  5
16F
330
17
100
AcDbEntity
  8
TEXT
 62
7
100
AcDbText
 10
5010.0
 20
10137.5
 30
0.0
 40
33.75
  1
1
  7
GOST
 11
5010.0
 21
10137.5
 31
0.0
100
AcDbText
  0
LWPOLYLINE
  5
170
330
17
100
AcDbEntity
  8
TEXT
 62
7
370
15
100
AcDbPolyline
 90
2
 70
0
 10
5140.0
 20
10196.25
 10
5140.0
 20
10063.5625
  0
TEXT
  5
171
330
17
100
AcDbEntity
  8
TEXT
 62
7
100
AcDbText
 10
5160.0
 20
10137.5
 30
0.0
 40
33.75
  1
фартук керамогранит 600×1200 «мрамор» C9 (M13),
  7
GOST
 11
5160.0
 21
10137.5
 31
0.0
100
AcDbText
  0
TEXT
  5
172
330
17
100
AcDbEntity
  8
TEXT
 62
7
100
AcDbText
 10
5160.0
 20
10088.5625
 30
0.0
 40
33.75
  1
вертикально, подрезка 650 по высоте
  7
GOST
 11
5160.0
 21
10088.5625
 31
0.0
100
AcDbText
  0
LWPOLYLINE
  5
173
330
17
100
AcDbEntity
  8
TEXT
 62
7
370
15
100
AcDbPolyline
 90
2
 70
0
 10
6540.000000000001
 20
10196.25
 10
6540.000000000001
 20
10063.5625
  0
TEXT
  5
174
330
17
100
AcDbEntity
  8
TEXT
 62
7
100
AcDbText
 10
6560.000000000001
 20
10137.5
 30
0.0
 40
33.75
  1
600..3450
  7
GOST
 11
6560.000000000001
 21
10137.5
 31
0.0
100
AcDbText
  0
LWPOLYLINE
  5
175
330
17
100
AcDbEntity
  8
TEXT
 62
7
370
15
100
AcDbPolyline
 90
2
 70
0
 10
6965.000000000001
 20
10196.25
 10
6965.000000000001
 20
10063.5625
  0
TEXT
  5
176
330
17
100
AcDbEntity
  8
TEXT
 62
7
100
AcDbText
 10
6985.000000000001
 20
10137.5
 30
0.0
 40
33.75
  1
900..1550
  7
GOST
 11
6985.000000000001
 21
10137.5
 31
0.0
100
AcDbText
  0
LWPOLYLINE
  5
177
330
17
100
AcDbEntity
  8
TEXT
 62
7
370
15
100
AcDbPolyline
 90
2
 70
0
 10
7390.000000000001
 20
10196.25
 10
7390.000000000001
 20
10063.5625
  0
LWPOLYLINE
  5
178
330
17
100
AcDbEntity
  8
TEXT
 62
7
370
15
100
AcDbPolyline
 90
4
 70
1
 10
4990.0
 20
9930.875
 10
7390.000000000001
 20
9930.875
 10
7390.000000000001
 20
10063.5625
 10
4990.0
 20
10063.5625
  0
LWPOLYLINE
  5
179
330
17
100
AcDbEntity
  8
TEXT
 62
7
370
15
100
AcDbPolyline
 90
2
 70
0
 10
4990.0
 20
10063.5625
 10
4990.0
 20
9930.875
  0
TEXT
  5
17A
330
17
100
AcDbEntity
  8
TEXT
 62
7
100
AcDbText
 10
5010.0
 20
10004.8125
 30
0.0
 40
33.75
  1
2
  7
GOST
 11
5010.0
 21
10004.8125
 31
0.0
100
AcDbText
  0
LWPOLYLINE
  5
17B
330
17
100
AcDbEntity
  8
TEXT
 62
7
370
15
100
AcDbPolyline
 90
2
 70
0
 10
5140.0
 20
10063.5625
 10
5140.0
 20
9930.875
  0
TEXT
  5
17C
330
17
100
AcDbEntity
  8
TEXT
 62
7
100
AcDbText
 10
5160.0
 20
10004.8125
 30
0.0
 40
33.75
  1
карниз-короб CB-1 +2400..+2650 (фронт y=350,
  7
GOST
 11
5160.0
 21
10004.8125
 31
0.0
100
AcDbText
  0
TEXT
  5
17D
330
17
100
AcDbEntity
  8
TEXT
 62
7
100
AcDbText
 10
5160.0
 20
9955.875
 30
0.0
 40
33.75
  1
съёмная панель)
  7
GOST
 11
5160.0
 21
9955.875
 31
0.0
100
AcDbText
  0
LWPOLYLINE
  5
17E
330
17
100
AcDbEntity
  8
TEXT
 62
7
370
15
100
AcDbPolyline
 90
2
 70
0
 10
6540.000000000001
 20
10063.5625
 10
6540.000000000001
 20
9930.875
  0
TEXT
  5
17F
330
17
100
AcDbEntity
  8
TEXT
 62
7
100
AcDbText
 10
6560.000000000001
 20
10004.8125
 30
0.0
 40
33.75
  1
0..4090
  7
GOST
 11
6560.000000000001
 21
10004.8125
 31
0.0
100
AcDbText
  0
LWPOLYLINE
  5
180
330
17
100
AcDbEntity
  8
TEXT
 62
7
370
15
100
AcDbPolyline
 90
2
 70
0
 10
6965.000000000001
 20
10063.5625
 10
6965.000000000001
 20
9930.875
  0
TEXT
  5
181
330
17
100
AcDbEntity
  8
TEXT
 62
7
100
AcDbText
 10
6985.000000000001
 20
10004.8125
 30
0.0
 40
33.75
  1
2400..2650
  7
GOST
 11
6985.000000000001
 21
10004.8125
 31
0.0
100
AcDbText
  0
LWPOLYLINE
  5
182
330
17
100
AcDbEntity
  8
TEXT
 62
7
370
15
100
AcDbPolyline
 90
2
 70
0
 10
7390.000000000001
 20
10063.5625
 10
7390.000000000001
 20
9930.875
  0
LWPOLYLINE
  5
183
330
17
100
AcDbEntity
  8
TEXT
 62
7
370
15
100
AcDbPolyline
 90
4
 70
1
 10
4990.0
 20
9847.125
 10
7390.000000000001
 20
9847.125
 10
7390.000000000001
 20
9930.875
 10
4990.0
 20
9930.875
  0
LWPOLYLINE
  5
184
330
17
100
AcDbEntity
  8
TEXT
 62
7
370
15
100
AcDbPolyline
 90
2
 70
0
 10
4990.0
 20
9930.875
 10
4990.0
 20
9847.125
  0
TEXT
  5
185
330
17
100
AcDbEntity
  8
TEXT
 62
7
100
AcDbText
 10
5010.0
 20
9872.125
 30
0.0
 40
33.75
  1
3
  7
GOST
 11
5010.0
 21
9872.125
 31
0.0
100
AcDbText
  0
LWPOLYLINE
  5
186
330
17
100
AcDbEntity
  8
TEXT
 62
7
370
15
100
AcDbPolyline
 90
2
 70
0
 10
5140.0
 20
9930.875
 10
5140.0
 20
9847.125
  0
TEXT
  5
187
330
17
100
AcDbEntity
  8
TEXT
 62
7
100
AcDbText
 10
5160.0
 20
9872.125
 30
0.0
 40
33.75
  1
ламбрекен CB-3 (сечение у W2), низ +2550
  7
GOST
 11
5160.0
 21
9872.125
 31
0.0
100
AcDbText
  0
LWPOLYLINE
  5
188
330
17
100
AcDbEntity
  8
TEXT
 62
7
370
15
100
AcDbPolyline
 90
2
 70
0
 10
6540.000000000001
 20
9930.875
 10
6540.000000000001
 20
9847.125
  0
TEXT
  5
189
330
17
100
AcDbEntity
  8
TEXT
 62
7
100
AcDbText
 10
6560.000000000001
 20
9872.125
 30
0.0
 40
33.75
  1
0..300
  7
GOST
 11
6560.000000000001
 21
9872.125
 31
0.0
100
AcDbText
  0
LWPOLYLINE
  5
18A
330
17
100
AcDbEntity
  8
TEXT
 62
7
370
15
100
AcDbPolyline
 90
2
 70
0
 10
6965.000000000001
 20
9930.875
 10
6965.000000000001
 20
9847.125
  0
TEXT
  5
18B
330
17
100
AcDbEntity
  8
TEXT
 62
7
100
AcDbText
 10
6985.000000000001
 20
9872.125
 30
0.0
 40
33.75
  1
2550..2650
  7
GOST
 11
6985.000000000001
 21
9872.125
 31
0.0
100
AcDbText
  0
LWPOLYLINE
  5
18C
330
17
100
AcDbEntity
  8
TEXT
 62
7
370
15
100
AcDbPolyline
 90
2
 70
0
 10
7390.000000000001
 20
9930.875
 10
7390.000000000001
 20
9847.125
  0
LWPOLYLINE
  5
18D
330
17
100
AcDbEntity
  8
TEXT
 62
7
370
15
100
AcDbPolyline
 90
4
 70
1
 10
4990.0
 20
9763.375
 10
7390.000000000001
 20
9763.375
 10
7390.000000000001
 20
9847.125
 10
4990.0
 20
9847.125
  0
LWPOLYLINE
  5
18E
330
17
100
AcDbEntity
  8
TEXT
 62
7
370
15
100
AcDbPolyline
 90
2
 70
0
 10
4990.0
 20
9847.125
 10
4990.0
 20
9763.375
  0
TEXT
  5
18F
330
17
100
AcDbEntity
  8
TEXT
 62
7
100
AcDbText
 10
5010.0
 20
9788.375
 30
0.0
 40
33.75
  1
4
  7
GOST
 11
5010.0
 21
9788.375
 31
0.0
100
AcDbText
  0
LWPOLYLINE
  5
190
330
17
100
AcDbEntity
  8
TEXT
 62
7
370
15
100
AcDbPolyline
 90
2
 70
0
 10
5140.0
 20
9847.125
 10
5140.0
 20
9763.375
  0
TEXT
  5
191
330
17
100
AcDbEntity
  8
TEXT
 62
7
100
AcDbText
 10
5160.0
 20
9788.375
 30
0.0
 40
33.75
  1
K-01 пенал 600 h 2400
  7
GOST
 11
5160.0
 21
9788.375
 31
0.0
100
AcDbText
  0
LWPOLYLINE
  5
192
330
17
100
AcDbEntity
  8
TEXT
 62
7
370
15
100
AcDbPolyline
 90
2
 70
0
 10
6540.000000000001
 20
9847.125
 10
6540.000000000001
 20
9763.375
  0
TEXT
  5
193
330
17
100
AcDbEntity
  8
TEXT
 62
7
100
AcDbText
 10
6560.000000000001
 20
9788.375
 30
0.0
 40
33.75
  1
0..600
  7
GOST
 11
6560.000000000001
 21
9788.375
 31
0.0
100
AcDbText
  0
LWPOLYLINE
  5
194
330
17
100
AcDbEntity
  8
TEXT
 62
7
370
15
100
AcDbPolyline
 90
2
 70
0
 10
6965.000000000001
 20
9847.125
 10
6965.000000000001
 20
9763.375
  0
TEXT
  5
195
330
17
100
AcDbEntity
  8
TEXT
 62
7
100
AcDbText
 10
6985.000000000001
 20
9788.375
 30
0.0
 40
33.75
  1
0..2400
  7
GOST
 11
6985.000000000001
 21
9788.375
 31
0.0
100
AcDbText
  0
LWPOLYLINE
  5
196
330
17
100
AcDbEntity
  8
TEXT
 62
7
370
15
100
AcDbPolyline
 90
2
 70
0
 10
7390.000000000001
 20
9847.125
 10
7390.000000000001
 20
9763.375
  0
LWPOLYLINE
  5
197
330
17
100
AcDbEntity
  8
TEXT
 62
7
370
15
100
AcDbPolyline
 90
4
 70
1
 10
4990.0
 20
9630.6875
 10
7390.000000000001
 20
9630.6875
 10
7390.000000000001
 20
9763.375
 10
4990.0
 20
9763.375
  0
LWPOLYLINE
  5
198
330
17
100
AcDbEntity
  8
TEXT
 62
7
370
15
100
AcDbPolyline
 90
2
 70
0
 10
4990.0
 20
9763.375
 10
4990.0
 20
9630.6875
  0
TEXT
  5
199
330
17
100
AcDbEntity
  8
TEXT
 62
7
100
AcDbText
 10
5010.0
 20
9704.624999999998
 30
0.0
 40
33.75
  1
5
  7
GOST
 11
5010.0
 21
9704.624999999998
 31
0.0
100
AcDbText
  0
LWPOLYLINE
  5
19A
330
17
100
AcDbEntity
  8
TEXT
 62
7
370
15
100
AcDbPolyline
 90
2
 70
0
 10
5140.0
 20
9763.375
 10
5140.0
 20
9630.6875
  0
TEXT
  5
19B
330
17
100
AcDbEntity
  8
TEXT
 62
7
100
AcDbText
 10
5160.0
 20
9704.624999999998
 30
0.0
 40
33.75
  1
K-02..K-06 базы (цоколь 160, корпус, столешница
  7
GOST
 11
5160.0
 21
9704.624999999998
 31
0.0
100
AcDbText
  0
TEXT
  5
19C
330
17
100
AcDbEntity
  8
TEXT
 62
7
100
AcDbText
 10
5160.0
 20
9655.6875
 30
0.0
 40
33.75
  1
кварц 20 верх +900)
  7
GOST
 11
5160.0
 21
9655.6875
 31
0.0
100
AcDbText
  0
LWPOLYLINE
  5
19D
330
17
100
AcDbEntity
  8
TEXT
 62
7
370
15
100
AcDbPolyline
 90
2
 70
0
 10
6540.000000000001
 20
9763.375
 10
6540.000000000001
 20
9630.6875
  0
TEXT
  5
19E
330
17
100
AcDbEntity
  8
TEXT
 62
7
100
AcDbText
 10
6560.000000000001
 20
9704.624999999998
 30
0.0
 40
33.75
  1
600..3450
  7
GOST
 11
6560.000000000001
 21
9704.624999999998
 31
0.0
100
AcDbText
  0
LWPOLYLINE
  5
19F
330
17
100
AcDbEntity
  8
TEXT
 62
7
370
15
100
AcDbPolyline
 90
2
 70
0
 10
6965.000000000001
 20
9763.375
 10
6965.000000000001
 20
9630.6875
  0
TEXT
  5
1A0
330
17
100
AcDbEntity
  8
TEXT
 62
7
100
AcDbText
 10
6985.000000000001
 20
9704.624999999998
 30
0.0
 40
33.75
  1
0..900
  7
GOST
 11
6985.000000000001
 21
9704.624999999998
 31
0.0
100
AcDbText
  0
LWPOLYLINE
  5
1A1
330
17
100
AcDbEntity
  8
TEXT
 62
7
370
15
100
AcDbPolyline
 90
2
 70
0
 10
7390.000000000001
 20
9763.375
 10
7390.000000000001
 20
9630.6875
  0
LWPOLYLINE
  5
1A2
330
17
100
AcDbEntity
  8
TEXT
 62
7
370
15
100
AcDbPolyline
 90
4
 70
1
 10
4990.0
 20
9546.937499999998
 10
7390.000000000001
 20
9546.937499999998
 10
7390.000000000001
 20
9630.6875
 10
4990.0
 20
9630.6875
  0
LWPOLYLINE
  5
1A3
330
17
100
AcDbEntity
  8
TEXT
 62
7
370
15
100
AcDbPolyline
 90
2
 70
0
 10
4990.0
 20
9630.6875
 10
4990.0
 20
9546.937499999998
  0
TEXT
  5
1A4
330
17
100
AcDbEntity
  8
TEXT
 62
7
100
AcDbText
 10
5010.0
 20
9571.937499999998
 30
0.0
 40
33.75
  1
6
  7
GOST
 11
5010.0
 21
9571.937499999998
 31
0.0
100
AcDbText
  0
LWPOLYLINE
  5
1A5
330
17
100
AcDbEntity
  8
TEXT
 62
7
370
15
100
AcDbPolyline
 90
2
 70
0
 10
5140.0
 20
9630.6875
 10
5140.0
 20
9546.937499999998
  0
TEXT
  5
1A6
330
17
100
AcDbEntity
  8
TEXT
 62
7
100
AcDbText
 10
5160.0
 20
9571.937499999998
 30
0.0
 40
33.75
  1
K-07 пенал холодильника 600 h 2400
  7
GOST
 11
5160.0
 21
9571.937499999998
 31
0.0
100
AcDbText
  0
LWPOLYLINE
  5
1A7
330
17
100
AcDbEntity
  8
TEXT
 62
7
370
15
100
AcDbPolyline
 90
2
 70
0
 10
6540.000000000001
 20
9630.6875
 10
6540.000000000001
 20
9546.937499999998
  0
TEXT
  5
1A8
330
17
100
AcDbEntity
  8
TEXT
 62
7
100
AcDbText
 10
6560.000000000001
 20
9571.937499999998
 30
0.0
 40
33.75
  1
3450..4050
  7
GOST
 11
6560.000000000001
 21
9571.937499999998
 31
0.0
100
AcDbText
  0
LWPOLYLINE
  5
1A9
330
17
100
AcDbEntity
  8
TEXT
 62
7
370
15
100
AcDbPolyline
 90
2
 70
0
 10
6965.000000000001
 20
9630.6875
 10
6965.000000000001
 20
9546.937499999998
  0
TEXT
  5
1AA
330
17
100
AcDbEntity
  8
TEXT
 62
7
100
AcDbText
 10
6985.000000000001
 20
9571.937499999998
 30
0.0
 40
33.75
  1
0..2400
  7
GOST
 11
6985.000000000001
 21
9571.937499999998
 31
0.0
100
AcDbText
  0
LWPOLYLINE
  5
1AB
330
17
100
AcDbEntity
  8
TEXT
 62
7
370
15
100
AcDbPolyline
 90
2
 70
0
 10
7390.000000000001
 20
9630.6875
 10
7390.000000000001
 20
9546.937499999998
  0
LWPOLYLINE
  5
1AC
330
17
100
AcDbEntity
  8
TEXT
 62
7
370
15
100
AcDbPolyline
 90
4
 70
1
 10
4990.0
 20
9463.187499999998
 10
7390.000000000001
 20
9463.187499999998
 10
7390.000000000001
 20
9546.937499999998
 10
4990.0
 20
9546.937499999998
  0
LWPOLYLINE
  5
1AD
330
17
100
AcDbEntity
  8
TEXT
 62
7
370
15
100
AcDbPolyline
 90
2
 70
0
 10
4990.0
 20
9546.937499999998
 10
4990.0
 20
9463.187499999998
  0
TEXT
  5
1AE
330
17
100
AcDbEntity
  8
TEXT
 62
7
100
AcDbText
 10
5010.0
 20
9488.187499999998
 30
0.0
 40
33.75
  1
7
  7
GOST
 11
5010.0
 21
9488.187499999998
 31
0.0
100
AcDbText
  0
LWPOLYLINE
  5
1AF
330
17
100
AcDbEntity
  8
TEXT
 62
7
370
15
100
AcDbPolyline
 90
2
 70
0
 10
5140.0
 20
9546.937499999998
 10
5140.0
 20
9463.187499999998
  0
TEXT
  5
1B0
330
17
100
AcDbEntity
  8
TEXT
 62
7
100
AcDbText
 10
5160.0
 20
9488.187499999998
 30
0.0
 40
33.75
  1
K-08 доборная 40
  7
GOST
 11
5160.0
 21
9488.187499999998
 31
0.0
100
AcDbText
  0
LWPOLYLINE
  5
1B1
330
17
100
AcDbEntity
  8
TEXT
 62
7
370
15
100
AcDbPolyline
 90
2
 70
0
 10
6540.000000000001
 20
9546.937499999998
 10
6540.000000000001
 20
9463.187499999998
  0
TEXT
  5
1B2
330
17
100
AcDbEntity
  8
TEXT
 62
7
100
AcDbText
 10
6560.000000000001
 20
9488.187499999998
 30
0.0
 40
33.75
  1
4050..4090
  7
GOST
 11
6560.000000000001
 21
9488.187499999998
 31
0.0
100
AcDbText
  0
LWPOLYLINE
  5
1B3
330
17
100
AcDbEntity
  8
TEXT
 62
7
370
15
100
AcDbPolyline
 90
2
 70
0
 10
6965.000000000001
 20
9546.937499999998
 10
6965.000000000001
 20
9463.187499999998
  0
TEXT
  5
1B4
330
17
100
AcDbEntity
  8
TEXT
 62
7
100
AcDbText
 10
6985.000000000001
 20
9488.187499999998
 30
0.0
 40
33.75
  1
0..900
  7
GOST
 11
6985.000000000001
 21
9488.187499999998
 31
0.0
100
AcDbText
  0
LWPOLYLINE
  5
1B5
330
17
100
AcDbEntity
  8
TEXT
 62
7
370
15
100
AcDbPolyline
 90
2
 70
0
 10
7390.000000000001
 20
9546.937499999998
 10
7390.000000000001
 20
9463.187499999998
  0
LWPOLYLINE
  5
1B6
330
17
100
AcDbEntity
  8
TEXT
 62
7
370
15
100
AcDbPolyline
 90
4
 70
1
 10
4990.0
 20
9379.437499999998
 10
7390.000000000001
 20
9379.437499999998
 10
7390.000000000001
 20
9463.187499999998
 10
4990.0
 20
9463.187499999998
  0
LWPOLYLINE
  5
1B7
330
17
100
AcDbEntity
  8
TEXT
 62
7
370
15
100
AcDbPolyline
 90
2
 70
0
 10
4990.0
 20
9463.187499999998
 10
4990.0
 20
9379.437499999998
  0
TEXT
  5
1B8
330
17
100
AcDbEntity
  8
TEXT
 62
7
100
AcDbText
 10
5010.0
 20
9404.437499999998
 30
0.0
 40
33.75
  1
8
  7
GOST
 11
5010.0
 21
9404.437499999998
 31
0.0
100
AcDbText
  0
LWPOLYLINE
  5
1B9
330
17
100
AcDbEntity
  8
TEXT
 62
7
370
15
100
AcDbPolyline
 90
2
 70
0
 10
5140.0
 20
9463.187499999998
 10
5140.0
 20
9379.437499999998
  0
TEXT
  5
1BA
330
17
100
AcDbEntity
  8
TEXT
 62
7
100
AcDbText
 10
5160.0
 20
9404.437499999998
 30
0.0
 40
33.75
  1
навесные KW-01..05 +1550..+2400
  7
GOST
 11
5160.0
 21
9404.437499999998
 31
0.0
100
AcDbText
  0
LWPOLYLINE
  5
1BB
330
17
100
AcDbEntity
  8
TEXT
 62
7
370
15
100
AcDbPolyline
 90
2
 70
0
 10
6540.000000000001
 20
9463.187499999998
 10
6540.000000000001
 20
9379.437499999998
  0
TEXT
  5
1BC
330
17
100
AcDbEntity
  8
TEXT
 62
7
100
AcDbText
 10
6560.000000000001
 20
9404.437499999998
 30
0.0
 40
33.75
  1
600..3450
  7
GOST
 11
6560.000000000001
 21
9404.437499999998
 31
0.0
100
AcDbText
  0
LWPOLYLINE
  5
1BD
330
17
100
AcDbEntity
  8
TEXT
 62
7
370
15
100
AcDbPolyline
 90
2
 70
0
 10
6965.000000000001
 20
9463.187499999998
 10
6965.000000000001
 20
9379.437499999998
  0
TEXT
  5
1BE
330
17
100
AcDbEntity
  8
TEXT
 62
7
100
AcDbText
 10
6985.000000000001
 20
9404.437499999998
 30
0.0
 40
33.75
  1
1550..2400
  7
GOST
 11
6985.000000000001
 21
9404.437499999998
 31
0.0
100
AcDbText
  0
LWPOLYLINE
  5
1BF
330
17
100
AcDbEntity
  8
TEXT
 62
7
370
15
100
AcDbPolyline
 90
2
 70
0
 10
7390.000000000001
 20
9463.187499999998
 10
7390.000000000001
 20
9379.437499999998
  0
LWPOLYLINE
  5
1C0
330
17
100
AcDbEntity
  8
TEXT
 62
7
370
15
100
AcDbPolyline
 90
4
 70
1
 10
4990.0
 20
9295.687499999996
 10
7390.000000000001
 20
9295.687499999996
 10
7390.000000000001
 20
9379.437499999998
 10
4990.0
 20
9379.437499999998
  0
LWPOLYLINE
  5
1C1
330
17
100
AcDbEntity
  8
TEXT
 62
7
370
15
100
AcDbPolyline
 90
2
 70
0
 10
4990.0
 20
9379.437499999998
 10
4990.0
 20
9295.687499999996
  0
TEXT
  5
1C2
330
17
100
AcDbEntity
  8
TEXT
 62
7
100
AcDbText
 10
5010.0
 20
9320.687499999996
 30
0.0
 40
33.75
  1
9
  7
GOST
 11
5010.0
 21
9320.687499999996
 31
0.0
100
AcDbText
  0
LWPOLYLINE
  5
1C3
330
17
100
AcDbEntity
  8
TEXT
 62
7
370
15
100
AcDbPolyline
 90
2
 70
0
 10
5140.0
 20
9379.437499999998
 10
5140.0
 20
9295.687499999996
  0
TEXT
  5
1C4
330
17
100
AcDbEntity
  8
TEXT
 62
7
100
AcDbText
 10
5160.0
 20
9320.687499999996
 30
0.0
 40
33.75
  1
P-K05 фартук
  7
GOST
 11
5160.0
 21
9320.687499999996
 31
0.0
100
AcDbText
  0
LWPOLYLINE
  5
1C5
330
17
100
AcDbEntity
  8
TEXT
 62
7
370
15
100
AcDbPolyline
 90
2
 70
0
 10
6540.000000000001
 20
9379.437499999998
 10
6540.000000000001
 20
9295.687499999996
  0
TEXT
  5
1C6
330
17
100
AcDbEntity
  8
TEXT
 62
7
100
AcDbText
 10
6560.000000000001
 20
9320.687499999996
 30
0.0
 40
33.75
  1
750
  7
GOST
 11
6560.000000000001
 21
9320.687499999996
 31
0.0
100
AcDbText
  0
LWPOLYLINE
  5
1C7
330
17
100
AcDbEntity
  8
TEXT
 62
7
370
15
100
AcDbPolyline
 90
2
 70
0
 10
6965.000000000001
 20
9379.437499999998
 10
6965.000000000001
 20
9295.687499999996
  0
TEXT
  5
1C8
330
17
100
AcDbEntity
  8
TEXT
 62
7
100
AcDbText
 10
6985.000000000001
 20
9320.687499999996
 30
0.0
 40
33.75
  1
1100
  7
GOST
 11
6985.000000000001
 21
9320.687499999996
 31
0.0
100
AcDbText
  0
LWPOLYLINE
  5
1C9
330
17
100
AcDbEntity
  8
TEXT
 62
7
370
15
100
AcDbPolyline
 90
2
 70
0
 10
7390.000000000001
 20
9379.437499999998
 10
7390.000000000001
 20
9295.687499999996
  0
LWPOLYLINE
  5
1CA
330
17
100
AcDbEntity
  8
TEXT
 62
7
370
15
100
AcDbPolyline
 90
4
 70
1
 10
4990.0
 20
9211.937499999996
 10
7390.000000000001
 20
9211.937499999996
 10
7390.000000000001
 20
9295.687499999996
 10
4990.0
 20
9295.687499999996
  0
LWPOLYLINE
  5
1CB
330
17
100
AcDbEntity
  8
TEXT
 62
7
370
15
100
AcDbPolyline
 90
2
 70
0
 10
4990.0
 20
9295.687499999996
 10
4990.0
 20
9211.937499999996
  0
TEXT
  5
1CC
330
17
100
AcDbEntity
  8
TEXT
 62
7
100
AcDbText
 10
5010.0
 20
9236.937499999996
 30
0.0
 40
33.75
  1
10
  7
GOST
 11
5010.0
 21
9236.937499999996
 31
0.0
100
AcDbText
  0
LWPOLYLINE
  5
1CD
330
17
100
AcDbEntity
  8
TEXT
 62
7
370
15
100
AcDbPolyline
 90
2
 70
0
 10
5140.0
 20
9295.687499999996
 10
5140.0
 20
9211.937499999996
  0
TEXT
  5
1CE
330
17
100
AcDbEntity
  8
TEXT
 62
7
100
AcDbText
 10
5160.0
 20
9236.937499999996
 30
0.0
 40
33.75
  1
P-K07 фартук
  7
GOST
 11
5160.0
 21
9236.937499999996
 31
0.0
100
AcDbText
  0
LWPOLYLINE
  5
1CF
330
17
100
AcDbEntity
  8
TEXT
 62
7
370
15
100
AcDbPolyline
 90
2
 70
0
 10
6540.000000000001
 20
9295.687499999996
 10
6540.000000000001
 20
9211.937499999996
  0
TEXT
  5
1D0
330
17
100
AcDbEntity
  8
TEXT
 62
7
100
AcDbText
 10
6560.000000000001
 20
9236.937499999996
 30
0.0
 40
33.75
  1
1925
  7
GOST
 11
6560.000000000001
 21
9236.937499999996
 31
0.0
100
AcDbText
  0
LWPOLYLINE
  5
1D1
330
17
100
AcDbEntity
  8
TEXT
 62
7
370
15
100
AcDbPolyline
 90
2
 70
0
 10
6965.000000000001
 20
9295.687499999996
 10
6965.000000000001
 20
9211.937499999996
  0
TEXT
  5
1D2
330
17
100
AcDbEntity
  8
TEXT
 62
7
100
AcDbText
 10
6985.000000000001
 20
9236.937499999996
 30
0.0
 40
33.75
  1
1100
  7
GOST
 11
6985.000000000001
 21
9236.937499999996
 31
0.0
100
AcDbText
  0
LWPOLYLINE
  5
1D3
330
17
100
AcDbEntity
  8
TEXT
 62
7
370
15
100
AcDbPolyline
 90
2
 70
0
 10
7390.000000000001
 20
9295.687499999996
 10
7390.000000000001
 20
9211.937499999996
  0
LWPOLYLINE
  5
1D4
330
17
100
AcDbEntity
  8
TEXT
 62
7
370
15
100
AcDbPolyline
 90
4
 70
1
 10
4990.0
 20
9128.187499999996
 10
7390.000000000001
 20
9128.187499999996
 10
7390.000000000001
 20
9211.937499999996
 10
4990.0
 20
9211.937499999996
  0
LWPOLYLINE
  5
1D5
330
17
100
AcDbEntity
  8
TEXT
 62
7
370
15
100
AcDbPolyline
 90
2
 70
0
 10
4990.0
 20
9211.937499999996
 10
4990.0
 20
9128.187499999996
  0
TEXT
  5
1D6
330
17
100
AcDbEntity
  8
TEXT
 62
7
100
AcDbText
 10
5010.0
 20
9153.187499999996
 30
0.0
 40
33.75
  1
11
  7
GOST
 11
5010.0
 21
9153.187499999996
 31
0.0
100
AcDbText
  0
LWPOLYLINE
  5
1D7
330
17
100
AcDbEntity
  8
TEXT
 62
7
370
15
100
AcDbPolyline
 90
2
 70
0
 10
5140.0
 20
9211.937499999996
 10
5140.0
 20
9128.187499999996
  0
TEXT
  5
1D8
330
17
100
AcDbEntity
  8
TEXT
 62
7
100
AcDbText
 10
5160.0
 20
9153.187499999996
 30
0.0
 40
33.75
  1
P-K08 фартук
  7
GOST
 11
5160.0
 21
9153.187499999996
 31
0.0
100
AcDbText
  0
LWPOLYLINE
  5
1D9
330
17
100
AcDbEntity
  8
TEXT
 62
7
370
15
100
AcDbPolyline
 90
2
 70
0
 10
6540.000000000001
 20
9211.937499999996
 10
6540.000000000001
 20
9128.187499999996
  0
TEXT
  5
1DA
330
17
100
AcDbEntity
  8
TEXT
 62
7
100
AcDbText
 10
6560.000000000001
 20
9153.187499999996
 30
0.0
 40
33.75
  1
2015
  7
GOST
 11
6560.000000000001
 21
9153.187499999996
 31
0.0
100
AcDbText
  0
LWPOLYLINE
  5
1DB
330
17
100
AcDbEntity
  8
TEXT
 62
7
370
15
100
AcDbPolyline
 90
2
 70
0
 10
6965.000000000001
 20
9211.937499999996
 10
6965.000000000001
 20
9128.187499999996
  0
TEXT
  5
1DC
330
17
100
AcDbEntity
  8
TEXT
 62
7
100
AcDbText
 10
6985.000000000001
 20
9153.187499999996
 30
0.0
 40
33.75
  1
1100
  7
GOST
 11
6985.000000000001
 21
9153.187499999996
 31
0.0
100
AcDbText
  0
LWPOLYLINE
  5
1DD
330
17
100
AcDbEntity
  8
TEXT
 62
7
370
15
100
AcDbPolyline
 90
2
 70
0
 10
7390.000000000001
 20
9211.937499999996
 10
7390.000000000001
 20
9128.187499999996
  0
LWPOLYLINE
  5
1DE
330
17
100
AcDbEntity
  8
TEXT
 62
7
370
15
100
AcDbPolyline
 90
4
 70
1
 10
4990.0
 20
9044.437499999995
 10
7390.000000000001
 20
9044.437499999995
 10
7390.000000000001
 20
9128.187499999996
 10
4990.0
 20
9128.187499999996
  0
LWPOLYLINE
  5
1DF
330
17
100
AcDbEntity
  8
TEXT
 62
7
370
15
100
AcDbPolyline
 90
2
 70
0
 10
4990.0
 20
9128.187499999996
 10
4990.0
 20
9044.437499999995
  0
TEXT
  5
1E0
330
17
100
AcDbEntity
  8
TEXT
 62
7
100
AcDbText
 10
5010.0
 20
9069.437499999995
 30
0.0
 40
33.75
  1
12
  7
GOST
 11
5010.0
 21
9069.437499999995
 31
0.0
100
AcDbText
  0
LWPOLYLINE
  5
1E1
330
17
100
AcDbEntity
  8
TEXT
 62
7
370
15
100
AcDbPolyline
 90
2
 70
0
 10
5140.0
 20
9128.187499999996
 10
5140.0
 20
9044.437499999995
  0
TEXT
  5
1E2
330
17
100
AcDbEntity
  8
TEXT
 62
7
100
AcDbText
 10
5160.0
 20
9069.437499999995
 30
0.0
 40
33.75
  1
P-K06 фартук + S3
  7
GOST
 11
5160.0
 21
9069.437499999995
 31
0.0
100
AcDbText
  0
LWPOLYLINE
  5
1E3
330
17
100
AcDbEntity
  8
TEXT
 62
7
370
15
100
AcDbPolyline
 90
2
 70
0
 10
6540.000000000001
 20
9128.187499999996
 10
6540.000000000001
 20
9044.437499999995
  0
TEXT
  5
1E4
330
17
100
AcDbEntity
  8
TEXT
 62
7
100
AcDbText
 10
6560.000000000001
 20
9069.437499999995
 30
0.0
 40
33.75
  1
3150
  7
GOST
 11
6560.000000000001
 21
9069.437499999995
 31
0.0
100
AcDbText
  0
LWPOLYLINE
  5
1E5
330
17
100
AcDbEntity
  8
TEXT
 62
7
370
15
100
AcDbPolyline
 90
2
 70
0
 10
6965.000000000001
 20
9128.187499999996
 10
6965.000000000001
 20
9044.437499999995
  0
TEXT
  5
1E6
330
17
100
AcDbEntity
  8
TEXT
 62
7
100
AcDbText
 10
6985.000000000001
 20
9069.437499999995
 30
0.0
 40
33.75
  1
1100
  7
GOST
 11
6985.000000000001
 21
9069.437499999995
 31
0.0
100
AcDbText
  0
LWPOLYLINE
  5
1E7
330
17
100
AcDbEntity
  8
TEXT
 62
7
370
15
100
AcDbPolyline
 90
2
 70
0
 10
7390.000000000001
 20
9128.187499999996
 10
7390.000000000001
 20
9044.437499999995
  0
LWPOLYLINE
  5
1E8
330
17
100
AcDbEntity
  8
TEXT
 62
7
370
15
100
AcDbPolyline
 90
4
 70
1
 10
4990.0
 20
8960.687499999995
 10
7390.000000000001
 20
8960.687499999995
 10
7390.000000000001
 20
9044.437499999995
 10
4990.0
 20
9044.437499999995
  0
LWPOLYLINE
  5
1E9
330
17
100
AcDbEntity
  8
TEXT
 62
7
370
15
100
AcDbPolyline
 90
2
 70
0
 10
4990.0
 20
9044.437499999995
 10
4990.0
 20
8960.687499999995
  0
TEXT
  5
1EA
330
17
100
AcDbEntity
  8
TEXT
 62
7
100
AcDbText
 10
5010.0
 20
8985.687499999995
 30
0.0
 40
33.75
  1
13
  7
GOST
 11
5010.0
 21
8985.687499999995
 31
0.0
100
AcDbText
  0
LWPOLYLINE
  5
1EB
330
17
100
AcDbEntity
  8
TEXT
 62
7
370
15
100
AcDbPolyline
 90
2
 70
0
 10
5140.0
 20
9044.437499999995
 10
5140.0
 20
8960.687499999995
  0
TEXT
  5
1EC
330
17
100
AcDbEntity
  8
TEXT
 62
7
100
AcDbText
 10
5160.0
 20
8985.687499999995
 30
0.0
 40
33.75
  1
ХВС мойки ½″
  7
GOST
 11
5160.0
 21
8985.687499999995
 31
0.0
100
AcDbText
  0
LWPOLYLINE
  5
1ED
330
17
100
AcDbEntity
  8
TEXT
 62
7
370
15
100
AcDbPolyline
 90
2
 70
0
 10
6540.000000000001
 20
9044.437499999995
 10
6540.000000000001
 20
8960.687499999995
  0
TEXT
  5
1EE
330
17
100
AcDbEntity
  8
TEXT
 62
7
100
AcDbText
 10
6560.000000000001
 20
8985.687499999995
 30
0.0
 40
33.75
  1
2310
  7
GOST
 11
6560.000000000001
 21
8985.687499999995
 31
0.0
100
AcDbText
  0
LWPOLYLINE
  5
1EF
330
17
100
AcDbEntity
  8
TEXT
 62
7
370
15
100
AcDbPolyline
 90
2
 70
0
 10
6965.000000000001
 20
9044.437499999995
 10
6965.000000000001
 20
8960.687499999995
  0
TEXT
  5
1F0
330
17
100
AcDbEntity
  8
TEXT
 62
7
100
AcDbText
 10
6985.000000000001
 20
8985.687499999995
 30
0.0
 40
33.75
  1
550
  7
GOST
 11
6985.000000000001
 21
8985.687499999995
 31
0.0
100
AcDbText
  0
LWPOLYLINE
  5
1F1
330
17
100
AcDbEntity
  8
TEXT
 62
7
370
15
100
AcDbPolyline
 90
2
 70
0
 10
7390.000000000001
 20
9044.437499999995
 10
7390.000000000001
 20
8960.687499999995
  0
LWPOLYLINE
  5
1F2
330
17
100
AcDbEntity
  8
TEXT
 62
7
370
15
100
AcDbPolyline
 90
4
 70
1
 10
4990.0
 20
8876.937499999995
 10
7390.000000000001
 20
8876.937499999995
 10
7390.000000000001
 20
8960.687499999995
 10
4990.0
 20
8960.687499999995
  0
LWPOLYLINE
  5
1F3
330
17
100
AcDbEntity
  8
TEXT
 62
7
370
15
100
AcDbPolyline
 90
2
 70
0
 10
4990.0
 20
8960.687499999995
 10
4990.0
 20
8876.937499999995
  0
TEXT
  5
1F4
330
17
100
AcDbEntity
  8
TEXT
 62
7
100
AcDbText
 10
5010.0
 20
8901.937499999995
 30
0.0
 40
33.75
  1
14
  7
GOST
 11
5010.0
 21
8901.937499999995
 31
0.0
100
AcDbText
  0
LWPOLYLINE
  5
1F5
330
17
100
AcDbEntity
  8
TEXT
 62
7
370
15
100
AcDbPolyline
 90
2
 70
0
 10
5140.0
 20
8960.687499999995
 10
5140.0
 20
8876.937499999995
  0
TEXT
  5
1F6
330
17
100
AcDbEntity
  8
TEXT
 62
7
100
AcDbText
 10
5160.0
 20
8901.937499999995
 30
0.0
 40
33.75
  1
ГВС мойки ½″
  7
GOST
 11
5160.0
 21
8901.937499999995
 31
0.0
100
AcDbText
  0
LWPOLYLINE
  5
1F7
330
17
100
AcDbEntity
  8
TEXT
 62
7
370
15
100
AcDbPolyline
 90
2
 70
0
 10
6540.000000000001
 20
8960.687499999995
 10
6540.000000000001
 20
8876.937499999995
  0
TEXT
  5
1F8
330
17
100
AcDbEntity
  8
TEXT
 62
7
100
AcDbText
 10
6560.000000000001
 20
8901.937499999995
 30
0.0
 40
33.75
  1
2410
  7
GOST
 11
6560.000000000001
 21
8901.937499999995
 31
0.0
100
AcDbText
  0
LWPOLYLINE
  5
1F9
330
17
100
AcDbEntity
  8
TEXT
 62
7
370
15
100
AcDbPolyline
 90
2
 70
0
 10
6965.000000000001
 20
8960.687499999995
 10
6965.000000000001
 20
8876.937499999995
  0
TEXT
  5
1FA
330
17
100
AcDbEntity
  8
TEXT
 62
7
100
AcDbText
 10
6985.000000000001
 20
8901.937499999995
 30
0.0
 40
33.75
  1
550
  7
GOST
 11
6985.000000000001
 21
8901.937499999995
 31
0.0
100
AcDbText
  0
LWPOLYLINE
  5
1FB
330
17
100
AcDbEntity
  8
TEXT
 62
7
370
15
100
AcDbPolyline
 90
2
 70
0
 10
7390.000000000001
 20
8960.687499999995
 10
7390.000000000001
 20
8876.937499999995
  0
LWPOLYLINE
  5
1FC
330
17
100
AcDbEntity
  8
TEXT
 62
7
370
15
100
AcDbPolyline
 90
4
 70
1
 10
4990.0
 20
8793.187499999993
 10
7390.000000000001
 20
8793.187499999993
 10
7390.000000000001
 20
8876.937499999995
 10
4990.0
 20
8876.937499999995
  0
LWPOLYLINE
  5
1FD
330
17
100
AcDbEntity
  8
TEXT
 62
7
370
15
100
AcDbPolyline
 90
2
 70
0
 10
4990.0
 20
8876.937499999995
 10
4990.0
 20
8793.187499999993
  0
TEXT
  5
1FE
330
17
100
AcDbEntity
  8
TEXT
 62
7
100
AcDbText
 10
5010.0
 20
8818.187499999993
 30
0.0
 40
33.75
  1
15
  7
GOST
 11
5010.0
 21
8818.187499999993
 31
0.0
100
AcDbText
  0
LWPOLYLINE
  5
1FF
330
17
100
AcDbEntity
  8
TEXT
 62
7
370
15
100
AcDbPolyline
 90
2
 70
0
 10
5140.0
 20
8876.937499999995
 10
5140.0
 20
8793.187499999993
  0
TEXT
  5
200
330
17
100
AcDbEntity
  8
TEXT
 62
7
100
AcDbText
 10
5160.0
 20
8818.187499999993
 30
0.0
 40
33.75
  1
канализация мойки Ø50
  7
GOST
 11
5160.0
 21
8818.187499999993
 31
0.0
100
AcDbText
  0
LWPOLYLINE
  5
201
330
17
100
AcDbEntity
  8
TEXT
 62
7
370
15
100
AcDbPolyline
 90
2
 70
0
 10
6540.000000000001
 20
8876.937499999995
 10
6540.000000000001
 20
8793.187499999993
  0
TEXT
  5
202
330
17
100
AcDbEntity
  8
TEXT
 62
7
100
AcDbText
 10
6560.000000000001
 20
8818.187499999993
 30
0.0
 40
33.75
  1
2490
  7
GOST
 11
6560.000000000001
 21
8818.187499999993
 31
0.0
100
AcDbText
  0
LWPOLYLINE
  5
203
330
17
100
AcDbEntity
  8
TEXT
 62
7
370
15
100
AcDbPolyline
 90
2
 70
0
 10
6965.000000000001
 20
8876.937499999995
 10
6965.000000000001
 20
8793.187499999993
  0
TEXT
  5
204
330
17
100
AcDbEntity
  8
TEXT
 62
7
100
AcDbText
 10
6985.000000000001
 20
8818.187499999993
 30
0.0
 40
33.75
  1
450
  7
GOST
 11
6985.000000000001
 21
8818.187499999993
 31
0.0
100
AcDbText
  0
LWPOLYLINE
  5
205
330
17
100
AcDbEntity
  8
TEXT
 62
7
370
15
100
AcDbPolyline
 90
2
 70
0
 10
7390.000000000001
 20
8876.937499999995
 10
7390.000000000001
 20
8793.187499999993
  0
LWPOLYLINE
  5
206
330
17
100
AcDbEntity
  8
TEXT
 62
7
370
15
100
AcDbPolyline
 90
4
 70
1
 10
4990.0
 20
8709.437499999993
 10
7390.000000000001
 20
8709.437499999993
 10
7390.000000000001
 20
8793.187499999993
 10
4990.0
 20
8793.187499999993
  0
LWPOLYLINE
  5
207
330
17
100
AcDbEntity
  8
TEXT
 62
7
370
15
100
AcDbPolyline
 90
2
 70
0
 10
4990.0
 20
8793.187499999993
 10
4990.0
 20
8709.437499999993
  0
TEXT
  5
208
330
17
100
AcDbEntity
  8
TEXT
 62
7
100
AcDbText
 10
5010.0
 20
8734.437499999993
 30
0.0
 40
33.75
  1
16
  7
GOST
 11
5010.0
 21
8734.437499999993
 31
0.0
100
AcDbText
  0
LWPOLYLINE
  5
209
330
17
100
AcDbEntity
  8
TEXT
 62
7
370
15
100
AcDbPolyline
 90
2
 70
0
 10
5140.0
 20
8793.187499999993
 10
5140.0
 20
8709.437499999993
  0
TEXT
  5
20A
330
17
100
AcDbEntity
  8
TEXT
 62
7
100
AcDbText
 10
5160.0
 20
8734.437499999993
 30
0.0
 40
33.75
  1
P-K02 духовка (за K-02)
  7
GOST
 11
5160.0
 21
8734.437499999993
 31
0.0
100
AcDbText
  0
LWPOLYLINE
  5
20B
330
17
100
AcDbEntity
  8
TEXT
 62
7
370
15
100
AcDbPolyline
 90
2
 70
0
 10
6540.000000000001
 20
8793.187499999993
 10
6540.000000000001
 20
8709.437499999993
  0
TEXT
  5
20C
330
17
100
AcDbEntity
  8
TEXT
 62
7
100
AcDbText
 10
6560.000000000001
 20
8734.437499999993
 30
0.0
 40
33.75
  1
825
  7
GOST
 11
6560.000000000001
 21
8734.437499999993
 31
0.0
100
AcDbText
  0
LWPOLYLINE
  5
20D
330
17
100
AcDbEntity
  8
TEXT
 62
7
370
15
100
AcDbPolyline
 90
2
 70
0
 10
6965.000000000001
 20
8793.187499999993
 10
6965.000000000001
 20
8709.437499999993
  0
TEXT
  5
20E
330
17
100
AcDbEntity
  8
TEXT
 62
7
100
AcDbText
 10
6985.000000000001
 20
8734.437499999993
 30
0.0
 40
33.75
  1
400
  7
GOST
 11
6985.000000000001
 21
8734.437499999993
 31
0.0
100
AcDbText
  0
LWPOLYLINE
  5
20F
330
17
100
AcDbEntity
  8
TEXT
 62
7
370
15
100
AcDbPolyline
 90
2
 70
0
 10
7390.000000000001
 20
8793.187499999993
 10
7390.000000000001
 20
8709.437499999993
  0
LWPOLYLINE
  5
210
330
17
100
AcDbEntity
  8
TEXT
 62
7
370
15
100
AcDbPolyline
 90
4
 70
1
 10
4990.0
 20
8625.687499999993
 10
7390.000000000001
 20
8625.687499999993
 10
7390.000000000001
 20
8709.437499999993
 10
4990.0
 20
8709.437499999993
  0
LWPOLYLINE
  5
211
330
17
100
AcDbEntity
  8
TEXT
 62
7
370
15
100
AcDbPolyline
 90
2
 70
0
 10
4990.0
 20
8709.437499999993
 10
4990.0
 20
8625.687499999993
  0
TEXT
  5
212
330
17
100
AcDbEntity
  8
TEXT
 62
7
100
AcDbText
 10
5010.0
 20
8650.687499999993
 30
0.0
 40
33.75
  1
17
  7
GOST
 11
5010.0
 21
8650.687499999993
 31
0.0
100
AcDbText
  0
LWPOLYLINE
  5
213
330
17
100
AcDbEntity
  8
TEXT
 62
7
370
15
100
AcDbPolyline
 90
2
 70
0
 10
5140.0
 20
8709.437499999993
 10
5140.0
 20
8625.687499999993
  0
TEXT
  5
214
330
17
100
AcDbEntity
  8
TEXT
 62
7
100
AcDbText
 10
5160.0
 20
8650.687499999993
 30
0.0
 40
33.75
  1
P-K03 индукция 32А
  7
GOST
 11
5160.0
 21
8650.687499999993
 31
0.0
100
AcDbText
  0
LWPOLYLINE
  5
215
330
17
100
AcDbEntity
  8
TEXT
 62
7
370
15
100
AcDbPolyline
 90
2
 70
0
 10
6540.000000000001
 20
8709.437499999993
 10
6540.000000000001
 20
8625.687499999993
  0
TEXT
  5
216
330
17
100
AcDbEntity
  8
TEXT
 62
7
100
AcDbText
 10
6560.000000000001
 20
8650.687499999993
 30
0.0
 40
33.75
  1
1950
  7
GOST
 11
6560.000000000001
 21
8650.687499999993
 31
0.0
100
AcDbText
  0
LWPOLYLINE
  5
217
330
17
100
AcDbEntity
  8
TEXT
 62
7
370
15
100
AcDbPolyline
 90
2
 70
0
 10
6965.000000000001
 20
8709.437499999993
 10
6965.000000000001
 20
8625.687499999993
  0
TEXT
  5
218
330
17
100
AcDbEntity
  8
TEXT
 62
7
100
AcDbText
 10
6985.000000000001
 20
8650.687499999993
 30
0.0
 40
33.75
  1
600
  7
GOST
 11
6985.000000000001
 21
8650.687499999993
 31
0.0
100
AcDbText
  0
LWPOLYLINE
  5
219
330
17
100
AcDbEntity
  8
TEXT
 62
7
370
15
100
AcDbPolyline
 90
2
 70
0
 10
7390.000000000001
 20
8709.437499999993
 10
7390.000000000001
 20
8625.687499999993
  0
LWPOLYLINE
  5
21A
330
17
100
AcDbEntity
  8
TEXT
 62
7
370
15
100
AcDbPolyline
 90
4
 70
1
 10
4990.0
 20
8541.93749999999
 10
7390.000000000001
 20
8541.93749999999
 10
7390.000000000001
 20
8625.687499999993
 10
4990.0
 20
8625.687499999993
  0
LWPOLYLINE
  5
21B
330
17
100
AcDbEntity
  8
TEXT
 62
7
370
15
100
AcDbPolyline
 90
2
 70
0
 10
4990.0
 20
8625.687499999993
 10
4990.0
 20
8541.93749999999
  0
TEXT
  5
21C
330
17
100
AcDbEntity
  8
TEXT
 62
7
100
AcDbText
 10
5010.0
 20
8566.93749999999
 30
0.0
 40
33.75
  1
18
  7
GOST
 11
5010.0
 21
8566.93749999999
 31
0.0
100
AcDbText
  0
LWPOLYLINE
  5
21D
330
17
100
AcDbEntity
  8
TEXT
 62
7
370
15
100
AcDbPolyline
 90
2
 70
0
 10
5140.0
 20
8625.687499999993
 10
5140.0
 20
8541.93749999999
  0
TEXT
  5
21E
330
17
100
AcDbEntity
  8
TEXT
 62
7
100
AcDbText
 10
5160.0
 20
8566.93749999999
 30
0.0
 40
33.75
  1
P-K04 ПММ
  7
GOST
 11
5160.0
 21
8566.93749999999
 31
0.0
100
AcDbText
  0
LWPOLYLINE
  5
21F
330
17
100
AcDbEntity
  8
TEXT
 62
7
370
15
100
AcDbPolyline
 90
2
 70
0
 10
6540.000000000001
 20
8625.687499999993
 10
6540.000000000001
 20
8541.93749999999
  0
TEXT
  5
220
330
17
100
AcDbEntity
  8
TEXT
 62
7
100
AcDbText
 10
6560.000000000001
 20
8566.93749999999
 30
0.0
 40
33.75
  1
2800
  7
GOST
 11
6560.000000000001
 21
8566.93749999999
 31
0.0
100
AcDbText
  0
LWPOLYLINE
  5
221
330
17
100
AcDbEntity
  8
TEXT
 62
7
370
15
100
AcDbPolyline
 90
2
 70
0
 10
6965.000000000001
 20
8625.687499999993
 10
6965.000000000001
 20
8541.93749999999
  0
TEXT
  5
222
330
17
100
AcDbEntity
  8
TEXT
 62
7
100
AcDbText
 10
6985.000000000001
 20
8566.93749999999
 30
0.0
 40
33.75
  1
650
  7
GOST
 11
6985.000000000001
 21
8566.93749999999
 31
0.0
100
AcDbText
  0
LWPOLYLINE
  5
223
330
17
100
AcDbEntity
  8
TEXT
 62
7
370
15
100
AcDbPolyline
 90
2
 70
0
 10
7390.000000000001
 20
8625.687499999993
 10
7390.000000000001
 20
8541.93749999999
  0
LWPOLYLINE
  5
224
330
17
100
AcDbEntity
  8
TEXT
 62
7
370
15
100
AcDbPolyline
 90
4
 70
1
 10
4990.0
 20
8458.18749999999
 10
7390.000000000001
 20
8458.18749999999
 10
7390.000000000001
 20
8541.93749999999
 10
4990.0
 20
8541.93749999999
  0
LWPOLYLINE
  5
225
330
17
100
AcDbEntity
  8
TEXT
 62
7
370
15
100
AcDbPolyline
 90
2
 70
0
 10
4990.0
 20
8541.93749999999
 10
4990.0
 20
8458.18749999999
  0
TEXT
  5
226
330
17
100
AcDbEntity
  8
TEXT
 62
7
100
AcDbText
 10
5010.0
 20
8483.18749999999
 30
0.0
 40
33.75
  1
19
  7
GOST
 11
5010.0
 21
8483.18749999999
 31
0.0
100
AcDbText
  0
LWPOLYLINE
  5
227
330
17
100
AcDbEntity
  8
TEXT
 62
7
370
15
100
AcDbPolyline
 90
2
 70
0
 10
5140.0
 20
8541.93749999999
 10
5140.0
 20
8458.18749999999
  0
TEXT
  5
228
330
17
100
AcDbEntity
  8
TEXT
 62
7
100
AcDbText
 10
5160.0
 20
8483.18749999999
 30
0.0
 40
33.75
  1
P-K09 холодильник
  7
GOST
 11
5160.0
 21
8483.18749999999
 31
0.0
100
AcDbText
  0
LWPOLYLINE
  5
229
330
17
100
AcDbEntity
  8
TEXT
 62
7
370
15
100
AcDbPolyline
 90
2
 70
0
 10
6540.000000000001
 20
8541.93749999999
 10
6540.000000000001
 20
8458.18749999999
  0
TEXT
  5
22A
330
17
100
AcDbEntity
  8
TEXT
 62
7
100
AcDbText
 10
6560.000000000001
 20
8483.18749999999
 30
0.0
 40
33.75
  1
3750
  7
GOST
 11
6560.000000000001
 21
8483.18749999999
 31
0.0
100
AcDbText
  0
LWPOLYLINE
  5
22B
330
17
100
AcDbEntity
  8
TEXT
 62
7
370
15
100
AcDbPolyline
 90
2
 70
0
 10
6965.000000000001
 20
8541.93749999999
 10
6965.000000000001
 20
8458.18749999999
  0
TEXT
  5
22C
330
17
100
AcDbEntity
  8
TEXT
 62
7
100
AcDbText
 10
6985.000000000001
 20
8483.18749999999
 30
0.0
 40
33.75
  1
2150
  7
GOST
 11
6985.000000000001
 21
8483.18749999999
 31
0.0
100
AcDbText
  0
LWPOLYLINE
  5
22D
330
17
100
AcDbEntity
  8
TEXT
 62
7
370
15
100
AcDbPolyline
 90
2
 70
0
 10
7390.000000000001
 20
8541.93749999999
 10
7390.000000000001
 20
8458.18749999999
  0
LWPOLYLINE
  5
22E
330
17
100
AcDbEntity
  8
TEXT
 62
7
370
15
100
AcDbPolyline
 90
4
 70
1
 10
4990.0
 20
8374.43749999999
 10
7390.000000000001
 20
8374.43749999999
 10
7390.000000000001
 20
8458.18749999999
 10
4990.0
 20
8458.18749999999
  0
LWPOLYLINE
  5
22F
330
17
100
AcDbEntity
  8
TEXT
 62
7
370
15
100
AcDbPolyline
 90
2
 70
0
 10
4990.0
 20
8458.18749999999
 10
4990.0
 20
8374.43749999999
  0
TEXT
  5
230
330
17
100
AcDbEntity
  8
TEXT
 62
7
100
AcDbText
 10
5010.0
 20
8399.43749999999
 30
0.0
 40
33.75
  1
20
  7
GOST
 11
5010.0
 21
8399.43749999999
 31
0.0
100
AcDbText
  0
LWPOLYLINE
  5
231
330
17
100
AcDbEntity
  8
TEXT
 62
7
370
15
100
AcDbPolyline
 90
2
 70
0
 10
5140.0
 20
8458.18749999999
 10
5140.0
 20
8374.43749999999
  0
TEXT
  5
232
330
17
100
AcDbEntity
  8
TEXT
 62
7
100
AcDbText
 10
5160.0
 20
8399.43749999999
 30
0.0
 40
33.75
  1
P-K01 СВЧ (опция)
  7
GOST
 11
5160.0
 21
8399.43749999999
 31
0.0
100
AcDbText
  0
LWPOLYLINE
  5
233
330
17
100
AcDbEntity
  8
TEXT
 62
7
370
15
100
AcDbPolyline
 90
2
 70
0
 10
6540.000000000001
 20
8458.18749999999
 10
6540.000000000001
 20
8374.43749999999
  0
TEXT
  5
234
330
17
100
AcDbEntity
  8
TEXT
 62
7
100
AcDbText
 10
6560.000000000001
 20
8399.43749999999
 30
0.0
 40
33.75
  1
300
  7
GOST
 11
6560.000000000001
 21
8399.43749999999
 31
0.0
100
AcDbText
  0
LWPOLYLINE
  5
235
330
17
100
AcDbEntity
  8
TEXT
 62
7
370
15
100
AcDbPolyline
 90
2
 70
0
 10
6965.000000000001
 20
8458.18749999999
 10
6965.000000000001
 20
8374.43749999999
  0
TEXT
  5
236
330
17
100
AcDbEntity
  8
TEXT
 62
7
100
AcDbText
 10
6985.000000000001
 20
8399.43749999999
 30
0.0
 40
33.75
  1
2050
  7
GOST
 11
6985.000000000001
 21
8399.43749999999
 31
0.0
100
AcDbText
  0
LWPOLYLINE
  5
237
330
17
100
AcDbEntity
  8
TEXT
 62
7
370
15
100
AcDbPolyline
 90
2
 70
0
 10
7390.000000000001
 20
8458.18749999999
 10
7390.000000000001
 20
8374.43749999999
  0
LWPOLYLINE
  5
238
330
17
100
AcDbEntity
  8
TEXT
 62
7
370
15
100
AcDbPolyline
 90
4
 70
1
 10
4990.0
 20
8290.687499999989
 10
7390.000000000001
 20
8290.687499999989
 10
7390.000000000001
 20
8374.43749999999
 10
4990.0
 20
8374.43749999999
  0
LWPOLYLINE
  5
239
330
17
100
AcDbEntity
  8
TEXT
 62
7
370
15
100
AcDbPolyline
 90
2
 70
0
 10
4990.0
 20
8374.43749999999
 10
4990.0
 20
8290.687499999989
  0
TEXT
  5
23A
330
17
100
AcDbEntity
  8
TEXT
 62
7
100
AcDbText
 10
5010.0
 20
8315.687499999989
 30
0.0
 40
33.75
  1
21
  7
GOST
 11
5010.0
 21
8315.687499999989
 31
0.0
100
AcDbText
  0
LWPOLYLINE
  5
23B
330
17
100
AcDbEntity
  8
TEXT
 62
7
370
15
100
AcDbPolyline
 90
2
 70
0
 10
5140.0
 20
8374.43749999999
 10
5140.0
 20
8290.687499999989
  0
TEXT
  5
23C
330
17
100
AcDbEntity
  8
TEXT
 62
7
100
AcDbText
 10
5160.0
 20
8315.687499999989
 30
0.0
 40
33.75
  1
P-K10 вытяжка (в карнизе)
  7
GOST
 11
5160.0
 21
8315.687499999989
 31
0.0
100
AcDbText
  0
LWPOLYLINE
  5
23D
330
17
100
AcDbEntity
  8
TEXT
 62
7
370
15
100
AcDbPolyline
 90
2
 70
0
 10
6540.000000000001
 20
8374.43749999999
 10
6540.000000000001
 20
8290.687499999989
  0
TEXT
  5
23E
330
17
100
AcDbEntity
  8
TEXT
 62
7
100
AcDbText
 10
6560.000000000001
 20
8315.687499999989
 30
0.0
 40
33.75
  1
1350
  7
GOST
 11
6560.000000000001
 21
8315.687499999989
 31
0.0
100
AcDbText
  0
LWPOLYLINE
  5
23F
330
17
100
AcDbEntity
  8
TEXT
 62
7
370
15
100
AcDbPolyline
 90
2
 70
0
 10
6965.000000000001
 20
8374.43749999999
 10
6965.000000000001
 20
8290.687499999989
  0
TEXT
  5
240
330
17
100
AcDbEntity
  8
TEXT
 62
7
100
AcDbText
 10
6985.000000000001
 20
8315.687499999989
 30
0.0
 40
33.75
  1
2450
  7
GOST
 11
6985.000000000001
 21
8315.687499999989
 31
0.0
100
AcDbText
  0
LWPOLYLINE
  5
241
330
17
100
AcDbEntity
  8
TEXT
 62
7
370
15
100
AcDbPolyline
 90
2
 70
0
 10
7390.000000000001
 20
8374.43749999999
 10
7390.000000000001
 20
8290.687499999989
  0
LWPOLYLINE
  5
242
330
17
100
AcDbEntity
  8
TEXT
 62
7
370
15
100
AcDbPolyline
 90
4
 70
1
 10
4990.0
 20
8206.937499999989
 10
7390.000000000001
 20
8206.937499999989
 10
7390.000000000001
 20
8290.687499999989
 10
4990.0
 20
8290.687499999989
  0
LWPOLYLINE
  5
243
330
17
100
AcDbEntity
  8
TEXT
 62
7
370
15
100
AcDbPolyline
 90
2
 70
0
 10
4990.0
 20
8290.687499999989
 10
4990.0
 20
8206.937499999989
  0
TEXT
  5
244
330
17
100
AcDbEntity
  8
TEXT
 62
7
100
AcDbText
 10
5010.0
 20
8231.937499999989
 30
0.0
 40
33.75
  1
22
  7
GOST
 11
5010.0
 21
8231.937499999989
 31
0.0
100
AcDbText
  0
LWPOLYLINE
  5
245
330
17
100
AcDbEntity
  8
TEXT
 62
7
370
15
100
AcDbPolyline
 90
2
 70
0
 10
5140.0
 20
8290.687499999989
 10
5140.0
 20
8206.937499999989
  0
TEXT
  5
246
330
17
100
AcDbEntity
  8
TEXT
 62
7
100
AcDbText
 10
5160.0
 20
8231.937499999989
 30
0.0
 40
33.75
  1
P-K10a БП подсветки (в карнизе)
  7
GOST
 11
5160.0
 21
8231.937499999989
 31
0.0
100
AcDbText
  0
LWPOLYLINE
  5
247
330
17
100
AcDbEntity
  8
TEXT
 62
7
370
15
100
AcDbPolyline
 90
2
 70
0
 10
6540.000000000001
 20
8290.687499999989
 10
6540.000000000001
 20
8206.937499999989
  0
TEXT
  5
248
330
17
100
AcDbEntity
  8
TEXT
 62
7
100
AcDbText
 10
6560.000000000001
 20
8231.937499999989
 30
0.0
 40
33.75
  1
825
  7
GOST
 11
6560.000000000001
 21
8231.937499999989
 31
0.0
100
AcDbText
  0
LWPOLYLINE
  5
249
330
17
100
AcDbEntity
  8
TEXT
 62
7
370
15
100
AcDbPolyline
 90
2
 70
0
 10
6965.000000000001
 20
8290.687499999989
 10
6965.000000000001
 20
8206.937499999989
  0
TEXT
  5
24A
330
17
100
AcDbEntity
  8
TEXT
 62
7
100
AcDbText
 10
6985.000000000001
 20
8231.937499999989
 30
0.0
 40
33.75
  1
2450
  7
GOST
 11
6985.000000000001
 21
8231.937499999989
 31
0.0
100
AcDbText
  0
LWPOLYLINE
  5
24B
330
17
100
AcDbEntity
  8
TEXT
 62
7
370
15
100
AcDbPolyline
 90
2
 70
0
 10
7390.000000000001
 20
8290.687499999989
 10
7390.000000000001
 20
8206.937499999989
  0
LWPOLYLINE
  5
24C
330
17
100
AcDbEntity
  8
TEXT
 62
7
370
15
100
AcDbPolyline
 90
4
 70
1
 10
4990.0
 20
8123.187499999989
 10
7390.000000000001
 20
8123.187499999989
 10
7390.000000000001
 20
8206.937499999989
 10
4990.0
 20
8206.937499999989
  0
LWPOLYLINE
  5
24D
330
17
100
AcDbEntity
  8
TEXT
 62
7
370
15
100
AcDbPolyline
 90
2
 70
0
 10
4990.0
 20
8206.937499999989
 10
4990.0
 20
8123.187499999989
  0
TEXT
  5
24E
330
17
100
AcDbEntity
  8
TEXT
 62
7
100
AcDbText
 10
5010.0
 20
8148.187499999989
 30
0.0
 40
33.75
  1
23
  7
GOST
 11
5010.0
 21
8148.187499999989
 31
0.0
100
AcDbText
  0
LWPOLYLINE
  5
24F
330
17
100
AcDbEntity
  8
TEXT
 62
7
370
15
100
AcDbPolyline
 90
2
 70
0
 10
5140.0
 20
8206.937499999989
 10
5140.0
 20
8123.187499999989
  0
TEXT
  5
250
330
17
100
AcDbEntity
  8
TEXT
 62
7
100
AcDbText
 10
5160.0
 20
8148.187499999989
 30
0.0
 40
33.75
  1
L1 подсветка рабочей зоны (под навесными)
  7
GOST
 11
5160.0
 21
8148.187499999989
 31
0.0
100
AcDbText
  0
LWPOLYLINE
  5
251
330
17
100
AcDbEntity
  8
TEXT
 62
7
370
15
100
AcDbPolyline
 90
2
 70
0
 10
6540.000000000001
 20
8206.937499999989
 10
6540.000000000001
 20
8123.187499999989
  0
TEXT
  5
252
330
17
100
AcDbEntity
  8
TEXT
 62
7
100
AcDbText
 10
6560.000000000001
 20
8148.187499999989
 30
0.0
 40
33.75
  1
2025
  7
GOST
 11
6560.000000000001
 21
8148.187499999989
 31
0.0
100
AcDbText
  0
LWPOLYLINE
  5
253
330
17
100
AcDbEntity
  8
TEXT
 62
7
370
15
100
AcDbPolyline
 90
2
 70
0
 10
6965.000000000001
 20
8206.937499999989
 10
6965.000000000001
 20
8123.187499999989
  0
TEXT
  5
254
330
17
100
AcDbEntity
  8
TEXT
 62
7
100
AcDbText
 10
6985.000000000001
 20
8148.187499999989
 30
0.0
 40
33.75
  1
1540
  7
GOST
 11
6985.000000000001
 21
8148.187499999989
 31
0.0
100
AcDbText
  0
LWPOLYLINE
  5
255
330
17
100
AcDbEntity
  8
TEXT
 62
7
370
15
100
AcDbPolyline
 90
2
 70
0
 10
7390.000000000001
 20
8206.937499999989
 10
7390.000000000001
 20
8123.187499999989
  0
LWPOLYLINE
  5
256
330
17
100
AcDbEntity
  8
TEXT
 62
7
370
35
100
AcDbPolyline
 90
4
 70
1
 10
4990.0
 20
8123.187499999989
 10
7390.000000000001
 20
8123.187499999989
 10
7390.000000000001
 20
10300.0
 10
4990.0
 20
10300.0
  0
TEXT
  5
257
330
17
100
AcDbEntity
  8
TEXT
 62
7
100
AcDbText
 10
750.0
 20
7000.0
 30
0.0
 40
35.0
  1
Отделка: стена за мебелью — шпаклёвка Q2 + грунт; фартук M13; карниз-короб CB-1 — C2
  7
GOST
 11
750.0
 21
7000.0
 31
0.0
100
AcDbText
  0
TEXT
  5
258
330
17
100
AcDbEntity
  8
TEXT
 62
7
100
AcDbText
 10
7740.000000000001
 20
10250.0
 30
0.0
 40
50.0
  1
Кухня — W2 с порталом O4 и ламбрекеном экрана
  7
GOST
 11
7740.000000000001
 21
10250.0
 31
0.0
100
AcDbText
  0
TEXT
  5
259
330
17
100
AcDbEntity
  8
TEXT
 62
7
100
AcDbText
 10
7740.000000000001
 20
10175.0
 30
0.0
 40
37.5
  1
из кухни на запад (−X): слева y=3580, справа y=0 М 1:25
  7
GOST
 11
7740.000000000001
 21
10175.0
 31
0.0
100
AcDbText
  0
HATCH
  5
25A
330
17
100
AcDbEntity
  8
AR-WALLS
 62
7
420
16513783
100
AcDbHatch
 10
0.0
 20
0.0
 30
0.0
210
0.0
220
0.0
230
1.0
  2
SOLID
 70
1
 71
0
 91
1
 92
3
 72
0
 73
1
 93
4
 10
7740.000000000001
 20
7325.0
 10
11320.0
 20
7325.0
 10
11320.0
 20
9975.0
 10
7740.000000000001
 20
9975.0
 97
0
 75
1
 76
1
 98
0
  0
LWPOLYLINE
  5
25B
330
17
100
AcDbEntity
  8
AR-WALLS
 62
7
370
50
100
AcDbPolyline
 90
4
 70
1
 10
7740.000000000001
 20
7325.0
 10
11320.0
 20
7325.0
 10
11320.0
 20
9975.0
 10
7740.000000000001
 20
9975.0
  0
HATCH
  5
25C
330
17
100
AcDbEntity
  8
AR-FIN
 62
7
420
16184300
100
AcDbHatch
 10
0.0
 20
0.0
 30
0.0
210
0.0
220
0.0
230
1.0
  2
SOLID
 70
1
 71
0
 91
1
 92
3
 72
0
 73
1
 93
4
 10
7740.000000000001
 20
7325.0
 10
8870.0
 20
7325.0
 10
8870.0
 20
9875.0
 10
7740.000000000001
 20
9875.0
 97
0
 75
1
 76
1
 98
0
  0
LWPOLYLINE
  5
25D
330
17
100
AcDbEntity
  8
AR-FIN
370
20
420
4473924
100
AcDbPolyline
 90
4
 70
1
 10
7740.000000000001
 20
7325.0
 10
8870.0
 20
7325.0
 10
8870.0
 20
9875.0
 10
7740.000000000001
 20
9875.0
  0
HATCH
  5
25E
330
17
100
AcDbEntity
  8
AR-FIN
 62
7
420
16184300
100
AcDbHatch
 10
0.0
 20
0.0
 30
0.0
210
0.0
220
0.0
230
1.0
  2
SOLID
 70
1
 71
0
 91
1
 92
3
 72
0
 73
1
 93
4
 10
10730.000000000002
 20
7325.0
 10
11320.0
 20
7325.0
 10
11320.0
 20
9875.0
 10
10730.000000000002
 20
9875.0
 97
0
 75
1
 76
1
 98
0
  0
LWPOLYLINE
  5
25F
330
17
100
AcDbEntity
  8
AR-FIN
370
20
420
4473924
100
AcDbPolyline
 90
4
 70
1
 10
10730.000000000002
 20
7325.0
 10
11320.0
 20
7325.0
 10
11320.0
 20
9875.0
 10
10730.000000000002
 20
9875.0
  0
HATCH
  5
260
330
17
100
AcDbEntity
  8
AR-FIN
 62
7
420
16184300
100
AcDbHatch
 10
0.0
 20
0.0
 30
0.0
210
0.0
220
0.0
230
1.0
  2
SOLID
 70
1
 71
0
 91
1
 92
3
 72
0
 73
1
 93
4
 10
8870.0
 20
9775.0
 10
10730.000000000002
 20
9775.0
 10
10730.000000000002
 20
9875.0
 10
8870.0
 20
9875.0
 97
0
 75
1
 76
1
 98
0
  0
LWPOLYLINE
  5
261
330
17
100
AcDbEntity
  8
AR-FIN
370
20
420
4473924
100
AcDbPolyline
 90
4
 70
1
 10
8870.0
 20
9775.0
 10
10730.000000000002
 20
9775.0
 10
10730.000000000002
 20
9875.0
 10
8870.0
 20
9875.0
  0
HATCH
  5
262
330
17
100
AcDbEntity
  8
AR-FIN
 62
7
420
10066329
100
AcDbHatch
 10
0.0
 20
0.0
 30
0.0
210
0.0
220
0.0
230
1.0
  2
ANSI31
 70
0
 71
0
 91
1
 92
3
 72
0
 73
1
 93
4
 10
7740.000000000001
 20
9875.0
 10
11320.0
 20
9875.0
 10
11320.0
 20
9975.0
 10
7740.000000000001
 20
9975.0
 97
0
 75
1
 76
1
 52
90.0
 41
6.875000000000001
 77
0
 78
1
 53
135.0
 43
0.0
 44
0.0
 45
-15.4348152083
 46
-15.4348152083
 79
0
 98
0
  0
HATCH
  5
263
330
17
100
AcDbEntity
  8
AR-FIN
 62
7
420
15721167
440
33554559
100
AcDbHatch
 10
0.0
 20
0.0
 30
0.0
210
0.0
220
0.0
230
1.0
  2
SOLID
 70
1
 71
0
 91
1
 92
3
 72
0
 73
1
 93
4
 10
7740.000000000001
 20
9875.0
 10
11320.0
 20
9875.0
 10
11320.0
 20
9975.0
 10
7740.000000000001
 20
9975.0
 97
0
 75
1
 76
1
 98
0
  0
LWPOLYLINE
  5
264
330
17
100
AcDbEntity
  8
AR-FIN
370
20
420
4473924
100
AcDbPolyline
 90
4
 70
1
 10
7740.000000000001
 20
9875.0
 10
11320.0
 20
9875.0
 10
11320.0
 20
9975.0
 10
7740.000000000001
 20
9975.0
  0
HATCH
  5
265
330
17
100
AcDbEntity
  8
AR-FIN
 62
7
420
16777215
100
AcDbHatch
 10
0.0
 20
0.0
 30
0.0
210
0.0
220
0.0
230
1.0
  2
SOLID
 70
1
 71
0
 91
1
 92
3
 72
0
 73
1
 93
4
 10
8870.0
 20
7325.0
 10
10730.000000000002
 20
7325.0
 10
10730.000000000002
 20
9775.0
 10
8870.0
 20
9775.0
 97
0
 75
1
 76
1
 98
0
  0
LWPOLYLINE
  5
266
330
17
100
AcDbEntity
  8
AR-FIN
370
20
420
4473924
100
AcDbPolyline
 90
4
 70
1
 10
8870.0
 20
7325.0
 10
10730.000000000002
 20
7325.0
 10
10730.000000000002
 20
9775.0
 10
8870.0
 20
9775.0
  0
HATCH
  5
267
330
17
100
AcDbEntity
  8
FURN
 62
7
420
14930872
100
AcDbHatch
 10
0.0
 20
0.0
 30
0.0
210
0.0
220
0.0
230
1.0
  2
SOLID
 70
1
 71
0
 91
1
 92
3
 72
0
 73
1
 93
4
 10
10740.0
 20
7325.0
 10
11320.0
 20
7325.0
 10
11320.0
 20
9725.0
 10
10740.0
 20
9725.0
 97
0
 75
1
 76
1
 98
0
  0
LWPOLYLINE
  5
268
330
17
100
AcDbEntity
  8
FURN
370
20
420
4473924
100
AcDbPolyline
 90
4
 70
1
 10
10740.0
 20
7325.0
 10
11320.0
 20
7325.0
 10
11320.0
 20
9725.0
 10
10740.0
 20
9725.0
  0
HATCH
  5
269
330
17
100
AcDbEntity
  8
AR-FIN
 62
7
420
16777215
100
AcDbHatch
 10
0.0
 20
0.0
 30
0.0
210
0.0
220
0.0
230
1.0
  2
SOLID
 70
1
 71
0
 91
1
 92
3
 72
0
 73
1
 93
4
 10
8914.0
 20
8579.0
 10
10685.0
 20
8579.0
 10
10685.0
 20
9875.0
 10
8914.0
 20
9875.0
 97
0
 75
1
 76
1
 98
0
  0
LWPOLYLINE
  5
26A
330
17
100
AcDbEntity
  8
AR-FIN
370
20
420
4473924
100
AcDbPolyline
 90
4
 70
1
 10
8914.0
 20
8579.0
 10
10685.0
 20
8579.0
 10
10685.0
 20
9875.0
 10
8914.0
 20
9875.0
  0
HATCH
  5
26B
330
17
100
AcDbEntity
  8
EL-SOCKET
 62
7
420
9323693
100
AcDbHatch
 10
0.0
 20
0.0
 30
0.0
210
0.0
220
0.0
230
1.0
  2
SOLID
 70
1
 71
0
 91
1
 92
1
 93
1
 72
2
 10
8120.0
 20
7625.0
 40
20.0
 50
0
 51
360
 73
1
 97
0
 75
1
 76
1
 98
0
  0
CIRCLE
  5
26C
330
17
100
AcDbEntity
  8
EL-SOCKET
370
13
420
9323693
100
AcDbCircle
 10
8120.0
 20
7625.0
 30
0.0
 40
20.0
  0
HATCH
  5
26D
330
17
100
AcDbEntity
  8
EL-SOCKET
 62
7
420
9323693
100
AcDbHatch
 10
0.0
 20
0.0
 30
0.0
210
0.0
220
0.0
230
1.0
  2
SOLID
 70
1
 71
0
 91
1
 92
1
 93
1
 72
2
 10
8770.0
 20
9925.0
 40
20.0
 50
0
 51
360
 73
1
 97
0
 75
1
 76
1
 98
0
  0
CIRCLE
  5
26E
330
17
100
AcDbEntity
  8
EL-SOCKET
370
13
420
9323693
100
AcDbCircle
 10
8770.0
 20
9925.0
 30
0.0
 40
20.0
  0
HATCH
  5
26F
330
17
100
AcDbEntity
  8
VK
 62
7
420
1998130
100
AcDbHatch
 10
0.0
 20
0.0
 30
0.0
210
0.0
220
0.0
230
1.0
  2
SOLID
 70
1
 71
0
 91
1
 92
1
 93
1
 72
2
 10
8770.0
 20
9925.0
 40
20.0
 50
0
 51
360
 73
1
 97
0
 75
1
 76
1
 98
0
  0
CIRCLE
  5
270
330
17
100
AcDbEntity
  8
VK
370
13
420
1998130
100
AcDbCircle
 10
8770.0
 20
9925.0
 30
0.0
 40
20.0
  0
HATCH
  5
271
330
17
100
AcDbEntity
  8
VK
 62
7
100
AcDbHatch
 10
0.0
 20
0.0
 30
0.0
210
0.0
220
0.0
230
1.0
  2
SOLID
 70
1
 71
0
 91
1
 92
1
 93
1
 72
2
 10
8305.000000000002
 20
7384.999999999999
 40
20.0
 50
0
 51
360
 73
1
 97
0
 75
1
 76
1
 98
0
  0
CIRCLE
  5
272
330
17
100
AcDbEntity
  8
VK
 62
7
370
13
100
AcDbCircle
 10
8305.000000000002
 20
7384.999999999999
 30
0.0
 40
20.0
  0
TEXT
  5
273
330
17
100
AcDbEntity
  8
TEXT
420
9323693
100
AcDbText
 10
8195.0
 20
7700.0
 30
0.0
 40
37.5
  1
8
  7
GOST
 11
8195.0
 21
7700.0
 31
0.0
100
AcDbText
  0
LWPOLYLINE
  5
274
330
17
100
AcDbEntity
  8
TEXT
370
15
420
9323693
100
AcDbPolyline
 90
2
 70
0
 10
8120.0
 20
7625.0
 10
8195.0
 20
7700.0
  0
TEXT
  5
275
330
17
100
AcDbEntity
  8
TEXT
420
9323693
100
AcDbText
 10
8754.157986111111
 20
10012.5
 30
0.0
 40
37.5
  1
9
  7
GOST
 11
8754.157986111111
 21
10012.5
 31
0.0
100
AcDbText
  0
TEXT
  5
276
330
17
100
AcDbEntity
  8
TEXT
420
1998130
100
AcDbText
 10
8867.22718241315
 20
10022.22718241315
 30
0.0
 40
37.5
  1
10
  7
GOST
 11
8867.22718241315
 21
10022.22718241315
 31
0.0
100
AcDbText
  0
LWPOLYLINE
  5
277
330
17
100
AcDbEntity
  8
TEXT
370
15
420
1998130
100
AcDbPolyline
 90
2
 70
0
 10
8770.0
 20
9925.0
 10
8859.72718241315
 20
10014.72718241315
  0
HATCH
  5
278
330
17
100
AcDbEntity
  8
TEXT
 62
7
420
1998130
100
AcDbHatch
 10
0.0
 20
0.0
 30
0.0
210
0.0
220
0.0
230
1.0
  2
SOLID
 70
1
 71
0
 91
1
 92
1
 93
1
 72
2
 10
8770.0
 20
9925.0
 40
6.25
 50
0
 51
360
 73
1
 97
0
 75
1
 76
1
 98
0
  0
CIRCLE
  5
279
330
17
100
AcDbEntity
  8
TEXT
370
13
420
1998130
100
AcDbCircle
 10
8770.0
 20
9925.0
 30
0.0
 40
6.25
  0
TEXT
  5
27A
330
17
100
AcDbEntity
  8
TEXT
 62
7
100
AcDbText
 10
8273.360178755145
 20
7259.999999999999
 30
0.0
 40
37.5
  1
11
  7
GOST
 11
8273.360178755145
 21
7259.999999999999
 31
0.0
100
AcDbText
  0
TEXT
  5
27B
330
17
100
AcDbEntity
  8
TEXT
420
3355443
100
AcDbText
 10
8380.000000000002
 20
8675.0
 30
0.0
 40
37.5
  1
1
  7
GOST
 11
8380.000000000002
 21
8675.0
 31
0.0
100
AcDbText
  0
LWPOLYLINE
  5
27C
330
17
100
AcDbEntity
  8
TEXT
370
15
420
7829367
100
AcDbPolyline
 90
2
 70
0
 10
8305.000000000002
 20
8600.0
 10
8380.000000000002
 20
8675.0
  0
TEXT
  5
27D
330
17
100
AcDbEntity
  8
TEXT
420
3355443
100
AcDbText
 10
11100.0
 20
8675.0
 30
0.0
 40
37.5
  1
2
  7
GOST
 11
11100.0
 21
8675.0
 31
0.0
100
AcDbText
  0
LWPOLYLINE
  5
27E
330
17
100
AcDbEntity
  8
TEXT
370
15
420
7829367
100
AcDbPolyline
 90
2
 70
0
 10
11025.0
 20
8600.0
 10
11100.0
 20
8675.0
  0
TEXT
  5
27F
330
17
100
AcDbEntity
  8
TEXT
420
3355443
100
AcDbText
 10
9784.411168981482
 20
10000.0
 30
0.0
 40
37.5
  1
3
  7
GOST
 11
9784.411168981482
 21
10000.0
 31
0.0
100
AcDbText
  0
LWPOLYLINE
  5
280
330
17
100
AcDbEntity
  8
TEXT
370
15
420
7829367
100
AcDbPolyline
 90
2
 70
0
 10
9800.0
 20
9825.0
 10
9800.0
 20
9992.5
  0
HATCH
  5
281
330
17
100
AcDbEntity
  8
TEXT
 62
7
420
7829367
100
AcDbHatch
 10
0.0
 20
0.0
 30
0.0
210
0.0
220
0.0
230
1.0
  2
SOLID
 70
1
 71
0
 91
1
 92
1
 93
1
 72
2
 10
9800.0
 20
9825.0
 40
6.25
 50
0
 51
360
 73
1
 97
0
 75
1
 76
1
 98
0
  0
CIRCLE
  5
282
330
17
100
AcDbEntity
  8
TEXT
370
13
420
7829367
100
AcDbCircle
 10
9800.0
 20
9825.0
 30
0.0
 40
6.25
  0
TEXT
  5
283
330
17
100
AcDbEntity
  8
TEXT
420
3355443
100
AcDbText
 10
9609.549512883488
 20
10004.549512883486
 30
0.0
 40
37.5
  1
4
  7
GOST
 11
9609.549512883488
 21
10004.549512883486
 31
0.0
100
AcDbText
  0
LWPOLYLINE
  5
284
330
17
100
AcDbEntity
  8
TEXT
370
15
420
7829367
100
AcDbPolyline
 90
2
 70
0
 10
9530.000000000002
 20
9925.0
 10
9602.049512883488
 20
9997.049512883486
  0
HATCH
  5
285
330
17
100
AcDbEntity
  8
TEXT
 62
7
420
7829367
100
AcDbHatch
 10
0.0
 20
0.0
 30
0.0
210
0.0
220
0.0
230
1.0
  2
SOLID
 70
1
 71
0
 91
1
 92
1
 93
1
 72
2
 10
9530.000000000002
 20
9925.0
 40
6.25
 50
0
 51
360
 73
1
 97
0
 75
1
 76
1
 98
0
  0
CIRCLE
  5
286
330
17
100
AcDbEntity
  8
TEXT
370
13
420
7829367
100
AcDbCircle
 10
9530.000000000002
 20
9925.0
 30
0.0
 40
6.25
  0
TEXT
  5
287
330
17
100
AcDbEntity
  8
TEXT
420
3355443
100
AcDbText
 10
9875.0
 20
8625.0
 30
0.0
 40
37.5
  1
5
  7
GOST
 11
9875.0
 21
8625.0
 31
0.0
100
AcDbText
  0
LWPOLYLINE
  5
288
330
17
100
AcDbEntity
  8
TEXT
370
15
420
7829367
100
AcDbPolyline
 90
2
 70
0
 10
9800.0
 20
8550.0
 10
9875.0
 20
8625.0
  0
TEXT
  5
289
330
17
100
AcDbEntity
  8
TEXT
420
3355443
100
AcDbText
 10
11105.000000000002
 20
8600.0
 30
0.0
 40
37.5
  1
6
  7
GOST
 11
11105.000000000002
 21
8600.0
 31
0.0
100
AcDbText
  0
LWPOLYLINE
  5
28A
330
17
100
AcDbEntity
  8
TEXT
370
15
420
7829367
100
AcDbPolyline
 90
2
 70
0
 10
11030.000000000002
 20
8525.0
 10
11105.000000000002
 20
8600.0
  0
TEXT
  5
28B
330
17
100
AcDbEntity
  8
TEXT
420
3355443
100
AcDbText
 10
9874.5
 20
9302.0
 30
0.0
 40
37.5
  1
7
  7
GOST
 11
9874.5
 21
9302.0
 31
0.0
100
AcDbText
  0
LWPOLYLINE
  5
28C
330
17
100
AcDbEntity
  8
TEXT
370
15
420
7829367
100
AcDbPolyline
 90
2
 70
0
 10
9799.5
 20
9227.0
 10
9874.5
 20
9302.0
  0
LWPOLYLINE
  5
28D
330
17
100
AcDbEntity
  8
DIM
 62
7
370
15
100
AcDbPolyline
 90
2
 70
0
 10
7715.000000000001
 20
7225.0
 10
11345.0
 20
7225.0
  0
LWPOLYLINE
  5
28E
330
17
100
AcDbEntity
  8
DIM
 62
7
370
30
100
AcDbPolyline
 90
2
 70
0
 10
7722.500000000001
 20
7207.5
 10
7757.5
 20
7242.5
  0
LWPOLYLINE
  5
28F
330
17
100
AcDbEntity
  8
DIM
 62
7
370
13
100
AcDbPolyline
 90
2
 70
0
 10
7740.000000000001
 20
7225.0
 10
7740.000000000001
 20
7287.5
  0
LWPOLYLINE
  5
290
330
17
100
AcDbEntity
  8
DIM
 62
7
370
30
100
AcDbPolyline
 90
2
 70
0
 10
8102.500000000001
 20
7207.5
 10
8137.5
 20
7242.5
  0
LWPOLYLINE
  5
291
330
17
100
AcDbEntity
  8
DIM
 62
7
370
13
100
AcDbPolyline
 90
2
 70
0
 10
8120.0
 20
7225.0
 10
8120.0
 20
7287.5
  0
LWPOLYLINE
  5
292
330
17
100
AcDbEntity
  8
DIM
 62
7
370
30
100
AcDbPolyline
 90
2
 70
0
 10
8287.500000000002
 20
7207.5
 10
8322.5
 20
7242.5
  0
LWPOLYLINE
  5
293
330
17
100
AcDbEntity
  8
DIM
 62
7
370
13
100
AcDbPolyline
 90
2
 70
0
 10
8305.000000000002
 20
7225.0
 10
8305.000000000002
 20
7287.5
  0
LWPOLYLINE
  5
294
330
17
100
AcDbEntity
  8
DIM
 62
7
370
30
100
AcDbPolyline
 90
2
 70
0
 10
8752.5
 20
7207.5
 10
8787.5
 20
7242.5
  0
LWPOLYLINE
  5
295
330
17
100
AcDbEntity
  8
DIM
 62
7
370
13
100
AcDbPolyline
 90
2
 70
0
 10
8770.0
 20
7225.0
 10
8770.0
 20
7287.5
  0
LWPOLYLINE
  5
296
330
17
100
AcDbEntity
  8
DIM
 62
7
370
30
100
AcDbPolyline
 90
2
 70
0
 10
11302.5
 20
7207.5
 10
11337.5
 20
7242.5
  0
LWPOLYLINE
  5
297
330
17
100
AcDbEntity
  8
DIM
 62
7
370
13
100
AcDbPolyline
 90
2
 70
0
 10
11320.0
 20
7225.0
 10
11320.0
 20
7287.5
  0
TEXT
  5
298
330
17
100
AcDbEntity
  8
DIM
 62
7
100
AcDbText
 10
7930.000000000001
 20
7237.5
 30
0.0
 40
35.0
  1
380
  7
GOST
 72
1
 11
7930.000000000001
 21
7237.5
 31
0.0
100
AcDbText
  0
TEXT
  5
299
330
17
100
AcDbEntity
  8
DIM
 62
7
100
AcDbText
 10
8212.5
 20
7237.5
 30
0.0
 40
35.0
  1
185
  7
GOST
 72
1
 11
8212.5
 21
7237.5
 31
0.0
100
AcDbText
  0
TEXT
  5
29A
330
17
100
AcDbEntity
  8
DIM
 62
7
100
AcDbText
 10
8537.5
 20
7237.5
 30
0.0
 40
35.0
  1
465
  7
GOST
 72
1
 11
8537.5
 21
7237.5
 31
0.0
100
AcDbText
  0
TEXT
  5
29B
330
17
100
AcDbEntity
  8
DIM
 62
7
100
AcDbText
 10
10045.0
 20
7237.5
 30
0.0
 40
35.0
  1
2550
  7
GOST
 72
1
 11
10045.0
 21
7237.5
 31
0.0
100
AcDbText
  0
LWPOLYLINE
  5
29C
330
17
100
AcDbEntity
  8
DIM
 62
7
370
15
100
AcDbPolyline
 90
2
 70
0
 10
7715.000000000001
 20
7112.5
 10
11345.0
 20
7112.5
  0
LWPOLYLINE
  5
29D
330
17
100
AcDbEntity
  8
DIM
 62
7
370
30
100
AcDbPolyline
 90
2
 70
0
 10
7722.500000000001
 20
7095.0
 10
7757.5
 20
7130.0
  0
LWPOLYLINE
  5
29E
330
17
100
AcDbEntity
  8
DIM
 62
7
370
13
100
AcDbPolyline
 90
2
 70
0
 10
7740.000000000001
 20
7112.5
 10
7740.000000000001
 20
7175.0
  0
LWPOLYLINE
  5
29F
330
17
100
AcDbEntity
  8
DIM
 62
7
370
30
100
AcDbPolyline
 90
2
 70
0
 10
11302.5
 20
7095.0
 10
11337.5
 20
7130.0
  0
LWPOLYLINE
  5
2A0
330
17
100
AcDbEntity
  8
DIM
 62
7
370
13
100
AcDbPolyline
 90
2
 70
0
 10
11320.0
 20
7112.5
 10
11320.0
 20
7175.0
  0
TEXT
  5
2A1
330
17
100
AcDbEntity
  8
DIM
 62
7
100
AcDbText
 10
9530.000000000002
 20
7125.0
 30
0.0
 40
40.0
  1
3580
  7
GOST
 72
1
 11
9530.000000000002
 21
7125.0
 31
0.0
100
AcDbText
  0
LWPOLYLINE
  5
2A2
330
17
100
AcDbEntity
  8
DIM
 62
7
370
15
100
AcDbPolyline
 90
2
 70
0
 10
7640.000000000001
 20
7300.0
 10
7640.000000000001
 20
10000.0
  0
LWPOLYLINE
  5
2A3
330
17
100
AcDbEntity
  8
DIM
 62
7
370
30
100
AcDbPolyline
 90
2
 70
0
 10
7622.500000000001
 20
7307.5
 10
7657.5
 20
7342.5
  0
LWPOLYLINE
  5
2A4
330
17
100
AcDbEntity
  8
DIM
 62
7
370
13
100
AcDbPolyline
 90
2
 70
0
 10
7640.000000000001
 20
7325.0
 10
7702.500000000001
 20
7325.0
  0
LWPOLYLINE
  5
2A5
330
17
100
AcDbEntity
  8
DIM
 62
7
370
30
100
AcDbPolyline
 90
2
 70
0
 10
7622.500000000001
 20
7367.5
 10
7657.5
 20
7402.499999999999
  0
LWPOLYLINE
  5
2A6
330
17
100
AcDbEntity
  8
DIM
 62
7
370
13
100
AcDbPolyline
 90
2
 70
0
 10
7640.000000000001
 20
7384.999999999999
 10
7702.500000000001
 20
7384.999999999999
  0
LWPOLYLINE
  5
2A7
330
17
100
AcDbEntity
  8
DIM
 62
7
370
30
100
AcDbPolyline
 90
2
 70
0
 10
7622.500000000001
 20
7607.5
 10
7657.5
 20
7642.5
  0
LWPOLYLINE
  5
2A8
330
17
100
AcDbEntity
  8
DIM
 62
7
370
13
100
AcDbPolyline
 90
2
 70
0
 10
7640.000000000001
 20
7625.0
 10
7702.500000000001
 20
7625.0
  0
LWPOLYLINE
  5
2A9
330
17
100
AcDbEntity
  8
DIM
 62
7
370
30
100
AcDbPolyline
 90
2
 70
0
 10
7622.500000000001
 20
9907.5
 10
7657.5
 20
9942.5
  0
LWPOLYLINE
  5
2AA
330
17
100
AcDbEntity
  8
DIM
 62
7
370
13
100
AcDbPolyline
 90
2
 70
0
 10
7640.000000000001
 20
9925.0
 10
7702.500000000001
 20
9925.0
  0
LWPOLYLINE
  5
2AB
330
17
100
AcDbEntity
  8
DIM
 62
7
370
30
100
AcDbPolyline
 90
2
 70
0
 10
7622.500000000001
 20
9957.5
 10
7657.5
 20
9992.5
  0
LWPOLYLINE
  5
2AC
330
17
100
AcDbEntity
  8
DIM
 62
7
370
13
100
AcDbPolyline
 90
2
 70
0
 10
7640.000000000001
 20
9975.0
 10
7702.500000000001
 20
9975.0
  0
TEXT
  5
2AD
330
17
100
AcDbEntity
  8
DIM
 62
7
100
AcDbText
 10
7567.500000000001
 20
7355.0
 30
0.0
 40
35.0
  1
60
 50
90.0
  7
GOST
 72
1
 11
7567.500000000001
 21
7355.0
 31
0.0
100
AcDbText
  0
TEXT
  5
2AE
330
17
100
AcDbEntity
  8
DIM
 62
7
100
AcDbText
 10
7627.500000000001
 20
7505.0
 30
0.0
 40
35.0
  1
240
 50
90.0
  7
GOST
 72
1
 11
7627.500000000001
 21
7505.0
 31
0.0
100
AcDbText
  0
TEXT
  5
2AF
330
17
100
AcDbEntity
  8
DIM
 62
7
100
AcDbText
 10
7627.500000000001
 20
8775.0
 30
0.0
 40
35.0
  1
2300
 50
90.0
  7
GOST
 72
1
 11
7627.500000000001
 21
8775.0
 31
0.0
100
AcDbText
  0
TEXT
  5
2B0
330
17
100
AcDbEntity
  8
DIM
 62
7
100
AcDbText
 10
7567.500000000001
 20
9950.0
 30
0.0
 40
35.0
  1
50
 50
90.0
  7
GOST
 72
1
 11
7567.500000000001
 21
9950.0
 31
0.0
100
AcDbText
  0
TEXT
  5
2B1
330
17
100
AcDbEntity
  8
TEXT
 62
7
100
AcDbText
 10
11345.0
 20
7307.5
 30
0.0
 40
37.5
  1
±0.000
  7
GOST
 11
11345.0
 21
7307.5
 31
0.0
100
AcDbText
  0
TEXT
  5
2B2
330
17
100
AcDbEntity
  8
TEXT
 62
7
100
AcDbText
 10
11345.0
 20
9957.5
 30
0.0
 40
37.5
  1
+2.650
  7
GOST
 11
11345.0
 21
9957.5
 31
0.0
100
AcDbText
  0
HATCH
  5
2B3
330
17
100
AcDbEntity
  8
TEXT
 62
7
420
15132390
100
AcDbHatch
 10
0.0
 20
0.0
 30
0.0
210
0.0
220
0.0
230
1.0
  2
SOLID
 70
1
 71
0
 91
1
 92
3
 72
0
 73
1
 93
4
 10
11420.0
 20
10196.25
 10
13819.999999999998
 20
10196.25
 10
13819.999999999998
 20
10300.0
 10
11420.0
 20
10300.0
 97
0
 75
1
 76
1
 98
0
  0
LWPOLYLINE
  5
2B4
330
17
100
AcDbEntity
  8
TEXT
 62
7
370
25
100
AcDbPolyline
 90
4
 70
1
 10
11420.0
 20
10196.25
 10
13819.999999999998
 20
10196.25
 10
13819.999999999998
 20
10300.0
 10
11420.0
 20
10300.0
  0
LWPOLYLINE
  5
2B5
330
17
100
AcDbEntity
  8
TEXT
 62
7
370
15
100
AcDbPolyline
 90
2
 70
0
 10
11420.0
 20
10300.0
 10
11420.0
 20
10196.25
  0
TEXT
  5
2B6
330
17
100
AcDbEntity
  8
TEXT
 62
7
100
AcDbText
 10
11440.0
 20
10241.25
 30
0.0
 40
33.75
  1
№
  7
GOST
 11
11440.0
 21
10241.25
 31
0.0
100
AcDbText
  0
LWPOLYLINE
  5
2B7
330
17
100
AcDbEntity
  8
TEXT
 62
7
370
15
100
AcDbPolyline
 90
2
 70
0
 10
11570.0
 20
10300.0
 10
11570.0
 20
10196.25
  0
TEXT
  5
2B8
330
17
100
AcDbEntity
  8
TEXT
 62
7
100
AcDbText
 10
11590.0
 20
10241.25
 30
0.0
 40
33.75
  1
Элемент
  7
GOST
 11
11590.0
 21
10241.25
 31
0.0
100
AcDbText
  0
LWPOLYLINE
  5
2B9
330
17
100
AcDbEntity
  8
TEXT
 62
7
370
15
100
AcDbPolyline
 90
2
 70
0
 10
12969.999999999998
 20
10300.0
 10
12969.999999999998
 20
10196.25
  0
TEXT
  5
2BA
330
17
100
AcDbEntity
  8
TEXT
 62
7
100
AcDbText
 10
12989.999999999998
 20
10241.25
 30
0.0
 40
33.75
  1
s, мм
  7
GOST
 11
12989.999999999998
 21
10241.25
 31
0.0
100
AcDbText
  0
LWPOLYLINE
  5
2BB
330
17
100
AcDbEntity
  8
TEXT
 62
7
370
15
100
AcDbPolyline
 90
2
 70
0
 10
13394.999999999998
 20
10300.0
 10
13394.999999999998
 20
10196.25
  0
TEXT
  5
2BC
330
17
100
AcDbEntity
  8
TEXT
 62
7
100
AcDbText
 10
13414.999999999998
 20
10241.25
 30
0.0
 40
33.75
  1
z, мм
  7
GOST
 11
13414.999999999998
 21
10241.25
 31
0.0
100
AcDbText
  0
LWPOLYLINE
  5
2BD
330
17
100
AcDbEntity
  8
TEXT
 62
7
370
15
100
AcDbPolyline
 90
2
 70
0
 10
13819.999999999998
 20
10300.0
 10
13819.999999999998
 20
10196.25
  0
LWPOLYLINE
  5
2BE
330
17
100
AcDbEntity
  8
TEXT
 62
7
370
15
100
AcDbPolyline
 90
4
 70
1
 10
11420.0
 20
10112.5
 10
13819.999999999998
 20
10112.5
 10
13819.999999999998
 20
10196.25
 10
11420.0
 20
10196.25
  0
LWPOLYLINE
  5
2BF
330
17
100
AcDbEntity
  8
TEXT
 62
7
370
15
100
AcDbPolyline
 90
2
 70
0
 10
11420.0
 20
10196.25
 10
11420.0
 20
10112.5
  0
TEXT
  5
2C0
330
17
100
AcDbEntity
  8
TEXT
 62
7
100
AcDbText
 10
11440.0
 20
10137.5
 30
0.0
 40
33.75
  1
1
  7
GOST
 11
11440.0
 21
10137.5
 31
0.0
100
AcDbText
  0
LWPOLYLINE
  5
2C1
330
17
100
AcDbEntity
  8
TEXT
 62
7
370
15
100
AcDbPolyline
 90
2
 70
0
 10
11570.0
 20
10196.25
 10
11570.0
 20
10112.5
  0
TEXT
  5
2C2
330
17
100
AcDbEntity
  8
TEXT
 62
7
100
AcDbText
 10
11590.0
 20
10137.5
 30
0.0
 40
33.75
  1
краска C2 класс 1
  7
GOST
 11
11590.0
 21
10137.5
 31
0.0
100
AcDbText
  0
LWPOLYLINE
  5
2C3
330
17
100
AcDbEntity
  8
TEXT
 62
7
370
15
100
AcDbPolyline
 90
2
 70
0
 10
12969.999999999998
 20
10196.25
 10
12969.999999999998
 20
10112.5
  0
TEXT
  5
2C4
330
17
100
AcDbEntity
  8
TEXT
 62
7
100
AcDbText
 10
12989.999999999998
 20
10137.5
 30
0.0
 40
33.75
  1
2450..3580
  7
GOST
 11
12989.999999999998
 21
10137.5
 31
0.0
100
AcDbText
  0
LWPOLYLINE
  5
2C5
330
17
100
AcDbEntity
  8
TEXT
 62
7
370
15
100
AcDbPolyline
 90
2
 70
0
 10
13394.999999999998
 20
10196.25
 10
13394.999999999998
 20
10112.5
  0
TEXT
  5
2C6
330
17
100
AcDbEntity
  8
TEXT
 62
7
100
AcDbText
 10
13414.999999999998
 20
10137.5
 30
0.0
 40
33.75
  1
0..2550
  7
GOST
 11
13414.999999999998
 21
10137.5
 31
0.0
100
AcDbText
  0
LWPOLYLINE
  5
2C7
330
17
100
AcDbEntity
  8
TEXT
 62
7
370
15
100
AcDbPolyline
 90
2
 70
0
 10
13819.999999999998
 20
10196.25
 10
13819.999999999998
 20
10112.5
  0
LWPOLYLINE
  5
2C8
330
17
100
AcDbEntity
  8
TEXT
 62
7
370
15
100
AcDbPolyline
 90
4
 70
1
 10
11420.0
 20
10028.75
 10
13819.999999999998
 20
10028.75
 10
13819.999999999998
 20
10112.5
 10
11420.0
 20
10112.5
  0
LWPOLYLINE
  5
2C9
330
17
100
AcDbEntity
  8
TEXT
 62
7
370
15
100
AcDbPolyline
 90
2
 70
0
 10
11420.0
 20
10112.5
 10
11420.0
 20
10028.75
  0
TEXT
  5
2CA
330
17
100
AcDbEntity
  8
TEXT
 62
7
100
AcDbText
 10
11440.0
 20
10053.75
 30
0.0
 40
33.75
  1
2
  7
GOST
 11
11440.0
 21
10053.75
 31
0.0
100
AcDbText
  0
LWPOLYLINE
  5
2CB
330
17
100
AcDbEntity
  8
TEXT
 62
7
370
15
100
AcDbPolyline
 90
2
 70
0
 10
11570.0
 20
10112.5
 10
11570.0
 20
10028.75
  0
TEXT
  5
2CC
330
17
100
AcDbEntity
  8
TEXT
 62
7
100
AcDbText
 10
11590.0
 20
10053.75
 30
0.0
 40
33.75
  1
краска C2 (простенок 590 за пеналом — грунт)
  7
GOST
 11
11590.0
 21
10053.75
 31
0.0
100
AcDbText
  0
LWPOLYLINE
  5
2CD
330
17
100
AcDbEntity
  8
TEXT
 62
7
370
15
100
AcDbPolyline
 90
2
 70
0
 10
12969.999999999998
 20
10112.5
 10
12969.999999999998
 20
10028.75
  0
TEXT
  5
2CE
330
17
100
AcDbEntity
  8
TEXT
 62
7
100
AcDbText
 10
12989.999999999998
 20
10053.75
 30
0.0
 40
33.75
  1
0..590
  7
GOST
 11
12989.999999999998
 21
10053.75
 31
0.0
100
AcDbText
  0
LWPOLYLINE
  5
2CF
330
17
100
AcDbEntity
  8
TEXT
 62
7
370
15
100
AcDbPolyline
 90
2
 70
0
 10
13394.999999999998
 20
10112.5
 10
13394.999999999998
 20
10028.75
  0
TEXT
  5
2D0
330
17
100
AcDbEntity
  8
TEXT
 62
7
100
AcDbText
 10
13414.999999999998
 20
10053.75
 30
0.0
 40
33.75
  1
0..2550
  7
GOST
 11
13414.999999999998
 21
10053.75
 31
0.0
100
AcDbText
  0
LWPOLYLINE
  5
2D1
330
17
100
AcDbEntity
  8
TEXT
 62
7
370
15
100
AcDbPolyline
 90
2
 70
0
 10
13819.999999999998
 20
10112.5
 10
13819.999999999998
 20
10028.75
  0
LWPOLYLINE
  5
2D2
330
17
100
AcDbEntity
  8
TEXT
 62
7
370
15
100
AcDbPolyline
 90
4
 70
1
 10
11420.0
 20
9896.0625
 10
13819.999999999998
 20
9896.0625
 10
13819.999999999998
 20
10028.75
 10
11420.0
 20
10028.75
  0
LWPOLYLINE
  5
2D3
330
17
100
AcDbEntity
  8
TEXT
 62
7
370
15
100
AcDbPolyline
 90
2
 70
0
 10
11420.0
 20
10028.75
 10
11420.0
 20
9896.0625
  0
TEXT
  5
2D4
330
17
100
AcDbEntity
  8
TEXT
 62
7
100
AcDbText
 10
11440.0
 20
9969.999999999998
 30
0.0
 40
33.75
  1
3
  7
GOST
 11
11440.0
 21
9969.999999999998
 31
0.0
100
AcDbText
  0
LWPOLYLINE
  5
2D5
330
17
100
AcDbEntity
  8
TEXT
 62
7
370
15
100
AcDbPolyline
 90
2
 70
0
 10
11570.0
 20
10028.75
 10
11570.0
 20
9896.0625
  0
TEXT
  5
2D6
330
17
100
AcDbEntity
  8
TEXT
 62
7
100
AcDbText
 10
11590.0
 20
9969.999999999998
 30
0.0
 40
33.75
  1
полоса над перемычкой +2450..+2550 — C1 в цвет
  7
GOST
 11
11590.0
 21
9969.999999999998
 31
0.0
100
AcDbText
  0
TEXT
  5
2D7
330
17
100
AcDbEntity
  8
TEXT
 62
7
100
AcDbText
 10
11590.0
 20
9921.0625
 30
0.0
 40
33.75
  1
откосов (продолжение портала)
  7
GOST
 11
11590.0
 21
9921.0625
 31
0.0
100
AcDbText
  0
LWPOLYLINE
  5
2D8
330
17
100
AcDbEntity
  8
TEXT
 62
7
370
15
100
AcDbPolyline
 90
2
 70
0
 10
12969.999999999998
 20
10028.75
 10
12969.999999999998
 20
9896.0625
  0
TEXT
  5
2D9
330
17
100
AcDbEntity
  8
TEXT
 62
7
100
AcDbText
 10
12989.999999999998
 20
9969.999999999998
 30
0.0
 40
33.75
  1
590..2450
  7
GOST
 11
12989.999999999998
 21
9969.999999999998
 31
0.0
100
AcDbText
  0
LWPOLYLINE
  5
2DA
330
17
100
AcDbEntity
  8
TEXT
 62
7
370
15
100
AcDbPolyline
 90
2
 70
0
 10
13394.999999999998
 20
10028.75
 10
13394.999999999998
 20
9896.0625
  0
TEXT
  5
2DB
330
17
100
AcDbEntity
  8
TEXT
 62
7
100
AcDbText
 10
13414.999999999998
 20
9969.999999999998
 30
0.0
 40
33.75
  1
2450..2550
  7
GOST
 11
13414.999999999998
 21
9969.999999999998
 31
0.0
100
AcDbText
  0
LWPOLYLINE
  5
2DC
330
17
100
AcDbEntity
  8
TEXT
 62
7
370
15
100
AcDbPolyline
 90
2
 70
0
 10
13819.999999999998
 20
10028.75
 10
13819.999999999998
 20
9896.0625
  0
LWPOLYLINE
  5
2DD
330
17
100
AcDbEntity
  8
TEXT
 62
7
370
15
100
AcDbPolyline
 90
4
 70
1
 10
11420.0
 20
9714.4375
 10
13819.999999999998
 20
9714.4375
 10
13819.999999999998
 20
9896.0625
 10
11420.0
 20
9896.0625
  0
LWPOLYLINE
  5
2DE
330
17
100
AcDbEntity
  8
TEXT
 62
7
370
15
100
AcDbPolyline
 90
2
 70
0
 10
11420.0
 20
9896.0625
 10
11420.0
 20
9714.4375
  0
TEXT
  5
2DF
330
17
100
AcDbEntity
  8
TEXT
 62
7
100
AcDbText
 10
11440.0
 20
9837.312499999998
 30
0.0
 40
33.75
  1
4
  7
GOST
 11
11440.0
 21
9837.312499999998
 31
0.0
100
AcDbText
  0
LWPOLYLINE
  5
2E0
330
17
100
AcDbEntity
  8
TEXT
 62
7
370
15
100
AcDbPolyline
 90
2
 70
0
 10
11570.0
 20
9896.0625
 10
11570.0
 20
9714.4375
  0
TEXT
  5
2E1
330
17
100
AcDbEntity
  8
TEXT
 62
7
100
AcDbText
 10
11590.0
 20
9837.312499999998
 30
0.0
 40
33.75
  1
ламбрекен CB-3 по всей стене, низ +2550,
  7
GOST
 11
11590.0
 21
9837.312499999998
 31
0.0
100
AcDbText
  0
TEXT
  5
2E2
330
17
100
AcDbEntity
  8
TEXT
 62
7
100
AcDbText
 10
11590.0
 20
9788.375
 30
0.0
 40
33.75
  1
карниз-профиль 60; ниша экрана y 535..2506 (C6
  7
GOST
 11
11590.0
 21
9788.375
 31
0.0
100
AcDbText
  0
TEXT
  5
2E3
330
17
100
AcDbEntity
  8
TEXT
 62
7
100
AcDbText
 10
11590.0
 20
9739.4375
 30
0.0
 40
33.75
  1
внутри)
  7
GOST
 11
11590.0
 21
9739.4375
 31
0.0
100
AcDbText
  0
LWPOLYLINE
  5
2E4
330
17
100
AcDbEntity
  8
TEXT
 62
7
370
15
100
AcDbPolyline
 90
2
 70
0
 10
12969.999999999998
 20
9896.0625
 10
12969.999999999998
 20
9714.4375
  0
TEXT
  5
2E5
330
17
100
AcDbEntity
  8
TEXT
 62
7
100
AcDbText
 10
12989.999999999998
 20
9837.312499999998
 30
0.0
 40
33.75
  1
0..3580
  7
GOST
 11
12989.999999999998
 21
9837.312499999998
 31
0.0
100
AcDbText
  0
LWPOLYLINE
  5
2E6
330
17
100
AcDbEntity
  8
TEXT
 62
7
370
15
100
AcDbPolyline
 90
2
 70
0
 10
13394.999999999998
 20
9896.0625
 10
13394.999999999998
 20
9714.4375
  0
TEXT
  5
2E7
330
17
100
AcDbEntity
  8
TEXT
 62
7
100
AcDbText
 10
13414.999999999998
 20
9837.312499999998
 30
0.0
 40
33.75
  1
2550..2650
  7
GOST
 11
13414.999999999998
 21
9837.312499999998
 31
0.0
100
AcDbText
  0
LWPOLYLINE
  5
2E8
330
17
100
AcDbEntity
  8
TEXT
 62
7
370
15
100
AcDbPolyline
 90
2
 70
0
 10
13819.999999999998
 20
9896.0625
 10
13819.999999999998
 20
9714.4375
  0
LWPOLYLINE
  5
2E9
330
17
100
AcDbEntity
  8
TEXT
 62
7
370
15
100
AcDbPolyline
 90
4
 70
1
 10
11420.0
 20
9581.75
 10
13819.999999999998
 20
9581.75
 10
13819.999999999998
 20
9714.4375
 10
11420.0
 20
9714.4375
  0
LWPOLYLINE
  5
2EA
330
17
100
AcDbEntity
  8
TEXT
 62
7
370
15
100
AcDbPolyline
 90
2
 70
0
 10
11420.0
 20
9714.4375
 10
11420.0
 20
9581.75
  0
TEXT
  5
2EB
330
17
100
AcDbEntity
  8
TEXT
 62
7
100
AcDbText
 10
11440.0
 20
9655.6875
 30
0.0
 40
33.75
  1
5
  7
GOST
 11
11440.0
 21
9655.6875
 31
0.0
100
AcDbText
  0
LWPOLYLINE
  5
2EC
330
17
100
AcDbEntity
  8
TEXT
 62
7
370
15
100
AcDbPolyline
 90
2
 70
0
 10
11570.0
 20
9714.4375
 10
11570.0
 20
9581.75
  0
TEXT
  5
2ED
330
17
100
AcDbEntity
  8
TEXT
 62
7
100
AcDbText
 10
11590.0
 20
9655.6875
 30
0.0
 40
33.75
  1
портал O4 1860×2450 без заполнения (D2), откосы
  7
GOST
 11
11590.0
 21
9655.6875
 31
0.0
100
AcDbText
  0
TEXT
  5
2EE
330
17
100
AcDbEntity
  8
TEXT
 62
7
100
AcDbText
 10
11590.0
 20
9606.75
 30
0.0
 40
33.75
  1
420 — штукатурка, C1; без наличника (D21)
  7
GOST
 11
11590.0
 21
9606.75
 31
0.0
100
AcDbText
  0
LWPOLYLINE
  5
2EF
330
17
100
AcDbEntity
  8
TEXT
 62
7
370
15
100
AcDbPolyline
 90
2
 70
0
 10
12969.999999999998
 20
9714.4375
 10
12969.999999999998
 20
9581.75
  0
TEXT
  5
2F0
330
17
100
AcDbEntity
  8
TEXT
 62
7
100
AcDbText
 10
12989.999999999998
 20
9655.6875
 30
0.0
 40
33.75
  1
590..2450
  7
GOST
 11
12989.999999999998
 21
9655.6875
 31
0.0
100
AcDbText
  0
LWPOLYLINE
  5
2F1
330
17
100
AcDbEntity
  8
TEXT
 62
7
370
15
100
AcDbPolyline
 90
2
 70
0
 10
13394.999999999998
 20
9714.4375
 10
13394.999999999998
 20
9581.75
  0
TEXT
  5
2F2
330
17
100
AcDbEntity
  8
TEXT
 62
7
100
AcDbText
 10
13414.999999999998
 20
9655.6875
 30
0.0
 40
33.75
  1
0..2450
  7
GOST
 11
13414.999999999998
 21
9655.6875
 31
0.0
100
AcDbText
  0
LWPOLYLINE
  5
2F3
330
17
100
AcDbEntity
  8
TEXT
 62
7
370
15
100
AcDbPolyline
 90
2
 70
0
 10
13819.999999999998
 20
9714.4375
 10
13819.999999999998
 20
9581.75
  0
LWPOLYLINE
  5
2F4
330
17
100
AcDbEntity
  8
TEXT
 62
7
370
15
100
AcDbPolyline
 90
4
 70
1
 10
11420.0
 20
9497.999999999998
 10
13819.999999999998
 20
9497.999999999998
 10
13819.999999999998
 20
9581.75
 10
11420.0
 20
9581.75
  0
LWPOLYLINE
  5
2F5
330
17
100
AcDbEntity
  8
TEXT
 62
7
370
15
100
AcDbPolyline
 90
2
 70
0
 10
11420.0
 20
9581.75
 10
11420.0
 20
9497.999999999998
  0
TEXT
  5
2F6
330
17
100
AcDbEntity
  8
TEXT
 62
7
100
AcDbText
 10
11440.0
 20
9522.999999999998
 30
0.0
 40
33.75
  1
6
  7
GOST
 11
11440.0
 21
9522.999999999998
 31
0.0
100
AcDbText
  0
LWPOLYLINE
  5
2F7
330
17
100
AcDbEntity
  8
TEXT
 62
7
370
15
100
AcDbPolyline
 90
2
 70
0
 10
11570.0
 20
9581.75
 10
11570.0
 20
9497.999999999998
  0
TEXT
  5
2F8
330
17
100
AcDbEntity
  8
TEXT
 62
7
100
AcDbText
 10
11590.0
 20
9522.999999999998
 30
0.0
 40
33.75
  1
пенал K-01 (боковина y 0..580) h 2400
  7
GOST
 11
11590.0
 21
9522.999999999998
 31
0.0
100
AcDbText
  0
LWPOLYLINE
  5
2F9
330
17
100
AcDbEntity
  8
TEXT
 62
7
370
15
100
AcDbPolyline
 90
2
 70
0
 10
12969.999999999998
 20
9581.75
 10
12969.999999999998
 20
9497.999999999998
  0
TEXT
  5
2FA
330
17
100
AcDbEntity
  8
TEXT
 62
7
100
AcDbText
 10
12989.999999999998
 20
9522.999999999998
 30
0.0
 40
33.75
  1
0..580
  7
GOST
 11
12989.999999999998
 21
9522.999999999998
 31
0.0
100
AcDbText
  0
LWPOLYLINE
  5
2FB
330
17
100
AcDbEntity
  8
TEXT
 62
7
370
15
100
AcDbPolyline
 90
2
 70
0
 10
13394.999999999998
 20
9581.75
 10
13394.999999999998
 20
9497.999999999998
  0
TEXT
  5
2FC
330
17
100
AcDbEntity
  8
TEXT
 62
7
100
AcDbText
 10
13414.999999999998
 20
9522.999999999998
 30
0.0
 40
33.75
  1
0..2400
  7
GOST
 11
13414.999999999998
 21
9522.999999999998
 31
0.0
100
AcDbText
  0
LWPOLYLINE
  5
2FD
330
17
100
AcDbEntity
  8
TEXT
 62
7
370
15
100
AcDbPolyline
 90
2
 70
0
 10
13819.999999999998
 20
9581.75
 10
13819.999999999998
 20
9497.999999999998
  0
LWPOLYLINE
  5
2FE
330
17
100
AcDbEntity
  8
TEXT
 62
7
370
15
100
AcDbPolyline
 90
4
 70
1
 10
11420.0
 20
9365.312499999998
 10
13819.999999999998
 20
9365.312499999998
 10
13819.999999999998
 20
9497.999999999998
 10
11420.0
 20
9497.999999999998
  0
LWPOLYLINE
  5
2FF
330
17
100
AcDbEntity
  8
TEXT
 62
7
370
15
100
AcDbPolyline
 90
2
 70
0
 10
11420.0
 20
9497.999999999998
 10
11420.0
 20
9365.312499999998
  0
TEXT
  5
300
330
17
100
AcDbEntity
  8
TEXT
 62
7
100
AcDbText
 10
11440.0
 20
9439.249999999998
 30
0.0
 40
33.75
  1
7
  7
GOST
 11
11440.0
 21
9439.249999999998
 31
0.0
100
AcDbText
  0
LWPOLYLINE
  5
301
330
17
100
AcDbEntity
  8
TEXT
 62
7
370
15
100
AcDbPolyline
 90
2
 70
0
 10
11570.0
 20
9497.999999999998
 10
11570.0
 20
9365.312499999998
  0
TEXT
  5
302
330
17
100
AcDbEntity
  8
TEXT
 62
7
100
AcDbText
 10
11590.0
 20
9439.249999999998
 30
0.0
 40
33.75
  1
экран 80″ F32 (опущен): полотно y 635..2406,
  7
GOST
 11
11590.0
 21
9439.249999999998
 31
0.0
100
AcDbText
  0
TEXT
  5
303
330
17
100
AcDbEntity
  8
TEXT
 62
7
100
AcDbText
 10
11590.0
 20
9390.312499999998
 30
0.0
 40
33.75
  1
изображение +1254..+2250, плоскость x=150
  7
GOST
 11
11590.0
 21
9390.312499999998
 31
0.0
100
AcDbText
  0
LWPOLYLINE
  5
304
330
17
100
AcDbEntity
  8
TEXT
 62
7
370
15
100
AcDbPolyline
 90
2
 70
0
 10
12969.999999999998
 20
9497.999999999998
 10
12969.999999999998
 20
9365.312499999998
  0
TEXT
  5
305
330
17
100
AcDbEntity
  8
TEXT
 62
7
100
AcDbText
 10
12989.999999999998
 20
9439.249999999998
 30
0.0
 40
33.75
  1
635..2406
  7
GOST
 11
12989.999999999998
 21
9439.249999999998
 31
0.0
100
AcDbText
  0
LWPOLYLINE
  5
306
330
17
100
AcDbEntity
  8
TEXT
 62
7
370
15
100
AcDbPolyline
 90
2
 70
0
 10
13394.999999999998
 20
9497.999999999998
 10
13394.999999999998
 20
9365.312499999998
  0
TEXT
  5
307
330
17
100
AcDbEntity
  8
TEXT
 62
7
100
AcDbText
 10
13414.999999999998
 20
9439.249999999998
 30
0.0
 40
33.75
  1
1254..2550
  7
GOST
 11
13414.999999999998
 21
9439.249999999998
 31
0.0
100
AcDbText
  0
LWPOLYLINE
  5
308
330
17
100
AcDbEntity
  8
TEXT
 62
7
370
15
100
AcDbPolyline
 90
2
 70
0
 10
13819.999999999998
 20
9497.999999999998
 10
13819.999999999998
 20
9365.312499999998
  0
LWPOLYLINE
  5
309
330
17
100
AcDbEntity
  8
TEXT
 62
7
370
15
100
AcDbPolyline
 90
4
 70
1
 10
11420.0
 20
9281.562499999998
 10
13819.999999999998
 20
9281.562499999998
 10
13819.999999999998
 20
9365.312499999998
 10
11420.0
 20
9365.312499999998
  0
LWPOLYLINE
  5
30A
330
17
100
AcDbEntity
  8
TEXT
 62
7
370
15
100
AcDbPolyline
 90
2
 70
0
 10
11420.0
 20
9365.312499999998
 10
11420.0
 20
9281.562499999998
  0
TEXT
  5
30B
330
17
100
AcDbEntity
  8
TEXT
 62
7
100
AcDbText
 10
11440.0
 20
9306.562499999998
 30
0.0
 40
33.75
  1
8
  7
GOST
 11
11440.0
 21
9306.562499999998
 31
0.0
100
AcDbText
  0
LWPOLYLINE
  5
30C
330
17
100
AcDbEntity
  8
TEXT
 62
7
370
15
100
AcDbPolyline
 90
2
 70
0
 10
11570.0
 20
9365.312499999998
 10
11570.0
 20
9281.562499999998
  0
TEXT
  5
30D
330
17
100
AcDbEntity
  8
TEXT
 62
7
100
AcDbText
 10
11590.0
 20
9306.562499999998
 30
0.0
 40
33.75
  1
P-K14 розетка
  7
GOST
 11
11590.0
 21
9306.562499999998
 31
0.0
100
AcDbText
  0
LWPOLYLINE
  5
30E
330
17
100
AcDbEntity
  8
TEXT
 62
7
370
15
100
AcDbPolyline
 90
2
 70
0
 10
12969.999999999998
 20
9365.312499999998
 10
12969.999999999998
 20
9281.562499999998
  0
TEXT
  5
30F
330
17
100
AcDbEntity
  8
TEXT
 62
7
100
AcDbText
 10
12989.999999999998
 20
9306.562499999998
 30
0.0
 40
33.75
  1
3200
  7
GOST
 11
12989.999999999998
 21
9306.562499999998
 31
0.0
100
AcDbText
  0
LWPOLYLINE
  5
310
330
17
100
AcDbEntity
  8
TEXT
 62
7
370
15
100
AcDbPolyline
 90
2
 70
0
 10
13394.999999999998
 20
9365.312499999998
 10
13394.999999999998
 20
9281.562499999998
  0
TEXT
  5
311
330
17
100
AcDbEntity
  8
TEXT
 62
7
100
AcDbText
 10
13414.999999999998
 20
9306.562499999998
 30
0.0
 40
33.75
  1
300
  7
GOST
 11
13414.999999999998
 21
9306.562499999998
 31
0.0
100
AcDbText
  0
LWPOLYLINE
  5
312
330
17
100
AcDbEntity
  8
TEXT
 62
7
370
15
100
AcDbPolyline
 90
2
 70
0
 10
13819.999999999998
 20
9365.312499999998
 10
13819.999999999998
 20
9281.562499999998
  0
LWPOLYLINE
  5
313
330
17
100
AcDbEntity
  8
TEXT
 62
7
370
15
100
AcDbPolyline
 90
4
 70
1
 10
11420.0
 20
9197.812499999998
 10
13819.999999999998
 20
9197.812499999998
 10
13819.999999999998
 20
9281.562499999998
 10
11420.0
 20
9281.562499999998
  0
LWPOLYLINE
  5
314
330
17
100
AcDbEntity
  8
TEXT
 62
7
370
15
100
AcDbPolyline
 90
2
 70
0
 10
11420.0
 20
9281.562499999998
 10
11420.0
 20
9197.812499999998
  0
TEXT
  5
315
330
17
100
AcDbEntity
  8
TEXT
 62
7
100
AcDbText
 10
11440.0
 20
9222.812499999998
 30
0.0
 40
33.75
  1
9
  7
GOST
 11
11440.0
 21
9222.812499999998
 31
0.0
100
AcDbText
  0
LWPOLYLINE
  5
316
330
17
100
AcDbEntity
  8
TEXT
 62
7
370
15
100
AcDbPolyline
 90
2
 70
0
 10
11570.0
 20
9281.562499999998
 10
11570.0
 20
9197.812499999998
  0
TEXT
  5
317
330
17
100
AcDbEntity
  8
TEXT
 62
7
100
AcDbText
 10
11590.0
 20
9222.812499999998
 30
0.0
 40
33.75
  1
P-K16 экран (в нише)
  7
GOST
 11
11590.0
 21
9222.812499999998
 31
0.0
100
AcDbText
  0
LWPOLYLINE
  5
318
330
17
100
AcDbEntity
  8
TEXT
 62
7
370
15
100
AcDbPolyline
 90
2
 70
0
 10
12969.999999999998
 20
9281.562499999998
 10
12969.999999999998
 20
9197.812499999998
  0
TEXT
  5
319
330
17
100
AcDbEntity
  8
TEXT
 62
7
100
AcDbText
 10
12989.999999999998
 20
9222.812499999998
 30
0.0
 40
33.75
  1
2550
  7
GOST
 11
12989.999999999998
 21
9222.812499999998
 31
0.0
100
AcDbText
  0
LWPOLYLINE
  5
31A
330
17
100
AcDbEntity
  8
TEXT
 62
7
370
15
100
AcDbPolyline
 90
2
 70
0
 10
13394.999999999998
 20
9281.562499999998
 10
13394.999999999998
 20
9197.812499999998
  0
TEXT
  5
31B
330
17
100
AcDbEntity
  8
TEXT
 62
7
100
AcDbText
 10
13414.999999999998
 20
9222.812499999998
 30
0.0
 40
33.75
  1
2600
  7
GOST
 11
13414.999999999998
 21
9222.812499999998
 31
0.0
100
AcDbText
  0
LWPOLYLINE
  5
31C
330
17
100
AcDbEntity
  8
TEXT
 62
7
370
15
100
AcDbPolyline
 90
2
 70
0
 10
13819.999999999998
 20
9281.562499999998
 10
13819.999999999998
 20
9197.812499999998
  0
LWPOLYLINE
  5
31D
330
17
100
AcDbEntity
  8
TEXT
 62
7
370
15
100
AcDbPolyline
 90
4
 70
1
 10
11420.0
 20
9114.062499999996
 10
13819.999999999998
 20
9114.062499999996
 10
13819.999999999998
 20
9197.812499999998
 10
11420.0
 20
9197.812499999998
  0
LWPOLYLINE
  5
31E
330
17
100
AcDbEntity
  8
TEXT
 62
7
370
15
100
AcDbPolyline
 90
2
 70
0
 10
11420.0
 20
9197.812499999998
 10
11420.0
 20
9114.062499999996
  0
TEXT
  5
31F
330
17
100
AcDbEntity
  8
TEXT
 62
7
100
AcDbText
 10
11440.0
 20
9139.062499999996
 30
0.0
 40
33.75
  1
10
  7
GOST
 11
11440.0
 21
9139.062499999996
 31
0.0
100
AcDbText
  0
LWPOLYLINE
  5
320
330
17
100
AcDbEntity
  8
TEXT
 62
7
370
15
100
AcDbPolyline
 90
2
 70
0
 10
11570.0
 20
9197.812499999998
 10
11570.0
 20
9114.062499999996
  0
TEXT
  5
321
330
17
100
AcDbEntity
  8
TEXT
 62
7
100
AcDbText
 10
11590.0
 20
9139.062499999996
 30
0.0
 40
33.75
  1
LV11 Zigbee/триггер экрана
  7
GOST
 11
11590.0
 21
9139.062499999996
 31
0.0
100
AcDbText
  0
LWPOLYLINE
  5
322
330
17
100
AcDbEntity
  8
TEXT
 62
7
370
15
100
AcDbPolyline
 90
2
 70
0
 10
12969.999999999998
 20
9197.812499999998
 10
12969.999999999998
 20
9114.062499999996
  0
TEXT
  5
323
330
17
100
AcDbEntity
  8
TEXT
 62
7
100
AcDbText
 10
12989.999999999998
 20
9139.062499999996
 30
0.0
 40
33.75
  1
2550
  7
GOST
 11
12989.999999999998
 21
9139.062499999996
 31
0.0
100
AcDbText
  0
LWPOLYLINE
  5
324
330
17
100
AcDbEntity
  8
TEXT
 62
7
370
15
100
AcDbPolyline
 90
2
 70
0
 10
13394.999999999998
 20
9197.812499999998
 10
13394.999999999998
 20
9114.062499999996
  0
TEXT
  5
325
330
17
100
AcDbEntity
  8
TEXT
 62
7
100
AcDbText
 10
13414.999999999998
 20
9139.062499999996
 30
0.0
 40
33.75
  1
2600
  7
GOST
 11
13414.999999999998
 21
9139.062499999996
 31
0.0
100
AcDbText
  0
LWPOLYLINE
  5
326
330
17
100
AcDbEntity
  8
TEXT
 62
7
370
15
100
AcDbPolyline
 90
2
 70
0
 10
13819.999999999998
 20
9197.812499999998
 10
13819.999999999998
 20
9114.062499999996
  0
LWPOLYLINE
  5
327
330
17
100
AcDbEntity
  8
TEXT
 62
7
370
15
100
AcDbPolyline
 90
4
 70
1
 10
11420.0
 20
9030.312499999996
 10
13819.999999999998
 20
9030.312499999996
 10
13819.999999999998
 20
9114.062499999996
 10
11420.0
 20
9114.062499999996
  0
LWPOLYLINE
  5
328
330
17
100
AcDbEntity
  8
TEXT
 62
7
370
15
100
AcDbPolyline
 90
2
 70
0
 10
11420.0
 20
9114.062499999996
 10
11420.0
 20
9030.312499999996
  0
TEXT
  5
329
330
17
100
AcDbEntity
  8
TEXT
 62
7
100
AcDbText
 10
11440.0
 20
9055.312499999996
 30
0.0
 40
33.75
  1
11
  7
GOST
 11
11440.0
 21
9055.312499999996
 31
0.0
100
AcDbText
  0
LWPOLYLINE
  5
32A
330
17
100
AcDbEntity
  8
TEXT
 62
7
370
15
100
AcDbPolyline
 90
2
 70
0
 10
11570.0
 20
9114.062499999996
 10
11570.0
 20
9030.312499999996
  0
TEXT
  5
32B
330
17
100
AcDbEntity
  8
TEXT
 62
7
100
AcDbText
 10
11590.0
 20
9055.312499999996
 30
0.0
 40
33.75
  1
плинтус M02 h 120
  7
GOST
 11
11590.0
 21
9055.312499999996
 31
0.0
100
AcDbText
  0
LWPOLYLINE
  5
32C
330
17
100
AcDbEntity
  8
TEXT
 62
7
370
15
100
AcDbPolyline
 90
2
 70
0
 10
12969.999999999998
 20
9114.062499999996
 10
12969.999999999998
 20
9030.312499999996
  0
TEXT
  5
32D
330
17
100
AcDbEntity
  8
TEXT
 62
7
100
AcDbText
 10
12989.999999999998
 20
9055.312499999996
 30
0.0
 40
33.75
  1
3015
  7
GOST
 11
12989.999999999998
 21
9055.312499999996
 31
0.0
100
AcDbText
  0
LWPOLYLINE
  5
32E
330
17
100
AcDbEntity
  8
TEXT
 62
7
370
15
100
AcDbPolyline
 90
2
 70
0
 10
13394.999999999998
 20
9114.062499999996
 10
13394.999999999998
 20
9030.312499999996
  0
TEXT
  5
32F
330
17
100
AcDbEntity
  8
TEXT
 62
7
100
AcDbText
 10
13414.999999999998
 20
9055.312499999996
 30
0.0
 40
33.75
  1
60
  7
GOST
 11
13414.999999999998
 21
9055.312499999996
 31
0.0
100
AcDbText
  0
LWPOLYLINE
  5
330
330
17
100
AcDbEntity
  8
TEXT
 62
7
370
15
100
AcDbPolyline
 90
2
 70
0
 10
13819.999999999998
 20
9114.062499999996
 10
13819.999999999998
 20
9030.312499999996
  0
LWPOLYLINE
  5
331
330
17
100
AcDbEntity
  8
TEXT
 62
7
370
35
100
AcDbPolyline
 90
4
 70
1
 10
11420.0
 20
9030.312499999996
 10
13819.999999999998
 20
9030.312499999996
 10
13819.999999999998
 20
10300.0
 10
11420.0
 20
10300.0
  0
TEXT
  5
332
330
17
100
AcDbEntity
  8
TEXT
 62
7
100
AcDbText
 10
7690.000000000001
 20
7000.0
 30
0.0
 40
35.0
  1
Отделка: Q3 + флизелин + краска C2 класс 1; откосы портала 420 — штукатурка, уголок, C1; ламбрекен C1 / ниша C6
  7
GOST
 11
7690.000000000001
 21
7000.0
 31
0.0
100
AcDbText
  0
TEXT
  5
333
330
17
100
AcDbEntity
  8
TEXT
 62
7
100
AcDbText
 10
800.0
 20
6644.437499999998
 30
0.0
 40
50.0
  1
Балкон — W2 (сторона балкона) с порталом
  7
GOST
 11
800.0
 21
6644.437499999998
 31
0.0
100
AcDbText
  0
TEXT
  5
334
330
17
100
AcDbEntity
  8
TEXT
 62
7
100
AcDbText
 10
800.0
 20
6569.437499999998
 30
0.0
 40
37.5
  1
с балкона на восток: слева y=45, справа y=3068 М 1:25
  7
GOST
 11
800.0
 21
6569.437499999998
 31
0.0
100
AcDbText
  0
HATCH
  5
335
330
17
100
AcDbEntity
  8
AR-WALLS
 62
7
420
16513783
100
AcDbHatch
 10
0.0
 20
0.0
 30
0.0
210
0.0
220
0.0
230
1.0
  2
SOLID
 70
1
 71
0
 91
1
 92
3
 72
0
 73
1
 93
4
 10
800.0
 20
3869.437499999998
 10
3823.0000000000005
 20
3869.437499999998
 10
3823.0000000000005
 20
6369.437499999998
 10
800.0
 20
6369.437499999998
 97
0
 75
1
 76
1
 98
0
  0
LWPOLYLINE
  5
336
330
17
100
AcDbEntity
  8
AR-WALLS
 62
7
370
50
100
AcDbPolyline
 90
4
 70
1
 10
800.0
 20
3869.437499999998
 10
3823.0000000000005
 20
3869.437499999998
 10
3823.0000000000005
 20
6369.437499999998
 10
800.0
 20
6369.437499999998
  0
HATCH
  5
337
330
17
100
AcDbEntity
  8
AR-FIN
 62
7
420
16184300
100
AcDbHatch
 10
0.0
 20
0.0
 30
0.0
210
0.0
220
0.0
230
1.0
  2
SOLID
 70
1
 71
0
 91
1
 92
3
 72
0
 73
1
 93
4
 10
800.0
 20
3869.437499999998
 10
3823.0000000000005
 20
3869.437499999998
 10
3823.0000000000005
 20
6369.437499999998
 10
800.0
 20
6369.437499999998
 97
0
 75
1
 76
1
 98
0
  0
LWPOLYLINE
  5
338
330
17
100
AcDbEntity
  8
AR-FIN
370
20
420
4473924
100
AcDbPolyline
 90
4
 70
1
 10
800.0
 20
3869.437499999998
 10
3823.0000000000005
 20
3869.437499999998
 10
3823.0000000000005
 20
6369.437499999998
 10
800.0
 20
6369.437499999998
  0
HATCH
  5
339
330
17
100
AcDbEntity
  8
AR-FIN
 62
7
420
16777215
100
AcDbHatch
 10
0.0
 20
0.0
 30
0.0
210
0.0
220
0.0
230
1.0
  2
SOLID
 70
1
 71
0
 91
1
 92
3
 72
0
 73
1
 93
4
 10
1345.0
 20
3869.437499999998
 10
3204.9999999999995
 20
3869.437499999998
 10
3204.9999999999995
 20
6319.437499999998
 10
1345.0
 20
6319.437499999998
 97
0
 75
1
 76
1
 98
0
  0
LWPOLYLINE
  5
33A
330
17
100
AcDbEntity
  8
AR-FIN
370
20
420
4473924
100
AcDbPolyline
 90
4
 70
1
 10
1345.0
 20
3869.437499999998
 10
3204.9999999999995
 20
3869.437499999998
 10
3204.9999999999995
 20
6319.437499999998
 10
1345.0
 20
6319.437499999998
  0
HATCH
  5
33B
330
17
100
AcDbEntity
  8
VK
 62
7
420
1998130
100
AcDbHatch
 10
0.0
 20
0.0
 30
0.0
210
0.0
220
0.0
230
1.0
  2
SOLID
 70
1
 71
0
 91
1
 92
1
 93
1
 72
2
 10
1075.0
 20
4919.437499999998
 40
20.0
 50
0
 51
360
 73
1
 97
0
 75
1
 76
1
 98
0
  0
CIRCLE
  5
33C
330
17
100
AcDbEntity
  8
VK
370
13
420
1998130
100
AcDbCircle
 10
1075.0
 20
4919.437499999998
 30
0.0
 40
20.0
  0
HATCH
  5
33D
330
17
100
AcDbEntity
  8
VK
 62
7
420
1998130
100
AcDbHatch
 10
0.0
 20
0.0
 30
0.0
210
0.0
220
0.0
230
1.0
  2
SOLID
 70
1
 71
0
 91
1
 92
1
 93
1
 72
2
 10
3504.9999999999995
 20
4919.437499999998
 40
20.0
 50
0
 51
360
 73
1
 97
0
 75
1
 76
1
 98
0
  0
CIRCLE
  5
33E
330
17
100
AcDbEntity
  8
VK
370
13
420
1998130
100
AcDbCircle
 10
3504.9999999999995
 20
4919.437499999998
 30
0.0
 40
20.0
  0
HATCH
  5
33F
330
17
100
AcDbEntity
  8
EL-SOCKET
 62
7
420
9323693
100
AcDbHatch
 10
0.0
 20
0.0
 30
0.0
210
0.0
220
0.0
230
1.0
  2
SOLID
 70
1
 71
0
 91
1
 92
1
 93
1
 72
2
 10
3315.0
 20
4769.437499999998
 40
20.0
 50
0
 51
360
 73
1
 97
0
 75
1
 76
1
 98
0
  0
CIRCLE
  5
340
330
17
100
AcDbEntity
  8
EL-SOCKET
370
13
420
9323693
100
AcDbCircle
 10
3315.0
 20
4769.437499999998
 30
0.0
 40
20.0
  0
HATCH
  5
341
330
17
100
AcDbEntity
  8
EL-SOCKET
 62
7
420
9323693
100
AcDbHatch
 10
0.0
 20
0.0
 30
0.0
210
0.0
220
0.0
230
1.0
  2
SOLID
 70
1
 71
0
 91
1
 92
1
 93
1
 72
2
 10
1105.0
 20
4169.437499999998
 40
20.0
 50
0
 51
360
 73
1
 97
0
 75
1
 76
1
 98
0
  0
CIRCLE
  5
342
330
17
100
AcDbEntity
  8
EL-SOCKET
370
13
420
9323693
100
AcDbCircle
 10
1105.0
 20
4169.437499999998
 30
0.0
 40
20.0
  0
HATCH
  5
343
330
17
100
AcDbEntity
  8
EL-SOCKET
 62
7
420
9323693
100
AcDbHatch
 10
0.0
 20
0.0
 30
0.0
210
0.0
220
0.0
230
1.0
  2
SOLID
 70
1
 71
0
 91
1
 92
1
 93
1
 72
2
 10
3504.9999999999995
 20
4169.437499999998
 40
20.0
 50
0
 51
360
 73
1
 97
0
 75
1
 76
1
 98
0
  0
CIRCLE
  5
344
330
17
100
AcDbEntity
  8
EL-SOCKET
370
13
420
9323693
100
AcDbCircle
 10
3504.9999999999995
 20
4169.437499999998
 30
0.0
 40
20.0
  0
HATCH
  5
345
330
17
100
AcDbEntity
  8
EL-SOCKET
 62
7
420
9323693
100
AcDbHatch
 10
0.0
 20
0.0
 30
0.0
210
0.0
220
0.0
230
1.0
  2
SOLID
 70
1
 71
0
 91
1
 92
1
 93
1
 72
2
 10
905.0000000000001
 20
4169.437499999998
 40
20.0
 50
0
 51
360
 73
1
 97
0
 75
1
 76
1
 98
0
  0
CIRCLE
  5
346
330
17
100
AcDbEntity
  8
EL-SOCKET
370
13
420
9323693
100
AcDbCircle
 10
905.0000000000001
 20
4169.437499999998
 30
0.0
 40
20.0
  0
HATCH
  5
347
330
17
100
AcDbEntity
  8
EL-SOCKET
 62
7
420
9323693
100
AcDbHatch
 10
0.0
 20
0.0
 30
0.0
210
0.0
220
0.0
230
1.0
  2
SOLID
 70
1
 71
0
 91
1
 92
1
 93
1
 72
2
 10
3704.9999999999995
 20
4169.437499999998
 40
20.0
 50
0
 51
360
 73
1
 97
0
 75
1
 76
1
 98
0
  0
CIRCLE
  5
348
330
17
100
AcDbEntity
  8
EL-SOCKET
370
13
420
9323693
100
AcDbCircle
 10
3704.9999999999995
 20
4169.437499999998
 30
0.0
 40
20.0
  0
HATCH
  5
349
330
17
100
AcDbEntity
  8
EL-SOCKET
 62
7
420
9323693
100
AcDbHatch
 10
0.0
 20
0.0
 30
0.0
210
0.0
220
0.0
230
1.0
  2
SOLID
 70
1
 71
0
 91
1
 92
1
 93
1
 72
2
 10
3625.0
 20
4169.437499999998
 40
20.0
 50
0
 51
360
 73
1
 97
0
 75
1
 76
1
 98
0
  0
CIRCLE
  5
34A
330
17
100
AcDbEntity
  8
EL-SOCKET
370
13
420
9323693
100
AcDbCircle
 10
3625.0
 20
4169.437499999998
 30
0.0
 40
20.0
  0
TEXT
  5
34B
330
17
100
AcDbEntity
  8
TEXT
420
1998130
100
AcDbText
 10
1150.0
 20
4994.437499999998
 30
0.0
 40
37.5
  1
3
  7
GOST
 11
1150.0
 21
4994.437499999998
 31
0.0
100
AcDbText
  0
LWPOLYLINE
  5
34C
330
17
100
AcDbEntity
  8
TEXT
370
15
420
1998130
100
AcDbPolyline
 90
2
 70
0
 10
1075.0
 20
4919.437499999998
 10
1150.0
 20
4994.437499999998
  0
TEXT
  5
34D
330
17
100
AcDbEntity
  8
TEXT
420
1998130
100
AcDbText
 10
3579.9999999999995
 20
4994.437499999998
 30
0.0
 40
37.5
  1
4
  7
GOST
 11
3579.9999999999995
 21
4994.437499999998
 31
0.0
100
AcDbText
  0
LWPOLYLINE
  5
34E
330
17
100
AcDbEntity
  8
TEXT
370
15
420
1998130
100
AcDbPolyline
 90
2
 70
0
 10
3504.9999999999995
 20
4919.437499999998
 10
3579.9999999999995
 20
4994.437499999998
  0
TEXT
  5
34F
330
17
100
AcDbEntity
  8
TEXT
420
9323693
100
AcDbText
 10
3390.0
 20
4844.437499999998
 30
0.0
 40
37.5
  1
5
  7
GOST
 11
3390.0
 21
4844.437499999998
 31
0.0
100
AcDbText
  0
LWPOLYLINE
  5
350
330
17
100
AcDbEntity
  8
TEXT
370
15
420
9323693
100
AcDbPolyline
 90
2
 70
0
 10
3315.0
 20
4769.437499999998
 10
3390.0
 20
4844.437499999998
  0
TEXT
  5
351
330
17
100
AcDbEntity
  8
TEXT
420
9323693
100
AcDbText
 10
1180.0
 20
4244.437499999998
 30
0.0
 40
37.5
  1
6
  7
GOST
 11
1180.0
 21
4244.437499999998
 31
0.0
100
AcDbText
  0
LWPOLYLINE
  5
352
330
17
100
AcDbEntity
  8
TEXT
370
15
420
9323693
100
AcDbPolyline
 90
2
 70
0
 10
1105.0
 20
4169.437499999998
 10
1180.0
 20
4244.437499999998
  0
TEXT
  5
353
330
17
100
AcDbEntity
  8
TEXT
420
9323693
100
AcDbText
 10
3579.9999999999995
 20
4244.437499999998
 30
0.0
 40
37.5
  1
7
  7
GOST
 11
3579.9999999999995
 21
4244.437499999998
 31
0.0
100
AcDbText
  0
LWPOLYLINE
  5
354
330
17
100
AcDbEntity
  8
TEXT
370
15
420
9323693
100
AcDbPolyline
 90
2
 70
0
 10
3504.9999999999995
 20
4169.437499999998
 10
3579.9999999999995
 20
4244.437499999998
  0
TEXT
  5
355
330
17
100
AcDbEntity
  8
TEXT
420
9323693
100
AcDbText
 10
735.7195216049383
 20
4150.687499999998
 30
0.0
 40
37.5
  1
8
  7
GOST
 11
735.7195216049383
 21
4150.687499999998
 31
0.0
100
AcDbText
  0
LWPOLYLINE
  5
356
330
17
100
AcDbEntity
  8
TEXT
370
15
420
9323693
100
AcDbPolyline
 90
2
 70
0
 10
905.0000000000001
 20
4169.437499999998
 10
775.0000000000001
 20
4169.437499999998
  0
HATCH
  5
357
330
17
100
AcDbEntity
  8
TEXT
 62
7
420
9323693
100
AcDbHatch
 10
0.0
 20
0.0
 30
0.0
210
0.0
220
0.0
230
1.0
  2
SOLID
 70
1
 71
0
 91
1
 92
1
 93
1
 72
2
 10
905.0000000000001
 20
4169.437499999998
 40
6.25
 50
0
 51
360
 73
1
 97
0
 75
1
 76
1
 98
0
  0
CIRCLE
  5
358
330
17
100
AcDbEntity
  8
TEXT
370
13
420
9323693
100
AcDbCircle
 10
905.0000000000001
 20
4169.437499999998
 30
0.0
 40
6.25
  0
TEXT
  5
359
330
17
100
AcDbEntity
  8
TEXT
420
9323693
100
AcDbText
 10
3842.4999999999995
 20
4150.687499999998
 30
0.0
 40
37.5
  1
9
  7
GOST
 11
3842.4999999999995
 21
4150.687499999998
 31
0.0
100
AcDbText
  0
LWPOLYLINE
  5
35A
330
17
100
AcDbEntity
  8
TEXT
370
15
420
9323693
100
AcDbPolyline
 90
2
 70
0
 10
3704.9999999999995
 20
4169.437499999998
 10
3834.9999999999995
 20
4169.437499999998
  0
HATCH
  5
35B
330
17
100
AcDbEntity
  8
TEXT
 62
7
420
9323693
100
AcDbHatch
 10
0.0
 20
0.0
 30
0.0
210
0.0
220
0.0
230
1.0
  2
SOLID
 70
1
 71
0
 91
1
 92
1
 93
1
 72
2
 10
3704.9999999999995
 20
4169.437499999998
 40
6.25
 50
0
 51
360
 73
1
 97
0
 75
1
 76
1
 98
0
  0
CIRCLE
  5
35C
330
17
100
AcDbEntity
  8
TEXT
370
13
420
9323693
100
AcDbCircle
 10
3704.9999999999995
 20
4169.437499999998
 30
0.0
 40
6.25
  0
TEXT
  5
35D
330
17
100
AcDbEntity
  8
TEXT
420
9323693
100
AcDbText
 10
3900.0
 20
4150.687499999998
 30
0.0
 40
37.5
  1
10
  7
GOST
 11
3900.0
 21
4150.687499999998
 31
0.0
100
AcDbText
  0
LWPOLYLINE
  5
35E
330
17
100
AcDbEntity
  8
TEXT
370
15
420
9323693
100
AcDbPolyline
 90
2
 70
0
 10
3625.0
 20
4169.437499999998
 10
3892.4999999999995
 20
4169.437499999998
  0
HATCH
  5
35F
330
17
100
AcDbEntity
  8
TEXT
 62
7
420
9323693
100
AcDbHatch
 10
0.0
 20
0.0
 30
0.0
210
0.0
220
0.0
230
1.0
  2
SOLID
 70
1
 71
0
 91
1
 92
1
 93
1
 72
2
 10
3625.0
 20
4169.437499999998
 40
6.25
 50
0
 51
360
 73
1
 97
0
 75
1
 76
1
 98
0
  0
CIRCLE
  5
360
330
17
100
AcDbEntity
  8
TEXT
370
13
420
9323693
100
AcDbCircle
 10
3625.0
 20
4169.437499999998
 30
0.0
 40
6.25
  0
TEXT
  5
361
330
17
100
AcDbEntity
  8
TEXT
420
3355443
100
AcDbText
 10
2386.5
 20
5194.437499999998
 30
0.0
 40
37.5
  1
1
  7
GOST
 11
2386.5
 21
5194.437499999998
 31
0.0
100
AcDbText
  0
LWPOLYLINE
  5
362
330
17
100
AcDbEntity
  8
TEXT
370
15
420
7829367
100
AcDbPolyline
 90
2
 70
0
 10
2311.5
 20
5119.437499999998
 10
2386.5
 20
5194.437499999998
  0
TEXT
  5
363
330
17
100
AcDbEntity
  8
TEXT
420
3355443
100
AcDbText
 10
2350.0
 20
5169.437499999998
 30
0.0
 40
37.5
  1
2
  7
GOST
 11
2350.0
 21
5169.437499999998
 31
0.0
100
AcDbText
  0
LWPOLYLINE
  5
364
330
17
100
AcDbEntity
  8
TEXT
370
15
420
7829367
100
AcDbPolyline
 90
2
 70
0
 10
2275.0
 20
5094.437499999998
 10
2350.0
 20
5169.437499999998
  0
LWPOLYLINE
  5
365
330
17
100
AcDbEntity
  8
DIM
 62
7
370
15
100
AcDbPolyline
 90
2
 70
0
 10
775.0
 20
3769.437499999998
 10
3848.0000000000005
 20
3769.437499999998
  0
LWPOLYLINE
  5
366
330
17
100
AcDbEntity
  8
DIM
 62
7
370
30
100
AcDbPolyline
 90
2
 70
0
 10
782.5
 20
3751.937499999998
 10
817.5000000000001
 20
3786.9374999999977
  0
LWPOLYLINE
  5
367
330
17
100
AcDbEntity
  8
DIM
 62
7
370
13
100
AcDbPolyline
 90
2
 70
0
 10
800.0
 20
3769.437499999998
 10
800.0
 20
3831.937499999998
  0
LWPOLYLINE
  5
368
330
17
100
AcDbEntity
  8
DIM
 62
7
370
30
100
AcDbPolyline
 90
2
 70
0
 10
887.5
 20
3751.937499999998
 10
922.5000000000001
 20
3786.9374999999977
  0
LWPOLYLINE
  5
369
330
17
100
AcDbEntity
  8
DIM
 62
7
370
13
100
AcDbPolyline
 90
2
 70
0
 10
905.0000000000001
 20
3769.437499999998
 10
905.0000000000001
 20
3831.937499999998
  0
LWPOLYLINE
  5
36A
330
17
100
AcDbEntity
  8
DIM
 62
7
370
30
100
AcDbPolyline
 90
2
 70
0
 10
1057.5
 20
3751.937499999998
 10
1092.5
 20
3786.9374999999977
  0
LWPOLYLINE
  5
36B
330
17
100
AcDbEntity
  8
DIM
 62
7
370
13
100
AcDbPolyline
 90
2
 70
0
 10
1075.0
 20
3769.437499999998
 10
1075.0
 20
3831.937499999998
  0
LWPOLYLINE
  5
36C
330
17
100
AcDbEntity
  8
DIM
 62
7
370
30
100
AcDbPolyline
 90
2
 70
0
 10
1087.5
 20
3751.937499999998
 10
1122.5000000000002
 20
3786.9374999999977
  0
LWPOLYLINE
  5
36D
330
17
100
AcDbEntity
  8
DIM
 62
7
370
13
100
AcDbPolyline
 90
2
 70
0
 10
1105.0
 20
3769.437499999998
 10
1105.0
 20
3831.937499999998
  0
LWPOLYLINE
  5
36E
330
17
100
AcDbEntity
  8
DIM
 62
7
370
30
100
AcDbPolyline
 90
2
 70
0
 10
3297.5
 20
3751.937499999998
 10
3332.4999999999995
 20
3786.9374999999977
  0
LWPOLYLINE
  5
36F
330
17
100
AcDbEntity
  8
DIM
 62
7
370
13
100
AcDbPolyline
 90
2
 70
0
 10
3315.0
 20
3769.437499999998
 10
3315.0
 20
3831.937499999998
  0
LWPOLYLINE
  5
370
330
17
100
AcDbEntity
  8
DIM
 62
7
370
30
100
AcDbPolyline
 90
2
 70
0
 10
3487.5
 20
3751.937499999998
 10
3522.4999999999995
 20
3786.9374999999977
  0
LWPOLYLINE
  5
371
330
17
100
AcDbEntity
  8
DIM
 62
7
370
13
100
AcDbPolyline
 90
2
 70
0
 10
3504.9999999999995
 20
3769.437499999998
 10
3504.9999999999995
 20
3831.937499999998
  0
LWPOLYLINE
  5
372
330
17
100
AcDbEntity
  8
DIM
 62
7
370
30
100
AcDbPolyline
 90
2
 70
0
 10
3607.5000000000005
 20
3751.937499999998
 10
3642.4999999999995
 20
3786.9374999999977
  0
LWPOLYLINE
  5
373
330
17
100
AcDbEntity
  8
DIM
 62
7
370
13
100
AcDbPolyline
 90
2
 70
0
 10
3625.0
 20
3769.437499999998
 10
3625.0
 20
3831.937499999998
  0
LWPOLYLINE
  5
374
330
17
100
AcDbEntity
  8
DIM
 62
7
370
30
100
AcDbPolyline
 90
2
 70
0
 10
3687.5
 20
3751.937499999998
 10
3722.4999999999995
 20
3786.9374999999977
  0
LWPOLYLINE
  5
375
330
17
100
AcDbEntity
  8
DIM
 62
7
370
13
100
AcDbPolyline
 90
2
 70
0
 10
3704.9999999999995
 20
3769.437499999998
 10
3704.9999999999995
 20
3831.937499999998
  0
LWPOLYLINE
  5
376
330
17
100
AcDbEntity
  8
DIM
 62
7
370
30
100
AcDbPolyline
 90
2
 70
0
 10
3805.500000000001
 20
3751.937499999998
 10
3840.5
 20
3786.9374999999977
  0
LWPOLYLINE
  5
377
330
17
100
AcDbEntity
  8
DIM
 62
7
370
13
100
AcDbPolyline
 90
2
 70
0
 10
3823.0000000000005
 20
3769.437499999998
 10
3823.0000000000005
 20
3831.937499999998
  0
TEXT
  5
378
330
17
100
AcDbEntity
  8
DIM
 62
7
100
AcDbText
 10
852.5
 20
3781.937499999998
 30
0.0
 40
35.0
  1
105
  7
GOST
 72
1
 11
852.5
 21
3781.937499999998
 31
0.0
100
AcDbText
  0
TEXT
  5
379
330
17
100
AcDbEntity
  8
DIM
 62
7
100
AcDbText
 10
990.0
 20
3781.937499999998
 30
0.0
 40
35.0
  1
170
  7
GOST
 72
1
 11
990.0
 21
3781.937499999998
 31
0.0
100
AcDbText
  0
TEXT
  5
37A
330
17
100
AcDbEntity
  8
DIM
 62
7
100
AcDbText
 10
1090.0
 20
3709.4374999999977
 30
0.0
 40
35.0
  1
30
  7
GOST
 72
1
 11
1090.0
 21
3709.4374999999977
 31
0.0
100
AcDbText
  0
TEXT
  5
37B
330
17
100
AcDbEntity
  8
DIM
 62
7
100
AcDbText
 10
2210.0
 20
3781.937499999998
 30
0.0
 40
35.0
  1
2210
  7
GOST
 72
1
 11
2210.0
 21
3781.937499999998
 31
0.0
100
AcDbText
  0
TEXT
  5
37C
330
17
100
AcDbEntity
  8
DIM
 62
7
100
AcDbText
 10
3409.9999999999995
 20
3781.937499999998
 30
0.0
 40
35.0
  1
190
  7
GOST
 72
1
 11
3409.9999999999995
 21
3781.937499999998
 31
0.0
100
AcDbText
  0
TEXT
  5
37D
330
17
100
AcDbEntity
  8
DIM
 62
7
100
AcDbText
 10
3565.0
 20
3781.937499999998
 30
0.0
 40
35.0
  1
120
  7
GOST
 72
1
 11
3565.0
 21
3781.937499999998
 31
0.0
100
AcDbText
  0
TEXT
  5
37E
330
17
100
AcDbEntity
  8
DIM
 62
7
100
AcDbText
 10
3665.0
 20
3781.937499999998
 30
0.0
 40
35.0
  1
80
  7
GOST
 72
1
 11
3665.0
 21
3781.937499999998
 31
0.0
100
AcDbText
  0
TEXT
  5
37F
330
17
100
AcDbEntity
  8
DIM
 62
7
100
AcDbText
 10
3764.0
 20
3781.937499999998
 30
0.0
 40
35.0
  1
118
  7
GOST
 72
1
 11
3764.0
 21
3781.937499999998
 31
0.0
100
AcDbText
  0
LWPOLYLINE
  5
380
330
17
100
AcDbEntity
  8
DIM
 62
7
370
15
100
AcDbPolyline
 90
2
 70
0
 10
775.0
 20
3656.937499999998
 10
3848.0000000000005
 20
3656.937499999998
  0
LWPOLYLINE
  5
381
330
17
100
AcDbEntity
  8
DIM
 62
7
370
30
100
AcDbPolyline
 90
2
 70
0
 10
782.5
 20
3639.437499999998
 10
817.5000000000001
 20
3674.4374999999977
  0
LWPOLYLINE
  5
382
330
17
100
AcDbEntity
  8
DIM
 62
7
370
13
100
AcDbPolyline
 90
2
 70
0
 10
800.0
 20
3656.937499999998
 10
800.0
 20
3719.437499999998
  0
LWPOLYLINE
  5
383
330
17
100
AcDbEntity
  8
DIM
 62
7
370
30
100
AcDbPolyline
 90
2
 70
0
 10
3805.500000000001
 20
3639.437499999998
 10
3840.5
 20
3674.4374999999977
  0
LWPOLYLINE
  5
384
330
17
100
AcDbEntity
  8
DIM
 62
7
370
13
100
AcDbPolyline
 90
2
 70
0
 10
3823.0000000000005
 20
3656.937499999998
 10
3823.0000000000005
 20
3719.437499999998
  0
TEXT
  5
385
330
17
100
AcDbEntity
  8
DIM
 62
7
100
AcDbText
 10
2311.5
 20
3669.437499999998
 30
0.0
 40
40.0
  1
3023
  7
GOST
 72
1
 11
2311.5
 21
3669.437499999998
 31
0.0
100
AcDbText
  0
LWPOLYLINE
  5
386
330
17
100
AcDbEntity
  8
DIM
 62
7
370
15
100
AcDbPolyline
 90
2
 70
0
 10
700.0
 20
3844.437499999998
 10
700.0
 20
6394.437499999998
  0
LWPOLYLINE
  5
387
330
17
100
AcDbEntity
  8
DIM
 62
7
370
30
100
AcDbPolyline
 90
2
 70
0
 10
682.5
 20
3851.937499999998
 10
717.5
 20
3886.9374999999977
  0
LWPOLYLINE
  5
388
330
17
100
AcDbEntity
  8
DIM
 62
7
370
13
100
AcDbPolyline
 90
2
 70
0
 10
700.0
 20
3869.437499999998
 10
762.5
 20
3869.437499999998
  0
LWPOLYLINE
  5
389
330
17
100
AcDbEntity
  8
DIM
 62
7
370
30
100
AcDbPolyline
 90
2
 70
0
 10
682.5
 20
4151.937499999998
 10
717.5
 20
4186.937499999997
  0
LWPOLYLINE
  5
38A
330
17
100
AcDbEntity
  8
DIM
 62
7
370
13
100
AcDbPolyline
 90
2
 70
0
 10
700.0
 20
4169.437499999998
 10
762.5
 20
4169.437499999998
  0
LWPOLYLINE
  5
38B
330
17
100
AcDbEntity
  8
DIM
 62
7
370
30
100
AcDbPolyline
 90
2
 70
0
 10
682.5
 20
4751.937499999998
 10
717.5
 20
4786.937499999997
  0
LWPOLYLINE
  5
38C
330
17
100
AcDbEntity
  8
DIM
 62
7
370
13
100
AcDbPolyline
 90
2
 70
0
 10
700.0
 20
4769.437499999998
 10
762.5
 20
4769.437499999998
  0
LWPOLYLINE
  5
38D
330
17
100
AcDbEntity
  8
DIM
 62
7
370
30
100
AcDbPolyline
 90
2
 70
0
 10
682.5
 20
4901.937499999998
 10
717.5
 20
4936.937499999997
  0
LWPOLYLINE
  5
38E
330
17
100
AcDbEntity
  8
DIM
 62
7
370
13
100
AcDbPolyline
 90
2
 70
0
 10
700.0
 20
4919.437499999998
 10
762.5
 20
4919.437499999998
  0
LWPOLYLINE
  5
38F
330
17
100
AcDbEntity
  8
DIM
 62
7
370
30
100
AcDbPolyline
 90
2
 70
0
 10
682.5
 20
6351.937499999998
 10
717.5
 20
6386.937499999997
  0
LWPOLYLINE
  5
390
330
17
100
AcDbEntity
  8
DIM
 62
7
370
13
100
AcDbPolyline
 90
2
 70
0
 10
700.0
 20
6369.437499999998
 10
762.5
 20
6369.437499999998
  0
TEXT
  5
391
330
17
100
AcDbEntity
  8
DIM
 62
7
100
AcDbText
 10
687.5
 20
4019.437499999998
 30
0.0
 40
35.0
  1
300
 50
90.0
  7
GOST
 72
1
 11
687.5
 21
4019.437499999998
 31
0.0
100
AcDbText
  0
TEXT
  5
392
330
17
100
AcDbEntity
  8
DIM
 62
7
100
AcDbText
 10
687.5
 20
4469.437499999998
 30
0.0
 40
35.0
  1
600
 50
90.0
  7
GOST
 72
1
 11
687.5
 21
4469.437499999998
 31
0.0
100
AcDbText
  0
TEXT
  5
393
330
17
100
AcDbEntity
  8
DIM
 62
7
100
AcDbText
 10
687.5
 20
4844.437499999998
 30
0.0
 40
35.0
  1
150
 50
90.0
  7
GOST
 72
1
 11
687.5
 21
4844.437499999998
 31
0.0
100
AcDbText
  0
TEXT
  5
394
330
17
100
AcDbEntity
  8
DIM
 62
7
100
AcDbText
 10
687.5
 20
5644.437499999998
 30
0.0
 40
35.0
  1
1450
 50
90.0
  7
GOST
 72
1
 11
687.5
 21
5644.437499999998
 31
0.0
100
AcDbText
  0
TEXT
  5
395
330
17
100
AcDbEntity
  8
TEXT
 62
7
100
AcDbText
 10
3848.0000000000005
 20
3851.937499999998
 30
0.0
 40
37.5
  1
±0.000
  7
GOST
 11
3848.0000000000005
 21
3851.937499999998
 31
0.0
100
AcDbText
  0
TEXT
  5
396
330
17
100
AcDbEntity
  8
TEXT
 62
7
100
AcDbText
 10
3848.0000000000005
 20
6351.937499999998
 30
0.0
 40
37.5
  1
+2.500
  7
GOST
 11
3848.0000000000005
 21
6351.937499999998
 31
0.0
100
AcDbText
  0
HATCH
  5
397
330
17
100
AcDbEntity
  8
TEXT
 62
7
420
15132390
100
AcDbHatch
 10
0.0
 20
0.0
 30
0.0
210
0.0
220
0.0
230
1.0
  2
SOLID
 70
1
 71
0
 91
1
 92
3
 72
0
 73
1
 93
4
 10
3923.0000000000005
 20
6590.687499999998
 10
6323.0
 20
6590.687499999998
 10
6323.0
 20
6694.437499999998
 10
3923.0000000000005
 20
6694.437499999998
 97
0
 75
1
 76
1
 98
0
  0
LWPOLYLINE
  5
398
330
17
100
AcDbEntity
  8
TEXT
 62
7
370
25
100
AcDbPolyline
 90
4
 70
1
 10
3923.0000000000005
 20
6590.687499999998
 10
6323.0
 20
6590.687499999998
 10
6323.0
 20
6694.437499999998
 10
3923.0000000000005
 20
6694.437499999998
  0
LWPOLYLINE
  5
399
330
17
100
AcDbEntity
  8
TEXT
 62
7
370
15
100
AcDbPolyline
 90
2
 70
0
 10
3923.0000000000005
 20
6694.437499999998
 10
3923.0000000000005
 20
6590.687499999998
  0
TEXT
  5
39A
330
17
100
AcDbEntity
  8
TEXT
 62
7
100
AcDbText
 10
3943.000000000001
 20
6635.687499999997
 30
0.0
 40
33.75
  1
№
  7
GOST
 11
3943.000000000001
 21
6635.687499999997
 31
0.0
100
AcDbText
  0
LWPOLYLINE
  5
39B
330
17
100
AcDbEntity
  8
TEXT
 62
7
370
15
100
AcDbPolyline
 90
2
 70
0
 10
4073.0000000000005
 20
6694.437499999998
 10
4073.0000000000005
 20
6590.687499999998
  0
TEXT
  5
39C
330
17
100
AcDbEntity
  8
TEXT
 62
7
100
AcDbText
 10
4093.000000000001
 20
6635.687499999997
 30
0.0
 40
33.75
  1
Элемент
  7
GOST
 11
4093.000000000001
 21
6635.687499999997
 31
0.0
100
AcDbText
  0
LWPOLYLINE
  5
39D
330
17
100
AcDbEntity
  8
TEXT
 62
7
370
15
100
AcDbPolyline
 90
2
 70
0
 10
5473.0
 20
6694.437499999998
 10
5473.0
 20
6590.687499999998
  0
TEXT
  5
39E
330
17
100
AcDbEntity
  8
TEXT
 62
7
100
AcDbText
 10
5493.000000000001
 20
6635.687499999997
 30
0.0
 40
33.75
  1
s, мм
  7
GOST
 11
5493.000000000001
 21
6635.687499999997
 31
0.0
100
AcDbText
  0
LWPOLYLINE
  5
39F
330
17
100
AcDbEntity
  8
TEXT
 62
7
370
15
100
AcDbPolyline
 90
2
 70
0
 10
5898.0
 20
6694.437499999998
 10
5898.0
 20
6590.687499999998
  0
TEXT
  5
3A0
330
17
100
AcDbEntity
  8
TEXT
 62
7
100
AcDbText
 10
5918.000000000001
 20
6635.687499999997
 30
0.0
 40
33.75
  1
z, мм
  7
GOST
 11
5918.000000000001
 21
6635.687499999997
 31
0.0
100
AcDbText
  0
LWPOLYLINE
  5
3A1
330
17
100
AcDbEntity
  8
TEXT
 62
7
370
15
100
AcDbPolyline
 90
2
 70
0
 10
6323.0
 20
6694.437499999998
 10
6323.0
 20
6590.687499999998
  0
LWPOLYLINE
  5
3A2
330
17
100
AcDbEntity
  8
TEXT
 62
7
370
15
100
AcDbPolyline
 90
4
 70
1
 10
3923.0000000000005
 20
6409.062499999999
 10
6323.0
 20
6409.062499999999
 10
6323.0
 20
6590.687499999998
 10
3923.0000000000005
 20
6590.687499999998
  0
LWPOLYLINE
  5
3A3
330
17
100
AcDbEntity
  8
TEXT
 62
7
370
15
100
AcDbPolyline
 90
2
 70
0
 10
3923.0000000000005
 20
6590.687499999998
 10
3923.0000000000005
 20
6409.062499999999
  0
TEXT
  5
3A4
330
17
100
AcDbEntity
  8
TEXT
 62
7
100
AcDbText
 10
3943.000000000001
 20
6531.937499999998
 30
0.0
 40
33.75
  1
1
  7
GOST
 11
3943.000000000001
 21
6531.937499999998
 31
0.0
100
AcDbText
  0
LWPOLYLINE
  5
3A5
330
17
100
AcDbEntity
  8
TEXT
 62
7
370
15
100
AcDbPolyline
 90
2
 70
0
 10
4073.0000000000005
 20
6590.687499999998
 10
4073.0000000000005
 20
6409.062499999999
  0
TEXT
  5
3A6
330
17
100
AcDbEntity
  8
TEXT
 62
7
100
AcDbText
 10
4093.000000000001
 20
6531.937499999998
 30
0.0
 40
33.75
  1
W2 фасадная кладка: утепление не требуется
  7
GOST
 11
4093.000000000001
 21
6531.937499999998
 31
0.0
100
AcDbText
  0
TEXT
  5
3A7
330
17
100
AcDbEntity
  8
TEXT
 62
7
100
AcDbText
 10
4093.000000000001
 20
6482.999999999998
 30
0.0
 40
33.75
  1
(внутренняя стена тёплого контура) — штукатурка +
  7
GOST
 11
4093.000000000001
 21
6482.999999999998
 31
0.0
100
AcDbText
  0
TEXT
  5
3A8
330
17
100
AcDbEntity
  8
TEXT
 62
7
100
AcDbText
 10
4093.000000000001
 20
6434.062499999999
 30
0.0
 40
33.75
  1
C6
  7
GOST
 11
4093.000000000001
 21
6434.062499999999
 31
0.0
100
AcDbText
  0
LWPOLYLINE
  5
3A9
330
17
100
AcDbEntity
  8
TEXT
 62
7
370
15
100
AcDbPolyline
 90
2
 70
0
 10
5473.0
 20
6590.687499999998
 10
5473.0
 20
6409.062499999999
  0
TEXT
  5
3AA
330
17
100
AcDbEntity
  8
TEXT
 62
7
100
AcDbText
 10
5493.000000000001
 20
6531.937499999998
 30
0.0
 40
33.75
  1
45..3068
  7
GOST
 11
5493.000000000001
 21
6531.937499999998
 31
0.0
100
AcDbText
  0
LWPOLYLINE
  5
3AB
330
17
100
AcDbEntity
  8
TEXT
 62
7
370
15
100
AcDbPolyline
 90
2
 70
0
 10
5898.0
 20
6590.687499999998
 10
5898.0
 20
6409.062499999999
  0
TEXT
  5
3AC
330
17
100
AcDbEntity
  8
TEXT
 62
7
100
AcDbText
 10
5918.000000000001
 20
6531.937499999998
 30
0.0
 40
33.75
  1
0..2500
  7
GOST
 11
5918.000000000001
 21
6531.937499999998
 31
0.0
100
AcDbText
  0
LWPOLYLINE
  5
3AD
330
17
100
AcDbEntity
  8
TEXT
 62
7
370
15
100
AcDbPolyline
 90
2
 70
0
 10
6323.0
 20
6590.687499999998
 10
6323.0
 20
6409.062499999999
  0
LWPOLYLINE
  5
3AE
330
17
100
AcDbEntity
  8
TEXT
 62
7
370
15
100
AcDbPolyline
 90
4
 70
1
 10
3923.0000000000005
 20
6325.312499999999
 10
6323.0
 20
6325.312499999999
 10
6323.0
 20
6409.062499999999
 10
3923.0000000000005
 20
6409.062499999999
  0
LWPOLYLINE
  5
3AF
330
17
100
AcDbEntity
  8
TEXT
 62
7
370
15
100
AcDbPolyline
 90
2
 70
0
 10
3923.0000000000005
 20
6409.062499999999
 10
3923.0000000000005
 20
6325.312499999999
  0
TEXT
  5
3B0
330
17
100
AcDbEntity
  8
TEXT
 62
7
100
AcDbText
 10
3943.000000000001
 20
6350.312499999999
 30
0.0
 40
33.75
  1
2
  7
GOST
 11
3943.000000000001
 21
6350.312499999999
 31
0.0
100
AcDbText
  0
LWPOLYLINE
  5
3B1
330
17
100
AcDbEntity
  8
TEXT
 62
7
370
15
100
AcDbPolyline
 90
2
 70
0
 10
4073.0000000000005
 20
6409.062499999999
 10
4073.0000000000005
 20
6325.312499999999
  0
TEXT
  5
3B2
330
17
100
AcDbEntity
  8
TEXT
 62
7
100
AcDbText
 10
4093.000000000001
 20
6350.312499999999
 30
0.0
 40
33.75
  1
портал O4 (со стороны балкона) — откосы C6
  7
GOST
 11
4093.000000000001
 21
6350.312499999999
 31
0.0
100
AcDbText
  0
LWPOLYLINE
  5
3B3
330
17
100
AcDbEntity
  8
TEXT
 62
7
370
15
100
AcDbPolyline
 90
2
 70
0
 10
5473.0
 20
6409.062499999999
 10
5473.0
 20
6325.312499999999
  0
TEXT
  5
3B4
330
17
100
AcDbEntity
  8
TEXT
 62
7
100
AcDbText
 10
5493.000000000001
 20
6350.312499999999
 30
0.0
 40
33.75
  1
590..2450
  7
GOST
 11
5493.000000000001
 21
6350.312499999999
 31
0.0
100
AcDbText
  0
LWPOLYLINE
  5
3B5
330
17
100
AcDbEntity
  8
TEXT
 62
7
370
15
100
AcDbPolyline
 90
2
 70
0
 10
5898.0
 20
6409.062499999999
 10
5898.0
 20
6325.312499999999
  0
TEXT
  5
3B6
330
17
100
AcDbEntity
  8
TEXT
 62
7
100
AcDbText
 10
5918.000000000001
 20
6350.312499999999
 30
0.0
 40
33.75
  1
0..2450
  7
GOST
 11
5918.000000000001
 21
6350.312499999999
 31
0.0
100
AcDbText
  0
LWPOLYLINE
  5
3B7
330
17
100
AcDbEntity
  8
TEXT
 62
7
370
15
100
AcDbPolyline
 90
2
 70
0
 10
6323.0
 20
6409.062499999999
 10
6323.0
 20
6325.312499999999
  0
LWPOLYLINE
  5
3B8
330
17
100
AcDbEntity
  8
TEXT
 62
7
370
15
100
AcDbPolyline
 90
4
 70
1
 10
3923.0000000000005
 20
6241.562499999999
 10
6323.0
 20
6241.562499999999
 10
6323.0
 20
6325.312499999999
 10
3923.0000000000005
 20
6325.312499999999
  0
LWPOLYLINE
  5
3B9
330
17
100
AcDbEntity
  8
TEXT
 62
7
370
15
100
AcDbPolyline
 90
2
 70
0
 10
3923.0000000000005
 20
6325.312499999999
 10
3923.0000000000005
 20
6241.562499999999
  0
TEXT
  5
3BA
330
17
100
AcDbEntity
  8
TEXT
 62
7
100
AcDbText
 10
3943.000000000001
 20
6266.562499999999
 30
0.0
 40
33.75
  1
3
  7
GOST
 11
3943.000000000001
 21
6266.562499999999
 31
0.0
100
AcDbText
  0
LWPOLYLINE
  5
3BB
330
17
100
AcDbEntity
  8
TEXT
 62
7
370
15
100
AcDbPolyline
 90
2
 70
0
 10
4073.0000000000005
 20
6325.312499999999
 10
4073.0000000000005
 20
6241.562499999999
  0
TEXT
  5
3BC
330
17
100
AcDbEntity
  8
TEXT
 62
7
100
AcDbText
 10
4093.000000000001
 20
6266.562499999999
 30
0.0
 40
33.75
  1
LV09 колонка R
  7
GOST
 11
4093.000000000001
 21
6266.562499999999
 31
0.0
100
AcDbText
  0
LWPOLYLINE
  5
3BD
330
17
100
AcDbEntity
  8
TEXT
 62
7
370
15
100
AcDbPolyline
 90
2
 70
0
 10
5473.0
 20
6325.312499999999
 10
5473.0
 20
6241.562499999999
  0
TEXT
  5
3BE
330
17
100
AcDbEntity
  8
TEXT
 62
7
100
AcDbText
 10
5493.000000000001
 20
6266.562499999999
 30
0.0
 40
33.75
  1
320
  7
GOST
 11
5493.000000000001
 21
6266.562499999999
 31
0.0
100
AcDbText
  0
LWPOLYLINE
  5
3BF
330
17
100
AcDbEntity
  8
TEXT
 62
7
370
15
100
AcDbPolyline
 90
2
 70
0
 10
5898.0
 20
6325.312499999999
 10
5898.0
 20
6241.562499999999
  0
TEXT
  5
3C0
330
17
100
AcDbEntity
  8
TEXT
 62
7
100
AcDbText
 10
5918.000000000001
 20
6266.562499999999
 30
0.0
 40
33.75
  1
1050
  7
GOST
 11
5918.000000000001
 21
6266.562499999999
 31
0.0
100
AcDbText
  0
LWPOLYLINE
  5
3C1
330
17
100
AcDbEntity
  8
TEXT
 62
7
370
15
100
AcDbPolyline
 90
2
 70
0
 10
6323.0
 20
6325.312499999999
 10
6323.0
 20
6241.562499999999
  0
LWPOLYLINE
  5
3C2
330
17
100
AcDbEntity
  8
TEXT
 62
7
370
15
100
AcDbPolyline
 90
4
 70
1
 10
3923.0000000000005
 20
6157.812499999999
 10
6323.0
 20
6157.812499999999
 10
6323.0
 20
6241.562499999999
 10
3923.0000000000005
 20
6241.562499999999
  0
LWPOLYLINE
  5
3C3
330
17
100
AcDbEntity
  8
TEXT
 62
7
370
15
100
AcDbPolyline
 90
2
 70
0
 10
3923.0000000000005
 20
6241.562499999999
 10
3923.0000000000005
 20
6157.812499999999
  0
TEXT
  5
3C4
330
17
100
AcDbEntity
  8
TEXT
 62
7
100
AcDbText
 10
3943.000000000001
 20
6182.812499999999
 30
0.0
 40
33.75
  1
4
  7
GOST
 11
3943.000000000001
 21
6182.812499999999
 31
0.0
100
AcDbText
  0
LWPOLYLINE
  5
3C5
330
17
100
AcDbEntity
  8
TEXT
 62
7
370
15
100
AcDbPolyline
 90
2
 70
0
 10
4073.0000000000005
 20
6241.562499999999
 10
4073.0000000000005
 20
6157.812499999999
  0
TEXT
  5
3C6
330
17
100
AcDbEntity
  8
TEXT
 62
7
100
AcDbText
 10
4093.000000000001
 20
6182.812499999999
 30
0.0
 40
33.75
  1
LV10 колонка L
  7
GOST
 11
4093.000000000001
 21
6182.812499999999
 31
0.0
100
AcDbText
  0
LWPOLYLINE
  5
3C7
330
17
100
AcDbEntity
  8
TEXT
 62
7
370
15
100
AcDbPolyline
 90
2
 70
0
 10
5473.0
 20
6241.562499999999
 10
5473.0
 20
6157.812499999999
  0
TEXT
  5
3C8
330
17
100
AcDbEntity
  8
TEXT
 62
7
100
AcDbText
 10
5493.000000000001
 20
6182.812499999999
 30
0.0
 40
33.75
  1
2750
  7
GOST
 11
5493.000000000001
 21
6182.812499999999
 31
0.0
100
AcDbText
  0
LWPOLYLINE
  5
3C9
330
17
100
AcDbEntity
  8
TEXT
 62
7
370
15
100
AcDbPolyline
 90
2
 70
0
 10
5898.0
 20
6241.562499999999
 10
5898.0
 20
6157.812499999999
  0
TEXT
  5
3CA
330
17
100
AcDbEntity
  8
TEXT
 62
7
100
AcDbText
 10
5918.000000000001
 20
6182.812499999999
 30
0.0
 40
33.75
  1
1050
  7
GOST
 11
5918.000000000001
 21
6182.812499999999
 31
0.0
100
AcDbText
  0
LWPOLYLINE
  5
3CB
330
17
100
AcDbEntity
  8
TEXT
 62
7
370
15
100
AcDbPolyline
 90
2
 70
0
 10
6323.0
 20
6241.562499999999
 10
6323.0
 20
6157.812499999999
  0
LWPOLYLINE
  5
3CC
330
17
100
AcDbEntity
  8
TEXT
 62
7
370
15
100
AcDbPolyline
 90
4
 70
1
 10
3923.0000000000005
 20
6074.062499999999
 10
6323.0
 20
6074.062499999999
 10
6323.0
 20
6157.812499999999
 10
3923.0000000000005
 20
6157.812499999999
  0
LWPOLYLINE
  5
3CD
330
17
100
AcDbEntity
  8
TEXT
 62
7
370
15
100
AcDbPolyline
 90
2
 70
0
 10
3923.0000000000005
 20
6157.812499999999
 10
3923.0000000000005
 20
6074.062499999999
  0
TEXT
  5
3CE
330
17
100
AcDbEntity
  8
TEXT
 62
7
100
AcDbText
 10
3943.000000000001
 20
6099.062499999999
 30
0.0
 40
33.75
  1
5
  7
GOST
 11
3943.000000000001
 21
6099.062499999999
 31
0.0
100
AcDbText
  0
LWPOLYLINE
  5
3CF
330
17
100
AcDbEntity
  8
TEXT
 62
7
370
15
100
AcDbPolyline
 90
2
 70
0
 10
4073.0000000000005
 20
6157.812499999999
 10
4073.0000000000005
 20
6074.062499999999
  0
TEXT
  5
3D0
330
17
100
AcDbEntity
  8
TEXT
 62
7
100
AcDbText
 10
4093.000000000001
 20
6099.062499999999
 30
0.0
 40
33.75
  1
S4 + T3 + ZB-2
  7
GOST
 11
4093.000000000001
 21
6099.062499999999
 31
0.0
100
AcDbText
  0
LWPOLYLINE
  5
3D1
330
17
100
AcDbEntity
  8
TEXT
 62
7
370
15
100
AcDbPolyline
 90
2
 70
0
 10
5473.0
 20
6157.812499999999
 10
5473.0
 20
6074.062499999999
  0
TEXT
  5
3D2
330
17
100
AcDbEntity
  8
TEXT
 62
7
100
AcDbText
 10
5493.000000000001
 20
6099.062499999999
 30
0.0
 40
33.75
  1
2560
  7
GOST
 11
5493.000000000001
 21
6099.062499999999
 31
0.0
100
AcDbText
  0
LWPOLYLINE
  5
3D3
330
17
100
AcDbEntity
  8
TEXT
 62
7
370
15
100
AcDbPolyline
 90
2
 70
0
 10
5898.0
 20
6157.812499999999
 10
5898.0
 20
6074.062499999999
  0
TEXT
  5
3D4
330
17
100
AcDbEntity
  8
TEXT
 62
7
100
AcDbText
 10
5918.000000000001
 20
6099.062499999999
 30
0.0
 40
33.75
  1
900
  7
GOST
 11
5918.000000000001
 21
6099.062499999999
 31
0.0
100
AcDbText
  0
LWPOLYLINE
  5
3D5
330
17
100
AcDbEntity
  8
TEXT
 62
7
370
15
100
AcDbPolyline
 90
2
 70
0
 10
6323.0
 20
6157.812499999999
 10
6323.0
 20
6074.062499999999
  0
LWPOLYLINE
  5
3D6
330
17
100
AcDbEntity
  8
TEXT
 62
7
370
15
100
AcDbPolyline
 90
4
 70
1
 10
3923.0000000000005
 20
5990.3125
 10
6323.0
 20
5990.3125
 10
6323.0
 20
6074.062499999999
 10
3923.0000000000005
 20
6074.062499999999
  0
LWPOLYLINE
  5
3D7
330
17
100
AcDbEntity
  8
TEXT
 62
7
370
15
100
AcDbPolyline
 90
2
 70
0
 10
3923.0000000000005
 20
6074.062499999999
 10
3923.0000000000005
 20
5990.3125
  0
TEXT
  5
3D8
330
17
100
AcDbEntity
  8
TEXT
 62
7
100
AcDbText
 10
3943.000000000001
 20
6015.3125
 30
0.0
 40
33.75
  1
6
  7
GOST
 11
3943.000000000001
 21
6015.3125
 31
0.0
100
AcDbText
  0
LWPOLYLINE
  5
3D9
330
17
100
AcDbEntity
  8
TEXT
 62
7
370
15
100
AcDbPolyline
 90
2
 70
0
 10
4073.0000000000005
 20
6074.062499999999
 10
4073.0000000000005
 20
5990.3125
  0
TEXT
  5
3DA
330
17
100
AcDbEntity
  8
TEXT
 62
7
100
AcDbText
 10
4093.000000000001
 20
6015.3125
 30
0.0
 40
33.75
  1
P-B06 конвектор KV1
  7
GOST
 11
4093.000000000001
 21
6015.3125
 31
0.0
100
AcDbText
  0
LWPOLYLINE
  5
3DB
330
17
100
AcDbEntity
  8
TEXT
 62
7
370
15
100
AcDbPolyline
 90
2
 70
0
 10
5473.0
 20
6074.062499999999
 10
5473.0
 20
5990.3125
  0
TEXT
  5
3DC
330
17
100
AcDbEntity
  8
TEXT
 62
7
100
AcDbText
 10
5493.000000000001
 20
6015.3125
 30
0.0
 40
33.75
  1
350
  7
GOST
 11
5493.000000000001
 21
6015.3125
 31
0.0
100
AcDbText
  0
LWPOLYLINE
  5
3DD
330
17
100
AcDbEntity
  8
TEXT
 62
7
370
15
100
AcDbPolyline
 90
2
 70
0
 10
5898.0
 20
6074.062499999999
 10
5898.0
 20
5990.3125
  0
TEXT
  5
3DE
330
17
100
AcDbEntity
  8
TEXT
 62
7
100
AcDbText
 10
5918.000000000001
 20
6015.3125
 30
0.0
 40
33.75
  1
300
  7
GOST
 11
5918.000000000001
 21
6015.3125
 31
0.0
100
AcDbText
  0
LWPOLYLINE
  5
3DF
330
17
100
AcDbEntity
  8
TEXT
 62
7
370
15
100
AcDbPolyline
 90
2
 70
0
 10
6323.0
 20
6074.062499999999
 10
6323.0
 20
5990.3125
  0
LWPOLYLINE
  5
3E0
330
17
100
AcDbEntity
  8
TEXT
 62
7
370
15
100
AcDbPolyline
 90
4
 70
1
 10
3923.0000000000005
 20
5906.5625
 10
6323.0
 20
5906.5625
 10
6323.0
 20
5990.3125
 10
3923.0000000000005
 20
5990.3125
  0
LWPOLYLINE
  5
3E1
330
17
100
AcDbEntity
  8
TEXT
 62
7
370
15
100
AcDbPolyline
 90
2
 70
0
 10
3923.0000000000005
 20
5990.3125
 10
3923.0000000000005
 20
5906.5625
  0
TEXT
  5
3E2
330
17
100
AcDbEntity
  8
TEXT
 62
7
100
AcDbText
 10
3943.000000000001
 20
5931.5625
 30
0.0
 40
33.75
  1
7
  7
GOST
 11
3943.000000000001
 21
5931.5625
 31
0.0
100
AcDbText
  0
LWPOLYLINE
  5
3E3
330
17
100
AcDbEntity
  8
TEXT
 62
7
370
15
100
AcDbPolyline
 90
2
 70
0
 10
4073.0000000000005
 20
5990.3125
 10
4073.0000000000005
 20
5906.5625
  0
TEXT
  5
3E4
330
17
100
AcDbEntity
  8
TEXT
 62
7
100
AcDbText
 10
4093.000000000001
 20
5931.5625
 30
0.0
 40
33.75
  1
P-B07 конвектор KV2
  7
GOST
 11
4093.000000000001
 21
5931.5625
 31
0.0
100
AcDbText
  0
LWPOLYLINE
  5
3E5
330
17
100
AcDbEntity
  8
TEXT
 62
7
370
15
100
AcDbPolyline
 90
2
 70
0
 10
5473.0
 20
5990.3125
 10
5473.0
 20
5906.5625
  0
TEXT
  5
3E6
330
17
100
AcDbEntity
  8
TEXT
 62
7
100
AcDbText
 10
5493.000000000001
 20
5931.5625
 30
0.0
 40
33.75
  1
2750
  7
GOST
 11
5493.000000000001
 21
5931.5625
 31
0.0
100
AcDbText
  0
LWPOLYLINE
  5
3E7
330
17
100
AcDbEntity
  8
TEXT
 62
7
370
15
100
AcDbPolyline
 90
2
 70
0
 10
5898.0
 20
5990.3125
 10
5898.0
 20
5906.5625
  0
TEXT
  5
3E8
330
17
100
AcDbEntity
  8
TEXT
 62
7
100
AcDbText
 10
5918.000000000001
 20
5931.5625
 30
0.0
 40
33.75
  1
300
  7
GOST
 11
5918.000000000001
 21
5931.5625
 31
0.0
100
AcDbText
  0
LWPOLYLINE
  5
3E9
330
17
100
AcDbEntity
  8
TEXT
 62
7
370
15
100
AcDbPolyline
 90
2
 70
0
 10
6323.0
 20
5990.3125
 10
6323.0
 20
5906.5625
  0
LWPOLYLINE
  5
3EA
330
17
100
AcDbEntity
  8
TEXT
 62
7
370
15
100
AcDbPolyline
 90
4
 70
1
 10
3923.0000000000005
 20
5822.8125
 10
6323.0
 20
5822.8125
 10
6323.0
 20
5906.5625
 10
3923.0000000000005
 20
5906.5625
  0
LWPOLYLINE
  5
3EB
330
17
100
AcDbEntity
  8
TEXT
 62
7
370
15
100
AcDbPolyline
 90
2
 70
0
 10
3923.0000000000005
 20
5906.5625
 10
3923.0000000000005
 20
5822.8125
  0
TEXT
  5
3EC
330
17
100
AcDbEntity
  8
TEXT
 62
7
100
AcDbText
 10
3943.000000000001
 20
5847.8125
 30
0.0
 40
33.75
  1
8
  7
GOST
 11
3943.000000000001
 21
5847.8125
 31
0.0
100
AcDbText
  0
LWPOLYLINE
  5
3ED
330
17
100
AcDbEntity
  8
TEXT
 62
7
370
15
100
AcDbPolyline
 90
2
 70
0
 10
4073.0000000000005
 20
5906.5625
 10
4073.0000000000005
 20
5822.8125
  0
TEXT
  5
3EE
330
17
100
AcDbEntity
  8
TEXT
 62
7
100
AcDbText
 10
4093.000000000001
 20
5847.8125
 30
0.0
 40
33.75
  1
P-B03
  7
GOST
 11
4093.000000000001
 21
5847.8125
 31
0.0
100
AcDbText
  0
LWPOLYLINE
  5
3EF
330
17
100
AcDbEntity
  8
TEXT
 62
7
370
15
100
AcDbPolyline
 90
2
 70
0
 10
5473.0
 20
5906.5625
 10
5473.0
 20
5822.8125
  0
TEXT
  5
3F0
330
17
100
AcDbEntity
  8
TEXT
 62
7
100
AcDbText
 10
5493.000000000001
 20
5847.8125
 30
0.0
 40
33.75
  1
150
  7
GOST
 11
5493.000000000001
 21
5847.8125
 31
0.0
100
AcDbText
  0
LWPOLYLINE
  5
3F1
330
17
100
AcDbEntity
  8
TEXT
 62
7
370
15
100
AcDbPolyline
 90
2
 70
0
 10
5898.0
 20
5906.5625
 10
5898.0
 20
5822.8125
  0
TEXT
  5
3F2
330
17
100
AcDbEntity
  8
TEXT
 62
7
100
AcDbText
 10
5918.000000000001
 20
5847.8125
 30
0.0
 40
33.75
  1
300
  7
GOST
 11
5918.000000000001
 21
5847.8125
 31
0.0
100
AcDbText
  0
LWPOLYLINE
  5
3F3
330
17
100
AcDbEntity
  8
TEXT
 62
7
370
15
100
AcDbPolyline
 90
2
 70
0
 10
6323.0
 20
5906.5625
 10
6323.0
 20
5822.8125
  0
LWPOLYLINE
  5
3F4
330
17
100
AcDbEntity
  8
TEXT
 62
7
370
15
100
AcDbPolyline
 90
4
 70
1
 10
3923.0000000000005
 20
5739.0625
 10
6323.0
 20
5739.0625
 10
6323.0
 20
5822.8125
 10
3923.0000000000005
 20
5822.8125
  0
LWPOLYLINE
  5
3F5
330
17
100
AcDbEntity
  8
TEXT
 62
7
370
15
100
AcDbPolyline
 90
2
 70
0
 10
3923.0000000000005
 20
5822.8125
 10
3923.0000000000005
 20
5739.0625
  0
TEXT
  5
3F6
330
17
100
AcDbEntity
  8
TEXT
 62
7
100
AcDbText
 10
3943.000000000001
 20
5764.0625
 30
0.0
 40
33.75
  1
9
  7
GOST
 11
3943.000000000001
 21
5764.0625
 31
0.0
100
AcDbText
  0
LWPOLYLINE
  5
3F7
330
17
100
AcDbEntity
  8
TEXT
 62
7
370
15
100
AcDbPolyline
 90
2
 70
0
 10
4073.0000000000005
 20
5822.8125
 10
4073.0000000000005
 20
5739.0625
  0
TEXT
  5
3F8
330
17
100
AcDbEntity
  8
TEXT
 62
7
100
AcDbText
 10
4093.000000000001
 20
5764.0625
 30
0.0
 40
33.75
  1
P-B04
  7
GOST
 11
4093.000000000001
 21
5764.0625
 31
0.0
100
AcDbText
  0
LWPOLYLINE
  5
3F9
330
17
100
AcDbEntity
  8
TEXT
 62
7
370
15
100
AcDbPolyline
 90
2
 70
0
 10
5473.0
 20
5822.8125
 10
5473.0
 20
5739.0625
  0
TEXT
  5
3FA
330
17
100
AcDbEntity
  8
TEXT
 62
7
100
AcDbText
 10
5493.000000000001
 20
5764.0625
 30
0.0
 40
33.75
  1
2950
  7
GOST
 11
5493.000000000001
 21
5764.0625
 31
0.0
100
AcDbText
  0
LWPOLYLINE
  5
3FB
330
17
100
AcDbEntity
  8
TEXT
 62
7
370
15
100
AcDbPolyline
 90
2
 70
0
 10
5898.0
 20
5822.8125
 10
5898.0
 20
5739.0625
  0
TEXT
  5
3FC
330
17
100
AcDbEntity
  8
TEXT
 62
7
100
AcDbText
 10
5918.000000000001
 20
5764.0625
 30
0.0
 40
33.75
  1
300
  7
GOST
 11
5918.000000000001
 21
5764.0625
 31
0.0
100
AcDbText
  0
LWPOLYLINE
  5
3FD
330
17
100
AcDbEntity
  8
TEXT
 62
7
370
15
100
AcDbPolyline
 90
2
 70
0
 10
6323.0
 20
5822.8125
 10
6323.0
 20
5739.0625
  0
LWPOLYLINE
  5
3FE
330
17
100
AcDbEntity
  8
TEXT
 62
7
370
15
100
AcDbPolyline
 90
4
 70
1
 10
3923.0000000000005
 20
5655.3125
 10
6323.0
 20
5655.3125
 10
6323.0
 20
5739.0625
 10
3923.0000000000005
 20
5739.0625
  0
LWPOLYLINE
  5
3FF
330
17
100
AcDbEntity
  8
TEXT
 62
7
370
15
100
AcDbPolyline
 90
2
 70
0
 10
3923.0000000000005
 20
5739.0625
 10
3923.0000000000005
 20
5655.3125
  0
TEXT
  5
400
330
17
100
AcDbEntity
  8
TEXT
 62
7
100
AcDbText
 10
3943.000000000001
 20
5680.3125
 30
0.0
 40
33.75
  1
10
  7
GOST
 11
3943.000000000001
 21
5680.3125
 31
0.0
100
AcDbText
  0
LWPOLYLINE
  5
401
330
17
100
AcDbEntity
  8
TEXT
 62
7
370
15
100
AcDbPolyline
 90
2
 70
0
 10
4073.0000000000005
 20
5739.0625
 10
4073.0000000000005
 20
5655.3125
  0
TEXT
  5
402
330
17
100
AcDbEntity
  8
TEXT
 62
7
100
AcDbText
 10
4093.000000000001
 20
5680.3125
 30
0.0
 40
33.75
  1
P-B05
  7
GOST
 11
4093.000000000001
 21
5680.3125
 31
0.0
100
AcDbText
  0
LWPOLYLINE
  5
403
330
17
100
AcDbEntity
  8
TEXT
 62
7
370
15
100
AcDbPolyline
 90
2
 70
0
 10
5473.0
 20
5739.0625
 10
5473.0
 20
5655.3125
  0
TEXT
  5
404
330
17
100
AcDbEntity
  8
TEXT
 62
7
100
AcDbText
 10
5493.000000000001
 20
5680.3125
 30
0.0
 40
33.75
  1
2870
  7
GOST
 11
5493.000000000001
 21
5680.3125
 31
0.0
100
AcDbText
  0
LWPOLYLINE
  5
405
330
17
100
AcDbEntity
  8
TEXT
 62
7
370
15
100
AcDbPolyline
 90
2
 70
0
 10
5898.0
 20
5739.0625
 10
5898.0
 20
5655.3125
  0
TEXT
  5
406
330
17
100
AcDbEntity
  8
TEXT
 62
7
100
AcDbText
 10
5918.000000000001
 20
5680.3125
 30
0.0
 40
33.75
  1
300
  7
GOST
 11
5918.000000000001
 21
5680.3125
 31
0.0
100
AcDbText
  0
LWPOLYLINE
  5
407
330
17
100
AcDbEntity
  8
TEXT
 62
7
370
15
100
AcDbPolyline
 90
2
 70
0
 10
6323.0
 20
5739.0625
 10
6323.0
 20
5655.3125
  0
LWPOLYLINE
  5
408
330
17
100
AcDbEntity
  8
TEXT
 62
7
370
35
100
AcDbPolyline
 90
4
 70
1
 10
3923.0000000000005
 20
5655.3125
 10
6323.0
 20
5655.3125
 10
6323.0
 20
6694.437499999998
 10
3923.0000000000005
 20
6694.437499999998
  0
TEXT
  5
409
330
17
100
AcDbEntity
  8
TEXT
 62
7
100
AcDbText
 10
750.0
 20
3544.437499999998
 30
0.0
 40
35.0
  1
Отделка: штукатурка, Q3, C6 глубокоматовая; плинтус МДФ h 80 C6
  7
GOST
 11
750.0
 21
3544.437499999998
 31
0.0
100
AcDbText
  0
TEXT
  5
40A
330
17
100
AcDbEntity
  8
TEXT
 62
7
100
AcDbText
 10
6673.0
 20
6644.437499999998
 30
0.0
 40
50.0
  1
Балкон — остекление B1 с приточными клапанами SV1/SV2
  7
GOST
 11
6673.0
 21
6644.437499999998
 31
0.0
100
AcDbText
  0
TEXT
  5
40B
330
17
100
AcDbEntity
  8
TEXT
 62
7
100
AcDbText
 10
6673.0
 20
6569.437499999998
 30
0.0
 40
37.5
  1
на запад: слева y=3068, справа y=45 М 1:25
  7
GOST
 11
6673.0
 21
6569.437499999998
 31
0.0
100
AcDbText
  0
HATCH
  5
40C
330
17
100
AcDbEntity
  8
AR-WALLS
 62
7
420
16513783
100
AcDbHatch
 10
0.0
 20
0.0
 30
0.0
210
0.0
220
0.0
230
1.0
  2
SOLID
 70
1
 71
0
 91
1
 92
3
 72
0
 73
1
 93
4
 10
6673.0
 20
3869.437499999998
 10
9696.0
 20
3869.437499999998
 10
9696.0
 20
6369.437499999998
 10
6673.0
 20
6369.437499999998
 97
0
 75
1
 76
1
 98
0
  0
LWPOLYLINE
  5
40D
330
17
100
AcDbEntity
  8
AR-WALLS
 62
7
370
50
100
AcDbPolyline
 90
4
 70
1
 10
6673.0
 20
3869.437499999998
 10
9696.0
 20
3869.437499999998
 10
9696.0
 20
6369.437499999998
 10
6673.0
 20
6369.437499999998
  0
HATCH
  5
40E
330
17
100
AcDbEntity
  8
AR-FIN
 62
7
420
16184300
100
AcDbHatch
 10
0.0
 20
0.0
 30
0.0
210
0.0
220
0.0
230
1.0
  2
SOLID
 70
1
 71
0
 91
1
 92
3
 72
0
 73
1
 93
4
 10
6673.0
 20
3869.437499999998
 10
9696.0
 20
3869.437499999998
 10
9696.0
 20
4869.437499999998
 10
6673.0
 20
4869.437499999998
 97
0
 75
1
 76
1
 98
0
  0
LWPOLYLINE
  5
40F
330
17
100
AcDbEntity
  8
AR-FIN
370
20
420
4473924
100
AcDbPolyline
 90
4
 70
1
 10
6673.0
 20
3869.437499999998
 10
9696.0
 20
3869.437499999998
 10
9696.0
 20
4869.437499999998
 10
6673.0
 20
4869.437499999998
  0
HATCH
  5
410
330
17
100
AcDbEntity
  8
AR-FIN
 62
7
420
16184300
100
AcDbHatch
 10
0.0
 20
0.0
 30
0.0
210
0.0
220
0.0
230
1.0
  2
SOLID
 70
1
 71
0
 91
1
 92
3
 72
0
 73
1
 93
4
 10
6673.0
 20
6319.437499999998
 10
9696.0
 20
6319.437499999998
 10
9696.0
 20
6369.437499999998
 10
6673.0
 20
6369.437499999998
 97
0
 75
1
 76
1
 98
0
  0
LWPOLYLINE
  5
411
330
17
100
AcDbEntity
  8
AR-FIN
370
20
420
4473924
100
AcDbPolyline
 90
4
 70
1
 10
6673.0
 20
6319.437499999998
 10
9696.0
 20
6319.437499999998
 10
9696.0
 20
6369.437499999998
 10
6673.0
 20
6369.437499999998
  0
HATCH
  5
412
330
17
100
AcDbEntity
  8
AR-FIN
 62
7
420
15135483
100
AcDbHatch
 10
0.0
 20
0.0
 30
0.0
210
0.0
220
0.0
230
1.0
  2
SOLID
 70
1
 71
0
 91
1
 92
3
 72
0
 73
1
 93
4
 10
6673.0
 20
4869.437499999998
 10
9696.0
 20
4869.437499999998
 10
9696.0
 20
6319.437499999998
 10
6673.0
 20
6319.437499999998
 97
0
 75
1
 76
1
 98
0
  0
LWPOLYLINE
  5
413
330
17
100
AcDbEntity
  8
AR-FIN
370
20
420
4473924
100
AcDbPolyline
 90
4
 70
1
 10
6673.0
 20
4869.437499999998
 10
9696.0
 20
4869.437499999998
 10
9696.0
 20
6319.437499999998
 10
6673.0
 20
6319.437499999998
  0
HATCH
  5
414
330
17
100
AcDbEntity
  8
AR-FIN
 62
7
420
16777215
100
AcDbHatch
 10
0.0
 20
0.0
 30
0.0
210
0.0
220
0.0
230
1.0
  2
SOLID
 70
1
 71
0
 91
1
 92
3
 72
0
 73
1
 93
4
 10
6673.0
 20
6369.437499999998
 10
9696.0
 20
6369.437499999998
 10
9696.0
 20
6469.437499999998
 10
6673.0
 20
6469.437499999998
 97
0
 75
1
 76
1
 98
0
  0
LWPOLYLINE
  5
415
330
17
100
AcDbEntity
  8
AR-FIN
  6
DASHED
370
20
 48
75.0
420
4473924
100
AcDbPolyline
 90
4
 70
1
 10
6673.0
 20
6369.437499999998
 10
9696.0
 20
6369.437499999998
 10
9696.0
 20
6469.437499999998
 10
6673.0
 20
6469.437499999998
  0
HATCH
  5
416
330
17
100
AcDbEntity
  8
FURN
 62
7
420
14930872
100
AcDbHatch
 10
0.0
 20
0.0
 30
0.0
210
0.0
220
0.0
230
1.0
  2
SOLID
 70
1
 71
0
 91
1
 92
3
 72
0
 73
1
 93
4
 10
6673.0
 20
3869.437499999998
 10
9696.0
 20
3869.437499999998
 10
9696.0
 20
4719.437499999998
 10
6673.0
 20
4719.437499999998
 97
0
 75
1
 76
1
 98
0
  0
LWPOLYLINE
  5
417
330
17
100
AcDbEntity
  8
FURN
370
20
420
4473924
100
AcDbPolyline
 90
4
 70
1
 10
6673.0
 20
3869.437499999998
 10
9696.0
 20
3869.437499999998
 10
9696.0
 20
4719.437499999998
 10
6673.0
 20
4719.437499999998
  0
HATCH
  5
418
330
17
100
AcDbEntity
  8
VK
 62
7
420
15105570
100
AcDbHatch
 10
0.0
 20
0.0
 30
0.0
210
0.0
220
0.0
230
1.0
  2
SOLID
 70
1
 71
0
 91
1
 92
1
 93
1
 72
2
 10
8841.0
 20
6269.437499999998
 40
20.0
 50
0
 51
360
 73
1
 97
0
 75
1
 76
1
 98
0
  0
CIRCLE
  5
419
330
17
100
AcDbEntity
  8
VK
370
13
420
15105570
100
AcDbCircle
 10
8841.0
 20
6269.437499999998
 30
0.0
 40
20.0
  0
HATCH
  5
41A
330
17
100
AcDbEntity
  8
VK
 62
7
420
15105570
100
AcDbHatch
 10
0.0
 20
0.0
 30
0.0
210
0.0
220
0.0
230
1.0
  2
SOLID
 70
1
 71
0
 91
1
 92
1
 93
1
 72
2
 10
7441.0
 20
6269.437499999998
 40
20.0
 50
0
 51
360
 73
1
 97
0
 75
1
 76
1
 98
0
  0
CIRCLE
  5
41B
330
17
100
AcDbEntity
  8
VK
370
13
420
15105570
100
AcDbCircle
 10
7441.0
 20
6269.437499999998
 30
0.0
 40
20.0
  0
TEXT
  5
41C
330
17
100
AcDbEntity
  8
TEXT
420
15105570
100
AcDbText
 10
8824.969103652264
 20
6406.937499999998
 30
0.0
 40
37.5
  1
6
  7
GOST
 11
8824.969103652264
 21
6406.937499999998
 31
0.0
100
AcDbText
  0
LWPOLYLINE
  5
41D
330
17
100
AcDbEntity
  8
TEXT
370
15
420
15105570
100
AcDbPolyline
 90
2
 70
0
 10
8841.0
 20
6269.437499999998
 10
8841.0
 20
6399.437499999997
  0
HATCH
  5
41E
330
17
100
AcDbEntity
  8
TEXT
 62
7
420
15105570
100
AcDbHatch
 10
0.0
 20
0.0
 30
0.0
210
0.0
220
0.0
230
1.0
  2
SOLID
 70
1
 71
0
 91
1
 92
1
 93
1
 72
2
 10
8841.0
 20
6269.437499999998
 40
6.25
 50
0
 51
360
 73
1
 97
0
 75
1
 76
1
 98
0
  0
CIRCLE
  5
41F
330
17
100
AcDbEntity
  8
TEXT
370
13
420
15105570
100
AcDbCircle
 10
8841.0
 20
6269.437499999998
 30
0.0
 40
6.25
  0
TEXT
  5
420
330
17
100
AcDbEntity
  8
TEXT
420
15105570
100
AcDbText
 10
7425.547807355967
 20
6406.937499999998
 30
0.0
 40
37.5
  1
7
  7
GOST
 11
7425.547807355967
 21
6406.937499999998
 31
0.0
100
AcDbText
  0
LWPOLYLINE
  5
421
330
17
100
AcDbEntity
  8
TEXT
370
15
420
15105570
100
AcDbPolyline
 90
2
 70
0
 10
7441.0
 20
6269.437499999998
 10
7441.0
 20
6399.437499999997
  0
HATCH
  5
422
330
17
100
AcDbEntity
  8
TEXT
 62
7
420
15105570
100
AcDbHatch
 10
0.0
 20
0.0
 30
0.0
210
0.0
220
0.0
230
1.0
  2
SOLID
 70
1
 71
0
 91
1
 92
1
 93
1
 72
2
 10
7441.0
 20
6269.437499999998
 40
6.25
 50
0
 51
360
 73
1
 97
0
 75
1
 76
1
 98
0
  0
CIRCLE
  5
423
330
17
100
AcDbEntity
  8
TEXT
370
13
420
15105570
100
AcDbCircle
 10
7441.0
 20
6269.437499999998
 30
0.0
 40
6.25
  0
TEXT
  5
424
330
17
100
AcDbEntity
  8
TEXT
420
3355443
100
AcDbText
 10
8259.5
 20
4444.437499999998
 30
0.0
 40
37.5
  1
1
  7
GOST
 11
8259.5
 21
4444.437499999998
 31
0.0
100
AcDbText
  0
LWPOLYLINE
  5
425
330
17
100
AcDbEntity
  8
TEXT
370
15
420
7829367
100
AcDbPolyline
 90
2
 70
0
 10
8184.5
 20
4369.437499999998
 10
8259.5
 20
4444.437499999998
  0
TEXT
  5
426
330
17
100
AcDbEntity
  8
TEXT
420
3355443
100
AcDbText
 10
8228.69417382416
 20
6388.631673824156
 30
0.0
 40
37.5
  1
2
  7
GOST
 11
8228.69417382416
 21
6388.631673824156
 31
0.0
100
AcDbText
  0
TEXT
  5
427
330
17
100
AcDbEntity
  8
TEXT
420
3355443
100
AcDbText
 10
8259.5
 20
5669.437499999998
 30
0.0
 40
37.5
  1
3
  7
GOST
 11
8259.5
 21
5669.437499999998
 31
0.0
100
AcDbText
  0
LWPOLYLINE
  5
428
330
17
100
AcDbEntity
  8
TEXT
370
15
420
7829367
100
AcDbPolyline
 90
2
 70
0
 10
8184.5
 20
5594.437499999998
 10
8259.5
 20
5669.437499999998
  0
TEXT
  5
429
330
17
100
AcDbEntity
  8
TEXT
420
3355443
100
AcDbText
 10
8228.69417382416
 20
6463.631673824158
 30
0.0
 40
37.5
  1
4
  7
GOST
 11
8228.69417382416
 21
6463.631673824158
 31
0.0
100
AcDbText
  0
TEXT
  5
42A
330
17
100
AcDbEntity
  8
TEXT
420
3355443
100
AcDbText
 10
8259.5
 20
4369.437499999998
 30
0.0
 40
37.5
  1
5
  7
GOST
 11
8259.5
 21
4369.437499999998
 31
0.0
100
AcDbText
  0
LWPOLYLINE
  5
42B
330
17
100
AcDbEntity
  8
TEXT
370
15
420
7829367
100
AcDbPolyline
 90
2
 70
0
 10
8184.5
 20
4294.437499999998
 10
8259.5
 20
4369.437499999998
  0
LWPOLYLINE
  5
42C
330
17
100
AcDbEntity
  8
DIM
 62
7
370
15
100
AcDbPolyline
 90
2
 70
0
 10
6648.0
 20
3769.437499999998
 10
9721.0
 20
3769.437499999998
  0
LWPOLYLINE
  5
42D
330
17
100
AcDbEntity
  8
DIM
 62
7
370
30
100
AcDbPolyline
 90
2
 70
0
 10
6655.500000000001
 20
3751.937499999998
 10
6690.5
 20
3786.9374999999977
  0
LWPOLYLINE
  5
42E
330
17
100
AcDbEntity
  8
DIM
 62
7
370
13
100
AcDbPolyline
 90
2
 70
0
 10
6673.0
 20
3769.437499999998
 10
6673.0
 20
3831.937499999998
  0
LWPOLYLINE
  5
42F
330
17
100
AcDbEntity
  8
DIM
 62
7
370
30
100
AcDbPolyline
 90
2
 70
0
 10
7423.5
 20
3751.937499999998
 10
7458.499999999999
 20
3786.9374999999977
  0
LWPOLYLINE
  5
430
330
17
100
AcDbEntity
  8
DIM
 62
7
370
13
100
AcDbPolyline
 90
2
 70
0
 10
7441.0
 20
3769.437499999998
 10
7441.0
 20
3831.937499999998
  0
LWPOLYLINE
  5
431
330
17
100
AcDbEntity
  8
DIM
 62
7
370
30
100
AcDbPolyline
 90
2
 70
0
 10
8823.5
 20
3751.937499999998
 10
8858.5
 20
3786.9374999999977
  0
LWPOLYLINE
  5
432
330
17
100
AcDbEntity
  8
DIM
 62
7
370
13
100
AcDbPolyline
 90
2
 70
0
 10
8841.0
 20
3769.437499999998
 10
8841.0
 20
3831.937499999998
  0
LWPOLYLINE
  5
433
330
17
100
AcDbEntity
  8
DIM
 62
7
370
30
100
AcDbPolyline
 90
2
 70
0
 10
9678.500000000002
 20
3751.937499999998
 10
9713.5
 20
3786.9374999999977
  0
LWPOLYLINE
  5
434
330
17
100
AcDbEntity
  8
DIM
 62
7
370
13
100
AcDbPolyline
 90
2
 70
0
 10
9696.0
 20
3769.437499999998
 10
9696.0
 20
3831.937499999998
  0
TEXT
  5
435
330
17
100
AcDbEntity
  8
DIM
 62
7
100
AcDbText
 10
7056.999999999999
 20
3781.937499999998
 30
0.0
 40
35.0
  1
768
  7
GOST
 72
1
 11
7056.999999999999
 21
3781.937499999998
 31
0.0
100
AcDbText
  0
TEXT
  5
436
330
17
100
AcDbEntity
  8
DIM
 62
7
100
AcDbText
 10
8141.0
 20
3781.937499999998
 30
0.0
 40
35.0
  1
1400
  7
GOST
 72
1
 11
8141.0
 21
3781.937499999998
 31
0.0
100
AcDbText
  0
TEXT
  5
437
330
17
100
AcDbEntity
  8
DIM
 62
7
100
AcDbText
 10
9268.5
 20
3781.937499999998
 30
0.0
 40
35.0
  1
855
  7
GOST
 72
1
 11
9268.5
 21
3781.937499999998
 31
0.0
100
AcDbText
  0
LWPOLYLINE
  5
438
330
17
100
AcDbEntity
  8
DIM
 62
7
370
15
100
AcDbPolyline
 90
2
 70
0
 10
6648.0
 20
3656.937499999998
 10
9721.0
 20
3656.937499999998
  0
LWPOLYLINE
  5
439
330
17
100
AcDbEntity
  8
DIM
 62
7
370
30
100
AcDbPolyline
 90
2
 70
0
 10
6655.500000000001
 20
3639.437499999998
 10
6690.5
 20
3674.4374999999977
  0
LWPOLYLINE
  5
43A
330
17
100
AcDbEntity
  8
DIM
 62
7
370
13
100
AcDbPolyline
 90
2
 70
0
 10
6673.0
 20
3656.937499999998
 10
6673.0
 20
3719.437499999998
  0
LWPOLYLINE
  5
43B
330
17
100
AcDbEntity
  8
DIM
 62
7
370
30
100
AcDbPolyline
 90
2
 70
0
 10
9678.500000000002
 20
3639.437499999998
 10
9713.5
 20
3674.4374999999977
  0
LWPOLYLINE
  5
43C
330
17
100
AcDbEntity
  8
DIM
 62
7
370
13
100
AcDbPolyline
 90
2
 70
0
 10
9696.0
 20
3656.937499999998
 10
9696.0
 20
3719.437499999998
  0
TEXT
  5
43D
330
17
100
AcDbEntity
  8
DIM
 62
7
100
AcDbText
 10
8184.5
 20
3669.437499999998
 30
0.0
 40
40.0
  1
3023
  7
GOST
 72
1
 11
8184.5
 21
3669.437499999998
 31
0.0
100
AcDbText
  0
LWPOLYLINE
  5
43E
330
17
100
AcDbEntity
  8
DIM
 62
7
370
15
100
AcDbPolyline
 90
2
 70
0
 10
6573.0
 20
3844.437499999998
 10
6573.0
 20
6394.437499999998
  0
LWPOLYLINE
  5
43F
330
17
100
AcDbEntity
  8
DIM
 62
7
370
30
100
AcDbPolyline
 90
2
 70
0
 10
6555.500000000001
 20
3851.937499999998
 10
6590.5
 20
3886.9374999999977
  0
LWPOLYLINE
  5
440
330
17
100
AcDbEntity
  8
DIM
 62
7
370
13
100
AcDbPolyline
 90
2
 70
0
 10
6573.0
 20
3869.437499999998
 10
6635.5
 20
3869.437499999998
  0
LWPOLYLINE
  5
441
330
17
100
AcDbEntity
  8
DIM
 62
7
370
30
100
AcDbPolyline
 90
2
 70
0
 10
6555.500000000001
 20
6251.937499999998
 10
6590.5
 20
6286.937499999997
  0
LWPOLYLINE
  5
442
330
17
100
AcDbEntity
  8
DIM
 62
7
370
13
100
AcDbPolyline
 90
2
 70
0
 10
6573.0
 20
6269.437499999998
 10
6635.5
 20
6269.437499999998
  0
LWPOLYLINE
  5
443
330
17
100
AcDbEntity
  8
DIM
 62
7
370
30
100
AcDbPolyline
 90
2
 70
0
 10
6555.500000000001
 20
6351.937499999998
 10
6590.5
 20
6386.937499999997
  0
LWPOLYLINE
  5
444
330
17
100
AcDbEntity
  8
DIM
 62
7
370
13
100
AcDbPolyline
 90
2
 70
0
 10
6573.0
 20
6369.437499999998
 10
6635.5
 20
6369.437499999998
  0
TEXT
  5
445
330
17
100
AcDbEntity
  8
DIM
 62
7
100
AcDbText
 10
6560.5
 20
5069.437499999998
 30
0.0
 40
35.0
  1
2400
 50
90.0
  7
GOST
 72
1
 11
6560.5
 21
5069.437499999998
 31
0.0
100
AcDbText
  0
TEXT
  5
446
330
17
100
AcDbEntity
  8
DIM
 62
7
100
AcDbText
 10
6500.500000000001
 20
6319.437499999998
 30
0.0
 40
35.0
  1
100
 50
90.0
  7
GOST
 72
1
 11
6500.500000000001
 21
6319.437499999998
 31
0.0
100
AcDbText
  0
TEXT
  5
447
330
17
100
AcDbEntity
  8
TEXT
 62
7
100
AcDbText
 10
9721.0
 20
3851.937499999998
 30
0.0
 40
37.5
  1
±0.000
  7
GOST
 11
9721.0
 21
3851.937499999998
 31
0.0
100
AcDbText
  0
TEXT
  5
448
330
17
100
AcDbEntity
  8
TEXT
 62
7
100
AcDbText
 10
9721.0
 20
6351.937499999998
 30
0.0
 40
37.5
  1
+2.500
  7
GOST
 11
9721.0
 21
6351.937499999998
 31
0.0
100
AcDbText
  0
HATCH
  5
449
330
17
100
AcDbEntity
  8
TEXT
 62
7
420
15132390
100
AcDbHatch
 10
0.0
 20
0.0
 30
0.0
210
0.0
220
0.0
230
1.0
  2
SOLID
 70
1
 71
0
 91
1
 92
3
 72
0
 73
1
 93
4
 10
9796.0
 20
6590.687499999998
 10
12196.0
 20
6590.687499999998
 10
12196.0
 20
6694.437499999998
 10
9796.0
 20
6694.437499999998
 97
0
 75
1
 76
1
 98
0
  0
LWPOLYLINE
  5
44A
330
17
100
AcDbEntity
  8
TEXT
 62
7
370
25
100
AcDbPolyline
 90
4
 70
1
 10
9796.0
 20
6590.687499999998
 10
12196.0
 20
6590.687499999998
 10
12196.0
 20
6694.437499999998
 10
9796.0
 20
6694.437499999998
  0
LWPOLYLINE
  5
44B
330
17
100
AcDbEntity
  8
TEXT
 62
7
370
15
100
AcDbPolyline
 90
2
 70
0
 10
9796.0
 20
6694.437499999998
 10
9796.0
 20
6590.687499999998
  0
TEXT
  5
44C
330
17
100
AcDbEntity
  8
TEXT
 62
7
100
AcDbText
 10
9816.000000000002
 20
6635.687499999997
 30
0.0
 40
33.75
  1
№
  7
GOST
 11
9816.000000000002
 21
6635.687499999997
 31
0.0
100
AcDbText
  0
LWPOLYLINE
  5
44D
330
17
100
AcDbEntity
  8
TEXT
 62
7
370
15
100
AcDbPolyline
 90
2
 70
0
 10
9946.0
 20
6694.437499999998
 10
9946.0
 20
6590.687499999998
  0
TEXT
  5
44E
330
17
100
AcDbEntity
  8
TEXT
 62
7
100
AcDbText
 10
9966.000000000002
 20
6635.687499999997
 30
0.0
 40
33.75
  1
Элемент
  7
GOST
 11
9966.000000000002
 21
6635.687499999997
 31
0.0
100
AcDbText
  0
LWPOLYLINE
  5
44F
330
17
100
AcDbEntity
  8
TEXT
 62
7
370
15
100
AcDbPolyline
 90
2
 70
0
 10
11346.0
 20
6694.437499999998
 10
11346.0
 20
6590.687499999998
  0
TEXT
  5
450
330
17
100
AcDbEntity
  8
TEXT
 62
7
100
AcDbText
 10
11366.000000000002
 20
6635.687499999997
 30
0.0
 40
33.75
  1
s, мм
  7
GOST
 11
11366.000000000002
 21
6635.687499999997
 31
0.0
100
AcDbText
  0
LWPOLYLINE
  5
451
330
17
100
AcDbEntity
  8
TEXT
 62
7
370
15
100
AcDbPolyline
 90
2
 70
0
 10
11771.0
 20
6694.437499999998
 10
11771.0
 20
6590.687499999998
  0
TEXT
  5
452
330
17
100
AcDbEntity
  8
TEXT
 62
7
100
AcDbText
 10
11791.000000000002
 20
6635.687499999997
 30
0.0
 40
33.75
  1
z, мм
  7
GOST
 11
11791.000000000002
 21
6635.687499999997
 31
0.0
100
AcDbText
  0
LWPOLYLINE
  5
453
330
17
100
AcDbEntity
  8
TEXT
 62
7
370
15
100
AcDbPolyline
 90
2
 70
0
 10
12196.0
 20
6694.437499999998
 10
12196.0
 20
6590.687499999998
  0
LWPOLYLINE
  5
454
330
17
100
AcDbEntity
  8
TEXT
 62
7
370
15
100
AcDbPolyline
 90
4
 70
1
 10
9796.0
 20
6457.999999999998
 10
12196.0
 20
6457.999999999998
 10
12196.0
 20
6590.687499999998
 10
9796.0
 20
6590.687499999998
  0
LWPOLYLINE
  5
455
330
17
100
AcDbEntity
  8
TEXT
 62
7
370
15
100
AcDbPolyline
 90
2
 70
0
 10
9796.0
 20
6590.687499999998
 10
9796.0
 20
6457.999999999998
  0
TEXT
  5
456
330
17
100
AcDbEntity
  8
TEXT
 62
7
100
AcDbText
 10
9816.000000000002
 20
6531.937499999998
 30
0.0
 40
33.75
  1
1
  7
GOST
 11
9816.000000000002
 21
6531.937499999998
 31
0.0
100
AcDbText
  0
LWPOLYLINE
  5
457
330
17
100
AcDbEntity
  8
TEXT
 62
7
370
15
100
AcDbPolyline
 90
2
 70
0
 10
9946.0
 20
6590.687499999998
 10
9946.0
 20
6457.999999999998
  0
TEXT
  5
458
330
17
100
AcDbEntity
  8
TEXT
 62
7
100
AcDbText
 10
9966.000000000002
 20
6531.937499999998
 30
0.0
 40
33.75
  1
парапет: PIR/минвата 100 + пароизоляция + ГВЛ 12,5,
  7
GOST
 11
9966.000000000002
 21
6531.937499999998
 31
0.0
100
AcDbText
  0
TEXT
  5
459
330
17
100
AcDbEntity
  8
TEXT
 62
7
100
AcDbText
 10
9966.000000000002
 20
6482.999999999998
 30
0.0
 40
33.75
  1
C6 (0..+1000)
  7
GOST
 11
9966.000000000002
 21
6482.999999999998
 31
0.0
100
AcDbText
  0
LWPOLYLINE
  5
45A
330
17
100
AcDbEntity
  8
TEXT
 62
7
370
15
100
AcDbPolyline
 90
2
 70
0
 10
11346.0
 20
6590.687499999998
 10
11346.0
 20
6457.999999999998
  0
TEXT
  5
45B
330
17
100
AcDbEntity
  8
TEXT
 62
7
100
AcDbText
 10
11366.000000000002
 20
6531.937499999998
 30
0.0
 40
33.75
  1
45..3068
  7
GOST
 11
11366.000000000002
 21
6531.937499999998
 31
0.0
100
AcDbText
  0
LWPOLYLINE
  5
45C
330
17
100
AcDbEntity
  8
TEXT
 62
7
370
15
100
AcDbPolyline
 90
2
 70
0
 10
11771.0
 20
6590.687499999998
 10
11771.0
 20
6457.999999999998
  0
TEXT
  5
45D
330
17
100
AcDbEntity
  8
TEXT
 62
7
100
AcDbText
 10
11791.000000000002
 20
6531.937499999998
 30
0.0
 40
33.75
  1
0..1000
  7
GOST
 11
11791.000000000002
 21
6531.937499999998
 31
0.0
100
AcDbText
  0
LWPOLYLINE
  5
45E
330
17
100
AcDbEntity
  8
TEXT
 62
7
370
15
100
AcDbPolyline
 90
2
 70
0
 10
12196.0
 20
6590.687499999998
 10
12196.0
 20
6457.999999999998
  0
LWPOLYLINE
  5
45F
330
17
100
AcDbEntity
  8
TEXT
 62
7
370
15
100
AcDbPolyline
 90
4
 70
1
 10
9796.0
 20
6374.249999999998
 10
12196.0
 20
6374.249999999998
 10
12196.0
 20
6457.999999999998
 10
9796.0
 20
6457.999999999998
  0
LWPOLYLINE
  5
460
330
17
100
AcDbEntity
  8
TEXT
 62
7
370
15
100
AcDbPolyline
 90
2
 70
0
 10
9796.0
 20
6457.999999999998
 10
9796.0
 20
6374.249999999998
  0
TEXT
  5
461
330
17
100
AcDbEntity
  8
TEXT
 62
7
100
AcDbText
 10
9816.000000000002
 20
6399.249999999998
 30
0.0
 40
33.75
  1
2
  7
GOST
 11
9816.000000000002
 21
6399.249999999998
 31
0.0
100
AcDbText
  0
LWPOLYLINE
  5
462
330
17
100
AcDbEntity
  8
TEXT
 62
7
370
15
100
AcDbPolyline
 90
2
 70
0
 10
9946.0
 20
6457.999999999998
 10
9946.0
 20
6374.249999999998
  0
TEXT
  5
463
330
17
100
AcDbEntity
  8
TEXT
 62
7
100
AcDbText
 10
9966.000000000002
 20
6399.249999999998
 30
0.0
 40
33.75
  1
надоконная полоса +2450..+2500 C6
  7
GOST
 11
9966.000000000002
 21
6399.249999999998
 31
0.0
100
AcDbText
  0
LWPOLYLINE
  5
464
330
17
100
AcDbEntity
  8
TEXT
 62
7
370
15
100
AcDbPolyline
 90
2
 70
0
 10
11346.0
 20
6457.999999999998
 10
11346.0
 20
6374.249999999998
  0
TEXT
  5
465
330
17
100
AcDbEntity
  8
TEXT
 62
7
100
AcDbText
 10
11366.000000000002
 20
6399.249999999998
 30
0.0
 40
33.75
  1
45..3068
  7
GOST
 11
11366.000000000002
 21
6399.249999999998
 31
0.0
100
AcDbText
  0
LWPOLYLINE
  5
466
330
17
100
AcDbEntity
  8
TEXT
 62
7
370
15
100
AcDbPolyline
 90
2
 70
0
 10
11771.0
 20
6457.999999999998
 10
11771.0
 20
6374.249999999998
  0
TEXT
  5
467
330
17
100
AcDbEntity
  8
TEXT
 62
7
100
AcDbText
 10
11791.000000000002
 20
6399.249999999998
 30
0.0
 40
33.75
  1
2450..2500
  7
GOST
 11
11791.000000000002
 21
6399.249999999998
 31
0.0
100
AcDbText
  0
LWPOLYLINE
  5
468
330
17
100
AcDbEntity
  8
TEXT
 62
7
370
15
100
AcDbPolyline
 90
2
 70
0
 10
12196.0
 20
6457.999999999998
 10
12196.0
 20
6374.249999999998
  0
LWPOLYLINE
  5
469
330
17
100
AcDbEntity
  8
TEXT
 62
7
370
15
100
AcDbPolyline
 90
4
 70
1
 10
9796.0
 20
6241.562499999998
 10
12196.0
 20
6241.562499999998
 10
12196.0
 20
6374.249999999998
 10
9796.0
 20
6374.249999999998
  0
LWPOLYLINE
  5
46A
330
17
100
AcDbEntity
  8
TEXT
 62
7
370
15
100
AcDbPolyline
 90
2
 70
0
 10
9796.0
 20
6374.249999999998
 10
9796.0
 20
6241.562499999998
  0
TEXT
  5
46B
330
17
100
AcDbEntity
  8
TEXT
 62
7
100
AcDbText
 10
9816.000000000002
 20
6315.499999999999
 30
0.0
 40
33.75
  1
3
  7
GOST
 11
9816.000000000002
 21
6315.499999999999
 31
0.0
100
AcDbText
  0
LWPOLYLINE
  5
46C
330
17
100
AcDbEntity
  8
TEXT
 62
7
370
15
100
AcDbPolyline
 90
2
 70
0
 10
9946.0
 20
6374.249999999998
 10
9946.0
 20
6241.562499999998
  0
TEXT
  5
46D
330
17
100
AcDbEntity
  8
TEXT
 62
7
100
AcDbText
 10
9966.000000000002
 20
6315.499999999999
 30
0.0
 40
33.75
  1
тёплое остекление ПВХ 2-камерное, P2A (M32),
  7
GOST
 11
9966.000000000002
 21
6315.499999999999
 31
0.0
100
AcDbText
  0
TEXT
  5
46E
330
17
100
AcDbEntity
  8
TEXT
 62
7
100
AcDbText
 10
9966.000000000002
 20
6266.562499999998
 30
0.0
 40
33.75
  1
+1000..+2450
  7
GOST
 11
9966.000000000002
 21
6266.562499999998
 31
0.0
100
AcDbText
  0
LWPOLYLINE
  5
46F
330
17
100
AcDbEntity
  8
TEXT
 62
7
370
15
100
AcDbPolyline
 90
2
 70
0
 10
11346.0
 20
6374.249999999998
 10
11346.0
 20
6241.562499999998
  0
TEXT
  5
470
330
17
100
AcDbEntity
  8
TEXT
 62
7
100
AcDbText
 10
11366.000000000002
 20
6315.499999999999
 30
0.0
 40
33.75
  1
45..3068
  7
GOST
 11
11366.000000000002
 21
6315.499999999999
 31
0.0
100
AcDbText
  0
LWPOLYLINE
  5
471
330
17
100
AcDbEntity
  8
TEXT
 62
7
370
15
100
AcDbPolyline
 90
2
 70
0
 10
11771.0
 20
6374.249999999998
 10
11771.0
 20
6241.562499999998
  0
TEXT
  5
472
330
17
100
AcDbEntity
  8
TEXT
 62
7
100
AcDbText
 10
11791.000000000002
 20
6315.499999999999
 30
0.0
 40
33.75
  1
1000..2450
  7
GOST
 11
11791.000000000002
 21
6315.499999999999
 31
0.0
100
AcDbText
  0
LWPOLYLINE
  5
473
330
17
100
AcDbEntity
  8
TEXT
 62
7
370
15
100
AcDbPolyline
 90
2
 70
0
 10
12196.0
 20
6374.249999999998
 10
12196.0
 20
6241.562499999998
  0
LWPOLYLINE
  5
474
330
17
100
AcDbEntity
  8
TEXT
 62
7
370
15
100
AcDbPolyline
 90
4
 70
1
 10
9796.0
 20
6108.874999999998
 10
12196.0
 20
6108.874999999998
 10
12196.0
 20
6241.562499999998
 10
9796.0
 20
6241.562499999998
  0
LWPOLYLINE
  5
475
330
17
100
AcDbEntity
  8
TEXT
 62
7
370
15
100
AcDbPolyline
 90
2
 70
0
 10
9796.0
 20
6241.562499999998
 10
9796.0
 20
6108.874999999998
  0
TEXT
  5
476
330
17
100
AcDbEntity
  8
TEXT
 62
7
100
AcDbText
 10
9816.000000000002
 20
6182.812499999998
 30
0.0
 40
33.75
  1
4
  7
GOST
 11
9816.000000000002
 21
6182.812499999998
 31
0.0
100
AcDbText
  0
LWPOLYLINE
  5
477
330
17
100
AcDbEntity
  8
TEXT
 62
7
370
15
100
AcDbPolyline
 90
2
 70
0
 10
9946.0
 20
6241.562499999998
 10
9946.0
 20
6108.874999999998
  0
TEXT
  5
478
330
17
100
AcDbEntity
  8
TEXT
 62
7
100
AcDbText
 10
9966.000000000002
 20
6182.812499999998
 30
0.0
 40
33.75
  1
ниша шторы CN-3 150 (портьера на треке в 110 от
  7
GOST
 11
9966.000000000002
 21
6182.812499999998
 31
0.0
100
AcDbText
  0
TEXT
  5
479
330
17
100
AcDbEntity
  8
TEXT
 62
7
100
AcDbText
 10
9966.000000000002
 20
6133.874999999998
 30
0.0
 40
33.75
  1
стекла)
  7
GOST
 11
9966.000000000002
 21
6133.874999999998
 31
0.0
100
AcDbText
  0
LWPOLYLINE
  5
47A
330
17
100
AcDbEntity
  8
TEXT
 62
7
370
15
100
AcDbPolyline
 90
2
 70
0
 10
11346.0
 20
6241.562499999998
 10
11346.0
 20
6108.874999999998
  0
TEXT
  5
47B
330
17
100
AcDbEntity
  8
TEXT
 62
7
100
AcDbText
 10
11366.000000000002
 20
6182.812499999998
 30
0.0
 40
33.75
  1
45..3068
  7
GOST
 11
11366.000000000002
 21
6182.812499999998
 31
0.0
100
AcDbText
  0
LWPOLYLINE
  5
47C
330
17
100
AcDbEntity
  8
TEXT
 62
7
370
15
100
AcDbPolyline
 90
2
 70
0
 10
11771.0
 20
6241.562499999998
 10
11771.0
 20
6108.874999999998
  0
TEXT
  5
47D
330
17
100
AcDbEntity
  8
TEXT
 62
7
100
AcDbText
 10
11791.000000000002
 20
6182.812499999998
 30
0.0
 40
33.75
  1
2500..2600
  7
GOST
 11
11791.000000000002
 21
6182.812499999998
 31
0.0
100
AcDbText
  0
LWPOLYLINE
  5
47E
330
17
100
AcDbEntity
  8
TEXT
 62
7
370
15
100
AcDbPolyline
 90
2
 70
0
 10
12196.0
 20
6241.562499999998
 10
12196.0
 20
6108.874999999998
  0
LWPOLYLINE
  5
47F
330
17
100
AcDbEntity
  8
TEXT
 62
7
370
15
100
AcDbPolyline
 90
4
 70
1
 10
9796.0
 20
6025.124999999998
 10
12196.0
 20
6025.124999999998
 10
12196.0
 20
6108.874999999998
 10
9796.0
 20
6108.874999999998
  0
LWPOLYLINE
  5
480
330
17
100
AcDbEntity
  8
TEXT
 62
7
370
15
100
AcDbPolyline
 90
2
 70
0
 10
9796.0
 20
6108.874999999998
 10
9796.0
 20
6025.124999999998
  0
TEXT
  5
481
330
17
100
AcDbEntity
  8
TEXT
 62
7
100
AcDbText
 10
9816.000000000002
 20
6050.124999999998
 30
0.0
 40
33.75
  1
5
  7
GOST
 11
9816.000000000002
 21
6050.124999999998
 31
0.0
100
AcDbText
  0
LWPOLYLINE
  5
482
330
17
100
AcDbEntity
  8
TEXT
 62
7
370
15
100
AcDbPolyline
 90
2
 70
0
 10
9946.0
 20
6108.874999999998
 10
9946.0
 20
6025.124999999998
  0
TEXT
  5
483
330
17
100
AcDbEntity
  8
TEXT
 62
7
100
AcDbText
 10
9966.000000000002
 20
6050.124999999998
 30
0.0
 40
33.75
  1
П-диван F33 (спинка) h 850
  7
GOST
 11
9966.000000000002
 21
6050.124999999998
 31
0.0
100
AcDbText
  0
LWPOLYLINE
  5
484
330
17
100
AcDbEntity
  8
TEXT
 62
7
370
15
100
AcDbPolyline
 90
2
 70
0
 10
11346.0
 20
6108.874999999998
 10
11346.0
 20
6025.124999999998
  0
TEXT
  5
485
330
17
100
AcDbEntity
  8
TEXT
 62
7
100
AcDbText
 10
11366.000000000002
 20
6050.124999999998
 30
0.0
 40
33.75
  1
45..3068
  7
GOST
 11
11366.000000000002
 21
6050.124999999998
 31
0.0
100
AcDbText
  0
LWPOLYLINE
  5
486
330
17
100
AcDbEntity
  8
TEXT
 62
7
370
15
100
AcDbPolyline
 90
2
 70
0
 10
11771.0
 20
6108.874999999998
 10
11771.0
 20
6025.124999999998
  0
TEXT
  5
487
330
17
100
AcDbEntity
  8
TEXT
 62
7
100
AcDbText
 10
11791.000000000002
 20
6050.124999999998
 30
0.0
 40
33.75
  1
0..850
  7
GOST
 11
11791.000000000002
 21
6050.124999999998
 31
0.0
100
AcDbText
  0
LWPOLYLINE
  5
488
330
17
100
AcDbEntity
  8
TEXT
 62
7
370
15
100
AcDbPolyline
 90
2
 70
0
 10
12196.0
 20
6108.874999999998
 10
12196.0
 20
6025.124999999998
  0
LWPOLYLINE
  5
489
330
17
100
AcDbEntity
  8
TEXT
 62
7
370
15
100
AcDbPolyline
 90
4
 70
1
 10
9796.0
 20
5941.374999999998
 10
12196.0
 20
5941.374999999998
 10
12196.0
 20
6025.124999999998
 10
9796.0
 20
6025.124999999998
  0
LWPOLYLINE
  5
48A
330
17
100
AcDbEntity
  8
TEXT
 62
7
370
15
100
AcDbPolyline
 90
2
 70
0
 10
9796.0
 20
6025.124999999998
 10
9796.0
 20
5941.374999999998
  0
TEXT
  5
48B
330
17
100
AcDbEntity
  8
TEXT
 62
7
100
AcDbText
 10
9816.000000000002
 20
5966.374999999998
 30
0.0
 40
33.75
  1
6
  7
GOST
 11
9816.000000000002
 21
5966.374999999998
 31
0.0
100
AcDbText
  0
LWPOLYLINE
  5
48C
330
17
100
AcDbEntity
  8
TEXT
 62
7
370
15
100
AcDbPolyline
 90
2
 70
0
 10
9946.0
 20
6025.124999999998
 10
9946.0
 20
5941.374999999998
  0
TEXT
  5
48D
330
17
100
AcDbEntity
  8
TEXT
 62
7
100
AcDbText
 10
9966.000000000002
 20
5966.374999999998
 30
0.0
 40
33.75
  1
SV1 приточный клапан в верхней части рамы (K-13)
  7
GOST
 11
9966.000000000002
 21
5966.374999999998
 31
0.0
100
AcDbText
  0
LWPOLYLINE
  5
48E
330
17
100
AcDbEntity
  8
TEXT
 62
7
370
15
100
AcDbPolyline
 90
2
 70
0
 10
11346.0
 20
6025.124999999998
 10
11346.0
 20
5941.374999999998
  0
TEXT
  5
48F
330
17
100
AcDbEntity
  8
TEXT
 62
7
100
AcDbText
 10
11366.000000000002
 20
5966.374999999998
 30
0.0
 40
33.75
  1
900
  7
GOST
 11
11366.000000000002
 21
5966.374999999998
 31
0.0
100
AcDbText
  0
LWPOLYLINE
  5
490
330
17
100
AcDbEntity
  8
TEXT
 62
7
370
15
100
AcDbPolyline
 90
2
 70
0
 10
11771.0
 20
6025.124999999998
 10
11771.0
 20
5941.374999999998
  0
TEXT
  5
491
330
17
100
AcDbEntity
  8
TEXT
 62
7
100
AcDbText
 10
11791.000000000002
 20
5966.374999999998
 30
0.0
 40
33.75
  1
2400
  7
GOST
 11
11791.000000000002
 21
5966.374999999998
 31
0.0
100
AcDbText
  0
LWPOLYLINE
  5
492
330
17
100
AcDbEntity
  8
TEXT
 62
7
370
15
100
AcDbPolyline
 90
2
 70
0
 10
12196.0
 20
6025.124999999998
 10
12196.0
 20
5941.374999999998
  0
LWPOLYLINE
  5
493
330
17
100
AcDbEntity
  8
TEXT
 62
7
370
15
100
AcDbPolyline
 90
4
 70
1
 10
9796.0
 20
5857.624999999999
 10
12196.0
 20
5857.624999999999
 10
12196.0
 20
5941.374999999998
 10
9796.0
 20
5941.374999999998
  0
LWPOLYLINE
  5
494
330
17
100
AcDbEntity
  8
TEXT
 62
7
370
15
100
AcDbPolyline
 90
2
 70
0
 10
9796.0
 20
5941.374999999998
 10
9796.0
 20
5857.624999999999
  0
TEXT
  5
495
330
17
100
AcDbEntity
  8
TEXT
 62
7
100
AcDbText
 10
9816.000000000002
 20
5882.624999999999
 30
0.0
 40
33.75
  1
7
  7
GOST
 11
9816.000000000002
 21
5882.624999999999
 31
0.0
100
AcDbText
  0
LWPOLYLINE
  5
496
330
17
100
AcDbEntity
  8
TEXT
 62
7
370
15
100
AcDbPolyline
 90
2
 70
0
 10
9946.0
 20
5941.374999999998
 10
9946.0
 20
5857.624999999999
  0
TEXT
  5
497
330
17
100
AcDbEntity
  8
TEXT
 62
7
100
AcDbText
 10
9966.000000000002
 20
5882.624999999999
 30
0.0
 40
33.75
  1
SV2 приточный клапан (K-13)
  7
GOST
 11
9966.000000000002
 21
5882.624999999999
 31
0.0
100
AcDbText
  0
LWPOLYLINE
  5
498
330
17
100
AcDbEntity
  8
TEXT
 62
7
370
15
100
AcDbPolyline
 90
2
 70
0
 10
11346.0
 20
5941.374999999998
 10
11346.0
 20
5857.624999999999
  0
TEXT
  5
499
330
17
100
AcDbEntity
  8
TEXT
 62
7
100
AcDbText
 10
11366.000000000002
 20
5882.624999999999
 30
0.0
 40
33.75
  1
2300
  7
GOST
 11
11366.000000000002
 21
5882.624999999999
 31
0.0
100
AcDbText
  0
LWPOLYLINE
  5
49A
330
17
100
AcDbEntity
  8
TEXT
 62
7
370
15
100
AcDbPolyline
 90
2
 70
0
 10
11771.0
 20
5941.374999999998
 10
11771.0
 20
5857.624999999999
  0
TEXT
  5
49B
330
17
100
AcDbEntity
  8
TEXT
 62
7
100
AcDbText
 10
11791.000000000002
 20
5882.624999999999
 30
0.0
 40
33.75
  1
2400
  7
GOST
 11
11791.000000000002
 21
5882.624999999999
 31
0.0
100
AcDbText
  0
LWPOLYLINE
  5
49C
330
17
100
AcDbEntity
  8
TEXT
 62
7
370
15
100
AcDbPolyline
 90
2
 70
0
 10
12196.0
 20
5941.374999999998
 10
12196.0
 20
5857.624999999999
  0
LWPOLYLINE
  5
49D
330
17
100
AcDbEntity
  8
TEXT
 62
7
370
35
100
AcDbPolyline
 90
4
 70
1
 10
9796.0
 20
5857.624999999999
 10
12196.0
 20
5857.624999999999
 10
12196.0
 20
6694.437499999998
 10
9796.0
 20
6694.437499999998
  0
TEXT
  5
49E
330
17
100
AcDbEntity
  8
TEXT
 62
7
100
AcDbText
 10
6623.0
 20
3544.437499999998
 30
0.0
 40
35.0
  1
Отделка: парапет ГВЛ + C6; клапаны SV1/SV2 — заказ вместе с остеклением
  7
GOST
 11
6623.0
 21
3544.437499999998
 31
0.0
100
AcDbText
  0
LWPOLYLINE
  5
49F
330
17
100
AcDbEntity
  8
FRAME
 62
7
370
50
100
AcDbPolyline
 90
4
 70
1
 10
500.0
 20
125.0
 10
14725.0
 20
125.0
 10
14725.0
 20
10375.0
 10
500.0
 20
10375.0
  0
TEXT
  5
4A0
330
17
100
AcDbEntity
  8
FRAME
 62
7
100
AcDbText
 10
14725.0
 20
40.0
 30
0.0
 40
50.0
  1
Формат A2
  7
GOST
 72
2
 11
14725.0
 21
40.0
 31
0.0
100
AcDbText
  0
HATCH
  5
4A1
330
17
100
AcDbEntity
  8
FRAME
 62
7
420
16777215
100
AcDbHatch
 10
0.0
 20
0.0
 30
0.0
210
0.0
220
0.0
230
1.0
  2
SOLID
 70
1
 71
0
 91
1
 92
3
 72
0
 73
1
 93
4
 10
10100.0
 20
125.0
 10
14725.0
 20
125.0
 10
14725.0
 20
1500.0
 10
10100.0
 20
1500.0
 97
0
 75
1
 76
1
 98
0
  0
LWPOLYLINE
  5
4A2
330
17
100
AcDbEntity
  8
FRAME
 62
7
370
50
100
AcDbPolyline
 90
4
 70
1
 10
10100.0
 20
125.0
 10
14725.0
 20
125.0
 10
14725.0
 20
1500.0
 10
10100.0
 20
1500.0
  0
LWPOLYLINE
  5
4A3
330
17
100
AcDbEntity
  8
FRAME
 62
7
370
50
100
AcDbPolyline
 90
2
 70
0
 10
11725.0
 20
1125.0
 10
14725.0
 20
1125.0
  0
LWPOLYLINE
  5
4A4
330
17
100
AcDbEntity
  8
FRAME
 62
7
370
50
100
AcDbPolyline
 90
2
 70
0
 10
11725.0
 20
875.0
 10
14725.0
 20
875.0
  0
LWPOLYLINE
  5
4A5
330
17
100
AcDbEntity
  8
FRAME
 62
7
370
50
100
AcDbPolyline
 90
2
 70
0
 10
11725.0
 20
500.0
 10
14725.0
 20
500.0
  0
LWPOLYLINE
  5
4A6
330
17
100
AcDbEntity
  8
FRAME
 62
7
370
50
100
AcDbPolyline
 90
2
 70
0
 10
11725.0
 20
125.0
 10
11725.0
 20
1500.0
  0
LWPOLYLINE
  5
4A7
330
17
100
AcDbEntity
  8
FRAME
 62
7
370
50
100
AcDbPolyline
 90
2
 70
0
 10
13475.0
 20
125.0
 10
13475.0
 20
875.0
  0
LWPOLYLINE
  5
4A8
330
17
100
AcDbEntity
  8
FRAME
 62
7
370
20
100
AcDbPolyline
 90
2
 70
0
 10
13475.0
 20
750.0
 10
14725.0
 20
750.0
  0
LWPOLYLINE
  5
4A9
330
17
100
AcDbEntity
  8
FRAME
 62
7
370
20
100
AcDbPolyline
 90
2
 70
0
 10
13850.0
 20
500.0
 10
13850.0
 20
875.0
  0
LWPOLYLINE
  5
4AA
330
17
100
AcDbEntity
  8
FRAME
 62
7
370
20
100
AcDbPolyline
 90
2
 70
0
 10
14225.0
 20
500.0
 10
14225.0
 20
875.0
  0
TEXT
  5
4AB
330
17
100
AcDbEntity
  8
FRAME
 62
7
100
AcDbText
 10
13662.5
 20
780.0
 30
0.0
 40
50.0
  1
Стадия
  7
GOST
 72
1
 11
13662.5
 21
780.0
 31
0.0
100
AcDbText
  0
TEXT
  5
4AC
330
17
100
AcDbEntity
  8
FRAME
 62
7
100
AcDbText
 10
14037.5
 20
780.0
 30
0.0
 40
50.0
  1
Лист
  7
GOST
 72
1
 11
14037.5
 21
780.0
 31
0.0
100
AcDbText
  0
TEXT
  5
4AD
330
17
100
AcDbEntity
  8
FRAME
 62
7
100
AcDbText
 10
14475.0
 20
780.0
 30
0.0
 40
50.0
  1
Листов
  7
GOST
 72
1
 11
14475.0
 21
780.0
 31
0.0
100
AcDbText
  0
TEXT
  5
4AE
330
17
100
AcDbEntity
  8
FRAME
 62
7
100
AcDbText
 10
13662.5
 20
585.0
 30
0.0
 40
87.5
  1
Р
  7
GOST
 72
1
 11
13662.5
 21
585.0
 31
0.0
100
AcDbText
  0
TEXT
  5
4AF
330
17
100
AcDbEntity
  8
FRAME
 62
7
100
AcDbText
 10
14037.5
 20
585.0
 30
0.0
 40
87.5
  1
15
  7
GOST
 72
1
 11
14037.5
 21
585.0
 31
0.0
100
AcDbText
  0
TEXT
  5
4B0
330
17
100
AcDbEntity
  8
FRAME
 62
7
100
AcDbText
 10
14475.0
 20
585.0
 30
0.0
 40
87.5
  1
51
  7
GOST
 72
1
 11
14475.0
 21
585.0
 31
0.0
100
AcDbText
  0
LWPOLYLINE
  5
4B1
330
17
100
AcDbEntity
  8
FRAME
 62
7
370
20
100
AcDbPolyline
 90
2
 70
0
 10
10100.0
 20
250.0
 10
11725.0
 20
250.0
  0
LWPOLYLINE
  5
4B2
330
17
100
AcDbEntity
  8
FRAME
 62
7
370
20
100
AcDbPolyline
 90
2
 70
0
 10
10100.0
 20
375.0
 10
11725.0
 20
375.0
  0
LWPOLYLINE
  5
4B3
330
17
100
AcDbEntity
  8
FRAME
 62
7
370
20
100
AcDbPolyline
 90
2
 70
0
 10
10100.0
 20
500.0
 10
11725.0
 20
500.0
  0
LWPOLYLINE
  5
4B4
330
17
100
AcDbEntity
  8
FRAME
 62
7
370
20
100
AcDbPolyline
 90
2
 70
0
 10
10100.0
 20
625.0
 10
11725.0
 20
625.0
  0
LWPOLYLINE
  5
4B5
330
17
100
AcDbEntity
  8
FRAME
 62
7
370
50
100
AcDbPolyline
 90
2
 70
0
 10
10100.0
 20
750.0
 10
11725.0
 20
750.0
  0
LWPOLYLINE
  5
4B6
330
17
100
AcDbEntity
  8
FRAME
 62
7
370
50
100
AcDbPolyline
 90
2
 70
0
 10
10100.0
 20
875.0
 10
11725.0
 20
875.0
  0
LWPOLYLINE
  5
4B7
330
17
100
AcDbEntity
  8
FRAME
 62
7
370
20
100
AcDbPolyline
 90
2
 70
0
 10
10100.0
 20
1000.0
 10
11725.0
 20
1000.0
  0
LWPOLYLINE
  5
4B8
330
17
100
AcDbEntity
  8
FRAME
 62
7
370
20
100
AcDbPolyline
 90
2
 70
0
 10
10100.0
 20
1125.0
 10
11725.0
 20
1125.0
  0
LWPOLYLINE
  5
4B9
330
17
100
AcDbEntity
  8
FRAME
 62
7
370
20
100
AcDbPolyline
 90
2
 70
0
 10
10100.0
 20
1250.0
 10
11725.0
 20
1250.0
  0
LWPOLYLINE
  5
4BA
330
17
100
AcDbEntity
  8
FRAME
 62
7
370
20
100
AcDbPolyline
 90
2
 70
0
 10
10100.0
 20
1375.0
 10
11725.0
 20
1375.0
  0
LWPOLYLINE
  5
4BB
330
17
100
AcDbEntity
  8
FRAME
 62
7
370
50
100
AcDbPolyline
 90
2
 70
0
 10
10350.0
 20
750.0
 10
10350.0
 20
1500.0
  0
LWPOLYLINE
  5
4BC
330
17
100
AcDbEntity
  8
FRAME
 62
7
370
50
100
AcDbPolyline
 90
2
 70
0
 10
10600.0
 20
125.0
 10
10600.0
 20
1500.0
  0
LWPOLYLINE
  5
4BD
330
17
100
AcDbEntity
  8
FRAME
 62
7
370
50
100
AcDbPolyline
 90
2
 70
0
 10
10850.0
 20
750.0
 10
10850.0
 20
1500.0
  0
LWPOLYLINE
  5
4BE
330
17
100
AcDbEntity
  8
FRAME
 62
7
370
50
100
AcDbPolyline
 90
2
 70
0
 10
11100.0
 20
125.0
 10
11100.0
 20
1500.0
  0
LWPOLYLINE
  5
4BF
330
17
100
AcDbEntity
  8
FRAME
 62
7
370
50
100
AcDbPolyline
 90
2
 70
0
 10
11475.0
 20
125.0
 10
11475.0
 20
1500.0
  0
TEXT
  5
4C0
330
17
100
AcDbEntity
  8
FRAME
 62
7
100
AcDbText
 10
10225.0
 20
782.5
 30
0.0
 40
45.0
  1
Изм.
  7
GOST
 72
1
 11
10225.0
 21
782.5
 31
0.0
100
AcDbText
  0
TEXT
  5
4C1
330
17
100
AcDbEntity
  8
FRAME
 62
7
100
AcDbText
 10
10475.0
 20
782.5
 30
0.0
 40
45.0
  1
Кол.уч
  7
GOST
 72
1
 11
10475.0
 21
782.5
 31
0.0
100
AcDbText
  0
TEXT
  5
4C2
330
17
100
AcDbEntity
  8
FRAME
 62
7
100
AcDbText
 10
10725.0
 20
782.5
 30
0.0
 40
45.0
  1
Лист
  7
GOST
 72
1
 11
10725.0
 21
782.5
 31
0.0
100
AcDbText
  0
TEXT
  5
4C3
330
17
100
AcDbEntity
  8
FRAME
 62
7
100
AcDbText
 10
10975.0
 20
782.5
 30
0.0
 40
45.0
  1
№док.
  7
GOST
 72
1
 11
10975.0
 21
782.5
 31
0.0
100
AcDbText
  0
TEXT
  5
4C4
330
17
100
AcDbEntity
  8
FRAME
 62
7
100
AcDbText
 10
11287.5
 20
782.5
 30
0.0
 40
45.0
  1
Подп.
  7
GOST
 72
1
 11
11287.5
 21
782.5
 31
0.0
100
AcDbText
  0
TEXT
  5
4C5
330
17
100
AcDbEntity
  8
FRAME
 62
7
100
AcDbText
 10
11600.0
 20
782.5
 30
0.0
 40
45.0
  1
Дата
  7
GOST
 72
1
 11
11600.0
 21
782.5
 31
0.0
100
AcDbText
  0
TEXT
  5
4C6
330
17
100
AcDbEntity
  8
FRAME
 62
7
100
AcDbText
 10
10125.0
 20
657.5
 30
0.0
 40
50.0
  1
Разраб.
  7
GOST
 11
10125.0
 21
657.5
 31
0.0
100
AcDbText
  0
TEXT
  5
4C7
330
17
100
AcDbEntity
  8
FRAME
 62
7
100
AcDbText
 10
10125.0
 20
532.5
 30
0.0
 40
50.0
  1
Пров.
  7
GOST
 11
10125.0
 21
532.5
 31
0.0
100
AcDbText
  0
TEXT
  5
4C8
330
17
100
AcDbEntity
  8
FRAME
 62
7
100
AcDbText
 10
10125.0
 20
407.5
 30
0.0
 40
50.0
  1
ГИП
  7
GOST
 11
10125.0
 21
407.5
 31
0.0
100
AcDbText
  0
TEXT
  5
4C9
330
17
100
AcDbEntity
  8
FRAME
 62
7
100
AcDbText
 10
10125.0
 20
282.5
 30
0.0
 40
50.0
  1
Н.контр.
  7
GOST
 11
10125.0
 21
282.5
 31
0.0
100
AcDbText
  0
TEXT
  5
4CA
330
17
100
AcDbEntity
  8
FRAME
 62
7
100
AcDbText
 10
10125.0
 20
157.5
 30
0.0
 40
50.0
  1
Утв.
  7
GOST
 11
10125.0
 21
157.5
 31
0.0
100
AcDbText
  0
TEXT
  5
4CB
330
17
100
AcDbEntity
  8
FRAME
 62
7
100
AcDbText
 10
10620.0
 20
657.5
 30
0.0
 40
50.0
  1
pib-агенты
  7
GOST
 11
10620.0
 21
657.5
 31
0.0
100
AcDbText
  0
TEXT
  5
4CC
330
17
100
AcDbEntity
  8
FRAME
 62
7
100
AcDbText
 10
11600.0
 20
657.5
 30
0.0
 40
45.0
  1
10.2026
  7
GOST
 72
1
 11
11600.0
 21
657.5
 31
0.0
100
AcDbText
  0
TEXT
  5
4CD
330
17
100
AcDbEntity
  8
FRAME
 62
7
100
AcDbText
 10
13225.0
 20
1250.0
 30
0.0
 40
125.0
  1
КВ108-ДП-АР-11
  7
GOST
 72
1
 11
13225.0
 21
1250.0
 31
0.0
100
AcDbText
  0
TEXT
  5
4CE
330
17
100
AcDbEntity
  8
FRAME
 62
7
100
AcDbText
 10
13225.0
 20
956.25
 30
0.0
 40
87.5
  1
Квартира №108, СПб, дизайн-проект
  7
GOST
 72
1
 11
13225.0
 21
956.25
 31
0.0
100
AcDbText
  0
TEXT
  5
4CF
330
17
100
AcDbEntity
  8
FRAME
 62
7
100
AcDbText
 10
12600.0
 20
650.0
 30
0.0
 40
75.0
  1
Архитектурные решения
  7
GOST
 72
1
 11
12600.0
 21
650.0
 31
0.0
100
AcDbText
  0
TEXT
  5
4D0
330
17
100
AcDbEntity
  8
FRAME
 62
7
100
AcDbText
 10
12600.0
 20
371.875
 30
0.0
 40
62.5
  1
Развертки стен. Кухня-гостиная и
  7
GOST
 72
1
 11
12600.0
 21
371.875
 31
0.0
100
AcDbText
  0
TEXT
  5
4D1
330
17
100
AcDbEntity
  8
FRAME
 62
7
100
AcDbText
 10
12600.0
 20
281.25
 30
0.0
 40
62.5
  1
балкон
  7
GOST
 72
1
 11
12600.0
 21
281.25
 31
0.0
100
AcDbText
  0
TEXT
  5
4D2
330
17
100
AcDbEntity
  8
FRAME
 62
7
100
AcDbText
 10
12600.0
 20
190.625
 30
0.0
 40
62.5
  1
Масштаб 1:25
  7
GOST
 72
1
 11
12600.0
 21
190.625
 31
0.0
100
AcDbText
  0
TEXT
  5
4D3
330
17
100
AcDbEntity
  8
FRAME
 62
7
100
AcDbText
 10
14100.0
 20
329.375
 30
0.0
 40
75.0
  1
ПИБ
  7
GOST
 72
1
 11
14100.0
 21
329.375
 31
0.0
100
AcDbText
  0
TEXT
  5
4D4
330
17
100
AcDbEntity
  8
FRAME
 62
7
100
AcDbText
 10
14100.0
 20
220.62500000000003
 30
0.0
 40
75.0
  1
агенты pib-*
  7
GOST
 72
1
 11
14100.0
 21
220.62500000000003
 31
0.0
100
AcDbText
  0
ENDSEC
  0
SECTION
  2
OBJECTS
  0
DICTIONARY
  5
A
330
0
100
AcDbDictionary
281
1
  3
ACAD_COLOR
350
B
  3
ACAD_GROUP
350
C
  3
ACAD_LAYOUT
350
D
  3
ACAD_MATERIAL
350
E
  3
ACAD_MLEADERSTYLE
350
F
  3
ACAD_MLINESTYLE
350
10
  3
ACAD_PLOTSETTINGS
350
11
  3
ACAD_PLOTSTYLENAME
350
12
  3
ACAD_SCALELIST
350
14
  3
ACAD_TABLESTYLE
350
15
  3
ACAD_VISUALSTYLE
350
16
  3
EZDXF_META
350
2D
  0
DICTIONARY
  5
B
330
A
100
AcDbDictionary
281
1
  0
DICTIONARY
  5
C
330
A
100
AcDbDictionary
281
1
  0
DICTIONARY
  5
D
330
A
100
AcDbDictionary
281
1
  3
Model
350
1A
  3
Layout1
350
1E
  0
DICTIONARY
  5
E
330
A
100
AcDbDictionary
281
1
  3
ByBlock
350
1F
  3
ByLayer
350
20
  3
Global
350
21
  0
DICTIONARY
  5
F
330
A
100
AcDbDictionary
281
1
  3
Standard
350
2C
  0
DICTIONARY
  5
10
330
A
100
AcDbDictionary
281
1
  3
Standard
350
22
  0
DICTIONARY
  5
11
330
A
100
AcDbDictionary
281
1
  0
ACDBDICTIONARYWDFLT
  5
12
330
A
100
AcDbDictionary
281
1
  3
Normal
350
13
100
AcDbDictionaryWithDefault
340
13
  0
ACDBPLACEHOLDER
  5
13
330
12
  0
DICTIONARY
  5
14
330
A
100
AcDbDictionary
281
1
  0
DICTIONARY
  5
15
330
A
100
AcDbDictionary
281
1
  0
DICTIONARY
  5
16
330
A
100
AcDbDictionary
281
1
  3
2dWireframe
350
5A
  3
Basic
350
5B
  3
Brighten
350
5C
  3
ColorChange
350
5D
  3
Conceptual
350
5E
  3
Dim
350
5F
  3
EdgeColorOff
350
60
  3
Facepattern
350
61
  3
Flat
350
62
  3
FlatWithEdges
350
63
  3
Gouraud
350
64
  3
GouraudWithEdges
350
65
  3
Hidden
350
66
  3
JitterOff
350
67
  3
Linepattern
350
68
  3
Modeling
350
69
  3
OverhangOff
350
6A
  3
Realistic
350
6B
  3
Shaded
350
6C
  3
Shaded with edges
350
6D
  3
Shades of Gray
350
6E
  3
Sketchy
350
6F
  3
Thicken
350
70
  3
Wireframe
350
71
  3
X-Ray
350
72
  0
LAYOUT
  5
1A
330
D
100
AcDbPlotSettings
  1

  4
A3
  6

 40
7.5
 41
20.0
 42
7.5
 43
20.0
 44
420.0
 45
297.0
 46
0.0
 47
0.0
 48
0.0
 49
0.0
140
0.0
141
0.0
142
1.0
143
1.0
 70
1024
 72
1
 73
0
 74
5
  7

 75
16
 76
0
 77
2
 78
300
147
1.0
148
0.0
149
0.0
100
AcDbLayout
  1
Model
 70
1
 71
0
 10
0.0
 20
0.0
 11
420.0
 21
297.0
 12
0.0
 22
0.0
 32
0.0
 14
1e+20
 24
1e+20
 34
1e+20
 15
-1e+20
 25
-1e+20
 35
-1e+20
146
0.0
 13
0.0
 23
0.0
 33
0.0
 16
1.0
 26
0.0
 36
0.0
 17
0.0
 27
1.0
 37
0.0
 76
1
330
17
  0
LAYOUT
  5
1E
330
D
100
AcDbPlotSettings
  1

  4
A3
  6

 40
7.5
 41
20.0
 42
7.5
 43
20.0
 44
420.0
 45
297.0
 46
0.0
 47
0.0
 48
0.0
 49
0.0
140
0.0
141
0.0
142
1.0
143
1.0
 70
0
 72
1
 73
0
 74
5
  7

 75
16
 76
0
 77
2
 78
300
147
1.0
148
0.0
149
0.0
100
AcDbLayout
  1
Layout1
 70
1
 71
1
 10
0.0
 20
0.0
 11
420.0
 21
297.0
 12
0.0
 22
0.0
 32
0.0
 14
1e+20
 24
1e+20
 34
1e+20
 15
-1e+20
 25
-1e+20
 35
-1e+20
146
0.0
 13
0.0
 23
0.0
 33
0.0
 16
1.0
 26
0.0
 36
0.0
 17
0.0
 27
1.0
 37
0.0
 76
1
330
1B
  0
MATERIAL
  5
1F
102
{ACAD_REACTORS
330
E
102
}
330
E
100
AcDbMaterial
  1
ByBlock
  2

 70
0
 40
1.0
 71
1
 41
1.0
 91
-1023410177
 42
1.0
 72
1
  3

 73
1
 74
1
 75
1
 44
0.5
 73
0
 45
1.0
 46
1.0
 77
1
  4

 78
1
 79
1
170
1
 48
1.0
171
1
  6

172
1
173
1
174
1
140
1.0
141
1.0
175
1
  7

176
1
177
1
178
1
143
1.0
179
1
  8

270
1
271
1
272
1
145
1.0
146
1.0
273
1
  9

274
1
275
1
276
1
 42
1.0
 72
1
  3

 73
1
 74
1
 75
1
 94
63
  0
MATERIAL
  5
20
102
{ACAD_REACTORS
330
E
102
}
330
E
100
AcDbMaterial
  1
ByLayer
  2

 70
0
 40
1.0
 71
1
 41
1.0
 91
-1023410177
 42
1.0
 72
1
  3

 73
1
 74
1
 75
1
 44
0.5
 73
0
 45
1.0
 46
1.0
 77
1
  4

 78
1
 79
1
170
1
 48
1.0
171
1
  6

172
1
173
1
174
1
140
1.0
141
1.0
175
1
  7

176
1
177
1
178
1
143
1.0
179
1
  8

270
1
271
1
272
1
145
1.0
146
1.0
273
1
  9

274
1
275
1
276
1
 42
1.0
 72
1
  3

 73
1
 74
1
 75
1
 94
63
  0
MATERIAL
  5
21
102
{ACAD_REACTORS
330
E
102
}
330
E
100
AcDbMaterial
  1
Global
  2

 70
0
 40
1.0
 71
1
 41
1.0
 91
-1023410177
 42
1.0
 72
1
  3

 73
1
 74
1
 75
1
 44
0.5
 73
0
 45
1.0
 46
1.0
 77
1
  4

 78
1
 79
1
170
1
 48
1.0
171
1
  6

172
1
173
1
174
1
140
1.0
141
1.0
175
1
  7

176
1
177
1
178
1
143
1.0
179
1
  8

270
1
271
1
272
1
145
1.0
146
1.0
273
1
  9

274
1
275
1
276
1
 42
1.0
 72
1
  3

 73
1
 74
1
 75
1
 94
63
  0
MLINESTYLE
  5
22
102
{ACAD_REACTORS
330
10
102
}
330
10
100
AcDbMlineStyle
  2
Standard
 70
0
  3

 62
256
 51
90.0
 52
90.0
 71
2
 49
0.5
 62
256
  6
BYLAYER
 49
-0.5
 62
256
  6
BYLAYER
  0
MLEADERSTYLE
  5
2C
102
{ACAD_REACTORS
330
F
102
}
330
F
100
AcDbMLeaderStyle
179
2
170
2
171
1
172
0
 90
2
 40
0.0
 41
0.0
173
1
 91
-1056964608
 92
-2
290
1
 42
2.0
291
1
 43
8.0
  3
Standard
 44
4.0
300

342
29
174
1
175
1
176
0
178
1
 93
-1056964608
 45
4.0
292
0
297
0
 46
4.0
 94
-1056964608
 47
1.0
 49
1.0
140
1.0
294
1
141
0.0
177
0
142
1.0
295
0
296
0
143
3.75
271
0
272
9
273
9
  0
DICTIONARY
  5
2D
330
A
100
AcDbDictionary
280
1
281
1
  3
CREATED_BY_EZDXF
350
2E
  3
WRITTEN_BY_EZDXF
350
4D7
  0
DICTIONARYVAR
  5
2E
330
2D
100
DictionaryVariables
280
0
  1
1.4.4 @ 2026-10-08T17:36:49.206035+00:00
  0
VISUALSTYLE
  5
5A
102
{ACAD_REACTORS
330
16
102
}
330
16
100
AcDbVisualStyle
  2
2dWireframe
 70
4
177
3
291
0
 70
58
 90
2
176
1
 90
2
176
1
 90
0
176
1
 90
0
176
1
 40
0.6
176
1
 40
30.0
176
1
 62
7
420
16777215
176
1
 90
1
176
1
 90
4
176
1
 62
7
176
1
 62
257
176
1
 90
1
176
1
 90
1
176
1
 40
1.0
176
1
 90
8
176
1
 62
7
176
1
 40
1.0
176
1
 90
1
176
1
 90
6
176
1
 90
2
176
1
 62
7
176
1
 90
5
176
1
 90
0
176
1
 90
0
176
1
290
0
176
1
 90
1
176
1
 40
0.0
176
1
 90
0
176
1
290
1
176
1
290
1
176
1
290
0
176
1
290
0
176
1
290
0
176
1
290
0
176
1
290
0
176
1
290
0
176
1
290
0
176
1
 90
50
176
1
 40
0.0
176
1
 40
1.0
176
1
 90
0
176
1
 62
18
420
0
176
1
 90
50
176
1
 90
3
176
1
 62
5
420
255
176
1
290
0
176
1
 90
50
176
1
 90
50
176
1
 90
50
176
1
290
0
176
1
 90
50
176
1
 62
256
176
0
 40
1.0
176
0
 90
2
176
1
  1
strokes_ogs.tif
176
1
290
0
176
1
 40
1.0
176
1
 40
1.0
176
1
  0
VISUALSTYLE
  5
5B
102
{ACAD_REACTORS
330
16
102
}
330
16
100
AcDbVisualStyle
  2
Basic
 70
7
177
3
291
1
 70
58
 90
2
176
1
 90
2
176
1
 90
0
176
1
 90
1
176
1
 40
0.6
176
1
 40
30.0
176
1
 62
7
420
16777215
176
1
 90
1
176
1
 90
4
176
1
 62
7
176
1
 62
257
176
1
 90
1
176
1
 90
1
176
1
 40
1.0
176
1
 90
8
176
1
 62
7
176
1
 40
1.0
176
1
 90
1
176
1
 90
6
176
1
 90
2
176
1
 62
7
176
1
 90
5
176
1
 90
0
176
1
 90
0
176
1
290
0
176
1
 90
1
176
1
 40
0.0
176
1
 90
0
176
1
290
0
176
1
290
1
176
1
290
1
176
1
290
0
176
1
290
0
176
1
290
0
176
1
290
0
176
1
290
0
176
1
290
0
176
1
 90
50
176
1
 40
0.0
176
1
 40
1.0
176
1
 90
0
176
1
 62
18
420
0
176
1
 90
50
176
1
 90
3
176
1
 62
5
420
255
176
1
290
0
176
1
 90
50
176
1
 90
50
176
1
 90
50
176
1
290
0
176
1
 90
50
176
1
 62
256
176
0
 40
1.0
176
0
 90
2
176
1
  1
strokes_ogs.tif
176
1
290
0
176
1
 40
1.0
176
1
 40
1.0
176
1
  0
VISUALSTYLE
  5
5C
102
{ACAD_REACTORS
330
16
102
}
330
16
100
AcDbVisualStyle
  2
Brighten
 70
12
177
3
291
1
 70
58
 90
2
176
1
 90
2
176
1
 90
0
176
1
 90
2
176
1
 40
0.6
176
1
 40
30.0
176
1
 62
7
420
16777215
176
1
 90
1
176
1
 90
4
176
1
 62
7
176
1
 62
257
176
1
 90
1
176
1
 90
1
176
1
 40
1.0
176
1
 90
8
176
1
 62
7
176
1
 40
1.0
176
1
 90
1
176
1
 90
6
176
1
 90
2
176
1
 62
7
176
1
 90
5
176
1
 90
0
176
1
 90
0
176
1
290
0
176
1
 90
1
176
1
 40
0.0
176
1
 90
0
176
1
290
0
176
1
290
1
176
1
290
1
176
1
290
0
176
1
290
0
176
1
290
0
176
1
290
0
176
1
290
0
176
1
290
0
176
1
 90
50
176
1
 40
0.0
176
1
 40
1.0
176
1
 90
0
176
1
 62
18
420
0
176
1
 90
50
176
1
 90
3
176
1
 62
5
420
255
176
1
290
0
176
1
 90
50
176
1
 90
50
176
1
 90
50
176
1
290
0
176
1
 90
50
176
1
 62
256
176
0
 40
1.0
176
0
 90
2
176
1
  1
strokes_ogs.tif
176
1
290
0
176
1
 40
1.0
176
1
 40
1.0
176
1
  0
VISUALSTYLE
  5
5D
102
{ACAD_REACTORS
330
16
102
}
330
16
100
AcDbVisualStyle
  2
ColorChange
 70
16
177
3
291
1
 70
58
 90
2
176
1
 90
2
176
1
 90
0
176
1
 90
2
176
1
 40
0.6
176
1
 40
30.0
176
1
 62
7
420
16777215
176
1
 90
1
176
1
 90
4
176
1
 62
7
176
1
 62
257
176
1
 90
1
176
1
 90
1
176
1
 40
1.0
176
1
 90
8
176
1
 62
7
176
1
 40
1.0
176
1
 90
1
176
1
 90
6
176
1
 90
2
176
1
 62
7
176
1
 90
5
176
1
 90
0
176
1
 90
0
176
1
290
0
176
1
 90
1
176
1
 40
0.0
176
1
 90
0
176
1
290
0
176
1
290
1
176
1
290
1
176
1
290
0
176
1
290
0
176
1
290
0
176
1
290
0
176
1
290
0
176
1
290
0
176
1
 90
50
176
1
 40
0.0
176
1
 40
1.0
176
1
 90
0
176
1
 62
18
420
0
176
1
 90
50
176
1
 90
3
176
1
 62
5
420
255
176
1
290
0
176
1
 90
50
176
1
 90
50
176
1
 90
50
176
1
290
0
176
1
 90
50
176
1
 62
256
176
0
 40
1.0
176
0
 90
2
176
1
  1
strokes_ogs.tif
176
1
290
0
176
1
 40
1.0
176
1
 40
1.0
176
1
  0
VISUALSTYLE
  5
5E
102
{ACAD_REACTORS
330
16
102
}
330
16
100
AcDbVisualStyle
  2
Conceptual
 70
9
177
3
291
0
 70
58
 90
2
176
1
 90
2
176
1
 90
0
176
1
 90
3
176
1
 40
0.6
176
1
 40
30.0
176
1
 62
7
420
16777215
176
1
 90
1
176
1
 90
4
176
1
 62
7
176
1
 62
257
176
1
 90
1
176
1
 90
1
176
1
 40
1.0
176
1
 90
8
176
1
 62
7
176
1
 40
1.0
176
1
 90
1
176
1
 90
6
176
1
 90
2
176
1
 62
7
176
1
 90
5
176
1
 90
0
176
1
 90
0
176
1
290
0
176
1
 90
1
176
1
 40
0.0
176
1
 90
0
176
1
290
0
176
1
290
1
176
1
290
1
176
1
290
0
176
1
290
0
176
1
290
0
176
1
290
0
176
1
290
0
176
1
290
0
176
1
 90
50
176
1
 40
0.0
176
1
 40
1.0
176
1
 90
0
176
1
 62
18
420
0
176
1
 90
50
176
1
 90
3
176
1
 62
5
420
255
176
1
290
0
176
1
 90
50
176
1
 90
50
176
1
 90
50
176
1
290
0
176
1
 90
50
176
1
 62
256
176
0
 40
1.0
176
0
 90
2
176
1
  1
strokes_ogs.tif
176
1
290
0
176
1
 40
1.0
176
1
 40
1.0
176
1
  0
VISUALSTYLE
  5
5F
102
{ACAD_REACTORS
330
16
102
}
330
16
100
AcDbVisualStyle
  2
Dim
 70
11
177
3
291
1
 70
58
 90
2
176
1
 90
2
176
1
 90
0
176
1
 90
2
176
1
 40
0.6
176
1
 40
30.0
176
1
 62
7
420
16777215
176
1
 90
1
176
1
 90
4
176
1
 62
7
176
1
 62
257
176
1
 90
1
176
1
 90
1
176
1
 40
1.0
176
1
 90
8
176
1
 62
7
176
1
 40
1.0
176
1
 90
1
176
1
 90
6
176
1
 90
2
176
1
 62
7
176
1
 90
5
176
1
 90
0
176
1
 90
0
176
1
290
0
176
1
 90
1
176
1
 40
0.0
176
1
 90
0
176
1
290
0
176
1
290
1
176
1
290
1
176
1
290
0
176
1
290
0
176
1
290
0
176
1
290
0
176
1
290
0
176
1
290
0
176
1
 90
50
176
1
 40
0.0
176
1
 40
1.0
176
1
 90
0
176
1
 62
18
420
0
176
1
 90
50
176
1
 90
3
176
1
 62
5
420
255
176
1
290
0
176
1
 90
50
176
1
 90
50
176
1
 90
50
176
1
290
0
176
1
 90
50
176
1
 62
256
176
0
 40
1.0
176
0
 90
2
176
1
  1
strokes_ogs.tif
176
1
290
0
176
1
 40
1.0
176
1
 40
1.0
176
1
  0
VISUALSTYLE
  5
60
102
{ACAD_REACTORS
330
16
102
}
330
16
100
AcDbVisualStyle
  2
EdgeColorOff
 70
22
177
3
291
1
 70
58
 90
2
176
1
 90
2
176
1
 90
0
176
1
 90
2
176
1
 40
0.6
176
1
 40
30.0
176
1
 62
7
420
16777215
176
1
 90
1
176
1
 90
4
176
1
 62
7
176
1
 62
257
176
1
 90
1
176
1
 90
1
176
1
 40
1.0
176
1
 90
8
176
1
 62
7
176
1
 40
1.0
176
1
 90
1
176
1
 90
6
176
1
 90
2
176
1
 62
7
176
1
 90
5
176
1
 90
0
176
1
 90
0
176
1
290
0
176
1
 90
1
176
1
 40
0.0
176
1
 90
0
176
1
290
0
176
1
290
1
176
1
290
1
176
1
290
0
176
1
290
0
176
1
290
0
176
1
290
0
176
1
290
0
176
1
290
0
176
1
 90
50
176
1
 40
0.0
176
1
 40
1.0
176
1
 90
0
176
1
 62
18
420
0
176
1
 90
50
176
1
 90
3
176
1
 62
5
420
255
176
1
290
0
176
1
 90
50
176
1
 90
50
176
1
 90
50
176
1
290
0
176
1
 90
50
176
1
 62
256
176
0
 40
1.0
176
0
 90
2
176
1
  1
strokes_ogs.tif
176
1
290
0
176
1
 40
1.0
176
1
 40
1.0
176
1
  0
VISUALSTYLE
  5
61
102
{ACAD_REACTORS
330
16
102
}
330
16
100
AcDbVisualStyle
  2
Facepattern
 70
15
177
3
291
1
 70
58
 90
2
176
1
 90
2
176
1
 90
0
176
1
 90
2
176
1
 40
0.6
176
1
 40
30.0
176
1
 62
7
420
16777215
176
1
 90
1
176
1
 90
4
176
1
 62
7
176
1
 62
257
176
1
 90
1
176
1
 90
1
176
1
 40
1.0
176
1
 90
8
176
1
 62
7
176
1
 40
1.0
176
1
 90
1
176
1
 90
6
176
1
 90
2
176
1
 62
7
176
1
 90
5
176
1
 90
0
176
1
 90
0
176
1
290
0
176
1
 90
1
176
1
 40
0.0
176
1
 90
0
176
1
290
0
176
1
290
1
176
1
290
1
176
1
290
0
176
1
290
0
176
1
290
0
176
1
290
0
176
1
290
0
176
1
290
0
176
1
 90
50
176
1
 40
0.0
176
1
 40
1.0
176
1
 90
0
176
1
 62
18
420
0
176
1
 90
50
176
1
 90
3
176
1
 62
5
420
255
176
1
290
0
176
1
 90
50
176
1
 90
50
176
1
 90
50
176
1
290
0
176
1
 90
50
176
1
 62
256
176
0
 40
1.0
176
0
 90
2
176
1
  1
strokes_ogs.tif
176
1
290
0
176
1
 40
1.0
176
1
 40
1.0
176
1
  0
VISUALSTYLE
  5
62
102
{ACAD_REACTORS
330
16
102
}
330
16
100
AcDbVisualStyle
  2
Flat
 70
0
177
3
291
1
 70
58
 90
2
176
1
 90
2
176
1
 90
0
176
1
 90
2
176
1
 40
0.6
176
1
 40
30.0
176
1
 62
7
420
16777215
176
1
 90
1
176
1
 90
4
176
1
 62
7
176
1
 62
257
176
1
 90
1
176
1
 90
1
176
1
 40
1.0
176
1
 90
8
176
1
 62
7
176
1
 40
1.0
176
1
 90
1
176
1
 90
6
176
1
 90
2
176
1
 62
7
176
1
 90
5
176
1
 90
0
176
1
 90
0
176
1
290
0
176
1
 90
1
176
1
 40
0.0
176
1
 90
0
176
1
290
0
176
1
290
1
176
1
290
1
176
1
290
0
176
1
290
0
176
1
290
0
176
1
290
0
176
1
290
0
176
1
290
0
176
1
 90
50
176
1
 40
0.0
176
1
 40
1.0
176
1
 90
0
176
1
 62
18
420
0
176
1
 90
50
176
1
 90
3
176
1
 62
5
420
255
176
1
290
0
176
1
 90
50
176
1
 90
50
176
1
 90
50
176
1
290
0
176
1
 90
50
176
1
 62
256
176
0
 40
1.0
176
0
 90
2
176
1
  1
strokes_ogs.tif
176
1
290
0
176
1
 40
1.0
176
1
 40
1.0
176
1
  0
VISUALSTYLE
  5
63
102
{ACAD_REACTORS
330
16
102
}
330
16
100
AcDbVisualStyle
  2
FlatWithEdges
 70
1
177
3
291
1
 70
58
 90
2
176
1
 90
2
176
1
 90
0
176
1
 90
2
176
1
 40
0.6
176
1
 40
30.0
176
1
 62
7
420
16777215
176
1
 90
1
176
1
 90
4
176
1
 62
7
176
1
 62
257
176
1
 90
1
176
1
 90
1
176
1
 40
1.0
176
1
 90
8
176
1
 62
7
176
1
 40
1.0
176
1
 90
1
176
1
 90
6
176
1
 90
2
176
1
 62
7
176
1
 90
5
176
1
 90
0
176
1
 90
0
176
1
290
0
176
1
 90
1
176
1
 40
0.0
176
1
 90
0
176
1
290
0
176
1
290
1
176
1
290
1
176
1
290
0
176
1
290
0
176
1
290
0
176
1
290
0
176
1
290
0
176
1
290
0
176
1
 90
50
176
1
 40
0.0
176
1
 40
1.0
176
1
 90
0
176
1
 62
18
420
0
176
1
 90
50
176
1
 90
3
176
1
 62
5
420
255
176
1
290
0
176
1
 90
50
176
1
 90
50
176
1
 90
50
176
1
290
0
176
1
 90
50
176
1
 62
256
176
0
 40
1.0
176
0
 90
2
176
1
  1
strokes_ogs.tif
176
1
290
0
176
1
 40
1.0
176
1
 40
1.0
176
1
  0
VISUALSTYLE
  5
64
102
{ACAD_REACTORS
330
16
102
}
330
16
100
AcDbVisualStyle
  2
Gouraud
 70
2
177
3
291
1
 70
58
 90
2
176
1
 90
2
176
1
 90
0
176
1
 90
2
176
1
 40
0.6
176
1
 40
30.0
176
1
 62
7
420
16777215
176
1
 90
1
176
1
 90
4
176
1
 62
7
176
1
 62
257
176
1
 90
1
176
1
 90
1
176
1
 40
1.0
176
1
 90
8
176
1
 62
7
176
1
 40
1.0
176
1
 90
1
176
1
 90
6
176
1
 90
2
176
1
 62
7
176
1
 90
5
176
1
 90
0
176
1
 90
0
176
1
290
0
176
1
 90
1
176
1
 40
0.0
176
1
 90
0
176
1
290
0
176
1
290
1
176
1
290
1
176
1
290
0
176
1
290
0
176
1
290
0
176
1
290
0
176
1
290
0
176
1
290
0
176
1
 90
50
176
1
 40
0.0
176
1
 40
1.0
176
1
 90
0
176
1
 62
18
420
0
176
1
 90
50
176
1
 90
3
176
1
 62
5
420
255
176
1
290
0
176
1
 90
50
176
1
 90
50
176
1
 90
50
176
1
290
0
176
1
 90
50
176
1
 62
256
176
0
 40
1.0
176
0
 90
2
176
1
  1
strokes_ogs.tif
176
1
290
0
176
1
 40
1.0
176
1
 40
1.0
176
1
  0
VISUALSTYLE
  5
65
102
{ACAD_REACTORS
330
16
102
}
330
16
100
AcDbVisualStyle
  2
GouraudWithEdges
 70
3
177
3
291
1
 70
58
 90
2
176
1
 90
2
176
1
 90
0
176
1
 90
2
176
1
 40
0.6
176
1
 40
30.0
176
1
 62
7
420
16777215
176
1
 90
1
176
1
 90
4
176
1
 62
7
176
1
 62
257
176
1
 90
1
176
1
 90
1
176
1
 40
1.0
176
1
 90
8
176
1
 62
7
176
1
 40
1.0
176
1
 90
1
176
1
 90
6
176
1
 90
2
176
1
 62
7
176
1
 90
5
176
1
 90
0
176
1
 90
0
176
1
290
0
176
1
 90
1
176
1
 40
0.0
176
1
 90
0
176
1
290
0
176
1
290
1
176
1
290
1
176
1
290
0
176
1
290
0
176
1
290
0
176
1
290
0
176
1
290
0
176
1
290
0
176
1
 90
50
176
1
 40
0.0
176
1
 40
1.0
176
1
 90
0
176
1
 62
18
420
0
176
1
 90
50
176
1
 90
3
176
1
 62
5
420
255
176
1
290
0
176
1
 90
50
176
1
 90
50
176
1
 90
50
176
1
290
0
176
1
 90
50
176
1
 62
256
176
0
 40
1.0
176
0
 90
2
176
1
  1
strokes_ogs.tif
176
1
290
0
176
1
 40
1.0
176
1
 40
1.0
176
1
  0
VISUALSTYLE
  5
66
102
{ACAD_REACTORS
330
16
102
}
330
16
100
AcDbVisualStyle
  2
Hidden
 70
6
177
3
291
0
 70
58
 90
2
176
1
 90
2
176
1
 90
0
176
1
 90
1
176
1
 40
0.6
176
1
 40
30.0
176
1
 62
7
420
16777215
176
1
 90
1
176
1
 90
4
176
1
 62
7
176
1
 62
257
176
1
 90
1
176
1
 90
1
176
1
 40
1.0
176
1
 90
8
176
1
 62
7
176
1
 40
1.0
176
1
 90
1
176
1
 90
6
176
1
 90
2
176
1
 62
7
176
1
 90
5
176
1
 90
0
176
1
 90
0
176
1
290
0
176
1
 90
1
176
1
 40
0.0
176
1
 90
0
176
1
290
0
176
1
290
1
176
1
290
1
176
1
290
0
176
1
290
0
176
1
290
0
176
1
290
0
176
1
290
0
176
1
290
0
176
1
 90
50
176
1
 40
0.0
176
1
 40
1.0
176
1
 90
0
176
1
 62
18
420
0
176
1
 90
50
176
1
 90
3
176
1
 62
5
420
255
176
1
290
0
176
1
 90
50
176
1
 90
50
176
1
 90
50
176
1
290
0
176
1
 90
50
176
1
 62
256
176
0
 40
1.0
176
0
 90
2
176
1
  1
strokes_ogs.tif
176
1
290
0
176
1
 40
1.0
176
1
 40
1.0
176
1
  0
VISUALSTYLE
  5
67
102
{ACAD_REACTORS
330
16
102
}
330
16
100
AcDbVisualStyle
  2
JitterOff
 70
20
177
3
291
1
 70
58
 90
2
176
1
 90
2
176
1
 90
0
176
1
 90
2
176
1
 40
0.6
176
1
 40
30.0
176
1
 62
7
420
16777215
176
1
 90
1
176
1
 90
4
176
1
 62
7
176
1
 62
257
176
1
 90
1
176
1
 90
1
176
1
 40
1.0
176
1
 90
8
176
1
 62
7
176
1
 40
1.0
176
1
 90
1
176
1
 90
6
176
1
 90
2
176
1
 62
7
176
1
 90
5
176
1
 90
0
176
1
 90
0
176
1
290
0
176
1
 90
1
176
1
 40
0.0
176
1
 90
0
176
1
290
0
176
1
290
1
176
1
290
1
176
1
290
0
176
1
290
0
176
1
290
0
176
1
290
0
176
1
290
0
176
1
290
0
176
1
 90
50
176
1
 40
0.0
176
1
 40
1.0
176
1
 90
0
176
1
 62
18
420
0
176
1
 90
50
176
1
 90
3
176
1
 62
5
420
255
176
1
290
0
176
1
 90
50
176
1
 90
50
176
1
 90
50
176
1
290
0
176
1
 90
50
176
1
 62
256
176
0
 40
1.0
176
0
 90
2
176
1
  1
strokes_ogs.tif
176
1
290
0
176
1
 40
1.0
176
1
 40
1.0
176
1
  0
VISUALSTYLE
  5
68
102
{ACAD_REACTORS
330
16
102
}
330
16
100
AcDbVisualStyle
  2
Linepattern
 70
14
177
3
291
1
 70
58
 90
2
176
1
 90
2
176
1
 90
0
176
1
 90
2
176
1
 40
0.6
176
1
 40
30.0
176
1
 62
7
420
16777215
176
1
 90
1
176
1
 90
4
176
1
 62
7
176
1
 62
257
176
1
 90
1
176
1
 90
1
176
1
 40
1.0
176
1
 90
8
176
1
 62
7
176
1
 40
1.0
176
1
 90
1
176
1
 90
6
176
1
 90
2
176
1
 62
7
176
1
 90
5
176
1
 90
0
176
1
 90
0
176
1
290
0
176
1
 90
1
176
1
 40
0.0
176
1
 90
0
176
1
290
0
176
1
290
1
176
1
290
1
176
1
290
0
176
1
290
0
176
1
290
0
176
1
290
0
176
1
290
0
176
1
290
0
176
1
 90
50
176
1
 40
0.0
176
1
 40
1.0
176
1
 90
0
176
1
 62
18
420
0
176
1
 90
50
176
1
 90
3
176
1
 62
5
420
255
176
1
290
0
176
1
 90
50
176
1
 90
50
176
1
 90
50
176
1
290
0
176
1
 90
50
176
1
 62
256
176
0
 40
1.0
176
0
 90
2
176
1
  1
strokes_ogs.tif
176
1
290
0
176
1
 40
1.0
176
1
 40
1.0
176
1
  0
VISUALSTYLE
  5
69
102
{ACAD_REACTORS
330
16
102
}
330
16
100
AcDbVisualStyle
  2
Modeling
 70
10
177
3
291
0
 70
58
 90
2
176
1
 90
2
176
1
 90
0
176
1
 90
2
176
1
 40
0.6
176
1
 40
30.0
176
1
 62
7
420
16777215
176
1
 90
1
176
1
 90
4
176
1
 62
7
176
1
 62
257
176
1
 90
1
176
1
 90
1
176
1
 40
1.0
176
1
 90
8
176
1
 62
7
176
1
 40
1.0
176
1
 90
1
176
1
 90
6
176
1
 90
2
176
1
 62
7
176
1
 90
5
176
1
 90
0
176
1
 90
0
176
1
290
0
176
1
 90
1
176
1
 40
0.0
176
1
 90
0
176
1
290
0
176
1
290
1
176
1
290
1
176
1
290
0
176
1
290
0
176
1
290
0
176
1
290
0
176
1
290
0
176
1
290
0
176
1
 90
50
176
1
 40
0.0
176
1
 40
1.0
176
1
 90
0
176
1
 62
18
420
0
176
1
 90
50
176
1
 90
3
176
1
 62
5
420
255
176
1
290
0
176
1
 90
50
176
1
 90
50
176
1
 90
50
176
1
290
0
176
1
 90
50
176
1
 62
256
176
0
 40
1.0
176
0
 90
2
176
1
  1
strokes_ogs.tif
176
1
290
0
176
1
 40
1.0
176
1
 40
1.0
176
1
  0
VISUALSTYLE
  5
6A
102
{ACAD_REACTORS
330
16
102
}
330
16
100
AcDbVisualStyle
  2
OverhangOff
 70
21
177
3
291
1
 70
58
 90
2
176
1
 90
2
176
1
 90
0
176
1
 90
2
176
1
 40
0.6
176
1
 40
30.0
176
1
 62
7
420
16777215
176
1
 90
1
176
1
 90
4
176
1
 62
7
176
1
 62
257
176
1
 90
1
176
1
 90
1
176
1
 40
1.0
176
1
 90
8
176
1
 62
7
176
1
 40
1.0
176
1
 90
1
176
1
 90
6
176
1
 90
2
176
1
 62
7
176
1
 90
5
176
1
 90
0
176
1
 90
0
176
1
290
0
176
1
 90
1
176
1
 40
0.0
176
1
 90
0
176
1
290
0
176
1
290
1
176
1
290
1
176
1
290
0
176
1
290
0
176
1
290
0
176
1
290
0
176
1
290
0
176
1
290
0
176
1
 90
50
176
1
 40
0.0
176
1
 40
1.0
176
1
 90
0
176
1
 62
18
420
0
176
1
 90
50
176
1
 90
3
176
1
 62
5
420
255
176
1
290
0
176
1
 90
50
176
1
 90
50
176
1
 90
50
176
1
290
0
176
1
 90
50
176
1
 62
256
176
0
 40
1.0
176
0
 90
2
176
1
  1
strokes_ogs.tif
176
1
290
0
176
1
 40
1.0
176
1
 40
1.0
176
1
  0
VISUALSTYLE
  5
6B
102
{ACAD_REACTORS
330
16
102
}
330
16
100
AcDbVisualStyle
  2
Realistic
 70
8
177
3
291
0
 70
58
 90
2
176
1
 90
2
176
1
 90
0
176
1
 90
2
176
1
 40
0.6
176
1
 40
30.0
176
1
 62
7
420
16777215
176
1
 90
1
176
1
 90
4
176
1
 62
7
176
1
 62
257
176
1
 90
1
176
1
 90
1
176
1
 40
1.0
176
1
 90
8
176
1
 62
7
176
1
 40
1.0
176
1
 90
1
176
1
 90
6
176
1
 90
2
176
1
 62
7
176
1
 90
5
176
1
 90
0
176
1
 90
0
176
1
290
0
176
1
 90
1
176
1
 40
0.0
176
1
 90
0
176
1
290
0
176
1
290
1
176
1
290
1
176
1
290
0
176
1
290
0
176
1
290
0
176
1
290
0
176
1
290
0
176
1
290
0
176
1
 90
50
176
1
 40
0.0
176
1
 40
1.0
176
1
 90
0
176
1
 62
18
420
0
176
1
 90
50
176
1
 90
3
176
1
 62
5
420
255
176
1
290
0
176
1
 90
50
176
1
 90
50
176
1
 90
50
176
1
290
0
176
1
 90
50
176
1
 62
256
176
0
 40
1.0
176
0
 90
2
176
1
  1
strokes_ogs.tif
176
1
290
0
176
1
 40
1.0
176
1
 40
1.0
176
1
  0
VISUALSTYLE
  5
6C
102
{ACAD_REACTORS
330
16
102
}
330
16
100
AcDbVisualStyle
  2
Shaded
 70
27
177
3
291
0
 70
58
 90
2
176
1
 90
2
176
1
 90
0
176
1
 90
2
176
1
 40
0.6
176
1
 40
30.0
176
1
 62
7
420
16777215
176
1
 90
1
176
1
 90
4
176
1
 62
7
176
1
 62
257
176
1
 90
1
176
1
 90
1
176
1
 40
1.0
176
1
 90
8
176
1
 62
7
176
1
 40
1.0
176
1
 90
1
176
1
 90
6
176
1
 90
2
176
1
 62
7
176
1
 90
5
176
1
 90
0
176
1
 90
0
176
1
290
0
176
1
 90
1
176
1
 40
0.0
176
1
 90
0
176
1
290
0
176
1
290
1
176
1
290
1
176
1
290
0
176
1
290
0
176
1
290
0
176
1
290
0
176
1
290
0
176
1
290
0
176
1
 90
50
176
1
 40
0.0
176
1
 40
1.0
176
1
 90
0
176
1
 62
18
420
0
176
1
 90
50
176
1
 90
3
176
1
 62
5
420
255
176
1
290
0
176
1
 90
50
176
1
 90
50
176
1
 90
50
176
1
290
0
176
1
 90
50
176
1
 62
256
176
0
 40
1.0
176
0
 90
2
176
1
  1
strokes_ogs.tif
176
1
290
0
176
1
 40
1.0
176
1
 40
1.0
176
1
  0
VISUALSTYLE
  5
6D
102
{ACAD_REACTORS
330
16
102
}
330
16
100
AcDbVisualStyle
  2
Shaded with edges
 70
26
177
3
291
0
 70
58
 90
2
176
1
 90
2
176
1
 90
0
176
1
 90
2
176
1
 40
0.6
176
1
 40
30.0
176
1
 62
7
420
16777215
176
1
 90
1
176
1
 90
4
176
1
 62
7
176
1
 62
257
176
1
 90
1
176
1
 90
1
176
1
 40
1.0
176
1
 90
8
176
1
 62
7
176
1
 40
1.0
176
1
 90
1
176
1
 90
6
176
1
 90
2
176
1
 62
7
176
1
 90
5
176
1
 90
0
176
1
 90
0
176
1
290
0
176
1
 90
1
176
1
 40
0.0
176
1
 90
0
176
1
290
0
176
1
290
1
176
1
290
1
176
1
290
0
176
1
290
0
176
1
290
0
176
1
290
0
176
1
290
0
176
1
290
0
176
1
 90
50
176
1
 40
0.0
176
1
 40
1.0
176
1
 90
0
176
1
 62
18
420
0
176
1
 90
50
176
1
 90
3
176
1
 62
5
420
255
176
1
290
0
176
1
 90
50
176
1
 90
50
176
1
 90
50
176
1
290
0
176
1
 90
50
176
1
 62
256
176
0
 40
1.0
176
0
 90
2
176
1
  1
strokes_ogs.tif
176
1
290
0
176
1
 40
1.0
176
1
 40
1.0
176
1
  0
VISUALSTYLE
  5
6E
102
{ACAD_REACTORS
330
16
102
}
330
16
100
AcDbVisualStyle
  2
Shades of Gray
 70
23
177
3
291
0
 70
58
 90
2
176
1
 90
2
176
1
 90
0
176
1
 90
2
176
1
 40
0.6
176
1
 40
30.0
176
1
 62
7
420
16777215
176
1
 90
1
176
1
 90
4
176
1
 62
7
176
1
 62
257
176
1
 90
1
176
1
 90
1
176
1
 40
1.0
176
1
 90
8
176
1
 62
7
176
1
 40
1.0
176
1
 90
1
176
1
 90
6
176
1
 90
2
176
1
 62
7
176
1
 90
5
176
1
 90
0
176
1
 90
0
176
1
290
0
176
1
 90
1
176
1
 40
0.0
176
1
 90
0
176
1
290
0
176
1
290
1
176
1
290
1
176
1
290
0
176
1
290
0
176
1
290
0
176
1
290
0
176
1
290
0
176
1
290
0
176
1
 90
50
176
1
 40
0.0
176
1
 40
1.0
176
1
 90
0
176
1
 62
18
420
0
176
1
 90
50
176
1
 90
3
176
1
 62
5
420
255
176
1
290
0
176
1
 90
50
176
1
 90
50
176
1
 90
50
176
1
290
0
176
1
 90
50
176
1
 62
256
176
0
 40
1.0
176
0
 90
2
176
1
  1
strokes_ogs.tif
176
1
290
0
176
1
 40
1.0
176
1
 40
1.0
176
1
  0
VISUALSTYLE
  5
6F
102
{ACAD_REACTORS
330
16
102
}
330
16
100
AcDbVisualStyle
  2
Sketchy
 70
24
177
3
291
0
 70
58
 90
2
176
1
 90
2
176
1
 90
0
176
1
 90
1
176
1
 40
0.6
176
1
 40
30.0
176
1
 62
7
420
16777215
176
1
 90
1
176
1
 90
4
176
1
 62
7
176
1
 62
257
176
1
 90
1
176
1
 90
1
176
1
 40
1.0
176
1
 90
8
176
1
 62
7
176
1
 40
1.0
176
1
 90
1
176
1
 90
6
176
1
 90
2
176
1
 62
7
176
1
 90
5
176
1
 90
0
176
1
 90
0
176
1
290
0
176
1
 90
1
176
1
 40
0.0
176
1
 90
0
176
1
290
0
176
1
290
1
176
1
290
1
176
1
290
0
176
1
290
0
176
1
290
0
176
1
290
0
176
1
290
0
176
1
290
0
176
1
 90
50
176
1
 40
0.0
176
1
 40
1.0
176
1
 90
0
176
1
 62
18
420
0
176
1
 90
50
176
1
 90
3
176
1
 62
5
420
255
176
1
290
0
176
1
 90
50
176
1
 90
50
176
1
 90
50
176
1
290
0
176
1
 90
50
176
1
 62
256
176
0
 40
1.0
176
0
 90
2
176
1
  1
strokes_ogs.tif
176
1
290
0
176
1
 40
1.0
176
1
 40
1.0
176
1
  0
VISUALSTYLE
  5
70
102
{ACAD_REACTORS
330
16
102
}
330
16
100
AcDbVisualStyle
  2
Thicken
 70
13
177
3
291
1
 70
58
 90
2
176
1
 90
2
176
1
 90
0
176
1
 90
2
176
1
 40
0.6
176
1
 40
30.0
176
1
 62
7
420
16777215
176
1
 90
1
176
1
 90
4
176
1
 62
7
176
1
 62
257
176
1
 90
1
176
1
 90
1
176
1
 40
1.0
176
1
 90
8
176
1
 62
7
176
1
 40
1.0
176
1
 90
1
176
1
 90
6
176
1
 90
2
176
1
 62
7
176
1
 90
5
176
1
 90
0
176
1
 90
0
176
1
290
0
176
1
 90
1
176
1
 40
0.0
176
1
 90
0
176
1
290
0
176
1
290
1
176
1
290
1
176
1
290
0
176
1
290
0
176
1
290
0
176
1
290
0
176
1
290
0
176
1
290
0
176
1
 90
50
176
1
 40
0.0
176
1
 40
1.0
176
1
 90
0
176
1
 62
18
420
0
176
1
 90
50
176
1
 90
3
176
1
 62
5
420
255
176
1
290
0
176
1
 90
50
176
1
 90
50
176
1
 90
50
176
1
290
0
176
1
 90
50
176
1
 62
256
176
0
 40
1.0
176
0
 90
2
176
1
  1
strokes_ogs.tif
176
1
290
0
176
1
 40
1.0
176
1
 40
1.0
176
1
  0
VISUALSTYLE
  5
71
102
{ACAD_REACTORS
330
16
102
}
330
16
100
AcDbVisualStyle
  2
Wireframe
 70
5
177
3
291
0
 70
58
 90
2
176
1
 90
2
176
1
 90
0
176
1
 90
0
176
1
 40
0.6
176
1
 40
30.0
176
1
 62
7
420
16777215
176
1
 90
1
176
1
 90
4
176
1
 62
7
176
1
 62
257
176
1
 90
1
176
1
 90
1
176
1
 40
1.0
176
1
 90
8
176
1
 62
7
176
1
 40
1.0
176
1
 90
1
176
1
 90
6
176
1
 90
2
176
1
 62
7
176
1
 90
5
176
1
 90
0
176
1
 90
0
176
1
290
0
176
1
 90
1
176
1
 40
0.0
176
1
 90
0
176
1
290
0
176
1
290
1
176
1
290
1
176
1
290
0
176
1
290
0
176
1
290
0
176
1
290
0
176
1
290
0
176
1
290
0
176
1
 90
50
176
1
 40
0.0
176
1
 40
1.0
176
1
 90
0
176
1
 62
18
420
0
176
1
 90
50
176
1
 90
3
176
1
 62
5
420
255
176
1
290
0
176
1
 90
50
176
1
 90
50
176
1
 90
50
176
1
290
0
176
1
 90
50
176
1
 62
256
176
0
 40
1.0
176
0
 90
2
176
1
  1
strokes_ogs.tif
176
1
290
0
176
1
 40
1.0
176
1
 40
1.0
176
1
  0
VISUALSTYLE
  5
72
102
{ACAD_REACTORS
330
16
102
}
330
16
100
AcDbVisualStyle
  2
X-Ray
 70
25
177
3
291
0
 70
58
 90
2
176
1
 90
2
176
1
 90
0
176
1
 90
2
176
1
 40
0.5
176
1
 40
30.0
176
1
 62
7
420
16777215
176
1
 90
1
176
1
 90
4
176
1
 62
7
176
1
 62
257
176
1
 90
1
176
1
 90
1
176
1
 40
1.0
176
1
 90
8
176
1
 62
7
176
1
 40
1.0
176
1
 90
1
176
1
 90
6
176
1
 90
2
176
1
 62
7
176
1
 90
5
176
1
 90
0
176
1
 90
0
176
1
290
0
176
1
 90
1
176
1
 40
0.0
176
1
 90
0
176
1
290
0
176
1
290
1
176
1
290
1
176
1
290
0
176
1
290
0
176
1
290
0
176
1
290
0
176
1
290
0
176
1
290
0
176
1
 90
50
176
1
 40
0.0
176
1
 40
1.0
176
1
 90
0
176
1
 62
18
420
0
176
1
 90
50
176
1
 90
3
176
1
 62
5
420
255
176
1
290
0
176
1
 90
50
176
1
 90
50
176
1
 90
50
176
1
290
0
176
1
 90
50
176
1
 62
256
176
0
 40
1.0
176
0
 90
2
176
1
  1
strokes_ogs.tif
176
1
290
0
176
1
 40
1.0
176
1
 40
1.0
176
1
  0
DICTIONARYVAR
  5
4D7
330
2D
100
DictionaryVariables
280
0
  1
1.4.4 @ 2026-10-08T17:36:49.244293+00:00
  0
ENDSEC
  0
EOF
