  0
SECTION
  2
HEADER
  9
$ACADVER
  1
AC1032
  9
$ACADMAINTVER
 90
4
  9
$DWGCODEPAGE
  3
ANSI_1252
  9
$LASTSAVEDBY
  1
ezdxf
  9
$REQUIREDVERSIONS
160
0
  9
$INSBASE
 10
0.0
 20
0.0
 30
0.0
  9
$EXTMIN
 10
1e+20
 20
1e+20
 30
1e+20
  9
$EXTMAX
 10
-1e+20
 20
-1e+20
 30
-1e+20
  9
$LIMMIN
 10
0.0
 20
0.0
  9
$LIMMAX
 10
420.0
 20
297.0
  9
$ORTHOMODE
 70
0
  9
$REGENMODE
 70
1
  9
$FILLMODE
 70
1
  9
$QTEXTMODE
 70
0
  9
$MIRRTEXT
 70
1
  9
$LTSCALE
 40
1.0
  9
$ATTMODE
 70
1
  9
$TEXTSIZE
 40
2.5
  9
$TRACEWID
 40
1.0
  9
$TEXTSTYLE
  7
OpenSans
  9
$CLAYER
  8
0
  9
$CELTYPE
  6
ByLayer
  9
$CECOLOR
 62
256
  9
$CELTSCALE
 40
1.0
  9
$DISPSILH
 70
0
  9
$DIMSCALE
 40
1.0
  9
$DIMASZ
 40
0.175
  9
$DIMEXO
 40
0.125
  9
$DIMDLI
 40
3.75
  9
$DIMRND
 40
0.0
  9
$DIMDLE
 40
0.0
  9
$DIMEXE
 40
0.375
  9
$DIMTP
 40
0.0
  9
$DIMTM
 40
0.0
  9
$DIMTXT
 40
0.25
  9
$DIMCEN
 40
2.5
  9
$DIMTSZ
 40
0.0
  9
$DIMTOL
 70
0
  9
$DIMLIM
 70
0
  9
$DIMTIH
 70
0
  9
$DIMTOH
 70
0
  9
$DIMSE1
 70
0
  9
$DIMSE2
 70
0
  9
$DIMTAD
 70
1
  9
$DIMZIN
 70
12
  9
$DIMBLK
  1
ARCHTICK
  9
$DIMASO
 70
1
  9
$DIMSHO
 70
1
  9
$DIMPOST
  1

  9
$DIMAPOST
  1

  9
$DIMALT
 70
0
  9
$DIMALTD
 70
3
  9
$DIMALTF
 40
0.03937007874
  9
$DIMLFAC
 40
100.0
  9
$DIMTOFL
 70
1
  9
$DIMTVP
 40
0.0
  9
$DIMTIX
 70
0
  9
$DIMSOXD
 70
0
  9
$DIMSAH
 70
0
  9
$DIMBLK1
  1

  9
$DIMBLK2
  1

  9
$DIMSTYLE
  2
EZDXF
  9
$DIMCLRD
 70
0
  9
$DIMCLRE
 70
0
  9
$DIMCLRT
 70
0
  9
$DIMTFAC
 40
0.5
  9
$DIMGAP
 40
0.1
  9
$DIMJUST
 70
0
  9
$DIMSD1
 70
0
  9
$DIMSD2
 70
0
  9
$DIMTOLJ
 70
0
  9
$DIMTZIN
 70
8
  9
$DIMALTZ
 70
0
  9
$DIMALTTZ
 70
0
  9
$DIMUPT
 70
1
  9
$DIMDEC
 70
2
  9
$DIMTDEC
 70
2
  9
$DIMALTU
 70
2
  9
$DIMALTTD
 70
3
  9
$DIMTXSTY
  7
OpenSansCondensed-Light
  9
$DIMAUNIT
 70
0
  9
$DIMADEC
 70
2
  9
$DIMALTRND
 40
0.0
  9
$DIMAZIN
 70
3
  9
$DIMDSEP
 70
46
  9
$DIMATFIT
 70
3
  9
$DIMFRAC
 70
0
  9
$DIMLDRBLK
  1

  9
$DIMLUNIT
 70
2
  9
$DIMLWD
 70
-2
  9
$DIMLWE
 70
-2
  9
$DIMTMOVE
 70
2
  9
$DIMFXL
 40
1.0
  9
$DIMFXLON
 70
0
  9
$DIMJOGANG
 40
0.785398163397
  9
$DIMTFILL
 70
0
  9
$DIMTFILLCLR
 70
0
  9
$DIMARCSYM
 70
0
  9
$DIMLTYPE
  6

  9
$DIMLTEX1
  6

  9
$DIMLTEX2
  6

  9
$DIMTXTDIRECTION
 70
0
  9
$LUNITS
 70
2
  9
$LUPREC
 70
4
  9
$SKETCHINC
 40
1.0
  9
$FILLETRAD
 40
10.0
  9
$AUNITS
 70
0
  9
$AUPREC
 70
2
  9
$MENU
  1
.
  9
$ELEVATION
 40
0.0
  9
$PELEVATION
 40
0.0
  9
$THICKNESS
 40
0.0
  9
$LIMCHECK
 70
0
  9
$CHAMFERA
 40
0.0
  9
$CHAMFERB
 40
0.0
  9
$CHAMFERC
 40
0.0
  9
$CHAMFERD
 40
0.0
  9
$SKPOLY
 70
0
  9
$TDCREATE
 40
2461322.7343055555
  9
$TDUCREATE
 40
2458532.153996898
  9
$TDUPDATE
 40
2461322.7343055555
  9
$TDUUPDATE
 40
2458532.1544311
  9
$TDINDWG
 40
0.0
  9
$TDUSRTIMER
 40
0.0
  9
$USRTIMER
 70
1
  9
$ANGBASE
 50
0.0
  9
$ANGDIR
 70
0
  9
$PDMODE
 70
0
  9
$PDSIZE
 40
0.0
  9
$PLINEWID
 40
0.0
  9
$SPLFRAME
 70
0
  9
$SPLINETYPE
 70
6
  9
$SPLINESEGS
 70
8
  9
$HANDSEED
  5
57F
  9
$SURFTAB1
 70
6
  9
$SURFTAB2
 70
6
  9
$SURFTYPE
 70
6
  9
$SURFU
 70
6
  9
$SURFV
 70
6
  9
$UCSBASE
  2

  9
$UCSNAME
  2

  9
$UCSORG
 10
0.0
 20
0.0
 30
0.0
  9
$UCSXDIR
 10
1.0
 20
0.0
 30
0.0
  9
$UCSYDIR
 10
0.0
 20
1.0
 30
0.0
  9
$UCSORTHOREF
  2

  9
$UCSORTHOVIEW
 70
0
  9
$UCSORGTOP
 10
0.0
 20
0.0
 30
0.0
  9
$UCSORGBOTTOM
 10
0.0
 20
0.0
 30
0.0
  9
$UCSORGLEFT
 10
0.0
 20
0.0
 30
0.0
  9
$UCSORGRIGHT
 10
0.0
 20
0.0
 30
0.0
  9
$UCSORGFRONT
 10
0.0
 20
0.0
 30
0.0
  9
$UCSORGBACK
 10
0.0
 20
0.0
 30
0.0
  9
$PUCSBASE
  2

  9
$PUCSNAME
  2

  9
$PUCSORG
 10
0.0
 20
0.0
 30
0.0
  9
$PUCSXDIR
 10
1.0
 20
0.0
 30
0.0
  9
$PUCSYDIR
 10
0.0
 20
1.0
 30
0.0
  9
$PUCSORTHOREF
  2

  9
$PUCSORTHOVIEW
 70
0
  9
$PUCSORGTOP
 10
0.0
 20
0.0
 30
0.0
  9
$PUCSORGBOTTOM
 10
0.0
 20
0.0
 30
0.0
  9
$PUCSORGLEFT
 10
0.0
 20
0.0
 30
0.0
  9
$PUCSORGRIGHT
 10
0.0
 20
0.0
 30
0.0
  9
$PUCSORGFRONT
 10
0.0
 20
0.0
 30
0.0
  9
$PUCSORGBACK
 10
0.0
 20
0.0
 30
0.0
  9
$USERI1
 70
0
  9
$USERI2
 70
0
  9
$USERI3
 70
0
  9
$USERI4
 70
0
  9
$USERI5
 70
0
  9
$USERR1
 40
0.0
  9
$USERR2
 40
0.0
  9
$USERR3
 40
0.0
  9
$USERR4
 40
0.0
  9
$USERR5
 40
0.0
  9
$WORLDVIEW
 70
1
  9
$SHADEDGE
 70
3
  9
$SHADEDIF
 70
70
  9
$TILEMODE
 70
1
  9
$MAXACTVP
 70
64
  9
$PINSBASE
 10
0.0
 20
0.0
 30
0.0
  9
$PLIMCHECK
 70
0
  9
$PEXTMIN
 10
1e+20
 20
1e+20
 30
1e+20
  9
$PEXTMAX
 10
-1e+20
 20
-1e+20
 30
-1e+20
  9
$PLIMMIN
 10
0.0
 20
0.0
  9
$PLIMMAX
 10
420.0
 20
297.0
  9
$UNITMODE
 70
0
  9
$VISRETAIN
 70
1
  9
$PLINEGEN
 70
0
  9
$PSLTSCALE
 70
1
  9
$TREEDEPTH
 70
3020
  9
$CMLSTYLE
  2
Standard
  9
$CMLJUST
 70
0
  9
$CMLSCALE
 40
20.0
  9
$PROXYGRAPHICS
 70
1
  9
$MEASUREMENT
 70
1
  9
$CELWEIGHT
370
-1
  9
$ENDCAPS
280
0
  9
$JOINSTYLE
280
0
  9
$LWDISPLAY
290
0
  9
$INSUNITS
 70
4
  9
$HYPERLINKBASE
  1

  9
$STYLESHEET
  1

  9
$XEDIT
290
1
  9
$CEPSNTYPE
380
0
  9
$PSTYLEMODE
290
1
  9
$FINGERPRINTGUID
  2
{B72BBE2A-B1A5-4F94-A9E8-100C0893B2E6}
  9
$VERSIONGUID
  2
{D53151D1-7286-4555-9CD5-D930F1D1C527}
  9
$EXTNAMES
290
1
  9
$PSVPSCALE
 40
0.0
  9
$OLESTARTUP
290
0
  9
$SORTENTS
280
127
  9
$INDEXCTL
280
0
  9
$HIDETEXT
280
1
  9
$XCLIPFRAME
280
1
  9
$HALOGAP
280
0
  9
$OBSCOLOR
 70
257
  9
$OBSLTYPE
280
0
  9
$INTERSECTIONDISPLAY
280
0
  9
$INTERSECTIONCOLOR
 70
257
  9
$DIMASSOC
280
2
  9
$PROJECTNAME
  1

  9
$CAMERADISPLAY
290
0
  9
$LENSLENGTH
 40
50.0
  9
$CAMERAHEIGHT
 40
0.0
  9
$STEPSPERSEC
 40
24.0
  9
$STEPSIZE
 40
100.0
  9
$3DDWFPREC
 40
2.0
  9
$PSOLWIDTH
 40
0.005
  9
$PSOLHEIGHT
 40
0.08
  9
$LOFTANG1
 40
1.570796326795
  9
$LOFTANG2
 40
1.570796326795
  9
$LOFTMAG1
 40
0.0
  9
$LOFTMAG2
 40
0.0
  9
$LOFTPARAM
 70
7
  9
$LOFTNORMALS
280
1
  9
$LATITUDE
 40
37.795
  9
$LONGITUDE
 40
-122.394
  9
$NORTHDIRECTION
 40
0.0
  9
$TIMEZONE
 70
-8000
  9
$LIGHTGLYPHDISPLAY
280
1
  9
$TILEMODELIGHTSYNCH
280
1
  9
$CMATERIAL
347
20
  9
$SOLIDHIST
280
0
  9
$SHOWHIST
280
1
  9
$DWFFRAME
280
2
  9
$DGNFRAME
280
2
  9
$REALWORLDSCALE
290
1
  9
$INTERFERECOLOR
 62
256
  9
$CSHADOW
280
0
  9
$SHADOWPLANELOCATION
 40
0.0
  0
ENDSEC
  0
SECTION
  2
CLASSES
  0
CLASS
  1
ACDBDICTIONARYWDFLT
  2
AcDbDictionaryWithDefault
  3
ObjectDBX Classes
 90
0
 91
0
280
0
281
0
  0
CLASS
  1
SUN
  2
AcDbSun
  3
SCENEOE
 90
1153
 91
0
280
0
281
0
  0
CLASS
  1
VISUALSTYLE
  2
AcDbVisualStyle
  3
ObjectDBX Classes
 90
4095
 91
0
280
0
281
0
  0
CLASS
  1
MATERIAL
  2
AcDbMaterial
  3
ObjectDBX Classes
 90
1153
 91
0
280
0
281
0
  0
CLASS
  1
SCALE
  2
AcDbScale
  3
ObjectDBX Classes
 90
1153
 91
0
280
0
281
0
  0
CLASS
  1
TABLESTYLE
  2
AcDbTableStyle
  3
ObjectDBX Classes
 90
4095
 91
0
280
0
281
0
  0
CLASS
  1
MLEADERSTYLE
  2
AcDbMLeaderStyle
  3
ACDB_MLEADERSTYLE_CLASS
 90
4095
 91
0
280
0
281
0
  0
CLASS
  1
DICTIONARYVAR
  2
AcDbDictionaryVar
  3
ObjectDBX Classes
 90
0
 91
0
280
0
281
0
  0
CLASS
  1
CELLSTYLEMAP
  2
AcDbCellStyleMap
  3
ObjectDBX Classes
 90
1152
 91
0
280
0
281
0
  0
CLASS
  1
MENTALRAYRENDERSETTINGS
  2
AcDbMentalRayRenderSettings
  3
SCENEOE
 90
1024
 91
0
280
0
281
0
  0
CLASS
  1
ACDBDETAILVIEWSTYLE
  2
AcDbDetailViewStyle
  3
ObjectDBX Classes
 90
1025
 91
0
280
0
281
0
  0
CLASS
  1
ACDBSECTIONVIEWSTYLE
  2
AcDbSectionViewStyle
  3
ObjectDBX Classes
 90
1025
 91
0
280
0
281
0
  0
CLASS
  1
RASTERVARIABLES
  2
AcDbRasterVariables
  3
ISM
 90
0
 91
0
280
0
281
0
  0
CLASS
  1
ACDBPLACEHOLDER
  2
AcDbPlaceHolder
  3
ObjectDBX Classes
 90
0
 91
0
280
0
281
0
  0
CLASS
  1
LAYOUT
  2
AcDbLayout
  3
ObjectDBX Classes
 90
0
 91
0
280
0
281
0
  0
ENDSEC
  0
SECTION
  2
TABLES
  0
TABLE
  2
VPORT
  5
8
330
0
100
AcDbSymbolTable
 70
1
  0
VPORT
  5
23
330
8
100
AcDbSymbolTableRecord
100
AcDbViewportTableRecord
  2
*Active
 70
0
 10
0.0
 20
0.0
 11
1.0
 21
1.0
 12
0.0
 22
0.0
 13
0.0
 23
0.0
 14
0.5
 24
0.5
 15
0.5
 25
0.5
 16
0.0
 26
0.0
 36
1.0
 17
0.0
 27
0.0
 37
0.0
 40
1000.0
 41
1.34
 42
50.0
 43
0.0
 44
0.0
 50
0.0
 51
0.0
 71
0
 72
1000
 73
1
 74
3
 75
0
 76
0
 77
0
 78
0
281
0
 65
0
146
0.0
  0
ENDTAB
  0
TABLE
  2
LTYPE
  5
2
330
0
100
AcDbSymbolTable
 70
21
  0
LTYPE
  5
24
330
2
100
AcDbSymbolTableRecord
100
AcDbLinetypeTableRecord
  2
ByBlock
 70
0
  3

 72
65
 73
0
 40
0.0
  0
LTYPE
  5
25
330
2
100
AcDbSymbolTableRecord
100
AcDbLinetypeTableRecord
  2
ByLayer
 70
0
  3

 72
65
 73
0
 40
0.0
  0
LTYPE
  5
26
330
2
100
AcDbSymbolTableRecord
100
AcDbLinetypeTableRecord
  2
Continuous
 70
0
  3

 72
65
 73
0
 40
0.0
  0
LTYPE
  5
2F
330
2
100
AcDbSymbolTableRecord
100
AcDbLinetypeTableRecord
  2
CENTER
 70
0
  3
Center ____ _ ____ _ ____ _ ____ _ ____ _ ____
 72
65
 73
4
 40
5.08
 49
3.175
 74
0
 49
-0.635
 74
0
 49
0.635
 74
0
 49
-0.635
 74
0
  0
LTYPE
  5
30
330
2
100
AcDbSymbolTableRecord
100
AcDbLinetypeTableRecord
  2
CENTERX2
 70
0
  3
Center (2x) ________  __  ________  __  ________
 72
65
 73
4
 40
8.89
 49
6.35
 74
0
 49
-0.635
 74
0
 49
1.27
 74
0
 49
-0.635
 74
0
  0
LTYPE
  5
31
330
2
100
AcDbSymbolTableRecord
100
AcDbLinetypeTableRecord
  2
CENTER2
 70
0
  3
Center (.5x) ____ _ ____ _ ____ _ ____ _ ____
 72
65
 73
4
 40
2.54
 49
1.587
 74
0
 49
-0.318
 74
0
 49
0.318
 74
0
 49
-0.318
 74
0
  0
LTYPE
  5
32
330
2
100
AcDbSymbolTableRecord
100
AcDbLinetypeTableRecord
  2
DASHED
 70
0
  3
Dashed __ __ __ __ __ __ __ __ __ __ __ __ __ _
 72
65
 73
2
 40
1.524
 49
1.27
 74
0
 49
-0.254
 74
0
  0
LTYPE
  5
33
330
2
100
AcDbSymbolTableRecord
100
AcDbLinetypeTableRecord
  2
DASHEDX2
 70
0
  3
Dashed (2x) ____  ____  ____  ____  ____  ____
 72
65
 73
2
 40
3.048
 49
2.54
 74
0
 49
-0.508
 74
0
  0
LTYPE
  5
34
330
2
100
AcDbSymbolTableRecord
100
AcDbLinetypeTableRecord
  2
DASHED2
 70
0
  3
Dashed (.5x) _ _ _ _ _ _ _ _ _ _ _ _ _ _
 72
65
 73
2
 40
0.762
 49
0.635
 74
0
 49
-0.127
 74
0
  0
LTYPE
  5
35
330
2
100
AcDbSymbolTableRecord
100
AcDbLinetypeTableRecord
  2
PHANTOM
 70
0
  3
Phantom ______  __  __  ______  __  __  ______
 72
65
 73
6
 40
6.35
 49
3.175
 74
0
 49
-0.635
 74
0
 49
0.635
 74
0
 49
-0.635
 74
0
 49
0.635
 74
0
 49
-0.635
 74
0
  0
LTYPE
  5
36
330
2
100
AcDbSymbolTableRecord
100
AcDbLinetypeTableRecord
  2
PHANTOMX2
 70
0
  3
Phantom (2x)____________    ____    ____    ____________
 72
65
 73
6
 40
10.795
 49
6.35
 74
0
 49
-0.635
 74
0
 49
1.27
 74
0
 49
-0.635
 74
0
 49
1.27
 74
0
 49
-0.635
 74
0
  0
LTYPE
  5
37
330
2
100
AcDbSymbolTableRecord
100
AcDbLinetypeTableRecord
  2
PHANTOM2
 70
0
  3
Phantom (.5x) ___ _ _ ___ _ _ ___ _ _ ___ _ _ ___
 72
65
 73
6
 40
3.175
 49
1.587
 74
0
 49
-0.318
 74
0
 49
0.318
 74
0
 49
-0.318
 74
0
 49
0.318
 74
0
 49
-0.318
 74
0
  0
LTYPE
  5
38
330
2
100
AcDbSymbolTableRecord
100
AcDbLinetypeTableRecord
  2
DASHDOT
 70
0
  3
Dash dot __ . __ . __ . __ . __ . __ . __ . __
 72
65
 73
4
 40
3.556
 49
2.54
 74
0
 49
-0.508
 74
0
 49
0.0
 74
0
 49
-0.508
 74
0
  0
LTYPE
  5
39
330
2
100
AcDbSymbolTableRecord
100
AcDbLinetypeTableRecord
  2
DASHDOTX2
 70
0
  3
Dash dot (2x) ____  .  ____  .  ____  .  ____
 72
65
 73
4
 40
6.096
 49
5.08
 74
0
 49
-0.508
 74
0
 49
0.0
 74
0
 49
-0.508
 74
0
  0
LTYPE
  5
3A
330
2
100
AcDbSymbolTableRecord
100
AcDbLinetypeTableRecord
  2
DASHDOT2
 70
0
  3
Dash dot (.5x) _ . _ . _ . _ . _ . _ . _ . _
 72
65
 73
4
 40
1.778
 49
1.27
 74
0
 49
-0.254
 74
0
 49
0.0
 74
0
 49
-0.254
 74
0
  0
LTYPE
  5
3B
330
2
100
AcDbSymbolTableRecord
100
AcDbLinetypeTableRecord
  2
DOT
 70
0
  3
Dot .  .  .  .  .  .  .  .  .  .  .  .  .  .  .  .
 72
65
 73
2
 40
0.508
 49
0.0
 74
0
 49
-0.508
 74
0
  0
LTYPE
  5
3C
330
2
100
AcDbSymbolTableRecord
100
AcDbLinetypeTableRecord
  2
DOTX2
 70
0
  3
Dot (2x) .    .    .    .    .    .    .    . 
 72
65
 73
2
 40
1.016
 49
0.0
 74
0
 49
-1.016
 74
0
  0
LTYPE
  5
3D
330
2
100
AcDbSymbolTableRecord
100
AcDbLinetypeTableRecord
  2
DOT2
 70
0
  3
Dot (.5) . . . . . . . . . . . . . . . . . . . 
 72
65
 73
2
 40
0.254
 49
0.0
 74
0
 49
-0.254
 74
0
  0
LTYPE
  5
3E
330
2
100
AcDbSymbolTableRecord
100
AcDbLinetypeTableRecord
  2
DIVIDE
 70
0
  3
Divide __ . . __ . . __ . . __ . . __ . . __
 72
65
 73
6
 40
4.064
 49
2.54
 74
0
 49
-0.508
 74
0
 49
0.0
 74
0
 49
-0.508
 74
0
 49
0.0
 74
0
 49
-0.508
 74
0
  0
LTYPE
  5
3F
330
2
100
AcDbSymbolTableRecord
100
AcDbLinetypeTableRecord
  2
DIVIDEX2
 70
0
  3
Divide (2x) ____  . .  ____  . .  ____  . .  ____
 72
65
 73
6
 40
6.604
 49
5.08
 74
0
 49
-0.508
 74
0
 49
0.0
 74
0
 49
-0.508
 74
0
 49
0.0
 74
0
 49
-0.508
 74
0
  0
LTYPE
  5
40
330
2
100
AcDbSymbolTableRecord
100
AcDbLinetypeTableRecord
  2
DIVIDE2
 70
0
  3
Divide(.5x) _ . _ . _ . _ . _ . _ . _ . _
 72
65
 73
6
 40
2.032
 49
1.27
 74
0
 49
-0.254
 74
0
 49
0.0
 74
0
 49
-0.254
 74
0
 49
0.0
 74
0
 49
-0.254
 74
0
  0
ENDTAB
  0
TABLE
  2
LAYER
  5
1
330
0
100
AcDbSymbolTable
 70
16
  0
LAYER
  5
27
330
1
100
AcDbSymbolTableRecord
100
AcDbLayerTableRecord
  2
0
 70
0
 62
7
  6
Continuous
370
-3
390
13
347
21
  0
LAYER
  5
28
330
1
100
AcDbSymbolTableRecord
100
AcDbLayerTableRecord
  2
Defpoints
 70
0
 62
7
  6
Continuous
290
0
370
-3
390
13
347
21
  0
LAYER
  5
8B
330
1
100
AcDbSymbolTableRecord
100
AcDbLayerTableRecord
  2
FRAME
 70
0
 62
7
  6
CONTINUOUS
370
-3
390
13
347
21
  0
LAYER
  5
8C
330
1
100
AcDbSymbolTableRecord
100
AcDbLayerTableRecord
  2
AR-WALLS
 70
0
 62
7
  6
CONTINUOUS
370
-3
390
13
347
21
  0
LAYER
  5
8D
330
1
100
AcDbSymbolTableRecord
100
AcDbLayerTableRecord
  2
AR-NEW
 70
0
 62
5
  6
CONTINUOUS
370
-3
390
13
347
21
  0
LAYER
  5
8E
330
1
100
AcDbSymbolTableRecord
100
AcDbLayerTableRecord
  2
AR-DEMO
 70
0
 62
1
  6
DASHED
370
-3
390
13
347
21
  0
LAYER
  5
8F
330
1
100
AcDbSymbolTableRecord
100
AcDbLayerTableRecord
  2
FURN
 70
0
 62
8
  6
CONTINUOUS
370
-3
390
13
347
21
  0
LAYER
  5
90
330
1
100
AcDbSymbolTableRecord
100
AcDbLayerTableRecord
  2
EL-LIGHT
 70
0
 62
30
  6
CONTINUOUS
370
-3
390
13
347
21
  0
LAYER
  5
91
330
1
100
AcDbSymbolTableRecord
100
AcDbLayerTableRecord
  2
EL-SOCKET
 70
0
 62
6
  6
CONTINUOUS
370
-3
390
13
347
21
  0
LAYER
  5
92
330
1
100
AcDbSymbolTableRecord
100
AcDbLayerTableRecord
  2
EL-LOW
 70
0
 62
3
  6
CONTINUOUS
370
-3
390
13
347
21
  0
LAYER
  5
93
330
1
100
AcDbSymbolTableRecord
100
AcDbLayerTableRecord
  2
VK
 70
0
 62
4
  6
CONTINUOUS
370
-3
390
13
347
21
  0
LAYER
  5
94
330
1
100
AcDbSymbolTableRecord
100
AcDbLayerTableRecord
  2
OV
 70
0
 62
3
  6
CONTINUOUS
370
-3
390
13
347
21
  0
LAYER
  5
95
330
1
100
AcDbSymbolTableRecord
100
AcDbLayerTableRecord
  2
DIM
 70
0
 62
7
  6
CONTINUOUS
370
-3
390
13
347
21
  0
LAYER
  5
96
330
1
100
AcDbSymbolTableRecord
100
AcDbLayerTableRecord
  2
TEXT
 70
0
 62
7
  6
CONTINUOUS
370
-3
390
13
347
21
  0
LAYER
  5
97
330
1
100
AcDbSymbolTableRecord
100
AcDbLayerTableRecord
  2
AR-FIN
 70
0
 62
9
  6
CONTINUOUS
370
-3
390
13
347
21
  0
LAYER
  5
98
330
1
100
AcDbSymbolTableRecord
100
AcDbLayerTableRecord
  2
BASE
 70
0
 62
9
  6
CONTINUOUS
370
-3
390
13
347
21
  0
ENDTAB
  0
TABLE
  2
STYLE
  5
5
330
0
100
AcDbSymbolTable
 70
27
  0
STYLE
  5
29
330
5
100
AcDbSymbolTableRecord
100
AcDbTextStyleTableRecord
  2
Standard
 70
0
 40
0.0
 41
1.0
 50
0.0
 71
0
 42
2.5
  3
DejaVuSans.ttf
  4

  0
STYLE
  5
41
330
5
100
AcDbSymbolTableRecord
100
AcDbTextStyleTableRecord
  2
OpenSans-Light
 70
0
 40
0.0
 41
1.0
 50
0.0
 71
0
 42
2.5
  3
OpenSans-Light.ttf
  4

  0
STYLE
  5
42
330
5
100
AcDbSymbolTableRecord
100
AcDbTextStyleTableRecord
  2
OpenSans-Light-Italic
 70
0
 40
0.0
 41
1.0
 50
0.0
 71
0
 42
2.5
  3
OpenSans-LightItalic.ttf
  4

  0
STYLE
  5
43
330
5
100
AcDbSymbolTableRecord
100
AcDbTextStyleTableRecord
  2
OpenSans
 70
0
 40
0.0
 41
1.0
 50
0.0
 71
0
 42
2.5
  3
OpenSans-Regular.ttf
  4

  0
STYLE
  5
44
330
5
100
AcDbSymbolTableRecord
100
AcDbTextStyleTableRecord
  2
OpenSans-Italic
 70
0
 40
0.0
 41
1.0
 50
0.0
 71
0
 42
2.5
  3
OpenSans-Italic.ttf
  4

  0
STYLE
  5
45
330
5
100
AcDbSymbolTableRecord
100
AcDbTextStyleTableRecord
  2
OpenSans-SemiBold
 70
0
 40
0.0
 41
1.0
 50
0.0
 71
0
 42
2.5
  3
OpenSans-SemiBold.ttf
  4

  0
STYLE
  5
46
330
5
100
AcDbSymbolTableRecord
100
AcDbTextStyleTableRecord
  2
OpenSans-SemiBoldItalic
 70
0
 40
0.0
 41
1.0
 50
0.0
 71
0
 42
2.5
  3
OpenSans-SemiBoldItalic.ttf
  4

  0
STYLE
  5
47
330
5
100
AcDbSymbolTableRecord
100
AcDbTextStyleTableRecord
  2
OpenSans-Bold
 70
0
 40
0.0
 41
1.0
 50
0.0
 71
0
 42
2.5
  3
OpenSans-Bold.ttf
  4

  0
STYLE
  5
48
330
5
100
AcDbSymbolTableRecord
100
AcDbTextStyleTableRecord
  2
OpenSans-BoldItalic
 70
0
 40
0.0
 41
1.0
 50
0.0
 71
0
 42
2.5
  3
OpenSans-BoldItalic.ttf
  4

  0
STYLE
  5
49
330
5
100
AcDbSymbolTableRecord
100
AcDbTextStyleTableRecord
  2
OpenSans-ExtraBold
 70
0
 40
0.0
 41
1.0
 50
0.0
 71
0
 42
2.5
  3
OpenSans-ExtraBold.ttf
  4

  0
STYLE
  5
4A
330
5
100
AcDbSymbolTableRecord
100
AcDbTextStyleTableRecord
  2
OpenSans-ExtraBoldItalic
 70
0
 40
0.0
 41
1.0
 50
0.0
 71
0
 42
2.5
  3
OpenSans-ExtraBoldItalic.ttf
  4

  0
STYLE
  5
4B
330
5
100
AcDbSymbolTableRecord
100
AcDbTextStyleTableRecord
  2
OpenSansCondensed-Bold
 70
0
 40
0.0
 41
1.0
 50
0.0
 71
0
 42
2.5
  3
OpenSansCondensed-Bold.ttf
  4

  0
STYLE
  5
4C
330
5
100
AcDbSymbolTableRecord
100
AcDbTextStyleTableRecord
  2
OpenSansCondensed-Light
 70
0
 40
0.0
 41
1.0
 50
0.0
 71
0
 42
2.5
  3
OpenSansCondensed-Light.ttf
  4

  0
STYLE
  5
4D
330
5
100
AcDbSymbolTableRecord
100
AcDbTextStyleTableRecord
  2
OpenSansCondensed-Italic
 70
0
 40
0.0
 41
1.0
 50
0.0
 71
0
 42
2.5
  3
OpenSansCondensed-LightItalic.ttf
  4

  0
STYLE
  5
4E
330
5
100
AcDbSymbolTableRecord
100
AcDbTextStyleTableRecord
  2
LiberationSans
 70
0
 40
0.0
 41
1.0
 50
0.0
 71
0
 42
2.5
  3
LiberationSans-Regular.ttf
  4

  0
STYLE
  5
4F
330
5
100
AcDbSymbolTableRecord
100
AcDbTextStyleTableRecord
  2
LiberationSans-Bold
 70
0
 40
0.0
 41
1.0
 50
0.0
 71
0
 42
2.5
  3
LiberationSans-Bold.ttf
  4

  0
STYLE
  5
50
330
5
100
AcDbSymbolTableRecord
100
AcDbTextStyleTableRecord
  2
LiberationSans-BoldItalic
 70
0
 40
0.0
 41
1.0
 50
0.0
 71
0
 42
2.5
  3
LiberationSans-BoldItalic.ttf
  4

  0
STYLE
  5
51
330
5
100
AcDbSymbolTableRecord
100
AcDbTextStyleTableRecord
  2
LiberationSans-Italic
 70
0
 40
0.0
 41
1.0
 50
0.0
 71
0
 42
2.5
  3
LiberationSans-Italic.ttf
  4

  0
STYLE
  5
52
330
5
100
AcDbSymbolTableRecord
100
AcDbTextStyleTableRecord
  2
LiberationSerif
 70
0
 40
0.0
 41
1.0
 50
0.0
 71
0
 42
2.5
  3
LiberationSerif-Regular.ttf
  4

  0
STYLE
  5
53
330
5
100
AcDbSymbolTableRecord
100
AcDbTextStyleTableRecord
  2
LiberationSerif-Bold
 70
0
 40
0.0
 41
1.0
 50
0.0
 71
0
 42
2.5
  3
LiberationSerif-Bold.ttf
  4

  0
STYLE
  5
54
330
5
100
AcDbSymbolTableRecord
100
AcDbTextStyleTableRecord
  2
LiberationSerif-BoldItalic
 70
0
 40
0.0
 41
1.0
 50
0.0
 71
0
 42
2.5
  3
LiberationSerif-BoldItalic.ttf
  4

  0
STYLE
  5
55
330
5
100
AcDbSymbolTableRecord
100
AcDbTextStyleTableRecord
  2
LiberationSerif-Italic
 70
0
 40
0.0
 41
1.0
 50
0.0
 71
0
 42
2.5
  3
LiberationSerif-Italic.ttf
  4

  0
STYLE
  5
56
330
5
100
AcDbSymbolTableRecord
100
AcDbTextStyleTableRecord
  2
LiberationMono
 70
0
 40
0.0
 41
1.0
 50
0.0
 71
0
 42
2.5
  3
LiberationMono-Regular.ttf
  4

  0
STYLE
  5
57
330
5
100
AcDbSymbolTableRecord
100
AcDbTextStyleTableRecord
  2
LiberationMono-Bold
 70
0
 40
0.0
 41
1.0
 50
0.0
 71
0
 42
2.5
  3
LiberationMono-Bold.ttf
  4

  0
STYLE
  5
58
330
5
100
AcDbSymbolTableRecord
100
AcDbTextStyleTableRecord
  2
LiberationMono-BoldItalic
 70
0
 40
0.0
 41
1.0
 50
0.0
 71
0
 42
2.5
  3
LiberationMono-BoldItalic.ttf
  4

  0
STYLE
  5
59
330
5
100
AcDbSymbolTableRecord
100
AcDbTextStyleTableRecord
  2
LiberationMono-Italic
 70
0
 40
0.0
 41
1.0
 50
0.0
 71
0
 42
2.5
  3
LiberationMono-Italic.ttf
  4

  0
STYLE
  5
8A
330
5
100
AcDbSymbolTableRecord
100
AcDbTextStyleTableRecord
  2
GOST
 70
0
 40
0.0
 41
1.0
 50
0.0
 71
0
 42
2.5
  3
DejaVuSans.ttf
  4

  0
ENDTAB
  0
TABLE
  2
VIEW
  5
7
330
0
100
AcDbSymbolTable
 70
0
  0
ENDTAB
  0
TABLE
  2
UCS
  5
6
330
0
100
AcDbSymbolTable
 70
0
  0
ENDTAB
  0
TABLE
  2
APPID
  5
3
330
0
100
AcDbSymbolTable
 70
3
  0
APPID
  5
2A
330
3
100
AcDbSymbolTableRecord
100
AcDbRegAppTableRecord
  2
ACAD
 70
0
  0
APPID
  5
57C
330
3
100
AcDbSymbolTableRecord
100
AcDbRegAppTableRecord
  2
HATCHBACKGROUNDCOLOR
 70
0
  0
APPID
  5
57D
330
3
100
AcDbSymbolTableRecord
100
AcDbRegAppTableRecord
  2
EZDXF
 70
0
  0
ENDTAB
  0
TABLE
  2
DIMSTYLE
  5
4
330
0
100
AcDbSymbolTable
 70
12
100
AcDbDimStyleTable
  0
DIMSTYLE
105
2B
330
4
100
AcDbSymbolTableRecord
100
AcDbDimStyleTableRecord
  2
Standard
 70
0
 40
1.0
 41
2.5
 42
0.625
 43
3.75
 44
1.25
 45
0.0
 46
0.0
 47
0.0
 48
0.0
 49
2.5
140
2.5
141
2.5
142
0.0
143
0.03937007874
144
1.0
145
0.0
146
1.0
147
0.625
148
0.0
 69
0
 70
0
 71
0
 72
0
 73
0
 74
0
 75
0
 76
0
 77
1
 78
8
 79
3
170
0
171
3
172
1
173
0
174
0
175
0
176
0
177
0
178
0
179
2
271
2
272
2
273
2
274
3
275
0
276
0
277
2
278
44
279
0
280
0
281
0
282
0
283
0
284
8
285
0
286
0
288
0
289
3
290
0
371
-2
372
-2
  0
DIMSTYLE
105
73
330
4
100
AcDbSymbolTableRecord
100
AcDbDimStyleTableRecord
  2
EZDXF
 70
0
 40
1.0
 41
0.175
 42
0.125
 43
3.75
 44
0.375
 45
0.0
 46
0.0
 47
0.0
 48
0.0
 49
2.5
140
0.25
141
2.5
142
0.0
143
0.03937007874
144
100.0
145
0.0
146
0.5
147
0.1
148
0.0
 69
0
 70
0
 71
0
 72
0
 73
0
 74
0
 75
0
 76
0
 77
1
 78
12
 79
3
170
0
171
3
172
1
173
0
174
0
175
0
176
0
177
0
178
0
179
2
271
2
272
2
273
2
274
3
275
0
276
0
277
2
278
46
279
2
280
0
281
0
282
0
283
0
284
8
285
0
286
0
288
1
289
3
290
0
340
4C
342
74
371
-2
372
-2
  0
DIMSTYLE
105
7C
330
4
100
AcDbSymbolTableRecord
100
AcDbDimStyleTableRecord
  2
EZ_M_100_H25_CM
 70
0
 40
1.0
 41
0.25
 42
0.125
 43
3.75
 44
0.375
 45
0.0
 46
0.0
 47
0.0
 48
0.0
 49
2.5
140
0.25
141
2.5
142
0.125
143
0.03937007874
144
100.0
145
0.0
146
0.5
147
0.1
148
0.0
 69
0
 70
0
 71
0
 72
0
 73
0
 74
0
 75
0
 76
0
 77
1
 78
12
 79
3
170
0
171
3
172
1
173
0
174
0
175
0
176
0
177
0
178
0
179
2
271
2
272
2
273
2
274
3
275
0
276
0
277
2
278
46
279
2
280
0
281
0
282
0
283
0
284
8
285
0
286
0
288
1
289
3
290
0
340
4C
371
-2
372
-2
  0
DIMSTYLE
105
7D
330
4
100
AcDbSymbolTableRecord
100
AcDbDimStyleTableRecord
  2
EZ_M_50_H25_CM
 70
0
 40
1.0
 41
0.125
 42
0.0625
 43
3.75
 44
0.1875
 45
0.0
 46
0.0
 47
0.0
 48
0.0
 49
2.5
140
0.125
141
2.5
142
0.0625
143
0.03937007874
144
100.0
145
0.0
146
0.5
147
0.05
148
0.0
 69
0
 70
0
 71
0
 72
0
 73
0
 74
0
 75
0
 76
0
 77
1
 78
12
 79
3
170
0
171
3
172
1
173
0
174
0
175
0
176
0
177
0
178
0
179
2
271
2
272
2
273
2
274
3
275
0
276
0
277
2
278
46
279
2
280
0
281
0
282
0
283
0
284
8
285
0
286
0
288
1
289
3
290
0
340
4C
371
-2
372
-2
  0
DIMSTYLE
105
7E
330
4
100
AcDbSymbolTableRecord
100
AcDbDimStyleTableRecord
  2
EZ_M_25_H25_CM
 70
0
 40
1.0
 41
0.0625
 42
0.03125
 43
3.75
 44
0.09375
 45
0.0
 46
0.0
 47
0.0
 48
0.0
 49
2.5
140
0.0625
141
2.5
142
0.03125
143
0.03937007874
144
100.0
145
0.0
146
0.5
147
0.025
148
0.0
 69
0
 70
0
 71
0
 72
0
 73
0
 74
0
 75
0
 76
0
 77
1
 78
12
 79
3
170
0
171
3
172
1
173
0
174
0
175
0
176
0
177
0
178
0
179
2
271
2
272
2
273
2
274
3
275
0
276
0
277
2
278
46
279
2
280
0
281
0
282
0
283
0
284
8
285
0
286
0
288
1
289
3
290
0
340
4C
371
-2
372
-2
  0
DIMSTYLE
105
7F
330
4
100
AcDbSymbolTableRecord
100
AcDbDimStyleTableRecord
  2
EZ_M_20_H25_CM
 70
0
 40
1.0
 41
0.05
 42
0.025
 43
3.75
 44
0.07500000000000001
 45
0.0
 46
0.0
 47
0.0
 48
0.0
 49
2.5
140
0.05
141
2.5
142
0.025
143
0.03937007874
144
100.0
145
0.0
146
0.5
147
0.020000000000000004
148
0.0
 69
0
 70
0
 71
0
 72
0
 73
0
 74
0
 75
0
 76
0
 77
1
 78
12
 79
3
170
0
171
3
172
1
173
0
174
0
175
0
176
0
177
0
178
0
179
2
271
2
272
2
273
2
274
3
275
0
276
0
277
2
278
46
279
2
280
0
281
0
282
0
283
0
284
8
285
0
286
0
288
1
289
3
290
0
340
4C
371
-2
372
-2
  0
DIMSTYLE
105
80
330
4
100
AcDbSymbolTableRecord
100
AcDbDimStyleTableRecord
  2
EZ_M_10_H25_CM
 70
0
 40
1.0
 41
0.025
 42
0.0125
 43
3.75
 44
0.037500000000000006
 45
0.0
 46
0.0
 47
0.0
 48
0.0
 49
2.5
140
0.025
141
2.5
142
0.0125
143
0.03937007874
144
100.0
145
0.0
146
0.5
147
0.010000000000000002
148
0.0
 69
0
 70
0
 71
0
 72
0
 73
0
 74
0
 75
0
 76
0
 77
1
 78
12
 79
3
170
0
171
3
172
1
173
0
174
0
175
0
176
0
177
0
178
0
179
2
271
2
272
2
273
2
274
3
275
0
276
0
277
2
278
46
279
2
280
0
281
0
282
0
283
0
284
8
285
0
286
0
288
1
289
3
290
0
340
4C
371
-2
372
-2
  0
DIMSTYLE
105
81
330
4
100
AcDbSymbolTableRecord
100
AcDbDimStyleTableRecord
  2
EZ_M_5_H25_CM
 70
0
 40
1.0
 41
0.0125
 42
0.00625
 43
3.75
 44
0.018750000000000003
 45
0.0
 46
0.0
 47
0.0
 48
0.0
 49
2.5
140
0.0125
141
2.5
142
0.00625
143
0.03937007874
144
100.0
145
0.0
146
0.5
147
0.005000000000000001
148
0.0
 69
0
 70
0
 71
0
 72
0
 73
0
 74
0
 75
0
 76
0
 77
1
 78
12
 79
3
170
0
171
3
172
1
173
0
174
0
175
0
176
0
177
0
178
0
179
2
271
2
272
2
273
2
274
3
275
0
276
0
277
2
278
46
279
2
280
0
281
0
282
0
283
0
284
8
285
0
286
0
288
1
289
3
290
0
340
4C
371
-2
372
-2
  0
DIMSTYLE
105
82
330
4
100
AcDbSymbolTableRecord
100
AcDbDimStyleTableRecord
  2
EZ_M_1_H25_CM
 70
0
 40
1.0
 41
0.0025
 42
0.00125
 43
3.75
 44
0.00375
 45
0.0
 46
0.0
 47
0.0
 48
0.0
 49
2.5
140
0.0025
141
2.5
142
0.00125
143
0.03937007874
144
100.0
145
0.0
146
0.5
147
0.001
148
0.0
 69
0
 70
0
 71
0
 72
0
 73
0
 74
0
 75
0
 76
0
 77
1
 78
12
 79
3
170
0
171
3
172
1
173
0
174
0
175
0
176
0
177
0
178
0
179
2
271
2
272
2
273
2
274
3
275
0
276
0
277
2
278
46
279
2
280
0
281
0
282
0
283
0
284
8
285
0
286
0
288
1
289
3
290
0
340
4C
371
-2
372
-2
  0
DIMSTYLE
105
83
330
4
100
AcDbSymbolTableRecord
100
AcDbDimStyleTableRecord
  2
EZ_RADIUS
 70
0
 40
1.0
 41
0.25
 42
0.125
 43
3.75
 44
0.375
 45
0.0
 46
0.0
 47
0.0
 48
0.0
 49
2.5
140
0.25
141
0.0
142
0.0
143
0.03937007874
144
100.0
145
0.0
146
0.5
147
0.1
148
0.0
 69
0
 70
0
 71
0
 72
0
 73
0
 74
0
 75
0
 76
0
 77
1
 78
12
 79
3
170
0
171
3
172
0
173
0
174
0
175
0
176
0
177
0
178
0
179
2
271
2
272
2
273
2
274
3
275
0
276
0
277
2
278
46
279
1
280
0
281
0
282
0
283
0
284
8
285
0
286
0
288
1
289
3
290
0
340
4C
342
84
371
-2
372
-2
  0
DIMSTYLE
105
88
330
4
100
AcDbSymbolTableRecord
100
AcDbDimStyleTableRecord
  2
EZ_RADIUS_INSIDE
 70
0
 40
1.0
 41
0.25
 42
0.125
 43
3.75
 44
0.375
 45
0.0
 46
0.0
 47
0.0
 48
0.0
 49
2.5
140
0.25
141
0.0
142
0.0
143
0.03937007874
144
100.0
145
0.0
146
0.5
147
0.1
148
0.0
 69
0
 70
0
 71
0
 72
0
 73
0
 74
0
 75
0
 76
0
 77
0
 78
12
 79
3
170
0
171
3
172
0
173
0
174
1
175
0
176
0
177
0
178
0
179
2
271
2
272
2
273
2
274
3
275
0
276
0
277
2
278
46
279
0
280
0
281
0
282
0
283
0
284
8
285
0
286
0
288
1
289
0
290
0
340
4C
342
84
371
-2
372
-2
  0
DIMSTYLE
105
89
330
4
100
AcDbSymbolTableRecord
100
AcDbDimStyleTableRecord
  2
EZ_CURVED
 70
0
 40
1.0
 41
0.25
 42
0.125
 43
3.75
 44
0.375
 45
0.0
 46
0.0
 47
0.0
 48
0.0
 49
2.5
140
0.25
141
2.5
142
0.0
143
0.03937007874
144
100.0
145
0.0
146
0.5
147
0.1
148
0.0
 69
0
 70
0
 71
0
 72
0
 73
0
 74
0
 75
0
 76
0
 77
1
 78
12
 79
2
 90
2
170
0
171
3
172
1
173
0
174
0
175
0
176
0
177
0
178
0
179
2
271
2
272
2
273
2
274
3
275
0
276
0
277
2
278
46
279
2
280
0
281
0
282
0
283
0
284
8
285
0
286
0
288
1
289
3
290
0
340
4C
371
-2
372
-2
  0
ENDTAB
  0
TABLE
  2
BLOCK_RECORD
  5
9
330
0
100
AcDbSymbolTable
 70
5
  0
BLOCK_RECORD
  5
17
330
9
100
AcDbSymbolTableRecord
100
AcDbBlockTableRecord
  2
*Model_Space
340
1A
 70
0
280
1
281
0
  0
BLOCK_RECORD
  5
1B
330
9
100
AcDbSymbolTableRecord
100
AcDbBlockTableRecord
  2
*Paper_Space
340
1E
 70
0
280
1
281
0
  0
BLOCK_RECORD
  5
74
330
9
100
AcDbSymbolTableRecord
100
AcDbBlockTableRecord
  2
_ARCHTICK
340
0
 70
0
280
1
281
0
  0
BLOCK_RECORD
  5
78
330
9
100
AcDbSymbolTableRecord
100
AcDbBlockTableRecord
  2
_CLOSEDFILLED
340
0
 70
0
280
1
281
0
  0
BLOCK_RECORD
  5
84
330
9
100
AcDbSymbolTableRecord
100
AcDbBlockTableRecord
  2
_CLOSEDBLANK
340
0
 70
0
280
1
281
0
  0
ENDTAB
  0
ENDSEC
  0
SECTION
  2
BLOCKS
  0
BLOCK
  5
18
330
17
100
AcDbEntity
  8
0
100
AcDbBlockBegin
  2
*Model_Space
 70
0
 10
0.0
 20
0.0
 30
0.0
  3
*Model_Space
  1

  0
ENDBLK
  5
19
330
17
100
AcDbEntity
  8
0
100
AcDbBlockEnd
  0
BLOCK
  5
1C
330
1B
100
AcDbEntity
  8
0
100
AcDbBlockBegin
  2
*Paper_Space
 70
0
 10
0.0
 20
0.0
 30
0.0
  3
*Paper_Space
  1

  0
ENDBLK
  5
1D
330
1B
100
AcDbEntity
  8
0
100
AcDbBlockEnd
  0
BLOCK
  5
75
330
74
100
AcDbEntity
  8
0
100
AcDbBlockBegin
  2
_ARCHTICK
 70
0
 10
0.0
 20
0.0
 30
0.0
  3
_ARCHTICK
  1

  0
LWPOLYLINE
  5
77
330
74
100
AcDbEntity
  8
0
  6
BYBLOCK
 62
0
100
AcDbPolyline
 90
2
 70
0
 43
0.15
 10
-0.5
 20
-0.5
 10
0.5
 20
0.5
  0
ENDBLK
  5
76
330
74
100
AcDbEntity
  8
0
100
AcDbBlockEnd
  0
BLOCK
  5
79
330
78
100
AcDbEntity
  8
0
100
AcDbBlockBegin
  2
_CLOSEDFILLED
 70
0
 10
0.0
 20
0.0
 30
0.0
  3
_CLOSEDFILLED
  1

  0
SOLID
  5
7B
330
78
100
AcDbEntity
  8
0
  6
BYBLOCK
 62
0
100
AcDbTrace
 10
-1.0
 20
0.16439898372402537
 30
0.0
 11
0.0
 21
0.0
 31
0.0
 12
-1.0
 22
-0.16439898372402537
 32
0.0
 13
-1.0
 23
-0.16439898372402537
 33
0.0
  0
ENDBLK
  5
7A
330
78
100
AcDbEntity
  8
0
100
AcDbBlockEnd
  0
BLOCK
  5
85
330
84
100
AcDbEntity
  8
0
100
AcDbBlockBegin
  2
_CLOSEDBLANK
 70
0
 10
0.0
 20
0.0
 30
0.0
  3
_CLOSEDBLANK
  1

  0
LWPOLYLINE
  5
87
330
84
100
AcDbEntity
  8
0
  6
BYBLOCK
 62
0
100
AcDbPolyline
 90
3
 70
1
 10
-1.0
 20
0.16439898372402537
 10
0.0
 20
0.0
 10
-1.0
 20
-0.16439898372402537
  0
ENDBLK
  5
86
330
84
100
AcDbEntity
  8
0
100
AcDbBlockEnd
  0
ENDSEC
  0
SECTION
  2
ENTITIES
  0
HATCH
  5
99
330
17
100
AcDbEntity
  8
AR-WALLS
 62
7
420
10132122
100
AcDbHatch
 10
0.0
 20
0.0
 30
0.0
210
0.0
220
0.0
230
1.0
  2
SOLID
 70
1
 71
0
 91
1
 92
3
 72
0
 73
1
 93
5
 10
12040.0
 20
19421.0
 10
10671.0
 20
19421.0
 10
10671.0
 20
19841.000000000004
 10
12040.0
 20
19841.000000000004
 10
12040.0
 20
19421.0
 97
0
 75
1
 76
1
 98
0
  0
LWPOLYLINE
  5
9A
330
17
100
AcDbEntity
  8
AR-WALLS
370
15
420
8355711
100
AcDbPolyline
 90
5
 70
1
 10
12040.0
 20
19421.0
 10
10671.0
 20
19421.0
 10
10671.0
 20
19841.000000000004
 10
12040.0
 20
19841.000000000004
 10
12040.0
 20
19421.0
  0
HATCH
  5
9B
330
17
100
AcDbEntity
  8
AR-WALLS
 62
7
420
10132122
100
AcDbHatch
 10
0.0
 20
0.0
 30
0.0
210
0.0
220
0.0
230
1.0
  2
SOLID
 70
1
 71
0
 91
1
 92
3
 72
0
 73
1
 93
5
 10
7030.000000000001
 20
19421.0
 10
7030.000000000001
 20
19841.000000000004
 10
8810.0
 20
19841.000000000004
 10
8810.0
 20
19421.0
 10
7030.000000000001
 20
19421.0
 97
0
 75
1
 76
1
 98
0
  0
LWPOLYLINE
  5
9C
330
17
100
AcDbEntity
  8
AR-WALLS
370
15
420
8355711
100
AcDbPolyline
 90
5
 70
1
 10
7030.000000000001
 20
19421.0
 10
7030.000000000001
 20
19841.000000000004
 10
8810.0
 20
19841.000000000004
 10
8810.0
 20
19421.0
 10
7030.000000000001
 20
19421.0
  0
HATCH
  5
9D
330
17
100
AcDbEntity
  8
AR-WALLS
 62
7
420
10132122
100
AcDbHatch
 10
0.0
 20
0.0
 30
0.0
210
0.0
220
0.0
230
1.0
  2
SOLID
 70
1
 71
0
 91
1
 92
3
 72
0
 73
1
 93
5
 10
4079.9999999999995
 20
19841.000000000004
 10
5170.0
 20
19841.000000000004
 10
5170.0
 20
19421.0
 10
4079.9999999999995
 20
19421.0
 10
4079.9999999999995
 20
19841.000000000004
 97
0
 75
1
 76
1
 98
0
  0
LWPOLYLINE
  5
9E
330
17
100
AcDbEntity
  8
AR-WALLS
370
15
420
8355711
100
AcDbPolyline
 90
5
 70
1
 10
4079.9999999999995
 20
19841.000000000004
 10
5170.0
 20
19841.000000000004
 10
5170.0
 20
19421.0
 10
4079.9999999999995
 20
19421.0
 10
4079.9999999999995
 20
19841.000000000004
  0
HATCH
  5
9F
330
17
100
AcDbEntity
  8
AR-WALLS
 62
7
420
10132122
100
AcDbHatch
 10
0.0
 20
0.0
 30
0.0
210
0.0
220
0.0
230
1.0
  2
SOLID
 70
1
 71
0
 91
1
 92
3
 72
0
 73
1
 93
5
 10
3870.0000000000005
 20
10430.0
 10
3870.0000000000005
 20
11100.0
 10
4290.000000000001
 20
11100.0
 10
4290.000000000001
 20
10430.0
 10
3870.0000000000005
 20
10430.0
 97
0
 75
1
 76
1
 98
0
  0
LWPOLYLINE
  5
A0
330
17
100
AcDbEntity
  8
AR-WALLS
370
15
420
8355711
100
AcDbPolyline
 90
5
 70
1
 10
3870.0000000000005
 20
10430.0
 10
3870.0000000000005
 20
11100.0
 10
4290.000000000001
 20
11100.0
 10
4290.000000000001
 20
10430.0
 10
3870.0000000000005
 20
10430.0
  0
HATCH
  5
A1
330
17
100
AcDbEntity
  8
AR-WALLS
 62
7
420
10132122
100
AcDbHatch
 10
0.0
 20
0.0
 30
0.0
210
0.0
220
0.0
230
1.0
  2
SOLID
 70
1
 71
0
 91
1
 92
3
 72
0
 73
1
 93
5
 10
3870.0000000000005
 20
16196.0
 10
4290.000000000001
 20
16196.0
 10
4290.000000000001
 20
12960.0
 10
3870.0000000000005
 20
12960.0
 10
3870.0000000000005
 20
16196.0
 97
0
 75
1
 76
1
 98
0
  0
LWPOLYLINE
  5
A2
330
17
100
AcDbEntity
  8
AR-WALLS
370
15
420
8355711
100
AcDbPolyline
 90
5
 70
1
 10
3870.0000000000005
 20
16196.0
 10
4290.000000000001
 20
16196.0
 10
4290.000000000001
 20
12960.0
 10
3870.0000000000005
 20
12960.0
 10
3870.0000000000005
 20
16196.0
  0
HATCH
  5
A3
330
17
100
AcDbEntity
  8
AR-WALLS
 62
7
420
10132122
100
AcDbHatch
 10
0.0
 20
0.0
 30
0.0
210
0.0
220
0.0
230
1.0
  2
SOLID
 70
1
 71
0
 91
1
 92
3
 72
0
 73
1
 93
5
 10
4290.000000000001
 20
19631.0
 10
4290.000000000001
 20
18056.0
 10
3870.0000000000005
 20
18056.0
 10
3870.0000000000005
 20
19631.0
 10
4290.000000000001
 20
19631.0
 97
0
 75
1
 76
1
 98
0
  0
LWPOLYLINE
  5
A4
330
17
100
AcDbEntity
  8
AR-WALLS
370
15
420
8355711
100
AcDbPolyline
 90
5
 70
1
 10
4290.000000000001
 20
19631.0
 10
4290.000000000001
 20
18056.0
 10
3870.0000000000005
 20
18056.0
 10
3870.0000000000005
 20
19631.0
 10
4290.000000000001
 20
19631.0
  0
HATCH
  5
A5
330
17
100
AcDbEntity
  8
AR-WALLS
 62
7
420
10132122
100
AcDbHatch
 10
0.0
 20
0.0
 30
0.0
210
0.0
220
0.0
230
1.0
  2
SOLID
 70
1
 71
0
 91
1
 92
3
 72
0
 73
1
 93
5
 10
10280.0
 20
10350.0
 10
10280.0
 20
10510.0
 10
4079.9999999999995
 20
10510.0
 10
4079.9999999999995
 20
10350.0
 10
10280.0
 20
10350.0
 97
0
 75
1
 76
1
 98
0
  0
LWPOLYLINE
  5
A6
330
17
100
AcDbEntity
  8
AR-WALLS
370
15
420
8355711
100
AcDbPolyline
 90
5
 70
1
 10
10280.0
 20
10350.0
 10
10280.0
 20
10510.0
 10
4079.9999999999995
 20
10510.0
 10
4079.9999999999995
 20
10350.0
 10
10280.0
 20
10350.0
  0
HATCH
  5
A7
330
17
100
AcDbEntity
  8
AR-WALLS
 62
7
420
10132122
100
AcDbHatch
 10
0.0
 20
0.0
 30
0.0
210
0.0
220
0.0
230
1.0
  2
SOLID
 70
1
 71
0
 91
1
 92
3
 72
0
 73
1
 93
5
 10
10360.0
 20
10430.0
 10
10360.0
 20
12440.0
 10
10200.0
 20
12440.0
 10
10200.0
 20
10430.0
 10
10360.0
 20
10430.0
 97
0
 75
1
 76
1
 98
0
  0
LWPOLYLINE
  5
A8
330
17
100
AcDbEntity
  8
AR-WALLS
370
15
420
8355711
100
AcDbPolyline
 90
5
 70
1
 10
10360.0
 20
10430.0
 10
10360.0
 20
12440.0
 10
10200.0
 20
12440.0
 10
10200.0
 20
10430.0
 10
10360.0
 20
10430.0
  0
HATCH
  5
A9
330
17
100
AcDbEntity
  8
AR-WALLS
 62
7
420
10132122
100
AcDbHatch
 10
0.0
 20
0.0
 30
0.0
210
0.0
220
0.0
230
1.0
  2
SOLID
 70
1
 71
0
 91
1
 92
3
 72
0
 73
1
 93
5
 10
12040.0
 20
12520.0
 10
12040.0
 20
12360.0
 10
11650.0
 20
12360.0
 10
11650.0
 20
12520.0
 10
12040.0
 20
12520.0
 97
0
 75
1
 76
1
 98
0
  0
LWPOLYLINE
  5
AA
330
17
100
AcDbEntity
  8
AR-WALLS
370
15
420
8355711
100
AcDbPolyline
 90
5
 70
1
 10
12040.0
 20
12520.0
 10
12040.0
 20
12360.0
 10
11650.0
 20
12360.0
 10
11650.0
 20
12520.0
 10
12040.0
 20
12520.0
  0
HATCH
  5
AB
330
17
100
AcDbEntity
  8
AR-WALLS
 62
7
420
10132122
100
AcDbHatch
 10
0.0
 20
0.0
 30
0.0
210
0.0
220
0.0
230
1.0
  2
SOLID
 70
1
 71
0
 91
1
 92
3
 72
0
 73
1
 93
5
 10
10280.0
 20
12360.0
 10
10280.0
 20
12520.0
 10
10510.0
 20
12520.0
 10
10510.0
 20
12360.0
 10
10280.0
 20
12360.0
 97
0
 75
1
 76
1
 98
0
  0
LWPOLYLINE
  5
AC
330
17
100
AcDbEntity
  8
AR-WALLS
370
15
420
8355711
100
AcDbPolyline
 90
5
 70
1
 10
10280.0
 20
12360.0
 10
10280.0
 20
12520.0
 10
10510.0
 20
12520.0
 10
10510.0
 20
12360.0
 10
10280.0
 20
12360.0
  0
HATCH
  5
AD
330
17
100
AcDbEntity
  8
AR-WALLS
 62
7
420
10132122
100
AcDbHatch
 10
0.0
 20
0.0
 30
0.0
210
0.0
220
0.0
230
1.0
  2
SOLID
 70
1
 71
0
 91
1
 92
3
 72
0
 73
1
 93
5
 10
12120.0
 20
12440.0
 10
12120.0
 20
19631.0
 10
11960.0
 20
19631.0
 10
11960.0
 20
12440.0
 10
12120.0
 20
12440.0
 97
0
 75
1
 76
1
 98
0
  0
LWPOLYLINE
  5
AE
330
17
100
AcDbEntity
  8
AR-WALLS
370
15
420
8355711
100
AcDbPolyline
 90
5
 70
1
 10
12120.0
 20
12440.0
 10
12120.0
 20
19631.0
 10
11960.0
 20
19631.0
 10
11960.0
 20
12440.0
 10
12120.0
 20
12440.0
  0
HATCH
  5
AF
330
17
100
AcDbEntity
  8
AR-WALLS
 62
7
420
10132122
100
AcDbHatch
 10
0.0
 20
0.0
 30
0.0
210
0.0
220
0.0
230
1.0
  2
SOLID
 70
1
 71
0
 91
1
 92
3
 72
0
 73
1
 93
5
 10
7670.0
 20
19421.0
 10
7809.999999999999
 20
19421.0
 10
7809.999999999999
 20
15330.000000000002
 10
7670.0
 20
15330.000000000002
 10
7670.0
 20
19421.0
 97
0
 75
1
 76
1
 98
0
  0
LWPOLYLINE
  5
B0
330
17
100
AcDbEntity
  8
AR-WALLS
370
15
420
8355711
100
AcDbPolyline
 90
5
 70
1
 10
7670.0
 20
19421.0
 10
7809.999999999999
 20
19421.0
 10
7809.999999999999
 20
15330.000000000002
 10
7670.0
 20
15330.000000000002
 10
7670.0
 20
19421.0
  0
HATCH
  5
B1
330
17
100
AcDbEntity
  8
AR-WALLS
 62
7
420
10132122
100
AcDbHatch
 10
0.0
 20
0.0
 30
0.0
210
0.0
220
0.0
230
1.0
  2
SOLID
 70
1
 71
0
 91
1
 92
3
 72
0
 73
1
 93
5
 10
7820.0
 20
14230.000000000002
 10
7820.0
 20
14090.0
 10
6820.0
 20
14090.0
 10
6820.0
 20
14230.000000000002
 10
7820.0
 20
14230.000000000002
 97
0
 75
1
 76
1
 98
0
  0
LWPOLYLINE
  5
B2
330
17
100
AcDbEntity
  8
AR-WALLS
370
15
420
8355711
100
AcDbPolyline
 90
5
 70
1
 10
7820.0
 20
14230.000000000002
 10
7820.0
 20
14090.0
 10
6820.0
 20
14090.0
 10
6820.0
 20
14230.000000000002
 10
7820.0
 20
14230.000000000002
  0
HATCH
  5
B3
330
17
100
AcDbEntity
  8
AR-WALLS
 62
7
420
10132122
100
AcDbHatch
 10
0.0
 20
0.0
 30
0.0
210
0.0
220
0.0
230
1.0
  2
SOLID
 70
1
 71
0
 91
1
 92
3
 72
0
 73
1
 93
5
 10
4290.000000000001
 20
14090.0
 10
4290.000000000001
 20
14230.000000000002
 10
5050.0
 20
14230.000000000002
 10
5050.0
 20
14090.0
 10
4290.000000000001
 20
14090.0
 97
0
 75
1
 76
1
 98
0
  0
LWPOLYLINE
  5
B4
330
17
100
AcDbEntity
  8
AR-WALLS
370
15
420
8355711
100
AcDbPolyline
 90
5
 70
1
 10
4290.000000000001
 20
14090.0
 10
4290.000000000001
 20
14230.000000000002
 10
5050.0
 20
14230.000000000002
 10
5050.0
 20
14090.0
 10
4290.000000000001
 20
14090.0
  0
HATCH
  5
B5
330
17
100
AcDbEntity
  8
AR-WALLS
 62
7
420
10132122
100
AcDbHatch
 10
0.0
 20
0.0
 30
0.0
210
0.0
220
0.0
230
1.0
  2
SOLID
 70
1
 71
0
 91
1
 92
3
 72
0
 73
1
 93
5
 10
8460.0
 20
10510.0
 10
8460.0
 20
12521.0
 10
8380.0
 20
12521.0
 10
8380.0
 20
10510.0
 10
8460.0
 20
10510.0
 97
0
 75
1
 76
1
 98
0
  0
LWPOLYLINE
  5
B6
330
17
100
AcDbEntity
  8
AR-WALLS
370
15
420
8355711
100
AcDbPolyline
 90
5
 70
1
 10
8460.0
 20
10510.0
 10
8460.0
 20
12521.0
 10
8380.0
 20
12521.0
 10
8380.0
 20
10510.0
 10
8460.0
 20
10510.0
  0
HATCH
  5
B7
330
17
100
AcDbEntity
  8
AR-WALLS
 62
7
420
10132122
100
AcDbHatch
 10
0.0
 20
0.0
 30
0.0
210
0.0
220
0.0
230
1.0
  2
SOLID
 70
1
 71
0
 91
1
 92
3
 72
0
 73
1
 93
5
 10
8380.0
 20
12521.0
 10
8860.0
 20
12521.0
 10
8860.0
 20
12441.0
 10
8380.0
 20
12441.0
 10
8380.0
 20
12521.0
 97
0
 75
1
 76
1
 98
0
  0
LWPOLYLINE
  5
B8
330
17
100
AcDbEntity
  8
AR-WALLS
370
15
420
8355711
100
AcDbPolyline
 90
5
 70
1
 10
8380.0
 20
12521.0
 10
8860.0
 20
12521.0
 10
8860.0
 20
12441.0
 10
8380.0
 20
12441.0
 10
8380.0
 20
12521.0
  0
HATCH
  5
B9
330
17
100
AcDbEntity
  8
AR-WALLS
 62
7
420
10132122
100
AcDbHatch
 10
0.0
 20
0.0
 30
0.0
210
0.0
220
0.0
230
1.0
  2
SOLID
 70
1
 71
0
 91
1
 92
3
 72
0
 73
1
 93
5
 10
9110.0
 20
14231.0
 10
9110.0
 20
14760.0
 10
9190.0
 20
14760.0
 10
9190.0
 20
14231.0
 10
9110.0
 20
14231.0
 97
0
 75
1
 76
1
 98
0
  0
LWPOLYLINE
  5
BA
330
17
100
AcDbEntity
  8
AR-WALLS
370
15
420
8355711
100
AcDbPolyline
 90
5
 70
1
 10
9110.0
 20
14231.0
 10
9110.0
 20
14760.0
 10
9190.0
 20
14760.0
 10
9190.0
 20
14231.0
 10
9110.0
 20
14231.0
  0
HATCH
  5
BB
330
17
100
AcDbEntity
  8
AR-WALLS
 62
7
420
10132122
100
AcDbHatch
 10
0.0
 20
0.0
 30
0.0
210
0.0
220
0.0
230
1.0
  2
SOLID
 70
1
 71
0
 91
1
 92
3
 72
0
 73
1
 93
5
 10
9190.0
 20
16480.0
 10
9190.0
 20
16041.000000000002
 10
9110.0
 20
16041.000000000002
 10
9110.0
 20
16480.0
 10
9190.0
 20
16480.0
 97
0
 75
1
 76
1
 98
0
  0
LWPOLYLINE
  5
BC
330
17
100
AcDbEntity
  8
AR-WALLS
370
15
420
8355711
100
AcDbPolyline
 90
5
 70
1
 10
9190.0
 20
16480.0
 10
9190.0
 20
16041.000000000002
 10
9110.0
 20
16041.000000000002
 10
9110.0
 20
16480.0
 10
9190.0
 20
16480.0
  0
HATCH
  5
BD
330
17
100
AcDbEntity
  8
AR-WALLS
 62
7
420
10132122
100
AcDbHatch
 10
0.0
 20
0.0
 30
0.0
210
0.0
220
0.0
230
1.0
  2
SOLID
 70
1
 71
0
 91
1
 92
3
 72
0
 73
1
 93
5
 10
11911.0
 20
14231.0
 10
11911.0
 20
14311.000000000002
 10
9110.0
 20
14311.000000000002
 10
9110.0
 20
14231.0
 10
11911.0
 20
14231.0
 97
0
 75
1
 76
1
 98
0
  0
LWPOLYLINE
  5
BE
330
17
100
AcDbEntity
  8
AR-WALLS
370
15
420
8355711
100
AcDbPolyline
 90
5
 70
1
 10
11911.0
 20
14231.0
 10
11911.0
 20
14311.000000000002
 10
9110.0
 20
14311.000000000002
 10
9110.0
 20
14231.0
 10
11911.0
 20
14231.0
  0
HATCH
  5
BF
330
17
100
AcDbEntity
  8
AR-WALLS
 62
7
420
10132122
100
AcDbHatch
 10
0.0
 20
0.0
 30
0.0
210
0.0
220
0.0
230
1.0
  2
SOLID
 70
1
 71
0
 91
1
 92
3
 72
0
 73
1
 93
5
 10
11911.0
 20
12521.0
 10
11911.0
 20
16480.0
 10
11831.0
 20
16480.0
 10
11831.0
 20
12521.0
 10
11911.0
 20
12521.0
 97
0
 75
1
 76
1
 98
0
  0
LWPOLYLINE
  5
C0
330
17
100
AcDbEntity
  8
AR-WALLS
370
15
420
8355711
100
AcDbPolyline
 90
5
 70
1
 10
11911.0
 20
12521.0
 10
11911.0
 20
16480.0
 10
11831.0
 20
16480.0
 10
11831.0
 20
12521.0
 10
11911.0
 20
12521.0
  0
HATCH
  5
C1
330
17
100
AcDbEntity
  8
AR-WALLS
 62
7
420
10132122
100
AcDbHatch
 10
0.0
 20
0.0
 30
0.0
210
0.0
220
0.0
230
1.0
  2
SOLID
 70
1
 71
0
 91
1
 92
3
 72
0
 73
1
 93
5
 10
11911.0
 20
16351.0
 10
11911.0
 20
16431.0
 10
9110.0
 20
16431.0
 10
9110.0
 20
16351.0
 10
11911.0
 20
16351.0
 97
0
 75
1
 76
1
 98
0
  0
LWPOLYLINE
  5
C2
330
17
100
AcDbEntity
  8
AR-WALLS
370
15
420
8355711
100
AcDbPolyline
 90
5
 70
1
 10
11911.0
 20
16351.0
 10
11911.0
 20
16431.0
 10
9110.0
 20
16431.0
 10
9110.0
 20
16351.0
 10
11911.0
 20
16351.0
  0
HATCH
  5
C3
330
17
100
AcDbEntity
  8
AR-WALLS
 62
7
420
10132122
100
AcDbHatch
 10
0.0
 20
0.0
 30
0.0
210
0.0
220
0.0
230
1.0
  2
SOLID
 70
1
 71
0
 91
1
 92
3
 72
0
 73
1
 93
5
 10
11960.0
 20
16480.0
 10
11960.0
 20
16560.000000000004
 10
9110.0
 20
16560.000000000004
 10
9110.0
 20
16480.0
 10
11960.0
 20
16480.0
 97
0
 75
1
 76
1
 98
0
  0
LWPOLYLINE
  5
C4
330
17
100
AcDbEntity
  8
AR-WALLS
370
15
420
8355711
100
AcDbPolyline
 90
5
 70
1
 10
11960.0
 20
16480.0
 10
11960.0
 20
16560.000000000004
 10
9110.0
 20
16560.000000000004
 10
9110.0
 20
16480.0
 10
11960.0
 20
16480.0
  0
HATCH
  5
C5
330
17
100
AcDbEntity
  8
AR-WALLS
 62
7
420
10132122
100
AcDbHatch
 10
0.0
 20
0.0
 30
0.0
210
0.0
220
0.0
230
1.0
  2
SOLID
 70
1
 71
0
 91
1
 92
3
 72
0
 73
1
 93
5
 10
4269.0
 20
18491.000000000004
 10
4269.0
 20
19661.0
 10
4050.0
 20
19661.0
 10
4050.0
 20
18491.000000000004
 10
4269.0
 20
18491.000000000004
 97
0
 75
1
 76
1
 98
0
  0
LWPOLYLINE
  5
C6
330
17
100
AcDbEntity
  8
AR-WALLS
370
15
420
8355711
100
AcDbPolyline
 90
5
 70
1
 10
4269.0
 20
18491.000000000004
 10
4269.0
 20
19661.0
 10
4050.0
 20
19661.0
 10
4050.0
 20
18491.000000000004
 10
4269.0
 20
18491.000000000004
  0
HATCH
  5
C7
330
17
100
AcDbEntity
  8
AR-NEW
 62
7
420
12895428
100
AcDbHatch
 10
0.0
 20
0.0
 30
0.0
210
0.0
220
0.0
230
1.0
  2
SOLID
 70
1
 71
0
 91
1
 92
3
 72
0
 73
1
 93
5
 10
6820.0
 20
14091.0
 10
6820.0
 20
14231.0
 10
5050.0
 20
14231.0
 10
5050.0
 20
14091.0
 10
6820.0
 20
14091.0
 97
0
 75
1
 76
1
 98
0
  0
LWPOLYLINE
  5
C8
330
17
100
AcDbEntity
  8
AR-NEW
370
15
420
8355711
100
AcDbPolyline
 90
5
 70
1
 10
6820.0
 20
14091.0
 10
6820.0
 20
14231.0
 10
5050.0
 20
14231.0
 10
5050.0
 20
14091.0
 10
6820.0
 20
14091.0
  0
HATCH
  5
C9
330
17
100
AcDbEntity
  8
AR-NEW
 62
7
420
12895428
100
AcDbHatch
 10
0.0
 20
0.0
 30
0.0
210
0.0
220
0.0
230
1.0
  2
SOLID
 70
1
 71
0
 91
1
 92
3
 72
0
 73
1
 93
5
 10
9110.0
 20
16561.0
 10
9110.0
 20
16481.0
 10
8770.0
 20
16481.0
 10
8770.0
 20
16561.0
 10
9110.0
 20
16561.0
 97
0
 75
1
 76
1
 98
0
  0
LWPOLYLINE
  5
CA
330
17
100
AcDbEntity
  8
AR-NEW
370
15
420
8355711
100
AcDbPolyline
 90
5
 70
1
 10
9110.0
 20
16561.0
 10
9110.0
 20
16481.0
 10
8770.0
 20
16481.0
 10
8770.0
 20
16561.0
 10
9110.0
 20
16561.0
  0
HATCH
  5
CB
330
17
100
AcDbEntity
  8
AR-NEW
 62
7
420
12895428
100
AcDbHatch
 10
0.0
 20
0.0
 30
0.0
210
0.0
220
0.0
230
1.0
  2
SOLID
 70
1
 71
0
 91
1
 92
3
 72
0
 73
1
 93
5
 10
7809.999999999999
 20
16481.0
 10
7809.999999999999
 20
16561.0
 10
7890.000000000001
 20
16561.0
 10
7890.000000000001
 20
16481.0
 10
7809.999999999999
 20
16481.0
 97
0
 75
1
 76
1
 98
0
  0
LWPOLYLINE
  5
CC
330
17
100
AcDbEntity
  8
AR-NEW
370
15
420
8355711
100
AcDbPolyline
 90
5
 70
1
 10
7809.999999999999
 20
16481.0
 10
7809.999999999999
 20
16561.0
 10
7890.000000000001
 20
16561.0
 10
7890.000000000001
 20
16481.0
 10
7809.999999999999
 20
16481.0
  0
HATCH
  5
CD
330
17
100
AcDbEntity
  8
AR-NEW
 62
7
420
12895428
100
AcDbHatch
 10
0.0
 20
0.0
 30
0.0
210
0.0
220
0.0
230
1.0
  2
SOLID
 70
1
 71
0
 91
1
 92
3
 72
0
 73
1
 93
5
 10
9190.0
 20
15560.0
 10
9190.0
 20
16041.000000000002
 10
9110.0
 20
16041.000000000002
 10
9110.0
 20
15560.0
 10
9190.0
 20
15560.0
 97
0
 75
1
 76
1
 98
0
  0
LWPOLYLINE
  5
CE
330
17
100
AcDbEntity
  8
AR-NEW
370
15
420
8355711
100
AcDbPolyline
 90
5
 70
1
 10
9190.0
 20
15560.0
 10
9190.0
 20
16041.000000000002
 10
9110.0
 20
16041.000000000002
 10
9110.0
 20
15560.0
 10
9190.0
 20
15560.0
  0
HATCH
  5
CF
330
17
100
AcDbEntity
  8
AR-NEW
 62
7
420
12895428
100
AcDbHatch
 10
0.0
 20
0.0
 30
0.0
210
0.0
220
0.0
230
1.0
  2
SOLID
 70
1
 71
0
 91
1
 92
3
 72
0
 73
1
 93
5
 10
10200.0
 20
12441.0
 10
10200.0
 20
12521.0
 10
9660.0
 20
12521.0
 10
9660.0
 20
12441.0
 10
10200.0
 20
12441.0
 97
0
 75
1
 76
1
 98
0
  0
LWPOLYLINE
  5
D0
330
17
100
AcDbEntity
  8
AR-NEW
370
15
420
8355711
100
AcDbPolyline
 90
5
 70
1
 10
10200.0
 20
12441.0
 10
10200.0
 20
12521.0
 10
9660.0
 20
12521.0
 10
9660.0
 20
12441.0
 10
10200.0
 20
12441.0
  0
HATCH
  5
D1
330
17
100
AcDbEntity
  8
AR-NEW
 62
7
420
12895428
100
AcDbHatch
 10
0.0
 20
0.0
 30
0.0
210
0.0
220
0.0
230
1.0
  2
SOLID
 70
1
 71
0
 91
1
 92
3
 72
0
 73
1
 93
5
 10
7809.999999999999
 20
15131.0
 10
7809.999999999999
 20
15330.000000000002
 10
7670.0
 20
15330.000000000002
 10
7670.0
 20
15131.0
 10
7809.999999999999
 20
15131.0
 97
0
 75
1
 76
1
 98
0
  0
LWPOLYLINE
  5
D2
330
17
100
AcDbEntity
  8
AR-NEW
370
15
420
8355711
100
AcDbPolyline
 90
5
 70
1
 10
7809.999999999999
 20
15131.0
 10
7809.999999999999
 20
15330.000000000002
 10
7670.0
 20
15330.000000000002
 10
7670.0
 20
15131.0
 10
7809.999999999999
 20
15131.0
  0
HATCH
  5
D3
330
17
100
AcDbEntity
  8
AR-NEW
 62
7
420
13948116
100
AcDbHatch
 10
0.0
 20
0.0
 30
0.0
210
0.0
220
0.0
230
1.0
  2
SOLID
 70
1
 71
0
 91
1
 92
3
 72
0
 73
1
 93
5
 10
11831.0
 20
15060.0
 10
11831.0
 20
16026.0
 10
11736.0
 20
16026.0
 10
11736.0
 20
15060.0
 10
11831.0
 20
15060.0
 97
0
 75
1
 76
1
 98
0
  0
LWPOLYLINE
  5
D4
330
17
100
AcDbEntity
  8
AR-NEW
370
13
420
9408399
100
AcDbPolyline
 90
5
 70
1
 10
11831.0
 20
15060.0
 10
11831.0
 20
16026.0
 10
11736.0
 20
16026.0
 10
11736.0
 20
15060.0
 10
11831.0
 20
15060.0
  0
HATCH
  5
D5
330
17
100
AcDbEntity
  8
AR-NEW
 62
7
420
13948116
100
AcDbHatch
 10
0.0
 20
0.0
 30
0.0
210
0.0
220
0.0
230
1.0
  2
SOLID
 70
1
 71
0
 91
1
 92
3
 72
0
 73
1
 93
5
 10
11153.0
 20
16026.0
 10
11153.0
 20
16351.0
 10
10931.0
 20
16351.0
 10
10931.0
 20
16026.0
 10
11153.0
 20
16026.0
 97
0
 75
1
 76
1
 98
0
  0
LWPOLYLINE
  5
D6
330
17
100
AcDbEntity
  8
AR-NEW
370
13
420
9408399
100
AcDbPolyline
 90
5
 70
1
 10
11153.0
 20
16026.0
 10
11153.0
 20
16351.0
 10
10931.0
 20
16351.0
 10
10931.0
 20
16026.0
 10
11153.0
 20
16026.0
  0
HATCH
  5
D7
330
17
100
AcDbEntity
  8
AR-NEW
 62
7
420
13948116
100
AcDbHatch
 10
0.0
 20
0.0
 30
0.0
210
0.0
220
0.0
230
1.0
  2
SOLID
 70
1
 71
0
 91
1
 92
3
 72
0
 73
1
 93
5
 10
9990.0
 20
16001.0
 10
9990.0
 20
16351.0
 10
9791.0
 20
16351.0
 10
9791.0
 20
16001.0
 10
9990.0
 20
16001.0
 97
0
 75
1
 76
1
 98
0
  0
LWPOLYLINE
  5
D8
330
17
100
AcDbEntity
  8
AR-NEW
370
13
420
9408399
100
AcDbPolyline
 90
5
 70
1
 10
9990.0
 20
16001.0
 10
9990.0
 20
16351.0
 10
9791.0
 20
16351.0
 10
9791.0
 20
16001.0
 10
9990.0
 20
16001.0
  0
HATCH
  5
D9
330
17
100
AcDbEntity
  8
AR-WALLS
 62
7
420
16777215
100
AcDbHatch
 10
0.0
 20
0.0
 30
0.0
210
0.0
220
0.0
230
1.0
  2
SOLID
 70
1
 71
0
 91
1
 92
3
 72
0
 73
1
 93
4
 10
1659.0
 20
10380.0
 10
1759.0
 20
10380.0
 10
1759.0
 20
13728.0
 10
1659.0
 20
13728.0
 97
0
 75
1
 76
1
 98
0
  0
LWPOLYLINE
  5
DA
330
17
100
AcDbEntity
  8
AR-WALLS
370
20
420
10132122
100
AcDbPolyline
 90
4
 70
1
 10
1659.0
 20
10380.0
 10
1759.0
 20
10380.0
 10
1759.0
 20
13728.0
 10
1659.0
 20
13728.0
  0
LWPOLYLINE
  5
DB
330
17
100
AcDbEntity
  8
AR-WALLS
370
15
420
10132122
100
AcDbPolyline
 90
2
 70
0
 10
1709.0
 20
10380.0
 10
1709.0
 20
13728.0
  0
HATCH
  5
DC
330
17
100
AcDbEntity
  8
AR-WALLS
 62
7
420
16777215
100
AcDbHatch
 10
0.0
 20
0.0
 30
0.0
210
0.0
220
0.0
230
1.0
  2
SOLID
 70
1
 71
0
 91
1
 92
3
 72
0
 73
1
 93
4
 10
1709.0
 20
13678.0
 10
3870.0000000000005
 20
13678.0
 10
3870.0000000000005
 20
13778.0
 10
1709.0
 20
13778.0
 97
0
 75
1
 76
1
 98
0
  0
LWPOLYLINE
  5
DD
330
17
100
AcDbEntity
  8
AR-WALLS
370
20
420
10132122
100
AcDbPolyline
 90
4
 70
1
 10
1709.0
 20
13678.0
 10
3870.0000000000005
 20
13678.0
 10
3870.0000000000005
 20
13778.0
 10
1709.0
 20
13778.0
  0
LWPOLYLINE
  5
DE
330
17
100
AcDbEntity
  8
AR-WALLS
370
15
420
10132122
100
AcDbPolyline
 90
2
 70
0
 10
1709.0
 20
13728.0
 10
3870.0000000000005
 20
13728.0
  0
HATCH
  5
DF
330
17
100
AcDbEntity
  8
AR-WALLS
 62
7
420
16777215
100
AcDbHatch
 10
0.0
 20
0.0
 30
0.0
210
0.0
220
0.0
230
1.0
  2
SOLID
 70
1
 71
0
 91
1
 92
3
 72
0
 73
1
 93
4
 10
1709.0
 20
10330.0
 10
3870.0000000000005
 20
10330.0
 10
3870.0000000000005
 20
10430.0
 10
1709.0
 20
10430.0
 97
0
 75
1
 76
1
 98
0
  0
LWPOLYLINE
  5
E0
330
17
100
AcDbEntity
  8
AR-WALLS
370
20
420
10132122
100
AcDbPolyline
 90
4
 70
1
 10
1709.0
 20
10330.0
 10
3870.0000000000005
 20
10330.0
 10
3870.0000000000005
 20
10430.0
 10
1709.0
 20
10430.0
  0
LWPOLYLINE
  5
E1
330
17
100
AcDbEntity
  8
AR-WALLS
370
15
420
10132122
100
AcDbPolyline
 90
2
 70
0
 10
1709.0
 20
10380.0
 10
3870.0000000000005
 20
10380.0
  0
HATCH
  5
E2
330
17
100
AcDbEntity
  8
AR-WALLS
 62
7
420
16777215
100
AcDbHatch
 10
0.0
 20
0.0
 30
0.0
210
0.0
220
0.0
230
1.0
  2
SOLID
 70
1
 71
0
 91
1
 92
3
 72
0
 73
1
 93
4
 10
3870.0000000000005
 20
16196.0
 10
4290.000000000001
 20
16196.0
 10
4290.000000000001
 20
18056.0
 10
3870.0000000000005
 20
18056.0
 97
0
 75
1
 76
1
 98
0
  0
LWPOLYLINE
  5
E3
330
17
100
AcDbEntity
  8
AR-WALLS
370
20
420
10132122
100
AcDbPolyline
 90
4
 70
1
 10
3870.0000000000005
 20
16196.0
 10
4290.000000000001
 20
16196.0
 10
4290.000000000001
 20
18056.0
 10
3870.0000000000005
 20
18056.0
  0
LWPOLYLINE
  5
E4
330
17
100
AcDbEntity
  8
AR-WALLS
370
15
420
10132122
100
AcDbPolyline
 90
2
 70
0
 10
4046.3999999999996
 20
16196.0
 10
4046.3999999999996
 20
18056.0
  0
LWPOLYLINE
  5
E5
330
17
100
AcDbEntity
  8
AR-WALLS
370
15
420
10132122
100
AcDbPolyline
 90
2
 70
0
 10
4113.599999999999
 20
16196.0
 10
4113.599999999999
 20
18056.0
  0
HATCH
  5
E6
330
17
100
AcDbEntity
  8
AR-WALLS
 62
7
420
16777215
100
AcDbHatch
 10
0.0
 20
0.0
 30
0.0
210
0.0
220
0.0
230
1.0
  2
SOLID
 70
1
 71
0
 91
1
 92
3
 72
0
 73
1
 93
4
 10
5170.0
 20
19421.0
 10
7030.000000000001
 20
19421.0
 10
7030.000000000001
 20
19841.000000000004
 10
5170.0
 20
19841.000000000004
 97
0
 75
1
 76
1
 98
0
  0
LWPOLYLINE
  5
E7
330
17
100
AcDbEntity
  8
AR-WALLS
370
20
420
10132122
100
AcDbPolyline
 90
4
 70
1
 10
5170.0
 20
19421.0
 10
7030.000000000001
 20
19421.0
 10
7030.000000000001
 20
19841.000000000004
 10
5170.0
 20
19841.000000000004
  0
LWPOLYLINE
  5
E8
330
17
100
AcDbEntity
  8
AR-WALLS
370
15
420
10132122
100
AcDbPolyline
 90
2
 70
0
 10
5170.0
 20
19597.399999999998
 10
7030.000000000001
 20
19597.399999999998
  0
LWPOLYLINE
  5
E9
330
17
100
AcDbEntity
  8
AR-WALLS
370
15
420
10132122
100
AcDbPolyline
 90
2
 70
0
 10
5170.0
 20
19664.600000000002
 10
7030.000000000001
 20
19664.600000000002
  0
HATCH
  5
EA
330
17
100
AcDbEntity
  8
AR-WALLS
 62
7
420
16777215
100
AcDbHatch
 10
0.0
 20
0.0
 30
0.0
210
0.0
220
0.0
230
1.0
  2
SOLID
 70
1
 71
0
 91
1
 92
3
 72
0
 73
1
 93
4
 10
8810.0
 20
19421.0
 10
10671.0
 20
19421.0
 10
10671.0
 20
19841.000000000004
 10
8810.0
 20
19841.000000000004
 97
0
 75
1
 76
1
 98
0
  0
LWPOLYLINE
  5
EB
330
17
100
AcDbEntity
  8
AR-WALLS
370
20
420
10132122
100
AcDbPolyline
 90
4
 70
1
 10
8810.0
 20
19421.0
 10
10671.0
 20
19421.0
 10
10671.0
 20
19841.000000000004
 10
8810.0
 20
19841.000000000004
  0
LWPOLYLINE
  5
EC
330
17
100
AcDbEntity
  8
AR-WALLS
370
15
420
10132122
100
AcDbPolyline
 90
2
 70
0
 10
8810.0
 20
19597.399999999998
 10
10671.0
 20
19597.399999999998
  0
LWPOLYLINE
  5
ED
330
17
100
AcDbEntity
  8
AR-WALLS
370
15
420
10132122
100
AcDbPolyline
 90
2
 70
0
 10
8810.0
 20
19664.600000000002
 10
10671.0
 20
19664.600000000002
  0
LWPOLYLINE
  5
EE
330
17
100
AcDbEntity
  8
AR-WALLS
370
35
420
10132122
100
AcDbPolyline
 90
2
 70
0
 10
7670.0
 20
14231.0
 10
6870.0
 20
14231.0
  0
ARC
  5
EF
330
17
100
AcDbEntity
  8
AR-WALLS
370
15
420
10132122
100
AcDbCircle
 10
7670.0
 20
14231.0
 30
0.0
 40
800.0
100
AcDbArc
 50
90.0
 51
180.0
  0
LWPOLYLINE
  5
F0
330
17
100
AcDbEntity
  8
AR-WALLS
370
35
420
10132122
100
AcDbPolyline
 90
2
 70
0
 10
7890.000000000001
 20
16561.0
 10
7890.000000000001
 20
17361.0
  0
ARC
  5
F1
330
17
100
AcDbEntity
  8
AR-WALLS
370
15
420
10132122
100
AcDbCircle
 10
7890.000000000001
 20
16561.0
 30
0.0
 40
800.0
100
AcDbArc
 50
0.0
 51
90.0
  0
LWPOLYLINE
  5
F2
330
17
100
AcDbEntity
  8
AR-WALLS
370
35
420
10132122
100
AcDbPolyline
 90
2
 70
0
 10
9110.0
 20
14760.0
 10
8410.0
 20
14760.0
  0
ARC
  5
F3
330
17
100
AcDbEntity
  8
AR-WALLS
370
15
420
10132122
100
AcDbCircle
 10
9110.0
 20
14760.0
 30
0.0
 40
700.0
100
AcDbArc
 50
90.0
 51
180.0
  0
LWPOLYLINE
  5
F4
330
17
100
AcDbEntity
  8
AR-WALLS
370
35
420
10132122
100
AcDbPolyline
 90
2
 70
0
 10
8860.0
 20
12521.0
 10
8860.0
 20
13221.0
  0
ARC
  5
F5
330
17
100
AcDbEntity
  8
AR-WALLS
370
15
420
10132122
100
AcDbCircle
 10
8860.0
 20
12521.0
 30
0.0
 40
700.0
100
AcDbArc
 50
0.0
 51
90.0
  0
LWPOLYLINE
  5
F6
330
17
100
AcDbEntity
  8
AR-WALLS
370
35
420
10132122
100
AcDbPolyline
 90
2
 70
0
 10
10510.0
 20
12360.0
 10
10510.0
 20
11320.0
  0
ARC
  5
F7
330
17
100
AcDbEntity
  8
AR-WALLS
370
15
420
10132122
100
AcDbCircle
 10
10510.0
 20
12360.0
 30
0.0
 40
1040.0
100
AcDbArc
 50
270.0
 51
360.0
  0
LWPOLYLINE
  5
F8
330
17
100
AcDbEntity
  8
FURN
370
15
420
12105912
100
AcDbPolyline
 90
4
 70
1
 10
4290.000000000001
 20
10510.0
 10
4890.0
 20
10510.0
 10
4890.0
 20
11090.0
 10
4290.000000000001
 20
11090.0
  0
LWPOLYLINE
  5
F9
330
17
100
AcDbEntity
  8
FURN
370
15
420
12105912
100
AcDbPolyline
 90
4
 70
1
 10
4890.0
 20
10510.0
 10
5340.0
 20
10510.0
 10
5340.0
 20
11130.0
 10
4890.0
 20
11130.0
  0
LWPOLYLINE
  5
FA
330
17
100
AcDbEntity
  8
FURN
370
15
420
12105912
100
AcDbPolyline
 90
4
 70
1
 10
5340.0
 20
10510.0
 10
5940.0
 20
10510.0
 10
5940.0
 20
11130.0
 10
5340.0
 20
11130.0
  0
LWPOLYLINE
  5
FB
330
17
100
AcDbEntity
  8
FURN
370
15
420
12105912
100
AcDbPolyline
 90
4
 70
1
 10
5940.0
 20
10510.0
 10
6540.000000000001
 20
10510.0
 10
6540.000000000001
 20
11130.0
 10
5940.0
 20
11130.0
  0
LWPOLYLINE
  5
FC
330
17
100
AcDbEntity
  8
FURN
370
15
420
12105912
100
AcDbPolyline
 90
4
 70
1
 10
6540.000000000001
 20
10510.0
 10
7140.000000000001
 20
10510.0
 10
7140.000000000001
 20
11130.0
 10
6540.000000000001
 20
11130.0
  0
LWPOLYLINE
  5
FD
330
17
100
AcDbEntity
  8
FURN
370
15
420
12105912
100
AcDbPolyline
 90
4
 70
1
 10
7140.000000000001
 20
10510.0
 10
7740.000000000001
 20
10510.0
 10
7740.000000000001
 20
11130.0
 10
7140.000000000001
 20
11130.0
  0
LWPOLYLINE
  5
FE
330
17
100
AcDbEntity
  8
FURN
370
15
420
12105912
100
AcDbPolyline
 90
4
 70
1
 10
7740.000000000001
 20
10510.0
 10
8340.0
 20
10510.0
 10
8340.0
 20
11130.0
 10
7740.000000000001
 20
11130.0
  0
LWPOLYLINE
  5
FF
330
17
100
AcDbEntity
  8
FURN
370
15
420
12105912
100
AcDbPolyline
 90
4
 70
1
 10
8340.0
 20
10510.0
 10
8380.0
 20
10510.0
 10
8380.0
 20
11130.0
 10
8340.0
 20
11130.0
  0
LWPOLYLINE
  5
100
330
17
100
AcDbEntity
  8
FURN
  6
DOT
370
15
 48
150.0
420
12105912
100
AcDbPolyline
 90
4
 70
1
 10
4890.0
 20
10510.0
 10
8340.0
 20
10510.0
 10
8340.0
 20
11150.0
 10
4890.0
 20
11150.0
  0
LWPOLYLINE
  5
101
330
17
100
AcDbEntity
  8
FURN
  6
DASHED
370
15
 48
150.0
420
12105912
100
AcDbPolyline
 90
4
 70
1
 10
4890.0
 20
10510.0
 10
5340.0
 20
10510.0
 10
5340.0
 20
10860.0
 10
4890.0
 20
10860.0
  0
LWPOLYLINE
  5
102
330
17
100
AcDbEntity
  8
FURN
  6
DASHED
370
15
 48
150.0
420
12105912
100
AcDbPolyline
 90
4
 70
1
 10
5340.0
 20
10510.0
 10
5940.0
 20
10510.0
 10
5940.0
 20
10860.0
 10
5340.0
 20
10860.0
  0
LWPOLYLINE
  5
103
330
17
100
AcDbEntity
  8
FURN
  6
DASHED
370
15
 48
150.0
420
12105912
100
AcDbPolyline
 90
4
 70
1
 10
5940.0
 20
10510.0
 10
6540.000000000001
 20
10510.0
 10
6540.000000000001
 20
10860.0
 10
5940.0
 20
10860.0
  0
LWPOLYLINE
  5
104
330
17
100
AcDbEntity
  8
FURN
  6
DASHED
370
15
 48
150.0
420
12105912
100
AcDbPolyline
 90
4
 70
1
 10
6540.000000000001
 20
10510.0
 10
7140.000000000001
 20
10510.0
 10
7140.000000000001
 20
10860.0
 10
6540.000000000001
 20
10860.0
  0
LWPOLYLINE
  5
105
330
17
100
AcDbEntity
  8
FURN
  6
DASHED
370
15
 48
150.0
420
12105912
100
AcDbPolyline
 90
4
 70
1
 10
7140.000000000001
 20
10510.0
 10
7740.000000000001
 20
10510.0
 10
7740.000000000001
 20
10860.0
 10
7140.000000000001
 20
10860.0
  0
LWPOLYLINE
  5
106
330
17
100
AcDbEntity
  8
FURN
  6
DASHED
370
15
 48
150.0
420
12105912
100
AcDbPolyline
 90
4
 70
1
 10
5350.0
 20
10530.0
 10
5930.0
 20
10530.0
 10
5930.0
 20
11050.0
 10
5350.0
 20
11050.0
  0
CIRCLE
  5
107
330
17
100
AcDbEntity
  8
FURN
370
13
420
12105912
100
AcDbCircle
 10
5524.0
 20
10686.0
 30
0.0
 40
72.80000000000001
  0
CIRCLE
  5
108
330
17
100
AcDbEntity
  8
FURN
370
13
420
12105912
100
AcDbCircle
 10
5524.0
 20
10894.0
 30
0.0
 40
72.80000000000001
  0
CIRCLE
  5
109
330
17
100
AcDbEntity
  8
FURN
370
13
420
12105912
100
AcDbCircle
 10
5756.0
 20
10686.0
 30
0.0
 40
72.80000000000001
  0
CIRCLE
  5
10A
330
17
100
AcDbEntity
  8
FURN
370
13
420
12105912
100
AcDbCircle
 10
5756.0
 20
10894.0
 30
0.0
 40
72.80000000000001
  0
LWPOLYLINE
  5
10B
330
17
100
AcDbEntity
  8
FURN
  6
DASHED
370
15
 48
150.0
420
12105912
100
AcDbPolyline
 90
4
 70
1
 10
5340.0
 20
10510.0
 10
5940.0
 20
10510.0
 10
5940.0
 20
11070.0
 10
5340.0
 20
11070.0
  0
LWPOLYLINE
  5
10C
330
17
100
AcDbEntity
  8
FURN
  6
DASHED
370
15
 48
150.0
420
12105912
100
AcDbPolyline
 90
4
 70
1
 10
5340.0
 20
10510.0
 10
5940.0
 20
10510.0
 10
5940.0
 20
10810.0
 10
5340.0
 20
10810.0
  0
LWPOLYLINE
  5
10D
330
17
100
AcDbEntity
  8
FURN
  6
DASHED
370
15
 48
150.0
420
12105912
100
AcDbPolyline
 90
4
 70
1
 10
7740.000000000001
 20
10510.0
 10
8340.0
 20
10510.0
 10
8340.0
 20
11070.0
 10
7740.000000000001
 20
11070.0
  0
LWPOLYLINE
  5
10E
330
17
100
AcDbEntity
  8
FURN
  6
DASHED
370
15
 48
150.0
420
12105912
100
AcDbPolyline
 90
4
 70
1
 10
6590.000000000001
 20
10570.0
 10
7090.000000000001
 20
10570.0
 10
7090.000000000001
 20
11020.0
 10
6590.000000000001
 20
11020.0
  0
CIRCLE
  5
10F
330
17
100
AcDbEntity
  8
FURN
370
13
420
12105912
100
AcDbCircle
 10
6840.000000000001
 20
10795.0
 30
0.0
 40
135.0
  0
LWPOLYLINE
  5
110
330
17
100
AcDbEntity
  8
FURN
  6
DASHED
370
15
 48
150.0
420
12105912
100
AcDbPolyline
 90
4
 70
1
 10
6590.000000000001
 20
10810.0
 10
6790.000000000001
 20
10810.0
 10
6790.000000000001
 20
11070.0
 10
6590.000000000001
 20
11070.0
  0
LWPOLYLINE
  5
111
330
17
100
AcDbEntity
  8
FURN
  6
DASHED
370
15
 48
150.0
420
12105912
100
AcDbPolyline
 90
4
 70
1
 10
6840.000000000001
 20
10510.0
 10
7140.000000000001
 20
10510.0
 10
7140.000000000001
 20
11010.0
 10
6840.000000000001
 20
11010.0
  0
LWPOLYLINE
  5
112
330
17
100
AcDbEntity
  8
FURN
  6
DOT
370
15
 48
150.0
420
12105912
100
AcDbPolyline
 90
4
 70
1
 10
7090.000000000001
 20
10810.0
 10
7190.000000000001
 20
10810.0
 10
7190.000000000001
 20
10910.0
 10
7090.000000000001
 20
10910.0
  0
LWPOLYLINE
  5
113
330
17
100
AcDbEntity
  8
FURN
  6
DOT
370
15
 48
150.0
420
12105912
100
AcDbPolyline
 90
4
 70
1
 10
4890.0
 20
10790.0
 10
7740.000000000001
 20
10790.0
 10
7740.000000000001
 20
10840.0
 10
4890.0
 20
10840.0
  0
LWPOLYLINE
  5
114
330
17
100
AcDbEntity
  8
FURN
370
15
420
12105912
100
AcDbPolyline
 90
4
 70
1
 10
7980.0
 20
11721.0
 10
8380.0
 20
11721.0
 10
8380.0
 20
12521.0
 10
7980.0
 20
12521.0
  0
LWPOLYLINE
  5
115
330
17
100
AcDbEntity
  8
FURN
370
13
420
12105912
100
AcDbPolyline
 90
2
 70
0
 10
7980.0
 20
11721.0
 10
8380.0
 20
12521.0
  0
LWPOLYLINE
  5
116
330
17
100
AcDbEntity
  8
FURN
370
15
420
12105912
100
AcDbPolyline
 90
4
 70
1
 10
5190.0
 20
12410.0
 10
6990.000000000001
 20
12410.0
 10
6990.000000000001
 20
13310.0
 10
5190.0
 20
13310.0
  0
LWPOLYLINE
  5
117
330
17
100
AcDbEntity
  8
FURN
370
15
420
12105912
100
AcDbPolyline
 90
4
 70
1
 10
5340.0
 20
12010.0
 10
5790.0
 20
12010.0
 10
5790.0
 20
12390.0
 10
5340.0
 20
12390.0
  0
LWPOLYLINE
  5
118
330
17
100
AcDbEntity
  8
FURN
370
13
420
12105912
100
AcDbPolyline
 90
4
 70
1
 10
5380.0
 20
12050.0
 10
5750.0
 20
12050.0
 10
5750.0
 20
12350.0
 10
5380.0
 20
12350.0
  0
LWPOLYLINE
  5
119
330
17
100
AcDbEntity
  8
FURN
370
15
420
12105912
100
AcDbPolyline
 90
4
 70
1
 10
5940.0
 20
12010.0
 10
6390.0
 20
12010.0
 10
6390.0
 20
12390.0
 10
5940.0
 20
12390.0
  0
LWPOLYLINE
  5
11A
330
17
100
AcDbEntity
  8
FURN
370
13
420
12105912
100
AcDbPolyline
 90
4
 70
1
 10
5980.0
 20
12050.0
 10
6350.0
 20
12050.0
 10
6350.0
 20
12350.0
 10
5980.0
 20
12350.0
  0
LWPOLYLINE
  5
11B
330
17
100
AcDbEntity
  8
FURN
370
15
420
12105912
100
AcDbPolyline
 90
4
 70
1
 10
6540.000000000001
 20
12010.0
 10
6990.000000000001
 20
12010.0
 10
6990.000000000001
 20
12390.0
 10
6540.000000000001
 20
12390.0
  0
LWPOLYLINE
  5
11C
330
17
100
AcDbEntity
  8
FURN
370
13
420
12105912
100
AcDbPolyline
 90
4
 70
1
 10
6580.000000000001
 20
12050.0
 10
6950.0
 20
12050.0
 10
6950.0
 20
12350.0
 10
6580.000000000001
 20
12350.0
  0
LWPOLYLINE
  5
11D
330
17
100
AcDbEntity
  8
FURN
370
15
420
12105912
100
AcDbPolyline
 90
4
 70
1
 10
5340.0
 20
13330.000000000002
 10
5790.0
 20
13330.000000000002
 10
5790.0
 20
13710.0
 10
5340.0
 20
13710.0
  0
LWPOLYLINE
  5
11E
330
17
100
AcDbEntity
  8
FURN
370
13
420
12105912
100
AcDbPolyline
 90
4
 70
1
 10
5380.0
 20
13369.999999999998
 10
5750.0
 20
13369.999999999998
 10
5750.0
 20
13669.999999999998
 10
5380.0
 20
13669.999999999998
  0
LWPOLYLINE
  5
11F
330
17
100
AcDbEntity
  8
FURN
370
15
420
12105912
100
AcDbPolyline
 90
4
 70
1
 10
5940.0
 20
13330.000000000002
 10
6390.0
 20
13330.000000000002
 10
6390.0
 20
13710.0
 10
5940.0
 20
13710.0
  0
LWPOLYLINE
  5
120
330
17
100
AcDbEntity
  8
FURN
370
13
420
12105912
100
AcDbPolyline
 90
4
 70
1
 10
5980.0
 20
13369.999999999998
 10
6350.0
 20
13369.999999999998
 10
6350.0
 20
13669.999999999998
 10
5980.0
 20
13669.999999999998
  0
LWPOLYLINE
  5
121
330
17
100
AcDbEntity
  8
FURN
370
15
420
12105912
100
AcDbPolyline
 90
4
 70
1
 10
6540.000000000001
 20
13330.000000000002
 10
6990.000000000001
 20
13330.000000000002
 10
6990.000000000001
 20
13710.0
 10
6540.000000000001
 20
13710.0
  0
LWPOLYLINE
  5
122
330
17
100
AcDbEntity
  8
FURN
370
13
420
12105912
100
AcDbPolyline
 90
4
 70
1
 10
6580.000000000001
 20
13369.999999999998
 10
6950.0
 20
13369.999999999998
 10
6950.0
 20
13669.999999999998
 10
6580.000000000001
 20
13669.999999999998
  0
LWPOLYLINE
  5
123
330
17
100
AcDbEntity
  8
FURN
  6
DASHED
370
15
 48
150.0
420
12105912
100
AcDbPolyline
 90
4
 70
1
 10
4350.0
 20
11045.0
 10
4530.0
 20
11045.0
 10
4530.0
 20
13016.0
 10
4350.0
 20
13016.0
  0
LWPOLYLINE
  5
124
330
17
100
AcDbEntity
  8
FURN
370
15
420
12105912
100
AcDbPolyline
 90
4
 70
1
 10
1859.0
 20
10555.0
 10
2609.0
 20
10555.0
 10
2609.0
 20
13578.0
 10
1859.0
 20
13578.0
  0
LWPOLYLINE
  5
125
330
17
100
AcDbEntity
  8
FURN
370
15
420
12105912
100
AcDbPolyline
 90
4
 70
1
 10
2609.0
 20
10555.0
 10
3259.0000000000005
 20
10555.0
 10
3259.0000000000005
 20
11255.000000000002
 10
2609.0
 20
11255.000000000002
  0
LWPOLYLINE
  5
126
330
17
100
AcDbEntity
  8
FURN
370
15
420
12105912
100
AcDbPolyline
 90
4
 70
1
 10
2609.0
 20
12878.0
 10
3259.0000000000005
 20
12878.0
 10
3259.0000000000005
 20
13578.0
 10
2609.0
 20
13578.0
  0
LWPOLYLINE
  5
127
330
17
100
AcDbEntity
  8
FURN
370
15
420
12105912
100
AcDbPolyline
 90
4
 70
1
 10
2740.0
 20
11630.000000000002
 10
3240.0000000000005
 20
11630.000000000002
 10
3240.0000000000005
 20
12430.000000000002
 10
2740.0
 20
12430.000000000002
  0
LWPOLYLINE
  5
128
330
17
100
AcDbEntity
  8
FURN
  6
DASHED
370
15
 48
150.0
420
12105912
100
AcDbPolyline
 90
4
 70
1
 10
1809.0
 20
10555.0
 10
1859.0
 20
10555.0
 10
1859.0
 20
13578.0
 10
1809.0
 20
13578.0
  0
LWPOLYLINE
  5
129
330
17
100
AcDbEntity
  8
FURN
  6
DASHED
370
15
 48
150.0
420
12105912
100
AcDbPolyline
 90
4
 70
1
 10
1889.9999999999998
 20
11840.0
 10
2160.0
 20
11840.0
 10
2160.0
 20
12220.0
 10
1889.9999999999998
 20
12220.0
  0
LWPOLYLINE
  5
12A
330
17
100
AcDbEntity
  8
FURN
  6
DASHED
370
15
 48
150.0
420
12105912
100
AcDbPolyline
 90
4
 70
1
 10
3750.0
 20
10730.0
 10
3870.0000000000005
 20
10730.0
 10
3870.0000000000005
 20
10930.0
 10
3750.0
 20
10930.0
  0
LWPOLYLINE
  5
12B
330
17
100
AcDbEntity
  8
FURN
  6
DASHED
370
15
 48
150.0
420
12105912
100
AcDbPolyline
 90
4
 70
1
 10
3750.0
 20
13160.0
 10
3870.0000000000005
 20
13160.0
 10
3870.0000000000005
 20
13360.0
 10
3750.0
 20
13360.0
  0
LWPOLYLINE
  5
12C
330
17
100
AcDbEntity
  8
FURN
  6
DASHED
370
15
 48
150.0
420
12105912
100
AcDbPolyline
 90
4
 70
1
 10
4290.000000000001
 20
15676.0
 10
4330.0
 20
15676.0
 10
4330.0
 20
18576.0
 10
4290.000000000001
 20
18576.0
  0
LWPOLYLINE
  5
12D
330
17
100
AcDbEntity
  8
FURN
370
15
420
12105912
100
AcDbPolyline
 90
4
 70
1
 10
4330.0
 20
16176.0
 10
6430.000000000001
 20
16176.0
 10
6430.000000000001
 20
18076.0
 10
4330.0
 20
18076.0
  0
LWPOLYLINE
  5
12E
330
17
100
AcDbEntity
  8
FURN
370
13
420
12105912
100
AcDbPolyline
 90
4
 70
1
 10
4370.0
 20
16256.0
 10
4580.0
 20
16256.0
 10
4580.0
 20
17066.000000000004
 10
4370.0
 20
17066.000000000004
  0
LWPOLYLINE
  5
12F
330
17
100
AcDbEntity
  8
FURN
370
13
420
12105912
100
AcDbPolyline
 90
4
 70
1
 10
4370.0
 20
17126.0
 10
4580.0
 20
17126.0
 10
4580.0
 20
17936.0
 10
4370.0
 20
17936.0
  0
LWPOLYLINE
  5
130
330
17
100
AcDbEntity
  8
FURN
  6
DASHED
370
15
 48
150.0
420
12105912
100
AcDbPolyline
 90
4
 70
1
 10
4330.0
 20
15676.0
 10
4780.0
 20
15676.0
 10
4780.0
 20
16176.0
 10
4330.0
 20
16176.0
  0
LWPOLYLINE
  5
131
330
17
100
AcDbEntity
  8
FURN
  6
DASHED
370
15
 48
150.0
420
12105912
100
AcDbPolyline
 90
4
 70
1
 10
4330.0
 20
18076.0
 10
4780.0
 20
18076.0
 10
4780.0
 20
18576.0
 10
4330.0
 20
18576.0
  0
LWPOLYLINE
  5
132
330
17
100
AcDbEntity
  8
FURN
370
15
420
12105912
100
AcDbPolyline
 90
4
 70
1
 10
4290.000000000001
 20
14231.0
 10
6770.0
 20
14231.0
 10
6770.0
 20
14831.0
 10
4290.000000000001
 20
14831.0
  0
LWPOLYLINE
  5
133
330
17
100
AcDbEntity
  8
FURN
370
13
420
12105912
100
AcDbPolyline
 90
2
 70
0
 10
4290.000000000001
 20
14231.0
 10
6770.0
 20
14831.0
  0
LWPOLYLINE
  5
134
330
17
100
AcDbEntity
  8
FURN
370
15
420
12105912
100
AcDbPolyline
 90
4
 70
1
 10
4290.000000000001
 20
14831.0
 10
4890.0
 20
14831.0
 10
4890.0
 20
15576.0
 10
4290.000000000001
 20
15576.0
  0
LWPOLYLINE
  5
135
330
17
100
AcDbEntity
  8
FURN
370
13
420
12105912
100
AcDbPolyline
 90
2
 70
0
 10
4290.000000000001
 20
14831.0
 10
4890.0
 20
15576.0
  0
LWPOLYLINE
  5
136
330
17
100
AcDbEntity
  8
FURN
  6
DASHED
370
15
 48
150.0
420
12105912
100
AcDbPolyline
 90
4
 70
1
 10
7370.0
 20
16326.0
 10
7670.0
 20
16326.0
 10
7670.0
 20
17926.0
 10
7370.0
 20
17926.0
  0
LWPOLYLINE
  5
137
330
17
100
AcDbEntity
  8
FURN
  6
DASHED
370
15
 48
150.0
420
12105912
100
AcDbPolyline
 90
4
 70
1
 10
7620.0
 20
16406.0
 10
7670.0
 20
16406.0
 10
7670.0
 20
17846.0
 10
7620.0
 20
17846.0
  0
LWPOLYLINE
  5
138
330
17
100
AcDbEntity
  8
FURN
370
15
420
12105912
100
AcDbPolyline
 90
4
 70
1
 10
5400.0
 20
18821.0
 10
6800.0
 20
18821.0
 10
6800.0
 20
19421.0
 10
5400.0
 20
19421.0
  0
LWPOLYLINE
  5
139
330
17
100
AcDbEntity
  8
FURN
370
15
420
12105912
100
AcDbPolyline
 90
4
 70
1
 10
5850.0
 20
18321.0
 10
6350.0
 20
18321.0
 10
6350.0
 20
18871.0
 10
5850.0
 20
18871.0
  0
LWPOLYLINE
  5
13A
330
17
100
AcDbEntity
  8
FURN
370
13
420
12105912
100
AcDbPolyline
 90
4
 70
1
 10
5890.0
 20
18361.0
 10
6310.0
 20
18361.0
 10
6310.0
 20
18831.0
 10
5890.0
 20
18831.0
  0
LWPOLYLINE
  5
13B
330
17
100
AcDbEntity
  8
FURN
  6
DASHED
370
15
 48
150.0
420
12105912
100
AcDbPolyline
 90
4
 70
1
 10
7190.000000000001
 20
19251.0
 10
7630.0
 20
19251.0
 10
7630.0
 20
19421.0
 10
7190.000000000001
 20
19421.0
  0
LWPOLYLINE
  5
13C
330
17
100
AcDbEntity
  8
FURN
370
15
420
12105912
100
AcDbPolyline
 90
4
 70
1
 10
7809.999999999999
 20
17561.0
 10
8410.0
 20
17561.0
 10
8410.0
 20
19421.0
 10
7809.999999999999
 20
19421.0
  0
LWPOLYLINE
  5
13D
330
17
100
AcDbEntity
  8
FURN
370
13
420
12105912
100
AcDbPolyline
 90
2
 70
0
 10
7809.999999999999
 20
17561.0
 10
8410.0
 20
19421.0
  0
LWPOLYLINE
  5
13E
330
17
100
AcDbEntity
  8
FURN
370
15
420
12105912
100
AcDbPolyline
 90
4
 70
1
 10
11060.0
 20
17421.0
 10
11960.0
 20
17421.0
 10
11960.0
 20
19421.0
 10
11060.0
 20
19421.0
  0
LWPOLYLINE
  5
13F
330
17
100
AcDbEntity
  8
FURN
370
13
420
12105912
100
AcDbPolyline
 90
4
 70
1
 10
11140.0
 20
19211.0
 10
11820.0
 20
19211.0
 10
11820.0
 20
19381.0
 10
11140.0
 20
19381.0
  0
LWPOLYLINE
  5
140
330
17
100
AcDbEntity
  8
FURN
370
15
420
12105912
100
AcDbPolyline
 90
4
 70
1
 10
9140.0
 20
18821.0
 10
10340.0
 20
18821.0
 10
10340.0
 20
19421.0
 10
9140.0
 20
19421.0
  0
LWPOLYLINE
  5
141
330
17
100
AcDbEntity
  8
FURN
370
15
420
12105912
100
AcDbPolyline
 90
4
 70
1
 10
9515.0
 20
18371.0
 10
9965.0
 20
18371.0
 10
9965.0
 20
18871.0
 10
9515.0
 20
18871.0
  0
LWPOLYLINE
  5
142
330
17
100
AcDbEntity
  8
FURN
370
13
420
12105912
100
AcDbPolyline
 90
4
 70
1
 10
9555.0
 20
18411.0
 10
9925.0
 20
18411.0
 10
9925.0
 20
18831.0
 10
9555.0
 20
18831.0
  0
LWPOLYLINE
  5
143
330
17
100
AcDbEntity
  8
FURN
370
15
420
12105912
100
AcDbPolyline
 90
4
 70
1
 10
11160.0
 20
16561.0
 10
11960.0
 20
16561.0
 10
11960.0
 20
17361.0
 10
11160.0
 20
17361.0
  0
LWPOLYLINE
  5
144
330
17
100
AcDbEntity
  8
FURN
  6
DASHED
370
15
 48
150.0
420
12105912
100
AcDbPolyline
 90
4
 70
1
 10
8890.0
 20
16561.0
 10
10490.0
 20
16561.0
 10
10490.0
 20
16911.0
 10
8890.0
 20
16911.0
  0
LWPOLYLINE
  5
145
330
17
100
AcDbEntity
  8
FURN
  6
DOT
370
15
 48
150.0
420
12105912
100
AcDbPolyline
 90
4
 70
1
 10
8740.0
 20
16960.000000000004
 10
10940.0
 20
16960.000000000004
 10
10940.0
 20
18760.000000000004
 10
8740.0
 20
18760.000000000004
  0
LWPOLYLINE
  5
146
330
17
100
AcDbEntity
  8
FURN
  6
DASHED
370
15
 48
150.0
420
12105912
100
AcDbPolyline
 90
4
 70
1
 10
8430.0
 20
19251.0
 10
8790.0
 20
19251.0
 10
8790.0
 20
19421.0
 10
8430.0
 20
19421.0
  0
LWPOLYLINE
  5
147
330
17
100
AcDbEntity
  8
FURN
370
15
420
12105912
100
AcDbPolyline
 90
4
 70
1
 10
9120.0
 20
13631.0
 10
10020.0
 20
13631.0
 10
10020.0
 20
14231.0
 10
9120.0
 20
14231.0
  0
LWPOLYLINE
  5
148
330
17
100
AcDbEntity
  8
FURN
370
13
420
12105912
100
AcDbPolyline
 90
2
 70
0
 10
9120.0
 20
13631.0
 10
10020.0
 20
14231.0
  0
LWPOLYLINE
  5
149
330
17
100
AcDbEntity
  8
FURN
370
15
420
12105912
100
AcDbPolyline
 90
4
 70
1
 10
10020.0
 20
13631.0
 10
10920.0
 20
13631.0
 10
10920.0
 20
14231.0
 10
10020.0
 20
14231.0
  0
LWPOLYLINE
  5
14A
330
17
100
AcDbEntity
  8
FURN
370
13
420
12105912
100
AcDbPolyline
 90
2
 70
0
 10
10020.0
 20
13631.0
 10
10920.0
 20
14231.0
  0
LWPOLYLINE
  5
14B
330
17
100
AcDbEntity
  8
FURN
370
15
420
12105912
100
AcDbPolyline
 90
4
 70
1
 10
10920.0
 20
13631.0
 10
11820.0
 20
13631.0
 10
11820.0
 20
14231.0
 10
10920.0
 20
14231.0
  0
LWPOLYLINE
  5
14C
330
17
100
AcDbEntity
  8
FURN
370
13
420
12105912
100
AcDbPolyline
 90
2
 70
0
 10
10920.0
 20
13631.0
 10
11820.0
 20
14231.0
  0
LWPOLYLINE
  5
14D
330
17
100
AcDbEntity
  8
FURN
  6
DASHED
370
15
 48
150.0
420
12105912
100
AcDbPolyline
 90
4
 70
1
 10
9680.0
 20
12521.0
 10
10180.0
 20
12521.0
 10
10180.0
 20
12871.0
 10
9680.0
 20
12871.0
  0
LWPOLYLINE
  5
14E
330
17
100
AcDbEntity
  8
FURN
  6
DASHED
370
15
 48
150.0
420
12105912
100
AcDbPolyline
 90
4
 70
1
 10
11711.0
 20
13160.0
 10
11831.0
 20
13160.0
 10
11831.0
 20
13560.0
 10
11711.0
 20
13560.0
  0
LWPOLYLINE
  5
14F
330
17
100
AcDbEntity
  8
FURN
  6
DASHED
370
15
 48
150.0
420
12105912
100
AcDbPolyline
 90
4
 70
1
 10
8410.0
 20
15310.0
 10
8510.0
 20
15310.0
 10
8510.0
 20
15410.0
 10
8410.0
 20
15410.0
  0
LWPOLYLINE
  5
150
330
17
100
AcDbEntity
  8
FURN
370
15
420
12105912
100
AcDbPolyline
 90
4
 70
1
 10
10131.0
 20
14310.0
 10
11831.0
 20
14310.0
 10
11831.0
 20
15060.0
 10
10131.0
 20
15060.0
  0
LWPOLYLINE
  5
151
330
17
100
AcDbEntity
  8
FURN
370
13
420
12105912
100
AcDbPolyline
 90
4
 70
1
 10
10191.0
 20
14369.999999999998
 10
11771.0
 20
14369.999999999998
 10
11771.0
 20
15000.0
 10
10191.0
 20
15000.0
  0
CIRCLE
  5
152
330
17
100
AcDbEntity
  8
FURN
370
13
420
12105912
100
AcDbCircle
 10
11681.0
 20
14685.0
 30
0.0
 40
30.0
  0
LWPOLYLINE
  5
153
330
17
100
AcDbEntity
  8
FURN
370
15
420
12105912
100
AcDbPolyline
 90
4
 70
1
 10
10931.0
 20
15060.0
 10
11736.0
 20
15060.0
 10
11736.0
 20
16026.0
 10
10931.0
 20
16026.0
  0
LWPOLYLINE
  5
154
330
17
100
AcDbEntity
  8
FURN
370
15
420
12105912
100
AcDbPolyline
 90
4
 70
1
 10
11736.0
 20
15060.0
 10
11831.0
 20
15060.0
 10
11831.0
 20
16026.0
 10
11736.0
 20
16026.0
  0
LWPOLYLINE
  5
155
330
17
100
AcDbEntity
  8
FURN
  6
DASHED
370
15
 48
150.0
420
12105912
100
AcDbPolyline
 90
4
 70
1
 10
10921.0
 20
15711.000000000002
 10
10931.0
 20
15711.000000000002
 10
10931.0
 20
16026.0
 10
10921.0
 20
16026.0
  0
LWPOLYLINE
  5
156
330
17
100
AcDbEntity
  8
FURN
370
15
420
12105912
100
AcDbPolyline
 90
4
 70
1
 10
10110.0
 20
16201.0
 10
10931.0
 20
16201.0
 10
10931.0
 20
16351.0
 10
10110.0
 20
16351.0
  0
LWPOLYLINE
  5
157
330
17
100
AcDbEntity
  8
FURN
370
15
420
12105912
100
AcDbPolyline
 90
4
 70
1
 10
10360.0
 20
15711.000000000002
 10
10720.0
 20
15711.000000000002
 10
10720.0
 20
16201.0
 10
10360.0
 20
16201.0
  0
CIRCLE
  5
158
330
17
100
AcDbEntity
  8
FURN
370
13
420
12105912
100
AcDbCircle
 10
10540.0
 20
15956.0
 30
0.0
 40
136.8
  0
LWPOLYLINE
  5
159
330
17
100
AcDbEntity
  8
FURN
370
15
420
12105912
100
AcDbPolyline
 90
4
 70
1
 10
9210.0
 20
15871.0
 10
10110.0
 20
15871.0
 10
10110.0
 20
16351.0
 10
9210.0
 20
16351.0
  0
CIRCLE
  5
15A
330
17
100
AcDbEntity
  8
FURN
370
13
420
12105912
100
AcDbCircle
 10
9660.0
 20
16111.000000000002
 30
0.0
 40
144.0
  0
LWPOLYLINE
  5
15B
330
17
100
AcDbEntity
  8
FURN
  6
DASHED
370
15
 48
150.0
420
12105912
100
AcDbPolyline
 90
4
 70
1
 10
9210.0
 20
16201.0
 10
10110.0
 20
16201.0
 10
10110.0
 20
16351.0
 10
9210.0
 20
16351.0
  0
LWPOLYLINE
  5
15C
330
17
100
AcDbEntity
  8
FURN
  6
DASHED
370
15
 48
150.0
420
12105912
100
AcDbPolyline
 90
4
 70
1
 10
9190.0
 20
14310.0
 10
9690.0
 20
14310.0
 10
9690.0
 20
14660.0
 10
9190.0
 20
14660.0
  0
LWPOLYLINE
  5
15D
330
17
100
AcDbEntity
  8
FURN
370
13
420
12105912
100
AcDbPolyline
 90
2
 70
0
 10
9190.0
 20
14310.0
 10
9690.0
 20
14660.0
  0
LWPOLYLINE
  5
15E
330
17
100
AcDbEntity
  8
FURN
  6
DASHED
370
15
 48
150.0
420
12105912
100
AcDbPolyline
 90
4
 70
1
 10
9690.0
 20
14310.0
 10
10131.0
 20
14310.0
 10
10131.0
 20
14660.0
 10
9690.0
 20
14660.0
  0
LWPOLYLINE
  5
15F
330
17
100
AcDbEntity
  8
FURN
  6
DASHED
370
15
 48
150.0
420
12105912
100
AcDbPolyline
 90
4
 70
1
 10
9710.0
 20
14310.0
 10
10110.0
 20
14310.0
 10
10110.0
 20
14410.0
 10
9710.0
 20
14410.0
  0
LWPOLYLINE
  5
160
330
17
100
AcDbEntity
  8
FURN
  6
DOT
370
15
 48
150.0
420
12105912
100
AcDbPolyline
 90
4
 70
1
 10
11590.0
 20
14710.0
 10
11690.0
 20
14710.0
 10
11690.0
 20
14810.0
 10
11590.0
 20
14810.0
  0
LWPOLYLINE
  5
161
330
17
100
AcDbEntity
  8
FURN
  6
DASHED
370
15
 48
150.0
420
12105912
100
AcDbPolyline
 90
4
 70
1
 10
11190.0
 20
16030.000000000002
 10
11490.0
 20
16030.000000000002
 10
11490.0
 20
16110.000000000002
 10
11190.0
 20
16110.000000000002
  0
LWPOLYLINE
  5
162
330
17
100
AcDbEntity
  8
FURN
370
15
420
12105912
100
AcDbPolyline
 90
4
 70
1
 10
8780.0
 20
10510.0
 10
9230.0
 20
10510.0
 10
9230.0
 20
11090.0
 10
8780.0
 20
11090.0
  0
CIRCLE
  5
163
330
17
100
AcDbEntity
  8
FURN
370
13
420
12105912
100
AcDbCircle
 10
9005.0
 20
10800.0
 30
0.0
 40
135.0
  0
LWPOLYLINE
  5
164
330
17
100
AcDbEntity
  8
FURN
370
15
420
12105912
100
AcDbPolyline
 90
4
 70
1
 10
9230.0
 20
10510.0
 10
9530.0
 20
10510.0
 10
9530.0
 20
11090.0
 10
9230.0
 20
11090.0
  0
LWPOLYLINE
  5
165
330
17
100
AcDbEntity
  8
FURN
370
15
420
12105912
100
AcDbPolyline
 90
4
 70
1
 10
9550.0
 20
10510.0
 10
10200.0
 20
10510.0
 10
10200.0
 20
11160.0
 10
9550.0
 20
11160.0
  0
CIRCLE
  5
166
330
17
100
AcDbEntity
  8
FURN
370
13
420
12105912
100
AcDbCircle
 10
9875.0
 20
10835.0
 30
0.0
 40
214.5
  0
LWPOLYLINE
  5
167
330
17
100
AcDbEntity
  8
FURN
  6
DOT
370
15
 48
150.0
420
12105912
100
AcDbPolyline
 90
4
 70
1
 10
9790.0
 20
11110.0
 10
9890.0
 20
11110.0
 10
9890.0
 20
11210.0
 10
9790.0
 20
11210.0
  0
LWPOLYLINE
  5
168
330
17
100
AcDbEntity
  8
FURN
  6
DASHED
370
15
 48
150.0
420
12105912
100
AcDbPolyline
 90
4
 70
1
 10
8490.0
 20
10870.0
 10
8740.0
 20
10870.0
 10
8740.0
 20
11170.0
 10
8490.0
 20
11170.0
  0
LWPOLYLINE
  5
169
330
17
100
AcDbEntity
  8
FURN
  6
DOT
370
15
 48
150.0
420
12105912
100
AcDbPolyline
 90
4
 70
1
 10
8780.0
 20
10510.0
 10
9550.0
 20
10510.0
 10
9550.0
 20
11110.0
 10
8780.0
 20
11110.0
  0
LWPOLYLINE
  5
16A
330
17
100
AcDbEntity
  8
FURN
  6
DASHED
370
15
 48
150.0
420
12105912
100
AcDbPolyline
 90
4
 70
1
 10
8780.0
 20
10510.0
 10
9550.0
 20
10510.0
 10
9550.0
 20
10860.0
 10
8780.0
 20
10860.0
  0
LWPOLYLINE
  5
16B
330
17
100
AcDbEntity
  8
FURN
370
15
420
12105912
100
AcDbPolyline
 90
4
 70
1
 10
9660.0
 20
11810.0
 10
10200.0
 20
11810.0
 10
10200.0
 20
12440.0
 10
9660.0
 20
12440.0
  0
LWPOLYLINE
  5
16C
330
17
100
AcDbEntity
  8
FURN
370
13
420
12105912
100
AcDbPolyline
 90
2
 70
0
 10
9660.0
 20
11810.0
 10
10200.0
 20
12440.0
  0
LWPOLYLINE
  5
16D
330
17
100
AcDbEntity
  8
FURN
  6
DASHED
370
15
 48
150.0
420
12105912
100
AcDbPolyline
 90
4
 70
1
 10
9550.0
 20
10510.0
 10
10200.0
 20
10510.0
 10
10200.0
 20
11160.0
 10
9550.0
 20
11160.0
  0
LWPOLYLINE
  5
16E
330
17
100
AcDbEntity
  8
FURN
370
13
420
12105912
100
AcDbPolyline
 90
2
 70
0
 10
9550.0
 20
10510.0
 10
10200.0
 20
11160.0
  0
LWPOLYLINE
  5
16F
330
17
100
AcDbEntity
  8
FURN
370
15
420
12105912
100
AcDbPolyline
 90
4
 70
1
 10
8460.0
 20
11191.0
 10
8810.0
 20
11191.0
 10
8810.0
 20
11691.0
 10
8460.0
 20
11691.0
  0
LWPOLYLINE
  5
170
330
17
100
AcDbEntity
  8
FURN
370
13
420
12105912
100
AcDbPolyline
 90
2
 70
0
 10
8460.0
 20
11191.0
 10
8810.0
 20
11691.0
  0
LWPOLYLINE
  5
171
330
17
100
AcDbEntity
  8
FURN
370
15
420
12105912
100
AcDbPolyline
 90
4
 70
1
 10
8460.0
 20
11790.0
 10
8810.0
 20
11790.0
 10
8810.0
 20
12440.0
 10
8460.0
 20
12440.0
  0
LWPOLYLINE
  5
172
330
17
100
AcDbEntity
  8
FURN
370
13
420
12105912
100
AcDbPolyline
 90
2
 70
0
 10
8460.0
 20
11790.0
 10
8810.0
 20
12440.0
  0
LWPOLYLINE
  5
173
330
17
100
AcDbEntity
  8
FURN
  6
DASHED
370
15
 48
150.0
420
12105912
100
AcDbPolyline
 90
4
 70
1
 10
8890.0
 20
11260.0
 10
9590.0
 20
11260.0
 10
9590.0
 20
11760.0
 10
8890.0
 20
11760.0
  0
HATCH
  5
174
330
17
100
AcDbEntity
  8
VK
 62
7
420
16777215
100
AcDbHatch
 10
0.0
 20
0.0
 30
0.0
210
0.0
220
0.0
230
1.0
  2
SOLID
 70
1
 71
0
 91
1
 92
1
 93
1
 72
2
 10
8561.0
 20
10611.0
 40
50.0
 50
0
 51
360
 73
1
 97
0
 75
1
 76
1
 98
0
  0
CIRCLE
  5
175
330
17
100
AcDbEntity
  8
VK
370
30
420
7027999
100
AcDbCircle
 10
8561.0
 20
10611.0
 30
0.0
 40
50.0
  0
HATCH
  5
176
330
17
100
AcDbEntity
  8
VK
 62
7
420
7027999
100
AcDbHatch
 10
0.0
 20
0.0
 30
0.0
210
0.0
220
0.0
230
1.0
  2
SOLID
 70
1
 71
0
 91
1
 92
1
 93
1
 72
2
 10
8561.0
 20
10611.0
 40
22.5
 50
0
 51
360
 73
1
 97
0
 75
1
 76
1
 98
0
  0
CIRCLE
  5
177
330
17
100
AcDbEntity
  8
VK
370
13
420
7027999
100
AcDbCircle
 10
8561.0
 20
10611.0
 30
0.0
 40
22.5
  0
HATCH
  5
178
330
17
100
AcDbEntity
  8
VK
 62
7
420
16777215
100
AcDbHatch
 10
0.0
 20
0.0
 30
0.0
210
0.0
220
0.0
230
1.0
  2
SOLID
 70
1
 71
0
 91
1
 92
1
 93
1
 72
2
 10
8491.0
 20
10890.0
 40
30.0
 50
0
 51
360
 73
1
 97
0
 75
1
 76
1
 98
0
  0
CIRCLE
  5
179
330
17
100
AcDbEntity
  8
VK
370
30
420
2060246
100
AcDbCircle
 10
8491.0
 20
10890.0
 30
0.0
 40
30.0
  0
HATCH
  5
17A
330
17
100
AcDbEntity
  8
VK
 62
7
420
16777215
100
AcDbHatch
 10
0.0
 20
0.0
 30
0.0
210
0.0
220
0.0
230
1.0
  2
SOLID
 70
1
 71
0
 91
1
 92
1
 93
1
 72
2
 10
8491.0
 20
10989.0
 40
30.0
 50
0
 51
360
 73
1
 97
0
 75
1
 76
1
 98
0
  0
CIRCLE
  5
17B
330
17
100
AcDbEntity
  8
VK
370
30
420
2060246
100
AcDbCircle
 10
8491.0
 20
10989.0
 30
0.0
 40
30.0
  0
HATCH
  5
17C
330
17
100
AcDbEntity
  8
VK
 62
7
420
16777215
100
AcDbHatch
 10
0.0
 20
0.0
 30
0.0
210
0.0
220
0.0
230
1.0
  2
SOLID
 70
1
 71
0
 91
1
 92
1
 93
1
 72
2
 10
8491.0
 20
11089.0
 40
30.0
 50
0
 51
360
 73
1
 97
0
 75
1
 76
1
 98
0
  0
CIRCLE
  5
17D
330
17
100
AcDbEntity
  8
VK
370
30
420
2060246
100
AcDbCircle
 10
8491.0
 20
11089.0
 30
0.0
 40
30.0
  0
LWPOLYLINE
  5
17E
330
17
100
AcDbEntity
  8
VK
  6
DASHED
370
25
 48
150.0
420
9079434
100
AcDbPolyline
 90
4
 70
1
 10
8460.0
 20
10510.0
 10
8765.0
 20
10510.0
 10
8765.0
 20
11191.0
 10
8460.0
 20
11191.0
  0
HATCH
  5
17F
330
17
100
AcDbEntity
  8
VK
 62
7
420
16777215
100
AcDbHatch
 10
0.0
 20
0.0
 30
0.0
210
0.0
220
0.0
230
1.0
  2
SOLID
 70
1
 71
0
 91
1
 92
1
 93
1
 72
2
 10
11728.0
 20
16231.0
 40
50.0
 50
0
 51
360
 73
1
 97
0
 75
1
 76
1
 98
0
  0
CIRCLE
  5
180
330
17
100
AcDbEntity
  8
VK
370
30
420
7027999
100
AcDbCircle
 10
11728.0
 20
16231.0
 30
0.0
 40
50.0
  0
HATCH
  5
181
330
17
100
AcDbEntity
  8
VK
 62
7
420
7027999
100
AcDbHatch
 10
0.0
 20
0.0
 30
0.0
210
0.0
220
0.0
230
1.0
  2
SOLID
 70
1
 71
0
 91
1
 92
1
 93
1
 72
2
 10
11728.0
 20
16231.0
 40
22.5
 50
0
 51
360
 73
1
 97
0
 75
1
 76
1
 98
0
  0
CIRCLE
  5
182
330
17
100
AcDbEntity
  8
VK
370
13
420
7027999
100
AcDbCircle
 10
11728.0
 20
16231.0
 30
0.0
 40
22.5
  0
HATCH
  5
183
330
17
100
AcDbEntity
  8
VK
 62
7
420
16777215
100
AcDbHatch
 10
0.0
 20
0.0
 30
0.0
210
0.0
220
0.0
230
1.0
  2
SOLID
 70
1
 71
0
 91
1
 92
1
 93
1
 72
2
 10
11252.0
 20
16301.0
 40
30.0
 50
0
 51
360
 73
1
 97
0
 75
1
 76
1
 98
0
  0
CIRCLE
  5
184
330
17
100
AcDbEntity
  8
VK
370
30
420
2060246
100
AcDbCircle
 10
11252.0
 20
16301.0
 30
0.0
 40
30.0
  0
HATCH
  5
185
330
17
100
AcDbEntity
  8
VK
 62
7
420
16777215
100
AcDbHatch
 10
0.0
 20
0.0
 30
0.0
210
0.0
220
0.0
230
1.0
  2
SOLID
 70
1
 71
0
 91
1
 92
1
 93
1
 72
2
 10
11352.0
 20
16301.0
 40
30.0
 50
0
 51
360
 73
1
 97
0
 75
1
 76
1
 98
0
  0
CIRCLE
  5
186
330
17
100
AcDbEntity
  8
VK
370
30
420
2060246
100
AcDbCircle
 10
11352.0
 20
16301.0
 30
0.0
 40
30.0
  0
HATCH
  5
187
330
17
100
AcDbEntity
  8
VK
 62
7
420
16777215
100
AcDbHatch
 10
0.0
 20
0.0
 30
0.0
210
0.0
220
0.0
230
1.0
  2
SOLID
 70
1
 71
0
 91
1
 92
1
 93
1
 72
2
 10
11452.0
 20
16301.0
 40
30.0
 50
0
 51
360
 73
1
 97
0
 75
1
 76
1
 98
0
  0
CIRCLE
  5
188
330
17
100
AcDbEntity
  8
VK
370
30
420
2060246
100
AcDbCircle
 10
11452.0
 20
16301.0
 30
0.0
 40
30.0
  0
LWPOLYLINE
  5
189
330
17
100
AcDbEntity
  8
VK
  6
DASHED
370
25
 48
150.0
420
9079434
100
AcDbPolyline
 90
4
 70
1
 10
11153.0
 20
16026.0
 10
11831.0
 20
16026.0
 10
11831.0
 20
16351.0
 10
11153.0
 20
16351.0
  0
HATCH
  5
18A
330
17
100
AcDbEntity
  8
VK
 62
7
420
3050327
100
AcDbHatch
 10
0.0
 20
0.0
 30
0.0
210
0.0
220
0.0
230
1.0
  2
ANSI31
 70
0
 71
0
 91
1
 92
3
 72
0
 73
1
 93
4
 10
8510.0
 20
12291.0
 10
8810.0
 20
12291.0
 10
8810.0
 20
12390.0
 10
8510.0
 20
12390.0
 97
0
 75
1
 76
1
 52
0.0
 41
9.166666666666668
 77
0
 78
1
 53
45.0
 43
0.0
 44
0.0
 45
-20.5797536111
 46
20.5797536111
 79
0
 98
0
  0
LWPOLYLINE
  5
18B
330
17
100
AcDbEntity
  8
VK
370
25
420
3050327
100
AcDbPolyline
 90
4
 70
1
 10
8510.0
 20
12291.0
 10
8810.0
 20
12291.0
 10
8810.0
 20
12390.0
 10
8510.0
 20
12390.0
  0
HATCH
  5
18C
330
17
100
AcDbEntity
  8
OV
 62
7
420
13849600
100
AcDbHatch
 10
0.0
 20
0.0
 30
0.0
210
0.0
220
0.0
230
1.0
  2
ANSI37
 70
0
 71
0
 91
1
 92
3
 72
0
 73
1
 93
4
 10
8510.0
 20
11691.0
 10
8810.0
 20
11691.0
 10
8810.0
 20
11790.0
 10
8510.0
 20
11790.0
 97
0
 75
1
 76
1
 52
0.0
 41
13.750000000000002
 77
0
 78
2
 53
45.0
 43
0.0
 44
0.0
 45
-30.8696304166
 46
30.8696304166
 79
0
 53
135.0
 43
0.0
 44
0.0
 45
-30.8696304166
 46
-30.8696304166
 79
0
 98
0
  0
LWPOLYLINE
  5
18D
330
17
100
AcDbEntity
  8
OV
370
25
420
13849600
100
AcDbPolyline
 90
4
 70
1
 10
8510.0
 20
11691.0
 10
8810.0
 20
11691.0
 10
8810.0
 20
11790.0
 10
8510.0
 20
11790.0
  0
HATCH
  5
18E
330
17
100
AcDbEntity
  8
OV
 62
7
420
13849600
100
AcDbHatch
 10
0.0
 20
0.0
 30
0.0
210
0.0
220
0.0
230
1.0
  2
ANSI31
 70
0
 71
0
 91
1
 92
3
 72
0
 73
1
 93
4
 10
8297.0
 20
11691.0
 10
8382.0
 20
11691.0
 10
8382.0
 20
11790.0
 10
8297.0
 20
11790.0
 97
0
 75
1
 76
1
 52
0.0
 41
9.166666666666668
 77
0
 78
1
 53
45.0
 43
0.0
 44
0.0
 45
-20.5797536111
 46
20.5797536111
 79
0
 98
0
  0
LWPOLYLINE
  5
18F
330
17
100
AcDbEntity
  8
OV
370
25
420
13849600
100
AcDbPolyline
 90
4
 70
1
 10
8297.0
 20
11691.0
 10
8382.0
 20
11691.0
 10
8382.0
 20
11790.0
 10
8297.0
 20
11790.0
  0
HATCH
  5
190
330
17
100
AcDbEntity
  8
VK
 62
7
420
3050327
100
AcDbHatch
 10
0.0
 20
0.0
 30
0.0
210
0.0
220
0.0
230
1.0
  2
ANSI31
 70
0
 71
0
 91
1
 92
3
 72
0
 73
1
 93
4
 10
9841.0
 20
16051.0
 10
9940.0
 20
16051.0
 10
9940.0
 20
16351.0
 10
9841.0
 20
16351.0
 97
0
 75
1
 76
1
 52
0.0
 41
9.166666666666668
 77
0
 78
1
 53
45.0
 43
0.0
 44
0.0
 45
-20.5797536111
 46
20.5797536111
 79
0
 98
0
  0
LWPOLYLINE
  5
191
330
17
100
AcDbEntity
  8
VK
370
25
420
3050327
100
AcDbPolyline
 90
4
 70
1
 10
9841.0
 20
16051.0
 10
9940.0
 20
16051.0
 10
9940.0
 20
16351.0
 10
9841.0
 20
16351.0
  0
HATCH
  5
192
330
17
100
AcDbEntity
  8
EL-SOCKET
 62
7
420
12597547
100
AcDbHatch
 10
0.0
 20
0.0
 30
0.0
210
0.0
220
0.0
230
1.0
  2
SOLID
 70
1
 71
0
 91
1
 92
3
 72
0
 73
1
 93
4
 10
11721.0
 20
12755.000000000002
 10
11831.0
 20
12755.000000000002
 10
11831.0
 20
13065.0
 10
11721.0
 20
13065.0
 97
0
 75
1
 76
1
 98
0
  0
LWPOLYLINE
  5
193
330
17
100
AcDbEntity
  8
EL-SOCKET
370
30
420
12597547
100
AcDbPolyline
 90
4
 70
1
 10
11721.0
 20
12755.000000000002
 10
11831.0
 20
12755.000000000002
 10
11831.0
 20
13065.0
 10
11721.0
 20
13065.0
  0
HATCH
  5
194
330
17
100
AcDbEntity
  8
EL-LOW
 62
7
420
16777215
100
AcDbHatch
 10
0.0
 20
0.0
 30
0.0
210
0.0
220
0.0
230
1.0
  2
SOLID
 70
1
 71
0
 91
1
 92
3
 72
0
 73
1
 93
4
 10
11721.0
 20
13160.0
 10
11831.0
 20
13160.0
 10
11831.0
 20
13560.0
 10
11721.0
 20
13560.0
 97
0
 75
1
 76
1
 98
0
  0
LWPOLYLINE
  5
195
330
17
100
AcDbEntity
  8
EL-LOW
370
30
420
2914860
100
AcDbPolyline
 90
4
 70
1
 10
11721.0
 20
13160.0
 10
11831.0
 20
13160.0
 10
11831.0
 20
13560.0
 10
11721.0
 20
13560.0
  0
CIRCLE
  5
196
330
17
100
AcDbEntity
  8
AR-WALLS
  6
DASHED
370
20
 48
150.0
420
4878245
100
AcDbCircle
 10
1888.0
 20
13548.000000000002
 30
0.0
 40
100.0
  0
CIRCLE
  5
197
330
17
100
AcDbEntity
  8
AR-WALLS
  6
DASHED
370
20
 48
150.0
420
4878245
100
AcDbCircle
 10
1889.9999999999998
 20
10430.0
 30
0.0
 40
100.0
  0
TEXT
  5
198
330
17
100
AcDbEntity
  8
TEXT
420
5592405
100
AcDbText
 10
7190.000000000001
 20
12815.0
 30
0.0
 40
90.0
  1
3. Кухня-столовая
  7
GOST
 72
1
 11
7190.000000000001
 21
12815.0
 31
0.0
100
AcDbText
  0
TEXT
  5
199
330
17
100
AcDbEntity
  8
TEXT
420
5592405
100
AcDbText
 10
2810.0
 20
12365.0
 30
0.0
 40
90.0
  1
7. Балкон (тёплый)
  7
GOST
 72
1
 11
2810.0
 21
12365.0
 31
0.0
100
AcDbText
  0
TEXT
  5
19A
330
17
100
AcDbEntity
  8
TEXT
420
5592405
100
AcDbText
 10
5980.0
 20
17765.000000000004
 30
0.0
 40
90.0
  1
1. Спальня
  7
GOST
 72
1
 11
5980.0
 21
17765.000000000004
 31
0.0
100
AcDbText
  0
TEXT
  5
19B
330
17
100
AcDbEntity
  8
TEXT
420
5592405
100
AcDbText
 10
10190.0
 20
18165.000000000004
 30
0.0
 40
90.0
  1
2. Детская
  7
GOST
 72
1
 11
10190.0
 21
18165.000000000004
 31
0.0
100
AcDbText
  0
TEXT
  5
19C
330
17
100
AcDbEntity
  8
TEXT
420
5592405
100
AcDbText
 10
10490.0
 20
12965.0
 30
0.0
 40
90.0
  1
4. Прихожая-коридор
  7
GOST
 72
1
 11
10490.0
 21
12965.0
 31
0.0
100
AcDbText
  0
TEXT
  5
19D
330
17
100
AcDbEntity
  8
TEXT
420
5592405
100
AcDbText
 10
10090.0
 20
14715.0
 30
0.0
 40
90.0
  1
5. Ванная
  7
GOST
 72
1
 11
10090.0
 21
14715.0
 31
0.0
100
AcDbText
  0
TEXT
  5
19E
330
17
100
AcDbEntity
  8
TEXT
420
5592405
100
AcDbText
 10
9340.0
 20
11965.0
 30
0.0
 40
90.0
  1
6. Постирочная
  7
GOST
 72
1
 11
9340.0
 21
11965.0
 31
0.0
100
AcDbText
  0
LWPOLYLINE
  5
19F
330
17
100
AcDbEntity
  8
VK
370
30
420
2060246
100
AcDbPolyline
 90
4
 70
0
 10
11240.0
 20
16150.0
 10
11040.0
 20
16150.0
 10
11040.0
 20
16280.000000000002
 10
10540.0
 20
16280.000000000002
  0
LWPOLYLINE
  5
1A0
330
17
100
AcDbEntity
  8
VK
370
30
420
2060246
100
AcDbPolyline
 90
4
 70
0
 10
11240.0
 20
16150.0
 10
11040.0
 20
16150.0
 10
11040.0
 20
16310.000000000002
 10
9540.0
 20
16310.000000000002
  0
LWPOLYLINE
  5
1A1
330
17
100
AcDbEntity
  8
VK
370
30
420
14034728
100
AcDbPolyline
 90
4
 70
0
 10
11265.0
 20
16175.0
 10
11065.0
 20
16175.0
 10
11065.0
 20
16335.000000000002
 10
9565.0
 20
16335.000000000002
  0
LWPOLYLINE
  5
1A2
330
17
100
AcDbEntity
  8
VK
370
30
420
2060246
100
AcDbPolyline
 90
5
 70
0
 10
11240.0
 20
16150.0
 10
11590.0
 20
16110.000000000002
 10
11780.0
 20
16110.000000000002
 10
11780.0
 20
16026.0
 10
11780.0
 20
15260.0
  0
LWPOLYLINE
  5
1A3
330
17
100
AcDbEntity
  8
VK
370
30
420
14034728
100
AcDbPolyline
 90
5
 70
0
 10
11265.0
 20
16175.0
 10
11615.0
 20
16135.000000000002
 10
11805.0
 20
16135.000000000002
 10
11805.0
 20
16051.0
 10
11805.0
 20
15285.0
  0
LWPOLYLINE
  5
1A4
330
17
100
AcDbEntity
  8
VK
370
30
420
2060246
100
AcDbPolyline
 90
4
 70
0
 10
11780.0
 20
15260.0
 10
11780.0
 20
15060.0
 10
11780.0
 20
14380.000000000002
 10
10440.0
 20
14380.000000000002
  0
LWPOLYLINE
  5
1A5
330
17
100
AcDbEntity
  8
VK
370
30
420
14034728
100
AcDbPolyline
 90
4
 70
0
 10
11805.0
 20
15285.0
 10
11805.0
 20
15085.0
 10
11805.0
 20
14405.000000000002
 10
10465.0
 20
14405.000000000002
  0
LWPOLYLINE
  5
1A6
330
17
100
AcDbEntity
  8
VK
370
30
420
2060246
100
AcDbPolyline
 90
6
 70
0
 10
8650.0
 20
11010.0
 10
8650.0
 20
10740.0
 10
8420.0
 20
10740.0
 10
8290.0
 20
10740.0
 10
8290.0
 20
10550.0
 10
6650.0
 20
10550.0
  0
LWPOLYLINE
  5
1A7
330
17
100
AcDbEntity
  8
VK
370
30
420
14034728
100
AcDbPolyline
 90
6
 70
0
 10
8675.0
 20
11035.0
 10
8675.0
 20
10765.0
 10
8445.0
 20
10765.0
 10
8315.0
 20
10765.0
 10
8315.0
 20
10575.0
 10
6675.0
 20
10575.0
  0
LWPOLYLINE
  5
1A8
330
17
100
AcDbEntity
  8
VK
370
30
420
2060246
100
AcDbPolyline
 90
2
 70
0
 10
8650.0
 20
11010.0
 10
8765.0
 20
10810.0
  0
LWPOLYLINE
  5
1A9
330
17
100
AcDbEntity
  8
VK
370
30
420
14034728
100
AcDbPolyline
 90
2
 70
0
 10
8675.0
 20
11035.0
 10
8790.0
 20
10835.0
  0
LWPOLYLINE
  5
1AA
330
17
100
AcDbEntity
  8
VK
370
30
420
2060246
100
AcDbPolyline
 90
4
 70
0
 10
8650.0
 20
11010.0
 10
8765.0
 20
10660.0
 10
9380.0
 20
10660.0
 10
9380.0
 20
10530.0
  0
LWPOLYLINE
  5
1AB
330
17
100
AcDbEntity
  8
VK
  6
DASHED
370
50
 48
150.0
420
7027999
100
AcDbPolyline
 90
4
 70
0
 10
11690.0
 20
15950.0
 10
11690.0
 20
16026.0
 10
11690.0
 20
16176.0
 10
11728.0
 20
16176.0
  0
LWPOLYLINE
  5
1AC
330
17
100
AcDbEntity
  8
VK
  6
DASHED
370
50
 48
150.0
420
7027999
100
AcDbPolyline
 90
7
 70
0
 10
11640.0
 20
14685.0
 10
11780.0
 20
14685.0
 10
11780.0
 20
15060.0
 10
11780.0
 20
16026.0
 10
11780.0
 20
16110.000000000002
 10
11728.0
 20
16110.000000000002
 10
11728.0
 20
16176.0
  0
LWPOLYLINE
  5
1AD
330
17
100
AcDbEntity
  8
VK
  6
DASHED
370
50
 48
150.0
420
7027999
100
AcDbPolyline
 90
4
 70
0
 10
10540.0
 20
16280.000000000002
 10
11040.0
 20
16280.000000000002
 10
11040.0
 20
16150.0
 10
11673.0
 20
16150.0
  0
LWPOLYLINE
  5
1AE
330
17
100
AcDbEntity
  8
VK
  6
DASHED
370
50
 48
150.0
420
7027999
100
AcDbPolyline
 90
4
 70
0
 10
9540.0
 20
16325.0
 10
10990.0
 20
16325.0
 10
10990.0
 20
16150.0
 10
11673.0
 20
16150.0
  0
LWPOLYLINE
  5
1AF
330
17
100
AcDbEntity
  8
VK
  6
DASHED
370
50
 48
150.0
420
7027999
100
AcDbPolyline
 90
4
 70
0
 10
6780.000000000001
 20
10570.0
 10
8380.0
 20
10570.0
 10
8506.0
 20
10570.0
 10
8506.0
 20
10611.0
  0
LWPOLYLINE
  5
1B0
330
17
100
AcDbEntity
  8
VK
  6
DASHED
370
50
 48
150.0
420
7027999
100
AcDbPolyline
 90
3
 70
0
 10
8765.0
 20
10960.0
 10
8616.0
 20
10960.0
 10
8616.0
 20
10611.0
  0
LWPOLYLINE
  5
1B1
330
17
100
AcDbEntity
  8
VK
  6
DASHED
370
50
 48
150.0
420
7027999
100
AcDbPolyline
 90
3
 70
0
 10
9460.0
 20
10570.0
 10
8765.0
 20
10570.0
 10
8616.0
 20
10611.0
  0
HATCH
  5
1B2
330
17
100
AcDbEntity
  8
VK
 62
7
420
16777215
100
AcDbHatch
 10
0.0
 20
0.0
 30
0.0
210
0.0
220
0.0
230
1.0
  2
SOLID
 70
1
 71
0
 91
1
 92
1
 93
1
 72
2
 10
10540.0
 20
16300.0
 40
42.5
 50
0
 51
360
 73
1
 97
0
 75
1
 76
1
 98
0
  0
CIRCLE
  5
1B3
330
17
100
AcDbEntity
  8
VK
370
35
420
2060246
100
AcDbCircle
 10
10540.0
 20
16300.0
 30
0.0
 40
42.5
  0
HATCH
  5
1B4
330
17
100
AcDbEntity
  8
VK
 62
7
420
16777215
100
AcDbHatch
 10
0.0
 20
0.0
 30
0.0
210
0.0
220
0.0
230
1.0
  2
SOLID
 70
1
 71
0
 91
1
 92
1
 93
1
 72
2
 10
10540.0
 20
16280.000000000002
 40
55.00000000000001
 50
0
 51
360
 73
1
 97
0
 75
1
 76
1
 98
0
  0
CIRCLE
  5
1B5
330
17
100
AcDbEntity
  8
VK
370
35
420
7027999
100
AcDbCircle
 10
10540.0
 20
16280.000000000002
 30
0.0
 40
55.00000000000001
  0
HATCH
  5
1B6
330
17
100
AcDbEntity
  8
VK
 62
7
420
7027999
100
AcDbHatch
 10
0.0
 20
0.0
 30
0.0
210
0.0
220
0.0
230
1.0
  2
SOLID
 70
1
 71
0
 91
1
 92
1
 93
1
 72
2
 10
10540.0
 20
16280.000000000002
 40
22.5
 50
0
 51
360
 73
1
 97
0
 75
1
 76
1
 98
0
  0
CIRCLE
  5
1B7
330
17
100
AcDbEntity
  8
VK
370
13
420
7027999
100
AcDbCircle
 10
10540.0
 20
16280.000000000002
 30
0.0
 40
22.5
  0
HATCH
  5
1B8
330
17
100
AcDbEntity
  8
VK
 62
7
420
16777215
100
AcDbHatch
 10
0.0
 20
0.0
 30
0.0
210
0.0
220
0.0
230
1.0
  2
SOLID
 70
1
 71
0
 91
1
 92
1
 93
1
 72
2
 10
9470.0
 20
16351.0
 40
42.5
 50
0
 51
360
 73
1
 97
0
 75
1
 76
1
 98
0
  0
CIRCLE
  5
1B9
330
17
100
AcDbEntity
  8
VK
370
35
420
2060246
100
AcDbCircle
 10
9470.0
 20
16351.0
 30
0.0
 40
42.5
  0
HATCH
  5
1BA
330
17
100
AcDbEntity
  8
VK
 62
7
420
14034728
100
AcDbHatch
 10
0.0
 20
0.0
 30
0.0
210
0.0
220
0.0
230
1.0
  2
SOLID
 70
1
 71
0
 91
1
 92
1
 93
1
 72
2
 10
9610.0
 20
16351.0
 40
42.5
 50
0
 51
360
 73
1
 97
0
 75
1
 76
1
 98
0
  0
CIRCLE
  5
1BB
330
17
100
AcDbEntity
  8
VK
370
35
420
14034728
100
AcDbCircle
 10
9610.0
 20
16351.0
 30
0.0
 40
42.5
  0
HATCH
  5
1BC
330
17
100
AcDbEntity
  8
VK
 62
7
420
16777215
100
AcDbHatch
 10
0.0
 20
0.0
 30
0.0
210
0.0
220
0.0
230
1.0
  2
SOLID
 70
1
 71
0
 91
1
 92
1
 93
1
 72
2
 10
9540.0
 20
16351.0
 40
55.00000000000001
 50
0
 51
360
 73
1
 97
0
 75
1
 76
1
 98
0
  0
CIRCLE
  5
1BD
330
17
100
AcDbEntity
  8
VK
370
35
420
7027999
100
AcDbCircle
 10
9540.0
 20
16351.0
 30
0.0
 40
55.00000000000001
  0
HATCH
  5
1BE
330
17
100
AcDbEntity
  8
VK
 62
7
420
7027999
100
AcDbHatch
 10
0.0
 20
0.0
 30
0.0
210
0.0
220
0.0
230
1.0
  2
SOLID
 70
1
 71
0
 91
1
 92
1
 93
1
 72
2
 10
9540.0
 20
16351.0
 40
22.5
 50
0
 51
360
 73
1
 97
0
 75
1
 76
1
 98
0
  0
CIRCLE
  5
1BF
330
17
100
AcDbEntity
  8
VK
370
13
420
7027999
100
AcDbCircle
 10
9540.0
 20
16351.0
 30
0.0
 40
22.5
  0
HATCH
  5
1C0
330
17
100
AcDbEntity
  8
VK
 62
7
420
16777215
100
AcDbHatch
 10
0.0
 20
0.0
 30
0.0
210
0.0
220
0.0
230
1.0
  2
SOLID
 70
1
 71
0
 91
1
 92
1
 93
1
 72
2
 10
10365.0
 20
14310.0
 40
42.5
 50
0
 51
360
 73
1
 97
0
 75
1
 76
1
 98
0
  0
CIRCLE
  5
1C1
330
17
100
AcDbEntity
  8
VK
370
35
420
2060246
100
AcDbCircle
 10
10365.0
 20
14310.0
 30
0.0
 40
42.5
  0
HATCH
  5
1C2
330
17
100
AcDbEntity
  8
VK
 62
7
420
14034728
100
AcDbHatch
 10
0.0
 20
0.0
 30
0.0
210
0.0
220
0.0
230
1.0
  2
SOLID
 70
1
 71
0
 91
1
 92
1
 93
1
 72
2
 10
10515.0
 20
14310.0
 40
42.5
 50
0
 51
360
 73
1
 97
0
 75
1
 76
1
 98
0
  0
CIRCLE
  5
1C3
330
17
100
AcDbEntity
  8
VK
370
35
420
14034728
100
AcDbCircle
 10
10515.0
 20
14310.0
 30
0.0
 40
42.5
  0
HATCH
  5
1C4
330
17
100
AcDbEntity
  8
VK
 62
7
420
16777215
100
AcDbHatch
 10
0.0
 20
0.0
 30
0.0
210
0.0
220
0.0
230
1.0
  2
SOLID
 70
1
 71
0
 91
1
 92
1
 93
1
 72
2
 10
11640.0
 20
14685.0
 40
55.00000000000001
 50
0
 51
360
 73
1
 97
0
 75
1
 76
1
 98
0
  0
CIRCLE
  5
1C5
330
17
100
AcDbEntity
  8
VK
370
35
420
7027999
100
AcDbCircle
 10
11640.0
 20
14685.0
 30
0.0
 40
55.00000000000001
  0
HATCH
  5
1C6
330
17
100
AcDbEntity
  8
VK
 62
7
420
7027999
100
AcDbHatch
 10
0.0
 20
0.0
 30
0.0
210
0.0
220
0.0
230
1.0
  2
SOLID
 70
1
 71
0
 91
1
 92
1
 93
1
 72
2
 10
11640.0
 20
14685.0
 40
22.5
 50
0
 51
360
 73
1
 97
0
 75
1
 76
1
 98
0
  0
CIRCLE
  5
1C7
330
17
100
AcDbEntity
  8
VK
370
13
420
7027999
100
AcDbCircle
 10
11640.0
 20
14685.0
 30
0.0
 40
22.5
  0
HATCH
  5
1C8
330
17
100
AcDbEntity
  8
VK
 62
7
420
16777215
100
AcDbHatch
 10
0.0
 20
0.0
 30
0.0
210
0.0
220
0.0
230
1.0
  2
SOLID
 70
1
 71
0
 91
1
 92
1
 93
1
 72
2
 10
11736.0
 20
15260.0
 40
42.5
 50
0
 51
360
 73
1
 97
0
 75
1
 76
1
 98
0
  0
CIRCLE
  5
1C9
330
17
100
AcDbEntity
  8
VK
370
35
420
2060246
100
AcDbCircle
 10
11736.0
 20
15260.0
 30
0.0
 40
42.5
  0
HATCH
  5
1CA
330
17
100
AcDbEntity
  8
VK
 62
7
420
14034728
100
AcDbHatch
 10
0.0
 20
0.0
 30
0.0
210
0.0
220
0.0
230
1.0
  2
SOLID
 70
1
 71
0
 91
1
 92
1
 93
1
 72
2
 10
11736.0
 20
15260.0
 40
42.5
 50
0
 51
360
 73
1
 97
0
 75
1
 76
1
 98
0
  0
CIRCLE
  5
1CB
330
17
100
AcDbEntity
  8
VK
370
35
420
14034728
100
AcDbCircle
 10
11736.0
 20
15260.0
 30
0.0
 40
42.5
  0
HATCH
  5
1CC
330
17
100
AcDbEntity
  8
VK
 62
7
420
16777215
100
AcDbHatch
 10
0.0
 20
0.0
 30
0.0
210
0.0
220
0.0
230
1.0
  2
SOLID
 70
1
 71
0
 91
1
 92
1
 93
1
 72
2
 10
11690.0
 20
15950.0
 40
55.00000000000001
 50
0
 51
360
 73
1
 97
0
 75
1
 76
1
 98
0
  0
CIRCLE
  5
1CD
330
17
100
AcDbEntity
  8
VK
370
35
420
7027999
100
AcDbCircle
 10
11690.0
 20
15950.0
 30
0.0
 40
55.00000000000001
  0
HATCH
  5
1CE
330
17
100
AcDbEntity
  8
VK
 62
7
420
7027999
100
AcDbHatch
 10
0.0
 20
0.0
 30
0.0
210
0.0
220
0.0
230
1.0
  2
SOLID
 70
1
 71
0
 91
1
 92
1
 93
1
 72
2
 10
11690.0
 20
15950.0
 40
22.5
 50
0
 51
360
 73
1
 97
0
 75
1
 76
1
 98
0
  0
CIRCLE
  5
1CF
330
17
100
AcDbEntity
  8
VK
370
13
420
7027999
100
AcDbCircle
 10
11690.0
 20
15950.0
 30
0.0
 40
22.5
  0
HATCH
  5
1D0
330
17
100
AcDbEntity
  8
VK
 62
7
420
16777215
100
AcDbHatch
 10
0.0
 20
0.0
 30
0.0
210
0.0
220
0.0
230
1.0
  2
SOLID
 70
1
 71
0
 91
1
 92
1
 93
1
 72
2
 10
6600.0
 20
10510.0
 40
42.5
 50
0
 51
360
 73
1
 97
0
 75
1
 76
1
 98
0
  0
CIRCLE
  5
1D1
330
17
100
AcDbEntity
  8
VK
370
35
420
2060246
100
AcDbCircle
 10
6600.0
 20
10510.0
 30
0.0
 40
42.5
  0
HATCH
  5
1D2
330
17
100
AcDbEntity
  8
VK
 62
7
420
14034728
100
AcDbHatch
 10
0.0
 20
0.0
 30
0.0
210
0.0
220
0.0
230
1.0
  2
SOLID
 70
1
 71
0
 91
1
 92
1
 93
1
 72
2
 10
6700.0
 20
10510.0
 40
42.5
 50
0
 51
360
 73
1
 97
0
 75
1
 76
1
 98
0
  0
CIRCLE
  5
1D3
330
17
100
AcDbEntity
  8
VK
370
35
420
14034728
100
AcDbCircle
 10
6700.0
 20
10510.0
 30
0.0
 40
42.5
  0
HATCH
  5
1D4
330
17
100
AcDbEntity
  8
VK
 62
7
420
16777215
100
AcDbHatch
 10
0.0
 20
0.0
 30
0.0
210
0.0
220
0.0
230
1.0
  2
SOLID
 70
1
 71
0
 91
1
 92
1
 93
1
 72
2
 10
6780.000000000001
 20
10510.0
 40
55.00000000000001
 50
0
 51
360
 73
1
 97
0
 75
1
 76
1
 98
0
  0
CIRCLE
  5
1D5
330
17
100
AcDbEntity
  8
VK
370
35
420
7027999
100
AcDbCircle
 10
6780.000000000001
 20
10510.0
 30
0.0
 40
55.00000000000001
  0
HATCH
  5
1D6
330
17
100
AcDbEntity
  8
VK
 62
7
420
7027999
100
AcDbHatch
 10
0.0
 20
0.0
 30
0.0
210
0.0
220
0.0
230
1.0
  2
SOLID
 70
1
 71
0
 91
1
 92
1
 93
1
 72
2
 10
6780.000000000001
 20
10510.0
 40
22.5
 50
0
 51
360
 73
1
 97
0
 75
1
 76
1
 98
0
  0
CIRCLE
  5
1D7
330
17
100
AcDbEntity
  8
VK
370
13
420
7027999
100
AcDbCircle
 10
6780.000000000001
 20
10510.0
 30
0.0
 40
22.5
  0
HATCH
  5
1D8
330
17
100
AcDbEntity
  8
VK
 62
7
420
16777215
100
AcDbHatch
 10
0.0
 20
0.0
 30
0.0
210
0.0
220
0.0
230
1.0
  2
SOLID
 70
1
 71
0
 91
1
 92
1
 93
1
 72
2
 10
6640.000000000001
 20
10510.0
 40
42.5
 50
0
 51
360
 73
1
 97
0
 75
1
 76
1
 98
0
  0
CIRCLE
  5
1D9
330
17
100
AcDbEntity
  8
VK
370
35
420
2060246
100
AcDbCircle
 10
6640.000000000001
 20
10510.0
 30
0.0
 40
42.5
  0
HATCH
  5
1DA
330
17
100
AcDbEntity
  8
VK
 62
7
420
16777215
100
AcDbHatch
 10
0.0
 20
0.0
 30
0.0
210
0.0
220
0.0
230
1.0
  2
SOLID
 70
1
 71
0
 91
1
 92
1
 93
1
 72
2
 10
6780.000000000001
 20
10510.0
 40
55.00000000000001
 50
0
 51
360
 73
1
 97
0
 75
1
 76
1
 98
0
  0
CIRCLE
  5
1DB
330
17
100
AcDbEntity
  8
VK
370
35
420
7027999
100
AcDbCircle
 10
6780.000000000001
 20
10510.0
 30
0.0
 40
55.00000000000001
  0
HATCH
  5
1DC
330
17
100
AcDbEntity
  8
VK
 62
7
420
7027999
100
AcDbHatch
 10
0.0
 20
0.0
 30
0.0
210
0.0
220
0.0
230
1.0
  2
SOLID
 70
1
 71
0
 91
1
 92
1
 93
1
 72
2
 10
6780.000000000001
 20
10510.0
 40
22.5
 50
0
 51
360
 73
1
 97
0
 75
1
 76
1
 98
0
  0
CIRCLE
  5
1DD
330
17
100
AcDbEntity
  8
VK
370
13
420
7027999
100
AcDbCircle
 10
6780.000000000001
 20
10510.0
 30
0.0
 40
22.5
  0
HATCH
  5
1DE
330
17
100
AcDbEntity
  8
VK
 62
7
420
16777215
100
AcDbHatch
 10
0.0
 20
0.0
 30
0.0
210
0.0
220
0.0
230
1.0
  2
SOLID
 70
1
 71
0
 91
1
 92
1
 93
1
 72
2
 10
6600.0
 20
10510.0
 40
42.5
 50
0
 51
360
 73
1
 97
0
 75
1
 76
1
 98
0
  0
CIRCLE
  5
1DF
330
17
100
AcDbEntity
  8
VK
370
35
420
2060246
100
AcDbCircle
 10
6600.0
 20
10510.0
 30
0.0
 40
42.5
  0
HATCH
  5
1E0
330
17
100
AcDbEntity
  8
VK
 62
7
420
16777215
100
AcDbHatch
 10
0.0
 20
0.0
 30
0.0
210
0.0
220
0.0
230
1.0
  2
SOLID
 70
1
 71
0
 91
1
 92
1
 93
1
 72
2
 10
8765.0
 20
10760.0
 40
42.5
 50
0
 51
360
 73
1
 97
0
 75
1
 76
1
 98
0
  0
CIRCLE
  5
1E1
330
17
100
AcDbEntity
  8
VK
370
35
420
2060246
100
AcDbCircle
 10
8765.0
 20
10760.0
 30
0.0
 40
42.5
  0
HATCH
  5
1E2
330
17
100
AcDbEntity
  8
VK
 62
7
420
14034728
100
AcDbHatch
 10
0.0
 20
0.0
 30
0.0
210
0.0
220
0.0
230
1.0
  2
SOLID
 70
1
 71
0
 91
1
 92
1
 93
1
 72
2
 10
8765.0
 20
10860.0
 40
42.5
 50
0
 51
360
 73
1
 97
0
 75
1
 76
1
 98
0
  0
CIRCLE
  5
1E3
330
17
100
AcDbEntity
  8
VK
370
35
420
14034728
100
AcDbCircle
 10
8765.0
 20
10860.0
 30
0.0
 40
42.5
  0
HATCH
  5
1E4
330
17
100
AcDbEntity
  8
VK
 62
7
420
16777215
100
AcDbHatch
 10
0.0
 20
0.0
 30
0.0
210
0.0
220
0.0
230
1.0
  2
SOLID
 70
1
 71
0
 91
1
 92
1
 93
1
 72
2
 10
8765.0
 20
10960.0
 40
55.00000000000001
 50
0
 51
360
 73
1
 97
0
 75
1
 76
1
 98
0
  0
CIRCLE
  5
1E5
330
17
100
AcDbEntity
  8
VK
370
35
420
7027999
100
AcDbCircle
 10
8765.0
 20
10960.0
 30
0.0
 40
55.00000000000001
  0
HATCH
  5
1E6
330
17
100
AcDbEntity
  8
VK
 62
7
420
7027999
100
AcDbHatch
 10
0.0
 20
0.0
 30
0.0
210
0.0
220
0.0
230
1.0
  2
SOLID
 70
1
 71
0
 91
1
 92
1
 93
1
 72
2
 10
8765.0
 20
10960.0
 40
22.5
 50
0
 51
360
 73
1
 97
0
 75
1
 76
1
 98
0
  0
CIRCLE
  5
1E7
330
17
100
AcDbEntity
  8
VK
370
13
420
7027999
100
AcDbCircle
 10
8765.0
 20
10960.0
 30
0.0
 40
22.5
  0
HATCH
  5
1E8
330
17
100
AcDbEntity
  8
VK
 62
7
420
16777215
100
AcDbHatch
 10
0.0
 20
0.0
 30
0.0
210
0.0
220
0.0
230
1.0
  2
SOLID
 70
1
 71
0
 91
1
 92
1
 93
1
 72
2
 10
9380.0
 20
10510.0
 40
42.5
 50
0
 51
360
 73
1
 97
0
 75
1
 76
1
 98
0
  0
CIRCLE
  5
1E9
330
17
100
AcDbEntity
  8
VK
370
35
420
2060246
100
AcDbCircle
 10
9380.0
 20
10510.0
 30
0.0
 40
42.5
  0
HATCH
  5
1EA
330
17
100
AcDbEntity
  8
VK
 62
7
420
16777215
100
AcDbHatch
 10
0.0
 20
0.0
 30
0.0
210
0.0
220
0.0
230
1.0
  2
SOLID
 70
1
 71
0
 91
1
 92
1
 93
1
 72
2
 10
9460.0
 20
10510.0
 40
55.00000000000001
 50
0
 51
360
 73
1
 97
0
 75
1
 76
1
 98
0
  0
CIRCLE
  5
1EB
330
17
100
AcDbEntity
  8
VK
370
35
420
7027999
100
AcDbCircle
 10
9460.0
 20
10510.0
 30
0.0
 40
55.00000000000001
  0
HATCH
  5
1EC
330
17
100
AcDbEntity
  8
VK
 62
7
420
7027999
100
AcDbHatch
 10
0.0
 20
0.0
 30
0.0
210
0.0
220
0.0
230
1.0
  2
SOLID
 70
1
 71
0
 91
1
 92
1
 93
1
 72
2
 10
9460.0
 20
10510.0
 40
22.5
 50
0
 51
360
 73
1
 97
0
 75
1
 76
1
 98
0
  0
CIRCLE
  5
1ED
330
17
100
AcDbEntity
  8
VK
370
13
420
7027999
100
AcDbCircle
 10
9460.0
 20
10510.0
 30
0.0
 40
22.5
  0
HATCH
  5
1EE
330
17
100
AcDbEntity
  8
VK
 62
7
420
16777215
100
AcDbHatch
 10
0.0
 20
0.0
 30
0.0
210
0.0
220
0.0
230
1.0
  2
SOLID
 70
1
 71
0
 91
1
 92
1
 93
1
 72
2
 10
9460.0
 20
10510.0
 40
55.00000000000001
 50
0
 51
360
 73
1
 97
0
 75
1
 76
1
 98
0
  0
CIRCLE
  5
1EF
330
17
100
AcDbEntity
  8
VK
370
35
420
7027999
100
AcDbCircle
 10
9460.0
 20
10510.0
 30
0.0
 40
55.00000000000001
  0
HATCH
  5
1F0
330
17
100
AcDbEntity
  8
VK
 62
7
420
7027999
100
AcDbHatch
 10
0.0
 20
0.0
 30
0.0
210
0.0
220
0.0
230
1.0
  2
SOLID
 70
1
 71
0
 91
1
 92
1
 93
1
 72
2
 10
9460.0
 20
10510.0
 40
22.5
 50
0
 51
360
 73
1
 97
0
 75
1
 76
1
 98
0
  0
CIRCLE
  5
1F1
330
17
100
AcDbEntity
  8
VK
370
13
420
7027999
100
AcDbCircle
 10
9460.0
 20
10510.0
 30
0.0
 40
22.5
  0
HATCH
  5
1F2
330
17
100
AcDbEntity
  8
VK
 62
7
420
16777215
100
AcDbHatch
 10
0.0
 20
0.0
 30
0.0
210
0.0
220
0.0
230
1.0
  2
SOLID
 70
1
 71
0
 91
1
 92
1
 93
1
 72
2
 10
8650.0
 20
11010.0
 40
42.5
 50
0
 51
360
 73
1
 97
0
 75
1
 76
1
 98
0
  0
CIRCLE
  5
1F3
330
17
100
AcDbEntity
  8
VK
370
35
420
2060246
100
AcDbCircle
 10
8650.0
 20
11010.0
 30
0.0
 40
42.5
  0
HATCH
  5
1F4
330
17
100
AcDbEntity
  8
VK
 62
7
420
16777215
100
AcDbHatch
 10
0.0
 20
0.0
 30
0.0
210
0.0
220
0.0
230
1.0
  2
SOLID
 70
1
 71
0
 91
1
 92
1
 93
1
 72
2
 10
9369.0
 20
10510.0
 40
55.00000000000001
 50
0
 51
360
 73
1
 97
0
 75
1
 76
1
 98
0
  0
CIRCLE
  5
1F5
330
17
100
AcDbEntity
  8
VK
370
35
420
7027999
100
AcDbCircle
 10
9369.0
 20
10510.0
 30
0.0
 40
55.00000000000001
  0
HATCH
  5
1F6
330
17
100
AcDbEntity
  8
VK
 62
7
420
7027999
100
AcDbHatch
 10
0.0
 20
0.0
 30
0.0
210
0.0
220
0.0
230
1.0
  2
SOLID
 70
1
 71
0
 91
1
 92
1
 93
1
 72
2
 10
9369.0
 20
10510.0
 40
22.5
 50
0
 51
360
 73
1
 97
0
 75
1
 76
1
 98
0
  0
CIRCLE
  5
1F7
330
17
100
AcDbEntity
  8
VK
370
13
420
7027999
100
AcDbCircle
 10
9369.0
 20
10510.0
 30
0.0
 40
22.5
  0
HATCH
  5
1F8
330
17
100
AcDbEntity
  8
VK
 62
7
420
16771496
100
AcDbHatch
 10
0.0
 20
0.0
 30
0.0
210
0.0
220
0.0
230
1.0
  2
SOLID
 70
1
 71
0
 91
1
 92
3
 72
0
 73
1
 93
4
 10
11160.0
 20
16069.999999999998
 10
11320.0
 20
16069.999999999998
 10
11320.0
 20
16230.000000000002
 10
11160.0
 20
16230.000000000002
 97
0
 75
1
 76
1
 98
0
  0
LWPOLYLINE
  5
1F9
330
17
100
AcDbEntity
  8
VK
 62
7
370
30
100
AcDbPolyline
 90
4
 70
1
 10
11160.0
 20
16069.999999999998
 10
11320.0
 20
16069.999999999998
 10
11320.0
 20
16230.000000000002
 10
11160.0
 20
16230.000000000002
  0
TEXT
  5
1FA
330
17
100
AcDbEntity
  8
TEXT
 62
7
100
AcDbText
 10
11346.066017177982
 20
15968.933982822016
 30
0.0
 40
75.0
  1
N1
  7
GOST
 11
11346.066017177982
 21
15968.933982822016
 31
0.0
100
AcDbText
  0
HATCH
  5
1FB
330
17
100
AcDbEntity
  8
VK
 62
7
420
16771496
100
AcDbHatch
 10
0.0
 20
0.0
 30
0.0
210
0.0
220
0.0
230
1.0
  2
SOLID
 70
1
 71
0
 91
1
 92
3
 72
0
 73
1
 93
4
 10
8570.0
 20
10930.000000000002
 10
8730.0
 20
10930.000000000002
 10
8730.0
 20
11090.0
 10
8570.0
 20
11090.0
 97
0
 75
1
 76
1
 98
0
  0
LWPOLYLINE
  5
1FC
330
17
100
AcDbEntity
  8
VK
 62
7
370
30
100
AcDbPolyline
 90
4
 70
1
 10
8570.0
 20
10930.000000000002
 10
8730.0
 20
10930.000000000002
 10
8730.0
 20
11090.0
 10
8570.0
 20
11090.0
  0
TEXT
  5
1FD
330
17
100
AcDbEntity
  8
TEXT
 62
7
100
AcDbText
 10
8756.066017177982
 20
11116.066017177982
 30
0.0
 40
75.0
  1
N2
  7
GOST
 11
8756.066017177982
 21
11116.066017177982
 31
0.0
100
AcDbText
  0
TEXT
  5
1FE
330
17
100
AcDbEntity
  8
TEXT
420
2051740
100
AcDbText
 10
11410.043936525723
 20
15649.066017177984
 30
0.0
 40
67.5
  1
VK-C1
  7
GOST
 11
11410.043936525723
 21
15649.066017177984
 31
0.0
100
AcDbText
  0
TEXT
  5
1FF
330
17
100
AcDbEntity
  8
TEXT
420
2051740
100
AcDbText
 10
10669.267316155352
 20
16014.933982822015
 30
0.0
 40
67.5
  1
VK-C2
  7
GOST
 11
10669.267316155352
 21
16014.933982822015
 31
0.0
100
AcDbText
  0
TEXT
  5
200
330
17
100
AcDbEntity
  8
TEXT
420
2051740
100
AcDbText
 10
9996.566017177982
 20
16002.433982822015
 30
0.0
 40
67.5
  1
VK-C3
  7
GOST
 11
9996.566017177982
 21
16002.433982822015
 31
0.0
100
AcDbText
  0
HATCH
  5
201
330
17
100
AcDbEntity
  8
EL-LOW
 62
7
420
16777215
100
AcDbHatch
 10
0.0
 20
0.0
 30
0.0
210
0.0
220
0.0
230
1.0
  2
SOLID
 70
1
 71
0
 91
1
 92
3
 72
0
 73
1
 93
4
 10
7008.981481481482
 20
10752.5
 10
7171.01851851852
 20
10752.5
 10
7171.01851851852
 20
10867.500000000002
 10
7008.981481481482
 20
10867.500000000002
 97
0
 75
1
 76
1
 98
0
  0
LWPOLYLINE
  5
202
330
17
100
AcDbEntity
  8
EL-LOW
370
25
420
1998130
100
AcDbPolyline
 90
4
 70
1
 10
7008.981481481482
 20
10752.5
 10
7171.01851851852
 20
10752.5
 10
7171.01851851852
 20
10867.500000000002
 10
7008.981481481482
 20
10867.500000000002
  0
TEXT
  5
203
330
17
100
AcDbEntity
  8
EL-LOW
420
1998130
100
AcDbText
 10
7090.000000000001
 20
10782.5
 30
0.0
 40
55.00000000000001
  1
ДП
  7
GOST
 72
1
 11
7090.000000000001
 21
10782.5
 31
0.0
100
AcDbText
  0
HATCH
  5
204
330
17
100
AcDbEntity
  8
EL-LOW
 62
7
420
16777215
100
AcDbHatch
 10
0.0
 20
0.0
 30
0.0
210
0.0
220
0.0
230
1.0
  2
SOLID
 70
1
 71
0
 91
1
 92
3
 72
0
 73
1
 93
4
 10
11558.981481481482
 20
14702.499999999998
 10
11721.01851851852
 20
14702.499999999998
 10
11721.01851851852
 20
14817.500000000002
 10
11558.981481481482
 20
14817.500000000002
 97
0
 75
1
 76
1
 98
0
  0
LWPOLYLINE
  5
205
330
17
100
AcDbEntity
  8
EL-LOW
370
25
420
1998130
100
AcDbPolyline
 90
4
 70
1
 10
11558.981481481482
 20
14702.499999999998
 10
11721.01851851852
 20
14702.499999999998
 10
11721.01851851852
 20
14817.500000000002
 10
11558.981481481482
 20
14817.500000000002
  0
TEXT
  5
206
330
17
100
AcDbEntity
  8
EL-LOW
420
1998130
100
AcDbText
 10
11640.0
 20
14732.499999999998
 30
0.0
 40
55.00000000000001
  1
ДП
  7
GOST
 72
1
 11
11640.0
 21
14732.499999999998
 31
0.0
100
AcDbText
  0
HATCH
  5
207
330
17
100
AcDbEntity
  8
EL-LOW
 62
7
420
16777215
100
AcDbHatch
 10
0.0
 20
0.0
 30
0.0
210
0.0
220
0.0
230
1.0
  2
SOLID
 70
1
 71
0
 91
1
 92
3
 72
0
 73
1
 93
4
 10
9808.981481481482
 20
15902.499999999998
 10
9971.01851851852
 20
15902.499999999998
 10
9971.01851851852
 20
16017.500000000002
 10
9808.981481481482
 20
16017.500000000002
 97
0
 75
1
 76
1
 98
0
  0
LWPOLYLINE
  5
208
330
17
100
AcDbEntity
  8
EL-LOW
370
25
420
1998130
100
AcDbPolyline
 90
4
 70
1
 10
9808.981481481482
 20
15902.499999999998
 10
9971.01851851852
 20
15902.499999999998
 10
9971.01851851852
 20
16017.500000000002
 10
9808.981481481482
 20
16017.500000000002
  0
TEXT
  5
209
330
17
100
AcDbEntity
  8
EL-LOW
420
1998130
100
AcDbText
 10
9890.0
 20
15932.499999999998
 30
0.0
 40
55.00000000000001
  1
ДП
  7
GOST
 72
1
 11
9890.0
 21
15932.499999999998
 31
0.0
100
AcDbText
  0
HATCH
  5
20A
330
17
100
AcDbEntity
  8
EL-LOW
 62
7
420
16777215
100
AcDbHatch
 10
0.0
 20
0.0
 30
0.0
210
0.0
220
0.0
230
1.0
  2
SOLID
 70
1
 71
0
 91
1
 92
3
 72
0
 73
1
 93
4
 10
11108.981481481482
 20
15952.499999999998
 10
11271.01851851852
 20
15952.499999999998
 10
11271.01851851852
 20
16067.500000000002
 10
11108.981481481482
 20
16067.500000000002
 97
0
 75
1
 76
1
 98
0
  0
LWPOLYLINE
  5
20B
330
17
100
AcDbEntity
  8
EL-LOW
370
25
420
1998130
100
AcDbPolyline
 90
4
 70
1
 10
11108.981481481482
 20
15952.499999999998
 10
11271.01851851852
 20
15952.499999999998
 10
11271.01851851852
 20
16067.500000000002
 10
11108.981481481482
 20
16067.500000000002
  0
TEXT
  5
20C
330
17
100
AcDbEntity
  8
EL-LOW
420
1998130
100
AcDbText
 10
11190.0
 20
15982.499999999998
 30
0.0
 40
55.00000000000001
  1
ДП
  7
GOST
 72
1
 11
11190.0
 21
15982.499999999998
 31
0.0
100
AcDbText
  0
HATCH
  5
20D
330
17
100
AcDbEntity
  8
EL-LOW
 62
7
420
16777215
100
AcDbHatch
 10
0.0
 20
0.0
 30
0.0
210
0.0
220
0.0
230
1.0
  2
SOLID
 70
1
 71
0
 91
1
 92
3
 72
0
 73
1
 93
4
 10
9708.981481481482
 20
11052.5
 10
9871.01851851852
 20
11052.5
 10
9871.01851851852
 20
11167.500000000002
 10
9708.981481481482
 20
11167.500000000002
 97
0
 75
1
 76
1
 98
0
  0
LWPOLYLINE
  5
20E
330
17
100
AcDbEntity
  8
EL-LOW
370
25
420
1998130
100
AcDbPolyline
 90
4
 70
1
 10
9708.981481481482
 20
11052.5
 10
9871.01851851852
 20
11052.5
 10
9871.01851851852
 20
11167.500000000002
 10
9708.981481481482
 20
11167.500000000002
  0
TEXT
  5
20F
330
17
100
AcDbEntity
  8
EL-LOW
420
1998130
100
AcDbText
 10
9790.0
 20
11082.5
 30
0.0
 40
55.00000000000001
  1
ДП
  7
GOST
 72
1
 11
9790.0
 21
11082.5
 31
0.0
100
AcDbText
  0
HATCH
  5
210
330
17
100
AcDbEntity
  8
EL-LOW
 62
7
420
16777215
100
AcDbHatch
 10
0.0
 20
0.0
 30
0.0
210
0.0
220
0.0
230
1.0
  2
SOLID
 70
1
 71
0
 91
1
 92
3
 72
0
 73
1
 93
4
 10
8908.981481481482
 20
10752.5
 10
9071.01851851852
 20
10752.5
 10
9071.01851851852
 20
10867.500000000002
 10
8908.981481481482
 20
10867.500000000002
 97
0
 75
1
 76
1
 98
0
  0
LWPOLYLINE
  5
211
330
17
100
AcDbEntity
  8
EL-LOW
370
25
420
1998130
100
AcDbPolyline
 90
4
 70
1
 10
8908.981481481482
 20
10752.5
 10
9071.01851851852
 20
10752.5
 10
9071.01851851852
 20
10867.500000000002
 10
8908.981481481482
 20
10867.500000000002
  0
TEXT
  5
212
330
17
100
AcDbEntity
  8
EL-LOW
420
1998130
100
AcDbText
 10
8990.0
 20
10782.5
 30
0.0
 40
55.00000000000001
  1
ДП
  7
GOST
 72
1
 11
8990.0
 21
10782.5
 31
0.0
100
AcDbText
  0
HATCH
  5
213
330
17
100
AcDbEntity
  8
EL-LOW
 62
7
420
16777215
100
AcDbHatch
 10
0.0
 20
0.0
 30
0.0
210
0.0
220
0.0
230
1.0
  2
SOLID
 70
1
 71
0
 91
1
 92
3
 72
0
 73
1
 93
4
 10
8578.981481481482
 20
12152.5
 10
8741.01851851852
 20
12152.5
 10
8741.01851851852
 20
12267.500000000002
 10
8578.981481481482
 20
12267.500000000002
 97
0
 75
1
 76
1
 98
0
  0
LWPOLYLINE
  5
214
330
17
100
AcDbEntity
  8
EL-LOW
370
25
420
1998130
100
AcDbPolyline
 90
4
 70
1
 10
8578.981481481482
 20
12152.5
 10
8741.01851851852
 20
12152.5
 10
8741.01851851852
 20
12267.500000000002
 10
8578.981481481482
 20
12267.500000000002
  0
TEXT
  5
215
330
17
100
AcDbEntity
  8
EL-LOW
420
1998130
100
AcDbText
 10
8660.0
 20
12182.5
 30
0.0
 40
55.00000000000001
  1
ДП
  7
GOST
 72
1
 11
8660.0
 21
12182.5
 31
0.0
100
AcDbText
  0
TEXT
  5
216
330
17
100
AcDbEntity
  8
TEXT
 62
7
100
AcDbText
 10
10424.45644718793
 20
16640.0
 30
0.0
 40
80.0
  1
P01
  7
GOST
 11
10424.45644718793
 21
16640.0
 31
0.0
100
AcDbText
  0
LWPOLYLINE
  5
217
330
17
100
AcDbEntity
  8
TEXT
 62
7
370
15
100
AcDbPolyline
 90
2
 70
0
 10
10540.0
 20
16290.0
 10
10540.0
 20
16625.0
  0
HATCH
  5
218
330
17
100
AcDbEntity
  8
TEXT
 62
7
100
AcDbHatch
 10
0.0
 20
0.0
 30
0.0
210
0.0
220
0.0
230
1.0
  2
SOLID
 70
1
 71
0
 91
1
 92
1
 93
1
 72
2
 10
10540.0
 20
16290.0
 40
12.5
 50
0
 51
360
 73
1
 97
0
 75
1
 76
1
 98
0
  0
CIRCLE
  5
219
330
17
100
AcDbEntity
  8
TEXT
 62
7
370
13
100
AcDbCircle
 10
10540.0
 20
16290.0
 30
0.0
 40
12.5
  0
TEXT
  5
21A
330
17
100
AcDbEntity
  8
TEXT
 62
7
100
AcDbText
 10
9681.42135623731
 20
16129.578643762687
 30
0.0
 40
80.0
  1
P02
  7
GOST
 11
9681.42135623731
 21
16129.578643762687
 31
0.0
100
AcDbText
  0
LWPOLYLINE
  5
21B
330
17
100
AcDbEntity
  8
TEXT
 62
7
370
15
100
AcDbPolyline
 90
2
 70
0
 10
9540.0
 20
16351.0
 10
9666.42135623731
 20
16224.578643762688
  0
HATCH
  5
21C
330
17
100
AcDbEntity
  8
TEXT
 62
7
100
AcDbHatch
 10
0.0
 20
0.0
 30
0.0
210
0.0
220
0.0
230
1.0
  2
SOLID
 70
1
 71
0
 91
1
 92
1
 93
1
 72
2
 10
9540.0
 20
16351.0
 40
12.5
 50
0
 51
360
 73
1
 97
0
 75
1
 76
1
 98
0
  0
CIRCLE
  5
21D
330
17
100
AcDbEntity
  8
TEXT
 62
7
370
13
100
AcDbCircle
 10
9540.0
 20
16351.0
 30
0.0
 40
12.5
  0
TEXT
  5
21E
330
17
100
AcDbEntity
  8
TEXT
 62
7
100
AcDbText
 10
10981.42135623731
 20
14576.42135623731
 30
0.0
 40
80.0
  1
P03
  7
GOST
 11
10981.42135623731
 21
14576.42135623731
 31
0.0
100
AcDbText
  0
LWPOLYLINE
  5
21F
330
17
100
AcDbEntity
  8
TEXT
 62
7
370
15
100
AcDbPolyline
 90
2
 70
0
 10
10840.0
 20
14435.0
 10
10966.42135623731
 20
14561.42135623731
  0
HATCH
  5
220
330
17
100
AcDbEntity
  8
TEXT
 62
7
100
AcDbHatch
 10
0.0
 20
0.0
 30
0.0
210
0.0
220
0.0
230
1.0
  2
SOLID
 70
1
 71
0
 91
1
 92
1
 93
1
 72
2
 10
10840.0
 20
14435.0
 40
12.5
 50
0
 51
360
 73
1
 97
0
 75
1
 76
1
 98
0
  0
CIRCLE
  5
221
330
17
100
AcDbEntity
  8
TEXT
 62
7
370
13
100
AcDbCircle
 10
10840.0
 20
14435.0
 30
0.0
 40
12.5
  0
TEXT
  5
222
330
17
100
AcDbEntity
  8
TEXT
 62
7
100
AcDbText
 10
11345.654775449933
 20
15268.578643762688
 30
0.0
 40
80.0
  1
P04
  7
GOST
 11
11345.654775449933
 21
15268.578643762688
 31
0.0
100
AcDbText
  0
LWPOLYLINE
  5
223
330
17
100
AcDbEntity
  8
TEXT
 62
7
370
15
100
AcDbPolyline
 90
2
 70
0
 10
11720.666666666668
 20
15490.0
 10
11594.24531042936
 20
15363.57864376269
  0
HATCH
  5
224
330
17
100
AcDbEntity
  8
TEXT
 62
7
100
AcDbHatch
 10
0.0
 20
0.0
 30
0.0
210
0.0
220
0.0
230
1.0
  2
SOLID
 70
1
 71
0
 91
1
 92
1
 93
1
 72
2
 10
11720.666666666668
 20
15490.0
 40
12.5
 50
0
 51
360
 73
1
 97
0
 75
1
 76
1
 98
0
  0
CIRCLE
  5
225
330
17
100
AcDbEntity
  8
TEXT
 62
7
370
13
100
AcDbCircle
 10
11720.666666666668
 20
15490.0
 30
0.0
 40
12.5
  0
TEXT
  5
226
330
17
100
AcDbEntity
  8
TEXT
 62
7
100
AcDbText
 10
6834.754689570643
 20
10651.42135623731
 30
0.0
 40
80.0
  1
P06
  7
GOST
 11
6834.754689570643
 21
10651.42135623731
 31
0.0
100
AcDbText
  0
LWPOLYLINE
  5
227
330
17
100
AcDbEntity
  8
TEXT
 62
7
370
15
100
AcDbPolyline
 90
2
 70
0
 10
6693.333333333334
 20
10510.0
 10
6819.754689570643
 20
10636.42135623731
  0
HATCH
  5
228
330
17
100
AcDbEntity
  8
TEXT
 62
7
100
AcDbHatch
 10
0.0
 20
0.0
 30
0.0
210
0.0
220
0.0
230
1.0
  2
SOLID
 70
1
 71
0
 91
1
 92
1
 93
1
 72
2
 10
6693.333333333334
 20
10510.0
 40
12.5
 50
0
 51
360
 73
1
 97
0
 75
1
 76
1
 98
0
  0
CIRCLE
  5
229
330
17
100
AcDbEntity
  8
TEXT
 62
7
370
13
100
AcDbCircle
 10
6693.333333333334
 20
10510.0
 30
0.0
 40
12.5
  0
TEXT
  5
22A
330
17
100
AcDbEntity
  8
TEXT
 62
7
100
AcDbText
 10
6338.674665710564
 20
10651.42135623731
 30
0.0
 40
80.0
  1
P07
  7
GOST
 11
6338.674665710564
 21
10651.42135623731
 31
0.0
100
AcDbText
  0
LWPOLYLINE
  5
22B
330
17
100
AcDbEntity
  8
TEXT
 62
7
370
15
100
AcDbPolyline
 90
2
 70
0
 10
6709.999999999999
 20
10510.0
 10
6583.578643762691
 20
10636.42135623731
  0
HATCH
  5
22C
330
17
100
AcDbEntity
  8
TEXT
 62
7
100
AcDbHatch
 10
0.0
 20
0.0
 30
0.0
210
0.0
220
0.0
230
1.0
  2
SOLID
 70
1
 71
0
 91
1
 92
1
 93
1
 72
2
 10
6709.999999999999
 20
10510.0
 40
12.5
 50
0
 51
360
 73
1
 97
0
 75
1
 76
1
 98
0
  0
CIRCLE
  5
22D
330
17
100
AcDbEntity
  8
TEXT
 62
7
370
13
100
AcDbCircle
 10
6709.999999999999
 20
10510.0
 30
0.0
 40
12.5
  0
TEXT
  5
22E
330
17
100
AcDbEntity
  8
TEXT
 62
7
100
AcDbText
 10
6484.087791495199
 20
10230.000000000002
 30
0.0
 40
80.0
  1
P08
  7
GOST
 11
6484.087791495199
 21
10230.000000000002
 31
0.0
100
AcDbText
  0
LWPOLYLINE
  5
22F
330
17
100
AcDbEntity
  8
TEXT
 62
7
370
15
100
AcDbPolyline
 90
2
 70
0
 10
6600.0
 20
10510.0
 10
6600.0
 20
10325.000000000002
  0
HATCH
  5
230
330
17
100
AcDbEntity
  8
TEXT
 62
7
100
AcDbHatch
 10
0.0
 20
0.0
 30
0.0
210
0.0
220
0.0
230
1.0
  2
SOLID
 70
1
 71
0
 91
1
 92
1
 93
1
 72
2
 10
6600.0
 20
10510.0
 40
12.5
 50
0
 51
360
 73
1
 97
0
 75
1
 76
1
 98
0
  0
CIRCLE
  5
231
330
17
100
AcDbEntity
  8
TEXT
 62
7
370
13
100
AcDbCircle
 10
6600.0
 20
10510.0
 30
0.0
 40
12.5
  0
TEXT
  5
232
330
17
100
AcDbEntity
  8
TEXT
 62
7
100
AcDbText
 10
8906.42135623731
 20
10638.578643762692
 30
0.0
 40
80.0
  1
P09
  7
GOST
 11
8906.42135623731
 21
10638.578643762692
 31
0.0
100
AcDbText
  0
LWPOLYLINE
  5
233
330
17
100
AcDbEntity
  8
TEXT
 62
7
370
15
100
AcDbPolyline
 90
2
 70
0
 10
8765.0
 20
10860.0
 10
8891.42135623731
 20
10733.578643762692
  0
HATCH
  5
234
330
17
100
AcDbEntity
  8
TEXT
 62
7
100
AcDbHatch
 10
0.0
 20
0.0
 30
0.0
210
0.0
220
0.0
230
1.0
  2
SOLID
 70
1
 71
0
 91
1
 92
1
 93
1
 72
2
 10
8765.0
 20
10860.0
 40
12.5
 50
0
 51
360
 73
1
 97
0
 75
1
 76
1
 98
0
  0
CIRCLE
  5
235
330
17
100
AcDbEntity
  8
TEXT
 62
7
370
13
100
AcDbCircle
 10
8765.0
 20
10860.0
 30
0.0
 40
12.5
  0
TEXT
  5
236
330
17
100
AcDbEntity
  8
TEXT
 62
7
100
AcDbText
 10
9561.42135623731
 20
10651.42135623731
 30
0.0
 40
80.0
  1
P10
  7
GOST
 11
9561.42135623731
 21
10651.42135623731
 31
0.0
100
AcDbText
  0
LWPOLYLINE
  5
237
330
17
100
AcDbEntity
  8
TEXT
 62
7
370
15
100
AcDbPolyline
 90
2
 70
0
 10
9420.0
 20
10510.0
 10
9546.42135623731
 20
10636.42135623731
  0
HATCH
  5
238
330
17
100
AcDbEntity
  8
TEXT
 62
7
100
AcDbHatch
 10
0.0
 20
0.0
 30
0.0
210
0.0
220
0.0
230
1.0
  2
SOLID
 70
1
 71
0
 91
1
 92
1
 93
1
 72
2
 10
9420.0
 20
10510.0
 40
12.5
 50
0
 51
360
 73
1
 97
0
 75
1
 76
1
 98
0
  0
CIRCLE
  5
239
330
17
100
AcDbEntity
  8
TEXT
 62
7
370
13
100
AcDbCircle
 10
9420.0
 20
10510.0
 30
0.0
 40
12.5
  0
TEXT
  5
23A
330
17
100
AcDbEntity
  8
TEXT
 62
7
100
AcDbText
 10
9344.45644718793
 20
10230.000000000002
 30
0.0
 40
80.0
  1
P11
  7
GOST
 11
9344.45644718793
 21
10230.000000000002
 31
0.0
100
AcDbText
  0
LWPOLYLINE
  5
23B
330
17
100
AcDbEntity
  8
TEXT
 62
7
370
15
100
AcDbPolyline
 90
2
 70
0
 10
9460.0
 20
10510.0
 10
9460.0
 20
10325.000000000002
  0
HATCH
  5
23C
330
17
100
AcDbEntity
  8
TEXT
 62
7
100
AcDbHatch
 10
0.0
 20
0.0
 30
0.0
210
0.0
220
0.0
230
1.0
  2
SOLID
 70
1
 71
0
 91
1
 92
1
 93
1
 72
2
 10
9460.0
 20
10510.0
 40
12.5
 50
0
 51
360
 73
1
 97
0
 75
1
 76
1
 98
0
  0
CIRCLE
  5
23D
330
17
100
AcDbEntity
  8
TEXT
 62
7
370
13
100
AcDbCircle
 10
9460.0
 20
10510.0
 30
0.0
 40
12.5
  0
TEXT
  5
23E
330
17
100
AcDbEntity
  8
TEXT
 62
7
100
AcDbText
 10
9150.92135623731
 20
10901.42135623731
 30
0.0
 40
80.0
  1
P12
  7
GOST
 11
9150.92135623731
 21
10901.42135623731
 31
0.0
100
AcDbText
  0
LWPOLYLINE
  5
23F
330
17
100
AcDbEntity
  8
TEXT
 62
7
370
15
100
AcDbPolyline
 90
2
 70
0
 10
9009.5
 20
10760.0
 10
9135.921356237308
 20
10886.42135623731
  0
HATCH
  5
240
330
17
100
AcDbEntity
  8
TEXT
 62
7
100
AcDbHatch
 10
0.0
 20
0.0
 30
0.0
210
0.0
220
0.0
230
1.0
  2
SOLID
 70
1
 71
0
 91
1
 92
1
 93
1
 72
2
 10
9009.5
 20
10760.0
 40
12.5
 50
0
 51
360
 73
1
 97
0
 75
1
 76
1
 98
0
  0
CIRCLE
  5
241
330
17
100
AcDbEntity
  8
TEXT
 62
7
370
13
100
AcDbCircle
 10
9009.5
 20
10760.0
 30
0.0
 40
12.5
  0
LWPOLYLINE
  5
242
330
17
100
AcDbEntity
  8
DIM
 62
7
370
15
100
AcDbPolyline
 90
2
 70
0
 10
4215.000000000001
 20
20292.0
 10
12035.0
 20
20292.0
  0
LWPOLYLINE
  5
243
330
17
100
AcDbEntity
  8
DIM
 62
7
370
15
100
AcDbPolyline
 90
2
 70
0
 10
4290.000000000001
 20
19892.0
 10
4290.000000000001
 20
20367.0
  0
LWPOLYLINE
  5
244
330
17
100
AcDbEntity
  8
DIM
 62
7
370
35
100
AcDbPolyline
 90
2
 70
0
 10
4250.000000000001
 20
20252.0
 10
4330.0
 20
20332.000000000004
  0
LWPOLYLINE
  5
245
330
17
100
AcDbEntity
  8
DIM
 62
7
370
15
100
AcDbPolyline
 90
2
 70
0
 10
7670.0
 20
19892.0
 10
7670.0
 20
20367.0
  0
LWPOLYLINE
  5
246
330
17
100
AcDbEntity
  8
DIM
 62
7
370
35
100
AcDbPolyline
 90
2
 70
0
 10
7630.0
 20
20252.0
 10
7710.000000000001
 20
20332.000000000004
  0
LWPOLYLINE
  5
247
330
17
100
AcDbEntity
  8
DIM
 62
7
370
15
100
AcDbPolyline
 90
2
 70
0
 10
7809.999999999999
 20
19892.0
 10
7809.999999999999
 20
20367.0
  0
LWPOLYLINE
  5
248
330
17
100
AcDbEntity
  8
DIM
 62
7
370
35
100
AcDbPolyline
 90
2
 70
0
 10
7769.999999999999
 20
20252.0
 10
7850.0
 20
20332.000000000004
  0
LWPOLYLINE
  5
249
330
17
100
AcDbEntity
  8
DIM
 62
7
370
15
100
AcDbPolyline
 90
2
 70
0
 10
11960.0
 20
19892.0
 10
11960.0
 20
20367.0
  0
LWPOLYLINE
  5
24A
330
17
100
AcDbEntity
  8
DIM
 62
7
370
35
100
AcDbPolyline
 90
2
 70
0
 10
11920.0
 20
20252.0
 10
12000.000000000002
 20
20332.000000000004
  0
TEXT
  5
24B
330
17
100
AcDbEntity
  8
DIM
 62
7
100
AcDbText
 10
5980.0
 20
20322.000000000004
 30
0.0
 40
80.0
  1
3380
  7
GOST
 72
1
 11
5980.0
 21
20322.000000000004
 31
0.0
100
AcDbText
  0
TEXT
  5
24C
330
17
100
AcDbEntity
  8
DIM
 62
7
100
AcDbText
 10
7740.000000000001
 20
20447.000000000004
 30
0.0
 40
80.0
  1
140
  7
GOST
 72
1
 11
7740.000000000001
 21
20447.000000000004
 31
0.0
100
AcDbText
  0
LWPOLYLINE
  5
24D
330
17
100
AcDbEntity
  8
DIM
 62
7
370
13
100
AcDbPolyline
 90
2
 70
0
 10
7740.000000000001
 20
20292.0
 10
7740.000000000001
 20
20432.000000000004
  0
TEXT
  5
24E
330
17
100
AcDbEntity
  8
DIM
 62
7
100
AcDbText
 10
9885.0
 20
20322.000000000004
 30
0.0
 40
80.0
  1
4150
  7
GOST
 72
1
 11
9885.0
 21
20322.000000000004
 31
0.0
100
AcDbText
  0
LWPOLYLINE
  5
24F
330
17
100
AcDbEntity
  8
DIM
 62
7
370
15
100
AcDbPolyline
 90
2
 70
0
 10
1209.0
 20
10435.0
 10
1209.0
 20
19496.0
  0
LWPOLYLINE
  5
250
330
17
100
AcDbEntity
  8
DIM
 62
7
370
15
100
AcDbPolyline
 90
2
 70
0
 10
1609.0
 20
10510.0
 10
1134.0
 20
10510.0
  0
LWPOLYLINE
  5
251
330
17
100
AcDbEntity
  8
DIM
 62
7
370
35
100
AcDbPolyline
 90
2
 70
0
 10
1169.0
 20
10470.0
 10
1249.0
 20
10550.000000000002
  0
LWPOLYLINE
  5
252
330
17
100
AcDbEntity
  8
DIM
 62
7
370
15
100
AcDbPolyline
 90
2
 70
0
 10
1609.0
 20
14090.0
 10
1134.0
 20
14090.0
  0
LWPOLYLINE
  5
253
330
17
100
AcDbEntity
  8
DIM
 62
7
370
35
100
AcDbPolyline
 90
2
 70
0
 10
1169.0
 20
14050.0
 10
1249.0
 20
14130.000000000002
  0
LWPOLYLINE
  5
254
330
17
100
AcDbEntity
  8
DIM
 62
7
370
15
100
AcDbPolyline
 90
2
 70
0
 10
1609.0
 20
14231.0
 10
1134.0
 20
14231.0
  0
LWPOLYLINE
  5
255
330
17
100
AcDbEntity
  8
DIM
 62
7
370
35
100
AcDbPolyline
 90
2
 70
0
 10
1169.0
 20
14191.0
 10
1249.0
 20
14271.0
  0
LWPOLYLINE
  5
256
330
17
100
AcDbEntity
  8
DIM
 62
7
370
15
100
AcDbPolyline
 90
2
 70
0
 10
1609.0
 20
19421.0
 10
1134.0
 20
19421.0
  0
LWPOLYLINE
  5
257
330
17
100
AcDbEntity
  8
DIM
 62
7
370
35
100
AcDbPolyline
 90
2
 70
0
 10
1169.0
 20
19381.0
 10
1249.0
 20
19461.0
  0
TEXT
  5
258
330
17
100
AcDbEntity
  8
DIM
 62
7
100
AcDbText
 10
1179.0
 20
12300.0
 30
0.0
 40
80.0
  1
3580
 50
90.0
  7
GOST
 72
1
 11
1179.0
 21
12300.0
 31
0.0
100
AcDbText
  0
TEXT
  5
259
330
17
100
AcDbEntity
  8
DIM
 62
7
100
AcDbText
 10
1054.0
 20
14160.500000000002
 30
0.0
 40
80.0
  1
141
 50
90.0
  7
GOST
 72
1
 11
1054.0
 21
14160.500000000002
 31
0.0
100
AcDbText
  0
LWPOLYLINE
  5
25A
330
17
100
AcDbEntity
  8
DIM
 62
7
370
13
100
AcDbPolyline
 90
2
 70
0
 10
1209.0
 20
14160.500000000002
 10
1069.0
 20
14160.500000000002
  0
TEXT
  5
25B
330
17
100
AcDbEntity
  8
DIM
 62
7
100
AcDbText
 10
1179.0
 20
16826.0
 30
0.0
 40
80.0
  1
5190
 50
90.0
  7
GOST
 72
1
 11
1179.0
 21
16826.0
 31
0.0
100
AcDbText
  0
LWPOLYLINE
  5
25C
330
17
100
AcDbEntity
  8
DIM
 62
7
370
15
100
AcDbPolyline
 90
2
 70
0
 10
12570.0
 20
10435.0
 10
12570.0
 20
19496.0
  0
LWPOLYLINE
  5
25D
330
17
100
AcDbEntity
  8
DIM
 62
7
370
15
100
AcDbPolyline
 90
2
 70
0
 10
12170.0
 20
10510.0
 10
12645.0
 20
10510.0
  0
LWPOLYLINE
  5
25E
330
17
100
AcDbEntity
  8
DIM
 62
7
370
35
100
AcDbPolyline
 90
2
 70
0
 10
12530.0
 20
10470.0
 10
12610.0
 20
10550.000000000002
  0
LWPOLYLINE
  5
25F
330
17
100
AcDbEntity
  8
DIM
 62
7
370
15
100
AcDbPolyline
 90
2
 70
0
 10
12170.0
 20
12441.0
 10
12645.0
 20
12441.0
  0
LWPOLYLINE
  5
260
330
17
100
AcDbEntity
  8
DIM
 62
7
370
35
100
AcDbPolyline
 90
2
 70
0
 10
12530.0
 20
12401.0
 10
12610.0
 20
12481.0
  0
LWPOLYLINE
  5
261
330
17
100
AcDbEntity
  8
DIM
 62
7
370
15
100
AcDbPolyline
 90
2
 70
0
 10
12170.0
 20
12521.0
 10
12645.0
 20
12521.0
  0
LWPOLYLINE
  5
262
330
17
100
AcDbEntity
  8
DIM
 62
7
370
35
100
AcDbPolyline
 90
2
 70
0
 10
12530.0
 20
12481.0
 10
12610.0
 20
12561.000000000002
  0
LWPOLYLINE
  5
263
330
17
100
AcDbEntity
  8
DIM
 62
7
370
15
100
AcDbPolyline
 90
2
 70
0
 10
12170.0
 20
14231.0
 10
12645.0
 20
14231.0
  0
LWPOLYLINE
  5
264
330
17
100
AcDbEntity
  8
DIM
 62
7
370
35
100
AcDbPolyline
 90
2
 70
0
 10
12530.0
 20
14191.0
 10
12610.0
 20
14271.0
  0
LWPOLYLINE
  5
265
330
17
100
AcDbEntity
  8
DIM
 62
7
370
15
100
AcDbPolyline
 90
2
 70
0
 10
12170.0
 20
14310.0
 10
12645.0
 20
14310.0
  0
LWPOLYLINE
  5
266
330
17
100
AcDbEntity
  8
DIM
 62
7
370
35
100
AcDbPolyline
 90
2
 70
0
 10
12530.0
 20
14269.999999999998
 10
12610.0
 20
14350.0
  0
LWPOLYLINE
  5
267
330
17
100
AcDbEntity
  8
DIM
 62
7
370
15
100
AcDbPolyline
 90
2
 70
0
 10
12170.0
 20
16351.0
 10
12645.0
 20
16351.0
  0
LWPOLYLINE
  5
268
330
17
100
AcDbEntity
  8
DIM
 62
7
370
35
100
AcDbPolyline
 90
2
 70
0
 10
12530.0
 20
16310.999999999998
 10
12610.0
 20
16391.0
  0
LWPOLYLINE
  5
269
330
17
100
AcDbEntity
  8
DIM
 62
7
370
15
100
AcDbPolyline
 90
2
 70
0
 10
12170.0
 20
16561.0
 10
12645.0
 20
16561.0
  0
LWPOLYLINE
  5
26A
330
17
100
AcDbEntity
  8
DIM
 62
7
370
35
100
AcDbPolyline
 90
2
 70
0
 10
12530.0
 20
16521.0
 10
12610.0
 20
16601.000000000004
  0
LWPOLYLINE
  5
26B
330
17
100
AcDbEntity
  8
DIM
 62
7
370
15
100
AcDbPolyline
 90
2
 70
0
 10
12170.0
 20
19421.0
 10
12645.0
 20
19421.0
  0
LWPOLYLINE
  5
26C
330
17
100
AcDbEntity
  8
DIM
 62
7
370
35
100
AcDbPolyline
 90
2
 70
0
 10
12530.0
 20
19381.0
 10
12610.0
 20
19461.0
  0
TEXT
  5
26D
330
17
100
AcDbEntity
  8
DIM
 62
7
100
AcDbText
 10
12540.0
 20
11475.5
 30
0.0
 40
80.0
  1
1931
 50
90.0
  7
GOST
 72
1
 11
12540.0
 21
11475.5
 31
0.0
100
AcDbText
  0
TEXT
  5
26E
330
17
100
AcDbEntity
  8
DIM
 62
7
100
AcDbText
 10
12415.0
 20
12481.0
 30
0.0
 40
80.0
  1
80
 50
90.0
  7
GOST
 72
1
 11
12415.0
 21
12481.0
 31
0.0
100
AcDbText
  0
LWPOLYLINE
  5
26F
330
17
100
AcDbEntity
  8
DIM
 62
7
370
13
100
AcDbPolyline
 90
2
 70
0
 10
12570.0
 20
12481.0
 10
12430.000000000002
 20
12481.0
  0
TEXT
  5
270
330
17
100
AcDbEntity
  8
DIM
 62
7
100
AcDbText
 10
12540.0
 20
13376.0
 30
0.0
 40
80.0
  1
1710
 50
90.0
  7
GOST
 72
1
 11
12540.0
 21
13376.0
 31
0.0
100
AcDbText
  0
TEXT
  5
271
330
17
100
AcDbEntity
  8
DIM
 62
7
100
AcDbText
 10
12415.0
 20
14270.499999999998
 30
0.0
 40
80.0
  1
79
 50
90.0
  7
GOST
 72
1
 11
12415.0
 21
14270.499999999998
 31
0.0
100
AcDbText
  0
LWPOLYLINE
  5
272
330
17
100
AcDbEntity
  8
DIM
 62
7
370
13
100
AcDbPolyline
 90
2
 70
0
 10
12570.0
 20
14270.499999999998
 10
12430.000000000002
 20
14270.499999999998
  0
TEXT
  5
273
330
17
100
AcDbEntity
  8
DIM
 62
7
100
AcDbText
 10
12540.0
 20
15330.5
 30
0.0
 40
80.0
  1
2041
 50
90.0
  7
GOST
 72
1
 11
12540.0
 21
15330.5
 31
0.0
100
AcDbText
  0
TEXT
  5
274
330
17
100
AcDbEntity
  8
DIM
 62
7
100
AcDbText
 10
12415.0
 20
16456.0
 30
0.0
 40
80.0
  1
210
 50
90.0
  7
GOST
 72
1
 11
12415.0
 21
16456.0
 31
0.0
100
AcDbText
  0
LWPOLYLINE
  5
275
330
17
100
AcDbEntity
  8
DIM
 62
7
370
13
100
AcDbPolyline
 90
2
 70
0
 10
12570.0
 20
16456.0
 10
12430.000000000002
 20
16456.0
  0
TEXT
  5
276
330
17
100
AcDbEntity
  8
DIM
 62
7
100
AcDbText
 10
12540.0
 20
17991.000000000004
 30
0.0
 40
80.0
  1
2860
 50
90.0
  7
GOST
 72
1
 11
12540.0
 21
17991.000000000004
 31
0.0
100
AcDbText
  0
LWPOLYLINE
  5
277
330
17
100
AcDbEntity
  8
DIM
 62
7
370
15
100
AcDbPolyline
 90
2
 70
0
 10
1684.0
 20
9910.0
 10
10435.0
 20
9910.0
  0
LWPOLYLINE
  5
278
330
17
100
AcDbEntity
  8
DIM
 62
7
370
15
100
AcDbPolyline
 90
2
 70
0
 10
1759.0
 20
10280.0
 10
1759.0
 20
9835.0
  0
LWPOLYLINE
  5
279
330
17
100
AcDbEntity
  8
DIM
 62
7
370
35
100
AcDbPolyline
 90
2
 70
0
 10
1719.0000000000002
 20
9870.0
 10
1798.9999999999998
 20
9950.000000000002
  0
LWPOLYLINE
  5
27A
330
17
100
AcDbEntity
  8
DIM
 62
7
370
15
100
AcDbPolyline
 90
2
 70
0
 10
3870.0000000000005
 20
10280.0
 10
3870.0000000000005
 20
9835.0
  0
LWPOLYLINE
  5
27B
330
17
100
AcDbEntity
  8
DIM
 62
7
370
35
100
AcDbPolyline
 90
2
 70
0
 10
3830.0000000000005
 20
9870.0
 10
3910.0
 20
9950.000000000002
  0
LWPOLYLINE
  5
27C
330
17
100
AcDbEntity
  8
DIM
 62
7
370
15
100
AcDbPolyline
 90
2
 70
0
 10
4290.000000000001
 20
10280.0
 10
4290.000000000001
 20
9835.0
  0
LWPOLYLINE
  5
27D
330
17
100
AcDbEntity
  8
DIM
 62
7
370
35
100
AcDbPolyline
 90
2
 70
0
 10
4250.000000000001
 20
9870.0
 10
4330.0
 20
9950.000000000002
  0
LWPOLYLINE
  5
27E
330
17
100
AcDbEntity
  8
DIM
 62
7
370
15
100
AcDbPolyline
 90
2
 70
0
 10
8380.0
 20
10280.0
 10
8380.0
 20
9835.0
  0
LWPOLYLINE
  5
27F
330
17
100
AcDbEntity
  8
DIM
 62
7
370
35
100
AcDbPolyline
 90
2
 70
0
 10
8340.0
 20
9870.0
 10
8420.0
 20
9950.000000000002
  0
LWPOLYLINE
  5
280
330
17
100
AcDbEntity
  8
DIM
 62
7
370
15
100
AcDbPolyline
 90
2
 70
0
 10
8460.0
 20
10280.0
 10
8460.0
 20
9835.0
  0
LWPOLYLINE
  5
281
330
17
100
AcDbEntity
  8
DIM
 62
7
370
35
100
AcDbPolyline
 90
2
 70
0
 10
8420.0
 20
9870.0
 10
8500.000000000002
 20
9950.000000000002
  0
LWPOLYLINE
  5
282
330
17
100
AcDbEntity
  8
DIM
 62
7
370
15
100
AcDbPolyline
 90
2
 70
0
 10
10200.0
 20
10280.0
 10
10200.0
 20
9835.0
  0
LWPOLYLINE
  5
283
330
17
100
AcDbEntity
  8
DIM
 62
7
370
35
100
AcDbPolyline
 90
2
 70
0
 10
10160.0
 20
9870.0
 10
10240.0
 20
9950.000000000002
  0
LWPOLYLINE
  5
284
330
17
100
AcDbEntity
  8
DIM
 62
7
370
15
100
AcDbPolyline
 90
2
 70
0
 10
10360.0
 20
10280.0
 10
10360.0
 20
9835.0
  0
LWPOLYLINE
  5
285
330
17
100
AcDbEntity
  8
DIM
 62
7
370
35
100
AcDbPolyline
 90
2
 70
0
 10
10320.0
 20
9870.0
 10
10400.000000000002
 20
9950.000000000002
  0
TEXT
  5
286
330
17
100
AcDbEntity
  8
DIM
 62
7
100
AcDbText
 10
2814.5000000000005
 20
9940.0
 30
0.0
 40
80.0
  1
2111
  7
GOST
 72
1
 11
2814.5000000000005
 21
9940.0
 31
0.0
100
AcDbText
  0
TEXT
  5
287
330
17
100
AcDbEntity
  8
DIM
 62
7
100
AcDbText
 10
4080.0000000000005
 20
9940.0
 30
0.0
 40
80.0
  1
420
  7
GOST
 72
1
 11
4080.0000000000005
 21
9940.0
 31
0.0
100
AcDbText
  0
TEXT
  5
288
330
17
100
AcDbEntity
  8
DIM
 62
7
100
AcDbText
 10
6335.0
 20
9940.0
 30
0.0
 40
80.0
  1
4090
  7
GOST
 72
1
 11
6335.0
 21
9940.0
 31
0.0
100
AcDbText
  0
TEXT
  5
289
330
17
100
AcDbEntity
  8
DIM
 62
7
100
AcDbText
 10
8420.0
 20
10065.0
 30
0.0
 40
80.0
  1
80
  7
GOST
 72
1
 11
8420.0
 21
10065.0
 31
0.0
100
AcDbText
  0
LWPOLYLINE
  5
28A
330
17
100
AcDbEntity
  8
DIM
 62
7
370
13
100
AcDbPolyline
 90
2
 70
0
 10
8420.0
 20
9910.0
 10
8420.0
 20
10050.0
  0
TEXT
  5
28B
330
17
100
AcDbEntity
  8
DIM
 62
7
100
AcDbText
 10
9330.000000000002
 20
9940.0
 30
0.0
 40
80.0
  1
1740
  7
GOST
 72
1
 11
9330.000000000002
 21
9940.0
 31
0.0
100
AcDbText
  0
TEXT
  5
28C
330
17
100
AcDbEntity
  8
DIM
 62
7
100
AcDbText
 10
10280.000000000002
 20
10065.0
 30
0.0
 40
80.0
  1
160
  7
GOST
 72
1
 11
10280.000000000002
 21
10065.0
 31
0.0
100
AcDbText
  0
LWPOLYLINE
  5
28D
330
17
100
AcDbEntity
  8
DIM
 62
7
370
13
100
AcDbPolyline
 90
2
 70
0
 10
10280.000000000002
 20
9910.0
 10
10280.000000000002
 20
10050.0
  0
TEXT
  5
28E
330
17
100
AcDbEntity
  8
TEXT
 62
7
100
AcDbText
 10
12975.0
 20
20575.0
 30
0.0
 40
125.0
  1
Условные обозначения
  7
GOST
 11
12975.0
 21
20575.0
 31
0.0
100
AcDbText
  0
HATCH
  5
28F
330
17
100
AcDbEntity
  8
TEXT
 62
7
420
16777215
100
AcDbHatch
 10
0.0
 20
0.0
 30
0.0
210
0.0
220
0.0
230
1.0
  2
SOLID
 70
1
 71
0
 91
1
 92
1
 93
1
 72
2
 10
13275.0
 20
20370.0
 40
42.5
 50
0
 51
360
 73
1
 97
0
 75
1
 76
1
 98
0
  0
CIRCLE
  5
290
330
17
100
AcDbEntity
  8
TEXT
370
30
420
2060246
100
AcDbCircle
 10
13275.0
 20
20370.0
 30
0.0
 40
42.5
  0
TEXT
  5
291
330
17
100
AcDbEntity
  8
TEXT
 62
7
100
AcDbText
 10
13650.0
 20
20332.5
 30
0.0
 40
75.0
  1
Вывод ХВС (В1)
  7
GOST
 11
13650.0
 21
20332.5
 31
0.0
100
AcDbText
  0
HATCH
  5
292
330
17
100
AcDbEntity
  8
TEXT
 62
7
420
14034728
100
AcDbHatch
 10
0.0
 20
0.0
 30
0.0
210
0.0
220
0.0
230
1.0
  2
SOLID
 70
1
 71
0
 91
1
 92
1
 93
1
 72
2
 10
13275.0
 20
20160.0
 40
42.5
 50
0
 51
360
 73
1
 97
0
 75
1
 76
1
 98
0
  0
CIRCLE
  5
293
330
17
100
AcDbEntity
  8
TEXT
370
30
420
14034728
100
AcDbCircle
 10
13275.0
 20
20160.0
 30
0.0
 40
42.5
  0
TEXT
  5
294
330
17
100
AcDbEntity
  8
TEXT
 62
7
100
AcDbText
 10
13650.0
 20
20122.5
 30
0.0
 40
75.0
  1
Вывод ГВС (Т3)
  7
GOST
 11
13650.0
 21
20122.5
 31
0.0
100
AcDbText
  0
HATCH
  5
295
330
17
100
AcDbEntity
  8
TEXT
 62
7
420
16777215
100
AcDbHatch
 10
0.0
 20
0.0
 30
0.0
210
0.0
220
0.0
230
1.0
  2
SOLID
 70
1
 71
0
 91
1
 92
1
 93
1
 72
2
 10
13275.0
 20
19950.0
 40
55.00000000000001
 50
0
 51
360
 73
1
 97
0
 75
1
 76
1
 98
0
  0
CIRCLE
  5
296
330
17
100
AcDbEntity
  8
TEXT
370
30
420
7027999
100
AcDbCircle
 10
13275.0
 20
19950.0
 30
0.0
 40
55.00000000000001
  0
HATCH
  5
297
330
17
100
AcDbEntity
  8
TEXT
 62
7
420
7027999
100
AcDbHatch
 10
0.0
 20
0.0
 30
0.0
210
0.0
220
0.0
230
1.0
  2
SOLID
 70
1
 71
0
 91
1
 92
1
 93
1
 72
2
 10
13275.0
 20
19950.0
 40
24.750000000000004
 50
0
 51
360
 73
1
 97
0
 75
1
 76
1
 98
0
  0
CIRCLE
  5
298
330
17
100
AcDbEntity
  8
TEXT
370
13
420
7027999
100
AcDbCircle
 10
13275.0
 20
19950.0
 30
0.0
 40
24.750000000000004
  0
TEXT
  5
299
330
17
100
AcDbEntity
  8
TEXT
 62
7
100
AcDbText
 10
13650.0
 20
19912.5
 30
0.0
 40
75.0
  1
Выпуск канализации (К1)
  7
GOST
 11
13650.0
 21
19912.5
 31
0.0
100
AcDbText
  0
LWPOLYLINE
  5
29A
330
17
100
AcDbEntity
  8
TEXT
370
30
420
2060246
100
AcDbPolyline
 90
2
 70
0
 10
13025.0
 20
19740.0
 10
13525.0
 20
19740.0
  0
TEXT
  5
29B
330
17
100
AcDbEntity
  8
TEXT
 62
7
100
AcDbText
 10
13650.0
 20
19702.5
 30
0.0
 40
75.0
  1
Трубопровод ХВС PEX-a
  7
GOST
 11
13650.0
 21
19702.5
 31
0.0
100
AcDbText
  0
LWPOLYLINE
  5
29C
330
17
100
AcDbEntity
  8
TEXT
370
30
420
14034728
100
AcDbPolyline
 90
2
 70
0
 10
13025.0
 20
19530.0
 10
13525.0
 20
19530.0
  0
TEXT
  5
29D
330
17
100
AcDbEntity
  8
TEXT
 62
7
100
AcDbText
 10
13650.0
 20
19492.5
 30
0.0
 40
75.0
  1
Трубопровод ГВС PEX-a (в изоляции)
  7
GOST
 11
13650.0
 21
19492.5
 31
0.0
100
AcDbText
  0
LWPOLYLINE
  5
29E
330
17
100
AcDbEntity
  8
TEXT
  6
DASHED
370
50
 48
150.0
420
7027999
100
AcDbPolyline
 90
2
 70
0
 10
13025.0
 20
19320.0
 10
13525.0
 20
19320.0
  0
TEXT
  5
29F
330
17
100
AcDbEntity
  8
TEXT
 62
7
100
AcDbText
 10
13650.0
 20
19282.5
 30
0.0
 40
75.0
  1
Канализация ПП (уклоны — ВК-02)
  7
GOST
 11
13650.0
 21
19282.5
 31
0.0
100
AcDbText
  0
HATCH
  5
2A0
330
17
100
AcDbEntity
  8
TEXT
 62
7
420
16771496
100
AcDbHatch
 10
0.0
 20
0.0
 30
0.0
210
0.0
220
0.0
230
1.0
  2
SOLID
 70
1
 71
0
 91
1
 92
3
 72
0
 73
1
 93
4
 10
13025.0
 20
19030.0
 10
13525.0
 20
19030.0
 10
13525.0
 20
19190.000000000004
 10
13025.0
 20
19190.000000000004
 97
0
 75
1
 76
1
 98
0
  0
LWPOLYLINE
  5
2A1
330
17
100
AcDbEntity
  8
TEXT
 62
7
370
30
100
AcDbPolyline
 90
4
 70
1
 10
13025.0
 20
19030.0
 10
13525.0
 20
19030.0
 10
13525.0
 20
19190.000000000004
 10
13025.0
 20
19190.000000000004
  0
TEXT
  5
2A2
330
17
100
AcDbEntity
  8
TEXT
 62
7
100
AcDbText
 10
13650.0
 20
19072.500000000004
 30
0.0
 40
75.0
  1
Узел ввода N1/N2 (краны, фильтры-редукторы, счётчики, EV)
  7
GOST
 11
13650.0
 21
19072.500000000004
 31
0.0
100
AcDbText
  0
HATCH
  5
2A3
330
17
100
AcDbEntity
  8
TEXT
 62
7
420
16777215
100
AcDbHatch
 10
0.0
 20
0.0
 30
0.0
210
0.0
220
0.0
230
1.0
  2
SOLID
 70
1
 71
0
 91
1
 92
3
 72
0
 73
1
 93
4
 10
13178.98148148148
 20
18832.5
 10
13371.01851851852
 20
18832.5
 10
13371.01851851852
 20
18967.500000000004
 10
13178.98148148148
 20
18967.500000000004
 97
0
 75
1
 76
1
 98
0
  0
LWPOLYLINE
  5
2A4
330
17
100
AcDbEntity
  8
TEXT
370
20
420
1998130
100
AcDbPolyline
 90
4
 70
1
 10
13178.98148148148
 20
18832.5
 10
13371.01851851852
 20
18832.5
 10
13371.01851851852
 20
18967.500000000004
 10
13178.98148148148
 20
18967.500000000004
  0
TEXT
  5
2A5
330
17
100
AcDbEntity
  8
TEXT
420
1998130
100
AcDbText
 10
13275.0
 20
18872.500000000004
 30
0.0
 40
55.00000000000001
  1
ДП
  7
GOST
 72
1
 11
13275.0
 21
18872.500000000004
 31
0.0
100
AcDbText
  0
TEXT
  5
2A6
330
17
100
AcDbEntity
  8
TEXT
 62
7
100
AcDbText
 10
13650.0
 20
18862.500000000004
 30
0.0
 40
75.0
  1
Датчик протечки
  7
GOST
 11
13650.0
 21
18862.500000000004
 31
0.0
100
AcDbText
  0
HATCH
  5
2A7
330
17
100
AcDbEntity
  8
TEXT
 62
7
420
16777215
100
AcDbHatch
 10
0.0
 20
0.0
 30
0.0
210
0.0
220
0.0
230
1.0
  2
SOLID
 70
1
 71
0
 91
1
 92
1
 93
1
 72
2
 10
13275.0
 20
18690.000000000004
 40
70.0
 50
0
 51
360
 73
1
 97
0
 75
1
 76
1
 98
0
  0
CIRCLE
  5
2A8
330
17
100
AcDbEntity
  8
TEXT
370
30
420
7027999
100
AcDbCircle
 10
13275.0
 20
18690.000000000004
 30
0.0
 40
70.0
  0
HATCH
  5
2A9
330
17
100
AcDbEntity
  8
TEXT
 62
7
420
7027999
100
AcDbHatch
 10
0.0
 20
0.0
 30
0.0
210
0.0
220
0.0
230
1.0
  2
SOLID
 70
1
 71
0
 91
1
 92
1
 93
1
 72
2
 10
13275.0
 20
18690.000000000004
 40
31.5
 50
0
 51
360
 73
1
 97
0
 75
1
 76
1
 98
0
  0
CIRCLE
  5
2AA
330
17
100
AcDbEntity
  8
TEXT
370
13
420
7027999
100
AcDbCircle
 10
13275.0
 20
18690.000000000004
 30
0.0
 40
31.5
  0
TEXT
  5
2AB
330
17
100
AcDbEntity
  8
TEXT
 62
7
100
AcDbText
 10
13650.0
 20
18652.500000000004
 30
0.0
 40
75.0
  1
Стояк К1 (существующий)
  7
GOST
 11
13650.0
 21
18652.500000000004
 31
0.0
100
AcDbText
  0
HATCH
  5
2AC
330
17
100
AcDbEntity
  8
TEXT
 62
7
420
16777215
100
AcDbHatch
 10
0.0
 20
0.0
 30
0.0
210
0.0
220
0.0
230
1.0
  2
SOLID
 70
1
 71
0
 91
1
 92
1
 93
1
 72
2
 10
13275.0
 20
18480.000000000004
 40
70.0
 50
0
 51
360
 73
1
 97
0
 75
1
 76
1
 98
0
  0
CIRCLE
  5
2AD
330
17
100
AcDbEntity
  8
TEXT
370
30
420
2060246
100
AcDbCircle
 10
13275.0
 20
18480.000000000004
 30
0.0
 40
70.0
  0
TEXT
  5
2AE
330
17
100
AcDbEntity
  8
TEXT
 62
7
100
AcDbText
 10
13650.0
 20
18442.500000000004
 30
0.0
 40
75.0
  1
Стояк водоснабжения (существующий)
  7
GOST
 11
13650.0
 21
18442.500000000004
 31
0.0
100
AcDbText
  0
TEXT
  5
2AF
330
17
100
AcDbEntity
  8
TEXT
 62
7
100
AcDbText
 10
12975.0
 20
18020.0
 30
0.0
 40
125.0
  1
Ведомость выводов водопровода и канализации
  7
GOST
 11
12975.0
 21
18020.0
 31
0.0
100
AcDbText
  0
HATCH
  5
2B0
330
17
100
AcDbEntity
  8
TEXT
 62
7
420
15132390
100
AcDbHatch
 10
0.0
 20
0.0
 30
0.0
210
0.0
220
0.0
230
1.0
  2
SOLID
 70
1
 71
0
 91
1
 92
3
 72
0
 73
1
 93
4
 10
12975.0
 20
17680.75
 10
21062.5
 20
17680.75
 10
21062.5
 20
17940.0
 10
12975.0
 20
17940.0
 97
0
 75
1
 76
1
 98
0
  0
LWPOLYLINE
  5
2B1
330
17
100
AcDbEntity
  8
TEXT
 62
7
370
25
100
AcDbPolyline
 90
4
 70
1
 10
12975.0
 20
17680.75
 10
21062.5
 20
17680.75
 10
21062.5
 20
17940.0
 10
12975.0
 20
17940.0
  0
LWPOLYLINE
  5
2B2
330
17
100
AcDbEntity
  8
TEXT
 62
7
370
15
100
AcDbPolyline
 90
2
 70
0
 10
12975.0
 20
17940.0
 10
12975.0
 20
17680.75
  0
TEXT
  5
2B3
330
17
100
AcDbEntity
  8
TEXT
 62
7
100
AcDbText
 10
13015.0
 20
17825.0
 30
0.0
 40
65.0
  1
Прибо
  7
GOST
 11
13015.0
 21
17825.0
 31
0.0
100
AcDbText
  0
TEXT
  5
2B4
330
17
100
AcDbEntity
  8
TEXT
 62
7
100
AcDbText
 10
13015.0
 20
17730.75
 30
0.0
 40
65.0
  1
р
  7
GOST
 11
13015.0
 21
17730.75
 31
0.0
100
AcDbText
  0
LWPOLYLINE
  5
2B5
330
17
100
AcDbEntity
  8
TEXT
 62
7
370
15
100
AcDbPolyline
 90
2
 70
0
 10
13400.657894736842
 20
17940.0
 10
13400.657894736842
 20
17680.75
  0
TEXT
  5
2B6
330
17
100
AcDbEntity
  8
TEXT
 62
7
100
AcDbText
 10
13440.657894736842
 20
17825.0
 30
0.0
 40
65.0
  1
Пом.
  7
GOST
 11
13440.657894736842
 21
17825.0
 31
0.0
100
AcDbText
  0
LWPOLYLINE
  5
2B7
330
17
100
AcDbEntity
  8
TEXT
 62
7
370
15
100
AcDbPolyline
 90
2
 70
0
 10
13731.725146198829
 20
17940.0
 10
13731.725146198829
 20
17680.75
  0
TEXT
  5
2B8
330
17
100
AcDbEntity
  8
TEXT
 62
7
100
AcDbText
 10
13771.725146198829
 20
17825.0
 30
0.0
 40
65.0
  1
Наименование
  7
GOST
 11
13771.725146198829
 21
17825.0
 31
0.0
100
AcDbText
  0
LWPOLYLINE
  5
2B9
330
17
100
AcDbEntity
  8
TEXT
 62
7
370
15
100
AcDbPolyline
 90
2
 70
0
 10
15812.719298245614
 20
17940.0
 10
15812.719298245614
 20
17680.75
  0
TEXT
  5
2BA
330
17
100
AcDbEntity
  8
TEXT
 62
7
100
AcDbText
 10
15852.719298245614
 20
17825.0
 30
0.0
 40
65.0
  1
Сист.
  7
GOST
 11
15852.719298245614
 21
17825.0
 31
0.0
100
AcDbText
  0
LWPOLYLINE
  5
2BB
330
17
100
AcDbEntity
  8
TEXT
 62
7
370
15
100
AcDbPolyline
 90
2
 70
0
 10
16191.081871345028
 20
17940.0
 10
16191.081871345028
 20
17680.75
  0
TEXT
  5
2BC
330
17
100
AcDbEntity
  8
TEXT
 62
7
100
AcDbText
 10
16231.081871345028
 20
17825.0
 30
0.0
 40
65.0
  1
DN
  7
GOST
 11
16231.081871345028
 21
17825.0
 31
0.0
100
AcDbText
  0
LWPOLYLINE
  5
2BD
330
17
100
AcDbEntity
  8
TEXT
 62
7
370
15
100
AcDbPolyline
 90
2
 70
0
 10
16805.921052631576
 20
17940.0
 10
16805.921052631576
 20
17680.75
  0
TEXT
  5
2BE
330
17
100
AcDbEntity
  8
TEXT
 62
7
100
AcDbText
 10
16845.92105263158
 20
17825.0
 30
0.0
 40
65.0
  1
h
  7
GOST
 11
16845.92105263158
 21
17825.0
 31
0.0
100
AcDbText
  0
LWPOLYLINE
  5
2BF
330
17
100
AcDbEntity
  8
TEXT
 62
7
370
15
100
AcDbPolyline
 90
2
 70
0
 10
17231.57894736842
 20
17940.0
 10
17231.57894736842
 20
17680.75
  0
TEXT
  5
2C0
330
17
100
AcDbEntity
  8
TEXT
 62
7
100
AcDbText
 10
17271.57894736842
 20
17825.0
 30
0.0
 40
65.0
  1
z абс.
  7
GOST
 11
17271.57894736842
 21
17825.0
 31
0.0
100
AcDbText
  0
LWPOLYLINE
  5
2C1
330
17
100
AcDbEntity
  8
TEXT
 62
7
370
15
100
AcDbPolyline
 90
2
 70
0
 10
17657.23684210526
 20
17940.0
 10
17657.23684210526
 20
17680.75
  0
TEXT
  5
2C2
330
17
100
AcDbEntity
  8
TEXT
 62
7
100
AcDbText
 10
17697.23684210526
 20
17825.0
 30
0.0
 40
65.0
  1
Привязка, мм
  7
GOST
 11
17697.23684210526
 21
17825.0
 31
0.0
100
AcDbText
  0
LWPOLYLINE
  5
2C3
330
17
100
AcDbEntity
  8
TEXT
 62
7
370
15
100
AcDbPolyline
 90
2
 70
0
 10
18981.505847953213
 20
17940.0
 10
18981.505847953213
 20
17680.75
  0
TEXT
  5
2C4
330
17
100
AcDbEntity
  8
TEXT
 62
7
100
AcDbText
 10
19021.505847953213
 20
17825.0
 30
0.0
 40
65.0
  1
Примечание
  7
GOST
 11
19021.505847953213
 21
17825.0
 31
0.0
100
AcDbText
  0
LWPOLYLINE
  5
2C5
330
17
100
AcDbEntity
  8
TEXT
 62
7
370
15
100
AcDbPolyline
 90
2
 70
0
 10
21062.499999999996
 20
17940.0
 10
21062.499999999996
 20
17680.75
  0
LWPOLYLINE
  5
2C6
330
17
100
AcDbEntity
  8
TEXT
 62
7
370
15
100
AcDbPolyline
 90
4
 70
1
 10
12975.0
 20
17421.5
 10
21062.5
 20
17421.5
 10
21062.5
 20
17680.75
 10
12975.0
 20
17680.75
  0
LWPOLYLINE
  5
2C7
330
17
100
AcDbEntity
  8
TEXT
 62
7
370
15
100
AcDbPolyline
 90
2
 70
0
 10
12975.0
 20
17680.75
 10
12975.0
 20
17421.5
  0
TEXT
  5
2C8
330
17
100
AcDbEntity
  8
TEXT
 62
7
100
AcDbText
 10
13015.0
 20
17565.75
 30
0.0
 40
65.0
  1
P01
  7
GOST
 11
13015.0
 21
17565.75
 31
0.0
100
AcDbText
  0
LWPOLYLINE
  5
2C9
330
17
100
AcDbEntity
  8
TEXT
 62
7
370
15
100
AcDbPolyline
 90
2
 70
0
 10
13400.657894736842
 20
17680.75
 10
13400.657894736842
 20
17421.5
  0
TEXT
  5
2CA
330
17
100
AcDbEntity
  8
TEXT
 62
7
100
AcDbText
 10
13440.657894736842
 20
17565.75
 30
0.0
 40
65.0
  1
R5
  7
GOST
 11
13440.657894736842
 21
17565.75
 31
0.0
100
AcDbText
  0
LWPOLYLINE
  5
2CB
330
17
100
AcDbEntity
  8
TEXT
 62
7
370
15
100
AcDbPolyline
 90
2
 70
0
 10
13731.725146198829
 20
17680.75
 10
13731.725146198829
 20
17421.5
  0
TEXT
  5
2CC
330
17
100
AcDbEntity
  8
TEXT
 62
7
100
AcDbText
 10
13771.725146198829
 20
17565.75
 30
0.0
 40
65.0
  1
Унитаз подвесной безободковый на
  7
GOST
 11
13771.725146198829
 21
17565.75
 31
0.0
100
AcDbText
  0
TEXT
  5
2CD
330
17
100
AcDbEntity
  8
TEXT
 62
7
100
AcDbText
 10
13771.725146198829
 20
17471.5
 30
0.0
 40
65.0
  1
инсталляции (рама только к…
  7
GOST
 11
13771.725146198829
 21
17471.5
 31
0.0
100
AcDbText
  0
LWPOLYLINE
  5
2CE
330
17
100
AcDbEntity
  8
TEXT
 62
7
370
15
100
AcDbPolyline
 90
2
 70
0
 10
15812.719298245614
 20
17680.75
 10
15812.719298245614
 20
17421.5
  0
TEXT
  5
2CF
330
17
100
AcDbEntity
  8
TEXT
 62
7
100
AcDbText
 10
15852.719298245614
 20
17565.75
 30
0.0
 40
65.0
  1
В1
  7
GOST
 11
15852.719298245614
 21
17565.75
 31
0.0
100
AcDbText
  0
LWPOLYLINE
  5
2D0
330
17
100
AcDbEntity
  8
TEXT
 62
7
370
15
100
AcDbPolyline
 90
2
 70
0
 10
16191.081871345028
 20
17680.75
 10
16191.081871345028
 20
17421.5
  0
TEXT
  5
2D1
330
17
100
AcDbEntity
  8
TEXT
 62
7
100
AcDbText
 10
16231.081871345028
 20
17565.75
 30
0.0
 40
65.0
  1
½"
  7
GOST
 11
16231.081871345028
 21
17565.75
 31
0.0
100
AcDbText
  0
LWPOLYLINE
  5
2D2
330
17
100
AcDbEntity
  8
TEXT
 62
7
370
15
100
AcDbPolyline
 90
2
 70
0
 10
16805.921052631576
 20
17680.75
 10
16805.921052631576
 20
17421.5
  0
TEXT
  5
2D3
330
17
100
AcDbEntity
  8
TEXT
 62
7
100
AcDbText
 10
16845.92105263158
 20
17565.75
 30
0.0
 40
65.0
  1
1000
  7
GOST
 11
16845.92105263158
 21
17565.75
 31
0.0
100
AcDbText
  0
LWPOLYLINE
  5
2D4
330
17
100
AcDbEntity
  8
TEXT
 62
7
370
15
100
AcDbPolyline
 90
2
 70
0
 10
17231.57894736842
 20
17680.75
 10
17231.57894736842
 20
17421.5
  0
TEXT
  5
2D5
330
17
100
AcDbEntity
  8
TEXT
 62
7
100
AcDbText
 10
17271.57894736842
 20
17565.75
 30
0.0
 40
65.0
  1
1080
  7
GOST
 11
17271.57894736842
 21
17565.75
 31
0.0
100
AcDbText
  0
LWPOLYLINE
  5
2D6
330
17
100
AcDbEntity
  8
TEXT
 62
7
370
15
100
AcDbPolyline
 90
2
 70
0
 10
17657.23684210526
 20
17680.75
 10
17657.23684210526
 20
17421.5
  0
TEXT
  5
2D7
330
17
100
AcDbEntity
  8
TEXT
 62
7
100
AcDbText
 10
17697.23684210526
 20
17565.75
 30
0.0
 40
65.0
  1
391 от VK-C2; 51 от W15
  7
GOST
 11
17697.23684210526
 21
17565.75
 31
0.0
100
AcDbText
  0
LWPOLYLINE
  5
2D8
330
17
100
AcDbEntity
  8
TEXT
 62
7
370
15
100
AcDbPolyline
 90
2
 70
0
 10
18981.505847953213
 20
17680.75
 10
18981.505847953213
 20
17421.5
  0
TEXT
  5
2D9
330
17
100
AcDbEntity
  8
TEXT
 62
7
100
AcDbText
 10
19021.505847953213
 20
17565.75
 30
0.0
 40
65.0
  1
подвод бачка внутри рамы (по паспорту
  7
GOST
 11
19021.505847953213
 21
17565.75
 31
0.0
100
AcDbText
  0
TEXT
  5
2DA
330
17
100
AcDbEntity
  8
TEXT
 62
7
100
AcDbText
 10
19021.505847953213
 20
17471.5
 30
0.0
 40
65.0
  1
инсталляции)
  7
GOST
 11
19021.505847953213
 21
17471.5
 31
0.0
100
AcDbText
  0
LWPOLYLINE
  5
2DB
330
17
100
AcDbEntity
  8
TEXT
 62
7
370
15
100
AcDbPolyline
 90
2
 70
0
 10
21062.499999999996
 20
17680.75
 10
21062.499999999996
 20
17421.5
  0
LWPOLYLINE
  5
2DC
330
17
100
AcDbEntity
  8
TEXT
 62
7
370
15
100
AcDbPolyline
 90
4
 70
1
 10
12975.0
 20
17162.25
 10
21062.5
 20
17162.25
 10
21062.5
 20
17421.5
 10
12975.0
 20
17421.5
  0
LWPOLYLINE
  5
2DD
330
17
100
AcDbEntity
  8
TEXT
 62
7
370
15
100
AcDbPolyline
 90
2
 70
0
 10
12975.0
 20
17421.5
 10
12975.0
 20
17162.25
  0
TEXT
  5
2DE
330
17
100
AcDbEntity
  8
TEXT
 62
7
100
AcDbText
 10
13015.0
 20
17306.5
 30
0.0
 40
65.0
  1
P01
  7
GOST
 11
13015.0
 21
17306.5
 31
0.0
100
AcDbText
  0
LWPOLYLINE
  5
2DF
330
17
100
AcDbEntity
  8
TEXT
 62
7
370
15
100
AcDbPolyline
 90
2
 70
0
 10
13400.657894736842
 20
17421.5
 10
13400.657894736842
 20
17162.25
  0
TEXT
  5
2E0
330
17
100
AcDbEntity
  8
TEXT
 62
7
100
AcDbText
 10
13440.657894736842
 20
17306.5
 30
0.0
 40
65.0
  1
R5
  7
GOST
 11
13440.657894736842
 21
17306.5
 31
0.0
100
AcDbText
  0
LWPOLYLINE
  5
2E1
330
17
100
AcDbEntity
  8
TEXT
 62
7
370
15
100
AcDbPolyline
 90
2
 70
0
 10
13731.725146198829
 20
17421.5
 10
13731.725146198829
 20
17162.25
  0
TEXT
  5
2E2
330
17
100
AcDbEntity
  8
TEXT
 62
7
100
AcDbText
 10
13771.725146198829
 20
17306.5
 30
0.0
 40
65.0
  1
Унитаз подвесной безободковый на
  7
GOST
 11
13771.725146198829
 21
17306.5
 31
0.0
100
AcDbText
  0
TEXT
  5
2E3
330
17
100
AcDbEntity
  8
TEXT
 62
7
100
AcDbText
 10
13771.725146198829
 20
17212.25
 30
0.0
 40
65.0
  1
инсталляции (рама только к…
  7
GOST
 11
13771.725146198829
 21
17212.25
 31
0.0
100
AcDbText
  0
LWPOLYLINE
  5
2E4
330
17
100
AcDbEntity
  8
TEXT
 62
7
370
15
100
AcDbPolyline
 90
2
 70
0
 10
15812.719298245614
 20
17421.5
 10
15812.719298245614
 20
17162.25
  0
TEXT
  5
2E5
330
17
100
AcDbEntity
  8
TEXT
 62
7
100
AcDbText
 10
15852.719298245614
 20
17306.5
 30
0.0
 40
65.0
  1
К1
  7
GOST
 11
15852.719298245614
 21
17306.5
 31
0.0
100
AcDbText
  0
LWPOLYLINE
  5
2E6
330
17
100
AcDbEntity
  8
TEXT
 62
7
370
15
100
AcDbPolyline
 90
2
 70
0
 10
16191.081871345028
 20
17421.5
 10
16191.081871345028
 20
17162.25
  0
TEXT
  5
2E7
330
17
100
AcDbEntity
  8
TEXT
 62
7
100
AcDbText
 10
16231.081871345028
 20
17306.5
 30
0.0
 40
65.0
  1
110
  7
GOST
 11
16231.081871345028
 21
17306.5
 31
0.0
100
AcDbText
  0
LWPOLYLINE
  5
2E8
330
17
100
AcDbEntity
  8
TEXT
 62
7
370
15
100
AcDbPolyline
 90
2
 70
0
 10
16805.921052631576
 20
17421.5
 10
16805.921052631576
 20
17162.25
  0
TEXT
  5
2E9
330
17
100
AcDbEntity
  8
TEXT
 62
7
100
AcDbText
 10
16845.92105263158
 20
17306.5
 30
0.0
 40
65.0
  1
230
  7
GOST
 11
16845.92105263158
 21
17306.5
 31
0.0
100
AcDbText
  0
LWPOLYLINE
  5
2EA
330
17
100
AcDbEntity
  8
TEXT
 62
7
370
15
100
AcDbPolyline
 90
2
 70
0
 10
17231.57894736842
 20
17421.5
 10
17231.57894736842
 20
17162.25
  0
TEXT
  5
2EB
330
17
100
AcDbEntity
  8
TEXT
 62
7
100
AcDbText
 10
17271.57894736842
 20
17306.5
 30
0.0
 40
65.0
  1
310
  7
GOST
 11
17271.57894736842
 21
17306.5
 31
0.0
100
AcDbText
  0
LWPOLYLINE
  5
2EC
330
17
100
AcDbEntity
  8
TEXT
 62
7
370
15
100
AcDbPolyline
 90
2
 70
0
 10
17657.23684210526
 20
17421.5
 10
17657.23684210526
 20
17162.25
  0
TEXT
  5
2ED
330
17
100
AcDbEntity
  8
TEXT
 62
7
100
AcDbText
 10
17697.23684210526
 20
17306.5
 30
0.0
 40
65.0
  1
391 от VK-C2; 71 от W15
  7
GOST
 11
17697.23684210526
 21
17306.5
 31
0.0
100
AcDbText
  0
LWPOLYLINE
  5
2EE
330
17
100
AcDbEntity
  8
TEXT
 62
7
370
15
100
AcDbPolyline
 90
2
 70
0
 10
18981.505847953213
 20
17421.5
 10
18981.505847953213
 20
17162.25
  0
TEXT
  5
2EF
330
17
100
AcDbEntity
  8
TEXT
 62
7
100
AcDbText
 10
19021.505847953213
 20
17306.5
 30
0.0
 40
65.0
  1
центр выпуска по паспорту инсталляции
  7
GOST
 11
19021.505847953213
 21
17306.5
 31
0.0
100
AcDbText
  0
TEXT
  5
2F0
330
17
100
AcDbEntity
  8
TEXT
 62
7
100
AcDbText
 10
19021.505847953213
 20
17212.25
 30
0.0
 40
65.0
  1
(обычно 220–230 от чистого пола)
  7
GOST
 11
19021.505847953213
 21
17212.25
 31
0.0
100
AcDbText
  0
LWPOLYLINE
  5
2F1
330
17
100
AcDbEntity
  8
TEXT
 62
7
370
15
100
AcDbPolyline
 90
2
 70
0
 10
21062.499999999996
 20
17421.5
 10
21062.499999999996
 20
17162.25
  0
LWPOLYLINE
  5
2F2
330
17
100
AcDbEntity
  8
TEXT
 62
7
370
15
100
AcDbPolyline
 90
4
 70
1
 10
12975.0
 20
16903.0
 10
21062.5
 20
16903.0
 10
21062.5
 20
17162.25
 10
12975.0
 20
17162.25
  0
LWPOLYLINE
  5
2F3
330
17
100
AcDbEntity
  8
TEXT
 62
7
370
15
100
AcDbPolyline
 90
2
 70
0
 10
12975.0
 20
17162.25
 10
12975.0
 20
16903.0
  0
TEXT
  5
2F4
330
17
100
AcDbEntity
  8
TEXT
 62
7
100
AcDbText
 10
13015.0
 20
17047.25
 30
0.0
 40
65.0
  1
P02
  7
GOST
 11
13015.0
 21
17047.25
 31
0.0
100
AcDbText
  0
LWPOLYLINE
  5
2F5
330
17
100
AcDbEntity
  8
TEXT
 62
7
370
15
100
AcDbPolyline
 90
2
 70
0
 10
13400.657894736842
 20
17162.25
 10
13400.657894736842
 20
16903.0
  0
TEXT
  5
2F6
330
17
100
AcDbEntity
  8
TEXT
 62
7
100
AcDbText
 10
13440.657894736842
 20
17047.25
 30
0.0
 40
65.0
  1
R5
  7
GOST
 11
13440.657894736842
 21
17047.25
 31
0.0
100
AcDbText
  0
LWPOLYLINE
  5
2F7
330
17
100
AcDbEntity
  8
TEXT
 62
7
370
15
100
AcDbPolyline
 90
2
 70
0
 10
13731.725146198829
 20
17162.25
 10
13731.725146198829
 20
16903.0
  0
TEXT
  5
2F8
330
17
100
AcDbEntity
  8
TEXT
 62
7
100
AcDbText
 10
13771.725146198829
 20
17047.25
 30
0.0
 40
65.0
  1
Раковина в подвесной тумбе 900
  7
GOST
 11
13771.725146198829
 21
17047.25
 31
0.0
100
AcDbText
  0
TEXT
  5
2F9
330
17
100
AcDbEntity
  8
TEXT
 62
7
100
AcDbText
 10
13771.725146198829
 20
16953.0
 30
0.0
 40
65.0
  1
(смещена влево, в стороне от…
  7
GOST
 11
13771.725146198829
 21
16953.0
 31
0.0
100
AcDbText
  0
LWPOLYLINE
  5
2FA
330
17
100
AcDbEntity
  8
TEXT
 62
7
370
15
100
AcDbPolyline
 90
2
 70
0
 10
15812.719298245614
 20
17162.25
 10
15812.719298245614
 20
16903.0
  0
TEXT
  5
2FB
330
17
100
AcDbEntity
  8
TEXT
 62
7
100
AcDbText
 10
15852.719298245614
 20
17047.25
 30
0.0
 40
65.0
  1
В1
  7
GOST
 11
15852.719298245614
 21
17047.25
 31
0.0
100
AcDbText
  0
LWPOLYLINE
  5
2FC
330
17
100
AcDbEntity
  8
TEXT
 62
7
370
15
100
AcDbPolyline
 90
2
 70
0
 10
16191.081871345028
 20
17162.25
 10
16191.081871345028
 20
16903.0
  0
TEXT
  5
2FD
330
17
100
AcDbEntity
  8
TEXT
 62
7
100
AcDbText
 10
16231.081871345028
 20
17047.25
 30
0.0
 40
65.0
  1
½"
  7
GOST
 11
16231.081871345028
 21
17047.25
 31
0.0
100
AcDbText
  0
LWPOLYLINE
  5
2FE
330
17
100
AcDbEntity
  8
TEXT
 62
7
370
15
100
AcDbPolyline
 90
2
 70
0
 10
16805.921052631576
 20
17162.25
 10
16805.921052631576
 20
16903.0
  0
TEXT
  5
2FF
330
17
100
AcDbEntity
  8
TEXT
 62
7
100
AcDbText
 10
16845.92105263158
 20
17047.25
 30
0.0
 40
65.0
  1
600
  7
GOST
 11
16845.92105263158
 21
17047.25
 31
0.0
100
AcDbText
  0
LWPOLYLINE
  5
300
330
17
100
AcDbEntity
  8
TEXT
 62
7
370
15
100
AcDbPolyline
 90
2
 70
0
 10
17231.57894736842
 20
17162.25
 10
17231.57894736842
 20
16903.0
  0
TEXT
  5
301
330
17
100
AcDbEntity
  8
TEXT
 62
7
100
AcDbText
 10
17271.57894736842
 20
17047.25
 30
0.0
 40
65.0
  1
680
  7
GOST
 11
17271.57894736842
 21
17047.25
 31
0.0
100
AcDbText
  0
LWPOLYLINE
  5
302
330
17
100
AcDbEntity
  8
TEXT
 62
7
370
15
100
AcDbPolyline
 90
2
 70
0
 10
17657.23684210526
 20
17162.25
 10
17657.23684210526
 20
16903.0
  0
TEXT
  5
303
330
17
100
AcDbEntity
  8
TEXT
 62
7
100
AcDbText
 10
17697.23684210526
 20
17047.25
 30
0.0
 40
65.0
  1
280 от W12; 0 от W15
  7
GOST
 11
17697.23684210526
 21
17047.25
 31
0.0
100
AcDbText
  0
LWPOLYLINE
  5
304
330
17
100
AcDbEntity
  8
TEXT
 62
7
370
15
100
AcDbPolyline
 90
2
 70
0
 10
18981.505847953213
 20
17162.25
 10
18981.505847953213
 20
16903.0
  0
LWPOLYLINE
  5
305
330
17
100
AcDbEntity
  8
TEXT
 62
7
370
15
100
AcDbPolyline
 90
2
 70
0
 10
21062.499999999996
 20
17162.25
 10
21062.499999999996
 20
16903.0
  0
LWPOLYLINE
  5
306
330
17
100
AcDbEntity
  8
TEXT
 62
7
370
15
100
AcDbPolyline
 90
4
 70
1
 10
12975.0
 20
16643.75
 10
21062.5
 20
16643.75
 10
21062.5
 20
16903.0
 10
12975.0
 20
16903.0
  0
LWPOLYLINE
  5
307
330
17
100
AcDbEntity
  8
TEXT
 62
7
370
15
100
AcDbPolyline
 90
2
 70
0
 10
12975.0
 20
16903.0
 10
12975.0
 20
16643.75
  0
TEXT
  5
308
330
17
100
AcDbEntity
  8
TEXT
 62
7
100
AcDbText
 10
13015.0
 20
16788.0
 30
0.0
 40
65.0
  1
P02
  7
GOST
 11
13015.0
 21
16788.0
 31
0.0
100
AcDbText
  0
LWPOLYLINE
  5
309
330
17
100
AcDbEntity
  8
TEXT
 62
7
370
15
100
AcDbPolyline
 90
2
 70
0
 10
13400.657894736842
 20
16903.0
 10
13400.657894736842
 20
16643.75
  0
TEXT
  5
30A
330
17
100
AcDbEntity
  8
TEXT
 62
7
100
AcDbText
 10
13440.657894736842
 20
16788.0
 30
0.0
 40
65.0
  1
R5
  7
GOST
 11
13440.657894736842
 21
16788.0
 31
0.0
100
AcDbText
  0
LWPOLYLINE
  5
30B
330
17
100
AcDbEntity
  8
TEXT
 62
7
370
15
100
AcDbPolyline
 90
2
 70
0
 10
13731.725146198829
 20
16903.0
 10
13731.725146198829
 20
16643.75
  0
TEXT
  5
30C
330
17
100
AcDbEntity
  8
TEXT
 62
7
100
AcDbText
 10
13771.725146198829
 20
16788.0
 30
0.0
 40
65.0
  1
Раковина в подвесной тумбе 900
  7
GOST
 11
13771.725146198829
 21
16788.0
 31
0.0
100
AcDbText
  0
TEXT
  5
30D
330
17
100
AcDbEntity
  8
TEXT
 62
7
100
AcDbText
 10
13771.725146198829
 20
16693.75
 30
0.0
 40
65.0
  1
(смещена влево, в стороне от…
  7
GOST
 11
13771.725146198829
 21
16693.75
 31
0.0
100
AcDbText
  0
LWPOLYLINE
  5
30E
330
17
100
AcDbEntity
  8
TEXT
 62
7
370
15
100
AcDbPolyline
 90
2
 70
0
 10
15812.719298245614
 20
16903.0
 10
15812.719298245614
 20
16643.75
  0
TEXT
  5
30F
330
17
100
AcDbEntity
  8
TEXT
 62
7
100
AcDbText
 10
15852.719298245614
 20
16788.0
 30
0.0
 40
65.0
  1
Т3
  7
GOST
 11
15852.719298245614
 21
16788.0
 31
0.0
100
AcDbText
  0
LWPOLYLINE
  5
310
330
17
100
AcDbEntity
  8
TEXT
 62
7
370
15
100
AcDbPolyline
 90
2
 70
0
 10
16191.081871345028
 20
16903.0
 10
16191.081871345028
 20
16643.75
  0
TEXT
  5
311
330
17
100
AcDbEntity
  8
TEXT
 62
7
100
AcDbText
 10
16231.081871345028
 20
16788.0
 30
0.0
 40
65.0
  1
½"
  7
GOST
 11
16231.081871345028
 21
16788.0
 31
0.0
100
AcDbText
  0
LWPOLYLINE
  5
312
330
17
100
AcDbEntity
  8
TEXT
 62
7
370
15
100
AcDbPolyline
 90
2
 70
0
 10
16805.921052631576
 20
16903.0
 10
16805.921052631576
 20
16643.75
  0
TEXT
  5
313
330
17
100
AcDbEntity
  8
TEXT
 62
7
100
AcDbText
 10
16845.92105263158
 20
16788.0
 30
0.0
 40
65.0
  1
600
  7
GOST
 11
16845.92105263158
 21
16788.0
 31
0.0
100
AcDbText
  0
LWPOLYLINE
  5
314
330
17
100
AcDbEntity
  8
TEXT
 62
7
370
15
100
AcDbPolyline
 90
2
 70
0
 10
17231.57894736842
 20
16903.0
 10
17231.57894736842
 20
16643.75
  0
TEXT
  5
315
330
17
100
AcDbEntity
  8
TEXT
 62
7
100
AcDbText
 10
17271.57894736842
 20
16788.0
 30
0.0
 40
65.0
  1
680
  7
GOST
 11
17271.57894736842
 21
16788.0
 31
0.0
100
AcDbText
  0
LWPOLYLINE
  5
316
330
17
100
AcDbEntity
  8
TEXT
 62
7
370
15
100
AcDbPolyline
 90
2
 70
0
 10
17657.23684210526
 20
16903.0
 10
17657.23684210526
 20
16643.75
  0
TEXT
  5
317
330
17
100
AcDbEntity
  8
TEXT
 62
7
100
AcDbText
 10
17697.23684210526
 20
16788.0
 30
0.0
 40
65.0
  1
181 от VK-C3; 0 от W15
  7
GOST
 11
17697.23684210526
 21
16788.0
 31
0.0
100
AcDbText
  0
LWPOLYLINE
  5
318
330
17
100
AcDbEntity
  8
TEXT
 62
7
370
15
100
AcDbPolyline
 90
2
 70
0
 10
18981.505847953213
 20
16903.0
 10
18981.505847953213
 20
16643.75
  0
LWPOLYLINE
  5
319
330
17
100
AcDbEntity
  8
TEXT
 62
7
370
15
100
AcDbPolyline
 90
2
 70
0
 10
21062.499999999996
 20
16903.0
 10
21062.499999999996
 20
16643.75
  0
LWPOLYLINE
  5
31A
330
17
100
AcDbEntity
  8
TEXT
 62
7
370
15
100
AcDbPolyline
 90
4
 70
1
 10
12975.0
 20
16384.5
 10
21062.5
 20
16384.5
 10
21062.5
 20
16643.75
 10
12975.0
 20
16643.75
  0
LWPOLYLINE
  5
31B
330
17
100
AcDbEntity
  8
TEXT
 62
7
370
15
100
AcDbPolyline
 90
2
 70
0
 10
12975.0
 20
16643.75
 10
12975.0
 20
16384.5
  0
TEXT
  5
31C
330
17
100
AcDbEntity
  8
TEXT
 62
7
100
AcDbText
 10
13015.0
 20
16528.75
 30
0.0
 40
65.0
  1
P02
  7
GOST
 11
13015.0
 21
16528.75
 31
0.0
100
AcDbText
  0
LWPOLYLINE
  5
31D
330
17
100
AcDbEntity
  8
TEXT
 62
7
370
15
100
AcDbPolyline
 90
2
 70
0
 10
13400.657894736842
 20
16643.75
 10
13400.657894736842
 20
16384.5
  0
TEXT
  5
31E
330
17
100
AcDbEntity
  8
TEXT
 62
7
100
AcDbText
 10
13440.657894736842
 20
16528.75
 30
0.0
 40
65.0
  1
R5
  7
GOST
 11
13440.657894736842
 21
16528.75
 31
0.0
100
AcDbText
  0
LWPOLYLINE
  5
31F
330
17
100
AcDbEntity
  8
TEXT
 62
7
370
15
100
AcDbPolyline
 90
2
 70
0
 10
13731.725146198829
 20
16643.75
 10
13731.725146198829
 20
16384.5
  0
TEXT
  5
320
330
17
100
AcDbEntity
  8
TEXT
 62
7
100
AcDbText
 10
13771.725146198829
 20
16528.75
 30
0.0
 40
65.0
  1
Раковина в подвесной тумбе 900
  7
GOST
 11
13771.725146198829
 21
16528.75
 31
0.0
100
AcDbText
  0
TEXT
  5
321
330
17
100
AcDbEntity
  8
TEXT
 62
7
100
AcDbText
 10
13771.725146198829
 20
16434.5
 30
0.0
 40
65.0
  1
(смещена влево, в стороне от…
  7
GOST
 11
13771.725146198829
 21
16434.5
 31
0.0
100
AcDbText
  0
LWPOLYLINE
  5
322
330
17
100
AcDbEntity
  8
TEXT
 62
7
370
15
100
AcDbPolyline
 90
2
 70
0
 10
15812.719298245614
 20
16643.75
 10
15812.719298245614
 20
16384.5
  0
TEXT
  5
323
330
17
100
AcDbEntity
  8
TEXT
 62
7
100
AcDbText
 10
15852.719298245614
 20
16528.75
 30
0.0
 40
65.0
  1
К1
  7
GOST
 11
15852.719298245614
 21
16528.75
 31
0.0
100
AcDbText
  0
LWPOLYLINE
  5
324
330
17
100
AcDbEntity
  8
TEXT
 62
7
370
15
100
AcDbPolyline
 90
2
 70
0
 10
16191.081871345028
 20
16643.75
 10
16191.081871345028
 20
16384.5
  0
TEXT
  5
325
330
17
100
AcDbEntity
  8
TEXT
 62
7
100
AcDbText
 10
16231.081871345028
 20
16528.75
 30
0.0
 40
65.0
  1
50
  7
GOST
 11
16231.081871345028
 21
16528.75
 31
0.0
100
AcDbText
  0
LWPOLYLINE
  5
326
330
17
100
AcDbEntity
  8
TEXT
 62
7
370
15
100
AcDbPolyline
 90
2
 70
0
 10
16805.921052631576
 20
16643.75
 10
16805.921052631576
 20
16384.5
  0
TEXT
  5
327
330
17
100
AcDbEntity
  8
TEXT
 62
7
100
AcDbText
 10
16845.92105263158
 20
16528.75
 30
0.0
 40
65.0
  1
550
  7
GOST
 11
16845.92105263158
 21
16528.75
 31
0.0
100
AcDbText
  0
LWPOLYLINE
  5
328
330
17
100
AcDbEntity
  8
TEXT
 62
7
370
15
100
AcDbPolyline
 90
2
 70
0
 10
17231.57894736842
 20
16643.75
 10
17231.57894736842
 20
16384.5
  0
TEXT
  5
329
330
17
100
AcDbEntity
  8
TEXT
 62
7
100
AcDbText
 10
17271.57894736842
 20
16528.75
 30
0.0
 40
65.0
  1
630
  7
GOST
 11
17271.57894736842
 21
16528.75
 31
0.0
100
AcDbText
  0
LWPOLYLINE
  5
32A
330
17
100
AcDbEntity
  8
TEXT
 62
7
370
15
100
AcDbPolyline
 90
2
 70
0
 10
17657.23684210526
 20
16643.75
 10
17657.23684210526
 20
16384.5
  0
TEXT
  5
32B
330
17
100
AcDbEntity
  8
TEXT
 62
7
100
AcDbText
 10
17697.23684210526
 20
16528.75
 30
0.0
 40
65.0
  1
251 от VK-C3; 0 от W15
  7
GOST
 11
17697.23684210526
 21
16528.75
 31
0.0
100
AcDbText
  0
LWPOLYLINE
  5
32C
330
17
100
AcDbEntity
  8
TEXT
 62
7
370
15
100
AcDbPolyline
 90
2
 70
0
 10
18981.505847953213
 20
16643.75
 10
18981.505847953213
 20
16384.5
  0
LWPOLYLINE
  5
32D
330
17
100
AcDbEntity
  8
TEXT
 62
7
370
15
100
AcDbPolyline
 90
2
 70
0
 10
21062.499999999996
 20
16643.75
 10
21062.499999999996
 20
16384.5
  0
LWPOLYLINE
  5
32E
330
17
100
AcDbEntity
  8
TEXT
 62
7
370
15
100
AcDbPolyline
 90
4
 70
1
 10
12975.0
 20
16125.25
 10
21062.5
 20
16125.25
 10
21062.5
 20
16384.5
 10
12975.0
 20
16384.5
  0
LWPOLYLINE
  5
32F
330
17
100
AcDbEntity
  8
TEXT
 62
7
370
15
100
AcDbPolyline
 90
2
 70
0
 10
12975.0
 20
16384.5
 10
12975.0
 20
16125.25
  0
TEXT
  5
330
330
17
100
AcDbEntity
  8
TEXT
 62
7
100
AcDbText
 10
13015.0
 20
16269.5
 30
0.0
 40
65.0
  1
P03
  7
GOST
 11
13015.0
 21
16269.5
 31
0.0
100
AcDbText
  0
LWPOLYLINE
  5
331
330
17
100
AcDbEntity
  8
TEXT
 62
7
370
15
100
AcDbPolyline
 90
2
 70
0
 10
13400.657894736842
 20
16384.5
 10
13400.657894736842
 20
16125.25
  0
TEXT
  5
332
330
17
100
AcDbEntity
  8
TEXT
 62
7
100
AcDbText
 10
13440.657894736842
 20
16269.5
 30
0.0
 40
65.0
  1
R5
  7
GOST
 11
13440.657894736842
 21
16269.5
 31
0.0
100
AcDbText
  0
LWPOLYLINE
  5
333
330
17
100
AcDbEntity
  8
TEXT
 62
7
370
15
100
AcDbPolyline
 90
2
 70
0
 10
13731.725146198829
 20
16384.5
 10
13731.725146198829
 20
16125.25
  0
TEXT
  5
334
330
17
100
AcDbEntity
  8
TEXT
 62
7
100
AcDbText
 10
13771.725146198829
 20
16269.5
 30
0.0
 40
65.0
  1
Ванна 1700×750 на ножках, экран с
  7
GOST
 11
13771.725146198829
 21
16269.5
 31
0.0
100
AcDbText
  0
TEXT
  5
335
330
17
100
AcDbEntity
  8
TEXT
 62
7
100
AcDbText
 10
13771.725146198829
 20
16175.25
 30
0.0
 40
65.0
  1
ревизией; СИФОН У ПРАВОГО…
  7
GOST
 11
13771.725146198829
 21
16175.25
 31
0.0
100
AcDbText
  0
LWPOLYLINE
  5
336
330
17
100
AcDbEntity
  8
TEXT
 62
7
370
15
100
AcDbPolyline
 90
2
 70
0
 10
15812.719298245614
 20
16384.5
 10
15812.719298245614
 20
16125.25
  0
TEXT
  5
337
330
17
100
AcDbEntity
  8
TEXT
 62
7
100
AcDbText
 10
15852.719298245614
 20
16269.5
 30
0.0
 40
65.0
  1
В1
  7
GOST
 11
15852.719298245614
 21
16269.5
 31
0.0
100
AcDbText
  0
LWPOLYLINE
  5
338
330
17
100
AcDbEntity
  8
TEXT
 62
7
370
15
100
AcDbPolyline
 90
2
 70
0
 10
16191.081871345028
 20
16384.5
 10
16191.081871345028
 20
16125.25
  0
TEXT
  5
339
330
17
100
AcDbEntity
  8
TEXT
 62
7
100
AcDbText
 10
16231.081871345028
 20
16269.5
 30
0.0
 40
65.0
  1
½"
  7
GOST
 11
16231.081871345028
 21
16269.5
 31
0.0
100
AcDbText
  0
LWPOLYLINE
  5
33A
330
17
100
AcDbEntity
  8
TEXT
 62
7
370
15
100
AcDbPolyline
 90
2
 70
0
 10
16805.921052631576
 20
16384.5
 10
16805.921052631576
 20
16125.25
  0
TEXT
  5
33B
330
17
100
AcDbEntity
  8
TEXT
 62
7
100
AcDbText
 10
16845.92105263158
 20
16269.5
 30
0.0
 40
65.0
  1
800
  7
GOST
 11
16845.92105263158
 21
16269.5
 31
0.0
100
AcDbText
  0
LWPOLYLINE
  5
33C
330
17
100
AcDbEntity
  8
TEXT
 62
7
370
15
100
AcDbPolyline
 90
2
 70
0
 10
17231.57894736842
 20
16384.5
 10
17231.57894736842
 20
16125.25
  0
TEXT
  5
33D
330
17
100
AcDbEntity
  8
TEXT
 62
7
100
AcDbText
 10
17271.57894736842
 20
16269.5
 30
0.0
 40
65.0
  1
880
  7
GOST
 11
17271.57894736842
 21
16269.5
 31
0.0
100
AcDbText
  0
LWPOLYLINE
  5
33E
330
17
100
AcDbEntity
  8
TEXT
 62
7
370
15
100
AcDbPolyline
 90
2
 70
0
 10
17657.23684210526
 20
16384.5
 10
17657.23684210526
 20
16125.25
  0
TEXT
  5
33F
330
17
100
AcDbEntity
  8
TEXT
 62
7
100
AcDbText
 10
17697.23684210526
 20
16269.5
 30
0.0
 40
65.0
  1
1175 от W12; 1 от W13
  7
GOST
 11
17697.23684210526
 21
16269.5
 31
0.0
100
AcDbText
  0
LWPOLYLINE
  5
340
330
17
100
AcDbEntity
  8
TEXT
 62
7
370
15
100
AcDbPolyline
 90
2
 70
0
 10
18981.505847953213
 20
16384.5
 10
18981.505847953213
 20
16125.25
  0
LWPOLYLINE
  5
341
330
17
100
AcDbEntity
  8
TEXT
 62
7
370
15
100
AcDbPolyline
 90
2
 70
0
 10
21062.499999999996
 20
16384.5
 10
21062.499999999996
 20
16125.25
  0
LWPOLYLINE
  5
342
330
17
100
AcDbEntity
  8
TEXT
 62
7
370
15
100
AcDbPolyline
 90
4
 70
1
 10
12975.0
 20
15866.0
 10
21062.5
 20
15866.0
 10
21062.5
 20
16125.25
 10
12975.0
 20
16125.25
  0
LWPOLYLINE
  5
343
330
17
100
AcDbEntity
  8
TEXT
 62
7
370
15
100
AcDbPolyline
 90
2
 70
0
 10
12975.0
 20
16125.25
 10
12975.0
 20
15866.0
  0
TEXT
  5
344
330
17
100
AcDbEntity
  8
TEXT
 62
7
100
AcDbText
 10
13015.0
 20
16010.25
 30
0.0
 40
65.0
  1
P03
  7
GOST
 11
13015.0
 21
16010.25
 31
0.0
100
AcDbText
  0
LWPOLYLINE
  5
345
330
17
100
AcDbEntity
  8
TEXT
 62
7
370
15
100
AcDbPolyline
 90
2
 70
0
 10
13400.657894736842
 20
16125.25
 10
13400.657894736842
 20
15866.0
  0
TEXT
  5
346
330
17
100
AcDbEntity
  8
TEXT
 62
7
100
AcDbText
 10
13440.657894736842
 20
16010.25
 30
0.0
 40
65.0
  1
R5
  7
GOST
 11
13440.657894736842
 21
16010.25
 31
0.0
100
AcDbText
  0
LWPOLYLINE
  5
347
330
17
100
AcDbEntity
  8
TEXT
 62
7
370
15
100
AcDbPolyline
 90
2
 70
0
 10
13731.725146198829
 20
16125.25
 10
13731.725146198829
 20
15866.0
  0
TEXT
  5
348
330
17
100
AcDbEntity
  8
TEXT
 62
7
100
AcDbText
 10
13771.725146198829
 20
16010.25
 30
0.0
 40
65.0
  1
Ванна 1700×750 на ножках, экран с
  7
GOST
 11
13771.725146198829
 21
16010.25
 31
0.0
100
AcDbText
  0
TEXT
  5
349
330
17
100
AcDbEntity
  8
TEXT
 62
7
100
AcDbText
 10
13771.725146198829
 20
15916.0
 30
0.0
 40
65.0
  1
ревизией; СИФОН У ПРАВОГО…
  7
GOST
 11
13771.725146198829
 21
15916.0
 31
0.0
100
AcDbText
  0
LWPOLYLINE
  5
34A
330
17
100
AcDbEntity
  8
TEXT
 62
7
370
15
100
AcDbPolyline
 90
2
 70
0
 10
15812.719298245614
 20
16125.25
 10
15812.719298245614
 20
15866.0
  0
TEXT
  5
34B
330
17
100
AcDbEntity
  8
TEXT
 62
7
100
AcDbText
 10
15852.719298245614
 20
16010.25
 30
0.0
 40
65.0
  1
Т3
  7
GOST
 11
15852.719298245614
 21
16010.25
 31
0.0
100
AcDbText
  0
LWPOLYLINE
  5
34C
330
17
100
AcDbEntity
  8
TEXT
 62
7
370
15
100
AcDbPolyline
 90
2
 70
0
 10
16191.081871345028
 20
16125.25
 10
16191.081871345028
 20
15866.0
  0
TEXT
  5
34D
330
17
100
AcDbEntity
  8
TEXT
 62
7
100
AcDbText
 10
16231.081871345028
 20
16010.25
 30
0.0
 40
65.0
  1
½"
  7
GOST
 11
16231.081871345028
 21
16010.25
 31
0.0
100
AcDbText
  0
LWPOLYLINE
  5
34E
330
17
100
AcDbEntity
  8
TEXT
 62
7
370
15
100
AcDbPolyline
 90
2
 70
0
 10
16805.921052631576
 20
16125.25
 10
16805.921052631576
 20
15866.0
  0
TEXT
  5
34F
330
17
100
AcDbEntity
  8
TEXT
 62
7
100
AcDbText
 10
16845.92105263158
 20
16010.25
 30
0.0
 40
65.0
  1
800
  7
GOST
 11
16845.92105263158
 21
16010.25
 31
0.0
100
AcDbText
  0
LWPOLYLINE
  5
350
330
17
100
AcDbEntity
  8
TEXT
 62
7
370
15
100
AcDbPolyline
 90
2
 70
0
 10
17231.57894736842
 20
16125.25
 10
17231.57894736842
 20
15866.0
  0
TEXT
  5
351
330
17
100
AcDbEntity
  8
TEXT
 62
7
100
AcDbText
 10
17271.57894736842
 20
16010.25
 30
0.0
 40
65.0
  1
880
  7
GOST
 11
17271.57894736842
 21
16010.25
 31
0.0
100
AcDbText
  0
LWPOLYLINE
  5
352
330
17
100
AcDbEntity
  8
TEXT
 62
7
370
15
100
AcDbPolyline
 90
2
 70
0
 10
17657.23684210526
 20
16125.25
 10
17657.23684210526
 20
15866.0
  0
TEXT
  5
353
330
17
100
AcDbEntity
  8
TEXT
 62
7
100
AcDbText
 10
17697.23684210526
 20
16010.25
 30
0.0
 40
65.0
  1
1316 от W14; 1 от W13
  7
GOST
 11
17697.23684210526
 21
16010.25
 31
0.0
100
AcDbText
  0
LWPOLYLINE
  5
354
330
17
100
AcDbEntity
  8
TEXT
 62
7
370
15
100
AcDbPolyline
 90
2
 70
0
 10
18981.505847953213
 20
16125.25
 10
18981.505847953213
 20
15866.0
  0
LWPOLYLINE
  5
355
330
17
100
AcDbEntity
  8
TEXT
 62
7
370
15
100
AcDbPolyline
 90
2
 70
0
 10
21062.499999999996
 20
16125.25
 10
21062.499999999996
 20
15866.0
  0
LWPOLYLINE
  5
356
330
17
100
AcDbEntity
  8
TEXT
 62
7
370
15
100
AcDbPolyline
 90
4
 70
1
 10
12975.0
 20
15606.75
 10
21062.5
 20
15606.75
 10
21062.5
 20
15866.0
 10
12975.0
 20
15866.0
  0
LWPOLYLINE
  5
357
330
17
100
AcDbEntity
  8
TEXT
 62
7
370
15
100
AcDbPolyline
 90
2
 70
0
 10
12975.0
 20
15866.0
 10
12975.0
 20
15606.75
  0
TEXT
  5
358
330
17
100
AcDbEntity
  8
TEXT
 62
7
100
AcDbText
 10
13015.0
 20
15751.0
 30
0.0
 40
65.0
  1
P03
  7
GOST
 11
13015.0
 21
15751.0
 31
0.0
100
AcDbText
  0
LWPOLYLINE
  5
359
330
17
100
AcDbEntity
  8
TEXT
 62
7
370
15
100
AcDbPolyline
 90
2
 70
0
 10
13400.657894736842
 20
15866.0
 10
13400.657894736842
 20
15606.75
  0
TEXT
  5
35A
330
17
100
AcDbEntity
  8
TEXT
 62
7
100
AcDbText
 10
13440.657894736842
 20
15751.0
 30
0.0
 40
65.0
  1
R5
  7
GOST
 11
13440.657894736842
 21
15751.0
 31
0.0
100
AcDbText
  0
LWPOLYLINE
  5
35B
330
17
100
AcDbEntity
  8
TEXT
 62
7
370
15
100
AcDbPolyline
 90
2
 70
0
 10
13731.725146198829
 20
15866.0
 10
13731.725146198829
 20
15606.75
  0
TEXT
  5
35C
330
17
100
AcDbEntity
  8
TEXT
 62
7
100
AcDbText
 10
13771.725146198829
 20
15751.0
 30
0.0
 40
65.0
  1
Ванна 1700×750 на ножках, экран с
  7
GOST
 11
13771.725146198829
 21
15751.0
 31
0.0
100
AcDbText
  0
TEXT
  5
35D
330
17
100
AcDbEntity
  8
TEXT
 62
7
100
AcDbText
 10
13771.725146198829
 20
15656.75
 30
0.0
 40
65.0
  1
ревизией; СИФОН У ПРАВОГО…
  7
GOST
 11
13771.725146198829
 21
15656.75
 31
0.0
100
AcDbText
  0
LWPOLYLINE
  5
35E
330
17
100
AcDbEntity
  8
TEXT
 62
7
370
15
100
AcDbPolyline
 90
2
 70
0
 10
15812.719298245614
 20
15866.0
 10
15812.719298245614
 20
15606.75
  0
TEXT
  5
35F
330
17
100
AcDbEntity
  8
TEXT
 62
7
100
AcDbText
 10
15852.719298245614
 20
15751.0
 30
0.0
 40
65.0
  1
К1
  7
GOST
 11
15852.719298245614
 21
15751.0
 31
0.0
100
AcDbText
  0
LWPOLYLINE
  5
360
330
17
100
AcDbEntity
  8
TEXT
 62
7
370
15
100
AcDbPolyline
 90
2
 70
0
 10
16191.081871345028
 20
15866.0
 10
16191.081871345028
 20
15606.75
  0
TEXT
  5
361
330
17
100
AcDbEntity
  8
TEXT
 62
7
100
AcDbText
 10
16231.081871345028
 20
15751.0
 30
0.0
 40
65.0
  1
50
  7
GOST
 11
16231.081871345028
 21
15751.0
 31
0.0
100
AcDbText
  0
LWPOLYLINE
  5
362
330
17
100
AcDbEntity
  8
TEXT
 62
7
370
15
100
AcDbPolyline
 90
2
 70
0
 10
16805.921052631576
 20
15866.0
 10
16805.921052631576
 20
15606.75
  0
TEXT
  5
363
330
17
100
AcDbEntity
  8
TEXT
 62
7
100
AcDbText
 10
16845.92105263158
 20
15751.0
 30
0.0
 40
65.0
  1
70
  7
GOST
 11
16845.92105263158
 21
15751.0
 31
0.0
100
AcDbText
  0
LWPOLYLINE
  5
364
330
17
100
AcDbEntity
  8
TEXT
 62
7
370
15
100
AcDbPolyline
 90
2
 70
0
 10
17231.57894736842
 20
15866.0
 10
17231.57894736842
 20
15606.75
  0
TEXT
  5
365
330
17
100
AcDbEntity
  8
TEXT
 62
7
100
AcDbText
 10
17271.57894736842
 20
15751.0
 30
0.0
 40
65.0
  1
150
  7
GOST
 11
17271.57894736842
 21
15751.0
 31
0.0
100
AcDbText
  0
LWPOLYLINE
  5
366
330
17
100
AcDbEntity
  8
TEXT
 62
7
370
15
100
AcDbPolyline
 90
2
 70
0
 10
17657.23684210526
 20
15866.0
 10
17657.23684210526
 20
15606.75
  0
TEXT
  5
367
330
17
100
AcDbEntity
  8
TEXT
 62
7
100
AcDbText
 10
17697.23684210526
 20
15751.0
 30
0.0
 40
65.0
  1
191 от W14; 374 от W13
  7
GOST
 11
17697.23684210526
 21
15751.0
 31
0.0
100
AcDbText
  0
LWPOLYLINE
  5
368
330
17
100
AcDbEntity
  8
TEXT
 62
7
370
15
100
AcDbPolyline
 90
2
 70
0
 10
18981.505847953213
 20
15866.0
 10
18981.505847953213
 20
15606.75
  0
TEXT
  5
369
330
17
100
AcDbEntity
  8
TEXT
 62
7
100
AcDbText
 10
19021.505847953213
 20
15751.0
 30
0.0
 40
65.0
  1
лоток выпуска сифона-автомата над
  7
GOST
 11
19021.505847953213
 21
15751.0
 31
0.0
100
AcDbText
  0
TEXT
  5
36A
330
17
100
AcDbEntity
  8
TEXT
 62
7
100
AcDbText
 10
19021.505847953213
 20
15656.75
 30
0.0
 40
65.0
  1
полом ванной по паспорту ванны/ножек
  7
GOST
 11
19021.505847953213
 21
15656.75
 31
0.0
100
AcDbText
  0
LWPOLYLINE
  5
36B
330
17
100
AcDbEntity
  8
TEXT
 62
7
370
15
100
AcDbPolyline
 90
2
 70
0
 10
21062.499999999996
 20
15866.0
 10
21062.499999999996
 20
15606.75
  0
LWPOLYLINE
  5
36C
330
17
100
AcDbEntity
  8
TEXT
 62
7
370
15
100
AcDbPolyline
 90
4
 70
1
 10
12975.0
 20
15253.25
 10
21062.5
 20
15253.25
 10
21062.5
 20
15606.75
 10
12975.0
 20
15606.75
  0
LWPOLYLINE
  5
36D
330
17
100
AcDbEntity
  8
TEXT
 62
7
370
15
100
AcDbPolyline
 90
2
 70
0
 10
12975.0
 20
15606.75
 10
12975.0
 20
15253.25
  0
TEXT
  5
36E
330
17
100
AcDbEntity
  8
TEXT
 62
7
100
AcDbText
 10
13015.0
 20
15491.749999999998
 30
0.0
 40
65.0
  1
P04
  7
GOST
 11
13015.0
 21
15491.749999999998
 31
0.0
100
AcDbText
  0
LWPOLYLINE
  5
36F
330
17
100
AcDbEntity
  8
TEXT
 62
7
370
15
100
AcDbPolyline
 90
2
 70
0
 10
13400.657894736842
 20
15606.75
 10
13400.657894736842
 20
15253.25
  0
TEXT
  5
370
330
17
100
AcDbEntity
  8
TEXT
 62
7
100
AcDbText
 10
13440.657894736842
 20
15491.749999999998
 30
0.0
 40
65.0
  1
R5
  7
GOST
 11
13440.657894736842
 21
15491.749999999998
 31
0.0
100
AcDbText
  0
LWPOLYLINE
  5
371
330
17
100
AcDbEntity
  8
TEXT
 62
7
370
15
100
AcDbPolyline
 90
2
 70
0
 10
13731.725146198829
 20
15606.75
 10
13731.725146198829
 20
15253.25
  0
TEXT
  5
372
330
17
100
AcDbEntity
  8
TEXT
 62
7
100
AcDbText
 10
13771.725146198829
 20
15491.749999999998
 30
0.0
 40
65.0
  1
Душ walk-in, линейный НИЗКИЙ трап у
  7
GOST
 11
13771.725146198829
 21
15491.749999999998
 31
0.0
100
AcDbText
  0
TEXT
  5
373
330
17
100
AcDbEntity
  8
TEXT
 62
7
100
AcDbText
 10
13771.725146198829
 20
15397.5
 30
0.0
 40
65.0
  1
облицовки W14, термоста…
  7
GOST
 11
13771.725146198829
 21
15397.5
 31
0.0
100
AcDbText
  0
LWPOLYLINE
  5
374
330
17
100
AcDbEntity
  8
TEXT
 62
7
370
15
100
AcDbPolyline
 90
2
 70
0
 10
15812.719298245614
 20
15606.75
 10
15812.719298245614
 20
15253.25
  0
TEXT
  5
375
330
17
100
AcDbEntity
  8
TEXT
 62
7
100
AcDbText
 10
15852.719298245614
 20
15491.749999999998
 30
0.0
 40
65.0
  1
В1
  7
GOST
 11
15852.719298245614
 21
15491.749999999998
 31
0.0
100
AcDbText
  0
LWPOLYLINE
  5
376
330
17
100
AcDbEntity
  8
TEXT
 62
7
370
15
100
AcDbPolyline
 90
2
 70
0
 10
16191.081871345028
 20
15606.75
 10
16191.081871345028
 20
15253.25
  0
TEXT
  5
377
330
17
100
AcDbEntity
  8
TEXT
 62
7
100
AcDbText
 10
16231.081871345028
 20
15491.749999999998
 30
0.0
 40
65.0
  1
½"
  7
GOST
 11
16231.081871345028
 21
15491.749999999998
 31
0.0
100
AcDbText
  0
LWPOLYLINE
  5
378
330
17
100
AcDbEntity
  8
TEXT
 62
7
370
15
100
AcDbPolyline
 90
2
 70
0
 10
16805.921052631576
 20
15606.75
 10
16805.921052631576
 20
15253.25
  0
TEXT
  5
379
330
17
100
AcDbEntity
  8
TEXT
 62
7
100
AcDbText
 10
16845.92105263158
 20
15491.749999999998
 30
0.0
 40
65.0
  1
1100
  7
GOST
 11
16845.92105263158
 21
15491.749999999998
 31
0.0
100
AcDbText
  0
LWPOLYLINE
  5
37A
330
17
100
AcDbEntity
  8
TEXT
 62
7
370
15
100
AcDbPolyline
 90
2
 70
0
 10
17231.57894736842
 20
15606.75
 10
17231.57894736842
 20
15253.25
  0
TEXT
  5
37B
330
17
100
AcDbEntity
  8
TEXT
 62
7
100
AcDbText
 10
17271.57894736842
 20
15491.749999999998
 30
0.0
 40
65.0
  1
1180
  7
GOST
 11
17271.57894736842
 21
15491.749999999998
 31
0.0
100
AcDbText
  0
LWPOLYLINE
  5
37C
330
17
100
AcDbEntity
  8
TEXT
 62
7
370
15
100
AcDbPolyline
 90
2
 70
0
 10
17657.23684210526
 20
15606.75
 10
17657.23684210526
 20
15253.25
  0
TEXT
  5
37D
330
17
100
AcDbEntity
  8
TEXT
 62
7
100
AcDbText
 10
17697.23684210526
 20
15491.749999999998
 30
0.0
 40
65.0
  1
0 от VK-C1; 949 от W13
  7
GOST
 11
17697.23684210526
 21
15491.749999999998
 31
0.0
100
AcDbText
  0
LWPOLYLINE
  5
37E
330
17
100
AcDbEntity
  8
TEXT
 62
7
370
15
100
AcDbPolyline
 90
2
 70
0
 10
18981.505847953213
 20
15606.75
 10
18981.505847953213
 20
15253.25
  0
TEXT
  5
37F
330
17
100
AcDbEntity
  8
TEXT
 62
7
100
AcDbText
 10
19021.505847953213
 20
15491.749999999998
 30
0.0
 40
65.0
  1
корпус термостата в облицовке W14
  7
GOST
 11
19021.505847953213
 21
15491.749999999998
 31
0.0
100
AcDbText
  0
TEXT
  5
380
330
17
100
AcDbEntity
  8
TEXT
 62
7
100
AcDbText
 10
19021.505847953213
 20
15397.5
 30
0.0
 40
65.0
  1
(глубина 80–100 — обеспечивает
  7
GOST
 11
19021.505847953213
 21
15397.5
 31
0.0
100
AcDbText
  0
TEXT
  5
381
330
17
100
AcDbEntity
  8
TEXT
 62
7
100
AcDbText
 10
19021.505847953213
 20
15303.25
 30
0.0
 40
65.0
  1
облицовка)
  7
GOST
 11
19021.505847953213
 21
15303.25
 31
0.0
100
AcDbText
  0
LWPOLYLINE
  5
382
330
17
100
AcDbEntity
  8
TEXT
 62
7
370
15
100
AcDbPolyline
 90
2
 70
0
 10
21062.499999999996
 20
15606.75
 10
21062.499999999996
 20
15253.25
  0
LWPOLYLINE
  5
383
330
17
100
AcDbEntity
  8
TEXT
 62
7
370
15
100
AcDbPolyline
 90
4
 70
1
 10
12975.0
 20
14994.0
 10
21062.5
 20
14994.0
 10
21062.5
 20
15253.25
 10
12975.0
 20
15253.25
  0
LWPOLYLINE
  5
384
330
17
100
AcDbEntity
  8
TEXT
 62
7
370
15
100
AcDbPolyline
 90
2
 70
0
 10
12975.0
 20
15253.25
 10
12975.0
 20
14994.0
  0
TEXT
  5
385
330
17
100
AcDbEntity
  8
TEXT
 62
7
100
AcDbText
 10
13015.0
 20
15138.25
 30
0.0
 40
65.0
  1
P04
  7
GOST
 11
13015.0
 21
15138.25
 31
0.0
100
AcDbText
  0
LWPOLYLINE
  5
386
330
17
100
AcDbEntity
  8
TEXT
 62
7
370
15
100
AcDbPolyline
 90
2
 70
0
 10
13400.657894736842
 20
15253.25
 10
13400.657894736842
 20
14994.0
  0
TEXT
  5
387
330
17
100
AcDbEntity
  8
TEXT
 62
7
100
AcDbText
 10
13440.657894736842
 20
15138.25
 30
0.0
 40
65.0
  1
R5
  7
GOST
 11
13440.657894736842
 21
15138.25
 31
0.0
100
AcDbText
  0
LWPOLYLINE
  5
388
330
17
100
AcDbEntity
  8
TEXT
 62
7
370
15
100
AcDbPolyline
 90
2
 70
0
 10
13731.725146198829
 20
15253.25
 10
13731.725146198829
 20
14994.0
  0
TEXT
  5
389
330
17
100
AcDbEntity
  8
TEXT
 62
7
100
AcDbText
 10
13771.725146198829
 20
15138.25
 30
0.0
 40
65.0
  1
Душ walk-in, линейный НИЗКИЙ трап у
  7
GOST
 11
13771.725146198829
 21
15138.25
 31
0.0
100
AcDbText
  0
TEXT
  5
38A
330
17
100
AcDbEntity
  8
TEXT
 62
7
100
AcDbText
 10
13771.725146198829
 20
15044.0
 30
0.0
 40
65.0
  1
облицовки W14, термоста…
  7
GOST
 11
13771.725146198829
 21
15044.0
 31
0.0
100
AcDbText
  0
LWPOLYLINE
  5
38B
330
17
100
AcDbEntity
  8
TEXT
 62
7
370
15
100
AcDbPolyline
 90
2
 70
0
 10
15812.719298245614
 20
15253.25
 10
15812.719298245614
 20
14994.0
  0
TEXT
  5
38C
330
17
100
AcDbEntity
  8
TEXT
 62
7
100
AcDbText
 10
15852.719298245614
 20
15138.25
 30
0.0
 40
65.0
  1
Т3
  7
GOST
 11
15852.719298245614
 21
15138.25
 31
0.0
100
AcDbText
  0
LWPOLYLINE
  5
38D
330
17
100
AcDbEntity
  8
TEXT
 62
7
370
15
100
AcDbPolyline
 90
2
 70
0
 10
16191.081871345028
 20
15253.25
 10
16191.081871345028
 20
14994.0
  0
TEXT
  5
38E
330
17
100
AcDbEntity
  8
TEXT
 62
7
100
AcDbText
 10
16231.081871345028
 20
15138.25
 30
0.0
 40
65.0
  1
½"
  7
GOST
 11
16231.081871345028
 21
15138.25
 31
0.0
100
AcDbText
  0
LWPOLYLINE
  5
38F
330
17
100
AcDbEntity
  8
TEXT
 62
7
370
15
100
AcDbPolyline
 90
2
 70
0
 10
16805.921052631576
 20
15253.25
 10
16805.921052631576
 20
14994.0
  0
TEXT
  5
390
330
17
100
AcDbEntity
  8
TEXT
 62
7
100
AcDbText
 10
16845.92105263158
 20
15138.25
 30
0.0
 40
65.0
  1
1100
  7
GOST
 11
16845.92105263158
 21
15138.25
 31
0.0
100
AcDbText
  0
LWPOLYLINE
  5
391
330
17
100
AcDbEntity
  8
TEXT
 62
7
370
15
100
AcDbPolyline
 90
2
 70
0
 10
17231.57894736842
 20
15253.25
 10
17231.57894736842
 20
14994.0
  0
TEXT
  5
392
330
17
100
AcDbEntity
  8
TEXT
 62
7
100
AcDbText
 10
17271.57894736842
 20
15138.25
 30
0.0
 40
65.0
  1
1180
  7
GOST
 11
17271.57894736842
 21
15138.25
 31
0.0
100
AcDbText
  0
LWPOLYLINE
  5
393
330
17
100
AcDbEntity
  8
TEXT
 62
7
370
15
100
AcDbPolyline
 90
2
 70
0
 10
17657.23684210526
 20
15253.25
 10
17657.23684210526
 20
14994.0
  0
TEXT
  5
394
330
17
100
AcDbEntity
  8
TEXT
 62
7
100
AcDbText
 10
17697.23684210526
 20
15138.25
 30
0.0
 40
65.0
  1
0 от VK-C1; 949 от W13
  7
GOST
 11
17697.23684210526
 21
15138.25
 31
0.0
100
AcDbText
  0
LWPOLYLINE
  5
395
330
17
100
AcDbEntity
  8
TEXT
 62
7
370
15
100
AcDbPolyline
 90
2
 70
0
 10
18981.505847953213
 20
15253.25
 10
18981.505847953213
 20
14994.0
  0
LWPOLYLINE
  5
396
330
17
100
AcDbEntity
  8
TEXT
 62
7
370
15
100
AcDbPolyline
 90
2
 70
0
 10
21062.499999999996
 20
15253.25
 10
21062.499999999996
 20
14994.0
  0
LWPOLYLINE
  5
397
330
17
100
AcDbEntity
  8
TEXT
 62
7
370
15
100
AcDbPolyline
 90
4
 70
1
 10
12975.0
 20
14640.5
 10
21062.5
 20
14640.5
 10
21062.5
 20
14994.0
 10
12975.0
 20
14994.0
  0
LWPOLYLINE
  5
398
330
17
100
AcDbEntity
  8
TEXT
 62
7
370
15
100
AcDbPolyline
 90
2
 70
0
 10
12975.0
 20
14994.0
 10
12975.0
 20
14640.5
  0
TEXT
  5
399
330
17
100
AcDbEntity
  8
TEXT
 62
7
100
AcDbText
 10
13015.0
 20
14879.0
 30
0.0
 40
65.0
  1
P04
  7
GOST
 11
13015.0
 21
14879.0
 31
0.0
100
AcDbText
  0
LWPOLYLINE
  5
39A
330
17
100
AcDbEntity
  8
TEXT
 62
7
370
15
100
AcDbPolyline
 90
2
 70
0
 10
13400.657894736842
 20
14994.0
 10
13400.657894736842
 20
14640.5
  0
TEXT
  5
39B
330
17
100
AcDbEntity
  8
TEXT
 62
7
100
AcDbText
 10
13440.657894736842
 20
14879.0
 30
0.0
 40
65.0
  1
R5
  7
GOST
 11
13440.657894736842
 21
14879.0
 31
0.0
100
AcDbText
  0
LWPOLYLINE
  5
39C
330
17
100
AcDbEntity
  8
TEXT
 62
7
370
15
100
AcDbPolyline
 90
2
 70
0
 10
13731.725146198829
 20
14994.0
 10
13731.725146198829
 20
14640.5
  0
TEXT
  5
39D
330
17
100
AcDbEntity
  8
TEXT
 62
7
100
AcDbText
 10
13771.725146198829
 20
14879.0
 30
0.0
 40
65.0
  1
Душ walk-in, линейный НИЗКИЙ трап у
  7
GOST
 11
13771.725146198829
 21
14879.0
 31
0.0
100
AcDbText
  0
TEXT
  5
39E
330
17
100
AcDbEntity
  8
TEXT
 62
7
100
AcDbText
 10
13771.725146198829
 20
14784.75
 30
0.0
 40
65.0
  1
облицовки W14, термоста…
  7
GOST
 11
13771.725146198829
 21
14784.75
 31
0.0
100
AcDbText
  0
LWPOLYLINE
  5
39F
330
17
100
AcDbEntity
  8
TEXT
 62
7
370
15
100
AcDbPolyline
 90
2
 70
0
 10
15812.719298245614
 20
14994.0
 10
15812.719298245614
 20
14640.5
  0
TEXT
  5
3A0
330
17
100
AcDbEntity
  8
TEXT
 62
7
100
AcDbText
 10
15852.719298245614
 20
14879.0
 30
0.0
 40
65.0
  1
К1
  7
GOST
 11
15852.719298245614
 21
14879.0
 31
0.0
100
AcDbText
  0
LWPOLYLINE
  5
3A1
330
17
100
AcDbEntity
  8
TEXT
 62
7
370
15
100
AcDbPolyline
 90
2
 70
0
 10
16191.081871345028
 20
14994.0
 10
16191.081871345028
 20
14640.5
  0
TEXT
  5
3A2
330
17
100
AcDbEntity
  8
TEXT
 62
7
100
AcDbText
 10
16231.081871345028
 20
14879.0
 30
0.0
 40
65.0
  1
50
  7
GOST
 11
16231.081871345028
 21
14879.0
 31
0.0
100
AcDbText
  0
LWPOLYLINE
  5
3A3
330
17
100
AcDbEntity
  8
TEXT
 62
7
370
15
100
AcDbPolyline
 90
2
 70
0
 10
16805.921052631576
 20
14994.0
 10
16805.921052631576
 20
14640.5
  0
TEXT
  5
3A4
330
17
100
AcDbEntity
  8
TEXT
 62
7
100
AcDbText
 10
16845.92105263158
 20
14879.0
 30
0.0
 40
65.0
  1
-11.4
  7
GOST
 11
16845.92105263158
 21
14879.0
 31
0.0
100
AcDbText
  0
LWPOLYLINE
  5
3A5
330
17
100
AcDbEntity
  8
TEXT
 62
7
370
15
100
AcDbPolyline
 90
2
 70
0
 10
17231.57894736842
 20
14994.0
 10
17231.57894736842
 20
14640.5
  0
TEXT
  5
3A6
330
17
100
AcDbEntity
  8
TEXT
 62
7
100
AcDbText
 10
17271.57894736842
 20
14879.0
 30
0.0
 40
65.0
  1
68.6
  7
GOST
 11
17271.57894736842
 21
14879.0
 31
0.0
100
AcDbText
  0
LWPOLYLINE
  5
3A7
330
17
100
AcDbEntity
  8
TEXT
 62
7
370
15
100
AcDbPolyline
 90
2
 70
0
 10
17657.23684210526
 20
14994.0
 10
17657.23684210526
 20
14640.5
  0
TEXT
  5
3A8
330
17
100
AcDbEntity
  8
TEXT
 62
7
100
AcDbText
 10
17697.23684210526
 20
14879.0
 30
0.0
 40
65.0
  1
46 от VK-C1; 401 от W15
  7
GOST
 11
17697.23684210526
 21
14879.0
 31
0.0
100
AcDbText
  0
LWPOLYLINE
  5
3A9
330
17
100
AcDbEntity
  8
TEXT
 62
7
370
15
100
AcDbPolyline
 90
2
 70
0
 10
18981.505847953213
 20
14994.0
 10
18981.505847953213
 20
14640.5
  0
TEXT
  5
3AA
330
17
100
AcDbEntity
  8
TEXT
 62
7
100
AcDbText
 10
19021.505847953213
 20
14879.0
 30
0.0
 40
65.0
  1
отметка решётки z +68.6 (−11.4 от пола
  7
GOST
 11
19021.505847953213
 21
14879.0
 31
0.0
100
AcDbText
  0
TEXT
  5
3AB
330
17
100
AcDbEntity
  8
TEXT
 62
7
100
AcDbText
 10
19021.505847953213
 20
14784.75
 30
0.0
 40
65.0
  1
ванной, уклон 1,5 % от стекла x=6641);
  7
GOST
 11
19021.505847953213
 21
14784.75
 31
0.0
100
AcDbText
  0
TEXT
  5
3AC
330
17
100
AcDbEntity
  8
TEXT
 62
7
100
AcDbText
 10
19021.505847953213
 20
14690.5
 30
0.0
 40
65.0
  1
м…
  7
GOST
 11
19021.505847953213
 21
14690.5
 31
0.0
100
AcDbText
  0
LWPOLYLINE
  5
3AD
330
17
100
AcDbEntity
  8
TEXT
 62
7
370
15
100
AcDbPolyline
 90
2
 70
0
 10
21062.499999999996
 20
14994.0
 10
21062.499999999996
 20
14640.5
  0
LWPOLYLINE
  5
3AE
330
17
100
AcDbEntity
  8
TEXT
 62
7
370
15
100
AcDbPolyline
 90
4
 70
1
 10
12975.0
 20
14475.5
 10
21062.5
 20
14475.5
 10
21062.5
 20
14640.5
 10
12975.0
 20
14640.5
  0
LWPOLYLINE
  5
3AF
330
17
100
AcDbEntity
  8
TEXT
 62
7
370
15
100
AcDbPolyline
 90
2
 70
0
 10
12975.0
 20
14640.5
 10
12975.0
 20
14475.5
  0
TEXT
  5
3B0
330
17
100
AcDbEntity
  8
TEXT
 62
7
100
AcDbText
 10
13015.0
 20
14525.5
 30
0.0
 40
65.0
  1
P06
  7
GOST
 11
13015.0
 21
14525.5
 31
0.0
100
AcDbText
  0
LWPOLYLINE
  5
3B1
330
17
100
AcDbEntity
  8
TEXT
 62
7
370
15
100
AcDbPolyline
 90
2
 70
0
 10
13400.657894736842
 20
14640.5
 10
13400.657894736842
 20
14475.5
  0
TEXT
  5
3B2
330
17
100
AcDbEntity
  8
TEXT
 62
7
100
AcDbText
 10
13440.657894736842
 20
14525.5
 30
0.0
 40
65.0
  1
R3
  7
GOST
 11
13440.657894736842
 21
14525.5
 31
0.0
100
AcDbText
  0
LWPOLYLINE
  5
3B3
330
17
100
AcDbEntity
  8
TEXT
 62
7
370
15
100
AcDbPolyline
 90
2
 70
0
 10
13731.725146198829
 20
14640.5
 10
13731.725146198829
 20
14475.5
  0
TEXT
  5
3B4
330
17
100
AcDbEntity
  8
TEXT
 62
7
100
AcDbText
 10
13771.725146198829
 20
14525.5
 30
0.0
 40
65.0
  1
Мойка кухни 500×450 (K-05)
  7
GOST
 11
13771.725146198829
 21
14525.5
 31
0.0
100
AcDbText
  0
LWPOLYLINE
  5
3B5
330
17
100
AcDbEntity
  8
TEXT
 62
7
370
15
100
AcDbPolyline
 90
2
 70
0
 10
15812.719298245614
 20
14640.5
 10
15812.719298245614
 20
14475.5
  0
TEXT
  5
3B6
330
17
100
AcDbEntity
  8
TEXT
 62
7
100
AcDbText
 10
15852.719298245614
 20
14525.5
 30
0.0
 40
65.0
  1
В1
  7
GOST
 11
15852.719298245614
 21
14525.5
 31
0.0
100
AcDbText
  0
LWPOLYLINE
  5
3B7
330
17
100
AcDbEntity
  8
TEXT
 62
7
370
15
100
AcDbPolyline
 90
2
 70
0
 10
16191.081871345028
 20
14640.5
 10
16191.081871345028
 20
14475.5
  0
TEXT
  5
3B8
330
17
100
AcDbEntity
  8
TEXT
 62
7
100
AcDbText
 10
16231.081871345028
 20
14525.5
 30
0.0
 40
65.0
  1
½"
  7
GOST
 11
16231.081871345028
 21
14525.5
 31
0.0
100
AcDbText
  0
LWPOLYLINE
  5
3B9
330
17
100
AcDbEntity
  8
TEXT
 62
7
370
15
100
AcDbPolyline
 90
2
 70
0
 10
16805.921052631576
 20
14640.5
 10
16805.921052631576
 20
14475.5
  0
TEXT
  5
3BA
330
17
100
AcDbEntity
  8
TEXT
 62
7
100
AcDbText
 10
16845.92105263158
 20
14525.5
 30
0.0
 40
65.0
  1
550
  7
GOST
 11
16845.92105263158
 21
14525.5
 31
0.0
100
AcDbText
  0
LWPOLYLINE
  5
3BB
330
17
100
AcDbEntity
  8
TEXT
 62
7
370
15
100
AcDbPolyline
 90
2
 70
0
 10
17231.57894736842
 20
14640.5
 10
17231.57894736842
 20
14475.5
  0
TEXT
  5
3BC
330
17
100
AcDbEntity
  8
TEXT
 62
7
100
AcDbText
 10
17271.57894736842
 20
14525.5
 30
0.0
 40
65.0
  1
550
  7
GOST
 11
17271.57894736842
 21
14525.5
 31
0.0
100
AcDbText
  0
LWPOLYLINE
  5
3BD
330
17
100
AcDbEntity
  8
TEXT
 62
7
370
15
100
AcDbPolyline
 90
2
 70
0
 10
17657.23684210526
 20
14640.5
 10
17657.23684210526
 20
14475.5
  0
TEXT
  5
3BE
330
17
100
AcDbEntity
  8
TEXT
 62
7
100
AcDbText
 10
17697.23684210526
 20
14525.5
 30
0.0
 40
65.0
  1
1780 от W10; 0 от W3
  7
GOST
 11
17697.23684210526
 21
14525.5
 31
0.0
100
AcDbText
  0
LWPOLYLINE
  5
3BF
330
17
100
AcDbEntity
  8
TEXT
 62
7
370
15
100
AcDbPolyline
 90
2
 70
0
 10
18981.505847953213
 20
14640.5
 10
18981.505847953213
 20
14475.5
  0
LWPOLYLINE
  5
3C0
330
17
100
AcDbEntity
  8
TEXT
 62
7
370
15
100
AcDbPolyline
 90
2
 70
0
 10
21062.499999999996
 20
14640.5
 10
21062.499999999996
 20
14475.5
  0
LWPOLYLINE
  5
3C1
330
17
100
AcDbEntity
  8
TEXT
 62
7
370
15
100
AcDbPolyline
 90
4
 70
1
 10
12975.0
 20
14310.499999999998
 10
21062.5
 20
14310.499999999998
 10
21062.5
 20
14475.5
 10
12975.0
 20
14475.5
  0
LWPOLYLINE
  5
3C2
330
17
100
AcDbEntity
  8
TEXT
 62
7
370
15
100
AcDbPolyline
 90
2
 70
0
 10
12975.0
 20
14475.5
 10
12975.0
 20
14310.499999999998
  0
TEXT
  5
3C3
330
17
100
AcDbEntity
  8
TEXT
 62
7
100
AcDbText
 10
13015.0
 20
14360.499999999998
 30
0.0
 40
65.0
  1
P06
  7
GOST
 11
13015.0
 21
14360.499999999998
 31
0.0
100
AcDbText
  0
LWPOLYLINE
  5
3C4
330
17
100
AcDbEntity
  8
TEXT
 62
7
370
15
100
AcDbPolyline
 90
2
 70
0
 10
13400.657894736842
 20
14475.5
 10
13400.657894736842
 20
14310.499999999998
  0
TEXT
  5
3C5
330
17
100
AcDbEntity
  8
TEXT
 62
7
100
AcDbText
 10
13440.657894736842
 20
14360.499999999998
 30
0.0
 40
65.0
  1
R3
  7
GOST
 11
13440.657894736842
 21
14360.499999999998
 31
0.0
100
AcDbText
  0
LWPOLYLINE
  5
3C6
330
17
100
AcDbEntity
  8
TEXT
 62
7
370
15
100
AcDbPolyline
 90
2
 70
0
 10
13731.725146198829
 20
14475.5
 10
13731.725146198829
 20
14310.499999999998
  0
TEXT
  5
3C7
330
17
100
AcDbEntity
  8
TEXT
 62
7
100
AcDbText
 10
13771.725146198829
 20
14360.499999999998
 30
0.0
 40
65.0
  1
Мойка кухни 500×450 (K-05)
  7
GOST
 11
13771.725146198829
 21
14360.499999999998
 31
0.0
100
AcDbText
  0
LWPOLYLINE
  5
3C8
330
17
100
AcDbEntity
  8
TEXT
 62
7
370
15
100
AcDbPolyline
 90
2
 70
0
 10
15812.719298245614
 20
14475.5
 10
15812.719298245614
 20
14310.499999999998
  0
TEXT
  5
3C9
330
17
100
AcDbEntity
  8
TEXT
 62
7
100
AcDbText
 10
15852.719298245614
 20
14360.499999999998
 30
0.0
 40
65.0
  1
Т3
  7
GOST
 11
15852.719298245614
 21
14360.499999999998
 31
0.0
100
AcDbText
  0
LWPOLYLINE
  5
3CA
330
17
100
AcDbEntity
  8
TEXT
 62
7
370
15
100
AcDbPolyline
 90
2
 70
0
 10
16191.081871345028
 20
14475.5
 10
16191.081871345028
 20
14310.499999999998
  0
TEXT
  5
3CB
330
17
100
AcDbEntity
  8
TEXT
 62
7
100
AcDbText
 10
16231.081871345028
 20
14360.499999999998
 30
0.0
 40
65.0
  1
½"
  7
GOST
 11
16231.081871345028
 21
14360.499999999998
 31
0.0
100
AcDbText
  0
LWPOLYLINE
  5
3CC
330
17
100
AcDbEntity
  8
TEXT
 62
7
370
15
100
AcDbPolyline
 90
2
 70
0
 10
16805.921052631576
 20
14475.5
 10
16805.921052631576
 20
14310.499999999998
  0
TEXT
  5
3CD
330
17
100
AcDbEntity
  8
TEXT
 62
7
100
AcDbText
 10
16845.92105263158
 20
14360.499999999998
 30
0.0
 40
65.0
  1
550
  7
GOST
 11
16845.92105263158
 21
14360.499999999998
 31
0.0
100
AcDbText
  0
LWPOLYLINE
  5
3CE
330
17
100
AcDbEntity
  8
TEXT
 62
7
370
15
100
AcDbPolyline
 90
2
 70
0
 10
17231.57894736842
 20
14475.5
 10
17231.57894736842
 20
14310.499999999998
  0
TEXT
  5
3CF
330
17
100
AcDbEntity
  8
TEXT
 62
7
100
AcDbText
 10
17271.57894736842
 20
14360.499999999998
 30
0.0
 40
65.0
  1
550
  7
GOST
 11
17271.57894736842
 21
14360.499999999998
 31
0.0
100
AcDbText
  0
LWPOLYLINE
  5
3D0
330
17
100
AcDbEntity
  8
TEXT
 62
7
370
15
100
AcDbPolyline
 90
2
 70
0
 10
17657.23684210526
 20
14475.5
 10
17657.23684210526
 20
14310.499999999998
  0
TEXT
  5
3D1
330
17
100
AcDbEntity
  8
TEXT
 62
7
100
AcDbText
 10
17697.23684210526
 20
14360.499999999998
 30
0.0
 40
65.0
  1
1680 от W10; 0 от W3
  7
GOST
 11
17697.23684210526
 21
14360.499999999998
 31
0.0
100
AcDbText
  0
LWPOLYLINE
  5
3D2
330
17
100
AcDbEntity
  8
TEXT
 62
7
370
15
100
AcDbPolyline
 90
2
 70
0
 10
18981.505847953213
 20
14475.5
 10
18981.505847953213
 20
14310.499999999998
  0
LWPOLYLINE
  5
3D3
330
17
100
AcDbEntity
  8
TEXT
 62
7
370
15
100
AcDbPolyline
 90
2
 70
0
 10
21062.499999999996
 20
14475.5
 10
21062.499999999996
 20
14310.499999999998
  0
LWPOLYLINE
  5
3D4
330
17
100
AcDbEntity
  8
TEXT
 62
7
370
15
100
AcDbPolyline
 90
4
 70
1
 10
12975.0
 20
14145.499999999998
 10
21062.5
 20
14145.499999999998
 10
21062.5
 20
14310.499999999998
 10
12975.0
 20
14310.499999999998
  0
LWPOLYLINE
  5
3D5
330
17
100
AcDbEntity
  8
TEXT
 62
7
370
15
100
AcDbPolyline
 90
2
 70
0
 10
12975.0
 20
14310.499999999998
 10
12975.0
 20
14145.499999999998
  0
TEXT
  5
3D6
330
17
100
AcDbEntity
  8
TEXT
 62
7
100
AcDbText
 10
13015.0
 20
14195.499999999998
 30
0.0
 40
65.0
  1
P06
  7
GOST
 11
13015.0
 21
14195.499999999998
 31
0.0
100
AcDbText
  0
LWPOLYLINE
  5
3D7
330
17
100
AcDbEntity
  8
TEXT
 62
7
370
15
100
AcDbPolyline
 90
2
 70
0
 10
13400.657894736842
 20
14310.499999999998
 10
13400.657894736842
 20
14145.499999999998
  0
TEXT
  5
3D8
330
17
100
AcDbEntity
  8
TEXT
 62
7
100
AcDbText
 10
13440.657894736842
 20
14195.499999999998
 30
0.0
 40
65.0
  1
R3
  7
GOST
 11
13440.657894736842
 21
14195.499999999998
 31
0.0
100
AcDbText
  0
LWPOLYLINE
  5
3D9
330
17
100
AcDbEntity
  8
TEXT
 62
7
370
15
100
AcDbPolyline
 90
2
 70
0
 10
13731.725146198829
 20
14310.499999999998
 10
13731.725146198829
 20
14145.499999999998
  0
TEXT
  5
3DA
330
17
100
AcDbEntity
  8
TEXT
 62
7
100
AcDbText
 10
13771.725146198829
 20
14195.499999999998
 30
0.0
 40
65.0
  1
Мойка кухни 500×450 (K-05)
  7
GOST
 11
13771.725146198829
 21
14195.499999999998
 31
0.0
100
AcDbText
  0
LWPOLYLINE
  5
3DB
330
17
100
AcDbEntity
  8
TEXT
 62
7
370
15
100
AcDbPolyline
 90
2
 70
0
 10
15812.719298245614
 20
14310.499999999998
 10
15812.719298245614
 20
14145.499999999998
  0
TEXT
  5
3DC
330
17
100
AcDbEntity
  8
TEXT
 62
7
100
AcDbText
 10
15852.719298245614
 20
14195.499999999998
 30
0.0
 40
65.0
  1
К1
  7
GOST
 11
15852.719298245614
 21
14195.499999999998
 31
0.0
100
AcDbText
  0
LWPOLYLINE
  5
3DD
330
17
100
AcDbEntity
  8
TEXT
 62
7
370
15
100
AcDbPolyline
 90
2
 70
0
 10
16191.081871345028
 20
14310.499999999998
 10
16191.081871345028
 20
14145.499999999998
  0
TEXT
  5
3DE
330
17
100
AcDbEntity
  8
TEXT
 62
7
100
AcDbText
 10
16231.081871345028
 20
14195.499999999998
 30
0.0
 40
65.0
  1
50
  7
GOST
 11
16231.081871345028
 21
14195.499999999998
 31
0.0
100
AcDbText
  0
LWPOLYLINE
  5
3DF
330
17
100
AcDbEntity
  8
TEXT
 62
7
370
15
100
AcDbPolyline
 90
2
 70
0
 10
16805.921052631576
 20
14310.499999999998
 10
16805.921052631576
 20
14145.499999999998
  0
TEXT
  5
3E0
330
17
100
AcDbEntity
  8
TEXT
 62
7
100
AcDbText
 10
16845.92105263158
 20
14195.499999999998
 30
0.0
 40
65.0
  1
450
  7
GOST
 11
16845.92105263158
 21
14195.499999999998
 31
0.0
100
AcDbText
  0
LWPOLYLINE
  5
3E1
330
17
100
AcDbEntity
  8
TEXT
 62
7
370
15
100
AcDbPolyline
 90
2
 70
0
 10
17231.57894736842
 20
14310.499999999998
 10
17231.57894736842
 20
14145.499999999998
  0
TEXT
  5
3E2
330
17
100
AcDbEntity
  8
TEXT
 62
7
100
AcDbText
 10
17271.57894736842
 20
14195.499999999998
 30
0.0
 40
65.0
  1
450
  7
GOST
 11
17271.57894736842
 21
14195.499999999998
 31
0.0
100
AcDbText
  0
LWPOLYLINE
  5
3E3
330
17
100
AcDbEntity
  8
TEXT
 62
7
370
15
100
AcDbPolyline
 90
2
 70
0
 10
17657.23684210526
 20
14310.499999999998
 10
17657.23684210526
 20
14145.499999999998
  0
TEXT
  5
3E4
330
17
100
AcDbEntity
  8
TEXT
 62
7
100
AcDbText
 10
17697.23684210526
 20
14195.499999999998
 30
0.0
 40
65.0
  1
1600 от W10; 0 от W3
  7
GOST
 11
17697.23684210526
 21
14195.499999999998
 31
0.0
100
AcDbText
  0
LWPOLYLINE
  5
3E5
330
17
100
AcDbEntity
  8
TEXT
 62
7
370
15
100
AcDbPolyline
 90
2
 70
0
 10
18981.505847953213
 20
14310.499999999998
 10
18981.505847953213
 20
14145.499999999998
  0
LWPOLYLINE
  5
3E6
330
17
100
AcDbEntity
  8
TEXT
 62
7
370
15
100
AcDbPolyline
 90
2
 70
0
 10
21062.499999999996
 20
14310.499999999998
 10
21062.499999999996
 20
14145.499999999998
  0
LWPOLYLINE
  5
3E7
330
17
100
AcDbEntity
  8
TEXT
 62
7
370
15
100
AcDbPolyline
 90
4
 70
1
 10
12975.0
 20
13980.499999999998
 10
21062.5
 20
13980.499999999998
 10
21062.5
 20
14145.499999999998
 10
12975.0
 20
14145.499999999998
  0
LWPOLYLINE
  5
3E8
330
17
100
AcDbEntity
  8
TEXT
 62
7
370
15
100
AcDbPolyline
 90
2
 70
0
 10
12975.0
 20
14145.499999999998
 10
12975.0
 20
13980.499999999998
  0
TEXT
  5
3E9
330
17
100
AcDbEntity
  8
TEXT
 62
7
100
AcDbText
 10
13015.0
 20
14030.499999999998
 30
0.0
 40
65.0
  1
P07
  7
GOST
 11
13015.0
 21
14030.499999999998
 31
0.0
100
AcDbText
  0
LWPOLYLINE
  5
3EA
330
17
100
AcDbEntity
  8
TEXT
 62
7
370
15
100
AcDbPolyline
 90
2
 70
0
 10
13400.657894736842
 20
14145.499999999998
 10
13400.657894736842
 20
13980.499999999998
  0
TEXT
  5
3EB
330
17
100
AcDbEntity
  8
TEXT
 62
7
100
AcDbText
 10
13440.657894736842
 20
14030.499999999998
 30
0.0
 40
65.0
  1
R3
  7
GOST
 11
13440.657894736842
 21
14030.499999999998
 31
0.0
100
AcDbText
  0
LWPOLYLINE
  5
3EC
330
17
100
AcDbEntity
  8
TEXT
 62
7
370
15
100
AcDbPolyline
 90
2
 70
0
 10
13731.725146198829
 20
14145.499999999998
 10
13731.725146198829
 20
13980.499999999998
  0
TEXT
  5
3ED
330
17
100
AcDbEntity
  8
TEXT
 62
7
100
AcDbText
 10
13771.725146198829
 20
14030.499999999998
 30
0.0
 40
65.0
  1
ПММ 60 полновстраиваемая (K-06)
  7
GOST
 11
13771.725146198829
 21
14030.499999999998
 31
0.0
100
AcDbText
  0
LWPOLYLINE
  5
3EE
330
17
100
AcDbEntity
  8
TEXT
 62
7
370
15
100
AcDbPolyline
 90
2
 70
0
 10
15812.719298245614
 20
14145.499999999998
 10
15812.719298245614
 20
13980.499999999998
  0
TEXT
  5
3EF
330
17
100
AcDbEntity
  8
TEXT
 62
7
100
AcDbText
 10
15852.719298245614
 20
14030.499999999998
 30
0.0
 40
65.0
  1
В1
  7
GOST
 11
15852.719298245614
 21
14030.499999999998
 31
0.0
100
AcDbText
  0
LWPOLYLINE
  5
3F0
330
17
100
AcDbEntity
  8
TEXT
 62
7
370
15
100
AcDbPolyline
 90
2
 70
0
 10
16191.081871345028
 20
14145.499999999998
 10
16191.081871345028
 20
13980.499999999998
  0
TEXT
  5
3F1
330
17
100
AcDbEntity
  8
TEXT
 62
7
100
AcDbText
 10
16231.081871345028
 20
14030.499999999998
 30
0.0
 40
65.0
  1
¾"
  7
GOST
 11
16231.081871345028
 21
14030.499999999998
 31
0.0
100
AcDbText
  0
LWPOLYLINE
  5
3F2
330
17
100
AcDbEntity
  8
TEXT
 62
7
370
15
100
AcDbPolyline
 90
2
 70
0
 10
16805.921052631576
 20
14145.499999999998
 10
16805.921052631576
 20
13980.499999999998
  0
TEXT
  5
3F3
330
17
100
AcDbEntity
  8
TEXT
 62
7
100
AcDbText
 10
16845.92105263158
 20
14030.499999999998
 30
0.0
 40
65.0
  1
450
  7
GOST
 11
16845.92105263158
 21
14030.499999999998
 31
0.0
100
AcDbText
  0
LWPOLYLINE
  5
3F4
330
17
100
AcDbEntity
  8
TEXT
 62
7
370
15
100
AcDbPolyline
 90
2
 70
0
 10
17231.57894736842
 20
14145.499999999998
 10
17231.57894736842
 20
13980.499999999998
  0
TEXT
  5
3F5
330
17
100
AcDbEntity
  8
TEXT
 62
7
100
AcDbText
 10
17271.57894736842
 20
14030.499999999998
 30
0.0
 40
65.0
  1
450
  7
GOST
 11
17271.57894736842
 21
14030.499999999998
 31
0.0
100
AcDbText
  0
LWPOLYLINE
  5
3F6
330
17
100
AcDbEntity
  8
TEXT
 62
7
370
15
100
AcDbPolyline
 90
2
 70
0
 10
17657.23684210526
 20
14145.499999999998
 10
17657.23684210526
 20
13980.499999999998
  0
TEXT
  5
3F7
330
17
100
AcDbEntity
  8
TEXT
 62
7
100
AcDbText
 10
17697.23684210526
 20
14030.499999999998
 30
0.0
 40
65.0
  1
1740 от W10; 0 от W3
  7
GOST
 11
17697.23684210526
 21
14030.499999999998
 31
0.0
100
AcDbText
  0
LWPOLYLINE
  5
3F8
330
17
100
AcDbEntity
  8
TEXT
 62
7
370
15
100
AcDbPolyline
 90
2
 70
0
 10
18981.505847953213
 20
14145.499999999998
 10
18981.505847953213
 20
13980.499999999998
  0
TEXT
  5
3F9
330
17
100
AcDbEntity
  8
TEXT
 62
7
100
AcDbText
 10
19021.505847953213
 20
14030.499999999998
 30
0.0
 40
65.0
  1
тройник с краном ¾" на ХВС в K-05
  7
GOST
 11
19021.505847953213
 21
14030.499999999998
 31
0.0
100
AcDbText
  0
LWPOLYLINE
  5
3FA
330
17
100
AcDbEntity
  8
TEXT
 62
7
370
15
100
AcDbPolyline
 90
2
 70
0
 10
21062.499999999996
 20
14145.499999999998
 10
21062.499999999996
 20
13980.499999999998
  0
LWPOLYLINE
  5
3FB
330
17
100
AcDbEntity
  8
TEXT
 62
7
370
15
100
AcDbPolyline
 90
4
 70
1
 10
12975.0
 20
13721.249999999998
 10
21062.5
 20
13721.249999999998
 10
21062.5
 20
13980.499999999998
 10
12975.0
 20
13980.499999999998
  0
LWPOLYLINE
  5
3FC
330
17
100
AcDbEntity
  8
TEXT
 62
7
370
15
100
AcDbPolyline
 90
2
 70
0
 10
12975.0
 20
13980.499999999998
 10
12975.0
 20
13721.249999999998
  0
TEXT
  5
3FD
330
17
100
AcDbEntity
  8
TEXT
 62
7
100
AcDbText
 10
13015.0
 20
13865.499999999996
 30
0.0
 40
65.0
  1
P07
  7
GOST
 11
13015.0
 21
13865.499999999996
 31
0.0
100
AcDbText
  0
LWPOLYLINE
  5
3FE
330
17
100
AcDbEntity
  8
TEXT
 62
7
370
15
100
AcDbPolyline
 90
2
 70
0
 10
13400.657894736842
 20
13980.499999999998
 10
13400.657894736842
 20
13721.249999999998
  0
TEXT
  5
3FF
330
17
100
AcDbEntity
  8
TEXT
 62
7
100
AcDbText
 10
13440.657894736842
 20
13865.499999999996
 30
0.0
 40
65.0
  1
R3
  7
GOST
 11
13440.657894736842
 21
13865.499999999996
 31
0.0
100
AcDbText
  0
LWPOLYLINE
  5
400
330
17
100
AcDbEntity
  8
TEXT
 62
7
370
15
100
AcDbPolyline
 90
2
 70
0
 10
13731.725146198829
 20
13980.499999999998
 10
13731.725146198829
 20
13721.249999999998
  0
TEXT
  5
401
330
17
100
AcDbEntity
  8
TEXT
 62
7
100
AcDbText
 10
13771.725146198829
 20
13865.499999999996
 30
0.0
 40
65.0
  1
ПММ 60 полновстраиваемая (K-06)
  7
GOST
 11
13771.725146198829
 21
13865.499999999996
 31
0.0
100
AcDbText
  0
LWPOLYLINE
  5
402
330
17
100
AcDbEntity
  8
TEXT
 62
7
370
15
100
AcDbPolyline
 90
2
 70
0
 10
15812.719298245614
 20
13980.499999999998
 10
15812.719298245614
 20
13721.249999999998
  0
TEXT
  5
403
330
17
100
AcDbEntity
  8
TEXT
 62
7
100
AcDbText
 10
15852.719298245614
 20
13865.499999999996
 30
0.0
 40
65.0
  1
К1
  7
GOST
 11
15852.719298245614
 21
13865.499999999996
 31
0.0
100
AcDbText
  0
LWPOLYLINE
  5
404
330
17
100
AcDbEntity
  8
TEXT
 62
7
370
15
100
AcDbPolyline
 90
2
 70
0
 10
16191.081871345028
 20
13980.499999999998
 10
16191.081871345028
 20
13721.249999999998
  0
TEXT
  5
405
330
17
100
AcDbEntity
  8
TEXT
 62
7
100
AcDbText
 10
16231.081871345028
 20
13865.499999999996
 30
0.0
 40
65.0
  1
в сифон
  7
GOST
 11
16231.081871345028
 21
13865.499999999996
 31
0.0
100
AcDbText
  0
TEXT
  5
406
330
17
100
AcDbEntity
  8
TEXT
 62
7
100
AcDbText
 10
16231.081871345028
 20
13771.249999999998
 30
0.0
 40
65.0
  1
мойки
  7
GOST
 11
16231.081871345028
 21
13771.249999999998
 31
0.0
100
AcDbText
  0
LWPOLYLINE
  5
407
330
17
100
AcDbEntity
  8
TEXT
 62
7
370
15
100
AcDbPolyline
 90
2
 70
0
 10
16805.921052631576
 20
13980.499999999998
 10
16805.921052631576
 20
13721.249999999998
  0
TEXT
  5
408
330
17
100
AcDbEntity
  8
TEXT
 62
7
100
AcDbText
 10
16845.92105263158
 20
13865.499999999996
 30
0.0
 40
65.0
  1
450
  7
GOST
 11
16845.92105263158
 21
13865.499999999996
 31
0.0
100
AcDbText
  0
LWPOLYLINE
  5
409
330
17
100
AcDbEntity
  8
TEXT
 62
7
370
15
100
AcDbPolyline
 90
2
 70
0
 10
17231.57894736842
 20
13980.499999999998
 10
17231.57894736842
 20
13721.249999999998
  0
TEXT
  5
40A
330
17
100
AcDbEntity
  8
TEXT
 62
7
100
AcDbText
 10
17271.57894736842
 20
13865.499999999996
 30
0.0
 40
65.0
  1
450
  7
GOST
 11
17271.57894736842
 21
13865.499999999996
 31
0.0
100
AcDbText
  0
LWPOLYLINE
  5
40B
330
17
100
AcDbEntity
  8
TEXT
 62
7
370
15
100
AcDbPolyline
 90
2
 70
0
 10
17657.23684210526
 20
13980.499999999998
 10
17657.23684210526
 20
13721.249999999998
  0
TEXT
  5
40C
330
17
100
AcDbEntity
  8
TEXT
 62
7
100
AcDbText
 10
17697.23684210526
 20
13865.499999999996
 30
0.0
 40
65.0
  1
1600 от W10; 0 от W3
  7
GOST
 11
17697.23684210526
 21
13865.499999999996
 31
0.0
100
AcDbText
  0
LWPOLYLINE
  5
40D
330
17
100
AcDbEntity
  8
TEXT
 62
7
370
15
100
AcDbPolyline
 90
2
 70
0
 10
18981.505847953213
 20
13980.499999999998
 10
18981.505847953213
 20
13721.249999999998
  0
TEXT
  5
40E
330
17
100
AcDbEntity
  8
TEXT
 62
7
100
AcDbText
 10
19021.505847953213
 20
13865.499999999996
 30
0.0
 40
65.0
  1
штуцер сифона мойки с обратным
  7
GOST
 11
19021.505847953213
 21
13865.499999999996
 31
0.0
100
AcDbText
  0
TEXT
  5
40F
330
17
100
AcDbEntity
  8
TEXT
 62
7
100
AcDbText
 10
19021.505847953213
 20
13771.249999999998
 30
0.0
 40
65.0
  1
клапаном, петля шланга ≥ 400
  7
GOST
 11
19021.505847953213
 21
13771.249999999998
 31
0.0
100
AcDbText
  0
LWPOLYLINE
  5
410
330
17
100
AcDbEntity
  8
TEXT
 62
7
370
15
100
AcDbPolyline
 90
2
 70
0
 10
21062.499999999996
 20
13980.499999999998
 10
21062.499999999996
 20
13721.249999999998
  0
LWPOLYLINE
  5
411
330
17
100
AcDbEntity
  8
TEXT
 62
7
370
15
100
AcDbPolyline
 90
4
 70
1
 10
12975.0
 20
13461.999999999998
 10
21062.5
 20
13461.999999999998
 10
21062.5
 20
13721.249999999998
 10
12975.0
 20
13721.249999999998
  0
LWPOLYLINE
  5
412
330
17
100
AcDbEntity
  8
TEXT
 62
7
370
15
100
AcDbPolyline
 90
2
 70
0
 10
12975.0
 20
13721.249999999998
 10
12975.0
 20
13461.999999999998
  0
TEXT
  5
413
330
17
100
AcDbEntity
  8
TEXT
 62
7
100
AcDbText
 10
13015.0
 20
13606.249999999996
 30
0.0
 40
65.0
  1
P08
  7
GOST
 11
13015.0
 21
13606.249999999996
 31
0.0
100
AcDbText
  0
LWPOLYLINE
  5
414
330
17
100
AcDbEntity
  8
TEXT
 62
7
370
15
100
AcDbPolyline
 90
2
 70
0
 10
13400.657894736842
 20
13721.249999999998
 10
13400.657894736842
 20
13461.999999999998
  0
TEXT
  5
415
330
17
100
AcDbEntity
  8
TEXT
 62
7
100
AcDbText
 10
13440.657894736842
 20
13606.249999999996
 30
0.0
 40
65.0
  1
R3
  7
GOST
 11
13440.657894736842
 21
13606.249999999996
 31
0.0
100
AcDbText
  0
LWPOLYLINE
  5
416
330
17
100
AcDbEntity
  8
TEXT
 62
7
370
15
100
AcDbPolyline
 90
2
 70
0
 10
13731.725146198829
 20
13721.249999999998
 10
13731.725146198829
 20
13461.999999999998
  0
TEXT
  5
417
330
17
100
AcDbEntity
  8
TEXT
 62
7
100
AcDbText
 10
13771.725146198829
 20
13606.249999999996
 30
0.0
 40
65.0
  1
Фильтр питьевой 3-ступенчатый под
  7
GOST
 11
13771.725146198829
 21
13606.249999999996
 31
0.0
100
AcDbText
  0
TEXT
  5
418
330
17
100
AcDbEntity
  8
TEXT
 62
7
100
AcDbText
 10
13771.725146198829
 20
13511.999999999998
 30
0.0
 40
65.0
  1
мойкой (без накопителя)
  7
GOST
 11
13771.725146198829
 21
13511.999999999998
 31
0.0
100
AcDbText
  0
LWPOLYLINE
  5
419
330
17
100
AcDbEntity
  8
TEXT
 62
7
370
15
100
AcDbPolyline
 90
2
 70
0
 10
15812.719298245614
 20
13721.249999999998
 10
15812.719298245614
 20
13461.999999999998
  0
TEXT
  5
41A
330
17
100
AcDbEntity
  8
TEXT
 62
7
100
AcDbText
 10
15852.719298245614
 20
13606.249999999996
 30
0.0
 40
65.0
  1
В1
  7
GOST
 11
15852.719298245614
 21
13606.249999999996
 31
0.0
100
AcDbText
  0
LWPOLYLINE
  5
41B
330
17
100
AcDbEntity
  8
TEXT
 62
7
370
15
100
AcDbPolyline
 90
2
 70
0
 10
16191.081871345028
 20
13721.249999999998
 10
16191.081871345028
 20
13461.999999999998
  0
TEXT
  5
41C
330
17
100
AcDbEntity
  8
TEXT
 62
7
100
AcDbText
 10
16231.081871345028
 20
13606.249999999996
 30
0.0
 40
65.0
  1
½" → ¼"
  7
GOST
 11
16231.081871345028
 21
13606.249999999996
 31
0.0
100
AcDbText
  0
LWPOLYLINE
  5
41D
330
17
100
AcDbEntity
  8
TEXT
 62
7
370
15
100
AcDbPolyline
 90
2
 70
0
 10
16805.921052631576
 20
13721.249999999998
 10
16805.921052631576
 20
13461.999999999998
  0
TEXT
  5
41E
330
17
100
AcDbEntity
  8
TEXT
 62
7
100
AcDbText
 10
16845.92105263158
 20
13606.249999999996
 30
0.0
 40
65.0
  1
550
  7
GOST
 11
16845.92105263158
 21
13606.249999999996
 31
0.0
100
AcDbText
  0
LWPOLYLINE
  5
41F
330
17
100
AcDbEntity
  8
TEXT
 62
7
370
15
100
AcDbPolyline
 90
2
 70
0
 10
17231.57894736842
 20
13721.249999999998
 10
17231.57894736842
 20
13461.999999999998
  0
TEXT
  5
420
330
17
100
AcDbEntity
  8
TEXT
 62
7
100
AcDbText
 10
17271.57894736842
 20
13606.249999999996
 30
0.0
 40
65.0
  1
550
  7
GOST
 11
17271.57894736842
 21
13606.249999999996
 31
0.0
100
AcDbText
  0
LWPOLYLINE
  5
421
330
17
100
AcDbEntity
  8
TEXT
 62
7
370
15
100
AcDbPolyline
 90
2
 70
0
 10
17657.23684210526
 20
13721.249999999998
 10
17657.23684210526
 20
13461.999999999998
  0
TEXT
  5
422
330
17
100
AcDbEntity
  8
TEXT
 62
7
100
AcDbText
 10
17697.23684210526
 20
13606.249999999996
 30
0.0
 40
65.0
  1
1780 от W10; 0 от W3
  7
GOST
 11
17697.23684210526
 21
13606.249999999996
 31
0.0
100
AcDbText
  0
LWPOLYLINE
  5
423
330
17
100
AcDbEntity
  8
TEXT
 62
7
370
15
100
AcDbPolyline
 90
2
 70
0
 10
18981.505847953213
 20
13721.249999999998
 10
18981.505847953213
 20
13461.999999999998
  0
TEXT
  5
424
330
17
100
AcDbEntity
  8
TEXT
 62
7
100
AcDbText
 10
19021.505847953213
 20
13606.249999999996
 30
0.0
 40
65.0
  1
от тройника ХВС, кран питьевой воды —
  7
GOST
 11
19021.505847953213
 21
13606.249999999996
 31
0.0
100
AcDbText
  0
TEXT
  5
425
330
17
100
AcDbEntity
  8
TEXT
 62
7
100
AcDbText
 10
19021.505847953213
 20
13511.999999999998
 30
0.0
 40
65.0
  1
совмещённый смеситель F19
  7
GOST
 11
19021.505847953213
 21
13511.999999999998
 31
0.0
100
AcDbText
  0
LWPOLYLINE
  5
426
330
17
100
AcDbEntity
  8
TEXT
 62
7
370
15
100
AcDbPolyline
 90
2
 70
0
 10
21062.499999999996
 20
13721.249999999998
 10
21062.499999999996
 20
13461.999999999998
  0
LWPOLYLINE
  5
427
330
17
100
AcDbEntity
  8
TEXT
 62
7
370
15
100
AcDbPolyline
 90
4
 70
1
 10
12975.0
 20
13296.999999999996
 10
21062.5
 20
13296.999999999996
 10
21062.5
 20
13461.999999999998
 10
12975.0
 20
13461.999999999998
  0
LWPOLYLINE
  5
428
330
17
100
AcDbEntity
  8
TEXT
 62
7
370
15
100
AcDbPolyline
 90
2
 70
0
 10
12975.0
 20
13461.999999999998
 10
12975.0
 20
13296.999999999996
  0
TEXT
  5
429
330
17
100
AcDbEntity
  8
TEXT
 62
7
100
AcDbText
 10
13015.0
 20
13346.999999999996
 30
0.0
 40
65.0
  1
P09
  7
GOST
 11
13015.0
 21
13346.999999999996
 31
0.0
100
AcDbText
  0
LWPOLYLINE
  5
42A
330
17
100
AcDbEntity
  8
TEXT
 62
7
370
15
100
AcDbPolyline
 90
2
 70
0
 10
13400.657894736842
 20
13461.999999999998
 10
13400.657894736842
 20
13296.999999999996
  0
TEXT
  5
42B
330
17
100
AcDbEntity
  8
TEXT
 62
7
100
AcDbText
 10
13440.657894736842
 20
13346.999999999996
 30
0.0
 40
65.0
  1
R6
  7
GOST
 11
13440.657894736842
 21
13346.999999999996
 31
0.0
100
AcDbText
  0
LWPOLYLINE
  5
42C
330
17
100
AcDbEntity
  8
TEXT
 62
7
370
15
100
AcDbPolyline
 90
2
 70
0
 10
13731.725146198829
 20
13461.999999999998
 10
13731.725146198829
 20
13296.999999999996
  0
TEXT
  5
42D
330
17
100
AcDbEntity
  8
TEXT
 62
7
100
AcDbText
 10
13771.725146198829
 20
13346.999999999996
 30
0.0
 40
65.0
  1
Хозмойка 450 в тумбе F78
  7
GOST
 11
13771.725146198829
 21
13346.999999999996
 31
0.0
100
AcDbText
  0
LWPOLYLINE
  5
42E
330
17
100
AcDbEntity
  8
TEXT
 62
7
370
15
100
AcDbPolyline
 90
2
 70
0
 10
15812.719298245614
 20
13461.999999999998
 10
15812.719298245614
 20
13296.999999999996
  0
TEXT
  5
42F
330
17
100
AcDbEntity
  8
TEXT
 62
7
100
AcDbText
 10
15852.719298245614
 20
13346.999999999996
 30
0.0
 40
65.0
  1
В1
  7
GOST
 11
15852.719298245614
 21
13346.999999999996
 31
0.0
100
AcDbText
  0
LWPOLYLINE
  5
430
330
17
100
AcDbEntity
  8
TEXT
 62
7
370
15
100
AcDbPolyline
 90
2
 70
0
 10
16191.081871345028
 20
13461.999999999998
 10
16191.081871345028
 20
13296.999999999996
  0
TEXT
  5
431
330
17
100
AcDbEntity
  8
TEXT
 62
7
100
AcDbText
 10
16231.081871345028
 20
13346.999999999996
 30
0.0
 40
65.0
  1
½"
  7
GOST
 11
16231.081871345028
 21
13346.999999999996
 31
0.0
100
AcDbText
  0
LWPOLYLINE
  5
432
330
17
100
AcDbEntity
  8
TEXT
 62
7
370
15
100
AcDbPolyline
 90
2
 70
0
 10
16805.921052631576
 20
13461.999999999998
 10
16805.921052631576
 20
13296.999999999996
  0
TEXT
  5
433
330
17
100
AcDbEntity
  8
TEXT
 62
7
100
AcDbText
 10
16845.92105263158
 20
13346.999999999996
 30
0.0
 40
65.0
  1
500
  7
GOST
 11
16845.92105263158
 21
13346.999999999996
 31
0.0
100
AcDbText
  0
LWPOLYLINE
  5
434
330
17
100
AcDbEntity
  8
TEXT
 62
7
370
15
100
AcDbPolyline
 90
2
 70
0
 10
17231.57894736842
 20
13461.999999999998
 10
17231.57894736842
 20
13296.999999999996
  0
TEXT
  5
435
330
17
100
AcDbEntity
  8
TEXT
 62
7
100
AcDbText
 10
17271.57894736842
 20
13346.999999999996
 30
0.0
 40
65.0
  1
500
  7
GOST
 11
17271.57894736842
 21
13346.999999999996
 31
0.0
100
AcDbText
  0
LWPOLYLINE
  5
436
330
17
100
AcDbEntity
  8
TEXT
 62
7
370
15
100
AcDbPolyline
 90
2
 70
0
 10
17657.23684210526
 20
13461.999999999998
 10
17657.23684210526
 20
13296.999999999996
  0
TEXT
  5
437
330
17
100
AcDbEntity
  8
TEXT
 62
7
100
AcDbText
 10
17697.23684210526
 20
13346.999999999996
 30
0.0
 40
65.0
  1
305 от W10; 250 от W3
  7
GOST
 11
17697.23684210526
 21
13346.999999999996
 31
0.0
100
AcDbText
  0
LWPOLYLINE
  5
438
330
17
100
AcDbEntity
  8
TEXT
 62
7
370
15
100
AcDbPolyline
 90
2
 70
0
 10
18981.505847953213
 20
13461.999999999998
 10
18981.505847953213
 20
13296.999999999996
  0
LWPOLYLINE
  5
439
330
17
100
AcDbEntity
  8
TEXT
 62
7
370
15
100
AcDbPolyline
 90
2
 70
0
 10
21062.499999999996
 20
13461.999999999998
 10
21062.499999999996
 20
13296.999999999996
  0
LWPOLYLINE
  5
43A
330
17
100
AcDbEntity
  8
TEXT
 62
7
370
15
100
AcDbPolyline
 90
4
 70
1
 10
12975.0
 20
13131.999999999996
 10
21062.5
 20
13131.999999999996
 10
21062.5
 20
13296.999999999996
 10
12975.0
 20
13296.999999999996
  0
LWPOLYLINE
  5
43B
330
17
100
AcDbEntity
  8
TEXT
 62
7
370
15
100
AcDbPolyline
 90
2
 70
0
 10
12975.0
 20
13296.999999999996
 10
12975.0
 20
13131.999999999996
  0
TEXT
  5
43C
330
17
100
AcDbEntity
  8
TEXT
 62
7
100
AcDbText
 10
13015.0
 20
13181.999999999996
 30
0.0
 40
65.0
  1
P09
  7
GOST
 11
13015.0
 21
13181.999999999996
 31
0.0
100
AcDbText
  0
LWPOLYLINE
  5
43D
330
17
100
AcDbEntity
  8
TEXT
 62
7
370
15
100
AcDbPolyline
 90
2
 70
0
 10
13400.657894736842
 20
13296.999999999996
 10
13400.657894736842
 20
13131.999999999996
  0
TEXT
  5
43E
330
17
100
AcDbEntity
  8
TEXT
 62
7
100
AcDbText
 10
13440.657894736842
 20
13181.999999999996
 30
0.0
 40
65.0
  1
R6
  7
GOST
 11
13440.657894736842
 21
13181.999999999996
 31
0.0
100
AcDbText
  0
LWPOLYLINE
  5
43F
330
17
100
AcDbEntity
  8
TEXT
 62
7
370
15
100
AcDbPolyline
 90
2
 70
0
 10
13731.725146198829
 20
13296.999999999996
 10
13731.725146198829
 20
13131.999999999996
  0
TEXT
  5
440
330
17
100
AcDbEntity
  8
TEXT
 62
7
100
AcDbText
 10
13771.725146198829
 20
13181.999999999996
 30
0.0
 40
65.0
  1
Хозмойка 450 в тумбе F78
  7
GOST
 11
13771.725146198829
 21
13181.999999999996
 31
0.0
100
AcDbText
  0
LWPOLYLINE
  5
441
330
17
100
AcDbEntity
  8
TEXT
 62
7
370
15
100
AcDbPolyline
 90
2
 70
0
 10
15812.719298245614
 20
13296.999999999996
 10
15812.719298245614
 20
13131.999999999996
  0
TEXT
  5
442
330
17
100
AcDbEntity
  8
TEXT
 62
7
100
AcDbText
 10
15852.719298245614
 20
13181.999999999996
 30
0.0
 40
65.0
  1
Т3
  7
GOST
 11
15852.719298245614
 21
13181.999999999996
 31
0.0
100
AcDbText
  0
LWPOLYLINE
  5
443
330
17
100
AcDbEntity
  8
TEXT
 62
7
370
15
100
AcDbPolyline
 90
2
 70
0
 10
16191.081871345028
 20
13296.999999999996
 10
16191.081871345028
 20
13131.999999999996
  0
TEXT
  5
444
330
17
100
AcDbEntity
  8
TEXT
 62
7
100
AcDbText
 10
16231.081871345028
 20
13181.999999999996
 30
0.0
 40
65.0
  1
½"
  7
GOST
 11
16231.081871345028
 21
13181.999999999996
 31
0.0
100
AcDbText
  0
LWPOLYLINE
  5
445
330
17
100
AcDbEntity
  8
TEXT
 62
7
370
15
100
AcDbPolyline
 90
2
 70
0
 10
16805.921052631576
 20
13296.999999999996
 10
16805.921052631576
 20
13131.999999999996
  0
TEXT
  5
446
330
17
100
AcDbEntity
  8
TEXT
 62
7
100
AcDbText
 10
16845.92105263158
 20
13181.999999999996
 30
0.0
 40
65.0
  1
500
  7
GOST
 11
16845.92105263158
 21
13181.999999999996
 31
0.0
100
AcDbText
  0
LWPOLYLINE
  5
447
330
17
100
AcDbEntity
  8
TEXT
 62
7
370
15
100
AcDbPolyline
 90
2
 70
0
 10
17231.57894736842
 20
13296.999999999996
 10
17231.57894736842
 20
13131.999999999996
  0
TEXT
  5
448
330
17
100
AcDbEntity
  8
TEXT
 62
7
100
AcDbText
 10
17271.57894736842
 20
13181.999999999996
 30
0.0
 40
65.0
  1
500
  7
GOST
 11
17271.57894736842
 21
13181.999999999996
 31
0.0
100
AcDbText
  0
LWPOLYLINE
  5
449
330
17
100
AcDbEntity
  8
TEXT
 62
7
370
15
100
AcDbPolyline
 90
2
 70
0
 10
17657.23684210526
 20
13296.999999999996
 10
17657.23684210526
 20
13131.999999999996
  0
TEXT
  5
44A
330
17
100
AcDbEntity
  8
TEXT
 62
7
100
AcDbText
 10
17697.23684210526
 20
13181.999999999996
 30
0.0
 40
65.0
  1
305 от W10; 350 от W3
  7
GOST
 11
17697.23684210526
 21
13181.999999999996
 31
0.0
100
AcDbText
  0
LWPOLYLINE
  5
44B
330
17
100
AcDbEntity
  8
TEXT
 62
7
370
15
100
AcDbPolyline
 90
2
 70
0
 10
18981.505847953213
 20
13296.999999999996
 10
18981.505847953213
 20
13131.999999999996
  0
LWPOLYLINE
  5
44C
330
17
100
AcDbEntity
  8
TEXT
 62
7
370
15
100
AcDbPolyline
 90
2
 70
0
 10
21062.499999999996
 20
13296.999999999996
 10
21062.499999999996
 20
13131.999999999996
  0
LWPOLYLINE
  5
44D
330
17
100
AcDbEntity
  8
TEXT
 62
7
370
15
100
AcDbPolyline
 90
4
 70
1
 10
12975.0
 20
12966.999999999996
 10
21062.5
 20
12966.999999999996
 10
21062.5
 20
13131.999999999996
 10
12975.0
 20
13131.999999999996
  0
LWPOLYLINE
  5
44E
330
17
100
AcDbEntity
  8
TEXT
 62
7
370
15
100
AcDbPolyline
 90
2
 70
0
 10
12975.0
 20
13131.999999999996
 10
12975.0
 20
12966.999999999996
  0
TEXT
  5
44F
330
17
100
AcDbEntity
  8
TEXT
 62
7
100
AcDbText
 10
13015.0
 20
13016.999999999996
 30
0.0
 40
65.0
  1
P09
  7
GOST
 11
13015.0
 21
13016.999999999996
 31
0.0
100
AcDbText
  0
LWPOLYLINE
  5
450
330
17
100
AcDbEntity
  8
TEXT
 62
7
370
15
100
AcDbPolyline
 90
2
 70
0
 10
13400.657894736842
 20
13131.999999999996
 10
13400.657894736842
 20
12966.999999999996
  0
TEXT
  5
451
330
17
100
AcDbEntity
  8
TEXT
 62
7
100
AcDbText
 10
13440.657894736842
 20
13016.999999999996
 30
0.0
 40
65.0
  1
R6
  7
GOST
 11
13440.657894736842
 21
13016.999999999996
 31
0.0
100
AcDbText
  0
LWPOLYLINE
  5
452
330
17
100
AcDbEntity
  8
TEXT
 62
7
370
15
100
AcDbPolyline
 90
2
 70
0
 10
13731.725146198829
 20
13131.999999999996
 10
13731.725146198829
 20
12966.999999999996
  0
TEXT
  5
453
330
17
100
AcDbEntity
  8
TEXT
 62
7
100
AcDbText
 10
13771.725146198829
 20
13016.999999999996
 30
0.0
 40
65.0
  1
Хозмойка 450 в тумбе F78
  7
GOST
 11
13771.725146198829
 21
13016.999999999996
 31
0.0
100
AcDbText
  0
LWPOLYLINE
  5
454
330
17
100
AcDbEntity
  8
TEXT
 62
7
370
15
100
AcDbPolyline
 90
2
 70
0
 10
15812.719298245614
 20
13131.999999999996
 10
15812.719298245614
 20
12966.999999999996
  0
TEXT
  5
455
330
17
100
AcDbEntity
  8
TEXT
 62
7
100
AcDbText
 10
15852.719298245614
 20
13016.999999999996
 30
0.0
 40
65.0
  1
К1
  7
GOST
 11
15852.719298245614
 21
13016.999999999996
 31
0.0
100
AcDbText
  0
LWPOLYLINE
  5
456
330
17
100
AcDbEntity
  8
TEXT
 62
7
370
15
100
AcDbPolyline
 90
2
 70
0
 10
16191.081871345028
 20
13131.999999999996
 10
16191.081871345028
 20
12966.999999999996
  0
TEXT
  5
457
330
17
100
AcDbEntity
  8
TEXT
 62
7
100
AcDbText
 10
16231.081871345028
 20
13016.999999999996
 30
0.0
 40
65.0
  1
50
  7
GOST
 11
16231.081871345028
 21
13016.999999999996
 31
0.0
100
AcDbText
  0
LWPOLYLINE
  5
458
330
17
100
AcDbEntity
  8
TEXT
 62
7
370
15
100
AcDbPolyline
 90
2
 70
0
 10
16805.921052631576
 20
13131.999999999996
 10
16805.921052631576
 20
12966.999999999996
  0
TEXT
  5
459
330
17
100
AcDbEntity
  8
TEXT
 62
7
100
AcDbText
 10
16845.92105263158
 20
13016.999999999996
 30
0.0
 40
65.0
  1
450
  7
GOST
 11
16845.92105263158
 21
13016.999999999996
 31
0.0
100
AcDbText
  0
LWPOLYLINE
  5
45A
330
17
100
AcDbEntity
  8
TEXT
 62
7
370
15
100
AcDbPolyline
 90
2
 70
0
 10
17231.57894736842
 20
13131.999999999996
 10
17231.57894736842
 20
12966.999999999996
  0
TEXT
  5
45B
330
17
100
AcDbEntity
  8
TEXT
 62
7
100
AcDbText
 10
17271.57894736842
 20
13016.999999999996
 30
0.0
 40
65.0
  1
450
  7
GOST
 11
17271.57894736842
 21
13016.999999999996
 31
0.0
100
AcDbText
  0
LWPOLYLINE
  5
45C
330
17
100
AcDbEntity
  8
TEXT
 62
7
370
15
100
AcDbPolyline
 90
2
 70
0
 10
17657.23684210526
 20
13131.999999999996
 10
17657.23684210526
 20
12966.999999999996
  0
TEXT
  5
45D
330
17
100
AcDbEntity
  8
TEXT
 62
7
100
AcDbText
 10
17697.23684210526
 20
13016.999999999996
 30
0.0
 40
65.0
  1
305 от W10; 450 от W3
  7
GOST
 11
17697.23684210526
 21
13016.999999999996
 31
0.0
100
AcDbText
  0
LWPOLYLINE
  5
45E
330
17
100
AcDbEntity
  8
TEXT
 62
7
370
15
100
AcDbPolyline
 90
2
 70
0
 10
18981.505847953213
 20
13131.999999999996
 10
18981.505847953213
 20
12966.999999999996
  0
LWPOLYLINE
  5
45F
330
17
100
AcDbEntity
  8
TEXT
 62
7
370
15
100
AcDbPolyline
 90
2
 70
0
 10
21062.499999999996
 20
13131.999999999996
 10
21062.499999999996
 20
12966.999999999996
  0
LWPOLYLINE
  5
460
330
17
100
AcDbEntity
  8
TEXT
 62
7
370
15
100
AcDbPolyline
 90
4
 70
1
 10
12975.0
 20
12801.999999999995
 10
21062.5
 20
12801.999999999995
 10
21062.5
 20
12966.999999999996
 10
12975.0
 20
12966.999999999996
  0
LWPOLYLINE
  5
461
330
17
100
AcDbEntity
  8
TEXT
 62
7
370
15
100
AcDbPolyline
 90
2
 70
0
 10
12975.0
 20
12966.999999999996
 10
12975.0
 20
12801.999999999995
  0
TEXT
  5
462
330
17
100
AcDbEntity
  8
TEXT
 62
7
100
AcDbText
 10
13015.0
 20
12851.999999999995
 30
0.0
 40
65.0
  1
P10
  7
GOST
 11
13015.0
 21
12851.999999999995
 31
0.0
100
AcDbText
  0
LWPOLYLINE
  5
463
330
17
100
AcDbEntity
  8
TEXT
 62
7
370
15
100
AcDbPolyline
 90
2
 70
0
 10
13400.657894736842
 20
12966.999999999996
 10
13400.657894736842
 20
12801.999999999995
  0
TEXT
  5
464
330
17
100
AcDbEntity
  8
TEXT
 62
7
100
AcDbText
 10
13440.657894736842
 20
12851.999999999995
 30
0.0
 40
65.0
  1
R6
  7
GOST
 11
13440.657894736842
 21
12851.999999999995
 31
0.0
100
AcDbText
  0
LWPOLYLINE
  5
465
330
17
100
AcDbEntity
  8
TEXT
 62
7
370
15
100
AcDbPolyline
 90
2
 70
0
 10
13731.725146198829
 20
12966.999999999996
 10
13731.725146198829
 20
12801.999999999995
  0
TEXT
  5
466
330
17
100
AcDbEntity
  8
TEXT
 62
7
100
AcDbText
 10
13771.725146198829
 20
12851.999999999995
 30
0.0
 40
65.0
  1
Стиральная машина (низ колонны F80)
  7
GOST
 11
13771.725146198829
 21
12851.999999999995
 31
0.0
100
AcDbText
  0
LWPOLYLINE
  5
467
330
17
100
AcDbEntity
  8
TEXT
 62
7
370
15
100
AcDbPolyline
 90
2
 70
0
 10
15812.719298245614
 20
12966.999999999996
 10
15812.719298245614
 20
12801.999999999995
  0
TEXT
  5
468
330
17
100
AcDbEntity
  8
TEXT
 62
7
100
AcDbText
 10
15852.719298245614
 20
12851.999999999995
 30
0.0
 40
65.0
  1
В1
  7
GOST
 11
15852.719298245614
 21
12851.999999999995
 31
0.0
100
AcDbText
  0
LWPOLYLINE
  5
469
330
17
100
AcDbEntity
  8
TEXT
 62
7
370
15
100
AcDbPolyline
 90
2
 70
0
 10
16191.081871345028
 20
12966.999999999996
 10
16191.081871345028
 20
12801.999999999995
  0
TEXT
  5
46A
330
17
100
AcDbEntity
  8
TEXT
 62
7
100
AcDbText
 10
16231.081871345028
 20
12851.999999999995
 30
0.0
 40
65.0
  1
¾"
  7
GOST
 11
16231.081871345028
 21
12851.999999999995
 31
0.0
100
AcDbText
  0
LWPOLYLINE
  5
46B
330
17
100
AcDbEntity
  8
TEXT
 62
7
370
15
100
AcDbPolyline
 90
2
 70
0
 10
16805.921052631576
 20
12966.999999999996
 10
16805.921052631576
 20
12801.999999999995
  0
TEXT
  5
46C
330
17
100
AcDbEntity
  8
TEXT
 62
7
100
AcDbText
 10
16845.92105263158
 20
12851.999999999995
 30
0.0
 40
65.0
  1
600
  7
GOST
 11
16845.92105263158
 21
12851.999999999995
 31
0.0
100
AcDbText
  0
LWPOLYLINE
  5
46D
330
17
100
AcDbEntity
  8
TEXT
 62
7
370
15
100
AcDbPolyline
 90
2
 70
0
 10
17231.57894736842
 20
12966.999999999996
 10
17231.57894736842
 20
12801.999999999995
  0
TEXT
  5
46E
330
17
100
AcDbEntity
  8
TEXT
 62
7
100
AcDbText
 10
17271.57894736842
 20
12851.999999999995
 30
0.0
 40
65.0
  1
600
  7
GOST
 11
17271.57894736842
 21
12851.999999999995
 31
0.0
100
AcDbText
  0
LWPOLYLINE
  5
46F
330
17
100
AcDbEntity
  8
TEXT
 62
7
370
15
100
AcDbPolyline
 90
2
 70
0
 10
17657.23684210526
 20
12966.999999999996
 10
17657.23684210526
 20
12801.999999999995
  0
TEXT
  5
470
330
17
100
AcDbEntity
  8
TEXT
 62
7
100
AcDbText
 10
17697.23684210526
 20
12851.999999999995
 30
0.0
 40
65.0
  1
820 от W4; 0 от W3
  7
GOST
 11
17697.23684210526
 21
12851.999999999995
 31
0.0
100
AcDbText
  0
LWPOLYLINE
  5
471
330
17
100
AcDbEntity
  8
TEXT
 62
7
370
15
100
AcDbPolyline
 90
2
 70
0
 10
18981.505847953213
 20
12966.999999999996
 10
18981.505847953213
 20
12801.999999999995
  0
TEXT
  5
472
330
17
100
AcDbEntity
  8
TEXT
 62
7
100
AcDbText
 10
19021.505847953213
 20
12851.999999999995
 30
0.0
 40
65.0
  1
кран ¾" в карго F79
  7
GOST
 11
19021.505847953213
 21
12851.999999999995
 31
0.0
100
AcDbText
  0
LWPOLYLINE
  5
473
330
17
100
AcDbEntity
  8
TEXT
 62
7
370
15
100
AcDbPolyline
 90
2
 70
0
 10
21062.499999999996
 20
12966.999999999996
 10
21062.499999999996
 20
12801.999999999995
  0
LWPOLYLINE
  5
474
330
17
100
AcDbEntity
  8
TEXT
 62
7
370
15
100
AcDbPolyline
 90
4
 70
1
 10
12975.0
 20
12448.499999999996
 10
21062.5
 20
12448.499999999996
 10
21062.5
 20
12801.999999999995
 10
12975.0
 20
12801.999999999995
  0
LWPOLYLINE
  5
475
330
17
100
AcDbEntity
  8
TEXT
 62
7
370
15
100
AcDbPolyline
 90
2
 70
0
 10
12975.0
 20
12801.999999999995
 10
12975.0
 20
12448.499999999996
  0
TEXT
  5
476
330
17
100
AcDbEntity
  8
TEXT
 62
7
100
AcDbText
 10
13015.0
 20
12686.999999999995
 30
0.0
 40
65.0
  1
P10
  7
GOST
 11
13015.0
 21
12686.999999999995
 31
0.0
100
AcDbText
  0
LWPOLYLINE
  5
477
330
17
100
AcDbEntity
  8
TEXT
 62
7
370
15
100
AcDbPolyline
 90
2
 70
0
 10
13400.657894736842
 20
12801.999999999995
 10
13400.657894736842
 20
12448.499999999996
  0
TEXT
  5
478
330
17
100
AcDbEntity
  8
TEXT
 62
7
100
AcDbText
 10
13440.657894736842
 20
12686.999999999995
 30
0.0
 40
65.0
  1
R6
  7
GOST
 11
13440.657894736842
 21
12686.999999999995
 31
0.0
100
AcDbText
  0
LWPOLYLINE
  5
479
330
17
100
AcDbEntity
  8
TEXT
 62
7
370
15
100
AcDbPolyline
 90
2
 70
0
 10
13731.725146198829
 20
12801.999999999995
 10
13731.725146198829
 20
12448.499999999996
  0
TEXT
  5
47A
330
17
100
AcDbEntity
  8
TEXT
 62
7
100
AcDbText
 10
13771.725146198829
 20
12686.999999999995
 30
0.0
 40
65.0
  1
Стиральная машина (низ колонны F80)
  7
GOST
 11
13771.725146198829
 21
12686.999999999995
 31
0.0
100
AcDbText
  0
LWPOLYLINE
  5
47B
330
17
100
AcDbEntity
  8
TEXT
 62
7
370
15
100
AcDbPolyline
 90
2
 70
0
 10
15812.719298245614
 20
12801.999999999995
 10
15812.719298245614
 20
12448.499999999996
  0
TEXT
  5
47C
330
17
100
AcDbEntity
  8
TEXT
 62
7
100
AcDbText
 10
15852.719298245614
 20
12686.999999999995
 30
0.0
 40
65.0
  1
К1
  7
GOST
 11
15852.719298245614
 21
12686.999999999995
 31
0.0
100
AcDbText
  0
LWPOLYLINE
  5
47D
330
17
100
AcDbEntity
  8
TEXT
 62
7
370
15
100
AcDbPolyline
 90
2
 70
0
 10
16191.081871345028
 20
12801.999999999995
 10
16191.081871345028
 20
12448.499999999996
  0
TEXT
  5
47E
330
17
100
AcDbEntity
  8
TEXT
 62
7
100
AcDbText
 10
16231.081871345028
 20
12686.999999999995
 30
0.0
 40
65.0
  1
50
  7
GOST
 11
16231.081871345028
 21
12686.999999999995
 31
0.0
100
AcDbText
  0
LWPOLYLINE
  5
47F
330
17
100
AcDbEntity
  8
TEXT
 62
7
370
15
100
AcDbPolyline
 90
2
 70
0
 10
16805.921052631576
 20
12801.999999999995
 10
16805.921052631576
 20
12448.499999999996
  0
TEXT
  5
480
330
17
100
AcDbEntity
  8
TEXT
 62
7
100
AcDbText
 10
16845.92105263158
 20
12686.999999999995
 30
0.0
 40
65.0
  1
600
  7
GOST
 11
16845.92105263158
 21
12686.999999999995
 31
0.0
100
AcDbText
  0
LWPOLYLINE
  5
481
330
17
100
AcDbEntity
  8
TEXT
 62
7
370
15
100
AcDbPolyline
 90
2
 70
0
 10
17231.57894736842
 20
12801.999999999995
 10
17231.57894736842
 20
12448.499999999996
  0
TEXT
  5
482
330
17
100
AcDbEntity
  8
TEXT
 62
7
100
AcDbText
 10
17271.57894736842
 20
12686.999999999995
 30
0.0
 40
65.0
  1
600
  7
GOST
 11
17271.57894736842
 21
12686.999999999995
 31
0.0
100
AcDbText
  0
LWPOLYLINE
  5
483
330
17
100
AcDbEntity
  8
TEXT
 62
7
370
15
100
AcDbPolyline
 90
2
 70
0
 10
17657.23684210526
 20
12801.999999999995
 10
17657.23684210526
 20
12448.499999999996
  0
TEXT
  5
484
330
17
100
AcDbEntity
  8
TEXT
 62
7
100
AcDbText
 10
17697.23684210526
 20
12686.999999999995
 30
0.0
 40
65.0
  1
740 от W4; 0 от W3
  7
GOST
 11
17697.23684210526
 21
12686.999999999995
 31
0.0
100
AcDbText
  0
LWPOLYLINE
  5
485
330
17
100
AcDbEntity
  8
TEXT
 62
7
370
15
100
AcDbPolyline
 90
2
 70
0
 10
18981.505847953213
 20
12801.999999999995
 10
18981.505847953213
 20
12448.499999999996
  0
TEXT
  5
486
330
17
100
AcDbEntity
  8
TEXT
 62
7
100
AcDbText
 10
19021.505847953213
 20
12686.999999999995
 30
0.0
 40
65.0
  1
встроенный сифон СМА с обратным
  7
GOST
 11
19021.505847953213
 21
12686.999999999995
 31
0.0
100
AcDbText
  0
TEXT
  5
487
330
17
100
AcDbEntity
  8
TEXT
 62
7
100
AcDbText
 10
19021.505847953213
 20
12592.749999999995
 30
0.0
 40
65.0
  1
клапаном и 2-м штуцером (конденсат
  7
GOST
 11
19021.505847953213
 21
12592.749999999995
 31
0.0
100
AcDbText
  0
TEXT
  5
488
330
17
100
AcDbEntity
  8
TEXT
 62
7
100
AcDbText
 10
19021.505847953213
 20
12498.499999999996
 30
0.0
 40
65.0
  1
сушильной), …
  7
GOST
 11
19021.505847953213
 21
12498.499999999996
 31
0.0
100
AcDbText
  0
LWPOLYLINE
  5
489
330
17
100
AcDbEntity
  8
TEXT
 62
7
370
15
100
AcDbPolyline
 90
2
 70
0
 10
21062.499999999996
 20
12801.999999999995
 10
21062.499999999996
 20
12448.499999999996
  0
LWPOLYLINE
  5
48A
330
17
100
AcDbEntity
  8
TEXT
 62
7
370
15
100
AcDbPolyline
 90
4
 70
1
 10
12975.0
 20
12094.999999999996
 10
21062.5
 20
12094.999999999996
 10
21062.5
 20
12448.499999999996
 10
12975.0
 20
12448.499999999996
  0
LWPOLYLINE
  5
48B
330
17
100
AcDbEntity
  8
TEXT
 62
7
370
15
100
AcDbPolyline
 90
2
 70
0
 10
12975.0
 20
12448.499999999996
 10
12975.0
 20
12094.999999999996
  0
TEXT
  5
48C
330
17
100
AcDbEntity
  8
TEXT
 62
7
100
AcDbText
 10
13015.0
 20
12333.499999999995
 30
0.0
 40
65.0
  1
P11
  7
GOST
 11
13015.0
 21
12333.499999999995
 31
0.0
100
AcDbText
  0
LWPOLYLINE
  5
48D
330
17
100
AcDbEntity
  8
TEXT
 62
7
370
15
100
AcDbPolyline
 90
2
 70
0
 10
13400.657894736842
 20
12448.499999999996
 10
13400.657894736842
 20
12094.999999999996
  0
TEXT
  5
48E
330
17
100
AcDbEntity
  8
TEXT
 62
7
100
AcDbText
 10
13440.657894736842
 20
12333.499999999995
 30
0.0
 40
65.0
  1
R6
  7
GOST
 11
13440.657894736842
 21
12333.499999999995
 31
0.0
100
AcDbText
  0
LWPOLYLINE
  5
48F
330
17
100
AcDbEntity
  8
TEXT
 62
7
370
15
100
AcDbPolyline
 90
2
 70
0
 10
13731.725146198829
 20
12448.499999999996
 10
13731.725146198829
 20
12094.999999999996
  0
TEXT
  5
490
330
17
100
AcDbEntity
  8
TEXT
 62
7
100
AcDbText
 10
13771.725146198829
 20
12333.499999999995
 30
0.0
 40
65.0
  1
Сушильная машина с тепловым насосом
  7
GOST
 11
13771.725146198829
 21
12333.499999999995
 31
0.0
100
AcDbText
  0
TEXT
  5
491
330
17
100
AcDbEntity
  8
TEXT
 62
7
100
AcDbText
 10
13771.725146198829
 20
12239.249999999996
 30
0.0
 40
65.0
  1
(верх колонны)
  7
GOST
 11
13771.725146198829
 21
12239.249999999996
 31
0.0
100
AcDbText
  0
LWPOLYLINE
  5
492
330
17
100
AcDbEntity
  8
TEXT
 62
7
370
15
100
AcDbPolyline
 90
2
 70
0
 10
15812.719298245614
 20
12448.499999999996
 10
15812.719298245614
 20
12094.999999999996
  0
TEXT
  5
493
330
17
100
AcDbEntity
  8
TEXT
 62
7
100
AcDbText
 10
15852.719298245614
 20
12333.499999999995
 30
0.0
 40
65.0
  1
К1
  7
GOST
 11
15852.719298245614
 21
12333.499999999995
 31
0.0
100
AcDbText
  0
LWPOLYLINE
  5
494
330
17
100
AcDbEntity
  8
TEXT
 62
7
370
15
100
AcDbPolyline
 90
2
 70
0
 10
16191.081871345028
 20
12448.499999999996
 10
16191.081871345028
 20
12094.999999999996
  0
TEXT
  5
495
330
17
100
AcDbEntity
  8
TEXT
 62
7
100
AcDbText
 10
16231.081871345028
 20
12333.499999999995
 30
0.0
 40
65.0
  1
шланг
  7
GOST
 11
16231.081871345028
 21
12333.499999999995
 31
0.0
100
AcDbText
  0
TEXT
  5
496
330
17
100
AcDbEntity
  8
TEXT
 62
7
100
AcDbText
 10
16231.081871345028
 20
12239.249999999996
 30
0.0
 40
65.0
  1
конденсата
  7
GOST
 11
16231.081871345028
 21
12239.249999999996
 31
0.0
100
AcDbText
  0
TEXT
  5
497
330
17
100
AcDbEntity
  8
TEXT
 62
7
100
AcDbText
 10
16231.081871345028
 20
12144.999999999996
 30
0.0
 40
65.0
  1
Ø10–12 в…
  7
GOST
 11
16231.081871345028
 21
12144.999999999996
 31
0.0
100
AcDbText
  0
LWPOLYLINE
  5
498
330
17
100
AcDbEntity
  8
TEXT
 62
7
370
15
100
AcDbPolyline
 90
2
 70
0
 10
16805.921052631576
 20
12448.499999999996
 10
16805.921052631576
 20
12094.999999999996
  0
TEXT
  5
499
330
17
100
AcDbEntity
  8
TEXT
 62
7
100
AcDbText
 10
16845.92105263158
 20
12333.499999999995
 30
0.0
 40
65.0
  1
600
  7
GOST
 11
16845.92105263158
 21
12333.499999999995
 31
0.0
100
AcDbText
  0
LWPOLYLINE
  5
49A
330
17
100
AcDbEntity
  8
TEXT
 62
7
370
15
100
AcDbPolyline
 90
2
 70
0
 10
17231.57894736842
 20
12448.499999999996
 10
17231.57894736842
 20
12094.999999999996
  0
TEXT
  5
49B
330
17
100
AcDbEntity
  8
TEXT
 62
7
100
AcDbText
 10
17271.57894736842
 20
12333.499999999995
 30
0.0
 40
65.0
  1
600
  7
GOST
 11
17271.57894736842
 21
12333.499999999995
 31
0.0
100
AcDbText
  0
LWPOLYLINE
  5
49C
330
17
100
AcDbEntity
  8
TEXT
 62
7
370
15
100
AcDbPolyline
 90
2
 70
0
 10
17657.23684210526
 20
12448.499999999996
 10
17657.23684210526
 20
12094.999999999996
  0
TEXT
  5
49D
330
17
100
AcDbEntity
  8
TEXT
 62
7
100
AcDbText
 10
17697.23684210526
 20
12333.499999999995
 30
0.0
 40
65.0
  1
740 от W4; 0 от W3
  7
GOST
 11
17697.23684210526
 21
12333.499999999995
 31
0.0
100
AcDbText
  0
LWPOLYLINE
  5
49E
330
17
100
AcDbEntity
  8
TEXT
 62
7
370
15
100
AcDbPolyline
 90
2
 70
0
 10
18981.505847953213
 20
12448.499999999996
 10
18981.505847953213
 20
12094.999999999996
  0
LWPOLYLINE
  5
49F
330
17
100
AcDbEntity
  8
TEXT
 62
7
370
15
100
AcDbPolyline
 90
2
 70
0
 10
21062.499999999996
 20
12448.499999999996
 10
21062.499999999996
 20
12094.999999999996
  0
LWPOLYLINE
  5
4A0
330
17
100
AcDbEntity
  8
TEXT
 62
7
370
15
100
AcDbPolyline
 90
4
 70
1
 10
12975.0
 20
11835.749999999996
 10
21062.5
 20
11835.749999999996
 10
21062.5
 20
12094.999999999996
 10
12975.0
 20
12094.999999999996
  0
LWPOLYLINE
  5
4A1
330
17
100
AcDbEntity
  8
TEXT
 62
7
370
15
100
AcDbPolyline
 90
2
 70
0
 10
12975.0
 20
12094.999999999996
 10
12975.0
 20
11835.749999999996
  0
TEXT
  5
4A2
330
17
100
AcDbEntity
  8
TEXT
 62
7
100
AcDbText
 10
13015.0
 20
11979.999999999996
 30
0.0
 40
65.0
  1
P12
  7
GOST
 11
13015.0
 21
11979.999999999996
 31
0.0
100
AcDbText
  0
LWPOLYLINE
  5
4A3
330
17
100
AcDbEntity
  8
TEXT
 62
7
370
15
100
AcDbPolyline
 90
2
 70
0
 10
13400.657894736842
 20
12094.999999999996
 10
13400.657894736842
 20
11835.749999999996
  0
TEXT
  5
4A4
330
17
100
AcDbEntity
  8
TEXT
 62
7
100
AcDbText
 10
13440.657894736842
 20
11979.999999999996
 30
0.0
 40
65.0
  1
R6
  7
GOST
 11
13440.657894736842
 21
11979.999999999996
 31
0.0
100
AcDbText
  0
LWPOLYLINE
  5
4A5
330
17
100
AcDbEntity
  8
TEXT
 62
7
370
15
100
AcDbPolyline
 90
2
 70
0
 10
13731.725146198829
 20
12094.999999999996
 10
13731.725146198829
 20
11835.749999999996
  0
TEXT
  5
4A6
330
17
100
AcDbEntity
  8
TEXT
 62
7
100
AcDbText
 10
13771.725146198829
 20
11979.999999999996
 30
0.0
 40
65.0
  1
Бывший WC постирочной —
  7
GOST
 11
13771.725146198829
 21
11979.999999999996
 31
0.0
100
AcDbText
  0
TEXT
  5
4A7
330
17
100
AcDbEntity
  8
TEXT
 62
7
100
AcDbText
 10
13771.725146198829
 20
11885.749999999996
 30
0.0
 40
65.0
  1
демонтирован (D7)
  7
GOST
 11
13771.725146198829
 21
11885.749999999996
 31
0.0
100
AcDbText
  0
LWPOLYLINE
  5
4A8
330
17
100
AcDbEntity
  8
TEXT
 62
7
370
15
100
AcDbPolyline
 90
2
 70
0
 10
15812.719298245614
 20
12094.999999999996
 10
15812.719298245614
 20
11835.749999999996
  0
TEXT
  5
4A9
330
17
100
AcDbEntity
  8
TEXT
 62
7
100
AcDbText
 10
15852.719298245614
 20
11979.999999999996
 30
0.0
 40
65.0
  1
В1
  7
GOST
 11
15852.719298245614
 21
11979.999999999996
 31
0.0
100
AcDbText
  0
LWPOLYLINE
  5
4AA
330
17
100
AcDbEntity
  8
TEXT
 62
7
370
15
100
AcDbPolyline
 90
2
 70
0
 10
16191.081871345028
 20
12094.999999999996
 10
16191.081871345028
 20
11835.749999999996
  0
TEXT
  5
4AB
330
17
100
AcDbEntity
  8
TEXT
 62
7
100
AcDbText
 10
16231.081871345028
 20
11979.999999999996
 30
0.0
 40
65.0
  1
заглушка
  7
GOST
 11
16231.081871345028
 21
11979.999999999996
 31
0.0
100
AcDbText
  0
LWPOLYLINE
  5
4AC
330
17
100
AcDbEntity
  8
TEXT
 62
7
370
15
100
AcDbPolyline
 90
2
 70
0
 10
16805.921052631576
 20
12094.999999999996
 10
16805.921052631576
 20
11835.749999999996
  0
LWPOLYLINE
  5
4AD
330
17
100
AcDbEntity
  8
TEXT
 62
7
370
15
100
AcDbPolyline
 90
2
 70
0
 10
17231.57894736842
 20
12094.999999999996
 10
17231.57894736842
 20
11835.749999999996
  0
LWPOLYLINE
  5
4AE
330
17
100
AcDbEntity
  8
TEXT
 62
7
370
15
100
AcDbPolyline
 90
2
 70
0
 10
17657.23684210526
 20
12094.999999999996
 10
17657.23684210526
 20
11835.749999999996
  0
TEXT
  5
4AF
330
17
100
AcDbEntity
  8
TEXT
 62
7
100
AcDbText
 10
17697.23684210526
 20
11979.999999999996
 30
0.0
 40
65.0
  1
190 от W10; 500 от W3
  7
GOST
 11
17697.23684210526
 21
11979.999999999996
 31
0.0
100
AcDbText
  0
LWPOLYLINE
  5
4B0
330
17
100
AcDbEntity
  8
TEXT
 62
7
370
15
100
AcDbPolyline
 90
2
 70
0
 10
18981.505847953213
 20
12094.999999999996
 10
18981.505847953213
 20
11835.749999999996
  0
TEXT
  5
4B1
330
17
100
AcDbEntity
  8
TEXT
 62
7
100
AcDbText
 10
19021.505847953213
 20
11979.999999999996
 30
0.0
 40
65.0
  1
выход коллектора N2 под WC — заглушка
  7
GOST
 11
19021.505847953213
 21
11979.999999999996
 31
0.0
100
AcDbText
  0
TEXT
  5
4B2
330
17
100
AcDbEntity
  8
TEXT
 62
7
100
AcDbText
 10
19021.505847953213
 20
11885.749999999996
 30
0.0
 40
65.0
  1
за краном (не тупик у прибора)
  7
GOST
 11
19021.505847953213
 21
11885.749999999996
 31
0.0
100
AcDbText
  0
LWPOLYLINE
  5
4B3
330
17
100
AcDbEntity
  8
TEXT
 62
7
370
15
100
AcDbPolyline
 90
2
 70
0
 10
21062.499999999996
 20
12094.999999999996
 10
21062.499999999996
 20
11835.749999999996
  0
LWPOLYLINE
  5
4B4
330
17
100
AcDbEntity
  8
TEXT
 62
7
370
15
100
AcDbPolyline
 90
4
 70
1
 10
12975.0
 20
11482.249999999996
 10
21062.5
 20
11482.249999999996
 10
21062.5
 20
11835.749999999996
 10
12975.0
 20
11835.749999999996
  0
LWPOLYLINE
  5
4B5
330
17
100
AcDbEntity
  8
TEXT
 62
7
370
15
100
AcDbPolyline
 90
2
 70
0
 10
12975.0
 20
11835.749999999996
 10
12975.0
 20
11482.249999999996
  0
TEXT
  5
4B6
330
17
100
AcDbEntity
  8
TEXT
 62
7
100
AcDbText
 10
13015.0
 20
11720.749999999995
 30
0.0
 40
65.0
  1
P12
  7
GOST
 11
13015.0
 21
11720.749999999995
 31
0.0
100
AcDbText
  0
LWPOLYLINE
  5
4B7
330
17
100
AcDbEntity
  8
TEXT
 62
7
370
15
100
AcDbPolyline
 90
2
 70
0
 10
13400.657894736842
 20
11835.749999999996
 10
13400.657894736842
 20
11482.249999999996
  0
TEXT
  5
4B8
330
17
100
AcDbEntity
  8
TEXT
 62
7
100
AcDbText
 10
13440.657894736842
 20
11720.749999999995
 30
0.0
 40
65.0
  1
R6
  7
GOST
 11
13440.657894736842
 21
11720.749999999995
 31
0.0
100
AcDbText
  0
LWPOLYLINE
  5
4B9
330
17
100
AcDbEntity
  8
TEXT
 62
7
370
15
100
AcDbPolyline
 90
2
 70
0
 10
13731.725146198829
 20
11835.749999999996
 10
13731.725146198829
 20
11482.249999999996
  0
TEXT
  5
4BA
330
17
100
AcDbEntity
  8
TEXT
 62
7
100
AcDbText
 10
13771.725146198829
 20
11720.749999999995
 30
0.0
 40
65.0
  1
Бывший WC постирочной —
  7
GOST
 11
13771.725146198829
 21
11720.749999999995
 31
0.0
100
AcDbText
  0
TEXT
  5
4BB
330
17
100
AcDbEntity
  8
TEXT
 62
7
100
AcDbText
 10
13771.725146198829
 20
11626.499999999996
 30
0.0
 40
65.0
  1
демонтирован (D7)
  7
GOST
 11
13771.725146198829
 21
11626.499999999996
 31
0.0
100
AcDbText
  0
LWPOLYLINE
  5
4BC
330
17
100
AcDbEntity
  8
TEXT
 62
7
370
15
100
AcDbPolyline
 90
2
 70
0
 10
15812.719298245614
 20
11835.749999999996
 10
15812.719298245614
 20
11482.249999999996
  0
TEXT
  5
4BD
330
17
100
AcDbEntity
  8
TEXT
 62
7
100
AcDbText
 10
15852.719298245614
 20
11720.749999999995
 30
0.0
 40
65.0
  1
К1
  7
GOST
 11
15852.719298245614
 21
11720.749999999995
 31
0.0
100
AcDbText
  0
LWPOLYLINE
  5
4BE
330
17
100
AcDbEntity
  8
TEXT
 62
7
370
15
100
AcDbPolyline
 90
2
 70
0
 10
16191.081871345028
 20
11835.749999999996
 10
16191.081871345028
 20
11482.249999999996
  0
TEXT
  5
4BF
330
17
100
AcDbEntity
  8
TEXT
 62
7
100
AcDbText
 10
16231.081871345028
 20
11720.749999999995
 30
0.0
 40
65.0
  1
110
  7
GOST
 11
16231.081871345028
 21
11720.749999999995
 31
0.0
100
AcDbText
  0
LWPOLYLINE
  5
4C0
330
17
100
AcDbEntity
  8
TEXT
 62
7
370
15
100
AcDbPolyline
 90
2
 70
0
 10
16805.921052631576
 20
11835.749999999996
 10
16805.921052631576
 20
11482.249999999996
  0
LWPOLYLINE
  5
4C1
330
17
100
AcDbEntity
  8
TEXT
 62
7
370
15
100
AcDbPolyline
 90
2
 70
0
 10
17231.57894736842
 20
11835.749999999996
 10
17231.57894736842
 20
11482.249999999996
  0
LWPOLYLINE
  5
4C2
330
17
100
AcDbEntity
  8
TEXT
 62
7
370
15
100
AcDbPolyline
 90
2
 70
0
 10
17657.23684210526
 20
11835.749999999996
 10
17657.23684210526
 20
11482.249999999996
  0
TEXT
  5
4C3
330
17
100
AcDbEntity
  8
TEXT
 62
7
100
AcDbText
 10
17697.23684210526
 20
11720.749999999995
 30
0.0
 40
65.0
  1
831 от W4; 0 от W3
  7
GOST
 11
17697.23684210526
 21
11720.749999999995
 31
0.0
100
AcDbText
  0
LWPOLYLINE
  5
4C4
330
17
100
AcDbEntity
  8
TEXT
 62
7
370
15
100
AcDbPolyline
 90
2
 70
0
 10
18981.505847953213
 20
11835.749999999996
 10
18981.505847953213
 20
11482.249999999996
  0
TEXT
  5
4C5
330
17
100
AcDbEntity
  8
TEXT
 62
7
100
AcDbText
 10
19021.505847953213
 20
11720.749999999995
 30
0.0
 40
65.0
  1
если выпуск Ø110 у W3 (x≈5079)
  7
GOST
 11
19021.505847953213
 21
11720.749999999995
 31
0.0
100
AcDbText
  0
TEXT
  5
4C6
330
17
100
AcDbEntity
  8
TEXT
 62
7
100
AcDbText
 10
19021.505847953213
 20
11626.499999999996
 30
0.0
 40
65.0
  1
существует — эксцентрический переход
  7
GOST
 11
19021.505847953213
 21
11626.499999999996
 31
0.0
100
AcDbText
  0
TEXT
  5
4C7
330
17
100
AcDbEntity
  8
TEXT
 62
7
100
AcDbText
 10
19021.505847953213
 20
11532.249999999996
 30
0.0
 40
65.0
  1
110/50 + тр…
  7
GOST
 11
19021.505847953213
 21
11532.249999999996
 31
0.0
100
AcDbText
  0
LWPOLYLINE
  5
4C8
330
17
100
AcDbEntity
  8
TEXT
 62
7
370
15
100
AcDbPolyline
 90
2
 70
0
 10
21062.499999999996
 20
11835.749999999996
 10
21062.499999999996
 20
11482.249999999996
  0
LWPOLYLINE
  5
4C9
330
17
100
AcDbEntity
  8
TEXT
 62
7
370
35
100
AcDbPolyline
 90
4
 70
1
 10
12975.0
 20
11482.249999999996
 10
21062.5
 20
11482.249999999996
 10
21062.5
 20
17940.0
 10
12975.0
 20
17940.0
  0
TEXT
  5
4CA
330
17
100
AcDbEntity
  8
TEXT
 62
7
100
AcDbText
 10
12975.0
 20
11127.25
 30
0.0
 40
125.0
  1
Люки и ревизии
  7
GOST
 11
12975.0
 21
11127.25
 31
0.0
100
AcDbText
  0
HATCH
  5
4CB
330
17
100
AcDbEntity
  8
TEXT
 62
7
420
15132390
100
AcDbHatch
 10
0.0
 20
0.0
 30
0.0
210
0.0
220
0.0
230
1.0
  2
SOLID
 70
1
 71
0
 91
1
 92
3
 72
0
 73
1
 93
4
 10
12975.0
 20
10842.250000000002
 10
18975.0
 20
10842.250000000002
 10
18975.0
 20
11047.250000000002
 10
12975.0
 20
11047.250000000002
 97
0
 75
1
 76
1
 98
0
  0
LWPOLYLINE
  5
4CC
330
17
100
AcDbEntity
  8
TEXT
 62
7
370
25
100
AcDbPolyline
 90
4
 70
1
 10
12975.0
 20
10842.250000000002
 10
18975.0
 20
10842.250000000002
 10
18975.0
 20
11047.250000000002
 10
12975.0
 20
11047.250000000002
  0
LWPOLYLINE
  5
4CD
330
17
100
AcDbEntity
  8
TEXT
 62
7
370
15
100
AcDbPolyline
 90
2
 70
0
 10
12975.0
 20
11047.250000000002
 10
12975.0
 20
10842.250000000002
  0
TEXT
  5
4CE
330
17
100
AcDbEntity
  8
TEXT
 62
7
100
AcDbText
 10
13015.0
 20
10932.25
 30
0.0
 40
65.0
  1
Люк
  7
GOST
 11
13015.0
 21
10932.25
 31
0.0
100
AcDbText
  0
LWPOLYLINE
  5
4CF
330
17
100
AcDbEntity
  8
TEXT
 62
7
370
15
100
AcDbPolyline
 90
2
 70
0
 10
13375.0
 20
11047.250000000002
 10
13375.0
 20
10842.250000000002
  0
TEXT
  5
4D0
330
17
100
AcDbEntity
  8
TEXT
 62
7
100
AcDbText
 10
13415.0
 20
10932.25
 30
0.0
 40
65.0
  1
Где
  7
GOST
 11
13415.0
 21
10932.25
 31
0.0
100
AcDbText
  0
LWPOLYLINE
  5
4D1
330
17
100
AcDbEntity
  8
TEXT
 62
7
370
15
100
AcDbPolyline
 90
2
 70
0
 10
15375.0
 20
11047.250000000002
 10
15375.0
 20
10842.250000000002
  0
TEXT
  5
4D2
330
17
100
AcDbEntity
  8
TEXT
 62
7
100
AcDbText
 10
15415.0
 20
10932.25
 30
0.0
 40
65.0
  1
Размер
  7
GOST
 11
15415.0
 21
10932.25
 31
0.0
100
AcDbText
  0
LWPOLYLINE
  5
4D3
330
17
100
AcDbEntity
  8
TEXT
 62
7
370
15
100
AcDbPolyline
 90
2
 70
0
 10
16075.0
 20
11047.250000000002
 10
16075.0
 20
10842.250000000002
  0
TEXT
  5
4D4
330
17
100
AcDbEntity
  8
TEXT
 62
7
100
AcDbText
 10
16115.0
 20
10932.25
 30
0.0
 40
65.0
  1
Отметки
  7
GOST
 11
16115.0
 21
10932.25
 31
0.0
100
AcDbText
  0
LWPOLYLINE
  5
4D5
330
17
100
AcDbEntity
  8
TEXT
 62
7
370
15
100
AcDbPolyline
 90
2
 70
0
 10
17075.0
 20
11047.250000000002
 10
17075.0
 20
10842.250000000002
  0
TEXT
  5
4D6
330
17
100
AcDbEntity
  8
TEXT
 62
7
100
AcDbText
 10
17115.0
 20
10932.25
 30
0.0
 40
65.0
  1
Доступ
  7
GOST
 11
17115.0
 21
10932.25
 31
0.0
100
AcDbText
  0
LWPOLYLINE
  5
4D7
330
17
100
AcDbEntity
  8
TEXT
 62
7
370
15
100
AcDbPolyline
 90
2
 70
0
 10
18975.0
 20
11047.250000000002
 10
18975.0
 20
10842.250000000002
  0
LWPOLYLINE
  5
4D8
330
17
100
AcDbEntity
  8
TEXT
 62
7
370
15
100
AcDbPolyline
 90
4
 70
1
 10
12975.0
 20
10488.750000000002
 10
18975.0
 20
10488.750000000002
 10
18975.0
 20
10842.250000000002
 10
12975.0
 20
10842.250000000002
  0
LWPOLYLINE
  5
4D9
330
17
100
AcDbEntity
  8
TEXT
 62
7
370
15
100
AcDbPolyline
 90
2
 70
0
 10
12975.0
 20
10842.250000000002
 10
12975.0
 20
10488.750000000002
  0
TEXT
  5
4DA
330
17
100
AcDbEntity
  8
TEXT
 62
7
100
AcDbText
 10
13015.0
 20
10727.25
 30
0.0
 40
65.0
  1
H1
  7
GOST
 11
13015.0
 21
10727.25
 31
0.0
100
AcDbText
  0
LWPOLYLINE
  5
4DB
330
17
100
AcDbEntity
  8
TEXT
 62
7
370
15
100
AcDbPolyline
 90
2
 70
0
 10
13375.0
 20
10842.250000000002
 10
13375.0
 20
10488.750000000002
  0
TEXT
  5
4DC
330
17
100
AcDbEntity
  8
TEXT
 62
7
100
AcDbText
 10
13415.0
 20
10727.25
 30
0.0
 40
65.0
  1
короб U10, грань x=6863, y 5530..5830
  7
GOST
 11
13415.0
 21
10727.25
 31
0.0
100
AcDbText
  0
LWPOLYLINE
  5
4DD
330
17
100
AcDbEntity
  8
TEXT
 62
7
370
15
100
AcDbPolyline
 90
2
 70
0
 10
15375.0
 20
10842.250000000002
 10
15375.0
 20
10488.750000000002
  0
TEXT
  5
4DE
330
17
100
AcDbEntity
  8
TEXT
 62
7
100
AcDbText
 10
15415.0
 20
10727.25
 30
0.0
 40
65.0
  1
300×600
  7
GOST
 11
15415.0
 21
10727.25
 31
0.0
100
AcDbText
  0
LWPOLYLINE
  5
4DF
330
17
100
AcDbEntity
  8
TEXT
 62
7
370
15
100
AcDbPolyline
 90
2
 70
0
 10
16075.0
 20
10842.250000000002
 10
16075.0
 20
10488.750000000002
  0
TEXT
  5
4E0
330
17
100
AcDbEntity
  8
TEXT
 62
7
100
AcDbText
 10
16115.0
 20
10727.25
 30
0.0
 40
65.0
  1
+500..+1100 от
  7
GOST
 11
16115.0
 21
10727.25
 31
0.0
100
AcDbText
  0
TEXT
  5
4E1
330
17
100
AcDbEntity
  8
TEXT
 62
7
100
AcDbText
 10
16115.0
 20
10633.000000000002
 30
0.0
 40
65.0
  1
пола ванной
  7
GOST
 11
16115.0
 21
10633.000000000002
 31
0.0
100
AcDbText
  0
LWPOLYLINE
  5
4E2
330
17
100
AcDbEntity
  8
TEXT
 62
7
370
15
100
AcDbPolyline
 90
2
 70
0
 10
17075.0
 20
10842.250000000002
 10
17075.0
 20
10488.750000000002
  0
TEXT
  5
4E3
330
17
100
AcDbEntity
  8
TEXT
 62
7
100
AcDbText
 10
17115.0
 20
10727.25
 30
0.0
 40
65.0
  1
узел N1: краны, фильтры-редукторы,
  7
GOST
 11
17115.0
 21
10727.25
 31
0.0
100
AcDbText
  0
TEXT
  5
4E4
330
17
100
AcDbEntity
  8
TEXT
 62
7
100
AcDbText
 10
17115.0
 20
10633.000000000002
 30
0.0
 40
65.0
  1
счётчики (показания), электрокраны,
  7
GOST
 11
17115.0
 21
10633.000000000002
 31
0.0
100
AcDbText
  0
TEXT
  5
4E5
330
17
100
AcDbEntity
  8
TEXT
 62
7
100
AcDbText
 10
17115.0
 20
10538.750000000002
 30
0.0
 40
65.0
  1
коллекторы
  7
GOST
 11
17115.0
 21
10538.750000000002
 31
0.0
100
AcDbText
  0
LWPOLYLINE
  5
4E6
330
17
100
AcDbEntity
  8
TEXT
 62
7
370
15
100
AcDbPolyline
 90
2
 70
0
 10
18975.0
 20
10842.250000000002
 10
18975.0
 20
10488.750000000002
  0
LWPOLYLINE
  5
4E7
330
17
100
AcDbEntity
  8
TEXT
 62
7
370
15
100
AcDbPolyline
 90
4
 70
1
 10
12975.0
 20
10041.000000000002
 10
18975.0
 20
10041.000000000002
 10
18975.0
 20
10488.750000000002
 10
12975.0
 20
10488.750000000002
  0
LWPOLYLINE
  5
4E8
330
17
100
AcDbEntity
  8
TEXT
 62
7
370
15
100
AcDbPolyline
 90
2
 70
0
 10
12975.0
 20
10488.750000000002
 10
12975.0
 20
10041.000000000002
  0
TEXT
  5
4E9
330
17
100
AcDbEntity
  8
TEXT
 62
7
100
AcDbText
 10
13015.0
 20
10373.750000000002
 30
0.0
 40
65.0
  1
H2
  7
GOST
 11
13015.0
 21
10373.750000000002
 31
0.0
100
AcDbText
  0
LWPOLYLINE
  5
4EA
330
17
100
AcDbEntity
  8
TEXT
 62
7
370
15
100
AcDbPolyline
 90
2
 70
0
 10
13375.0
 20
10488.750000000002
 10
13375.0
 20
10041.000000000002
  0
TEXT
  5
4EB
330
17
100
AcDbEntity
  8
TEXT
 62
7
100
AcDbText
 10
13415.0
 20
10373.750000000002
 30
0.0
 40
65.0
  1
короб U10, грань y=5516 (в душе) x
  7
GOST
 11
13415.0
 21
10373.750000000002
 31
0.0
100
AcDbText
  0
TEXT
  5
4EC
330
17
100
AcDbEntity
  8
TEXT
 62
7
100
AcDbText
 10
13415.0
 20
10279.500000000002
 30
0.0
 40
65.0
  1
7140..7440
  7
GOST
 11
13415.0
 21
10279.500000000002
 31
0.0
100
AcDbText
  0
LWPOLYLINE
  5
4ED
330
17
100
AcDbEntity
  8
TEXT
 62
7
370
15
100
AcDbPolyline
 90
2
 70
0
 10
15375.0
 20
10488.750000000002
 10
15375.0
 20
10041.000000000002
  0
TEXT
  5
4EE
330
17
100
AcDbEntity
  8
TEXT
 62
7
100
AcDbText
 10
15415.0
 20
10373.750000000002
 30
0.0
 40
65.0
  1
300×400
  7
GOST
 11
15415.0
 21
10373.750000000002
 31
0.0
100
AcDbText
  0
LWPOLYLINE
  5
4EF
330
17
100
AcDbEntity
  8
TEXT
 62
7
370
15
100
AcDbPolyline
 90
2
 70
0
 10
16075.0
 20
10488.750000000002
 10
16075.0
 20
10041.000000000002
  0
TEXT
  5
4F0
330
17
100
AcDbEntity
  8
TEXT
 62
7
100
AcDbText
 10
16115.0
 20
10373.750000000002
 30
0.0
 40
65.0
  1
по отметке
  7
GOST
 11
16115.0
 21
10373.750000000002
 31
0.0
100
AcDbText
  0
TEXT
  5
4F1
330
17
100
AcDbEntity
  8
TEXT
 62
7
100
AcDbText
 10
16115.0
 20
10279.500000000002
 30
0.0
 40
65.0
  1
ревизии стояка К1
  7
GOST
 11
16115.0
 21
10279.500000000002
 31
0.0
100
AcDbText
  0
TEXT
  5
4F2
330
17
100
AcDbEntity
  8
TEXT
 62
7
100
AcDbText
 10
16115.0
 20
10185.250000000002
 30
0.0
 40
65.0
  1
U6 (уточнить по
  7
GOST
 11
16115.0
 21
10185.250000000002
 31
0.0
100
AcDbText
  0
TEXT
  5
4F3
330
17
100
AcDbEntity
  8
TEXT
 62
7
100
AcDbText
 10
16115.0
 20
10091.000000000002
 30
0.0
 40
65.0
  1
факту)
  7
GOST
 11
16115.0
 21
10091.000000000002
 31
0.0
100
AcDbText
  0
LWPOLYLINE
  5
4F4
330
17
100
AcDbEntity
  8
TEXT
 62
7
370
15
100
AcDbPolyline
 90
2
 70
0
 10
17075.0
 20
10488.750000000002
 10
17075.0
 20
10041.000000000002
  0
TEXT
  5
4F5
330
17
100
AcDbEntity
  8
TEXT
 62
7
100
AcDbText
 10
17115.0
 20
10373.750000000002
 30
0.0
 40
65.0
  1
ревизия стояка К1 U6, тройник
  7
GOST
 11
17115.0
 21
10373.750000000002
 31
0.0
100
AcDbText
  0
LWPOLYLINE
  5
4F6
330
17
100
AcDbEntity
  8
TEXT
 62
7
370
15
100
AcDbPolyline
 90
2
 70
0
 10
18975.0
 20
10488.750000000002
 10
18975.0
 20
10041.000000000002
  0
LWPOLYLINE
  5
4F7
330
17
100
AcDbEntity
  8
TEXT
 62
7
370
15
100
AcDbPolyline
 90
4
 70
1
 10
12975.0
 20
9781.750000000002
 10
18975.0
 20
9781.750000000002
 10
18975.0
 20
10041.000000000002
 10
12975.0
 20
10041.000000000002
  0
LWPOLYLINE
  5
4F8
330
17
100
AcDbEntity
  8
TEXT
 62
7
370
15
100
AcDbPolyline
 90
2
 70
0
 10
12975.0
 20
10041.000000000002
 10
12975.0
 20
9781.750000000002
  0
TEXT
  5
4F9
330
17
100
AcDbEntity
  8
TEXT
 62
7
100
AcDbText
 10
13015.0
 20
9926.0
 30
0.0
 40
65.0
  1
H3
  7
GOST
 11
13015.0
 21
9926.0
 31
0.0
100
AcDbText
  0
LWPOLYLINE
  5
4FA
330
17
100
AcDbEntity
  8
TEXT
 62
7
370
15
100
AcDbPolyline
 90
2
 70
0
 10
13375.0
 20
10041.000000000002
 10
13375.0
 20
9781.750000000002
  0
TEXT
  5
4FB
330
17
100
AcDbEntity
  8
TEXT
 62
7
100
AcDbText
 10
13415.0
 20
9926.0
 30
0.0
 40
65.0
  1
короб U5, грань x=4475, y 360..660
  7
GOST
 11
13415.0
 21
9926.0
 31
0.0
100
AcDbText
  0
LWPOLYLINE
  5
4FC
330
17
100
AcDbEntity
  8
TEXT
 62
7
370
15
100
AcDbPolyline
 90
2
 70
0
 10
15375.0
 20
10041.000000000002
 10
15375.0
 20
9781.750000000002
  0
TEXT
  5
4FD
330
17
100
AcDbEntity
  8
TEXT
 62
7
100
AcDbText
 10
15415.0
 20
9926.0
 30
0.0
 40
65.0
  1
300×400
  7
GOST
 11
15415.0
 21
9926.0
 31
0.0
100
AcDbText
  0
LWPOLYLINE
  5
4FE
330
17
100
AcDbEntity
  8
TEXT
 62
7
370
15
100
AcDbPolyline
 90
2
 70
0
 10
16075.0
 20
10041.000000000002
 10
16075.0
 20
9781.750000000002
  0
TEXT
  5
4FF
330
17
100
AcDbEntity
  8
TEXT
 62
7
100
AcDbText
 10
16115.0
 20
9926.0
 30
0.0
 40
65.0
  1
+950..+1350
  7
GOST
 11
16115.0
 21
9926.0
 31
0.0
100
AcDbText
  0
LWPOLYLINE
  5
500
330
17
100
AcDbEntity
  8
TEXT
 62
7
370
15
100
AcDbPolyline
 90
2
 70
0
 10
17075.0
 20
10041.000000000002
 10
17075.0
 20
9781.750000000002
  0
TEXT
  5
501
330
17
100
AcDbEntity
  8
TEXT
 62
7
100
AcDbText
 10
17115.0
 20
9926.0
 30
0.0
 40
65.0
  1
узел N2, счётчики, электрокраны,
  7
GOST
 11
17115.0
 21
9926.0
 31
0.0
100
AcDbText
  0
TEXT
  5
502
330
17
100
AcDbEntity
  8
TEXT
 62
7
100
AcDbText
 10
17115.0
 20
9831.750000000002
 30
0.0
 40
65.0
  1
ревизия К1 U1
  7
GOST
 11
17115.0
 21
9831.750000000002
 31
0.0
100
AcDbText
  0
LWPOLYLINE
  5
503
330
17
100
AcDbEntity
  8
TEXT
 62
7
370
15
100
AcDbPolyline
 90
2
 70
0
 10
18975.0
 20
10041.000000000002
 10
18975.0
 20
9781.750000000002
  0
LWPOLYLINE
  5
504
330
17
100
AcDbEntity
  8
TEXT
 62
7
370
15
100
AcDbPolyline
 90
4
 70
1
 10
12975.0
 20
9522.5
 10
18975.0
 20
9522.5
 10
18975.0
 20
9781.750000000002
 10
12975.0
 20
9781.750000000002
  0
LWPOLYLINE
  5
505
330
17
100
AcDbEntity
  8
TEXT
 62
7
370
15
100
AcDbPolyline
 90
2
 70
0
 10
12975.0
 20
9781.750000000002
 10
12975.0
 20
9522.5
  0
TEXT
  5
506
330
17
100
AcDbEntity
  8
TEXT
 62
7
100
AcDbText
 10
13015.0
 20
9666.75
 30
0.0
 40
65.0
  1
H4
  7
GOST
 11
13015.0
 21
9666.75
 31
0.0
100
AcDbText
  0
LWPOLYLINE
  5
507
330
17
100
AcDbEntity
  8
TEXT
 62
7
370
15
100
AcDbPolyline
 90
2
 70
0
 10
13375.0
 20
9781.750000000002
 10
13375.0
 20
9522.5
  0
TEXT
  5
508
330
17
100
AcDbEntity
  8
TEXT
 62
7
100
AcDbText
 10
13415.0
 20
9666.75
 30
0.0
 40
65.0
  1
тумба хозмойки F78 — съёмная задняя
  7
GOST
 11
13415.0
 21
9666.75
 31
0.0
100
AcDbText
  0
TEXT
  5
509
330
17
100
AcDbEntity
  8
TEXT
 62
7
100
AcDbText
 10
13415.0
 20
9572.5
 30
0.0
 40
65.0
  1
стенка
  7
GOST
 11
13415.0
 21
9572.5
 31
0.0
100
AcDbText
  0
LWPOLYLINE
  5
50A
330
17
100
AcDbEntity
  8
TEXT
 62
7
370
15
100
AcDbPolyline
 90
2
 70
0
 10
15375.0
 20
9781.750000000002
 10
15375.0
 20
9522.5
  0
TEXT
  5
50B
330
17
100
AcDbEntity
  8
TEXT
 62
7
100
AcDbText
 10
15415.0
 20
9666.75
 30
0.0
 40
65.0
  1
≈ 400×700
  7
GOST
 11
15415.0
 21
9666.75
 31
0.0
100
AcDbText
  0
LWPOLYLINE
  5
50C
330
17
100
AcDbEntity
  8
TEXT
 62
7
370
15
100
AcDbPolyline
 90
2
 70
0
 10
16075.0
 20
9781.750000000002
 10
16075.0
 20
9522.5
  0
TEXT
  5
50D
330
17
100
AcDbEntity
  8
TEXT
 62
7
100
AcDbText
 10
16115.0
 20
9666.75
 30
0.0
 40
65.0
  1
0..+800
  7
GOST
 11
16115.0
 21
9666.75
 31
0.0
100
AcDbText
  0
LWPOLYLINE
  5
50E
330
17
100
AcDbEntity
  8
TEXT
 62
7
370
15
100
AcDbPolyline
 90
2
 70
0
 10
17075.0
 20
9781.750000000002
 10
17075.0
 20
9522.5
  0
TEXT
  5
50F
330
17
100
AcDbEntity
  8
TEXT
 62
7
100
AcDbText
 10
17115.0
 20
9666.75
 30
0.0
 40
65.0
  1
низ короба U5: тройник К1, переход
  7
GOST
 11
17115.0
 21
9666.75
 31
0.0
100
AcDbText
  0
TEXT
  5
510
330
17
100
AcDbEntity
  8
TEXT
 62
7
100
AcDbText
 10
17115.0
 20
9572.5
 30
0.0
 40
65.0
  1
110/50, коллектор (резервное место)
  7
GOST
 11
17115.0
 21
9572.5
 31
0.0
100
AcDbText
  0
LWPOLYLINE
  5
511
330
17
100
AcDbEntity
  8
TEXT
 62
7
370
15
100
AcDbPolyline
 90
2
 70
0
 10
18975.0
 20
9781.750000000002
 10
18975.0
 20
9522.5
  0
LWPOLYLINE
  5
512
330
17
100
AcDbEntity
  8
TEXT
 62
7
370
15
100
AcDbPolyline
 90
4
 70
1
 10
12975.0
 20
9263.25
 10
18975.0
 20
9263.25
 10
18975.0
 20
9522.5
 10
12975.0
 20
9522.5
  0
LWPOLYLINE
  5
513
330
17
100
AcDbEntity
  8
TEXT
 62
7
370
15
100
AcDbPolyline
 90
2
 70
0
 10
12975.0
 20
9522.5
 10
12975.0
 20
9263.25
  0
TEXT
  5
514
330
17
100
AcDbEntity
  8
TEXT
 62
7
100
AcDbText
 10
13015.0
 20
9407.5
 30
0.0
 40
65.0
  1
H5
  7
GOST
 11
13015.0
 21
9407.5
 31
0.0
100
AcDbText
  0
LWPOLYLINE
  5
515
330
17
100
AcDbEntity
  8
TEXT
 62
7
370
15
100
AcDbPolyline
 90
2
 70
0
 10
13375.0
 20
9522.5
 10
13375.0
 20
9263.25
  0
TEXT
  5
516
330
17
100
AcDbEntity
  8
TEXT
 62
7
100
AcDbText
 10
13415.0
 20
9407.5
 30
0.0
 40
65.0
  1
карго F79 — снятие корзин
  7
GOST
 11
13415.0
 21
9407.5
 31
0.0
100
AcDbText
  0
LWPOLYLINE
  5
517
330
17
100
AcDbEntity
  8
TEXT
 62
7
370
15
100
AcDbPolyline
 90
2
 70
0
 10
15375.0
 20
9522.5
 10
15375.0
 20
9263.25
  0
TEXT
  5
518
330
17
100
AcDbEntity
  8
TEXT
 62
7
100
AcDbText
 10
15415.0
 20
9407.5
 30
0.0
 40
65.0
  1
300×700
  7
GOST
 11
15415.0
 21
9407.5
 31
0.0
100
AcDbText
  0
LWPOLYLINE
  5
519
330
17
100
AcDbEntity
  8
TEXT
 62
7
370
15
100
AcDbPolyline
 90
2
 70
0
 10
16075.0
 20
9522.5
 10
16075.0
 20
9263.25
  0
TEXT
  5
51A
330
17
100
AcDbEntity
  8
TEXT
 62
7
100
AcDbText
 10
16115.0
 20
9407.5
 30
0.0
 40
65.0
  1
0..+800
  7
GOST
 11
16115.0
 21
9407.5
 31
0.0
100
AcDbText
  0
LWPOLYLINE
  5
51B
330
17
100
AcDbEntity
  8
TEXT
 62
7
370
15
100
AcDbPolyline
 90
2
 70
0
 10
17075.0
 20
9522.5
 10
17075.0
 20
9263.25
  0
TEXT
  5
51C
330
17
100
AcDbEntity
  8
TEXT
 62
7
100
AcDbText
 10
17115.0
 20
9407.5
 30
0.0
 40
65.0
  1
кран СМА, сифон СМА, переход
  7
GOST
 11
17115.0
 21
9407.5
 31
0.0
100
AcDbText
  0
TEXT
  5
51D
330
17
100
AcDbEntity
  8
TEXT
 62
7
100
AcDbText
 10
17115.0
 20
9313.25
 30
0.0
 40
65.0
  1
110/50 бывшего выпуска WC
  7
GOST
 11
17115.0
 21
9313.25
 31
0.0
100
AcDbText
  0
LWPOLYLINE
  5
51E
330
17
100
AcDbEntity
  8
TEXT
 62
7
370
15
100
AcDbPolyline
 90
2
 70
0
 10
18975.0
 20
9522.5
 10
18975.0
 20
9263.25
  0
LWPOLYLINE
  5
51F
330
17
100
AcDbEntity
  8
TEXT
 62
7
370
15
100
AcDbPolyline
 90
4
 70
1
 10
12975.0
 20
9004.0
 10
18975.0
 20
9004.0
 10
18975.0
 20
9263.25
 10
12975.0
 20
9263.25
  0
LWPOLYLINE
  5
520
330
17
100
AcDbEntity
  8
TEXT
 62
7
370
15
100
AcDbPolyline
 90
2
 70
0
 10
12975.0
 20
9263.25
 10
12975.0
 20
9004.0
  0
TEXT
  5
521
330
17
100
AcDbEntity
  8
TEXT
 62
7
100
AcDbText
 10
13015.0
 20
9148.25
 30
0.0
 40
65.0
  1
H6
  7
GOST
 11
13015.0
 21
9148.25
 31
0.0
100
AcDbText
  0
LWPOLYLINE
  5
522
330
17
100
AcDbEntity
  8
TEXT
 62
7
370
15
100
AcDbPolyline
 90
2
 70
0
 10
13375.0
 20
9263.25
 10
13375.0
 20
9004.0
  0
TEXT
  5
523
330
17
100
AcDbEntity
  8
TEXT
 62
7
100
AcDbText
 10
13415.0
 20
9148.25
 30
0.0
 40
65.0
  1
экран ванны у правого торца
  7
GOST
 11
13415.0
 21
9148.25
 31
0.0
100
AcDbText
  0
LWPOLYLINE
  5
524
330
17
100
AcDbEntity
  8
TEXT
 62
7
370
15
100
AcDbPolyline
 90
2
 70
0
 10
15375.0
 20
9263.25
 10
15375.0
 20
9004.0
  0
TEXT
  5
525
330
17
100
AcDbEntity
  8
TEXT
 62
7
100
AcDbText
 10
15415.0
 20
9148.25
 30
0.0
 40
65.0
  1
300×300
  7
GOST
 11
15415.0
 21
9148.25
 31
0.0
100
AcDbText
  0
LWPOLYLINE
  5
526
330
17
100
AcDbEntity
  8
TEXT
 62
7
370
15
100
AcDbPolyline
 90
2
 70
0
 10
16075.0
 20
9263.25
 10
16075.0
 20
9004.0
  0
TEXT
  5
527
330
17
100
AcDbEntity
  8
TEXT
 62
7
100
AcDbText
 10
16115.0
 20
9148.25
 30
0.0
 40
65.0
  1
0..+400
  7
GOST
 11
16115.0
 21
9148.25
 31
0.0
100
AcDbText
  0
LWPOLYLINE
  5
528
330
17
100
AcDbEntity
  8
TEXT
 62
7
370
15
100
AcDbPolyline
 90
2
 70
0
 10
17075.0
 20
9263.25
 10
17075.0
 20
9004.0
  0
TEXT
  5
529
330
17
100
AcDbEntity
  8
TEXT
 62
7
100
AcDbText
 10
17115.0
 20
9148.25
 30
0.0
 40
65.0
  1
сифон ванны, начало трассы S2,
  7
GOST
 11
17115.0
 21
9148.25
 31
0.0
100
AcDbText
  0
TEXT
  5
52A
330
17
100
AcDbEntity
  8
TEXT
 62
7
100
AcDbText
 10
17115.0
 20
9054.0
 30
0.0
 40
65.0
  1
датчик протечки
  7
GOST
 11
17115.0
 21
9054.0
 31
0.0
100
AcDbText
  0
LWPOLYLINE
  5
52B
330
17
100
AcDbEntity
  8
TEXT
 62
7
370
15
100
AcDbPolyline
 90
2
 70
0
 10
18975.0
 20
9263.25
 10
18975.0
 20
9004.0
  0
LWPOLYLINE
  5
52C
330
17
100
AcDbEntity
  8
TEXT
 62
7
370
15
100
AcDbPolyline
 90
4
 70
1
 10
12975.0
 20
8744.75
 10
18975.0
 20
8744.75
 10
18975.0
 20
9004.0
 10
12975.0
 20
9004.0
  0
LWPOLYLINE
  5
52D
330
17
100
AcDbEntity
  8
TEXT
 62
7
370
15
100
AcDbPolyline
 90
2
 70
0
 10
12975.0
 20
9004.0
 10
12975.0
 20
8744.75
  0
TEXT
  5
52E
330
17
100
AcDbEntity
  8
TEXT
 62
7
100
AcDbText
 10
13015.0
 20
8889.0
 30
0.0
 40
65.0
  1
H7
  7
GOST
 11
13015.0
 21
8889.0
 31
0.0
100
AcDbText
  0
LWPOLYLINE
  5
52F
330
17
100
AcDbEntity
  8
TEXT
 62
7
370
15
100
AcDbPolyline
 90
2
 70
0
 10
13375.0
 20
9004.0
 10
13375.0
 20
8744.75
  0
TEXT
  5
530
330
17
100
AcDbEntity
  8
TEXT
 62
7
100
AcDbText
 10
13415.0
 20
8889.0
 30
0.0
 40
65.0
  1
коллекторы водяного ТП U14 (съёмный
  7
GOST
 11
13415.0
 21
8889.0
 31
0.0
100
AcDbText
  0
TEXT
  5
531
330
17
100
AcDbEntity
  8
TEXT
 62
7
100
AcDbText
 10
13415.0
 20
8794.75
 30
0.0
 40
65.0
  1
цоколь тумбы F71) и U11 (фасады F88)
  7
GOST
 11
13415.0
 21
8794.75
 31
0.0
100
AcDbText
  0
LWPOLYLINE
  5
532
330
17
100
AcDbEntity
  8
TEXT
 62
7
370
15
100
AcDbPolyline
 90
2
 70
0
 10
15375.0
 20
9004.0
 10
15375.0
 20
8744.75
  0
TEXT
  5
533
330
17
100
AcDbEntity
  8
TEXT
 62
7
100
AcDbText
 10
15415.0
 20
8889.0
 30
0.0
 40
65.0
  1
—
  7
GOST
 11
15415.0
 21
8889.0
 31
0.0
100
AcDbText
  0
LWPOLYLINE
  5
534
330
17
100
AcDbEntity
  8
TEXT
 62
7
370
15
100
AcDbPolyline
 90
2
 70
0
 10
16075.0
 20
9004.0
 10
16075.0
 20
8744.75
  0
TEXT
  5
535
330
17
100
AcDbEntity
  8
TEXT
 62
7
100
AcDbText
 10
16115.0
 20
8889.0
 30
0.0
 40
65.0
  1
0..+400
  7
GOST
 11
16115.0
 21
8889.0
 31
0.0
100
AcDbText
  0
LWPOLYLINE
  5
536
330
17
100
AcDbEntity
  8
TEXT
 62
7
370
15
100
AcDbPolyline
 90
2
 70
0
 10
17075.0
 20
9004.0
 10
17075.0
 20
8744.75
  0
TEXT
  5
537
330
17
100
AcDbEntity
  8
TEXT
 62
7
100
AcDbText
 10
17115.0
 20
8889.0
 30
0.0
 40
65.0
  1
коллекторы водяного ТП
  7
GOST
 11
17115.0
 21
8889.0
 31
0.0
100
AcDbText
  0
TEXT
  5
538
330
17
100
AcDbEntity
  8
TEXT
 62
7
100
AcDbText
 10
17115.0
 20
8794.75
 30
0.0
 40
65.0
  1
застройщика
  7
GOST
 11
17115.0
 21
8794.75
 31
0.0
100
AcDbText
  0
LWPOLYLINE
  5
539
330
17
100
AcDbEntity
  8
TEXT
 62
7
370
15
100
AcDbPolyline
 90
2
 70
0
 10
18975.0
 20
9004.0
 10
18975.0
 20
8744.75
  0
LWPOLYLINE
  5
53A
330
17
100
AcDbEntity
  8
TEXT
 62
7
370
35
100
AcDbPolyline
 90
4
 70
1
 10
12975.0
 20
8744.75
 10
18975.0
 20
8744.75
 10
18975.0
 20
11047.250000000002
 10
12975.0
 20
11047.250000000002
  0
TEXT
  5
53B
330
17
100
AcDbEntity
  8
TEXT
 62
7
100
AcDbText
 10
12975.0
 20
8434.75
 30
0.0
 40
110.00000000000001
  1
Примечания
  7
GOST
 11
12975.0
 21
8434.75
 31
0.0
100
AcDbText
  0
TEXT
  5
53C
330
17
100
AcDbEntity
  8
TEXT
 62
7
100
AcDbText
 10
12975.0
 20
8267.25
 30
0.0
 40
67.5
  1
Высоты выводов h и привязки — в ведомости; марки выводов с высотами и уклоны канализации — на фрагментах 1:25 листа ВК-02.
  7
GOST
 11
12975.0
 21
8267.25
 31
0.0
100
AcDbText
  0
TEXT
  5
53D
330
17
100
AcDbEntity
  8
TEXT
 62
7
100
AcDbText
 10
12975.0
 20
8166.0
 30
0.0
 40
67.5
  1
±0.000 = УЧП квартиры = верх плиты +100; верх существующей стяжки с водяным ТП = −20 (не резать, не штробить — D3/D4)
  7
GOST
 11
12975.0
 21
8166.0
 31
0.0
100
AcDbText
  0
TEXT
  5
53E
330
17
100
AcDbEntity
  8
TEXT
 62
7
100
AcDbText
 10
12975.0
 20
8064.749999999999
 30
0.0
 40
67.5
  1
пол ванной R5 = +80 (подиум, сохраняется по planning.json); все высоты выводов в R5 даны ОТ ПОЛА ВАННОЙ (h) и абсолютно (z = h + 80)
  7
GOST
 11
12975.0
 21
8064.749999999999
 31
0.0
100
AcDbText
  0
TEXT
  5
53F
330
17
100
AcDbEntity
  8
TEXT
 62
7
100
AcDbText
 10
12975.0
 20
7963.499999999999
 30
0.0
 40
67.5
  1
PEX-a (сшитый полиэтилен) 16×2,2 к приборам, 20×2,8 узел→коллектор, соединения на надвижных гильзах — только в коробах/у выводов; в подиуме, цоколях и
  7
GOST
 11
12975.0
 21
7963.499999999999
 31
0.0
100
AcDbText
  0
TEXT
  5
540
330
17
100
AcDbEntity
  8
TEXT
 62
7
100
AcDbText
 10
12975.0
 20
7862.249999999999
 30
0.0
 40
67.5
  1
облицовке — цельные отрезки без соединений; ГВС — в теплоизоляции 9 мм, ХВС — антиконденсатная 6 мм; водорозетки латунь
  7
GOST
 11
12975.0
 21
7862.249999999999
 31
0.0
100
AcDbText
  0
TEXT
  5
541
330
17
100
AcDbEntity
  8
TEXT
 62
7
100
AcDbText
 10
12975.0
 20
7760.999999999998
 30
0.0
 40
67.5
  1
— Стояки К1/В1/Т3/Т4 НЕ переносятся и НЕ заменяются; врезки — только в существующие отводы/тройники.
  7
GOST
 11
12975.0
 21
7760.999999999998
 31
0.0
100
AcDbText
  0
TEXT
  5
542
330
17
100
AcDbEntity
  8
TEXT
 62
7
100
AcDbText
 10
12975.0
 20
7659.749999999998
 30
0.0
 40
67.5
  1
— Перекрытие стояков для монтажа узлов N1, N2 — заявка в УК (работы УК).
  7
GOST
 11
12975.0
 21
7659.749999999998
 31
0.0
100
AcDbText
  0
TEXT
  5
543
330
17
100
AcDbEntity
  8
TEXT
 62
7
100
AcDbText
 10
12975.0
 20
7558.499999999998
 30
0.0
 40
67.5
  1
— Если для подключения нужна замена тройника/крестовины К1 (например 110/110/50) — работы УК, по заявке, с актом.
  7
GOST
 11
12975.0
 21
7558.499999999998
 31
0.0
100
AcDbText
  0
TEXT
  5
544
330
17
100
AcDbEntity
  8
TEXT
 62
7
100
AcDbText
 10
12975.0
 20
7457.249999999997
 30
0.0
 40
67.5
  1
— Опломбирование счётчиков — ресурсоснабжающая организация / УК.
  7
GOST
 11
12975.0
 21
7457.249999999997
 31
0.0
100
AcDbText
  0
TEXT
  5
545
330
17
100
AcDbEntity
  8
TEXT
 62
7
100
AcDbText
 10
12975.0
 20
7355.999999999997
 30
0.0
 40
67.5
  1
— Ревизии стояков К1 сохраняются, доступ через H1/H2/H3.
  7
GOST
 11
12975.0
 21
7355.999999999997
 31
0.0
100
AcDbText
  0
LWPOLYLINE
  5
546
330
17
100
AcDbEntity
  8
FRAME
 62
7
370
50
100
AcDbPolyline
 90
4
 70
1
 10
1000.0
 20
250.0
 10
29450.0
 20
250.0
 10
29450.0
 20
20750.0
 10
1000.0
 20
20750.0
  0
TEXT
  5
547
330
17
100
AcDbEntity
  8
FRAME
 62
7
100
AcDbText
 10
29450.0
 20
80.0
 30
0.0
 40
100.0
  1
Формат A2
  7
GOST
 72
2
 11
29450.0
 21
80.0
 31
0.0
100
AcDbText
  0
HATCH
  5
548
330
17
100
AcDbEntity
  8
FRAME
 62
7
420
16777215
100
AcDbHatch
 10
0.0
 20
0.0
 30
0.0
210
0.0
220
0.0
230
1.0
  2
SOLID
 70
1
 71
0
 91
1
 92
3
 72
0
 73
1
 93
4
 10
20200.0
 20
250.0
 10
29450.0
 20
250.0
 10
29450.0
 20
3000.0
 10
20200.0
 20
3000.0
 97
0
 75
1
 76
1
 98
0
  0
LWPOLYLINE
  5
549
330
17
100
AcDbEntity
  8
FRAME
 62
7
370
50
100
AcDbPolyline
 90
4
 70
1
 10
20200.0
 20
250.0
 10
29450.0
 20
250.0
 10
29450.0
 20
3000.0
 10
20200.0
 20
3000.0
  0
LWPOLYLINE
  5
54A
330
17
100
AcDbEntity
  8
FRAME
 62
7
370
50
100
AcDbPolyline
 90
2
 70
0
 10
23450.0
 20
2250.0
 10
29450.0
 20
2250.0
  0
LWPOLYLINE
  5
54B
330
17
100
AcDbEntity
  8
FRAME
 62
7
370
50
100
AcDbPolyline
 90
2
 70
0
 10
23450.0
 20
1750.0
 10
29450.0
 20
1750.0
  0
LWPOLYLINE
  5
54C
330
17
100
AcDbEntity
  8
FRAME
 62
7
370
50
100
AcDbPolyline
 90
2
 70
0
 10
23450.0
 20
1000.0
 10
29450.0
 20
1000.0
  0
LWPOLYLINE
  5
54D
330
17
100
AcDbEntity
  8
FRAME
 62
7
370
50
100
AcDbPolyline
 90
2
 70
0
 10
23450.0
 20
250.0
 10
23450.0
 20
3000.0
  0
LWPOLYLINE
  5
54E
330
17
100
AcDbEntity
  8
FRAME
 62
7
370
50
100
AcDbPolyline
 90
2
 70
0
 10
26950.0
 20
250.0
 10
26950.0
 20
1750.0
  0
LWPOLYLINE
  5
54F
330
17
100
AcDbEntity
  8
FRAME
 62
7
370
20
100
AcDbPolyline
 90
2
 70
0
 10
26950.0
 20
1500.0
 10
29450.0
 20
1500.0
  0
LWPOLYLINE
  5
550
330
17
100
AcDbEntity
  8
FRAME
 62
7
370
20
100
AcDbPolyline
 90
2
 70
0
 10
27700.0
 20
1000.0
 10
27700.0
 20
1750.0
  0
LWPOLYLINE
  5
551
330
17
100
AcDbEntity
  8
FRAME
 62
7
370
20
100
AcDbPolyline
 90
2
 70
0
 10
28450.0
 20
1000.0
 10
28450.0
 20
1750.0
  0
TEXT
  5
552
330
17
100
AcDbEntity
  8
FRAME
 62
7
100
AcDbText
 10
27325.0
 20
1560.0
 30
0.0
 40
100.0
  1
Стадия
  7
GOST
 72
1
 11
27325.0
 21
1560.0
 31
0.0
100
AcDbText
  0
TEXT
  5
553
330
17
100
AcDbEntity
  8
FRAME
 62
7
100
AcDbText
 10
28075.0
 20
1560.0
 30
0.0
 40
100.0
  1
Лист
  7
GOST
 72
1
 11
28075.0
 21
1560.0
 31
0.0
100
AcDbText
  0
TEXT
  5
554
330
17
100
AcDbEntity
  8
FRAME
 62
7
100
AcDbText
 10
28950.0
 20
1560.0
 30
0.0
 40
100.0
  1
Листов
  7
GOST
 72
1
 11
28950.0
 21
1560.0
 31
0.0
100
AcDbText
  0
TEXT
  5
555
330
17
100
AcDbEntity
  8
FRAME
 62
7
100
AcDbText
 10
27325.0
 20
1170.0
 30
0.0
 40
175.0
  1
Р
  7
GOST
 72
1
 11
27325.0
 21
1170.0
 31
0.0
100
AcDbText
  0
TEXT
  5
556
330
17
100
AcDbEntity
  8
FRAME
 62
7
100
AcDbText
 10
28075.0
 20
1170.0
 30
0.0
 40
175.0
  1
33
  7
GOST
 72
1
 11
28075.0
 21
1170.0
 31
0.0
100
AcDbText
  0
TEXT
  5
557
330
17
100
AcDbEntity
  8
FRAME
 62
7
100
AcDbText
 10
28950.0
 20
1170.0
 30
0.0
 40
175.0
  1
51
  7
GOST
 72
1
 11
28950.0
 21
1170.0
 31
0.0
100
AcDbText
  0
LWPOLYLINE
  5
558
330
17
100
AcDbEntity
  8
FRAME
 62
7
370
20
100
AcDbPolyline
 90
2
 70
0
 10
20200.0
 20
500.0
 10
23450.0
 20
500.0
  0
LWPOLYLINE
  5
559
330
17
100
AcDbEntity
  8
FRAME
 62
7
370
20
100
AcDbPolyline
 90
2
 70
0
 10
20200.0
 20
750.0
 10
23450.0
 20
750.0
  0
LWPOLYLINE
  5
55A
330
17
100
AcDbEntity
  8
FRAME
 62
7
370
20
100
AcDbPolyline
 90
2
 70
0
 10
20200.0
 20
1000.0
 10
23450.0
 20
1000.0
  0
LWPOLYLINE
  5
55B
330
17
100
AcDbEntity
  8
FRAME
 62
7
370
20
100
AcDbPolyline
 90
2
 70
0
 10
20200.0
 20
1250.0
 10
23450.0
 20
1250.0
  0
LWPOLYLINE
  5
55C
330
17
100
AcDbEntity
  8
FRAME
 62
7
370
50
100
AcDbPolyline
 90
2
 70
0
 10
20200.0
 20
1500.0
 10
23450.0
 20
1500.0
  0
LWPOLYLINE
  5
55D
330
17
100
AcDbEntity
  8
FRAME
 62
7
370
50
100
AcDbPolyline
 90
2
 70
0
 10
20200.0
 20
1750.0
 10
23450.0
 20
1750.0
  0
LWPOLYLINE
  5
55E
330
17
100
AcDbEntity
  8
FRAME
 62
7
370
20
100
AcDbPolyline
 90
2
 70
0
 10
20200.0
 20
2000.0
 10
23450.0
 20
2000.0
  0
LWPOLYLINE
  5
55F
330
17
100
AcDbEntity
  8
FRAME
 62
7
370
20
100
AcDbPolyline
 90
2
 70
0
 10
20200.0
 20
2250.0
 10
23450.0
 20
2250.0
  0
LWPOLYLINE
  5
560
330
17
100
AcDbEntity
  8
FRAME
 62
7
370
20
100
AcDbPolyline
 90
2
 70
0
 10
20200.0
 20
2500.0
 10
23450.0
 20
2500.0
  0
LWPOLYLINE
  5
561
330
17
100
AcDbEntity
  8
FRAME
 62
7
370
20
100
AcDbPolyline
 90
2
 70
0
 10
20200.0
 20
2750.0
 10
23450.0
 20
2750.0
  0
LWPOLYLINE
  5
562
330
17
100
AcDbEntity
  8
FRAME
 62
7
370
50
100
AcDbPolyline
 90
2
 70
0
 10
20700.0
 20
1500.0
 10
20700.0
 20
3000.0
  0
LWPOLYLINE
  5
563
330
17
100
AcDbEntity
  8
FRAME
 62
7
370
50
100
AcDbPolyline
 90
2
 70
0
 10
21200.0
 20
250.0
 10
21200.0
 20
3000.0
  0
LWPOLYLINE
  5
564
330
17
100
AcDbEntity
  8
FRAME
 62
7
370
50
100
AcDbPolyline
 90
2
 70
0
 10
21700.0
 20
1500.0
 10
21700.0
 20
3000.0
  0
LWPOLYLINE
  5
565
330
17
100
AcDbEntity
  8
FRAME
 62
7
370
50
100
AcDbPolyline
 90
2
 70
0
 10
22200.0
 20
250.0
 10
22200.0
 20
3000.0
  0
LWPOLYLINE
  5
566
330
17
100
AcDbEntity
  8
FRAME
 62
7
370
50
100
AcDbPolyline
 90
2
 70
0
 10
22950.0
 20
250.0
 10
22950.0
 20
3000.0
  0
TEXT
  5
567
330
17
100
AcDbEntity
  8
FRAME
 62
7
100
AcDbText
 10
20450.0
 20
1565.0
 30
0.0
 40
90.0
  1
Изм.
  7
GOST
 72
1
 11
20450.0
 21
1565.0
 31
0.0
100
AcDbText
  0
TEXT
  5
568
330
17
100
AcDbEntity
  8
FRAME
 62
7
100
AcDbText
 10
20950.0
 20
1565.0
 30
0.0
 40
90.0
  1
Кол.уч
  7
GOST
 72
1
 11
20950.0
 21
1565.0
 31
0.0
100
AcDbText
  0
TEXT
  5
569
330
17
100
AcDbEntity
  8
FRAME
 62
7
100
AcDbText
 10
21450.0
 20
1565.0
 30
0.0
 40
90.0
  1
Лист
  7
GOST
 72
1
 11
21450.0
 21
1565.0
 31
0.0
100
AcDbText
  0
TEXT
  5
56A
330
17
100
AcDbEntity
  8
FRAME
 62
7
100
AcDbText
 10
21950.0
 20
1565.0
 30
0.0
 40
90.0
  1
№док.
  7
GOST
 72
1
 11
21950.0
 21
1565.0
 31
0.0
100
AcDbText
  0
TEXT
  5
56B
330
17
100
AcDbEntity
  8
FRAME
 62
7
100
AcDbText
 10
22575.0
 20
1565.0
 30
0.0
 40
90.0
  1
Подп.
  7
GOST
 72
1
 11
22575.0
 21
1565.0
 31
0.0
100
AcDbText
  0
TEXT
  5
56C
330
17
100
AcDbEntity
  8
FRAME
 62
7
100
AcDbText
 10
23200.0
 20
1565.0
 30
0.0
 40
90.0
  1
Дата
  7
GOST
 72
1
 11
23200.0
 21
1565.0
 31
0.0
100
AcDbText
  0
TEXT
  5
56D
330
17
100
AcDbEntity
  8
FRAME
 62
7
100
AcDbText
 10
20250.0
 20
1315.0
 30
0.0
 40
100.0
  1
Разраб.
  7
GOST
 11
20250.0
 21
1315.0
 31
0.0
100
AcDbText
  0
TEXT
  5
56E
330
17
100
AcDbEntity
  8
FRAME
 62
7
100
AcDbText
 10
20250.0
 20
1065.0
 30
0.0
 40
100.0
  1
Пров.
  7
GOST
 11
20250.0
 21
1065.0
 31
0.0
100
AcDbText
  0
TEXT
  5
56F
330
17
100
AcDbEntity
  8
FRAME
 62
7
100
AcDbText
 10
20250.0
 20
815.0
 30
0.0
 40
100.0
  1
ГИП
  7
GOST
 11
20250.0
 21
815.0
 31
0.0
100
AcDbText
  0
TEXT
  5
570
330
17
100
AcDbEntity
  8
FRAME
 62
7
100
AcDbText
 10
20250.0
 20
565.0
 30
0.0
 40
100.0
  1
Н.контр.
  7
GOST
 11
20250.0
 21
565.0
 31
0.0
100
AcDbText
  0
TEXT
  5
571
330
17
100
AcDbEntity
  8
FRAME
 62
7
100
AcDbText
 10
20250.0
 20
315.0
 30
0.0
 40
100.0
  1
Утв.
  7
GOST
 11
20250.0
 21
315.0
 31
0.0
100
AcDbText
  0
TEXT
  5
572
330
17
100
AcDbEntity
  8
FRAME
 62
7
100
AcDbText
 10
21240.0
 20
1315.0
 30
0.0
 40
100.0
  1
pib-агенты
  7
GOST
 11
21240.0
 21
1315.0
 31
0.0
100
AcDbText
  0
TEXT
  5
573
330
17
100
AcDbEntity
  8
FRAME
 62
7
100
AcDbText
 10
23200.0
 20
1315.0
 30
0.0
 40
90.0
  1
10.2026
  7
GOST
 72
1
 11
23200.0
 21
1315.0
 31
0.0
100
AcDbText
  0
TEXT
  5
574
330
17
100
AcDbEntity
  8
FRAME
 62
7
100
AcDbText
 10
26450.0
 20
2500.0
 30
0.0
 40
250.0
  1
КВ108-ДП-ВК-01
  7
GOST
 72
1
 11
26450.0
 21
2500.0
 31
0.0
100
AcDbText
  0
TEXT
  5
575
330
17
100
AcDbEntity
  8
FRAME
 62
7
100
AcDbText
 10
26450.0
 20
1912.5
 30
0.0
 40
175.0
  1
Квартира №108, СПб, дизайн-проект
  7
GOST
 72
1
 11
26450.0
 21
1912.5
 31
0.0
100
AcDbText
  0
TEXT
  5
576
330
17
100
AcDbEntity
  8
FRAME
 62
7
100
AcDbText
 10
25200.0
 20
1300.0
 30
0.0
 40
150.0
  1
Водопровод и канализация
  7
GOST
 72
1
 11
25200.0
 21
1300.0
 31
0.0
100
AcDbText
  0
TEXT
  5
577
330
17
100
AcDbEntity
  8
FRAME
 62
7
100
AcDbText
 10
25200.0
 20
743.75
 30
0.0
 40
125.0
  1
План сантехники и выводов
  7
GOST
 72
1
 11
25200.0
 21
743.75
 31
0.0
100
AcDbText
  0
TEXT
  5
578
330
17
100
AcDbEntity
  8
FRAME
 62
7
100
AcDbText
 10
25200.0
 20
562.5
 30
0.0
 40
125.0
  1
ХВС/ГВС/К
  7
GOST
 72
1
 11
25200.0
 21
562.5
 31
0.0
100
AcDbText
  0
TEXT
  5
579
330
17
100
AcDbEntity
  8
FRAME
 62
7
100
AcDbText
 10
25200.0
 20
381.25
 30
0.0
 40
125.0
  1
Масштаб 1:50
  7
GOST
 72
1
 11
25200.0
 21
381.25
 31
0.0
100
AcDbText
  0
TEXT
  5
57A
330
17
100
AcDbEntity
  8
FRAME
 62
7
100
AcDbText
 10
28200.0
 20
658.75
 30
0.0
 40
150.0
  1
ПИБ
  7
GOST
 72
1
 11
28200.0
 21
658.75
 31
0.0
100
AcDbText
  0
TEXT
  5
57B
330
17
100
AcDbEntity
  8
FRAME
 62
7
100
AcDbText
 10
28200.0
 20
441.25000000000006
 30
0.0
 40
150.0
  1
агенты pib-*
  7
GOST
 72
1
 11
28200.0
 21
441.25000000000006
 31
0.0
100
AcDbText
  0
ENDSEC
  0
SECTION
  2
OBJECTS
  0
DICTIONARY
  5
A
330
0
100
AcDbDictionary
281
1
  3
ACAD_COLOR
350
B
  3
ACAD_GROUP
350
C
  3
ACAD_LAYOUT
350
D
  3
ACAD_MATERIAL
350
E
  3
ACAD_MLEADERSTYLE
350
F
  3
ACAD_MLINESTYLE
350
10
  3
ACAD_PLOTSETTINGS
350
11
  3
ACAD_PLOTSTYLENAME
350
12
  3
ACAD_SCALELIST
350
14
  3
ACAD_TABLESTYLE
350
15
  3
ACAD_VISUALSTYLE
350
16
  3
EZDXF_META
350
2D
  0
DICTIONARY
  5
B
330
A
100
AcDbDictionary
281
1
  0
DICTIONARY
  5
C
330
A
100
AcDbDictionary
281
1
  0
DICTIONARY
  5
D
330
A
100
AcDbDictionary
281
1
  3
Model
350
1A
  3
Layout1
350
1E
  0
DICTIONARY
  5
E
330
A
100
AcDbDictionary
281
1
  3
ByBlock
350
1F
  3
ByLayer
350
20
  3
Global
350
21
  0
DICTIONARY
  5
F
330
A
100
AcDbDictionary
281
1
  3
Standard
350
2C
  0
DICTIONARY
  5
10
330
A
100
AcDbDictionary
281
1
  3
Standard
350
22
  0
DICTIONARY
  5
11
330
A
100
AcDbDictionary
281
1
  0
ACDBDICTIONARYWDFLT
  5
12
330
A
100
AcDbDictionary
281
1
  3
Normal
350
13
100
AcDbDictionaryWithDefault
340
13
  0
ACDBPLACEHOLDER
  5
13
330
12
  0
DICTIONARY
  5
14
330
A
100
AcDbDictionary
281
1
  0
DICTIONARY
  5
15
330
A
100
AcDbDictionary
281
1
  0
DICTIONARY
  5
16
330
A
100
AcDbDictionary
281
1
  3
2dWireframe
350
5A
  3
Basic
350
5B
  3
Brighten
350
5C
  3
ColorChange
350
5D
  3
Conceptual
350
5E
  3
Dim
350
5F
  3
EdgeColorOff
350
60
  3
Facepattern
350
61
  3
Flat
350
62
  3
FlatWithEdges
350
63
  3
Gouraud
350
64
  3
GouraudWithEdges
350
65
  3
Hidden
350
66
  3
JitterOff
350
67
  3
Linepattern
350
68
  3
Modeling
350
69
  3
OverhangOff
350
6A
  3
Realistic
350
6B
  3
Shaded
350
6C
  3
Shaded with edges
350
6D
  3
Shades of Gray
350
6E
  3
Sketchy
350
6F
  3
Thicken
350
70
  3
Wireframe
350
71
  3
X-Ray
350
72
  0
LAYOUT
  5
1A
330
D
100
AcDbPlotSettings
  1

  4
A3
  6

 40
7.5
 41
20.0
 42
7.5
 43
20.0
 44
420.0
 45
297.0
 46
0.0
 47
0.0
 48
0.0
 49
0.0
140
0.0
141
0.0
142
1.0
143
1.0
 70
1024
 72
1
 73
0
 74
5
  7

 75
16
 76
0
 77
2
 78
300
147
1.0
148
0.0
149
0.0
100
AcDbLayout
  1
Model
 70
1
 71
0
 10
0.0
 20
0.0
 11
420.0
 21
297.0
 12
0.0
 22
0.0
 32
0.0
 14
1e+20
 24
1e+20
 34
1e+20
 15
-1e+20
 25
-1e+20
 35
-1e+20
146
0.0
 13
0.0
 23
0.0
 33
0.0
 16
1.0
 26
0.0
 36
0.0
 17
0.0
 27
1.0
 37
0.0
 76
1
330
17
  0
LAYOUT
  5
1E
330
D
100
AcDbPlotSettings
  1

  4
A3
  6

 40
7.5
 41
20.0
 42
7.5
 43
20.0
 44
420.0
 45
297.0
 46
0.0
 47
0.0
 48
0.0
 49
0.0
140
0.0
141
0.0
142
1.0
143
1.0
 70
0
 72
1
 73
0
 74
5
  7

 75
16
 76
0
 77
2
 78
300
147
1.0
148
0.0
149
0.0
100
AcDbLayout
  1
Layout1
 70
1
 71
1
 10
0.0
 20
0.0
 11
420.0
 21
297.0
 12
0.0
 22
0.0
 32
0.0
 14
1e+20
 24
1e+20
 34
1e+20
 15
-1e+20
 25
-1e+20
 35
-1e+20
146
0.0
 13
0.0
 23
0.0
 33
0.0
 16
1.0
 26
0.0
 36
0.0
 17
0.0
 27
1.0
 37
0.0
 76
1
330
1B
  0
MATERIAL
  5
1F
102
{ACAD_REACTORS
330
E
102
}
330
E
100
AcDbMaterial
  1
ByBlock
  2

 70
0
 40
1.0
 71
1
 41
1.0
 91
-1023410177
 42
1.0
 72
1
  3

 73
1
 74
1
 75
1
 44
0.5
 73
0
 45
1.0
 46
1.0
 77
1
  4

 78
1
 79
1
170
1
 48
1.0
171
1
  6

172
1
173
1
174
1
140
1.0
141
1.0
175
1
  7

176
1
177
1
178
1
143
1.0
179
1
  8

270
1
271
1
272
1
145
1.0
146
1.0
273
1
  9

274
1
275
1
276
1
 42
1.0
 72
1
  3

 73
1
 74
1
 75
1
 94
63
  0
MATERIAL
  5
20
102
{ACAD_REACTORS
330
E
102
}
330
E
100
AcDbMaterial
  1
ByLayer
  2

 70
0
 40
1.0
 71
1
 41
1.0
 91
-1023410177
 42
1.0
 72
1
  3

 73
1
 74
1
 75
1
 44
0.5
 73
0
 45
1.0
 46
1.0
 77
1
  4

 78
1
 79
1
170
1
 48
1.0
171
1
  6

172
1
173
1
174
1
140
1.0
141
1.0
175
1
  7

176
1
177
1
178
1
143
1.0
179
1
  8

270
1
271
1
272
1
145
1.0
146
1.0
273
1
  9

274
1
275
1
276
1
 42
1.0
 72
1
  3

 73
1
 74
1
 75
1
 94
63
  0
MATERIAL
  5
21
102
{ACAD_REACTORS
330
E
102
}
330
E
100
AcDbMaterial
  1
Global
  2

 70
0
 40
1.0
 71
1
 41
1.0
 91
-1023410177
 42
1.0
 72
1
  3

 73
1
 74
1
 75
1
 44
0.5
 73
0
 45
1.0
 46
1.0
 77
1
  4

 78
1
 79
1
170
1
 48
1.0
171
1
  6

172
1
173
1
174
1
140
1.0
141
1.0
175
1
  7

176
1
177
1
178
1
143
1.0
179
1
  8

270
1
271
1
272
1
145
1.0
146
1.0
273
1
  9

274
1
275
1
276
1
 42
1.0
 72
1
  3

 73
1
 74
1
 75
1
 94
63
  0
MLINESTYLE
  5
22
102
{ACAD_REACTORS
330
10
102
}
330
10
100
AcDbMlineStyle
  2
Standard
 70
0
  3

 62
256
 51
90.0
 52
90.0
 71
2
 49
0.5
 62
256
  6
BYLAYER
 49
-0.5
 62
256
  6
BYLAYER
  0
MLEADERSTYLE
  5
2C
102
{ACAD_REACTORS
330
F
102
}
330
F
100
AcDbMLeaderStyle
179
2
170
2
171
1
172
0
 90
2
 40
0.0
 41
0.0
173
1
 91
-1056964608
 92
-2
290
1
 42
2.0
291
1
 43
8.0
  3
Standard
 44
4.0
300

342
29
174
1
175
1
176
0
178
1
 93
-1056964608
 45
4.0
292
0
297
0
 46
4.0
 94
-1056964608
 47
1.0
 49
1.0
140
1.0
294
1
141
0.0
177
0
142
1.0
295
0
296
0
143
3.75
271
0
272
9
273
9
  0
DICTIONARY
  5
2D
330
A
100
AcDbDictionary
280
1
281
1
  3
CREATED_BY_EZDXF
350
2E
  3
WRITTEN_BY_EZDXF
350
57E
  0
DICTIONARYVAR
  5
2E
330
2D
100
DictionaryVariables
280
0
  1
1.4.4 @ 2026-10-08T17:37:24.048951+00:00
  0
VISUALSTYLE
  5
5A
102
{ACAD_REACTORS
330
16
102
}
330
16
100
AcDbVisualStyle
  2
2dWireframe
 70
4
177
3
291
0
 70
58
 90
2
176
1
 90
2
176
1
 90
0
176
1
 90
0
176
1
 40
0.6
176
1
 40
30.0
176
1
 62
7
420
16777215
176
1
 90
1
176
1
 90
4
176
1
 62
7
176
1
 62
257
176
1
 90
1
176
1
 90
1
176
1
 40
1.0
176
1
 90
8
176
1
 62
7
176
1
 40
1.0
176
1
 90
1
176
1
 90
6
176
1
 90
2
176
1
 62
7
176
1
 90
5
176
1
 90
0
176
1
 90
0
176
1
290
0
176
1
 90
1
176
1
 40
0.0
176
1
 90
0
176
1
290
1
176
1
290
1
176
1
290
0
176
1
290
0
176
1
290
0
176
1
290
0
176
1
290
0
176
1
290
0
176
1
290
0
176
1
 90
50
176
1
 40
0.0
176
1
 40
1.0
176
1
 90
0
176
1
 62
18
420
0
176
1
 90
50
176
1
 90
3
176
1
 62
5
420
255
176
1
290
0
176
1
 90
50
176
1
 90
50
176
1
 90
50
176
1
290
0
176
1
 90
50
176
1
 62
256
176
0
 40
1.0
176
0
 90
2
176
1
  1
strokes_ogs.tif
176
1
290
0
176
1
 40
1.0
176
1
 40
1.0
176
1
  0
VISUALSTYLE
  5
5B
102
{ACAD_REACTORS
330
16
102
}
330
16
100
AcDbVisualStyle
  2
Basic
 70
7
177
3
291
1
 70
58
 90
2
176
1
 90
2
176
1
 90
0
176
1
 90
1
176
1
 40
0.6
176
1
 40
30.0
176
1
 62
7
420
16777215
176
1
 90
1
176
1
 90
4
176
1
 62
7
176
1
 62
257
176
1
 90
1
176
1
 90
1
176
1
 40
1.0
176
1
 90
8
176
1
 62
7
176
1
 40
1.0
176
1
 90
1
176
1
 90
6
176
1
 90
2
176
1
 62
7
176
1
 90
5
176
1
 90
0
176
1
 90
0
176
1
290
0
176
1
 90
1
176
1
 40
0.0
176
1
 90
0
176
1
290
0
176
1
290
1
176
1
290
1
176
1
290
0
176
1
290
0
176
1
290
0
176
1
290
0
176
1
290
0
176
1
290
0
176
1
 90
50
176
1
 40
0.0
176
1
 40
1.0
176
1
 90
0
176
1
 62
18
420
0
176
1
 90
50
176
1
 90
3
176
1
 62
5
420
255
176
1
290
0
176
1
 90
50
176
1
 90
50
176
1
 90
50
176
1
290
0
176
1
 90
50
176
1
 62
256
176
0
 40
1.0
176
0
 90
2
176
1
  1
strokes_ogs.tif
176
1
290
0
176
1
 40
1.0
176
1
 40
1.0
176
1
  0
VISUALSTYLE
  5
5C
102
{ACAD_REACTORS
330
16
102
}
330
16
100
AcDbVisualStyle
  2
Brighten
 70
12
177
3
291
1
 70
58
 90
2
176
1
 90
2
176
1
 90
0
176
1
 90
2
176
1
 40
0.6
176
1
 40
30.0
176
1
 62
7
420
16777215
176
1
 90
1
176
1
 90
4
176
1
 62
7
176
1
 62
257
176
1
 90
1
176
1
 90
1
176
1
 40
1.0
176
1
 90
8
176
1
 62
7
176
1
 40
1.0
176
1
 90
1
176
1
 90
6
176
1
 90
2
176
1
 62
7
176
1
 90
5
176
1
 90
0
176
1
 90
0
176
1
290
0
176
1
 90
1
176
1
 40
0.0
176
1
 90
0
176
1
290
0
176
1
290
1
176
1
290
1
176
1
290
0
176
1
290
0
176
1
290
0
176
1
290
0
176
1
290
0
176
1
290
0
176
1
 90
50
176
1
 40
0.0
176
1
 40
1.0
176
1
 90
0
176
1
 62
18
420
0
176
1
 90
50
176
1
 90
3
176
1
 62
5
420
255
176
1
290
0
176
1
 90
50
176
1
 90
50
176
1
 90
50
176
1
290
0
176
1
 90
50
176
1
 62
256
176
0
 40
1.0
176
0
 90
2
176
1
  1
strokes_ogs.tif
176
1
290
0
176
1
 40
1.0
176
1
 40
1.0
176
1
  0
VISUALSTYLE
  5
5D
102
{ACAD_REACTORS
330
16
102
}
330
16
100
AcDbVisualStyle
  2
ColorChange
 70
16
177
3
291
1
 70
58
 90
2
176
1
 90
2
176
1
 90
0
176
1
 90
2
176
1
 40
0.6
176
1
 40
30.0
176
1
 62
7
420
16777215
176
1
 90
1
176
1
 90
4
176
1
 62
7
176
1
 62
257
176
1
 90
1
176
1
 90
1
176
1
 40
1.0
176
1
 90
8
176
1
 62
7
176
1
 40
1.0
176
1
 90
1
176
1
 90
6
176
1
 90
2
176
1
 62
7
176
1
 90
5
176
1
 90
0
176
1
 90
0
176
1
290
0
176
1
 90
1
176
1
 40
0.0
176
1
 90
0
176
1
290
0
176
1
290
1
176
1
290
1
176
1
290
0
176
1
290
0
176
1
290
0
176
1
290
0
176
1
290
0
176
1
290
0
176
1
 90
50
176
1
 40
0.0
176
1
 40
1.0
176
1
 90
0
176
1
 62
18
420
0
176
1
 90
50
176
1
 90
3
176
1
 62
5
420
255
176
1
290
0
176
1
 90
50
176
1
 90
50
176
1
 90
50
176
1
290
0
176
1
 90
50
176
1
 62
256
176
0
 40
1.0
176
0
 90
2
176
1
  1
strokes_ogs.tif
176
1
290
0
176
1
 40
1.0
176
1
 40
1.0
176
1
  0
VISUALSTYLE
  5
5E
102
{ACAD_REACTORS
330
16
102
}
330
16
100
AcDbVisualStyle
  2
Conceptual
 70
9
177
3
291
0
 70
58
 90
2
176
1
 90
2
176
1
 90
0
176
1
 90
3
176
1
 40
0.6
176
1
 40
30.0
176
1
 62
7
420
16777215
176
1
 90
1
176
1
 90
4
176
1
 62
7
176
1
 62
257
176
1
 90
1
176
1
 90
1
176
1
 40
1.0
176
1
 90
8
176
1
 62
7
176
1
 40
1.0
176
1
 90
1
176
1
 90
6
176
1
 90
2
176
1
 62
7
176
1
 90
5
176
1
 90
0
176
1
 90
0
176
1
290
0
176
1
 90
1
176
1
 40
0.0
176
1
 90
0
176
1
290
0
176
1
290
1
176
1
290
1
176
1
290
0
176
1
290
0
176
1
290
0
176
1
290
0
176
1
290
0
176
1
290
0
176
1
 90
50
176
1
 40
0.0
176
1
 40
1.0
176
1
 90
0
176
1
 62
18
420
0
176
1
 90
50
176
1
 90
3
176
1
 62
5
420
255
176
1
290
0
176
1
 90
50
176
1
 90
50
176
1
 90
50
176
1
290
0
176
1
 90
50
176
1
 62
256
176
0
 40
1.0
176
0
 90
2
176
1
  1
strokes_ogs.tif
176
1
290
0
176
1
 40
1.0
176
1
 40
1.0
176
1
  0
VISUALSTYLE
  5
5F
102
{ACAD_REACTORS
330
16
102
}
330
16
100
AcDbVisualStyle
  2
Dim
 70
11
177
3
291
1
 70
58
 90
2
176
1
 90
2
176
1
 90
0
176
1
 90
2
176
1
 40
0.6
176
1
 40
30.0
176
1
 62
7
420
16777215
176
1
 90
1
176
1
 90
4
176
1
 62
7
176
1
 62
257
176
1
 90
1
176
1
 90
1
176
1
 40
1.0
176
1
 90
8
176
1
 62
7
176
1
 40
1.0
176
1
 90
1
176
1
 90
6
176
1
 90
2
176
1
 62
7
176
1
 90
5
176
1
 90
0
176
1
 90
0
176
1
290
0
176
1
 90
1
176
1
 40
0.0
176
1
 90
0
176
1
290
0
176
1
290
1
176
1
290
1
176
1
290
0
176
1
290
0
176
1
290
0
176
1
290
0
176
1
290
0
176
1
290
0
176
1
 90
50
176
1
 40
0.0
176
1
 40
1.0
176
1
 90
0
176
1
 62
18
420
0
176
1
 90
50
176
1
 90
3
176
1
 62
5
420
255
176
1
290
0
176
1
 90
50
176
1
 90
50
176
1
 90
50
176
1
290
0
176
1
 90
50
176
1
 62
256
176
0
 40
1.0
176
0
 90
2
176
1
  1
strokes_ogs.tif
176
1
290
0
176
1
 40
1.0
176
1
 40
1.0
176
1
  0
VISUALSTYLE
  5
60
102
{ACAD_REACTORS
330
16
102
}
330
16
100
AcDbVisualStyle
  2
EdgeColorOff
 70
22
177
3
291
1
 70
58
 90
2
176
1
 90
2
176
1
 90
0
176
1
 90
2
176
1
 40
0.6
176
1
 40
30.0
176
1
 62
7
420
16777215
176
1
 90
1
176
1
 90
4
176
1
 62
7
176
1
 62
257
176
1
 90
1
176
1
 90
1
176
1
 40
1.0
176
1
 90
8
176
1
 62
7
176
1
 40
1.0
176
1
 90
1
176
1
 90
6
176
1
 90
2
176
1
 62
7
176
1
 90
5
176
1
 90
0
176
1
 90
0
176
1
290
0
176
1
 90
1
176
1
 40
0.0
176
1
 90
0
176
1
290
0
176
1
290
1
176
1
290
1
176
1
290
0
176
1
290
0
176
1
290
0
176
1
290
0
176
1
290
0
176
1
290
0
176
1
 90
50
176
1
 40
0.0
176
1
 40
1.0
176
1
 90
0
176
1
 62
18
420
0
176
1
 90
50
176
1
 90
3
176
1
 62
5
420
255
176
1
290
0
176
1
 90
50
176
1
 90
50
176
1
 90
50
176
1
290
0
176
1
 90
50
176
1
 62
256
176
0
 40
1.0
176
0
 90
2
176
1
  1
strokes_ogs.tif
176
1
290
0
176
1
 40
1.0
176
1
 40
1.0
176
1
  0
VISUALSTYLE
  5
61
102
{ACAD_REACTORS
330
16
102
}
330
16
100
AcDbVisualStyle
  2
Facepattern
 70
15
177
3
291
1
 70
58
 90
2
176
1
 90
2
176
1
 90
0
176
1
 90
2
176
1
 40
0.6
176
1
 40
30.0
176
1
 62
7
420
16777215
176
1
 90
1
176
1
 90
4
176
1
 62
7
176
1
 62
257
176
1
 90
1
176
1
 90
1
176
1
 40
1.0
176
1
 90
8
176
1
 62
7
176
1
 40
1.0
176
1
 90
1
176
1
 90
6
176
1
 90
2
176
1
 62
7
176
1
 90
5
176
1
 90
0
176
1
 90
0
176
1
290
0
176
1
 90
1
176
1
 40
0.0
176
1
 90
0
176
1
290
0
176
1
290
1
176
1
290
1
176
1
290
0
176
1
290
0
176
1
290
0
176
1
290
0
176
1
290
0
176
1
290
0
176
1
 90
50
176
1
 40
0.0
176
1
 40
1.0
176
1
 90
0
176
1
 62
18
420
0
176
1
 90
50
176
1
 90
3
176
1
 62
5
420
255
176
1
290
0
176
1
 90
50
176
1
 90
50
176
1
 90
50
176
1
290
0
176
1
 90
50
176
1
 62
256
176
0
 40
1.0
176
0
 90
2
176
1
  1
strokes_ogs.tif
176
1
290
0
176
1
 40
1.0
176
1
 40
1.0
176
1
  0
VISUALSTYLE
  5
62
102
{ACAD_REACTORS
330
16
102
}
330
16
100
AcDbVisualStyle
  2
Flat
 70
0
177
3
291
1
 70
58
 90
2
176
1
 90
2
176
1
 90
0
176
1
 90
2
176
1
 40
0.6
176
1
 40
30.0
176
1
 62
7
420
16777215
176
1
 90
1
176
1
 90
4
176
1
 62
7
176
1
 62
257
176
1
 90
1
176
1
 90
1
176
1
 40
1.0
176
1
 90
8
176
1
 62
7
176
1
 40
1.0
176
1
 90
1
176
1
 90
6
176
1
 90
2
176
1
 62
7
176
1
 90
5
176
1
 90
0
176
1
 90
0
176
1
290
0
176
1
 90
1
176
1
 40
0.0
176
1
 90
0
176
1
290
0
176
1
290
1
176
1
290
1
176
1
290
0
176
1
290
0
176
1
290
0
176
1
290
0
176
1
290
0
176
1
290
0
176
1
 90
50
176
1
 40
0.0
176
1
 40
1.0
176
1
 90
0
176
1
 62
18
420
0
176
1
 90
50
176
1
 90
3
176
1
 62
5
420
255
176
1
290
0
176
1
 90
50
176
1
 90
50
176
1
 90
50
176
1
290
0
176
1
 90
50
176
1
 62
256
176
0
 40
1.0
176
0
 90
2
176
1
  1
strokes_ogs.tif
176
1
290
0
176
1
 40
1.0
176
1
 40
1.0
176
1
  0
VISUALSTYLE
  5
63
102
{ACAD_REACTORS
330
16
102
}
330
16
100
AcDbVisualStyle
  2
FlatWithEdges
 70
1
177
3
291
1
 70
58
 90
2
176
1
 90
2
176
1
 90
0
176
1
 90
2
176
1
 40
0.6
176
1
 40
30.0
176
1
 62
7
420
16777215
176
1
 90
1
176
1
 90
4
176
1
 62
7
176
1
 62
257
176
1
 90
1
176
1
 90
1
176
1
 40
1.0
176
1
 90
8
176
1
 62
7
176
1
 40
1.0
176
1
 90
1
176
1
 90
6
176
1
 90
2
176
1
 62
7
176
1
 90
5
176
1
 90
0
176
1
 90
0
176
1
290
0
176
1
 90
1
176
1
 40
0.0
176
1
 90
0
176
1
290
0
176
1
290
1
176
1
290
1
176
1
290
0
176
1
290
0
176
1
290
0
176
1
290
0
176
1
290
0
176
1
290
0
176
1
 90
50
176
1
 40
0.0
176
1
 40
1.0
176
1
 90
0
176
1
 62
18
420
0
176
1
 90
50
176
1
 90
3
176
1
 62
5
420
255
176
1
290
0
176
1
 90
50
176
1
 90
50
176
1
 90
50
176
1
290
0
176
1
 90
50
176
1
 62
256
176
0
 40
1.0
176
0
 90
2
176
1
  1
strokes_ogs.tif
176
1
290
0
176
1
 40
1.0
176
1
 40
1.0
176
1
  0
VISUALSTYLE
  5
64
102
{ACAD_REACTORS
330
16
102
}
330
16
100
AcDbVisualStyle
  2
Gouraud
 70
2
177
3
291
1
 70
58
 90
2
176
1
 90
2
176
1
 90
0
176
1
 90
2
176
1
 40
0.6
176
1
 40
30.0
176
1
 62
7
420
16777215
176
1
 90
1
176
1
 90
4
176
1
 62
7
176
1
 62
257
176
1
 90
1
176
1
 90
1
176
1
 40
1.0
176
1
 90
8
176
1
 62
7
176
1
 40
1.0
176
1
 90
1
176
1
 90
6
176
1
 90
2
176
1
 62
7
176
1
 90
5
176
1
 90
0
176
1
 90
0
176
1
290
0
176
1
 90
1
176
1
 40
0.0
176
1
 90
0
176
1
290
0
176
1
290
1
176
1
290
1
176
1
290
0
176
1
290
0
176
1
290
0
176
1
290
0
176
1
290
0
176
1
290
0
176
1
 90
50
176
1
 40
0.0
176
1
 40
1.0
176
1
 90
0
176
1
 62
18
420
0
176
1
 90
50
176
1
 90
3
176
1
 62
5
420
255
176
1
290
0
176
1
 90
50
176
1
 90
50
176
1
 90
50
176
1
290
0
176
1
 90
50
176
1
 62
256
176
0
 40
1.0
176
0
 90
2
176
1
  1
strokes_ogs.tif
176
1
290
0
176
1
 40
1.0
176
1
 40
1.0
176
1
  0
VISUALSTYLE
  5
65
102
{ACAD_REACTORS
330
16
102
}
330
16
100
AcDbVisualStyle
  2
GouraudWithEdges
 70
3
177
3
291
1
 70
58
 90
2
176
1
 90
2
176
1
 90
0
176
1
 90
2
176
1
 40
0.6
176
1
 40
30.0
176
1
 62
7
420
16777215
176
1
 90
1
176
1
 90
4
176
1
 62
7
176
1
 62
257
176
1
 90
1
176
1
 90
1
176
1
 40
1.0
176
1
 90
8
176
1
 62
7
176
1
 40
1.0
176
1
 90
1
176
1
 90
6
176
1
 90
2
176
1
 62
7
176
1
 90
5
176
1
 90
0
176
1
 90
0
176
1
290
0
176
1
 90
1
176
1
 40
0.0
176
1
 90
0
176
1
290
0
176
1
290
1
176
1
290
1
176
1
290
0
176
1
290
0
176
1
290
0
176
1
290
0
176
1
290
0
176
1
290
0
176
1
 90
50
176
1
 40
0.0
176
1
 40
1.0
176
1
 90
0
176
1
 62
18
420
0
176
1
 90
50
176
1
 90
3
176
1
 62
5
420
255
176
1
290
0
176
1
 90
50
176
1
 90
50
176
1
 90
50
176
1
290
0
176
1
 90
50
176
1
 62
256
176
0
 40
1.0
176
0
 90
2
176
1
  1
strokes_ogs.tif
176
1
290
0
176
1
 40
1.0
176
1
 40
1.0
176
1
  0
VISUALSTYLE
  5
66
102
{ACAD_REACTORS
330
16
102
}
330
16
100
AcDbVisualStyle
  2
Hidden
 70
6
177
3
291
0
 70
58
 90
2
176
1
 90
2
176
1
 90
0
176
1
 90
1
176
1
 40
0.6
176
1
 40
30.0
176
1
 62
7
420
16777215
176
1
 90
1
176
1
 90
4
176
1
 62
7
176
1
 62
257
176
1
 90
1
176
1
 90
1
176
1
 40
1.0
176
1
 90
8
176
1
 62
7
176
1
 40
1.0
176
1
 90
1
176
1
 90
6
176
1
 90
2
176
1
 62
7
176
1
 90
5
176
1
 90
0
176
1
 90
0
176
1
290
0
176
1
 90
1
176
1
 40
0.0
176
1
 90
0
176
1
290
0
176
1
290
1
176
1
290
1
176
1
290
0
176
1
290
0
176
1
290
0
176
1
290
0
176
1
290
0
176
1
290
0
176
1
 90
50
176
1
 40
0.0
176
1
 40
1.0
176
1
 90
0
176
1
 62
18
420
0
176
1
 90
50
176
1
 90
3
176
1
 62
5
420
255
176
1
290
0
176
1
 90
50
176
1
 90
50
176
1
 90
50
176
1
290
0
176
1
 90
50
176
1
 62
256
176
0
 40
1.0
176
0
 90
2
176
1
  1
strokes_ogs.tif
176
1
290
0
176
1
 40
1.0
176
1
 40
1.0
176
1
  0
VISUALSTYLE
  5
67
102
{ACAD_REACTORS
330
16
102
}
330
16
100
AcDbVisualStyle
  2
JitterOff
 70
20
177
3
291
1
 70
58
 90
2
176
1
 90
2
176
1
 90
0
176
1
 90
2
176
1
 40
0.6
176
1
 40
30.0
176
1
 62
7
420
16777215
176
1
 90
1
176
1
 90
4
176
1
 62
7
176
1
 62
257
176
1
 90
1
176
1
 90
1
176
1
 40
1.0
176
1
 90
8
176
1
 62
7
176
1
 40
1.0
176
1
 90
1
176
1
 90
6
176
1
 90
2
176
1
 62
7
176
1
 90
5
176
1
 90
0
176
1
 90
0
176
1
290
0
176
1
 90
1
176
1
 40
0.0
176
1
 90
0
176
1
290
0
176
1
290
1
176
1
290
1
176
1
290
0
176
1
290
0
176
1
290
0
176
1
290
0
176
1
290
0
176
1
290
0
176
1
 90
50
176
1
 40
0.0
176
1
 40
1.0
176
1
 90
0
176
1
 62
18
420
0
176
1
 90
50
176
1
 90
3
176
1
 62
5
420
255
176
1
290
0
176
1
 90
50
176
1
 90
50
176
1
 90
50
176
1
290
0
176
1
 90
50
176
1
 62
256
176
0
 40
1.0
176
0
 90
2
176
1
  1
strokes_ogs.tif
176
1
290
0
176
1
 40
1.0
176
1
 40
1.0
176
1
  0
VISUALSTYLE
  5
68
102
{ACAD_REACTORS
330
16
102
}
330
16
100
AcDbVisualStyle
  2
Linepattern
 70
14
177
3
291
1
 70
58
 90
2
176
1
 90
2
176
1
 90
0
176
1
 90
2
176
1
 40
0.6
176
1
 40
30.0
176
1
 62
7
420
16777215
176
1
 90
1
176
1
 90
4
176
1
 62
7
176
1
 62
257
176
1
 90
1
176
1
 90
1
176
1
 40
1.0
176
1
 90
8
176
1
 62
7
176
1
 40
1.0
176
1
 90
1
176
1
 90
6
176
1
 90
2
176
1
 62
7
176
1
 90
5
176
1
 90
0
176
1
 90
0
176
1
290
0
176
1
 90
1
176
1
 40
0.0
176
1
 90
0
176
1
290
0
176
1
290
1
176
1
290
1
176
1
290
0
176
1
290
0
176
1
290
0
176
1
290
0
176
1
290
0
176
1
290
0
176
1
 90
50
176
1
 40
0.0
176
1
 40
1.0
176
1
 90
0
176
1
 62
18
420
0
176
1
 90
50
176
1
 90
3
176
1
 62
5
420
255
176
1
290
0
176
1
 90
50
176
1
 90
50
176
1
 90
50
176
1
290
0
176
1
 90
50
176
1
 62
256
176
0
 40
1.0
176
0
 90
2
176
1
  1
strokes_ogs.tif
176
1
290
0
176
1
 40
1.0
176
1
 40
1.0
176
1
  0
VISUALSTYLE
  5
69
102
{ACAD_REACTORS
330
16
102
}
330
16
100
AcDbVisualStyle
  2
Modeling
 70
10
177
3
291
0
 70
58
 90
2
176
1
 90
2
176
1
 90
0
176
1
 90
2
176
1
 40
0.6
176
1
 40
30.0
176
1
 62
7
420
16777215
176
1
 90
1
176
1
 90
4
176
1
 62
7
176
1
 62
257
176
1
 90
1
176
1
 90
1
176
1
 40
1.0
176
1
 90
8
176
1
 62
7
176
1
 40
1.0
176
1
 90
1
176
1
 90
6
176
1
 90
2
176
1
 62
7
176
1
 90
5
176
1
 90
0
176
1
 90
0
176
1
290
0
176
1
 90
1
176
1
 40
0.0
176
1
 90
0
176
1
290
0
176
1
290
1
176
1
290
1
176
1
290
0
176
1
290
0
176
1
290
0
176
1
290
0
176
1
290
0
176
1
290
0
176
1
 90
50
176
1
 40
0.0
176
1
 40
1.0
176
1
 90
0
176
1
 62
18
420
0
176
1
 90
50
176
1
 90
3
176
1
 62
5
420
255
176
1
290
0
176
1
 90
50
176
1
 90
50
176
1
 90
50
176
1
290
0
176
1
 90
50
176
1
 62
256
176
0
 40
1.0
176
0
 90
2
176
1
  1
strokes_ogs.tif
176
1
290
0
176
1
 40
1.0
176
1
 40
1.0
176
1
  0
VISUALSTYLE
  5
6A
102
{ACAD_REACTORS
330
16
102
}
330
16
100
AcDbVisualStyle
  2
OverhangOff
 70
21
177
3
291
1
 70
58
 90
2
176
1
 90
2
176
1
 90
0
176
1
 90
2
176
1
 40
0.6
176
1
 40
30.0
176
1
 62
7
420
16777215
176
1
 90
1
176
1
 90
4
176
1
 62
7
176
1
 62
257
176
1
 90
1
176
1
 90
1
176
1
 40
1.0
176
1
 90
8
176
1
 62
7
176
1
 40
1.0
176
1
 90
1
176
1
 90
6
176
1
 90
2
176
1
 62
7
176
1
 90
5
176
1
 90
0
176
1
 90
0
176
1
290
0
176
1
 90
1
176
1
 40
0.0
176
1
 90
0
176
1
290
0
176
1
290
1
176
1
290
1
176
1
290
0
176
1
290
0
176
1
290
0
176
1
290
0
176
1
290
0
176
1
290
0
176
1
 90
50
176
1
 40
0.0
176
1
 40
1.0
176
1
 90
0
176
1
 62
18
420
0
176
1
 90
50
176
1
 90
3
176
1
 62
5
420
255
176
1
290
0
176
1
 90
50
176
1
 90
50
176
1
 90
50
176
1
290
0
176
1
 90
50
176
1
 62
256
176
0
 40
1.0
176
0
 90
2
176
1
  1
strokes_ogs.tif
176
1
290
0
176
1
 40
1.0
176
1
 40
1.0
176
1
  0
VISUALSTYLE
  5
6B
102
{ACAD_REACTORS
330
16
102
}
330
16
100
AcDbVisualStyle
  2
Realistic
 70
8
177
3
291
0
 70
58
 90
2
176
1
 90
2
176
1
 90
0
176
1
 90
2
176
1
 40
0.6
176
1
 40
30.0
176
1
 62
7
420
16777215
176
1
 90
1
176
1
 90
4
176
1
 62
7
176
1
 62
257
176
1
 90
1
176
1
 90
1
176
1
 40
1.0
176
1
 90
8
176
1
 62
7
176
1
 40
1.0
176
1
 90
1
176
1
 90
6
176
1
 90
2
176
1
 62
7
176
1
 90
5
176
1
 90
0
176
1
 90
0
176
1
290
0
176
1
 90
1
176
1
 40
0.0
176
1
 90
0
176
1
290
0
176
1
290
1
176
1
290
1
176
1
290
0
176
1
290
0
176
1
290
0
176
1
290
0
176
1
290
0
176
1
290
0
176
1
 90
50
176
1
 40
0.0
176
1
 40
1.0
176
1
 90
0
176
1
 62
18
420
0
176
1
 90
50
176
1
 90
3
176
1
 62
5
420
255
176
1
290
0
176
1
 90
50
176
1
 90
50
176
1
 90
50
176
1
290
0
176
1
 90
50
176
1
 62
256
176
0
 40
1.0
176
0
 90
2
176
1
  1
strokes_ogs.tif
176
1
290
0
176
1
 40
1.0
176
1
 40
1.0
176
1
  0
VISUALSTYLE
  5
6C
102
{ACAD_REACTORS
330
16
102
}
330
16
100
AcDbVisualStyle
  2
Shaded
 70
27
177
3
291
0
 70
58
 90
2
176
1
 90
2
176
1
 90
0
176
1
 90
2
176
1
 40
0.6
176
1
 40
30.0
176
1
 62
7
420
16777215
176
1
 90
1
176
1
 90
4
176
1
 62
7
176
1
 62
257
176
1
 90
1
176
1
 90
1
176
1
 40
1.0
176
1
 90
8
176
1
 62
7
176
1
 40
1.0
176
1
 90
1
176
1
 90
6
176
1
 90
2
176
1
 62
7
176
1
 90
5
176
1
 90
0
176
1
 90
0
176
1
290
0
176
1
 90
1
176
1
 40
0.0
176
1
 90
0
176
1
290
0
176
1
290
1
176
1
290
1
176
1
290
0
176
1
290
0
176
1
290
0
176
1
290
0
176
1
290
0
176
1
290
0
176
1
 90
50
176
1
 40
0.0
176
1
 40
1.0
176
1
 90
0
176
1
 62
18
420
0
176
1
 90
50
176
1
 90
3
176
1
 62
5
420
255
176
1
290
0
176
1
 90
50
176
1
 90
50
176
1
 90
50
176
1
290
0
176
1
 90
50
176
1
 62
256
176
0
 40
1.0
176
0
 90
2
176
1
  1
strokes_ogs.tif
176
1
290
0
176
1
 40
1.0
176
1
 40
1.0
176
1
  0
VISUALSTYLE
  5
6D
102
{ACAD_REACTORS
330
16
102
}
330
16
100
AcDbVisualStyle
  2
Shaded with edges
 70
26
177
3
291
0
 70
58
 90
2
176
1
 90
2
176
1
 90
0
176
1
 90
2
176
1
 40
0.6
176
1
 40
30.0
176
1
 62
7
420
16777215
176
1
 90
1
176
1
 90
4
176
1
 62
7
176
1
 62
257
176
1
 90
1
176
1
 90
1
176
1
 40
1.0
176
1
 90
8
176
1
 62
7
176
1
 40
1.0
176
1
 90
1
176
1
 90
6
176
1
 90
2
176
1
 62
7
176
1
 90
5
176
1
 90
0
176
1
 90
0
176
1
290
0
176
1
 90
1
176
1
 40
0.0
176
1
 90
0
176
1
290
0
176
1
290
1
176
1
290
1
176
1
290
0
176
1
290
0
176
1
290
0
176
1
290
0
176
1
290
0
176
1
290
0
176
1
 90
50
176
1
 40
0.0
176
1
 40
1.0
176
1
 90
0
176
1
 62
18
420
0
176
1
 90
50
176
1
 90
3
176
1
 62
5
420
255
176
1
290
0
176
1
 90
50
176
1
 90
50
176
1
 90
50
176
1
290
0
176
1
 90
50
176
1
 62
256
176
0
 40
1.0
176
0
 90
2
176
1
  1
strokes_ogs.tif
176
1
290
0
176
1
 40
1.0
176
1
 40
1.0
176
1
  0
VISUALSTYLE
  5
6E
102
{ACAD_REACTORS
330
16
102
}
330
16
100
AcDbVisualStyle
  2
Shades of Gray
 70
23
177
3
291
0
 70
58
 90
2
176
1
 90
2
176
1
 90
0
176
1
 90
2
176
1
 40
0.6
176
1
 40
30.0
176
1
 62
7
420
16777215
176
1
 90
1
176
1
 90
4
176
1
 62
7
176
1
 62
257
176
1
 90
1
176
1
 90
1
176
1
 40
1.0
176
1
 90
8
176
1
 62
7
176
1
 40
1.0
176
1
 90
1
176
1
 90
6
176
1
 90
2
176
1
 62
7
176
1
 90
5
176
1
 90
0
176
1
 90
0
176
1
290
0
176
1
 90
1
176
1
 40
0.0
176
1
 90
0
176
1
290
0
176
1
290
1
176
1
290
1
176
1
290
0
176
1
290
0
176
1
290
0
176
1
290
0
176
1
290
0
176
1
290
0
176
1
 90
50
176
1
 40
0.0
176
1
 40
1.0
176
1
 90
0
176
1
 62
18
420
0
176
1
 90
50
176
1
 90
3
176
1
 62
5
420
255
176
1
290
0
176
1
 90
50
176
1
 90
50
176
1
 90
50
176
1
290
0
176
1
 90
50
176
1
 62
256
176
0
 40
1.0
176
0
 90
2
176
1
  1
strokes_ogs.tif
176
1
290
0
176
1
 40
1.0
176
1
 40
1.0
176
1
  0
VISUALSTYLE
  5
6F
102
{ACAD_REACTORS
330
16
102
}
330
16
100
AcDbVisualStyle
  2
Sketchy
 70
24
177
3
291
0
 70
58
 90
2
176
1
 90
2
176
1
 90
0
176
1
 90
1
176
1
 40
0.6
176
1
 40
30.0
176
1
 62
7
420
16777215
176
1
 90
1
176
1
 90
4
176
1
 62
7
176
1
 62
257
176
1
 90
1
176
1
 90
1
176
1
 40
1.0
176
1
 90
8
176
1
 62
7
176
1
 40
1.0
176
1
 90
1
176
1
 90
6
176
1
 90
2
176
1
 62
7
176
1
 90
5
176
1
 90
0
176
1
 90
0
176
1
290
0
176
1
 90
1
176
1
 40
0.0
176
1
 90
0
176
1
290
0
176
1
290
1
176
1
290
1
176
1
290
0
176
1
290
0
176
1
290
0
176
1
290
0
176
1
290
0
176
1
290
0
176
1
 90
50
176
1
 40
0.0
176
1
 40
1.0
176
1
 90
0
176
1
 62
18
420
0
176
1
 90
50
176
1
 90
3
176
1
 62
5
420
255
176
1
290
0
176
1
 90
50
176
1
 90
50
176
1
 90
50
176
1
290
0
176
1
 90
50
176
1
 62
256
176
0
 40
1.0
176
0
 90
2
176
1
  1
strokes_ogs.tif
176
1
290
0
176
1
 40
1.0
176
1
 40
1.0
176
1
  0
VISUALSTYLE
  5
70
102
{ACAD_REACTORS
330
16
102
}
330
16
100
AcDbVisualStyle
  2
Thicken
 70
13
177
3
291
1
 70
58
 90
2
176
1
 90
2
176
1
 90
0
176
1
 90
2
176
1
 40
0.6
176
1
 40
30.0
176
1
 62
7
420
16777215
176
1
 90
1
176
1
 90
4
176
1
 62
7
176
1
 62
257
176
1
 90
1
176
1
 90
1
176
1
 40
1.0
176
1
 90
8
176
1
 62
7
176
1
 40
1.0
176
1
 90
1
176
1
 90
6
176
1
 90
2
176
1
 62
7
176
1
 90
5
176
1
 90
0
176
1
 90
0
176
1
290
0
176
1
 90
1
176
1
 40
0.0
176
1
 90
0
176
1
290
0
176
1
290
1
176
1
290
1
176
1
290
0
176
1
290
0
176
1
290
0
176
1
290
0
176
1
290
0
176
1
290
0
176
1
 90
50
176
1
 40
0.0
176
1
 40
1.0
176
1
 90
0
176
1
 62
18
420
0
176
1
 90
50
176
1
 90
3
176
1
 62
5
420
255
176
1
290
0
176
1
 90
50
176
1
 90
50
176
1
 90
50
176
1
290
0
176
1
 90
50
176
1
 62
256
176
0
 40
1.0
176
0
 90
2
176
1
  1
strokes_ogs.tif
176
1
290
0
176
1
 40
1.0
176
1
 40
1.0
176
1
  0
VISUALSTYLE
  5
71
102
{ACAD_REACTORS
330
16
102
}
330
16
100
AcDbVisualStyle
  2
Wireframe
 70
5
177
3
291
0
 70
58
 90
2
176
1
 90
2
176
1
 90
0
176
1
 90
0
176
1
 40
0.6
176
1
 40
30.0
176
1
 62
7
420
16777215
176
1
 90
1
176
1
 90
4
176
1
 62
7
176
1
 62
257
176
1
 90
1
176
1
 90
1
176
1
 40
1.0
176
1
 90
8
176
1
 62
7
176
1
 40
1.0
176
1
 90
1
176
1
 90
6
176
1
 90
2
176
1
 62
7
176
1
 90
5
176
1
 90
0
176
1
 90
0
176
1
290
0
176
1
 90
1
176
1
 40
0.0
176
1
 90
0
176
1
290
0
176
1
290
1
176
1
290
1
176
1
290
0
176
1
290
0
176
1
290
0
176
1
290
0
176
1
290
0
176
1
290
0
176
1
 90
50
176
1
 40
0.0
176
1
 40
1.0
176
1
 90
0
176
1
 62
18
420
0
176
1
 90
50
176
1
 90
3
176
1
 62
5
420
255
176
1
290
0
176
1
 90
50
176
1
 90
50
176
1
 90
50
176
1
290
0
176
1
 90
50
176
1
 62
256
176
0
 40
1.0
176
0
 90
2
176
1
  1
strokes_ogs.tif
176
1
290
0
176
1
 40
1.0
176
1
 40
1.0
176
1
  0
VISUALSTYLE
  5
72
102
{ACAD_REACTORS
330
16
102
}
330
16
100
AcDbVisualStyle
  2
X-Ray
 70
25
177
3
291
0
 70
58
 90
2
176
1
 90
2
176
1
 90
0
176
1
 90
2
176
1
 40
0.5
176
1
 40
30.0
176
1
 62
7
420
16777215
176
1
 90
1
176
1
 90
4
176
1
 62
7
176
1
 62
257
176
1
 90
1
176
1
 90
1
176
1
 40
1.0
176
1
 90
8
176
1
 62
7
176
1
 40
1.0
176
1
 90
1
176
1
 90
6
176
1
 90
2
176
1
 62
7
176
1
 90
5
176
1
 90
0
176
1
 90
0
176
1
290
0
176
1
 90
1
176
1
 40
0.0
176
1
 90
0
176
1
290
0
176
1
290
1
176
1
290
1
176
1
290
0
176
1
290
0
176
1
290
0
176
1
290
0
176
1
290
0
176
1
290
0
176
1
 90
50
176
1
 40
0.0
176
1
 40
1.0
176
1
 90
0
176
1
 62
18
420
0
176
1
 90
50
176
1
 90
3
176
1
 62
5
420
255
176
1
290
0
176
1
 90
50
176
1
 90
50
176
1
 90
50
176
1
290
0
176
1
 90
50
176
1
 62
256
176
0
 40
1.0
176
0
 90
2
176
1
  1
strokes_ogs.tif
176
1
290
0
176
1
 40
1.0
176
1
 40
1.0
176
1
  0
DICTIONARYVAR
  5
57E
330
2D
100
DictionaryVariables
280
0
  1
1.4.4 @ 2026-10-08T17:37:24.108539+00:00
  0
ENDSEC
  0
EOF
