  0
SECTION
  2
HEADER
  9
$ACADVER
  1
AC1032
  9
$ACADMAINTVER
 90
4
  9
$DWGCODEPAGE
  3
ANSI_1252
  9
$LASTSAVEDBY
  1
ezdxf
  9
$REQUIREDVERSIONS
160
0
  9
$INSBASE
 10
0.0
 20
0.0
 30
0.0
  9
$EXTMIN
 10
1e+20
 20
1e+20
 30
1e+20
  9
$EXTMAX
 10
-1e+20
 20
-1e+20
 30
-1e+20
  9
$LIMMIN
 10
0.0
 20
0.0
  9
$LIMMAX
 10
420.0
 20
297.0
  9
$ORTHOMODE
 70
0
  9
$REGENMODE
 70
1
  9
$FILLMODE
 70
1
  9
$QTEXTMODE
 70
0
  9
$MIRRTEXT
 70
1
  9
$LTSCALE
 40
1.0
  9
$ATTMODE
 70
1
  9
$TEXTSIZE
 40
2.5
  9
$TRACEWID
 40
1.0
  9
$TEXTSTYLE
  7
OpenSans
  9
$CLAYER
  8
0
  9
$CELTYPE
  6
ByLayer
  9
$CECOLOR
 62
256
  9
$CELTSCALE
 40
1.0
  9
$DISPSILH
 70
0
  9
$DIMSCALE
 40
1.0
  9
$DIMASZ
 40
0.175
  9
$DIMEXO
 40
0.125
  9
$DIMDLI
 40
3.75
  9
$DIMRND
 40
0.0
  9
$DIMDLE
 40
0.0
  9
$DIMEXE
 40
0.375
  9
$DIMTP
 40
0.0
  9
$DIMTM
 40
0.0
  9
$DIMTXT
 40
0.25
  9
$DIMCEN
 40
2.5
  9
$DIMTSZ
 40
0.0
  9
$DIMTOL
 70
0
  9
$DIMLIM
 70
0
  9
$DIMTIH
 70
0
  9
$DIMTOH
 70
0
  9
$DIMSE1
 70
0
  9
$DIMSE2
 70
0
  9
$DIMTAD
 70
1
  9
$DIMZIN
 70
12
  9
$DIMBLK
  1
ARCHTICK
  9
$DIMASO
 70
1
  9
$DIMSHO
 70
1
  9
$DIMPOST
  1

  9
$DIMAPOST
  1

  9
$DIMALT
 70
0
  9
$DIMALTD
 70
3
  9
$DIMALTF
 40
0.03937007874
  9
$DIMLFAC
 40
100.0
  9
$DIMTOFL
 70
1
  9
$DIMTVP
 40
0.0
  9
$DIMTIX
 70
0
  9
$DIMSOXD
 70
0
  9
$DIMSAH
 70
0
  9
$DIMBLK1
  1

  9
$DIMBLK2
  1

  9
$DIMSTYLE
  2
EZDXF
  9
$DIMCLRD
 70
0
  9
$DIMCLRE
 70
0
  9
$DIMCLRT
 70
0
  9
$DIMTFAC
 40
0.5
  9
$DIMGAP
 40
0.1
  9
$DIMJUST
 70
0
  9
$DIMSD1
 70
0
  9
$DIMSD2
 70
0
  9
$DIMTOLJ
 70
0
  9
$DIMTZIN
 70
8
  9
$DIMALTZ
 70
0
  9
$DIMALTTZ
 70
0
  9
$DIMUPT
 70
1
  9
$DIMDEC
 70
2
  9
$DIMTDEC
 70
2
  9
$DIMALTU
 70
2
  9
$DIMALTTD
 70
3
  9
$DIMTXSTY
  7
OpenSansCondensed-Light
  9
$DIMAUNIT
 70
0
  9
$DIMADEC
 70
2
  9
$DIMALTRND
 40
0.0
  9
$DIMAZIN
 70
3
  9
$DIMDSEP
 70
46
  9
$DIMATFIT
 70
3
  9
$DIMFRAC
 70
0
  9
$DIMLDRBLK
  1

  9
$DIMLUNIT
 70
2
  9
$DIMLWD
 70
-2
  9
$DIMLWE
 70
-2
  9
$DIMTMOVE
 70
2
  9
$DIMFXL
 40
1.0
  9
$DIMFXLON
 70
0
  9
$DIMJOGANG
 40
0.785398163397
  9
$DIMTFILL
 70
0
  9
$DIMTFILLCLR
 70
0
  9
$DIMARCSYM
 70
0
  9
$DIMLTYPE
  6

  9
$DIMLTEX1
  6

  9
$DIMLTEX2
  6

  9
$DIMTXTDIRECTION
 70
0
  9
$LUNITS
 70
2
  9
$LUPREC
 70
4
  9
$SKETCHINC
 40
1.0
  9
$FILLETRAD
 40
10.0
  9
$AUNITS
 70
0
  9
$AUPREC
 70
2
  9
$MENU
  1
.
  9
$ELEVATION
 40
0.0
  9
$PELEVATION
 40
0.0
  9
$THICKNESS
 40
0.0
  9
$LIMCHECK
 70
0
  9
$CHAMFERA
 40
0.0
  9
$CHAMFERB
 40
0.0
  9
$CHAMFERC
 40
0.0
  9
$CHAMFERD
 40
0.0
  9
$SKPOLY
 70
0
  9
$TDCREATE
 40
2461322.7118055555
  9
$TDUCREATE
 40
2458532.153996898
  9
$TDUPDATE
 40
2461322.7118055555
  9
$TDUUPDATE
 40
2458532.1544311
  9
$TDINDWG
 40
0.0
  9
$TDUSRTIMER
 40
0.0
  9
$USRTIMER
 70
1
  9
$ANGBASE
 50
0.0
  9
$ANGDIR
 70
0
  9
$PDMODE
 70
0
  9
$PDSIZE
 40
0.0
  9
$PLINEWID
 40
0.0
  9
$SPLFRAME
 70
0
  9
$SPLINETYPE
 70
6
  9
$SPLINESEGS
 70
8
  9
$HANDSEED
  5
3FF
  9
$SURFTAB1
 70
6
  9
$SURFTAB2
 70
6
  9
$SURFTYPE
 70
6
  9
$SURFU
 70
6
  9
$SURFV
 70
6
  9
$UCSBASE
  2

  9
$UCSNAME
  2

  9
$UCSORG
 10
0.0
 20
0.0
 30
0.0
  9
$UCSXDIR
 10
1.0
 20
0.0
 30
0.0
  9
$UCSYDIR
 10
0.0
 20
1.0
 30
0.0
  9
$UCSORTHOREF
  2

  9
$UCSORTHOVIEW
 70
0
  9
$UCSORGTOP
 10
0.0
 20
0.0
 30
0.0
  9
$UCSORGBOTTOM
 10
0.0
 20
0.0
 30
0.0
  9
$UCSORGLEFT
 10
0.0
 20
0.0
 30
0.0
  9
$UCSORGRIGHT
 10
0.0
 20
0.0
 30
0.0
  9
$UCSORGFRONT
 10
0.0
 20
0.0
 30
0.0
  9
$UCSORGBACK
 10
0.0
 20
0.0
 30
0.0
  9
$PUCSBASE
  2

  9
$PUCSNAME
  2

  9
$PUCSORG
 10
0.0
 20
0.0
 30
0.0
  9
$PUCSXDIR
 10
1.0
 20
0.0
 30
0.0
  9
$PUCSYDIR
 10
0.0
 20
1.0
 30
0.0
  9
$PUCSORTHOREF
  2

  9
$PUCSORTHOVIEW
 70
0
  9
$PUCSORGTOP
 10
0.0
 20
0.0
 30
0.0
  9
$PUCSORGBOTTOM
 10
0.0
 20
0.0
 30
0.0
  9
$PUCSORGLEFT
 10
0.0
 20
0.0
 30
0.0
  9
$PUCSORGRIGHT
 10
0.0
 20
0.0
 30
0.0
  9
$PUCSORGFRONT
 10
0.0
 20
0.0
 30
0.0
  9
$PUCSORGBACK
 10
0.0
 20
0.0
 30
0.0
  9
$USERI1
 70
0
  9
$USERI2
 70
0
  9
$USERI3
 70
0
  9
$USERI4
 70
0
  9
$USERI5
 70
0
  9
$USERR1
 40
0.0
  9
$USERR2
 40
0.0
  9
$USERR3
 40
0.0
  9
$USERR4
 40
0.0
  9
$USERR5
 40
0.0
  9
$WORLDVIEW
 70
1
  9
$SHADEDGE
 70
3
  9
$SHADEDIF
 70
70
  9
$TILEMODE
 70
1
  9
$MAXACTVP
 70
64
  9
$PINSBASE
 10
0.0
 20
0.0
 30
0.0
  9
$PLIMCHECK
 70
0
  9
$PEXTMIN
 10
1e+20
 20
1e+20
 30
1e+20
  9
$PEXTMAX
 10
-1e+20
 20
-1e+20
 30
-1e+20
  9
$PLIMMIN
 10
0.0
 20
0.0
  9
$PLIMMAX
 10
420.0
 20
297.0
  9
$UNITMODE
 70
0
  9
$VISRETAIN
 70
1
  9
$PLINEGEN
 70
0
  9
$PSLTSCALE
 70
1
  9
$TREEDEPTH
 70
3020
  9
$CMLSTYLE
  2
Standard
  9
$CMLJUST
 70
0
  9
$CMLSCALE
 40
20.0
  9
$PROXYGRAPHICS
 70
1
  9
$MEASUREMENT
 70
1
  9
$CELWEIGHT
370
-1
  9
$ENDCAPS
280
0
  9
$JOINSTYLE
280
0
  9
$LWDISPLAY
290
0
  9
$INSUNITS
 70
4
  9
$HYPERLINKBASE
  1

  9
$STYLESHEET
  1

  9
$XEDIT
290
1
  9
$CEPSNTYPE
380
0
  9
$PSTYLEMODE
290
1
  9
$FINGERPRINTGUID
  2
{74565512-2379-48EE-8883-53C2A5CA930F}
  9
$VERSIONGUID
  2
{9A7EEEE5-322C-432F-B15B-93E3D26D3793}
  9
$EXTNAMES
290
1
  9
$PSVPSCALE
 40
0.0
  9
$OLESTARTUP
290
0
  9
$SORTENTS
280
127
  9
$INDEXCTL
280
0
  9
$HIDETEXT
280
1
  9
$XCLIPFRAME
280
1
  9
$HALOGAP
280
0
  9
$OBSCOLOR
 70
257
  9
$OBSLTYPE
280
0
  9
$INTERSECTIONDISPLAY
280
0
  9
$INTERSECTIONCOLOR
 70
257
  9
$DIMASSOC
280
2
  9
$PROJECTNAME
  1

  9
$CAMERADISPLAY
290
0
  9
$LENSLENGTH
 40
50.0
  9
$CAMERAHEIGHT
 40
0.0
  9
$STEPSPERSEC
 40
24.0
  9
$STEPSIZE
 40
100.0
  9
$3DDWFPREC
 40
2.0
  9
$PSOLWIDTH
 40
0.005
  9
$PSOLHEIGHT
 40
0.08
  9
$LOFTANG1
 40
1.570796326795
  9
$LOFTANG2
 40
1.570796326795
  9
$LOFTMAG1
 40
0.0
  9
$LOFTMAG2
 40
0.0
  9
$LOFTPARAM
 70
7
  9
$LOFTNORMALS
280
1
  9
$LATITUDE
 40
37.795
  9
$LONGITUDE
 40
-122.394
  9
$NORTHDIRECTION
 40
0.0
  9
$TIMEZONE
 70
-8000
  9
$LIGHTGLYPHDISPLAY
280
1
  9
$TILEMODELIGHTSYNCH
280
1
  9
$CMATERIAL
347
20
  9
$SOLIDHIST
280
0
  9
$SHOWHIST
280
1
  9
$DWFFRAME
280
2
  9
$DGNFRAME
280
2
  9
$REALWORLDSCALE
290
1
  9
$INTERFERECOLOR
 62
256
  9
$CSHADOW
280
0
  9
$SHADOWPLANELOCATION
 40
0.0
  0
ENDSEC
  0
SECTION
  2
CLASSES
  0
CLASS
  1
ACDBDICTIONARYWDFLT
  2
AcDbDictionaryWithDefault
  3
ObjectDBX Classes
 90
0
 91
0
280
0
281
0
  0
CLASS
  1
SUN
  2
AcDbSun
  3
SCENEOE
 90
1153
 91
0
280
0
281
0
  0
CLASS
  1
VISUALSTYLE
  2
AcDbVisualStyle
  3
ObjectDBX Classes
 90
4095
 91
0
280
0
281
0
  0
CLASS
  1
MATERIAL
  2
AcDbMaterial
  3
ObjectDBX Classes
 90
1153
 91
0
280
0
281
0
  0
CLASS
  1
SCALE
  2
AcDbScale
  3
ObjectDBX Classes
 90
1153
 91
0
280
0
281
0
  0
CLASS
  1
TABLESTYLE
  2
AcDbTableStyle
  3
ObjectDBX Classes
 90
4095
 91
0
280
0
281
0
  0
CLASS
  1
MLEADERSTYLE
  2
AcDbMLeaderStyle
  3
ACDB_MLEADERSTYLE_CLASS
 90
4095
 91
0
280
0
281
0
  0
CLASS
  1
DICTIONARYVAR
  2
AcDbDictionaryVar
  3
ObjectDBX Classes
 90
0
 91
0
280
0
281
0
  0
CLASS
  1
CELLSTYLEMAP
  2
AcDbCellStyleMap
  3
ObjectDBX Classes
 90
1152
 91
0
280
0
281
0
  0
CLASS
  1
MENTALRAYRENDERSETTINGS
  2
AcDbMentalRayRenderSettings
  3
SCENEOE
 90
1024
 91
0
280
0
281
0
  0
CLASS
  1
ACDBDETAILVIEWSTYLE
  2
AcDbDetailViewStyle
  3
ObjectDBX Classes
 90
1025
 91
0
280
0
281
0
  0
CLASS
  1
ACDBSECTIONVIEWSTYLE
  2
AcDbSectionViewStyle
  3
ObjectDBX Classes
 90
1025
 91
0
280
0
281
0
  0
CLASS
  1
RASTERVARIABLES
  2
AcDbRasterVariables
  3
ISM
 90
0
 91
0
280
0
281
0
  0
CLASS
  1
ACDBPLACEHOLDER
  2
AcDbPlaceHolder
  3
ObjectDBX Classes
 90
0
 91
0
280
0
281
0
  0
CLASS
  1
LAYOUT
  2
AcDbLayout
  3
ObjectDBX Classes
 90
0
 91
0
280
0
281
0
  0
ENDSEC
  0
SECTION
  2
TABLES
  0
TABLE
  2
VPORT
  5
8
330
0
100
AcDbSymbolTable
 70
1
  0
VPORT
  5
23
330
8
100
AcDbSymbolTableRecord
100
AcDbViewportTableRecord
  2
*Active
 70
0
 10
0.0
 20
0.0
 11
1.0
 21
1.0
 12
0.0
 22
0.0
 13
0.0
 23
0.0
 14
0.5
 24
0.5
 15
0.5
 25
0.5
 16
0.0
 26
0.0
 36
1.0
 17
0.0
 27
0.0
 37
0.0
 40
1000.0
 41
1.34
 42
50.0
 43
0.0
 44
0.0
 50
0.0
 51
0.0
 71
0
 72
1000
 73
1
 74
3
 75
0
 76
0
 77
0
 78
0
281
0
 65
0
146
0.0
  0
ENDTAB
  0
TABLE
  2
LTYPE
  5
2
330
0
100
AcDbSymbolTable
 70
21
  0
LTYPE
  5
24
330
2
100
AcDbSymbolTableRecord
100
AcDbLinetypeTableRecord
  2
ByBlock
 70
0
  3

 72
65
 73
0
 40
0.0
  0
LTYPE
  5
25
330
2
100
AcDbSymbolTableRecord
100
AcDbLinetypeTableRecord
  2
ByLayer
 70
0
  3

 72
65
 73
0
 40
0.0
  0
LTYPE
  5
26
330
2
100
AcDbSymbolTableRecord
100
AcDbLinetypeTableRecord
  2
Continuous
 70
0
  3

 72
65
 73
0
 40
0.0
  0
LTYPE
  5
2F
330
2
100
AcDbSymbolTableRecord
100
AcDbLinetypeTableRecord
  2
CENTER
 70
0
  3
Center ____ _ ____ _ ____ _ ____ _ ____ _ ____
 72
65
 73
4
 40
5.08
 49
3.175
 74
0
 49
-0.635
 74
0
 49
0.635
 74
0
 49
-0.635
 74
0
  0
LTYPE
  5
30
330
2
100
AcDbSymbolTableRecord
100
AcDbLinetypeTableRecord
  2
CENTERX2
 70
0
  3
Center (2x) ________  __  ________  __  ________
 72
65
 73
4
 40
8.89
 49
6.35
 74
0
 49
-0.635
 74
0
 49
1.27
 74
0
 49
-0.635
 74
0
  0
LTYPE
  5
31
330
2
100
AcDbSymbolTableRecord
100
AcDbLinetypeTableRecord
  2
CENTER2
 70
0
  3
Center (.5x) ____ _ ____ _ ____ _ ____ _ ____
 72
65
 73
4
 40
2.54
 49
1.587
 74
0
 49
-0.318
 74
0
 49
0.318
 74
0
 49
-0.318
 74
0
  0
LTYPE
  5
32
330
2
100
AcDbSymbolTableRecord
100
AcDbLinetypeTableRecord
  2
DASHED
 70
0
  3
Dashed __ __ __ __ __ __ __ __ __ __ __ __ __ _
 72
65
 73
2
 40
1.524
 49
1.27
 74
0
 49
-0.254
 74
0
  0
LTYPE
  5
33
330
2
100
AcDbSymbolTableRecord
100
AcDbLinetypeTableRecord
  2
DASHEDX2
 70
0
  3
Dashed (2x) ____  ____  ____  ____  ____  ____
 72
65
 73
2
 40
3.048
 49
2.54
 74
0
 49
-0.508
 74
0
  0
LTYPE
  5
34
330
2
100
AcDbSymbolTableRecord
100
AcDbLinetypeTableRecord
  2
DASHED2
 70
0
  3
Dashed (.5x) _ _ _ _ _ _ _ _ _ _ _ _ _ _
 72
65
 73
2
 40
0.762
 49
0.635
 74
0
 49
-0.127
 74
0
  0
LTYPE
  5
35
330
2
100
AcDbSymbolTableRecord
100
AcDbLinetypeTableRecord
  2
PHANTOM
 70
0
  3
Phantom ______  __  __  ______  __  __  ______
 72
65
 73
6
 40
6.35
 49
3.175
 74
0
 49
-0.635
 74
0
 49
0.635
 74
0
 49
-0.635
 74
0
 49
0.635
 74
0
 49
-0.635
 74
0
  0
LTYPE
  5
36
330
2
100
AcDbSymbolTableRecord
100
AcDbLinetypeTableRecord
  2
PHANTOMX2
 70
0
  3
Phantom (2x)____________    ____    ____    ____________
 72
65
 73
6
 40
10.795
 49
6.35
 74
0
 49
-0.635
 74
0
 49
1.27
 74
0
 49
-0.635
 74
0
 49
1.27
 74
0
 49
-0.635
 74
0
  0
LTYPE
  5
37
330
2
100
AcDbSymbolTableRecord
100
AcDbLinetypeTableRecord
  2
PHANTOM2
 70
0
  3
Phantom (.5x) ___ _ _ ___ _ _ ___ _ _ ___ _ _ ___
 72
65
 73
6
 40
3.175
 49
1.587
 74
0
 49
-0.318
 74
0
 49
0.318
 74
0
 49
-0.318
 74
0
 49
0.318
 74
0
 49
-0.318
 74
0
  0
LTYPE
  5
38
330
2
100
AcDbSymbolTableRecord
100
AcDbLinetypeTableRecord
  2
DASHDOT
 70
0
  3
Dash dot __ . __ . __ . __ . __ . __ . __ . __
 72
65
 73
4
 40
3.556
 49
2.54
 74
0
 49
-0.508
 74
0
 49
0.0
 74
0
 49
-0.508
 74
0
  0
LTYPE
  5
39
330
2
100
AcDbSymbolTableRecord
100
AcDbLinetypeTableRecord
  2
DASHDOTX2
 70
0
  3
Dash dot (2x) ____  .  ____  .  ____  .  ____
 72
65
 73
4
 40
6.096
 49
5.08
 74
0
 49
-0.508
 74
0
 49
0.0
 74
0
 49
-0.508
 74
0
  0
LTYPE
  5
3A
330
2
100
AcDbSymbolTableRecord
100
AcDbLinetypeTableRecord
  2
DASHDOT2
 70
0
  3
Dash dot (.5x) _ . _ . _ . _ . _ . _ . _ . _
 72
65
 73
4
 40
1.778
 49
1.27
 74
0
 49
-0.254
 74
0
 49
0.0
 74
0
 49
-0.254
 74
0
  0
LTYPE
  5
3B
330
2
100
AcDbSymbolTableRecord
100
AcDbLinetypeTableRecord
  2
DOT
 70
0
  3
Dot .  .  .  .  .  .  .  .  .  .  .  .  .  .  .  .
 72
65
 73
2
 40
0.508
 49
0.0
 74
0
 49
-0.508
 74
0
  0
LTYPE
  5
3C
330
2
100
AcDbSymbolTableRecord
100
AcDbLinetypeTableRecord
  2
DOTX2
 70
0
  3
Dot (2x) .    .    .    .    .    .    .    . 
 72
65
 73
2
 40
1.016
 49
0.0
 74
0
 49
-1.016
 74
0
  0
LTYPE
  5
3D
330
2
100
AcDbSymbolTableRecord
100
AcDbLinetypeTableRecord
  2
DOT2
 70
0
  3
Dot (.5) . . . . . . . . . . . . . . . . . . . 
 72
65
 73
2
 40
0.254
 49
0.0
 74
0
 49
-0.254
 74
0
  0
LTYPE
  5
3E
330
2
100
AcDbSymbolTableRecord
100
AcDbLinetypeTableRecord
  2
DIVIDE
 70
0
  3
Divide __ . . __ . . __ . . __ . . __ . . __
 72
65
 73
6
 40
4.064
 49
2.54
 74
0
 49
-0.508
 74
0
 49
0.0
 74
0
 49
-0.508
 74
0
 49
0.0
 74
0
 49
-0.508
 74
0
  0
LTYPE
  5
3F
330
2
100
AcDbSymbolTableRecord
100
AcDbLinetypeTableRecord
  2
DIVIDEX2
 70
0
  3
Divide (2x) ____  . .  ____  . .  ____  . .  ____
 72
65
 73
6
 40
6.604
 49
5.08
 74
0
 49
-0.508
 74
0
 49
0.0
 74
0
 49
-0.508
 74
0
 49
0.0
 74
0
 49
-0.508
 74
0
  0
LTYPE
  5
40
330
2
100
AcDbSymbolTableRecord
100
AcDbLinetypeTableRecord
  2
DIVIDE2
 70
0
  3
Divide(.5x) _ . _ . _ . _ . _ . _ . _ . _
 72
65
 73
6
 40
2.032
 49
1.27
 74
0
 49
-0.254
 74
0
 49
0.0
 74
0
 49
-0.254
 74
0
 49
0.0
 74
0
 49
-0.254
 74
0
  0
ENDTAB
  0
TABLE
  2
LAYER
  5
1
330
0
100
AcDbSymbolTable
 70
16
  0
LAYER
  5
27
330
1
100
AcDbSymbolTableRecord
100
AcDbLayerTableRecord
  2
0
 70
0
 62
7
  6
Continuous
370
-3
390
13
347
21
  0
LAYER
  5
28
330
1
100
AcDbSymbolTableRecord
100
AcDbLayerTableRecord
  2
Defpoints
 70
0
 62
7
  6
Continuous
290
0
370
-3
390
13
347
21
  0
LAYER
  5
8B
330
1
100
AcDbSymbolTableRecord
100
AcDbLayerTableRecord
  2
FRAME
 70
0
 62
7
  6
CONTINUOUS
370
-3
390
13
347
21
  0
LAYER
  5
8C
330
1
100
AcDbSymbolTableRecord
100
AcDbLayerTableRecord
  2
AR-WALLS
 70
0
 62
7
  6
CONTINUOUS
370
-3
390
13
347
21
  0
LAYER
  5
8D
330
1
100
AcDbSymbolTableRecord
100
AcDbLayerTableRecord
  2
AR-NEW
 70
0
 62
5
  6
CONTINUOUS
370
-3
390
13
347
21
  0
LAYER
  5
8E
330
1
100
AcDbSymbolTableRecord
100
AcDbLayerTableRecord
  2
AR-DEMO
 70
0
 62
1
  6
DASHED
370
-3
390
13
347
21
  0
LAYER
  5
8F
330
1
100
AcDbSymbolTableRecord
100
AcDbLayerTableRecord
  2
FURN
 70
0
 62
8
  6
CONTINUOUS
370
-3
390
13
347
21
  0
LAYER
  5
90
330
1
100
AcDbSymbolTableRecord
100
AcDbLayerTableRecord
  2
EL-LIGHT
 70
0
 62
30
  6
CONTINUOUS
370
-3
390
13
347
21
  0
LAYER
  5
91
330
1
100
AcDbSymbolTableRecord
100
AcDbLayerTableRecord
  2
EL-SOCKET
 70
0
 62
6
  6
CONTINUOUS
370
-3
390
13
347
21
  0
LAYER
  5
92
330
1
100
AcDbSymbolTableRecord
100
AcDbLayerTableRecord
  2
EL-LOW
 70
0
 62
3
  6
CONTINUOUS
370
-3
390
13
347
21
  0
LAYER
  5
93
330
1
100
AcDbSymbolTableRecord
100
AcDbLayerTableRecord
  2
VK
 70
0
 62
4
  6
CONTINUOUS
370
-3
390
13
347
21
  0
LAYER
  5
94
330
1
100
AcDbSymbolTableRecord
100
AcDbLayerTableRecord
  2
OV
 70
0
 62
3
  6
CONTINUOUS
370
-3
390
13
347
21
  0
LAYER
  5
95
330
1
100
AcDbSymbolTableRecord
100
AcDbLayerTableRecord
  2
DIM
 70
0
 62
7
  6
CONTINUOUS
370
-3
390
13
347
21
  0
LAYER
  5
96
330
1
100
AcDbSymbolTableRecord
100
AcDbLayerTableRecord
  2
TEXT
 70
0
 62
7
  6
CONTINUOUS
370
-3
390
13
347
21
  0
LAYER
  5
97
330
1
100
AcDbSymbolTableRecord
100
AcDbLayerTableRecord
  2
AR-FIN
 70
0
 62
9
  6
CONTINUOUS
370
-3
390
13
347
21
  0
LAYER
  5
98
330
1
100
AcDbSymbolTableRecord
100
AcDbLayerTableRecord
  2
BASE
 70
0
 62
9
  6
CONTINUOUS
370
-3
390
13
347
21
  0
ENDTAB
  0
TABLE
  2
STYLE
  5
5
330
0
100
AcDbSymbolTable
 70
27
  0
STYLE
  5
29
330
5
100
AcDbSymbolTableRecord
100
AcDbTextStyleTableRecord
  2
Standard
 70
0
 40
0.0
 41
1.0
 50
0.0
 71
0
 42
2.5
  3
DejaVuSans.ttf
  4

  0
STYLE
  5
41
330
5
100
AcDbSymbolTableRecord
100
AcDbTextStyleTableRecord
  2
OpenSans-Light
 70
0
 40
0.0
 41
1.0
 50
0.0
 71
0
 42
2.5
  3
OpenSans-Light.ttf
  4

  0
STYLE
  5
42
330
5
100
AcDbSymbolTableRecord
100
AcDbTextStyleTableRecord
  2
OpenSans-Light-Italic
 70
0
 40
0.0
 41
1.0
 50
0.0
 71
0
 42
2.5
  3
OpenSans-LightItalic.ttf
  4

  0
STYLE
  5
43
330
5
100
AcDbSymbolTableRecord
100
AcDbTextStyleTableRecord
  2
OpenSans
 70
0
 40
0.0
 41
1.0
 50
0.0
 71
0
 42
2.5
  3
OpenSans-Regular.ttf
  4

  0
STYLE
  5
44
330
5
100
AcDbSymbolTableRecord
100
AcDbTextStyleTableRecord
  2
OpenSans-Italic
 70
0
 40
0.0
 41
1.0
 50
0.0
 71
0
 42
2.5
  3
OpenSans-Italic.ttf
  4

  0
STYLE
  5
45
330
5
100
AcDbSymbolTableRecord
100
AcDbTextStyleTableRecord
  2
OpenSans-SemiBold
 70
0
 40
0.0
 41
1.0
 50
0.0
 71
0
 42
2.5
  3
OpenSans-SemiBold.ttf
  4

  0
STYLE
  5
46
330
5
100
AcDbSymbolTableRecord
100
AcDbTextStyleTableRecord
  2
OpenSans-SemiBoldItalic
 70
0
 40
0.0
 41
1.0
 50
0.0
 71
0
 42
2.5
  3
OpenSans-SemiBoldItalic.ttf
  4

  0
STYLE
  5
47
330
5
100
AcDbSymbolTableRecord
100
AcDbTextStyleTableRecord
  2
OpenSans-Bold
 70
0
 40
0.0
 41
1.0
 50
0.0
 71
0
 42
2.5
  3
OpenSans-Bold.ttf
  4

  0
STYLE
  5
48
330
5
100
AcDbSymbolTableRecord
100
AcDbTextStyleTableRecord
  2
OpenSans-BoldItalic
 70
0
 40
0.0
 41
1.0
 50
0.0
 71
0
 42
2.5
  3
OpenSans-BoldItalic.ttf
  4

  0
STYLE
  5
49
330
5
100
AcDbSymbolTableRecord
100
AcDbTextStyleTableRecord
  2
OpenSans-ExtraBold
 70
0
 40
0.0
 41
1.0
 50
0.0
 71
0
 42
2.5
  3
OpenSans-ExtraBold.ttf
  4

  0
STYLE
  5
4A
330
5
100
AcDbSymbolTableRecord
100
AcDbTextStyleTableRecord
  2
OpenSans-ExtraBoldItalic
 70
0
 40
0.0
 41
1.0
 50
0.0
 71
0
 42
2.5
  3
OpenSans-ExtraBoldItalic.ttf
  4

  0
STYLE
  5
4B
330
5
100
AcDbSymbolTableRecord
100
AcDbTextStyleTableRecord
  2
OpenSansCondensed-Bold
 70
0
 40
0.0
 41
1.0
 50
0.0
 71
0
 42
2.5
  3
OpenSansCondensed-Bold.ttf
  4

  0
STYLE
  5
4C
330
5
100
AcDbSymbolTableRecord
100
AcDbTextStyleTableRecord
  2
OpenSansCondensed-Light
 70
0
 40
0.0
 41
1.0
 50
0.0
 71
0
 42
2.5
  3
OpenSansCondensed-Light.ttf
  4

  0
STYLE
  5
4D
330
5
100
AcDbSymbolTableRecord
100
AcDbTextStyleTableRecord
  2
OpenSansCondensed-Italic
 70
0
 40
0.0
 41
1.0
 50
0.0
 71
0
 42
2.5
  3
OpenSansCondensed-LightItalic.ttf
  4

  0
STYLE
  5
4E
330
5
100
AcDbSymbolTableRecord
100
AcDbTextStyleTableRecord
  2
LiberationSans
 70
0
 40
0.0
 41
1.0
 50
0.0
 71
0
 42
2.5
  3
LiberationSans-Regular.ttf
  4

  0
STYLE
  5
4F
330
5
100
AcDbSymbolTableRecord
100
AcDbTextStyleTableRecord
  2
LiberationSans-Bold
 70
0
 40
0.0
 41
1.0
 50
0.0
 71
0
 42
2.5
  3
LiberationSans-Bold.ttf
  4

  0
STYLE
  5
50
330
5
100
AcDbSymbolTableRecord
100
AcDbTextStyleTableRecord
  2
LiberationSans-BoldItalic
 70
0
 40
0.0
 41
1.0
 50
0.0
 71
0
 42
2.5
  3
LiberationSans-BoldItalic.ttf
  4

  0
STYLE
  5
51
330
5
100
AcDbSymbolTableRecord
100
AcDbTextStyleTableRecord
  2
LiberationSans-Italic
 70
0
 40
0.0
 41
1.0
 50
0.0
 71
0
 42
2.5
  3
LiberationSans-Italic.ttf
  4

  0
STYLE
  5
52
330
5
100
AcDbSymbolTableRecord
100
AcDbTextStyleTableRecord
  2
LiberationSerif
 70
0
 40
0.0
 41
1.0
 50
0.0
 71
0
 42
2.5
  3
LiberationSerif-Regular.ttf
  4

  0
STYLE
  5
53
330
5
100
AcDbSymbolTableRecord
100
AcDbTextStyleTableRecord
  2
LiberationSerif-Bold
 70
0
 40
0.0
 41
1.0
 50
0.0
 71
0
 42
2.5
  3
LiberationSerif-Bold.ttf
  4

  0
STYLE
  5
54
330
5
100
AcDbSymbolTableRecord
100
AcDbTextStyleTableRecord
  2
LiberationSerif-BoldItalic
 70
0
 40
0.0
 41
1.0
 50
0.0
 71
0
 42
2.5
  3
LiberationSerif-BoldItalic.ttf
  4

  0
STYLE
  5
55
330
5
100
AcDbSymbolTableRecord
100
AcDbTextStyleTableRecord
  2
LiberationSerif-Italic
 70
0
 40
0.0
 41
1.0
 50
0.0
 71
0
 42
2.5
  3
LiberationSerif-Italic.ttf
  4

  0
STYLE
  5
56
330
5
100
AcDbSymbolTableRecord
100
AcDbTextStyleTableRecord
  2
LiberationMono
 70
0
 40
0.0
 41
1.0
 50
0.0
 71
0
 42
2.5
  3
LiberationMono-Regular.ttf
  4

  0
STYLE
  5
57
330
5
100
AcDbSymbolTableRecord
100
AcDbTextStyleTableRecord
  2
LiberationMono-Bold
 70
0
 40
0.0
 41
1.0
 50
0.0
 71
0
 42
2.5
  3
LiberationMono-Bold.ttf
  4

  0
STYLE
  5
58
330
5
100
AcDbSymbolTableRecord
100
AcDbTextStyleTableRecord
  2
LiberationMono-BoldItalic
 70
0
 40
0.0
 41
1.0
 50
0.0
 71
0
 42
2.5
  3
LiberationMono-BoldItalic.ttf
  4

  0
STYLE
  5
59
330
5
100
AcDbSymbolTableRecord
100
AcDbTextStyleTableRecord
  2
LiberationMono-Italic
 70
0
 40
0.0
 41
1.0
 50
0.0
 71
0
 42
2.5
  3
LiberationMono-Italic.ttf
  4

  0
STYLE
  5
8A
330
5
100
AcDbSymbolTableRecord
100
AcDbTextStyleTableRecord
  2
GOST
 70
0
 40
0.0
 41
1.0
 50
0.0
 71
0
 42
2.5
  3
DejaVuSans.ttf
  4

  0
ENDTAB
  0
TABLE
  2
VIEW
  5
7
330
0
100
AcDbSymbolTable
 70
0
  0
ENDTAB
  0
TABLE
  2
UCS
  5
6
330
0
100
AcDbSymbolTable
 70
0
  0
ENDTAB
  0
TABLE
  2
APPID
  5
3
330
0
100
AcDbSymbolTable
 70
3
  0
APPID
  5
2A
330
3
100
AcDbSymbolTableRecord
100
AcDbRegAppTableRecord
  2
ACAD
 70
0
  0
APPID
  5
3FC
330
3
100
AcDbSymbolTableRecord
100
AcDbRegAppTableRecord
  2
HATCHBACKGROUNDCOLOR
 70
0
  0
APPID
  5
3FD
330
3
100
AcDbSymbolTableRecord
100
AcDbRegAppTableRecord
  2
EZDXF
 70
0
  0
ENDTAB
  0
TABLE
  2
DIMSTYLE
  5
4
330
0
100
AcDbSymbolTable
 70
12
100
AcDbDimStyleTable
  0
DIMSTYLE
105
2B
330
4
100
AcDbSymbolTableRecord
100
AcDbDimStyleTableRecord
  2
Standard
 70
0
 40
1.0
 41
2.5
 42
0.625
 43
3.75
 44
1.25
 45
0.0
 46
0.0
 47
0.0
 48
0.0
 49
2.5
140
2.5
141
2.5
142
0.0
143
0.03937007874
144
1.0
145
0.0
146
1.0
147
0.625
148
0.0
 69
0
 70
0
 71
0
 72
0
 73
0
 74
0
 75
0
 76
0
 77
1
 78
8
 79
3
170
0
171
3
172
1
173
0
174
0
175
0
176
0
177
0
178
0
179
2
271
2
272
2
273
2
274
3
275
0
276
0
277
2
278
44
279
0
280
0
281
0
282
0
283
0
284
8
285
0
286
0
288
0
289
3
290
0
371
-2
372
-2
  0
DIMSTYLE
105
73
330
4
100
AcDbSymbolTableRecord
100
AcDbDimStyleTableRecord
  2
EZDXF
 70
0
 40
1.0
 41
0.175
 42
0.125
 43
3.75
 44
0.375
 45
0.0
 46
0.0
 47
0.0
 48
0.0
 49
2.5
140
0.25
141
2.5
142
0.0
143
0.03937007874
144
100.0
145
0.0
146
0.5
147
0.1
148
0.0
 69
0
 70
0
 71
0
 72
0
 73
0
 74
0
 75
0
 76
0
 77
1
 78
12
 79
3
170
0
171
3
172
1
173
0
174
0
175
0
176
0
177
0
178
0
179
2
271
2
272
2
273
2
274
3
275
0
276
0
277
2
278
46
279
2
280
0
281
0
282
0
283
0
284
8
285
0
286
0
288
1
289
3
290
0
340
4C
342
74
371
-2
372
-2
  0
DIMSTYLE
105
7C
330
4
100
AcDbSymbolTableRecord
100
AcDbDimStyleTableRecord
  2
EZ_M_100_H25_CM
 70
0
 40
1.0
 41
0.25
 42
0.125
 43
3.75
 44
0.375
 45
0.0
 46
0.0
 47
0.0
 48
0.0
 49
2.5
140
0.25
141
2.5
142
0.125
143
0.03937007874
144
100.0
145
0.0
146
0.5
147
0.1
148
0.0
 69
0
 70
0
 71
0
 72
0
 73
0
 74
0
 75
0
 76
0
 77
1
 78
12
 79
3
170
0
171
3
172
1
173
0
174
0
175
0
176
0
177
0
178
0
179
2
271
2
272
2
273
2
274
3
275
0
276
0
277
2
278
46
279
2
280
0
281
0
282
0
283
0
284
8
285
0
286
0
288
1
289
3
290
0
340
4C
371
-2
372
-2
  0
DIMSTYLE
105
7D
330
4
100
AcDbSymbolTableRecord
100
AcDbDimStyleTableRecord
  2
EZ_M_50_H25_CM
 70
0
 40
1.0
 41
0.125
 42
0.0625
 43
3.75
 44
0.1875
 45
0.0
 46
0.0
 47
0.0
 48
0.0
 49
2.5
140
0.125
141
2.5
142
0.0625
143
0.03937007874
144
100.0
145
0.0
146
0.5
147
0.05
148
0.0
 69
0
 70
0
 71
0
 72
0
 73
0
 74
0
 75
0
 76
0
 77
1
 78
12
 79
3
170
0
171
3
172
1
173
0
174
0
175
0
176
0
177
0
178
0
179
2
271
2
272
2
273
2
274
3
275
0
276
0
277
2
278
46
279
2
280
0
281
0
282
0
283
0
284
8
285
0
286
0
288
1
289
3
290
0
340
4C
371
-2
372
-2
  0
DIMSTYLE
105
7E
330
4
100
AcDbSymbolTableRecord
100
AcDbDimStyleTableRecord
  2
EZ_M_25_H25_CM
 70
0
 40
1.0
 41
0.0625
 42
0.03125
 43
3.75
 44
0.09375
 45
0.0
 46
0.0
 47
0.0
 48
0.0
 49
2.5
140
0.0625
141
2.5
142
0.03125
143
0.03937007874
144
100.0
145
0.0
146
0.5
147
0.025
148
0.0
 69
0
 70
0
 71
0
 72
0
 73
0
 74
0
 75
0
 76
0
 77
1
 78
12
 79
3
170
0
171
3
172
1
173
0
174
0
175
0
176
0
177
0
178
0
179
2
271
2
272
2
273
2
274
3
275
0
276
0
277
2
278
46
279
2
280
0
281
0
282
0
283
0
284
8
285
0
286
0
288
1
289
3
290
0
340
4C
371
-2
372
-2
  0
DIMSTYLE
105
7F
330
4
100
AcDbSymbolTableRecord
100
AcDbDimStyleTableRecord
  2
EZ_M_20_H25_CM
 70
0
 40
1.0
 41
0.05
 42
0.025
 43
3.75
 44
0.07500000000000001
 45
0.0
 46
0.0
 47
0.0
 48
0.0
 49
2.5
140
0.05
141
2.5
142
0.025
143
0.03937007874
144
100.0
145
0.0
146
0.5
147
0.020000000000000004
148
0.0
 69
0
 70
0
 71
0
 72
0
 73
0
 74
0
 75
0
 76
0
 77
1
 78
12
 79
3
170
0
171
3
172
1
173
0
174
0
175
0
176
0
177
0
178
0
179
2
271
2
272
2
273
2
274
3
275
0
276
0
277
2
278
46
279
2
280
0
281
0
282
0
283
0
284
8
285
0
286
0
288
1
289
3
290
0
340
4C
371
-2
372
-2
  0
DIMSTYLE
105
80
330
4
100
AcDbSymbolTableRecord
100
AcDbDimStyleTableRecord
  2
EZ_M_10_H25_CM
 70
0
 40
1.0
 41
0.025
 42
0.0125
 43
3.75
 44
0.037500000000000006
 45
0.0
 46
0.0
 47
0.0
 48
0.0
 49
2.5
140
0.025
141
2.5
142
0.0125
143
0.03937007874
144
100.0
145
0.0
146
0.5
147
0.010000000000000002
148
0.0
 69
0
 70
0
 71
0
 72
0
 73
0
 74
0
 75
0
 76
0
 77
1
 78
12
 79
3
170
0
171
3
172
1
173
0
174
0
175
0
176
0
177
0
178
0
179
2
271
2
272
2
273
2
274
3
275
0
276
0
277
2
278
46
279
2
280
0
281
0
282
0
283
0
284
8
285
0
286
0
288
1
289
3
290
0
340
4C
371
-2
372
-2
  0
DIMSTYLE
105
81
330
4
100
AcDbSymbolTableRecord
100
AcDbDimStyleTableRecord
  2
EZ_M_5_H25_CM
 70
0
 40
1.0
 41
0.0125
 42
0.00625
 43
3.75
 44
0.018750000000000003
 45
0.0
 46
0.0
 47
0.0
 48
0.0
 49
2.5
140
0.0125
141
2.5
142
0.00625
143
0.03937007874
144
100.0
145
0.0
146
0.5
147
0.005000000000000001
148
0.0
 69
0
 70
0
 71
0
 72
0
 73
0
 74
0
 75
0
 76
0
 77
1
 78
12
 79
3
170
0
171
3
172
1
173
0
174
0
175
0
176
0
177
0
178
0
179
2
271
2
272
2
273
2
274
3
275
0
276
0
277
2
278
46
279
2
280
0
281
0
282
0
283
0
284
8
285
0
286
0
288
1
289
3
290
0
340
4C
371
-2
372
-2
  0
DIMSTYLE
105
82
330
4
100
AcDbSymbolTableRecord
100
AcDbDimStyleTableRecord
  2
EZ_M_1_H25_CM
 70
0
 40
1.0
 41
0.0025
 42
0.00125
 43
3.75
 44
0.00375
 45
0.0
 46
0.0
 47
0.0
 48
0.0
 49
2.5
140
0.0025
141
2.5
142
0.00125
143
0.03937007874
144
100.0
145
0.0
146
0.5
147
0.001
148
0.0
 69
0
 70
0
 71
0
 72
0
 73
0
 74
0
 75
0
 76
0
 77
1
 78
12
 79
3
170
0
171
3
172
1
173
0
174
0
175
0
176
0
177
0
178
0
179
2
271
2
272
2
273
2
274
3
275
0
276
0
277
2
278
46
279
2
280
0
281
0
282
0
283
0
284
8
285
0
286
0
288
1
289
3
290
0
340
4C
371
-2
372
-2
  0
DIMSTYLE
105
83
330
4
100
AcDbSymbolTableRecord
100
AcDbDimStyleTableRecord
  2
EZ_RADIUS
 70
0
 40
1.0
 41
0.25
 42
0.125
 43
3.75
 44
0.375
 45
0.0
 46
0.0
 47
0.0
 48
0.0
 49
2.5
140
0.25
141
0.0
142
0.0
143
0.03937007874
144
100.0
145
0.0
146
0.5
147
0.1
148
0.0
 69
0
 70
0
 71
0
 72
0
 73
0
 74
0
 75
0
 76
0
 77
1
 78
12
 79
3
170
0
171
3
172
0
173
0
174
0
175
0
176
0
177
0
178
0
179
2
271
2
272
2
273
2
274
3
275
0
276
0
277
2
278
46
279
1
280
0
281
0
282
0
283
0
284
8
285
0
286
0
288
1
289
3
290
0
340
4C
342
84
371
-2
372
-2
  0
DIMSTYLE
105
88
330
4
100
AcDbSymbolTableRecord
100
AcDbDimStyleTableRecord
  2
EZ_RADIUS_INSIDE
 70
0
 40
1.0
 41
0.25
 42
0.125
 43
3.75
 44
0.375
 45
0.0
 46
0.0
 47
0.0
 48
0.0
 49
2.5
140
0.25
141
0.0
142
0.0
143
0.03937007874
144
100.0
145
0.0
146
0.5
147
0.1
148
0.0
 69
0
 70
0
 71
0
 72
0
 73
0
 74
0
 75
0
 76
0
 77
0
 78
12
 79
3
170
0
171
3
172
0
173
0
174
1
175
0
176
0
177
0
178
0
179
2
271
2
272
2
273
2
274
3
275
0
276
0
277
2
278
46
279
0
280
0
281
0
282
0
283
0
284
8
285
0
286
0
288
1
289
0
290
0
340
4C
342
84
371
-2
372
-2
  0
DIMSTYLE
105
89
330
4
100
AcDbSymbolTableRecord
100
AcDbDimStyleTableRecord
  2
EZ_CURVED
 70
0
 40
1.0
 41
0.25
 42
0.125
 43
3.75
 44
0.375
 45
0.0
 46
0.0
 47
0.0
 48
0.0
 49
2.5
140
0.25
141
2.5
142
0.0
143
0.03937007874
144
100.0
145
0.0
146
0.5
147
0.1
148
0.0
 69
0
 70
0
 71
0
 72
0
 73
0
 74
0
 75
0
 76
0
 77
1
 78
12
 79
2
 90
2
170
0
171
3
172
1
173
0
174
0
175
0
176
0
177
0
178
0
179
2
271
2
272
2
273
2
274
3
275
0
276
0
277
2
278
46
279
2
280
0
281
0
282
0
283
0
284
8
285
0
286
0
288
1
289
3
290
0
340
4C
371
-2
372
-2
  0
ENDTAB
  0
TABLE
  2
BLOCK_RECORD
  5
9
330
0
100
AcDbSymbolTable
 70
5
  0
BLOCK_RECORD
  5
17
330
9
100
AcDbSymbolTableRecord
100
AcDbBlockTableRecord
  2
*Model_Space
340
1A
 70
0
280
1
281
0
  0
BLOCK_RECORD
  5
1B
330
9
100
AcDbSymbolTableRecord
100
AcDbBlockTableRecord
  2
*Paper_Space
340
1E
 70
0
280
1
281
0
  0
BLOCK_RECORD
  5
74
330
9
100
AcDbSymbolTableRecord
100
AcDbBlockTableRecord
  2
_ARCHTICK
340
0
 70
0
280
1
281
0
  0
BLOCK_RECORD
  5
78
330
9
100
AcDbSymbolTableRecord
100
AcDbBlockTableRecord
  2
_CLOSEDFILLED
340
0
 70
0
280
1
281
0
  0
BLOCK_RECORD
  5
84
330
9
100
AcDbSymbolTableRecord
100
AcDbBlockTableRecord
  2
_CLOSEDBLANK
340
0
 70
0
280
1
281
0
  0
ENDTAB
  0
ENDSEC
  0
SECTION
  2
BLOCKS
  0
BLOCK
  5
18
330
17
100
AcDbEntity
  8
0
100
AcDbBlockBegin
  2
*Model_Space
 70
0
 10
0.0
 20
0.0
 30
0.0
  3
*Model_Space
  1

  0
ENDBLK
  5
19
330
17
100
AcDbEntity
  8
0
100
AcDbBlockEnd
  0
BLOCK
  5
1C
330
1B
100
AcDbEntity
  8
0
100
AcDbBlockBegin
  2
*Paper_Space
 70
0
 10
0.0
 20
0.0
 30
0.0
  3
*Paper_Space
  1

  0
ENDBLK
  5
1D
330
1B
100
AcDbEntity
  8
0
100
AcDbBlockEnd
  0
BLOCK
  5
75
330
74
100
AcDbEntity
  8
0
100
AcDbBlockBegin
  2
_ARCHTICK
 70
0
 10
0.0
 20
0.0
 30
0.0
  3
_ARCHTICK
  1

  0
LWPOLYLINE
  5
77
330
74
100
AcDbEntity
  8
0
  6
BYBLOCK
 62
0
100
AcDbPolyline
 90
2
 70
0
 43
0.15
 10
-0.5
 20
-0.5
 10
0.5
 20
0.5
  0
ENDBLK
  5
76
330
74
100
AcDbEntity
  8
0
100
AcDbBlockEnd
  0
BLOCK
  5
79
330
78
100
AcDbEntity
  8
0
100
AcDbBlockBegin
  2
_CLOSEDFILLED
 70
0
 10
0.0
 20
0.0
 30
0.0
  3
_CLOSEDFILLED
  1

  0
SOLID
  5
7B
330
78
100
AcDbEntity
  8
0
  6
BYBLOCK
 62
0
100
AcDbTrace
 10
-1.0
 20
0.16439898372402537
 30
0.0
 11
0.0
 21
0.0
 31
0.0
 12
-1.0
 22
-0.16439898372402537
 32
0.0
 13
-1.0
 23
-0.16439898372402537
 33
0.0
  0
ENDBLK
  5
7A
330
78
100
AcDbEntity
  8
0
100
AcDbBlockEnd
  0
BLOCK
  5
85
330
84
100
AcDbEntity
  8
0
100
AcDbBlockBegin
  2
_CLOSEDBLANK
 70
0
 10
0.0
 20
0.0
 30
0.0
  3
_CLOSEDBLANK
  1

  0
LWPOLYLINE
  5
87
330
84
100
AcDbEntity
  8
0
  6
BYBLOCK
 62
0
100
AcDbPolyline
 90
3
 70
1
 10
-1.0
 20
0.16439898372402537
 10
0.0
 20
0.0
 10
-1.0
 20
-0.16439898372402537
  0
ENDBLK
  5
86
330
84
100
AcDbEntity
  8
0
100
AcDbBlockEnd
  0
ENDSEC
  0
SECTION
  2
ENTITIES
  0
TEXT
  5
99
330
17
100
AcDbEntity
  8
TEXT
 62
7
100
AcDbText
 10
600.0
 20
7150.0
 30
0.0
 40
62.5
  1
Фрагмент 1. Ванная R5 (1:25)
  7
GOST
 11
600.0
 21
7150.0
 31
0.0
100
AcDbText
  0
TEXT
  5
9A
330
17
100
AcDbEntity
  8
TEXT
 62
7
100
AcDbText
 10
600.0
 20
4500.0
 30
0.0
 40
62.5
  1
Фрагмент 2. Постирочная R6 и мойка кухни (1:25)
  7
GOST
 11
600.0
 21
4500.0
 31
0.0
100
AcDbText
  0
HATCH
  5
9B
330
17
100
AcDbEntity
  8
AR-WALLS
 62
7
420
10132122
100
AcDbHatch
 10
0.0
 20
0.0
 30
0.0
210
0.0
220
0.0
230
1.0
  2
SOLID
 70
1
 71
0
 91
1
 92
3
 72
0
 73
1
 93
5
 10
3520.0000000000005
 20
7075.0
 10
3550.0
 20
7075.0
 10
3550.0
 20
4725.0
 10
3520.0000000000005
 20
4725.0
 10
3520.0000000000005
 20
7075.0
 97
0
 75
1
 76
1
 98
0
  0
LWPOLYLINE
  5
9C
330
17
100
AcDbEntity
  8
AR-WALLS
370
20
420
8355711
100
AcDbPolyline
 90
5
 70
1
 10
3520.0000000000005
 20
7075.0
 10
3550.0
 20
7075.0
 10
3550.0
 20
4725.0
 10
3520.0000000000005
 20
4725.0
 10
3520.0000000000005
 20
7075.0
  0
HATCH
  5
9D
330
17
100
AcDbEntity
  8
AR-WALLS
 62
7
420
10132122
100
AcDbHatch
 10
0.0
 20
0.0
 30
0.0
210
0.0
220
0.0
230
1.0
  2
SOLID
 70
1
 71
0
 91
1
 92
3
 72
0
 73
1
 93
5
 10
670.0
 20
5325.0
 10
750.0
 20
5325.0
 10
750.0
 20
4796.0
 10
670.0
 20
4796.0
 10
670.0
 20
5325.0
 97
0
 75
1
 76
1
 98
0
  0
LWPOLYLINE
  5
9E
330
17
100
AcDbEntity
  8
AR-WALLS
370
20
420
8355711
100
AcDbPolyline
 90
5
 70
1
 10
670.0
 20
5325.0
 10
750.0
 20
5325.0
 10
750.0
 20
4796.0
 10
670.0
 20
4796.0
 10
670.0
 20
5325.0
  0
HATCH
  5
9F
330
17
100
AcDbEntity
  8
AR-WALLS
 62
7
420
10132122
100
AcDbHatch
 10
0.0
 20
0.0
 30
0.0
210
0.0
220
0.0
230
1.0
  2
SOLID
 70
1
 71
0
 91
1
 92
3
 72
0
 73
1
 93
5
 10
750.0
 20
6606.0
 10
670.0
 20
6606.0
 10
670.0
 20
7045.0
 10
750.0
 20
7045.0
 10
750.0
 20
6606.0
 97
0
 75
1
 76
1
 98
0
  0
LWPOLYLINE
  5
A0
330
17
100
AcDbEntity
  8
AR-WALLS
370
20
420
8355711
100
AcDbPolyline
 90
5
 70
1
 10
750.0
 20
6606.0
 10
670.0
 20
6606.0
 10
670.0
 20
7045.0
 10
750.0
 20
7045.0
 10
750.0
 20
6606.0
  0
HATCH
  5
A1
330
17
100
AcDbEntity
  8
AR-WALLS
 62
7
420
10132122
100
AcDbHatch
 10
0.0
 20
0.0
 30
0.0
210
0.0
220
0.0
230
1.0
  2
SOLID
 70
1
 71
0
 91
1
 92
3
 72
0
 73
1
 93
5
 10
670.0
 20
4796.0
 10
670.0
 20
4876.0
 10
3471.0
 20
4876.0
 10
3471.0
 20
4796.0
 10
670.0
 20
4796.0
 97
0
 75
1
 76
1
 98
0
  0
LWPOLYLINE
  5
A2
330
17
100
AcDbEntity
  8
AR-WALLS
370
20
420
8355711
100
AcDbPolyline
 90
5
 70
1
 10
670.0
 20
4796.0
 10
670.0
 20
4876.0
 10
3471.0
 20
4876.0
 10
3471.0
 20
4796.0
 10
670.0
 20
4796.0
  0
HATCH
  5
A3
330
17
100
AcDbEntity
  8
AR-WALLS
 62
7
420
10132122
100
AcDbHatch
 10
0.0
 20
0.0
 30
0.0
210
0.0
220
0.0
230
1.0
  2
SOLID
 70
1
 71
0
 91
1
 92
3
 72
0
 73
1
 93
5
 10
3390.9999999999995
 20
7045.0
 10
3471.0
 20
7045.0
 10
3471.0
 20
4725.0
 10
3390.9999999999995
 20
4725.0
 10
3390.9999999999995
 20
7045.0
 97
0
 75
1
 76
1
 98
0
  0
LWPOLYLINE
  5
A4
330
17
100
AcDbEntity
  8
AR-WALLS
370
20
420
8355711
100
AcDbPolyline
 90
5
 70
1
 10
3390.9999999999995
 20
7045.0
 10
3471.0
 20
7045.0
 10
3471.0
 20
4725.0
 10
3390.9999999999995
 20
4725.0
 10
3390.9999999999995
 20
7045.0
  0
HATCH
  5
A5
330
17
100
AcDbEntity
  8
AR-WALLS
 62
7
420
10132122
100
AcDbHatch
 10
0.0
 20
0.0
 30
0.0
210
0.0
220
0.0
230
1.0
  2
SOLID
 70
1
 71
0
 91
1
 92
3
 72
0
 73
1
 93
5
 10
670.0
 20
6916.0
 10
670.0
 20
6996.000000000001
 10
3471.0
 20
6996.000000000001
 10
3471.0
 20
6916.0
 10
670.0
 20
6916.0
 97
0
 75
1
 76
1
 98
0
  0
LWPOLYLINE
  5
A6
330
17
100
AcDbEntity
  8
AR-WALLS
370
20
420
8355711
100
AcDbPolyline
 90
5
 70
1
 10
670.0
 20
6916.0
 10
670.0
 20
6996.000000000001
 10
3471.0
 20
6996.000000000001
 10
3471.0
 20
6916.0
 10
670.0
 20
6916.0
  0
HATCH
  5
A7
330
17
100
AcDbEntity
  8
AR-WALLS
 62
7
420
10132122
100
AcDbHatch
 10
0.0
 20
0.0
 30
0.0
210
0.0
220
0.0
230
1.0
  2
SOLID
 70
1
 71
0
 91
1
 92
3
 72
0
 73
1
 93
5
 10
3520.0000000000005
 20
7045.0
 10
670.0
 20
7045.0
 10
670.0
 20
7075.0
 10
3520.0000000000005
 20
7075.0
 10
3520.0000000000005
 20
7045.0
 97
0
 75
1
 76
1
 98
0
  0
LWPOLYLINE
  5
A8
330
17
100
AcDbEntity
  8
AR-WALLS
370
20
420
8355711
100
AcDbPolyline
 90
5
 70
1
 10
3520.0000000000005
 20
7045.0
 10
670.0
 20
7045.0
 10
670.0
 20
7075.0
 10
3520.0000000000005
 20
7075.0
 10
3520.0000000000005
 20
7045.0
  0
HATCH
  5
A9
330
17
100
AcDbEntity
  8
AR-WALLS
 62
7
420
10132122
100
AcDbHatch
 10
0.0
 20
0.0
 30
0.0
210
0.0
220
0.0
230
1.0
  2
SOLID
 70
1
 71
0
 91
1
 92
3
 72
0
 73
1
 93
5
 10
670.0
 20
7046.000000000001
 10
600.0
 20
7046.000000000001
 10
600.0
 20
7075.0
 10
670.0
 20
7075.0
 10
670.0
 20
7046.000000000001
 97
0
 75
1
 76
1
 98
0
  0
LWPOLYLINE
  5
AA
330
17
100
AcDbEntity
  8
AR-WALLS
370
20
420
8355711
100
AcDbPolyline
 90
5
 70
1
 10
670.0
 20
7046.000000000001
 10
600.0
 20
7046.000000000001
 10
600.0
 20
7075.0
 10
670.0
 20
7075.0
 10
670.0
 20
7046.000000000001
  0
HATCH
  5
AB
330
17
100
AcDbEntity
  8
AR-WALLS
 62
7
420
10132122
100
AcDbHatch
 10
0.0
 20
0.0
 30
0.0
210
0.0
220
0.0
230
1.0
  2
SOLID
 70
1
 71
0
 91
1
 92
3
 72
0
 73
1
 93
5
 10
670.0
 20
6125.0
 10
670.0
 20
6606.0
 10
750.0
 20
6606.0
 10
750.0
 20
6125.0
 10
670.0
 20
6125.0
 97
0
 75
1
 76
1
 98
0
  0
LWPOLYLINE
  5
AC
330
17
100
AcDbEntity
  8
AR-WALLS
370
20
420
8355711
100
AcDbPolyline
 90
5
 70
1
 10
670.0
 20
6125.0
 10
670.0
 20
6606.0
 10
750.0
 20
6606.0
 10
750.0
 20
6125.0
 10
670.0
 20
6125.0
  0
HATCH
  5
AD
330
17
100
AcDbEntity
  8
AR-NEW
 62
7
420
2051740
100
AcDbHatch
 10
0.0
 20
0.0
 30
0.0
210
0.0
220
0.0
230
1.0
  2
DOTS
 70
0
 71
0
 91
1
 92
3
 72
0
 73
1
 93
5
 10
3296.0
 20
5625.0
 10
3296.0
 20
6591.0
 10
3390.9999999999995
 20
6591.0
 10
3390.9999999999995
 20
5625.0
 10
3296.0
 20
5625.0
 97
0
 75
1
 76
1
 52
0.0
 41
6.875000000000001
 77
0
 78
1
 53
0.0
 43
0.0
 44
0.0
 45
5.45703125
 46
10.9140625
 79
2
 49
0.0
 49
-10.9140625
 98
0
  0
LWPOLYLINE
  5
AE
330
17
100
AcDbEntity
  8
AR-NEW
370
20
420
2051740
100
AcDbPolyline
 90
5
 70
1
 10
3296.0
 20
5625.0
 10
3296.0
 20
6591.0
 10
3390.9999999999995
 20
6591.0
 10
3390.9999999999995
 20
5625.0
 10
3296.0
 20
5625.0
  0
HATCH
  5
AF
330
17
100
AcDbEntity
  8
AR-NEW
 62
7
420
2051740
100
AcDbHatch
 10
0.0
 20
0.0
 30
0.0
210
0.0
220
0.0
230
1.0
  2
DOTS
 70
0
 71
0
 91
1
 92
3
 72
0
 73
1
 93
5
 10
2491.0
 20
6591.0
 10
2491.0
 20
6916.0
 10
2713.0
 20
6916.0
 10
2713.0
 20
6591.0
 10
2491.0
 20
6591.0
 97
0
 75
1
 76
1
 52
0.0
 41
6.875000000000001
 77
0
 78
1
 53
0.0
 43
0.0
 44
0.0
 45
5.45703125
 46
10.9140625
 79
2
 49
0.0
 49
-10.9140625
 98
0
  0
LWPOLYLINE
  5
B0
330
17
100
AcDbEntity
  8
AR-NEW
370
20
420
2051740
100
AcDbPolyline
 90
5
 70
1
 10
2491.0
 20
6591.0
 10
2491.0
 20
6916.0
 10
2713.0
 20
6916.0
 10
2713.0
 20
6591.0
 10
2491.0
 20
6591.0
  0
HATCH
  5
B1
330
17
100
AcDbEntity
  8
AR-NEW
 62
7
420
2051740
100
AcDbHatch
 10
0.0
 20
0.0
 30
0.0
210
0.0
220
0.0
230
1.0
  2
DOTS
 70
0
 71
0
 91
1
 92
3
 72
0
 73
1
 93
5
 10
1351.0
 20
6566.0
 10
1351.0
 20
6916.0
 10
1550.0
 20
6916.0
 10
1550.0
 20
6566.0
 10
1351.0
 20
6566.0
 97
0
 75
1
 76
1
 52
0.0
 41
6.875000000000001
 77
0
 78
1
 53
0.0
 43
0.0
 44
0.0
 45
5.45703125
 46
10.9140625
 79
2
 49
0.0
 49
-10.9140625
 98
0
  0
LWPOLYLINE
  5
B2
330
17
100
AcDbEntity
  8
AR-NEW
370
20
420
2051740
100
AcDbPolyline
 90
5
 70
1
 10
1351.0
 20
6566.0
 10
1351.0
 20
6916.0
 10
1550.0
 20
6916.0
 10
1550.0
 20
6566.0
 10
1351.0
 20
6566.0
  0
LWPOLYLINE
  5
B3
330
17
100
AcDbEntity
  8
FURN
370
15
420
12105912
100
AcDbPolyline
 90
5
 70
1
 10
680.0
 20
4796.0
 10
1580.0
 20
4796.0
 10
1580.0
 20
4725.0
 10
680.0
 20
4725.0
 10
680.0
 20
4796.0
  0
LWPOLYLINE
  5
B4
330
17
100
AcDbEntity
  8
FURN
370
15
420
12105912
100
AcDbPolyline
 90
5
 70
1
 10
1580.0
 20
4796.0
 10
2480.0
 20
4796.0
 10
2480.0
 20
4725.0
 10
1580.0
 20
4725.0
 10
1580.0
 20
4796.0
  0
LWPOLYLINE
  5
B5
330
17
100
AcDbEntity
  8
FURN
370
15
420
12105912
100
AcDbPolyline
 90
5
 70
1
 10
2480.0
 20
4796.0
 10
3379.9999999999995
 20
4796.0
 10
3379.9999999999995
 20
4725.0
 10
2480.0
 20
4725.0
 10
2480.0
 20
4796.0
  0
LWPOLYLINE
  5
B6
330
17
100
AcDbEntity
  8
FURN
370
15
420
12105912
100
AcDbPolyline
 90
5
 70
1
 10
1691.0
 20
4875.0
 10
1691.0
 20
5625.0
 10
3390.9999999999995
 20
5625.0
 10
3390.9999999999995
 20
4875.0
 10
1691.0
 20
4875.0
  0
LWPOLYLINE
  5
B7
330
17
100
AcDbEntity
  8
FURN
370
15
420
12105912
100
AcDbPolyline
 90
5
 70
1
 10
2491.0
 20
5625.0
 10
2491.0
 20
6591.0
 10
3296.0
 20
6591.0
 10
3296.0
 20
5625.0
 10
2491.0
 20
5625.0
  0
LWPOLYLINE
  5
B8
330
17
100
AcDbEntity
  8
FURN
370
15
420
12105912
100
AcDbPolyline
 90
5
 70
1
 10
3296.0
 20
5625.0
 10
3296.0
 20
6591.0
 10
3390.9999999999995
 20
6591.0
 10
3390.9999999999995
 20
5625.0
 10
3296.0
 20
5625.0
  0
LWPOLYLINE
  5
B9
330
17
100
AcDbEntity
  8
FURN
  6
DASHED
370
15
 48
75.0
420
12105912
100
AcDbPolyline
 90
5
 70
1
 10
2481.0
 20
6276.0
 10
2481.0
 20
6591.0
 10
2491.0
 20
6591.0
 10
2491.0
 20
6276.0
 10
2481.0
 20
6276.0
  0
LWPOLYLINE
  5
BA
330
17
100
AcDbEntity
  8
FURN
370
15
420
12105912
100
AcDbPolyline
 90
5
 70
1
 10
1670.0000000000002
 20
6766.0
 10
1670.0000000000002
 20
6916.0
 10
2491.0
 20
6916.0
 10
2491.0
 20
6766.0
 10
1670.0000000000002
 20
6766.0
  0
LWPOLYLINE
  5
BB
330
17
100
AcDbEntity
  8
FURN
370
15
420
12105912
100
AcDbPolyline
 90
5
 70
1
 10
1920.0000000000002
 20
6276.0
 10
1920.0000000000002
 20
6766.0
 10
2280.0
 20
6766.0
 10
2280.0
 20
6276.0
 10
1920.0000000000002
 20
6276.0
  0
LWPOLYLINE
  5
BC
330
17
100
AcDbEntity
  8
FURN
370
15
420
12105912
100
AcDbPolyline
 90
5
 70
1
 10
770.0
 20
6436.0
 10
770.0
 20
6916.0
 10
1670.0000000000002
 20
6916.0
 10
1670.0000000000002
 20
6436.0
 10
770.0
 20
6436.0
  0
LWPOLYLINE
  5
BD
330
17
100
AcDbEntity
  8
FURN
  6
DASHED
370
15
 48
75.0
420
12105912
100
AcDbPolyline
 90
5
 70
1
 10
770.0
 20
6766.0
 10
770.0
 20
6916.0
 10
1670.0000000000002
 20
6916.0
 10
1670.0000000000002
 20
6766.0
 10
770.0
 20
6766.0
  0
LWPOLYLINE
  5
BE
330
17
100
AcDbEntity
  8
FURN
  6
DASHED
370
15
 48
75.0
420
12105912
100
AcDbPolyline
 90
5
 70
1
 10
750.0
 20
4875.0
 10
750.0
 20
5225.0
 10
1250.0
 20
5225.0
 10
1250.0
 20
4875.0
 10
750.0
 20
4875.0
  0
LWPOLYLINE
  5
BF
330
17
100
AcDbEntity
  8
FURN
  6
DASHED
370
15
 48
75.0
420
12105912
100
AcDbPolyline
 90
5
 70
1
 10
1250.0
 20
4875.0
 10
1250.0
 20
5225.0
 10
1691.0
 20
5225.0
 10
1691.0
 20
4875.0
 10
1250.0
 20
4875.0
  0
LWPOLYLINE
  5
C0
330
17
100
AcDbEntity
  8
FURN
  6
DASHED
370
15
 48
75.0
420
12105912
100
AcDbPolyline
 90
5
 70
1
 10
1270.0
 20
4875.0
 10
1270.0
 20
4975.0
 10
1670.0000000000002
 20
4975.0
 10
1670.0000000000002
 20
4875.0
 10
1270.0
 20
4875.0
  0
LWPOLYLINE
  5
C1
330
17
100
AcDbEntity
  8
FURN
  6
DASHED
370
15
 48
75.0
420
12105912
100
AcDbPolyline
 90
5
 70
1
 10
3150.0
 20
5275.0
 10
3150.0
 20
5375.0
 10
3250.0
 20
5375.0
 10
3250.0
 20
5275.0
 10
3150.0
 20
5275.0
  0
LWPOLYLINE
  5
C2
330
17
100
AcDbEntity
  8
FURN
  6
DASHED
370
15
 48
75.0
420
12105912
100
AcDbPolyline
 90
5
 70
1
 10
2750.0
 20
6595.0
 10
2750.0
 20
6675.0
 10
3050.0
 20
6675.0
 10
3050.0
 20
6595.0
 10
2750.0
 20
6595.0
  0
HATCH
  5
C3
330
17
100
AcDbEntity
  8
VK
 62
7
420
16777215
100
AcDbHatch
 10
0.0
 20
0.0
 30
0.0
210
0.0
220
0.0
230
1.0
  2
SOLID
 70
1
 71
0
 91
1
 92
1
 93
1
 72
2
 10
121.0
 20
1175.9999999999998
 40
50.0
 50
0
 51
360
 73
1
 97
0
 75
1
 76
1
 98
0
  0
CIRCLE
  5
C4
330
17
100
AcDbEntity
  8
VK
370
30
420
7027999
100
AcDbCircle
 10
121.0
 20
1175.9999999999998
 30
0.0
 40
50.0
  0
HATCH
  5
C5
330
17
100
AcDbEntity
  8
VK
 62
7
420
7027999
100
AcDbHatch
 10
0.0
 20
0.0
 30
0.0
210
0.0
220
0.0
230
1.0
  2
SOLID
 70
1
 71
0
 91
1
 92
1
 93
1
 72
2
 10
121.0
 20
1175.9999999999998
 40
22.5
 50
0
 51
360
 73
1
 97
0
 75
1
 76
1
 98
0
  0
CIRCLE
  5
C6
330
17
100
AcDbEntity
  8
VK
370
13
420
7027999
100
AcDbCircle
 10
121.0
 20
1175.9999999999998
 30
0.0
 40
22.5
  0
HATCH
  5
C7
330
17
100
AcDbEntity
  8
VK
 62
7
420
16777215
100
AcDbHatch
 10
0.0
 20
0.0
 30
0.0
210
0.0
220
0.0
230
1.0
  2
SOLID
 70
1
 71
0
 91
1
 92
1
 93
1
 72
2
 10
50.99999999999998
 20
1454.9999999999998
 40
30.0
 50
0
 51
360
 73
1
 97
0
 75
1
 76
1
 98
0
  0
CIRCLE
  5
C8
330
17
100
AcDbEntity
  8
VK
370
30
420
2060246
100
AcDbCircle
 10
50.99999999999998
 20
1454.9999999999998
 30
0.0
 40
30.0
  0
HATCH
  5
C9
330
17
100
AcDbEntity
  8
VK
 62
7
420
16777215
100
AcDbHatch
 10
0.0
 20
0.0
 30
0.0
210
0.0
220
0.0
230
1.0
  2
SOLID
 70
1
 71
0
 91
1
 92
1
 93
1
 72
2
 10
50.99999999999998
 20
1554.0
 40
30.0
 50
0
 51
360
 73
1
 97
0
 75
1
 76
1
 98
0
  0
CIRCLE
  5
CA
330
17
100
AcDbEntity
  8
VK
370
30
420
2060246
100
AcDbCircle
 10
50.99999999999998
 20
1554.0
 30
0.0
 40
30.0
  0
HATCH
  5
CB
330
17
100
AcDbEntity
  8
VK
 62
7
420
16777215
100
AcDbHatch
 10
0.0
 20
0.0
 30
0.0
210
0.0
220
0.0
230
1.0
  2
SOLID
 70
1
 71
0
 91
1
 92
1
 93
1
 72
2
 10
50.99999999999998
 20
1654.0
 40
30.0
 50
0
 51
360
 73
1
 97
0
 75
1
 76
1
 98
0
  0
CIRCLE
  5
CC
330
17
100
AcDbEntity
  8
VK
370
30
420
2060246
100
AcDbCircle
 10
50.99999999999998
 20
1654.0
 30
0.0
 40
30.0
  0
LWPOLYLINE
  5
CD
330
17
100
AcDbEntity
  8
VK
  6
DASHED
370
25
 48
75.0
420
9079434
100
AcDbPolyline
 90
4
 70
1
 10
20.000000000000018
 20
1075.0
 10
325.0
 20
1075.0
 10
325.0
 20
1755.9999999999998
 10
20.000000000000018
 20
1755.9999999999998
  0
HATCH
  5
CE
330
17
100
AcDbEntity
  8
VK
 62
7
420
16777215
100
AcDbHatch
 10
0.0
 20
0.0
 30
0.0
210
0.0
220
0.0
230
1.0
  2
SOLID
 70
1
 71
0
 91
1
 92
1
 93
1
 72
2
 10
3287.9999999999995
 20
6796.000000000001
 40
50.0
 50
0
 51
360
 73
1
 97
0
 75
1
 76
1
 98
0
  0
CIRCLE
  5
CF
330
17
100
AcDbEntity
  8
VK
370
30
420
7027999
100
AcDbCircle
 10
3287.9999999999995
 20
6796.000000000001
 30
0.0
 40
50.0
  0
HATCH
  5
D0
330
17
100
AcDbEntity
  8
VK
 62
7
420
7027999
100
AcDbHatch
 10
0.0
 20
0.0
 30
0.0
210
0.0
220
0.0
230
1.0
  2
SOLID
 70
1
 71
0
 91
1
 92
1
 93
1
 72
2
 10
3287.9999999999995
 20
6796.000000000001
 40
22.5
 50
0
 51
360
 73
1
 97
0
 75
1
 76
1
 98
0
  0
CIRCLE
  5
D1
330
17
100
AcDbEntity
  8
VK
370
13
420
7027999
100
AcDbCircle
 10
3287.9999999999995
 20
6796.000000000001
 30
0.0
 40
22.5
  0
HATCH
  5
D2
330
17
100
AcDbEntity
  8
VK
 62
7
420
16777215
100
AcDbHatch
 10
0.0
 20
0.0
 30
0.0
210
0.0
220
0.0
230
1.0
  2
SOLID
 70
1
 71
0
 91
1
 92
1
 93
1
 72
2
 10
2812.0
 20
6866.0
 40
30.0
 50
0
 51
360
 73
1
 97
0
 75
1
 76
1
 98
0
  0
CIRCLE
  5
D3
330
17
100
AcDbEntity
  8
VK
370
30
420
2060246
100
AcDbCircle
 10
2812.0
 20
6866.0
 30
0.0
 40
30.0
  0
HATCH
  5
D4
330
17
100
AcDbEntity
  8
VK
 62
7
420
16777215
100
AcDbHatch
 10
0.0
 20
0.0
 30
0.0
210
0.0
220
0.0
230
1.0
  2
SOLID
 70
1
 71
0
 91
1
 92
1
 93
1
 72
2
 10
2912.0
 20
6866.0
 40
30.0
 50
0
 51
360
 73
1
 97
0
 75
1
 76
1
 98
0
  0
CIRCLE
  5
D5
330
17
100
AcDbEntity
  8
VK
370
30
420
2060246
100
AcDbCircle
 10
2912.0
 20
6866.0
 30
0.0
 40
30.0
  0
HATCH
  5
D6
330
17
100
AcDbEntity
  8
VK
 62
7
420
16777215
100
AcDbHatch
 10
0.0
 20
0.0
 30
0.0
210
0.0
220
0.0
230
1.0
  2
SOLID
 70
1
 71
0
 91
1
 92
1
 93
1
 72
2
 10
3012.0
 20
6866.0
 40
30.0
 50
0
 51
360
 73
1
 97
0
 75
1
 76
1
 98
0
  0
CIRCLE
  5
D7
330
17
100
AcDbEntity
  8
VK
370
30
420
2060246
100
AcDbCircle
 10
3012.0
 20
6866.0
 30
0.0
 40
30.0
  0
LWPOLYLINE
  5
D8
330
17
100
AcDbEntity
  8
VK
  6
DASHED
370
25
 48
75.0
420
9079434
100
AcDbPolyline
 90
4
 70
1
 10
2713.0
 20
6591.0
 10
3390.9999999999995
 20
6591.0
 10
3390.9999999999995
 20
6916.0
 10
2713.0
 20
6916.0
  0
HATCH
  5
D9
330
17
100
AcDbEntity
  8
VK
 62
7
420
3050327
100
AcDbHatch
 10
0.0
 20
0.0
 30
0.0
210
0.0
220
0.0
230
1.0
  2
ANSI31
 70
0
 71
0
 91
1
 92
3
 72
0
 73
1
 93
4
 10
70.00000000000001
 20
2856.0
 10
370.0
 20
2856.0
 10
370.0
 20
2955.0
 10
70.00000000000001
 20
2955.0
 97
0
 75
1
 76
1
 52
0.0
 41
4.583333333333334
 77
0
 78
1
 53
45.0
 43
0.0
 44
0.0
 45
-10.2898768055
 46
10.2898768055
 79
0
 98
0
  0
LWPOLYLINE
  5
DA
330
17
100
AcDbEntity
  8
VK
370
25
420
3050327
100
AcDbPolyline
 90
4
 70
1
 10
70.00000000000001
 20
2856.0
 10
370.0
 20
2856.0
 10
370.0
 20
2955.0
 10
70.00000000000001
 20
2955.0
  0
HATCH
  5
DB
330
17
100
AcDbEntity
  8
OV
 62
7
420
13849600
100
AcDbHatch
 10
0.0
 20
0.0
 30
0.0
210
0.0
220
0.0
230
1.0
  2
ANSI37
 70
0
 71
0
 91
1
 92
3
 72
0
 73
1
 93
4
 10
70.00000000000001
 20
2256.0
 10
370.0
 20
2256.0
 10
370.0
 20
2355.0
 10
70.00000000000001
 20
2355.0
 97
0
 75
1
 76
1
 52
0.0
 41
6.875000000000001
 77
0
 78
2
 53
45.0
 43
0.0
 44
0.0
 45
-15.4348152083
 46
15.4348152083
 79
0
 53
135.0
 43
0.0
 44
0.0
 45
-15.4348152083
 46
-15.4348152083
 79
0
 98
0
  0
LWPOLYLINE
  5
DC
330
17
100
AcDbEntity
  8
OV
370
25
420
13849600
100
AcDbPolyline
 90
4
 70
1
 10
70.00000000000001
 20
2256.0
 10
370.0
 20
2256.0
 10
370.0
 20
2355.0
 10
70.00000000000001
 20
2355.0
  0
HATCH
  5
DD
330
17
100
AcDbEntity
  8
OV
 62
7
420
13849600
100
AcDbHatch
 10
0.0
 20
0.0
 30
0.0
210
0.0
220
0.0
230
1.0
  2
ANSI31
 70
0
 71
0
 91
1
 92
3
 72
0
 73
1
 93
4
 10
-142.99999999999997
 20
2256.0
 10
-58.00000000000001
 20
2256.0
 10
-58.00000000000001
 20
2355.0
 10
-142.99999999999997
 20
2355.0
 97
0
 75
1
 76
1
 52
0.0
 41
4.583333333333334
 77
0
 78
1
 53
45.0
 43
0.0
 44
0.0
 45
-10.2898768055
 46
10.2898768055
 79
0
 98
0
  0
LWPOLYLINE
  5
DE
330
17
100
AcDbEntity
  8
OV
370
25
420
13849600
100
AcDbPolyline
 90
4
 70
1
 10
-142.99999999999997
 20
2256.0
 10
-58.00000000000001
 20
2256.0
 10
-58.00000000000001
 20
2355.0
 10
-142.99999999999997
 20
2355.0
  0
HATCH
  5
DF
330
17
100
AcDbEntity
  8
VK
 62
7
420
3050327
100
AcDbHatch
 10
0.0
 20
0.0
 30
0.0
210
0.0
220
0.0
230
1.0
  2
ANSI31
 70
0
 71
0
 91
1
 92
3
 72
0
 73
1
 93
4
 10
1401.0
 20
6616.0
 10
1500.0
 20
6616.0
 10
1500.0
 20
6916.0
 10
1401.0
 20
6916.0
 97
0
 75
1
 76
1
 52
0.0
 41
4.583333333333334
 77
0
 78
1
 53
45.0
 43
0.0
 44
0.0
 45
-10.2898768055
 46
10.2898768055
 79
0
 98
0
  0
LWPOLYLINE
  5
E0
330
17
100
AcDbEntity
  8
VK
370
25
420
3050327
100
AcDbPolyline
 90
4
 70
1
 10
1401.0
 20
6616.0
 10
1500.0
 20
6616.0
 10
1500.0
 20
6916.0
 10
1401.0
 20
6916.0
  0
HATCH
  5
E1
330
17
100
AcDbEntity
  8
EL-SOCKET
 62
7
420
12597547
100
AcDbHatch
 10
0.0
 20
0.0
 30
0.0
210
0.0
220
0.0
230
1.0
  2
SOLID
 70
1
 71
0
 91
1
 92
3
 72
0
 73
1
 93
4
 10
3281.0
 20
3320.0000000000005
 10
3390.9999999999995
 20
3320.0000000000005
 10
3390.9999999999995
 20
3629.9999999999995
 10
3281.0
 20
3629.9999999999995
 97
0
 75
1
 76
1
 98
0
  0
LWPOLYLINE
  5
E2
330
17
100
AcDbEntity
  8
EL-SOCKET
370
30
420
12597547
100
AcDbPolyline
 90
4
 70
1
 10
3281.0
 20
3320.0000000000005
 10
3390.9999999999995
 20
3320.0000000000005
 10
3390.9999999999995
 20
3629.9999999999995
 10
3281.0
 20
3629.9999999999995
  0
HATCH
  5
E3
330
17
100
AcDbEntity
  8
EL-LOW
 62
7
420
16777215
100
AcDbHatch
 10
0.0
 20
0.0
 30
0.0
210
0.0
220
0.0
230
1.0
  2
SOLID
 70
1
 71
0
 91
1
 92
3
 72
0
 73
1
 93
4
 10
3281.0
 20
3725.0
 10
3390.9999999999995
 20
3725.0
 10
3390.9999999999995
 20
4125.0
 10
3281.0
 20
4125.0
 97
0
 75
1
 76
1
 98
0
  0
LWPOLYLINE
  5
E4
330
17
100
AcDbEntity
  8
EL-LOW
370
30
420
2914860
100
AcDbPolyline
 90
4
 70
1
 10
3281.0
 20
3725.0
 10
3390.9999999999995
 20
3725.0
 10
3390.9999999999995
 20
4125.0
 10
3281.0
 20
4125.0
  0
CIRCLE
  5
E5
330
17
100
AcDbEntity
  8
AR-WALLS
  6
DASHED
370
20
 48
75.0
420
4878245
100
AcDbCircle
 10
-6552.0
 20
4113.0
 30
0.0
 40
100.0
  0
CIRCLE
  5
E6
330
17
100
AcDbEntity
  8
AR-WALLS
  6
DASHED
370
20
 48
75.0
420
4878245
100
AcDbCircle
 10
-6550.0
 20
994.9999999999995
 30
0.0
 40
100.0
  0
LWPOLYLINE
  5
E7
330
17
100
AcDbEntity
  8
VK
370
30
420
2060246
100
AcDbPolyline
 90
4
 70
0
 10
2800.0
 20
6715.000000000001
 10
2600.0
 20
6715.000000000001
 10
2600.0
 20
6845.0
 10
2100.0
 20
6845.0
  0
LWPOLYLINE
  5
E8
330
17
100
AcDbEntity
  8
VK
370
30
420
2060246
100
AcDbPolyline
 90
4
 70
0
 10
2800.0
 20
6715.000000000001
 10
2600.0
 20
6715.000000000001
 10
2600.0
 20
6875.0
 10
1100.0
 20
6875.0
  0
LWPOLYLINE
  5
E9
330
17
100
AcDbEntity
  8
VK
370
30
420
14034728
100
AcDbPolyline
 90
4
 70
0
 10
2825.0
 20
6740.000000000001
 10
2625.0
 20
6740.000000000001
 10
2625.0
 20
6900.0
 10
1125.0
 20
6900.0
  0
LWPOLYLINE
  5
EA
330
17
100
AcDbEntity
  8
VK
370
30
420
2060246
100
AcDbPolyline
 90
5
 70
0
 10
2800.0
 20
6715.000000000001
 10
3150.0
 20
6675.0
 10
3340.0000000000005
 20
6675.0
 10
3340.0000000000005
 20
6591.0
 10
3340.0000000000005
 20
5825.0
  0
LWPOLYLINE
  5
EB
330
17
100
AcDbEntity
  8
VK
370
30
420
14034728
100
AcDbPolyline
 90
5
 70
0
 10
2825.0
 20
6740.000000000001
 10
3175.0
 20
6700.0
 10
3365.0000000000005
 20
6700.0
 10
3365.0000000000005
 20
6616.0
 10
3365.0000000000005
 20
5850.0
  0
LWPOLYLINE
  5
EC
330
17
100
AcDbEntity
  8
VK
370
30
420
2060246
100
AcDbPolyline
 90
4
 70
0
 10
3340.0000000000005
 20
5825.0
 10
3340.0000000000005
 20
5625.0
 10
3340.0000000000005
 20
4945.0
 10
2000.0
 20
4945.0
  0
LWPOLYLINE
  5
ED
330
17
100
AcDbEntity
  8
VK
370
30
420
14034728
100
AcDbPolyline
 90
4
 70
0
 10
3365.0000000000005
 20
5850.0
 10
3365.0000000000005
 20
5650.0
 10
3365.0000000000005
 20
4970.0
 10
2025.0
 20
4970.0
  0
LWPOLYLINE
  5
EE
330
17
100
AcDbEntity
  8
VK
370
30
420
2060246
100
AcDbPolyline
 90
6
 70
0
 10
210.0
 20
1575.0
 10
210.0
 20
1304.9999999999998
 10
-20.000000000000018
 20
1304.9999999999998
 10
-150.0
 20
1304.9999999999998
 10
-150.0
 20
1114.9999999999998
 10
-1790.0000000000002
 20
1114.9999999999998
  0
LWPOLYLINE
  5
EF
330
17
100
AcDbEntity
  8
VK
370
30
420
14034728
100
AcDbPolyline
 90
6
 70
0
 10
235.0
 20
1600.0
 10
235.0
 20
1329.9999999999998
 10
4.999999999999982
 20
1329.9999999999998
 10
-125.0
 20
1329.9999999999998
 10
-125.0
 20
1139.9999999999998
 10
-1765.0000000000002
 20
1139.9999999999998
  0
LWPOLYLINE
  5
F0
330
17
100
AcDbEntity
  8
VK
370
30
420
2060246
100
AcDbPolyline
 90
2
 70
0
 10
210.0
 20
1575.0
 10
325.0
 20
1375.0
  0
LWPOLYLINE
  5
F1
330
17
100
AcDbEntity
  8
VK
370
30
420
14034728
100
AcDbPolyline
 90
2
 70
0
 10
235.0
 20
1600.0
 10
350.0
 20
1400.0
  0
LWPOLYLINE
  5
F2
330
17
100
AcDbEntity
  8
VK
370
30
420
2060246
100
AcDbPolyline
 90
4
 70
0
 10
210.0
 20
1575.0
 10
325.0
 20
1225.0
 10
940.0
 20
1225.0
 10
940.0
 20
1094.9999999999995
  0
LWPOLYLINE
  5
F3
330
17
100
AcDbEntity
  8
VK
  6
DASHED
370
50
 48
75.0
420
7027999
100
AcDbPolyline
 90
4
 70
0
 10
3250.0
 20
6515.000000000001
 10
3250.0
 20
6591.0
 10
3250.0
 20
6741.0
 10
3287.9999999999995
 20
6741.0
  0
TEXT
  5
F4
330
17
100
AcDbEntity
  8
TEXT
420
7027999
100
AcDbText
 10
2807.5290772046474
 20
6710.194173824159
 30
0.0
 40
40.0
  1
S1 Ø50 i=0.02
  7
GOST
 11
2807.5290772046474
 21
6710.194173824159
 31
0.0
100
AcDbText
  0
LWPOLYLINE
  5
F5
330
17
100
AcDbEntity
  8
VK
  6
DASHED
370
50
 48
75.0
420
7027999
100
AcDbPolyline
 90
7
 70
0
 10
3200.0
 20
5250.0
 10
3340.0000000000005
 20
5250.0
 10
3340.0000000000005
 20
5625.0
 10
3340.0000000000005
 20
6591.0
 10
3340.0000000000005
 20
6675.0
 10
3287.9999999999995
 20
6675.0
 10
3287.9999999999995
 20
6741.0
  0
TEXT
  5
F6
330
17
100
AcDbEntity
  8
TEXT
420
7027999
100
AcDbText
 10
2897.5290772046483
 20
6152.1941738241585
 30
0.0
 40
40.0
  1
S2 Ø50 i=0.02
  7
GOST
 11
2897.5290772046483
 21
6152.1941738241585
 31
0.0
100
AcDbText
  0
LWPOLYLINE
  5
F7
330
17
100
AcDbEntity
  8
VK
  6
DASHED
370
50
 48
75.0
420
7027999
100
AcDbPolyline
 90
4
 70
0
 10
2100.0
 20
6845.0
 10
2600.0
 20
6845.0
 10
2600.0
 20
6715.000000000001
 10
3233.0
 20
6715.000000000001
  0
TEXT
  5
F8
330
17
100
AcDbEntity
  8
TEXT
420
7027999
100
AcDbText
 10
2439.1182404419587
 20
6630.805826175841
 30
0.0
 40
40.0
  1
S3 Ø110 i=0.02
  7
GOST
 11
2439.1182404419587
 21
6630.805826175841
 31
0.0
100
AcDbText
  0
LWPOLYLINE
  5
F9
330
17
100
AcDbEntity
  8
VK
  6
DASHED
370
50
 48
75.0
420
7027999
100
AcDbPolyline
 90
4
 70
0
 10
1100.0
 20
6890.000000000001
 10
2550.0
 20
6890.000000000001
 10
2550.0
 20
6715.000000000001
 10
3233.0
 20
6715.000000000001
  0
TEXT
  5
FA
330
17
100
AcDbEntity
  8
TEXT
420
7027999
100
AcDbText
 10
1869.1941738241592
 20
6805.805826175841
 30
0.0
 40
40.0
  1
S4 Ø50 i=0.02
  7
GOST
 11
1869.1941738241592
 21
6805.805826175841
 31
0.0
100
AcDbText
  0
LWPOLYLINE
  5
FB
330
17
100
AcDbEntity
  8
VK
  6
DASHED
370
50
 48
75.0
420
7027999
100
AcDbPolyline
 90
4
 70
0
 10
-1660.0000000000002
 20
1135.0000000000002
 10
-60.00000000000006
 20
1135.0000000000002
 10
66.00000000000001
 20
1135.0000000000002
 10
66.00000000000001
 20
1175.9999999999998
  0
TEXT
  5
FC
330
17
100
AcDbEntity
  8
TEXT
420
7027999
100
AcDbText
 10
-785.0
 20
1210.0000000000002
 30
0.0
 40
40.0
  1
S5 Ø50 i=0.02
  7
GOST
 11
-785.0
 21
1210.0000000000002
 31
0.0
100
AcDbText
  0
LWPOLYLINE
  5
FD
330
17
100
AcDbEntity
  8
TEXT
370
15
420
7027999
100
AcDbPolyline
 90
2
 70
0
 10
-860.0
 20
1135.0000000000002
 10
-785.0
 20
1210.0000000000002
  0
LWPOLYLINE
  5
FE
330
17
100
AcDbEntity
  8
VK
  6
DASHED
370
50
 48
75.0
420
7027999
100
AcDbPolyline
 90
3
 70
0
 10
325.0
 20
1525.0
 10
175.99999999999997
 20
1525.0
 10
175.99999999999997
 20
1175.9999999999998
  0
TEXT
  5
FF
330
17
100
AcDbEntity
  8
TEXT
420
7027999
100
AcDbText
 10
250.99999999999997
 20
1425.5000000000002
 30
0.0
 40
40.0
  1
S6 Ø50 i=0.02
  7
GOST
 11
250.99999999999997
 21
1425.5000000000002
 31
0.0
100
AcDbText
  0
LWPOLYLINE
  5
100
330
17
100
AcDbEntity
  8
TEXT
370
15
420
7027999
100
AcDbPolyline
 90
2
 70
0
 10
175.99999999999997
 20
1350.5000000000002
 10
250.99999999999997
 20
1425.5000000000002
  0
LWPOLYLINE
  5
101
330
17
100
AcDbEntity
  8
VK
  6
DASHED
370
50
 48
75.0
420
7027999
100
AcDbPolyline
 90
3
 70
0
 10
1019.9999999999999
 20
1135.0000000000002
 10
325.0
 20
1135.0000000000002
 10
175.99999999999997
 20
1175.9999999999998
  0
TEXT
  5
102
330
17
100
AcDbEntity
  8
TEXT
420
7027999
100
AcDbText
 10
716.6941738241592
 20
1179.1941738241594
 30
0.0
 40
40.0
  1
S7 Ø50 i=0.02
  7
GOST
 11
716.6941738241592
 21
1179.1941738241594
 31
0.0
100
AcDbText
  0
HATCH
  5
103
330
17
100
AcDbEntity
  8
VK
 62
7
420
16777215
100
AcDbHatch
 10
0.0
 20
0.0
 30
0.0
210
0.0
220
0.0
230
1.0
  2
SOLID
 70
1
 71
0
 91
1
 92
1
 93
1
 72
2
 10
2100.0
 20
6865.000000000001
 40
21.25
 50
0
 51
360
 73
1
 97
0
 75
1
 76
1
 98
0
  0
CIRCLE
  5
104
330
17
100
AcDbEntity
  8
VK
370
35
420
2060246
100
AcDbCircle
 10
2100.0
 20
6865.000000000001
 30
0.0
 40
21.25
  0
HATCH
  5
105
330
17
100
AcDbEntity
  8
VK
 62
7
420
16777215
100
AcDbHatch
 10
0.0
 20
0.0
 30
0.0
210
0.0
220
0.0
230
1.0
  2
SOLID
 70
1
 71
0
 91
1
 92
1
 93
1
 72
2
 10
2100.0
 20
6845.0
 40
27.500000000000004
 50
0
 51
360
 73
1
 97
0
 75
1
 76
1
 98
0
  0
CIRCLE
  5
106
330
17
100
AcDbEntity
  8
VK
370
35
420
7027999
100
AcDbCircle
 10
2100.0
 20
6845.0
 30
0.0
 40
27.500000000000004
  0
HATCH
  5
107
330
17
100
AcDbEntity
  8
VK
 62
7
420
7027999
100
AcDbHatch
 10
0.0
 20
0.0
 30
0.0
210
0.0
220
0.0
230
1.0
  2
SOLID
 70
1
 71
0
 91
1
 92
1
 93
1
 72
2
 10
2100.0
 20
6845.0
 40
11.25
 50
0
 51
360
 73
1
 97
0
 75
1
 76
1
 98
0
  0
CIRCLE
  5
108
330
17
100
AcDbEntity
  8
VK
370
13
420
7027999
100
AcDbCircle
 10
2100.0
 20
6845.0
 30
0.0
 40
11.25
  0
HATCH
  5
109
330
17
100
AcDbEntity
  8
VK
 62
7
420
16777215
100
AcDbHatch
 10
0.0
 20
0.0
 30
0.0
210
0.0
220
0.0
230
1.0
  2
SOLID
 70
1
 71
0
 91
1
 92
1
 93
1
 72
2
 10
1030.0
 20
6916.0
 40
21.25
 50
0
 51
360
 73
1
 97
0
 75
1
 76
1
 98
0
  0
CIRCLE
  5
10A
330
17
100
AcDbEntity
  8
VK
370
35
420
2060246
100
AcDbCircle
 10
1030.0
 20
6916.0
 30
0.0
 40
21.25
  0
HATCH
  5
10B
330
17
100
AcDbEntity
  8
VK
 62
7
420
14034728
100
AcDbHatch
 10
0.0
 20
0.0
 30
0.0
210
0.0
220
0.0
230
1.0
  2
SOLID
 70
1
 71
0
 91
1
 92
1
 93
1
 72
2
 10
1170.0
 20
6916.0
 40
21.25
 50
0
 51
360
 73
1
 97
0
 75
1
 76
1
 98
0
  0
CIRCLE
  5
10C
330
17
100
AcDbEntity
  8
VK
370
35
420
14034728
100
AcDbCircle
 10
1170.0
 20
6916.0
 30
0.0
 40
21.25
  0
HATCH
  5
10D
330
17
100
AcDbEntity
  8
VK
 62
7
420
16777215
100
AcDbHatch
 10
0.0
 20
0.0
 30
0.0
210
0.0
220
0.0
230
1.0
  2
SOLID
 70
1
 71
0
 91
1
 92
1
 93
1
 72
2
 10
1100.0
 20
6916.0
 40
27.500000000000004
 50
0
 51
360
 73
1
 97
0
 75
1
 76
1
 98
0
  0
CIRCLE
  5
10E
330
17
100
AcDbEntity
  8
VK
370
35
420
7027999
100
AcDbCircle
 10
1100.0
 20
6916.0
 30
0.0
 40
27.500000000000004
  0
HATCH
  5
10F
330
17
100
AcDbEntity
  8
VK
 62
7
420
7027999
100
AcDbHatch
 10
0.0
 20
0.0
 30
0.0
210
0.0
220
0.0
230
1.0
  2
SOLID
 70
1
 71
0
 91
1
 92
1
 93
1
 72
2
 10
1100.0
 20
6916.0
 40
11.25
 50
0
 51
360
 73
1
 97
0
 75
1
 76
1
 98
0
  0
CIRCLE
  5
110
330
17
100
AcDbEntity
  8
VK
370
13
420
7027999
100
AcDbCircle
 10
1100.0
 20
6916.0
 30
0.0
 40
11.25
  0
HATCH
  5
111
330
17
100
AcDbEntity
  8
VK
 62
7
420
16777215
100
AcDbHatch
 10
0.0
 20
0.0
 30
0.0
210
0.0
220
0.0
230
1.0
  2
SOLID
 70
1
 71
0
 91
1
 92
1
 93
1
 72
2
 10
1925.0
 20
4875.0
 40
21.25
 50
0
 51
360
 73
1
 97
0
 75
1
 76
1
 98
0
  0
CIRCLE
  5
112
330
17
100
AcDbEntity
  8
VK
370
35
420
2060246
100
AcDbCircle
 10
1925.0
 20
4875.0
 30
0.0
 40
21.25
  0
HATCH
  5
113
330
17
100
AcDbEntity
  8
VK
 62
7
420
14034728
100
AcDbHatch
 10
0.0
 20
0.0
 30
0.0
210
0.0
220
0.0
230
1.0
  2
SOLID
 70
1
 71
0
 91
1
 92
1
 93
1
 72
2
 10
2075.0
 20
4875.0
 40
21.25
 50
0
 51
360
 73
1
 97
0
 75
1
 76
1
 98
0
  0
CIRCLE
  5
114
330
17
100
AcDbEntity
  8
VK
370
35
420
14034728
100
AcDbCircle
 10
2075.0
 20
4875.0
 30
0.0
 40
21.25
  0
HATCH
  5
115
330
17
100
AcDbEntity
  8
VK
 62
7
420
16777215
100
AcDbHatch
 10
0.0
 20
0.0
 30
0.0
210
0.0
220
0.0
230
1.0
  2
SOLID
 70
1
 71
0
 91
1
 92
1
 93
1
 72
2
 10
3200.0
 20
5250.0
 40
27.500000000000004
 50
0
 51
360
 73
1
 97
0
 75
1
 76
1
 98
0
  0
CIRCLE
  5
116
330
17
100
AcDbEntity
  8
VK
370
35
420
7027999
100
AcDbCircle
 10
3200.0
 20
5250.0
 30
0.0
 40
27.500000000000004
  0
HATCH
  5
117
330
17
100
AcDbEntity
  8
VK
 62
7
420
7027999
100
AcDbHatch
 10
0.0
 20
0.0
 30
0.0
210
0.0
220
0.0
230
1.0
  2
SOLID
 70
1
 71
0
 91
1
 92
1
 93
1
 72
2
 10
3200.0
 20
5250.0
 40
11.25
 50
0
 51
360
 73
1
 97
0
 75
1
 76
1
 98
0
  0
CIRCLE
  5
118
330
17
100
AcDbEntity
  8
VK
370
13
420
7027999
100
AcDbCircle
 10
3200.0
 20
5250.0
 30
0.0
 40
11.25
  0
HATCH
  5
119
330
17
100
AcDbEntity
  8
VK
 62
7
420
16777215
100
AcDbHatch
 10
0.0
 20
0.0
 30
0.0
210
0.0
220
0.0
230
1.0
  2
SOLID
 70
1
 71
0
 91
1
 92
1
 93
1
 72
2
 10
3296.0
 20
5825.0
 40
21.25
 50
0
 51
360
 73
1
 97
0
 75
1
 76
1
 98
0
  0
CIRCLE
  5
11A
330
17
100
AcDbEntity
  8
VK
370
35
420
2060246
100
AcDbCircle
 10
3296.0
 20
5825.0
 30
0.0
 40
21.25
  0
HATCH
  5
11B
330
17
100
AcDbEntity
  8
VK
 62
7
420
14034728
100
AcDbHatch
 10
0.0
 20
0.0
 30
0.0
210
0.0
220
0.0
230
1.0
  2
SOLID
 70
1
 71
0
 91
1
 92
1
 93
1
 72
2
 10
3296.0
 20
5825.0
 40
21.25
 50
0
 51
360
 73
1
 97
0
 75
1
 76
1
 98
0
  0
CIRCLE
  5
11C
330
17
100
AcDbEntity
  8
VK
370
35
420
14034728
100
AcDbCircle
 10
3296.0
 20
5825.0
 30
0.0
 40
21.25
  0
HATCH
  5
11D
330
17
100
AcDbEntity
  8
VK
 62
7
420
16777215
100
AcDbHatch
 10
0.0
 20
0.0
 30
0.0
210
0.0
220
0.0
230
1.0
  2
SOLID
 70
1
 71
0
 91
1
 92
1
 93
1
 72
2
 10
3250.0
 20
6515.000000000001
 40
27.500000000000004
 50
0
 51
360
 73
1
 97
0
 75
1
 76
1
 98
0
  0
CIRCLE
  5
11E
330
17
100
AcDbEntity
  8
VK
370
35
420
7027999
100
AcDbCircle
 10
3250.0
 20
6515.000000000001
 30
0.0
 40
27.500000000000004
  0
HATCH
  5
11F
330
17
100
AcDbEntity
  8
VK
 62
7
420
7027999
100
AcDbHatch
 10
0.0
 20
0.0
 30
0.0
210
0.0
220
0.0
230
1.0
  2
SOLID
 70
1
 71
0
 91
1
 92
1
 93
1
 72
2
 10
3250.0
 20
6515.000000000001
 40
11.25
 50
0
 51
360
 73
1
 97
0
 75
1
 76
1
 98
0
  0
CIRCLE
  5
120
330
17
100
AcDbEntity
  8
VK
370
13
420
7027999
100
AcDbCircle
 10
3250.0
 20
6515.000000000001
 30
0.0
 40
11.25
  0
HATCH
  5
121
330
17
100
AcDbEntity
  8
VK
 62
7
420
16777215
100
AcDbHatch
 10
0.0
 20
0.0
 30
0.0
210
0.0
220
0.0
230
1.0
  2
SOLID
 70
1
 71
0
 91
1
 92
1
 93
1
 72
2
 10
-1840.0000000000002
 20
1075.0
 40
21.25
 50
0
 51
360
 73
1
 97
0
 75
1
 76
1
 98
0
  0
CIRCLE
  5
122
330
17
100
AcDbEntity
  8
VK
370
35
420
2060246
100
AcDbCircle
 10
-1840.0000000000002
 20
1075.0
 30
0.0
 40
21.25
  0
HATCH
  5
123
330
17
100
AcDbEntity
  8
VK
 62
7
420
14034728
100
AcDbHatch
 10
0.0
 20
0.0
 30
0.0
210
0.0
220
0.0
230
1.0
  2
SOLID
 70
1
 71
0
 91
1
 92
1
 93
1
 72
2
 10
-1740.0000000000002
 20
1075.0
 40
21.25
 50
0
 51
360
 73
1
 97
0
 75
1
 76
1
 98
0
  0
CIRCLE
  5
124
330
17
100
AcDbEntity
  8
VK
370
35
420
14034728
100
AcDbCircle
 10
-1740.0000000000002
 20
1075.0
 30
0.0
 40
21.25
  0
HATCH
  5
125
330
17
100
AcDbEntity
  8
VK
 62
7
420
16777215
100
AcDbHatch
 10
0.0
 20
0.0
 30
0.0
210
0.0
220
0.0
230
1.0
  2
SOLID
 70
1
 71
0
 91
1
 92
1
 93
1
 72
2
 10
-1660.0000000000002
 20
1075.0
 40
27.500000000000004
 50
0
 51
360
 73
1
 97
0
 75
1
 76
1
 98
0
  0
CIRCLE
  5
126
330
17
100
AcDbEntity
  8
VK
370
35
420
7027999
100
AcDbCircle
 10
-1660.0000000000002
 20
1075.0
 30
0.0
 40
27.500000000000004
  0
HATCH
  5
127
330
17
100
AcDbEntity
  8
VK
 62
7
420
7027999
100
AcDbHatch
 10
0.0
 20
0.0
 30
0.0
210
0.0
220
0.0
230
1.0
  2
SOLID
 70
1
 71
0
 91
1
 92
1
 93
1
 72
2
 10
-1660.0000000000002
 20
1075.0
 40
11.25
 50
0
 51
360
 73
1
 97
0
 75
1
 76
1
 98
0
  0
CIRCLE
  5
128
330
17
100
AcDbEntity
  8
VK
370
13
420
7027999
100
AcDbCircle
 10
-1660.0000000000002
 20
1075.0
 30
0.0
 40
11.25
  0
HATCH
  5
129
330
17
100
AcDbEntity
  8
VK
 62
7
420
16777215
100
AcDbHatch
 10
0.0
 20
0.0
 30
0.0
210
0.0
220
0.0
230
1.0
  2
SOLID
 70
1
 71
0
 91
1
 92
1
 93
1
 72
2
 10
-1800.0
 20
1075.0
 40
21.25
 50
0
 51
360
 73
1
 97
0
 75
1
 76
1
 98
0
  0
CIRCLE
  5
12A
330
17
100
AcDbEntity
  8
VK
370
35
420
2060246
100
AcDbCircle
 10
-1800.0
 20
1075.0
 30
0.0
 40
21.25
  0
HATCH
  5
12B
330
17
100
AcDbEntity
  8
VK
 62
7
420
16777215
100
AcDbHatch
 10
0.0
 20
0.0
 30
0.0
210
0.0
220
0.0
230
1.0
  2
SOLID
 70
1
 71
0
 91
1
 92
1
 93
1
 72
2
 10
-1660.0000000000002
 20
1075.0
 40
27.500000000000004
 50
0
 51
360
 73
1
 97
0
 75
1
 76
1
 98
0
  0
CIRCLE
  5
12C
330
17
100
AcDbEntity
  8
VK
370
35
420
7027999
100
AcDbCircle
 10
-1660.0000000000002
 20
1075.0
 30
0.0
 40
27.500000000000004
  0
HATCH
  5
12D
330
17
100
AcDbEntity
  8
VK
 62
7
420
7027999
100
AcDbHatch
 10
0.0
 20
0.0
 30
0.0
210
0.0
220
0.0
230
1.0
  2
SOLID
 70
1
 71
0
 91
1
 92
1
 93
1
 72
2
 10
-1660.0000000000002
 20
1075.0
 40
11.25
 50
0
 51
360
 73
1
 97
0
 75
1
 76
1
 98
0
  0
CIRCLE
  5
12E
330
17
100
AcDbEntity
  8
VK
370
13
420
7027999
100
AcDbCircle
 10
-1660.0000000000002
 20
1075.0
 30
0.0
 40
11.25
  0
HATCH
  5
12F
330
17
100
AcDbEntity
  8
VK
 62
7
420
16777215
100
AcDbHatch
 10
0.0
 20
0.0
 30
0.0
210
0.0
220
0.0
230
1.0
  2
SOLID
 70
1
 71
0
 91
1
 92
1
 93
1
 72
2
 10
-1840.0000000000002
 20
1075.0
 40
21.25
 50
0
 51
360
 73
1
 97
0
 75
1
 76
1
 98
0
  0
CIRCLE
  5
130
330
17
100
AcDbEntity
  8
VK
370
35
420
2060246
100
AcDbCircle
 10
-1840.0000000000002
 20
1075.0
 30
0.0
 40
21.25
  0
HATCH
  5
131
330
17
100
AcDbEntity
  8
VK
 62
7
420
16777215
100
AcDbHatch
 10
0.0
 20
0.0
 30
0.0
210
0.0
220
0.0
230
1.0
  2
SOLID
 70
1
 71
0
 91
1
 92
1
 93
1
 72
2
 10
325.0
 20
1325.0
 40
21.25
 50
0
 51
360
 73
1
 97
0
 75
1
 76
1
 98
0
  0
CIRCLE
  5
132
330
17
100
AcDbEntity
  8
VK
370
35
420
2060246
100
AcDbCircle
 10
325.0
 20
1325.0
 30
0.0
 40
21.25
  0
HATCH
  5
133
330
17
100
AcDbEntity
  8
VK
 62
7
420
14034728
100
AcDbHatch
 10
0.0
 20
0.0
 30
0.0
210
0.0
220
0.0
230
1.0
  2
SOLID
 70
1
 71
0
 91
1
 92
1
 93
1
 72
2
 10
325.0
 20
1425.0
 40
21.25
 50
0
 51
360
 73
1
 97
0
 75
1
 76
1
 98
0
  0
CIRCLE
  5
134
330
17
100
AcDbEntity
  8
VK
370
35
420
14034728
100
AcDbCircle
 10
325.0
 20
1425.0
 30
0.0
 40
21.25
  0
HATCH
  5
135
330
17
100
AcDbEntity
  8
VK
 62
7
420
16777215
100
AcDbHatch
 10
0.0
 20
0.0
 30
0.0
210
0.0
220
0.0
230
1.0
  2
SOLID
 70
1
 71
0
 91
1
 92
1
 93
1
 72
2
 10
325.0
 20
1525.0
 40
27.500000000000004
 50
0
 51
360
 73
1
 97
0
 75
1
 76
1
 98
0
  0
CIRCLE
  5
136
330
17
100
AcDbEntity
  8
VK
370
35
420
7027999
100
AcDbCircle
 10
325.0
 20
1525.0
 30
0.0
 40
27.500000000000004
  0
HATCH
  5
137
330
17
100
AcDbEntity
  8
VK
 62
7
420
7027999
100
AcDbHatch
 10
0.0
 20
0.0
 30
0.0
210
0.0
220
0.0
230
1.0
  2
SOLID
 70
1
 71
0
 91
1
 92
1
 93
1
 72
2
 10
325.0
 20
1525.0
 40
11.25
 50
0
 51
360
 73
1
 97
0
 75
1
 76
1
 98
0
  0
CIRCLE
  5
138
330
17
100
AcDbEntity
  8
VK
370
13
420
7027999
100
AcDbCircle
 10
325.0
 20
1525.0
 30
0.0
 40
11.25
  0
HATCH
  5
139
330
17
100
AcDbEntity
  8
VK
 62
7
420
16777215
100
AcDbHatch
 10
0.0
 20
0.0
 30
0.0
210
0.0
220
0.0
230
1.0
  2
SOLID
 70
1
 71
0
 91
1
 92
1
 93
1
 72
2
 10
940.0
 20
1075.0
 40
21.25
 50
0
 51
360
 73
1
 97
0
 75
1
 76
1
 98
0
  0
CIRCLE
  5
13A
330
17
100
AcDbEntity
  8
VK
370
35
420
2060246
100
AcDbCircle
 10
940.0
 20
1075.0
 30
0.0
 40
21.25
  0
HATCH
  5
13B
330
17
100
AcDbEntity
  8
VK
 62
7
420
16777215
100
AcDbHatch
 10
0.0
 20
0.0
 30
0.0
210
0.0
220
0.0
230
1.0
  2
SOLID
 70
1
 71
0
 91
1
 92
1
 93
1
 72
2
 10
1019.9999999999999
 20
1075.0
 40
27.500000000000004
 50
0
 51
360
 73
1
 97
0
 75
1
 76
1
 98
0
  0
CIRCLE
  5
13C
330
17
100
AcDbEntity
  8
VK
370
35
420
7027999
100
AcDbCircle
 10
1019.9999999999999
 20
1075.0
 30
0.0
 40
27.500000000000004
  0
HATCH
  5
13D
330
17
100
AcDbEntity
  8
VK
 62
7
420
7027999
100
AcDbHatch
 10
0.0
 20
0.0
 30
0.0
210
0.0
220
0.0
230
1.0
  2
SOLID
 70
1
 71
0
 91
1
 92
1
 93
1
 72
2
 10
1019.9999999999999
 20
1075.0
 40
11.25
 50
0
 51
360
 73
1
 97
0
 75
1
 76
1
 98
0
  0
CIRCLE
  5
13E
330
17
100
AcDbEntity
  8
VK
370
13
420
7027999
100
AcDbCircle
 10
1019.9999999999999
 20
1075.0
 30
0.0
 40
11.25
  0
HATCH
  5
13F
330
17
100
AcDbEntity
  8
VK
 62
7
420
16777215
100
AcDbHatch
 10
0.0
 20
0.0
 30
0.0
210
0.0
220
0.0
230
1.0
  2
SOLID
 70
1
 71
0
 91
1
 92
1
 93
1
 72
2
 10
1019.9999999999999
 20
1075.0
 40
27.500000000000004
 50
0
 51
360
 73
1
 97
0
 75
1
 76
1
 98
0
  0
CIRCLE
  5
140
330
17
100
AcDbEntity
  8
VK
370
35
420
7027999
100
AcDbCircle
 10
1019.9999999999999
 20
1075.0
 30
0.0
 40
27.500000000000004
  0
HATCH
  5
141
330
17
100
AcDbEntity
  8
VK
 62
7
420
7027999
100
AcDbHatch
 10
0.0
 20
0.0
 30
0.0
210
0.0
220
0.0
230
1.0
  2
SOLID
 70
1
 71
0
 91
1
 92
1
 93
1
 72
2
 10
1019.9999999999999
 20
1075.0
 40
11.25
 50
0
 51
360
 73
1
 97
0
 75
1
 76
1
 98
0
  0
CIRCLE
  5
142
330
17
100
AcDbEntity
  8
VK
370
13
420
7027999
100
AcDbCircle
 10
1019.9999999999999
 20
1075.0
 30
0.0
 40
11.25
  0
HATCH
  5
143
330
17
100
AcDbEntity
  8
VK
 62
7
420
16777215
100
AcDbHatch
 10
0.0
 20
0.0
 30
0.0
210
0.0
220
0.0
230
1.0
  2
SOLID
 70
1
 71
0
 91
1
 92
1
 93
1
 72
2
 10
210.0
 20
1575.0
 40
21.25
 50
0
 51
360
 73
1
 97
0
 75
1
 76
1
 98
0
  0
CIRCLE
  5
144
330
17
100
AcDbEntity
  8
VK
370
35
420
2060246
100
AcDbCircle
 10
210.0
 20
1575.0
 30
0.0
 40
21.25
  0
HATCH
  5
145
330
17
100
AcDbEntity
  8
VK
 62
7
420
16777215
100
AcDbHatch
 10
0.0
 20
0.0
 30
0.0
210
0.0
220
0.0
230
1.0
  2
SOLID
 70
1
 71
0
 91
1
 92
1
 93
1
 72
2
 10
928.9999999999999
 20
1075.0
 40
27.500000000000004
 50
0
 51
360
 73
1
 97
0
 75
1
 76
1
 98
0
  0
CIRCLE
  5
146
330
17
100
AcDbEntity
  8
VK
370
35
420
7027999
100
AcDbCircle
 10
928.9999999999999
 20
1075.0
 30
0.0
 40
27.500000000000004
  0
HATCH
  5
147
330
17
100
AcDbEntity
  8
VK
 62
7
420
7027999
100
AcDbHatch
 10
0.0
 20
0.0
 30
0.0
210
0.0
220
0.0
230
1.0
  2
SOLID
 70
1
 71
0
 91
1
 92
1
 93
1
 72
2
 10
928.9999999999999
 20
1075.0
 40
11.25
 50
0
 51
360
 73
1
 97
0
 75
1
 76
1
 98
0
  0
CIRCLE
  5
148
330
17
100
AcDbEntity
  8
VK
370
13
420
7027999
100
AcDbCircle
 10
928.9999999999999
 20
1075.0
 30
0.0
 40
11.25
  0
TEXT
  5
149
330
17
100
AcDbEntity
  8
TEXT
420
2060246
100
AcDbText
 10
2188.3883476483184
 20
6739.111652351683
 30
0.0
 40
37.5
  1
P01 В1 h1000*
  7
GOST
 11
2188.3883476483184
 21
6739.111652351683
 31
0.0
100
AcDbText
  0
LWPOLYLINE
  5
14A
330
17
100
AcDbEntity
  8
TEXT
370
15
420
2060246
100
AcDbPolyline
 90
2
 70
0
 10
2100.0
 20
6865.000000000001
 10
2180.8883476483184
 20
6784.111652351683
  0
HATCH
  5
14B
330
17
100
AcDbEntity
  8
TEXT
 62
7
420
2060246
100
AcDbHatch
 10
0.0
 20
0.0
 30
0.0
210
0.0
220
0.0
230
1.0
  2
SOLID
 70
1
 71
0
 91
1
 92
1
 93
1
 72
2
 10
2100.0
 20
6865.000000000001
 40
6.25
 50
0
 51
360
 73
1
 97
0
 75
1
 76
1
 98
0
  0
CIRCLE
  5
14C
330
17
100
AcDbEntity
  8
TEXT
370
13
420
2060246
100
AcDbCircle
 10
2100.0
 20
6865.000000000001
 30
0.0
 40
6.25
  0
TEXT
  5
14D
330
17
100
AcDbEntity
  8
TEXT
420
7027999
100
AcDbText
 10
1655.644574162381
 20
6719.111652351683
 30
0.0
 40
37.5
  1
P01 К1 h230*
  7
GOST
 11
1655.644574162381
 21
6719.111652351683
 31
0.0
100
AcDbText
  0
LWPOLYLINE
  5
14E
330
17
100
AcDbEntity
  8
TEXT
370
15
420
7027999
100
AcDbPolyline
 90
2
 70
0
 10
2100.0
 20
6845.0
 10
2019.1116523516814
 20
6764.111652351683
  0
HATCH
  5
14F
330
17
100
AcDbEntity
  8
TEXT
 62
7
420
7027999
100
AcDbHatch
 10
0.0
 20
0.0
 30
0.0
210
0.0
220
0.0
230
1.0
  2
SOLID
 70
1
 71
0
 91
1
 92
1
 93
1
 72
2
 10
2100.0
 20
6845.0
 40
6.25
 50
0
 51
360
 73
1
 97
0
 75
1
 76
1
 98
0
  0
CIRCLE
  5
150
330
17
100
AcDbEntity
  8
TEXT
370
13
420
7027999
100
AcDbCircle
 10
2100.0
 20
6845.0
 30
0.0
 40
6.25
  0
TEXT
  5
151
330
17
100
AcDbEntity
  8
TEXT
420
2060246
100
AcDbText
 10
1083.0330085889912
 20
6825.466991411008
 30
0.0
 40
37.5
  1
P02 В1 h600*
  7
GOST
 11
1083.0330085889912
 21
6825.466991411008
 31
0.0
100
AcDbText
  0
TEXT
  5
152
330
17
100
AcDbEntity
  8
TEXT
420
14034728
100
AcDbText
 10
994.5683834876542
 20
6753.5
 30
0.0
 40
37.5
  1
P02 Т3 h600*
  7
GOST
 11
994.5683834876542
 21
6753.5
 31
0.0
100
AcDbText
  0
LWPOLYLINE
  5
153
330
17
100
AcDbEntity
  8
TEXT
370
15
420
14034728
100
AcDbPolyline
 90
2
 70
0
 10
1170.0
 20
6916.0
 10
1170.0
 20
6798.5
  0
HATCH
  5
154
330
17
100
AcDbEntity
  8
TEXT
 62
7
420
14034728
100
AcDbHatch
 10
0.0
 20
0.0
 30
0.0
210
0.0
220
0.0
230
1.0
  2
SOLID
 70
1
 71
0
 91
1
 92
1
 93
1
 72
2
 10
1170.0
 20
6916.0
 40
6.25
 50
0
 51
360
 73
1
 97
0
 75
1
 76
1
 98
0
  0
CIRCLE
  5
155
330
17
100
AcDbEntity
  8
TEXT
370
13
420
14034728
100
AcDbCircle
 10
1170.0
 20
6916.0
 30
0.0
 40
6.25
  0
TEXT
  5
156
330
17
100
AcDbEntity
  8
TEXT
420
7027999
100
AcDbText
 10
922.0164609053497
 20
7103.5
 30
0.0
 40
37.5
  1
P02 К1 h550*
  7
GOST
 11
922.0164609053497
 21
7103.5
 31
0.0
100
AcDbText
  0
LWPOLYLINE
  5
157
330
17
100
AcDbEntity
  8
TEXT
370
15
420
7027999
100
AcDbPolyline
 90
2
 70
0
 10
1100.0
 20
6916.0
 10
1100.0
 20
7095.999999999999
  0
HATCH
  5
158
330
17
100
AcDbEntity
  8
TEXT
 62
7
420
7027999
100
AcDbHatch
 10
0.0
 20
0.0
 30
0.0
210
0.0
220
0.0
230
1.0
  2
SOLID
 70
1
 71
0
 91
1
 92
1
 93
1
 72
2
 10
1100.0
 20
6916.0
 40
6.25
 50
0
 51
360
 73
1
 97
0
 75
1
 76
1
 98
0
  0
CIRCLE
  5
159
330
17
100
AcDbEntity
  8
TEXT
370
13
420
7027999
100
AcDbCircle
 10
1100.0
 20
6916.0
 30
0.0
 40
6.25
  0
TEXT
  5
15A
330
17
100
AcDbEntity
  8
TEXT
420
2060246
100
AcDbText
 10
1978.0330085889912
 20
4928.033008588991
 30
0.0
 40
37.5
  1
P03 В1 h800*
  7
GOST
 11
1978.0330085889912
 21
4928.033008588991
 31
0.0
100
AcDbText
  0
TEXT
  5
15B
330
17
100
AcDbEntity
  8
TEXT
420
14034728
100
AcDbText
 10
1899.5683834876545
 20
5000.0
 30
0.0
 40
37.5
  1
P03 Т3 h800*
  7
GOST
 11
1899.5683834876545
 21
5000.0
 31
0.0
100
AcDbText
  0
LWPOLYLINE
  5
15C
330
17
100
AcDbEntity
  8
TEXT
370
15
420
14034728
100
AcDbPolyline
 90
2
 70
0
 10
2075.0
 20
4875.0
 10
2075.0
 20
4992.5
  0
HATCH
  5
15D
330
17
100
AcDbEntity
  8
TEXT
 62
7
420
14034728
100
AcDbHatch
 10
0.0
 20
0.0
 30
0.0
210
0.0
220
0.0
230
1.0
  2
SOLID
 70
1
 71
0
 91
1
 92
1
 93
1
 72
2
 10
2075.0
 20
4875.0
 40
6.25
 50
0
 51
360
 73
1
 97
0
 75
1
 76
1
 98
0
  0
CIRCLE
  5
15E
330
17
100
AcDbEntity
  8
TEXT
370
13
420
14034728
100
AcDbCircle
 10
2075.0
 20
4875.0
 30
0.0
 40
6.25
  0
TEXT
  5
15F
330
17
100
AcDbEntity
  8
TEXT
420
7027999
100
AcDbText
 10
2823.728822686729
 20
5303.033008588991
 30
0.0
 40
37.5
  1
P03 К1 h70*
  7
GOST
 11
2823.728822686729
 21
5303.033008588991
 31
0.0
100
AcDbText
  0
TEXT
  5
160
330
17
100
AcDbEntity
  8
TEXT
420
2060246
100
AcDbText
 10
2855.5007491270585
 20
5878.033008588991
 30
0.0
 40
37.5
  1
P04 В1 h1100*
  7
GOST
 11
2855.5007491270585
 21
5878.033008588991
 31
0.0
100
AcDbText
  0
TEXT
  5
161
330
17
100
AcDbEntity
  8
TEXT
420
14034728
100
AcDbText
 10
2859.3748489212976
 20
5734.466991411009
 30
0.0
 40
37.5
  1
P04 Т3 h1100*
  7
GOST
 11
2859.3748489212976
 21
5734.466991411009
 31
0.0
100
AcDbText
  0
TEXT
  5
162
330
17
100
AcDbEntity
  8
TEXT
420
7027999
100
AcDbText
 10
2806.0928273163586
 20
6568.033008588992
 30
0.0
 40
37.5
  1
P04 К1 h-11.4*
  7
GOST
 11
2806.0928273163586
 21
6568.033008588992
 31
0.0
100
AcDbText
  0
TEXT
  5
163
330
17
100
AcDbEntity
  8
TEXT
420
2060246
100
AcDbText
 10
-1765.0000000000002
 20
1150.0
 30
0.0
 40
37.5
  1
P06 В1 h550
  7
GOST
 11
-1765.0000000000002
 21
1150.0
 31
0.0
100
AcDbText
  0
LWPOLYLINE
  5
164
330
17
100
AcDbEntity
  8
TEXT
370
15
420
2060246
100
AcDbPolyline
 90
2
 70
0
 10
-1840.0000000000002
 20
1075.0
 10
-1765.0000000000002
 20
1150.0
  0
TEXT
  5
165
330
17
100
AcDbEntity
  8
TEXT
420
14034728
100
AcDbText
 10
-1665.0000000000002
 20
1150.0
 30
0.0
 40
37.5
  1
P06 Т3 h550
  7
GOST
 11
-1665.0000000000002
 21
1150.0
 31
0.0
100
AcDbText
  0
LWPOLYLINE
  5
166
330
17
100
AcDbEntity
  8
TEXT
370
15
420
14034728
100
AcDbPolyline
 90
2
 70
0
 10
-1740.0000000000002
 20
1075.0
 10
-1665.0000000000002
 20
1150.0
  0
TEXT
  5
167
330
17
100
AcDbEntity
  8
TEXT
420
7027999
100
AcDbText
 10
-1585.0000000000002
 20
1150.0
 30
0.0
 40
37.5
  1
P06 К1 h450
  7
GOST
 11
-1585.0000000000002
 21
1150.0
 31
0.0
100
AcDbText
  0
LWPOLYLINE
  5
168
330
17
100
AcDbEntity
  8
TEXT
370
15
420
7027999
100
AcDbPolyline
 90
2
 70
0
 10
-1660.0000000000002
 20
1075.0
 10
-1585.0000000000002
 20
1150.0
  0
TEXT
  5
169
330
17
100
AcDbEntity
  8
TEXT
420
2060246
100
AcDbText
 10
-1725.0
 20
1150.0
 30
0.0
 40
37.5
  1
P07 В1 h450
  7
GOST
 11
-1725.0
 21
1150.0
 31
0.0
100
AcDbText
  0
LWPOLYLINE
  5
16A
330
17
100
AcDbEntity
  8
TEXT
370
15
420
2060246
100
AcDbPolyline
 90
2
 70
0
 10
-1800.0
 20
1075.0
 10
-1725.0
 20
1150.0
  0
TEXT
  5
16B
330
17
100
AcDbEntity
  8
TEXT
420
7027999
100
AcDbText
 10
-1585.0000000000002
 20
1150.0
 30
0.0
 40
37.5
  1
P07 К1 h450
  7
GOST
 11
-1585.0000000000002
 21
1150.0
 31
0.0
100
AcDbText
  0
LWPOLYLINE
  5
16C
330
17
100
AcDbEntity
  8
TEXT
370
15
420
7027999
100
AcDbPolyline
 90
2
 70
0
 10
-1660.0000000000002
 20
1075.0
 10
-1585.0000000000002
 20
1150.0
  0
TEXT
  5
16D
330
17
100
AcDbEntity
  8
TEXT
420
2060246
100
AcDbText
 10
-1765.0000000000002
 20
1150.0
 30
0.0
 40
37.5
  1
P08 В1 h550
  7
GOST
 11
-1765.0000000000002
 21
1150.0
 31
0.0
100
AcDbText
  0
LWPOLYLINE
  5
16E
330
17
100
AcDbEntity
  8
TEXT
370
15
420
2060246
100
AcDbPolyline
 90
2
 70
0
 10
-1840.0000000000002
 20
1075.0
 10
-1765.0000000000002
 20
1150.0
  0
TEXT
  5
16F
330
17
100
AcDbEntity
  8
TEXT
420
2060246
100
AcDbText
 10
575.0
 20
1306.25
 30
0.0
 40
37.5
  1
P09 В1 h500
  7
GOST
 11
575.0
 21
1306.25
 31
0.0
100
AcDbText
  0
LWPOLYLINE
  5
170
330
17
100
AcDbEntity
  8
TEXT
370
15
420
2060246
100
AcDbPolyline
 90
2
 70
0
 10
325.0
 20
1325.0
 10
567.5
 20
1325.0
  0
HATCH
  5
171
330
17
100
AcDbEntity
  8
TEXT
 62
7
420
2060246
100
AcDbHatch
 10
0.0
 20
0.0
 30
0.0
210
0.0
220
0.0
230
1.0
  2
SOLID
 70
1
 71
0
 91
1
 92
1
 93
1
 72
2
 10
325.0
 20
1325.0
 40
6.25
 50
0
 51
360
 73
1
 97
0
 75
1
 76
1
 98
0
  0
CIRCLE
  5
172
330
17
100
AcDbEntity
  8
TEXT
370
13
420
2060246
100
AcDbCircle
 10
325.0
 20
1325.0
 30
0.0
 40
6.25
  0
TEXT
  5
173
330
17
100
AcDbEntity
  8
TEXT
420
14034728
100
AcDbText
 10
554.809703885628
 20
1654.809703885628
 30
0.0
 40
37.5
  1
P09 Т3 h500
  7
GOST
 11
554.809703885628
 21
1654.809703885628
 31
0.0
100
AcDbText
  0
LWPOLYLINE
  5
174
330
17
100
AcDbEntity
  8
TEXT
370
15
420
14034728
100
AcDbPolyline
 90
2
 70
0
 10
325.0
 20
1425.0
 10
547.3097038856279
 20
1647.309703885628
  0
HATCH
  5
175
330
17
100
AcDbEntity
  8
TEXT
 62
7
420
14034728
100
AcDbHatch
 10
0.0
 20
0.0
 30
0.0
210
0.0
220
0.0
230
1.0
  2
SOLID
 70
1
 71
0
 91
1
 92
1
 93
1
 72
2
 10
325.0
 20
1425.0
 40
6.25
 50
0
 51
360
 73
1
 97
0
 75
1
 76
1
 98
0
  0
CIRCLE
  5
176
330
17
100
AcDbEntity
  8
TEXT
370
13
420
14034728
100
AcDbCircle
 10
325.0
 20
1425.0
 30
0.0
 40
6.25
  0
TEXT
  5
177
330
17
100
AcDbEntity
  8
TEXT
420
7027999
100
AcDbText
 10
575.0
 20
1506.25
 30
0.0
 40
37.5
  1
P09 К1 h450
  7
GOST
 11
575.0
 21
1506.25
 31
0.0
100
AcDbText
  0
LWPOLYLINE
  5
178
330
17
100
AcDbEntity
  8
TEXT
370
15
420
7027999
100
AcDbPolyline
 90
2
 70
0
 10
325.0
 20
1525.0
 10
567.5
 20
1525.0
  0
HATCH
  5
179
330
17
100
AcDbEntity
  8
TEXT
 62
7
420
7027999
100
AcDbHatch
 10
0.0
 20
0.0
 30
0.0
210
0.0
220
0.0
230
1.0
  2
SOLID
 70
1
 71
0
 91
1
 92
1
 93
1
 72
2
 10
325.0
 20
1525.0
 40
6.25
 50
0
 51
360
 73
1
 97
0
 75
1
 76
1
 98
0
  0
CIRCLE
  5
17A
330
17
100
AcDbEntity
  8
TEXT
370
13
420
7027999
100
AcDbCircle
 10
325.0
 20
1525.0
 30
0.0
 40
6.25
  0
TEXT
  5
17B
330
17
100
AcDbEntity
  8
TEXT
420
2060246
100
AcDbText
 10
993.0330085889912
 20
984.4669914110088
 30
0.0
 40
37.5
  1
P10 В1 h600
  7
GOST
 11
993.0330085889912
 21
984.4669914110088
 31
0.0
100
AcDbText
  0
TEXT
  5
17C
330
17
100
AcDbEntity
  8
TEXT
420
7027999
100
AcDbText
 10
638.6008648677989
 20
984.4669914110088
 30
0.0
 40
37.5
  1
P10 К1 h600
  7
GOST
 11
638.6008648677989
 21
984.4669914110088
 31
0.0
100
AcDbText
  0
TEXT
  5
17D
330
17
100
AcDbEntity
  8
TEXT
420
7027999
100
AcDbText
 10
1095.0
 20
1056.25
 30
0.0
 40
37.5
  1
P11 К1 h600
  7
GOST
 11
1095.0
 21
1056.25
 31
0.0
100
AcDbText
  0
TEXT
  5
17E
330
17
100
AcDbEntity
  8
TEXT
420
2060246
100
AcDbText
 10
598.9087296526011
 20
1963.908729652601
 30
0.0
 40
37.5
  1
P12 В1 загл.
  7
GOST
 11
598.9087296526011
 21
1963.908729652601
 31
0.0
100
AcDbText
  0
LWPOLYLINE
  5
17F
330
17
100
AcDbEntity
  8
TEXT
370
15
420
2060246
100
AcDbPolyline
 90
2
 70
0
 10
210.0
 20
1575.0
 10
591.408729652601
 20
1956.408729652601
  0
HATCH
  5
180
330
17
100
AcDbEntity
  8
TEXT
 62
7
420
2060246
100
AcDbHatch
 10
0.0
 20
0.0
 30
0.0
210
0.0
220
0.0
230
1.0
  2
SOLID
 70
1
 71
0
 91
1
 92
1
 93
1
 72
2
 10
210.0
 20
1575.0
 40
6.25
 50
0
 51
360
 73
1
 97
0
 75
1
 76
1
 98
0
  0
CIRCLE
  5
181
330
17
100
AcDbEntity
  8
TEXT
370
13
420
2060246
100
AcDbCircle
 10
210.0
 20
1575.0
 30
0.0
 40
6.25
  0
TEXT
  5
182
330
17
100
AcDbEntity
  8
TEXT
420
7027999
100
AcDbText
 10
763.7077546296294
 20
912.5
 30
0.0
 40
37.5
  1
P12 К1 загл.
  7
GOST
 11
763.7077546296294
 21
912.5
 31
0.0
100
AcDbText
  0
LWPOLYLINE
  5
183
330
17
100
AcDbEntity
  8
TEXT
370
15
420
7027999
100
AcDbPolyline
 90
2
 70
0
 10
928.9999999999999
 20
1075.0
 10
928.9999999999999
 20
957.4999999999999
  0
HATCH
  5
184
330
17
100
AcDbEntity
  8
TEXT
 62
7
420
7027999
100
AcDbHatch
 10
0.0
 20
0.0
 30
0.0
210
0.0
220
0.0
230
1.0
  2
SOLID
 70
1
 71
0
 91
1
 92
1
 93
1
 72
2
 10
928.9999999999999
 20
1075.0
 40
6.25
 50
0
 51
360
 73
1
 97
0
 75
1
 76
1
 98
0
  0
CIRCLE
  5
185
330
17
100
AcDbEntity
  8
TEXT
370
13
420
7027999
100
AcDbCircle
 10
928.9999999999999
 20
1075.0
 30
0.0
 40
6.25
  0
HATCH
  5
186
330
17
100
AcDbEntity
  8
VK
 62
7
420
16771496
100
AcDbHatch
 10
0.0
 20
0.0
 30
0.0
210
0.0
220
0.0
230
1.0
  2
SOLID
 70
1
 71
0
 91
1
 92
3
 72
0
 73
1
 93
4
 10
2760.0
 20
6675.0
 10
2840.0
 20
6675.0
 10
2840.0
 20
6755.000000000001
 10
2760.0
 20
6755.000000000001
 97
0
 75
1
 76
1
 98
0
  0
LWPOLYLINE
  5
187
330
17
100
AcDbEntity
  8
VK
 62
7
370
30
100
AcDbPolyline
 90
4
 70
1
 10
2760.0
 20
6675.0
 10
2840.0
 20
6675.0
 10
2840.0
 20
6755.000000000001
 10
2760.0
 20
6755.000000000001
  0
TEXT
  5
188
330
17
100
AcDbEntity
  8
TEXT
 62
7
100
AcDbText
 10
2663.899433111969
 20
6768.033008588992
 30
0.0
 40
40.0
  1
N1
  7
GOST
 11
2663.899433111969
 21
6768.033008588992
 31
0.0
100
AcDbText
  0
HATCH
  5
189
330
17
100
AcDbEntity
  8
VK
 62
7
420
16771496
100
AcDbHatch
 10
0.0
 20
0.0
 30
0.0
210
0.0
220
0.0
230
1.0
  2
SOLID
 70
1
 71
0
 91
1
 92
3
 72
0
 73
1
 93
4
 10
170.00000000000003
 20
1535.0
 10
250.0
 20
1535.0
 10
250.0
 20
1614.9999999999998
 10
170.00000000000003
 20
1614.9999999999998
 97
0
 75
1
 76
1
 98
0
  0
LWPOLYLINE
  5
18A
330
17
100
AcDbEntity
  8
VK
 62
7
370
30
100
AcDbPolyline
 90
4
 70
1
 10
170.00000000000003
 20
1535.0
 10
250.0
 20
1535.0
 10
250.0
 20
1614.9999999999998
 10
170.00000000000003
 20
1614.9999999999998
  0
TEXT
  5
18B
330
17
100
AcDbEntity
  8
TEXT
 62
7
100
AcDbText
 10
285.0
 20
1650.0
 30
0.0
 40
40.0
  1
N2
  7
GOST
 11
285.0
 21
1650.0
 31
0.0
100
AcDbText
  0
LWPOLYLINE
  5
18C
330
17
100
AcDbEntity
  8
TEXT
 62
7
370
15
100
AcDbPolyline
 90
2
 70
0
 10
210.0
 20
1575.0
 10
285.0
 20
1650.0
  0
TEXT
  5
18D
330
17
100
AcDbEntity
  8
TEXT
420
2051740
100
AcDbText
 10
3147.858966719651
 20
6018.966991411009
 30
0.0
 40
36.00000000000001
  1
VK-C1
  7
GOST
 11
3147.858966719651
 21
6018.966991411009
 31
0.0
100
AcDbText
  0
TEXT
  5
18E
330
17
100
AcDbEntity
  8
TEXT
420
2051740
100
AcDbText
 10
2406.7447691887864
 20
6806.533008588991
 30
0.0
 40
36.00000000000001
  1
VK-C2
  7
GOST
 11
2406.7447691887864
 21
6806.533008588991
 31
0.0
100
AcDbText
  0
TEXT
  5
18F
330
17
100
AcDbEntity
  8
TEXT
420
2051740
100
AcDbText
 10
1503.5330085889912
 20
6794.033008588991
 30
0.0
 40
36.00000000000001
  1
VK-C3
  7
GOST
 11
1503.5330085889912
 21
6794.033008588991
 31
0.0
100
AcDbText
  0
HATCH
  5
190
330
17
100
AcDbEntity
  8
EL-LOW
 62
7
420
16777215
100
AcDbHatch
 10
0.0
 20
0.0
 30
0.0
210
0.0
220
0.0
230
1.0
  2
SOLID
 70
1
 71
0
 91
1
 92
3
 72
0
 73
1
 93
4
 10
-1390.5092592592594
 20
1346.25
 10
-1309.4907407407406
 20
1346.25
 10
-1309.4907407407406
 20
1403.75
 10
-1390.5092592592594
 20
1403.75
 97
0
 75
1
 76
1
 98
0
  0
LWPOLYLINE
  5
191
330
17
100
AcDbEntity
  8
EL-LOW
370
25
420
1998130
100
AcDbPolyline
 90
4
 70
1
 10
-1390.5092592592594
 20
1346.25
 10
-1309.4907407407406
 20
1346.25
 10
-1309.4907407407406
 20
1403.75
 10
-1390.5092592592594
 20
1403.75
  0
TEXT
  5
192
330
17
100
AcDbEntity
  8
EL-LOW
420
1998130
100
AcDbText
 10
-1350.0
 20
1361.25
 30
0.0
 40
27.500000000000004
  1
ДП
  7
GOST
 72
1
 11
-1350.0
 21
1361.25
 31
0.0
100
AcDbText
  0
HATCH
  5
193
330
17
100
AcDbEntity
  8
EL-LOW
 62
7
420
16777215
100
AcDbHatch
 10
0.0
 20
0.0
 30
0.0
210
0.0
220
0.0
230
1.0
  2
SOLID
 70
1
 71
0
 91
1
 92
3
 72
0
 73
1
 93
4
 10
3159.490740740741
 20
5296.25
 10
3240.5092592592596
 20
5296.25
 10
3240.5092592592596
 20
5353.75
 10
3159.490740740741
 20
5353.75
 97
0
 75
1
 76
1
 98
0
  0
LWPOLYLINE
  5
194
330
17
100
AcDbEntity
  8
EL-LOW
370
25
420
1998130
100
AcDbPolyline
 90
4
 70
1
 10
3159.490740740741
 20
5296.25
 10
3240.5092592592596
 20
5296.25
 10
3240.5092592592596
 20
5353.75
 10
3159.490740740741
 20
5353.75
  0
TEXT
  5
195
330
17
100
AcDbEntity
  8
EL-LOW
420
1998130
100
AcDbText
 10
3200.0
 20
5311.25
 30
0.0
 40
27.500000000000004
  1
ДП
  7
GOST
 72
1
 11
3200.0
 21
5311.25
 31
0.0
100
AcDbText
  0
HATCH
  5
196
330
17
100
AcDbEntity
  8
EL-LOW
 62
7
420
16777215
100
AcDbHatch
 10
0.0
 20
0.0
 30
0.0
210
0.0
220
0.0
230
1.0
  2
SOLID
 70
1
 71
0
 91
1
 92
3
 72
0
 73
1
 93
4
 10
1409.4907407407406
 20
6496.249999999999
 10
1490.5092592592594
 20
6496.249999999999
 10
1490.5092592592594
 20
6553.750000000001
 10
1409.4907407407406
 20
6553.750000000001
 97
0
 75
1
 76
1
 98
0
  0
LWPOLYLINE
  5
197
330
17
100
AcDbEntity
  8
EL-LOW
370
25
420
1998130
100
AcDbPolyline
 90
4
 70
1
 10
1409.4907407407406
 20
6496.249999999999
 10
1490.5092592592594
 20
6496.249999999999
 10
1490.5092592592594
 20
6553.750000000001
 10
1409.4907407407406
 20
6553.750000000001
  0
TEXT
  5
198
330
17
100
AcDbEntity
  8
EL-LOW
420
1998130
100
AcDbText
 10
1450.0
 20
6511.25
 30
0.0
 40
27.500000000000004
  1
ДП
  7
GOST
 72
1
 11
1450.0
 21
6511.25
 31
0.0
100
AcDbText
  0
HATCH
  5
199
330
17
100
AcDbEntity
  8
EL-LOW
 62
7
420
16777215
100
AcDbHatch
 10
0.0
 20
0.0
 30
0.0
210
0.0
220
0.0
230
1.0
  2
SOLID
 70
1
 71
0
 91
1
 92
3
 72
0
 73
1
 93
4
 10
2709.490740740741
 20
6546.249999999999
 10
2790.509259259259
 20
6546.249999999999
 10
2790.509259259259
 20
6603.750000000001
 10
2709.490740740741
 20
6603.750000000001
 97
0
 75
1
 76
1
 98
0
  0
LWPOLYLINE
  5
19A
330
17
100
AcDbEntity
  8
EL-LOW
370
25
420
1998130
100
AcDbPolyline
 90
4
 70
1
 10
2709.490740740741
 20
6546.249999999999
 10
2790.509259259259
 20
6546.249999999999
 10
2790.509259259259
 20
6603.750000000001
 10
2709.490740740741
 20
6603.750000000001
  0
TEXT
  5
19B
330
17
100
AcDbEntity
  8
EL-LOW
420
1998130
100
AcDbText
 10
2750.0
 20
6561.25
 30
0.0
 40
27.500000000000004
  1
ДП
  7
GOST
 72
1
 11
2750.0
 21
6561.25
 31
0.0
100
AcDbText
  0
HATCH
  5
19C
330
17
100
AcDbEntity
  8
EL-LOW
 62
7
420
16777215
100
AcDbHatch
 10
0.0
 20
0.0
 30
0.0
210
0.0
220
0.0
230
1.0
  2
SOLID
 70
1
 71
0
 91
1
 92
3
 72
0
 73
1
 93
4
 10
1309.4907407407406
 20
1646.2500000000002
 10
1390.5092592592594
 20
1646.2500000000002
 10
1390.5092592592594
 20
1703.7499999999998
 10
1309.4907407407406
 20
1703.7499999999998
 97
0
 75
1
 76
1
 98
0
  0
LWPOLYLINE
  5
19D
330
17
100
AcDbEntity
  8
EL-LOW
370
25
420
1998130
100
AcDbPolyline
 90
4
 70
1
 10
1309.4907407407406
 20
1646.2500000000002
 10
1390.5092592592594
 20
1646.2500000000002
 10
1390.5092592592594
 20
1703.7499999999998
 10
1309.4907407407406
 20
1703.7499999999998
  0
TEXT
  5
19E
330
17
100
AcDbEntity
  8
EL-LOW
420
1998130
100
AcDbText
 10
1350.0
 20
1661.25
 30
0.0
 40
27.500000000000004
  1
ДП
  7
GOST
 72
1
 11
1350.0
 21
1661.25
 31
0.0
100
AcDbText
  0
HATCH
  5
19F
330
17
100
AcDbEntity
  8
EL-LOW
 62
7
420
16777215
100
AcDbHatch
 10
0.0
 20
0.0
 30
0.0
210
0.0
220
0.0
230
1.0
  2
SOLID
 70
1
 71
0
 91
1
 92
3
 72
0
 73
1
 93
4
 10
509.49074074074076
 20
1346.25
 10
590.5092592592592
 20
1346.25
 10
590.5092592592592
 20
1403.75
 10
509.49074074074076
 20
1403.75
 97
0
 75
1
 76
1
 98
0
  0
LWPOLYLINE
  5
1A0
330
17
100
AcDbEntity
  8
EL-LOW
370
25
420
1998130
100
AcDbPolyline
 90
4
 70
1
 10
509.49074074074076
 20
1346.25
 10
590.5092592592592
 20
1346.25
 10
590.5092592592592
 20
1403.75
 10
509.49074074074076
 20
1403.75
  0
TEXT
  5
1A1
330
17
100
AcDbEntity
  8
EL-LOW
420
1998130
100
AcDbText
 10
550.0
 20
1361.25
 30
0.0
 40
27.500000000000004
  1
ДП
  7
GOST
 72
1
 11
550.0
 21
1361.25
 31
0.0
100
AcDbText
  0
HATCH
  5
1A2
330
17
100
AcDbEntity
  8
EL-LOW
 62
7
420
16777215
100
AcDbHatch
 10
0.0
 20
0.0
 30
0.0
210
0.0
220
0.0
230
1.0
  2
SOLID
 70
1
 71
0
 91
1
 92
3
 72
0
 73
1
 93
4
 10
179.4907407407407
 20
2746.25
 10
260.50925925925924
 20
2746.25
 10
260.50925925925924
 20
2803.75
 10
179.4907407407407
 20
2803.75
 97
0
 75
1
 76
1
 98
0
  0
LWPOLYLINE
  5
1A3
330
17
100
AcDbEntity
  8
EL-LOW
370
25
420
1998130
100
AcDbPolyline
 90
4
 70
1
 10
179.4907407407407
 20
2746.25
 10
260.50925925925924
 20
2746.25
 10
260.50925925925924
 20
2803.75
 10
179.4907407407407
 20
2803.75
  0
TEXT
  5
1A4
330
17
100
AcDbEntity
  8
EL-LOW
420
1998130
100
AcDbText
 10
219.99999999999997
 20
2761.25
 30
0.0
 40
27.500000000000004
  1
ДП
  7
GOST
 72
1
 11
219.99999999999997
 21
2761.25
 31
0.0
100
AcDbText
  0
LWPOLYLINE
  5
1A5
330
17
100
AcDbEntity
  8
TEXT
  6
DASHDOT
370
15
 48
75.0
420
10066329
100
AcDbPolyline
 90
4
 70
1
 10
600.0
 20
4725.0
 10
3550.0
 20
4725.0
 10
3550.0
 20
7075.0
 10
600.0
 20
7075.0
  0
HATCH
  5
1A6
330
17
100
AcDbEntity
  8
AR-WALLS
 62
7
420
10132122
100
AcDbHatch
 10
0.0
 20
0.0
 30
0.0
210
0.0
220
0.0
230
1.0
  2
SOLID
 70
1
 71
0
 91
1
 92
3
 72
0
 73
1
 93
5
 10
4440.0
 20
2325.0
 10
4440.0
 20
2175.0
 10
600.0
 20
2175.0
 10
600.0
 20
2325.0
 10
4440.0
 20
2325.0
 97
0
 75
1
 76
1
 98
0
  0
LWPOLYLINE
  5
1A7
330
17
100
AcDbEntity
  8
AR-WALLS
370
20
420
8355711
100
AcDbPolyline
 90
5
 70
1
 10
4440.0
 20
2325.0
 10
4440.0
 20
2175.0
 10
600.0
 20
2175.0
 10
600.0
 20
2325.0
 10
4440.0
 20
2325.0
  0
HATCH
  5
1A8
330
17
100
AcDbEntity
  8
AR-WALLS
 62
7
420
10132122
100
AcDbHatch
 10
0.0
 20
0.0
 30
0.0
210
0.0
220
0.0
230
1.0
  2
SOLID
 70
1
 71
0
 91
1
 92
3
 72
0
 73
1
 93
5
 10
4360.0
 20
2245.0
 10
4360.0
 20
4255.0
 10
4450.0
 20
4255.0
 10
4450.0
 20
2245.0
 10
4360.0
 20
2245.0
 97
0
 75
1
 76
1
 98
0
  0
LWPOLYLINE
  5
1A9
330
17
100
AcDbEntity
  8
AR-WALLS
370
20
420
8355711
100
AcDbPolyline
 90
5
 70
1
 10
4360.0
 20
2245.0
 10
4360.0
 20
4255.0
 10
4450.0
 20
4255.0
 10
4450.0
 20
2245.0
 10
4360.0
 20
2245.0
  0
HATCH
  5
1AA
330
17
100
AcDbEntity
  8
AR-WALLS
 62
7
420
10132122
100
AcDbHatch
 10
0.0
 20
0.0
 30
0.0
210
0.0
220
0.0
230
1.0
  2
SOLID
 70
1
 71
0
 91
1
 92
3
 72
0
 73
1
 93
5
 10
4440.0
 20
4335.0
 10
4450.0
 20
4335.0
 10
4450.0
 20
4175.0
 10
4440.0
 20
4175.0
 10
4440.0
 20
4335.0
 97
0
 75
1
 76
1
 98
0
  0
LWPOLYLINE
  5
1AB
330
17
100
AcDbEntity
  8
AR-WALLS
370
20
420
8355711
100
AcDbPolyline
 90
5
 70
1
 10
4440.0
 20
4335.0
 10
4450.0
 20
4335.0
 10
4450.0
 20
4175.0
 10
4440.0
 20
4175.0
 10
4440.0
 20
4335.0
  0
HATCH
  5
1AC
330
17
100
AcDbEntity
  8
AR-WALLS
 62
7
420
10132122
100
AcDbHatch
 10
0.0
 20
0.0
 30
0.0
210
0.0
220
0.0
230
1.0
  2
SOLID
 70
1
 71
0
 91
1
 92
3
 72
0
 73
1
 93
5
 10
2540.0
 20
2325.0
 10
2540.0
 20
4336.0
 10
2620.0
 20
4336.0
 10
2620.0
 20
2325.0
 10
2540.0
 20
2325.0
 97
0
 75
1
 76
1
 98
0
  0
LWPOLYLINE
  5
1AD
330
17
100
AcDbEntity
  8
AR-WALLS
370
20
420
8355711
100
AcDbPolyline
 90
5
 70
1
 10
2540.0
 20
2325.0
 10
2540.0
 20
4336.0
 10
2620.0
 20
4336.0
 10
2620.0
 20
2325.0
 10
2540.0
 20
2325.0
  0
HATCH
  5
1AE
330
17
100
AcDbEntity
  8
AR-WALLS
 62
7
420
10132122
100
AcDbHatch
 10
0.0
 20
0.0
 30
0.0
210
0.0
220
0.0
230
1.0
  2
SOLID
 70
1
 71
0
 91
1
 92
3
 72
0
 73
1
 93
5
 10
3020.0
 20
4336.0
 10
3020.0
 20
4256.0
 10
2540.0
 20
4256.0
 10
2540.0
 20
4336.0
 10
3020.0
 20
4336.0
 97
0
 75
1
 76
1
 98
0
  0
LWPOLYLINE
  5
1AF
330
17
100
AcDbEntity
  8
AR-WALLS
370
20
420
8355711
100
AcDbPolyline
 90
5
 70
1
 10
3020.0
 20
4336.0
 10
3020.0
 20
4256.0
 10
2540.0
 20
4256.0
 10
2540.0
 20
4336.0
 10
3020.0
 20
4336.0
  0
HATCH
  5
1B0
330
17
100
AcDbEntity
  8
AR-WALLS
 62
7
420
10132122
100
AcDbHatch
 10
0.0
 20
0.0
 30
0.0
210
0.0
220
0.0
230
1.0
  2
SOLID
 70
1
 71
0
 91
1
 92
3
 72
0
 73
1
 93
5
 10
3820.0000000000005
 20
4256.0
 10
3820.0000000000005
 20
4336.0
 10
4360.0
 20
4336.0
 10
4360.0
 20
4256.0
 10
3820.0000000000005
 20
4256.0
 97
0
 75
1
 76
1
 98
0
  0
LWPOLYLINE
  5
1B1
330
17
100
AcDbEntity
  8
AR-WALLS
370
20
420
8355711
100
AcDbPolyline
 90
5
 70
1
 10
3820.0000000000005
 20
4256.0
 10
3820.0000000000005
 20
4336.0
 10
4360.0
 20
4336.0
 10
4360.0
 20
4256.0
 10
3820.0000000000005
 20
4256.0
  0
LWPOLYLINE
  5
1B2
330
17
100
AcDbEntity
  8
FURN
370
15
420
12105912
100
AcDbPolyline
 90
5
 70
1
 10
700.0
 20
2945.0
 10
700.0
 20
2325.0
 10
600.0
 20
2325.0
 10
600.0
 20
2945.0
 10
700.0
 20
2945.0
  0
LWPOLYLINE
  5
1B3
330
17
100
AcDbEntity
  8
FURN
370
15
420
12105912
100
AcDbPolyline
 90
5
 70
1
 10
700.0
 20
2325.0
 10
700.0
 20
2945.0
 10
1300.0
 20
2945.0
 10
1300.0
 20
2325.0
 10
700.0
 20
2325.0
  0
LWPOLYLINE
  5
1B4
330
17
100
AcDbEntity
  8
FURN
370
15
420
12105912
100
AcDbPolyline
 90
5
 70
1
 10
1300.0
 20
2325.0
 10
1300.0
 20
2945.0
 10
1900.0
 20
2945.0
 10
1900.0
 20
2325.0
 10
1300.0
 20
2325.0
  0
LWPOLYLINE
  5
1B5
330
17
100
AcDbEntity
  8
FURN
370
15
420
12105912
100
AcDbPolyline
 90
5
 70
1
 10
1900.0
 20
2325.0
 10
1900.0
 20
2945.0
 10
2500.0
 20
2945.0
 10
2500.0
 20
2325.0
 10
1900.0
 20
2325.0
  0
LWPOLYLINE
  5
1B6
330
17
100
AcDbEntity
  8
FURN
370
15
420
12105912
100
AcDbPolyline
 90
5
 70
1
 10
2500.0
 20
2325.0
 10
2500.0
 20
2945.0
 10
2540.0
 20
2945.0
 10
2540.0
 20
2325.0
 10
2500.0
 20
2325.0
  0
LWPOLYLINE
  5
1B7
330
17
100
AcDbEntity
  8
FURN
  6
DASHED
370
15
 48
75.0
420
12105912
100
AcDbPolyline
 90
5
 70
1
 10
2500.0
 20
2965.0
 10
2500.0
 20
2325.0
 10
600.0
 20
2325.0
 10
600.0
 20
2965.0
 10
2500.0
 20
2965.0
  0
LWPOLYLINE
  5
1B8
330
17
100
AcDbEntity
  8
FURN
  6
DASHED
370
15
 48
75.0
420
12105912
100
AcDbPolyline
 90
5
 70
1
 10
700.0
 20
2675.0
 10
700.0
 20
2325.0
 10
600.0
 20
2325.0
 10
600.0
 20
2675.0
 10
700.0
 20
2675.0
  0
LWPOLYLINE
  5
1B9
330
17
100
AcDbEntity
  8
FURN
  6
DASHED
370
15
 48
75.0
420
12105912
100
AcDbPolyline
 90
5
 70
1
 10
700.0
 20
2325.0
 10
700.0
 20
2675.0
 10
1300.0
 20
2675.0
 10
1300.0
 20
2325.0
 10
700.0
 20
2325.0
  0
LWPOLYLINE
  5
1BA
330
17
100
AcDbEntity
  8
FURN
  6
DASHED
370
15
 48
75.0
420
12105912
100
AcDbPolyline
 90
5
 70
1
 10
1300.0
 20
2325.0
 10
1300.0
 20
2675.0
 10
1900.0
 20
2675.0
 10
1900.0
 20
2325.0
 10
1300.0
 20
2325.0
  0
LWPOLYLINE
  5
1BB
330
17
100
AcDbEntity
  8
FURN
  6
DASHED
370
15
 48
75.0
420
12105912
100
AcDbPolyline
 90
5
 70
1
 10
1900.0
 20
2325.0
 10
1900.0
 20
2885.0
 10
2500.0
 20
2885.0
 10
2500.0
 20
2325.0
 10
1900.0
 20
2325.0
  0
LWPOLYLINE
  5
1BC
330
17
100
AcDbEntity
  8
FURN
  6
DASHED
370
15
 48
75.0
420
12105912
100
AcDbPolyline
 90
5
 70
1
 10
750.0
 20
2385.0
 10
750.0
 20
2835.0
 10
1250.0
 20
2835.0
 10
1250.0
 20
2385.0
 10
750.0
 20
2385.0
  0
LWPOLYLINE
  5
1BD
330
17
100
AcDbEntity
  8
FURN
  6
DASHED
370
15
 48
75.0
420
12105912
100
AcDbPolyline
 90
5
 70
1
 10
750.0
 20
2625.0
 10
750.0
 20
2885.0
 10
950.0
 20
2885.0
 10
950.0
 20
2625.0
 10
750.0
 20
2625.0
  0
LWPOLYLINE
  5
1BE
330
17
100
AcDbEntity
  8
FURN
  6
DASHED
370
15
 48
75.0
420
12105912
100
AcDbPolyline
 90
5
 70
1
 10
1000.0
 20
2325.0
 10
1000.0
 20
2825.0
 10
1300.0
 20
2825.0
 10
1300.0
 20
2325.0
 10
1000.0
 20
2325.0
  0
LWPOLYLINE
  5
1BF
330
17
100
AcDbEntity
  8
FURN
  6
DASHED
370
15
 48
75.0
420
12105912
100
AcDbPolyline
 90
5
 70
1
 10
1250.0
 20
2625.0
 10
1250.0
 20
2725.0
 10
1350.0
 20
2725.0
 10
1350.0
 20
2625.0
 10
1250.0
 20
2625.0
  0
LWPOLYLINE
  5
1C0
330
17
100
AcDbEntity
  8
FURN
  6
DASHED
370
15
 48
75.0
420
12105912
100
AcDbPolyline
 90
5
 70
1
 10
1900.0
 20
2655.0
 10
1900.0
 20
2605.0
 10
600.0
 20
2605.0
 10
600.0
 20
2655.0
 10
1900.0
 20
2655.0
  0
LWPOLYLINE
  5
1C1
330
17
100
AcDbEntity
  8
FURN
370
15
420
12105912
100
AcDbPolyline
 90
5
 70
1
 10
2140.0
 20
3536.0
 10
2140.0
 20
4336.0
 10
2540.0
 20
4336.0
 10
2540.0
 20
3536.0
 10
2140.0
 20
3536.0
  0
LWPOLYLINE
  5
1C2
330
17
100
AcDbEntity
  8
FURN
370
15
420
12105912
100
AcDbPolyline
 90
5
 70
1
 10
1150.0
 20
4225.0
 10
600.0
 20
4225.0
 10
600.0
 20
4425.0
 10
1150.0
 20
4425.0
 10
1150.0
 20
4225.0
  0
LWPOLYLINE
  5
1C3
330
17
100
AcDbEntity
  8
FURN
370
15
420
12105912
100
AcDbPolyline
 90
5
 70
1
 10
700.0
 20
3825.0
 10
700.0
 20
4205.0
 10
1150.0
 20
4205.0
 10
1150.0
 20
3825.0
 10
700.0
 20
3825.0
  0
LWPOLYLINE
  5
1C4
330
17
100
AcDbEntity
  8
FURN
  6
DASHED
370
15
 48
75.0
420
12105912
100
AcDbPolyline
 90
5
 70
1
 10
4340.0
 20
4336.0
 10
3840.0
 20
4336.0
 10
3840.0
 20
4425.0
 10
4340.0
 20
4425.0
 10
4340.0
 20
4336.0
  0
LWPOLYLINE
  5
1C5
330
17
100
AcDbEntity
  8
FURN
370
15
420
12105912
100
AcDbPolyline
 90
5
 70
1
 10
2940.0
 20
2325.0
 10
2940.0
 20
2905.0
 10
3390.0000000000005
 20
2905.0
 10
3390.0000000000005
 20
2325.0
 10
2940.0
 20
2325.0
  0
LWPOLYLINE
  5
1C6
330
17
100
AcDbEntity
  8
FURN
370
15
420
12105912
100
AcDbPolyline
 90
5
 70
1
 10
3390.0000000000005
 20
2325.0
 10
3390.0000000000005
 20
2905.0
 10
3690.0000000000005
 20
2905.0
 10
3690.0000000000005
 20
2325.0
 10
3390.0000000000005
 20
2325.0
  0
LWPOLYLINE
  5
1C7
330
17
100
AcDbEntity
  8
FURN
370
15
420
12105912
100
AcDbPolyline
 90
5
 70
1
 10
3710.0
 20
2325.0
 10
3710.0
 20
2975.0
 10
4360.0
 20
2975.0
 10
4360.0
 20
2325.0
 10
3710.0
 20
2325.0
  0
LWPOLYLINE
  5
1C8
330
17
100
AcDbEntity
  8
FURN
  6
DASHED
370
15
 48
75.0
420
12105912
100
AcDbPolyline
 90
5
 70
1
 10
3950.0
 20
2925.0
 10
3950.0
 20
3025.0
 10
4050.0
 20
3025.0
 10
4050.0
 20
2925.0
 10
3950.0
 20
2925.0
  0
LWPOLYLINE
  5
1C9
330
17
100
AcDbEntity
  8
FURN
  6
DASHED
370
15
 48
75.0
420
12105912
100
AcDbPolyline
 90
5
 70
1
 10
2650.0
 20
2685.0
 10
2650.0
 20
2985.0
 10
2900.0
 20
2985.0
 10
2900.0
 20
2685.0
 10
2650.0
 20
2685.0
  0
LWPOLYLINE
  5
1CA
330
17
100
AcDbEntity
  8
FURN
  6
DASHED
370
15
 48
75.0
420
12105912
100
AcDbPolyline
 90
5
 70
1
 10
2940.0
 20
2325.0
 10
2940.0
 20
2925.0
 10
3710.0
 20
2925.0
 10
3710.0
 20
2325.0
 10
2940.0
 20
2325.0
  0
LWPOLYLINE
  5
1CB
330
17
100
AcDbEntity
  8
FURN
  6
DASHED
370
15
 48
75.0
420
12105912
100
AcDbPolyline
 90
5
 70
1
 10
2940.0
 20
2325.0
 10
2940.0
 20
2675.0
 10
3710.0
 20
2675.0
 10
3710.0
 20
2325.0
 10
2940.0
 20
2325.0
  0
LWPOLYLINE
  5
1CC
330
17
100
AcDbEntity
  8
FURN
370
15
420
12105912
100
AcDbPolyline
 90
5
 70
1
 10
3820.0000000000005
 20
3625.0
 10
3820.0000000000005
 20
4255.0
 10
4360.0
 20
4255.0
 10
4360.0
 20
3625.0
 10
3820.0000000000005
 20
3625.0
  0
LWPOLYLINE
  5
1CD
330
17
100
AcDbEntity
  8
FURN
  6
DASHED
370
15
 48
75.0
420
12105912
100
AcDbPolyline
 90
5
 70
1
 10
3710.0
 20
2325.0
 10
3710.0
 20
2975.0
 10
4360.0
 20
2975.0
 10
4360.0
 20
2325.0
 10
3710.0
 20
2325.0
  0
LWPOLYLINE
  5
1CE
330
17
100
AcDbEntity
  8
FURN
370
15
420
12105912
100
AcDbPolyline
 90
5
 70
1
 10
2620.0
 20
3006.0
 10
2620.0
 20
3506.0
 10
2970.0
 20
3506.0
 10
2970.0
 20
3006.0
 10
2620.0
 20
3006.0
  0
LWPOLYLINE
  5
1CF
330
17
100
AcDbEntity
  8
FURN
370
15
420
12105912
100
AcDbPolyline
 90
5
 70
1
 10
2620.0
 20
3604.9999999999995
 10
2620.0
 20
4255.0
 10
2970.0
 20
4255.0
 10
2970.0
 20
3604.9999999999995
 10
2620.0
 20
3604.9999999999995
  0
LWPOLYLINE
  5
1D0
330
17
100
AcDbEntity
  8
FURN
  6
DASHED
370
15
 48
75.0
420
12105912
100
AcDbPolyline
 90
5
 70
1
 10
3050.0
 20
3075.0
 10
3050.0
 20
3575.0
 10
3750.0
 20
3575.0
 10
3750.0
 20
3075.0
 10
3050.0
 20
3075.0
  0
HATCH
  5
1D1
330
17
100
AcDbEntity
  8
VK
 62
7
420
16777215
100
AcDbHatch
 10
0.0
 20
0.0
 30
0.0
210
0.0
220
0.0
230
1.0
  2
SOLID
 70
1
 71
0
 91
1
 92
1
 93
1
 72
2
 10
2721.0
 20
2426.0
 40
50.0
 50
0
 51
360
 73
1
 97
0
 75
1
 76
1
 98
0
  0
CIRCLE
  5
1D2
330
17
100
AcDbEntity
  8
VK
370
30
420
7027999
100
AcDbCircle
 10
2721.0
 20
2426.0
 30
0.0
 40
50.0
  0
HATCH
  5
1D3
330
17
100
AcDbEntity
  8
VK
 62
7
420
7027999
100
AcDbHatch
 10
0.0
 20
0.0
 30
0.0
210
0.0
220
0.0
230
1.0
  2
SOLID
 70
1
 71
0
 91
1
 92
1
 93
1
 72
2
 10
2721.0
 20
2426.0
 40
22.5
 50
0
 51
360
 73
1
 97
0
 75
1
 76
1
 98
0
  0
CIRCLE
  5
1D4
330
17
100
AcDbEntity
  8
VK
370
13
420
7027999
100
AcDbCircle
 10
2721.0
 20
2426.0
 30
0.0
 40
22.5
  0
HATCH
  5
1D5
330
17
100
AcDbEntity
  8
VK
 62
7
420
16777215
100
AcDbHatch
 10
0.0
 20
0.0
 30
0.0
210
0.0
220
0.0
230
1.0
  2
SOLID
 70
1
 71
0
 91
1
 92
1
 93
1
 72
2
 10
2651.0
 20
2705.0
 40
30.0
 50
0
 51
360
 73
1
 97
0
 75
1
 76
1
 98
0
  0
CIRCLE
  5
1D6
330
17
100
AcDbEntity
  8
VK
370
30
420
2060246
100
AcDbCircle
 10
2651.0
 20
2705.0
 30
0.0
 40
30.0
  0
HATCH
  5
1D7
330
17
100
AcDbEntity
  8
VK
 62
7
420
16777215
100
AcDbHatch
 10
0.0
 20
0.0
 30
0.0
210
0.0
220
0.0
230
1.0
  2
SOLID
 70
1
 71
0
 91
1
 92
1
 93
1
 72
2
 10
2651.0
 20
2804.0
 40
30.0
 50
0
 51
360
 73
1
 97
0
 75
1
 76
1
 98
0
  0
CIRCLE
  5
1D8
330
17
100
AcDbEntity
  8
VK
370
30
420
2060246
100
AcDbCircle
 10
2651.0
 20
2804.0
 30
0.0
 40
30.0
  0
HATCH
  5
1D9
330
17
100
AcDbEntity
  8
VK
 62
7
420
16777215
100
AcDbHatch
 10
0.0
 20
0.0
 30
0.0
210
0.0
220
0.0
230
1.0
  2
SOLID
 70
1
 71
0
 91
1
 92
1
 93
1
 72
2
 10
2651.0
 20
2904.0
 40
30.0
 50
0
 51
360
 73
1
 97
0
 75
1
 76
1
 98
0
  0
CIRCLE
  5
1DA
330
17
100
AcDbEntity
  8
VK
370
30
420
2060246
100
AcDbCircle
 10
2651.0
 20
2904.0
 30
0.0
 40
30.0
  0
LWPOLYLINE
  5
1DB
330
17
100
AcDbEntity
  8
VK
  6
DASHED
370
25
 48
75.0
420
9079434
100
AcDbPolyline
 90
4
 70
1
 10
2620.0
 20
2325.0
 10
2925.0
 20
2325.0
 10
2925.0
 20
3006.0
 10
2620.0
 20
3006.0
  0
HATCH
  5
1DC
330
17
100
AcDbEntity
  8
VK
 62
7
420
16777215
100
AcDbHatch
 10
0.0
 20
0.0
 30
0.0
210
0.0
220
0.0
230
1.0
  2
SOLID
 70
1
 71
0
 91
1
 92
1
 93
1
 72
2
 10
5888.0
 20
8046.000000000001
 40
50.0
 50
0
 51
360
 73
1
 97
0
 75
1
 76
1
 98
0
  0
CIRCLE
  5
1DD
330
17
100
AcDbEntity
  8
VK
370
30
420
7027999
100
AcDbCircle
 10
5888.0
 20
8046.000000000001
 30
0.0
 40
50.0
  0
HATCH
  5
1DE
330
17
100
AcDbEntity
  8
VK
 62
7
420
7027999
100
AcDbHatch
 10
0.0
 20
0.0
 30
0.0
210
0.0
220
0.0
230
1.0
  2
SOLID
 70
1
 71
0
 91
1
 92
1
 93
1
 72
2
 10
5888.0
 20
8046.000000000001
 40
22.5
 50
0
 51
360
 73
1
 97
0
 75
1
 76
1
 98
0
  0
CIRCLE
  5
1DF
330
17
100
AcDbEntity
  8
VK
370
13
420
7027999
100
AcDbCircle
 10
5888.0
 20
8046.000000000001
 30
0.0
 40
22.5
  0
HATCH
  5
1E0
330
17
100
AcDbEntity
  8
VK
 62
7
420
16777215
100
AcDbHatch
 10
0.0
 20
0.0
 30
0.0
210
0.0
220
0.0
230
1.0
  2
SOLID
 70
1
 71
0
 91
1
 92
1
 93
1
 72
2
 10
5412.0
 20
8116.0
 40
30.0
 50
0
 51
360
 73
1
 97
0
 75
1
 76
1
 98
0
  0
CIRCLE
  5
1E1
330
17
100
AcDbEntity
  8
VK
370
30
420
2060246
100
AcDbCircle
 10
5412.0
 20
8116.0
 30
0.0
 40
30.0
  0
HATCH
  5
1E2
330
17
100
AcDbEntity
  8
VK
 62
7
420
16777215
100
AcDbHatch
 10
0.0
 20
0.0
 30
0.0
210
0.0
220
0.0
230
1.0
  2
SOLID
 70
1
 71
0
 91
1
 92
1
 93
1
 72
2
 10
5512.0
 20
8116.0
 40
30.0
 50
0
 51
360
 73
1
 97
0
 75
1
 76
1
 98
0
  0
CIRCLE
  5
1E3
330
17
100
AcDbEntity
  8
VK
370
30
420
2060246
100
AcDbCircle
 10
5512.0
 20
8116.0
 30
0.0
 40
30.0
  0
HATCH
  5
1E4
330
17
100
AcDbEntity
  8
VK
 62
7
420
16777215
100
AcDbHatch
 10
0.0
 20
0.0
 30
0.0
210
0.0
220
0.0
230
1.0
  2
SOLID
 70
1
 71
0
 91
1
 92
1
 93
1
 72
2
 10
5612.0
 20
8116.0
 40
30.0
 50
0
 51
360
 73
1
 97
0
 75
1
 76
1
 98
0
  0
CIRCLE
  5
1E5
330
17
100
AcDbEntity
  8
VK
370
30
420
2060246
100
AcDbCircle
 10
5612.0
 20
8116.0
 30
0.0
 40
30.0
  0
LWPOLYLINE
  5
1E6
330
17
100
AcDbEntity
  8
VK
  6
DASHED
370
25
 48
75.0
420
9079434
100
AcDbPolyline
 90
4
 70
1
 10
5313.0
 20
7841.0
 10
5991.0
 20
7841.0
 10
5991.0
 20
8166.0
 10
5313.0
 20
8166.0
  0
HATCH
  5
1E7
330
17
100
AcDbEntity
  8
VK
 62
7
420
3050327
100
AcDbHatch
 10
0.0
 20
0.0
 30
0.0
210
0.0
220
0.0
230
1.0
  2
ANSI31
 70
0
 71
0
 91
1
 92
3
 72
0
 73
1
 93
4
 10
2670.0
 20
4106.0
 10
2970.0
 20
4106.0
 10
2970.0
 20
4205.0
 10
2670.0
 20
4205.0
 97
0
 75
1
 76
1
 52
0.0
 41
4.583333333333334
 77
0
 78
1
 53
45.0
 43
0.0
 44
0.0
 45
-10.2898768055
 46
10.2898768055
 79
0
 98
0
  0
LWPOLYLINE
  5
1E8
330
17
100
AcDbEntity
  8
VK
370
25
420
3050327
100
AcDbPolyline
 90
4
 70
1
 10
2670.0
 20
4106.0
 10
2970.0
 20
4106.0
 10
2970.0
 20
4205.0
 10
2670.0
 20
4205.0
  0
HATCH
  5
1E9
330
17
100
AcDbEntity
  8
OV
 62
7
420
13849600
100
AcDbHatch
 10
0.0
 20
0.0
 30
0.0
210
0.0
220
0.0
230
1.0
  2
ANSI37
 70
0
 71
0
 91
1
 92
3
 72
0
 73
1
 93
4
 10
2670.0
 20
3506.0
 10
2970.0
 20
3506.0
 10
2970.0
 20
3604.9999999999995
 10
2670.0
 20
3604.9999999999995
 97
0
 75
1
 76
1
 52
0.0
 41
6.875000000000001
 77
0
 78
2
 53
45.0
 43
0.0
 44
0.0
 45
-15.4348152083
 46
15.4348152083
 79
0
 53
135.0
 43
0.0
 44
0.0
 45
-15.4348152083
 46
-15.4348152083
 79
0
 98
0
  0
LWPOLYLINE
  5
1EA
330
17
100
AcDbEntity
  8
OV
370
25
420
13849600
100
AcDbPolyline
 90
4
 70
1
 10
2670.0
 20
3506.0
 10
2970.0
 20
3506.0
 10
2970.0
 20
3604.9999999999995
 10
2670.0
 20
3604.9999999999995
  0
HATCH
  5
1EB
330
17
100
AcDbEntity
  8
OV
 62
7
420
13849600
100
AcDbHatch
 10
0.0
 20
0.0
 30
0.0
210
0.0
220
0.0
230
1.0
  2
ANSI31
 70
0
 71
0
 91
1
 92
3
 72
0
 73
1
 93
4
 10
2457.0
 20
3506.0
 10
2542.0
 20
3506.0
 10
2542.0
 20
3604.9999999999995
 10
2457.0
 20
3604.9999999999995
 97
0
 75
1
 76
1
 52
0.0
 41
4.583333333333334
 77
0
 78
1
 53
45.0
 43
0.0
 44
0.0
 45
-10.2898768055
 46
10.2898768055
 79
0
 98
0
  0
LWPOLYLINE
  5
1EC
330
17
100
AcDbEntity
  8
OV
370
25
420
13849600
100
AcDbPolyline
 90
4
 70
1
 10
2457.0
 20
3506.0
 10
2542.0
 20
3506.0
 10
2542.0
 20
3604.9999999999995
 10
2457.0
 20
3604.9999999999995
  0
HATCH
  5
1ED
330
17
100
AcDbEntity
  8
VK
 62
7
420
3050327
100
AcDbHatch
 10
0.0
 20
0.0
 30
0.0
210
0.0
220
0.0
230
1.0
  2
ANSI31
 70
0
 71
0
 91
1
 92
3
 72
0
 73
1
 93
4
 10
4001.0
 20
7866.0
 10
4100.0
 20
7866.0
 10
4100.0
 20
8166.0
 10
4001.0
 20
8166.0
 97
0
 75
1
 76
1
 52
0.0
 41
4.583333333333334
 77
0
 78
1
 53
45.0
 43
0.0
 44
0.0
 45
-10.2898768055
 46
10.2898768055
 79
0
 98
0
  0
LWPOLYLINE
  5
1EE
330
17
100
AcDbEntity
  8
VK
370
25
420
3050327
100
AcDbPolyline
 90
4
 70
1
 10
4001.0
 20
7866.0
 10
4100.0
 20
7866.0
 10
4100.0
 20
8166.0
 10
4001.0
 20
8166.0
  0
HATCH
  5
1EF
330
17
100
AcDbEntity
  8
EL-SOCKET
 62
7
420
12597547
100
AcDbHatch
 10
0.0
 20
0.0
 30
0.0
210
0.0
220
0.0
230
1.0
  2
SOLID
 70
1
 71
0
 91
1
 92
3
 72
0
 73
1
 93
4
 10
5881.0
 20
4570.0
 10
5991.0
 20
4570.0
 10
5991.0
 20
4880.0
 10
5881.0
 20
4880.0
 97
0
 75
1
 76
1
 98
0
  0
LWPOLYLINE
  5
1F0
330
17
100
AcDbEntity
  8
EL-SOCKET
370
30
420
12597547
100
AcDbPolyline
 90
4
 70
1
 10
5881.0
 20
4570.0
 10
5991.0
 20
4570.0
 10
5991.0
 20
4880.0
 10
5881.0
 20
4880.0
  0
HATCH
  5
1F1
330
17
100
AcDbEntity
  8
EL-LOW
 62
7
420
16777215
100
AcDbHatch
 10
0.0
 20
0.0
 30
0.0
210
0.0
220
0.0
230
1.0
  2
SOLID
 70
1
 71
0
 91
1
 92
3
 72
0
 73
1
 93
4
 10
5881.0
 20
4975.0
 10
5991.0
 20
4975.0
 10
5991.0
 20
5375.0
 10
5881.0
 20
5375.0
 97
0
 75
1
 76
1
 98
0
  0
LWPOLYLINE
  5
1F2
330
17
100
AcDbEntity
  8
EL-LOW
370
30
420
2914860
100
AcDbPolyline
 90
4
 70
1
 10
5881.0
 20
4975.0
 10
5991.0
 20
4975.0
 10
5991.0
 20
5375.0
 10
5881.0
 20
5375.0
  0
CIRCLE
  5
1F3
330
17
100
AcDbEntity
  8
AR-WALLS
  6
DASHED
370
20
 48
75.0
420
4878245
100
AcDbCircle
 10
-3952.0000000000005
 20
5363.0
 30
0.0
 40
100.0
  0
CIRCLE
  5
1F4
330
17
100
AcDbEntity
  8
AR-WALLS
  6
DASHED
370
20
 48
75.0
420
4878245
100
AcDbCircle
 10
-3950.0
 20
2245.0
 30
0.0
 40
100.0
  0
LWPOLYLINE
  5
1F5
330
17
100
AcDbEntity
  8
VK
370
30
420
2060246
100
AcDbPolyline
 90
4
 70
0
 10
5400.0
 20
7965.000000000001
 10
5200.0
 20
7965.000000000001
 10
5200.0
 20
8095.0
 10
4700.0
 20
8095.0
  0
LWPOLYLINE
  5
1F6
330
17
100
AcDbEntity
  8
VK
370
30
420
2060246
100
AcDbPolyline
 90
4
 70
0
 10
5400.0
 20
7965.000000000001
 10
5200.0
 20
7965.000000000001
 10
5200.0
 20
8125.0
 10
3700.0
 20
8125.0
  0
LWPOLYLINE
  5
1F7
330
17
100
AcDbEntity
  8
VK
370
30
420
14034728
100
AcDbPolyline
 90
4
 70
0
 10
5425.0
 20
7990.000000000001
 10
5225.0
 20
7990.000000000001
 10
5225.0
 20
8150.0
 10
3725.0
 20
8150.0
  0
LWPOLYLINE
  5
1F8
330
17
100
AcDbEntity
  8
VK
370
30
420
2060246
100
AcDbPolyline
 90
5
 70
0
 10
5400.0
 20
7965.000000000001
 10
5750.0
 20
7925.0
 10
5940.0
 20
7925.0
 10
5940.0
 20
7841.0
 10
5940.0
 20
7075.0
  0
LWPOLYLINE
  5
1F9
330
17
100
AcDbEntity
  8
VK
370
30
420
14034728
100
AcDbPolyline
 90
5
 70
0
 10
5425.0
 20
7990.000000000001
 10
5775.0
 20
7950.0
 10
5965.0
 20
7950.0
 10
5965.0
 20
7866.0
 10
5965.0
 20
7100.0
  0
LWPOLYLINE
  5
1FA
330
17
100
AcDbEntity
  8
VK
370
30
420
2060246
100
AcDbPolyline
 90
4
 70
0
 10
5940.0
 20
7075.0
 10
5940.0
 20
6875.0
 10
5940.0
 20
6195.0
 10
4600.0
 20
6195.0
  0
LWPOLYLINE
  5
1FB
330
17
100
AcDbEntity
  8
VK
370
30
420
14034728
100
AcDbPolyline
 90
4
 70
0
 10
5965.0
 20
7100.0
 10
5965.0
 20
6900.0
 10
5965.0
 20
6220.0
 10
4625.0
 20
6220.0
  0
LWPOLYLINE
  5
1FC
330
17
100
AcDbEntity
  8
VK
370
30
420
2060246
100
AcDbPolyline
 90
6
 70
0
 10
2810.0
 20
2825.0
 10
2810.0
 20
2555.0
 10
2580.0
 20
2555.0
 10
2450.0
 20
2555.0
 10
2450.0
 20
2365.0
 10
810.0
 20
2365.0
  0
LWPOLYLINE
  5
1FD
330
17
100
AcDbEntity
  8
VK
370
30
420
14034728
100
AcDbPolyline
 90
6
 70
0
 10
2835.0
 20
2850.0
 10
2835.0
 20
2580.0
 10
2605.0
 20
2580.0
 10
2475.0
 20
2580.0
 10
2475.0
 20
2390.0
 10
835.0
 20
2390.0
  0
LWPOLYLINE
  5
1FE
330
17
100
AcDbEntity
  8
VK
370
30
420
2060246
100
AcDbPolyline
 90
2
 70
0
 10
2810.0
 20
2825.0
 10
2925.0
 20
2625.0
  0
LWPOLYLINE
  5
1FF
330
17
100
AcDbEntity
  8
VK
370
30
420
14034728
100
AcDbPolyline
 90
2
 70
0
 10
2835.0
 20
2850.0
 10
2950.0
 20
2650.0
  0
LWPOLYLINE
  5
200
330
17
100
AcDbEntity
  8
VK
370
30
420
2060246
100
AcDbPolyline
 90
4
 70
0
 10
2810.0
 20
2825.0
 10
2925.0
 20
2475.0
 10
3540.0000000000005
 20
2475.0
 10
3540.0000000000005
 20
2345.0
  0
LWPOLYLINE
  5
201
330
17
100
AcDbEntity
  8
VK
  6
DASHED
370
50
 48
75.0
420
7027999
100
AcDbPolyline
 90
4
 70
0
 10
5850.0
 20
7765.000000000001
 10
5850.0
 20
7841.0
 10
5850.0
 20
7991.0
 10
5888.0
 20
7991.0
  0
TEXT
  5
202
330
17
100
AcDbEntity
  8
TEXT
420
7027999
100
AcDbText
 10
5925.0
 20
7991.0
 30
0.0
 40
40.0
  1
S1 Ø50 i=0.02
  7
GOST
 11
5925.0
 21
7991.0
 31
0.0
100
AcDbText
  0
LWPOLYLINE
  5
203
330
17
100
AcDbEntity
  8
TEXT
370
15
420
7027999
100
AcDbPolyline
 90
2
 70
0
 10
5850.0
 20
7916.0
 10
5925.0
 20
7991.0
  0
LWPOLYLINE
  5
204
330
17
100
AcDbEntity
  8
VK
  6
DASHED
370
50
 48
75.0
420
7027999
100
AcDbPolyline
 90
7
 70
0
 10
5800.0
 20
6500.0
 10
5940.0
 20
6500.0
 10
5940.0
 20
6875.0
 10
5940.0
 20
7841.0
 10
5940.0
 20
7925.0
 10
5888.0
 20
7925.0
 10
5888.0
 20
7991.0
  0
TEXT
  5
205
330
17
100
AcDbEntity
  8
TEXT
420
7027999
100
AcDbText
 10
5740.861625514403
 20
7205.499999999999
 30
0.0
 40
40.0
  1
S2 Ø50 i=0.02
  7
GOST
 11
5740.861625514403
 21
7205.499999999999
 31
0.0
100
AcDbText
  0
LWPOLYLINE
  5
206
330
17
100
AcDbEntity
  8
TEXT
370
15
420
7027999
100
AcDbPolyline
 90
2
 70
0
 10
5940.0
 20
7358.0
 10
5940.0
 20
7253.0
  0
HATCH
  5
207
330
17
100
AcDbEntity
  8
TEXT
 62
7
420
7027999
100
AcDbHatch
 10
0.0
 20
0.0
 30
0.0
210
0.0
220
0.0
230
1.0
  2
SOLID
 70
1
 71
0
 91
1
 92
1
 93
1
 72
2
 10
5940.0
 20
7358.0
 40
6.25
 50
0
 51
360
 73
1
 97
0
 75
1
 76
1
 98
0
  0
CIRCLE
  5
208
330
17
100
AcDbEntity
  8
TEXT
370
13
420
7027999
100
AcDbCircle
 10
5940.0
 20
7358.0
 30
0.0
 40
6.25
  0
LWPOLYLINE
  5
209
330
17
100
AcDbEntity
  8
VK
  6
DASHED
370
50
 48
75.0
420
7027999
100
AcDbPolyline
 90
4
 70
0
 10
4700.0
 20
8095.0
 10
5200.0
 20
8095.0
 10
5200.0
 20
7965.000000000001
 10
5833.0
 20
7965.000000000001
  0
TEXT
  5
20A
330
17
100
AcDbEntity
  8
TEXT
420
7027999
100
AcDbText
 10
5591.5
 20
8040.000000000001
 30
0.0
 40
40.0
  1
S3 Ø110 i=0.02
  7
GOST
 11
5591.5
 21
8040.000000000001
 31
0.0
100
AcDbText
  0
LWPOLYLINE
  5
20B
330
17
100
AcDbEntity
  8
TEXT
370
15
420
7027999
100
AcDbPolyline
 90
2
 70
0
 10
5516.5
 20
7965.000000000001
 10
5591.5
 20
8040.000000000001
  0
LWPOLYLINE
  5
20C
330
17
100
AcDbEntity
  8
VK
  6
DASHED
370
50
 48
75.0
420
7027999
100
AcDbPolyline
 90
4
 70
0
 10
3700.0
 20
8140.000000000001
 10
5150.0
 20
8140.000000000001
 10
5150.0
 20
7965.000000000001
 10
5833.0
 20
7965.000000000001
  0
TEXT
  5
20D
330
17
100
AcDbEntity
  8
TEXT
420
7027999
100
AcDbText
 10
4500.0
 20
8215.0
 30
0.0
 40
40.0
  1
S4 Ø50 i=0.02
  7
GOST
 11
4500.0
 21
8215.0
 31
0.0
100
AcDbText
  0
LWPOLYLINE
  5
20E
330
17
100
AcDbEntity
  8
TEXT
370
15
420
7027999
100
AcDbPolyline
 90
2
 70
0
 10
4425.0
 20
8140.000000000001
 10
4500.0
 20
8215.0
  0
LWPOLYLINE
  5
20F
330
17
100
AcDbEntity
  8
VK
  6
DASHED
370
50
 48
75.0
420
7027999
100
AcDbPolyline
 90
4
 70
0
 10
940.0
 20
2385.0
 10
2540.0
 20
2385.0
 10
2666.0
 20
2385.0
 10
2666.0
 20
2426.0
  0
TEXT
  5
210
330
17
100
AcDbEntity
  8
TEXT
420
7027999
100
AcDbText
 10
1784.1941738241592
 20
2429.1941738241594
 30
0.0
 40
40.0
  1
S5 Ø50 i=0.02
  7
GOST
 11
1784.1941738241592
 21
2429.1941738241594
 31
0.0
100
AcDbText
  0
LWPOLYLINE
  5
211
330
17
100
AcDbEntity
  8
VK
  6
DASHED
370
50
 48
75.0
420
7027999
100
AcDbPolyline
 90
3
 70
0
 10
2925.0
 20
2775.0
 10
2776.0
 20
2775.0
 10
2776.0
 20
2426.0
  0
TEXT
  5
212
330
17
100
AcDbEntity
  8
TEXT
420
7027999
100
AcDbText
 10
2820.1941738241594
 20
2644.694173824159
 30
0.0
 40
40.0
  1
S6 Ø50 i=0.02
  7
GOST
 11
2820.1941738241594
 21
2644.694173824159
 31
0.0
100
AcDbText
  0
LWPOLYLINE
  5
213
330
17
100
AcDbEntity
  8
VK
  6
DASHED
370
50
 48
75.0
420
7027999
100
AcDbPolyline
 90
3
 70
0
 10
3620.0000000000005
 20
2385.0
 10
2925.0
 20
2385.0
 10
2776.0
 20
2426.0
  0
TEXT
  5
214
330
17
100
AcDbEntity
  8
TEXT
420
7027999
100
AcDbText
 10
3316.694173824159
 20
2429.1941738241594
 30
0.0
 40
40.0
  1
S7 Ø50 i=0.02
  7
GOST
 11
3316.694173824159
 21
2429.1941738241594
 31
0.0
100
AcDbText
  0
HATCH
  5
215
330
17
100
AcDbEntity
  8
VK
 62
7
420
16777215
100
AcDbHatch
 10
0.0
 20
0.0
 30
0.0
210
0.0
220
0.0
230
1.0
  2
SOLID
 70
1
 71
0
 91
1
 92
1
 93
1
 72
2
 10
4700.0
 20
8115.000000000001
 40
21.25
 50
0
 51
360
 73
1
 97
0
 75
1
 76
1
 98
0
  0
CIRCLE
  5
216
330
17
100
AcDbEntity
  8
VK
370
35
420
2060246
100
AcDbCircle
 10
4700.0
 20
8115.000000000001
 30
0.0
 40
21.25
  0
HATCH
  5
217
330
17
100
AcDbEntity
  8
VK
 62
7
420
16777215
100
AcDbHatch
 10
0.0
 20
0.0
 30
0.0
210
0.0
220
0.0
230
1.0
  2
SOLID
 70
1
 71
0
 91
1
 92
1
 93
1
 72
2
 10
4700.0
 20
8095.0
 40
27.500000000000004
 50
0
 51
360
 73
1
 97
0
 75
1
 76
1
 98
0
  0
CIRCLE
  5
218
330
17
100
AcDbEntity
  8
VK
370
35
420
7027999
100
AcDbCircle
 10
4700.0
 20
8095.0
 30
0.0
 40
27.500000000000004
  0
HATCH
  5
219
330
17
100
AcDbEntity
  8
VK
 62
7
420
7027999
100
AcDbHatch
 10
0.0
 20
0.0
 30
0.0
210
0.0
220
0.0
230
1.0
  2
SOLID
 70
1
 71
0
 91
1
 92
1
 93
1
 72
2
 10
4700.0
 20
8095.0
 40
11.25
 50
0
 51
360
 73
1
 97
0
 75
1
 76
1
 98
0
  0
CIRCLE
  5
21A
330
17
100
AcDbEntity
  8
VK
370
13
420
7027999
100
AcDbCircle
 10
4700.0
 20
8095.0
 30
0.0
 40
11.25
  0
HATCH
  5
21B
330
17
100
AcDbEntity
  8
VK
 62
7
420
16777215
100
AcDbHatch
 10
0.0
 20
0.0
 30
0.0
210
0.0
220
0.0
230
1.0
  2
SOLID
 70
1
 71
0
 91
1
 92
1
 93
1
 72
2
 10
3629.9999999999995
 20
8166.0
 40
21.25
 50
0
 51
360
 73
1
 97
0
 75
1
 76
1
 98
0
  0
CIRCLE
  5
21C
330
17
100
AcDbEntity
  8
VK
370
35
420
2060246
100
AcDbCircle
 10
3629.9999999999995
 20
8166.0
 30
0.0
 40
21.25
  0
HATCH
  5
21D
330
17
100
AcDbEntity
  8
VK
 62
7
420
14034728
100
AcDbHatch
 10
0.0
 20
0.0
 30
0.0
210
0.0
220
0.0
230
1.0
  2
SOLID
 70
1
 71
0
 91
1
 92
1
 93
1
 72
2
 10
3770.0000000000005
 20
8166.0
 40
21.25
 50
0
 51
360
 73
1
 97
0
 75
1
 76
1
 98
0
  0
CIRCLE
  5
21E
330
17
100
AcDbEntity
  8
VK
370
35
420
14034728
100
AcDbCircle
 10
3770.0000000000005
 20
8166.0
 30
0.0
 40
21.25
  0
HATCH
  5
21F
330
17
100
AcDbEntity
  8
VK
 62
7
420
16777215
100
AcDbHatch
 10
0.0
 20
0.0
 30
0.0
210
0.0
220
0.0
230
1.0
  2
SOLID
 70
1
 71
0
 91
1
 92
1
 93
1
 72
2
 10
3700.0
 20
8166.0
 40
27.500000000000004
 50
0
 51
360
 73
1
 97
0
 75
1
 76
1
 98
0
  0
CIRCLE
  5
220
330
17
100
AcDbEntity
  8
VK
370
35
420
7027999
100
AcDbCircle
 10
3700.0
 20
8166.0
 30
0.0
 40
27.500000000000004
  0
HATCH
  5
221
330
17
100
AcDbEntity
  8
VK
 62
7
420
7027999
100
AcDbHatch
 10
0.0
 20
0.0
 30
0.0
210
0.0
220
0.0
230
1.0
  2
SOLID
 70
1
 71
0
 91
1
 92
1
 93
1
 72
2
 10
3700.0
 20
8166.0
 40
11.25
 50
0
 51
360
 73
1
 97
0
 75
1
 76
1
 98
0
  0
CIRCLE
  5
222
330
17
100
AcDbEntity
  8
VK
370
13
420
7027999
100
AcDbCircle
 10
3700.0
 20
8166.0
 30
0.0
 40
11.25
  0
HATCH
  5
223
330
17
100
AcDbEntity
  8
VK
 62
7
420
16777215
100
AcDbHatch
 10
0.0
 20
0.0
 30
0.0
210
0.0
220
0.0
230
1.0
  2
SOLID
 70
1
 71
0
 91
1
 92
1
 93
1
 72
2
 10
4525.0
 20
6125.0
 40
21.25
 50
0
 51
360
 73
1
 97
0
 75
1
 76
1
 98
0
  0
CIRCLE
  5
224
330
17
100
AcDbEntity
  8
VK
370
35
420
2060246
100
AcDbCircle
 10
4525.0
 20
6125.0
 30
0.0
 40
21.25
  0
HATCH
  5
225
330
17
100
AcDbEntity
  8
VK
 62
7
420
14034728
100
AcDbHatch
 10
0.0
 20
0.0
 30
0.0
210
0.0
220
0.0
230
1.0
  2
SOLID
 70
1
 71
0
 91
1
 92
1
 93
1
 72
2
 10
4675.0
 20
6125.0
 40
21.25
 50
0
 51
360
 73
1
 97
0
 75
1
 76
1
 98
0
  0
CIRCLE
  5
226
330
17
100
AcDbEntity
  8
VK
370
35
420
14034728
100
AcDbCircle
 10
4675.0
 20
6125.0
 30
0.0
 40
21.25
  0
HATCH
  5
227
330
17
100
AcDbEntity
  8
VK
 62
7
420
16777215
100
AcDbHatch
 10
0.0
 20
0.0
 30
0.0
210
0.0
220
0.0
230
1.0
  2
SOLID
 70
1
 71
0
 91
1
 92
1
 93
1
 72
2
 10
5800.0
 20
6500.0
 40
27.500000000000004
 50
0
 51
360
 73
1
 97
0
 75
1
 76
1
 98
0
  0
CIRCLE
  5
228
330
17
100
AcDbEntity
  8
VK
370
35
420
7027999
100
AcDbCircle
 10
5800.0
 20
6500.0
 30
0.0
 40
27.500000000000004
  0
HATCH
  5
229
330
17
100
AcDbEntity
  8
VK
 62
7
420
7027999
100
AcDbHatch
 10
0.0
 20
0.0
 30
0.0
210
0.0
220
0.0
230
1.0
  2
SOLID
 70
1
 71
0
 91
1
 92
1
 93
1
 72
2
 10
5800.0
 20
6500.0
 40
11.25
 50
0
 51
360
 73
1
 97
0
 75
1
 76
1
 98
0
  0
CIRCLE
  5
22A
330
17
100
AcDbEntity
  8
VK
370
13
420
7027999
100
AcDbCircle
 10
5800.0
 20
6500.0
 30
0.0
 40
11.25
  0
HATCH
  5
22B
330
17
100
AcDbEntity
  8
VK
 62
7
420
16777215
100
AcDbHatch
 10
0.0
 20
0.0
 30
0.0
210
0.0
220
0.0
230
1.0
  2
SOLID
 70
1
 71
0
 91
1
 92
1
 93
1
 72
2
 10
5896.0
 20
7075.0
 40
21.25
 50
0
 51
360
 73
1
 97
0
 75
1
 76
1
 98
0
  0
CIRCLE
  5
22C
330
17
100
AcDbEntity
  8
VK
370
35
420
2060246
100
AcDbCircle
 10
5896.0
 20
7075.0
 30
0.0
 40
21.25
  0
HATCH
  5
22D
330
17
100
AcDbEntity
  8
VK
 62
7
420
14034728
100
AcDbHatch
 10
0.0
 20
0.0
 30
0.0
210
0.0
220
0.0
230
1.0
  2
SOLID
 70
1
 71
0
 91
1
 92
1
 93
1
 72
2
 10
5896.0
 20
7075.0
 40
21.25
 50
0
 51
360
 73
1
 97
0
 75
1
 76
1
 98
0
  0
CIRCLE
  5
22E
330
17
100
AcDbEntity
  8
VK
370
35
420
14034728
100
AcDbCircle
 10
5896.0
 20
7075.0
 30
0.0
 40
21.25
  0
HATCH
  5
22F
330
17
100
AcDbEntity
  8
VK
 62
7
420
16777215
100
AcDbHatch
 10
0.0
 20
0.0
 30
0.0
210
0.0
220
0.0
230
1.0
  2
SOLID
 70
1
 71
0
 91
1
 92
1
 93
1
 72
2
 10
5850.0
 20
7765.000000000001
 40
27.500000000000004
 50
0
 51
360
 73
1
 97
0
 75
1
 76
1
 98
0
  0
CIRCLE
  5
230
330
17
100
AcDbEntity
  8
VK
370
35
420
7027999
100
AcDbCircle
 10
5850.0
 20
7765.000000000001
 30
0.0
 40
27.500000000000004
  0
HATCH
  5
231
330
17
100
AcDbEntity
  8
VK
 62
7
420
7027999
100
AcDbHatch
 10
0.0
 20
0.0
 30
0.0
210
0.0
220
0.0
230
1.0
  2
SOLID
 70
1
 71
0
 91
1
 92
1
 93
1
 72
2
 10
5850.0
 20
7765.000000000001
 40
11.25
 50
0
 51
360
 73
1
 97
0
 75
1
 76
1
 98
0
  0
CIRCLE
  5
232
330
17
100
AcDbEntity
  8
VK
370
13
420
7027999
100
AcDbCircle
 10
5850.0
 20
7765.000000000001
 30
0.0
 40
11.25
  0
HATCH
  5
233
330
17
100
AcDbEntity
  8
VK
 62
7
420
16777215
100
AcDbHatch
 10
0.0
 20
0.0
 30
0.0
210
0.0
220
0.0
230
1.0
  2
SOLID
 70
1
 71
0
 91
1
 92
1
 93
1
 72
2
 10
760.0
 20
2325.0
 40
21.25
 50
0
 51
360
 73
1
 97
0
 75
1
 76
1
 98
0
  0
CIRCLE
  5
234
330
17
100
AcDbEntity
  8
VK
370
35
420
2060246
100
AcDbCircle
 10
760.0
 20
2325.0
 30
0.0
 40
21.25
  0
HATCH
  5
235
330
17
100
AcDbEntity
  8
VK
 62
7
420
14034728
100
AcDbHatch
 10
0.0
 20
0.0
 30
0.0
210
0.0
220
0.0
230
1.0
  2
SOLID
 70
1
 71
0
 91
1
 92
1
 93
1
 72
2
 10
860.0
 20
2325.0
 40
21.25
 50
0
 51
360
 73
1
 97
0
 75
1
 76
1
 98
0
  0
CIRCLE
  5
236
330
17
100
AcDbEntity
  8
VK
370
35
420
14034728
100
AcDbCircle
 10
860.0
 20
2325.0
 30
0.0
 40
21.25
  0
HATCH
  5
237
330
17
100
AcDbEntity
  8
VK
 62
7
420
16777215
100
AcDbHatch
 10
0.0
 20
0.0
 30
0.0
210
0.0
220
0.0
230
1.0
  2
SOLID
 70
1
 71
0
 91
1
 92
1
 93
1
 72
2
 10
940.0
 20
2325.0
 40
27.500000000000004
 50
0
 51
360
 73
1
 97
0
 75
1
 76
1
 98
0
  0
CIRCLE
  5
238
330
17
100
AcDbEntity
  8
VK
370
35
420
7027999
100
AcDbCircle
 10
940.0
 20
2325.0
 30
0.0
 40
27.500000000000004
  0
HATCH
  5
239
330
17
100
AcDbEntity
  8
VK
 62
7
420
7027999
100
AcDbHatch
 10
0.0
 20
0.0
 30
0.0
210
0.0
220
0.0
230
1.0
  2
SOLID
 70
1
 71
0
 91
1
 92
1
 93
1
 72
2
 10
940.0
 20
2325.0
 40
11.25
 50
0
 51
360
 73
1
 97
0
 75
1
 76
1
 98
0
  0
CIRCLE
  5
23A
330
17
100
AcDbEntity
  8
VK
370
13
420
7027999
100
AcDbCircle
 10
940.0
 20
2325.0
 30
0.0
 40
11.25
  0
HATCH
  5
23B
330
17
100
AcDbEntity
  8
VK
 62
7
420
16777215
100
AcDbHatch
 10
0.0
 20
0.0
 30
0.0
210
0.0
220
0.0
230
1.0
  2
SOLID
 70
1
 71
0
 91
1
 92
1
 93
1
 72
2
 10
800.0
 20
2325.0
 40
21.25
 50
0
 51
360
 73
1
 97
0
 75
1
 76
1
 98
0
  0
CIRCLE
  5
23C
330
17
100
AcDbEntity
  8
VK
370
35
420
2060246
100
AcDbCircle
 10
800.0
 20
2325.0
 30
0.0
 40
21.25
  0
HATCH
  5
23D
330
17
100
AcDbEntity
  8
VK
 62
7
420
16777215
100
AcDbHatch
 10
0.0
 20
0.0
 30
0.0
210
0.0
220
0.0
230
1.0
  2
SOLID
 70
1
 71
0
 91
1
 92
1
 93
1
 72
2
 10
940.0
 20
2325.0
 40
27.500000000000004
 50
0
 51
360
 73
1
 97
0
 75
1
 76
1
 98
0
  0
CIRCLE
  5
23E
330
17
100
AcDbEntity
  8
VK
370
35
420
7027999
100
AcDbCircle
 10
940.0
 20
2325.0
 30
0.0
 40
27.500000000000004
  0
HATCH
  5
23F
330
17
100
AcDbEntity
  8
VK
 62
7
420
7027999
100
AcDbHatch
 10
0.0
 20
0.0
 30
0.0
210
0.0
220
0.0
230
1.0
  2
SOLID
 70
1
 71
0
 91
1
 92
1
 93
1
 72
2
 10
940.0
 20
2325.0
 40
11.25
 50
0
 51
360
 73
1
 97
0
 75
1
 76
1
 98
0
  0
CIRCLE
  5
240
330
17
100
AcDbEntity
  8
VK
370
13
420
7027999
100
AcDbCircle
 10
940.0
 20
2325.0
 30
0.0
 40
11.25
  0
HATCH
  5
241
330
17
100
AcDbEntity
  8
VK
 62
7
420
16777215
100
AcDbHatch
 10
0.0
 20
0.0
 30
0.0
210
0.0
220
0.0
230
1.0
  2
SOLID
 70
1
 71
0
 91
1
 92
1
 93
1
 72
2
 10
760.0
 20
2325.0
 40
21.25
 50
0
 51
360
 73
1
 97
0
 75
1
 76
1
 98
0
  0
CIRCLE
  5
242
330
17
100
AcDbEntity
  8
VK
370
35
420
2060246
100
AcDbCircle
 10
760.0
 20
2325.0
 30
0.0
 40
21.25
  0
HATCH
  5
243
330
17
100
AcDbEntity
  8
VK
 62
7
420
16777215
100
AcDbHatch
 10
0.0
 20
0.0
 30
0.0
210
0.0
220
0.0
230
1.0
  2
SOLID
 70
1
 71
0
 91
1
 92
1
 93
1
 72
2
 10
2925.0
 20
2575.0
 40
21.25
 50
0
 51
360
 73
1
 97
0
 75
1
 76
1
 98
0
  0
CIRCLE
  5
244
330
17
100
AcDbEntity
  8
VK
370
35
420
2060246
100
AcDbCircle
 10
2925.0
 20
2575.0
 30
0.0
 40
21.25
  0
HATCH
  5
245
330
17
100
AcDbEntity
  8
VK
 62
7
420
14034728
100
AcDbHatch
 10
0.0
 20
0.0
 30
0.0
210
0.0
220
0.0
230
1.0
  2
SOLID
 70
1
 71
0
 91
1
 92
1
 93
1
 72
2
 10
2925.0
 20
2675.0
 40
21.25
 50
0
 51
360
 73
1
 97
0
 75
1
 76
1
 98
0
  0
CIRCLE
  5
246
330
17
100
AcDbEntity
  8
VK
370
35
420
14034728
100
AcDbCircle
 10
2925.0
 20
2675.0
 30
0.0
 40
21.25
  0
HATCH
  5
247
330
17
100
AcDbEntity
  8
VK
 62
7
420
16777215
100
AcDbHatch
 10
0.0
 20
0.0
 30
0.0
210
0.0
220
0.0
230
1.0
  2
SOLID
 70
1
 71
0
 91
1
 92
1
 93
1
 72
2
 10
2925.0
 20
2775.0
 40
27.500000000000004
 50
0
 51
360
 73
1
 97
0
 75
1
 76
1
 98
0
  0
CIRCLE
  5
248
330
17
100
AcDbEntity
  8
VK
370
35
420
7027999
100
AcDbCircle
 10
2925.0
 20
2775.0
 30
0.0
 40
27.500000000000004
  0
HATCH
  5
249
330
17
100
AcDbEntity
  8
VK
 62
7
420
7027999
100
AcDbHatch
 10
0.0
 20
0.0
 30
0.0
210
0.0
220
0.0
230
1.0
  2
SOLID
 70
1
 71
0
 91
1
 92
1
 93
1
 72
2
 10
2925.0
 20
2775.0
 40
11.25
 50
0
 51
360
 73
1
 97
0
 75
1
 76
1
 98
0
  0
CIRCLE
  5
24A
330
17
100
AcDbEntity
  8
VK
370
13
420
7027999
100
AcDbCircle
 10
2925.0
 20
2775.0
 30
0.0
 40
11.25
  0
HATCH
  5
24B
330
17
100
AcDbEntity
  8
VK
 62
7
420
16777215
100
AcDbHatch
 10
0.0
 20
0.0
 30
0.0
210
0.0
220
0.0
230
1.0
  2
SOLID
 70
1
 71
0
 91
1
 92
1
 93
1
 72
2
 10
3540.0000000000005
 20
2325.0
 40
21.25
 50
0
 51
360
 73
1
 97
0
 75
1
 76
1
 98
0
  0
CIRCLE
  5
24C
330
17
100
AcDbEntity
  8
VK
370
35
420
2060246
100
AcDbCircle
 10
3540.0000000000005
 20
2325.0
 30
0.0
 40
21.25
  0
HATCH
  5
24D
330
17
100
AcDbEntity
  8
VK
 62
7
420
16777215
100
AcDbHatch
 10
0.0
 20
0.0
 30
0.0
210
0.0
220
0.0
230
1.0
  2
SOLID
 70
1
 71
0
 91
1
 92
1
 93
1
 72
2
 10
3620.0000000000005
 20
2325.0
 40
27.500000000000004
 50
0
 51
360
 73
1
 97
0
 75
1
 76
1
 98
0
  0
CIRCLE
  5
24E
330
17
100
AcDbEntity
  8
VK
370
35
420
7027999
100
AcDbCircle
 10
3620.0000000000005
 20
2325.0
 30
0.0
 40
27.500000000000004
  0
HATCH
  5
24F
330
17
100
AcDbEntity
  8
VK
 62
7
420
7027999
100
AcDbHatch
 10
0.0
 20
0.0
 30
0.0
210
0.0
220
0.0
230
1.0
  2
SOLID
 70
1
 71
0
 91
1
 92
1
 93
1
 72
2
 10
3620.0000000000005
 20
2325.0
 40
11.25
 50
0
 51
360
 73
1
 97
0
 75
1
 76
1
 98
0
  0
CIRCLE
  5
250
330
17
100
AcDbEntity
  8
VK
370
13
420
7027999
100
AcDbCircle
 10
3620.0000000000005
 20
2325.0
 30
0.0
 40
11.25
  0
HATCH
  5
251
330
17
100
AcDbEntity
  8
VK
 62
7
420
16777215
100
AcDbHatch
 10
0.0
 20
0.0
 30
0.0
210
0.0
220
0.0
230
1.0
  2
SOLID
 70
1
 71
0
 91
1
 92
1
 93
1
 72
2
 10
3620.0000000000005
 20
2325.0
 40
27.500000000000004
 50
0
 51
360
 73
1
 97
0
 75
1
 76
1
 98
0
  0
CIRCLE
  5
252
330
17
100
AcDbEntity
  8
VK
370
35
420
7027999
100
AcDbCircle
 10
3620.0000000000005
 20
2325.0
 30
0.0
 40
27.500000000000004
  0
HATCH
  5
253
330
17
100
AcDbEntity
  8
VK
 62
7
420
7027999
100
AcDbHatch
 10
0.0
 20
0.0
 30
0.0
210
0.0
220
0.0
230
1.0
  2
SOLID
 70
1
 71
0
 91
1
 92
1
 93
1
 72
2
 10
3620.0000000000005
 20
2325.0
 40
11.25
 50
0
 51
360
 73
1
 97
0
 75
1
 76
1
 98
0
  0
CIRCLE
  5
254
330
17
100
AcDbEntity
  8
VK
370
13
420
7027999
100
AcDbCircle
 10
3620.0000000000005
 20
2325.0
 30
0.0
 40
11.25
  0
HATCH
  5
255
330
17
100
AcDbEntity
  8
VK
 62
7
420
16777215
100
AcDbHatch
 10
0.0
 20
0.0
 30
0.0
210
0.0
220
0.0
230
1.0
  2
SOLID
 70
1
 71
0
 91
1
 92
1
 93
1
 72
2
 10
2810.0
 20
2825.0
 40
21.25
 50
0
 51
360
 73
1
 97
0
 75
1
 76
1
 98
0
  0
CIRCLE
  5
256
330
17
100
AcDbEntity
  8
VK
370
35
420
2060246
100
AcDbCircle
 10
2810.0
 20
2825.0
 30
0.0
 40
21.25
  0
HATCH
  5
257
330
17
100
AcDbEntity
  8
VK
 62
7
420
16777215
100
AcDbHatch
 10
0.0
 20
0.0
 30
0.0
210
0.0
220
0.0
230
1.0
  2
SOLID
 70
1
 71
0
 91
1
 92
1
 93
1
 72
2
 10
3529.0
 20
2325.0
 40
27.500000000000004
 50
0
 51
360
 73
1
 97
0
 75
1
 76
1
 98
0
  0
CIRCLE
  5
258
330
17
100
AcDbEntity
  8
VK
370
35
420
7027999
100
AcDbCircle
 10
3529.0
 20
2325.0
 30
0.0
 40
27.500000000000004
  0
HATCH
  5
259
330
17
100
AcDbEntity
  8
VK
 62
7
420
7027999
100
AcDbHatch
 10
0.0
 20
0.0
 30
0.0
210
0.0
220
0.0
230
1.0
  2
SOLID
 70
1
 71
0
 91
1
 92
1
 93
1
 72
2
 10
3529.0
 20
2325.0
 40
11.25
 50
0
 51
360
 73
1
 97
0
 75
1
 76
1
 98
0
  0
CIRCLE
  5
25A
330
17
100
AcDbEntity
  8
VK
370
13
420
7027999
100
AcDbCircle
 10
3529.0
 20
2325.0
 30
0.0
 40
11.25
  0
TEXT
  5
25B
330
17
100
AcDbEntity
  8
TEXT
420
2060246
100
AcDbText
 10
4775.0
 20
8190.000000000001
 30
0.0
 40
37.5
  1
P01 В1 h1000*
  7
GOST
 11
4775.0
 21
8190.000000000001
 31
0.0
100
AcDbText
  0
LWPOLYLINE
  5
25C
330
17
100
AcDbEntity
  8
TEXT
370
15
420
2060246
100
AcDbPolyline
 90
2
 70
0
 10
4700.0
 20
8115.000000000001
 10
4775.0
 20
8190.000000000001
  0
TEXT
  5
25D
330
17
100
AcDbEntity
  8
TEXT
420
7027999
100
AcDbText
 10
4775.0
 20
8170.0
 30
0.0
 40
37.5
  1
P01 К1 h230*
  7
GOST
 11
4775.0
 21
8170.0
 31
0.0
100
AcDbText
  0
LWPOLYLINE
  5
25E
330
17
100
AcDbEntity
  8
TEXT
370
15
420
7027999
100
AcDbPolyline
 90
2
 70
0
 10
4700.0
 20
8095.0
 10
4775.0
 20
8170.0
  0
TEXT
  5
25F
330
17
100
AcDbEntity
  8
TEXT
420
2060246
100
AcDbText
 10
3704.9999999999995
 20
8241.0
 30
0.0
 40
37.5
  1
P02 В1 h600*
  7
GOST
 11
3704.9999999999995
 21
8241.0
 31
0.0
100
AcDbText
  0
LWPOLYLINE
  5
260
330
17
100
AcDbEntity
  8
TEXT
370
15
420
2060246
100
AcDbPolyline
 90
2
 70
0
 10
3629.9999999999995
 20
8166.0
 10
3704.9999999999995
 20
8241.0
  0
TEXT
  5
261
330
17
100
AcDbEntity
  8
TEXT
420
14034728
100
AcDbText
 10
3845.0000000000005
 20
8241.0
 30
0.0
 40
37.5
  1
P02 Т3 h600*
  7
GOST
 11
3845.0000000000005
 21
8241.0
 31
0.0
100
AcDbText
  0
LWPOLYLINE
  5
262
330
17
100
AcDbEntity
  8
TEXT
370
15
420
14034728
100
AcDbPolyline
 90
2
 70
0
 10
3770.0000000000005
 20
8166.0
 10
3845.0000000000005
 20
8241.0
  0
TEXT
  5
263
330
17
100
AcDbEntity
  8
TEXT
420
7027999
100
AcDbText
 10
3775.0
 20
8241.0
 30
0.0
 40
37.5
  1
P02 К1 h550*
  7
GOST
 11
3775.0
 21
8241.0
 31
0.0
100
AcDbText
  0
LWPOLYLINE
  5
264
330
17
100
AcDbEntity
  8
TEXT
370
15
420
7027999
100
AcDbPolyline
 90
2
 70
0
 10
3700.0
 20
8166.0
 10
3775.0
 20
8241.0
  0
TEXT
  5
265
330
17
100
AcDbEntity
  8
TEXT
420
2060246
100
AcDbText
 10
4578.033008588991
 20
6178.033008588991
 30
0.0
 40
37.5
  1
P03 В1 h800*
  7
GOST
 11
4578.033008588991
 21
6178.033008588991
 31
0.0
100
AcDbText
  0
TEXT
  5
266
330
17
100
AcDbEntity
  8
TEXT
420
14034728
100
AcDbText
 10
4728.033008588991
 20
6034.466991411009
 30
0.0
 40
37.5
  1
P03 Т3 h800*
  7
GOST
 11
4728.033008588991
 21
6034.466991411009
 31
0.0
100
AcDbText
  0
TEXT
  5
267
330
17
100
AcDbEntity
  8
TEXT
420
7027999
100
AcDbText
 10
5853.033008588991
 20
6553.033008588992
 30
0.0
 40
37.5
  1
P03 К1 h70*
  7
GOST
 11
5853.033008588991
 21
6553.033008588992
 31
0.0
100
AcDbText
  0
TEXT
  5
268
330
17
100
AcDbEntity
  8
TEXT
420
2060246
100
AcDbText
 10
5949.033008588991
 20
7128.033008588992
 30
0.0
 40
37.5
  1
P04 В1 h1100*
  7
GOST
 11
5949.033008588991
 21
7128.033008588992
 31
0.0
100
AcDbText
  0
TEXT
  5
269
330
17
100
AcDbEntity
  8
TEXT
420
14034728
100
AcDbText
 10
5949.033008588991
 20
6984.466991411008
 30
0.0
 40
37.5
  1
P04 Т3 h1100*
  7
GOST
 11
5949.033008588991
 21
6984.466991411008
 31
0.0
100
AcDbText
  0
TEXT
  5
26A
330
17
100
AcDbEntity
  8
TEXT
420
7027999
100
AcDbText
 10
5925.0
 20
7840.000000000001
 30
0.0
 40
37.5
  1
P04 К1 h-11.4*
  7
GOST
 11
5925.0
 21
7840.000000000001
 31
0.0
100
AcDbText
  0
LWPOLYLINE
  5
26B
330
17
100
AcDbEntity
  8
TEXT
370
15
420
7027999
100
AcDbPolyline
 90
2
 70
0
 10
5850.0
 20
7765.000000000001
 10
5925.0
 20
7840.000000000001
  0
TEXT
  5
26C
330
17
100
AcDbEntity
  8
TEXT
420
2060246
100
AcDbText
 10
813.0330085889912
 20
2378.033008588991
 30
0.0
 40
37.5
  1
P06 В1 h550
  7
GOST
 11
813.0330085889912
 21
2378.033008588991
 31
0.0
100
AcDbText
  0
TEXT
  5
26D
330
17
100
AcDbEntity
  8
TEXT
420
14034728
100
AcDbText
 10
698.3688593106996
 20
2450.0
 30
0.0
 40
37.5
  1
P06 Т3 h550
  7
GOST
 11
698.3688593106996
 21
2450.0
 31
0.0
100
AcDbText
  0
LWPOLYLINE
  5
26E
330
17
100
AcDbEntity
  8
TEXT
370
15
420
14034728
100
AcDbPolyline
 90
2
 70
0
 10
860.0
 20
2325.0
 10
860.0
 20
2442.5
  0
HATCH
  5
26F
330
17
100
AcDbEntity
  8
TEXT
 62
7
420
14034728
100
AcDbHatch
 10
0.0
 20
0.0
 30
0.0
210
0.0
220
0.0
230
1.0
  2
SOLID
 70
1
 71
0
 91
1
 92
1
 93
1
 72
2
 10
860.0
 20
2325.0
 40
6.25
 50
0
 51
360
 73
1
 97
0
 75
1
 76
1
 98
0
  0
CIRCLE
  5
270
330
17
100
AcDbEntity
  8
TEXT
370
13
420
14034728
100
AcDbCircle
 10
860.0
 20
2325.0
 30
0.0
 40
6.25
  0
TEXT
  5
271
330
17
100
AcDbEntity
  8
TEXT
420
7027999
100
AcDbText
 10
1072.5825214724778
 20
2457.5825214724778
 30
0.0
 40
37.5
  1
P06 К1 h450
  7
GOST
 11
1072.5825214724778
 21
2457.5825214724778
 31
0.0
100
AcDbText
  0
LWPOLYLINE
  5
272
330
17
100
AcDbEntity
  8
TEXT
370
15
420
7027999
100
AcDbPolyline
 90
2
 70
0
 10
940.0
 20
2325.0
 10
1065.0825214724778
 20
2450.0825214724778
  0
HATCH
  5
273
330
17
100
AcDbEntity
  8
TEXT
 62
7
420
7027999
100
AcDbHatch
 10
0.0
 20
0.0
 30
0.0
210
0.0
220
0.0
230
1.0
  2
SOLID
 70
1
 71
0
 91
1
 92
1
 93
1
 72
2
 10
940.0
 20
2325.0
 40
6.25
 50
0
 51
360
 73
1
 97
0
 75
1
 76
1
 98
0
  0
CIRCLE
  5
274
330
17
100
AcDbEntity
  8
TEXT
370
13
420
7027999
100
AcDbCircle
 10
940.0
 20
2325.0
 30
0.0
 40
6.25
  0
TEXT
  5
275
330
17
100
AcDbEntity
  8
TEXT
420
2060246
100
AcDbText
 10
636.4318094135803
 20
2512.5
 30
0.0
 40
37.5
  1
P07 В1 h450
  7
GOST
 11
636.4318094135803
 21
2512.5
 31
0.0
100
AcDbText
  0
LWPOLYLINE
  5
276
330
17
100
AcDbEntity
  8
TEXT
370
15
420
2060246
100
AcDbPolyline
 90
2
 70
0
 10
800.0
 20
2325.0
 10
800.0
 20
2505.0
  0
HATCH
  5
277
330
17
100
AcDbEntity
  8
TEXT
 62
7
420
2060246
100
AcDbHatch
 10
0.0
 20
0.0
 30
0.0
210
0.0
220
0.0
230
1.0
  2
SOLID
 70
1
 71
0
 91
1
 92
1
 93
1
 72
2
 10
800.0
 20
2325.0
 40
6.25
 50
0
 51
360
 73
1
 97
0
 75
1
 76
1
 98
0
  0
CIRCLE
  5
278
330
17
100
AcDbEntity
  8
TEXT
370
13
420
2060246
100
AcDbCircle
 10
800.0
 20
2325.0
 30
0.0
 40
6.25
  0
TEXT
  5
279
330
17
100
AcDbEntity
  8
TEXT
420
7027999
100
AcDbText
 10
775.8169367283951
 20
2100.0
 30
0.0
 40
37.5
  1
P07 К1 h450
  7
GOST
 11
775.8169367283951
 21
2100.0
 31
0.0
100
AcDbText
  0
LWPOLYLINE
  5
27A
330
17
100
AcDbEntity
  8
TEXT
370
15
420
7027999
100
AcDbPolyline
 90
2
 70
0
 10
940.0
 20
2325.0
 10
940.0
 20
2145.0
  0
HATCH
  5
27B
330
17
100
AcDbEntity
  8
TEXT
 62
7
420
7027999
100
AcDbHatch
 10
0.0
 20
0.0
 30
0.0
210
0.0
220
0.0
230
1.0
  2
SOLID
 70
1
 71
0
 91
1
 92
1
 93
1
 72
2
 10
940.0
 20
2325.0
 40
6.25
 50
0
 51
360
 73
1
 97
0
 75
1
 76
1
 98
0
  0
CIRCLE
  5
27C
330
17
100
AcDbEntity
  8
TEXT
370
13
420
7027999
100
AcDbCircle
 10
940.0
 20
2325.0
 30
0.0
 40
6.25
  0
TEXT
  5
27D
330
17
100
AcDbEntity
  8
TEXT
420
2060246
100
AcDbText
 10
596.4318094135801
 20
2575.0
 30
0.0
 40
37.5
  1
P08 В1 h550
  7
GOST
 11
596.4318094135801
 21
2575.0
 31
0.0
100
AcDbText
  0
LWPOLYLINE
  5
27E
330
17
100
AcDbEntity
  8
TEXT
370
15
420
2060246
100
AcDbPolyline
 90
2
 70
0
 10
760.0
 20
2325.0
 10
760.0
 20
2567.5
  0
HATCH
  5
27F
330
17
100
AcDbEntity
  8
TEXT
 62
7
420
2060246
100
AcDbHatch
 10
0.0
 20
0.0
 30
0.0
210
0.0
220
0.0
230
1.0
  2
SOLID
 70
1
 71
0
 91
1
 92
1
 93
1
 72
2
 10
760.0
 20
2325.0
 40
6.25
 50
0
 51
360
 73
1
 97
0
 75
1
 76
1
 98
0
  0
CIRCLE
  5
280
330
17
100
AcDbEntity
  8
TEXT
370
13
420
2060246
100
AcDbCircle
 10
760.0
 20
2325.0
 30
0.0
 40
6.25
  0
TEXT
  5
281
330
17
100
AcDbEntity
  8
TEXT
420
2060246
100
AcDbText
 10
3000.0
 20
2556.25
 30
0.0
 40
37.5
  1
P09 В1 h500
  7
GOST
 11
3000.0
 21
2556.25
 31
0.0
100
AcDbText
  0
TEXT
  5
282
330
17
100
AcDbEntity
  8
TEXT
420
14034728
100
AcDbText
 10
2978.033008588991
 20
2728.033008588991
 30
0.0
 40
37.5
  1
P09 Т3 h500
  7
GOST
 11
2978.033008588991
 21
2728.033008588991
 31
0.0
100
AcDbText
  0
TEXT
  5
283
330
17
100
AcDbEntity
  8
TEXT
420
7027999
100
AcDbText
 10
2978.033008588991
 20
2828.033008588991
 30
0.0
 40
37.5
  1
P09 К1 h450
  7
GOST
 11
2978.033008588991
 21
2828.033008588991
 31
0.0
100
AcDbText
  0
TEXT
  5
284
330
17
100
AcDbEntity
  8
TEXT
420
2060246
100
AcDbText
 10
3376.431809413581
 20
2512.5
 30
0.0
 40
37.5
  1
P10 В1 h600
  7
GOST
 11
3376.431809413581
 21
2512.5
 31
0.0
100
AcDbText
  0
LWPOLYLINE
  5
285
330
17
100
AcDbEntity
  8
TEXT
370
15
420
2060246
100
AcDbPolyline
 90
2
 70
0
 10
3540.0000000000005
 20
2325.0
 10
3540.0000000000005
 20
2505.0
  0
HATCH
  5
286
330
17
100
AcDbEntity
  8
TEXT
 62
7
420
2060246
100
AcDbHatch
 10
0.0
 20
0.0
 30
0.0
210
0.0
220
0.0
230
1.0
  2
SOLID
 70
1
 71
0
 91
1
 92
1
 93
1
 72
2
 10
3540.0000000000005
 20
2325.0
 40
6.25
 50
0
 51
360
 73
1
 97
0
 75
1
 76
1
 98
0
  0
CIRCLE
  5
287
330
17
100
AcDbEntity
  8
TEXT
370
13
420
2060246
100
AcDbCircle
 10
3540.0000000000005
 20
2325.0
 30
0.0
 40
6.25
  0
TEXT
  5
288
330
17
100
AcDbEntity
  8
TEXT
420
7027999
100
AcDbText
 10
3752.5825214724778
 20
2457.5825214724778
 30
0.0
 40
37.5
  1
P10 К1 h600
  7
GOST
 11
3752.5825214724778
 21
2457.5825214724778
 31
0.0
100
AcDbText
  0
LWPOLYLINE
  5
289
330
17
100
AcDbEntity
  8
TEXT
370
15
420
7027999
100
AcDbPolyline
 90
2
 70
0
 10
3620.0000000000005
 20
2325.0
 10
3745.0825214724773
 20
2450.0825214724778
  0
HATCH
  5
28A
330
17
100
AcDbEntity
  8
TEXT
 62
7
420
7027999
100
AcDbHatch
 10
0.0
 20
0.0
 30
0.0
210
0.0
220
0.0
230
1.0
  2
SOLID
 70
1
 71
0
 91
1
 92
1
 93
1
 72
2
 10
3620.0000000000005
 20
2325.0
 40
6.25
 50
0
 51
360
 73
1
 97
0
 75
1
 76
1
 98
0
  0
CIRCLE
  5
28B
330
17
100
AcDbEntity
  8
TEXT
370
13
420
7027999
100
AcDbCircle
 10
3620.0000000000005
 20
2325.0
 30
0.0
 40
6.25
  0
TEXT
  5
28C
330
17
100
AcDbEntity
  8
TEXT
420
7027999
100
AcDbText
 10
3455.8169367283954
 20
2100.0
 30
0.0
 40
37.5
  1
P11 К1 h600
  7
GOST
 11
3455.8169367283954
 21
2100.0
 31
0.0
100
AcDbText
  0
LWPOLYLINE
  5
28D
330
17
100
AcDbEntity
  8
TEXT
370
15
420
7027999
100
AcDbPolyline
 90
2
 70
0
 10
3620.0000000000005
 20
2325.0
 10
3620.0000000000005
 20
2145.0
  0
HATCH
  5
28E
330
17
100
AcDbEntity
  8
TEXT
 62
7
420
7027999
100
AcDbHatch
 10
0.0
 20
0.0
 30
0.0
210
0.0
220
0.0
230
1.0
  2
SOLID
 70
1
 71
0
 91
1
 92
1
 93
1
 72
2
 10
3620.0000000000005
 20
2325.0
 40
6.25
 50
0
 51
360
 73
1
 97
0
 75
1
 76
1
 98
0
  0
CIRCLE
  5
28F
330
17
100
AcDbEntity
  8
TEXT
370
13
420
7027999
100
AcDbCircle
 10
3620.0000000000005
 20
2325.0
 30
0.0
 40
6.25
  0
TEXT
  5
290
330
17
100
AcDbEntity
  8
TEXT
420
2060246
100
AcDbText
 10
2645.3226273148152
 20
2900.0
 30
0.0
 40
37.5
  1
P12 В1 загл.
  7
GOST
 11
2645.3226273148152
 21
2900.0
 31
0.0
100
AcDbText
  0
TEXT
  5
291
330
17
100
AcDbEntity
  8
TEXT
420
7027999
100
AcDbText
 10
3021.6388139626224
 20
2110.7233047033633
 30
0.0
 40
37.5
  1
P12 К1 загл.
  7
GOST
 11
3021.6388139626224
 21
2110.7233047033633
 31
0.0
100
AcDbText
  0
LWPOLYLINE
  5
292
330
17
100
AcDbEntity
  8
TEXT
370
15
420
7027999
100
AcDbPolyline
 90
2
 70
0
 10
3529.0
 20
2325.0
 10
3359.7233047033633
 20
2155.723304703363
  0
HATCH
  5
293
330
17
100
AcDbEntity
  8
TEXT
 62
7
420
7027999
100
AcDbHatch
 10
0.0
 20
0.0
 30
0.0
210
0.0
220
0.0
230
1.0
  2
SOLID
 70
1
 71
0
 91
1
 92
1
 93
1
 72
2
 10
3529.0
 20
2325.0
 40
6.25
 50
0
 51
360
 73
1
 97
0
 75
1
 76
1
 98
0
  0
CIRCLE
  5
294
330
17
100
AcDbEntity
  8
TEXT
370
13
420
7027999
100
AcDbCircle
 10
3529.0
 20
2325.0
 30
0.0
 40
6.25
  0
HATCH
  5
295
330
17
100
AcDbEntity
  8
VK
 62
7
420
16771496
100
AcDbHatch
 10
0.0
 20
0.0
 30
0.0
210
0.0
220
0.0
230
1.0
  2
SOLID
 70
1
 71
0
 91
1
 92
3
 72
0
 73
1
 93
4
 10
5360.0
 20
7925.0
 10
5440.0
 20
7925.0
 10
5440.0
 20
8005.000000000001
 10
5360.0
 20
8005.000000000001
 97
0
 75
1
 76
1
 98
0
  0
LWPOLYLINE
  5
296
330
17
100
AcDbEntity
  8
VK
 62
7
370
30
100
AcDbPolyline
 90
4
 70
1
 10
5360.0
 20
7925.0
 10
5440.0
 20
7925.0
 10
5440.0
 20
8005.000000000001
 10
5360.0
 20
8005.000000000001
  0
TEXT
  5
297
330
17
100
AcDbEntity
  8
TEXT
 62
7
100
AcDbText
 10
5475.0
 20
8040.000000000001
 30
0.0
 40
40.0
  1
N1
  7
GOST
 11
5475.0
 21
8040.000000000001
 31
0.0
100
AcDbText
  0
LWPOLYLINE
  5
298
330
17
100
AcDbEntity
  8
TEXT
 62
7
370
15
100
AcDbPolyline
 90
2
 70
0
 10
5400.0
 20
7965.000000000001
 10
5475.0
 20
8040.000000000001
  0
HATCH
  5
299
330
17
100
AcDbEntity
  8
VK
 62
7
420
16771496
100
AcDbHatch
 10
0.0
 20
0.0
 30
0.0
210
0.0
220
0.0
230
1.0
  2
SOLID
 70
1
 71
0
 91
1
 92
3
 72
0
 73
1
 93
4
 10
2770.0000000000005
 20
2785.0
 10
2850.0
 20
2785.0
 10
2850.0
 20
2865.0
 10
2770.0000000000005
 20
2865.0
 97
0
 75
1
 76
1
 98
0
  0
LWPOLYLINE
  5
29A
330
17
100
AcDbEntity
  8
VK
 62
7
370
30
100
AcDbPolyline
 90
4
 70
1
 10
2770.0000000000005
 20
2785.0
 10
2850.0
 20
2785.0
 10
2850.0
 20
2865.0
 10
2770.0000000000005
 20
2865.0
  0
TEXT
  5
29B
330
17
100
AcDbEntity
  8
TEXT
 62
7
100
AcDbText
 10
2674.8939461435193
 20
2731.966991411009
 30
0.0
 40
40.0
  1
N2
  7
GOST
 11
2674.8939461435193
 21
2731.966991411009
 31
0.0
100
AcDbText
  0
TEXT
  5
29C
330
17
100
AcDbEntity
  8
TEXT
420
2051740
100
AcDbText
 10
5588.759940952677
 20
7109.867965644035
 30
0.0
 40
36.00000000000001
  1
VK-C1
  7
GOST
 11
5588.759940952677
 21
7109.867965644035
 31
0.0
100
AcDbText
  0
LWPOLYLINE
  5
29D
330
17
100
AcDbEntity
  8
TEXT
370
15
420
2051740
100
AcDbPolyline
 90
2
 70
0
 10
5943.5
 20
7358.0
 10
5738.867965644036
 20
7153.367965644035
  0
HATCH
  5
29E
330
17
100
AcDbEntity
  8
TEXT
 62
7
420
2051740
100
AcDbHatch
 10
0.0
 20
0.0
 30
0.0
210
0.0
220
0.0
230
1.0
  2
SOLID
 70
1
 71
0
 91
1
 92
1
 93
1
 72
2
 10
5943.5
 20
7358.0
 40
6.25
 50
0
 51
360
 73
1
 97
0
 75
1
 76
1
 98
0
  0
CIRCLE
  5
29F
330
17
100
AcDbEntity
  8
TEXT
370
13
420
2051740
100
AcDbCircle
 10
5943.5
 20
7358.0
 30
0.0
 40
6.25
  0
TEXT
  5
2A0
330
17
100
AcDbEntity
  8
TEXT
420
2051740
100
AcDbText
 10
5277.0
 20
8078.5
 30
0.0
 40
36.00000000000001
  1
VK-C2
  7
GOST
 11
5277.0
 21
8078.5
 31
0.0
100
AcDbText
  0
LWPOLYLINE
  5
2A1
330
17
100
AcDbEntity
  8
TEXT
370
15
420
2051740
100
AcDbPolyline
 90
2
 70
0
 10
5202.0
 20
8003.5
 10
5277.0
 20
8078.5
  0
TEXT
  5
2A2
330
17
100
AcDbEntity
  8
TEXT
420
2051740
100
AcDbText
 10
4125.5
 20
8066.0
 30
0.0
 40
36.00000000000001
  1
VK-C3
  7
GOST
 11
4125.5
 21
8066.0
 31
0.0
100
AcDbText
  0
LWPOLYLINE
  5
2A3
330
17
100
AcDbEntity
  8
TEXT
370
15
420
2051740
100
AcDbPolyline
 90
2
 70
0
 10
4050.5000000000005
 20
7991.0
 10
4125.5
 20
8066.0
  0
HATCH
  5
2A4
330
17
100
AcDbEntity
  8
EL-LOW
 62
7
420
16777215
100
AcDbHatch
 10
0.0
 20
0.0
 30
0.0
210
0.0
220
0.0
230
1.0
  2
SOLID
 70
1
 71
0
 91
1
 92
3
 72
0
 73
1
 93
4
 10
1209.4907407407406
 20
2596.25
 10
1290.5092592592594
 20
2596.25
 10
1290.5092592592594
 20
2653.75
 10
1209.4907407407406
 20
2653.75
 97
0
 75
1
 76
1
 98
0
  0
LWPOLYLINE
  5
2A5
330
17
100
AcDbEntity
  8
EL-LOW
370
25
420
1998130
100
AcDbPolyline
 90
4
 70
1
 10
1209.4907407407406
 20
2596.25
 10
1290.5092592592594
 20
2596.25
 10
1290.5092592592594
 20
2653.75
 10
1209.4907407407406
 20
2653.75
  0
TEXT
  5
2A6
330
17
100
AcDbEntity
  8
EL-LOW
420
1998130
100
AcDbText
 10
1250.0
 20
2611.25
 30
0.0
 40
27.500000000000004
  1
ДП
  7
GOST
 72
1
 11
1250.0
 21
2611.25
 31
0.0
100
AcDbText
  0
HATCH
  5
2A7
330
17
100
AcDbEntity
  8
EL-LOW
 62
7
420
16777215
100
AcDbHatch
 10
0.0
 20
0.0
 30
0.0
210
0.0
220
0.0
230
1.0
  2
SOLID
 70
1
 71
0
 91
1
 92
3
 72
0
 73
1
 93
4
 10
5759.490740740741
 20
6546.249999999999
 10
5840.509259259259
 20
6546.249999999999
 10
5840.509259259259
 20
6603.750000000001
 10
5759.490740740741
 20
6603.750000000001
 97
0
 75
1
 76
1
 98
0
  0
LWPOLYLINE
  5
2A8
330
17
100
AcDbEntity
  8
EL-LOW
370
25
420
1998130
100
AcDbPolyline
 90
4
 70
1
 10
5759.490740740741
 20
6546.249999999999
 10
5840.509259259259
 20
6546.249999999999
 10
5840.509259259259
 20
6603.750000000001
 10
5759.490740740741
 20
6603.750000000001
  0
TEXT
  5
2A9
330
17
100
AcDbEntity
  8
EL-LOW
420
1998130
100
AcDbText
 10
5800.0
 20
6561.25
 30
0.0
 40
27.500000000000004
  1
ДП
  7
GOST
 72
1
 11
5800.0
 21
6561.25
 31
0.0
100
AcDbText
  0
HATCH
  5
2AA
330
17
100
AcDbEntity
  8
EL-LOW
 62
7
420
16777215
100
AcDbHatch
 10
0.0
 20
0.0
 30
0.0
210
0.0
220
0.0
230
1.0
  2
SOLID
 70
1
 71
0
 91
1
 92
3
 72
0
 73
1
 93
4
 10
4009.4907407407404
 20
7746.249999999999
 10
4090.5092592592596
 20
7746.249999999999
 10
4090.5092592592596
 20
7803.750000000001
 10
4009.4907407407404
 20
7803.750000000001
 97
0
 75
1
 76
1
 98
0
  0
LWPOLYLINE
  5
2AB
330
17
100
AcDbEntity
  8
EL-LOW
370
25
420
1998130
100
AcDbPolyline
 90
4
 70
1
 10
4009.4907407407404
 20
7746.249999999999
 10
4090.5092592592596
 20
7746.249999999999
 10
4090.5092592592596
 20
7803.750000000001
 10
4009.4907407407404
 20
7803.750000000001
  0
TEXT
  5
2AC
330
17
100
AcDbEntity
  8
EL-LOW
420
1998130
100
AcDbText
 10
4050.0
 20
7761.25
 30
0.0
 40
27.500000000000004
  1
ДП
  7
GOST
 72
1
 11
4050.0
 21
7761.25
 31
0.0
100
AcDbText
  0
HATCH
  5
2AD
330
17
100
AcDbEntity
  8
EL-LOW
 62
7
420
16777215
100
AcDbHatch
 10
0.0
 20
0.0
 30
0.0
210
0.0
220
0.0
230
1.0
  2
SOLID
 70
1
 71
0
 91
1
 92
3
 72
0
 73
1
 93
4
 10
5309.490740740741
 20
7796.249999999999
 10
5390.509259259259
 20
7796.249999999999
 10
5390.509259259259
 20
7853.750000000001
 10
5309.490740740741
 20
7853.750000000001
 97
0
 75
1
 76
1
 98
0
  0
LWPOLYLINE
  5
2AE
330
17
100
AcDbEntity
  8
EL-LOW
370
25
420
1998130
100
AcDbPolyline
 90
4
 70
1
 10
5309.490740740741
 20
7796.249999999999
 10
5390.509259259259
 20
7796.249999999999
 10
5390.509259259259
 20
7853.750000000001
 10
5309.490740740741
 20
7853.750000000001
  0
TEXT
  5
2AF
330
17
100
AcDbEntity
  8
EL-LOW
420
1998130
100
AcDbText
 10
5350.0
 20
7811.25
 30
0.0
 40
27.500000000000004
  1
ДП
  7
GOST
 72
1
 11
5350.0
 21
7811.25
 31
0.0
100
AcDbText
  0
HATCH
  5
2B0
330
17
100
AcDbEntity
  8
EL-LOW
 62
7
420
16777215
100
AcDbHatch
 10
0.0
 20
0.0
 30
0.0
210
0.0
220
0.0
230
1.0
  2
SOLID
 70
1
 71
0
 91
1
 92
3
 72
0
 73
1
 93
4
 10
3909.4907407407404
 20
2896.25
 10
3990.5092592592596
 20
2896.25
 10
3990.5092592592596
 20
2953.75
 10
3909.4907407407404
 20
2953.75
 97
0
 75
1
 76
1
 98
0
  0
LWPOLYLINE
  5
2B1
330
17
100
AcDbEntity
  8
EL-LOW
370
25
420
1998130
100
AcDbPolyline
 90
4
 70
1
 10
3909.4907407407404
 20
2896.25
 10
3990.5092592592596
 20
2896.25
 10
3990.5092592592596
 20
2953.75
 10
3909.4907407407404
 20
2953.75
  0
TEXT
  5
2B2
330
17
100
AcDbEntity
  8
EL-LOW
420
1998130
100
AcDbText
 10
3950.0
 20
2911.25
 30
0.0
 40
27.500000000000004
  1
ДП
  7
GOST
 72
1
 11
3950.0
 21
2911.25
 31
0.0
100
AcDbText
  0
HATCH
  5
2B3
330
17
100
AcDbEntity
  8
EL-LOW
 62
7
420
16777215
100
AcDbHatch
 10
0.0
 20
0.0
 30
0.0
210
0.0
220
0.0
230
1.0
  2
SOLID
 70
1
 71
0
 91
1
 92
3
 72
0
 73
1
 93
4
 10
3109.490740740741
 20
2596.25
 10
3190.509259259259
 20
2596.25
 10
3190.509259259259
 20
2653.75
 10
3109.490740740741
 20
2653.75
 97
0
 75
1
 76
1
 98
0
  0
LWPOLYLINE
  5
2B4
330
17
100
AcDbEntity
  8
EL-LOW
370
25
420
1998130
100
AcDbPolyline
 90
4
 70
1
 10
3109.490740740741
 20
2596.25
 10
3190.509259259259
 20
2596.25
 10
3190.509259259259
 20
2653.75
 10
3109.490740740741
 20
2653.75
  0
TEXT
  5
2B5
330
17
100
AcDbEntity
  8
EL-LOW
420
1998130
100
AcDbText
 10
3150.0
 20
2611.25
 30
0.0
 40
27.500000000000004
  1
ДП
  7
GOST
 72
1
 11
3150.0
 21
2611.25
 31
0.0
100
AcDbText
  0
HATCH
  5
2B6
330
17
100
AcDbEntity
  8
EL-LOW
 62
7
420
16777215
100
AcDbHatch
 10
0.0
 20
0.0
 30
0.0
210
0.0
220
0.0
230
1.0
  2
SOLID
 70
1
 71
0
 91
1
 92
3
 72
0
 73
1
 93
4
 10
2779.490740740741
 20
3996.25
 10
2860.509259259259
 20
3996.25
 10
2860.509259259259
 20
4053.75
 10
2779.490740740741
 20
4053.75
 97
0
 75
1
 76
1
 98
0
  0
LWPOLYLINE
  5
2B7
330
17
100
AcDbEntity
  8
EL-LOW
370
25
420
1998130
100
AcDbPolyline
 90
4
 70
1
 10
2779.490740740741
 20
3996.25
 10
2860.509259259259
 20
3996.25
 10
2860.509259259259
 20
4053.75
 10
2779.490740740741
 20
4053.75
  0
TEXT
  5
2B8
330
17
100
AcDbEntity
  8
EL-LOW
420
1998130
100
AcDbText
 10
2820.0
 20
4011.2499999999995
 30
0.0
 40
27.500000000000004
  1
ДП
  7
GOST
 72
1
 11
2820.0
 21
4011.2499999999995
 31
0.0
100
AcDbText
  0
LWPOLYLINE
  5
2B9
330
17
100
AcDbEntity
  8
TEXT
  6
DASHDOT
370
15
 48
75.0
420
10066329
100
AcDbPolyline
 90
4
 70
1
 10
600.0
 20
2175.0
 10
4450.0
 20
2175.0
 10
4450.0
 20
4425.0
 10
600.0
 20
4425.0
  0
TEXT
  5
2BA
330
17
100
AcDbEntity
  8
TEXT
 62
7
100
AcDbText
 10
4600.0
 20
7147.499999999999
 30
0.0
 40
62.5
  1
Канализация: уклоны и отметки лотка (мм от УЧП)
  7
GOST
 11
4600.0
 21
7147.499999999999
 31
0.0
100
AcDbText
  0
HATCH
  5
2BB
330
17
100
AcDbEntity
  8
TEXT
 62
7
420
15132390
100
AcDbHatch
 10
0.0
 20
0.0
 30
0.0
210
0.0
220
0.0
230
1.0
  2
SOLID
 70
1
 71
0
 91
1
 92
3
 72
0
 73
1
 93
4
 10
4600.0
 20
7005.0
 10
7775.0
 20
7005.0
 10
7775.0
 20
7107.5
 10
4600.0
 20
7107.5
 97
0
 75
1
 76
1
 98
0
  0
LWPOLYLINE
  5
2BC
330
17
100
AcDbEntity
  8
TEXT
 62
7
370
25
100
AcDbPolyline
 90
4
 70
1
 10
4600.0
 20
7005.0
 10
7775.0
 20
7005.0
 10
7775.0
 20
7107.5
 10
4600.0
 20
7107.5
  0
LWPOLYLINE
  5
2BD
330
17
100
AcDbEntity
  8
TEXT
 62
7
370
15
100
AcDbPolyline
 90
2
 70
0
 10
4600.0
 20
7107.5
 10
4600.0
 20
7005.0
  0
TEXT
  5
2BE
330
17
100
AcDbEntity
  8
TEXT
 62
7
100
AcDbText
 10
4620.0
 20
7050.0
 30
0.0
 40
32.5
  1
Уч.
  7
GOST
 11
4620.0
 21
7050.0
 31
0.0
100
AcDbText
  0
LWPOLYLINE
  5
2BF
330
17
100
AcDbEntity
  8
TEXT
 62
7
370
15
100
AcDbPolyline
 90
2
 70
0
 10
4800.0
 20
7107.5
 10
4800.0
 20
7005.0
  0
TEXT
  5
2C0
330
17
100
AcDbEntity
  8
TEXT
 62
7
100
AcDbText
 10
4820.0
 20
7050.0
 30
0.0
 40
32.5
  1
Прибор / трасса
  7
GOST
 11
4820.0
 21
7050.0
 31
0.0
100
AcDbText
  0
LWPOLYLINE
  5
2C1
330
17
100
AcDbEntity
  8
TEXT
 62
7
370
15
100
AcDbPolyline
 90
2
 70
0
 10
5950.0
 20
7107.5
 10
5950.0
 20
7005.0
  0
TEXT
  5
2C2
330
17
100
AcDbEntity
  8
TEXT
 62
7
100
AcDbText
 10
5970.0
 20
7050.0
 30
0.0
 40
32.5
  1
Стояк
  7
GOST
 11
5970.0
 21
7050.0
 31
0.0
100
AcDbText
  0
LWPOLYLINE
  5
2C3
330
17
100
AcDbEntity
  8
TEXT
 62
7
370
15
100
AcDbPolyline
 90
2
 70
0
 10
6175.0
 20
7107.5
 10
6175.0
 20
7005.0
  0
TEXT
  5
2C4
330
17
100
AcDbEntity
  8
TEXT
 62
7
100
AcDbText
 10
6195.0
 20
7050.0
 30
0.0
 40
32.5
  1
Ø
  7
GOST
 11
6195.0
 21
7050.0
 31
0.0
100
AcDbText
  0
LWPOLYLINE
  5
2C5
330
17
100
AcDbEntity
  8
TEXT
 62
7
370
15
100
AcDbPolyline
 90
2
 70
0
 10
6375.0
 20
7107.5
 10
6375.0
 20
7005.0
  0
TEXT
  5
2C6
330
17
100
AcDbEntity
  8
TEXT
 62
7
100
AcDbText
 10
6395.0
 20
7050.0
 30
0.0
 40
32.5
  1
i
  7
GOST
 11
6395.0
 21
7050.0
 31
0.0
100
AcDbText
  0
LWPOLYLINE
  5
2C7
330
17
100
AcDbEntity
  8
TEXT
 62
7
370
15
100
AcDbPolyline
 90
2
 70
0
 10
6600.0
 20
7107.5
 10
6600.0
 20
7005.0
  0
TEXT
  5
2C8
330
17
100
AcDbEntity
  8
TEXT
 62
7
100
AcDbText
 10
6620.0
 20
7050.0
 30
0.0
 40
32.5
  1
L, м
  7
GOST
 11
6620.0
 21
7050.0
 31
0.0
100
AcDbText
  0
LWPOLYLINE
  5
2C9
330
17
100
AcDbEntity
  8
TEXT
 62
7
370
15
100
AcDbPolyline
 90
2
 70
0
 10
6825.0
 20
7107.5
 10
6825.0
 20
7005.0
  0
TEXT
  5
2CA
330
17
100
AcDbEntity
  8
TEXT
 62
7
100
AcDbText
 10
6845.0
 20
7050.0
 30
0.0
 40
32.5
  1
Δh
  7
GOST
 11
6845.0
 21
7050.0
 31
0.0
100
AcDbText
  0
LWPOLYLINE
  5
2CB
330
17
100
AcDbEntity
  8
TEXT
 62
7
370
15
100
AcDbPolyline
 90
2
 70
0
 10
7050.0
 20
7107.5
 10
7050.0
 20
7005.0
  0
TEXT
  5
2CC
330
17
100
AcDbEntity
  8
TEXT
 62
7
100
AcDbText
 10
7070.0
 20
7050.0
 30
0.0
 40
32.5
  1
z нач.
  7
GOST
 11
7070.0
 21
7050.0
 31
0.0
100
AcDbText
  0
LWPOLYLINE
  5
2CD
330
17
100
AcDbEntity
  8
TEXT
 62
7
370
15
100
AcDbPolyline
 90
2
 70
0
 10
7325.0
 20
7107.5
 10
7325.0
 20
7005.0
  0
TEXT
  5
2CE
330
17
100
AcDbEntity
  8
TEXT
 62
7
100
AcDbText
 10
7345.0
 20
7050.0
 30
0.0
 40
32.5
  1
z кон.
  7
GOST
 11
7345.0
 21
7050.0
 31
0.0
100
AcDbText
  0
LWPOLYLINE
  5
2CF
330
17
100
AcDbEntity
  8
TEXT
 62
7
370
15
100
AcDbPolyline
 90
2
 70
0
 10
7575.0
 20
7107.5
 10
7575.0
 20
7005.0
  0
TEXT
  5
2D0
330
17
100
AcDbEntity
  8
TEXT
 62
7
100
AcDbText
 10
7595.0
 20
7050.0
 30
0.0
 40
32.5
  1
OK
  7
GOST
 11
7595.0
 21
7050.0
 31
0.0
100
AcDbText
  0
LWPOLYLINE
  5
2D1
330
17
100
AcDbEntity
  8
TEXT
 62
7
370
15
100
AcDbPolyline
 90
2
 70
0
 10
7775.0
 20
7107.5
 10
7775.0
 20
7005.0
  0
LWPOLYLINE
  5
2D2
330
17
100
AcDbEntity
  8
TEXT
 62
7
370
15
100
AcDbPolyline
 90
4
 70
1
 10
4600.0
 20
6875.375
 10
7775.0
 20
6875.375
 10
7775.0
 20
7005.0
 10
4600.0
 20
7005.0
  0
LWPOLYLINE
  5
2D3
330
17
100
AcDbEntity
  8
TEXT
 62
7
370
15
100
AcDbPolyline
 90
2
 70
0
 10
4600.0
 20
7005.0
 10
4600.0
 20
6875.375
  0
TEXT
  5
2D4
330
17
100
AcDbEntity
  8
TEXT
 62
7
100
AcDbText
 10
4620.0
 20
6947.499999999999
 30
0.0
 40
32.5
  1
S1
  7
GOST
 11
4620.0
 21
6947.499999999999
 31
0.0
100
AcDbText
  0
LWPOLYLINE
  5
2D5
330
17
100
AcDbEntity
  8
TEXT
 62
7
370
15
100
AcDbPolyline
 90
2
 70
0
 10
4800.0
 20
7005.0
 10
4800.0
 20
6875.375
  0
TEXT
  5
2D6
330
17
100
AcDbEntity
  8
TEXT
 62
7
100
AcDbText
 10
4820.0
 20
6947.499999999999
 30
0.0
 40
32.5
  1
P04 душ: низкий линейный трап у облицовки
  7
GOST
 11
4820.0
 21
6947.499999999999
 31
0.0
100
AcDbText
  0
TEXT
  5
2D7
330
17
100
AcDbEntity
  8
TEXT
 62
7
100
AcDbText
 10
4820.0
 20
6900.375
 30
0.0
 40
32.5
  1
W14 (выпуск у сев…
  7
GOST
 11
4820.0
 21
6900.375
 31
0.0
100
AcDbText
  0
LWPOLYLINE
  5
2D8
330
17
100
AcDbEntity
  8
TEXT
 62
7
370
15
100
AcDbPolyline
 90
2
 70
0
 10
5950.0
 20
7005.0
 10
5950.0
 20
6875.375
  0
TEXT
  5
2D9
330
17
100
AcDbEntity
  8
TEXT
 62
7
100
AcDbText
 10
5970.0
 20
6947.499999999999
 30
0.0
 40
32.5
  1
U6
  7
GOST
 11
5970.0
 21
6947.499999999999
 31
0.0
100
AcDbText
  0
LWPOLYLINE
  5
2DA
330
17
100
AcDbEntity
  8
TEXT
 62
7
370
15
100
AcDbPolyline
 90
2
 70
0
 10
6175.0
 20
7005.0
 10
6175.0
 20
6875.375
  0
TEXT
  5
2DB
330
17
100
AcDbEntity
  8
TEXT
 62
7
100
AcDbText
 10
6195.0
 20
6947.499999999999
 30
0.0
 40
32.5
  1
50
  7
GOST
 11
6195.0
 21
6947.499999999999
 31
0.0
100
AcDbText
  0
LWPOLYLINE
  5
2DC
330
17
100
AcDbEntity
  8
TEXT
 62
7
370
15
100
AcDbPolyline
 90
2
 70
0
 10
6375.0
 20
7005.0
 10
6375.0
 20
6875.375
  0
TEXT
  5
2DD
330
17
100
AcDbEntity
  8
TEXT
 62
7
100
AcDbText
 10
6395.0
 20
6947.499999999999
 30
0.0
 40
32.5
  1
0.02
  7
GOST
 11
6395.0
 21
6947.499999999999
 31
0.0
100
AcDbText
  0
LWPOLYLINE
  5
2DE
330
17
100
AcDbEntity
  8
TEXT
 62
7
370
15
100
AcDbPolyline
 90
2
 70
0
 10
6600.0
 20
7005.0
 10
6600.0
 20
6875.375
  0
TEXT
  5
2DF
330
17
100
AcDbEntity
  8
TEXT
 62
7
100
AcDbText
 10
6620.0
 20
6947.499999999999
 30
0.0
 40
32.5
  1
0.26
  7
GOST
 11
6620.0
 21
6947.499999999999
 31
0.0
100
AcDbText
  0
LWPOLYLINE
  5
2E0
330
17
100
AcDbEntity
  8
TEXT
 62
7
370
15
100
AcDbPolyline
 90
2
 70
0
 10
6825.0
 20
7005.0
 10
6825.0
 20
6875.375
  0
TEXT
  5
2E1
330
17
100
AcDbEntity
  8
TEXT
 62
7
100
AcDbText
 10
6845.0
 20
6947.499999999999
 30
0.0
 40
32.5
  1
5.3
  7
GOST
 11
6845.0
 21
6947.499999999999
 31
0.0
100
AcDbText
  0
LWPOLYLINE
  5
2E2
330
17
100
AcDbEntity
  8
TEXT
 62
7
370
15
100
AcDbPolyline
 90
2
 70
0
 10
7050.0
 20
7005.0
 10
7050.0
 20
6875.375
  0
TEXT
  5
2E3
330
17
100
AcDbEntity
  8
TEXT
 62
7
100
AcDbText
 10
7070.0
 20
6947.499999999999
 30
0.0
 40
32.5
  1
-12.7
  7
GOST
 11
7070.0
 21
6947.499999999999
 31
0.0
100
AcDbText
  0
LWPOLYLINE
  5
2E4
330
17
100
AcDbEntity
  8
TEXT
 62
7
370
15
100
AcDbPolyline
 90
2
 70
0
 10
7325.0
 20
7005.0
 10
7325.0
 20
6875.375
  0
TEXT
  5
2E5
330
17
100
AcDbEntity
  8
TEXT
 62
7
100
AcDbText
 10
7345.0
 20
6947.499999999999
 30
0.0
 40
32.5
  1
-18
  7
GOST
 11
7345.0
 21
6947.499999999999
 31
0.0
100
AcDbText
  0
LWPOLYLINE
  5
2E6
330
17
100
AcDbEntity
  8
TEXT
 62
7
370
15
100
AcDbPolyline
 90
2
 70
0
 10
7575.0
 20
7005.0
 10
7575.0
 20
6875.375
  0
TEXT
  5
2E7
330
17
100
AcDbEntity
  8
TEXT
 62
7
100
AcDbText
 10
7595.0
 20
6947.499999999999
 30
0.0
 40
32.5
  1
да
  7
GOST
 11
7595.0
 21
6947.499999999999
 31
0.0
100
AcDbText
  0
LWPOLYLINE
  5
2E8
330
17
100
AcDbEntity
  8
TEXT
 62
7
370
15
100
AcDbPolyline
 90
2
 70
0
 10
7775.0
 20
7005.0
 10
7775.0
 20
6875.375
  0
LWPOLYLINE
  5
2E9
330
17
100
AcDbEntity
  8
TEXT
 62
7
370
15
100
AcDbPolyline
 90
4
 70
1
 10
4600.0
 20
6745.75
 10
7775.0
 20
6745.75
 10
7775.0
 20
6875.375
 10
4600.0
 20
6875.375
  0
LWPOLYLINE
  5
2EA
330
17
100
AcDbEntity
  8
TEXT
 62
7
370
15
100
AcDbPolyline
 90
2
 70
0
 10
4600.0
 20
6875.375
 10
4600.0
 20
6745.75
  0
TEXT
  5
2EB
330
17
100
AcDbEntity
  8
TEXT
 62
7
100
AcDbText
 10
4620.0
 20
6817.874999999999
 30
0.0
 40
32.5
  1
S2
  7
GOST
 11
4620.0
 21
6817.874999999999
 31
0.0
100
AcDbText
  0
LWPOLYLINE
  5
2EC
330
17
100
AcDbEntity
  8
TEXT
 62
7
370
15
100
AcDbPolyline
 90
2
 70
0
 10
4800.0
 20
6875.375
 10
4800.0
 20
6745.75
  0
TEXT
  5
2ED
330
17
100
AcDbEntity
  8
TEXT
 62
7
100
AcDbText
 10
4820.0
 20
6817.874999999999
 30
0.0
 40
32.5
  1
P03 ванна: сифон у правого торца (x≈7350) →
  7
GOST
 11
4820.0
 21
6817.874999999999
 31
0.0
100
AcDbText
  0
TEXT
  5
2EE
330
17
100
AcDbEntity
  8
TEXT
 62
7
100
AcDbText
 10
4820.0
 20
6770.75
 30
0.0
 40
32.5
  1
под ванной → в …
  7
GOST
 11
4820.0
 21
6770.75
 31
0.0
100
AcDbText
  0
LWPOLYLINE
  5
2EF
330
17
100
AcDbEntity
  8
TEXT
 62
7
370
15
100
AcDbPolyline
 90
2
 70
0
 10
5950.0
 20
6875.375
 10
5950.0
 20
6745.75
  0
TEXT
  5
2F0
330
17
100
AcDbEntity
  8
TEXT
 62
7
100
AcDbText
 10
5970.0
 20
6817.874999999999
 30
0.0
 40
32.5
  1
U6
  7
GOST
 11
5970.0
 21
6817.874999999999
 31
0.0
100
AcDbText
  0
LWPOLYLINE
  5
2F1
330
17
100
AcDbEntity
  8
TEXT
 62
7
370
15
100
AcDbPolyline
 90
2
 70
0
 10
6175.0
 20
6875.375
 10
6175.0
 20
6745.75
  0
TEXT
  5
2F2
330
17
100
AcDbEntity
  8
TEXT
 62
7
100
AcDbText
 10
6195.0
 20
6817.874999999999
 30
0.0
 40
32.5
  1
50
  7
GOST
 11
6195.0
 21
6817.874999999999
 31
0.0
100
AcDbText
  0
LWPOLYLINE
  5
2F3
330
17
100
AcDbEntity
  8
TEXT
 62
7
370
15
100
AcDbPolyline
 90
2
 70
0
 10
6375.0
 20
6875.375
 10
6375.0
 20
6745.75
  0
TEXT
  5
2F4
330
17
100
AcDbEntity
  8
TEXT
 62
7
100
AcDbText
 10
6395.0
 20
6817.874999999999
 30
0.0
 40
32.5
  1
0.02
  7
GOST
 11
6395.0
 21
6817.874999999999
 31
0.0
100
AcDbText
  0
LWPOLYLINE
  5
2F5
330
17
100
AcDbEntity
  8
TEXT
 62
7
370
15
100
AcDbPolyline
 90
2
 70
0
 10
6600.0
 20
6875.375
 10
6600.0
 20
6745.75
  0
TEXT
  5
2F6
330
17
100
AcDbEntity
  8
TEXT
 62
7
100
AcDbText
 10
6620.0
 20
6817.874999999999
 30
0.0
 40
32.5
  1
1.68
  7
GOST
 11
6620.0
 21
6817.874999999999
 31
0.0
100
AcDbText
  0
LWPOLYLINE
  5
2F7
330
17
100
AcDbEntity
  8
TEXT
 62
7
370
15
100
AcDbPolyline
 90
2
 70
0
 10
6825.0
 20
6875.375
 10
6825.0
 20
6745.75
  0
TEXT
  5
2F8
330
17
100
AcDbEntity
  8
TEXT
 62
7
100
AcDbText
 10
6845.0
 20
6817.874999999999
 30
0.0
 40
32.5
  1
33.7
  7
GOST
 11
6845.0
 21
6817.874999999999
 31
0.0
100
AcDbText
  0
LWPOLYLINE
  5
2F9
330
17
100
AcDbEntity
  8
TEXT
 62
7
370
15
100
AcDbPolyline
 90
2
 70
0
 10
7050.0
 20
6875.375
 10
7050.0
 20
6745.75
  0
TEXT
  5
2FA
330
17
100
AcDbEntity
  8
TEXT
 62
7
100
AcDbText
 10
7070.0
 20
6817.874999999999
 30
0.0
 40
32.5
  1
15.7
  7
GOST
 11
7070.0
 21
6817.874999999999
 31
0.0
100
AcDbText
  0
LWPOLYLINE
  5
2FB
330
17
100
AcDbEntity
  8
TEXT
 62
7
370
15
100
AcDbPolyline
 90
2
 70
0
 10
7325.0
 20
6875.375
 10
7325.0
 20
6745.75
  0
TEXT
  5
2FC
330
17
100
AcDbEntity
  8
TEXT
 62
7
100
AcDbText
 10
7345.0
 20
6817.874999999999
 30
0.0
 40
32.5
  1
-18
  7
GOST
 11
7345.0
 21
6817.874999999999
 31
0.0
100
AcDbText
  0
LWPOLYLINE
  5
2FD
330
17
100
AcDbEntity
  8
TEXT
 62
7
370
15
100
AcDbPolyline
 90
2
 70
0
 10
7575.0
 20
6875.375
 10
7575.0
 20
6745.75
  0
TEXT
  5
2FE
330
17
100
AcDbEntity
  8
TEXT
 62
7
100
AcDbText
 10
7595.0
 20
6817.874999999999
 30
0.0
 40
32.5
  1
да
  7
GOST
 11
7595.0
 21
6817.874999999999
 31
0.0
100
AcDbText
  0
LWPOLYLINE
  5
2FF
330
17
100
AcDbEntity
  8
TEXT
 62
7
370
15
100
AcDbPolyline
 90
2
 70
0
 10
7775.0
 20
6875.375
 10
7775.0
 20
6745.75
  0
LWPOLYLINE
  5
300
330
17
100
AcDbEntity
  8
TEXT
 62
7
370
15
100
AcDbPolyline
 90
4
 70
1
 10
4600.0
 20
6616.125
 10
7775.0
 20
6616.125
 10
7775.0
 20
6745.75
 10
4600.0
 20
6745.75
  0
LWPOLYLINE
  5
301
330
17
100
AcDbEntity
  8
TEXT
 62
7
370
15
100
AcDbPolyline
 90
2
 70
0
 10
4600.0
 20
6745.75
 10
4600.0
 20
6616.125
  0
TEXT
  5
302
330
17
100
AcDbEntity
  8
TEXT
 62
7
100
AcDbText
 10
4620.0
 20
6688.249999999999
 30
0.0
 40
32.5
  1
S3
  7
GOST
 11
4620.0
 21
6688.249999999999
 31
0.0
100
AcDbText
  0
LWPOLYLINE
  5
303
330
17
100
AcDbEntity
  8
TEXT
 62
7
370
15
100
AcDbPolyline
 90
2
 70
0
 10
4800.0
 20
6745.75
 10
4800.0
 20
6616.125
  0
TEXT
  5
304
330
17
100
AcDbEntity
  8
TEXT
 62
7
100
AcDbText
 10
4820.0
 20
6688.249999999999
 30
0.0
 40
32.5
  1
P01 унитаз подвесной (инсталляция, ось x
  7
GOST
 11
4820.0
 21
6688.249999999999
 31
0.0
100
AcDbText
  0
TEXT
  5
305
330
17
100
AcDbEntity
  8
TEXT
 62
7
100
AcDbText
 10
4820.0
 20
6641.125
 30
0.0
 40
32.5
  1
6250)
  7
GOST
 11
4820.0
 21
6641.125
 31
0.0
100
AcDbText
  0
LWPOLYLINE
  5
306
330
17
100
AcDbEntity
  8
TEXT
 62
7
370
15
100
AcDbPolyline
 90
2
 70
0
 10
5950.0
 20
6745.75
 10
5950.0
 20
6616.125
  0
TEXT
  5
307
330
17
100
AcDbEntity
  8
TEXT
 62
7
100
AcDbText
 10
5970.0
 20
6688.249999999999
 30
0.0
 40
32.5
  1
U6
  7
GOST
 11
5970.0
 21
6688.249999999999
 31
0.0
100
AcDbText
  0
LWPOLYLINE
  5
308
330
17
100
AcDbEntity
  8
TEXT
 62
7
370
15
100
AcDbPolyline
 90
2
 70
0
 10
6175.0
 20
6745.75
 10
6175.0
 20
6616.125
  0
TEXT
  5
309
330
17
100
AcDbEntity
  8
TEXT
 62
7
100
AcDbText
 10
6195.0
 20
6688.249999999999
 30
0.0
 40
32.5
  1
110
  7
GOST
 11
6195.0
 21
6688.249999999999
 31
0.0
100
AcDbText
  0
LWPOLYLINE
  5
30A
330
17
100
AcDbEntity
  8
TEXT
 62
7
370
15
100
AcDbPolyline
 90
2
 70
0
 10
6375.0
 20
6745.75
 10
6375.0
 20
6616.125
  0
TEXT
  5
30B
330
17
100
AcDbEntity
  8
TEXT
 62
7
100
AcDbText
 10
6395.0
 20
6688.249999999999
 30
0.0
 40
32.5
  1
0.02
  7
GOST
 11
6395.0
 21
6688.249999999999
 31
0.0
100
AcDbText
  0
LWPOLYLINE
  5
30C
330
17
100
AcDbEntity
  8
TEXT
 62
7
370
15
100
AcDbPolyline
 90
2
 70
0
 10
6600.0
 20
6745.75
 10
6600.0
 20
6616.125
  0
TEXT
  5
30D
330
17
100
AcDbEntity
  8
TEXT
 62
7
100
AcDbText
 10
6620.0
 20
6688.249999999999
 30
0.0
 40
32.5
  1
1.26
  7
GOST
 11
6620.0
 21
6688.249999999999
 31
0.0
100
AcDbText
  0
LWPOLYLINE
  5
30E
330
17
100
AcDbEntity
  8
TEXT
 62
7
370
15
100
AcDbPolyline
 90
2
 70
0
 10
6825.0
 20
6745.75
 10
6825.0
 20
6616.125
  0
TEXT
  5
30F
330
17
100
AcDbEntity
  8
TEXT
 62
7
100
AcDbText
 10
6845.0
 20
6688.249999999999
 30
0.0
 40
32.5
  1
25.3
  7
GOST
 11
6845.0
 21
6688.249999999999
 31
0.0
100
AcDbText
  0
LWPOLYLINE
  5
310
330
17
100
AcDbEntity
  8
TEXT
 62
7
370
15
100
AcDbPolyline
 90
2
 70
0
 10
7050.0
 20
6745.75
 10
7050.0
 20
6616.125
  0
TEXT
  5
311
330
17
100
AcDbEntity
  8
TEXT
 62
7
100
AcDbText
 10
7070.0
 20
6688.249999999999
 30
0.0
 40
32.5
  1
7.3
  7
GOST
 11
7070.0
 21
6688.249999999999
 31
0.0
100
AcDbText
  0
LWPOLYLINE
  5
312
330
17
100
AcDbEntity
  8
TEXT
 62
7
370
15
100
AcDbPolyline
 90
2
 70
0
 10
7325.0
 20
6745.75
 10
7325.0
 20
6616.125
  0
TEXT
  5
313
330
17
100
AcDbEntity
  8
TEXT
 62
7
100
AcDbText
 10
7345.0
 20
6688.249999999999
 30
0.0
 40
32.5
  1
-18
  7
GOST
 11
7345.0
 21
6688.249999999999
 31
0.0
100
AcDbText
  0
LWPOLYLINE
  5
314
330
17
100
AcDbEntity
  8
TEXT
 62
7
370
15
100
AcDbPolyline
 90
2
 70
0
 10
7575.0
 20
6745.75
 10
7575.0
 20
6616.125
  0
TEXT
  5
315
330
17
100
AcDbEntity
  8
TEXT
 62
7
100
AcDbText
 10
7595.0
 20
6688.249999999999
 30
0.0
 40
32.5
  1
да
  7
GOST
 11
7595.0
 21
6688.249999999999
 31
0.0
100
AcDbText
  0
LWPOLYLINE
  5
316
330
17
100
AcDbEntity
  8
TEXT
 62
7
370
15
100
AcDbPolyline
 90
2
 70
0
 10
7775.0
 20
6745.75
 10
7775.0
 20
6616.125
  0
LWPOLYLINE
  5
317
330
17
100
AcDbEntity
  8
TEXT
 62
7
370
15
100
AcDbPolyline
 90
4
 70
1
 10
4600.0
 20
6486.499999999999
 10
7775.0
 20
6486.499999999999
 10
7775.0
 20
6616.125
 10
4600.0
 20
6616.125
  0
LWPOLYLINE
  5
318
330
17
100
AcDbEntity
  8
TEXT
 62
7
370
15
100
AcDbPolyline
 90
2
 70
0
 10
4600.0
 20
6616.125
 10
4600.0
 20
6486.499999999999
  0
TEXT
  5
319
330
17
100
AcDbEntity
  8
TEXT
 62
7
100
AcDbText
 10
4620.0
 20
6558.624999999999
 30
0.0
 40
32.5
  1
S4
  7
GOST
 11
4620.0
 21
6558.624999999999
 31
0.0
100
AcDbText
  0
LWPOLYLINE
  5
31A
330
17
100
AcDbEntity
  8
TEXT
 62
7
370
15
100
AcDbPolyline
 90
2
 70
0
 10
4800.0
 20
6616.125
 10
4800.0
 20
6486.499999999999
  0
TEXT
  5
31B
330
17
100
AcDbEntity
  8
TEXT
 62
7
100
AcDbText
 10
4820.0
 20
6558.624999999999
 30
0.0
 40
32.5
  1
P02 раковина в тумбе 900 (выпуск +550 от
  7
GOST
 11
4820.0
 21
6558.624999999999
 31
0.0
100
AcDbText
  0
TEXT
  5
31C
330
17
100
AcDbEntity
  8
TEXT
 62
7
100
AcDbText
 10
4820.0
 20
6511.499999999999
 30
0.0
 40
32.5
  1
пола ванной)
  7
GOST
 11
4820.0
 21
6511.499999999999
 31
0.0
100
AcDbText
  0
LWPOLYLINE
  5
31D
330
17
100
AcDbEntity
  8
TEXT
 62
7
370
15
100
AcDbPolyline
 90
2
 70
0
 10
5950.0
 20
6616.125
 10
5950.0
 20
6486.499999999999
  0
TEXT
  5
31E
330
17
100
AcDbEntity
  8
TEXT
 62
7
100
AcDbText
 10
5970.0
 20
6558.624999999999
 30
0.0
 40
32.5
  1
U6
  7
GOST
 11
5970.0
 21
6558.624999999999
 31
0.0
100
AcDbText
  0
LWPOLYLINE
  5
31F
330
17
100
AcDbEntity
  8
TEXT
 62
7
370
15
100
AcDbPolyline
 90
2
 70
0
 10
6175.0
 20
6616.125
 10
6175.0
 20
6486.499999999999
  0
TEXT
  5
320
330
17
100
AcDbEntity
  8
TEXT
 62
7
100
AcDbText
 10
6195.0
 20
6558.624999999999
 30
0.0
 40
32.5
  1
50
  7
GOST
 11
6195.0
 21
6558.624999999999
 31
0.0
100
AcDbText
  0
LWPOLYLINE
  5
321
330
17
100
AcDbEntity
  8
TEXT
 62
7
370
15
100
AcDbPolyline
 90
2
 70
0
 10
6375.0
 20
6616.125
 10
6375.0
 20
6486.499999999999
  0
TEXT
  5
322
330
17
100
AcDbEntity
  8
TEXT
 62
7
100
AcDbText
 10
6395.0
 20
6558.624999999999
 30
0.0
 40
32.5
  1
0.02
  7
GOST
 11
6395.0
 21
6558.624999999999
 31
0.0
100
AcDbText
  0
LWPOLYLINE
  5
323
330
17
100
AcDbEntity
  8
TEXT
 62
7
370
15
100
AcDbPolyline
 90
2
 70
0
 10
6600.0
 20
6616.125
 10
6600.0
 20
6486.499999999999
  0
TEXT
  5
324
330
17
100
AcDbEntity
  8
TEXT
 62
7
100
AcDbText
 10
6620.0
 20
6558.624999999999
 30
0.0
 40
32.5
  1
2.31
  7
GOST
 11
6620.0
 21
6558.624999999999
 31
0.0
100
AcDbText
  0
LWPOLYLINE
  5
325
330
17
100
AcDbEntity
  8
TEXT
 62
7
370
15
100
AcDbPolyline
 90
2
 70
0
 10
6825.0
 20
6616.125
 10
6825.0
 20
6486.499999999999
  0
TEXT
  5
326
330
17
100
AcDbEntity
  8
TEXT
 62
7
100
AcDbText
 10
6845.0
 20
6558.624999999999
 30
0.0
 40
32.5
  1
46.2
  7
GOST
 11
6845.0
 21
6558.624999999999
 31
0.0
100
AcDbText
  0
LWPOLYLINE
  5
327
330
17
100
AcDbEntity
  8
TEXT
 62
7
370
15
100
AcDbPolyline
 90
2
 70
0
 10
7050.0
 20
6616.125
 10
7050.0
 20
6486.499999999999
  0
TEXT
  5
328
330
17
100
AcDbEntity
  8
TEXT
 62
7
100
AcDbText
 10
7070.0
 20
6558.624999999999
 30
0.0
 40
32.5
  1
28.2
  7
GOST
 11
7070.0
 21
6558.624999999999
 31
0.0
100
AcDbText
  0
LWPOLYLINE
  5
329
330
17
100
AcDbEntity
  8
TEXT
 62
7
370
15
100
AcDbPolyline
 90
2
 70
0
 10
7325.0
 20
6616.125
 10
7325.0
 20
6486.499999999999
  0
TEXT
  5
32A
330
17
100
AcDbEntity
  8
TEXT
 62
7
100
AcDbText
 10
7345.0
 20
6558.624999999999
 30
0.0
 40
32.5
  1
-18
  7
GOST
 11
7345.0
 21
6558.624999999999
 31
0.0
100
AcDbText
  0
LWPOLYLINE
  5
32B
330
17
100
AcDbEntity
  8
TEXT
 62
7
370
15
100
AcDbPolyline
 90
2
 70
0
 10
7575.0
 20
6616.125
 10
7575.0
 20
6486.499999999999
  0
TEXT
  5
32C
330
17
100
AcDbEntity
  8
TEXT
 62
7
100
AcDbText
 10
7595.0
 20
6558.624999999999
 30
0.0
 40
32.5
  1
да
  7
GOST
 11
7595.0
 21
6558.624999999999
 31
0.0
100
AcDbText
  0
LWPOLYLINE
  5
32D
330
17
100
AcDbEntity
  8
TEXT
 62
7
370
15
100
AcDbPolyline
 90
2
 70
0
 10
7775.0
 20
6616.125
 10
7775.0
 20
6486.499999999999
  0
LWPOLYLINE
  5
32E
330
17
100
AcDbEntity
  8
TEXT
 62
7
370
15
100
AcDbPolyline
 90
4
 70
1
 10
4600.0
 20
6403.999999999999
 10
7775.0
 20
6403.999999999999
 10
7775.0
 20
6486.499999999999
 10
4600.0
 20
6486.499999999999
  0
LWPOLYLINE
  5
32F
330
17
100
AcDbEntity
  8
TEXT
 62
7
370
15
100
AcDbPolyline
 90
2
 70
0
 10
4600.0
 20
6486.499999999999
 10
4600.0
 20
6403.999999999999
  0
TEXT
  5
330
330
17
100
AcDbEntity
  8
TEXT
 62
7
100
AcDbText
 10
4620.0
 20
6428.999999999999
 30
0.0
 40
32.5
  1
S5
  7
GOST
 11
4620.0
 21
6428.999999999999
 31
0.0
100
AcDbText
  0
LWPOLYLINE
  5
331
330
17
100
AcDbEntity
  8
TEXT
 62
7
370
15
100
AcDbPolyline
 90
2
 70
0
 10
4800.0
 20
6486.499999999999
 10
4800.0
 20
6403.999999999999
  0
TEXT
  5
332
330
17
100
AcDbEntity
  8
TEXT
 62
7
100
AcDbText
 10
4820.0
 20
6428.999999999999
 30
0.0
 40
32.5
  1
P06 мойка кухни (+ ПММ через сифон мойки)
  7
GOST
 11
4820.0
 21
6428.999999999999
 31
0.0
100
AcDbText
  0
LWPOLYLINE
  5
333
330
17
100
AcDbEntity
  8
TEXT
 62
7
370
15
100
AcDbPolyline
 90
2
 70
0
 10
5950.0
 20
6486.499999999999
 10
5950.0
 20
6403.999999999999
  0
TEXT
  5
334
330
17
100
AcDbEntity
  8
TEXT
 62
7
100
AcDbText
 10
5970.0
 20
6428.999999999999
 30
0.0
 40
32.5
  1
U1
  7
GOST
 11
5970.0
 21
6428.999999999999
 31
0.0
100
AcDbText
  0
LWPOLYLINE
  5
335
330
17
100
AcDbEntity
  8
TEXT
 62
7
370
15
100
AcDbPolyline
 90
2
 70
0
 10
6175.0
 20
6486.499999999999
 10
6175.0
 20
6403.999999999999
  0
TEXT
  5
336
330
17
100
AcDbEntity
  8
TEXT
 62
7
100
AcDbText
 10
6195.0
 20
6428.999999999999
 30
0.0
 40
32.5
  1
50
  7
GOST
 11
6195.0
 21
6428.999999999999
 31
0.0
100
AcDbText
  0
LWPOLYLINE
  5
337
330
17
100
AcDbEntity
  8
TEXT
 62
7
370
15
100
AcDbPolyline
 90
2
 70
0
 10
6375.0
 20
6486.499999999999
 10
6375.0
 20
6403.999999999999
  0
TEXT
  5
338
330
17
100
AcDbEntity
  8
TEXT
 62
7
100
AcDbText
 10
6395.0
 20
6428.999999999999
 30
0.0
 40
32.5
  1
0.02
  7
GOST
 11
6395.0
 21
6428.999999999999
 31
0.0
100
AcDbText
  0
LWPOLYLINE
  5
339
330
17
100
AcDbEntity
  8
TEXT
 62
7
370
15
100
AcDbPolyline
 90
2
 70
0
 10
6600.0
 20
6486.499999999999
 10
6600.0
 20
6403.999999999999
  0
TEXT
  5
33A
330
17
100
AcDbEntity
  8
TEXT
 62
7
100
AcDbText
 10
6620.0
 20
6428.999999999999
 30
0.0
 40
32.5
  1
1.77
  7
GOST
 11
6620.0
 21
6428.999999999999
 31
0.0
100
AcDbText
  0
LWPOLYLINE
  5
33B
330
17
100
AcDbEntity
  8
TEXT
 62
7
370
15
100
AcDbPolyline
 90
2
 70
0
 10
6825.0
 20
6486.499999999999
 10
6825.0
 20
6403.999999999999
  0
TEXT
  5
33C
330
17
100
AcDbEntity
  8
TEXT
 62
7
100
AcDbText
 10
6845.0
 20
6428.999999999999
 30
0.0
 40
32.5
  1
35.3
  7
GOST
 11
6845.0
 21
6428.999999999999
 31
0.0
100
AcDbText
  0
LWPOLYLINE
  5
33D
330
17
100
AcDbEntity
  8
TEXT
 62
7
370
15
100
AcDbPolyline
 90
2
 70
0
 10
7050.0
 20
6486.499999999999
 10
7050.0
 20
6403.999999999999
  0
TEXT
  5
33E
330
17
100
AcDbEntity
  8
TEXT
 62
7
100
AcDbText
 10
7070.0
 20
6428.999999999999
 30
0.0
 40
32.5
  1
17.3
  7
GOST
 11
7070.0
 21
6428.999999999999
 31
0.0
100
AcDbText
  0
LWPOLYLINE
  5
33F
330
17
100
AcDbEntity
  8
TEXT
 62
7
370
15
100
AcDbPolyline
 90
2
 70
0
 10
7325.0
 20
6486.499999999999
 10
7325.0
 20
6403.999999999999
  0
TEXT
  5
340
330
17
100
AcDbEntity
  8
TEXT
 62
7
100
AcDbText
 10
7345.0
 20
6428.999999999999
 30
0.0
 40
32.5
  1
-18
  7
GOST
 11
7345.0
 21
6428.999999999999
 31
0.0
100
AcDbText
  0
LWPOLYLINE
  5
341
330
17
100
AcDbEntity
  8
TEXT
 62
7
370
15
100
AcDbPolyline
 90
2
 70
0
 10
7575.0
 20
6486.499999999999
 10
7575.0
 20
6403.999999999999
  0
TEXT
  5
342
330
17
100
AcDbEntity
  8
TEXT
 62
7
100
AcDbText
 10
7595.0
 20
6428.999999999999
 30
0.0
 40
32.5
  1
да
  7
GOST
 11
7595.0
 21
6428.999999999999
 31
0.0
100
AcDbText
  0
LWPOLYLINE
  5
343
330
17
100
AcDbEntity
  8
TEXT
 62
7
370
15
100
AcDbPolyline
 90
2
 70
0
 10
7775.0
 20
6486.499999999999
 10
7775.0
 20
6403.999999999999
  0
LWPOLYLINE
  5
344
330
17
100
AcDbEntity
  8
TEXT
 62
7
370
15
100
AcDbPolyline
 90
4
 70
1
 10
4600.0
 20
6274.374999999999
 10
7775.0
 20
6274.374999999999
 10
7775.0
 20
6403.999999999999
 10
4600.0
 20
6403.999999999999
  0
LWPOLYLINE
  5
345
330
17
100
AcDbEntity
  8
TEXT
 62
7
370
15
100
AcDbPolyline
 90
2
 70
0
 10
4600.0
 20
6403.999999999999
 10
4600.0
 20
6274.374999999999
  0
TEXT
  5
346
330
17
100
AcDbEntity
  8
TEXT
 62
7
100
AcDbText
 10
4620.0
 20
6346.499999999999
 30
0.0
 40
32.5
  1
S6
  7
GOST
 11
4620.0
 21
6346.499999999999
 31
0.0
100
AcDbText
  0
LWPOLYLINE
  5
347
330
17
100
AcDbEntity
  8
TEXT
 62
7
370
15
100
AcDbPolyline
 90
2
 70
0
 10
4800.0
 20
6403.999999999999
 10
4800.0
 20
6274.374999999999
  0
TEXT
  5
348
330
17
100
AcDbEntity
  8
TEXT
 62
7
100
AcDbText
 10
4820.0
 20
6346.499999999999
 30
0.0
 40
32.5
  1
P09 хозмойка 450 (выпуск на грани короба
  7
GOST
 11
4820.0
 21
6346.499999999999
 31
0.0
100
AcDbText
  0
TEXT
  5
349
330
17
100
AcDbEntity
  8
TEXT
 62
7
100
AcDbText
 10
4820.0
 20
6299.374999999999
 30
0.0
 40
32.5
  1
U5)
  7
GOST
 11
4820.0
 21
6299.374999999999
 31
0.0
100
AcDbText
  0
LWPOLYLINE
  5
34A
330
17
100
AcDbEntity
  8
TEXT
 62
7
370
15
100
AcDbPolyline
 90
2
 70
0
 10
5950.0
 20
6403.999999999999
 10
5950.0
 20
6274.374999999999
  0
TEXT
  5
34B
330
17
100
AcDbEntity
  8
TEXT
 62
7
100
AcDbText
 10
5970.0
 20
6346.499999999999
 30
0.0
 40
32.5
  1
U1
  7
GOST
 11
5970.0
 21
6346.499999999999
 31
0.0
100
AcDbText
  0
LWPOLYLINE
  5
34C
330
17
100
AcDbEntity
  8
TEXT
 62
7
370
15
100
AcDbPolyline
 90
2
 70
0
 10
6175.0
 20
6403.999999999999
 10
6175.0
 20
6274.374999999999
  0
TEXT
  5
34D
330
17
100
AcDbEntity
  8
TEXT
 62
7
100
AcDbText
 10
6195.0
 20
6346.499999999999
 30
0.0
 40
32.5
  1
50
  7
GOST
 11
6195.0
 21
6346.499999999999
 31
0.0
100
AcDbText
  0
LWPOLYLINE
  5
34E
330
17
100
AcDbEntity
  8
TEXT
 62
7
370
15
100
AcDbPolyline
 90
2
 70
0
 10
6375.0
 20
6403.999999999999
 10
6375.0
 20
6274.374999999999
  0
TEXT
  5
34F
330
17
100
AcDbEntity
  8
TEXT
 62
7
100
AcDbText
 10
6395.0
 20
6346.499999999999
 30
0.0
 40
32.5
  1
0.02
  7
GOST
 11
6395.0
 21
6346.499999999999
 31
0.0
100
AcDbText
  0
LWPOLYLINE
  5
350
330
17
100
AcDbEntity
  8
TEXT
 62
7
370
15
100
AcDbPolyline
 90
2
 70
0
 10
6600.0
 20
6403.999999999999
 10
6600.0
 20
6274.374999999999
  0
TEXT
  5
351
330
17
100
AcDbEntity
  8
TEXT
 62
7
100
AcDbText
 10
6620.0
 20
6346.499999999999
 30
0.0
 40
32.5
  1
0.5
  7
GOST
 11
6620.0
 21
6346.499999999999
 31
0.0
100
AcDbText
  0
LWPOLYLINE
  5
352
330
17
100
AcDbEntity
  8
TEXT
 62
7
370
15
100
AcDbPolyline
 90
2
 70
0
 10
6825.0
 20
6403.999999999999
 10
6825.0
 20
6274.374999999999
  0
TEXT
  5
353
330
17
100
AcDbEntity
  8
TEXT
 62
7
100
AcDbText
 10
6845.0
 20
6346.499999999999
 30
0.0
 40
32.5
  1
10.0
  7
GOST
 11
6845.0
 21
6346.499999999999
 31
0.0
100
AcDbText
  0
LWPOLYLINE
  5
354
330
17
100
AcDbEntity
  8
TEXT
 62
7
370
15
100
AcDbPolyline
 90
2
 70
0
 10
7050.0
 20
6403.999999999999
 10
7050.0
 20
6274.374999999999
  0
TEXT
  5
355
330
17
100
AcDbEntity
  8
TEXT
 62
7
100
AcDbText
 10
7070.0
 20
6346.499999999999
 30
0.0
 40
32.5
  1
-8.0
  7
GOST
 11
7070.0
 21
6346.499999999999
 31
0.0
100
AcDbText
  0
LWPOLYLINE
  5
356
330
17
100
AcDbEntity
  8
TEXT
 62
7
370
15
100
AcDbPolyline
 90
2
 70
0
 10
7325.0
 20
6403.999999999999
 10
7325.0
 20
6274.374999999999
  0
TEXT
  5
357
330
17
100
AcDbEntity
  8
TEXT
 62
7
100
AcDbText
 10
7345.0
 20
6346.499999999999
 30
0.0
 40
32.5
  1
-18
  7
GOST
 11
7345.0
 21
6346.499999999999
 31
0.0
100
AcDbText
  0
LWPOLYLINE
  5
358
330
17
100
AcDbEntity
  8
TEXT
 62
7
370
15
100
AcDbPolyline
 90
2
 70
0
 10
7575.0
 20
6403.999999999999
 10
7575.0
 20
6274.374999999999
  0
TEXT
  5
359
330
17
100
AcDbEntity
  8
TEXT
 62
7
100
AcDbText
 10
7595.0
 20
6346.499999999999
 30
0.0
 40
32.5
  1
да
  7
GOST
 11
7595.0
 21
6346.499999999999
 31
0.0
100
AcDbText
  0
LWPOLYLINE
  5
35A
330
17
100
AcDbEntity
  8
TEXT
 62
7
370
15
100
AcDbPolyline
 90
2
 70
0
 10
7775.0
 20
6403.999999999999
 10
7775.0
 20
6274.374999999999
  0
LWPOLYLINE
  5
35B
330
17
100
AcDbEntity
  8
TEXT
 62
7
370
15
100
AcDbPolyline
 90
4
 70
1
 10
4600.0
 20
6144.749999999999
 10
7775.0
 20
6144.749999999999
 10
7775.0
 20
6274.374999999999
 10
4600.0
 20
6274.374999999999
  0
LWPOLYLINE
  5
35C
330
17
100
AcDbEntity
  8
TEXT
 62
7
370
15
100
AcDbPolyline
 90
2
 70
0
 10
4600.0
 20
6274.374999999999
 10
4600.0
 20
6144.749999999999
  0
TEXT
  5
35D
330
17
100
AcDbEntity
  8
TEXT
 62
7
100
AcDbText
 10
4620.0
 20
6216.874999999999
 30
0.0
 40
32.5
  1
S7
  7
GOST
 11
4620.0
 21
6216.874999999999
 31
0.0
100
AcDbText
  0
LWPOLYLINE
  5
35E
330
17
100
AcDbEntity
  8
TEXT
 62
7
370
15
100
AcDbPolyline
 90
2
 70
0
 10
4800.0
 20
6274.374999999999
 10
4800.0
 20
6144.749999999999
  0
TEXT
  5
35F
330
17
100
AcDbEntity
  8
TEXT
 62
7
100
AcDbText
 10
4820.0
 20
6216.874999999999
 30
0.0
 40
32.5
  1
P10 СМА (сифон в карго, + конденсат
  7
GOST
 11
4820.0
 21
6216.874999999999
 31
0.0
100
AcDbText
  0
TEXT
  5
360
330
17
100
AcDbEntity
  8
TEXT
 62
7
100
AcDbText
 10
4820.0
 20
6169.749999999999
 30
0.0
 40
32.5
  1
сушильной машины)
  7
GOST
 11
4820.0
 21
6169.749999999999
 31
0.0
100
AcDbText
  0
LWPOLYLINE
  5
361
330
17
100
AcDbEntity
  8
TEXT
 62
7
370
15
100
AcDbPolyline
 90
2
 70
0
 10
5950.0
 20
6274.374999999999
 10
5950.0
 20
6144.749999999999
  0
TEXT
  5
362
330
17
100
AcDbEntity
  8
TEXT
 62
7
100
AcDbText
 10
5970.0
 20
6216.874999999999
 30
0.0
 40
32.5
  1
U1
  7
GOST
 11
5970.0
 21
6216.874999999999
 31
0.0
100
AcDbText
  0
LWPOLYLINE
  5
363
330
17
100
AcDbEntity
  8
TEXT
 62
7
370
15
100
AcDbPolyline
 90
2
 70
0
 10
6175.0
 20
6274.374999999999
 10
6175.0
 20
6144.749999999999
  0
TEXT
  5
364
330
17
100
AcDbEntity
  8
TEXT
 62
7
100
AcDbText
 10
6195.0
 20
6216.874999999999
 30
0.0
 40
32.5
  1
50
  7
GOST
 11
6195.0
 21
6216.874999999999
 31
0.0
100
AcDbText
  0
LWPOLYLINE
  5
365
330
17
100
AcDbEntity
  8
TEXT
 62
7
370
15
100
AcDbPolyline
 90
2
 70
0
 10
6375.0
 20
6274.374999999999
 10
6375.0
 20
6144.749999999999
  0
TEXT
  5
366
330
17
100
AcDbEntity
  8
TEXT
 62
7
100
AcDbText
 10
6395.0
 20
6216.874999999999
 30
0.0
 40
32.5
  1
0.02
  7
GOST
 11
6395.0
 21
6216.874999999999
 31
0.0
100
AcDbText
  0
LWPOLYLINE
  5
367
330
17
100
AcDbEntity
  8
TEXT
 62
7
370
15
100
AcDbPolyline
 90
2
 70
0
 10
6600.0
 20
6274.374999999999
 10
6600.0
 20
6144.749999999999
  0
TEXT
  5
368
330
17
100
AcDbEntity
  8
TEXT
 62
7
100
AcDbText
 10
6620.0
 20
6216.874999999999
 30
0.0
 40
32.5
  1
0.85
  7
GOST
 11
6620.0
 21
6216.874999999999
 31
0.0
100
AcDbText
  0
LWPOLYLINE
  5
369
330
17
100
AcDbEntity
  8
TEXT
 62
7
370
15
100
AcDbPolyline
 90
2
 70
0
 10
6825.0
 20
6274.374999999999
 10
6825.0
 20
6144.749999999999
  0
TEXT
  5
36A
330
17
100
AcDbEntity
  8
TEXT
 62
7
100
AcDbText
 10
6845.0
 20
6216.874999999999
 30
0.0
 40
32.5
  1
17.0
  7
GOST
 11
6845.0
 21
6216.874999999999
 31
0.0
100
AcDbText
  0
LWPOLYLINE
  5
36B
330
17
100
AcDbEntity
  8
TEXT
 62
7
370
15
100
AcDbPolyline
 90
2
 70
0
 10
7050.0
 20
6274.374999999999
 10
7050.0
 20
6144.749999999999
  0
TEXT
  5
36C
330
17
100
AcDbEntity
  8
TEXT
 62
7
100
AcDbText
 10
7070.0
 20
6216.874999999999
 30
0.0
 40
32.5
  1
-1.0
  7
GOST
 11
7070.0
 21
6216.874999999999
 31
0.0
100
AcDbText
  0
LWPOLYLINE
  5
36D
330
17
100
AcDbEntity
  8
TEXT
 62
7
370
15
100
AcDbPolyline
 90
2
 70
0
 10
7325.0
 20
6274.374999999999
 10
7325.0
 20
6144.749999999999
  0
TEXT
  5
36E
330
17
100
AcDbEntity
  8
TEXT
 62
7
100
AcDbText
 10
7345.0
 20
6216.874999999999
 30
0.0
 40
32.5
  1
-18
  7
GOST
 11
7345.0
 21
6216.874999999999
 31
0.0
100
AcDbText
  0
LWPOLYLINE
  5
36F
330
17
100
AcDbEntity
  8
TEXT
 62
7
370
15
100
AcDbPolyline
 90
2
 70
0
 10
7575.0
 20
6274.374999999999
 10
7575.0
 20
6144.749999999999
  0
TEXT
  5
370
330
17
100
AcDbEntity
  8
TEXT
 62
7
100
AcDbText
 10
7595.0
 20
6216.874999999999
 30
0.0
 40
32.5
  1
да
  7
GOST
 11
7595.0
 21
6216.874999999999
 31
0.0
100
AcDbText
  0
LWPOLYLINE
  5
371
330
17
100
AcDbEntity
  8
TEXT
 62
7
370
15
100
AcDbPolyline
 90
2
 70
0
 10
7775.0
 20
6274.374999999999
 10
7775.0
 20
6144.749999999999
  0
LWPOLYLINE
  5
372
330
17
100
AcDbEntity
  8
TEXT
 62
7
370
35
100
AcDbPolyline
 90
4
 70
1
 10
4600.0
 20
6144.749999999999
 10
7775.0
 20
6144.749999999999
 10
7775.0
 20
7107.5
 10
4600.0
 20
7107.5
  0
TEXT
  5
373
330
17
100
AcDbEntity
  8
TEXT
 62
7
100
AcDbText
 10
4600.0
 20
5989.75
 30
0.0
 40
55.00000000000001
  1
Указания
  7
GOST
 11
4600.0
 21
5989.75
 31
0.0
100
AcDbText
  0
TEXT
  5
374
330
17
100
AcDbEntity
  8
TEXT
 62
7
100
AcDbText
 10
4600.0
 20
5906.0
 30
0.0
 40
33.75
  1
— уклоны: Ø50 ≥ 0,02 (принято 0,02), Ø110 ≥ 0,012 (принято 0,02) — СП 30.13330.2020
  7
GOST
 11
4600.0
 21
5906.0
 31
0.0
100
AcDbText
  0
TEXT
  5
375
330
17
100
AcDbEntity
  8
TEXT
 62
7
100
AcDbText
 10
4600.0
 20
5855.375
 30
0.0
 40
33.75
  1
— повороты — отводами 45°+45°, обратных уклонов нет; труба не ниже верха стяжки −20 (вертикальный спуск к тройнику — в коробе)
  7
GOST
 11
4600.0
 21
5855.375
 31
0.0
100
AcDbText
  0
TEXT
  5
376
330
17
100
AcDbEntity
  8
TEXT
 62
7
100
AcDbText
 10
4600.0
 20
5804.75
 30
0.0
 40
33.75
  1
— в коробе U10 душ подключается в самую нижнюю точку (эксцентрический переход 110/50 с совмещёнными лотками), WC/ванна/раковина — сверху через косой тройник 110/110/45°
  7
GOST
 11
4600.0
 21
5804.75
 31
0.0
100
AcDbText
  0
TEXT
  5
377
330
17
100
AcDbEntity
  8
TEXT
 62
7
100
AcDbText
 10
4600.0
 20
5754.125
 30
0.0
 40
33.75
  1
— в коробе U5: Ø110 короткий отвод от тройника стояка с ревизией → косой тройник 110/50 (кухня через W10) + эксцентрический переход 110/50 (постирочная)
  7
GOST
 11
4600.0
 21
5754.125
 31
0.0
100
AcDbText
  0
TEXT
  5
378
330
17
100
AcDbEntity
  8
TEXT
 62
7
100
AcDbText
 10
4600.0
 20
5703.5
 30
0.0
 40
33.75
  1
Подиум ванной +80 ДОСТАТОЧЕН при лотке отвода тройника К1 U6 не выше 1.3 (душ — критический прибор). Расчётная отметка решётки трапа +68.6, низ корпуса трапа -1.4 (над стяжкой −20). Отметка лотка врезки неизвестна
  7
GOST
 11
4600.0
 21
5703.5
 31
0.0
100
AcDbText
  0
TEXT
  5
379
330
17
100
AcDbEntity
  8
TEXT
 62
7
100
AcDbText
 10
4600.0
 20
5652.874999999999
 30
0.0
 40
33.75
  1
— ВОПРОС НА ОБМЕР; при лотке +20 → подиум +100, +40 → +120, +60 → +140.
  7
GOST
 11
4600.0
 21
5652.874999999999
 31
0.0
100
AcDbText
  0
TEXT
  5
37A
330
17
100
AcDbEntity
  8
TEXT
 62
7
100
AcDbText
 10
4600.0
 20
5446.0
 30
0.0
 40
62.5
  1
Чувствительность подиума к отметке врезки
  7
GOST
 11
4600.0
 21
5446.0
 31
0.0
100
AcDbText
  0
HATCH
  5
37B
330
17
100
AcDbEntity
  8
TEXT
 62
7
420
15132390
100
AcDbHatch
 10
0.0
 20
0.0
 30
0.0
210
0.0
220
0.0
230
1.0
  2
SOLID
 70
1
 71
0
 91
1
 92
3
 72
0
 73
1
 93
4
 10
4600.0
 20
5303.5
 10
6850.0
 20
5303.5
 10
6850.0
 20
5406.0
 10
4600.0
 20
5406.0
 97
0
 75
1
 76
1
 98
0
  0
LWPOLYLINE
  5
37C
330
17
100
AcDbEntity
  8
TEXT
 62
7
370
25
100
AcDbPolyline
 90
4
 70
1
 10
4600.0
 20
5303.5
 10
6850.0
 20
5303.5
 10
6850.0
 20
5406.0
 10
4600.0
 20
5406.0
  0
LWPOLYLINE
  5
37D
330
17
100
AcDbEntity
  8
TEXT
 62
7
370
15
100
AcDbPolyline
 90
2
 70
0
 10
4600.0
 20
5406.0
 10
4600.0
 20
5303.5
  0
TEXT
  5
37E
330
17
100
AcDbEntity
  8
TEXT
 62
7
100
AcDbText
 10
4620.0
 20
5348.5
 30
0.0
 40
32.5
  1
Лоток тройника U6
  7
GOST
 11
4620.0
 21
5348.5
 31
0.0
100
AcDbText
  0
LWPOLYLINE
  5
37F
330
17
100
AcDbEntity
  8
TEXT
 62
7
370
15
100
AcDbPolyline
 90
2
 70
0
 10
5350.0
 20
5406.0
 10
5350.0
 20
5303.5
  0
TEXT
  5
380
330
17
100
AcDbEntity
  8
TEXT
 62
7
100
AcDbText
 10
5370.0
 20
5348.5
 30
0.0
 40
32.5
  1
Пол ванной треб.
  7
GOST
 11
5370.0
 21
5348.5
 31
0.0
100
AcDbText
  0
LWPOLYLINE
  5
381
330
17
100
AcDbEntity
  8
TEXT
 62
7
370
15
100
AcDbPolyline
 90
2
 70
0
 10
6100.0
 20
5406.0
 10
6100.0
 20
5303.5
  0
TEXT
  5
382
330
17
100
AcDbEntity
  8
TEXT
 62
7
100
AcDbText
 10
6120.0
 20
5348.5
 30
0.0
 40
32.5
  1
Кухня/постир. OK
  7
GOST
 11
6120.0
 21
5348.5
 31
0.0
100
AcDbText
  0
LWPOLYLINE
  5
383
330
17
100
AcDbEntity
  8
TEXT
 62
7
370
15
100
AcDbPolyline
 90
2
 70
0
 10
6850.0
 20
5406.0
 10
6850.0
 20
5303.5
  0
LWPOLYLINE
  5
384
330
17
100
AcDbEntity
  8
TEXT
 62
7
370
15
100
AcDbPolyline
 90
4
 70
1
 10
4600.0
 20
5221.0
 10
6850.0
 20
5221.0
 10
6850.0
 20
5303.5
 10
4600.0
 20
5303.5
  0
LWPOLYLINE
  5
385
330
17
100
AcDbEntity
  8
TEXT
 62
7
370
15
100
AcDbPolyline
 90
2
 70
0
 10
4600.0
 20
5303.5
 10
4600.0
 20
5221.0
  0
TEXT
  5
386
330
17
100
AcDbEntity
  8
TEXT
 62
7
100
AcDbText
 10
4620.0
 20
5246.0
 30
0.0
 40
32.5
  1
-60
  7
GOST
 11
4620.0
 21
5246.0
 31
0.0
100
AcDbText
  0
LWPOLYLINE
  5
387
330
17
100
AcDbEntity
  8
TEXT
 62
7
370
15
100
AcDbPolyline
 90
2
 70
0
 10
5350.0
 20
5303.5
 10
5350.0
 20
5221.0
  0
TEXT
  5
388
330
17
100
AcDbEntity
  8
TEXT
 62
7
100
AcDbText
 10
5370.0
 20
5246.0
 30
0.0
 40
32.5
  1
65
  7
GOST
 11
5370.0
 21
5246.0
 31
0.0
100
AcDbText
  0
LWPOLYLINE
  5
389
330
17
100
AcDbEntity
  8
TEXT
 62
7
370
15
100
AcDbPolyline
 90
2
 70
0
 10
6100.0
 20
5303.5
 10
6100.0
 20
5221.0
  0
TEXT
  5
38A
330
17
100
AcDbEntity
  8
TEXT
 62
7
100
AcDbText
 10
6120.0
 20
5246.0
 30
0.0
 40
32.5
  1
да
  7
GOST
 11
6120.0
 21
5246.0
 31
0.0
100
AcDbText
  0
LWPOLYLINE
  5
38B
330
17
100
AcDbEntity
  8
TEXT
 62
7
370
15
100
AcDbPolyline
 90
2
 70
0
 10
6850.0
 20
5303.5
 10
6850.0
 20
5221.0
  0
LWPOLYLINE
  5
38C
330
17
100
AcDbEntity
  8
TEXT
 62
7
370
15
100
AcDbPolyline
 90
4
 70
1
 10
4600.0
 20
5138.5
 10
6850.0
 20
5138.5
 10
6850.0
 20
5221.0
 10
4600.0
 20
5221.0
  0
LWPOLYLINE
  5
38D
330
17
100
AcDbEntity
  8
TEXT
 62
7
370
15
100
AcDbPolyline
 90
2
 70
0
 10
4600.0
 20
5221.0
 10
4600.0
 20
5138.5
  0
TEXT
  5
38E
330
17
100
AcDbEntity
  8
TEXT
 62
7
100
AcDbText
 10
4620.0
 20
5163.5
 30
0.0
 40
32.5
  1
-40
  7
GOST
 11
4620.0
 21
5163.5
 31
0.0
100
AcDbText
  0
LWPOLYLINE
  5
38F
330
17
100
AcDbEntity
  8
TEXT
 62
7
370
15
100
AcDbPolyline
 90
2
 70
0
 10
5350.0
 20
5221.0
 10
5350.0
 20
5138.5
  0
TEXT
  5
390
330
17
100
AcDbEntity
  8
TEXT
 62
7
100
AcDbText
 10
5370.0
 20
5163.5
 30
0.0
 40
32.5
  1
65
  7
GOST
 11
5370.0
 21
5163.5
 31
0.0
100
AcDbText
  0
LWPOLYLINE
  5
391
330
17
100
AcDbEntity
  8
TEXT
 62
7
370
15
100
AcDbPolyline
 90
2
 70
0
 10
6100.0
 20
5221.0
 10
6100.0
 20
5138.5
  0
TEXT
  5
392
330
17
100
AcDbEntity
  8
TEXT
 62
7
100
AcDbText
 10
6120.0
 20
5163.5
 30
0.0
 40
32.5
  1
да
  7
GOST
 11
6120.0
 21
5163.5
 31
0.0
100
AcDbText
  0
LWPOLYLINE
  5
393
330
17
100
AcDbEntity
  8
TEXT
 62
7
370
15
100
AcDbPolyline
 90
2
 70
0
 10
6850.0
 20
5221.0
 10
6850.0
 20
5138.5
  0
LWPOLYLINE
  5
394
330
17
100
AcDbEntity
  8
TEXT
 62
7
370
15
100
AcDbPolyline
 90
4
 70
1
 10
4600.0
 20
5055.999999999999
 10
6850.0
 20
5055.999999999999
 10
6850.0
 20
5138.5
 10
4600.0
 20
5138.5
  0
LWPOLYLINE
  5
395
330
17
100
AcDbEntity
  8
TEXT
 62
7
370
15
100
AcDbPolyline
 90
2
 70
0
 10
4600.0
 20
5138.5
 10
4600.0
 20
5055.999999999999
  0
TEXT
  5
396
330
17
100
AcDbEntity
  8
TEXT
 62
7
100
AcDbText
 10
4620.0
 20
5080.999999999999
 30
0.0
 40
32.5
  1
-20
  7
GOST
 11
4620.0
 21
5080.999999999999
 31
0.0
100
AcDbText
  0
LWPOLYLINE
  5
397
330
17
100
AcDbEntity
  8
TEXT
 62
7
370
15
100
AcDbPolyline
 90
2
 70
0
 10
5350.0
 20
5138.5
 10
5350.0
 20
5055.999999999999
  0
TEXT
  5
398
330
17
100
AcDbEntity
  8
TEXT
 62
7
100
AcDbText
 10
5370.0
 20
5080.999999999999
 30
0.0
 40
32.5
  1
65
  7
GOST
 11
5370.0
 21
5080.999999999999
 31
0.0
100
AcDbText
  0
LWPOLYLINE
  5
399
330
17
100
AcDbEntity
  8
TEXT
 62
7
370
15
100
AcDbPolyline
 90
2
 70
0
 10
6100.0
 20
5138.5
 10
6100.0
 20
5055.999999999999
  0
TEXT
  5
39A
330
17
100
AcDbEntity
  8
TEXT
 62
7
100
AcDbText
 10
6120.0
 20
5080.999999999999
 30
0.0
 40
32.5
  1
да
  7
GOST
 11
6120.0
 21
5080.999999999999
 31
0.0
100
AcDbText
  0
LWPOLYLINE
  5
39B
330
17
100
AcDbEntity
  8
TEXT
 62
7
370
15
100
AcDbPolyline
 90
2
 70
0
 10
6850.0
 20
5138.5
 10
6850.0
 20
5055.999999999999
  0
LWPOLYLINE
  5
39C
330
17
100
AcDbEntity
  8
TEXT
 62
7
370
15
100
AcDbPolyline
 90
4
 70
1
 10
4600.0
 20
4973.499999999999
 10
6850.0
 20
4973.499999999999
 10
6850.0
 20
5055.999999999999
 10
4600.0
 20
5055.999999999999
  0
LWPOLYLINE
  5
39D
330
17
100
AcDbEntity
  8
TEXT
 62
7
370
15
100
AcDbPolyline
 90
2
 70
0
 10
4600.0
 20
5055.999999999999
 10
4600.0
 20
4973.499999999999
  0
TEXT
  5
39E
330
17
100
AcDbEntity
  8
TEXT
 62
7
100
AcDbText
 10
4620.0
 20
4998.499999999999
 30
0.0
 40
32.5
  1
0
  7
GOST
 11
4620.0
 21
4998.499999999999
 31
0.0
100
AcDbText
  0
LWPOLYLINE
  5
39F
330
17
100
AcDbEntity
  8
TEXT
 62
7
370
15
100
AcDbPolyline
 90
2
 70
0
 10
5350.0
 20
5055.999999999999
 10
5350.0
 20
4973.499999999999
  0
TEXT
  5
3A0
330
17
100
AcDbEntity
  8
TEXT
 62
7
100
AcDbText
 10
5370.0
 20
4998.499999999999
 30
0.0
 40
32.5
  1
80
  7
GOST
 11
5370.0
 21
4998.499999999999
 31
0.0
100
AcDbText
  0
LWPOLYLINE
  5
3A1
330
17
100
AcDbEntity
  8
TEXT
 62
7
370
15
100
AcDbPolyline
 90
2
 70
0
 10
6100.0
 20
5055.999999999999
 10
6100.0
 20
4973.499999999999
  0
TEXT
  5
3A2
330
17
100
AcDbEntity
  8
TEXT
 62
7
100
AcDbText
 10
6120.0
 20
4998.499999999999
 30
0.0
 40
32.5
  1
да
  7
GOST
 11
6120.0
 21
4998.499999999999
 31
0.0
100
AcDbText
  0
LWPOLYLINE
  5
3A3
330
17
100
AcDbEntity
  8
TEXT
 62
7
370
15
100
AcDbPolyline
 90
2
 70
0
 10
6850.0
 20
5055.999999999999
 10
6850.0
 20
4973.499999999999
  0
LWPOLYLINE
  5
3A4
330
17
100
AcDbEntity
  8
TEXT
 62
7
370
15
100
AcDbPolyline
 90
4
 70
1
 10
4600.0
 20
4890.999999999999
 10
6850.0
 20
4890.999999999999
 10
6850.0
 20
4973.499999999999
 10
4600.0
 20
4973.499999999999
  0
LWPOLYLINE
  5
3A5
330
17
100
AcDbEntity
  8
TEXT
 62
7
370
15
100
AcDbPolyline
 90
2
 70
0
 10
4600.0
 20
4973.499999999999
 10
4600.0
 20
4890.999999999999
  0
TEXT
  5
3A6
330
17
100
AcDbEntity
  8
TEXT
 62
7
100
AcDbText
 10
4620.0
 20
4915.999999999999
 30
0.0
 40
32.5
  1
20
  7
GOST
 11
4620.0
 21
4915.999999999999
 31
0.0
100
AcDbText
  0
LWPOLYLINE
  5
3A7
330
17
100
AcDbEntity
  8
TEXT
 62
7
370
15
100
AcDbPolyline
 90
2
 70
0
 10
5350.0
 20
4973.499999999999
 10
5350.0
 20
4890.999999999999
  0
TEXT
  5
3A8
330
17
100
AcDbEntity
  8
TEXT
 62
7
100
AcDbText
 10
5370.0
 20
4915.999999999999
 30
0.0
 40
32.5
  1
100
  7
GOST
 11
5370.0
 21
4915.999999999999
 31
0.0
100
AcDbText
  0
LWPOLYLINE
  5
3A9
330
17
100
AcDbEntity
  8
TEXT
 62
7
370
15
100
AcDbPolyline
 90
2
 70
0
 10
6100.0
 20
4973.499999999999
 10
6100.0
 20
4890.999999999999
  0
TEXT
  5
3AA
330
17
100
AcDbEntity
  8
TEXT
 62
7
100
AcDbText
 10
6120.0
 20
4915.999999999999
 30
0.0
 40
32.5
  1
да
  7
GOST
 11
6120.0
 21
4915.999999999999
 31
0.0
100
AcDbText
  0
LWPOLYLINE
  5
3AB
330
17
100
AcDbEntity
  8
TEXT
 62
7
370
15
100
AcDbPolyline
 90
2
 70
0
 10
6850.0
 20
4973.499999999999
 10
6850.0
 20
4890.999999999999
  0
LWPOLYLINE
  5
3AC
330
17
100
AcDbEntity
  8
TEXT
 62
7
370
15
100
AcDbPolyline
 90
4
 70
1
 10
4600.0
 20
4808.499999999999
 10
6850.0
 20
4808.499999999999
 10
6850.0
 20
4890.999999999999
 10
4600.0
 20
4890.999999999999
  0
LWPOLYLINE
  5
3AD
330
17
100
AcDbEntity
  8
TEXT
 62
7
370
15
100
AcDbPolyline
 90
2
 70
0
 10
4600.0
 20
4890.999999999999
 10
4600.0
 20
4808.499999999999
  0
TEXT
  5
3AE
330
17
100
AcDbEntity
  8
TEXT
 62
7
100
AcDbText
 10
4620.0
 20
4833.499999999999
 30
0.0
 40
32.5
  1
40
  7
GOST
 11
4620.0
 21
4833.499999999999
 31
0.0
100
AcDbText
  0
LWPOLYLINE
  5
3AF
330
17
100
AcDbEntity
  8
TEXT
 62
7
370
15
100
AcDbPolyline
 90
2
 70
0
 10
5350.0
 20
4890.999999999999
 10
5350.0
 20
4808.499999999999
  0
TEXT
  5
3B0
330
17
100
AcDbEntity
  8
TEXT
 62
7
100
AcDbText
 10
5370.0
 20
4833.499999999999
 30
0.0
 40
32.5
  1
120
  7
GOST
 11
5370.0
 21
4833.499999999999
 31
0.0
100
AcDbText
  0
LWPOLYLINE
  5
3B1
330
17
100
AcDbEntity
  8
TEXT
 62
7
370
15
100
AcDbPolyline
 90
2
 70
0
 10
6100.0
 20
4890.999999999999
 10
6100.0
 20
4808.499999999999
  0
TEXT
  5
3B2
330
17
100
AcDbEntity
  8
TEXT
 62
7
100
AcDbText
 10
6120.0
 20
4833.499999999999
 30
0.0
 40
32.5
  1
да
  7
GOST
 11
6120.0
 21
4833.499999999999
 31
0.0
100
AcDbText
  0
LWPOLYLINE
  5
3B3
330
17
100
AcDbEntity
  8
TEXT
 62
7
370
15
100
AcDbPolyline
 90
2
 70
0
 10
6850.0
 20
4890.999999999999
 10
6850.0
 20
4808.499999999999
  0
LWPOLYLINE
  5
3B4
330
17
100
AcDbEntity
  8
TEXT
 62
7
370
15
100
AcDbPolyline
 90
4
 70
1
 10
4600.0
 20
4725.999999999998
 10
6850.0
 20
4725.999999999998
 10
6850.0
 20
4808.499999999999
 10
4600.0
 20
4808.499999999999
  0
LWPOLYLINE
  5
3B5
330
17
100
AcDbEntity
  8
TEXT
 62
7
370
15
100
AcDbPolyline
 90
2
 70
0
 10
4600.0
 20
4808.499999999999
 10
4600.0
 20
4725.999999999998
  0
TEXT
  5
3B6
330
17
100
AcDbEntity
  8
TEXT
 62
7
100
AcDbText
 10
4620.0
 20
4750.999999999998
 30
0.0
 40
32.5
  1
60
  7
GOST
 11
4620.0
 21
4750.999999999998
 31
0.0
100
AcDbText
  0
LWPOLYLINE
  5
3B7
330
17
100
AcDbEntity
  8
TEXT
 62
7
370
15
100
AcDbPolyline
 90
2
 70
0
 10
5350.0
 20
4808.499999999999
 10
5350.0
 20
4725.999999999998
  0
TEXT
  5
3B8
330
17
100
AcDbEntity
  8
TEXT
 62
7
100
AcDbText
 10
5370.0
 20
4750.999999999998
 30
0.0
 40
32.5
  1
140
  7
GOST
 11
5370.0
 21
4750.999999999998
 31
0.0
100
AcDbText
  0
LWPOLYLINE
  5
3B9
330
17
100
AcDbEntity
  8
TEXT
 62
7
370
15
100
AcDbPolyline
 90
2
 70
0
 10
6100.0
 20
4808.499999999999
 10
6100.0
 20
4725.999999999998
  0
TEXT
  5
3BA
330
17
100
AcDbEntity
  8
TEXT
 62
7
100
AcDbText
 10
6120.0
 20
4750.999999999998
 30
0.0
 40
32.5
  1
да
  7
GOST
 11
6120.0
 21
4750.999999999998
 31
0.0
100
AcDbText
  0
LWPOLYLINE
  5
3BB
330
17
100
AcDbEntity
  8
TEXT
 62
7
370
15
100
AcDbPolyline
 90
2
 70
0
 10
6850.0
 20
4808.499999999999
 10
6850.0
 20
4725.999999999998
  0
LWPOLYLINE
  5
3BC
330
17
100
AcDbEntity
  8
TEXT
 62
7
370
35
100
AcDbPolyline
 90
4
 70
1
 10
4600.0
 20
4725.999999999998
 10
6850.0
 20
4725.999999999998
 10
6850.0
 20
5406.0
 10
4600.0
 20
5406.0
  0
TEXT
  5
3BD
330
17
100
AcDbEntity
  8
TEXT
 62
7
100
AcDbText
 10
4600.0
 20
4571.0
 30
0.0
 40
55.00000000000001
  1
Требует обмера
  7
GOST
 11
4600.0
 21
4571.0
 31
0.0
100
AcDbText
  0
TEXT
  5
3BE
330
17
100
AcDbEntity
  8
TEXT
 62
7
100
AcDbText
 10
4600.0
 20
4488.5
 30
0.0
 40
32.5
  1
— ОБМЕР (K-15/F-07): отметка лотка отводов тройников К1 U1 и U6 от УЧП (критерий: U6 ≤ +1 → подиум +80 и порог +90 по D20 без изменений; иначе подиум +100/+120 и порог поднимается соответственно) — до заказа трапа и
  7
GOST
 11
4600.0
 21
4488.5
 31
0.0
100
AcDbText
  0
TEXT
  5
3BF
330
17
100
AcDbEntity
  8
TEXT
 62
7
100
AcDbText
 10
4600.0
 20
4439.75
 30
0.0
 40
32.5
  1
материалов.
  7
GOST
 11
4600.0
 21
4439.75
 31
0.0
100
AcDbText
  0
TEXT
  5
3C0
330
17
100
AcDbEntity
  8
TEXT
 62
7
100
AcDbText
 10
4600.0
 20
4391.0
 30
0.0
 40
32.5
  1
— ОБМЕР: назначение стояков U2–U4, U7–U9 (В1/Т3/Т4), диаметры отводов, наличие запорной арматуры застройщика.
  7
GOST
 11
4600.0
 21
4391.0
 31
0.0
100
AcDbText
  0
TEXT
  5
3C1
330
17
100
AcDbEntity
  8
TEXT
 62
7
100
AcDbText
 10
4600.0
 20
4342.250000000001
 30
0.0
 40
32.5
  1
— ВСКРЫТИЕ: положение вентканалов U25/U26 внутри коробов и ревизий К1.
  7
GOST
 11
4600.0
 21
4342.250000000001
 31
0.0
100
AcDbText
  0
TEXT
  5
3C2
330
17
100
AcDbEntity
  8
TEXT
 62
7
100
AcDbText
 10
4600.0
 20
4293.500000000001
 30
0.0
 40
32.5
  1
— Есть ли выпуск Ø110 бывшего WC постирочной в полу (x≈5079) и на какой отметке.
  7
GOST
 11
4600.0
 21
4293.500000000001
 31
0.0
100
AcDbText
  0
TEXT
  5
3C3
330
17
100
AcDbEntity
  8
TEXT
 62
7
100
AcDbText
 10
4600.0
 20
4244.750000000001
 30
0.0
 40
32.5
  1
— Давление на вводе (манометр) — подтвердить необходимость редукторов (1 этаж — максимальное давление в стояке).
  7
GOST
 11
4600.0
 21
4244.750000000001
 31
0.0
100
AcDbText
  0
TEXT
  5
3C4
330
17
100
AcDbEntity
  8
TEXT
 62
7
100
AcDbText
 10
4600.0
 20
4196.000000000002
 30
0.0
 40
32.5
  1
* В ванной R5 высоты — от чистого пола ванной (+80 к УЧП квартиры).
  7
GOST
 11
4600.0
 21
4196.000000000002
 31
0.0
100
AcDbText
  0
LWPOLYLINE
  5
3C5
330
17
100
AcDbEntity
  8
FRAME
 62
7
370
50
100
AcDbPolyline
 90
4
 70
1
 10
500.0
 20
125.0
 10
10375.0
 20
125.0
 10
10375.0
 20
7300.0
 10
500.0
 20
7300.0
  0
TEXT
  5
3C6
330
17
100
AcDbEntity
  8
FRAME
 62
7
100
AcDbText
 10
10375.0
 20
40.0
 30
0.0
 40
50.0
  1
Формат A3
  7
GOST
 72
2
 11
10375.0
 21
40.0
 31
0.0
100
AcDbText
  0
HATCH
  5
3C7
330
17
100
AcDbEntity
  8
FRAME
 62
7
420
16777215
100
AcDbHatch
 10
0.0
 20
0.0
 30
0.0
210
0.0
220
0.0
230
1.0
  2
SOLID
 70
1
 71
0
 91
1
 92
3
 72
0
 73
1
 93
4
 10
5750.0
 20
125.0
 10
10375.0
 20
125.0
 10
10375.0
 20
1500.0
 10
5750.0
 20
1500.0
 97
0
 75
1
 76
1
 98
0
  0
LWPOLYLINE
  5
3C8
330
17
100
AcDbEntity
  8
FRAME
 62
7
370
50
100
AcDbPolyline
 90
4
 70
1
 10
5750.0
 20
125.0
 10
10375.0
 20
125.0
 10
10375.0
 20
1500.0
 10
5750.0
 20
1500.0
  0
LWPOLYLINE
  5
3C9
330
17
100
AcDbEntity
  8
FRAME
 62
7
370
50
100
AcDbPolyline
 90
2
 70
0
 10
7375.0
 20
1125.0
 10
10375.0
 20
1125.0
  0
LWPOLYLINE
  5
3CA
330
17
100
AcDbEntity
  8
FRAME
 62
7
370
50
100
AcDbPolyline
 90
2
 70
0
 10
7375.0
 20
875.0
 10
10375.0
 20
875.0
  0
LWPOLYLINE
  5
3CB
330
17
100
AcDbEntity
  8
FRAME
 62
7
370
50
100
AcDbPolyline
 90
2
 70
0
 10
7375.0
 20
500.0
 10
10375.0
 20
500.0
  0
LWPOLYLINE
  5
3CC
330
17
100
AcDbEntity
  8
FRAME
 62
7
370
50
100
AcDbPolyline
 90
2
 70
0
 10
7375.0
 20
125.0
 10
7375.0
 20
1500.0
  0
LWPOLYLINE
  5
3CD
330
17
100
AcDbEntity
  8
FRAME
 62
7
370
50
100
AcDbPolyline
 90
2
 70
0
 10
9125.0
 20
125.0
 10
9125.0
 20
875.0
  0
LWPOLYLINE
  5
3CE
330
17
100
AcDbEntity
  8
FRAME
 62
7
370
20
100
AcDbPolyline
 90
2
 70
0
 10
9125.0
 20
750.0
 10
10375.0
 20
750.0
  0
LWPOLYLINE
  5
3CF
330
17
100
AcDbEntity
  8
FRAME
 62
7
370
20
100
AcDbPolyline
 90
2
 70
0
 10
9500.0
 20
500.0
 10
9500.0
 20
875.0
  0
LWPOLYLINE
  5
3D0
330
17
100
AcDbEntity
  8
FRAME
 62
7
370
20
100
AcDbPolyline
 90
2
 70
0
 10
9875.0
 20
500.0
 10
9875.0
 20
875.0
  0
TEXT
  5
3D1
330
17
100
AcDbEntity
  8
FRAME
 62
7
100
AcDbText
 10
9312.5
 20
780.0
 30
0.0
 40
50.0
  1
Стадия
  7
GOST
 72
1
 11
9312.5
 21
780.0
 31
0.0
100
AcDbText
  0
TEXT
  5
3D2
330
17
100
AcDbEntity
  8
FRAME
 62
7
100
AcDbText
 10
9687.5
 20
780.0
 30
0.0
 40
50.0
  1
Лист
  7
GOST
 72
1
 11
9687.5
 21
780.0
 31
0.0
100
AcDbText
  0
TEXT
  5
3D3
330
17
100
AcDbEntity
  8
FRAME
 62
7
100
AcDbText
 10
10125.0
 20
780.0
 30
0.0
 40
50.0
  1
Листов
  7
GOST
 72
1
 11
10125.0
 21
780.0
 31
0.0
100
AcDbText
  0
TEXT
  5
3D4
330
17
100
AcDbEntity
  8
FRAME
 62
7
100
AcDbText
 10
9312.5
 20
585.0
 30
0.0
 40
87.5
  1
Р
  7
GOST
 72
1
 11
9312.5
 21
585.0
 31
0.0
100
AcDbText
  0
TEXT
  5
3D5
330
17
100
AcDbEntity
  8
FRAME
 62
7
100
AcDbText
 10
9687.5
 20
585.0
 30
0.0
 40
87.5
  1
31
  7
GOST
 72
1
 11
9687.5
 21
585.0
 31
0.0
100
AcDbText
  0
TEXT
  5
3D6
330
17
100
AcDbEntity
  8
FRAME
 62
7
100
AcDbText
 10
10125.0
 20
585.0
 30
0.0
 40
87.5
  1
39
  7
GOST
 72
1
 11
10125.0
 21
585.0
 31
0.0
100
AcDbText
  0
LWPOLYLINE
  5
3D7
330
17
100
AcDbEntity
  8
FRAME
 62
7
370
20
100
AcDbPolyline
 90
2
 70
0
 10
5750.0
 20
250.0
 10
7375.0
 20
250.0
  0
LWPOLYLINE
  5
3D8
330
17
100
AcDbEntity
  8
FRAME
 62
7
370
20
100
AcDbPolyline
 90
2
 70
0
 10
5750.0
 20
375.0
 10
7375.0
 20
375.0
  0
LWPOLYLINE
  5
3D9
330
17
100
AcDbEntity
  8
FRAME
 62
7
370
20
100
AcDbPolyline
 90
2
 70
0
 10
5750.0
 20
500.0
 10
7375.0
 20
500.0
  0
LWPOLYLINE
  5
3DA
330
17
100
AcDbEntity
  8
FRAME
 62
7
370
20
100
AcDbPolyline
 90
2
 70
0
 10
5750.0
 20
625.0
 10
7375.0
 20
625.0
  0
LWPOLYLINE
  5
3DB
330
17
100
AcDbEntity
  8
FRAME
 62
7
370
50
100
AcDbPolyline
 90
2
 70
0
 10
5750.0
 20
750.0
 10
7375.0
 20
750.0
  0
LWPOLYLINE
  5
3DC
330
17
100
AcDbEntity
  8
FRAME
 62
7
370
50
100
AcDbPolyline
 90
2
 70
0
 10
5750.0
 20
875.0
 10
7375.0
 20
875.0
  0
LWPOLYLINE
  5
3DD
330
17
100
AcDbEntity
  8
FRAME
 62
7
370
20
100
AcDbPolyline
 90
2
 70
0
 10
5750.0
 20
1000.0
 10
7375.0
 20
1000.0
  0
LWPOLYLINE
  5
3DE
330
17
100
AcDbEntity
  8
FRAME
 62
7
370
20
100
AcDbPolyline
 90
2
 70
0
 10
5750.0
 20
1125.0
 10
7375.0
 20
1125.0
  0
LWPOLYLINE
  5
3DF
330
17
100
AcDbEntity
  8
FRAME
 62
7
370
20
100
AcDbPolyline
 90
2
 70
0
 10
5750.0
 20
1250.0
 10
7375.0
 20
1250.0
  0
LWPOLYLINE
  5
3E0
330
17
100
AcDbEntity
  8
FRAME
 62
7
370
20
100
AcDbPolyline
 90
2
 70
0
 10
5750.0
 20
1375.0
 10
7375.0
 20
1375.0
  0
LWPOLYLINE
  5
3E1
330
17
100
AcDbEntity
  8
FRAME
 62
7
370
50
100
AcDbPolyline
 90
2
 70
0
 10
6000.0
 20
750.0
 10
6000.0
 20
1500.0
  0
LWPOLYLINE
  5
3E2
330
17
100
AcDbEntity
  8
FRAME
 62
7
370
50
100
AcDbPolyline
 90
2
 70
0
 10
6250.0
 20
125.0
 10
6250.0
 20
1500.0
  0
LWPOLYLINE
  5
3E3
330
17
100
AcDbEntity
  8
FRAME
 62
7
370
50
100
AcDbPolyline
 90
2
 70
0
 10
6500.0
 20
750.0
 10
6500.0
 20
1500.0
  0
LWPOLYLINE
  5
3E4
330
17
100
AcDbEntity
  8
FRAME
 62
7
370
50
100
AcDbPolyline
 90
2
 70
0
 10
6750.0
 20
125.0
 10
6750.0
 20
1500.0
  0
LWPOLYLINE
  5
3E5
330
17
100
AcDbEntity
  8
FRAME
 62
7
370
50
100
AcDbPolyline
 90
2
 70
0
 10
7125.0
 20
125.0
 10
7125.0
 20
1500.0
  0
TEXT
  5
3E6
330
17
100
AcDbEntity
  8
FRAME
 62
7
100
AcDbText
 10
5875.0
 20
782.5
 30
0.0
 40
45.0
  1
Изм.
  7
GOST
 72
1
 11
5875.0
 21
782.5
 31
0.0
100
AcDbText
  0
TEXT
  5
3E7
330
17
100
AcDbEntity
  8
FRAME
 62
7
100
AcDbText
 10
6125.0
 20
782.5
 30
0.0
 40
45.0
  1
Кол.уч
  7
GOST
 72
1
 11
6125.0
 21
782.5
 31
0.0
100
AcDbText
  0
TEXT
  5
3E8
330
17
100
AcDbEntity
  8
FRAME
 62
7
100
AcDbText
 10
6375.0
 20
782.5
 30
0.0
 40
45.0
  1
Лист
  7
GOST
 72
1
 11
6375.0
 21
782.5
 31
0.0
100
AcDbText
  0
TEXT
  5
3E9
330
17
100
AcDbEntity
  8
FRAME
 62
7
100
AcDbText
 10
6625.0
 20
782.5
 30
0.0
 40
45.0
  1
№док.
  7
GOST
 72
1
 11
6625.0
 21
782.5
 31
0.0
100
AcDbText
  0
TEXT
  5
3EA
330
17
100
AcDbEntity
  8
FRAME
 62
7
100
AcDbText
 10
6937.5
 20
782.5
 30
0.0
 40
45.0
  1
Подп.
  7
GOST
 72
1
 11
6937.5
 21
782.5
 31
0.0
100
AcDbText
  0
TEXT
  5
3EB
330
17
100
AcDbEntity
  8
FRAME
 62
7
100
AcDbText
 10
7250.0
 20
782.5
 30
0.0
 40
45.0
  1
Дата
  7
GOST
 72
1
 11
7250.0
 21
782.5
 31
0.0
100
AcDbText
  0
TEXT
  5
3EC
330
17
100
AcDbEntity
  8
FRAME
 62
7
100
AcDbText
 10
5775.0
 20
657.5
 30
0.0
 40
50.0
  1
Разраб.
  7
GOST
 11
5775.0
 21
657.5
 31
0.0
100
AcDbText
  0
TEXT
  5
3ED
330
17
100
AcDbEntity
  8
FRAME
 62
7
100
AcDbText
 10
5775.0
 20
532.5
 30
0.0
 40
50.0
  1
Пров.
  7
GOST
 11
5775.0
 21
532.5
 31
0.0
100
AcDbText
  0
TEXT
  5
3EE
330
17
100
AcDbEntity
  8
FRAME
 62
7
100
AcDbText
 10
5775.0
 20
407.5
 30
0.0
 40
50.0
  1
ГИП
  7
GOST
 11
5775.0
 21
407.5
 31
0.0
100
AcDbText
  0
TEXT
  5
3EF
330
17
100
AcDbEntity
  8
FRAME
 62
7
100
AcDbText
 10
5775.0
 20
282.5
 30
0.0
 40
50.0
  1
Н.контр.
  7
GOST
 11
5775.0
 21
282.5
 31
0.0
100
AcDbText
  0
TEXT
  5
3F0
330
17
100
AcDbEntity
  8
FRAME
 62
7
100
AcDbText
 10
5775.0
 20
157.5
 30
0.0
 40
50.0
  1
Утв.
  7
GOST
 11
5775.0
 21
157.5
 31
0.0
100
AcDbText
  0
TEXT
  5
3F1
330
17
100
AcDbEntity
  8
FRAME
 62
7
100
AcDbText
 10
6270.0
 20
657.5
 30
0.0
 40
50.0
  1
pib-агенты
  7
GOST
 11
6270.0
 21
657.5
 31
0.0
100
AcDbText
  0
TEXT
  5
3F2
330
17
100
AcDbEntity
  8
FRAME
 62
7
100
AcDbText
 10
7250.0
 20
657.5
 30
0.0
 40
45.0
  1
10.2026
  7
GOST
 72
1
 11
7250.0
 21
657.5
 31
0.0
100
AcDbText
  0
TEXT
  5
3F3
330
17
100
AcDbEntity
  8
FRAME
 62
7
100
AcDbText
 10
8875.0
 20
1250.0
 30
0.0
 40
125.0
  1
КВ108-ДП-ВК-02
  7
GOST
 72
1
 11
8875.0
 21
1250.0
 31
0.0
100
AcDbText
  0
TEXT
  5
3F4
330
17
100
AcDbEntity
  8
FRAME
 62
7
100
AcDbText
 10
8875.0
 20
956.25
 30
0.0
 40
87.5
  1
Квартира №108, СПб, дизайн-проект
  7
GOST
 72
1
 11
8875.0
 21
956.25
 31
0.0
100
AcDbText
  0
TEXT
  5
3F5
330
17
100
AcDbEntity
  8
FRAME
 62
7
100
AcDbText
 10
8250.0
 20
650.0
 30
0.0
 40
75.0
  1
Водопровод и канализация
  7
GOST
 72
1
 11
8250.0
 21
650.0
 31
0.0
100
AcDbText
  0
TEXT
  5
3F6
330
17
100
AcDbEntity
  8
FRAME
 62
7
100
AcDbText
 10
8250.0
 20
417.1875
 30
0.0
 40
62.5
  1
Фрагменты 1:25: ванная,
  7
GOST
 72
1
 11
8250.0
 21
417.1875
 31
0.0
100
AcDbText
  0
TEXT
  5
3F7
330
17
100
AcDbEntity
  8
FRAME
 62
7
100
AcDbText
 10
8250.0
 20
326.5625
 30
0.0
 40
62.5
  1
постирочная, мойка кухни —
  7
GOST
 72
1
 11
8250.0
 21
326.5625
 31
0.0
100
AcDbText
  0
TEXT
  5
3F8
330
17
100
AcDbEntity
  8
FRAME
 62
7
100
AcDbText
 10
8250.0
 20
235.9375
 30
0.0
 40
62.5
  1
водопровод и канализация (уклоны)
  7
GOST
 72
1
 11
8250.0
 21
235.9375
 31
0.0
100
AcDbText
  0
TEXT
  5
3F9
330
17
100
AcDbEntity
  8
FRAME
 62
7
100
AcDbText
 10
8250.0
 20
145.3125
 30
0.0
 40
62.5
  1
Масштаб 1:25
  7
GOST
 72
1
 11
8250.0
 21
145.3125
 31
0.0
100
AcDbText
  0
TEXT
  5
3FA
330
17
100
AcDbEntity
  8
FRAME
 62
7
100
AcDbText
 10
9750.0
 20
329.375
 30
0.0
 40
75.0
  1
ПИБ
  7
GOST
 72
1
 11
9750.0
 21
329.375
 31
0.0
100
AcDbText
  0
TEXT
  5
3FB
330
17
100
AcDbEntity
  8
FRAME
 62
7
100
AcDbText
 10
9750.0
 20
220.62500000000003
 30
0.0
 40
75.0
  1
агенты pib-*
  7
GOST
 72
1
 11
9750.0
 21
220.62500000000003
 31
0.0
100
AcDbText
  0
ENDSEC
  0
SECTION
  2
OBJECTS
  0
DICTIONARY
  5
A
330
0
100
AcDbDictionary
281
1
  3
ACAD_COLOR
350
B
  3
ACAD_GROUP
350
C
  3
ACAD_LAYOUT
350
D
  3
ACAD_MATERIAL
350
E
  3
ACAD_MLEADERSTYLE
350
F
  3
ACAD_MLINESTYLE
350
10
  3
ACAD_PLOTSETTINGS
350
11
  3
ACAD_PLOTSTYLENAME
350
12
  3
ACAD_SCALELIST
350
14
  3
ACAD_TABLESTYLE
350
15
  3
ACAD_VISUALSTYLE
350
16
  3
EZDXF_META
350
2D
  0
DICTIONARY
  5
B
330
A
100
AcDbDictionary
281
1
  0
DICTIONARY
  5
C
330
A
100
AcDbDictionary
281
1
  0
DICTIONARY
  5
D
330
A
100
AcDbDictionary
281
1
  3
Model
350
1A
  3
Layout1
350
1E
  0
DICTIONARY
  5
E
330
A
100
AcDbDictionary
281
1
  3
ByBlock
350
1F
  3
ByLayer
350
20
  3
Global
350
21
  0
DICTIONARY
  5
F
330
A
100
AcDbDictionary
281
1
  3
Standard
350
2C
  0
DICTIONARY
  5
10
330
A
100
AcDbDictionary
281
1
  3
Standard
350
22
  0
DICTIONARY
  5
11
330
A
100
AcDbDictionary
281
1
  0
ACDBDICTIONARYWDFLT
  5
12
330
A
100
AcDbDictionary
281
1
  3
Normal
350
13
100
AcDbDictionaryWithDefault
340
13
  0
ACDBPLACEHOLDER
  5
13
330
12
  0
DICTIONARY
  5
14
330
A
100
AcDbDictionary
281
1
  0
DICTIONARY
  5
15
330
A
100
AcDbDictionary
281
1
  0
DICTIONARY
  5
16
330
A
100
AcDbDictionary
281
1
  3
2dWireframe
350
5A
  3
Basic
350
5B
  3
Brighten
350
5C
  3
ColorChange
350
5D
  3
Conceptual
350
5E
  3
Dim
350
5F
  3
EdgeColorOff
350
60
  3
Facepattern
350
61
  3
Flat
350
62
  3
FlatWithEdges
350
63
  3
Gouraud
350
64
  3
GouraudWithEdges
350
65
  3
Hidden
350
66
  3
JitterOff
350
67
  3
Linepattern
350
68
  3
Modeling
350
69
  3
OverhangOff
350
6A
  3
Realistic
350
6B
  3
Shaded
350
6C
  3
Shaded with edges
350
6D
  3
Shades of Gray
350
6E
  3
Sketchy
350
6F
  3
Thicken
350
70
  3
Wireframe
350
71
  3
X-Ray
350
72
  0
LAYOUT
  5
1A
330
D
100
AcDbPlotSettings
  1

  4
A3
  6

 40
7.5
 41
20.0
 42
7.5
 43
20.0
 44
420.0
 45
297.0
 46
0.0
 47
0.0
 48
0.0
 49
0.0
140
0.0
141
0.0
142
1.0
143
1.0
 70
1024
 72
1
 73
0
 74
5
  7

 75
16
 76
0
 77
2
 78
300
147
1.0
148
0.0
149
0.0
100
AcDbLayout
  1
Model
 70
1
 71
0
 10
0.0
 20
0.0
 11
420.0
 21
297.0
 12
0.0
 22
0.0
 32
0.0
 14
1e+20
 24
1e+20
 34
1e+20
 15
-1e+20
 25
-1e+20
 35
-1e+20
146
0.0
 13
0.0
 23
0.0
 33
0.0
 16
1.0
 26
0.0
 36
0.0
 17
0.0
 27
1.0
 37
0.0
 76
1
330
17
  0
LAYOUT
  5
1E
330
D
100
AcDbPlotSettings
  1

  4
A3
  6

 40
7.5
 41
20.0
 42
7.5
 43
20.0
 44
420.0
 45
297.0
 46
0.0
 47
0.0
 48
0.0
 49
0.0
140
0.0
141
0.0
142
1.0
143
1.0
 70
0
 72
1
 73
0
 74
5
  7

 75
16
 76
0
 77
2
 78
300
147
1.0
148
0.0
149
0.0
100
AcDbLayout
  1
Layout1
 70
1
 71
1
 10
0.0
 20
0.0
 11
420.0
 21
297.0
 12
0.0
 22
0.0
 32
0.0
 14
1e+20
 24
1e+20
 34
1e+20
 15
-1e+20
 25
-1e+20
 35
-1e+20
146
0.0
 13
0.0
 23
0.0
 33
0.0
 16
1.0
 26
0.0
 36
0.0
 17
0.0
 27
1.0
 37
0.0
 76
1
330
1B
  0
MATERIAL
  5
1F
102
{ACAD_REACTORS
330
E
102
}
330
E
100
AcDbMaterial
  1
ByBlock
  2

 70
0
 40
1.0
 71
1
 41
1.0
 91
-1023410177
 42
1.0
 72
1
  3

 73
1
 74
1
 75
1
 44
0.5
 73
0
 45
1.0
 46
1.0
 77
1
  4

 78
1
 79
1
170
1
 48
1.0
171
1
  6

172
1
173
1
174
1
140
1.0
141
1.0
175
1
  7

176
1
177
1
178
1
143
1.0
179
1
  8

270
1
271
1
272
1
145
1.0
146
1.0
273
1
  9

274
1
275
1
276
1
 42
1.0
 72
1
  3

 73
1
 74
1
 75
1
 94
63
  0
MATERIAL
  5
20
102
{ACAD_REACTORS
330
E
102
}
330
E
100
AcDbMaterial
  1
ByLayer
  2

 70
0
 40
1.0
 71
1
 41
1.0
 91
-1023410177
 42
1.0
 72
1
  3

 73
1
 74
1
 75
1
 44
0.5
 73
0
 45
1.0
 46
1.0
 77
1
  4

 78
1
 79
1
170
1
 48
1.0
171
1
  6

172
1
173
1
174
1
140
1.0
141
1.0
175
1
  7

176
1
177
1
178
1
143
1.0
179
1
  8

270
1
271
1
272
1
145
1.0
146
1.0
273
1
  9

274
1
275
1
276
1
 42
1.0
 72
1
  3

 73
1
 74
1
 75
1
 94
63
  0
MATERIAL
  5
21
102
{ACAD_REACTORS
330
E
102
}
330
E
100
AcDbMaterial
  1
Global
  2

 70
0
 40
1.0
 71
1
 41
1.0
 91
-1023410177
 42
1.0
 72
1
  3

 73
1
 74
1
 75
1
 44
0.5
 73
0
 45
1.0
 46
1.0
 77
1
  4

 78
1
 79
1
170
1
 48
1.0
171
1
  6

172
1
173
1
174
1
140
1.0
141
1.0
175
1
  7

176
1
177
1
178
1
143
1.0
179
1
  8

270
1
271
1
272
1
145
1.0
146
1.0
273
1
  9

274
1
275
1
276
1
 42
1.0
 72
1
  3

 73
1
 74
1
 75
1
 94
63
  0
MLINESTYLE
  5
22
102
{ACAD_REACTORS
330
10
102
}
330
10
100
AcDbMlineStyle
  2
Standard
 70
0
  3

 62
256
 51
90.0
 52
90.0
 71
2
 49
0.5
 62
256
  6
BYLAYER
 49
-0.5
 62
256
  6
BYLAYER
  0
MLEADERSTYLE
  5
2C
102
{ACAD_REACTORS
330
F
102
}
330
F
100
AcDbMLeaderStyle
179
2
170
2
171
1
172
0
 90
2
 40
0.0
 41
0.0
173
1
 91
-1056964608
 92
-2
290
1
 42
2.0
291
1
 43
8.0
  3
Standard
 44
4.0
300

342
29
174
1
175
1
176
0
178
1
 93
-1056964608
 45
4.0
292
0
297
0
 46
4.0
 94
-1056964608
 47
1.0
 49
1.0
140
1.0
294
1
141
0.0
177
0
142
1.0
295
0
296
0
143
3.75
271
0
272
9
273
9
  0
DICTIONARY
  5
2D
330
A
100
AcDbDictionary
280
1
281
1
  3
CREATED_BY_EZDXF
350
2E
  3
WRITTEN_BY_EZDXF
350
3FE
  0
DICTIONARYVAR
  5
2E
330
2D
100
DictionaryVariables
280
0
  1
1.4.4 @ 2026-10-08T17:05:00.091071+00:00
  0
VISUALSTYLE
  5
5A
102
{ACAD_REACTORS
330
16
102
}
330
16
100
AcDbVisualStyle
  2
2dWireframe
 70
4
177
3
291
0
 70
58
 90
2
176
1
 90
2
176
1
 90
0
176
1
 90
0
176
1
 40
0.6
176
1
 40
30.0
176
1
 62
7
420
16777215
176
1
 90
1
176
1
 90
4
176
1
 62
7
176
1
 62
257
176
1
 90
1
176
1
 90
1
176
1
 40
1.0
176
1
 90
8
176
1
 62
7
176
1
 40
1.0
176
1
 90
1
176
1
 90
6
176
1
 90
2
176
1
 62
7
176
1
 90
5
176
1
 90
0
176
1
 90
0
176
1
290
0
176
1
 90
1
176
1
 40
0.0
176
1
 90
0
176
1
290
1
176
1
290
1
176
1
290
0
176
1
290
0
176
1
290
0
176
1
290
0
176
1
290
0
176
1
290
0
176
1
290
0
176
1
 90
50
176
1
 40
0.0
176
1
 40
1.0
176
1
 90
0
176
1
 62
18
420
0
176
1
 90
50
176
1
 90
3
176
1
 62
5
420
255
176
1
290
0
176
1
 90
50
176
1
 90
50
176
1
 90
50
176
1
290
0
176
1
 90
50
176
1
 62
256
176
0
 40
1.0
176
0
 90
2
176
1
  1
strokes_ogs.tif
176
1
290
0
176
1
 40
1.0
176
1
 40
1.0
176
1
  0
VISUALSTYLE
  5
5B
102
{ACAD_REACTORS
330
16
102
}
330
16
100
AcDbVisualStyle
  2
Basic
 70
7
177
3
291
1
 70
58
 90
2
176
1
 90
2
176
1
 90
0
176
1
 90
1
176
1
 40
0.6
176
1
 40
30.0
176
1
 62
7
420
16777215
176
1
 90
1
176
1
 90
4
176
1
 62
7
176
1
 62
257
176
1
 90
1
176
1
 90
1
176
1
 40
1.0
176
1
 90
8
176
1
 62
7
176
1
 40
1.0
176
1
 90
1
176
1
 90
6
176
1
 90
2
176
1
 62
7
176
1
 90
5
176
1
 90
0
176
1
 90
0
176
1
290
0
176
1
 90
1
176
1
 40
0.0
176
1
 90
0
176
1
290
0
176
1
290
1
176
1
290
1
176
1
290
0
176
1
290
0
176
1
290
0
176
1
290
0
176
1
290
0
176
1
290
0
176
1
 90
50
176
1
 40
0.0
176
1
 40
1.0
176
1
 90
0
176
1
 62
18
420
0
176
1
 90
50
176
1
 90
3
176
1
 62
5
420
255
176
1
290
0
176
1
 90
50
176
1
 90
50
176
1
 90
50
176
1
290
0
176
1
 90
50
176
1
 62
256
176
0
 40
1.0
176
0
 90
2
176
1
  1
strokes_ogs.tif
176
1
290
0
176
1
 40
1.0
176
1
 40
1.0
176
1
  0
VISUALSTYLE
  5
5C
102
{ACAD_REACTORS
330
16
102
}
330
16
100
AcDbVisualStyle
  2
Brighten
 70
12
177
3
291
1
 70
58
 90
2
176
1
 90
2
176
1
 90
0
176
1
 90
2
176
1
 40
0.6
176
1
 40
30.0
176
1
 62
7
420
16777215
176
1
 90
1
176
1
 90
4
176
1
 62
7
176
1
 62
257
176
1
 90
1
176
1
 90
1
176
1
 40
1.0
176
1
 90
8
176
1
 62
7
176
1
 40
1.0
176
1
 90
1
176
1
 90
6
176
1
 90
2
176
1
 62
7
176
1
 90
5
176
1
 90
0
176
1
 90
0
176
1
290
0
176
1
 90
1
176
1
 40
0.0
176
1
 90
0
176
1
290
0
176
1
290
1
176
1
290
1
176
1
290
0
176
1
290
0
176
1
290
0
176
1
290
0
176
1
290
0
176
1
290
0
176
1
 90
50
176
1
 40
0.0
176
1
 40
1.0
176
1
 90
0
176
1
 62
18
420
0
176
1
 90
50
176
1
 90
3
176
1
 62
5
420
255
176
1
290
0
176
1
 90
50
176
1
 90
50
176
1
 90
50
176
1
290
0
176
1
 90
50
176
1
 62
256
176
0
 40
1.0
176
0
 90
2
176
1
  1
strokes_ogs.tif
176
1
290
0
176
1
 40
1.0
176
1
 40
1.0
176
1
  0
VISUALSTYLE
  5
5D
102
{ACAD_REACTORS
330
16
102
}
330
16
100
AcDbVisualStyle
  2
ColorChange
 70
16
177
3
291
1
 70
58
 90
2
176
1
 90
2
176
1
 90
0
176
1
 90
2
176
1
 40
0.6
176
1
 40
30.0
176
1
 62
7
420
16777215
176
1
 90
1
176
1
 90
4
176
1
 62
7
176
1
 62
257
176
1
 90
1
176
1
 90
1
176
1
 40
1.0
176
1
 90
8
176
1
 62
7
176
1
 40
1.0
176
1
 90
1
176
1
 90
6
176
1
 90
2
176
1
 62
7
176
1
 90
5
176
1
 90
0
176
1
 90
0
176
1
290
0
176
1
 90
1
176
1
 40
0.0
176
1
 90
0
176
1
290
0
176
1
290
1
176
1
290
1
176
1
290
0
176
1
290
0
176
1
290
0
176
1
290
0
176
1
290
0
176
1
290
0
176
1
 90
50
176
1
 40
0.0
176
1
 40
1.0
176
1
 90
0
176
1
 62
18
420
0
176
1
 90
50
176
1
 90
3
176
1
 62
5
420
255
176
1
290
0
176
1
 90
50
176
1
 90
50
176
1
 90
50
176
1
290
0
176
1
 90
50
176
1
 62
256
176
0
 40
1.0
176
0
 90
2
176
1
  1
strokes_ogs.tif
176
1
290
0
176
1
 40
1.0
176
1
 40
1.0
176
1
  0
VISUALSTYLE
  5
5E
102
{ACAD_REACTORS
330
16
102
}
330
16
100
AcDbVisualStyle
  2
Conceptual
 70
9
177
3
291
0
 70
58
 90
2
176
1
 90
2
176
1
 90
0
176
1
 90
3
176
1
 40
0.6
176
1
 40
30.0
176
1
 62
7
420
16777215
176
1
 90
1
176
1
 90
4
176
1
 62
7
176
1
 62
257
176
1
 90
1
176
1
 90
1
176
1
 40
1.0
176
1
 90
8
176
1
 62
7
176
1
 40
1.0
176
1
 90
1
176
1
 90
6
176
1
 90
2
176
1
 62
7
176
1
 90
5
176
1
 90
0
176
1
 90
0
176
1
290
0
176
1
 90
1
176
1
 40
0.0
176
1
 90
0
176
1
290
0
176
1
290
1
176
1
290
1
176
1
290
0
176
1
290
0
176
1
290
0
176
1
290
0
176
1
290
0
176
1
290
0
176
1
 90
50
176
1
 40
0.0
176
1
 40
1.0
176
1
 90
0
176
1
 62
18
420
0
176
1
 90
50
176
1
 90
3
176
1
 62
5
420
255
176
1
290
0
176
1
 90
50
176
1
 90
50
176
1
 90
50
176
1
290
0
176
1
 90
50
176
1
 62
256
176
0
 40
1.0
176
0
 90
2
176
1
  1
strokes_ogs.tif
176
1
290
0
176
1
 40
1.0
176
1
 40
1.0
176
1
  0
VISUALSTYLE
  5
5F
102
{ACAD_REACTORS
330
16
102
}
330
16
100
AcDbVisualStyle
  2
Dim
 70
11
177
3
291
1
 70
58
 90
2
176
1
 90
2
176
1
 90
0
176
1
 90
2
176
1
 40
0.6
176
1
 40
30.0
176
1
 62
7
420
16777215
176
1
 90
1
176
1
 90
4
176
1
 62
7
176
1
 62
257
176
1
 90
1
176
1
 90
1
176
1
 40
1.0
176
1
 90
8
176
1
 62
7
176
1
 40
1.0
176
1
 90
1
176
1
 90
6
176
1
 90
2
176
1
 62
7
176
1
 90
5
176
1
 90
0
176
1
 90
0
176
1
290
0
176
1
 90
1
176
1
 40
0.0
176
1
 90
0
176
1
290
0
176
1
290
1
176
1
290
1
176
1
290
0
176
1
290
0
176
1
290
0
176
1
290
0
176
1
290
0
176
1
290
0
176
1
 90
50
176
1
 40
0.0
176
1
 40
1.0
176
1
 90
0
176
1
 62
18
420
0
176
1
 90
50
176
1
 90
3
176
1
 62
5
420
255
176
1
290
0
176
1
 90
50
176
1
 90
50
176
1
 90
50
176
1
290
0
176
1
 90
50
176
1
 62
256
176
0
 40
1.0
176
0
 90
2
176
1
  1
strokes_ogs.tif
176
1
290
0
176
1
 40
1.0
176
1
 40
1.0
176
1
  0
VISUALSTYLE
  5
60
102
{ACAD_REACTORS
330
16
102
}
330
16
100
AcDbVisualStyle
  2
EdgeColorOff
 70
22
177
3
291
1
 70
58
 90
2
176
1
 90
2
176
1
 90
0
176
1
 90
2
176
1
 40
0.6
176
1
 40
30.0
176
1
 62
7
420
16777215
176
1
 90
1
176
1
 90
4
176
1
 62
7
176
1
 62
257
176
1
 90
1
176
1
 90
1
176
1
 40
1.0
176
1
 90
8
176
1
 62
7
176
1
 40
1.0
176
1
 90
1
176
1
 90
6
176
1
 90
2
176
1
 62
7
176
1
 90
5
176
1
 90
0
176
1
 90
0
176
1
290
0
176
1
 90
1
176
1
 40
0.0
176
1
 90
0
176
1
290
0
176
1
290
1
176
1
290
1
176
1
290
0
176
1
290
0
176
1
290
0
176
1
290
0
176
1
290
0
176
1
290
0
176
1
 90
50
176
1
 40
0.0
176
1
 40
1.0
176
1
 90
0
176
1
 62
18
420
0
176
1
 90
50
176
1
 90
3
176
1
 62
5
420
255
176
1
290
0
176
1
 90
50
176
1
 90
50
176
1
 90
50
176
1
290
0
176
1
 90
50
176
1
 62
256
176
0
 40
1.0
176
0
 90
2
176
1
  1
strokes_ogs.tif
176
1
290
0
176
1
 40
1.0
176
1
 40
1.0
176
1
  0
VISUALSTYLE
  5
61
102
{ACAD_REACTORS
330
16
102
}
330
16
100
AcDbVisualStyle
  2
Facepattern
 70
15
177
3
291
1
 70
58
 90
2
176
1
 90
2
176
1
 90
0
176
1
 90
2
176
1
 40
0.6
176
1
 40
30.0
176
1
 62
7
420
16777215
176
1
 90
1
176
1
 90
4
176
1
 62
7
176
1
 62
257
176
1
 90
1
176
1
 90
1
176
1
 40
1.0
176
1
 90
8
176
1
 62
7
176
1
 40
1.0
176
1
 90
1
176
1
 90
6
176
1
 90
2
176
1
 62
7
176
1
 90
5
176
1
 90
0
176
1
 90
0
176
1
290
0
176
1
 90
1
176
1
 40
0.0
176
1
 90
0
176
1
290
0
176
1
290
1
176
1
290
1
176
1
290
0
176
1
290
0
176
1
290
0
176
1
290
0
176
1
290
0
176
1
290
0
176
1
 90
50
176
1
 40
0.0
176
1
 40
1.0
176
1
 90
0
176
1
 62
18
420
0
176
1
 90
50
176
1
 90
3
176
1
 62
5
420
255
176
1
290
0
176
1
 90
50
176
1
 90
50
176
1
 90
50
176
1
290
0
176
1
 90
50
176
1
 62
256
176
0
 40
1.0
176
0
 90
2
176
1
  1
strokes_ogs.tif
176
1
290
0
176
1
 40
1.0
176
1
 40
1.0
176
1
  0
VISUALSTYLE
  5
62
102
{ACAD_REACTORS
330
16
102
}
330
16
100
AcDbVisualStyle
  2
Flat
 70
0
177
3
291
1
 70
58
 90
2
176
1
 90
2
176
1
 90
0
176
1
 90
2
176
1
 40
0.6
176
1
 40
30.0
176
1
 62
7
420
16777215
176
1
 90
1
176
1
 90
4
176
1
 62
7
176
1
 62
257
176
1
 90
1
176
1
 90
1
176
1
 40
1.0
176
1
 90
8
176
1
 62
7
176
1
 40
1.0
176
1
 90
1
176
1
 90
6
176
1
 90
2
176
1
 62
7
176
1
 90
5
176
1
 90
0
176
1
 90
0
176
1
290
0
176
1
 90
1
176
1
 40
0.0
176
1
 90
0
176
1
290
0
176
1
290
1
176
1
290
1
176
1
290
0
176
1
290
0
176
1
290
0
176
1
290
0
176
1
290
0
176
1
290
0
176
1
 90
50
176
1
 40
0.0
176
1
 40
1.0
176
1
 90
0
176
1
 62
18
420
0
176
1
 90
50
176
1
 90
3
176
1
 62
5
420
255
176
1
290
0
176
1
 90
50
176
1
 90
50
176
1
 90
50
176
1
290
0
176
1
 90
50
176
1
 62
256
176
0
 40
1.0
176
0
 90
2
176
1
  1
strokes_ogs.tif
176
1
290
0
176
1
 40
1.0
176
1
 40
1.0
176
1
  0
VISUALSTYLE
  5
63
102
{ACAD_REACTORS
330
16
102
}
330
16
100
AcDbVisualStyle
  2
FlatWithEdges
 70
1
177
3
291
1
 70
58
 90
2
176
1
 90
2
176
1
 90
0
176
1
 90
2
176
1
 40
0.6
176
1
 40
30.0
176
1
 62
7
420
16777215
176
1
 90
1
176
1
 90
4
176
1
 62
7
176
1
 62
257
176
1
 90
1
176
1
 90
1
176
1
 40
1.0
176
1
 90
8
176
1
 62
7
176
1
 40
1.0
176
1
 90
1
176
1
 90
6
176
1
 90
2
176
1
 62
7
176
1
 90
5
176
1
 90
0
176
1
 90
0
176
1
290
0
176
1
 90
1
176
1
 40
0.0
176
1
 90
0
176
1
290
0
176
1
290
1
176
1
290
1
176
1
290
0
176
1
290
0
176
1
290
0
176
1
290
0
176
1
290
0
176
1
290
0
176
1
 90
50
176
1
 40
0.0
176
1
 40
1.0
176
1
 90
0
176
1
 62
18
420
0
176
1
 90
50
176
1
 90
3
176
1
 62
5
420
255
176
1
290
0
176
1
 90
50
176
1
 90
50
176
1
 90
50
176
1
290
0
176
1
 90
50
176
1
 62
256
176
0
 40
1.0
176
0
 90
2
176
1
  1
strokes_ogs.tif
176
1
290
0
176
1
 40
1.0
176
1
 40
1.0
176
1
  0
VISUALSTYLE
  5
64
102
{ACAD_REACTORS
330
16
102
}
330
16
100
AcDbVisualStyle
  2
Gouraud
 70
2
177
3
291
1
 70
58
 90
2
176
1
 90
2
176
1
 90
0
176
1
 90
2
176
1
 40
0.6
176
1
 40
30.0
176
1
 62
7
420
16777215
176
1
 90
1
176
1
 90
4
176
1
 62
7
176
1
 62
257
176
1
 90
1
176
1
 90
1
176
1
 40
1.0
176
1
 90
8
176
1
 62
7
176
1
 40
1.0
176
1
 90
1
176
1
 90
6
176
1
 90
2
176
1
 62
7
176
1
 90
5
176
1
 90
0
176
1
 90
0
176
1
290
0
176
1
 90
1
176
1
 40
0.0
176
1
 90
0
176
1
290
0
176
1
290
1
176
1
290
1
176
1
290
0
176
1
290
0
176
1
290
0
176
1
290
0
176
1
290
0
176
1
290
0
176
1
 90
50
176
1
 40
0.0
176
1
 40
1.0
176
1
 90
0
176
1
 62
18
420
0
176
1
 90
50
176
1
 90
3
176
1
 62
5
420
255
176
1
290
0
176
1
 90
50
176
1
 90
50
176
1
 90
50
176
1
290
0
176
1
 90
50
176
1
 62
256
176
0
 40
1.0
176
0
 90
2
176
1
  1
strokes_ogs.tif
176
1
290
0
176
1
 40
1.0
176
1
 40
1.0
176
1
  0
VISUALSTYLE
  5
65
102
{ACAD_REACTORS
330
16
102
}
330
16
100
AcDbVisualStyle
  2
GouraudWithEdges
 70
3
177
3
291
1
 70
58
 90
2
176
1
 90
2
176
1
 90
0
176
1
 90
2
176
1
 40
0.6
176
1
 40
30.0
176
1
 62
7
420
16777215
176
1
 90
1
176
1
 90
4
176
1
 62
7
176
1
 62
257
176
1
 90
1
176
1
 90
1
176
1
 40
1.0
176
1
 90
8
176
1
 62
7
176
1
 40
1.0
176
1
 90
1
176
1
 90
6
176
1
 90
2
176
1
 62
7
176
1
 90
5
176
1
 90
0
176
1
 90
0
176
1
290
0
176
1
 90
1
176
1
 40
0.0
176
1
 90
0
176
1
290
0
176
1
290
1
176
1
290
1
176
1
290
0
176
1
290
0
176
1
290
0
176
1
290
0
176
1
290
0
176
1
290
0
176
1
 90
50
176
1
 40
0.0
176
1
 40
1.0
176
1
 90
0
176
1
 62
18
420
0
176
1
 90
50
176
1
 90
3
176
1
 62
5
420
255
176
1
290
0
176
1
 90
50
176
1
 90
50
176
1
 90
50
176
1
290
0
176
1
 90
50
176
1
 62
256
176
0
 40
1.0
176
0
 90
2
176
1
  1
strokes_ogs.tif
176
1
290
0
176
1
 40
1.0
176
1
 40
1.0
176
1
  0
VISUALSTYLE
  5
66
102
{ACAD_REACTORS
330
16
102
}
330
16
100
AcDbVisualStyle
  2
Hidden
 70
6
177
3
291
0
 70
58
 90
2
176
1
 90
2
176
1
 90
0
176
1
 90
1
176
1
 40
0.6
176
1
 40
30.0
176
1
 62
7
420
16777215
176
1
 90
1
176
1
 90
4
176
1
 62
7
176
1
 62
257
176
1
 90
1
176
1
 90
1
176
1
 40
1.0
176
1
 90
8
176
1
 62
7
176
1
 40
1.0
176
1
 90
1
176
1
 90
6
176
1
 90
2
176
1
 62
7
176
1
 90
5
176
1
 90
0
176
1
 90
0
176
1
290
0
176
1
 90
1
176
1
 40
0.0
176
1
 90
0
176
1
290
0
176
1
290
1
176
1
290
1
176
1
290
0
176
1
290
0
176
1
290
0
176
1
290
0
176
1
290
0
176
1
290
0
176
1
 90
50
176
1
 40
0.0
176
1
 40
1.0
176
1
 90
0
176
1
 62
18
420
0
176
1
 90
50
176
1
 90
3
176
1
 62
5
420
255
176
1
290
0
176
1
 90
50
176
1
 90
50
176
1
 90
50
176
1
290
0
176
1
 90
50
176
1
 62
256
176
0
 40
1.0
176
0
 90
2
176
1
  1
strokes_ogs.tif
176
1
290
0
176
1
 40
1.0
176
1
 40
1.0
176
1
  0
VISUALSTYLE
  5
67
102
{ACAD_REACTORS
330
16
102
}
330
16
100
AcDbVisualStyle
  2
JitterOff
 70
20
177
3
291
1
 70
58
 90
2
176
1
 90
2
176
1
 90
0
176
1
 90
2
176
1
 40
0.6
176
1
 40
30.0
176
1
 62
7
420
16777215
176
1
 90
1
176
1
 90
4
176
1
 62
7
176
1
 62
257
176
1
 90
1
176
1
 90
1
176
1
 40
1.0
176
1
 90
8
176
1
 62
7
176
1
 40
1.0
176
1
 90
1
176
1
 90
6
176
1
 90
2
176
1
 62
7
176
1
 90
5
176
1
 90
0
176
1
 90
0
176
1
290
0
176
1
 90
1
176
1
 40
0.0
176
1
 90
0
176
1
290
0
176
1
290
1
176
1
290
1
176
1
290
0
176
1
290
0
176
1
290
0
176
1
290
0
176
1
290
0
176
1
290
0
176
1
 90
50
176
1
 40
0.0
176
1
 40
1.0
176
1
 90
0
176
1
 62
18
420
0
176
1
 90
50
176
1
 90
3
176
1
 62
5
420
255
176
1
290
0
176
1
 90
50
176
1
 90
50
176
1
 90
50
176
1
290
0
176
1
 90
50
176
1
 62
256
176
0
 40
1.0
176
0
 90
2
176
1
  1
strokes_ogs.tif
176
1
290
0
176
1
 40
1.0
176
1
 40
1.0
176
1
  0
VISUALSTYLE
  5
68
102
{ACAD_REACTORS
330
16
102
}
330
16
100
AcDbVisualStyle
  2
Linepattern
 70
14
177
3
291
1
 70
58
 90
2
176
1
 90
2
176
1
 90
0
176
1
 90
2
176
1
 40
0.6
176
1
 40
30.0
176
1
 62
7
420
16777215
176
1
 90
1
176
1
 90
4
176
1
 62
7
176
1
 62
257
176
1
 90
1
176
1
 90
1
176
1
 40
1.0
176
1
 90
8
176
1
 62
7
176
1
 40
1.0
176
1
 90
1
176
1
 90
6
176
1
 90
2
176
1
 62
7
176
1
 90
5
176
1
 90
0
176
1
 90
0
176
1
290
0
176
1
 90
1
176
1
 40
0.0
176
1
 90
0
176
1
290
0
176
1
290
1
176
1
290
1
176
1
290
0
176
1
290
0
176
1
290
0
176
1
290
0
176
1
290
0
176
1
290
0
176
1
 90
50
176
1
 40
0.0
176
1
 40
1.0
176
1
 90
0
176
1
 62
18
420
0
176
1
 90
50
176
1
 90
3
176
1
 62
5
420
255
176
1
290
0
176
1
 90
50
176
1
 90
50
176
1
 90
50
176
1
290
0
176
1
 90
50
176
1
 62
256
176
0
 40
1.0
176
0
 90
2
176
1
  1
strokes_ogs.tif
176
1
290
0
176
1
 40
1.0
176
1
 40
1.0
176
1
  0
VISUALSTYLE
  5
69
102
{ACAD_REACTORS
330
16
102
}
330
16
100
AcDbVisualStyle
  2
Modeling
 70
10
177
3
291
0
 70
58
 90
2
176
1
 90
2
176
1
 90
0
176
1
 90
2
176
1
 40
0.6
176
1
 40
30.0
176
1
 62
7
420
16777215
176
1
 90
1
176
1
 90
4
176
1
 62
7
176
1
 62
257
176
1
 90
1
176
1
 90
1
176
1
 40
1.0
176
1
 90
8
176
1
 62
7
176
1
 40
1.0
176
1
 90
1
176
1
 90
6
176
1
 90
2
176
1
 62
7
176
1
 90
5
176
1
 90
0
176
1
 90
0
176
1
290
0
176
1
 90
1
176
1
 40
0.0
176
1
 90
0
176
1
290
0
176
1
290
1
176
1
290
1
176
1
290
0
176
1
290
0
176
1
290
0
176
1
290
0
176
1
290
0
176
1
290
0
176
1
 90
50
176
1
 40
0.0
176
1
 40
1.0
176
1
 90
0
176
1
 62
18
420
0
176
1
 90
50
176
1
 90
3
176
1
 62
5
420
255
176
1
290
0
176
1
 90
50
176
1
 90
50
176
1
 90
50
176
1
290
0
176
1
 90
50
176
1
 62
256
176
0
 40
1.0
176
0
 90
2
176
1
  1
strokes_ogs.tif
176
1
290
0
176
1
 40
1.0
176
1
 40
1.0
176
1
  0
VISUALSTYLE
  5
6A
102
{ACAD_REACTORS
330
16
102
}
330
16
100
AcDbVisualStyle
  2
OverhangOff
 70
21
177
3
291
1
 70
58
 90
2
176
1
 90
2
176
1
 90
0
176
1
 90
2
176
1
 40
0.6
176
1
 40
30.0
176
1
 62
7
420
16777215
176
1
 90
1
176
1
 90
4
176
1
 62
7
176
1
 62
257
176
1
 90
1
176
1
 90
1
176
1
 40
1.0
176
1
 90
8
176
1
 62
7
176
1
 40
1.0
176
1
 90
1
176
1
 90
6
176
1
 90
2
176
1
 62
7
176
1
 90
5
176
1
 90
0
176
1
 90
0
176
1
290
0
176
1
 90
1
176
1
 40
0.0
176
1
 90
0
176
1
290
0
176
1
290
1
176
1
290
1
176
1
290
0
176
1
290
0
176
1
290
0
176
1
290
0
176
1
290
0
176
1
290
0
176
1
 90
50
176
1
 40
0.0
176
1
 40
1.0
176
1
 90
0
176
1
 62
18
420
0
176
1
 90
50
176
1
 90
3
176
1
 62
5
420
255
176
1
290
0
176
1
 90
50
176
1
 90
50
176
1
 90
50
176
1
290
0
176
1
 90
50
176
1
 62
256
176
0
 40
1.0
176
0
 90
2
176
1
  1
strokes_ogs.tif
176
1
290
0
176
1
 40
1.0
176
1
 40
1.0
176
1
  0
VISUALSTYLE
  5
6B
102
{ACAD_REACTORS
330
16
102
}
330
16
100
AcDbVisualStyle
  2
Realistic
 70
8
177
3
291
0
 70
58
 90
2
176
1
 90
2
176
1
 90
0
176
1
 90
2
176
1
 40
0.6
176
1
 40
30.0
176
1
 62
7
420
16777215
176
1
 90
1
176
1
 90
4
176
1
 62
7
176
1
 62
257
176
1
 90
1
176
1
 90
1
176
1
 40
1.0
176
1
 90
8
176
1
 62
7
176
1
 40
1.0
176
1
 90
1
176
1
 90
6
176
1
 90
2
176
1
 62
7
176
1
 90
5
176
1
 90
0
176
1
 90
0
176
1
290
0
176
1
 90
1
176
1
 40
0.0
176
1
 90
0
176
1
290
0
176
1
290
1
176
1
290
1
176
1
290
0
176
1
290
0
176
1
290
0
176
1
290
0
176
1
290
0
176
1
290
0
176
1
 90
50
176
1
 40
0.0
176
1
 40
1.0
176
1
 90
0
176
1
 62
18
420
0
176
1
 90
50
176
1
 90
3
176
1
 62
5
420
255
176
1
290
0
176
1
 90
50
176
1
 90
50
176
1
 90
50
176
1
290
0
176
1
 90
50
176
1
 62
256
176
0
 40
1.0
176
0
 90
2
176
1
  1
strokes_ogs.tif
176
1
290
0
176
1
 40
1.0
176
1
 40
1.0
176
1
  0
VISUALSTYLE
  5
6C
102
{ACAD_REACTORS
330
16
102
}
330
16
100
AcDbVisualStyle
  2
Shaded
 70
27
177
3
291
0
 70
58
 90
2
176
1
 90
2
176
1
 90
0
176
1
 90
2
176
1
 40
0.6
176
1
 40
30.0
176
1
 62
7
420
16777215
176
1
 90
1
176
1
 90
4
176
1
 62
7
176
1
 62
257
176
1
 90
1
176
1
 90
1
176
1
 40
1.0
176
1
 90
8
176
1
 62
7
176
1
 40
1.0
176
1
 90
1
176
1
 90
6
176
1
 90
2
176
1
 62
7
176
1
 90
5
176
1
 90
0
176
1
 90
0
176
1
290
0
176
1
 90
1
176
1
 40
0.0
176
1
 90
0
176
1
290
0
176
1
290
1
176
1
290
1
176
1
290
0
176
1
290
0
176
1
290
0
176
1
290
0
176
1
290
0
176
1
290
0
176
1
 90
50
176
1
 40
0.0
176
1
 40
1.0
176
1
 90
0
176
1
 62
18
420
0
176
1
 90
50
176
1
 90
3
176
1
 62
5
420
255
176
1
290
0
176
1
 90
50
176
1
 90
50
176
1
 90
50
176
1
290
0
176
1
 90
50
176
1
 62
256
176
0
 40
1.0
176
0
 90
2
176
1
  1
strokes_ogs.tif
176
1
290
0
176
1
 40
1.0
176
1
 40
1.0
176
1
  0
VISUALSTYLE
  5
6D
102
{ACAD_REACTORS
330
16
102
}
330
16
100
AcDbVisualStyle
  2
Shaded with edges
 70
26
177
3
291
0
 70
58
 90
2
176
1
 90
2
176
1
 90
0
176
1
 90
2
176
1
 40
0.6
176
1
 40
30.0
176
1
 62
7
420
16777215
176
1
 90
1
176
1
 90
4
176
1
 62
7
176
1
 62
257
176
1
 90
1
176
1
 90
1
176
1
 40
1.0
176
1
 90
8
176
1
 62
7
176
1
 40
1.0
176
1
 90
1
176
1
 90
6
176
1
 90
2
176
1
 62
7
176
1
 90
5
176
1
 90
0
176
1
 90
0
176
1
290
0
176
1
 90
1
176
1
 40
0.0
176
1
 90
0
176
1
290
0
176
1
290
1
176
1
290
1
176
1
290
0
176
1
290
0
176
1
290
0
176
1
290
0
176
1
290
0
176
1
290
0
176
1
 90
50
176
1
 40
0.0
176
1
 40
1.0
176
1
 90
0
176
1
 62
18
420
0
176
1
 90
50
176
1
 90
3
176
1
 62
5
420
255
176
1
290
0
176
1
 90
50
176
1
 90
50
176
1
 90
50
176
1
290
0
176
1
 90
50
176
1
 62
256
176
0
 40
1.0
176
0
 90
2
176
1
  1
strokes_ogs.tif
176
1
290
0
176
1
 40
1.0
176
1
 40
1.0
176
1
  0
VISUALSTYLE
  5
6E
102
{ACAD_REACTORS
330
16
102
}
330
16
100
AcDbVisualStyle
  2
Shades of Gray
 70
23
177
3
291
0
 70
58
 90
2
176
1
 90
2
176
1
 90
0
176
1
 90
2
176
1
 40
0.6
176
1
 40
30.0
176
1
 62
7
420
16777215
176
1
 90
1
176
1
 90
4
176
1
 62
7
176
1
 62
257
176
1
 90
1
176
1
 90
1
176
1
 40
1.0
176
1
 90
8
176
1
 62
7
176
1
 40
1.0
176
1
 90
1
176
1
 90
6
176
1
 90
2
176
1
 62
7
176
1
 90
5
176
1
 90
0
176
1
 90
0
176
1
290
0
176
1
 90
1
176
1
 40
0.0
176
1
 90
0
176
1
290
0
176
1
290
1
176
1
290
1
176
1
290
0
176
1
290
0
176
1
290
0
176
1
290
0
176
1
290
0
176
1
290
0
176
1
 90
50
176
1
 40
0.0
176
1
 40
1.0
176
1
 90
0
176
1
 62
18
420
0
176
1
 90
50
176
1
 90
3
176
1
 62
5
420
255
176
1
290
0
176
1
 90
50
176
1
 90
50
176
1
 90
50
176
1
290
0
176
1
 90
50
176
1
 62
256
176
0
 40
1.0
176
0
 90
2
176
1
  1
strokes_ogs.tif
176
1
290
0
176
1
 40
1.0
176
1
 40
1.0
176
1
  0
VISUALSTYLE
  5
6F
102
{ACAD_REACTORS
330
16
102
}
330
16
100
AcDbVisualStyle
  2
Sketchy
 70
24
177
3
291
0
 70
58
 90
2
176
1
 90
2
176
1
 90
0
176
1
 90
1
176
1
 40
0.6
176
1
 40
30.0
176
1
 62
7
420
16777215
176
1
 90
1
176
1
 90
4
176
1
 62
7
176
1
 62
257
176
1
 90
1
176
1
 90
1
176
1
 40
1.0
176
1
 90
8
176
1
 62
7
176
1
 40
1.0
176
1
 90
1
176
1
 90
6
176
1
 90
2
176
1
 62
7
176
1
 90
5
176
1
 90
0
176
1
 90
0
176
1
290
0
176
1
 90
1
176
1
 40
0.0
176
1
 90
0
176
1
290
0
176
1
290
1
176
1
290
1
176
1
290
0
176
1
290
0
176
1
290
0
176
1
290
0
176
1
290
0
176
1
290
0
176
1
 90
50
176
1
 40
0.0
176
1
 40
1.0
176
1
 90
0
176
1
 62
18
420
0
176
1
 90
50
176
1
 90
3
176
1
 62
5
420
255
176
1
290
0
176
1
 90
50
176
1
 90
50
176
1
 90
50
176
1
290
0
176
1
 90
50
176
1
 62
256
176
0
 40
1.0
176
0
 90
2
176
1
  1
strokes_ogs.tif
176
1
290
0
176
1
 40
1.0
176
1
 40
1.0
176
1
  0
VISUALSTYLE
  5
70
102
{ACAD_REACTORS
330
16
102
}
330
16
100
AcDbVisualStyle
  2
Thicken
 70
13
177
3
291
1
 70
58
 90
2
176
1
 90
2
176
1
 90
0
176
1
 90
2
176
1
 40
0.6
176
1
 40
30.0
176
1
 62
7
420
16777215
176
1
 90
1
176
1
 90
4
176
1
 62
7
176
1
 62
257
176
1
 90
1
176
1
 90
1
176
1
 40
1.0
176
1
 90
8
176
1
 62
7
176
1
 40
1.0
176
1
 90
1
176
1
 90
6
176
1
 90
2
176
1
 62
7
176
1
 90
5
176
1
 90
0
176
1
 90
0
176
1
290
0
176
1
 90
1
176
1
 40
0.0
176
1
 90
0
176
1
290
0
176
1
290
1
176
1
290
1
176
1
290
0
176
1
290
0
176
1
290
0
176
1
290
0
176
1
290
0
176
1
290
0
176
1
 90
50
176
1
 40
0.0
176
1
 40
1.0
176
1
 90
0
176
1
 62
18
420
0
176
1
 90
50
176
1
 90
3
176
1
 62
5
420
255
176
1
290
0
176
1
 90
50
176
1
 90
50
176
1
 90
50
176
1
290
0
176
1
 90
50
176
1
 62
256
176
0
 40
1.0
176
0
 90
2
176
1
  1
strokes_ogs.tif
176
1
290
0
176
1
 40
1.0
176
1
 40
1.0
176
1
  0
VISUALSTYLE
  5
71
102
{ACAD_REACTORS
330
16
102
}
330
16
100
AcDbVisualStyle
  2
Wireframe
 70
5
177
3
291
0
 70
58
 90
2
176
1
 90
2
176
1
 90
0
176
1
 90
0
176
1
 40
0.6
176
1
 40
30.0
176
1
 62
7
420
16777215
176
1
 90
1
176
1
 90
4
176
1
 62
7
176
1
 62
257
176
1
 90
1
176
1
 90
1
176
1
 40
1.0
176
1
 90
8
176
1
 62
7
176
1
 40
1.0
176
1
 90
1
176
1
 90
6
176
1
 90
2
176
1
 62
7
176
1
 90
5
176
1
 90
0
176
1
 90
0
176
1
290
0
176
1
 90
1
176
1
 40
0.0
176
1
 90
0
176
1
290
0
176
1
290
1
176
1
290
1
176
1
290
0
176
1
290
0
176
1
290
0
176
1
290
0
176
1
290
0
176
1
290
0
176
1
 90
50
176
1
 40
0.0
176
1
 40
1.0
176
1
 90
0
176
1
 62
18
420
0
176
1
 90
50
176
1
 90
3
176
1
 62
5
420
255
176
1
290
0
176
1
 90
50
176
1
 90
50
176
1
 90
50
176
1
290
0
176
1
 90
50
176
1
 62
256
176
0
 40
1.0
176
0
 90
2
176
1
  1
strokes_ogs.tif
176
1
290
0
176
1
 40
1.0
176
1
 40
1.0
176
1
  0
VISUALSTYLE
  5
72
102
{ACAD_REACTORS
330
16
102
}
330
16
100
AcDbVisualStyle
  2
X-Ray
 70
25
177
3
291
0
 70
58
 90
2
176
1
 90
2
176
1
 90
0
176
1
 90
2
176
1
 40
0.5
176
1
 40
30.0
176
1
 62
7
420
16777215
176
1
 90
1
176
1
 90
4
176
1
 62
7
176
1
 62
257
176
1
 90
1
176
1
 90
1
176
1
 40
1.0
176
1
 90
8
176
1
 62
7
176
1
 40
1.0
176
1
 90
1
176
1
 90
6
176
1
 90
2
176
1
 62
7
176
1
 90
5
176
1
 90
0
176
1
 90
0
176
1
290
0
176
1
 90
1
176
1
 40
0.0
176
1
 90
0
176
1
290
0
176
1
290
1
176
1
290
1
176
1
290
0
176
1
290
0
176
1
290
0
176
1
290
0
176
1
290
0
176
1
290
0
176
1
 90
50
176
1
 40
0.0
176
1
 40
1.0
176
1
 90
0
176
1
 62
18
420
0
176
1
 90
50
176
1
 90
3
176
1
 62
5
420
255
176
1
290
0
176
1
 90
50
176
1
 90
50
176
1
 90
50
176
1
290
0
176
1
 90
50
176
1
 62
256
176
0
 40
1.0
176
0
 90
2
176
1
  1
strokes_ogs.tif
176
1
290
0
176
1
 40
1.0
176
1
 40
1.0
176
1
  0
DICTIONARYVAR
  5
3FE
330
2D
100
DictionaryVariables
280
0
  1
1.4.4 @ 2026-10-08T17:05:00.122127+00:00
  0
ENDSEC
  0
EOF
