  0
SECTION
  2
HEADER
  9
$ACADVER
  1
AC1032
  9
$ACADMAINTVER
 90
4
  9
$DWGCODEPAGE
  3
ANSI_1252
  9
$LASTSAVEDBY
  1
ezdxf
  9
$REQUIREDVERSIONS
160
0
  9
$INSBASE
 10
0.0
 20
0.0
 30
0.0
  9
$EXTMIN
 10
1e+20
 20
1e+20
 30
1e+20
  9
$EXTMAX
 10
-1e+20
 20
-1e+20
 30
-1e+20
  9
$LIMMIN
 10
0.0
 20
0.0
  9
$LIMMAX
 10
420.0
 20
297.0
  9
$ORTHOMODE
 70
0
  9
$REGENMODE
 70
1
  9
$FILLMODE
 70
1
  9
$QTEXTMODE
 70
0
  9
$MIRRTEXT
 70
1
  9
$LTSCALE
 40
1.0
  9
$ATTMODE
 70
1
  9
$TEXTSIZE
 40
2.5
  9
$TRACEWID
 40
1.0
  9
$TEXTSTYLE
  7
OpenSans
  9
$CLAYER
  8
0
  9
$CELTYPE
  6
ByLayer
  9
$CECOLOR
 62
256
  9
$CELTSCALE
 40
1.0
  9
$DISPSILH
 70
0
  9
$DIMSCALE
 40
1.0
  9
$DIMASZ
 40
0.175
  9
$DIMEXO
 40
0.125
  9
$DIMDLI
 40
3.75
  9
$DIMRND
 40
0.0
  9
$DIMDLE
 40
0.0
  9
$DIMEXE
 40
0.375
  9
$DIMTP
 40
0.0
  9
$DIMTM
 40
0.0
  9
$DIMTXT
 40
0.25
  9
$DIMCEN
 40
2.5
  9
$DIMTSZ
 40
0.0
  9
$DIMTOL
 70
0
  9
$DIMLIM
 70
0
  9
$DIMTIH
 70
0
  9
$DIMTOH
 70
0
  9
$DIMSE1
 70
0
  9
$DIMSE2
 70
0
  9
$DIMTAD
 70
1
  9
$DIMZIN
 70
12
  9
$DIMBLK
  1
ARCHTICK
  9
$DIMASO
 70
1
  9
$DIMSHO
 70
1
  9
$DIMPOST
  1

  9
$DIMAPOST
  1

  9
$DIMALT
 70
0
  9
$DIMALTD
 70
3
  9
$DIMALTF
 40
0.03937007874
  9
$DIMLFAC
 40
100.0
  9
$DIMTOFL
 70
1
  9
$DIMTVP
 40
0.0
  9
$DIMTIX
 70
0
  9
$DIMSOXD
 70
0
  9
$DIMSAH
 70
0
  9
$DIMBLK1
  1

  9
$DIMBLK2
  1

  9
$DIMSTYLE
  2
EZDXF
  9
$DIMCLRD
 70
0
  9
$DIMCLRE
 70
0
  9
$DIMCLRT
 70
0
  9
$DIMTFAC
 40
0.5
  9
$DIMGAP
 40
0.1
  9
$DIMJUST
 70
0
  9
$DIMSD1
 70
0
  9
$DIMSD2
 70
0
  9
$DIMTOLJ
 70
0
  9
$DIMTZIN
 70
8
  9
$DIMALTZ
 70
0
  9
$DIMALTTZ
 70
0
  9
$DIMUPT
 70
1
  9
$DIMDEC
 70
2
  9
$DIMTDEC
 70
2
  9
$DIMALTU
 70
2
  9
$DIMALTTD
 70
3
  9
$DIMTXSTY
  7
OpenSansCondensed-Light
  9
$DIMAUNIT
 70
0
  9
$DIMADEC
 70
2
  9
$DIMALTRND
 40
0.0
  9
$DIMAZIN
 70
3
  9
$DIMDSEP
 70
46
  9
$DIMATFIT
 70
3
  9
$DIMFRAC
 70
0
  9
$DIMLDRBLK
  1

  9
$DIMLUNIT
 70
2
  9
$DIMLWD
 70
-2
  9
$DIMLWE
 70
-2
  9
$DIMTMOVE
 70
2
  9
$DIMFXL
 40
1.0
  9
$DIMFXLON
 70
0
  9
$DIMJOGANG
 40
0.785398163397
  9
$DIMTFILL
 70
0
  9
$DIMTFILLCLR
 70
0
  9
$DIMARCSYM
 70
0
  9
$DIMLTYPE
  6

  9
$DIMLTEX1
  6

  9
$DIMLTEX2
  6

  9
$DIMTXTDIRECTION
 70
0
  9
$LUNITS
 70
2
  9
$LUPREC
 70
4
  9
$SKETCHINC
 40
1.0
  9
$FILLETRAD
 40
10.0
  9
$AUNITS
 70
0
  9
$AUPREC
 70
2
  9
$MENU
  1
.
  9
$ELEVATION
 40
0.0
  9
$PELEVATION
 40
0.0
  9
$THICKNESS
 40
0.0
  9
$LIMCHECK
 70
0
  9
$CHAMFERA
 40
0.0
  9
$CHAMFERB
 40
0.0
  9
$CHAMFERC
 40
0.0
  9
$CHAMFERD
 40
0.0
  9
$SKPOLY
 70
0
  9
$TDCREATE
 40
2461322.734074074
  9
$TDUCREATE
 40
2458532.153996898
  9
$TDUPDATE
 40
2461322.734074074
  9
$TDUUPDATE
 40
2458532.1544311
  9
$TDINDWG
 40
0.0
  9
$TDUSRTIMER
 40
0.0
  9
$USRTIMER
 70
1
  9
$ANGBASE
 50
0.0
  9
$ANGDIR
 70
0
  9
$PDMODE
 70
0
  9
$PDSIZE
 40
0.0
  9
$PLINEWID
 40
0.0
  9
$SPLFRAME
 70
0
  9
$SPLINETYPE
 70
6
  9
$SPLINESEGS
 70
8
  9
$HANDSEED
  5
38B
  9
$SURFTAB1
 70
6
  9
$SURFTAB2
 70
6
  9
$SURFTYPE
 70
6
  9
$SURFU
 70
6
  9
$SURFV
 70
6
  9
$UCSBASE
  2

  9
$UCSNAME
  2

  9
$UCSORG
 10
0.0
 20
0.0
 30
0.0
  9
$UCSXDIR
 10
1.0
 20
0.0
 30
0.0
  9
$UCSYDIR
 10
0.0
 20
1.0
 30
0.0
  9
$UCSORTHOREF
  2

  9
$UCSORTHOVIEW
 70
0
  9
$UCSORGTOP
 10
0.0
 20
0.0
 30
0.0
  9
$UCSORGBOTTOM
 10
0.0
 20
0.0
 30
0.0
  9
$UCSORGLEFT
 10
0.0
 20
0.0
 30
0.0
  9
$UCSORGRIGHT
 10
0.0
 20
0.0
 30
0.0
  9
$UCSORGFRONT
 10
0.0
 20
0.0
 30
0.0
  9
$UCSORGBACK
 10
0.0
 20
0.0
 30
0.0
  9
$PUCSBASE
  2

  9
$PUCSNAME
  2

  9
$PUCSORG
 10
0.0
 20
0.0
 30
0.0
  9
$PUCSXDIR
 10
1.0
 20
0.0
 30
0.0
  9
$PUCSYDIR
 10
0.0
 20
1.0
 30
0.0
  9
$PUCSORTHOREF
  2

  9
$PUCSORTHOVIEW
 70
0
  9
$PUCSORGTOP
 10
0.0
 20
0.0
 30
0.0
  9
$PUCSORGBOTTOM
 10
0.0
 20
0.0
 30
0.0
  9
$PUCSORGLEFT
 10
0.0
 20
0.0
 30
0.0
  9
$PUCSORGRIGHT
 10
0.0
 20
0.0
 30
0.0
  9
$PUCSORGFRONT
 10
0.0
 20
0.0
 30
0.0
  9
$PUCSORGBACK
 10
0.0
 20
0.0
 30
0.0
  9
$USERI1
 70
0
  9
$USERI2
 70
0
  9
$USERI3
 70
0
  9
$USERI4
 70
0
  9
$USERI5
 70
0
  9
$USERR1
 40
0.0
  9
$USERR2
 40
0.0
  9
$USERR3
 40
0.0
  9
$USERR4
 40
0.0
  9
$USERR5
 40
0.0
  9
$WORLDVIEW
 70
1
  9
$SHADEDGE
 70
3
  9
$SHADEDIF
 70
70
  9
$TILEMODE
 70
1
  9
$MAXACTVP
 70
64
  9
$PINSBASE
 10
0.0
 20
0.0
 30
0.0
  9
$PLIMCHECK
 70
0
  9
$PEXTMIN
 10
1e+20
 20
1e+20
 30
1e+20
  9
$PEXTMAX
 10
-1e+20
 20
-1e+20
 30
-1e+20
  9
$PLIMMIN
 10
0.0
 20
0.0
  9
$PLIMMAX
 10
420.0
 20
297.0
  9
$UNITMODE
 70
0
  9
$VISRETAIN
 70
1
  9
$PLINEGEN
 70
0
  9
$PSLTSCALE
 70
1
  9
$TREEDEPTH
 70
3020
  9
$CMLSTYLE
  2
Standard
  9
$CMLJUST
 70
0
  9
$CMLSCALE
 40
20.0
  9
$PROXYGRAPHICS
 70
1
  9
$MEASUREMENT
 70
1
  9
$CELWEIGHT
370
-1
  9
$ENDCAPS
280
0
  9
$JOINSTYLE
280
0
  9
$LWDISPLAY
290
0
  9
$INSUNITS
 70
4
  9
$HYPERLINKBASE
  1

  9
$STYLESHEET
  1

  9
$XEDIT
290
1
  9
$CEPSNTYPE
380
0
  9
$PSTYLEMODE
290
1
  9
$FINGERPRINTGUID
  2
{A030FDFC-8F27-4F87-AF5D-2A6F8E90F4EC}
  9
$VERSIONGUID
  2
{859E9B53-89B9-49F0-874E-F99EB8A3B9D3}
  9
$EXTNAMES
290
1
  9
$PSVPSCALE
 40
0.0
  9
$OLESTARTUP
290
0
  9
$SORTENTS
280
127
  9
$INDEXCTL
280
0
  9
$HIDETEXT
280
1
  9
$XCLIPFRAME
280
1
  9
$HALOGAP
280
0
  9
$OBSCOLOR
 70
257
  9
$OBSLTYPE
280
0
  9
$INTERSECTIONDISPLAY
280
0
  9
$INTERSECTIONCOLOR
 70
257
  9
$DIMASSOC
280
2
  9
$PROJECTNAME
  1

  9
$CAMERADISPLAY
290
0
  9
$LENSLENGTH
 40
50.0
  9
$CAMERAHEIGHT
 40
0.0
  9
$STEPSPERSEC
 40
24.0
  9
$STEPSIZE
 40
100.0
  9
$3DDWFPREC
 40
2.0
  9
$PSOLWIDTH
 40
0.005
  9
$PSOLHEIGHT
 40
0.08
  9
$LOFTANG1
 40
1.570796326795
  9
$LOFTANG2
 40
1.570796326795
  9
$LOFTMAG1
 40
0.0
  9
$LOFTMAG2
 40
0.0
  9
$LOFTPARAM
 70
7
  9
$LOFTNORMALS
280
1
  9
$LATITUDE
 40
37.795
  9
$LONGITUDE
 40
-122.394
  9
$NORTHDIRECTION
 40
0.0
  9
$TIMEZONE
 70
-8000
  9
$LIGHTGLYPHDISPLAY
280
1
  9
$TILEMODELIGHTSYNCH
280
1
  9
$CMATERIAL
347
20
  9
$SOLIDHIST
280
0
  9
$SHOWHIST
280
1
  9
$DWFFRAME
280
2
  9
$DGNFRAME
280
2
  9
$REALWORLDSCALE
290
1
  9
$INTERFERECOLOR
 62
256
  9
$CSHADOW
280
0
  9
$SHADOWPLANELOCATION
 40
0.0
  0
ENDSEC
  0
SECTION
  2
CLASSES
  0
CLASS
  1
ACDBDICTIONARYWDFLT
  2
AcDbDictionaryWithDefault
  3
ObjectDBX Classes
 90
0
 91
0
280
0
281
0
  0
CLASS
  1
SUN
  2
AcDbSun
  3
SCENEOE
 90
1153
 91
0
280
0
281
0
  0
CLASS
  1
VISUALSTYLE
  2
AcDbVisualStyle
  3
ObjectDBX Classes
 90
4095
 91
0
280
0
281
0
  0
CLASS
  1
MATERIAL
  2
AcDbMaterial
  3
ObjectDBX Classes
 90
1153
 91
0
280
0
281
0
  0
CLASS
  1
SCALE
  2
AcDbScale
  3
ObjectDBX Classes
 90
1153
 91
0
280
0
281
0
  0
CLASS
  1
TABLESTYLE
  2
AcDbTableStyle
  3
ObjectDBX Classes
 90
4095
 91
0
280
0
281
0
  0
CLASS
  1
MLEADERSTYLE
  2
AcDbMLeaderStyle
  3
ACDB_MLEADERSTYLE_CLASS
 90
4095
 91
0
280
0
281
0
  0
CLASS
  1
DICTIONARYVAR
  2
AcDbDictionaryVar
  3
ObjectDBX Classes
 90
0
 91
0
280
0
281
0
  0
CLASS
  1
CELLSTYLEMAP
  2
AcDbCellStyleMap
  3
ObjectDBX Classes
 90
1152
 91
0
280
0
281
0
  0
CLASS
  1
MENTALRAYRENDERSETTINGS
  2
AcDbMentalRayRenderSettings
  3
SCENEOE
 90
1024
 91
0
280
0
281
0
  0
CLASS
  1
ACDBDETAILVIEWSTYLE
  2
AcDbDetailViewStyle
  3
ObjectDBX Classes
 90
1025
 91
0
280
0
281
0
  0
CLASS
  1
ACDBSECTIONVIEWSTYLE
  2
AcDbSectionViewStyle
  3
ObjectDBX Classes
 90
1025
 91
0
280
0
281
0
  0
CLASS
  1
RASTERVARIABLES
  2
AcDbRasterVariables
  3
ISM
 90
0
 91
0
280
0
281
0
  0
CLASS
  1
ACDBPLACEHOLDER
  2
AcDbPlaceHolder
  3
ObjectDBX Classes
 90
0
 91
0
280
0
281
0
  0
CLASS
  1
LAYOUT
  2
AcDbLayout
  3
ObjectDBX Classes
 90
0
 91
0
280
0
281
0
  0
ENDSEC
  0
SECTION
  2
TABLES
  0
TABLE
  2
VPORT
  5
8
330
0
100
AcDbSymbolTable
 70
1
  0
VPORT
  5
23
330
8
100
AcDbSymbolTableRecord
100
AcDbViewportTableRecord
  2
*Active
 70
0
 10
0.0
 20
0.0
 11
1.0
 21
1.0
 12
0.0
 22
0.0
 13
0.0
 23
0.0
 14
0.5
 24
0.5
 15
0.5
 25
0.5
 16
0.0
 26
0.0
 36
1.0
 17
0.0
 27
0.0
 37
0.0
 40
1000.0
 41
1.34
 42
50.0
 43
0.0
 44
0.0
 50
0.0
 51
0.0
 71
0
 72
1000
 73
1
 74
3
 75
0
 76
0
 77
0
 78
0
281
0
 65
0
146
0.0
  0
ENDTAB
  0
TABLE
  2
LTYPE
  5
2
330
0
100
AcDbSymbolTable
 70
21
  0
LTYPE
  5
24
330
2
100
AcDbSymbolTableRecord
100
AcDbLinetypeTableRecord
  2
ByBlock
 70
0
  3

 72
65
 73
0
 40
0.0
  0
LTYPE
  5
25
330
2
100
AcDbSymbolTableRecord
100
AcDbLinetypeTableRecord
  2
ByLayer
 70
0
  3

 72
65
 73
0
 40
0.0
  0
LTYPE
  5
26
330
2
100
AcDbSymbolTableRecord
100
AcDbLinetypeTableRecord
  2
Continuous
 70
0
  3

 72
65
 73
0
 40
0.0
  0
LTYPE
  5
2F
330
2
100
AcDbSymbolTableRecord
100
AcDbLinetypeTableRecord
  2
CENTER
 70
0
  3
Center ____ _ ____ _ ____ _ ____ _ ____ _ ____
 72
65
 73
4
 40
5.08
 49
3.175
 74
0
 49
-0.635
 74
0
 49
0.635
 74
0
 49
-0.635
 74
0
  0
LTYPE
  5
30
330
2
100
AcDbSymbolTableRecord
100
AcDbLinetypeTableRecord
  2
CENTERX2
 70
0
  3
Center (2x) ________  __  ________  __  ________
 72
65
 73
4
 40
8.89
 49
6.35
 74
0
 49
-0.635
 74
0
 49
1.27
 74
0
 49
-0.635
 74
0
  0
LTYPE
  5
31
330
2
100
AcDbSymbolTableRecord
100
AcDbLinetypeTableRecord
  2
CENTER2
 70
0
  3
Center (.5x) ____ _ ____ _ ____ _ ____ _ ____
 72
65
 73
4
 40
2.54
 49
1.587
 74
0
 49
-0.318
 74
0
 49
0.318
 74
0
 49
-0.318
 74
0
  0
LTYPE
  5
32
330
2
100
AcDbSymbolTableRecord
100
AcDbLinetypeTableRecord
  2
DASHED
 70
0
  3
Dashed __ __ __ __ __ __ __ __ __ __ __ __ __ _
 72
65
 73
2
 40
1.524
 49
1.27
 74
0
 49
-0.254
 74
0
  0
LTYPE
  5
33
330
2
100
AcDbSymbolTableRecord
100
AcDbLinetypeTableRecord
  2
DASHEDX2
 70
0
  3
Dashed (2x) ____  ____  ____  ____  ____  ____
 72
65
 73
2
 40
3.048
 49
2.54
 74
0
 49
-0.508
 74
0
  0
LTYPE
  5
34
330
2
100
AcDbSymbolTableRecord
100
AcDbLinetypeTableRecord
  2
DASHED2
 70
0
  3
Dashed (.5x) _ _ _ _ _ _ _ _ _ _ _ _ _ _
 72
65
 73
2
 40
0.762
 49
0.635
 74
0
 49
-0.127
 74
0
  0
LTYPE
  5
35
330
2
100
AcDbSymbolTableRecord
100
AcDbLinetypeTableRecord
  2
PHANTOM
 70
0
  3
Phantom ______  __  __  ______  __  __  ______
 72
65
 73
6
 40
6.35
 49
3.175
 74
0
 49
-0.635
 74
0
 49
0.635
 74
0
 49
-0.635
 74
0
 49
0.635
 74
0
 49
-0.635
 74
0
  0
LTYPE
  5
36
330
2
100
AcDbSymbolTableRecord
100
AcDbLinetypeTableRecord
  2
PHANTOMX2
 70
0
  3
Phantom (2x)____________    ____    ____    ____________
 72
65
 73
6
 40
10.795
 49
6.35
 74
0
 49
-0.635
 74
0
 49
1.27
 74
0
 49
-0.635
 74
0
 49
1.27
 74
0
 49
-0.635
 74
0
  0
LTYPE
  5
37
330
2
100
AcDbSymbolTableRecord
100
AcDbLinetypeTableRecord
  2
PHANTOM2
 70
0
  3
Phantom (.5x) ___ _ _ ___ _ _ ___ _ _ ___ _ _ ___
 72
65
 73
6
 40
3.175
 49
1.587
 74
0
 49
-0.318
 74
0
 49
0.318
 74
0
 49
-0.318
 74
0
 49
0.318
 74
0
 49
-0.318
 74
0
  0
LTYPE
  5
38
330
2
100
AcDbSymbolTableRecord
100
AcDbLinetypeTableRecord
  2
DASHDOT
 70
0
  3
Dash dot __ . __ . __ . __ . __ . __ . __ . __
 72
65
 73
4
 40
3.556
 49
2.54
 74
0
 49
-0.508
 74
0
 49
0.0
 74
0
 49
-0.508
 74
0
  0
LTYPE
  5
39
330
2
100
AcDbSymbolTableRecord
100
AcDbLinetypeTableRecord
  2
DASHDOTX2
 70
0
  3
Dash dot (2x) ____  .  ____  .  ____  .  ____
 72
65
 73
4
 40
6.096
 49
5.08
 74
0
 49
-0.508
 74
0
 49
0.0
 74
0
 49
-0.508
 74
0
  0
LTYPE
  5
3A
330
2
100
AcDbSymbolTableRecord
100
AcDbLinetypeTableRecord
  2
DASHDOT2
 70
0
  3
Dash dot (.5x) _ . _ . _ . _ . _ . _ . _ . _
 72
65
 73
4
 40
1.778
 49
1.27
 74
0
 49
-0.254
 74
0
 49
0.0
 74
0
 49
-0.254
 74
0
  0
LTYPE
  5
3B
330
2
100
AcDbSymbolTableRecord
100
AcDbLinetypeTableRecord
  2
DOT
 70
0
  3
Dot .  .  .  .  .  .  .  .  .  .  .  .  .  .  .  .
 72
65
 73
2
 40
0.508
 49
0.0
 74
0
 49
-0.508
 74
0
  0
LTYPE
  5
3C
330
2
100
AcDbSymbolTableRecord
100
AcDbLinetypeTableRecord
  2
DOTX2
 70
0
  3
Dot (2x) .    .    .    .    .    .    .    . 
 72
65
 73
2
 40
1.016
 49
0.0
 74
0
 49
-1.016
 74
0
  0
LTYPE
  5
3D
330
2
100
AcDbSymbolTableRecord
100
AcDbLinetypeTableRecord
  2
DOT2
 70
0
  3
Dot (.5) . . . . . . . . . . . . . . . . . . . 
 72
65
 73
2
 40
0.254
 49
0.0
 74
0
 49
-0.254
 74
0
  0
LTYPE
  5
3E
330
2
100
AcDbSymbolTableRecord
100
AcDbLinetypeTableRecord
  2
DIVIDE
 70
0
  3
Divide __ . . __ . . __ . . __ . . __ . . __
 72
65
 73
6
 40
4.064
 49
2.54
 74
0
 49
-0.508
 74
0
 49
0.0
 74
0
 49
-0.508
 74
0
 49
0.0
 74
0
 49
-0.508
 74
0
  0
LTYPE
  5
3F
330
2
100
AcDbSymbolTableRecord
100
AcDbLinetypeTableRecord
  2
DIVIDEX2
 70
0
  3
Divide (2x) ____  . .  ____  . .  ____  . .  ____
 72
65
 73
6
 40
6.604
 49
5.08
 74
0
 49
-0.508
 74
0
 49
0.0
 74
0
 49
-0.508
 74
0
 49
0.0
 74
0
 49
-0.508
 74
0
  0
LTYPE
  5
40
330
2
100
AcDbSymbolTableRecord
100
AcDbLinetypeTableRecord
  2
DIVIDE2
 70
0
  3
Divide(.5x) _ . _ . _ . _ . _ . _ . _ . _
 72
65
 73
6
 40
2.032
 49
1.27
 74
0
 49
-0.254
 74
0
 49
0.0
 74
0
 49
-0.254
 74
0
 49
0.0
 74
0
 49
-0.254
 74
0
  0
ENDTAB
  0
TABLE
  2
LAYER
  5
1
330
0
100
AcDbSymbolTable
 70
16
  0
LAYER
  5
27
330
1
100
AcDbSymbolTableRecord
100
AcDbLayerTableRecord
  2
0
 70
0
 62
7
  6
Continuous
370
-3
390
13
347
21
  0
LAYER
  5
28
330
1
100
AcDbSymbolTableRecord
100
AcDbLayerTableRecord
  2
Defpoints
 70
0
 62
7
  6
Continuous
290
0
370
-3
390
13
347
21
  0
LAYER
  5
8B
330
1
100
AcDbSymbolTableRecord
100
AcDbLayerTableRecord
  2
FRAME
 70
0
 62
7
  6
CONTINUOUS
370
-3
390
13
347
21
  0
LAYER
  5
8C
330
1
100
AcDbSymbolTableRecord
100
AcDbLayerTableRecord
  2
AR-WALLS
 70
0
 62
7
  6
CONTINUOUS
370
-3
390
13
347
21
  0
LAYER
  5
8D
330
1
100
AcDbSymbolTableRecord
100
AcDbLayerTableRecord
  2
AR-NEW
 70
0
 62
5
  6
CONTINUOUS
370
-3
390
13
347
21
  0
LAYER
  5
8E
330
1
100
AcDbSymbolTableRecord
100
AcDbLayerTableRecord
  2
AR-DEMO
 70
0
 62
1
  6
DASHED
370
-3
390
13
347
21
  0
LAYER
  5
8F
330
1
100
AcDbSymbolTableRecord
100
AcDbLayerTableRecord
  2
FURN
 70
0
 62
8
  6
CONTINUOUS
370
-3
390
13
347
21
  0
LAYER
  5
90
330
1
100
AcDbSymbolTableRecord
100
AcDbLayerTableRecord
  2
EL-LIGHT
 70
0
 62
30
  6
CONTINUOUS
370
-3
390
13
347
21
  0
LAYER
  5
91
330
1
100
AcDbSymbolTableRecord
100
AcDbLayerTableRecord
  2
EL-SOCKET
 70
0
 62
6
  6
CONTINUOUS
370
-3
390
13
347
21
  0
LAYER
  5
92
330
1
100
AcDbSymbolTableRecord
100
AcDbLayerTableRecord
  2
EL-LOW
 70
0
 62
3
  6
CONTINUOUS
370
-3
390
13
347
21
  0
LAYER
  5
93
330
1
100
AcDbSymbolTableRecord
100
AcDbLayerTableRecord
  2
VK
 70
0
 62
4
  6
CONTINUOUS
370
-3
390
13
347
21
  0
LAYER
  5
94
330
1
100
AcDbSymbolTableRecord
100
AcDbLayerTableRecord
  2
OV
 70
0
 62
3
  6
CONTINUOUS
370
-3
390
13
347
21
  0
LAYER
  5
95
330
1
100
AcDbSymbolTableRecord
100
AcDbLayerTableRecord
  2
DIM
 70
0
 62
7
  6
CONTINUOUS
370
-3
390
13
347
21
  0
LAYER
  5
96
330
1
100
AcDbSymbolTableRecord
100
AcDbLayerTableRecord
  2
TEXT
 70
0
 62
7
  6
CONTINUOUS
370
-3
390
13
347
21
  0
LAYER
  5
97
330
1
100
AcDbSymbolTableRecord
100
AcDbLayerTableRecord
  2
AR-FIN
 70
0
 62
9
  6
CONTINUOUS
370
-3
390
13
347
21
  0
LAYER
  5
98
330
1
100
AcDbSymbolTableRecord
100
AcDbLayerTableRecord
  2
BASE
 70
0
 62
9
  6
CONTINUOUS
370
-3
390
13
347
21
  0
ENDTAB
  0
TABLE
  2
STYLE
  5
5
330
0
100
AcDbSymbolTable
 70
27
  0
STYLE
  5
29
330
5
100
AcDbSymbolTableRecord
100
AcDbTextStyleTableRecord
  2
Standard
 70
0
 40
0.0
 41
1.0
 50
0.0
 71
0
 42
2.5
  3
DejaVuSans.ttf
  4

  0
STYLE
  5
41
330
5
100
AcDbSymbolTableRecord
100
AcDbTextStyleTableRecord
  2
OpenSans-Light
 70
0
 40
0.0
 41
1.0
 50
0.0
 71
0
 42
2.5
  3
OpenSans-Light.ttf
  4

  0
STYLE
  5
42
330
5
100
AcDbSymbolTableRecord
100
AcDbTextStyleTableRecord
  2
OpenSans-Light-Italic
 70
0
 40
0.0
 41
1.0
 50
0.0
 71
0
 42
2.5
  3
OpenSans-LightItalic.ttf
  4

  0
STYLE
  5
43
330
5
100
AcDbSymbolTableRecord
100
AcDbTextStyleTableRecord
  2
OpenSans
 70
0
 40
0.0
 41
1.0
 50
0.0
 71
0
 42
2.5
  3
OpenSans-Regular.ttf
  4

  0
STYLE
  5
44
330
5
100
AcDbSymbolTableRecord
100
AcDbTextStyleTableRecord
  2
OpenSans-Italic
 70
0
 40
0.0
 41
1.0
 50
0.0
 71
0
 42
2.5
  3
OpenSans-Italic.ttf
  4

  0
STYLE
  5
45
330
5
100
AcDbSymbolTableRecord
100
AcDbTextStyleTableRecord
  2
OpenSans-SemiBold
 70
0
 40
0.0
 41
1.0
 50
0.0
 71
0
 42
2.5
  3
OpenSans-SemiBold.ttf
  4

  0
STYLE
  5
46
330
5
100
AcDbSymbolTableRecord
100
AcDbTextStyleTableRecord
  2
OpenSans-SemiBoldItalic
 70
0
 40
0.0
 41
1.0
 50
0.0
 71
0
 42
2.5
  3
OpenSans-SemiBoldItalic.ttf
  4

  0
STYLE
  5
47
330
5
100
AcDbSymbolTableRecord
100
AcDbTextStyleTableRecord
  2
OpenSans-Bold
 70
0
 40
0.0
 41
1.0
 50
0.0
 71
0
 42
2.5
  3
OpenSans-Bold.ttf
  4

  0
STYLE
  5
48
330
5
100
AcDbSymbolTableRecord
100
AcDbTextStyleTableRecord
  2
OpenSans-BoldItalic
 70
0
 40
0.0
 41
1.0
 50
0.0
 71
0
 42
2.5
  3
OpenSans-BoldItalic.ttf
  4

  0
STYLE
  5
49
330
5
100
AcDbSymbolTableRecord
100
AcDbTextStyleTableRecord
  2
OpenSans-ExtraBold
 70
0
 40
0.0
 41
1.0
 50
0.0
 71
0
 42
2.5
  3
OpenSans-ExtraBold.ttf
  4

  0
STYLE
  5
4A
330
5
100
AcDbSymbolTableRecord
100
AcDbTextStyleTableRecord
  2
OpenSans-ExtraBoldItalic
 70
0
 40
0.0
 41
1.0
 50
0.0
 71
0
 42
2.5
  3
OpenSans-ExtraBoldItalic.ttf
  4

  0
STYLE
  5
4B
330
5
100
AcDbSymbolTableRecord
100
AcDbTextStyleTableRecord
  2
OpenSansCondensed-Bold
 70
0
 40
0.0
 41
1.0
 50
0.0
 71
0
 42
2.5
  3
OpenSansCondensed-Bold.ttf
  4

  0
STYLE
  5
4C
330
5
100
AcDbSymbolTableRecord
100
AcDbTextStyleTableRecord
  2
OpenSansCondensed-Light
 70
0
 40
0.0
 41
1.0
 50
0.0
 71
0
 42
2.5
  3
OpenSansCondensed-Light.ttf
  4

  0
STYLE
  5
4D
330
5
100
AcDbSymbolTableRecord
100
AcDbTextStyleTableRecord
  2
OpenSansCondensed-Italic
 70
0
 40
0.0
 41
1.0
 50
0.0
 71
0
 42
2.5
  3
OpenSansCondensed-LightItalic.ttf
  4

  0
STYLE
  5
4E
330
5
100
AcDbSymbolTableRecord
100
AcDbTextStyleTableRecord
  2
LiberationSans
 70
0
 40
0.0
 41
1.0
 50
0.0
 71
0
 42
2.5
  3
LiberationSans-Regular.ttf
  4

  0
STYLE
  5
4F
330
5
100
AcDbSymbolTableRecord
100
AcDbTextStyleTableRecord
  2
LiberationSans-Bold
 70
0
 40
0.0
 41
1.0
 50
0.0
 71
0
 42
2.5
  3
LiberationSans-Bold.ttf
  4

  0
STYLE
  5
50
330
5
100
AcDbSymbolTableRecord
100
AcDbTextStyleTableRecord
  2
LiberationSans-BoldItalic
 70
0
 40
0.0
 41
1.0
 50
0.0
 71
0
 42
2.5
  3
LiberationSans-BoldItalic.ttf
  4

  0
STYLE
  5
51
330
5
100
AcDbSymbolTableRecord
100
AcDbTextStyleTableRecord
  2
LiberationSans-Italic
 70
0
 40
0.0
 41
1.0
 50
0.0
 71
0
 42
2.5
  3
LiberationSans-Italic.ttf
  4

  0
STYLE
  5
52
330
5
100
AcDbSymbolTableRecord
100
AcDbTextStyleTableRecord
  2
LiberationSerif
 70
0
 40
0.0
 41
1.0
 50
0.0
 71
0
 42
2.5
  3
LiberationSerif-Regular.ttf
  4

  0
STYLE
  5
53
330
5
100
AcDbSymbolTableRecord
100
AcDbTextStyleTableRecord
  2
LiberationSerif-Bold
 70
0
 40
0.0
 41
1.0
 50
0.0
 71
0
 42
2.5
  3
LiberationSerif-Bold.ttf
  4

  0
STYLE
  5
54
330
5
100
AcDbSymbolTableRecord
100
AcDbTextStyleTableRecord
  2
LiberationSerif-BoldItalic
 70
0
 40
0.0
 41
1.0
 50
0.0
 71
0
 42
2.5
  3
LiberationSerif-BoldItalic.ttf
  4

  0
STYLE
  5
55
330
5
100
AcDbSymbolTableRecord
100
AcDbTextStyleTableRecord
  2
LiberationSerif-Italic
 70
0
 40
0.0
 41
1.0
 50
0.0
 71
0
 42
2.5
  3
LiberationSerif-Italic.ttf
  4

  0
STYLE
  5
56
330
5
100
AcDbSymbolTableRecord
100
AcDbTextStyleTableRecord
  2
LiberationMono
 70
0
 40
0.0
 41
1.0
 50
0.0
 71
0
 42
2.5
  3
LiberationMono-Regular.ttf
  4

  0
STYLE
  5
57
330
5
100
AcDbSymbolTableRecord
100
AcDbTextStyleTableRecord
  2
LiberationMono-Bold
 70
0
 40
0.0
 41
1.0
 50
0.0
 71
0
 42
2.5
  3
LiberationMono-Bold.ttf
  4

  0
STYLE
  5
58
330
5
100
AcDbSymbolTableRecord
100
AcDbTextStyleTableRecord
  2
LiberationMono-BoldItalic
 70
0
 40
0.0
 41
1.0
 50
0.0
 71
0
 42
2.5
  3
LiberationMono-BoldItalic.ttf
  4

  0
STYLE
  5
59
330
5
100
AcDbSymbolTableRecord
100
AcDbTextStyleTableRecord
  2
LiberationMono-Italic
 70
0
 40
0.0
 41
1.0
 50
0.0
 71
0
 42
2.5
  3
LiberationMono-Italic.ttf
  4

  0
STYLE
  5
8A
330
5
100
AcDbSymbolTableRecord
100
AcDbTextStyleTableRecord
  2
GOST
 70
0
 40
0.0
 41
1.0
 50
0.0
 71
0
 42
2.5
  3
DejaVuSans.ttf
  4

  0
ENDTAB
  0
TABLE
  2
VIEW
  5
7
330
0
100
AcDbSymbolTable
 70
0
  0
ENDTAB
  0
TABLE
  2
UCS
  5
6
330
0
100
AcDbSymbolTable
 70
0
  0
ENDTAB
  0
TABLE
  2
APPID
  5
3
330
0
100
AcDbSymbolTable
 70
3
  0
APPID
  5
2A
330
3
100
AcDbSymbolTableRecord
100
AcDbRegAppTableRecord
  2
ACAD
 70
0
  0
APPID
  5
388
330
3
100
AcDbSymbolTableRecord
100
AcDbRegAppTableRecord
  2
HATCHBACKGROUNDCOLOR
 70
0
  0
APPID
  5
389
330
3
100
AcDbSymbolTableRecord
100
AcDbRegAppTableRecord
  2
EZDXF
 70
0
  0
ENDTAB
  0
TABLE
  2
DIMSTYLE
  5
4
330
0
100
AcDbSymbolTable
 70
12
100
AcDbDimStyleTable
  0
DIMSTYLE
105
2B
330
4
100
AcDbSymbolTableRecord
100
AcDbDimStyleTableRecord
  2
Standard
 70
0
 40
1.0
 41
2.5
 42
0.625
 43
3.75
 44
1.25
 45
0.0
 46
0.0
 47
0.0
 48
0.0
 49
2.5
140
2.5
141
2.5
142
0.0
143
0.03937007874
144
1.0
145
0.0
146
1.0
147
0.625
148
0.0
 69
0
 70
0
 71
0
 72
0
 73
0
 74
0
 75
0
 76
0
 77
1
 78
8
 79
3
170
0
171
3
172
1
173
0
174
0
175
0
176
0
177
0
178
0
179
2
271
2
272
2
273
2
274
3
275
0
276
0
277
2
278
44
279
0
280
0
281
0
282
0
283
0
284
8
285
0
286
0
288
0
289
3
290
0
371
-2
372
-2
  0
DIMSTYLE
105
73
330
4
100
AcDbSymbolTableRecord
100
AcDbDimStyleTableRecord
  2
EZDXF
 70
0
 40
1.0
 41
0.175
 42
0.125
 43
3.75
 44
0.375
 45
0.0
 46
0.0
 47
0.0
 48
0.0
 49
2.5
140
0.25
141
2.5
142
0.0
143
0.03937007874
144
100.0
145
0.0
146
0.5
147
0.1
148
0.0
 69
0
 70
0
 71
0
 72
0
 73
0
 74
0
 75
0
 76
0
 77
1
 78
12
 79
3
170
0
171
3
172
1
173
0
174
0
175
0
176
0
177
0
178
0
179
2
271
2
272
2
273
2
274
3
275
0
276
0
277
2
278
46
279
2
280
0
281
0
282
0
283
0
284
8
285
0
286
0
288
1
289
3
290
0
340
4C
342
74
371
-2
372
-2
  0
DIMSTYLE
105
7C
330
4
100
AcDbSymbolTableRecord
100
AcDbDimStyleTableRecord
  2
EZ_M_100_H25_CM
 70
0
 40
1.0
 41
0.25
 42
0.125
 43
3.75
 44
0.375
 45
0.0
 46
0.0
 47
0.0
 48
0.0
 49
2.5
140
0.25
141
2.5
142
0.125
143
0.03937007874
144
100.0
145
0.0
146
0.5
147
0.1
148
0.0
 69
0
 70
0
 71
0
 72
0
 73
0
 74
0
 75
0
 76
0
 77
1
 78
12
 79
3
170
0
171
3
172
1
173
0
174
0
175
0
176
0
177
0
178
0
179
2
271
2
272
2
273
2
274
3
275
0
276
0
277
2
278
46
279
2
280
0
281
0
282
0
283
0
284
8
285
0
286
0
288
1
289
3
290
0
340
4C
371
-2
372
-2
  0
DIMSTYLE
105
7D
330
4
100
AcDbSymbolTableRecord
100
AcDbDimStyleTableRecord
  2
EZ_M_50_H25_CM
 70
0
 40
1.0
 41
0.125
 42
0.0625
 43
3.75
 44
0.1875
 45
0.0
 46
0.0
 47
0.0
 48
0.0
 49
2.5
140
0.125
141
2.5
142
0.0625
143
0.03937007874
144
100.0
145
0.0
146
0.5
147
0.05
148
0.0
 69
0
 70
0
 71
0
 72
0
 73
0
 74
0
 75
0
 76
0
 77
1
 78
12
 79
3
170
0
171
3
172
1
173
0
174
0
175
0
176
0
177
0
178
0
179
2
271
2
272
2
273
2
274
3
275
0
276
0
277
2
278
46
279
2
280
0
281
0
282
0
283
0
284
8
285
0
286
0
288
1
289
3
290
0
340
4C
371
-2
372
-2
  0
DIMSTYLE
105
7E
330
4
100
AcDbSymbolTableRecord
100
AcDbDimStyleTableRecord
  2
EZ_M_25_H25_CM
 70
0
 40
1.0
 41
0.0625
 42
0.03125
 43
3.75
 44
0.09375
 45
0.0
 46
0.0
 47
0.0
 48
0.0
 49
2.5
140
0.0625
141
2.5
142
0.03125
143
0.03937007874
144
100.0
145
0.0
146
0.5
147
0.025
148
0.0
 69
0
 70
0
 71
0
 72
0
 73
0
 74
0
 75
0
 76
0
 77
1
 78
12
 79
3
170
0
171
3
172
1
173
0
174
0
175
0
176
0
177
0
178
0
179
2
271
2
272
2
273
2
274
3
275
0
276
0
277
2
278
46
279
2
280
0
281
0
282
0
283
0
284
8
285
0
286
0
288
1
289
3
290
0
340
4C
371
-2
372
-2
  0
DIMSTYLE
105
7F
330
4
100
AcDbSymbolTableRecord
100
AcDbDimStyleTableRecord
  2
EZ_M_20_H25_CM
 70
0
 40
1.0
 41
0.05
 42
0.025
 43
3.75
 44
0.07500000000000001
 45
0.0
 46
0.0
 47
0.0
 48
0.0
 49
2.5
140
0.05
141
2.5
142
0.025
143
0.03937007874
144
100.0
145
0.0
146
0.5
147
0.020000000000000004
148
0.0
 69
0
 70
0
 71
0
 72
0
 73
0
 74
0
 75
0
 76
0
 77
1
 78
12
 79
3
170
0
171
3
172
1
173
0
174
0
175
0
176
0
177
0
178
0
179
2
271
2
272
2
273
2
274
3
275
0
276
0
277
2
278
46
279
2
280
0
281
0
282
0
283
0
284
8
285
0
286
0
288
1
289
3
290
0
340
4C
371
-2
372
-2
  0
DIMSTYLE
105
80
330
4
100
AcDbSymbolTableRecord
100
AcDbDimStyleTableRecord
  2
EZ_M_10_H25_CM
 70
0
 40
1.0
 41
0.025
 42
0.0125
 43
3.75
 44
0.037500000000000006
 45
0.0
 46
0.0
 47
0.0
 48
0.0
 49
2.5
140
0.025
141
2.5
142
0.0125
143
0.03937007874
144
100.0
145
0.0
146
0.5
147
0.010000000000000002
148
0.0
 69
0
 70
0
 71
0
 72
0
 73
0
 74
0
 75
0
 76
0
 77
1
 78
12
 79
3
170
0
171
3
172
1
173
0
174
0
175
0
176
0
177
0
178
0
179
2
271
2
272
2
273
2
274
3
275
0
276
0
277
2
278
46
279
2
280
0
281
0
282
0
283
0
284
8
285
0
286
0
288
1
289
3
290
0
340
4C
371
-2
372
-2
  0
DIMSTYLE
105
81
330
4
100
AcDbSymbolTableRecord
100
AcDbDimStyleTableRecord
  2
EZ_M_5_H25_CM
 70
0
 40
1.0
 41
0.0125
 42
0.00625
 43
3.75
 44
0.018750000000000003
 45
0.0
 46
0.0
 47
0.0
 48
0.0
 49
2.5
140
0.0125
141
2.5
142
0.00625
143
0.03937007874
144
100.0
145
0.0
146
0.5
147
0.005000000000000001
148
0.0
 69
0
 70
0
 71
0
 72
0
 73
0
 74
0
 75
0
 76
0
 77
1
 78
12
 79
3
170
0
171
3
172
1
173
0
174
0
175
0
176
0
177
0
178
0
179
2
271
2
272
2
273
2
274
3
275
0
276
0
277
2
278
46
279
2
280
0
281
0
282
0
283
0
284
8
285
0
286
0
288
1
289
3
290
0
340
4C
371
-2
372
-2
  0
DIMSTYLE
105
82
330
4
100
AcDbSymbolTableRecord
100
AcDbDimStyleTableRecord
  2
EZ_M_1_H25_CM
 70
0
 40
1.0
 41
0.0025
 42
0.00125
 43
3.75
 44
0.00375
 45
0.0
 46
0.0
 47
0.0
 48
0.0
 49
2.5
140
0.0025
141
2.5
142
0.00125
143
0.03937007874
144
100.0
145
0.0
146
0.5
147
0.001
148
0.0
 69
0
 70
0
 71
0
 72
0
 73
0
 74
0
 75
0
 76
0
 77
1
 78
12
 79
3
170
0
171
3
172
1
173
0
174
0
175
0
176
0
177
0
178
0
179
2
271
2
272
2
273
2
274
3
275
0
276
0
277
2
278
46
279
2
280
0
281
0
282
0
283
0
284
8
285
0
286
0
288
1
289
3
290
0
340
4C
371
-2
372
-2
  0
DIMSTYLE
105
83
330
4
100
AcDbSymbolTableRecord
100
AcDbDimStyleTableRecord
  2
EZ_RADIUS
 70
0
 40
1.0
 41
0.25
 42
0.125
 43
3.75
 44
0.375
 45
0.0
 46
0.0
 47
0.0
 48
0.0
 49
2.5
140
0.25
141
0.0
142
0.0
143
0.03937007874
144
100.0
145
0.0
146
0.5
147
0.1
148
0.0
 69
0
 70
0
 71
0
 72
0
 73
0
 74
0
 75
0
 76
0
 77
1
 78
12
 79
3
170
0
171
3
172
0
173
0
174
0
175
0
176
0
177
0
178
0
179
2
271
2
272
2
273
2
274
3
275
0
276
0
277
2
278
46
279
1
280
0
281
0
282
0
283
0
284
8
285
0
286
0
288
1
289
3
290
0
340
4C
342
84
371
-2
372
-2
  0
DIMSTYLE
105
88
330
4
100
AcDbSymbolTableRecord
100
AcDbDimStyleTableRecord
  2
EZ_RADIUS_INSIDE
 70
0
 40
1.0
 41
0.25
 42
0.125
 43
3.75
 44
0.375
 45
0.0
 46
0.0
 47
0.0
 48
0.0
 49
2.5
140
0.25
141
0.0
142
0.0
143
0.03937007874
144
100.0
145
0.0
146
0.5
147
0.1
148
0.0
 69
0
 70
0
 71
0
 72
0
 73
0
 74
0
 75
0
 76
0
 77
0
 78
12
 79
3
170
0
171
3
172
0
173
0
174
1
175
0
176
0
177
0
178
0
179
2
271
2
272
2
273
2
274
3
275
0
276
0
277
2
278
46
279
0
280
0
281
0
282
0
283
0
284
8
285
0
286
0
288
1
289
0
290
0
340
4C
342
84
371
-2
372
-2
  0
DIMSTYLE
105
89
330
4
100
AcDbSymbolTableRecord
100
AcDbDimStyleTableRecord
  2
EZ_CURVED
 70
0
 40
1.0
 41
0.25
 42
0.125
 43
3.75
 44
0.375
 45
0.0
 46
0.0
 47
0.0
 48
0.0
 49
2.5
140
0.25
141
2.5
142
0.0
143
0.03937007874
144
100.0
145
0.0
146
0.5
147
0.1
148
0.0
 69
0
 70
0
 71
0
 72
0
 73
0
 74
0
 75
0
 76
0
 77
1
 78
12
 79
2
 90
2
170
0
171
3
172
1
173
0
174
0
175
0
176
0
177
0
178
0
179
2
271
2
272
2
273
2
274
3
275
0
276
0
277
2
278
46
279
2
280
0
281
0
282
0
283
0
284
8
285
0
286
0
288
1
289
3
290
0
340
4C
371
-2
372
-2
  0
ENDTAB
  0
TABLE
  2
BLOCK_RECORD
  5
9
330
0
100
AcDbSymbolTable
 70
5
  0
BLOCK_RECORD
  5
17
330
9
100
AcDbSymbolTableRecord
100
AcDbBlockTableRecord
  2
*Model_Space
340
1A
 70
0
280
1
281
0
  0
BLOCK_RECORD
  5
1B
330
9
100
AcDbSymbolTableRecord
100
AcDbBlockTableRecord
  2
*Paper_Space
340
1E
 70
0
280
1
281
0
  0
BLOCK_RECORD
  5
74
330
9
100
AcDbSymbolTableRecord
100
AcDbBlockTableRecord
  2
_ARCHTICK
340
0
 70
0
280
1
281
0
  0
BLOCK_RECORD
  5
78
330
9
100
AcDbSymbolTableRecord
100
AcDbBlockTableRecord
  2
_CLOSEDFILLED
340
0
 70
0
280
1
281
0
  0
BLOCK_RECORD
  5
84
330
9
100
AcDbSymbolTableRecord
100
AcDbBlockTableRecord
  2
_CLOSEDBLANK
340
0
 70
0
280
1
281
0
  0
ENDTAB
  0
ENDSEC
  0
SECTION
  2
BLOCKS
  0
BLOCK
  5
18
330
17
100
AcDbEntity
  8
0
100
AcDbBlockBegin
  2
*Model_Space
 70
0
 10
0.0
 20
0.0
 30
0.0
  3
*Model_Space
  1

  0
ENDBLK
  5
19
330
17
100
AcDbEntity
  8
0
100
AcDbBlockEnd
  0
BLOCK
  5
1C
330
1B
100
AcDbEntity
  8
0
100
AcDbBlockBegin
  2
*Paper_Space
 70
0
 10
0.0
 20
0.0
 30
0.0
  3
*Paper_Space
  1

  0
ENDBLK
  5
1D
330
1B
100
AcDbEntity
  8
0
100
AcDbBlockEnd
  0
BLOCK
  5
75
330
74
100
AcDbEntity
  8
0
100
AcDbBlockBegin
  2
_ARCHTICK
 70
0
 10
0.0
 20
0.0
 30
0.0
  3
_ARCHTICK
  1

  0
LWPOLYLINE
  5
77
330
74
100
AcDbEntity
  8
0
  6
BYBLOCK
 62
0
100
AcDbPolyline
 90
2
 70
0
 43
0.15
 10
-0.5
 20
-0.5
 10
0.5
 20
0.5
  0
ENDBLK
  5
76
330
74
100
AcDbEntity
  8
0
100
AcDbBlockEnd
  0
BLOCK
  5
79
330
78
100
AcDbEntity
  8
0
100
AcDbBlockBegin
  2
_CLOSEDFILLED
 70
0
 10
0.0
 20
0.0
 30
0.0
  3
_CLOSEDFILLED
  1

  0
SOLID
  5
7B
330
78
100
AcDbEntity
  8
0
  6
BYBLOCK
 62
0
100
AcDbTrace
 10
-1.0
 20
0.16439898372402537
 30
0.0
 11
0.0
 21
0.0
 31
0.0
 12
-1.0
 22
-0.16439898372402537
 32
0.0
 13
-1.0
 23
-0.16439898372402537
 33
0.0
  0
ENDBLK
  5
7A
330
78
100
AcDbEntity
  8
0
100
AcDbBlockEnd
  0
BLOCK
  5
85
330
84
100
AcDbEntity
  8
0
100
AcDbBlockBegin
  2
_CLOSEDBLANK
 70
0
 10
0.0
 20
0.0
 30
0.0
  3
_CLOSEDBLANK
  1

  0
LWPOLYLINE
  5
87
330
84
100
AcDbEntity
  8
0
  6
BYBLOCK
 62
0
100
AcDbPolyline
 90
3
 70
1
 10
-1.0
 20
0.16439898372402537
 10
0.0
 20
0.0
 10
-1.0
 20
-0.16439898372402537
  0
ENDBLK
  5
86
330
84
100
AcDbEntity
  8
0
100
AcDbBlockEnd
  0
ENDSEC
  0
SECTION
  2
ENTITIES
  0
HATCH
  5
99
330
17
100
AcDbEntity
  8
TEXT
 62
7
420
15132390
100
AcDbHatch
 10
0.0
 20
0.0
 30
0.0
210
0.0
220
0.0
230
1.0
  2
SOLID
 70
1
 71
0
 91
1
 92
3
 72
0
 73
1
 93
4
 10
22.0
 20
284.6925
 10
413.0
 20
284.6925
 10
413.0
 20
290.0
 10
22.0
 20
290.0
 97
0
 75
1
 76
1
 98
0
  0
LWPOLYLINE
  5
9A
330
17
100
AcDbEntity
  8
TEXT
 62
7
370
25
100
AcDbPolyline
 90
4
 70
1
 10
22.0
 20
284.6925
 10
413.0
 20
284.6925
 10
413.0
 20
290.0
 10
22.0
 20
290.0
  0
LWPOLYLINE
  5
9B
330
17
100
AcDbEntity
  8
TEXT
 62
7
370
15
100
AcDbPolyline
 90
2
 70
0
 10
22.0
 20
290.0
 10
22.0
 20
284.6925
  0
TEXT
  5
9C
330
17
100
AcDbEntity
  8
TEXT
 62
7
100
AcDbText
 10
22.8
 20
287.65
 30
0.0
 40
1.35
  1
Id
  7
GOST
 11
22.8
 21
287.65
 31
0.0
100
AcDbText
  0
LWPOLYLINE
  5
9D
330
17
100
AcDbEntity
  8
TEXT
 62
7
370
15
100
AcDbPolyline
 90
2
 70
0
 10
30.63232037695891
 20
290.0
 10
30.63232037695891
 20
284.6925
  0
TEXT
  5
9E
330
17
100
AcDbEntity
  8
TEXT
 62
7
100
AcDbText
 10
31.43232037695891
 20
287.65
 30
0.0
 40
1.35
  1
Пом
  7
GOST
 11
31.43232037695891
 21
287.65
 31
0.0
100
AcDbText
  0
TEXT
  5
9F
330
17
100
AcDbEntity
  8
TEXT
 62
7
100
AcDbText
 10
31.43232037695891
 20
285.6925
 30
0.0
 40
1.35
  1
.
  7
GOST
 11
31.43232037695891
 21
285.6925
 31
0.0
100
AcDbText
  0
LWPOLYLINE
  5
A0
330
17
100
AcDbEntity
  8
TEXT
 62
7
370
15
100
AcDbPolyline
 90
2
 70
0
 10
37.03654491399595
 20
290.0
 10
37.03654491399595
 20
284.6925
  0
TEXT
  5
A1
330
17
100
AcDbEntity
  8
TEXT
 62
7
100
AcDbText
 10
37.836544913995944
 20
287.65
 30
0.0
 40
1.35
  1
Поверхност
  7
GOST
 11
37.836544913995944
 21
287.65
 31
0.0
100
AcDbText
  0
TEXT
  5
A2
330
17
100
AcDbEntity
  8
TEXT
 62
7
100
AcDbText
 10
37.836544913995944
 20
285.6925
 30
0.0
 40
1.35
  1
ь
  7
GOST
 11
37.836544913995944
 21
285.6925
 31
0.0
100
AcDbText
  0
LWPOLYLINE
  5
A3
330
17
100
AcDbEntity
  8
TEXT
 62
7
370
15
100
AcDbPolyline
 90
2
 70
0
 10
51.58023704362558
 20
290.0
 10
51.58023704362558
 20
284.6925
  0
TEXT
  5
A4
330
17
100
AcDbEntity
  8
TEXT
 62
7
100
AcDbText
 10
52.38023704362558
 20
287.65
 30
0.0
 40
1.35
  1
Элемент
  7
GOST
 11
52.38023704362558
 21
287.65
 31
0.0
100
AcDbText
  0
LWPOLYLINE
  5
A5
330
17
100
AcDbEntity
  8
TEXT
 62
7
370
15
100
AcDbPolyline
 90
2
 70
0
 10
141.9351777827192
 20
290.0
 10
141.9351777827192
 20
284.6925
  0
TEXT
  5
A6
330
17
100
AcDbEntity
  8
TEXT
 62
7
100
AcDbText
 10
142.7351777827192
 20
287.65
 30
0.0
 40
1.35
  1
Материал
  7
GOST
 11
142.7351777827192
 21
287.65
 31
0.0
100
AcDbText
  0
LWPOLYLINE
  5
A7
330
17
100
AcDbEntity
  8
TEXT
 62
7
370
15
100
AcDbPolyline
 90
2
 70
0
 10
232.29011852181281
 20
290.0
 10
232.29011852181281
 20
284.6925
  0
TEXT
  5
A8
330
17
100
AcDbEntity
  8
TEXT
 62
7
100
AcDbText
 10
233.09011852181283
 20
287.65
 30
0.0
 40
1.35
  1
Отделка
  7
GOST
 11
233.09011852181283
 21
287.65
 31
0.0
100
AcDbText
  0
LWPOLYLINE
  5
A9
330
17
100
AcDbEntity
  8
TEXT
 62
7
370
15
100
AcDbPolyline
 90
2
 70
0
 10
322.6450592609064
 20
290.0
 10
322.6450592609064
 20
284.6925
  0
TEXT
  5
AA
330
17
100
AcDbEntity
  8
TEXT
 62
7
100
AcDbText
 10
323.4450592609064
 20
287.65
 30
0.0
 40
1.35
  1
Пример
  7
GOST
 11
323.4450592609064
 21
287.65
 31
0.0
100
AcDbText
  0
LWPOLYLINE
  5
AB
330
17
100
AcDbEntity
  8
TEXT
 62
7
370
15
100
AcDbPolyline
 90
2
 70
0
 10
413.0
 20
290.0
 10
413.0
 20
284.6925
  0
LWPOLYLINE
  5
AC
330
17
100
AcDbEntity
  8
TEXT
 62
7
370
15
100
AcDbPolyline
 90
4
 70
1
 10
22.0
 20
279.385
 10
413.0
 20
279.385
 10
413.0
 20
284.6925
 10
22.0
 20
284.6925
  0
LWPOLYLINE
  5
AD
330
17
100
AcDbEntity
  8
TEXT
 62
7
370
15
100
AcDbPolyline
 90
2
 70
0
 10
22.0
 20
284.6925
 10
22.0
 20
279.385
  0
TEXT
  5
AE
330
17
100
AcDbEntity
  8
TEXT
 62
7
100
AcDbText
 10
22.8
 20
282.3425
 30
0.0
 40
1.35
  1
M08
  7
GOST
 11
22.8
 21
282.3425
 31
0.0
100
AcDbText
  0
LWPOLYLINE
  5
AF
330
17
100
AcDbEntity
  8
TEXT
 62
7
370
15
100
AcDbPolyline
 90
2
 70
0
 10
30.63232037695891
 20
284.6925
 10
30.63232037695891
 20
279.385
  0
TEXT
  5
B0
330
17
100
AcDbEntity
  8
TEXT
 62
7
100
AcDbText
 10
31.43232037695891
 20
282.3425
 30
0.0
 40
1.35
  1
R1
  7
GOST
 11
31.43232037695891
 21
282.3425
 31
0.0
100
AcDbText
  0
LWPOLYLINE
  5
B1
330
17
100
AcDbEntity
  8
TEXT
 62
7
370
15
100
AcDbPolyline
 90
2
 70
0
 10
37.03654491399595
 20
284.6925
 10
37.03654491399595
 20
279.385
  0
TEXT
  5
B2
330
17
100
AcDbEntity
  8
TEXT
 62
7
100
AcDbText
 10
37.836544913995944
 20
282.3425
 30
0.0
 40
1.35
  1
facade
  7
GOST
 11
37.836544913995944
 21
282.3425
 31
0.0
100
AcDbText
  0
LWPOLYLINE
  5
B3
330
17
100
AcDbEntity
  8
TEXT
 62
7
370
15
100
AcDbPolyline
 90
2
 70
0
 10
51.58023704362558
 20
284.6925
 10
51.58023704362558
 20
279.385
  0
TEXT
  5
B4
330
17
100
AcDbEntity
  8
TEXT
 62
7
100
AcDbText
 10
52.38023704362558
 20
282.3425
 30
0.0
 40
1.35
  1
ТВ-консоль подвесная 1600×300, рабочий стол 1400×600
  7
GOST
 11
52.38023704362558
 21
282.3425
 31
0.0
100
AcDbText
  0
LWPOLYLINE
  5
B5
330
17
100
AcDbEntity
  8
TEXT
 62
7
370
15
100
AcDbPolyline
 90
2
 70
0
 10
141.9351777827192
 20
284.6925
 10
141.9351777827192
 20
279.385
  0
TEXT
  5
B6
330
17
100
AcDbEntity
  8
TEXT
 62
7
100
AcDbText
 10
142.7351777827192
 20
282.3425
 30
0.0
 40
1.35
  1
МДФ эмаль (консоль), стол — дуб шпон/массив столешница на металлическом подстолье
  7
GOST
 11
142.7351777827192
 21
282.3425
 31
0.0
100
AcDbText
  0
TEXT
  5
B7
330
17
100
AcDbEntity
  8
TEXT
 62
7
100
AcDbText
 10
142.7351777827192
 20
280.385
 30
0.0
 40
1.35
  1
или консоль на стене
  7
GOST
 11
142.7351777827192
 21
280.385
 31
0.0
100
AcDbText
  0
LWPOLYLINE
  5
B8
330
17
100
AcDbEntity
  8
TEXT
 62
7
370
15
100
AcDbPolyline
 90
2
 70
0
 10
232.29011852181281
 20
284.6925
 10
232.29011852181281
 20
279.385
  0
TEXT
  5
B9
330
17
100
AcDbEntity
  8
TEXT
 62
7
100
AcDbText
 10
233.09011852181283
 20
282.3425
 30
0.0
 40
1.35
  1
C3 / дуб C7 матовый лак, ручки C8
  7
GOST
 11
233.09011852181283
 21
282.3425
 31
0.0
100
AcDbText
  0
LWPOLYLINE
  5
BA
330
17
100
AcDbEntity
  8
TEXT
 62
7
370
15
100
AcDbPolyline
 90
2
 70
0
 10
322.6450592609064
 20
284.6925
 10
322.6450592609064
 20
279.385
  0
TEXT
  5
BB
330
17
100
AcDbEntity
  8
TEXT
 62
7
100
AcDbText
 10
323.4450592609064
 20
282.3425
 30
0.0
 40
1.35
  1
мебельный цех (вместе со шкафом) / Woodville, Stool Group (подстолье)
  7
GOST
 11
323.4450592609064
 21
282.3425
 31
0.0
100
AcDbText
  0
LWPOLYLINE
  5
BC
330
17
100
AcDbEntity
  8
TEXT
 62
7
370
15
100
AcDbPolyline
 90
2
 70
0
 10
413.0
 20
284.6925
 10
413.0
 20
279.385
  0
LWPOLYLINE
  5
BD
330
17
100
AcDbEntity
  8
TEXT
 62
7
370
15
100
AcDbPolyline
 90
4
 70
1
 10
22.0
 20
274.0775
 10
413.0
 20
274.0775
 10
413.0
 20
279.385
 10
22.0
 20
279.385
  0
LWPOLYLINE
  5
BE
330
17
100
AcDbEntity
  8
TEXT
 62
7
370
15
100
AcDbPolyline
 90
2
 70
0
 10
22.0
 20
279.385
 10
22.0
 20
274.0775
  0
TEXT
  5
BF
330
17
100
AcDbEntity
  8
TEXT
 62
7
100
AcDbText
 10
22.8
 20
277.03499999999997
 30
0.0
 40
1.35
  1
M09
  7
GOST
 11
22.8
 21
277.03499999999997
 31
0.0
100
AcDbText
  0
LWPOLYLINE
  5
C0
330
17
100
AcDbEntity
  8
TEXT
 62
7
370
15
100
AcDbPolyline
 90
2
 70
0
 10
30.63232037695891
 20
279.385
 10
30.63232037695891
 20
274.0775
  0
TEXT
  5
C1
330
17
100
AcDbEntity
  8
TEXT
 62
7
100
AcDbText
 10
31.43232037695891
 20
277.03499999999997
 30
0.0
 40
1.35
  1
R1
  7
GOST
 11
31.43232037695891
 21
277.03499999999997
 31
0.0
100
AcDbText
  0
LWPOLYLINE
  5
C2
330
17
100
AcDbEntity
  8
TEXT
 62
7
370
15
100
AcDbPolyline
 90
2
 70
0
 10
37.03654491399595
 20
279.385
 10
37.03654491399595
 20
274.0775
  0
TEXT
  5
C3
330
17
100
AcDbEntity
  8
TEXT
 62
7
100
AcDbText
 10
37.836544913995944
 20
277.03499999999997
 30
0.0
 40
1.35
  1
wall
  7
GOST
 11
37.836544913995944
 21
277.03499999999997
 31
0.0
100
AcDbText
  0
LWPOLYLINE
  5
C4
330
17
100
AcDbEntity
  8
TEXT
 62
7
370
15
100
AcDbPolyline
 90
2
 70
0
 10
51.58023704362558
 20
279.385
 10
51.58023704362558
 20
274.0775
  0
TEXT
  5
C5
330
17
100
AcDbEntity
  8
TEXT
 62
7
100
AcDbText
 10
52.38023704362558
 20
277.03499999999997
 30
0.0
 40
1.35
  1
текстиль окна O2 и кровать
  7
GOST
 11
52.38023704362558
 21
277.03499999999997
 31
0.0
100
AcDbText
  0
LWPOLYLINE
  5
C6
330
17
100
AcDbEntity
  8
TEXT
 62
7
370
15
100
AcDbPolyline
 90
2
 70
0
 10
141.9351777827192
 20
279.385
 10
141.9351777827192
 20
274.0775
  0
TEXT
  5
C7
330
17
100
AcDbEntity
  8
TEXT
 62
7
100
AcDbText
 10
142.7351777827192
 20
277.03499999999997
 30
0.0
 40
1.35
  1
Портьеры блэкаут (двойные: лён/хлопок + блэкаут-подклад) на скрытом потолочном
  7
GOST
 11
142.7351777827192
 21
277.03499999999997
 31
0.0
100
AcDbText
  0
TEXT
  5
C8
330
17
100
AcDbEntity
  8
TEXT
 62
7
100
AcDbText
 10
142.7351777827192
 20
275.0775
 30
0.0
 40
1.35
  1
карнизе в нише; тюль-лён; мягкое изголовье — велюр/рогожка
  7
GOST
 11
142.7351777827192
 21
275.0775
 31
0.0
100
AcDbText
  0
LWPOLYLINE
  5
C9
330
17
100
AcDbEntity
  8
TEXT
 62
7
370
15
100
AcDbPolyline
 90
2
 70
0
 10
232.29011852181281
 20
279.385
 10
232.29011852181281
 20
274.0775
  0
TEXT
  5
CA
330
17
100
AcDbEntity
  8
TEXT
 62
7
100
AcDbText
 10
233.09011852181283
 20
277.03499999999997
 30
0.0
 40
1.35
  1
портьеры C2/C3, изголовье C11 карамель, плед C4
  7
GOST
 11
233.09011852181283
 21
277.03499999999997
 31
0.0
100
AcDbText
  0
LWPOLYLINE
  5
CB
330
17
100
AcDbEntity
  8
TEXT
 62
7
370
15
100
AcDbPolyline
 90
2
 70
0
 10
322.6450592609064
 20
279.385
 10
322.6450592609064
 20
274.0775
  0
TEXT
  5
CC
330
17
100
AcDbEntity
  8
TEXT
 62
7
100
AcDbText
 10
323.4450592609064
 20
277.03499999999997
 30
0.0
 40
1.35
  1
ткани: Galleria Arben, Пр. «Ткани Сэндал»-класс; кровать — Askona/Ormatek/Dreamline
  7
GOST
 11
323.4450592609064
 21
277.03499999999997
 31
0.0
100
AcDbText
  0
TEXT
  5
CD
330
17
100
AcDbEntity
  8
TEXT
 62
7
100
AcDbText
 10
323.4450592609064
 20
275.0775
 30
0.0
 40
1.35
  1
(рама с изголовьем), матрас средней жёсткости
  7
GOST
 11
323.4450592609064
 21
275.0775
 31
0.0
100
AcDbText
  0
LWPOLYLINE
  5
CE
330
17
100
AcDbEntity
  8
TEXT
 62
7
370
15
100
AcDbPolyline
 90
2
 70
0
 10
413.0
 20
279.385
 10
413.0
 20
274.0775
  0
LWPOLYLINE
  5
CF
330
17
100
AcDbEntity
  8
TEXT
 62
7
370
15
100
AcDbPolyline
 90
4
 70
1
 10
22.0
 20
268.77
 10
413.0
 20
268.77
 10
413.0
 20
274.0775
 10
22.0
 20
274.0775
  0
LWPOLYLINE
  5
D0
330
17
100
AcDbEntity
  8
TEXT
 62
7
370
15
100
AcDbPolyline
 90
2
 70
0
 10
22.0
 20
274.0775
 10
22.0
 20
268.77
  0
TEXT
  5
D1
330
17
100
AcDbEntity
  8
TEXT
 62
7
100
AcDbText
 10
22.8
 20
271.72749999999996
 30
0.0
 40
1.35
  1
M10
  7
GOST
 11
22.8
 21
271.72749999999996
 31
0.0
100
AcDbText
  0
LWPOLYLINE
  5
D2
330
17
100
AcDbEntity
  8
TEXT
 62
7
370
15
100
AcDbPolyline
 90
2
 70
0
 10
30.63232037695891
 20
274.0775
 10
30.63232037695891
 20
268.77
  0
TEXT
  5
D3
330
17
100
AcDbEntity
  8
TEXT
 62
7
100
AcDbText
 10
31.43232037695891
 20
271.72749999999996
 30
0.0
 40
1.35
  1
R2
  7
GOST
 11
31.43232037695891
 21
271.72749999999996
 31
0.0
100
AcDbText
  0
LWPOLYLINE
  5
D4
330
17
100
AcDbEntity
  8
TEXT
 62
7
370
15
100
AcDbPolyline
 90
2
 70
0
 10
37.03654491399595
 20
274.0775
 10
37.03654491399595
 20
268.77
  0
TEXT
  5
D5
330
17
100
AcDbEntity
  8
TEXT
 62
7
100
AcDbText
 10
37.836544913995944
 20
271.72749999999996
 30
0.0
 40
1.35
  1
wall
  7
GOST
 11
37.836544913995944
 21
271.72749999999996
 31
0.0
100
AcDbText
  0
LWPOLYLINE
  5
D6
330
17
100
AcDbEntity
  8
TEXT
 62
7
370
15
100
AcDbPolyline
 90
2
 70
0
 10
51.58023704362558
 20
274.0775
 10
51.58023704362558
 20
268.77
  0
TEXT
  5
D7
330
17
100
AcDbEntity
  8
TEXT
 62
7
100
AcDbText
 10
52.38023704362558
 20
271.72749999999996
 30
0.0
 40
1.35
  1
стены детской
  7
GOST
 11
52.38023704362558
 21
271.72749999999996
 31
0.0
100
AcDbText
  0
LWPOLYLINE
  5
D8
330
17
100
AcDbEntity
  8
TEXT
 62
7
370
15
100
AcDbPolyline
 90
2
 70
0
 10
141.9351777827192
 20
274.0775
 10
141.9351777827192
 20
268.77
  0
TEXT
  5
D9
330
17
100
AcDbEntity
  8
TEXT
 62
7
100
AcDbText
 10
142.7351777827192
 20
271.72749999999996
 30
0.0
 40
1.35
  1
Шпаклёвка + флизелин + краска; горизонтальный стеновой молдинг (chair rail) 40×20
  7
GOST
 11
142.7351777827192
 21
271.72749999999996
 31
0.0
100
AcDbText
  0
TEXT
  5
DA
330
17
100
AcDbEntity
  8
TEXT
 62
7
100
AcDbText
 10
142.7351777827192
 20
269.77
 30
0.0
 40
1.35
  1
на +900
  7
GOST
 11
142.7351777827192
 21
269.77
 31
0.0
100
AcDbText
  0
LWPOLYLINE
  5
DB
330
17
100
AcDbEntity
  8
TEXT
 62
7
370
15
100
AcDbPolyline
 90
2
 70
0
 10
232.29011852181281
 20
274.0775
 10
232.29011852181281
 20
268.77
  0
TEXT
  5
DC
330
17
100
AcDbEntity
  8
TEXT
 62
7
100
AcDbText
 10
233.09011852181283
 20
271.72749999999996
 30
0.0
 40
1.35
  1
низ 0…+900 — C5 «серо-голубой», класс 1 (износостойкая, моющаяся); верх и молдинг —
  7
GOST
 11
233.09011852181283
 21
271.72749999999996
 31
0.0
100
AcDbText
  0
TEXT
  5
DD
330
17
100
AcDbEntity
  8
TEXT
 62
7
100
AcDbText
 10
233.09011852181283
 20
269.77
 30
0.0
 40
1.35
  1
C1/C2
  7
GOST
 11
233.09011852181283
 21
269.77
 31
0.0
100
AcDbText
  0
LWPOLYLINE
  5
DE
330
17
100
AcDbEntity
  8
TEXT
 62
7
370
15
100
AcDbPolyline
 90
2
 70
0
 10
322.6450592609064
 20
274.0775
 10
322.6450592609064
 20
268.77
  0
TEXT
  5
DF
330
17
100
AcDbEntity
  8
TEXT
 62
7
100
AcDbText
 10
323.4450592609064
 20
271.72749999999996
 30
0.0
 40
1.35
  1
Derufa / Caparol Samtex 20 (износостойкая); молдинг Европласт/Ultrawood
  7
GOST
 11
323.4450592609064
 21
271.72749999999996
 31
0.0
100
AcDbText
  0
LWPOLYLINE
  5
E0
330
17
100
AcDbEntity
  8
TEXT
 62
7
370
15
100
AcDbPolyline
 90
2
 70
0
 10
413.0
 20
274.0775
 10
413.0
 20
268.77
  0
LWPOLYLINE
  5
E1
330
17
100
AcDbEntity
  8
TEXT
 62
7
370
15
100
AcDbPolyline
 90
4
 70
1
 10
22.0
 20
263.4625
 10
413.0
 20
263.4625
 10
413.0
 20
268.77
 10
22.0
 20
268.77
  0
LWPOLYLINE
  5
E2
330
17
100
AcDbEntity
  8
TEXT
 62
7
370
15
100
AcDbPolyline
 90
2
 70
0
 10
22.0
 20
268.77
 10
22.0
 20
263.4625
  0
TEXT
  5
E3
330
17
100
AcDbEntity
  8
TEXT
 62
7
100
AcDbText
 10
22.8
 20
266.41999999999996
 30
0.0
 40
1.35
  1
M11
  7
GOST
 11
22.8
 21
266.41999999999996
 31
0.0
100
AcDbText
  0
LWPOLYLINE
  5
E4
330
17
100
AcDbEntity
  8
TEXT
 62
7
370
15
100
AcDbPolyline
 90
2
 70
0
 10
30.63232037695891
 20
268.77
 10
30.63232037695891
 20
263.4625
  0
TEXT
  5
E5
330
17
100
AcDbEntity
  8
TEXT
 62
7
100
AcDbText
 10
31.43232037695891
 20
266.41999999999996
 30
0.0
 40
1.35
  1
R2
  7
GOST
 11
31.43232037695891
 21
266.41999999999996
 31
0.0
100
AcDbText
  0
LWPOLYLINE
  5
E6
330
17
100
AcDbEntity
  8
TEXT
 62
7
370
15
100
AcDbPolyline
 90
2
 70
0
 10
37.03654491399595
 20
268.77
 10
37.03654491399595
 20
263.4625
  0
TEXT
  5
E7
330
17
100
AcDbEntity
  8
TEXT
 62
7
100
AcDbText
 10
37.836544913995944
 20
266.41999999999996
 30
0.0
 40
1.35
  1
facade
  7
GOST
 11
37.836544913995944
 21
266.41999999999996
 31
0.0
100
AcDbText
  0
LWPOLYLINE
  5
E8
330
17
100
AcDbEntity
  8
TEXT
 62
7
370
15
100
AcDbPolyline
 90
2
 70
0
 10
51.58023704362558
 20
268.77
 10
51.58023704362558
 20
263.4625
  0
TEXT
  5
E9
330
17
100
AcDbEntity
  8
TEXT
 62
7
100
AcDbText
 10
52.38023704362558
 20
266.41999999999996
 30
0.0
 40
1.35
  1
мебель детской: кровать 900×2000, стол «растущий», шкаф 600, стеллажи, ДСК
  7
GOST
 11
52.38023704362558
 21
266.41999999999996
 31
0.0
100
AcDbText
  0
LWPOLYLINE
  5
EA
330
17
100
AcDbEntity
  8
TEXT
 62
7
370
15
100
AcDbPolyline
 90
2
 70
0
 10
141.9351777827192
 20
268.77
 10
141.9351777827192
 20
263.4625
  0
TEXT
  5
EB
330
17
100
AcDbEntity
  8
TEXT
 62
7
100
AcDbText
 10
142.7351777827192
 20
266.41999999999996
 30
0.0
 40
1.35
  1
Массив берёзы/бука или МДФ эмаль, скруглённые кромки R ≥ 3; ДСК — настенный
  7
GOST
 11
142.7351777827192
 21
266.41999999999996
 31
0.0
100
AcDbText
  0
TEXT
  5
EC
330
17
100
AcDbEntity
  8
TEXT
 62
7
100
AcDbText
 10
142.7351777827192
 20
264.4625
 30
0.0
 40
1.35
  1
(крепление к стене/потолку, не к полу)
  7
GOST
 11
142.7351777827192
 21
264.4625
 31
0.0
100
AcDbText
  0
LWPOLYLINE
  5
ED
330
17
100
AcDbEntity
  8
TEXT
 62
7
370
15
100
AcDbPolyline
 90
2
 70
0
 10
232.29011852181281
 20
268.77
 10
232.29011852181281
 20
263.4625
  0
TEXT
  5
EE
330
17
100
AcDbEntity
  8
TEXT
 62
7
100
AcDbText
 10
233.09011852181283
 20
266.41999999999996
 30
0.0
 40
1.35
  1
C1 белый матовый + дерево C7, текстиль C5
  7
GOST
 11
233.09011852181283
 21
266.41999999999996
 31
0.0
100
AcDbText
  0
LWPOLYLINE
  5
EF
330
17
100
AcDbEntity
  8
TEXT
 62
7
370
15
100
AcDbPolyline
 90
2
 70
0
 10
322.6450592609064
 20
268.77
 10
322.6450592609064
 20
263.4625
  0
TEXT
  5
F0
330
17
100
AcDbEntity
  8
TEXT
 62
7
100
AcDbText
 10
323.4450592609064
 20
266.41999999999996
 30
0.0
 40
1.35
  1
кровать/стеллажи — Ellipsefurniture / Leroy-класс / местный цех; стол — Mealux / Kid-Fix;
  7
GOST
 11
323.4450592609064
 21
266.41999999999996
 31
0.0
100
AcDbText
  0
TEXT
  5
F1
330
17
100
AcDbEntity
  8
TEXT
 62
7
100
AcDbText
 10
323.4450592609064
 20
264.4625
 30
0.0
 40
1.35
  1
ДСК — Romana (настенные модели)
  7
GOST
 11
323.4450592609064
 21
264.4625
 31
0.0
100
AcDbText
  0
LWPOLYLINE
  5
F2
330
17
100
AcDbEntity
  8
TEXT
 62
7
370
15
100
AcDbPolyline
 90
2
 70
0
 10
413.0
 20
268.77
 10
413.0
 20
263.4625
  0
LWPOLYLINE
  5
F3
330
17
100
AcDbEntity
  8
TEXT
 62
7
370
15
100
AcDbPolyline
 90
4
 70
1
 10
22.0
 20
256.1975
 10
413.0
 20
256.1975
 10
413.0
 20
263.4625
 10
22.0
 20
263.4625
  0
LWPOLYLINE
  5
F4
330
17
100
AcDbEntity
  8
TEXT
 62
7
370
15
100
AcDbPolyline
 90
2
 70
0
 10
22.0
 20
263.4625
 10
22.0
 20
256.1975
  0
TEXT
  5
F5
330
17
100
AcDbEntity
  8
TEXT
 62
7
100
AcDbText
 10
22.8
 20
261.11249999999995
 30
0.0
 40
1.35
  1
M12
  7
GOST
 11
22.8
 21
261.11249999999995
 31
0.0
100
AcDbText
  0
LWPOLYLINE
  5
F6
330
17
100
AcDbEntity
  8
TEXT
 62
7
370
15
100
AcDbPolyline
 90
2
 70
0
 10
30.63232037695891
 20
263.4625
 10
30.63232037695891
 20
256.1975
  0
TEXT
  5
F7
330
17
100
AcDbEntity
  8
TEXT
 62
7
100
AcDbText
 10
31.43232037695891
 20
261.11249999999995
 30
0.0
 40
1.35
  1
R3
  7
GOST
 11
31.43232037695891
 21
261.11249999999995
 31
0.0
100
AcDbText
  0
LWPOLYLINE
  5
F8
330
17
100
AcDbEntity
  8
TEXT
 62
7
370
15
100
AcDbPolyline
 90
2
 70
0
 10
37.03654491399595
 20
263.4625
 10
37.03654491399595
 20
256.1975
  0
TEXT
  5
F9
330
17
100
AcDbEntity
  8
TEXT
 62
7
100
AcDbText
 10
37.836544913995944
 20
261.11249999999995
 30
0.0
 40
1.35
  1
facade
  7
GOST
 11
37.836544913995944
 21
261.11249999999995
 31
0.0
100
AcDbText
  0
LWPOLYLINE
  5
FA
330
17
100
AcDbEntity
  8
TEXT
 62
7
370
15
100
AcDbPolyline
 90
2
 70
0
 10
51.58023704362558
 20
263.4625
 10
51.58023704362558
 20
256.1975
  0
TEXT
  5
FB
330
17
100
AcDbEntity
  8
TEXT
 62
7
100
AcDbText
 10
52.38023704362558
 20
261.11249999999995
 30
0.0
 40
1.35
  1
кухня линейная 4,1 м + буфет 400 + пенал
  7
GOST
 11
52.38023704362558
 21
261.11249999999995
 31
0.0
100
AcDbText
  0
LWPOLYLINE
  5
FC
330
17
100
AcDbEntity
  8
TEXT
 62
7
370
15
100
AcDbPolyline
 90
2
 70
0
 10
141.9351777827192
 20
263.4625
 10
141.9351777827192
 20
256.1975
  0
TEXT
  5
FD
330
17
100
AcDbEntity
  8
TEXT
 62
7
100
AcDbText
 10
142.7351777827192
 20
261.11249999999995
 30
0.0
 40
1.35
  1
Корпус ЛДСП 18 E1 (влагостойкая под мойкой); фасады МДФ 19 эмаль, «шейкер» с узкой
  7
GOST
 11
142.7351777827192
 21
261.11249999999995
 31
0.0
100
AcDbText
  0
TEXT
  5
FE
330
17
100
AcDbEntity
  8
TEXT
 62
7
100
AcDbText
 10
142.7351777827192
 20
259.155
 30
0.0
 40
1.35
  1
рамкой 50–60; верхний ярус до h пенала 2400 / буфет ≤ 2100 (решётка U13); фурнитура
  7
GOST
 11
142.7351777827192
 21
259.155
 31
0.0
100
AcDbText
  0
TEXT
  5
FF
330
17
100
AcDbEntity
  8
TEXT
 62
7
100
AcDbText
 10
142.7351777827192
 20
257.1975
 30
0.0
 40
1.35
  1
Blum/Hettich с доводчиками
  7
GOST
 11
142.7351777827192
 21
257.1975
 31
0.0
100
AcDbText
  0
LWPOLYLINE
  5
100
330
17
100
AcDbEntity
  8
TEXT
 62
7
370
15
100
AcDbPolyline
 90
2
 70
0
 10
232.29011852181281
 20
263.4625
 10
232.29011852181281
 20
256.1975
  0
TEXT
  5
101
330
17
100
AcDbEntity
  8
TEXT
 62
7
100
AcDbText
 10
233.09011852181283
 20
261.11249999999995
 30
0.0
 40
1.35
  1
низ и буфет — C4 шалфей; верх — C2 в цвет стены (растворяется); ручки-скобы и кнопки
  7
GOST
 11
233.09011852181283
 21
261.11249999999995
 31
0.0
100
AcDbText
  0
TEXT
  5
102
330
17
100
AcDbEntity
  8
TEXT
 62
7
100
AcDbText
 10
233.09011852181283
 20
259.155
 30
0.0
 40
1.35
  1
C8 латунь браш; цоколь — в цвет пола/тёмный, съёмный
  7
GOST
 11
233.09011852181283
 21
259.155
 31
0.0
100
AcDbText
  0
LWPOLYLINE
  5
103
330
17
100
AcDbEntity
  8
TEXT
 62
7
370
15
100
AcDbPolyline
 90
2
 70
0
 10
322.6450592609064
 20
263.4625
 10
322.6450592609064
 20
256.1975
  0
TEXT
  5
104
330
17
100
AcDbEntity
  8
TEXT
 62
7
100
AcDbText
 10
323.4450592609064
 20
261.11249999999995
 30
0.0
 40
1.35
  1
«Стильные кухни» (СПб) / «Мария» (базовые линии) / местные фабрики СПб по эскизу
  7
GOST
 11
323.4450592609064
 21
261.11249999999995
 31
0.0
100
AcDbText
  0
LWPOLYLINE
  5
105
330
17
100
AcDbEntity
  8
TEXT
 62
7
370
15
100
AcDbPolyline
 90
2
 70
0
 10
413.0
 20
263.4625
 10
413.0
 20
256.1975
  0
LWPOLYLINE
  5
106
330
17
100
AcDbEntity
  8
TEXT
 62
7
370
15
100
AcDbPolyline
 90
4
 70
1
 10
22.0
 20
248.9325
 10
413.0
 20
248.9325
 10
413.0
 20
256.1975
 10
22.0
 20
256.1975
  0
LWPOLYLINE
  5
107
330
17
100
AcDbEntity
  8
TEXT
 62
7
370
15
100
AcDbPolyline
 90
2
 70
0
 10
22.0
 20
256.1975
 10
22.0
 20
248.9325
  0
TEXT
  5
108
330
17
100
AcDbEntity
  8
TEXT
 62
7
100
AcDbText
 10
22.8
 20
253.8475
 30
0.0
 40
1.35
  1
M13
  7
GOST
 11
22.8
 21
253.8475
 31
0.0
100
AcDbText
  0
LWPOLYLINE
  5
109
330
17
100
AcDbEntity
  8
TEXT
 62
7
370
15
100
AcDbPolyline
 90
2
 70
0
 10
30.63232037695891
 20
256.1975
 10
30.63232037695891
 20
248.9325
  0
TEXT
  5
10A
330
17
100
AcDbEntity
  8
TEXT
 62
7
100
AcDbText
 10
31.43232037695891
 20
253.8475
 30
0.0
 40
1.35
  1
R3
  7
GOST
 11
31.43232037695891
 21
253.8475
 31
0.0
100
AcDbText
  0
LWPOLYLINE
  5
10B
330
17
100
AcDbEntity
  8
TEXT
 62
7
370
15
100
AcDbPolyline
 90
2
 70
0
 10
37.03654491399595
 20
256.1975
 10
37.03654491399595
 20
248.9325
  0
TEXT
  5
10C
330
17
100
AcDbEntity
  8
TEXT
 62
7
100
AcDbText
 10
37.836544913995944
 20
253.8475
 30
0.0
 40
1.35
  1
facade
  7
GOST
 11
37.836544913995944
 21
253.8475
 31
0.0
100
AcDbText
  0
LWPOLYLINE
  5
10D
330
17
100
AcDbEntity
  8
TEXT
 62
7
370
15
100
AcDbPolyline
 90
2
 70
0
 10
51.58023704362558
 20
256.1975
 10
51.58023704362558
 20
248.9325
  0
TEXT
  5
10E
330
17
100
AcDbEntity
  8
TEXT
 62
7
100
AcDbText
 10
52.38023704362558
 20
253.8475
 30
0.0
 40
1.35
  1
столешница и фартук
  7
GOST
 11
52.38023704362558
 21
253.8475
 31
0.0
100
AcDbText
  0
LWPOLYLINE
  5
10F
330
17
100
AcDbEntity
  8
TEXT
 62
7
370
15
100
AcDbPolyline
 90
2
 70
0
 10
141.9351777827192
 20
256.1975
 10
141.9351777827192
 20
248.9325
  0
TEXT
  5
110
330
17
100
AcDbEntity
  8
TEXT
 62
7
100
AcDbText
 10
142.7351777827192
 20
253.8475
 30
0.0
 40
1.35
  1
Столешница кварцевый агломерат 20 мм, светлый с тёплыми прожилками; фартук —
  7
GOST
 11
142.7351777827192
 21
253.8475
 31
0.0
100
AcDbText
  0
TEXT
  5
111
330
17
100
AcDbEntity
  8
TEXT
 62
7
100
AcDbText
 10
142.7351777827192
 20
251.89
 30
0.0
 40
1.35
  1
керамогранит под мрамор 60×120 (как C9, та же серия, что в ванной) или продолжение
  7
GOST
 11
142.7351777827192
 21
251.89
 31
0.0
100
AcDbText
  0
TEXT
  5
112
330
17
100
AcDbEntity
  8
TEXT
 62
7
100
AcDbText
 10
142.7351777827192
 20
249.93249999999998
 30
0.0
 40
1.35
  1
кварца h 600
  7
GOST
 11
142.7351777827192
 21
249.93249999999998
 31
0.0
100
AcDbText
  0
LWPOLYLINE
  5
113
330
17
100
AcDbEntity
  8
TEXT
 62
7
370
15
100
AcDbPolyline
 90
2
 70
0
 10
232.29011852181281
 20
256.1975
 10
232.29011852181281
 20
248.9325
  0
TEXT
  5
114
330
17
100
AcDbEntity
  8
TEXT
 62
7
100
AcDbText
 10
233.09011852181283
 20
253.8475
 30
0.0
 40
1.35
  1
матовая/сатин (не глянец)
  7
GOST
 11
233.09011852181283
 21
253.8475
 31
0.0
100
AcDbText
  0
LWPOLYLINE
  5
115
330
17
100
AcDbEntity
  8
TEXT
 62
7
370
15
100
AcDbPolyline
 90
2
 70
0
 10
322.6450592609064
 20
256.1975
 10
322.6450592609064
 20
248.9325
  0
TEXT
  5
116
330
17
100
AcDbEntity
  8
TEXT
 62
7
100
AcDbText
 10
323.4450592609064
 20
253.8475
 30
0.0
 40
1.35
  1
кварц: Neomarm / Avant / Grandex (средний), Caesarstone (премиум — не закладываем);
  7
GOST
 11
323.4450592609064
 21
253.8475
 31
0.0
100
AcDbText
  0
TEXT
  5
117
330
17
100
AcDbEntity
  8
TEXT
 62
7
100
AcDbText
 10
323.4450592609064
 20
251.89
 30
0.0
 40
1.35
  1
фартук: Italon/Kerama Marazzi
  7
GOST
 11
323.4450592609064
 21
251.89
 31
0.0
100
AcDbText
  0
LWPOLYLINE
  5
118
330
17
100
AcDbEntity
  8
TEXT
 62
7
370
15
100
AcDbPolyline
 90
2
 70
0
 10
413.0
 20
256.1975
 10
413.0
 20
248.9325
  0
LWPOLYLINE
  5
119
330
17
100
AcDbEntity
  8
TEXT
 62
7
370
15
100
AcDbPolyline
 90
4
 70
1
 10
22.0
 20
237.7525
 10
413.0
 20
237.7525
 10
413.0
 20
248.9325
 10
22.0
 20
248.9325
  0
LWPOLYLINE
  5
11A
330
17
100
AcDbEntity
  8
TEXT
 62
7
370
15
100
AcDbPolyline
 90
2
 70
0
 10
22.0
 20
248.9325
 10
22.0
 20
237.7525
  0
TEXT
  5
11B
330
17
100
AcDbEntity
  8
TEXT
 62
7
100
AcDbText
 10
22.8
 20
246.5825
 30
0.0
 40
1.35
  1
M14
  7
GOST
 11
22.8
 21
246.5825
 31
0.0
100
AcDbText
  0
LWPOLYLINE
  5
11C
330
17
100
AcDbEntity
  8
TEXT
 62
7
370
15
100
AcDbPolyline
 90
2
 70
0
 10
30.63232037695891
 20
248.9325
 10
30.63232037695891
 20
237.7525
  0
TEXT
  5
11D
330
17
100
AcDbEntity
  8
TEXT
 62
7
100
AcDbText
 10
31.43232037695891
 20
246.5825
 30
0.0
 40
1.35
  1
R3
  7
GOST
 11
31.43232037695891
 21
246.5825
 31
0.0
100
AcDbText
  0
LWPOLYLINE
  5
11E
330
17
100
AcDbEntity
  8
TEXT
 62
7
370
15
100
AcDbPolyline
 90
2
 70
0
 10
37.03654491399595
 20
248.9325
 10
37.03654491399595
 20
237.7525
  0
TEXT
  5
11F
330
17
100
AcDbEntity
  8
TEXT
 62
7
100
AcDbText
 10
37.836544913995944
 20
246.5825
 30
0.0
 40
1.35
  1
wall
  7
GOST
 11
37.836544913995944
 21
246.5825
 31
0.0
100
AcDbText
  0
LWPOLYLINE
  5
120
330
17
100
AcDbEntity
  8
TEXT
 62
7
370
15
100
AcDbPolyline
 90
2
 70
0
 10
51.58023704362558
 20
248.9325
 10
51.58023704362558
 20
237.7525
  0
TEXT
  5
121
330
17
100
AcDbEntity
  8
TEXT
 62
7
100
AcDbText
 10
52.38023704362558
 20
246.5825
 30
0.0
 40
1.35
  1
стена столовой (W8, за стульями) и короб-ламбрекен CB-3 вдоль всей W2; портал O4 без
  7
GOST
 11
52.38023704362558
 21
246.5825
 31
0.0
100
AcDbText
  0
TEXT
  5
122
330
17
100
AcDbEntity
  8
TEXT
 62
7
100
AcDbText
 10
52.38023704362558
 20
244.625
 30
0.0
 40
1.35
  1
наличника (D21)
  7
GOST
 11
52.38023704362558
 21
244.625
 31
0.0
100
AcDbText
  0
LWPOLYLINE
  5
123
330
17
100
AcDbEntity
  8
TEXT
 62
7
370
15
100
AcDbPolyline
 90
2
 70
0
 10
141.9351777827192
 20
248.9325
 10
141.9351777827192
 20
237.7525
  0
TEXT
  5
124
330
17
100
AcDbEntity
  8
TEXT
 62
7
100
AcDbText
 10
142.7351777827192
 20
246.5825
 30
0.0
 40
1.35
  1
Рамки из молдингов полиуретан 25–30 мм по окрашенной стене (2–3 вертикальные
  7
GOST
 11
142.7351777827192
 21
246.5825
 31
0.0
100
AcDbText
  0
TEXT
  5
125
330
17
100
AcDbEntity
  8
TEXT
 62
7
100
AcDbText
 10
142.7351777827192
 20
244.625
 30
0.0
 40
1.35
  1
рамки, ритм по оси стола) + пара бра; короб-ламбрекен CB-3 ГКЛ по всей W2, низ +2550,
  7
GOST
 11
142.7351777827192
 21
244.625
 31
0.0
100
AcDbText
  0
TEXT
  5
126
330
17
100
AcDbEntity
  8
TEXT
 62
7
100
AcDbText
 10
142.7351777827192
 20
242.6675
 30
0.0
 40
1.35
  1
карниз-профиль 60, ниша экрана 180×150 со щелью; портал O4 — откосы 420
  7
GOST
 11
142.7351777827192
 21
242.6675
 31
0.0
100
AcDbText
  0
TEXT
  5
127
330
17
100
AcDbEntity
  8
TEXT
 62
7
100
AcDbText
 10
142.7351777827192
 20
240.70999999999998
 30
0.0
 40
1.35
  1
(штукатурка, уголок) и полоса C1 над перемычкой, наличник НЕ ставится (пенал K-01 в
  7
GOST
 11
142.7351777827192
 21
240.70999999999998
 31
0.0
100
AcDbText
  0
TEXT
  5
128
330
17
100
AcDbEntity
  8
TEXT
 62
7
100
AcDbText
 10
142.7351777827192
 20
238.75249999999997
 30
0.0
 40
1.35
  1
10 мм от откоса)
  7
GOST
 11
142.7351777827192
 21
238.75249999999997
 31
0.0
100
AcDbText
  0
LWPOLYLINE
  5
129
330
17
100
AcDbEntity
  8
TEXT
 62
7
370
15
100
AcDbPolyline
 90
2
 70
0
 10
232.29011852181281
 20
248.9325
 10
232.29011852181281
 20
237.7525
  0
TEXT
  5
12A
330
17
100
AcDbEntity
  8
TEXT
 62
7
100
AcDbText
 10
233.09011852181283
 20
246.5825
 30
0.0
 40
1.35
  1
стена и рамки — C2 тон-в-тон; ламбрекен, откосы и полоса над перемычкой — C1; ниша
  7
GOST
 11
233.09011852181283
 21
246.5825
 31
0.0
100
AcDbText
  0
TEXT
  5
12B
330
17
100
AcDbEntity
  8
TEXT
 62
7
100
AcDbText
 10
233.09011852181283
 20
244.625
 30
0.0
 40
1.35
  1
экрана — C6
  7
GOST
 11
233.09011852181283
 21
244.625
 31
0.0
100
AcDbText
  0
LWPOLYLINE
  5
12C
330
17
100
AcDbEntity
  8
TEXT
 62
7
370
15
100
AcDbPolyline
 90
2
 70
0
 10
322.6450592609064
 20
248.9325
 10
322.6450592609064
 20
237.7525
  0
TEXT
  5
12D
330
17
100
AcDbEntity
  8
TEXT
 62
7
100
AcDbText
 10
323.4450592609064
 20
246.5825
 30
0.0
 40
1.35
  1
Европласт / Orac Decor
  7
GOST
 11
323.4450592609064
 21
246.5825
 31
0.0
100
AcDbText
  0
LWPOLYLINE
  5
12E
330
17
100
AcDbEntity
  8
TEXT
 62
7
370
15
100
AcDbPolyline
 90
2
 70
0
 10
413.0
 20
248.9325
 10
413.0
 20
237.7525
  0
LWPOLYLINE
  5
12F
330
17
100
AcDbEntity
  8
TEXT
 62
7
370
15
100
AcDbPolyline
 90
4
 70
1
 10
22.0
 20
232.445
 10
413.0
 20
232.445
 10
413.0
 20
237.7525
 10
22.0
 20
237.7525
  0
LWPOLYLINE
  5
130
330
17
100
AcDbEntity
  8
TEXT
 62
7
370
15
100
AcDbPolyline
 90
2
 70
0
 10
22.0
 20
237.7525
 10
22.0
 20
232.445
  0
TEXT
  5
131
330
17
100
AcDbEntity
  8
TEXT
 62
7
100
AcDbText
 10
22.8
 20
235.4025
 30
0.0
 40
1.35
  1
M15
  7
GOST
 11
22.8
 21
235.4025
 31
0.0
100
AcDbText
  0
LWPOLYLINE
  5
132
330
17
100
AcDbEntity
  8
TEXT
 62
7
370
15
100
AcDbPolyline
 90
2
 70
0
 10
30.63232037695891
 20
237.7525
 10
30.63232037695891
 20
232.445
  0
TEXT
  5
133
330
17
100
AcDbEntity
  8
TEXT
 62
7
100
AcDbText
 10
31.43232037695891
 20
235.4025
 30
0.0
 40
1.35
  1
R3
  7
GOST
 11
31.43232037695891
 21
235.4025
 31
0.0
100
AcDbText
  0
LWPOLYLINE
  5
134
330
17
100
AcDbEntity
  8
TEXT
 62
7
370
15
100
AcDbPolyline
 90
2
 70
0
 10
37.03654491399595
 20
237.7525
 10
37.03654491399595
 20
232.445
  0
TEXT
  5
135
330
17
100
AcDbEntity
  8
TEXT
 62
7
100
AcDbText
 10
37.836544913995944
 20
235.4025
 30
0.0
 40
1.35
  1
facade
  7
GOST
 11
37.836544913995944
 21
235.4025
 31
0.0
100
AcDbText
  0
LWPOLYLINE
  5
136
330
17
100
AcDbEntity
  8
TEXT
 62
7
370
15
100
AcDbPolyline
 90
2
 70
0
 10
51.58023704362558
 20
237.7525
 10
51.58023704362558
 20
232.445
  0
TEXT
  5
137
330
17
100
AcDbEntity
  8
TEXT
 62
7
100
AcDbText
 10
52.38023704362558
 20
235.4025
 30
0.0
 40
1.35
  1
обеденная группа: стол 1800×900, 6 стульев
  7
GOST
 11
52.38023704362558
 21
235.4025
 31
0.0
100
AcDbText
  0
LWPOLYLINE
  5
138
330
17
100
AcDbEntity
  8
TEXT
 62
7
370
15
100
AcDbPolyline
 90
2
 70
0
 10
141.9351777827192
 20
237.7525
 10
141.9351777827192
 20
232.445
  0
TEXT
  5
139
330
17
100
AcDbEntity
  8
TEXT
 62
7
100
AcDbText
 10
142.7351777827192
 20
235.4025
 30
0.0
 40
1.35
  1
Стол — шпон дуба/массив, ножки точёные или прямоугольные с фаской; стулья с мягким
  7
GOST
 11
142.7351777827192
 21
235.4025
 31
0.0
100
AcDbText
  0
TEXT
  5
13A
330
17
100
AcDbEntity
  8
TEXT
 62
7
100
AcDbText
 10
142.7351777827192
 20
233.445
 30
0.0
 40
1.35
  1
сиденьем и спинкой
  7
GOST
 11
142.7351777827192
 21
233.445
 31
0.0
100
AcDbText
  0
LWPOLYLINE
  5
13B
330
17
100
AcDbEntity
  8
TEXT
 62
7
370
15
100
AcDbPolyline
 90
2
 70
0
 10
232.29011852181281
 20
237.7525
 10
232.29011852181281
 20
232.445
  0
TEXT
  5
13C
330
17
100
AcDbEntity
  8
TEXT
 62
7
100
AcDbText
 10
233.09011852181283
 20
235.4025
 30
0.0
 40
1.35
  1
дуб C7 мат. лак; обивка C11/C2 рогожка easy-clean (Мартиндейл ≥ 50 000,
  7
GOST
 11
233.09011852181283
 21
235.4025
 31
0.0
100
AcDbText
  0
TEXT
  5
13D
330
17
100
AcDbEntity
  8
TEXT
 62
7
100
AcDbText
 10
233.09011852181283
 20
233.445
 30
0.0
 40
1.35
  1
водоотталкивающая пропитка)
  7
GOST
 11
233.09011852181283
 21
233.445
 31
0.0
100
AcDbText
  0
LWPOLYLINE
  5
13E
330
17
100
AcDbEntity
  8
TEXT
 62
7
370
15
100
AcDbPolyline
 90
2
 70
0
 10
322.6450592609064
 20
237.7525
 10
322.6450592609064
 20
232.445
  0
TEXT
  5
13F
330
17
100
AcDbEntity
  8
TEXT
 62
7
100
AcDbText
 10
323.4450592609064
 20
235.4025
 30
0.0
 40
1.35
  1
Stool Group / Woodville / Ellipsefurniture / «Деком»
  7
GOST
 11
323.4450592609064
 21
235.4025
 31
0.0
100
AcDbText
  0
LWPOLYLINE
  5
140
330
17
100
AcDbEntity
  8
TEXT
 62
7
370
15
100
AcDbPolyline
 90
2
 70
0
 10
413.0
 20
237.7525
 10
413.0
 20
232.445
  0
LWPOLYLINE
  5
141
330
17
100
AcDbEntity
  8
TEXT
 62
7
370
15
100
AcDbPolyline
 90
4
 70
1
 10
22.0
 20
227.1375
 10
413.0
 20
227.1375
 10
413.0
 20
232.445
 10
22.0
 20
232.445
  0
LWPOLYLINE
  5
142
330
17
100
AcDbEntity
  8
TEXT
 62
7
370
15
100
AcDbPolyline
 90
2
 70
0
 10
22.0
 20
232.445
 10
22.0
 20
227.1375
  0
TEXT
  5
143
330
17
100
AcDbEntity
  8
TEXT
 62
7
100
AcDbText
 10
22.8
 20
230.095
 30
0.0
 40
1.35
  1
M16
  7
GOST
 11
22.8
 21
230.095
 31
0.0
100
AcDbText
  0
LWPOLYLINE
  5
144
330
17
100
AcDbEntity
  8
TEXT
 62
7
370
15
100
AcDbPolyline
 90
2
 70
0
 10
30.63232037695891
 20
232.445
 10
30.63232037695891
 20
227.1375
  0
TEXT
  5
145
330
17
100
AcDbEntity
  8
TEXT
 62
7
100
AcDbText
 10
31.43232037695891
 20
230.095
 30
0.0
 40
1.35
  1
R4
  7
GOST
 11
31.43232037695891
 21
230.095
 31
0.0
100
AcDbText
  0
LWPOLYLINE
  5
146
330
17
100
AcDbEntity
  8
TEXT
 62
7
370
15
100
AcDbPolyline
 90
2
 70
0
 10
37.03654491399595
 20
232.445
 10
37.03654491399595
 20
227.1375
  0
TEXT
  5
147
330
17
100
AcDbEntity
  8
TEXT
 62
7
100
AcDbText
 10
37.836544913995944
 20
230.095
 30
0.0
 40
1.35
  1
floor
  7
GOST
 11
37.836544913995944
 21
230.095
 31
0.0
100
AcDbText
  0
LWPOLYLINE
  5
148
330
17
100
AcDbEntity
  8
TEXT
 62
7
370
15
100
AcDbPolyline
 90
2
 70
0
 10
51.58023704362558
 20
232.445
 10
51.58023704362558
 20
227.1375
  0
TEXT
  5
149
330
17
100
AcDbEntity
  8
TEXT
 62
7
100
AcDbText
 10
52.38023704362558
 20
230.095
 30
0.0
 40
1.35
  1
зона у входа (x ≈ 5910..7541, y 2011..3121 — уточнит pib-finishes)
  7
GOST
 11
52.38023704362558
 21
230.095
 31
0.0
100
AcDbText
  0
LWPOLYLINE
  5
14A
330
17
100
AcDbEntity
  8
TEXT
 62
7
370
15
100
AcDbPolyline
 90
2
 70
0
 10
141.9351777827192
 20
232.445
 10
141.9351777827192
 20
227.1375
  0
TEXT
  5
14B
330
17
100
AcDbEntity
  8
TEXT
 62
7
100
AcDbText
 10
142.7351777827192
 20
230.095
 30
0.0
 40
1.35
  1
Керамогранит 60×60 «светлый камень», ректификат; переход к ёлочке —
  7
GOST
 11
142.7351777827192
 21
230.095
 31
0.0
100
AcDbText
  0
TEXT
  5
14C
330
17
100
AcDbEntity
  8
TEXT
 62
7
100
AcDbText
 10
142.7351777827192
 20
228.1375
 30
0.0
 40
1.35
  1
латунный/нерж. Т-профиль на клею или прямой стык через пробковый компенсатор
  7
GOST
 11
142.7351777827192
 21
228.1375
 31
0.0
100
AcDbText
  0
LWPOLYLINE
  5
14D
330
17
100
AcDbEntity
  8
TEXT
 62
7
370
15
100
AcDbPolyline
 90
2
 70
0
 10
232.29011852181281
 20
232.445
 10
232.29011852181281
 20
227.1375
  0
TEXT
  5
14E
330
17
100
AcDbEntity
  8
TEXT
 62
7
100
AcDbText
 10
233.09011852181283
 20
230.095
 30
0.0
 40
1.35
  1
матовый R10, износ. класс ≥ 4, C9
  7
GOST
 11
233.09011852181283
 21
230.095
 31
0.0
100
AcDbText
  0
LWPOLYLINE
  5
14F
330
17
100
AcDbEntity
  8
TEXT
 62
7
370
15
100
AcDbPolyline
 90
2
 70
0
 10
322.6450592609064
 20
232.445
 10
322.6450592609064
 20
227.1375
  0
TEXT
  5
150
330
17
100
AcDbEntity
  8
TEXT
 62
7
100
AcDbText
 10
323.4450592609064
 20
230.095
 30
0.0
 40
1.35
  1
Kerama Marazzi / Italon / Estima (серии «под камень/мрамор» матовые)
  7
GOST
 11
323.4450592609064
 21
230.095
 31
0.0
100
AcDbText
  0
LWPOLYLINE
  5
151
330
17
100
AcDbEntity
  8
TEXT
 62
7
370
15
100
AcDbPolyline
 90
2
 70
0
 10
413.0
 20
232.445
 10
413.0
 20
227.1375
  0
LWPOLYLINE
  5
152
330
17
100
AcDbEntity
  8
TEXT
 62
7
370
15
100
AcDbPolyline
 90
4
 70
1
 10
22.0
 20
219.8725
 10
413.0
 20
219.8725
 10
413.0
 20
227.1375
 10
22.0
 20
227.1375
  0
LWPOLYLINE
  5
153
330
17
100
AcDbEntity
  8
TEXT
 62
7
370
15
100
AcDbPolyline
 90
2
 70
0
 10
22.0
 20
227.1375
 10
22.0
 20
219.8725
  0
TEXT
  5
154
330
17
100
AcDbEntity
  8
TEXT
 62
7
100
AcDbText
 10
22.8
 20
224.7875
 30
0.0
 40
1.35
  1
M17
  7
GOST
 11
22.8
 21
224.7875
 31
0.0
100
AcDbText
  0
LWPOLYLINE
  5
155
330
17
100
AcDbEntity
  8
TEXT
 62
7
370
15
100
AcDbPolyline
 90
2
 70
0
 10
30.63232037695891
 20
227.1375
 10
30.63232037695891
 20
219.8725
  0
TEXT
  5
156
330
17
100
AcDbEntity
  8
TEXT
 62
7
100
AcDbText
 10
31.43232037695891
 20
224.7875
 30
0.0
 40
1.35
  1
R4
  7
GOST
 11
31.43232037695891
 21
224.7875
 31
0.0
100
AcDbText
  0
LWPOLYLINE
  5
157
330
17
100
AcDbEntity
  8
TEXT
 62
7
370
15
100
AcDbPolyline
 90
2
 70
0
 10
37.03654491399595
 20
227.1375
 10
37.03654491399595
 20
219.8725
  0
TEXT
  5
158
330
17
100
AcDbEntity
  8
TEXT
 62
7
100
AcDbText
 10
37.836544913995944
 20
224.7875
 30
0.0
 40
1.35
  1
facade
  7
GOST
 11
37.836544913995944
 21
224.7875
 31
0.0
100
AcDbText
  0
LWPOLYLINE
  5
159
330
17
100
AcDbEntity
  8
TEXT
 62
7
370
15
100
AcDbPolyline
 90
2
 70
0
 10
51.58023704362558
 20
227.1375
 10
51.58023704362558
 20
219.8725
  0
TEXT
  5
15A
330
17
100
AcDbEntity
  8
TEXT
 62
7
100
AcDbText
 10
52.38023704362558
 20
224.7875
 30
0.0
 40
1.35
  1
шкаф прихожей 2720×600 (x 4820..7541) до потолка
  7
GOST
 11
52.38023704362558
 21
224.7875
 31
0.0
100
AcDbText
  0
LWPOLYLINE
  5
15B
330
17
100
AcDbEntity
  8
TEXT
 62
7
370
15
100
AcDbPolyline
 90
2
 70
0
 10
141.9351777827192
 20
227.1375
 10
141.9351777827192
 20
219.8725
  0
TEXT
  5
15C
330
17
100
AcDbEntity
  8
TEXT
 62
7
100
AcDbText
 10
142.7351777827192
 20
224.7875
 30
0.0
 40
1.35
  1
Корпус ЛДСП 18 E1; распашные фасады МДФ эмаль с накладной рамкой-филёнкой, 6
  7
GOST
 11
142.7351777827192
 21
224.7875
 31
0.0
100
AcDbText
  0
TEXT
  5
15D
330
17
100
AcDbEntity
  8
TEXT
 62
7
100
AcDbText
 10
142.7351777827192
 20
222.82999999999998
 30
0.0
 40
1.35
  1
дверей ≈ 450 + антресольный ярус; одна дверь — зеркало в рамке (зеркало в рост);
  7
GOST
 11
142.7351777827192
 21
222.82999999999998
 31
0.0
100
AcDbText
  0
TEXT
  5
15E
330
17
100
AcDbEntity
  8
TEXT
 62
7
100
AcDbText
 10
142.7351777827192
 20
220.87249999999997
 30
0.0
 40
1.35
  1
отсек самоката/коляски, станция робота-пылесоса (цоколь-ниша)
  7
GOST
 11
142.7351777827192
 21
220.87249999999997
 31
0.0
100
AcDbText
  0
LWPOLYLINE
  5
15F
330
17
100
AcDbEntity
  8
TEXT
 62
7
370
15
100
AcDbPolyline
 90
2
 70
0
 10
232.29011852181281
 20
227.1375
 10
232.29011852181281
 20
219.8725
  0
TEXT
  5
160
330
17
100
AcDbEntity
  8
TEXT
 62
7
100
AcDbText
 10
233.09011852181283
 20
224.7875
 30
0.0
 40
1.35
  1
фасады C2 в цвет стены (шкаф «уходит» в стену), ручки-скобы C8; внутри LED по
  7
GOST
 11
233.09011852181283
 21
224.7875
 31
0.0
100
AcDbText
  0
TEXT
  5
161
330
17
100
AcDbEntity
  8
TEXT
 62
7
100
AcDbText
 10
233.09011852181283
 20
222.82999999999998
 30
0.0
 40
1.35
  1
датчику
  7
GOST
 11
233.09011852181283
 21
222.82999999999998
 31
0.0
100
AcDbText
  0
LWPOLYLINE
  5
162
330
17
100
AcDbEntity
  8
TEXT
 62
7
370
15
100
AcDbPolyline
 90
2
 70
0
 10
322.6450592609064
 20
227.1375
 10
322.6450592609064
 20
219.8725
  0
TEXT
  5
163
330
17
100
AcDbEntity
  8
TEXT
 62
7
100
AcDbText
 10
323.4450592609064
 20
224.7875
 30
0.0
 40
1.35
  1
мебельный цех СПб по эскизу (moodboard.html, схема 2); фурнитура Blum/Hettich
  7
GOST
 11
323.4450592609064
 21
224.7875
 31
0.0
100
AcDbText
  0
LWPOLYLINE
  5
164
330
17
100
AcDbEntity
  8
TEXT
 62
7
370
15
100
AcDbPolyline
 90
2
 70
0
 10
413.0
 20
227.1375
 10
413.0
 20
219.8725
  0
LWPOLYLINE
  5
165
330
17
100
AcDbEntity
  8
TEXT
 62
7
370
15
100
AcDbPolyline
 90
4
 70
1
 10
22.0
 20
216.5225
 10
413.0
 20
216.5225
 10
413.0
 20
219.8725
 10
22.0
 20
219.8725
  0
LWPOLYLINE
  5
166
330
17
100
AcDbEntity
  8
TEXT
 62
7
370
15
100
AcDbPolyline
 90
2
 70
0
 10
22.0
 20
219.8725
 10
22.0
 20
216.5225
  0
TEXT
  5
167
330
17
100
AcDbEntity
  8
TEXT
 62
7
100
AcDbText
 10
22.8
 20
217.5225
 30
0.0
 40
1.35
  1
M18
  7
GOST
 11
22.8
 21
217.5225
 31
0.0
100
AcDbText
  0
LWPOLYLINE
  5
168
330
17
100
AcDbEntity
  8
TEXT
 62
7
370
15
100
AcDbPolyline
 90
2
 70
0
 10
30.63232037695891
 20
219.8725
 10
30.63232037695891
 20
216.5225
  0
TEXT
  5
169
330
17
100
AcDbEntity
  8
TEXT
 62
7
100
AcDbText
 10
31.43232037695891
 20
217.5225
 30
0.0
 40
1.35
  1
R4
  7
GOST
 11
31.43232037695891
 21
217.5225
 31
0.0
100
AcDbText
  0
LWPOLYLINE
  5
16A
330
17
100
AcDbEntity
  8
TEXT
 62
7
370
15
100
AcDbPolyline
 90
2
 70
0
 10
37.03654491399595
 20
219.8725
 10
37.03654491399595
 20
216.5225
  0
TEXT
  5
16B
330
17
100
AcDbEntity
  8
TEXT
 62
7
100
AcDbText
 10
37.836544913995944
 20
217.5225
 30
0.0
 40
1.35
  1
wall
  7
GOST
 11
37.836544913995944
 21
217.5225
 31
0.0
100
AcDbText
  0
LWPOLYLINE
  5
16C
330
17
100
AcDbEntity
  8
TEXT
 62
7
370
15
100
AcDbPolyline
 90
2
 70
0
 10
51.58023704362558
 20
219.8725
 10
51.58023704362558
 20
216.5225
  0
TEXT
  5
16D
330
17
100
AcDbEntity
  8
TEXT
 62
7
100
AcDbText
 10
52.38023704362558
 20
217.5225
 30
0.0
 40
1.35
  1
стены прихожей-коридора
  7
GOST
 11
52.38023704362558
 21
217.5225
 31
0.0
100
AcDbText
  0
LWPOLYLINE
  5
16E
330
17
100
AcDbEntity
  8
TEXT
 62
7
370
15
100
AcDbPolyline
 90
2
 70
0
 10
141.9351777827192
 20
219.8725
 10
141.9351777827192
 20
216.5225
  0
TEXT
  5
16F
330
17
100
AcDbEntity
  8
TEXT
 62
7
100
AcDbText
 10
142.7351777827192
 20
217.5225
 30
0.0
 40
1.35
  1
Шпаклёвка + флизелин + краска; без рамок (рамки — только в спальне и столовой)
  7
GOST
 11
142.7351777827192
 21
217.5225
 31
0.0
100
AcDbText
  0
LWPOLYLINE
  5
170
330
17
100
AcDbEntity
  8
TEXT
 62
7
370
15
100
AcDbPolyline
 90
2
 70
0
 10
232.29011852181281
 20
219.8725
 10
232.29011852181281
 20
216.5225
  0
TEXT
  5
171
330
17
100
AcDbEntity
  8
TEXT
 62
7
100
AcDbText
 10
233.09011852181283
 20
217.5225
 30
0.0
 40
1.35
  1
C2, класс 1 (износостойкая — самокат, коляска)
  7
GOST
 11
233.09011852181283
 21
217.5225
 31
0.0
100
AcDbText
  0
LWPOLYLINE
  5
172
330
17
100
AcDbEntity
  8
TEXT
 62
7
370
15
100
AcDbPolyline
 90
2
 70
0
 10
322.6450592609064
 20
219.8725
 10
322.6450592609064
 20
216.5225
  0
TEXT
  5
173
330
17
100
AcDbEntity
  8
TEXT
 62
7
100
AcDbText
 10
323.4450592609064
 20
217.5225
 30
0.0
 40
1.35
  1
Caparol Samtex 20 / Derufa (износостойкая линия)
  7
GOST
 11
323.4450592609064
 21
217.5225
 31
0.0
100
AcDbText
  0
LWPOLYLINE
  5
174
330
17
100
AcDbEntity
  8
TEXT
 62
7
370
15
100
AcDbPolyline
 90
2
 70
0
 10
413.0
 20
219.8725
 10
413.0
 20
216.5225
  0
LWPOLYLINE
  5
175
330
17
100
AcDbEntity
  8
TEXT
 62
7
370
15
100
AcDbPolyline
 90
4
 70
1
 10
22.0
 20
209.2575
 10
413.0
 20
209.2575
 10
413.0
 20
216.5225
 10
22.0
 20
216.5225
  0
LWPOLYLINE
  5
176
330
17
100
AcDbEntity
  8
TEXT
 62
7
370
15
100
AcDbPolyline
 90
2
 70
0
 10
22.0
 20
216.5225
 10
22.0
 20
209.2575
  0
TEXT
  5
177
330
17
100
AcDbEntity
  8
TEXT
 62
7
100
AcDbText
 10
22.8
 20
214.1725
 30
0.0
 40
1.35
  1
M19-R1
  7
GOST
 11
22.8
 21
214.1725
 31
0.0
100
AcDbText
  0
LWPOLYLINE
  5
178
330
17
100
AcDbEntity
  8
TEXT
 62
7
370
15
100
AcDbPolyline
 90
2
 70
0
 10
30.63232037695891
 20
216.5225
 10
30.63232037695891
 20
209.2575
  0
TEXT
  5
179
330
17
100
AcDbEntity
  8
TEXT
 62
7
100
AcDbText
 10
31.43232037695891
 20
214.1725
 30
0.0
 40
1.35
  1
R1
  7
GOST
 11
31.43232037695891
 21
214.1725
 31
0.0
100
AcDbText
  0
LWPOLYLINE
  5
17A
330
17
100
AcDbEntity
  8
TEXT
 62
7
370
15
100
AcDbPolyline
 90
2
 70
0
 10
37.03654491399595
 20
216.5225
 10
37.03654491399595
 20
209.2575
  0
TEXT
  5
17B
330
17
100
AcDbEntity
  8
TEXT
 62
7
100
AcDbText
 10
37.836544913995944
 20
214.1725
 30
0.0
 40
1.35
  1
facade
  7
GOST
 11
37.836544913995944
 21
214.1725
 31
0.0
100
AcDbText
  0
LWPOLYLINE
  5
17C
330
17
100
AcDbEntity
  8
TEXT
 62
7
370
15
100
AcDbPolyline
 90
2
 70
0
 10
51.58023704362558
 20
216.5225
 10
51.58023704362558
 20
209.2575
  0
TEXT
  5
17D
330
17
100
AcDbEntity
  8
TEXT
 62
7
100
AcDbText
 10
52.38023704362558
 20
214.1725
 30
0.0
 40
1.35
  1
межкомнатные двери D1–D4 (+ надпроёмная панель над D1 в O8 h 2750)
  7
GOST
 11
52.38023704362558
 21
214.1725
 31
0.0
100
AcDbText
  0
LWPOLYLINE
  5
17E
330
17
100
AcDbEntity
  8
TEXT
 62
7
370
15
100
AcDbPolyline
 90
2
 70
0
 10
141.9351777827192
 20
216.5225
 10
141.9351777827192
 20
209.2575
  0
TEXT
  5
17F
330
17
100
AcDbEntity
  8
TEXT
 62
7
100
AcDbText
 10
142.7351777827192
 20
214.1725
 30
0.0
 40
1.35
  1
Полотно МДФ эмаль, филёнчатое (1–2 филёнки), h 2100, наличник плоский
  7
GOST
 11
142.7351777827192
 21
214.1725
 31
0.0
100
AcDbText
  0
TEXT
  5
180
330
17
100
AcDbEntity
  8
TEXT
 62
7
100
AcDbText
 10
142.7351777827192
 20
212.215
 30
0.0
 40
1.35
  1
профилированный 70–80 с цоколем; петли скрытые/накладные, ручки на розетке C8;
  7
GOST
 11
142.7351777827192
 21
212.215
 31
0.0
100
AcDbText
  0
TEXT
  5
181
330
17
100
AcDbEntity
  8
TEXT
 62
7
100
AcDbText
 10
142.7351777827192
 20
210.2575
 30
0.0
 40
1.35
  1
D3/D4 — подрез 20 мм (вентиляция)
  7
GOST
 11
142.7351777827192
 21
210.2575
 31
0.0
100
AcDbText
  0
LWPOLYLINE
  5
182
330
17
100
AcDbEntity
  8
TEXT
 62
7
370
15
100
AcDbPolyline
 90
2
 70
0
 10
232.29011852181281
 20
216.5225
 10
232.29011852181281
 20
209.2575
  0
TEXT
  5
183
330
17
100
AcDbEntity
  8
TEXT
 62
7
100
AcDbText
 10
233.09011852181283
 20
214.1725
 30
0.0
 40
1.35
  1
C1 эмаль полуматовая
  7
GOST
 11
233.09011852181283
 21
214.1725
 31
0.0
100
AcDbText
  0
LWPOLYLINE
  5
184
330
17
100
AcDbEntity
  8
TEXT
 62
7
370
15
100
AcDbPolyline
 90
2
 70
0
 10
322.6450592609064
 20
216.5225
 10
322.6450592609064
 20
209.2575
  0
TEXT
  5
185
330
17
100
AcDbEntity
  8
TEXT
 62
7
100
AcDbText
 10
323.4450592609064
 20
214.1725
 30
0.0
 40
1.35
  1
Софья / Волховец / ProfilDoors (линии неоклассики с эмалью)
  7
GOST
 11
323.4450592609064
 21
214.1725
 31
0.0
100
AcDbText
  0
LWPOLYLINE
  5
186
330
17
100
AcDbEntity
  8
TEXT
 62
7
370
15
100
AcDbPolyline
 90
2
 70
0
 10
413.0
 20
216.5225
 10
413.0
 20
209.2575
  0
LWPOLYLINE
  5
187
330
17
100
AcDbEntity
  8
TEXT
 62
7
370
15
100
AcDbPolyline
 90
4
 70
1
 10
22.0
 20
201.9925
 10
413.0
 20
201.9925
 10
413.0
 20
209.2575
 10
22.0
 20
209.2575
  0
LWPOLYLINE
  5
188
330
17
100
AcDbEntity
  8
TEXT
 62
7
370
15
100
AcDbPolyline
 90
2
 70
0
 10
22.0
 20
209.2575
 10
22.0
 20
201.9925
  0
TEXT
  5
189
330
17
100
AcDbEntity
  8
TEXT
 62
7
100
AcDbText
 10
22.8
 20
206.9075
 30
0.0
 40
1.35
  1
M19-R2
  7
GOST
 11
22.8
 21
206.9075
 31
0.0
100
AcDbText
  0
LWPOLYLINE
  5
18A
330
17
100
AcDbEntity
  8
TEXT
 62
7
370
15
100
AcDbPolyline
 90
2
 70
0
 10
30.63232037695891
 20
209.2575
 10
30.63232037695891
 20
201.9925
  0
TEXT
  5
18B
330
17
100
AcDbEntity
  8
TEXT
 62
7
100
AcDbText
 10
31.43232037695891
 20
206.9075
 30
0.0
 40
1.35
  1
R2
  7
GOST
 11
31.43232037695891
 21
206.9075
 31
0.0
100
AcDbText
  0
LWPOLYLINE
  5
18C
330
17
100
AcDbEntity
  8
TEXT
 62
7
370
15
100
AcDbPolyline
 90
2
 70
0
 10
37.03654491399595
 20
209.2575
 10
37.03654491399595
 20
201.9925
  0
TEXT
  5
18D
330
17
100
AcDbEntity
  8
TEXT
 62
7
100
AcDbText
 10
37.836544913995944
 20
206.9075
 30
0.0
 40
1.35
  1
facade
  7
GOST
 11
37.836544913995944
 21
206.9075
 31
0.0
100
AcDbText
  0
LWPOLYLINE
  5
18E
330
17
100
AcDbEntity
  8
TEXT
 62
7
370
15
100
AcDbPolyline
 90
2
 70
0
 10
51.58023704362558
 20
209.2575
 10
51.58023704362558
 20
201.9925
  0
TEXT
  5
18F
330
17
100
AcDbEntity
  8
TEXT
 62
7
100
AcDbText
 10
52.38023704362558
 20
206.9075
 30
0.0
 40
1.35
  1
межкомнатные двери D1–D4 (+ надпроёмная панель над D1 в O8 h 2750)
  7
GOST
 11
52.38023704362558
 21
206.9075
 31
0.0
100
AcDbText
  0
LWPOLYLINE
  5
190
330
17
100
AcDbEntity
  8
TEXT
 62
7
370
15
100
AcDbPolyline
 90
2
 70
0
 10
141.9351777827192
 20
209.2575
 10
141.9351777827192
 20
201.9925
  0
TEXT
  5
191
330
17
100
AcDbEntity
  8
TEXT
 62
7
100
AcDbText
 10
142.7351777827192
 20
206.9075
 30
0.0
 40
1.35
  1
Полотно МДФ эмаль, филёнчатое (1–2 филёнки), h 2100, наличник плоский
  7
GOST
 11
142.7351777827192
 21
206.9075
 31
0.0
100
AcDbText
  0
TEXT
  5
192
330
17
100
AcDbEntity
  8
TEXT
 62
7
100
AcDbText
 10
142.7351777827192
 20
204.95
 30
0.0
 40
1.35
  1
профилированный 70–80 с цоколем; петли скрытые/накладные, ручки на розетке C8;
  7
GOST
 11
142.7351777827192
 21
204.95
 31
0.0
100
AcDbText
  0
TEXT
  5
193
330
17
100
AcDbEntity
  8
TEXT
 62
7
100
AcDbText
 10
142.7351777827192
 20
202.99249999999998
 30
0.0
 40
1.35
  1
D3/D4 — подрез 20 мм (вентиляция)
  7
GOST
 11
142.7351777827192
 21
202.99249999999998
 31
0.0
100
AcDbText
  0
LWPOLYLINE
  5
194
330
17
100
AcDbEntity
  8
TEXT
 62
7
370
15
100
AcDbPolyline
 90
2
 70
0
 10
232.29011852181281
 20
209.2575
 10
232.29011852181281
 20
201.9925
  0
TEXT
  5
195
330
17
100
AcDbEntity
  8
TEXT
 62
7
100
AcDbText
 10
233.09011852181283
 20
206.9075
 30
0.0
 40
1.35
  1
C1 эмаль полуматовая
  7
GOST
 11
233.09011852181283
 21
206.9075
 31
0.0
100
AcDbText
  0
LWPOLYLINE
  5
196
330
17
100
AcDbEntity
  8
TEXT
 62
7
370
15
100
AcDbPolyline
 90
2
 70
0
 10
322.6450592609064
 20
209.2575
 10
322.6450592609064
 20
201.9925
  0
TEXT
  5
197
330
17
100
AcDbEntity
  8
TEXT
 62
7
100
AcDbText
 10
323.4450592609064
 20
206.9075
 30
0.0
 40
1.35
  1
Софья / Волховец / ProfilDoors (линии неоклассики с эмалью)
  7
GOST
 11
323.4450592609064
 21
206.9075
 31
0.0
100
AcDbText
  0
LWPOLYLINE
  5
198
330
17
100
AcDbEntity
  8
TEXT
 62
7
370
15
100
AcDbPolyline
 90
2
 70
0
 10
413.0
 20
209.2575
 10
413.0
 20
201.9925
  0
LWPOLYLINE
  5
199
330
17
100
AcDbEntity
  8
TEXT
 62
7
370
15
100
AcDbPolyline
 90
4
 70
1
 10
22.0
 20
194.72750000000002
 10
413.0
 20
194.72750000000002
 10
413.0
 20
201.9925
 10
22.0
 20
201.9925
  0
LWPOLYLINE
  5
19A
330
17
100
AcDbEntity
  8
TEXT
 62
7
370
15
100
AcDbPolyline
 90
2
 70
0
 10
22.0
 20
201.9925
 10
22.0
 20
194.72750000000002
  0
TEXT
  5
19B
330
17
100
AcDbEntity
  8
TEXT
 62
7
100
AcDbText
 10
22.8
 20
199.6425
 30
0.0
 40
1.35
  1
M19-R5
  7
GOST
 11
22.8
 21
199.6425
 31
0.0
100
AcDbText
  0
LWPOLYLINE
  5
19C
330
17
100
AcDbEntity
  8
TEXT
 62
7
370
15
100
AcDbPolyline
 90
2
 70
0
 10
30.63232037695891
 20
201.9925
 10
30.63232037695891
 20
194.72750000000002
  0
TEXT
  5
19D
330
17
100
AcDbEntity
  8
TEXT
 62
7
100
AcDbText
 10
31.43232037695891
 20
199.6425
 30
0.0
 40
1.35
  1
R5
  7
GOST
 11
31.43232037695891
 21
199.6425
 31
0.0
100
AcDbText
  0
LWPOLYLINE
  5
19E
330
17
100
AcDbEntity
  8
TEXT
 62
7
370
15
100
AcDbPolyline
 90
2
 70
0
 10
37.03654491399595
 20
201.9925
 10
37.03654491399595
 20
194.72750000000002
  0
TEXT
  5
19F
330
17
100
AcDbEntity
  8
TEXT
 62
7
100
AcDbText
 10
37.836544913995944
 20
199.6425
 30
0.0
 40
1.35
  1
facade
  7
GOST
 11
37.836544913995944
 21
199.6425
 31
0.0
100
AcDbText
  0
LWPOLYLINE
  5
1A0
330
17
100
AcDbEntity
  8
TEXT
 62
7
370
15
100
AcDbPolyline
 90
2
 70
0
 10
51.58023704362558
 20
201.9925
 10
51.58023704362558
 20
194.72750000000002
  0
TEXT
  5
1A1
330
17
100
AcDbEntity
  8
TEXT
 62
7
100
AcDbText
 10
52.38023704362558
 20
199.6425
 30
0.0
 40
1.35
  1
межкомнатные двери D1–D4 (+ надпроёмная панель над D1 в O8 h 2750)
  7
GOST
 11
52.38023704362558
 21
199.6425
 31
0.0
100
AcDbText
  0
LWPOLYLINE
  5
1A2
330
17
100
AcDbEntity
  8
TEXT
 62
7
370
15
100
AcDbPolyline
 90
2
 70
0
 10
141.9351777827192
 20
201.9925
 10
141.9351777827192
 20
194.72750000000002
  0
TEXT
  5
1A3
330
17
100
AcDbEntity
  8
TEXT
 62
7
100
AcDbText
 10
142.7351777827192
 20
199.6425
 30
0.0
 40
1.35
  1
Полотно МДФ эмаль, филёнчатое (1–2 филёнки), h 2100, наличник плоский
  7
GOST
 11
142.7351777827192
 21
199.6425
 31
0.0
100
AcDbText
  0
TEXT
  5
1A4
330
17
100
AcDbEntity
  8
TEXT
 62
7
100
AcDbText
 10
142.7351777827192
 20
197.685
 30
0.0
 40
1.35
  1
профилированный 70–80 с цоколем; петли скрытые/накладные, ручки на розетке C8;
  7
GOST
 11
142.7351777827192
 21
197.685
 31
0.0
100
AcDbText
  0
TEXT
  5
1A5
330
17
100
AcDbEntity
  8
TEXT
 62
7
100
AcDbText
 10
142.7351777827192
 20
195.7275
 30
0.0
 40
1.35
  1
D3/D4 — подрез 20 мм (вентиляция)
  7
GOST
 11
142.7351777827192
 21
195.7275
 31
0.0
100
AcDbText
  0
LWPOLYLINE
  5
1A6
330
17
100
AcDbEntity
  8
TEXT
 62
7
370
15
100
AcDbPolyline
 90
2
 70
0
 10
232.29011852181281
 20
201.9925
 10
232.29011852181281
 20
194.72750000000002
  0
TEXT
  5
1A7
330
17
100
AcDbEntity
  8
TEXT
 62
7
100
AcDbText
 10
233.09011852181283
 20
199.6425
 30
0.0
 40
1.35
  1
C1 эмаль полуматовая
  7
GOST
 11
233.09011852181283
 21
199.6425
 31
0.0
100
AcDbText
  0
LWPOLYLINE
  5
1A8
330
17
100
AcDbEntity
  8
TEXT
 62
7
370
15
100
AcDbPolyline
 90
2
 70
0
 10
322.6450592609064
 20
201.9925
 10
322.6450592609064
 20
194.72750000000002
  0
TEXT
  5
1A9
330
17
100
AcDbEntity
  8
TEXT
 62
7
100
AcDbText
 10
323.4450592609064
 20
199.6425
 30
0.0
 40
1.35
  1
Софья / Волховец / ProfilDoors (линии неоклассики с эмалью)
  7
GOST
 11
323.4450592609064
 21
199.6425
 31
0.0
100
AcDbText
  0
LWPOLYLINE
  5
1AA
330
17
100
AcDbEntity
  8
TEXT
 62
7
370
15
100
AcDbPolyline
 90
2
 70
0
 10
413.0
 20
201.9925
 10
413.0
 20
194.72750000000002
  0
LWPOLYLINE
  5
1AB
330
17
100
AcDbEntity
  8
TEXT
 62
7
370
15
100
AcDbPolyline
 90
4
 70
1
 10
22.0
 20
187.46250000000003
 10
413.0
 20
187.46250000000003
 10
413.0
 20
194.72750000000002
 10
22.0
 20
194.72750000000002
  0
LWPOLYLINE
  5
1AC
330
17
100
AcDbEntity
  8
TEXT
 62
7
370
15
100
AcDbPolyline
 90
2
 70
0
 10
22.0
 20
194.72750000000002
 10
22.0
 20
187.46250000000003
  0
TEXT
  5
1AD
330
17
100
AcDbEntity
  8
TEXT
 62
7
100
AcDbText
 10
22.8
 20
192.37750000000003
 30
0.0
 40
1.35
  1
M19-R
  7
GOST
 11
22.8
 21
192.37750000000003
 31
0.0
100
AcDbText
  0
TEXT
  5
1AE
330
17
100
AcDbEntity
  8
TEXT
 62
7
100
AcDbText
 10
22.8
 20
190.42000000000002
 30
0.0
 40
1.35
  1
6
  7
GOST
 11
22.8
 21
190.42000000000002
 31
0.0
100
AcDbText
  0
LWPOLYLINE
  5
1AF
330
17
100
AcDbEntity
  8
TEXT
 62
7
370
15
100
AcDbPolyline
 90
2
 70
0
 10
30.63232037695891
 20
194.72750000000002
 10
30.63232037695891
 20
187.46250000000003
  0
TEXT
  5
1B0
330
17
100
AcDbEntity
  8
TEXT
 62
7
100
AcDbText
 10
31.43232037695891
 20
192.37750000000003
 30
0.0
 40
1.35
  1
R6
  7
GOST
 11
31.43232037695891
 21
192.37750000000003
 31
0.0
100
AcDbText
  0
LWPOLYLINE
  5
1B1
330
17
100
AcDbEntity
  8
TEXT
 62
7
370
15
100
AcDbPolyline
 90
2
 70
0
 10
37.03654491399595
 20
194.72750000000002
 10
37.03654491399595
 20
187.46250000000003
  0
TEXT
  5
1B2
330
17
100
AcDbEntity
  8
TEXT
 62
7
100
AcDbText
 10
37.836544913995944
 20
192.37750000000003
 30
0.0
 40
1.35
  1
facade
  7
GOST
 11
37.836544913995944
 21
192.37750000000003
 31
0.0
100
AcDbText
  0
LWPOLYLINE
  5
1B3
330
17
100
AcDbEntity
  8
TEXT
 62
7
370
15
100
AcDbPolyline
 90
2
 70
0
 10
51.58023704362558
 20
194.72750000000002
 10
51.58023704362558
 20
187.46250000000003
  0
TEXT
  5
1B4
330
17
100
AcDbEntity
  8
TEXT
 62
7
100
AcDbText
 10
52.38023704362558
 20
192.37750000000003
 30
0.0
 40
1.35
  1
межкомнатные двери D1–D4 (+ надпроёмная панель над D1 в O8 h 2750)
  7
GOST
 11
52.38023704362558
 21
192.37750000000003
 31
0.0
100
AcDbText
  0
LWPOLYLINE
  5
1B5
330
17
100
AcDbEntity
  8
TEXT
 62
7
370
15
100
AcDbPolyline
 90
2
 70
0
 10
141.9351777827192
 20
194.72750000000002
 10
141.9351777827192
 20
187.46250000000003
  0
TEXT
  5
1B6
330
17
100
AcDbEntity
  8
TEXT
 62
7
100
AcDbText
 10
142.7351777827192
 20
192.37750000000003
 30
0.0
 40
1.35
  1
Полотно МДФ эмаль, филёнчатое (1–2 филёнки), h 2100, наличник плоский
  7
GOST
 11
142.7351777827192
 21
192.37750000000003
 31
0.0
100
AcDbText
  0
TEXT
  5
1B7
330
17
100
AcDbEntity
  8
TEXT
 62
7
100
AcDbText
 10
142.7351777827192
 20
190.42000000000002
 30
0.0
 40
1.35
  1
профилированный 70–80 с цоколем; петли скрытые/накладные, ручки на розетке C8;
  7
GOST
 11
142.7351777827192
 21
190.42000000000002
 31
0.0
100
AcDbText
  0
TEXT
  5
1B8
330
17
100
AcDbEntity
  8
TEXT
 62
7
100
AcDbText
 10
142.7351777827192
 20
188.4625
 30
0.0
 40
1.35
  1
D3/D4 — подрез 20 мм (вентиляция)
  7
GOST
 11
142.7351777827192
 21
188.4625
 31
0.0
100
AcDbText
  0
LWPOLYLINE
  5
1B9
330
17
100
AcDbEntity
  8
TEXT
 62
7
370
15
100
AcDbPolyline
 90
2
 70
0
 10
232.29011852181281
 20
194.72750000000002
 10
232.29011852181281
 20
187.46250000000003
  0
TEXT
  5
1BA
330
17
100
AcDbEntity
  8
TEXT
 62
7
100
AcDbText
 10
233.09011852181283
 20
192.37750000000003
 30
0.0
 40
1.35
  1
C1 эмаль полуматовая
  7
GOST
 11
233.09011852181283
 21
192.37750000000003
 31
0.0
100
AcDbText
  0
LWPOLYLINE
  5
1BB
330
17
100
AcDbEntity
  8
TEXT
 62
7
370
15
100
AcDbPolyline
 90
2
 70
0
 10
322.6450592609064
 20
194.72750000000002
 10
322.6450592609064
 20
187.46250000000003
  0
TEXT
  5
1BC
330
17
100
AcDbEntity
  8
TEXT
 62
7
100
AcDbText
 10
323.4450592609064
 20
192.37750000000003
 30
0.0
 40
1.35
  1
Софья / Волховец / ProfilDoors (линии неоклассики с эмалью)
  7
GOST
 11
323.4450592609064
 21
192.37750000000003
 31
0.0
100
AcDbText
  0
LWPOLYLINE
  5
1BD
330
17
100
AcDbEntity
  8
TEXT
 62
7
370
15
100
AcDbPolyline
 90
2
 70
0
 10
413.0
 20
194.72750000000002
 10
413.0
 20
187.46250000000003
  0
LWPOLYLINE
  5
1BE
330
17
100
AcDbEntity
  8
TEXT
 62
7
370
15
100
AcDbPolyline
 90
4
 70
1
 10
22.0
 20
180.19750000000005
 10
413.0
 20
180.19750000000005
 10
413.0
 20
187.46250000000003
 10
22.0
 20
187.46250000000003
  0
LWPOLYLINE
  5
1BF
330
17
100
AcDbEntity
  8
TEXT
 62
7
370
15
100
AcDbPolyline
 90
2
 70
0
 10
22.0
 20
187.46250000000003
 10
22.0
 20
180.19750000000005
  0
TEXT
  5
1C0
330
17
100
AcDbEntity
  8
TEXT
 62
7
100
AcDbText
 10
22.8
 20
185.11250000000004
 30
0.0
 40
1.35
  1
M20
  7
GOST
 11
22.8
 21
185.11250000000004
 31
0.0
100
AcDbText
  0
LWPOLYLINE
  5
1C1
330
17
100
AcDbEntity
  8
TEXT
 62
7
370
15
100
AcDbPolyline
 90
2
 70
0
 10
30.63232037695891
 20
187.46250000000003
 10
30.63232037695891
 20
180.19750000000005
  0
TEXT
  5
1C2
330
17
100
AcDbEntity
  8
TEXT
 62
7
100
AcDbText
 10
31.43232037695891
 20
185.11250000000004
 30
0.0
 40
1.35
  1
R5
  7
GOST
 11
31.43232037695891
 21
185.11250000000004
 31
0.0
100
AcDbText
  0
LWPOLYLINE
  5
1C3
330
17
100
AcDbEntity
  8
TEXT
 62
7
370
15
100
AcDbPolyline
 90
2
 70
0
 10
37.03654491399595
 20
187.46250000000003
 10
37.03654491399595
 20
180.19750000000005
  0
TEXT
  5
1C4
330
17
100
AcDbEntity
  8
TEXT
 62
7
100
AcDbText
 10
37.836544913995944
 20
185.11250000000004
 30
0.0
 40
1.35
  1
floor
  7
GOST
 11
37.836544913995944
 21
185.11250000000004
 31
0.0
100
AcDbText
  0
LWPOLYLINE
  5
1C5
330
17
100
AcDbEntity
  8
TEXT
 62
7
370
15
100
AcDbPolyline
 90
2
 70
0
 10
51.58023704362558
 20
187.46250000000003
 10
51.58023704362558
 20
180.19750000000005
  0
TEXT
  5
1C6
330
17
100
AcDbEntity
  8
TEXT
 62
7
100
AcDbText
 10
52.38023704362558
 20
185.11250000000004
 30
0.0
 40
1.35
  1
пол ванной (подъём +80, уклон к линейному трапу у W14)
  7
GOST
 11
52.38023704362558
 21
185.11250000000004
 31
0.0
100
AcDbText
  0
LWPOLYLINE
  5
1C7
330
17
100
AcDbEntity
  8
TEXT
 62
7
370
15
100
AcDbPolyline
 90
2
 70
0
 10
141.9351777827192
 20
187.46250000000003
 10
141.9351777827192
 20
180.19750000000005
  0
TEXT
  5
1C8
330
17
100
AcDbEntity
  8
TEXT
 62
7
100
AcDbText
 10
142.7351777827192
 20
185.11250000000004
 30
0.0
 40
1.35
  1
Керамогранит 60×120 / 60×60 «светлый мрамор» ректификат; в душе — та же серия в
  7
GOST
 11
142.7351777827192
 21
185.11250000000004
 31
0.0
100
AcDbText
  0
TEXT
  5
1C9
330
17
100
AcDbEntity
  8
TEXT
 62
7
100
AcDbText
 10
142.7351777827192
 20
183.15500000000003
 30
0.0
 40
1.35
  1
версии R10/B (структура) с однонаправленным уклоном к лотку; электро-ТП — тонкий
  7
GOST
 11
142.7351777827192
 21
183.15500000000003
 31
0.0
100
AcDbText
  0
TEXT
  5
1CA
330
17
100
AcDbEntity
  8
TEXT
 62
7
100
AcDbText
 10
142.7351777827192
 20
181.19750000000002
 30
0.0
 40
1.35
  1
мат в клей
  7
GOST
 11
142.7351777827192
 21
181.19750000000002
 31
0.0
100
AcDbText
  0
LWPOLYLINE
  5
1CB
330
17
100
AcDbEntity
  8
TEXT
 62
7
370
15
100
AcDbPolyline
 90
2
 70
0
 10
232.29011852181281
 20
187.46250000000003
 10
232.29011852181281
 20
180.19750000000005
  0
TEXT
  5
1CC
330
17
100
AcDbEntity
  8
TEXT
 62
7
100
AcDbText
 10
233.09011852181283
 20
185.11250000000004
 30
0.0
 40
1.35
  1
матовый R10, водопоглощение ≤ 0,5 %, C9
  7
GOST
 11
233.09011852181283
 21
185.11250000000004
 31
0.0
100
AcDbText
  0
LWPOLYLINE
  5
1CD
330
17
100
AcDbEntity
  8
TEXT
 62
7
370
15
100
AcDbPolyline
 90
2
 70
0
 10
322.6450592609064
 20
187.46250000000003
 10
322.6450592609064
 20
180.19750000000005
  0
TEXT
  5
1CE
330
17
100
AcDbEntity
  8
TEXT
 62
7
100
AcDbText
 10
323.4450592609064
 20
185.11250000000004
 30
0.0
 40
1.35
  1
Italon Charme Evo / Kerama Marazzi (мраморные серии, «натуральная» поверхность) —
  7
GOST
 11
323.4450592609064
 21
185.11250000000004
 31
0.0
100
AcDbText
  0
TEXT
  5
1CF
330
17
100
AcDbEntity
  8
TEXT
 62
7
100
AcDbText
 10
323.4450592609064
 20
183.15500000000003
 30
0.0
 40
1.35
  1
проверить наличие R10; трап TECE/Alcaplast/Pestan; мат Теплолюкс/«Национальный
  7
GOST
 11
323.4450592609064
 21
183.15500000000003
 31
0.0
100
AcDbText
  0
TEXT
  5
1D0
330
17
100
AcDbEntity
  8
TEXT
 62
7
100
AcDbText
 10
323.4450592609064
 20
181.19750000000002
 30
0.0
 40
1.35
  1
комфорт»
  7
GOST
 11
323.4450592609064
 21
181.19750000000002
 31
0.0
100
AcDbText
  0
LWPOLYLINE
  5
1D1
330
17
100
AcDbEntity
  8
TEXT
 62
7
370
15
100
AcDbPolyline
 90
2
 70
0
 10
413.0
 20
187.46250000000003
 10
413.0
 20
180.19750000000005
  0
LWPOLYLINE
  5
1D2
330
17
100
AcDbEntity
  8
TEXT
 62
7
370
15
100
AcDbPolyline
 90
4
 70
1
 10
22.0
 20
172.93250000000006
 10
413.0
 20
172.93250000000006
 10
413.0
 20
180.19750000000005
 10
22.0
 20
180.19750000000005
  0
LWPOLYLINE
  5
1D3
330
17
100
AcDbEntity
  8
TEXT
 62
7
370
15
100
AcDbPolyline
 90
2
 70
0
 10
22.0
 20
180.19750000000005
 10
22.0
 20
172.93250000000006
  0
TEXT
  5
1D4
330
17
100
AcDbEntity
  8
TEXT
 62
7
100
AcDbText
 10
22.8
 20
177.84750000000005
 30
0.0
 40
1.35
  1
M21
  7
GOST
 11
22.8
 21
177.84750000000005
 31
0.0
100
AcDbText
  0
LWPOLYLINE
  5
1D5
330
17
100
AcDbEntity
  8
TEXT
 62
7
370
15
100
AcDbPolyline
 90
2
 70
0
 10
30.63232037695891
 20
180.19750000000005
 10
30.63232037695891
 20
172.93250000000006
  0
TEXT
  5
1D6
330
17
100
AcDbEntity
  8
TEXT
 62
7
100
AcDbText
 10
31.43232037695891
 20
177.84750000000005
 30
0.0
 40
1.35
  1
R5
  7
GOST
 11
31.43232037695891
 21
177.84750000000005
 31
0.0
100
AcDbText
  0
LWPOLYLINE
  5
1D7
330
17
100
AcDbEntity
  8
TEXT
 62
7
370
15
100
AcDbPolyline
 90
2
 70
0
 10
37.03654491399595
 20
180.19750000000005
 10
37.03654491399595
 20
172.93250000000006
  0
TEXT
  5
1D8
330
17
100
AcDbEntity
  8
TEXT
 62
7
100
AcDbText
 10
37.836544913995944
 20
177.84750000000005
 30
0.0
 40
1.35
  1
wall
  7
GOST
 11
37.836544913995944
 21
177.84750000000005
 31
0.0
100
AcDbText
  0
LWPOLYLINE
  5
1D9
330
17
100
AcDbEntity
  8
TEXT
 62
7
370
15
100
AcDbPolyline
 90
2
 70
0
 10
51.58023704362558
 20
180.19750000000005
 10
51.58023704362558
 20
172.93250000000006
  0
TEXT
  5
1DA
330
17
100
AcDbEntity
  8
TEXT
 62
7
100
AcDbText
 10
52.38023704362558
 20
177.84750000000005
 30
0.0
 40
1.35
  1
стены ванной
  7
GOST
 11
52.38023704362558
 21
177.84750000000005
 31
0.0
100
AcDbText
  0
LWPOLYLINE
  5
1DB
330
17
100
AcDbEntity
  8
TEXT
 62
7
370
15
100
AcDbPolyline
 90
2
 70
0
 10
141.9351777827192
 20
180.19750000000005
 10
141.9351777827192
 20
172.93250000000006
  0
TEXT
  5
1DC
330
17
100
AcDbEntity
  8
TEXT
 62
7
100
AcDbText
 10
142.7351777827192
 20
177.84750000000005
 30
0.0
 40
1.35
  1
Мокрые зоны (душ, стена за ванной и экран ванны) — керамогранит 60×120 «мрамор»
  7
GOST
 11
142.7351777827192
 21
177.84750000000005
 31
0.0
100
AcDbText
  0
TEXT
  5
1DD
330
17
100
AcDbEntity
  8
TEXT
 62
7
100
AcDbText
 10
142.7351777827192
 20
175.89000000000004
 30
0.0
 40
1.35
  1
до потолка; остальные стены — та же плитка до +1200 (уровень полки короба
  7
GOST
 11
142.7351777827192
 21
175.89000000000004
 31
0.0
100
AcDbText
  0
TEXT
  5
1DE
330
17
100
AcDbEntity
  8
TEXT
 62
7
100
AcDbText
 10
142.7351777827192
 20
173.93250000000003
 30
0.0
 40
1.35
  1
инсталляции) + тонкий профиль C8; выше — влагостойкая краска с тонким карнизом
  7
GOST
 11
142.7351777827192
 21
173.93250000000003
 31
0.0
100
AcDbText
  0
LWPOLYLINE
  5
1DF
330
17
100
AcDbEntity
  8
TEXT
 62
7
370
15
100
AcDbPolyline
 90
2
 70
0
 10
232.29011852181281
 20
180.19750000000005
 10
232.29011852181281
 20
172.93250000000006
  0
TEXT
  5
1E0
330
17
100
AcDbEntity
  8
TEXT
 62
7
100
AcDbText
 10
233.09011852181283
 20
177.84750000000005
 30
0.0
 40
1.35
  1
плитка матовая/сатин C9; краска C2 класс 1, влагостойкая для влажных помещений;
  7
GOST
 11
233.09011852181283
 21
177.84750000000005
 31
0.0
100
AcDbText
  0
TEXT
  5
1E1
330
17
100
AcDbEntity
  8
TEXT
 62
7
100
AcDbText
 10
233.09011852181283
 20
175.89000000000004
 30
0.0
 40
1.35
  1
обмазочная гидроизоляция в душе на всю высоту
  7
GOST
 11
233.09011852181283
 21
175.89000000000004
 31
0.0
100
AcDbText
  0
LWPOLYLINE
  5
1E2
330
17
100
AcDbEntity
  8
TEXT
 62
7
370
15
100
AcDbPolyline
 90
2
 70
0
 10
322.6450592609064
 20
180.19750000000005
 10
322.6450592609064
 20
172.93250000000006
  0
TEXT
  5
1E3
330
17
100
AcDbEntity
  8
TEXT
 62
7
100
AcDbText
 10
323.4450592609064
 20
177.84750000000005
 30
0.0
 40
1.35
  1
Italon / Kerama Marazzi (та же серия, что пол); краска Derufa/Caparol для влажных
  7
GOST
 11
323.4450592609064
 21
177.84750000000005
 31
0.0
100
AcDbText
  0
TEXT
  5
1E4
330
17
100
AcDbEntity
  8
TEXT
 62
7
100
AcDbText
 10
323.4450592609064
 20
175.89000000000004
 30
0.0
 40
1.35
  1
помещений; затирка Litokol Starlike (эпоксидная) в душе
  7
GOST
 11
323.4450592609064
 21
175.89000000000004
 31
0.0
100
AcDbText
  0
LWPOLYLINE
  5
1E5
330
17
100
AcDbEntity
  8
TEXT
 62
7
370
15
100
AcDbPolyline
 90
2
 70
0
 10
413.0
 20
180.19750000000005
 10
413.0
 20
172.93250000000006
  0
LWPOLYLINE
  5
1E6
330
17
100
AcDbEntity
  8
TEXT
 62
7
370
15
100
AcDbPolyline
 90
4
 70
1
 10
22.0
 20
167.62500000000006
 10
413.0
 20
167.62500000000006
 10
413.0
 20
172.93250000000006
 10
22.0
 20
172.93250000000006
  0
LWPOLYLINE
  5
1E7
330
17
100
AcDbEntity
  8
TEXT
 62
7
370
15
100
AcDbPolyline
 90
2
 70
0
 10
22.0
 20
172.93250000000006
 10
22.0
 20
167.62500000000006
  0
TEXT
  5
1E8
330
17
100
AcDbEntity
  8
TEXT
 62
7
100
AcDbText
 10
22.8
 20
170.58250000000007
 30
0.0
 40
1.35
  1
M22
  7
GOST
 11
22.8
 21
170.58250000000007
 31
0.0
100
AcDbText
  0
LWPOLYLINE
  5
1E9
330
17
100
AcDbEntity
  8
TEXT
 62
7
370
15
100
AcDbPolyline
 90
2
 70
0
 10
30.63232037695891
 20
172.93250000000006
 10
30.63232037695891
 20
167.62500000000006
  0
TEXT
  5
1EA
330
17
100
AcDbEntity
  8
TEXT
 62
7
100
AcDbText
 10
31.43232037695891
 20
170.58250000000007
 30
0.0
 40
1.35
  1
R5
  7
GOST
 11
31.43232037695891
 21
170.58250000000007
 31
0.0
100
AcDbText
  0
LWPOLYLINE
  5
1EB
330
17
100
AcDbEntity
  8
TEXT
 62
7
370
15
100
AcDbPolyline
 90
2
 70
0
 10
37.03654491399595
 20
172.93250000000006
 10
37.03654491399595
 20
167.62500000000006
  0
TEXT
  5
1EC
330
17
100
AcDbEntity
  8
TEXT
 62
7
100
AcDbText
 10
37.836544913995944
 20
170.58250000000007
 30
0.0
 40
1.35
  1
ceiling
  7
GOST
 11
37.836544913995944
 21
170.58250000000007
 31
0.0
100
AcDbText
  0
LWPOLYLINE
  5
1ED
330
17
100
AcDbEntity
  8
TEXT
 62
7
370
15
100
AcDbPolyline
 90
2
 70
0
 10
51.58023704362558
 20
172.93250000000006
 10
51.58023704362558
 20
167.62500000000006
  0
TEXT
  5
1EE
330
17
100
AcDbEntity
  8
TEXT
 62
7
100
AcDbText
 10
52.38023704362558
 20
170.58250000000007
 30
0.0
 40
1.35
  1
потолок ванной
  7
GOST
 11
52.38023704362558
 21
170.58250000000007
 31
0.0
100
AcDbText
  0
LWPOLYLINE
  5
1EF
330
17
100
AcDbEntity
  8
TEXT
 62
7
370
15
100
AcDbPolyline
 90
2
 70
0
 10
141.9351777827192
 20
172.93250000000006
 10
141.9351777827192
 20
167.62500000000006
  0
TEXT
  5
1F0
330
17
100
AcDbEntity
  8
TEXT
 62
7
100
AcDbText
 10
142.7351777827192
 20
170.58250000000007
 30
0.0
 40
1.35
  1
ГКЛВ по каркасу (+2450..2550) с невидимыми люками ревизии под покраску; вытяжной
  7
GOST
 11
142.7351777827192
 21
170.58250000000007
 31
0.0
100
AcDbText
  0
TEXT
  5
1F1
330
17
100
AcDbEntity
  8
TEXT
 62
7
100
AcDbText
 10
142.7351777827192
 20
168.62500000000006
 30
0.0
 40
1.35
  1
вентилятор с обратным клапаном
  7
GOST
 11
142.7351777827192
 21
168.62500000000006
 31
0.0
100
AcDbText
  0
LWPOLYLINE
  5
1F2
330
17
100
AcDbEntity
  8
TEXT
 62
7
370
15
100
AcDbPolyline
 90
2
 70
0
 10
232.29011852181281
 20
172.93250000000006
 10
232.29011852181281
 20
167.62500000000006
  0
TEXT
  5
1F3
330
17
100
AcDbEntity
  8
TEXT
 62
7
100
AcDbText
 10
233.09011852181283
 20
170.58250000000007
 30
0.0
 40
1.35
  1
влагостойкая краска C1, тонкий полиуретановый карниз (вне зоны душа)
  7
GOST
 11
233.09011852181283
 21
170.58250000000007
 31
0.0
100
AcDbText
  0
LWPOLYLINE
  5
1F4
330
17
100
AcDbEntity
  8
TEXT
 62
7
370
15
100
AcDbPolyline
 90
2
 70
0
 10
322.6450592609064
 20
172.93250000000006
 10
322.6450592609064
 20
167.62500000000006
  0
TEXT
  5
1F5
330
17
100
AcDbEntity
  8
TEXT
 62
7
100
AcDbText
 10
323.4450592609064
 20
170.58250000000007
 30
0.0
 40
1.35
  1
Кнауф ГКЛВ; люки Практика/Revizor; вентилятор Soler&Palau/Blauberg
  7
GOST
 11
323.4450592609064
 21
170.58250000000007
 31
0.0
100
AcDbText
  0
LWPOLYLINE
  5
1F6
330
17
100
AcDbEntity
  8
TEXT
 62
7
370
15
100
AcDbPolyline
 90
2
 70
0
 10
413.0
 20
172.93250000000006
 10
413.0
 20
167.62500000000006
  0
LWPOLYLINE
  5
1F7
330
17
100
AcDbEntity
  8
TEXT
 62
7
370
15
100
AcDbPolyline
 90
4
 70
1
 10
22.0
 20
162.31750000000005
 10
413.0
 20
162.31750000000005
 10
413.0
 20
167.62500000000006
 10
22.0
 20
167.62500000000006
  0
LWPOLYLINE
  5
1F8
330
17
100
AcDbEntity
  8
TEXT
 62
7
370
15
100
AcDbPolyline
 90
2
 70
0
 10
22.0
 20
167.62500000000006
 10
22.0
 20
162.31750000000005
  0
TEXT
  5
1F9
330
17
100
AcDbEntity
  8
TEXT
 62
7
100
AcDbText
 10
22.8
 20
165.27500000000006
 30
0.0
 40
1.35
  1
M23
  7
GOST
 11
22.8
 21
165.27500000000006
 31
0.0
100
AcDbText
  0
LWPOLYLINE
  5
1FA
330
17
100
AcDbEntity
  8
TEXT
 62
7
370
15
100
AcDbPolyline
 90
2
 70
0
 10
30.63232037695891
 20
167.62500000000006
 10
30.63232037695891
 20
162.31750000000005
  0
TEXT
  5
1FB
330
17
100
AcDbEntity
  8
TEXT
 62
7
100
AcDbText
 10
31.43232037695891
 20
165.27500000000006
 30
0.0
 40
1.35
  1
R5
  7
GOST
 11
31.43232037695891
 21
165.27500000000006
 31
0.0
100
AcDbText
  0
LWPOLYLINE
  5
1FC
330
17
100
AcDbEntity
  8
TEXT
 62
7
370
15
100
AcDbPolyline
 90
2
 70
0
 10
37.03654491399595
 20
167.62500000000006
 10
37.03654491399595
 20
162.31750000000005
  0
TEXT
  5
1FD
330
17
100
AcDbEntity
  8
TEXT
 62
7
100
AcDbText
 10
37.836544913995944
 20
165.27500000000006
 30
0.0
 40
1.35
  1
facade
  7
GOST
 11
37.836544913995944
 21
165.27500000000006
 31
0.0
100
AcDbText
  0
LWPOLYLINE
  5
1FE
330
17
100
AcDbEntity
  8
TEXT
 62
7
370
15
100
AcDbPolyline
 90
2
 70
0
 10
51.58023704362558
 20
167.62500000000006
 10
51.58023704362558
 20
162.31750000000005
  0
TEXT
  5
1FF
330
17
100
AcDbEntity
  8
TEXT
 62
7
100
AcDbText
 10
52.38023704362558
 20
165.27500000000006
 30
0.0
 40
1.35
  1
тумба 900×480 подвесная, зеркальный шкаф 900×750, пенал 500×350, корзина 440
  7
GOST
 11
52.38023704362558
 21
165.27500000000006
 31
0.0
100
AcDbText
  0
LWPOLYLINE
  5
200
330
17
100
AcDbEntity
  8
TEXT
 62
7
370
15
100
AcDbPolyline
 90
2
 70
0
 10
141.9351777827192
 20
167.62500000000006
 10
141.9351777827192
 20
162.31750000000005
  0
TEXT
  5
201
330
17
100
AcDbEntity
  8
TEXT
 62
7
100
AcDbText
 10
142.7351777827192
 20
165.27500000000006
 30
0.0
 40
1.35
  1
МДФ влагостойкий, эмаль; столешница кварц/керамогранит 12 мм; раковина
  7
GOST
 11
142.7351777827192
 21
165.27500000000006
 31
0.0
100
AcDbText
  0
TEXT
  5
202
330
17
100
AcDbEntity
  8
TEXT
 62
7
100
AcDbText
 10
142.7351777827192
 20
163.31750000000005
 30
0.0
 40
1.35
  1
накладная/врезная керамика; зеркальный шкаф с LED и розеткой IP44, в тонкой раме
  7
GOST
 11
142.7351777827192
 21
163.31750000000005
 31
0.0
100
AcDbText
  0
LWPOLYLINE
  5
203
330
17
100
AcDbEntity
  8
TEXT
 62
7
370
15
100
AcDbPolyline
 90
2
 70
0
 10
232.29011852181281
 20
167.62500000000006
 10
232.29011852181281
 20
162.31750000000005
  0
TEXT
  5
204
330
17
100
AcDbEntity
  8
TEXT
 62
7
100
AcDbText
 10
233.09011852181283
 20
165.27500000000006
 30
0.0
 40
1.35
  1
фасады C4 шалфей «шейкер» (родство с кухней), ручки C8; рама зеркала — C8 или C1
  7
GOST
 11
233.09011852181283
 21
165.27500000000006
 31
0.0
100
AcDbText
  0
LWPOLYLINE
  5
205
330
17
100
AcDbEntity
  8
TEXT
 62
7
370
15
100
AcDbPolyline
 90
2
 70
0
 10
322.6450592609064
 20
167.62500000000006
 10
322.6450592609064
 20
162.31750000000005
  0
TEXT
  5
206
330
17
100
AcDbEntity
  8
TEXT
 62
7
100
AcDbText
 10
323.4450592609064
 20
165.27500000000006
 30
0.0
 40
1.35
  1
Aqwella / Opadiris (неоклассика), Am.Pm, либо мебельный цех — вместе с кухней (один
  7
GOST
 11
323.4450592609064
 21
165.27500000000006
 31
0.0
100
AcDbText
  0
TEXT
  5
207
330
17
100
AcDbEntity
  8
TEXT
 62
7
100
AcDbText
 10
323.4450592609064
 20
163.31750000000005
 30
0.0
 40
1.35
  1
колер)
  7
GOST
 11
323.4450592609064
 21
163.31750000000005
 31
0.0
100
AcDbText
  0
LWPOLYLINE
  5
208
330
17
100
AcDbEntity
  8
TEXT
 62
7
370
15
100
AcDbPolyline
 90
2
 70
0
 10
413.0
 20
167.62500000000006
 10
413.0
 20
162.31750000000005
  0
LWPOLYLINE
  5
209
330
17
100
AcDbEntity
  8
TEXT
 62
7
370
15
100
AcDbPolyline
 90
4
 70
1
 10
22.0
 20
153.09500000000006
 10
413.0
 20
153.09500000000006
 10
413.0
 20
162.31750000000005
 10
22.0
 20
162.31750000000005
  0
LWPOLYLINE
  5
20A
330
17
100
AcDbEntity
  8
TEXT
 62
7
370
15
100
AcDbPolyline
 90
2
 70
0
 10
22.0
 20
162.31750000000005
 10
22.0
 20
153.09500000000006
  0
TEXT
  5
20B
330
17
100
AcDbEntity
  8
TEXT
 62
7
100
AcDbText
 10
22.8
 20
159.96750000000006
 30
0.0
 40
1.35
  1
M24
  7
GOST
 11
22.8
 21
159.96750000000006
 31
0.0
100
AcDbText
  0
LWPOLYLINE
  5
20C
330
17
100
AcDbEntity
  8
TEXT
 62
7
370
15
100
AcDbPolyline
 90
2
 70
0
 10
30.63232037695891
 20
162.31750000000005
 10
30.63232037695891
 20
153.09500000000006
  0
TEXT
  5
20D
330
17
100
AcDbEntity
  8
TEXT
 62
7
100
AcDbText
 10
31.43232037695891
 20
159.96750000000006
 30
0.0
 40
1.35
  1
R5
  7
GOST
 11
31.43232037695891
 21
159.96750000000006
 31
0.0
100
AcDbText
  0
LWPOLYLINE
  5
20E
330
17
100
AcDbEntity
  8
TEXT
 62
7
370
15
100
AcDbPolyline
 90
2
 70
0
 10
37.03654491399595
 20
162.31750000000005
 10
37.03654491399595
 20
153.09500000000006
  0
TEXT
  5
20F
330
17
100
AcDbEntity
  8
TEXT
 62
7
100
AcDbText
 10
37.836544913995944
 20
159.96750000000006
 30
0.0
 40
1.35
  1
facade
  7
GOST
 11
37.836544913995944
 21
159.96750000000006
 31
0.0
100
AcDbText
  0
LWPOLYLINE
  5
210
330
17
100
AcDbEntity
  8
TEXT
 62
7
370
15
100
AcDbPolyline
 90
2
 70
0
 10
51.58023704362558
 20
162.31750000000005
 10
51.58023704362558
 20
153.09500000000006
  0
TEXT
  5
211
330
17
100
AcDbEntity
  8
TEXT
 62
7
100
AcDbText
 10
52.38023704362558
 20
159.96750000000006
 30
0.0
 40
1.35
  1
сантехника и смесители
  7
GOST
 11
52.38023704362558
 21
159.96750000000006
 31
0.0
100
AcDbText
  0
LWPOLYLINE
  5
212
330
17
100
AcDbEntity
  8
TEXT
 62
7
370
15
100
AcDbPolyline
 90
2
 70
0
 10
141.9351777827192
 20
162.31750000000005
 10
141.9351777827192
 20
153.09500000000006
  0
TEXT
  5
213
330
17
100
AcDbEntity
  8
TEXT
 62
7
100
AcDbText
 10
142.7351777827192
 20
159.96750000000006
 30
0.0
 40
1.35
  1
Ванна 1700×750 акрил усиленный или кварил с экраном (облицовка плиткой, ревизия
  7
GOST
 11
142.7351777827192
 21
159.96750000000006
 31
0.0
100
AcDbText
  0
TEXT
  5
214
330
17
100
AcDbEntity
  8
TEXT
 62
7
100
AcDbText
 10
142.7351777827192
 20
158.01000000000005
 30
0.0
 40
1.35
  1
сифона); WC подвесной безободковый на инсталляции (крепление только к стене, D3);
  7
GOST
 11
142.7351777827192
 21
158.01000000000005
 31
0.0
100
AcDbText
  0
TEXT
  5
215
330
17
100
AcDbEntity
  8
TEXT
 62
7
100
AcDbText
 10
142.7351777827192
 20
156.05250000000004
 30
0.0
 40
1.35
  1
душевая система скрытого монтажа с тропическим лейкой; стекло 8 мм фикс. 315 +
  7
GOST
 11
142.7351777827192
 21
156.05250000000004
 31
0.0
100
AcDbText
  0
TEXT
  5
216
330
17
100
AcDbEntity
  8
TEXT
 62
7
100
AcDbText
 10
142.7351777827192
 20
154.09500000000003
 30
0.0
 40
1.35
  1
проём 650; электрический полотенцесушитель 400×800
  7
GOST
 11
142.7351777827192
 21
154.09500000000003
 31
0.0
100
AcDbText
  0
LWPOLYLINE
  5
217
330
17
100
AcDbEntity
  8
TEXT
 62
7
370
15
100
AcDbPolyline
 90
2
 70
0
 10
232.29011852181281
 20
162.31750000000005
 10
232.29011852181281
 20
153.09500000000006
  0
TEXT
  5
218
330
17
100
AcDbEntity
  8
TEXT
 62
7
100
AcDbText
 10
233.09011852181283
 20
159.96750000000006
 30
0.0
 40
1.35
  1
смесители, лейки, кнопка смыва, полотенцесушитель — латунь браш C8 (или никель
  7
GOST
 11
233.09011852181283
 21
159.96750000000006
 31
0.0
100
AcDbText
  0
TEXT
  5
219
330
17
100
AcDbEntity
  8
TEXT
 62
7
100
AcDbText
 10
233.09011852181283
 20
158.01000000000005
 30
0.0
 40
1.35
  1
сатин — если заказчик захочет ещё сдержаннее)
  7
GOST
 11
233.09011852181283
 21
158.01000000000005
 31
0.0
100
AcDbText
  0
LWPOLYLINE
  5
21A
330
17
100
AcDbEntity
  8
TEXT
 62
7
370
15
100
AcDbPolyline
 90
2
 70
0
 10
322.6450592609064
 20
162.31750000000005
 10
322.6450592609064
 20
153.09500000000006
  0
TEXT
  5
21B
330
17
100
AcDbEntity
  8
TEXT
 62
7
100
AcDbText
 10
323.4450592609064
 20
159.96750000000006
 30
0.0
 40
1.35
  1
ванна Riho / Ravak / Am.Pm; WC Am.Pm / Jacob Delafon / Laufen Pro; инсталляция Geberit
  7
GOST
 11
323.4450592609064
 21
159.96750000000006
 31
0.0
100
AcDbText
  0
TEXT
  5
21C
330
17
100
AcDbEntity
  8
TEXT
 62
7
100
AcDbText
 10
323.4450592609064
 20
158.01000000000005
 30
0.0
 40
1.35
  1
Duofix / Grohe Rapid SL; смесители WasserKRAFT / Lemark / Paini (браш латунь);
  7
GOST
 11
323.4450592609064
 21
158.01000000000005
 31
0.0
100
AcDbText
  0
TEXT
  5
21D
330
17
100
AcDbEntity
  8
TEXT
 62
7
100
AcDbText
 10
323.4450592609064
 20
156.05250000000004
 30
0.0
 40
1.35
  1
полотенцесушитель Сунержа / Terminus
  7
GOST
 11
323.4450592609064
 21
156.05250000000004
 31
0.0
100
AcDbText
  0
LWPOLYLINE
  5
21E
330
17
100
AcDbEntity
  8
TEXT
 62
7
370
15
100
AcDbPolyline
 90
2
 70
0
 10
413.0
 20
162.31750000000005
 10
413.0
 20
153.09500000000006
  0
LWPOLYLINE
  5
21F
330
17
100
AcDbEntity
  8
TEXT
 62
7
370
15
100
AcDbPolyline
 90
4
 70
1
 10
22.0
 20
147.78750000000005
 10
413.0
 20
147.78750000000005
 10
413.0
 20
153.09500000000006
 10
22.0
 20
153.09500000000006
  0
LWPOLYLINE
  5
220
330
17
100
AcDbEntity
  8
TEXT
 62
7
370
15
100
AcDbPolyline
 90
2
 70
0
 10
22.0
 20
153.09500000000006
 10
22.0
 20
147.78750000000005
  0
TEXT
  5
221
330
17
100
AcDbEntity
  8
TEXT
 62
7
100
AcDbText
 10
22.8
 20
150.74500000000006
 30
0.0
 40
1.35
  1
M25
  7
GOST
 11
22.8
 21
150.74500000000006
 31
0.0
100
AcDbText
  0
LWPOLYLINE
  5
222
330
17
100
AcDbEntity
  8
TEXT
 62
7
370
15
100
AcDbPolyline
 90
2
 70
0
 10
30.63232037695891
 20
153.09500000000006
 10
30.63232037695891
 20
147.78750000000005
  0
TEXT
  5
223
330
17
100
AcDbEntity
  8
TEXT
 62
7
100
AcDbText
 10
31.43232037695891
 20
150.74500000000006
 30
0.0
 40
1.35
  1
R6
  7
GOST
 11
31.43232037695891
 21
150.74500000000006
 31
0.0
100
AcDbText
  0
LWPOLYLINE
  5
224
330
17
100
AcDbEntity
  8
TEXT
 62
7
370
15
100
AcDbPolyline
 90
2
 70
0
 10
37.03654491399595
 20
153.09500000000006
 10
37.03654491399595
 20
147.78750000000005
  0
TEXT
  5
225
330
17
100
AcDbEntity
  8
TEXT
 62
7
100
AcDbText
 10
37.836544913995944
 20
150.74500000000006
 30
0.0
 40
1.35
  1
floor
  7
GOST
 11
37.836544913995944
 21
150.74500000000006
 31
0.0
100
AcDbText
  0
LWPOLYLINE
  5
226
330
17
100
AcDbEntity
  8
TEXT
 62
7
370
15
100
AcDbPolyline
 90
2
 70
0
 10
51.58023704362558
 20
153.09500000000006
 10
51.58023704362558
 20
147.78750000000005
  0
TEXT
  5
227
330
17
100
AcDbEntity
  8
TEXT
 62
7
100
AcDbText
 10
52.38023704362558
 20
150.74500000000006
 30
0.0
 40
1.35
  1
пол постирочной
  7
GOST
 11
52.38023704362558
 21
150.74500000000006
 31
0.0
100
AcDbText
  0
LWPOLYLINE
  5
228
330
17
100
AcDbEntity
  8
TEXT
 62
7
370
15
100
AcDbPolyline
 90
2
 70
0
 10
141.9351777827192
 20
153.09500000000006
 10
141.9351777827192
 20
147.78750000000005
  0
TEXT
  5
229
330
17
100
AcDbEntity
  8
TEXT
 62
7
100
AcDbText
 10
142.7351777827192
 20
150.74500000000006
 30
0.0
 40
1.35
  1
Керамогранит 60×60 серии ванной (светлый камень/мрамор), электро-ТП мат (не под
  7
GOST
 11
142.7351777827192
 21
150.74500000000006
 31
0.0
100
AcDbText
  0
TEXT
  5
22A
330
17
100
AcDbEntity
  8
TEXT
 62
7
100
AcDbText
 10
142.7351777827192
 20
148.78750000000005
 30
0.0
 40
1.35
  1
коллектором U11 и не под колонной СМА)
  7
GOST
 11
142.7351777827192
 21
148.78750000000005
 31
0.0
100
AcDbText
  0
LWPOLYLINE
  5
22B
330
17
100
AcDbEntity
  8
TEXT
 62
7
370
15
100
AcDbPolyline
 90
2
 70
0
 10
232.29011852181281
 20
153.09500000000006
 10
232.29011852181281
 20
147.78750000000005
  0
TEXT
  5
22C
330
17
100
AcDbEntity
  8
TEXT
 62
7
100
AcDbText
 10
233.09011852181283
 20
150.74500000000006
 30
0.0
 40
1.35
  1
матовый R10, C9
  7
GOST
 11
233.09011852181283
 21
150.74500000000006
 31
0.0
100
AcDbText
  0
LWPOLYLINE
  5
22D
330
17
100
AcDbEntity
  8
TEXT
 62
7
370
15
100
AcDbPolyline
 90
2
 70
0
 10
322.6450592609064
 20
153.09500000000006
 10
322.6450592609064
 20
147.78750000000005
  0
TEXT
  5
22E
330
17
100
AcDbEntity
  8
TEXT
 62
7
100
AcDbText
 10
323.4450592609064
 20
150.74500000000006
 30
0.0
 40
1.35
  1
Kerama Marazzi / Italon / Estima
  7
GOST
 11
323.4450592609064
 21
150.74500000000006
 31
0.0
100
AcDbText
  0
LWPOLYLINE
  5
22F
330
17
100
AcDbEntity
  8
TEXT
 62
7
370
15
100
AcDbPolyline
 90
2
 70
0
 10
413.0
 20
153.09500000000006
 10
413.0
 20
147.78750000000005
  0
LWPOLYLINE
  5
230
330
17
100
AcDbEntity
  8
TEXT
 62
7
370
15
100
AcDbPolyline
 90
4
 70
1
 10
22.0
 20
142.48000000000005
 10
413.0
 20
142.48000000000005
 10
413.0
 20
147.78750000000005
 10
22.0
 20
147.78750000000005
  0
LWPOLYLINE
  5
231
330
17
100
AcDbEntity
  8
TEXT
 62
7
370
15
100
AcDbPolyline
 90
2
 70
0
 10
22.0
 20
147.78750000000005
 10
22.0
 20
142.48000000000005
  0
TEXT
  5
232
330
17
100
AcDbEntity
  8
TEXT
 62
7
100
AcDbText
 10
22.8
 20
145.43750000000006
 30
0.0
 40
1.35
  1
M26
  7
GOST
 11
22.8
 21
145.43750000000006
 31
0.0
100
AcDbText
  0
LWPOLYLINE
  5
233
330
17
100
AcDbEntity
  8
TEXT
 62
7
370
15
100
AcDbPolyline
 90
2
 70
0
 10
30.63232037695891
 20
147.78750000000005
 10
30.63232037695891
 20
142.48000000000005
  0
TEXT
  5
234
330
17
100
AcDbEntity
  8
TEXT
 62
7
100
AcDbText
 10
31.43232037695891
 20
145.43750000000006
 30
0.0
 40
1.35
  1
R6
  7
GOST
 11
31.43232037695891
 21
145.43750000000006
 31
0.0
100
AcDbText
  0
LWPOLYLINE
  5
235
330
17
100
AcDbEntity
  8
TEXT
 62
7
370
15
100
AcDbPolyline
 90
2
 70
0
 10
37.03654491399595
 20
147.78750000000005
 10
37.03654491399595
 20
142.48000000000005
  0
TEXT
  5
236
330
17
100
AcDbEntity
  8
TEXT
 62
7
100
AcDbText
 10
37.836544913995944
 20
145.43750000000006
 30
0.0
 40
1.35
  1
facade
  7
GOST
 11
37.836544913995944
 21
145.43750000000006
 31
0.0
100
AcDbText
  0
LWPOLYLINE
  5
237
330
17
100
AcDbEntity
  8
TEXT
 62
7
370
15
100
AcDbPolyline
 90
2
 70
0
 10
51.58023704362558
 20
147.78750000000005
 10
51.58023704362558
 20
142.48000000000005
  0
TEXT
  5
238
330
17
100
AcDbEntity
  8
TEXT
 62
7
100
AcDbText
 10
52.38023704362558
 20
145.43750000000006
 30
0.0
 40
1.35
  1
системы хранения постирочной (шкафы по обе стороны вентканала U12, пенал,
  7
GOST
 11
52.38023704362558
 21
145.43750000000006
 31
0.0
100
AcDbText
  0
TEXT
  5
239
330
17
100
AcDbEntity
  8
TEXT
 62
7
100
AcDbText
 10
52.38023704362558
 20
143.48000000000005
 30
0.0
 40
1.35
  1
навесные 350, тумба хозмойки)
  7
GOST
 11
52.38023704362558
 21
143.48000000000005
 31
0.0
100
AcDbText
  0
LWPOLYLINE
  5
23A
330
17
100
AcDbEntity
  8
TEXT
 62
7
370
15
100
AcDbPolyline
 90
2
 70
0
 10
141.9351777827192
 20
147.78750000000005
 10
141.9351777827192
 20
142.48000000000005
  0
TEXT
  5
23B
330
17
100
AcDbEntity
  8
TEXT
 62
7
100
AcDbText
 10
142.7351777827192
 20
145.43750000000006
 30
0.0
 40
1.35
  1
ЛДСП 16–18 E1, кромка ПВХ 2 мм; у мойки и колонны — влагостойкая ЛДСП; столешница
  7
GOST
 11
142.7351777827192
 21
145.43750000000006
 31
0.0
100
AcDbText
  0
TEXT
  5
23C
330
17
100
AcDbEntity
  8
TEXT
 62
7
100
AcDbText
 10
142.7351777827192
 20
143.48000000000005
 30
0.0
 40
1.35
  1
HPL/компакт-плита 12 мм
  7
GOST
 11
142.7351777827192
 21
143.48000000000005
 31
0.0
100
AcDbText
  0
LWPOLYLINE
  5
23D
330
17
100
AcDbEntity
  8
TEXT
 62
7
370
15
100
AcDbPolyline
 90
2
 70
0
 10
232.29011852181281
 20
147.78750000000005
 10
232.29011852181281
 20
142.48000000000005
  0
TEXT
  5
23E
330
17
100
AcDbEntity
  8
TEXT
 62
7
100
AcDbText
 10
233.09011852181283
 20
145.43750000000006
 30
0.0
 40
1.35
  1
декор однотонный тёплый светло-серый «кашемир» (близко C2/C3), фасады без ручек
  7
GOST
 11
233.09011852181283
 21
145.43750000000006
 31
0.0
100
AcDbText
  0
TEXT
  5
23F
330
17
100
AcDbEntity
  8
TEXT
 62
7
100
AcDbText
 10
233.09011852181283
 20
143.48000000000005
 30
0.0
 40
1.35
  1
(push/профиль) или скобы C8
  7
GOST
 11
233.09011852181283
 21
143.48000000000005
 31
0.0
100
AcDbText
  0
LWPOLYLINE
  5
240
330
17
100
AcDbEntity
  8
TEXT
 62
7
370
15
100
AcDbPolyline
 90
2
 70
0
 10
322.6450592609064
 20
147.78750000000005
 10
322.6450592609064
 20
142.48000000000005
  0
TEXT
  5
241
330
17
100
AcDbEntity
  8
TEXT
 62
7
100
AcDbText
 10
323.4450592609064
 20
145.43750000000006
 30
0.0
 40
1.35
  1
Egger U702 ST9 «Кашемир серый» / Kronospan / Lamarty (аналог); компакт-плита
  7
GOST
 11
323.4450592609064
 21
145.43750000000006
 31
0.0
100
AcDbText
  0
TEXT
  5
242
330
17
100
AcDbEntity
  8
TEXT
 62
7
100
AcDbText
 10
323.4450592609064
 20
143.48000000000005
 30
0.0
 40
1.35
  1
Fundermax/Slotex
  7
GOST
 11
323.4450592609064
 21
143.48000000000005
 31
0.0
100
AcDbText
  0
LWPOLYLINE
  5
243
330
17
100
AcDbEntity
  8
TEXT
 62
7
370
15
100
AcDbPolyline
 90
2
 70
0
 10
413.0
 20
147.78750000000005
 10
413.0
 20
142.48000000000005
  0
LWPOLYLINE
  5
244
330
17
100
AcDbEntity
  8
TEXT
 62
7
370
15
100
AcDbPolyline
 90
4
 70
1
 10
22.0
 20
137.17250000000004
 10
413.0
 20
137.17250000000004
 10
413.0
 20
142.48000000000005
 10
22.0
 20
142.48000000000005
  0
LWPOLYLINE
  5
245
330
17
100
AcDbEntity
  8
TEXT
 62
7
370
15
100
AcDbPolyline
 90
2
 70
0
 10
22.0
 20
142.48000000000005
 10
22.0
 20
137.17250000000004
  0
TEXT
  5
246
330
17
100
AcDbEntity
  8
TEXT
 62
7
100
AcDbText
 10
22.8
 20
140.13000000000005
 30
0.0
 40
1.35
  1
M27
  7
GOST
 11
22.8
 21
140.13000000000005
 31
0.0
100
AcDbText
  0
LWPOLYLINE
  5
247
330
17
100
AcDbEntity
  8
TEXT
 62
7
370
15
100
AcDbPolyline
 90
2
 70
0
 10
30.63232037695891
 20
142.48000000000005
 10
30.63232037695891
 20
137.17250000000004
  0
TEXT
  5
248
330
17
100
AcDbEntity
  8
TEXT
 62
7
100
AcDbText
 10
31.43232037695891
 20
140.13000000000005
 30
0.0
 40
1.35
  1
R6
  7
GOST
 11
31.43232037695891
 21
140.13000000000005
 31
0.0
100
AcDbText
  0
LWPOLYLINE
  5
249
330
17
100
AcDbEntity
  8
TEXT
 62
7
370
15
100
AcDbPolyline
 90
2
 70
0
 10
37.03654491399595
 20
142.48000000000005
 10
37.03654491399595
 20
137.17250000000004
  0
TEXT
  5
24A
330
17
100
AcDbEntity
  8
TEXT
 62
7
100
AcDbText
 10
37.836544913995944
 20
140.13000000000005
 30
0.0
 40
1.35
  1
wall
  7
GOST
 11
37.836544913995944
 21
140.13000000000005
 31
0.0
100
AcDbText
  0
LWPOLYLINE
  5
24B
330
17
100
AcDbEntity
  8
TEXT
 62
7
370
15
100
AcDbPolyline
 90
2
 70
0
 10
51.58023704362558
 20
142.48000000000005
 10
51.58023704362558
 20
137.17250000000004
  0
TEXT
  5
24C
330
17
100
AcDbEntity
  8
TEXT
 62
7
100
AcDbText
 10
52.38023704362558
 20
140.13000000000005
 30
0.0
 40
1.35
  1
стены и потолок постирочной
  7
GOST
 11
52.38023704362558
 21
140.13000000000005
 31
0.0
100
AcDbText
  0
LWPOLYLINE
  5
24D
330
17
100
AcDbEntity
  8
TEXT
 62
7
370
15
100
AcDbPolyline
 90
2
 70
0
 10
141.9351777827192
 20
142.48000000000005
 10
141.9351777827192
 20
137.17250000000004
  0
TEXT
  5
24E
330
17
100
AcDbEntity
  8
TEXT
 62
7
100
AcDbText
 10
142.7351777827192
 20
140.13000000000005
 30
0.0
 40
1.35
  1
Краска для влажных помещений на открытых участках; фартук над хозмойкой — плитка
  7
GOST
 11
142.7351777827192
 21
140.13000000000005
 31
0.0
100
AcDbText
  0
TEXT
  5
24F
330
17
100
AcDbEntity
  8
TEXT
 62
7
100
AcDbText
 10
142.7351777827192
 20
138.17250000000004
 30
0.0
 40
1.35
  1
«кабанчик» 7,5×30 матовая h 600; потолок — ГКЛВ/подшивной с ревизией к вентилятору
  7
GOST
 11
142.7351777827192
 21
138.17250000000004
 31
0.0
100
AcDbText
  0
LWPOLYLINE
  5
250
330
17
100
AcDbEntity
  8
TEXT
 62
7
370
15
100
AcDbPolyline
 90
2
 70
0
 10
232.29011852181281
 20
142.48000000000005
 10
232.29011852181281
 20
137.17250000000004
  0
TEXT
  5
251
330
17
100
AcDbEntity
  8
TEXT
 62
7
100
AcDbText
 10
233.09011852181283
 20
140.13000000000005
 30
0.0
 40
1.35
  1
стены C2, фартук C1/C9, потолок C1
  7
GOST
 11
233.09011852181283
 21
140.13000000000005
 31
0.0
100
AcDbText
  0
LWPOLYLINE
  5
252
330
17
100
AcDbEntity
  8
TEXT
 62
7
370
15
100
AcDbPolyline
 90
2
 70
0
 10
322.6450592609064
 20
142.48000000000005
 10
322.6450592609064
 20
137.17250000000004
  0
TEXT
  5
253
330
17
100
AcDbEntity
  8
TEXT
 62
7
100
AcDbText
 10
323.4450592609064
 20
140.13000000000005
 30
0.0
 40
1.35
  1
Kerama Marazzi «кабанчик» матовый / Estima; краска Derufa/Caparol (влажные
  7
GOST
 11
323.4450592609064
 21
140.13000000000005
 31
0.0
100
AcDbText
  0
TEXT
  5
254
330
17
100
AcDbEntity
  8
TEXT
 62
7
100
AcDbText
 10
323.4450592609064
 20
138.17250000000004
 30
0.0
 40
1.35
  1
помещения)
  7
GOST
 11
323.4450592609064
 21
138.17250000000004
 31
0.0
100
AcDbText
  0
LWPOLYLINE
  5
255
330
17
100
AcDbEntity
  8
TEXT
 62
7
370
15
100
AcDbPolyline
 90
2
 70
0
 10
413.0
 20
142.48000000000005
 10
413.0
 20
137.17250000000004
  0
LWPOLYLINE
  5
256
330
17
100
AcDbEntity
  8
TEXT
 62
7
370
15
100
AcDbPolyline
 90
4
 70
1
 10
22.0
 20
131.86500000000004
 10
413.0
 20
131.86500000000004
 10
413.0
 20
137.17250000000004
 10
22.0
 20
137.17250000000004
  0
LWPOLYLINE
  5
257
330
17
100
AcDbEntity
  8
TEXT
 62
7
370
15
100
AcDbPolyline
 90
2
 70
0
 10
22.0
 20
137.17250000000004
 10
22.0
 20
131.86500000000004
  0
TEXT
  5
258
330
17
100
AcDbEntity
  8
TEXT
 62
7
100
AcDbText
 10
22.8
 20
134.82250000000005
 30
0.0
 40
1.35
  1
M28
  7
GOST
 11
22.8
 21
134.82250000000005
 31
0.0
100
AcDbText
  0
LWPOLYLINE
  5
259
330
17
100
AcDbEntity
  8
TEXT
 62
7
370
15
100
AcDbPolyline
 90
2
 70
0
 10
30.63232037695891
 20
137.17250000000004
 10
30.63232037695891
 20
131.86500000000004
  0
TEXT
  5
25A
330
17
100
AcDbEntity
  8
TEXT
 62
7
100
AcDbText
 10
31.43232037695891
 20
134.82250000000005
 30
0.0
 40
1.35
  1
R7
  7
GOST
 11
31.43232037695891
 21
134.82250000000005
 31
0.0
100
AcDbText
  0
LWPOLYLINE
  5
25B
330
17
100
AcDbEntity
  8
TEXT
 62
7
370
15
100
AcDbPolyline
 90
2
 70
0
 10
37.03654491399595
 20
137.17250000000004
 10
37.03654491399595
 20
131.86500000000004
  0
TEXT
  5
25C
330
17
100
AcDbEntity
  8
TEXT
 62
7
100
AcDbText
 10
37.836544913995944
 20
134.82250000000005
 30
0.0
 40
1.35
  1
floor
  7
GOST
 11
37.836544913995944
 21
134.82250000000005
 31
0.0
100
AcDbText
  0
LWPOLYLINE
  5
25D
330
17
100
AcDbEntity
  8
TEXT
 62
7
370
15
100
AcDbPolyline
 90
2
 70
0
 10
51.58023704362558
 20
137.17250000000004
 10
51.58023704362558
 20
131.86500000000004
  0
TEXT
  5
25E
330
17
100
AcDbEntity
  8
TEXT
 62
7
100
AcDbText
 10
52.38023704362558
 20
134.82250000000005
 30
0.0
 40
1.35
  1
пол балкона ±0.000 без порога (XPS + стяжка с электро-ТП)
  7
GOST
 11
52.38023704362558
 21
134.82250000000005
 31
0.0
100
AcDbText
  0
LWPOLYLINE
  5
25F
330
17
100
AcDbEntity
  8
TEXT
 62
7
370
15
100
AcDbPolyline
 90
2
 70
0
 10
141.9351777827192
 20
137.17250000000004
 10
141.9351777827192
 20
131.86500000000004
  0
TEXT
  5
260
330
17
100
AcDbEntity
  8
TEXT
 62
7
100
AcDbText
 10
142.7351777827192
 20
134.82250000000005
 30
0.0
 40
1.35
  1
Кварцвинил LVT клеевой «ёлочка» в тон дуба C7, класс 33/42, слой износа ≥ 0,55 мм;
  7
GOST
 11
142.7351777827192
 21
134.82250000000005
 31
0.0
100
AcDbText
  0
TEXT
  5
261
330
17
100
AcDbEntity
  8
TEXT
 62
7
100
AcDbText
 10
142.7351777827192
 20
132.86500000000004
 30
0.0
 40
1.35
  1
электро-ТП — кабель/мат в стяжке с датчиком пола (≤ 27 °C)
  7
GOST
 11
142.7351777827192
 21
132.86500000000004
 31
0.0
100
AcDbText
  0
LWPOLYLINE
  5
262
330
17
100
AcDbEntity
  8
TEXT
 62
7
370
15
100
AcDbPolyline
 90
2
 70
0
 10
232.29011852181281
 20
137.17250000000004
 10
232.29011852181281
 20
131.86500000000004
  0
TEXT
  5
263
330
17
100
AcDbEntity
  8
TEXT
 62
7
100
AcDbText
 10
233.09011852181283
 20
134.82250000000005
 30
0.0
 40
1.35
  1
матовый, в тон инженерной доски (подбор по образцу)
  7
GOST
 11
233.09011852181283
 21
134.82250000000005
 31
0.0
100
AcDbText
  0
LWPOLYLINE
  5
264
330
17
100
AcDbEntity
  8
TEXT
 62
7
370
15
100
AcDbPolyline
 90
2
 70
0
 10
322.6450592609064
 20
137.17250000000004
 10
322.6450592609064
 20
131.86500000000004
  0
TEXT
  5
265
330
17
100
AcDbEntity
  8
TEXT
 62
7
100
AcDbText
 10
323.4450592609064
 20
134.82250000000005
 30
0.0
 40
1.35
  1
Alpine Floor Parquet LVT / Fine Floor Gear / Aquafloor Parquet Glue (допуск на ТП)
  7
GOST
 11
323.4450592609064
 21
134.82250000000005
 31
0.0
100
AcDbText
  0
LWPOLYLINE
  5
266
330
17
100
AcDbEntity
  8
TEXT
 62
7
370
15
100
AcDbPolyline
 90
2
 70
0
 10
413.0
 20
137.17250000000004
 10
413.0
 20
131.86500000000004
  0
LWPOLYLINE
  5
267
330
17
100
AcDbEntity
  8
TEXT
 62
7
370
15
100
AcDbPolyline
 90
4
 70
1
 10
22.0
 20
128.51500000000004
 10
413.0
 20
128.51500000000004
 10
413.0
 20
131.86500000000004
 10
22.0
 20
131.86500000000004
  0
LWPOLYLINE
  5
268
330
17
100
AcDbEntity
  8
TEXT
 62
7
370
15
100
AcDbPolyline
 90
2
 70
0
 10
22.0
 20
131.86500000000004
 10
22.0
 20
128.51500000000004
  0
TEXT
  5
269
330
17
100
AcDbEntity
  8
TEXT
 62
7
100
AcDbText
 10
22.8
 20
129.51500000000004
 30
0.0
 40
1.35
  1
M29
  7
GOST
 11
22.8
 21
129.51500000000004
 31
0.0
100
AcDbText
  0
LWPOLYLINE
  5
26A
330
17
100
AcDbEntity
  8
TEXT
 62
7
370
15
100
AcDbPolyline
 90
2
 70
0
 10
30.63232037695891
 20
131.86500000000004
 10
30.63232037695891
 20
128.51500000000004
  0
TEXT
  5
26B
330
17
100
AcDbEntity
  8
TEXT
 62
7
100
AcDbText
 10
31.43232037695891
 20
129.51500000000004
 30
0.0
 40
1.35
  1
R7
  7
GOST
 11
31.43232037695891
 21
129.51500000000004
 31
0.0
100
AcDbText
  0
LWPOLYLINE
  5
26C
330
17
100
AcDbEntity
  8
TEXT
 62
7
370
15
100
AcDbPolyline
 90
2
 70
0
 10
37.03654491399595
 20
131.86500000000004
 10
37.03654491399595
 20
128.51500000000004
  0
TEXT
  5
26D
330
17
100
AcDbEntity
  8
TEXT
 62
7
100
AcDbText
 10
37.836544913995944
 20
129.51500000000004
 30
0.0
 40
1.35
  1
wall
  7
GOST
 11
37.836544913995944
 21
129.51500000000004
 31
0.0
100
AcDbText
  0
LWPOLYLINE
  5
26E
330
17
100
AcDbEntity
  8
TEXT
 62
7
370
15
100
AcDbPolyline
 90
2
 70
0
 10
51.58023704362558
 20
131.86500000000004
 10
51.58023704362558
 20
128.51500000000004
  0
TEXT
  5
26F
330
17
100
AcDbEntity
  8
TEXT
 62
7
100
AcDbText
 10
52.38023704362558
 20
129.51500000000004
 30
0.0
 40
1.35
  1
стены балкона (по PIR/минвате с пароизоляцией)
  7
GOST
 11
52.38023704362558
 21
129.51500000000004
 31
0.0
100
AcDbText
  0
LWPOLYLINE
  5
270
330
17
100
AcDbEntity
  8
TEXT
 62
7
370
15
100
AcDbPolyline
 90
2
 70
0
 10
141.9351777827192
 20
131.86500000000004
 10
141.9351777827192
 20
128.51500000000004
  0
TEXT
  5
271
330
17
100
AcDbEntity
  8
TEXT
 62
7
100
AcDbText
 10
142.7351777827192
 20
129.51500000000004
 30
0.0
 40
1.35
  1
ГВЛ/ГКЛВ 12,5 + шпаклёвка + краска; парапет внутри — тот же пирог
  7
GOST
 11
142.7351777827192
 21
129.51500000000004
 31
0.0
100
AcDbText
  0
LWPOLYLINE
  5
272
330
17
100
AcDbEntity
  8
TEXT
 62
7
370
15
100
AcDbPolyline
 90
2
 70
0
 10
232.29011852181281
 20
131.86500000000004
 10
232.29011852181281
 20
128.51500000000004
  0
TEXT
  5
273
330
17
100
AcDbEntity
  8
TEXT
 62
7
100
AcDbText
 10
233.09011852181283
 20
129.51500000000004
 30
0.0
 40
1.35
  1
C6 «тёмная олива», глубокоматовая (≤ 3 gloss) — антиблик для проектора
  7
GOST
 11
233.09011852181283
 21
129.51500000000004
 31
0.0
100
AcDbText
  0
LWPOLYLINE
  5
274
330
17
100
AcDbEntity
  8
TEXT
 62
7
370
15
100
AcDbPolyline
 90
2
 70
0
 10
322.6450592609064
 20
131.86500000000004
 10
322.6450592609064
 20
128.51500000000004
  0
TEXT
  5
275
330
17
100
AcDbEntity
  8
TEXT
 62
7
100
AcDbText
 10
323.4450592609064
 20
129.51500000000004
 30
0.0
 40
1.35
  1
Кнауф ГВЛ; Derufa / Caparol (глубокоматовые)
  7
GOST
 11
323.4450592609064
 21
129.51500000000004
 31
0.0
100
AcDbText
  0
LWPOLYLINE
  5
276
330
17
100
AcDbEntity
  8
TEXT
 62
7
370
15
100
AcDbPolyline
 90
2
 70
0
 10
413.0
 20
131.86500000000004
 10
413.0
 20
128.51500000000004
  0
LWPOLYLINE
  5
277
330
17
100
AcDbEntity
  8
TEXT
 62
7
370
15
100
AcDbPolyline
 90
4
 70
1
 10
22.0
 20
123.20750000000004
 10
413.0
 20
123.20750000000004
 10
413.0
 20
128.51500000000004
 10
22.0
 20
128.51500000000004
  0
LWPOLYLINE
  5
278
330
17
100
AcDbEntity
  8
TEXT
 62
7
370
15
100
AcDbPolyline
 90
2
 70
0
 10
22.0
 20
128.51500000000004
 10
22.0
 20
123.20750000000004
  0
TEXT
  5
279
330
17
100
AcDbEntity
  8
TEXT
 62
7
100
AcDbText
 10
22.8
 20
126.16500000000005
 30
0.0
 40
1.35
  1
M30
  7
GOST
 11
22.8
 21
126.16500000000005
 31
0.0
100
AcDbText
  0
LWPOLYLINE
  5
27A
330
17
100
AcDbEntity
  8
TEXT
 62
7
370
15
100
AcDbPolyline
 90
2
 70
0
 10
30.63232037695891
 20
128.51500000000004
 10
30.63232037695891
 20
123.20750000000004
  0
TEXT
  5
27B
330
17
100
AcDbEntity
  8
TEXT
 62
7
100
AcDbText
 10
31.43232037695891
 20
126.16500000000005
 30
0.0
 40
1.35
  1
R7
  7
GOST
 11
31.43232037695891
 21
126.16500000000005
 31
0.0
100
AcDbText
  0
LWPOLYLINE
  5
27C
330
17
100
AcDbEntity
  8
TEXT
 62
7
370
15
100
AcDbPolyline
 90
2
 70
0
 10
37.03654491399595
 20
128.51500000000004
 10
37.03654491399595
 20
123.20750000000004
  0
TEXT
  5
27D
330
17
100
AcDbEntity
  8
TEXT
 62
7
100
AcDbText
 10
37.836544913995944
 20
126.16500000000005
 30
0.0
 40
1.35
  1
ceiling
  7
GOST
 11
37.836544913995944
 21
126.16500000000005
 31
0.0
100
AcDbText
  0
LWPOLYLINE
  5
27E
330
17
100
AcDbEntity
  8
TEXT
 62
7
370
15
100
AcDbPolyline
 90
2
 70
0
 10
51.58023704362558
 20
128.51500000000004
 10
51.58023704362558
 20
123.20750000000004
  0
TEXT
  5
27F
330
17
100
AcDbEntity
  8
TEXT
 62
7
100
AcDbText
 10
52.38023704362558
 20
126.16500000000005
 30
0.0
 40
1.35
  1
потолок балкона (≥ +2500, проектор на кронштейне к плите)
  7
GOST
 11
52.38023704362558
 21
126.16500000000005
 31
0.0
100
AcDbText
  0
LWPOLYLINE
  5
280
330
17
100
AcDbEntity
  8
TEXT
 62
7
370
15
100
AcDbPolyline
 90
2
 70
0
 10
141.9351777827192
 20
128.51500000000004
 10
141.9351777827192
 20
123.20750000000004
  0
TEXT
  5
281
330
17
100
AcDbEntity
  8
TEXT
 62
7
100
AcDbText
 10
142.7351777827192
 20
126.16500000000005
 30
0.0
 40
1.35
  1
ГКЛВ по утеплителю, кабель-канал проектора в толще; 3–4 встроенных малых спота
  7
GOST
 11
142.7351777827192
 21
126.16500000000005
 31
0.0
100
AcDbText
  0
TEXT
  5
282
330
17
100
AcDbEntity
  8
TEXT
 62
7
100
AcDbText
 10
142.7351777827192
 20
124.20750000000005
 30
0.0
 40
1.35
  1
(диммируемые) по периметру, без люстры
  7
GOST
 11
142.7351777827192
 21
124.20750000000005
 31
0.0
100
AcDbText
  0
LWPOLYLINE
  5
283
330
17
100
AcDbEntity
  8
TEXT
 62
7
370
15
100
AcDbPolyline
 90
2
 70
0
 10
232.29011852181281
 20
128.51500000000004
 10
232.29011852181281
 20
123.20750000000004
  0
TEXT
  5
284
330
17
100
AcDbEntity
  8
TEXT
 62
7
100
AcDbText
 10
233.09011852181283
 20
126.16500000000005
 30
0.0
 40
1.35
  1
C6 глубокоматовая
  7
GOST
 11
233.09011852181283
 21
126.16500000000005
 31
0.0
100
AcDbText
  0
LWPOLYLINE
  5
285
330
17
100
AcDbEntity
  8
TEXT
 62
7
370
15
100
AcDbPolyline
 90
2
 70
0
 10
322.6450592609064
 20
128.51500000000004
 10
322.6450592609064
 20
123.20750000000004
  0
TEXT
  5
286
330
17
100
AcDbEntity
  8
TEXT
 62
7
100
AcDbText
 10
323.4450592609064
 20
126.16500000000005
 30
0.0
 40
1.35
  1
Кнауф; споты — Maytoni / Elektrostandard (диммируемые, 2700 K)
  7
GOST
 11
323.4450592609064
 21
126.16500000000005
 31
0.0
100
AcDbText
  0
LWPOLYLINE
  5
287
330
17
100
AcDbEntity
  8
TEXT
 62
7
370
15
100
AcDbPolyline
 90
2
 70
0
 10
413.0
 20
128.51500000000004
 10
413.0
 20
123.20750000000004
  0
LWPOLYLINE
  5
288
330
17
100
AcDbEntity
  8
TEXT
 62
7
370
15
100
AcDbPolyline
 90
4
 70
1
 10
22.0
 20
117.90000000000003
 10
413.0
 20
117.90000000000003
 10
413.0
 20
123.20750000000004
 10
22.0
 20
123.20750000000004
  0
LWPOLYLINE
  5
289
330
17
100
AcDbEntity
  8
TEXT
 62
7
370
15
100
AcDbPolyline
 90
2
 70
0
 10
22.0
 20
123.20750000000004
 10
22.0
 20
117.90000000000003
  0
TEXT
  5
28A
330
17
100
AcDbEntity
  8
TEXT
 62
7
100
AcDbText
 10
22.8
 20
120.85750000000004
 30
0.0
 40
1.35
  1
M31
  7
GOST
 11
22.8
 21
120.85750000000004
 31
0.0
100
AcDbText
  0
LWPOLYLINE
  5
28B
330
17
100
AcDbEntity
  8
TEXT
 62
7
370
15
100
AcDbPolyline
 90
2
 70
0
 10
30.63232037695891
 20
123.20750000000004
 10
30.63232037695891
 20
117.90000000000003
  0
TEXT
  5
28C
330
17
100
AcDbEntity
  8
TEXT
 62
7
100
AcDbText
 10
31.43232037695891
 20
120.85750000000004
 30
0.0
 40
1.35
  1
R7
  7
GOST
 11
31.43232037695891
 21
120.85750000000004
 31
0.0
100
AcDbText
  0
LWPOLYLINE
  5
28D
330
17
100
AcDbEntity
  8
TEXT
 62
7
370
15
100
AcDbPolyline
 90
2
 70
0
 10
37.03654491399595
 20
123.20750000000004
 10
37.03654491399595
 20
117.90000000000003
  0
TEXT
  5
28E
330
17
100
AcDbEntity
  8
TEXT
 62
7
100
AcDbText
 10
37.836544913995944
 20
120.85750000000004
 30
0.0
 40
1.35
  1
facade
  7
GOST
 11
37.836544913995944
 21
120.85750000000004
 31
0.0
100
AcDbText
  0
LWPOLYLINE
  5
28F
330
17
100
AcDbEntity
  8
TEXT
 62
7
370
15
100
AcDbPolyline
 90
2
 70
0
 10
51.58023704362558
 20
123.20750000000004
 10
51.58023704362558
 20
117.90000000000003
  0
TEXT
  5
290
330
17
100
AcDbEntity
  8
TEXT
 62
7
100
AcDbText
 10
52.38023704362558
 20
120.85750000000004
 30
0.0
 40
1.35
  1
П-диван встроенный 2110×3228 (на ножках, без крепления к полу) + пуф-стол
  7
GOST
 11
52.38023704362558
 21
120.85750000000004
 31
0.0
100
AcDbText
  0
LWPOLYLINE
  5
291
330
17
100
AcDbEntity
  8
TEXT
 62
7
370
15
100
AcDbPolyline
 90
2
 70
0
 10
141.9351777827192
 20
123.20750000000004
 10
141.9351777827192
 20
117.90000000000003
  0
TEXT
  5
292
330
17
100
AcDbEntity
  8
TEXT
 62
7
100
AcDbText
 10
142.7351777827192
 20
120.85750000000004
 30
0.0
 40
1.35
  1
Каркас — фанера/брус, ППУ высокой плотности + синтепух, съёмные чехлы; подушки
  7
GOST
 11
142.7351777827192
 21
120.85750000000004
 31
0.0
100
AcDbText
  0
TEXT
  5
293
330
17
100
AcDbEntity
  8
TEXT
 62
7
100
AcDbText
 10
142.7351777827192
 20
118.90000000000005
 30
0.0
 40
1.35
  1
спинки съёмные
  7
GOST
 11
142.7351777827192
 21
118.90000000000005
 31
0.0
100
AcDbText
  0
LWPOLYLINE
  5
294
330
17
100
AcDbEntity
  8
TEXT
 62
7
370
15
100
AcDbPolyline
 90
2
 70
0
 10
232.29011852181281
 20
123.20750000000004
 10
232.29011852181281
 20
117.90000000000003
  0
TEXT
  5
295
330
17
100
AcDbEntity
  8
TEXT
 62
7
100
AcDbText
 10
233.09011852181283
 20
120.85750000000004
 30
0.0
 40
1.35
  1
велюр/рогожка easy-clean песочный (C11 светлее) + декоративные подушки C4/C5
  7
GOST
 11
233.09011852181283
 21
120.85750000000004
 31
0.0
100
AcDbText
  0
LWPOLYLINE
  5
296
330
17
100
AcDbEntity
  8
TEXT
 62
7
370
15
100
AcDbPolyline
 90
2
 70
0
 10
322.6450592609064
 20
123.20750000000004
 10
322.6450592609064
 20
117.90000000000003
  0
TEXT
  5
297
330
17
100
AcDbEntity
  8
TEXT
 62
7
100
AcDbText
 10
323.4450592609064
 20
120.85750000000004
 30
0.0
 40
1.35
  1
мебельная мастерская СПб по размеру / «Пинскдрев»-класс (модули); ткань — Arben /
  7
GOST
 11
323.4450592609064
 21
120.85750000000004
 31
0.0
100
AcDbText
  0
TEXT
  5
298
330
17
100
AcDbEntity
  8
TEXT
 62
7
100
AcDbText
 10
323.4450592609064
 20
118.90000000000005
 30
0.0
 40
1.35
  1
Ultra (easy-clean)
  7
GOST
 11
323.4450592609064
 21
118.90000000000005
 31
0.0
100
AcDbText
  0
LWPOLYLINE
  5
299
330
17
100
AcDbEntity
  8
TEXT
 62
7
370
15
100
AcDbPolyline
 90
2
 70
0
 10
413.0
 20
123.20750000000004
 10
413.0
 20
117.90000000000003
  0
LWPOLYLINE
  5
29A
330
17
100
AcDbEntity
  8
TEXT
 62
7
370
15
100
AcDbPolyline
 90
4
 70
1
 10
22.0
 20
110.63500000000003
 10
413.0
 20
110.63500000000003
 10
413.0
 20
117.90000000000003
 10
22.0
 20
117.90000000000003
  0
LWPOLYLINE
  5
29B
330
17
100
AcDbEntity
  8
TEXT
 62
7
370
15
100
AcDbPolyline
 90
2
 70
0
 10
22.0
 20
117.90000000000003
 10
22.0
 20
110.63500000000003
  0
TEXT
  5
29C
330
17
100
AcDbEntity
  8
TEXT
 62
7
100
AcDbText
 10
22.8
 20
115.55000000000004
 30
0.0
 40
1.35
  1
M32
  7
GOST
 11
22.8
 21
115.55000000000004
 31
0.0
100
AcDbText
  0
LWPOLYLINE
  5
29D
330
17
100
AcDbEntity
  8
TEXT
 62
7
370
15
100
AcDbPolyline
 90
2
 70
0
 10
30.63232037695891
 20
117.90000000000003
 10
30.63232037695891
 20
110.63500000000003
  0
TEXT
  5
29E
330
17
100
AcDbEntity
  8
TEXT
 62
7
100
AcDbText
 10
31.43232037695891
 20
115.55000000000004
 30
0.0
 40
1.35
  1
R7
  7
GOST
 11
31.43232037695891
 21
115.55000000000004
 31
0.0
100
AcDbText
  0
LWPOLYLINE
  5
29F
330
17
100
AcDbEntity
  8
TEXT
 62
7
370
15
100
AcDbPolyline
 90
2
 70
0
 10
37.03654491399595
 20
117.90000000000003
 10
37.03654491399595
 20
110.63500000000003
  0
TEXT
  5
2A0
330
17
100
AcDbEntity
  8
TEXT
 62
7
100
AcDbText
 10
37.836544913995944
 20
115.55000000000004
 30
0.0
 40
1.35
  1
facade
  7
GOST
 11
37.836544913995944
 21
115.55000000000004
 31
0.0
100
AcDbText
  0
LWPOLYLINE
  5
2A1
330
17
100
AcDbEntity
  8
TEXT
 62
7
370
15
100
AcDbPolyline
 90
2
 70
0
 10
51.58023704362558
 20
117.90000000000003
 10
51.58023704362558
 20
110.63500000000003
  0
TEXT
  5
2A2
330
17
100
AcDbEntity
  8
TEXT
 62
7
100
AcDbText
 10
52.38023704362558
 20
115.55000000000004
 30
0.0
 40
1.35
  1
остекление и шторы балкона
  7
GOST
 11
52.38023704362558
 21
115.55000000000004
 31
0.0
100
AcDbText
  0
LWPOLYLINE
  5
2A3
330
17
100
AcDbEntity
  8
TEXT
 62
7
370
15
100
AcDbPolyline
 90
2
 70
0
 10
141.9351777827192
 20
117.90000000000003
 10
141.9351777827192
 20
110.63500000000003
  0
TEXT
  5
2A4
330
17
100
AcDbEntity
  8
TEXT
 62
7
100
AcDbText
 10
142.7351777827192
 20
115.55000000000004
 30
0.0
 40
1.35
  1
Тёплое остекление ПВХ, 2-камерный энергосберегающий стеклопакет; на 1 этаже —
  7
GOST
 11
142.7351777827192
 21
115.55000000000004
 31
0.0
100
AcDbText
  0
TEXT
  5
2A5
330
17
100
AcDbEntity
  8
TEXT
 62
7
100
AcDbText
 10
142.7351777827192
 20
113.59250000000004
 30
0.0
 40
1.35
  1
ударостойкое наружное стекло (P2A) + датчики открытия (№12); портьеры блэкаут на
  7
GOST
 11
142.7351777827192
 21
113.59250000000004
 31
0.0
100
AcDbText
  0
TEXT
  5
2A6
330
17
100
AcDbEntity
  8
TEXT
 62
7
100
AcDbText
 10
142.7351777827192
 20
111.63500000000005
 30
0.0
 40
1.35
  1
потолочном карнизе с электроприводом
  7
GOST
 11
142.7351777827192
 21
111.63500000000005
 31
0.0
100
AcDbText
  0
LWPOLYLINE
  5
2A7
330
17
100
AcDbEntity
  8
TEXT
 62
7
370
15
100
AcDbPolyline
 90
2
 70
0
 10
232.29011852181281
 20
117.90000000000003
 10
232.29011852181281
 20
110.63500000000003
  0
TEXT
  5
2A8
330
17
100
AcDbEntity
  8
TEXT
 62
7
100
AcDbText
 10
233.09011852181283
 20
115.55000000000004
 30
0.0
 40
1.35
  1
профиль белый/тёмный ламинированный снаружи по фасаду (по согласованию);
  7
GOST
 11
233.09011852181283
 21
115.55000000000004
 31
0.0
100
AcDbText
  0
TEXT
  5
2A9
330
17
100
AcDbEntity
  8
TEXT
 62
7
100
AcDbText
 10
233.09011852181283
 20
113.59250000000004
 30
0.0
 40
1.35
  1
портьеры C6/C2 с блэкаут-подкладом
  7
GOST
 11
233.09011852181283
 21
113.59250000000004
 31
0.0
100
AcDbText
  0
LWPOLYLINE
  5
2AA
330
17
100
AcDbEntity
  8
TEXT
 62
7
370
15
100
AcDbPolyline
 90
2
 70
0
 10
322.6450592609064
 20
117.90000000000003
 10
322.6450592609064
 20
110.63500000000003
  0
TEXT
  5
2AB
330
17
100
AcDbEntity
  8
TEXT
 62
7
100
AcDbText
 10
323.4450592609064
 20
115.55000000000004
 30
0.0
 40
1.35
  1
VEKA / Exprof / Rehau-класс (местные переработчики СПб); привод — Aqara / Dooya
  7
GOST
 11
323.4450592609064
 21
115.55000000000004
 31
0.0
100
AcDbText
  0
LWPOLYLINE
  5
2AC
330
17
100
AcDbEntity
  8
TEXT
 62
7
370
15
100
AcDbPolyline
 90
2
 70
0
 10
413.0
 20
117.90000000000003
 10
413.0
 20
110.63500000000003
  0
LWPOLYLINE
  5
2AD
330
17
100
AcDbEntity
  8
TEXT
 62
7
370
15
100
AcDbPolyline
 90
4
 70
1
 10
22.0
 20
107.28500000000004
 10
413.0
 20
107.28500000000004
 10
413.0
 20
110.63500000000003
 10
22.0
 20
110.63500000000003
  0
LWPOLYLINE
  5
2AE
330
17
100
AcDbEntity
  8
TEXT
 62
7
370
15
100
AcDbPolyline
 90
2
 70
0
 10
22.0
 20
110.63500000000003
 10
22.0
 20
107.28500000000004
  0
TEXT
  5
2AF
330
17
100
AcDbEntity
  8
TEXT
 62
7
100
AcDbText
 10
22.8
 20
108.28500000000004
 30
0.0
 40
1.35
  1
M33-R1
  7
GOST
 11
22.8
 21
108.28500000000004
 31
0.0
100
AcDbText
  0
LWPOLYLINE
  5
2B0
330
17
100
AcDbEntity
  8
TEXT
 62
7
370
15
100
AcDbPolyline
 90
2
 70
0
 10
30.63232037695891
 20
110.63500000000003
 10
30.63232037695891
 20
107.28500000000004
  0
TEXT
  5
2B1
330
17
100
AcDbEntity
  8
TEXT
 62
7
100
AcDbText
 10
31.43232037695891
 20
108.28500000000004
 30
0.0
 40
1.35
  1
R1
  7
GOST
 11
31.43232037695891
 21
108.28500000000004
 31
0.0
100
AcDbText
  0
LWPOLYLINE
  5
2B2
330
17
100
AcDbEntity
  8
TEXT
 62
7
370
15
100
AcDbPolyline
 90
2
 70
0
 10
37.03654491399595
 20
110.63500000000003
 10
37.03654491399595
 20
107.28500000000004
  0
TEXT
  5
2B3
330
17
100
AcDbEntity
  8
TEXT
 62
7
100
AcDbText
 10
37.836544913995944
 20
108.28500000000004
 30
0.0
 40
1.35
  1
wall
  7
GOST
 11
37.836544913995944
 21
108.28500000000004
 31
0.0
100
AcDbText
  0
LWPOLYLINE
  5
2B4
330
17
100
AcDbEntity
  8
TEXT
 62
7
370
15
100
AcDbPolyline
 90
2
 70
0
 10
51.58023704362558
 20
110.63500000000003
 10
51.58023704362558
 20
107.28500000000004
  0
TEXT
  5
2B5
330
17
100
AcDbEntity
  8
TEXT
 62
7
100
AcDbText
 10
52.38023704362558
 20
108.28500000000004
 30
0.0
 40
1.35
  1
электроустановочные изделия
  7
GOST
 11
52.38023704362558
 21
108.28500000000004
 31
0.0
100
AcDbText
  0
LWPOLYLINE
  5
2B6
330
17
100
AcDbEntity
  8
TEXT
 62
7
370
15
100
AcDbPolyline
 90
2
 70
0
 10
141.9351777827192
 20
110.63500000000003
 10
141.9351777827192
 20
107.28500000000004
  0
TEXT
  5
2B7
330
17
100
AcDbEntity
  8
TEXT
 62
7
100
AcDbText
 10
142.7351777827192
 20
108.28500000000004
 30
0.0
 40
1.35
  1
Выключатели/розетки, рамки однотонные
  7
GOST
 11
142.7351777827192
 21
108.28500000000004
 31
0.0
100
AcDbText
  0
LWPOLYLINE
  5
2B8
330
17
100
AcDbEntity
  8
TEXT
 62
7
370
15
100
AcDbPolyline
 90
2
 70
0
 10
232.29011852181281
 20
110.63500000000003
 10
232.29011852181281
 20
107.28500000000004
  0
TEXT
  5
2B9
330
17
100
AcDbEntity
  8
TEXT
 62
7
100
AcDbText
 10
233.09011852181283
 20
108.28500000000004
 30
0.0
 40
1.35
  1
белый матовый/айвори; без «золота»
  7
GOST
 11
233.09011852181283
 21
108.28500000000004
 31
0.0
100
AcDbText
  0
LWPOLYLINE
  5
2BA
330
17
100
AcDbEntity
  8
TEXT
 62
7
370
15
100
AcDbPolyline
 90
2
 70
0
 10
322.6450592609064
 20
110.63500000000003
 10
322.6450592609064
 20
107.28500000000004
  0
TEXT
  5
2BB
330
17
100
AcDbEntity
  8
TEXT
 62
7
100
AcDbText
 10
323.4450592609064
 20
108.28500000000004
 30
0.0
 40
1.35
  1
Werkel / Systeme Electric (ArtGallery) / Jung (премиум — не закладываем)
  7
GOST
 11
323.4450592609064
 21
108.28500000000004
 31
0.0
100
AcDbText
  0
LWPOLYLINE
  5
2BC
330
17
100
AcDbEntity
  8
TEXT
 62
7
370
15
100
AcDbPolyline
 90
2
 70
0
 10
413.0
 20
110.63500000000003
 10
413.0
 20
107.28500000000004
  0
LWPOLYLINE
  5
2BD
330
17
100
AcDbEntity
  8
TEXT
 62
7
370
15
100
AcDbPolyline
 90
4
 70
1
 10
22.0
 20
103.93500000000004
 10
413.0
 20
103.93500000000004
 10
413.0
 20
107.28500000000004
 10
22.0
 20
107.28500000000004
  0
LWPOLYLINE
  5
2BE
330
17
100
AcDbEntity
  8
TEXT
 62
7
370
15
100
AcDbPolyline
 90
2
 70
0
 10
22.0
 20
107.28500000000004
 10
22.0
 20
103.93500000000004
  0
TEXT
  5
2BF
330
17
100
AcDbEntity
  8
TEXT
 62
7
100
AcDbText
 10
22.8
 20
104.93500000000004
 30
0.0
 40
1.35
  1
M33-R2
  7
GOST
 11
22.8
 21
104.93500000000004
 31
0.0
100
AcDbText
  0
LWPOLYLINE
  5
2C0
330
17
100
AcDbEntity
  8
TEXT
 62
7
370
15
100
AcDbPolyline
 90
2
 70
0
 10
30.63232037695891
 20
107.28500000000004
 10
30.63232037695891
 20
103.93500000000004
  0
TEXT
  5
2C1
330
17
100
AcDbEntity
  8
TEXT
 62
7
100
AcDbText
 10
31.43232037695891
 20
104.93500000000004
 30
0.0
 40
1.35
  1
R2
  7
GOST
 11
31.43232037695891
 21
104.93500000000004
 31
0.0
100
AcDbText
  0
LWPOLYLINE
  5
2C2
330
17
100
AcDbEntity
  8
TEXT
 62
7
370
15
100
AcDbPolyline
 90
2
 70
0
 10
37.03654491399595
 20
107.28500000000004
 10
37.03654491399595
 20
103.93500000000004
  0
TEXT
  5
2C3
330
17
100
AcDbEntity
  8
TEXT
 62
7
100
AcDbText
 10
37.836544913995944
 20
104.93500000000004
 30
0.0
 40
1.35
  1
wall
  7
GOST
 11
37.836544913995944
 21
104.93500000000004
 31
0.0
100
AcDbText
  0
LWPOLYLINE
  5
2C4
330
17
100
AcDbEntity
  8
TEXT
 62
7
370
15
100
AcDbPolyline
 90
2
 70
0
 10
51.58023704362558
 20
107.28500000000004
 10
51.58023704362558
 20
103.93500000000004
  0
TEXT
  5
2C5
330
17
100
AcDbEntity
  8
TEXT
 62
7
100
AcDbText
 10
52.38023704362558
 20
104.93500000000004
 30
0.0
 40
1.35
  1
электроустановочные изделия
  7
GOST
 11
52.38023704362558
 21
104.93500000000004
 31
0.0
100
AcDbText
  0
LWPOLYLINE
  5
2C6
330
17
100
AcDbEntity
  8
TEXT
 62
7
370
15
100
AcDbPolyline
 90
2
 70
0
 10
141.9351777827192
 20
107.28500000000004
 10
141.9351777827192
 20
103.93500000000004
  0
TEXT
  5
2C7
330
17
100
AcDbEntity
  8
TEXT
 62
7
100
AcDbText
 10
142.7351777827192
 20
104.93500000000004
 30
0.0
 40
1.35
  1
Выключатели/розетки, рамки однотонные
  7
GOST
 11
142.7351777827192
 21
104.93500000000004
 31
0.0
100
AcDbText
  0
LWPOLYLINE
  5
2C8
330
17
100
AcDbEntity
  8
TEXT
 62
7
370
15
100
AcDbPolyline
 90
2
 70
0
 10
232.29011852181281
 20
107.28500000000004
 10
232.29011852181281
 20
103.93500000000004
  0
TEXT
  5
2C9
330
17
100
AcDbEntity
  8
TEXT
 62
7
100
AcDbText
 10
233.09011852181283
 20
104.93500000000004
 30
0.0
 40
1.35
  1
белый матовый/айвори; без «золота»
  7
GOST
 11
233.09011852181283
 21
104.93500000000004
 31
0.0
100
AcDbText
  0
LWPOLYLINE
  5
2CA
330
17
100
AcDbEntity
  8
TEXT
 62
7
370
15
100
AcDbPolyline
 90
2
 70
0
 10
322.6450592609064
 20
107.28500000000004
 10
322.6450592609064
 20
103.93500000000004
  0
TEXT
  5
2CB
330
17
100
AcDbEntity
  8
TEXT
 62
7
100
AcDbText
 10
323.4450592609064
 20
104.93500000000004
 30
0.0
 40
1.35
  1
Werkel / Systeme Electric (ArtGallery) / Jung (премиум — не закладываем)
  7
GOST
 11
323.4450592609064
 21
104.93500000000004
 31
0.0
100
AcDbText
  0
LWPOLYLINE
  5
2CC
330
17
100
AcDbEntity
  8
TEXT
 62
7
370
15
100
AcDbPolyline
 90
2
 70
0
 10
413.0
 20
107.28500000000004
 10
413.0
 20
103.93500000000004
  0
LWPOLYLINE
  5
2CD
330
17
100
AcDbEntity
  8
TEXT
 62
7
370
15
100
AcDbPolyline
 90
4
 70
1
 10
22.0
 20
100.58500000000005
 10
413.0
 20
100.58500000000005
 10
413.0
 20
103.93500000000004
 10
22.0
 20
103.93500000000004
  0
LWPOLYLINE
  5
2CE
330
17
100
AcDbEntity
  8
TEXT
 62
7
370
15
100
AcDbPolyline
 90
2
 70
0
 10
22.0
 20
103.93500000000004
 10
22.0
 20
100.58500000000005
  0
TEXT
  5
2CF
330
17
100
AcDbEntity
  8
TEXT
 62
7
100
AcDbText
 10
22.8
 20
101.58500000000005
 30
0.0
 40
1.35
  1
M33-R3
  7
GOST
 11
22.8
 21
101.58500000000005
 31
0.0
100
AcDbText
  0
LWPOLYLINE
  5
2D0
330
17
100
AcDbEntity
  8
TEXT
 62
7
370
15
100
AcDbPolyline
 90
2
 70
0
 10
30.63232037695891
 20
103.93500000000004
 10
30.63232037695891
 20
100.58500000000005
  0
TEXT
  5
2D1
330
17
100
AcDbEntity
  8
TEXT
 62
7
100
AcDbText
 10
31.43232037695891
 20
101.58500000000005
 30
0.0
 40
1.35
  1
R3
  7
GOST
 11
31.43232037695891
 21
101.58500000000005
 31
0.0
100
AcDbText
  0
LWPOLYLINE
  5
2D2
330
17
100
AcDbEntity
  8
TEXT
 62
7
370
15
100
AcDbPolyline
 90
2
 70
0
 10
37.03654491399595
 20
103.93500000000004
 10
37.03654491399595
 20
100.58500000000005
  0
TEXT
  5
2D3
330
17
100
AcDbEntity
  8
TEXT
 62
7
100
AcDbText
 10
37.836544913995944
 20
101.58500000000005
 30
0.0
 40
1.35
  1
wall
  7
GOST
 11
37.836544913995944
 21
101.58500000000005
 31
0.0
100
AcDbText
  0
LWPOLYLINE
  5
2D4
330
17
100
AcDbEntity
  8
TEXT
 62
7
370
15
100
AcDbPolyline
 90
2
 70
0
 10
51.58023704362558
 20
103.93500000000004
 10
51.58023704362558
 20
100.58500000000005
  0
TEXT
  5
2D5
330
17
100
AcDbEntity
  8
TEXT
 62
7
100
AcDbText
 10
52.38023704362558
 20
101.58500000000005
 30
0.0
 40
1.35
  1
электроустановочные изделия
  7
GOST
 11
52.38023704362558
 21
101.58500000000005
 31
0.0
100
AcDbText
  0
LWPOLYLINE
  5
2D6
330
17
100
AcDbEntity
  8
TEXT
 62
7
370
15
100
AcDbPolyline
 90
2
 70
0
 10
141.9351777827192
 20
103.93500000000004
 10
141.9351777827192
 20
100.58500000000005
  0
TEXT
  5
2D7
330
17
100
AcDbEntity
  8
TEXT
 62
7
100
AcDbText
 10
142.7351777827192
 20
101.58500000000005
 30
0.0
 40
1.35
  1
Выключатели/розетки, рамки однотонные
  7
GOST
 11
142.7351777827192
 21
101.58500000000005
 31
0.0
100
AcDbText
  0
LWPOLYLINE
  5
2D8
330
17
100
AcDbEntity
  8
TEXT
 62
7
370
15
100
AcDbPolyline
 90
2
 70
0
 10
232.29011852181281
 20
103.93500000000004
 10
232.29011852181281
 20
100.58500000000005
  0
TEXT
  5
2D9
330
17
100
AcDbEntity
  8
TEXT
 62
7
100
AcDbText
 10
233.09011852181283
 20
101.58500000000005
 30
0.0
 40
1.35
  1
белый матовый/айвори; без «золота»
  7
GOST
 11
233.09011852181283
 21
101.58500000000005
 31
0.0
100
AcDbText
  0
LWPOLYLINE
  5
2DA
330
17
100
AcDbEntity
  8
TEXT
 62
7
370
15
100
AcDbPolyline
 90
2
 70
0
 10
322.6450592609064
 20
103.93500000000004
 10
322.6450592609064
 20
100.58500000000005
  0
TEXT
  5
2DB
330
17
100
AcDbEntity
  8
TEXT
 62
7
100
AcDbText
 10
323.4450592609064
 20
101.58500000000005
 30
0.0
 40
1.35
  1
Werkel / Systeme Electric (ArtGallery) / Jung (премиум — не закладываем)
  7
GOST
 11
323.4450592609064
 21
101.58500000000005
 31
0.0
100
AcDbText
  0
LWPOLYLINE
  5
2DC
330
17
100
AcDbEntity
  8
TEXT
 62
7
370
15
100
AcDbPolyline
 90
2
 70
0
 10
413.0
 20
103.93500000000004
 10
413.0
 20
100.58500000000005
  0
LWPOLYLINE
  5
2DD
330
17
100
AcDbEntity
  8
TEXT
 62
7
370
15
100
AcDbPolyline
 90
4
 70
1
 10
22.0
 20
95.27750000000005
 10
413.0
 20
95.27750000000005
 10
413.0
 20
100.58500000000005
 10
22.0
 20
100.58500000000005
  0
LWPOLYLINE
  5
2DE
330
17
100
AcDbEntity
  8
TEXT
 62
7
370
15
100
AcDbPolyline
 90
2
 70
0
 10
22.0
 20
100.58500000000005
 10
22.0
 20
95.27750000000005
  0
TEXT
  5
2DF
330
17
100
AcDbEntity
  8
TEXT
 62
7
100
AcDbText
 10
22.8
 20
98.23500000000006
 30
0.0
 40
1.35
  1
M33-R
  7
GOST
 11
22.8
 21
98.23500000000006
 31
0.0
100
AcDbText
  0
TEXT
  5
2E0
330
17
100
AcDbEntity
  8
TEXT
 62
7
100
AcDbText
 10
22.8
 20
96.27750000000006
 30
0.0
 40
1.35
  1
4
  7
GOST
 11
22.8
 21
96.27750000000006
 31
0.0
100
AcDbText
  0
LWPOLYLINE
  5
2E1
330
17
100
AcDbEntity
  8
TEXT
 62
7
370
15
100
AcDbPolyline
 90
2
 70
0
 10
30.63232037695891
 20
100.58500000000005
 10
30.63232037695891
 20
95.27750000000005
  0
TEXT
  5
2E2
330
17
100
AcDbEntity
  8
TEXT
 62
7
100
AcDbText
 10
31.43232037695891
 20
98.23500000000006
 30
0.0
 40
1.35
  1
R4
  7
GOST
 11
31.43232037695891
 21
98.23500000000006
 31
0.0
100
AcDbText
  0
LWPOLYLINE
  5
2E3
330
17
100
AcDbEntity
  8
TEXT
 62
7
370
15
100
AcDbPolyline
 90
2
 70
0
 10
37.03654491399595
 20
100.58500000000005
 10
37.03654491399595
 20
95.27750000000005
  0
TEXT
  5
2E4
330
17
100
AcDbEntity
  8
TEXT
 62
7
100
AcDbText
 10
37.836544913995944
 20
98.23500000000006
 30
0.0
 40
1.35
  1
wall
  7
GOST
 11
37.836544913995944
 21
98.23500000000006
 31
0.0
100
AcDbText
  0
LWPOLYLINE
  5
2E5
330
17
100
AcDbEntity
  8
TEXT
 62
7
370
15
100
AcDbPolyline
 90
2
 70
0
 10
51.58023704362558
 20
100.58500000000005
 10
51.58023704362558
 20
95.27750000000005
  0
TEXT
  5
2E6
330
17
100
AcDbEntity
  8
TEXT
 62
7
100
AcDbText
 10
52.38023704362558
 20
98.23500000000006
 30
0.0
 40
1.35
  1
электроустановочные изделия
  7
GOST
 11
52.38023704362558
 21
98.23500000000006
 31
0.0
100
AcDbText
  0
LWPOLYLINE
  5
2E7
330
17
100
AcDbEntity
  8
TEXT
 62
7
370
15
100
AcDbPolyline
 90
2
 70
0
 10
141.9351777827192
 20
100.58500000000005
 10
141.9351777827192
 20
95.27750000000005
  0
TEXT
  5
2E8
330
17
100
AcDbEntity
  8
TEXT
 62
7
100
AcDbText
 10
142.7351777827192
 20
98.23500000000006
 30
0.0
 40
1.35
  1
Выключатели/розетки, рамки однотонные
  7
GOST
 11
142.7351777827192
 21
98.23500000000006
 31
0.0
100
AcDbText
  0
LWPOLYLINE
  5
2E9
330
17
100
AcDbEntity
  8
TEXT
 62
7
370
15
100
AcDbPolyline
 90
2
 70
0
 10
232.29011852181281
 20
100.58500000000005
 10
232.29011852181281
 20
95.27750000000005
  0
TEXT
  5
2EA
330
17
100
AcDbEntity
  8
TEXT
 62
7
100
AcDbText
 10
233.09011852181283
 20
98.23500000000006
 30
0.0
 40
1.35
  1
белый матовый/айвори; без «золота»
  7
GOST
 11
233.09011852181283
 21
98.23500000000006
 31
0.0
100
AcDbText
  0
LWPOLYLINE
  5
2EB
330
17
100
AcDbEntity
  8
TEXT
 62
7
370
15
100
AcDbPolyline
 90
2
 70
0
 10
322.6450592609064
 20
100.58500000000005
 10
322.6450592609064
 20
95.27750000000005
  0
TEXT
  5
2EC
330
17
100
AcDbEntity
  8
TEXT
 62
7
100
AcDbText
 10
323.4450592609064
 20
98.23500000000006
 30
0.0
 40
1.35
  1
Werkel / Systeme Electric (ArtGallery) / Jung (премиум — не закладываем)
  7
GOST
 11
323.4450592609064
 21
98.23500000000006
 31
0.0
100
AcDbText
  0
LWPOLYLINE
  5
2ED
330
17
100
AcDbEntity
  8
TEXT
 62
7
370
15
100
AcDbPolyline
 90
2
 70
0
 10
413.0
 20
100.58500000000005
 10
413.0
 20
95.27750000000005
  0
LWPOLYLINE
  5
2EE
330
17
100
AcDbEntity
  8
TEXT
 62
7
370
15
100
AcDbPolyline
 90
4
 70
1
 10
22.0
 20
91.92750000000005
 10
413.0
 20
91.92750000000005
 10
413.0
 20
95.27750000000005
 10
22.0
 20
95.27750000000005
  0
LWPOLYLINE
  5
2EF
330
17
100
AcDbEntity
  8
TEXT
 62
7
370
15
100
AcDbPolyline
 90
2
 70
0
 10
22.0
 20
95.27750000000005
 10
22.0
 20
91.92750000000005
  0
TEXT
  5
2F0
330
17
100
AcDbEntity
  8
TEXT
 62
7
100
AcDbText
 10
22.8
 20
92.92750000000005
 30
0.0
 40
1.35
  1
M33-R5
  7
GOST
 11
22.8
 21
92.92750000000005
 31
0.0
100
AcDbText
  0
LWPOLYLINE
  5
2F1
330
17
100
AcDbEntity
  8
TEXT
 62
7
370
15
100
AcDbPolyline
 90
2
 70
0
 10
30.63232037695891
 20
95.27750000000005
 10
30.63232037695891
 20
91.92750000000005
  0
TEXT
  5
2F2
330
17
100
AcDbEntity
  8
TEXT
 62
7
100
AcDbText
 10
31.43232037695891
 20
92.92750000000005
 30
0.0
 40
1.35
  1
R5
  7
GOST
 11
31.43232037695891
 21
92.92750000000005
 31
0.0
100
AcDbText
  0
LWPOLYLINE
  5
2F3
330
17
100
AcDbEntity
  8
TEXT
 62
7
370
15
100
AcDbPolyline
 90
2
 70
0
 10
37.03654491399595
 20
95.27750000000005
 10
37.03654491399595
 20
91.92750000000005
  0
TEXT
  5
2F4
330
17
100
AcDbEntity
  8
TEXT
 62
7
100
AcDbText
 10
37.836544913995944
 20
92.92750000000005
 30
0.0
 40
1.35
  1
wall
  7
GOST
 11
37.836544913995944
 21
92.92750000000005
 31
0.0
100
AcDbText
  0
LWPOLYLINE
  5
2F5
330
17
100
AcDbEntity
  8
TEXT
 62
7
370
15
100
AcDbPolyline
 90
2
 70
0
 10
51.58023704362558
 20
95.27750000000005
 10
51.58023704362558
 20
91.92750000000005
  0
TEXT
  5
2F6
330
17
100
AcDbEntity
  8
TEXT
 62
7
100
AcDbText
 10
52.38023704362558
 20
92.92750000000005
 30
0.0
 40
1.35
  1
электроустановочные изделия
  7
GOST
 11
52.38023704362558
 21
92.92750000000005
 31
0.0
100
AcDbText
  0
LWPOLYLINE
  5
2F7
330
17
100
AcDbEntity
  8
TEXT
 62
7
370
15
100
AcDbPolyline
 90
2
 70
0
 10
141.9351777827192
 20
95.27750000000005
 10
141.9351777827192
 20
91.92750000000005
  0
TEXT
  5
2F8
330
17
100
AcDbEntity
  8
TEXT
 62
7
100
AcDbText
 10
142.7351777827192
 20
92.92750000000005
 30
0.0
 40
1.35
  1
Выключатели/розетки, рамки однотонные
  7
GOST
 11
142.7351777827192
 21
92.92750000000005
 31
0.0
100
AcDbText
  0
LWPOLYLINE
  5
2F9
330
17
100
AcDbEntity
  8
TEXT
 62
7
370
15
100
AcDbPolyline
 90
2
 70
0
 10
232.29011852181281
 20
95.27750000000005
 10
232.29011852181281
 20
91.92750000000005
  0
TEXT
  5
2FA
330
17
100
AcDbEntity
  8
TEXT
 62
7
100
AcDbText
 10
233.09011852181283
 20
92.92750000000005
 30
0.0
 40
1.35
  1
белый матовый/айвори; без «золота»
  7
GOST
 11
233.09011852181283
 21
92.92750000000005
 31
0.0
100
AcDbText
  0
LWPOLYLINE
  5
2FB
330
17
100
AcDbEntity
  8
TEXT
 62
7
370
15
100
AcDbPolyline
 90
2
 70
0
 10
322.6450592609064
 20
95.27750000000005
 10
322.6450592609064
 20
91.92750000000005
  0
TEXT
  5
2FC
330
17
100
AcDbEntity
  8
TEXT
 62
7
100
AcDbText
 10
323.4450592609064
 20
92.92750000000005
 30
0.0
 40
1.35
  1
Werkel / Systeme Electric (ArtGallery) / Jung (премиум — не закладываем)
  7
GOST
 11
323.4450592609064
 21
92.92750000000005
 31
0.0
100
AcDbText
  0
LWPOLYLINE
  5
2FD
330
17
100
AcDbEntity
  8
TEXT
 62
7
370
15
100
AcDbPolyline
 90
2
 70
0
 10
413.0
 20
95.27750000000005
 10
413.0
 20
91.92750000000005
  0
LWPOLYLINE
  5
2FE
330
17
100
AcDbEntity
  8
TEXT
 62
7
370
15
100
AcDbPolyline
 90
4
 70
1
 10
22.0
 20
86.62000000000005
 10
413.0
 20
86.62000000000005
 10
413.0
 20
91.92750000000005
 10
22.0
 20
91.92750000000005
  0
LWPOLYLINE
  5
2FF
330
17
100
AcDbEntity
  8
TEXT
 62
7
370
15
100
AcDbPolyline
 90
2
 70
0
 10
22.0
 20
91.92750000000005
 10
22.0
 20
86.62000000000005
  0
TEXT
  5
300
330
17
100
AcDbEntity
  8
TEXT
 62
7
100
AcDbText
 10
22.8
 20
89.57750000000006
 30
0.0
 40
1.35
  1
M33-R
  7
GOST
 11
22.8
 21
89.57750000000006
 31
0.0
100
AcDbText
  0
TEXT
  5
301
330
17
100
AcDbEntity
  8
TEXT
 62
7
100
AcDbText
 10
22.8
 20
87.62000000000006
 30
0.0
 40
1.35
  1
6
  7
GOST
 11
22.8
 21
87.62000000000006
 31
0.0
100
AcDbText
  0
LWPOLYLINE
  5
302
330
17
100
AcDbEntity
  8
TEXT
 62
7
370
15
100
AcDbPolyline
 90
2
 70
0
 10
30.63232037695891
 20
91.92750000000005
 10
30.63232037695891
 20
86.62000000000005
  0
TEXT
  5
303
330
17
100
AcDbEntity
  8
TEXT
 62
7
100
AcDbText
 10
31.43232037695891
 20
89.57750000000006
 30
0.0
 40
1.35
  1
R6
  7
GOST
 11
31.43232037695891
 21
89.57750000000006
 31
0.0
100
AcDbText
  0
LWPOLYLINE
  5
304
330
17
100
AcDbEntity
  8
TEXT
 62
7
370
15
100
AcDbPolyline
 90
2
 70
0
 10
37.03654491399595
 20
91.92750000000005
 10
37.03654491399595
 20
86.62000000000005
  0
TEXT
  5
305
330
17
100
AcDbEntity
  8
TEXT
 62
7
100
AcDbText
 10
37.836544913995944
 20
89.57750000000006
 30
0.0
 40
1.35
  1
wall
  7
GOST
 11
37.836544913995944
 21
89.57750000000006
 31
0.0
100
AcDbText
  0
LWPOLYLINE
  5
306
330
17
100
AcDbEntity
  8
TEXT
 62
7
370
15
100
AcDbPolyline
 90
2
 70
0
 10
51.58023704362558
 20
91.92750000000005
 10
51.58023704362558
 20
86.62000000000005
  0
TEXT
  5
307
330
17
100
AcDbEntity
  8
TEXT
 62
7
100
AcDbText
 10
52.38023704362558
 20
89.57750000000006
 30
0.0
 40
1.35
  1
электроустановочные изделия
  7
GOST
 11
52.38023704362558
 21
89.57750000000006
 31
0.0
100
AcDbText
  0
LWPOLYLINE
  5
308
330
17
100
AcDbEntity
  8
TEXT
 62
7
370
15
100
AcDbPolyline
 90
2
 70
0
 10
141.9351777827192
 20
91.92750000000005
 10
141.9351777827192
 20
86.62000000000005
  0
TEXT
  5
309
330
17
100
AcDbEntity
  8
TEXT
 62
7
100
AcDbText
 10
142.7351777827192
 20
89.57750000000006
 30
0.0
 40
1.35
  1
Выключатели/розетки, рамки однотонные
  7
GOST
 11
142.7351777827192
 21
89.57750000000006
 31
0.0
100
AcDbText
  0
LWPOLYLINE
  5
30A
330
17
100
AcDbEntity
  8
TEXT
 62
7
370
15
100
AcDbPolyline
 90
2
 70
0
 10
232.29011852181281
 20
91.92750000000005
 10
232.29011852181281
 20
86.62000000000005
  0
TEXT
  5
30B
330
17
100
AcDbEntity
  8
TEXT
 62
7
100
AcDbText
 10
233.09011852181283
 20
89.57750000000006
 30
0.0
 40
1.35
  1
белый матовый/айвори; без «золота»
  7
GOST
 11
233.09011852181283
 21
89.57750000000006
 31
0.0
100
AcDbText
  0
LWPOLYLINE
  5
30C
330
17
100
AcDbEntity
  8
TEXT
 62
7
370
15
100
AcDbPolyline
 90
2
 70
0
 10
322.6450592609064
 20
91.92750000000005
 10
322.6450592609064
 20
86.62000000000005
  0
TEXT
  5
30D
330
17
100
AcDbEntity
  8
TEXT
 62
7
100
AcDbText
 10
323.4450592609064
 20
89.57750000000006
 30
0.0
 40
1.35
  1
Werkel / Systeme Electric (ArtGallery) / Jung (премиум — не закладываем)
  7
GOST
 11
323.4450592609064
 21
89.57750000000006
 31
0.0
100
AcDbText
  0
LWPOLYLINE
  5
30E
330
17
100
AcDbEntity
  8
TEXT
 62
7
370
15
100
AcDbPolyline
 90
2
 70
0
 10
413.0
 20
91.92750000000005
 10
413.0
 20
86.62000000000005
  0
LWPOLYLINE
  5
30F
330
17
100
AcDbEntity
  8
TEXT
 62
7
370
15
100
AcDbPolyline
 90
4
 70
1
 10
22.0
 20
83.27000000000005
 10
413.0
 20
83.27000000000005
 10
413.0
 20
86.62000000000005
 10
22.0
 20
86.62000000000005
  0
LWPOLYLINE
  5
310
330
17
100
AcDbEntity
  8
TEXT
 62
7
370
15
100
AcDbPolyline
 90
2
 70
0
 10
22.0
 20
86.62000000000005
 10
22.0
 20
83.27000000000005
  0
TEXT
  5
311
330
17
100
AcDbEntity
  8
TEXT
 62
7
100
AcDbText
 10
22.8
 20
84.27000000000005
 30
0.0
 40
1.35
  1
M33-R7
  7
GOST
 11
22.8
 21
84.27000000000005
 31
0.0
100
AcDbText
  0
LWPOLYLINE
  5
312
330
17
100
AcDbEntity
  8
TEXT
 62
7
370
15
100
AcDbPolyline
 90
2
 70
0
 10
30.63232037695891
 20
86.62000000000005
 10
30.63232037695891
 20
83.27000000000005
  0
TEXT
  5
313
330
17
100
AcDbEntity
  8
TEXT
 62
7
100
AcDbText
 10
31.43232037695891
 20
84.27000000000005
 30
0.0
 40
1.35
  1
R7
  7
GOST
 11
31.43232037695891
 21
84.27000000000005
 31
0.0
100
AcDbText
  0
LWPOLYLINE
  5
314
330
17
100
AcDbEntity
  8
TEXT
 62
7
370
15
100
AcDbPolyline
 90
2
 70
0
 10
37.03654491399595
 20
86.62000000000005
 10
37.03654491399595
 20
83.27000000000005
  0
TEXT
  5
315
330
17
100
AcDbEntity
  8
TEXT
 62
7
100
AcDbText
 10
37.836544913995944
 20
84.27000000000005
 30
0.0
 40
1.35
  1
wall
  7
GOST
 11
37.836544913995944
 21
84.27000000000005
 31
0.0
100
AcDbText
  0
LWPOLYLINE
  5
316
330
17
100
AcDbEntity
  8
TEXT
 62
7
370
15
100
AcDbPolyline
 90
2
 70
0
 10
51.58023704362558
 20
86.62000000000005
 10
51.58023704362558
 20
83.27000000000005
  0
TEXT
  5
317
330
17
100
AcDbEntity
  8
TEXT
 62
7
100
AcDbText
 10
52.38023704362558
 20
84.27000000000005
 30
0.0
 40
1.35
  1
электроустановочные изделия
  7
GOST
 11
52.38023704362558
 21
84.27000000000005
 31
0.0
100
AcDbText
  0
LWPOLYLINE
  5
318
330
17
100
AcDbEntity
  8
TEXT
 62
7
370
15
100
AcDbPolyline
 90
2
 70
0
 10
141.9351777827192
 20
86.62000000000005
 10
141.9351777827192
 20
83.27000000000005
  0
TEXT
  5
319
330
17
100
AcDbEntity
  8
TEXT
 62
7
100
AcDbText
 10
142.7351777827192
 20
84.27000000000005
 30
0.0
 40
1.35
  1
Выключатели/розетки, рамки однотонные
  7
GOST
 11
142.7351777827192
 21
84.27000000000005
 31
0.0
100
AcDbText
  0
LWPOLYLINE
  5
31A
330
17
100
AcDbEntity
  8
TEXT
 62
7
370
15
100
AcDbPolyline
 90
2
 70
0
 10
232.29011852181281
 20
86.62000000000005
 10
232.29011852181281
 20
83.27000000000005
  0
TEXT
  5
31B
330
17
100
AcDbEntity
  8
TEXT
 62
7
100
AcDbText
 10
233.09011852181283
 20
84.27000000000005
 30
0.0
 40
1.35
  1
белый матовый/айвори; без «золота»
  7
GOST
 11
233.09011852181283
 21
84.27000000000005
 31
0.0
100
AcDbText
  0
LWPOLYLINE
  5
31C
330
17
100
AcDbEntity
  8
TEXT
 62
7
370
15
100
AcDbPolyline
 90
2
 70
0
 10
322.6450592609064
 20
86.62000000000005
 10
322.6450592609064
 20
83.27000000000005
  0
TEXT
  5
31D
330
17
100
AcDbEntity
  8
TEXT
 62
7
100
AcDbText
 10
323.4450592609064
 20
84.27000000000005
 30
0.0
 40
1.35
  1
Werkel / Systeme Electric (ArtGallery) / Jung (премиум — не закладываем)
  7
GOST
 11
323.4450592609064
 21
84.27000000000005
 31
0.0
100
AcDbText
  0
LWPOLYLINE
  5
31E
330
17
100
AcDbEntity
  8
TEXT
 62
7
370
15
100
AcDbPolyline
 90
2
 70
0
 10
413.0
 20
86.62000000000005
 10
413.0
 20
83.27000000000005
  0
LWPOLYLINE
  5
31F
330
17
100
AcDbEntity
  8
TEXT
 62
7
370
15
100
AcDbPolyline
 90
4
 70
1
 10
22.0
 20
77.96250000000005
 10
413.0
 20
77.96250000000005
 10
413.0
 20
83.27000000000005
 10
22.0
 20
83.27000000000005
  0
LWPOLYLINE
  5
320
330
17
100
AcDbEntity
  8
TEXT
 62
7
370
15
100
AcDbPolyline
 90
2
 70
0
 10
22.0
 20
83.27000000000005
 10
22.0
 20
77.96250000000005
  0
TEXT
  5
321
330
17
100
AcDbEntity
  8
TEXT
 62
7
100
AcDbText
 10
22.8
 20
80.92000000000006
 30
0.0
 40
1.35
  1
M34-R1
  7
GOST
 11
22.8
 21
80.92000000000006
 31
0.0
100
AcDbText
  0
LWPOLYLINE
  5
322
330
17
100
AcDbEntity
  8
TEXT
 62
7
370
15
100
AcDbPolyline
 90
2
 70
0
 10
30.63232037695891
 20
83.27000000000005
 10
30.63232037695891
 20
77.96250000000005
  0
TEXT
  5
323
330
17
100
AcDbEntity
  8
TEXT
 62
7
100
AcDbText
 10
31.43232037695891
 20
80.92000000000006
 30
0.0
 40
1.35
  1
R1
  7
GOST
 11
31.43232037695891
 21
80.92000000000006
 31
0.0
100
AcDbText
  0
LWPOLYLINE
  5
324
330
17
100
AcDbEntity
  8
TEXT
 62
7
370
15
100
AcDbPolyline
 90
2
 70
0
 10
37.03654491399595
 20
83.27000000000005
 10
37.03654491399595
 20
77.96250000000005
  0
TEXT
  5
325
330
17
100
AcDbEntity
  8
TEXT
 62
7
100
AcDbText
 10
37.836544913995944
 20
80.92000000000006
 30
0.0
 40
1.35
  1
ceiling
  7
GOST
 11
37.836544913995944
 21
80.92000000000006
 31
0.0
100
AcDbText
  0
LWPOLYLINE
  5
326
330
17
100
AcDbEntity
  8
TEXT
 62
7
370
15
100
AcDbPolyline
 90
2
 70
0
 10
51.58023704362558
 20
83.27000000000005
 10
51.58023704362558
 20
77.96250000000005
  0
TEXT
  5
327
330
17
100
AcDbEntity
  8
TEXT
 62
7
100
AcDbText
 10
52.38023704362558
 20
80.92000000000006
 30
0.0
 40
1.35
  1
декоративный свет (люстры, бра, подвесы)
  7
GOST
 11
52.38023704362558
 21
80.92000000000006
 31
0.0
100
AcDbText
  0
LWPOLYLINE
  5
328
330
17
100
AcDbEntity
  8
TEXT
 62
7
370
15
100
AcDbPolyline
 90
2
 70
0
 10
141.9351777827192
 20
83.27000000000005
 10
141.9351777827192
 20
77.96250000000005
  0
TEXT
  5
329
330
17
100
AcDbEntity
  8
TEXT
 62
7
100
AcDbText
 10
142.7351777827192
 20
80.92000000000006
 30
0.0
 40
1.35
  1
Люстра столовой — латунь/стекло или ткань, 5–6 рожков либо 2 подвеса; бра спальни —
  7
GOST
 11
142.7351777827192
 21
80.92000000000006
 31
0.0
100
AcDbText
  0
TEXT
  5
32A
330
17
100
AcDbEntity
  8
TEXT
 62
7
100
AcDbText
 10
142.7351777827192
 20
78.96250000000006
 30
0.0
 40
1.35
  1
латунь + тканевый абажур; детская — потолочный рассеянный светильник
  7
GOST
 11
142.7351777827192
 21
78.96250000000006
 31
0.0
100
AcDbText
  0
LWPOLYLINE
  5
32B
330
17
100
AcDbEntity
  8
TEXT
 62
7
370
15
100
AcDbPolyline
 90
2
 70
0
 10
232.29011852181281
 20
83.27000000000005
 10
232.29011852181281
 20
77.96250000000005
  0
TEXT
  5
32C
330
17
100
AcDbEntity
  8
TEXT
 62
7
100
AcDbText
 10
233.09011852181283
 20
80.92000000000006
 30
0.0
 40
1.35
  1
C8 латунь браш, текстиль C1/C2
  7
GOST
 11
233.09011852181283
 21
80.92000000000006
 31
0.0
100
AcDbText
  0
LWPOLYLINE
  5
32D
330
17
100
AcDbEntity
  8
TEXT
 62
7
370
15
100
AcDbPolyline
 90
2
 70
0
 10
322.6450592609064
 20
83.27000000000005
 10
322.6450592609064
 20
77.96250000000005
  0
TEXT
  5
32E
330
17
100
AcDbEntity
  8
TEXT
 62
7
100
AcDbText
 10
323.4450592609064
 20
80.92000000000006
 30
0.0
 40
1.35
  1
Maytoni / Freya / Eglo / Lussole / Odeon Light (линии неоклассики)
  7
GOST
 11
323.4450592609064
 21
80.92000000000006
 31
0.0
100
AcDbText
  0
LWPOLYLINE
  5
32F
330
17
100
AcDbEntity
  8
TEXT
 62
7
370
15
100
AcDbPolyline
 90
2
 70
0
 10
413.0
 20
83.27000000000005
 10
413.0
 20
77.96250000000005
  0
LWPOLYLINE
  5
330
330
17
100
AcDbEntity
  8
TEXT
 62
7
370
15
100
AcDbPolyline
 90
4
 70
1
 10
22.0
 20
72.65500000000004
 10
413.0
 20
72.65500000000004
 10
413.0
 20
77.96250000000005
 10
22.0
 20
77.96250000000005
  0
LWPOLYLINE
  5
331
330
17
100
AcDbEntity
  8
TEXT
 62
7
370
15
100
AcDbPolyline
 90
2
 70
0
 10
22.0
 20
77.96250000000005
 10
22.0
 20
72.65500000000004
  0
TEXT
  5
332
330
17
100
AcDbEntity
  8
TEXT
 62
7
100
AcDbText
 10
22.8
 20
75.61250000000005
 30
0.0
 40
1.35
  1
M34-R2
  7
GOST
 11
22.8
 21
75.61250000000005
 31
0.0
100
AcDbText
  0
LWPOLYLINE
  5
333
330
17
100
AcDbEntity
  8
TEXT
 62
7
370
15
100
AcDbPolyline
 90
2
 70
0
 10
30.63232037695891
 20
77.96250000000005
 10
30.63232037695891
 20
72.65500000000004
  0
TEXT
  5
334
330
17
100
AcDbEntity
  8
TEXT
 62
7
100
AcDbText
 10
31.43232037695891
 20
75.61250000000005
 30
0.0
 40
1.35
  1
R2
  7
GOST
 11
31.43232037695891
 21
75.61250000000005
 31
0.0
100
AcDbText
  0
LWPOLYLINE
  5
335
330
17
100
AcDbEntity
  8
TEXT
 62
7
370
15
100
AcDbPolyline
 90
2
 70
0
 10
37.03654491399595
 20
77.96250000000005
 10
37.03654491399595
 20
72.65500000000004
  0
TEXT
  5
336
330
17
100
AcDbEntity
  8
TEXT
 62
7
100
AcDbText
 10
37.836544913995944
 20
75.61250000000005
 30
0.0
 40
1.35
  1
ceiling
  7
GOST
 11
37.836544913995944
 21
75.61250000000005
 31
0.0
100
AcDbText
  0
LWPOLYLINE
  5
337
330
17
100
AcDbEntity
  8
TEXT
 62
7
370
15
100
AcDbPolyline
 90
2
 70
0
 10
51.58023704362558
 20
77.96250000000005
 10
51.58023704362558
 20
72.65500000000004
  0
TEXT
  5
338
330
17
100
AcDbEntity
  8
TEXT
 62
7
100
AcDbText
 10
52.38023704362558
 20
75.61250000000005
 30
0.0
 40
1.35
  1
декоративный свет (люстры, бра, подвесы)
  7
GOST
 11
52.38023704362558
 21
75.61250000000005
 31
0.0
100
AcDbText
  0
LWPOLYLINE
  5
339
330
17
100
AcDbEntity
  8
TEXT
 62
7
370
15
100
AcDbPolyline
 90
2
 70
0
 10
141.9351777827192
 20
77.96250000000005
 10
141.9351777827192
 20
72.65500000000004
  0
TEXT
  5
33A
330
17
100
AcDbEntity
  8
TEXT
 62
7
100
AcDbText
 10
142.7351777827192
 20
75.61250000000005
 30
0.0
 40
1.35
  1
Люстра столовой — латунь/стекло или ткань, 5–6 рожков либо 2 подвеса; бра спальни —
  7
GOST
 11
142.7351777827192
 21
75.61250000000005
 31
0.0
100
AcDbText
  0
TEXT
  5
33B
330
17
100
AcDbEntity
  8
TEXT
 62
7
100
AcDbText
 10
142.7351777827192
 20
73.65500000000006
 30
0.0
 40
1.35
  1
латунь + тканевый абажур; детская — потолочный рассеянный светильник
  7
GOST
 11
142.7351777827192
 21
73.65500000000006
 31
0.0
100
AcDbText
  0
LWPOLYLINE
  5
33C
330
17
100
AcDbEntity
  8
TEXT
 62
7
370
15
100
AcDbPolyline
 90
2
 70
0
 10
232.29011852181281
 20
77.96250000000005
 10
232.29011852181281
 20
72.65500000000004
  0
TEXT
  5
33D
330
17
100
AcDbEntity
  8
TEXT
 62
7
100
AcDbText
 10
233.09011852181283
 20
75.61250000000005
 30
0.0
 40
1.35
  1
C8 латунь браш, текстиль C1/C2
  7
GOST
 11
233.09011852181283
 21
75.61250000000005
 31
0.0
100
AcDbText
  0
LWPOLYLINE
  5
33E
330
17
100
AcDbEntity
  8
TEXT
 62
7
370
15
100
AcDbPolyline
 90
2
 70
0
 10
322.6450592609064
 20
77.96250000000005
 10
322.6450592609064
 20
72.65500000000004
  0
TEXT
  5
33F
330
17
100
AcDbEntity
  8
TEXT
 62
7
100
AcDbText
 10
323.4450592609064
 20
75.61250000000005
 30
0.0
 40
1.35
  1
Maytoni / Freya / Eglo / Lussole / Odeon Light (линии неоклассики)
  7
GOST
 11
323.4450592609064
 21
75.61250000000005
 31
0.0
100
AcDbText
  0
LWPOLYLINE
  5
340
330
17
100
AcDbEntity
  8
TEXT
 62
7
370
15
100
AcDbPolyline
 90
2
 70
0
 10
413.0
 20
77.96250000000005
 10
413.0
 20
72.65500000000004
  0
LWPOLYLINE
  5
341
330
17
100
AcDbEntity
  8
TEXT
 62
7
370
15
100
AcDbPolyline
 90
4
 70
1
 10
22.0
 20
67.34750000000004
 10
413.0
 20
67.34750000000004
 10
413.0
 20
72.65500000000004
 10
22.0
 20
72.65500000000004
  0
LWPOLYLINE
  5
342
330
17
100
AcDbEntity
  8
TEXT
 62
7
370
15
100
AcDbPolyline
 90
2
 70
0
 10
22.0
 20
72.65500000000004
 10
22.0
 20
67.34750000000004
  0
TEXT
  5
343
330
17
100
AcDbEntity
  8
TEXT
 62
7
100
AcDbText
 10
22.8
 20
70.30500000000005
 30
0.0
 40
1.35
  1
M34-R3
  7
GOST
 11
22.8
 21
70.30500000000005
 31
0.0
100
AcDbText
  0
LWPOLYLINE
  5
344
330
17
100
AcDbEntity
  8
TEXT
 62
7
370
15
100
AcDbPolyline
 90
2
 70
0
 10
30.63232037695891
 20
72.65500000000004
 10
30.63232037695891
 20
67.34750000000004
  0
TEXT
  5
345
330
17
100
AcDbEntity
  8
TEXT
 62
7
100
AcDbText
 10
31.43232037695891
 20
70.30500000000005
 30
0.0
 40
1.35
  1
R3
  7
GOST
 11
31.43232037695891
 21
70.30500000000005
 31
0.0
100
AcDbText
  0
LWPOLYLINE
  5
346
330
17
100
AcDbEntity
  8
TEXT
 62
7
370
15
100
AcDbPolyline
 90
2
 70
0
 10
37.03654491399595
 20
72.65500000000004
 10
37.03654491399595
 20
67.34750000000004
  0
TEXT
  5
347
330
17
100
AcDbEntity
  8
TEXT
 62
7
100
AcDbText
 10
37.836544913995944
 20
70.30500000000005
 30
0.0
 40
1.35
  1
ceiling
  7
GOST
 11
37.836544913995944
 21
70.30500000000005
 31
0.0
100
AcDbText
  0
LWPOLYLINE
  5
348
330
17
100
AcDbEntity
  8
TEXT
 62
7
370
15
100
AcDbPolyline
 90
2
 70
0
 10
51.58023704362558
 20
72.65500000000004
 10
51.58023704362558
 20
67.34750000000004
  0
TEXT
  5
349
330
17
100
AcDbEntity
  8
TEXT
 62
7
100
AcDbText
 10
52.38023704362558
 20
70.30500000000005
 30
0.0
 40
1.35
  1
декоративный свет (люстры, бра, подвесы)
  7
GOST
 11
52.38023704362558
 21
70.30500000000005
 31
0.0
100
AcDbText
  0
LWPOLYLINE
  5
34A
330
17
100
AcDbEntity
  8
TEXT
 62
7
370
15
100
AcDbPolyline
 90
2
 70
0
 10
141.9351777827192
 20
72.65500000000004
 10
141.9351777827192
 20
67.34750000000004
  0
TEXT
  5
34B
330
17
100
AcDbEntity
  8
TEXT
 62
7
100
AcDbText
 10
142.7351777827192
 20
70.30500000000005
 30
0.0
 40
1.35
  1
Люстра столовой — латунь/стекло или ткань, 5–6 рожков либо 2 подвеса; бра спальни —
  7
GOST
 11
142.7351777827192
 21
70.30500000000005
 31
0.0
100
AcDbText
  0
TEXT
  5
34C
330
17
100
AcDbEntity
  8
TEXT
 62
7
100
AcDbText
 10
142.7351777827192
 20
68.34750000000005
 30
0.0
 40
1.35
  1
латунь + тканевый абажур; детская — потолочный рассеянный светильник
  7
GOST
 11
142.7351777827192
 21
68.34750000000005
 31
0.0
100
AcDbText
  0
LWPOLYLINE
  5
34D
330
17
100
AcDbEntity
  8
TEXT
 62
7
370
15
100
AcDbPolyline
 90
2
 70
0
 10
232.29011852181281
 20
72.65500000000004
 10
232.29011852181281
 20
67.34750000000004
  0
TEXT
  5
34E
330
17
100
AcDbEntity
  8
TEXT
 62
7
100
AcDbText
 10
233.09011852181283
 20
70.30500000000005
 30
0.0
 40
1.35
  1
C8 латунь браш, текстиль C1/C2
  7
GOST
 11
233.09011852181283
 21
70.30500000000005
 31
0.0
100
AcDbText
  0
LWPOLYLINE
  5
34F
330
17
100
AcDbEntity
  8
TEXT
 62
7
370
15
100
AcDbPolyline
 90
2
 70
0
 10
322.6450592609064
 20
72.65500000000004
 10
322.6450592609064
 20
67.34750000000004
  0
TEXT
  5
350
330
17
100
AcDbEntity
  8
TEXT
 62
7
100
AcDbText
 10
323.4450592609064
 20
70.30500000000005
 30
0.0
 40
1.35
  1
Maytoni / Freya / Eglo / Lussole / Odeon Light (линии неоклассики)
  7
GOST
 11
323.4450592609064
 21
70.30500000000005
 31
0.0
100
AcDbText
  0
LWPOLYLINE
  5
351
330
17
100
AcDbEntity
  8
TEXT
 62
7
370
15
100
AcDbPolyline
 90
2
 70
0
 10
413.0
 20
72.65500000000004
 10
413.0
 20
67.34750000000004
  0
LWPOLYLINE
  5
352
330
17
100
AcDbEntity
  8
TEXT
 62
7
370
35
100
AcDbPolyline
 90
4
 70
1
 10
22.0
 20
67.34750000000004
 10
413.0
 20
67.34750000000004
 10
413.0
 20
290.0
 10
22.0
 20
290.0
  0
LWPOLYLINE
  5
353
330
17
100
AcDbEntity
  8
FRAME
 62
7
370
50
100
AcDbPolyline
 90
4
 70
1
 10
20.0
 20
5.0
 10
415.0
 20
5.0
 10
415.0
 20
292.0
 10
20.0
 20
292.0
  0
TEXT
  5
354
330
17
100
AcDbEntity
  8
FRAME
 62
7
100
AcDbText
 10
415.0
 20
1.6
 30
0.0
 40
2.0
  1
Формат A3
  7
GOST
 72
2
 11
415.0
 21
1.6
 31
0.0
100
AcDbText
  0
HATCH
  5
355
330
17
100
AcDbEntity
  8
FRAME
 62
7
420
16777215
100
AcDbHatch
 10
0.0
 20
0.0
 30
0.0
210
0.0
220
0.0
230
1.0
  2
SOLID
 70
1
 71
0
 91
1
 92
3
 72
0
 73
1
 93
4
 10
230.0
 20
5.0
 10
415.0
 20
5.0
 10
415.0
 20
60.0
 10
230.0
 20
60.0
 97
0
 75
1
 76
1
 98
0
  0
LWPOLYLINE
  5
356
330
17
100
AcDbEntity
  8
FRAME
 62
7
370
50
100
AcDbPolyline
 90
4
 70
1
 10
230.0
 20
5.0
 10
415.0
 20
5.0
 10
415.0
 20
60.0
 10
230.0
 20
60.0
  0
LWPOLYLINE
  5
357
330
17
100
AcDbEntity
  8
FRAME
 62
7
370
50
100
AcDbPolyline
 90
2
 70
0
 10
295.0
 20
45.0
 10
415.0
 20
45.0
  0
LWPOLYLINE
  5
358
330
17
100
AcDbEntity
  8
FRAME
 62
7
370
50
100
AcDbPolyline
 90
2
 70
0
 10
295.0
 20
35.0
 10
415.0
 20
35.0
  0
LWPOLYLINE
  5
359
330
17
100
AcDbEntity
  8
FRAME
 62
7
370
50
100
AcDbPolyline
 90
2
 70
0
 10
295.0
 20
20.0
 10
415.0
 20
20.0
  0
LWPOLYLINE
  5
35A
330
17
100
AcDbEntity
  8
FRAME
 62
7
370
50
100
AcDbPolyline
 90
2
 70
0
 10
295.0
 20
5.0
 10
295.0
 20
60.0
  0
LWPOLYLINE
  5
35B
330
17
100
AcDbEntity
  8
FRAME
 62
7
370
50
100
AcDbPolyline
 90
2
 70
0
 10
365.0
 20
5.0
 10
365.0
 20
35.0
  0
LWPOLYLINE
  5
35C
330
17
100
AcDbEntity
  8
FRAME
 62
7
370
20
100
AcDbPolyline
 90
2
 70
0
 10
365.0
 20
30.0
 10
415.0
 20
30.0
  0
LWPOLYLINE
  5
35D
330
17
100
AcDbEntity
  8
FRAME
 62
7
370
20
100
AcDbPolyline
 90
2
 70
0
 10
380.0
 20
20.0
 10
380.0
 20
35.0
  0
LWPOLYLINE
  5
35E
330
17
100
AcDbEntity
  8
FRAME
 62
7
370
20
100
AcDbPolyline
 90
2
 70
0
 10
395.0
 20
20.0
 10
395.0
 20
35.0
  0
TEXT
  5
35F
330
17
100
AcDbEntity
  8
FRAME
 62
7
100
AcDbText
 10
372.5
 20
31.2
 30
0.0
 40
2.0
  1
Стадия
  7
GOST
 72
1
 11
372.5
 21
31.2
 31
0.0
100
AcDbText
  0
TEXT
  5
360
330
17
100
AcDbEntity
  8
FRAME
 62
7
100
AcDbText
 10
387.5
 20
31.2
 30
0.0
 40
2.0
  1
Лист
  7
GOST
 72
1
 11
387.5
 21
31.2
 31
0.0
100
AcDbText
  0
TEXT
  5
361
330
17
100
AcDbEntity
  8
FRAME
 62
7
100
AcDbText
 10
405.0
 20
31.2
 30
0.0
 40
2.0
  1
Листов
  7
GOST
 72
1
 11
405.0
 21
31.2
 31
0.0
100
AcDbText
  0
TEXT
  5
362
330
17
100
AcDbEntity
  8
FRAME
 62
7
100
AcDbText
 10
372.5
 20
23.4
 30
0.0
 40
3.5
  1
Р
  7
GOST
 72
1
 11
372.5
 21
23.4
 31
0.0
100
AcDbText
  0
TEXT
  5
363
330
17
100
AcDbEntity
  8
FRAME
 62
7
100
AcDbText
 10
387.5
 20
23.4
 30
0.0
 40
3.5
  1
24
  7
GOST
 72
1
 11
387.5
 21
23.4
 31
0.0
100
AcDbText
  0
TEXT
  5
364
330
17
100
AcDbEntity
  8
FRAME
 62
7
100
AcDbText
 10
405.0
 20
23.4
 30
0.0
 40
3.5
  1
51
  7
GOST
 72
1
 11
405.0
 21
23.4
 31
0.0
100
AcDbText
  0
LWPOLYLINE
  5
365
330
17
100
AcDbEntity
  8
FRAME
 62
7
370
20
100
AcDbPolyline
 90
2
 70
0
 10
230.0
 20
10.0
 10
295.0
 20
10.0
  0
LWPOLYLINE
  5
366
330
17
100
AcDbEntity
  8
FRAME
 62
7
370
20
100
AcDbPolyline
 90
2
 70
0
 10
230.0
 20
15.0
 10
295.0
 20
15.0
  0
LWPOLYLINE
  5
367
330
17
100
AcDbEntity
  8
FRAME
 62
7
370
20
100
AcDbPolyline
 90
2
 70
0
 10
230.0
 20
20.0
 10
295.0
 20
20.0
  0
LWPOLYLINE
  5
368
330
17
100
AcDbEntity
  8
FRAME
 62
7
370
20
100
AcDbPolyline
 90
2
 70
0
 10
230.0
 20
25.0
 10
295.0
 20
25.0
  0
LWPOLYLINE
  5
369
330
17
100
AcDbEntity
  8
FRAME
 62
7
370
50
100
AcDbPolyline
 90
2
 70
0
 10
230.0
 20
30.0
 10
295.0
 20
30.0
  0
LWPOLYLINE
  5
36A
330
17
100
AcDbEntity
  8
FRAME
 62
7
370
50
100
AcDbPolyline
 90
2
 70
0
 10
230.0
 20
35.0
 10
295.0
 20
35.0
  0
LWPOLYLINE
  5
36B
330
17
100
AcDbEntity
  8
FRAME
 62
7
370
20
100
AcDbPolyline
 90
2
 70
0
 10
230.0
 20
40.0
 10
295.0
 20
40.0
  0
LWPOLYLINE
  5
36C
330
17
100
AcDbEntity
  8
FRAME
 62
7
370
20
100
AcDbPolyline
 90
2
 70
0
 10
230.0
 20
45.0
 10
295.0
 20
45.0
  0
LWPOLYLINE
  5
36D
330
17
100
AcDbEntity
  8
FRAME
 62
7
370
20
100
AcDbPolyline
 90
2
 70
0
 10
230.0
 20
50.0
 10
295.0
 20
50.0
  0
LWPOLYLINE
  5
36E
330
17
100
AcDbEntity
  8
FRAME
 62
7
370
20
100
AcDbPolyline
 90
2
 70
0
 10
230.0
 20
55.0
 10
295.0
 20
55.0
  0
LWPOLYLINE
  5
36F
330
17
100
AcDbEntity
  8
FRAME
 62
7
370
50
100
AcDbPolyline
 90
2
 70
0
 10
240.0
 20
30.0
 10
240.0
 20
60.0
  0
LWPOLYLINE
  5
370
330
17
100
AcDbEntity
  8
FRAME
 62
7
370
50
100
AcDbPolyline
 90
2
 70
0
 10
250.0
 20
5.0
 10
250.0
 20
60.0
  0
LWPOLYLINE
  5
371
330
17
100
AcDbEntity
  8
FRAME
 62
7
370
50
100
AcDbPolyline
 90
2
 70
0
 10
260.0
 20
30.0
 10
260.0
 20
60.0
  0
LWPOLYLINE
  5
372
330
17
100
AcDbEntity
  8
FRAME
 62
7
370
50
100
AcDbPolyline
 90
2
 70
0
 10
270.0
 20
5.0
 10
270.0
 20
60.0
  0
LWPOLYLINE
  5
373
330
17
100
AcDbEntity
  8
FRAME
 62
7
370
50
100
AcDbPolyline
 90
2
 70
0
 10
285.0
 20
5.0
 10
285.0
 20
60.0
  0
TEXT
  5
374
330
17
100
AcDbEntity
  8
FRAME
 62
7
100
AcDbText
 10
235.0
 20
31.3
 30
0.0
 40
1.8
  1
Изм.
  7
GOST
 72
1
 11
235.0
 21
31.3
 31
0.0
100
AcDbText
  0
TEXT
  5
375
330
17
100
AcDbEntity
  8
FRAME
 62
7
100
AcDbText
 10
245.0
 20
31.3
 30
0.0
 40
1.8
  1
Кол.уч
  7
GOST
 72
1
 11
245.0
 21
31.3
 31
0.0
100
AcDbText
  0
TEXT
  5
376
330
17
100
AcDbEntity
  8
FRAME
 62
7
100
AcDbText
 10
255.0
 20
31.3
 30
0.0
 40
1.8
  1
Лист
  7
GOST
 72
1
 11
255.0
 21
31.3
 31
0.0
100
AcDbText
  0
TEXT
  5
377
330
17
100
AcDbEntity
  8
FRAME
 62
7
100
AcDbText
 10
265.0
 20
31.3
 30
0.0
 40
1.8
  1
№док.
  7
GOST
 72
1
 11
265.0
 21
31.3
 31
0.0
100
AcDbText
  0
TEXT
  5
378
330
17
100
AcDbEntity
  8
FRAME
 62
7
100
AcDbText
 10
277.5
 20
31.3
 30
0.0
 40
1.8
  1
Подп.
  7
GOST
 72
1
 11
277.5
 21
31.3
 31
0.0
100
AcDbText
  0
TEXT
  5
379
330
17
100
AcDbEntity
  8
FRAME
 62
7
100
AcDbText
 10
290.0
 20
31.3
 30
0.0
 40
1.8
  1
Дата
  7
GOST
 72
1
 11
290.0
 21
31.3
 31
0.0
100
AcDbText
  0
TEXT
  5
37A
330
17
100
AcDbEntity
  8
FRAME
 62
7
100
AcDbText
 10
231.0
 20
26.3
 30
0.0
 40
2.0
  1
Разраб.
  7
GOST
 11
231.0
 21
26.3
 31
0.0
100
AcDbText
  0
TEXT
  5
37B
330
17
100
AcDbEntity
  8
FRAME
 62
7
100
AcDbText
 10
231.0
 20
21.3
 30
0.0
 40
2.0
  1
Пров.
  7
GOST
 11
231.0
 21
21.3
 31
0.0
100
AcDbText
  0
TEXT
  5
37C
330
17
100
AcDbEntity
  8
FRAME
 62
7
100
AcDbText
 10
231.0
 20
16.3
 30
0.0
 40
2.0
  1
ГИП
  7
GOST
 11
231.0
 21
16.3
 31
0.0
100
AcDbText
  0
TEXT
  5
37D
330
17
100
AcDbEntity
  8
FRAME
 62
7
100
AcDbText
 10
231.0
 20
11.3
 30
0.0
 40
2.0
  1
Н.контр.
  7
GOST
 11
231.0
 21
11.3
 31
0.0
100
AcDbText
  0
TEXT
  5
37E
330
17
100
AcDbEntity
  8
FRAME
 62
7
100
AcDbText
 10
231.0
 20
6.3
 30
0.0
 40
2.0
  1
Утв.
  7
GOST
 11
231.0
 21
6.3
 31
0.0
100
AcDbText
  0
TEXT
  5
37F
330
17
100
AcDbEntity
  8
FRAME
 62
7
100
AcDbText
 10
250.8
 20
26.3
 30
0.0
 40
2.0
  1
pib-агенты
  7
GOST
 11
250.8
 21
26.3
 31
0.0
100
AcDbText
  0
TEXT
  5
380
330
17
100
AcDbEntity
  8
FRAME
 62
7
100
AcDbText
 10
290.0
 20
26.3
 30
0.0
 40
1.8
  1
10.2026
  7
GOST
 72
1
 11
290.0
 21
26.3
 31
0.0
100
AcDbText
  0
TEXT
  5
381
330
17
100
AcDbEntity
  8
FRAME
 62
7
100
AcDbText
 10
355.0
 20
50.0
 30
0.0
 40
5.0
  1
КВ108-ДП-КД-01
  7
GOST
 72
1
 11
355.0
 21
50.0
 31
0.0
100
AcDbText
  0
TEXT
  5
382
330
17
100
AcDbEntity
  8
FRAME
 62
7
100
AcDbText
 10
355.0
 20
38.25
 30
0.0
 40
3.5
  1
Квартира №108, СПб, дизайн-проект
  7
GOST
 72
1
 11
355.0
 21
38.25
 31
0.0
100
AcDbText
  0
TEXT
  5
383
330
17
100
AcDbEntity
  8
FRAME
 62
7
100
AcDbText
 10
330.0
 20
26.0
 30
0.0
 40
3.0
  1
Концепция дизайна
  7
GOST
 72
1
 11
330.0
 21
26.0
 31
0.0
100
AcDbText
  0
TEXT
  5
384
330
17
100
AcDbEntity
  8
FRAME
 62
7
100
AcDbText
 10
330.0
 20
13.0625
 30
0.0
 40
2.5
  1
Концепция: стиль, палитра,
  7
GOST
 72
1
 11
330.0
 21
13.0625
 31
0.0
100
AcDbText
  0
TEXT
  5
385
330
17
100
AcDbEntity
  8
FRAME
 62
7
100
AcDbText
 10
330.0
 20
9.4375
 30
0.0
 40
2.5
  1
материалы (лист 2 из 3)
  7
GOST
 72
1
 11
330.0
 21
9.4375
 31
0.0
100
AcDbText
  0
TEXT
  5
386
330
17
100
AcDbEntity
  8
FRAME
 62
7
100
AcDbText
 10
390.0
 20
13.175
 30
0.0
 40
3.0
  1
ПИБ
  7
GOST
 72
1
 11
390.0
 21
13.175
 31
0.0
100
AcDbText
  0
TEXT
  5
387
330
17
100
AcDbEntity
  8
FRAME
 62
7
100
AcDbText
 10
390.0
 20
8.825000000000001
 30
0.0
 40
3.0
  1
агенты pib-*
  7
GOST
 72
1
 11
390.0
 21
8.825000000000001
 31
0.0
100
AcDbText
  0
ENDSEC
  0
SECTION
  2
OBJECTS
  0
DICTIONARY
  5
A
330
0
100
AcDbDictionary
281
1
  3
ACAD_COLOR
350
B
  3
ACAD_GROUP
350
C
  3
ACAD_LAYOUT
350
D
  3
ACAD_MATERIAL
350
E
  3
ACAD_MLEADERSTYLE
350
F
  3
ACAD_MLINESTYLE
350
10
  3
ACAD_PLOTSETTINGS
350
11
  3
ACAD_PLOTSTYLENAME
350
12
  3
ACAD_SCALELIST
350
14
  3
ACAD_TABLESTYLE
350
15
  3
ACAD_VISUALSTYLE
350
16
  3
EZDXF_META
350
2D
  0
DICTIONARY
  5
B
330
A
100
AcDbDictionary
281
1
  0
DICTIONARY
  5
C
330
A
100
AcDbDictionary
281
1
  0
DICTIONARY
  5
D
330
A
100
AcDbDictionary
281
1
  3
Model
350
1A
  3
Layout1
350
1E
  0
DICTIONARY
  5
E
330
A
100
AcDbDictionary
281
1
  3
ByBlock
350
1F
  3
ByLayer
350
20
  3
Global
350
21
  0
DICTIONARY
  5
F
330
A
100
AcDbDictionary
281
1
  3
Standard
350
2C
  0
DICTIONARY
  5
10
330
A
100
AcDbDictionary
281
1
  3
Standard
350
22
  0
DICTIONARY
  5
11
330
A
100
AcDbDictionary
281
1
  0
ACDBDICTIONARYWDFLT
  5
12
330
A
100
AcDbDictionary
281
1
  3
Normal
350
13
100
AcDbDictionaryWithDefault
340
13
  0
ACDBPLACEHOLDER
  5
13
330
12
  0
DICTIONARY
  5
14
330
A
100
AcDbDictionary
281
1
  0
DICTIONARY
  5
15
330
A
100
AcDbDictionary
281
1
  0
DICTIONARY
  5
16
330
A
100
AcDbDictionary
281
1
  3
2dWireframe
350
5A
  3
Basic
350
5B
  3
Brighten
350
5C
  3
ColorChange
350
5D
  3
Conceptual
350
5E
  3
Dim
350
5F
  3
EdgeColorOff
350
60
  3
Facepattern
350
61
  3
Flat
350
62
  3
FlatWithEdges
350
63
  3
Gouraud
350
64
  3
GouraudWithEdges
350
65
  3
Hidden
350
66
  3
JitterOff
350
67
  3
Linepattern
350
68
  3
Modeling
350
69
  3
OverhangOff
350
6A
  3
Realistic
350
6B
  3
Shaded
350
6C
  3
Shaded with edges
350
6D
  3
Shades of Gray
350
6E
  3
Sketchy
350
6F
  3
Thicken
350
70
  3
Wireframe
350
71
  3
X-Ray
350
72
  0
LAYOUT
  5
1A
330
D
100
AcDbPlotSettings
  1

  4
A3
  6

 40
7.5
 41
20.0
 42
7.5
 43
20.0
 44
420.0
 45
297.0
 46
0.0
 47
0.0
 48
0.0
 49
0.0
140
0.0
141
0.0
142
1.0
143
1.0
 70
1024
 72
1
 73
0
 74
5
  7

 75
16
 76
0
 77
2
 78
300
147
1.0
148
0.0
149
0.0
100
AcDbLayout
  1
Model
 70
1
 71
0
 10
0.0
 20
0.0
 11
420.0
 21
297.0
 12
0.0
 22
0.0
 32
0.0
 14
1e+20
 24
1e+20
 34
1e+20
 15
-1e+20
 25
-1e+20
 35
-1e+20
146
0.0
 13
0.0
 23
0.0
 33
0.0
 16
1.0
 26
0.0
 36
0.0
 17
0.0
 27
1.0
 37
0.0
 76
1
330
17
  0
LAYOUT
  5
1E
330
D
100
AcDbPlotSettings
  1

  4
A3
  6

 40
7.5
 41
20.0
 42
7.5
 43
20.0
 44
420.0
 45
297.0
 46
0.0
 47
0.0
 48
0.0
 49
0.0
140
0.0
141
0.0
142
1.0
143
1.0
 70
0
 72
1
 73
0
 74
5
  7

 75
16
 76
0
 77
2
 78
300
147
1.0
148
0.0
149
0.0
100
AcDbLayout
  1
Layout1
 70
1
 71
1
 10
0.0
 20
0.0
 11
420.0
 21
297.0
 12
0.0
 22
0.0
 32
0.0
 14
1e+20
 24
1e+20
 34
1e+20
 15
-1e+20
 25
-1e+20
 35
-1e+20
146
0.0
 13
0.0
 23
0.0
 33
0.0
 16
1.0
 26
0.0
 36
0.0
 17
0.0
 27
1.0
 37
0.0
 76
1
330
1B
  0
MATERIAL
  5
1F
102
{ACAD_REACTORS
330
E
102
}
330
E
100
AcDbMaterial
  1
ByBlock
  2

 70
0
 40
1.0
 71
1
 41
1.0
 91
-1023410177
 42
1.0
 72
1
  3

 73
1
 74
1
 75
1
 44
0.5
 73
0
 45
1.0
 46
1.0
 77
1
  4

 78
1
 79
1
170
1
 48
1.0
171
1
  6

172
1
173
1
174
1
140
1.0
141
1.0
175
1
  7

176
1
177
1
178
1
143
1.0
179
1
  8

270
1
271
1
272
1
145
1.0
146
1.0
273
1
  9

274
1
275
1
276
1
 42
1.0
 72
1
  3

 73
1
 74
1
 75
1
 94
63
  0
MATERIAL
  5
20
102
{ACAD_REACTORS
330
E
102
}
330
E
100
AcDbMaterial
  1
ByLayer
  2

 70
0
 40
1.0
 71
1
 41
1.0
 91
-1023410177
 42
1.0
 72
1
  3

 73
1
 74
1
 75
1
 44
0.5
 73
0
 45
1.0
 46
1.0
 77
1
  4

 78
1
 79
1
170
1
 48
1.0
171
1
  6

172
1
173
1
174
1
140
1.0
141
1.0
175
1
  7

176
1
177
1
178
1
143
1.0
179
1
  8

270
1
271
1
272
1
145
1.0
146
1.0
273
1
  9

274
1
275
1
276
1
 42
1.0
 72
1
  3

 73
1
 74
1
 75
1
 94
63
  0
MATERIAL
  5
21
102
{ACAD_REACTORS
330
E
102
}
330
E
100
AcDbMaterial
  1
Global
  2

 70
0
 40
1.0
 71
1
 41
1.0
 91
-1023410177
 42
1.0
 72
1
  3

 73
1
 74
1
 75
1
 44
0.5
 73
0
 45
1.0
 46
1.0
 77
1
  4

 78
1
 79
1
170
1
 48
1.0
171
1
  6

172
1
173
1
174
1
140
1.0
141
1.0
175
1
  7

176
1
177
1
178
1
143
1.0
179
1
  8

270
1
271
1
272
1
145
1.0
146
1.0
273
1
  9

274
1
275
1
276
1
 42
1.0
 72
1
  3

 73
1
 74
1
 75
1
 94
63
  0
MLINESTYLE
  5
22
102
{ACAD_REACTORS
330
10
102
}
330
10
100
AcDbMlineStyle
  2
Standard
 70
0
  3

 62
256
 51
90.0
 52
90.0
 71
2
 49
0.5
 62
256
  6
BYLAYER
 49
-0.5
 62
256
  6
BYLAYER
  0
MLEADERSTYLE
  5
2C
102
{ACAD_REACTORS
330
F
102
}
330
F
100
AcDbMLeaderStyle
179
2
170
2
171
1
172
0
 90
2
 40
0.0
 41
0.0
173
1
 91
-1056964608
 92
-2
290
1
 42
2.0
291
1
 43
8.0
  3
Standard
 44
4.0
300

342
29
174
1
175
1
176
0
178
1
 93
-1056964608
 45
4.0
292
0
297
0
 46
4.0
 94
-1056964608
 47
1.0
 49
1.0
140
1.0
294
1
141
0.0
177
0
142
1.0
295
0
296
0
143
3.75
271
0
272
9
273
9
  0
DICTIONARY
  5
2D
330
A
100
AcDbDictionary
280
1
281
1
  3
CREATED_BY_EZDXF
350
2E
  3
WRITTEN_BY_EZDXF
350
38A
  0
DICTIONARYVAR
  5
2E
330
2D
100
DictionaryVariables
280
0
  1
1.4.4 @ 2026-10-08T17:37:04.035880+00:00
  0
VISUALSTYLE
  5
5A
102
{ACAD_REACTORS
330
16
102
}
330
16
100
AcDbVisualStyle
  2
2dWireframe
 70
4
177
3
291
0
 70
58
 90
2
176
1
 90
2
176
1
 90
0
176
1
 90
0
176
1
 40
0.6
176
1
 40
30.0
176
1
 62
7
420
16777215
176
1
 90
1
176
1
 90
4
176
1
 62
7
176
1
 62
257
176
1
 90
1
176
1
 90
1
176
1
 40
1.0
176
1
 90
8
176
1
 62
7
176
1
 40
1.0
176
1
 90
1
176
1
 90
6
176
1
 90
2
176
1
 62
7
176
1
 90
5
176
1
 90
0
176
1
 90
0
176
1
290
0
176
1
 90
1
176
1
 40
0.0
176
1
 90
0
176
1
290
1
176
1
290
1
176
1
290
0
176
1
290
0
176
1
290
0
176
1
290
0
176
1
290
0
176
1
290
0
176
1
290
0
176
1
 90
50
176
1
 40
0.0
176
1
 40
1.0
176
1
 90
0
176
1
 62
18
420
0
176
1
 90
50
176
1
 90
3
176
1
 62
5
420
255
176
1
290
0
176
1
 90
50
176
1
 90
50
176
1
 90
50
176
1
290
0
176
1
 90
50
176
1
 62
256
176
0
 40
1.0
176
0
 90
2
176
1
  1
strokes_ogs.tif
176
1
290
0
176
1
 40
1.0
176
1
 40
1.0
176
1
  0
VISUALSTYLE
  5
5B
102
{ACAD_REACTORS
330
16
102
}
330
16
100
AcDbVisualStyle
  2
Basic
 70
7
177
3
291
1
 70
58
 90
2
176
1
 90
2
176
1
 90
0
176
1
 90
1
176
1
 40
0.6
176
1
 40
30.0
176
1
 62
7
420
16777215
176
1
 90
1
176
1
 90
4
176
1
 62
7
176
1
 62
257
176
1
 90
1
176
1
 90
1
176
1
 40
1.0
176
1
 90
8
176
1
 62
7
176
1
 40
1.0
176
1
 90
1
176
1
 90
6
176
1
 90
2
176
1
 62
7
176
1
 90
5
176
1
 90
0
176
1
 90
0
176
1
290
0
176
1
 90
1
176
1
 40
0.0
176
1
 90
0
176
1
290
0
176
1
290
1
176
1
290
1
176
1
290
0
176
1
290
0
176
1
290
0
176
1
290
0
176
1
290
0
176
1
290
0
176
1
 90
50
176
1
 40
0.0
176
1
 40
1.0
176
1
 90
0
176
1
 62
18
420
0
176
1
 90
50
176
1
 90
3
176
1
 62
5
420
255
176
1
290
0
176
1
 90
50
176
1
 90
50
176
1
 90
50
176
1
290
0
176
1
 90
50
176
1
 62
256
176
0
 40
1.0
176
0
 90
2
176
1
  1
strokes_ogs.tif
176
1
290
0
176
1
 40
1.0
176
1
 40
1.0
176
1
  0
VISUALSTYLE
  5
5C
102
{ACAD_REACTORS
330
16
102
}
330
16
100
AcDbVisualStyle
  2
Brighten
 70
12
177
3
291
1
 70
58
 90
2
176
1
 90
2
176
1
 90
0
176
1
 90
2
176
1
 40
0.6
176
1
 40
30.0
176
1
 62
7
420
16777215
176
1
 90
1
176
1
 90
4
176
1
 62
7
176
1
 62
257
176
1
 90
1
176
1
 90
1
176
1
 40
1.0
176
1
 90
8
176
1
 62
7
176
1
 40
1.0
176
1
 90
1
176
1
 90
6
176
1
 90
2
176
1
 62
7
176
1
 90
5
176
1
 90
0
176
1
 90
0
176
1
290
0
176
1
 90
1
176
1
 40
0.0
176
1
 90
0
176
1
290
0
176
1
290
1
176
1
290
1
176
1
290
0
176
1
290
0
176
1
290
0
176
1
290
0
176
1
290
0
176
1
290
0
176
1
 90
50
176
1
 40
0.0
176
1
 40
1.0
176
1
 90
0
176
1
 62
18
420
0
176
1
 90
50
176
1
 90
3
176
1
 62
5
420
255
176
1
290
0
176
1
 90
50
176
1
 90
50
176
1
 90
50
176
1
290
0
176
1
 90
50
176
1
 62
256
176
0
 40
1.0
176
0
 90
2
176
1
  1
strokes_ogs.tif
176
1
290
0
176
1
 40
1.0
176
1
 40
1.0
176
1
  0
VISUALSTYLE
  5
5D
102
{ACAD_REACTORS
330
16
102
}
330
16
100
AcDbVisualStyle
  2
ColorChange
 70
16
177
3
291
1
 70
58
 90
2
176
1
 90
2
176
1
 90
0
176
1
 90
2
176
1
 40
0.6
176
1
 40
30.0
176
1
 62
7
420
16777215
176
1
 90
1
176
1
 90
4
176
1
 62
7
176
1
 62
257
176
1
 90
1
176
1
 90
1
176
1
 40
1.0
176
1
 90
8
176
1
 62
7
176
1
 40
1.0
176
1
 90
1
176
1
 90
6
176
1
 90
2
176
1
 62
7
176
1
 90
5
176
1
 90
0
176
1
 90
0
176
1
290
0
176
1
 90
1
176
1
 40
0.0
176
1
 90
0
176
1
290
0
176
1
290
1
176
1
290
1
176
1
290
0
176
1
290
0
176
1
290
0
176
1
290
0
176
1
290
0
176
1
290
0
176
1
 90
50
176
1
 40
0.0
176
1
 40
1.0
176
1
 90
0
176
1
 62
18
420
0
176
1
 90
50
176
1
 90
3
176
1
 62
5
420
255
176
1
290
0
176
1
 90
50
176
1
 90
50
176
1
 90
50
176
1
290
0
176
1
 90
50
176
1
 62
256
176
0
 40
1.0
176
0
 90
2
176
1
  1
strokes_ogs.tif
176
1
290
0
176
1
 40
1.0
176
1
 40
1.0
176
1
  0
VISUALSTYLE
  5
5E
102
{ACAD_REACTORS
330
16
102
}
330
16
100
AcDbVisualStyle
  2
Conceptual
 70
9
177
3
291
0
 70
58
 90
2
176
1
 90
2
176
1
 90
0
176
1
 90
3
176
1
 40
0.6
176
1
 40
30.0
176
1
 62
7
420
16777215
176
1
 90
1
176
1
 90
4
176
1
 62
7
176
1
 62
257
176
1
 90
1
176
1
 90
1
176
1
 40
1.0
176
1
 90
8
176
1
 62
7
176
1
 40
1.0
176
1
 90
1
176
1
 90
6
176
1
 90
2
176
1
 62
7
176
1
 90
5
176
1
 90
0
176
1
 90
0
176
1
290
0
176
1
 90
1
176
1
 40
0.0
176
1
 90
0
176
1
290
0
176
1
290
1
176
1
290
1
176
1
290
0
176
1
290
0
176
1
290
0
176
1
290
0
176
1
290
0
176
1
290
0
176
1
 90
50
176
1
 40
0.0
176
1
 40
1.0
176
1
 90
0
176
1
 62
18
420
0
176
1
 90
50
176
1
 90
3
176
1
 62
5
420
255
176
1
290
0
176
1
 90
50
176
1
 90
50
176
1
 90
50
176
1
290
0
176
1
 90
50
176
1
 62
256
176
0
 40
1.0
176
0
 90
2
176
1
  1
strokes_ogs.tif
176
1
290
0
176
1
 40
1.0
176
1
 40
1.0
176
1
  0
VISUALSTYLE
  5
5F
102
{ACAD_REACTORS
330
16
102
}
330
16
100
AcDbVisualStyle
  2
Dim
 70
11
177
3
291
1
 70
58
 90
2
176
1
 90
2
176
1
 90
0
176
1
 90
2
176
1
 40
0.6
176
1
 40
30.0
176
1
 62
7
420
16777215
176
1
 90
1
176
1
 90
4
176
1
 62
7
176
1
 62
257
176
1
 90
1
176
1
 90
1
176
1
 40
1.0
176
1
 90
8
176
1
 62
7
176
1
 40
1.0
176
1
 90
1
176
1
 90
6
176
1
 90
2
176
1
 62
7
176
1
 90
5
176
1
 90
0
176
1
 90
0
176
1
290
0
176
1
 90
1
176
1
 40
0.0
176
1
 90
0
176
1
290
0
176
1
290
1
176
1
290
1
176
1
290
0
176
1
290
0
176
1
290
0
176
1
290
0
176
1
290
0
176
1
290
0
176
1
 90
50
176
1
 40
0.0
176
1
 40
1.0
176
1
 90
0
176
1
 62
18
420
0
176
1
 90
50
176
1
 90
3
176
1
 62
5
420
255
176
1
290
0
176
1
 90
50
176
1
 90
50
176
1
 90
50
176
1
290
0
176
1
 90
50
176
1
 62
256
176
0
 40
1.0
176
0
 90
2
176
1
  1
strokes_ogs.tif
176
1
290
0
176
1
 40
1.0
176
1
 40
1.0
176
1
  0
VISUALSTYLE
  5
60
102
{ACAD_REACTORS
330
16
102
}
330
16
100
AcDbVisualStyle
  2
EdgeColorOff
 70
22
177
3
291
1
 70
58
 90
2
176
1
 90
2
176
1
 90
0
176
1
 90
2
176
1
 40
0.6
176
1
 40
30.0
176
1
 62
7
420
16777215
176
1
 90
1
176
1
 90
4
176
1
 62
7
176
1
 62
257
176
1
 90
1
176
1
 90
1
176
1
 40
1.0
176
1
 90
8
176
1
 62
7
176
1
 40
1.0
176
1
 90
1
176
1
 90
6
176
1
 90
2
176
1
 62
7
176
1
 90
5
176
1
 90
0
176
1
 90
0
176
1
290
0
176
1
 90
1
176
1
 40
0.0
176
1
 90
0
176
1
290
0
176
1
290
1
176
1
290
1
176
1
290
0
176
1
290
0
176
1
290
0
176
1
290
0
176
1
290
0
176
1
290
0
176
1
 90
50
176
1
 40
0.0
176
1
 40
1.0
176
1
 90
0
176
1
 62
18
420
0
176
1
 90
50
176
1
 90
3
176
1
 62
5
420
255
176
1
290
0
176
1
 90
50
176
1
 90
50
176
1
 90
50
176
1
290
0
176
1
 90
50
176
1
 62
256
176
0
 40
1.0
176
0
 90
2
176
1
  1
strokes_ogs.tif
176
1
290
0
176
1
 40
1.0
176
1
 40
1.0
176
1
  0
VISUALSTYLE
  5
61
102
{ACAD_REACTORS
330
16
102
}
330
16
100
AcDbVisualStyle
  2
Facepattern
 70
15
177
3
291
1
 70
58
 90
2
176
1
 90
2
176
1
 90
0
176
1
 90
2
176
1
 40
0.6
176
1
 40
30.0
176
1
 62
7
420
16777215
176
1
 90
1
176
1
 90
4
176
1
 62
7
176
1
 62
257
176
1
 90
1
176
1
 90
1
176
1
 40
1.0
176
1
 90
8
176
1
 62
7
176
1
 40
1.0
176
1
 90
1
176
1
 90
6
176
1
 90
2
176
1
 62
7
176
1
 90
5
176
1
 90
0
176
1
 90
0
176
1
290
0
176
1
 90
1
176
1
 40
0.0
176
1
 90
0
176
1
290
0
176
1
290
1
176
1
290
1
176
1
290
0
176
1
290
0
176
1
290
0
176
1
290
0
176
1
290
0
176
1
290
0
176
1
 90
50
176
1
 40
0.0
176
1
 40
1.0
176
1
 90
0
176
1
 62
18
420
0
176
1
 90
50
176
1
 90
3
176
1
 62
5
420
255
176
1
290
0
176
1
 90
50
176
1
 90
50
176
1
 90
50
176
1
290
0
176
1
 90
50
176
1
 62
256
176
0
 40
1.0
176
0
 90
2
176
1
  1
strokes_ogs.tif
176
1
290
0
176
1
 40
1.0
176
1
 40
1.0
176
1
  0
VISUALSTYLE
  5
62
102
{ACAD_REACTORS
330
16
102
}
330
16
100
AcDbVisualStyle
  2
Flat
 70
0
177
3
291
1
 70
58
 90
2
176
1
 90
2
176
1
 90
0
176
1
 90
2
176
1
 40
0.6
176
1
 40
30.0
176
1
 62
7
420
16777215
176
1
 90
1
176
1
 90
4
176
1
 62
7
176
1
 62
257
176
1
 90
1
176
1
 90
1
176
1
 40
1.0
176
1
 90
8
176
1
 62
7
176
1
 40
1.0
176
1
 90
1
176
1
 90
6
176
1
 90
2
176
1
 62
7
176
1
 90
5
176
1
 90
0
176
1
 90
0
176
1
290
0
176
1
 90
1
176
1
 40
0.0
176
1
 90
0
176
1
290
0
176
1
290
1
176
1
290
1
176
1
290
0
176
1
290
0
176
1
290
0
176
1
290
0
176
1
290
0
176
1
290
0
176
1
 90
50
176
1
 40
0.0
176
1
 40
1.0
176
1
 90
0
176
1
 62
18
420
0
176
1
 90
50
176
1
 90
3
176
1
 62
5
420
255
176
1
290
0
176
1
 90
50
176
1
 90
50
176
1
 90
50
176
1
290
0
176
1
 90
50
176
1
 62
256
176
0
 40
1.0
176
0
 90
2
176
1
  1
strokes_ogs.tif
176
1
290
0
176
1
 40
1.0
176
1
 40
1.0
176
1
  0
VISUALSTYLE
  5
63
102
{ACAD_REACTORS
330
16
102
}
330
16
100
AcDbVisualStyle
  2
FlatWithEdges
 70
1
177
3
291
1
 70
58
 90
2
176
1
 90
2
176
1
 90
0
176
1
 90
2
176
1
 40
0.6
176
1
 40
30.0
176
1
 62
7
420
16777215
176
1
 90
1
176
1
 90
4
176
1
 62
7
176
1
 62
257
176
1
 90
1
176
1
 90
1
176
1
 40
1.0
176
1
 90
8
176
1
 62
7
176
1
 40
1.0
176
1
 90
1
176
1
 90
6
176
1
 90
2
176
1
 62
7
176
1
 90
5
176
1
 90
0
176
1
 90
0
176
1
290
0
176
1
 90
1
176
1
 40
0.0
176
1
 90
0
176
1
290
0
176
1
290
1
176
1
290
1
176
1
290
0
176
1
290
0
176
1
290
0
176
1
290
0
176
1
290
0
176
1
290
0
176
1
 90
50
176
1
 40
0.0
176
1
 40
1.0
176
1
 90
0
176
1
 62
18
420
0
176
1
 90
50
176
1
 90
3
176
1
 62
5
420
255
176
1
290
0
176
1
 90
50
176
1
 90
50
176
1
 90
50
176
1
290
0
176
1
 90
50
176
1
 62
256
176
0
 40
1.0
176
0
 90
2
176
1
  1
strokes_ogs.tif
176
1
290
0
176
1
 40
1.0
176
1
 40
1.0
176
1
  0
VISUALSTYLE
  5
64
102
{ACAD_REACTORS
330
16
102
}
330
16
100
AcDbVisualStyle
  2
Gouraud
 70
2
177
3
291
1
 70
58
 90
2
176
1
 90
2
176
1
 90
0
176
1
 90
2
176
1
 40
0.6
176
1
 40
30.0
176
1
 62
7
420
16777215
176
1
 90
1
176
1
 90
4
176
1
 62
7
176
1
 62
257
176
1
 90
1
176
1
 90
1
176
1
 40
1.0
176
1
 90
8
176
1
 62
7
176
1
 40
1.0
176
1
 90
1
176
1
 90
6
176
1
 90
2
176
1
 62
7
176
1
 90
5
176
1
 90
0
176
1
 90
0
176
1
290
0
176
1
 90
1
176
1
 40
0.0
176
1
 90
0
176
1
290
0
176
1
290
1
176
1
290
1
176
1
290
0
176
1
290
0
176
1
290
0
176
1
290
0
176
1
290
0
176
1
290
0
176
1
 90
50
176
1
 40
0.0
176
1
 40
1.0
176
1
 90
0
176
1
 62
18
420
0
176
1
 90
50
176
1
 90
3
176
1
 62
5
420
255
176
1
290
0
176
1
 90
50
176
1
 90
50
176
1
 90
50
176
1
290
0
176
1
 90
50
176
1
 62
256
176
0
 40
1.0
176
0
 90
2
176
1
  1
strokes_ogs.tif
176
1
290
0
176
1
 40
1.0
176
1
 40
1.0
176
1
  0
VISUALSTYLE
  5
65
102
{ACAD_REACTORS
330
16
102
}
330
16
100
AcDbVisualStyle
  2
GouraudWithEdges
 70
3
177
3
291
1
 70
58
 90
2
176
1
 90
2
176
1
 90
0
176
1
 90
2
176
1
 40
0.6
176
1
 40
30.0
176
1
 62
7
420
16777215
176
1
 90
1
176
1
 90
4
176
1
 62
7
176
1
 62
257
176
1
 90
1
176
1
 90
1
176
1
 40
1.0
176
1
 90
8
176
1
 62
7
176
1
 40
1.0
176
1
 90
1
176
1
 90
6
176
1
 90
2
176
1
 62
7
176
1
 90
5
176
1
 90
0
176
1
 90
0
176
1
290
0
176
1
 90
1
176
1
 40
0.0
176
1
 90
0
176
1
290
0
176
1
290
1
176
1
290
1
176
1
290
0
176
1
290
0
176
1
290
0
176
1
290
0
176
1
290
0
176
1
290
0
176
1
 90
50
176
1
 40
0.0
176
1
 40
1.0
176
1
 90
0
176
1
 62
18
420
0
176
1
 90
50
176
1
 90
3
176
1
 62
5
420
255
176
1
290
0
176
1
 90
50
176
1
 90
50
176
1
 90
50
176
1
290
0
176
1
 90
50
176
1
 62
256
176
0
 40
1.0
176
0
 90
2
176
1
  1
strokes_ogs.tif
176
1
290
0
176
1
 40
1.0
176
1
 40
1.0
176
1
  0
VISUALSTYLE
  5
66
102
{ACAD_REACTORS
330
16
102
}
330
16
100
AcDbVisualStyle
  2
Hidden
 70
6
177
3
291
0
 70
58
 90
2
176
1
 90
2
176
1
 90
0
176
1
 90
1
176
1
 40
0.6
176
1
 40
30.0
176
1
 62
7
420
16777215
176
1
 90
1
176
1
 90
4
176
1
 62
7
176
1
 62
257
176
1
 90
1
176
1
 90
1
176
1
 40
1.0
176
1
 90
8
176
1
 62
7
176
1
 40
1.0
176
1
 90
1
176
1
 90
6
176
1
 90
2
176
1
 62
7
176
1
 90
5
176
1
 90
0
176
1
 90
0
176
1
290
0
176
1
 90
1
176
1
 40
0.0
176
1
 90
0
176
1
290
0
176
1
290
1
176
1
290
1
176
1
290
0
176
1
290
0
176
1
290
0
176
1
290
0
176
1
290
0
176
1
290
0
176
1
 90
50
176
1
 40
0.0
176
1
 40
1.0
176
1
 90
0
176
1
 62
18
420
0
176
1
 90
50
176
1
 90
3
176
1
 62
5
420
255
176
1
290
0
176
1
 90
50
176
1
 90
50
176
1
 90
50
176
1
290
0
176
1
 90
50
176
1
 62
256
176
0
 40
1.0
176
0
 90
2
176
1
  1
strokes_ogs.tif
176
1
290
0
176
1
 40
1.0
176
1
 40
1.0
176
1
  0
VISUALSTYLE
  5
67
102
{ACAD_REACTORS
330
16
102
}
330
16
100
AcDbVisualStyle
  2
JitterOff
 70
20
177
3
291
1
 70
58
 90
2
176
1
 90
2
176
1
 90
0
176
1
 90
2
176
1
 40
0.6
176
1
 40
30.0
176
1
 62
7
420
16777215
176
1
 90
1
176
1
 90
4
176
1
 62
7
176
1
 62
257
176
1
 90
1
176
1
 90
1
176
1
 40
1.0
176
1
 90
8
176
1
 62
7
176
1
 40
1.0
176
1
 90
1
176
1
 90
6
176
1
 90
2
176
1
 62
7
176
1
 90
5
176
1
 90
0
176
1
 90
0
176
1
290
0
176
1
 90
1
176
1
 40
0.0
176
1
 90
0
176
1
290
0
176
1
290
1
176
1
290
1
176
1
290
0
176
1
290
0
176
1
290
0
176
1
290
0
176
1
290
0
176
1
290
0
176
1
 90
50
176
1
 40
0.0
176
1
 40
1.0
176
1
 90
0
176
1
 62
18
420
0
176
1
 90
50
176
1
 90
3
176
1
 62
5
420
255
176
1
290
0
176
1
 90
50
176
1
 90
50
176
1
 90
50
176
1
290
0
176
1
 90
50
176
1
 62
256
176
0
 40
1.0
176
0
 90
2
176
1
  1
strokes_ogs.tif
176
1
290
0
176
1
 40
1.0
176
1
 40
1.0
176
1
  0
VISUALSTYLE
  5
68
102
{ACAD_REACTORS
330
16
102
}
330
16
100
AcDbVisualStyle
  2
Linepattern
 70
14
177
3
291
1
 70
58
 90
2
176
1
 90
2
176
1
 90
0
176
1
 90
2
176
1
 40
0.6
176
1
 40
30.0
176
1
 62
7
420
16777215
176
1
 90
1
176
1
 90
4
176
1
 62
7
176
1
 62
257
176
1
 90
1
176
1
 90
1
176
1
 40
1.0
176
1
 90
8
176
1
 62
7
176
1
 40
1.0
176
1
 90
1
176
1
 90
6
176
1
 90
2
176
1
 62
7
176
1
 90
5
176
1
 90
0
176
1
 90
0
176
1
290
0
176
1
 90
1
176
1
 40
0.0
176
1
 90
0
176
1
290
0
176
1
290
1
176
1
290
1
176
1
290
0
176
1
290
0
176
1
290
0
176
1
290
0
176
1
290
0
176
1
290
0
176
1
 90
50
176
1
 40
0.0
176
1
 40
1.0
176
1
 90
0
176
1
 62
18
420
0
176
1
 90
50
176
1
 90
3
176
1
 62
5
420
255
176
1
290
0
176
1
 90
50
176
1
 90
50
176
1
 90
50
176
1
290
0
176
1
 90
50
176
1
 62
256
176
0
 40
1.0
176
0
 90
2
176
1
  1
strokes_ogs.tif
176
1
290
0
176
1
 40
1.0
176
1
 40
1.0
176
1
  0
VISUALSTYLE
  5
69
102
{ACAD_REACTORS
330
16
102
}
330
16
100
AcDbVisualStyle
  2
Modeling
 70
10
177
3
291
0
 70
58
 90
2
176
1
 90
2
176
1
 90
0
176
1
 90
2
176
1
 40
0.6
176
1
 40
30.0
176
1
 62
7
420
16777215
176
1
 90
1
176
1
 90
4
176
1
 62
7
176
1
 62
257
176
1
 90
1
176
1
 90
1
176
1
 40
1.0
176
1
 90
8
176
1
 62
7
176
1
 40
1.0
176
1
 90
1
176
1
 90
6
176
1
 90
2
176
1
 62
7
176
1
 90
5
176
1
 90
0
176
1
 90
0
176
1
290
0
176
1
 90
1
176
1
 40
0.0
176
1
 90
0
176
1
290
0
176
1
290
1
176
1
290
1
176
1
290
0
176
1
290
0
176
1
290
0
176
1
290
0
176
1
290
0
176
1
290
0
176
1
 90
50
176
1
 40
0.0
176
1
 40
1.0
176
1
 90
0
176
1
 62
18
420
0
176
1
 90
50
176
1
 90
3
176
1
 62
5
420
255
176
1
290
0
176
1
 90
50
176
1
 90
50
176
1
 90
50
176
1
290
0
176
1
 90
50
176
1
 62
256
176
0
 40
1.0
176
0
 90
2
176
1
  1
strokes_ogs.tif
176
1
290
0
176
1
 40
1.0
176
1
 40
1.0
176
1
  0
VISUALSTYLE
  5
6A
102
{ACAD_REACTORS
330
16
102
}
330
16
100
AcDbVisualStyle
  2
OverhangOff
 70
21
177
3
291
1
 70
58
 90
2
176
1
 90
2
176
1
 90
0
176
1
 90
2
176
1
 40
0.6
176
1
 40
30.0
176
1
 62
7
420
16777215
176
1
 90
1
176
1
 90
4
176
1
 62
7
176
1
 62
257
176
1
 90
1
176
1
 90
1
176
1
 40
1.0
176
1
 90
8
176
1
 62
7
176
1
 40
1.0
176
1
 90
1
176
1
 90
6
176
1
 90
2
176
1
 62
7
176
1
 90
5
176
1
 90
0
176
1
 90
0
176
1
290
0
176
1
 90
1
176
1
 40
0.0
176
1
 90
0
176
1
290
0
176
1
290
1
176
1
290
1
176
1
290
0
176
1
290
0
176
1
290
0
176
1
290
0
176
1
290
0
176
1
290
0
176
1
 90
50
176
1
 40
0.0
176
1
 40
1.0
176
1
 90
0
176
1
 62
18
420
0
176
1
 90
50
176
1
 90
3
176
1
 62
5
420
255
176
1
290
0
176
1
 90
50
176
1
 90
50
176
1
 90
50
176
1
290
0
176
1
 90
50
176
1
 62
256
176
0
 40
1.0
176
0
 90
2
176
1
  1
strokes_ogs.tif
176
1
290
0
176
1
 40
1.0
176
1
 40
1.0
176
1
  0
VISUALSTYLE
  5
6B
102
{ACAD_REACTORS
330
16
102
}
330
16
100
AcDbVisualStyle
  2
Realistic
 70
8
177
3
291
0
 70
58
 90
2
176
1
 90
2
176
1
 90
0
176
1
 90
2
176
1
 40
0.6
176
1
 40
30.0
176
1
 62
7
420
16777215
176
1
 90
1
176
1
 90
4
176
1
 62
7
176
1
 62
257
176
1
 90
1
176
1
 90
1
176
1
 40
1.0
176
1
 90
8
176
1
 62
7
176
1
 40
1.0
176
1
 90
1
176
1
 90
6
176
1
 90
2
176
1
 62
7
176
1
 90
5
176
1
 90
0
176
1
 90
0
176
1
290
0
176
1
 90
1
176
1
 40
0.0
176
1
 90
0
176
1
290
0
176
1
290
1
176
1
290
1
176
1
290
0
176
1
290
0
176
1
290
0
176
1
290
0
176
1
290
0
176
1
290
0
176
1
 90
50
176
1
 40
0.0
176
1
 40
1.0
176
1
 90
0
176
1
 62
18
420
0
176
1
 90
50
176
1
 90
3
176
1
 62
5
420
255
176
1
290
0
176
1
 90
50
176
1
 90
50
176
1
 90
50
176
1
290
0
176
1
 90
50
176
1
 62
256
176
0
 40
1.0
176
0
 90
2
176
1
  1
strokes_ogs.tif
176
1
290
0
176
1
 40
1.0
176
1
 40
1.0
176
1
  0
VISUALSTYLE
  5
6C
102
{ACAD_REACTORS
330
16
102
}
330
16
100
AcDbVisualStyle
  2
Shaded
 70
27
177
3
291
0
 70
58
 90
2
176
1
 90
2
176
1
 90
0
176
1
 90
2
176
1
 40
0.6
176
1
 40
30.0
176
1
 62
7
420
16777215
176
1
 90
1
176
1
 90
4
176
1
 62
7
176
1
 62
257
176
1
 90
1
176
1
 90
1
176
1
 40
1.0
176
1
 90
8
176
1
 62
7
176
1
 40
1.0
176
1
 90
1
176
1
 90
6
176
1
 90
2
176
1
 62
7
176
1
 90
5
176
1
 90
0
176
1
 90
0
176
1
290
0
176
1
 90
1
176
1
 40
0.0
176
1
 90
0
176
1
290
0
176
1
290
1
176
1
290
1
176
1
290
0
176
1
290
0
176
1
290
0
176
1
290
0
176
1
290
0
176
1
290
0
176
1
 90
50
176
1
 40
0.0
176
1
 40
1.0
176
1
 90
0
176
1
 62
18
420
0
176
1
 90
50
176
1
 90
3
176
1
 62
5
420
255
176
1
290
0
176
1
 90
50
176
1
 90
50
176
1
 90
50
176
1
290
0
176
1
 90
50
176
1
 62
256
176
0
 40
1.0
176
0
 90
2
176
1
  1
strokes_ogs.tif
176
1
290
0
176
1
 40
1.0
176
1
 40
1.0
176
1
  0
VISUALSTYLE
  5
6D
102
{ACAD_REACTORS
330
16
102
}
330
16
100
AcDbVisualStyle
  2
Shaded with edges
 70
26
177
3
291
0
 70
58
 90
2
176
1
 90
2
176
1
 90
0
176
1
 90
2
176
1
 40
0.6
176
1
 40
30.0
176
1
 62
7
420
16777215
176
1
 90
1
176
1
 90
4
176
1
 62
7
176
1
 62
257
176
1
 90
1
176
1
 90
1
176
1
 40
1.0
176
1
 90
8
176
1
 62
7
176
1
 40
1.0
176
1
 90
1
176
1
 90
6
176
1
 90
2
176
1
 62
7
176
1
 90
5
176
1
 90
0
176
1
 90
0
176
1
290
0
176
1
 90
1
176
1
 40
0.0
176
1
 90
0
176
1
290
0
176
1
290
1
176
1
290
1
176
1
290
0
176
1
290
0
176
1
290
0
176
1
290
0
176
1
290
0
176
1
290
0
176
1
 90
50
176
1
 40
0.0
176
1
 40
1.0
176
1
 90
0
176
1
 62
18
420
0
176
1
 90
50
176
1
 90
3
176
1
 62
5
420
255
176
1
290
0
176
1
 90
50
176
1
 90
50
176
1
 90
50
176
1
290
0
176
1
 90
50
176
1
 62
256
176
0
 40
1.0
176
0
 90
2
176
1
  1
strokes_ogs.tif
176
1
290
0
176
1
 40
1.0
176
1
 40
1.0
176
1
  0
VISUALSTYLE
  5
6E
102
{ACAD_REACTORS
330
16
102
}
330
16
100
AcDbVisualStyle
  2
Shades of Gray
 70
23
177
3
291
0
 70
58
 90
2
176
1
 90
2
176
1
 90
0
176
1
 90
2
176
1
 40
0.6
176
1
 40
30.0
176
1
 62
7
420
16777215
176
1
 90
1
176
1
 90
4
176
1
 62
7
176
1
 62
257
176
1
 90
1
176
1
 90
1
176
1
 40
1.0
176
1
 90
8
176
1
 62
7
176
1
 40
1.0
176
1
 90
1
176
1
 90
6
176
1
 90
2
176
1
 62
7
176
1
 90
5
176
1
 90
0
176
1
 90
0
176
1
290
0
176
1
 90
1
176
1
 40
0.0
176
1
 90
0
176
1
290
0
176
1
290
1
176
1
290
1
176
1
290
0
176
1
290
0
176
1
290
0
176
1
290
0
176
1
290
0
176
1
290
0
176
1
 90
50
176
1
 40
0.0
176
1
 40
1.0
176
1
 90
0
176
1
 62
18
420
0
176
1
 90
50
176
1
 90
3
176
1
 62
5
420
255
176
1
290
0
176
1
 90
50
176
1
 90
50
176
1
 90
50
176
1
290
0
176
1
 90
50
176
1
 62
256
176
0
 40
1.0
176
0
 90
2
176
1
  1
strokes_ogs.tif
176
1
290
0
176
1
 40
1.0
176
1
 40
1.0
176
1
  0
VISUALSTYLE
  5
6F
102
{ACAD_REACTORS
330
16
102
}
330
16
100
AcDbVisualStyle
  2
Sketchy
 70
24
177
3
291
0
 70
58
 90
2
176
1
 90
2
176
1
 90
0
176
1
 90
1
176
1
 40
0.6
176
1
 40
30.0
176
1
 62
7
420
16777215
176
1
 90
1
176
1
 90
4
176
1
 62
7
176
1
 62
257
176
1
 90
1
176
1
 90
1
176
1
 40
1.0
176
1
 90
8
176
1
 62
7
176
1
 40
1.0
176
1
 90
1
176
1
 90
6
176
1
 90
2
176
1
 62
7
176
1
 90
5
176
1
 90
0
176
1
 90
0
176
1
290
0
176
1
 90
1
176
1
 40
0.0
176
1
 90
0
176
1
290
0
176
1
290
1
176
1
290
1
176
1
290
0
176
1
290
0
176
1
290
0
176
1
290
0
176
1
290
0
176
1
290
0
176
1
 90
50
176
1
 40
0.0
176
1
 40
1.0
176
1
 90
0
176
1
 62
18
420
0
176
1
 90
50
176
1
 90
3
176
1
 62
5
420
255
176
1
290
0
176
1
 90
50
176
1
 90
50
176
1
 90
50
176
1
290
0
176
1
 90
50
176
1
 62
256
176
0
 40
1.0
176
0
 90
2
176
1
  1
strokes_ogs.tif
176
1
290
0
176
1
 40
1.0
176
1
 40
1.0
176
1
  0
VISUALSTYLE
  5
70
102
{ACAD_REACTORS
330
16
102
}
330
16
100
AcDbVisualStyle
  2
Thicken
 70
13
177
3
291
1
 70
58
 90
2
176
1
 90
2
176
1
 90
0
176
1
 90
2
176
1
 40
0.6
176
1
 40
30.0
176
1
 62
7
420
16777215
176
1
 90
1
176
1
 90
4
176
1
 62
7
176
1
 62
257
176
1
 90
1
176
1
 90
1
176
1
 40
1.0
176
1
 90
8
176
1
 62
7
176
1
 40
1.0
176
1
 90
1
176
1
 90
6
176
1
 90
2
176
1
 62
7
176
1
 90
5
176
1
 90
0
176
1
 90
0
176
1
290
0
176
1
 90
1
176
1
 40
0.0
176
1
 90
0
176
1
290
0
176
1
290
1
176
1
290
1
176
1
290
0
176
1
290
0
176
1
290
0
176
1
290
0
176
1
290
0
176
1
290
0
176
1
 90
50
176
1
 40
0.0
176
1
 40
1.0
176
1
 90
0
176
1
 62
18
420
0
176
1
 90
50
176
1
 90
3
176
1
 62
5
420
255
176
1
290
0
176
1
 90
50
176
1
 90
50
176
1
 90
50
176
1
290
0
176
1
 90
50
176
1
 62
256
176
0
 40
1.0
176
0
 90
2
176
1
  1
strokes_ogs.tif
176
1
290
0
176
1
 40
1.0
176
1
 40
1.0
176
1
  0
VISUALSTYLE
  5
71
102
{ACAD_REACTORS
330
16
102
}
330
16
100
AcDbVisualStyle
  2
Wireframe
 70
5
177
3
291
0
 70
58
 90
2
176
1
 90
2
176
1
 90
0
176
1
 90
0
176
1
 40
0.6
176
1
 40
30.0
176
1
 62
7
420
16777215
176
1
 90
1
176
1
 90
4
176
1
 62
7
176
1
 62
257
176
1
 90
1
176
1
 90
1
176
1
 40
1.0
176
1
 90
8
176
1
 62
7
176
1
 40
1.0
176
1
 90
1
176
1
 90
6
176
1
 90
2
176
1
 62
7
176
1
 90
5
176
1
 90
0
176
1
 90
0
176
1
290
0
176
1
 90
1
176
1
 40
0.0
176
1
 90
0
176
1
290
0
176
1
290
1
176
1
290
1
176
1
290
0
176
1
290
0
176
1
290
0
176
1
290
0
176
1
290
0
176
1
290
0
176
1
 90
50
176
1
 40
0.0
176
1
 40
1.0
176
1
 90
0
176
1
 62
18
420
0
176
1
 90
50
176
1
 90
3
176
1
 62
5
420
255
176
1
290
0
176
1
 90
50
176
1
 90
50
176
1
 90
50
176
1
290
0
176
1
 90
50
176
1
 62
256
176
0
 40
1.0
176
0
 90
2
176
1
  1
strokes_ogs.tif
176
1
290
0
176
1
 40
1.0
176
1
 40
1.0
176
1
  0
VISUALSTYLE
  5
72
102
{ACAD_REACTORS
330
16
102
}
330
16
100
AcDbVisualStyle
  2
X-Ray
 70
25
177
3
291
0
 70
58
 90
2
176
1
 90
2
176
1
 90
0
176
1
 90
2
176
1
 40
0.5
176
1
 40
30.0
176
1
 62
7
420
16777215
176
1
 90
1
176
1
 90
4
176
1
 62
7
176
1
 62
257
176
1
 90
1
176
1
 90
1
176
1
 40
1.0
176
1
 90
8
176
1
 62
7
176
1
 40
1.0
176
1
 90
1
176
1
 90
6
176
1
 90
2
176
1
 62
7
176
1
 90
5
176
1
 90
0
176
1
 90
0
176
1
290
0
176
1
 90
1
176
1
 40
0.0
176
1
 90
0
176
1
290
0
176
1
290
1
176
1
290
1
176
1
290
0
176
1
290
0
176
1
290
0
176
1
290
0
176
1
290
0
176
1
290
0
176
1
 90
50
176
1
 40
0.0
176
1
 40
1.0
176
1
 90
0
176
1
 62
18
420
0
176
1
 90
50
176
1
 90
3
176
1
 62
5
420
255
176
1
290
0
176
1
 90
50
176
1
 90
50
176
1
 90
50
176
1
290
0
176
1
 90
50
176
1
 62
256
176
0
 40
1.0
176
0
 90
2
176
1
  1
strokes_ogs.tif
176
1
290
0
176
1
 40
1.0
176
1
 40
1.0
176
1
  0
DICTIONARYVAR
  5
38A
330
2D
100
DictionaryVariables
280
0
  1
1.4.4 @ 2026-10-08T17:37:04.070558+00:00
  0
ENDSEC
  0
EOF
