  0
SECTION
  2
HEADER
  9
$ACADVER
  1
AC1032
  9
$ACADMAINTVER
 90
4
  9
$DWGCODEPAGE
  3
ANSI_1252
  9
$LASTSAVEDBY
  1
ezdxf
  9
$REQUIREDVERSIONS
160
0
  9
$INSBASE
 10
0.0
 20
0.0
 30
0.0
  9
$EXTMIN
 10
1e+20
 20
1e+20
 30
1e+20
  9
$EXTMAX
 10
-1e+20
 20
-1e+20
 30
-1e+20
  9
$LIMMIN
 10
0.0
 20
0.0
  9
$LIMMAX
 10
420.0
 20
297.0
  9
$ORTHOMODE
 70
0
  9
$REGENMODE
 70
1
  9
$FILLMODE
 70
1
  9
$QTEXTMODE
 70
0
  9
$MIRRTEXT
 70
1
  9
$LTSCALE
 40
1.0
  9
$ATTMODE
 70
1
  9
$TEXTSIZE
 40
2.5
  9
$TRACEWID
 40
1.0
  9
$TEXTSTYLE
  7
OpenSans
  9
$CLAYER
  8
0
  9
$CELTYPE
  6
ByLayer
  9
$CECOLOR
 62
256
  9
$CELTSCALE
 40
1.0
  9
$DISPSILH
 70
0
  9
$DIMSCALE
 40
1.0
  9
$DIMASZ
 40
0.175
  9
$DIMEXO
 40
0.125
  9
$DIMDLI
 40
3.75
  9
$DIMRND
 40
0.0
  9
$DIMDLE
 40
0.0
  9
$DIMEXE
 40
0.375
  9
$DIMTP
 40
0.0
  9
$DIMTM
 40
0.0
  9
$DIMTXT
 40
0.25
  9
$DIMCEN
 40
2.5
  9
$DIMTSZ
 40
0.0
  9
$DIMTOL
 70
0
  9
$DIMLIM
 70
0
  9
$DIMTIH
 70
0
  9
$DIMTOH
 70
0
  9
$DIMSE1
 70
0
  9
$DIMSE2
 70
0
  9
$DIMTAD
 70
1
  9
$DIMZIN
 70
12
  9
$DIMBLK
  1
ARCHTICK
  9
$DIMASO
 70
1
  9
$DIMSHO
 70
1
  9
$DIMPOST
  1

  9
$DIMAPOST
  1

  9
$DIMALT
 70
0
  9
$DIMALTD
 70
3
  9
$DIMALTF
 40
0.03937007874
  9
$DIMLFAC
 40
100.0
  9
$DIMTOFL
 70
1
  9
$DIMTVP
 40
0.0
  9
$DIMTIX
 70
0
  9
$DIMSOXD
 70
0
  9
$DIMSAH
 70
0
  9
$DIMBLK1
  1

  9
$DIMBLK2
  1

  9
$DIMSTYLE
  2
EZDXF
  9
$DIMCLRD
 70
0
  9
$DIMCLRE
 70
0
  9
$DIMCLRT
 70
0
  9
$DIMTFAC
 40
0.5
  9
$DIMGAP
 40
0.1
  9
$DIMJUST
 70
0
  9
$DIMSD1
 70
0
  9
$DIMSD2
 70
0
  9
$DIMTOLJ
 70
0
  9
$DIMTZIN
 70
8
  9
$DIMALTZ
 70
0
  9
$DIMALTTZ
 70
0
  9
$DIMUPT
 70
1
  9
$DIMDEC
 70
2
  9
$DIMTDEC
 70
2
  9
$DIMALTU
 70
2
  9
$DIMALTTD
 70
3
  9
$DIMTXSTY
  7
OpenSansCondensed-Light
  9
$DIMAUNIT
 70
0
  9
$DIMADEC
 70
2
  9
$DIMALTRND
 40
0.0
  9
$DIMAZIN
 70
3
  9
$DIMDSEP
 70
46
  9
$DIMATFIT
 70
3
  9
$DIMFRAC
 70
0
  9
$DIMLDRBLK
  1

  9
$DIMLUNIT
 70
2
  9
$DIMLWD
 70
-2
  9
$DIMLWE
 70
-2
  9
$DIMTMOVE
 70
2
  9
$DIMFXL
 40
1.0
  9
$DIMFXLON
 70
0
  9
$DIMJOGANG
 40
0.785398163397
  9
$DIMTFILL
 70
0
  9
$DIMTFILLCLR
 70
0
  9
$DIMARCSYM
 70
0
  9
$DIMLTYPE
  6

  9
$DIMLTEX1
  6

  9
$DIMLTEX2
  6

  9
$DIMTXTDIRECTION
 70
0
  9
$LUNITS
 70
2
  9
$LUPREC
 70
4
  9
$SKETCHINC
 40
1.0
  9
$FILLETRAD
 40
10.0
  9
$AUNITS
 70
0
  9
$AUPREC
 70
2
  9
$MENU
  1
.
  9
$ELEVATION
 40
0.0
  9
$PELEVATION
 40
0.0
  9
$THICKNESS
 40
0.0
  9
$LIMCHECK
 70
0
  9
$CHAMFERA
 40
0.0
  9
$CHAMFERB
 40
0.0
  9
$CHAMFERC
 40
0.0
  9
$CHAMFERD
 40
0.0
  9
$SKPOLY
 70
0
  9
$TDCREATE
 40
2461322.7344560185
  9
$TDUCREATE
 40
2458532.153996898
  9
$TDUPDATE
 40
2461322.7344560185
  9
$TDUUPDATE
 40
2458532.1544311
  9
$TDINDWG
 40
0.0
  9
$TDUSRTIMER
 40
0.0
  9
$USRTIMER
 70
1
  9
$ANGBASE
 50
0.0
  9
$ANGDIR
 70
0
  9
$PDMODE
 70
0
  9
$PDSIZE
 40
0.0
  9
$PLINEWID
 40
0.0
  9
$SPLFRAME
 70
0
  9
$SPLINETYPE
 70
6
  9
$SPLINESEGS
 70
8
  9
$HANDSEED
  5
5F7
  9
$SURFTAB1
 70
6
  9
$SURFTAB2
 70
6
  9
$SURFTYPE
 70
6
  9
$SURFU
 70
6
  9
$SURFV
 70
6
  9
$UCSBASE
  2

  9
$UCSNAME
  2

  9
$UCSORG
 10
0.0
 20
0.0
 30
0.0
  9
$UCSXDIR
 10
1.0
 20
0.0
 30
0.0
  9
$UCSYDIR
 10
0.0
 20
1.0
 30
0.0
  9
$UCSORTHOREF
  2

  9
$UCSORTHOVIEW
 70
0
  9
$UCSORGTOP
 10
0.0
 20
0.0
 30
0.0
  9
$UCSORGBOTTOM
 10
0.0
 20
0.0
 30
0.0
  9
$UCSORGLEFT
 10
0.0
 20
0.0
 30
0.0
  9
$UCSORGRIGHT
 10
0.0
 20
0.0
 30
0.0
  9
$UCSORGFRONT
 10
0.0
 20
0.0
 30
0.0
  9
$UCSORGBACK
 10
0.0
 20
0.0
 30
0.0
  9
$PUCSBASE
  2

  9
$PUCSNAME
  2

  9
$PUCSORG
 10
0.0
 20
0.0
 30
0.0
  9
$PUCSXDIR
 10
1.0
 20
0.0
 30
0.0
  9
$PUCSYDIR
 10
0.0
 20
1.0
 30
0.0
  9
$PUCSORTHOREF
  2

  9
$PUCSORTHOVIEW
 70
0
  9
$PUCSORGTOP
 10
0.0
 20
0.0
 30
0.0
  9
$PUCSORGBOTTOM
 10
0.0
 20
0.0
 30
0.0
  9
$PUCSORGLEFT
 10
0.0
 20
0.0
 30
0.0
  9
$PUCSORGRIGHT
 10
0.0
 20
0.0
 30
0.0
  9
$PUCSORGFRONT
 10
0.0
 20
0.0
 30
0.0
  9
$PUCSORGBACK
 10
0.0
 20
0.0
 30
0.0
  9
$USERI1
 70
0
  9
$USERI2
 70
0
  9
$USERI3
 70
0
  9
$USERI4
 70
0
  9
$USERI5
 70
0
  9
$USERR1
 40
0.0
  9
$USERR2
 40
0.0
  9
$USERR3
 40
0.0
  9
$USERR4
 40
0.0
  9
$USERR5
 40
0.0
  9
$WORLDVIEW
 70
1
  9
$SHADEDGE
 70
3
  9
$SHADEDIF
 70
70
  9
$TILEMODE
 70
1
  9
$MAXACTVP
 70
64
  9
$PINSBASE
 10
0.0
 20
0.0
 30
0.0
  9
$PLIMCHECK
 70
0
  9
$PEXTMIN
 10
1e+20
 20
1e+20
 30
1e+20
  9
$PEXTMAX
 10
-1e+20
 20
-1e+20
 30
-1e+20
  9
$PLIMMIN
 10
0.0
 20
0.0
  9
$PLIMMAX
 10
420.0
 20
297.0
  9
$UNITMODE
 70
0
  9
$VISRETAIN
 70
1
  9
$PLINEGEN
 70
0
  9
$PSLTSCALE
 70
1
  9
$TREEDEPTH
 70
3020
  9
$CMLSTYLE
  2
Standard
  9
$CMLJUST
 70
0
  9
$CMLSCALE
 40
20.0
  9
$PROXYGRAPHICS
 70
1
  9
$MEASUREMENT
 70
1
  9
$CELWEIGHT
370
-1
  9
$ENDCAPS
280
0
  9
$JOINSTYLE
280
0
  9
$LWDISPLAY
290
0
  9
$INSUNITS
 70
4
  9
$HYPERLINKBASE
  1

  9
$STYLESHEET
  1

  9
$XEDIT
290
1
  9
$CEPSNTYPE
380
0
  9
$PSTYLEMODE
290
1
  9
$FINGERPRINTGUID
  2
{B28E28E3-F4BC-4572-975D-BE15120C5779}
  9
$VERSIONGUID
  2
{320194A6-EDCF-41E4-9984-1B1745761B7A}
  9
$EXTNAMES
290
1
  9
$PSVPSCALE
 40
0.0
  9
$OLESTARTUP
290
0
  9
$SORTENTS
280
127
  9
$INDEXCTL
280
0
  9
$HIDETEXT
280
1
  9
$XCLIPFRAME
280
1
  9
$HALOGAP
280
0
  9
$OBSCOLOR
 70
257
  9
$OBSLTYPE
280
0
  9
$INTERSECTIONDISPLAY
280
0
  9
$INTERSECTIONCOLOR
 70
257
  9
$DIMASSOC
280
2
  9
$PROJECTNAME
  1

  9
$CAMERADISPLAY
290
0
  9
$LENSLENGTH
 40
50.0
  9
$CAMERAHEIGHT
 40
0.0
  9
$STEPSPERSEC
 40
24.0
  9
$STEPSIZE
 40
100.0
  9
$3DDWFPREC
 40
2.0
  9
$PSOLWIDTH
 40
0.005
  9
$PSOLHEIGHT
 40
0.08
  9
$LOFTANG1
 40
1.570796326795
  9
$LOFTANG2
 40
1.570796326795
  9
$LOFTMAG1
 40
0.0
  9
$LOFTMAG2
 40
0.0
  9
$LOFTPARAM
 70
7
  9
$LOFTNORMALS
280
1
  9
$LATITUDE
 40
37.795
  9
$LONGITUDE
 40
-122.394
  9
$NORTHDIRECTION
 40
0.0
  9
$TIMEZONE
 70
-8000
  9
$LIGHTGLYPHDISPLAY
280
1
  9
$TILEMODELIGHTSYNCH
280
1
  9
$CMATERIAL
347
20
  9
$SOLIDHIST
280
0
  9
$SHOWHIST
280
1
  9
$DWFFRAME
280
2
  9
$DGNFRAME
280
2
  9
$REALWORLDSCALE
290
1
  9
$INTERFERECOLOR
 62
256
  9
$CSHADOW
280
0
  9
$SHADOWPLANELOCATION
 40
0.0
  0
ENDSEC
  0
SECTION
  2
CLASSES
  0
CLASS
  1
ACDBDICTIONARYWDFLT
  2
AcDbDictionaryWithDefault
  3
ObjectDBX Classes
 90
0
 91
0
280
0
281
0
  0
CLASS
  1
SUN
  2
AcDbSun
  3
SCENEOE
 90
1153
 91
0
280
0
281
0
  0
CLASS
  1
VISUALSTYLE
  2
AcDbVisualStyle
  3
ObjectDBX Classes
 90
4095
 91
0
280
0
281
0
  0
CLASS
  1
MATERIAL
  2
AcDbMaterial
  3
ObjectDBX Classes
 90
1153
 91
0
280
0
281
0
  0
CLASS
  1
SCALE
  2
AcDbScale
  3
ObjectDBX Classes
 90
1153
 91
0
280
0
281
0
  0
CLASS
  1
TABLESTYLE
  2
AcDbTableStyle
  3
ObjectDBX Classes
 90
4095
 91
0
280
0
281
0
  0
CLASS
  1
MLEADERSTYLE
  2
AcDbMLeaderStyle
  3
ACDB_MLEADERSTYLE_CLASS
 90
4095
 91
0
280
0
281
0
  0
CLASS
  1
DICTIONARYVAR
  2
AcDbDictionaryVar
  3
ObjectDBX Classes
 90
0
 91
0
280
0
281
0
  0
CLASS
  1
CELLSTYLEMAP
  2
AcDbCellStyleMap
  3
ObjectDBX Classes
 90
1152
 91
0
280
0
281
0
  0
CLASS
  1
MENTALRAYRENDERSETTINGS
  2
AcDbMentalRayRenderSettings
  3
SCENEOE
 90
1024
 91
0
280
0
281
0
  0
CLASS
  1
ACDBDETAILVIEWSTYLE
  2
AcDbDetailViewStyle
  3
ObjectDBX Classes
 90
1025
 91
0
280
0
281
0
  0
CLASS
  1
ACDBSECTIONVIEWSTYLE
  2
AcDbSectionViewStyle
  3
ObjectDBX Classes
 90
1025
 91
0
280
0
281
0
  0
CLASS
  1
RASTERVARIABLES
  2
AcDbRasterVariables
  3
ISM
 90
0
 91
0
280
0
281
0
  0
CLASS
  1
ACDBPLACEHOLDER
  2
AcDbPlaceHolder
  3
ObjectDBX Classes
 90
0
 91
0
280
0
281
0
  0
CLASS
  1
LAYOUT
  2
AcDbLayout
  3
ObjectDBX Classes
 90
0
 91
0
280
0
281
0
  0
ENDSEC
  0
SECTION
  2
TABLES
  0
TABLE
  2
VPORT
  5
8
330
0
100
AcDbSymbolTable
 70
1
  0
VPORT
  5
23
330
8
100
AcDbSymbolTableRecord
100
AcDbViewportTableRecord
  2
*Active
 70
0
 10
0.0
 20
0.0
 11
1.0
 21
1.0
 12
0.0
 22
0.0
 13
0.0
 23
0.0
 14
0.5
 24
0.5
 15
0.5
 25
0.5
 16
0.0
 26
0.0
 36
1.0
 17
0.0
 27
0.0
 37
0.0
 40
1000.0
 41
1.34
 42
50.0
 43
0.0
 44
0.0
 50
0.0
 51
0.0
 71
0
 72
1000
 73
1
 74
3
 75
0
 76
0
 77
0
 78
0
281
0
 65
0
146
0.0
  0
ENDTAB
  0
TABLE
  2
LTYPE
  5
2
330
0
100
AcDbSymbolTable
 70
21
  0
LTYPE
  5
24
330
2
100
AcDbSymbolTableRecord
100
AcDbLinetypeTableRecord
  2
ByBlock
 70
0
  3

 72
65
 73
0
 40
0.0
  0
LTYPE
  5
25
330
2
100
AcDbSymbolTableRecord
100
AcDbLinetypeTableRecord
  2
ByLayer
 70
0
  3

 72
65
 73
0
 40
0.0
  0
LTYPE
  5
26
330
2
100
AcDbSymbolTableRecord
100
AcDbLinetypeTableRecord
  2
Continuous
 70
0
  3

 72
65
 73
0
 40
0.0
  0
LTYPE
  5
2F
330
2
100
AcDbSymbolTableRecord
100
AcDbLinetypeTableRecord
  2
CENTER
 70
0
  3
Center ____ _ ____ _ ____ _ ____ _ ____ _ ____
 72
65
 73
4
 40
5.08
 49
3.175
 74
0
 49
-0.635
 74
0
 49
0.635
 74
0
 49
-0.635
 74
0
  0
LTYPE
  5
30
330
2
100
AcDbSymbolTableRecord
100
AcDbLinetypeTableRecord
  2
CENTERX2
 70
0
  3
Center (2x) ________  __  ________  __  ________
 72
65
 73
4
 40
8.89
 49
6.35
 74
0
 49
-0.635
 74
0
 49
1.27
 74
0
 49
-0.635
 74
0
  0
LTYPE
  5
31
330
2
100
AcDbSymbolTableRecord
100
AcDbLinetypeTableRecord
  2
CENTER2
 70
0
  3
Center (.5x) ____ _ ____ _ ____ _ ____ _ ____
 72
65
 73
4
 40
2.54
 49
1.587
 74
0
 49
-0.318
 74
0
 49
0.318
 74
0
 49
-0.318
 74
0
  0
LTYPE
  5
32
330
2
100
AcDbSymbolTableRecord
100
AcDbLinetypeTableRecord
  2
DASHED
 70
0
  3
Dashed __ __ __ __ __ __ __ __ __ __ __ __ __ _
 72
65
 73
2
 40
1.524
 49
1.27
 74
0
 49
-0.254
 74
0
  0
LTYPE
  5
33
330
2
100
AcDbSymbolTableRecord
100
AcDbLinetypeTableRecord
  2
DASHEDX2
 70
0
  3
Dashed (2x) ____  ____  ____  ____  ____  ____
 72
65
 73
2
 40
3.048
 49
2.54
 74
0
 49
-0.508
 74
0
  0
LTYPE
  5
34
330
2
100
AcDbSymbolTableRecord
100
AcDbLinetypeTableRecord
  2
DASHED2
 70
0
  3
Dashed (.5x) _ _ _ _ _ _ _ _ _ _ _ _ _ _
 72
65
 73
2
 40
0.762
 49
0.635
 74
0
 49
-0.127
 74
0
  0
LTYPE
  5
35
330
2
100
AcDbSymbolTableRecord
100
AcDbLinetypeTableRecord
  2
PHANTOM
 70
0
  3
Phantom ______  __  __  ______  __  __  ______
 72
65
 73
6
 40
6.35
 49
3.175
 74
0
 49
-0.635
 74
0
 49
0.635
 74
0
 49
-0.635
 74
0
 49
0.635
 74
0
 49
-0.635
 74
0
  0
LTYPE
  5
36
330
2
100
AcDbSymbolTableRecord
100
AcDbLinetypeTableRecord
  2
PHANTOMX2
 70
0
  3
Phantom (2x)____________    ____    ____    ____________
 72
65
 73
6
 40
10.795
 49
6.35
 74
0
 49
-0.635
 74
0
 49
1.27
 74
0
 49
-0.635
 74
0
 49
1.27
 74
0
 49
-0.635
 74
0
  0
LTYPE
  5
37
330
2
100
AcDbSymbolTableRecord
100
AcDbLinetypeTableRecord
  2
PHANTOM2
 70
0
  3
Phantom (.5x) ___ _ _ ___ _ _ ___ _ _ ___ _ _ ___
 72
65
 73
6
 40
3.175
 49
1.587
 74
0
 49
-0.318
 74
0
 49
0.318
 74
0
 49
-0.318
 74
0
 49
0.318
 74
0
 49
-0.318
 74
0
  0
LTYPE
  5
38
330
2
100
AcDbSymbolTableRecord
100
AcDbLinetypeTableRecord
  2
DASHDOT
 70
0
  3
Dash dot __ . __ . __ . __ . __ . __ . __ . __
 72
65
 73
4
 40
3.556
 49
2.54
 74
0
 49
-0.508
 74
0
 49
0.0
 74
0
 49
-0.508
 74
0
  0
LTYPE
  5
39
330
2
100
AcDbSymbolTableRecord
100
AcDbLinetypeTableRecord
  2
DASHDOTX2
 70
0
  3
Dash dot (2x) ____  .  ____  .  ____  .  ____
 72
65
 73
4
 40
6.096
 49
5.08
 74
0
 49
-0.508
 74
0
 49
0.0
 74
0
 49
-0.508
 74
0
  0
LTYPE
  5
3A
330
2
100
AcDbSymbolTableRecord
100
AcDbLinetypeTableRecord
  2
DASHDOT2
 70
0
  3
Dash dot (.5x) _ . _ . _ . _ . _ . _ . _ . _
 72
65
 73
4
 40
1.778
 49
1.27
 74
0
 49
-0.254
 74
0
 49
0.0
 74
0
 49
-0.254
 74
0
  0
LTYPE
  5
3B
330
2
100
AcDbSymbolTableRecord
100
AcDbLinetypeTableRecord
  2
DOT
 70
0
  3
Dot .  .  .  .  .  .  .  .  .  .  .  .  .  .  .  .
 72
65
 73
2
 40
0.508
 49
0.0
 74
0
 49
-0.508
 74
0
  0
LTYPE
  5
3C
330
2
100
AcDbSymbolTableRecord
100
AcDbLinetypeTableRecord
  2
DOTX2
 70
0
  3
Dot (2x) .    .    .    .    .    .    .    . 
 72
65
 73
2
 40
1.016
 49
0.0
 74
0
 49
-1.016
 74
0
  0
LTYPE
  5
3D
330
2
100
AcDbSymbolTableRecord
100
AcDbLinetypeTableRecord
  2
DOT2
 70
0
  3
Dot (.5) . . . . . . . . . . . . . . . . . . . 
 72
65
 73
2
 40
0.254
 49
0.0
 74
0
 49
-0.254
 74
0
  0
LTYPE
  5
3E
330
2
100
AcDbSymbolTableRecord
100
AcDbLinetypeTableRecord
  2
DIVIDE
 70
0
  3
Divide __ . . __ . . __ . . __ . . __ . . __
 72
65
 73
6
 40
4.064
 49
2.54
 74
0
 49
-0.508
 74
0
 49
0.0
 74
0
 49
-0.508
 74
0
 49
0.0
 74
0
 49
-0.508
 74
0
  0
LTYPE
  5
3F
330
2
100
AcDbSymbolTableRecord
100
AcDbLinetypeTableRecord
  2
DIVIDEX2
 70
0
  3
Divide (2x) ____  . .  ____  . .  ____  . .  ____
 72
65
 73
6
 40
6.604
 49
5.08
 74
0
 49
-0.508
 74
0
 49
0.0
 74
0
 49
-0.508
 74
0
 49
0.0
 74
0
 49
-0.508
 74
0
  0
LTYPE
  5
40
330
2
100
AcDbSymbolTableRecord
100
AcDbLinetypeTableRecord
  2
DIVIDE2
 70
0
  3
Divide(.5x) _ . _ . _ . _ . _ . _ . _ . _
 72
65
 73
6
 40
2.032
 49
1.27
 74
0
 49
-0.254
 74
0
 49
0.0
 74
0
 49
-0.254
 74
0
 49
0.0
 74
0
 49
-0.254
 74
0
  0
ENDTAB
  0
TABLE
  2
LAYER
  5
1
330
0
100
AcDbSymbolTable
 70
16
  0
LAYER
  5
27
330
1
100
AcDbSymbolTableRecord
100
AcDbLayerTableRecord
  2
0
 70
0
 62
7
  6
Continuous
370
-3
390
13
347
21
  0
LAYER
  5
28
330
1
100
AcDbSymbolTableRecord
100
AcDbLayerTableRecord
  2
Defpoints
 70
0
 62
7
  6
Continuous
290
0
370
-3
390
13
347
21
  0
LAYER
  5
8B
330
1
100
AcDbSymbolTableRecord
100
AcDbLayerTableRecord
  2
FRAME
 70
0
 62
7
  6
CONTINUOUS
370
-3
390
13
347
21
  0
LAYER
  5
8C
330
1
100
AcDbSymbolTableRecord
100
AcDbLayerTableRecord
  2
AR-WALLS
 70
0
 62
7
  6
CONTINUOUS
370
-3
390
13
347
21
  0
LAYER
  5
8D
330
1
100
AcDbSymbolTableRecord
100
AcDbLayerTableRecord
  2
AR-NEW
 70
0
 62
5
  6
CONTINUOUS
370
-3
390
13
347
21
  0
LAYER
  5
8E
330
1
100
AcDbSymbolTableRecord
100
AcDbLayerTableRecord
  2
AR-DEMO
 70
0
 62
1
  6
DASHED
370
-3
390
13
347
21
  0
LAYER
  5
8F
330
1
100
AcDbSymbolTableRecord
100
AcDbLayerTableRecord
  2
FURN
 70
0
 62
8
  6
CONTINUOUS
370
-3
390
13
347
21
  0
LAYER
  5
90
330
1
100
AcDbSymbolTableRecord
100
AcDbLayerTableRecord
  2
EL-LIGHT
 70
0
 62
30
  6
CONTINUOUS
370
-3
390
13
347
21
  0
LAYER
  5
91
330
1
100
AcDbSymbolTableRecord
100
AcDbLayerTableRecord
  2
EL-SOCKET
 70
0
 62
6
  6
CONTINUOUS
370
-3
390
13
347
21
  0
LAYER
  5
92
330
1
100
AcDbSymbolTableRecord
100
AcDbLayerTableRecord
  2
EL-LOW
 70
0
 62
3
  6
CONTINUOUS
370
-3
390
13
347
21
  0
LAYER
  5
93
330
1
100
AcDbSymbolTableRecord
100
AcDbLayerTableRecord
  2
VK
 70
0
 62
4
  6
CONTINUOUS
370
-3
390
13
347
21
  0
LAYER
  5
94
330
1
100
AcDbSymbolTableRecord
100
AcDbLayerTableRecord
  2
OV
 70
0
 62
3
  6
CONTINUOUS
370
-3
390
13
347
21
  0
LAYER
  5
95
330
1
100
AcDbSymbolTableRecord
100
AcDbLayerTableRecord
  2
DIM
 70
0
 62
7
  6
CONTINUOUS
370
-3
390
13
347
21
  0
LAYER
  5
96
330
1
100
AcDbSymbolTableRecord
100
AcDbLayerTableRecord
  2
TEXT
 70
0
 62
7
  6
CONTINUOUS
370
-3
390
13
347
21
  0
LAYER
  5
97
330
1
100
AcDbSymbolTableRecord
100
AcDbLayerTableRecord
  2
AR-FIN
 70
0
 62
9
  6
CONTINUOUS
370
-3
390
13
347
21
  0
LAYER
  5
98
330
1
100
AcDbSymbolTableRecord
100
AcDbLayerTableRecord
  2
BASE
 70
0
 62
9
  6
CONTINUOUS
370
-3
390
13
347
21
  0
ENDTAB
  0
TABLE
  2
STYLE
  5
5
330
0
100
AcDbSymbolTable
 70
27
  0
STYLE
  5
29
330
5
100
AcDbSymbolTableRecord
100
AcDbTextStyleTableRecord
  2
Standard
 70
0
 40
0.0
 41
1.0
 50
0.0
 71
0
 42
2.5
  3
DejaVuSans.ttf
  4

  0
STYLE
  5
41
330
5
100
AcDbSymbolTableRecord
100
AcDbTextStyleTableRecord
  2
OpenSans-Light
 70
0
 40
0.0
 41
1.0
 50
0.0
 71
0
 42
2.5
  3
OpenSans-Light.ttf
  4

  0
STYLE
  5
42
330
5
100
AcDbSymbolTableRecord
100
AcDbTextStyleTableRecord
  2
OpenSans-Light-Italic
 70
0
 40
0.0
 41
1.0
 50
0.0
 71
0
 42
2.5
  3
OpenSans-LightItalic.ttf
  4

  0
STYLE
  5
43
330
5
100
AcDbSymbolTableRecord
100
AcDbTextStyleTableRecord
  2
OpenSans
 70
0
 40
0.0
 41
1.0
 50
0.0
 71
0
 42
2.5
  3
OpenSans-Regular.ttf
  4

  0
STYLE
  5
44
330
5
100
AcDbSymbolTableRecord
100
AcDbTextStyleTableRecord
  2
OpenSans-Italic
 70
0
 40
0.0
 41
1.0
 50
0.0
 71
0
 42
2.5
  3
OpenSans-Italic.ttf
  4

  0
STYLE
  5
45
330
5
100
AcDbSymbolTableRecord
100
AcDbTextStyleTableRecord
  2
OpenSans-SemiBold
 70
0
 40
0.0
 41
1.0
 50
0.0
 71
0
 42
2.5
  3
OpenSans-SemiBold.ttf
  4

  0
STYLE
  5
46
330
5
100
AcDbSymbolTableRecord
100
AcDbTextStyleTableRecord
  2
OpenSans-SemiBoldItalic
 70
0
 40
0.0
 41
1.0
 50
0.0
 71
0
 42
2.5
  3
OpenSans-SemiBoldItalic.ttf
  4

  0
STYLE
  5
47
330
5
100
AcDbSymbolTableRecord
100
AcDbTextStyleTableRecord
  2
OpenSans-Bold
 70
0
 40
0.0
 41
1.0
 50
0.0
 71
0
 42
2.5
  3
OpenSans-Bold.ttf
  4

  0
STYLE
  5
48
330
5
100
AcDbSymbolTableRecord
100
AcDbTextStyleTableRecord
  2
OpenSans-BoldItalic
 70
0
 40
0.0
 41
1.0
 50
0.0
 71
0
 42
2.5
  3
OpenSans-BoldItalic.ttf
  4

  0
STYLE
  5
49
330
5
100
AcDbSymbolTableRecord
100
AcDbTextStyleTableRecord
  2
OpenSans-ExtraBold
 70
0
 40
0.0
 41
1.0
 50
0.0
 71
0
 42
2.5
  3
OpenSans-ExtraBold.ttf
  4

  0
STYLE
  5
4A
330
5
100
AcDbSymbolTableRecord
100
AcDbTextStyleTableRecord
  2
OpenSans-ExtraBoldItalic
 70
0
 40
0.0
 41
1.0
 50
0.0
 71
0
 42
2.5
  3
OpenSans-ExtraBoldItalic.ttf
  4

  0
STYLE
  5
4B
330
5
100
AcDbSymbolTableRecord
100
AcDbTextStyleTableRecord
  2
OpenSansCondensed-Bold
 70
0
 40
0.0
 41
1.0
 50
0.0
 71
0
 42
2.5
  3
OpenSansCondensed-Bold.ttf
  4

  0
STYLE
  5
4C
330
5
100
AcDbSymbolTableRecord
100
AcDbTextStyleTableRecord
  2
OpenSansCondensed-Light
 70
0
 40
0.0
 41
1.0
 50
0.0
 71
0
 42
2.5
  3
OpenSansCondensed-Light.ttf
  4

  0
STYLE
  5
4D
330
5
100
AcDbSymbolTableRecord
100
AcDbTextStyleTableRecord
  2
OpenSansCondensed-Italic
 70
0
 40
0.0
 41
1.0
 50
0.0
 71
0
 42
2.5
  3
OpenSansCondensed-LightItalic.ttf
  4

  0
STYLE
  5
4E
330
5
100
AcDbSymbolTableRecord
100
AcDbTextStyleTableRecord
  2
LiberationSans
 70
0
 40
0.0
 41
1.0
 50
0.0
 71
0
 42
2.5
  3
LiberationSans-Regular.ttf
  4

  0
STYLE
  5
4F
330
5
100
AcDbSymbolTableRecord
100
AcDbTextStyleTableRecord
  2
LiberationSans-Bold
 70
0
 40
0.0
 41
1.0
 50
0.0
 71
0
 42
2.5
  3
LiberationSans-Bold.ttf
  4

  0
STYLE
  5
50
330
5
100
AcDbSymbolTableRecord
100
AcDbTextStyleTableRecord
  2
LiberationSans-BoldItalic
 70
0
 40
0.0
 41
1.0
 50
0.0
 71
0
 42
2.5
  3
LiberationSans-BoldItalic.ttf
  4

  0
STYLE
  5
51
330
5
100
AcDbSymbolTableRecord
100
AcDbTextStyleTableRecord
  2
LiberationSans-Italic
 70
0
 40
0.0
 41
1.0
 50
0.0
 71
0
 42
2.5
  3
LiberationSans-Italic.ttf
  4

  0
STYLE
  5
52
330
5
100
AcDbSymbolTableRecord
100
AcDbTextStyleTableRecord
  2
LiberationSerif
 70
0
 40
0.0
 41
1.0
 50
0.0
 71
0
 42
2.5
  3
LiberationSerif-Regular.ttf
  4

  0
STYLE
  5
53
330
5
100
AcDbSymbolTableRecord
100
AcDbTextStyleTableRecord
  2
LiberationSerif-Bold
 70
0
 40
0.0
 41
1.0
 50
0.0
 71
0
 42
2.5
  3
LiberationSerif-Bold.ttf
  4

  0
STYLE
  5
54
330
5
100
AcDbSymbolTableRecord
100
AcDbTextStyleTableRecord
  2
LiberationSerif-BoldItalic
 70
0
 40
0.0
 41
1.0
 50
0.0
 71
0
 42
2.5
  3
LiberationSerif-BoldItalic.ttf
  4

  0
STYLE
  5
55
330
5
100
AcDbSymbolTableRecord
100
AcDbTextStyleTableRecord
  2
LiberationSerif-Italic
 70
0
 40
0.0
 41
1.0
 50
0.0
 71
0
 42
2.5
  3
LiberationSerif-Italic.ttf
  4

  0
STYLE
  5
56
330
5
100
AcDbSymbolTableRecord
100
AcDbTextStyleTableRecord
  2
LiberationMono
 70
0
 40
0.0
 41
1.0
 50
0.0
 71
0
 42
2.5
  3
LiberationMono-Regular.ttf
  4

  0
STYLE
  5
57
330
5
100
AcDbSymbolTableRecord
100
AcDbTextStyleTableRecord
  2
LiberationMono-Bold
 70
0
 40
0.0
 41
1.0
 50
0.0
 71
0
 42
2.5
  3
LiberationMono-Bold.ttf
  4

  0
STYLE
  5
58
330
5
100
AcDbSymbolTableRecord
100
AcDbTextStyleTableRecord
  2
LiberationMono-BoldItalic
 70
0
 40
0.0
 41
1.0
 50
0.0
 71
0
 42
2.5
  3
LiberationMono-BoldItalic.ttf
  4

  0
STYLE
  5
59
330
5
100
AcDbSymbolTableRecord
100
AcDbTextStyleTableRecord
  2
LiberationMono-Italic
 70
0
 40
0.0
 41
1.0
 50
0.0
 71
0
 42
2.5
  3
LiberationMono-Italic.ttf
  4

  0
STYLE
  5
8A
330
5
100
AcDbSymbolTableRecord
100
AcDbTextStyleTableRecord
  2
GOST
 70
0
 40
0.0
 41
1.0
 50
0.0
 71
0
 42
2.5
  3
DejaVuSans.ttf
  4

  0
ENDTAB
  0
TABLE
  2
VIEW
  5
7
330
0
100
AcDbSymbolTable
 70
0
  0
ENDTAB
  0
TABLE
  2
UCS
  5
6
330
0
100
AcDbSymbolTable
 70
0
  0
ENDTAB
  0
TABLE
  2
APPID
  5
3
330
0
100
AcDbSymbolTable
 70
3
  0
APPID
  5
2A
330
3
100
AcDbSymbolTableRecord
100
AcDbRegAppTableRecord
  2
ACAD
 70
0
  0
APPID
  5
5F4
330
3
100
AcDbSymbolTableRecord
100
AcDbRegAppTableRecord
  2
HATCHBACKGROUNDCOLOR
 70
0
  0
APPID
  5
5F5
330
3
100
AcDbSymbolTableRecord
100
AcDbRegAppTableRecord
  2
EZDXF
 70
0
  0
ENDTAB
  0
TABLE
  2
DIMSTYLE
  5
4
330
0
100
AcDbSymbolTable
 70
12
100
AcDbDimStyleTable
  0
DIMSTYLE
105
2B
330
4
100
AcDbSymbolTableRecord
100
AcDbDimStyleTableRecord
  2
Standard
 70
0
 40
1.0
 41
2.5
 42
0.625
 43
3.75
 44
1.25
 45
0.0
 46
0.0
 47
0.0
 48
0.0
 49
2.5
140
2.5
141
2.5
142
0.0
143
0.03937007874
144
1.0
145
0.0
146
1.0
147
0.625
148
0.0
 69
0
 70
0
 71
0
 72
0
 73
0
 74
0
 75
0
 76
0
 77
1
 78
8
 79
3
170
0
171
3
172
1
173
0
174
0
175
0
176
0
177
0
178
0
179
2
271
2
272
2
273
2
274
3
275
0
276
0
277
2
278
44
279
0
280
0
281
0
282
0
283
0
284
8
285
0
286
0
288
0
289
3
290
0
371
-2
372
-2
  0
DIMSTYLE
105
73
330
4
100
AcDbSymbolTableRecord
100
AcDbDimStyleTableRecord
  2
EZDXF
 70
0
 40
1.0
 41
0.175
 42
0.125
 43
3.75
 44
0.375
 45
0.0
 46
0.0
 47
0.0
 48
0.0
 49
2.5
140
0.25
141
2.5
142
0.0
143
0.03937007874
144
100.0
145
0.0
146
0.5
147
0.1
148
0.0
 69
0
 70
0
 71
0
 72
0
 73
0
 74
0
 75
0
 76
0
 77
1
 78
12
 79
3
170
0
171
3
172
1
173
0
174
0
175
0
176
0
177
0
178
0
179
2
271
2
272
2
273
2
274
3
275
0
276
0
277
2
278
46
279
2
280
0
281
0
282
0
283
0
284
8
285
0
286
0
288
1
289
3
290
0
340
4C
342
74
371
-2
372
-2
  0
DIMSTYLE
105
7C
330
4
100
AcDbSymbolTableRecord
100
AcDbDimStyleTableRecord
  2
EZ_M_100_H25_CM
 70
0
 40
1.0
 41
0.25
 42
0.125
 43
3.75
 44
0.375
 45
0.0
 46
0.0
 47
0.0
 48
0.0
 49
2.5
140
0.25
141
2.5
142
0.125
143
0.03937007874
144
100.0
145
0.0
146
0.5
147
0.1
148
0.0
 69
0
 70
0
 71
0
 72
0
 73
0
 74
0
 75
0
 76
0
 77
1
 78
12
 79
3
170
0
171
3
172
1
173
0
174
0
175
0
176
0
177
0
178
0
179
2
271
2
272
2
273
2
274
3
275
0
276
0
277
2
278
46
279
2
280
0
281
0
282
0
283
0
284
8
285
0
286
0
288
1
289
3
290
0
340
4C
371
-2
372
-2
  0
DIMSTYLE
105
7D
330
4
100
AcDbSymbolTableRecord
100
AcDbDimStyleTableRecord
  2
EZ_M_50_H25_CM
 70
0
 40
1.0
 41
0.125
 42
0.0625
 43
3.75
 44
0.1875
 45
0.0
 46
0.0
 47
0.0
 48
0.0
 49
2.5
140
0.125
141
2.5
142
0.0625
143
0.03937007874
144
100.0
145
0.0
146
0.5
147
0.05
148
0.0
 69
0
 70
0
 71
0
 72
0
 73
0
 74
0
 75
0
 76
0
 77
1
 78
12
 79
3
170
0
171
3
172
1
173
0
174
0
175
0
176
0
177
0
178
0
179
2
271
2
272
2
273
2
274
3
275
0
276
0
277
2
278
46
279
2
280
0
281
0
282
0
283
0
284
8
285
0
286
0
288
1
289
3
290
0
340
4C
371
-2
372
-2
  0
DIMSTYLE
105
7E
330
4
100
AcDbSymbolTableRecord
100
AcDbDimStyleTableRecord
  2
EZ_M_25_H25_CM
 70
0
 40
1.0
 41
0.0625
 42
0.03125
 43
3.75
 44
0.09375
 45
0.0
 46
0.0
 47
0.0
 48
0.0
 49
2.5
140
0.0625
141
2.5
142
0.03125
143
0.03937007874
144
100.0
145
0.0
146
0.5
147
0.025
148
0.0
 69
0
 70
0
 71
0
 72
0
 73
0
 74
0
 75
0
 76
0
 77
1
 78
12
 79
3
170
0
171
3
172
1
173
0
174
0
175
0
176
0
177
0
178
0
179
2
271
2
272
2
273
2
274
3
275
0
276
0
277
2
278
46
279
2
280
0
281
0
282
0
283
0
284
8
285
0
286
0
288
1
289
3
290
0
340
4C
371
-2
372
-2
  0
DIMSTYLE
105
7F
330
4
100
AcDbSymbolTableRecord
100
AcDbDimStyleTableRecord
  2
EZ_M_20_H25_CM
 70
0
 40
1.0
 41
0.05
 42
0.025
 43
3.75
 44
0.07500000000000001
 45
0.0
 46
0.0
 47
0.0
 48
0.0
 49
2.5
140
0.05
141
2.5
142
0.025
143
0.03937007874
144
100.0
145
0.0
146
0.5
147
0.020000000000000004
148
0.0
 69
0
 70
0
 71
0
 72
0
 73
0
 74
0
 75
0
 76
0
 77
1
 78
12
 79
3
170
0
171
3
172
1
173
0
174
0
175
0
176
0
177
0
178
0
179
2
271
2
272
2
273
2
274
3
275
0
276
0
277
2
278
46
279
2
280
0
281
0
282
0
283
0
284
8
285
0
286
0
288
1
289
3
290
0
340
4C
371
-2
372
-2
  0
DIMSTYLE
105
80
330
4
100
AcDbSymbolTableRecord
100
AcDbDimStyleTableRecord
  2
EZ_M_10_H25_CM
 70
0
 40
1.0
 41
0.025
 42
0.0125
 43
3.75
 44
0.037500000000000006
 45
0.0
 46
0.0
 47
0.0
 48
0.0
 49
2.5
140
0.025
141
2.5
142
0.0125
143
0.03937007874
144
100.0
145
0.0
146
0.5
147
0.010000000000000002
148
0.0
 69
0
 70
0
 71
0
 72
0
 73
0
 74
0
 75
0
 76
0
 77
1
 78
12
 79
3
170
0
171
3
172
1
173
0
174
0
175
0
176
0
177
0
178
0
179
2
271
2
272
2
273
2
274
3
275
0
276
0
277
2
278
46
279
2
280
0
281
0
282
0
283
0
284
8
285
0
286
0
288
1
289
3
290
0
340
4C
371
-2
372
-2
  0
DIMSTYLE
105
81
330
4
100
AcDbSymbolTableRecord
100
AcDbDimStyleTableRecord
  2
EZ_M_5_H25_CM
 70
0
 40
1.0
 41
0.0125
 42
0.00625
 43
3.75
 44
0.018750000000000003
 45
0.0
 46
0.0
 47
0.0
 48
0.0
 49
2.5
140
0.0125
141
2.5
142
0.00625
143
0.03937007874
144
100.0
145
0.0
146
0.5
147
0.005000000000000001
148
0.0
 69
0
 70
0
 71
0
 72
0
 73
0
 74
0
 75
0
 76
0
 77
1
 78
12
 79
3
170
0
171
3
172
1
173
0
174
0
175
0
176
0
177
0
178
0
179
2
271
2
272
2
273
2
274
3
275
0
276
0
277
2
278
46
279
2
280
0
281
0
282
0
283
0
284
8
285
0
286
0
288
1
289
3
290
0
340
4C
371
-2
372
-2
  0
DIMSTYLE
105
82
330
4
100
AcDbSymbolTableRecord
100
AcDbDimStyleTableRecord
  2
EZ_M_1_H25_CM
 70
0
 40
1.0
 41
0.0025
 42
0.00125
 43
3.75
 44
0.00375
 45
0.0
 46
0.0
 47
0.0
 48
0.0
 49
2.5
140
0.0025
141
2.5
142
0.00125
143
0.03937007874
144
100.0
145
0.0
146
0.5
147
0.001
148
0.0
 69
0
 70
0
 71
0
 72
0
 73
0
 74
0
 75
0
 76
0
 77
1
 78
12
 79
3
170
0
171
3
172
1
173
0
174
0
175
0
176
0
177
0
178
0
179
2
271
2
272
2
273
2
274
3
275
0
276
0
277
2
278
46
279
2
280
0
281
0
282
0
283
0
284
8
285
0
286
0
288
1
289
3
290
0
340
4C
371
-2
372
-2
  0
DIMSTYLE
105
83
330
4
100
AcDbSymbolTableRecord
100
AcDbDimStyleTableRecord
  2
EZ_RADIUS
 70
0
 40
1.0
 41
0.25
 42
0.125
 43
3.75
 44
0.375
 45
0.0
 46
0.0
 47
0.0
 48
0.0
 49
2.5
140
0.25
141
0.0
142
0.0
143
0.03937007874
144
100.0
145
0.0
146
0.5
147
0.1
148
0.0
 69
0
 70
0
 71
0
 72
0
 73
0
 74
0
 75
0
 76
0
 77
1
 78
12
 79
3
170
0
171
3
172
0
173
0
174
0
175
0
176
0
177
0
178
0
179
2
271
2
272
2
273
2
274
3
275
0
276
0
277
2
278
46
279
1
280
0
281
0
282
0
283
0
284
8
285
0
286
0
288
1
289
3
290
0
340
4C
342
84
371
-2
372
-2
  0
DIMSTYLE
105
88
330
4
100
AcDbSymbolTableRecord
100
AcDbDimStyleTableRecord
  2
EZ_RADIUS_INSIDE
 70
0
 40
1.0
 41
0.25
 42
0.125
 43
3.75
 44
0.375
 45
0.0
 46
0.0
 47
0.0
 48
0.0
 49
2.5
140
0.25
141
0.0
142
0.0
143
0.03937007874
144
100.0
145
0.0
146
0.5
147
0.1
148
0.0
 69
0
 70
0
 71
0
 72
0
 73
0
 74
0
 75
0
 76
0
 77
0
 78
12
 79
3
170
0
171
3
172
0
173
0
174
1
175
0
176
0
177
0
178
0
179
2
271
2
272
2
273
2
274
3
275
0
276
0
277
2
278
46
279
0
280
0
281
0
282
0
283
0
284
8
285
0
286
0
288
1
289
0
290
0
340
4C
342
84
371
-2
372
-2
  0
DIMSTYLE
105
89
330
4
100
AcDbSymbolTableRecord
100
AcDbDimStyleTableRecord
  2
EZ_CURVED
 70
0
 40
1.0
 41
0.25
 42
0.125
 43
3.75
 44
0.375
 45
0.0
 46
0.0
 47
0.0
 48
0.0
 49
2.5
140
0.25
141
2.5
142
0.0
143
0.03937007874
144
100.0
145
0.0
146
0.5
147
0.1
148
0.0
 69
0
 70
0
 71
0
 72
0
 73
0
 74
0
 75
0
 76
0
 77
1
 78
12
 79
2
 90
2
170
0
171
3
172
1
173
0
174
0
175
0
176
0
177
0
178
0
179
2
271
2
272
2
273
2
274
3
275
0
276
0
277
2
278
46
279
2
280
0
281
0
282
0
283
0
284
8
285
0
286
0
288
1
289
3
290
0
340
4C
371
-2
372
-2
  0
ENDTAB
  0
TABLE
  2
BLOCK_RECORD
  5
9
330
0
100
AcDbSymbolTable
 70
5
  0
BLOCK_RECORD
  5
17
330
9
100
AcDbSymbolTableRecord
100
AcDbBlockTableRecord
  2
*Model_Space
340
1A
 70
0
280
1
281
0
  0
BLOCK_RECORD
  5
1B
330
9
100
AcDbSymbolTableRecord
100
AcDbBlockTableRecord
  2
*Paper_Space
340
1E
 70
0
280
1
281
0
  0
BLOCK_RECORD
  5
74
330
9
100
AcDbSymbolTableRecord
100
AcDbBlockTableRecord
  2
_ARCHTICK
340
0
 70
0
280
1
281
0
  0
BLOCK_RECORD
  5
78
330
9
100
AcDbSymbolTableRecord
100
AcDbBlockTableRecord
  2
_CLOSEDFILLED
340
0
 70
0
280
1
281
0
  0
BLOCK_RECORD
  5
84
330
9
100
AcDbSymbolTableRecord
100
AcDbBlockTableRecord
  2
_CLOSEDBLANK
340
0
 70
0
280
1
281
0
  0
ENDTAB
  0
ENDSEC
  0
SECTION
  2
BLOCKS
  0
BLOCK
  5
18
330
17
100
AcDbEntity
  8
0
100
AcDbBlockBegin
  2
*Model_Space
 70
0
 10
0.0
 20
0.0
 30
0.0
  3
*Model_Space
  1

  0
ENDBLK
  5
19
330
17
100
AcDbEntity
  8
0
100
AcDbBlockEnd
  0
BLOCK
  5
1C
330
1B
100
AcDbEntity
  8
0
100
AcDbBlockBegin
  2
*Paper_Space
 70
0
 10
0.0
 20
0.0
 30
0.0
  3
*Paper_Space
  1

  0
ENDBLK
  5
1D
330
1B
100
AcDbEntity
  8
0
100
AcDbBlockEnd
  0
BLOCK
  5
75
330
74
100
AcDbEntity
  8
0
100
AcDbBlockBegin
  2
_ARCHTICK
 70
0
 10
0.0
 20
0.0
 30
0.0
  3
_ARCHTICK
  1

  0
LWPOLYLINE
  5
77
330
74
100
AcDbEntity
  8
0
  6
BYBLOCK
 62
0
100
AcDbPolyline
 90
2
 70
0
 43
0.15
 10
-0.5
 20
-0.5
 10
0.5
 20
0.5
  0
ENDBLK
  5
76
330
74
100
AcDbEntity
  8
0
100
AcDbBlockEnd
  0
BLOCK
  5
79
330
78
100
AcDbEntity
  8
0
100
AcDbBlockBegin
  2
_CLOSEDFILLED
 70
0
 10
0.0
 20
0.0
 30
0.0
  3
_CLOSEDFILLED
  1

  0
SOLID
  5
7B
330
78
100
AcDbEntity
  8
0
  6
BYBLOCK
 62
0
100
AcDbTrace
 10
-1.0
 20
0.16439898372402537
 30
0.0
 11
0.0
 21
0.0
 31
0.0
 12
-1.0
 22
-0.16439898372402537
 32
0.0
 13
-1.0
 23
-0.16439898372402537
 33
0.0
  0
ENDBLK
  5
7A
330
78
100
AcDbEntity
  8
0
100
AcDbBlockEnd
  0
BLOCK
  5
85
330
84
100
AcDbEntity
  8
0
100
AcDbBlockBegin
  2
_CLOSEDBLANK
 70
0
 10
0.0
 20
0.0
 30
0.0
  3
_CLOSEDBLANK
  1

  0
LWPOLYLINE
  5
87
330
84
100
AcDbEntity
  8
0
  6
BYBLOCK
 62
0
100
AcDbPolyline
 90
3
 70
1
 10
-1.0
 20
0.16439898372402537
 10
0.0
 20
0.0
 10
-1.0
 20
-0.16439898372402537
  0
ENDBLK
  5
86
330
84
100
AcDbEntity
  8
0
100
AcDbBlockEnd
  0
ENDSEC
  0
SECTION
  2
ENTITIES
  0
TEXT
  5
99
330
17
100
AcDbEntity
  8
TEXT
 62
7
100
AcDbText
 10
22.0
 20
288.5
 30
0.0
 40
1.5
  1
Источник: 04-specs/spec-lighting.md
  7
GOST
 11
22.0
 21
288.5
 31
0.0
100
AcDbText
  0
TEXT
  5
9A
330
17
100
AcDbEntity
  8
TEXT
 62
7
100
AcDbText
 10
22.0
 20
280.65
 30
0.0
 40
2.6
  1
СП-03.1. Светильники
  7
GOST
 11
22.0
 21
280.65
 31
0.0
100
AcDbText
  0
TEXT
  5
9B
330
17
100
AcDbEntity
  8
TEXT
 62
7
100
AcDbText
 10
22.0
 20
272.6
 30
0.0
 40
1.4000000000000001
  1
Источник: 03-drawings/electrical.json lights (ЭО-01), группы L1–L22; concept.md п.5; materials.json M30, M34. Длины LED-лент — по координатам pos→end. Бюджет «Ремонт».
  7
GOST
 11
22.0
 21
272.6
 31
0.0
100
AcDbText
  0
TEXT
  5
9C
330
17
100
AcDbEntity
  8
TEXT
 62
7
100
AcDbText
 10
22.0
 20
266.0
 30
0.0
 40
1.4000000000000001
  1
Цены — ориентировочные для Санкт-Петербурга на 10.2026 (средний сегмент, розница/подрядчики), не являются офертой и подлежат проверке у поставщиков перед закупкой. Материалы — по диапазонам 02-concept/materials.json (price_ref) с поправкой на рост цен 1-го полугодия 2026 (INFOline: плитка +17 %, электрика +15 %, ЛКМ +10 %, напольные +10,5 %); расценки
  7
GOST
 11
22.0
 21
266.0
 31
0.0
100
AcDbText
  0
TEXT
  5
9D
330
17
100
AcDbEntity
  8
TEXT
 62
7
100
AcDbText
 10
22.0
 20
263.9
 30
0.0
 40
1.4000000000000001
  1
работ — калибровка по открытым прайсам СПб (поиск 2026-10-08, источники в 05-estimate/estimate.md).
  7
GOST
 11
22.0
 21
263.9
 31
0.0
100
AcDbText
  0
HATCH
  5
9E
330
17
100
AcDbEntity
  8
TEXT
 62
7
420
15132390
100
AcDbHatch
 10
0.0
 20
0.0
 30
0.0
210
0.0
220
0.0
230
1.0
  2
SOLID
 70
1
 71
0
 91
1
 92
3
 72
0
 73
1
 93
4
 10
22.0
 20
254.6
 10
413.0
 20
254.6
 10
413.0
 20
258.7
 10
22.0
 20
258.7
 97
0
 75
1
 76
1
 98
0
  0
LWPOLYLINE
  5
9F
330
17
100
AcDbEntity
  8
TEXT
 62
7
370
25
100
AcDbPolyline
 90
4
 70
1
 10
22.0
 20
254.6
 10
413.0
 20
254.6
 10
413.0
 20
258.7
 10
22.0
 20
258.7
  0
LWPOLYLINE
  5
A0
330
17
100
AcDbEntity
  8
TEXT
 62
7
370
15
100
AcDbPolyline
 90
2
 70
0
 10
22.0
 20
258.7
 10
22.0
 20
254.6
  0
TEXT
  5
A1
330
17
100
AcDbEntity
  8
TEXT
 62
7
100
AcDbText
 10
22.8
 20
256.4
 30
0.0
 40
1.3
  1
Поз.
  7
GOST
 11
22.8
 21
256.4
 31
0.0
100
AcDbText
  0
LWPOLYLINE
  5
A2
330
17
100
AcDbEntity
  8
TEXT
 62
7
370
15
100
AcDbPolyline
 90
2
 70
0
 10
29.510720083277995
 20
258.7
 10
29.510720083277995
 20
254.6
  0
TEXT
  5
A3
330
17
100
AcDbEntity
  8
TEXT
 62
7
100
AcDbText
 10
30.310720083277996
 20
256.4
 30
0.0
 40
1.3
  1
Наименование
  7
GOST
 11
30.310720083277996
 21
256.4
 31
0.0
100
AcDbText
  0
LWPOLYLINE
  5
A4
330
17
100
AcDbEntity
  8
TEXT
 62
7
370
15
100
AcDbPolyline
 90
2
 70
0
 10
151.60385746872038
 20
258.7
 10
151.60385746872038
 20
254.6
  0
TEXT
  5
A5
330
17
100
AcDbEntity
  8
TEXT
 62
7
100
AcDbText
 10
152.4038574687204
 20
256.4
 30
0.0
 40
1.3
  1
Артикул / пример
  7
GOST
 11
152.4038574687204
 21
256.4
 31
0.0
100
AcDbText
  0
LWPOLYLINE
  5
A6
330
17
100
AcDbEntity
  8
TEXT
 62
7
370
15
100
AcDbPolyline
 90
2
 70
0
 10
187.3879514055768
 20
258.7
 10
187.3879514055768
 20
254.6
  0
TEXT
  5
A7
330
17
100
AcDbEntity
  8
TEXT
 62
7
100
AcDbText
 10
188.18795140557683
 20
256.4
 30
0.0
 40
1.3
  1
Производитель
  7
GOST
 11
188.18795140557683
 21
256.4
 31
0.0
100
AcDbText
  0
LWPOLYLINE
  5
A8
330
17
100
AcDbEntity
  8
TEXT
 62
7
370
15
100
AcDbPolyline
 90
2
 70
0
 10
223.79012477186404
 20
258.7
 10
223.79012477186404
 20
254.6
  0
TEXT
  5
A9
330
17
100
AcDbEntity
  8
TEXT
 62
7
100
AcDbText
 10
224.59012477186405
 20
256.4
 30
0.0
 40
1.3
  1
Кол-во
  7
GOST
 11
224.59012477186405
 21
256.4
 31
0.0
100
AcDbText
  0
LWPOLYLINE
  5
AA
330
17
100
AcDbEntity
  8
TEXT
 62
7
370
15
100
AcDbPolyline
 90
2
 70
0
 10
234.42418713990168
 20
258.7
 10
234.42418713990168
 20
254.6
  0
TEXT
  5
AB
330
17
100
AcDbEntity
  8
TEXT
 62
7
100
AcDbText
 10
235.2241871399017
 20
256.4
 30
0.0
 40
1.3
  1
Ед.
  7
GOST
 11
235.2241871399017
 21
256.4
 31
0.0
100
AcDbText
  0
LWPOLYLINE
  5
AC
330
17
100
AcDbEntity
  8
TEXT
 62
7
370
15
100
AcDbPolyline
 90
2
 70
0
 10
240.62318940741787
 20
258.7
 10
240.62318940741787
 20
254.6
  0
TEXT
  5
AD
330
17
100
AcDbEntity
  8
TEXT
 62
7
100
AcDbText
 10
241.42318940741788
 20
256.4
 30
0.0
 40
1.3
  1
Цена ориент., ₽
  7
GOST
 11
241.42318940741788
 21
256.4
 31
0.0
100
AcDbText
  0
LWPOLYLINE
  5
AE
330
17
100
AcDbEntity
  8
TEXT
 62
7
370
15
100
AcDbPolyline
 90
2
 70
0
 10
262.2838460923918
 20
258.7
 10
262.2838460923918
 20
254.6
  0
TEXT
  5
AF
330
17
100
AcDbEntity
  8
TEXT
 62
7
100
AcDbText
 10
263.0838460923918
 20
256.4
 30
0.0
 40
1.3
  1
Сумма, ₽
  7
GOST
 11
263.0838460923918
 21
256.4
 31
0.0
100
AcDbText
  0
LWPOLYLINE
  5
B0
330
17
100
AcDbEntity
  8
TEXT
 62
7
370
15
100
AcDbPolyline
 90
2
 70
0
 10
275.62442313461116
 20
258.7
 10
275.62442313461116
 20
254.6
  0
TEXT
  5
B1
330
17
100
AcDbEntity
  8
TEXT
 62
7
100
AcDbText
 10
276.4244231346112
 20
256.4
 30
0.0
 40
1.3
  1
Помещение
  7
GOST
 11
276.4244231346112
 21
256.4
 31
0.0
100
AcDbText
  0
LWPOLYLINE
  5
B2
330
17
100
AcDbEntity
  8
TEXT
 62
7
370
15
100
AcDbPolyline
 90
2
 70
0
 10
292.41886813561365
 20
258.7
 10
292.41886813561365
 20
254.6
  0
TEXT
  5
B3
330
17
100
AcDbEntity
  8
TEXT
 62
7
100
AcDbText
 10
293.21886813561366
 20
256.4
 30
0.0
 40
1.3
  1
Ссылка (лист / id)
  7
GOST
 11
293.21886813561366
 21
256.4
 31
0.0
100
AcDbText
  0
LWPOLYLINE
  5
B4
330
17
100
AcDbEntity
  8
TEXT
 62
7
370
15
100
AcDbPolyline
 90
2
 70
0
 10
341.7591699986178
 20
258.7
 10
341.7591699986178
 20
254.6
  0
TEXT
  5
B5
330
17
100
AcDbEntity
  8
TEXT
 62
7
100
AcDbText
 10
342.5591699986178
 20
256.4
 30
0.0
 40
1.3
  1
Бюджет
  7
GOST
 11
342.5591699986178
 21
256.4
 31
0.0
100
AcDbText
  0
LWPOLYLINE
  5
B6
330
17
100
AcDbEntity
  8
TEXT
 62
7
370
15
100
AcDbPolyline
 90
2
 70
0
 10
354.2736119054392
 20
258.7
 10
354.2736119054392
 20
254.6
  0
TEXT
  5
B7
330
17
100
AcDbEntity
  8
TEXT
 62
7
100
AcDbText
 10
355.07361190543924
 20
256.4
 30
0.0
 40
1.3
  1
Этап сметы
  7
GOST
 11
355.07361190543924
 21
256.4
 31
0.0
100
AcDbText
  0
LWPOLYLINE
  5
B8
330
17
100
AcDbEntity
  8
TEXT
 62
7
370
15
100
AcDbPolyline
 90
2
 70
0
 10
370.86501459097985
 20
258.7
 10
370.86501459097985
 20
254.6
  0
TEXT
  5
B9
330
17
100
AcDbEntity
  8
TEXT
 62
7
100
AcDbText
 10
371.66501459097987
 20
256.4
 30
0.0
 40
1.3
  1
Примечание
  7
GOST
 11
371.66501459097987
 21
256.4
 31
0.0
100
AcDbText
  0
LWPOLYLINE
  5
BA
330
17
100
AcDbEntity
  8
TEXT
 62
7
370
15
100
AcDbPolyline
 90
2
 70
0
 10
413.0
 20
258.7
 10
413.0
 20
254.6
  0
LWPOLYLINE
  5
BB
330
17
100
AcDbEntity
  8
TEXT
 62
7
370
15
100
AcDbPolyline
 90
4
 70
1
 10
22.0
 20
251.29999999999998
 10
413.0
 20
251.29999999999998
 10
413.0
 20
254.6
 10
22.0
 20
254.6
  0
LWPOLYLINE
  5
BC
330
17
100
AcDbEntity
  8
TEXT
 62
7
370
15
100
AcDbPolyline
 90
2
 70
0
 10
22.0
 20
254.6
 10
22.0
 20
251.29999999999998
  0
TEXT
  5
BD
330
17
100
AcDbEntity
  8
TEXT
 62
7
100
AcDbText
 10
22.8
 20
252.29999999999998
 30
0.0
 40
1.3
  1
1
  7
GOST
 11
22.8
 21
252.29999999999998
 31
0.0
100
AcDbText
  0
LWPOLYLINE
  5
BE
330
17
100
AcDbEntity
  8
TEXT
 62
7
370
15
100
AcDbPolyline
 90
2
 70
0
 10
29.510720083277995
 20
254.6
 10
29.510720083277995
 20
251.29999999999998
  0
TEXT
  5
BF
330
17
100
AcDbEntity
  8
TEXT
 62
7
100
AcDbText
 10
30.310720083277996
 20
252.29999999999998
 30
0.0
 40
1.3
  1
Спот встраиваемый LED 7 Вт, 2700 K, CRI ≥ 90, диммируемый, глубина ≤ 80 — группа L2
  7
GOST
 11
30.310720083277996
 21
252.29999999999998
 31
0.0
100
AcDbText
  0
LWPOLYLINE
  5
C0
330
17
100
AcDbEntity
  8
TEXT
 62
7
370
15
100
AcDbPolyline
 90
2
 70
0
 10
151.60385746872038
 20
254.6
 10
151.60385746872038
 20
251.29999999999998
  0
TEXT
  5
C1
330
17
100
AcDbEntity
  8
TEXT
 62
7
100
AcDbText
 10
152.4038574687204
 20
252.29999999999998
 30
0.0
 40
1.3
  1
Maytoni DL / Elektrostandard
  7
GOST
 11
152.4038574687204
 21
252.29999999999998
 31
0.0
100
AcDbText
  0
LWPOLYLINE
  5
C2
330
17
100
AcDbEntity
  8
TEXT
 62
7
370
15
100
AcDbPolyline
 90
2
 70
0
 10
187.3879514055768
 20
254.6
 10
187.3879514055768
 20
251.29999999999998
  0
TEXT
  5
C3
330
17
100
AcDbEntity
  8
TEXT
 62
7
100
AcDbText
 10
188.18795140557683
 20
252.29999999999998
 30
0.0
 40
1.3
  1
Maytoni / Elektrostandard
  7
GOST
 11
188.18795140557683
 21
252.29999999999998
 31
0.0
100
AcDbText
  0
LWPOLYLINE
  5
C4
330
17
100
AcDbEntity
  8
TEXT
 62
7
370
15
100
AcDbPolyline
 90
2
 70
0
 10
223.79012477186404
 20
254.6
 10
223.79012477186404
 20
251.29999999999998
  0
TEXT
  5
C5
330
17
100
AcDbEntity
  8
TEXT
 62
7
100
AcDbText
 10
224.59012477186405
 20
252.29999999999998
 30
0.0
 40
1.3
  1
4
  7
GOST
 11
224.59012477186405
 21
252.29999999999998
 31
0.0
100
AcDbText
  0
LWPOLYLINE
  5
C6
330
17
100
AcDbEntity
  8
TEXT
 62
7
370
15
100
AcDbPolyline
 90
2
 70
0
 10
234.42418713990168
 20
254.6
 10
234.42418713990168
 20
251.29999999999998
  0
TEXT
  5
C7
330
17
100
AcDbEntity
  8
TEXT
 62
7
100
AcDbText
 10
235.2241871399017
 20
252.29999999999998
 30
0.0
 40
1.3
  1
шт
  7
GOST
 11
235.2241871399017
 21
252.29999999999998
 31
0.0
100
AcDbText
  0
LWPOLYLINE
  5
C8
330
17
100
AcDbEntity
  8
TEXT
 62
7
370
15
100
AcDbPolyline
 90
2
 70
0
 10
240.62318940741787
 20
254.6
 10
240.62318940741787
 20
251.29999999999998
  0
TEXT
  5
C9
330
17
100
AcDbEntity
  8
TEXT
 62
7
100
AcDbText
 10
241.42318940741788
 20
252.29999999999998
 30
0.0
 40
1.3
  1
2 700
  7
GOST
 11
241.42318940741788
 21
252.29999999999998
 31
0.0
100
AcDbText
  0
LWPOLYLINE
  5
CA
330
17
100
AcDbEntity
  8
TEXT
 62
7
370
15
100
AcDbPolyline
 90
2
 70
0
 10
262.2838460923918
 20
254.6
 10
262.2838460923918
 20
251.29999999999998
  0
TEXT
  5
CB
330
17
100
AcDbEntity
  8
TEXT
 62
7
100
AcDbText
 10
263.0838460923918
 20
252.29999999999998
 30
0.0
 40
1.3
  1
10 800
  7
GOST
 11
263.0838460923918
 21
252.29999999999998
 31
0.0
100
AcDbText
  0
LWPOLYLINE
  5
CC
330
17
100
AcDbEntity
  8
TEXT
 62
7
370
15
100
AcDbPolyline
 90
2
 70
0
 10
275.62442313461116
 20
254.6
 10
275.62442313461116
 20
251.29999999999998
  0
TEXT
  5
CD
330
17
100
AcDbEntity
  8
TEXT
 62
7
100
AcDbText
 10
276.4244231346112
 20
252.29999999999998
 30
0.0
 40
1.3
  1
R3
  7
GOST
 11
276.4244231346112
 21
252.29999999999998
 31
0.0
100
AcDbText
  0
LWPOLYLINE
  5
CE
330
17
100
AcDbEntity
  8
TEXT
 62
7
370
15
100
AcDbPolyline
 90
2
 70
0
 10
292.41886813561365
 20
254.6
 10
292.41886813561365
 20
251.29999999999998
  0
TEXT
  5
CF
330
17
100
AcDbEntity
  8
TEXT
 62
7
100
AcDbText
 10
293.21886813561366
 20
252.29999999999998
 30
0.0
 40
1.3
  1
L2-1, L2-2, L2-3, L2-4; ЭО-01
  7
GOST
 11
293.21886813561366
 21
252.29999999999998
 31
0.0
100
AcDbText
  0
LWPOLYLINE
  5
D0
330
17
100
AcDbEntity
  8
TEXT
 62
7
370
15
100
AcDbPolyline
 90
2
 70
0
 10
341.7591699986178
 20
254.6
 10
341.7591699986178
 20
251.29999999999998
  0
TEXT
  5
D1
330
17
100
AcDbEntity
  8
TEXT
 62
7
100
AcDbText
 10
342.5591699986178
 20
252.29999999999998
 30
0.0
 40
1.3
  1
Ремонт
  7
GOST
 11
342.5591699986178
 21
252.29999999999998
 31
0.0
100
AcDbText
  0
LWPOLYLINE
  5
D2
330
17
100
AcDbEntity
  8
TEXT
 62
7
370
15
100
AcDbPolyline
 90
2
 70
0
 10
354.2736119054392
 20
254.6
 10
354.2736119054392
 20
251.29999999999998
  0
TEXT
  5
D3
330
17
100
AcDbEntity
  8
TEXT
 62
7
100
AcDbText
 10
355.07361190543924
 20
252.29999999999998
 30
0.0
 40
1.3
  1
Э13
  7
GOST
 11
355.07361190543924
 21
252.29999999999998
 31
0.0
100
AcDbText
  0
LWPOLYLINE
  5
D4
330
17
100
AcDbEntity
  8
TEXT
 62
7
370
15
100
AcDbPolyline
 90
2
 70
0
 10
370.86501459097985
 20
254.6
 10
370.86501459097985
 20
251.29999999999998
  0
TEXT
  5
D5
330
17
100
AcDbEntity
  8
TEXT
 62
7
100
AcDbText
 10
371.66501459097987
 20
252.29999999999998
 30
0.0
 40
1.3
  1
7 Вт
  7
GOST
 11
371.66501459097987
 21
252.29999999999998
 31
0.0
100
AcDbText
  0
LWPOLYLINE
  5
D6
330
17
100
AcDbEntity
  8
TEXT
 62
7
370
15
100
AcDbPolyline
 90
2
 70
0
 10
413.0
 20
254.6
 10
413.0
 20
251.29999999999998
  0
LWPOLYLINE
  5
D7
330
17
100
AcDbEntity
  8
TEXT
 62
7
370
15
100
AcDbPolyline
 90
4
 70
1
 10
22.0
 20
247.99999999999997
 10
413.0
 20
247.99999999999997
 10
413.0
 20
251.29999999999998
 10
22.0
 20
251.29999999999998
  0
LWPOLYLINE
  5
D8
330
17
100
AcDbEntity
  8
TEXT
 62
7
370
15
100
AcDbPolyline
 90
2
 70
0
 10
22.0
 20
251.29999999999998
 10
22.0
 20
247.99999999999997
  0
TEXT
  5
D9
330
17
100
AcDbEntity
  8
TEXT
 62
7
100
AcDbText
 10
22.8
 20
248.99999999999997
 30
0.0
 40
1.3
  1
2
  7
GOST
 11
22.8
 21
248.99999999999997
 31
0.0
100
AcDbText
  0
LWPOLYLINE
  5
DA
330
17
100
AcDbEntity
  8
TEXT
 62
7
370
15
100
AcDbPolyline
 90
2
 70
0
 10
29.510720083277995
 20
251.29999999999998
 10
29.510720083277995
 20
247.99999999999997
  0
TEXT
  5
DB
330
17
100
AcDbEntity
  8
TEXT
 62
7
100
AcDbText
 10
30.310720083277996
 20
248.99999999999997
 30
0.0
 40
1.3
  1
Люстра столовой 5–6 рожков LED, латунь сатин/ткань, диммируемая — группа L3
  7
GOST
 11
30.310720083277996
 21
248.99999999999997
 31
0.0
100
AcDbText
  0
LWPOLYLINE
  5
DC
330
17
100
AcDbEntity
  8
TEXT
 62
7
370
15
100
AcDbPolyline
 90
2
 70
0
 10
151.60385746872038
 20
251.29999999999998
 10
151.60385746872038
 20
247.99999999999997
  0
TEXT
  5
DD
330
17
100
AcDbEntity
  8
TEXT
 62
7
100
AcDbText
 10
152.4038574687204
 20
248.99999999999997
 30
0.0
 40
1.3
  1
M34
  7
GOST
 11
152.4038574687204
 21
248.99999999999997
 31
0.0
100
AcDbText
  0
LWPOLYLINE
  5
DE
330
17
100
AcDbEntity
  8
TEXT
 62
7
370
15
100
AcDbPolyline
 90
2
 70
0
 10
187.3879514055768
 20
251.29999999999998
 10
187.3879514055768
 20
247.99999999999997
  0
TEXT
  5
DF
330
17
100
AcDbEntity
  8
TEXT
 62
7
100
AcDbText
 10
188.18795140557683
 20
248.99999999999997
 30
0.0
 40
1.3
  1
Maytoni / Freya / Lussole
  7
GOST
 11
188.18795140557683
 21
248.99999999999997
 31
0.0
100
AcDbText
  0
LWPOLYLINE
  5
E0
330
17
100
AcDbEntity
  8
TEXT
 62
7
370
15
100
AcDbPolyline
 90
2
 70
0
 10
223.79012477186404
 20
251.29999999999998
 10
223.79012477186404
 20
247.99999999999997
  0
TEXT
  5
E1
330
17
100
AcDbEntity
  8
TEXT
 62
7
100
AcDbText
 10
224.59012477186405
 20
248.99999999999997
 30
0.0
 40
1.3
  1
1
  7
GOST
 11
224.59012477186405
 21
248.99999999999997
 31
0.0
100
AcDbText
  0
LWPOLYLINE
  5
E2
330
17
100
AcDbEntity
  8
TEXT
 62
7
370
15
100
AcDbPolyline
 90
2
 70
0
 10
234.42418713990168
 20
251.29999999999998
 10
234.42418713990168
 20
247.99999999999997
  0
TEXT
  5
E3
330
17
100
AcDbEntity
  8
TEXT
 62
7
100
AcDbText
 10
235.2241871399017
 20
248.99999999999997
 30
0.0
 40
1.3
  1
шт
  7
GOST
 11
235.2241871399017
 21
248.99999999999997
 31
0.0
100
AcDbText
  0
LWPOLYLINE
  5
E4
330
17
100
AcDbEntity
  8
TEXT
 62
7
370
15
100
AcDbPolyline
 90
2
 70
0
 10
240.62318940741787
 20
251.29999999999998
 10
240.62318940741787
 20
247.99999999999997
  0
TEXT
  5
E5
330
17
100
AcDbEntity
  8
TEXT
 62
7
100
AcDbText
 10
241.42318940741788
 20
248.99999999999997
 30
0.0
 40
1.3
  1
32 000
  7
GOST
 11
241.42318940741788
 21
248.99999999999997
 31
0.0
100
AcDbText
  0
LWPOLYLINE
  5
E6
330
17
100
AcDbEntity
  8
TEXT
 62
7
370
15
100
AcDbPolyline
 90
2
 70
0
 10
262.2838460923918
 20
251.29999999999998
 10
262.2838460923918
 20
247.99999999999997
  0
TEXT
  5
E7
330
17
100
AcDbEntity
  8
TEXT
 62
7
100
AcDbText
 10
263.0838460923918
 20
248.99999999999997
 30
0.0
 40
1.3
  1
32 000
  7
GOST
 11
263.0838460923918
 21
248.99999999999997
 31
0.0
100
AcDbText
  0
LWPOLYLINE
  5
E8
330
17
100
AcDbEntity
  8
TEXT
 62
7
370
15
100
AcDbPolyline
 90
2
 70
0
 10
275.62442313461116
 20
251.29999999999998
 10
275.62442313461116
 20
247.99999999999997
  0
TEXT
  5
E9
330
17
100
AcDbEntity
  8
TEXT
 62
7
100
AcDbText
 10
276.4244231346112
 20
248.99999999999997
 30
0.0
 40
1.3
  1
R3
  7
GOST
 11
276.4244231346112
 21
248.99999999999997
 31
0.0
100
AcDbText
  0
LWPOLYLINE
  5
EA
330
17
100
AcDbEntity
  8
TEXT
 62
7
370
15
100
AcDbPolyline
 90
2
 70
0
 10
292.41886813561365
 20
251.29999999999998
 10
292.41886813561365
 20
247.99999999999997
  0
TEXT
  5
EB
330
17
100
AcDbEntity
  8
TEXT
 62
7
100
AcDbText
 10
293.21886813561366
 20
248.99999999999997
 30
0.0
 40
1.3
  1
L3-1; ЭО-01
  7
GOST
 11
293.21886813561366
 21
248.99999999999997
 31
0.0
100
AcDbText
  0
LWPOLYLINE
  5
EC
330
17
100
AcDbEntity
  8
TEXT
 62
7
370
15
100
AcDbPolyline
 90
2
 70
0
 10
341.7591699986178
 20
251.29999999999998
 10
341.7591699986178
 20
247.99999999999997
  0
TEXT
  5
ED
330
17
100
AcDbEntity
  8
TEXT
 62
7
100
AcDbText
 10
342.5591699986178
 20
248.99999999999997
 30
0.0
 40
1.3
  1
Ремонт
  7
GOST
 11
342.5591699986178
 21
248.99999999999997
 31
0.0
100
AcDbText
  0
LWPOLYLINE
  5
EE
330
17
100
AcDbEntity
  8
TEXT
 62
7
370
15
100
AcDbPolyline
 90
2
 70
0
 10
354.2736119054392
 20
251.29999999999998
 10
354.2736119054392
 20
247.99999999999997
  0
TEXT
  5
EF
330
17
100
AcDbEntity
  8
TEXT
 62
7
100
AcDbText
 10
355.07361190543924
 20
248.99999999999997
 30
0.0
 40
1.3
  1
Э13
  7
GOST
 11
355.07361190543924
 21
248.99999999999997
 31
0.0
100
AcDbText
  0
LWPOLYLINE
  5
F0
330
17
100
AcDbEntity
  8
TEXT
 62
7
370
15
100
AcDbPolyline
 90
2
 70
0
 10
370.86501459097985
 20
251.29999999999998
 10
370.86501459097985
 20
247.99999999999997
  0
TEXT
  5
F1
330
17
100
AcDbEntity
  8
TEXT
 62
7
100
AcDbText
 10
371.66501459097987
 20
248.99999999999997
 30
0.0
 40
1.3
  1
40 Вт
  7
GOST
 11
371.66501459097987
 21
248.99999999999997
 31
0.0
100
AcDbText
  0
LWPOLYLINE
  5
F2
330
17
100
AcDbEntity
  8
TEXT
 62
7
370
15
100
AcDbPolyline
 90
2
 70
0
 10
413.0
 20
251.29999999999998
 10
413.0
 20
247.99999999999997
  0
LWPOLYLINE
  5
F3
330
17
100
AcDbEntity
  8
TEXT
 62
7
370
15
100
AcDbPolyline
 90
4
 70
1
 10
22.0
 20
244.69999999999996
 10
413.0
 20
244.69999999999996
 10
413.0
 20
247.99999999999997
 10
22.0
 20
247.99999999999997
  0
LWPOLYLINE
  5
F4
330
17
100
AcDbEntity
  8
TEXT
 62
7
370
15
100
AcDbPolyline
 90
2
 70
0
 10
22.0
 20
247.99999999999997
 10
22.0
 20
244.69999999999996
  0
TEXT
  5
F5
330
17
100
AcDbEntity
  8
TEXT
 62
7
100
AcDbText
 10
22.8
 20
245.69999999999996
 30
0.0
 40
1.3
  1
3
  7
GOST
 11
22.8
 21
245.69999999999996
 31
0.0
100
AcDbText
  0
LWPOLYLINE
  5
F6
330
17
100
AcDbEntity
  8
TEXT
 62
7
370
15
100
AcDbPolyline
 90
2
 70
0
 10
29.510720083277995
 20
247.99999999999997
 10
29.510720083277995
 20
244.69999999999996
  0
TEXT
  5
F7
330
17
100
AcDbEntity
  8
TEXT
 62
7
100
AcDbText
 10
30.310720083277996
 20
245.69999999999996
 30
0.0
 40
1.3
  1
Бра латунь сатин C8 с абажуром — группа L4
  7
GOST
 11
30.310720083277996
 21
245.69999999999996
 31
0.0
100
AcDbText
  0
LWPOLYLINE
  5
F8
330
17
100
AcDbEntity
  8
TEXT
 62
7
370
15
100
AcDbPolyline
 90
2
 70
0
 10
151.60385746872038
 20
247.99999999999997
 10
151.60385746872038
 20
244.69999999999996
  0
TEXT
  5
F9
330
17
100
AcDbEntity
  8
TEXT
 62
7
100
AcDbText
 10
152.4038574687204
 20
245.69999999999996
 30
0.0
 40
1.3
  1
M34
  7
GOST
 11
152.4038574687204
 21
245.69999999999996
 31
0.0
100
AcDbText
  0
LWPOLYLINE
  5
FA
330
17
100
AcDbEntity
  8
TEXT
 62
7
370
15
100
AcDbPolyline
 90
2
 70
0
 10
187.3879514055768
 20
247.99999999999997
 10
187.3879514055768
 20
244.69999999999996
  0
TEXT
  5
FB
330
17
100
AcDbEntity
  8
TEXT
 62
7
100
AcDbText
 10
188.18795140557683
 20
245.69999999999996
 30
0.0
 40
1.3
  1
Maytoni / Freya / Odeon Light
  7
GOST
 11
188.18795140557683
 21
245.69999999999996
 31
0.0
100
AcDbText
  0
LWPOLYLINE
  5
FC
330
17
100
AcDbEntity
  8
TEXT
 62
7
370
15
100
AcDbPolyline
 90
2
 70
0
 10
223.79012477186404
 20
247.99999999999997
 10
223.79012477186404
 20
244.69999999999996
  0
TEXT
  5
FD
330
17
100
AcDbEntity
  8
TEXT
 62
7
100
AcDbText
 10
224.59012477186405
 20
245.69999999999996
 30
0.0
 40
1.3
  1
2
  7
GOST
 11
224.59012477186405
 21
245.69999999999996
 31
0.0
100
AcDbText
  0
LWPOLYLINE
  5
FE
330
17
100
AcDbEntity
  8
TEXT
 62
7
370
15
100
AcDbPolyline
 90
2
 70
0
 10
234.42418713990168
 20
247.99999999999997
 10
234.42418713990168
 20
244.69999999999996
  0
TEXT
  5
FF
330
17
100
AcDbEntity
  8
TEXT
 62
7
100
AcDbText
 10
235.2241871399017
 20
245.69999999999996
 30
0.0
 40
1.3
  1
шт
  7
GOST
 11
235.2241871399017
 21
245.69999999999996
 31
0.0
100
AcDbText
  0
LWPOLYLINE
  5
100
330
17
100
AcDbEntity
  8
TEXT
 62
7
370
15
100
AcDbPolyline
 90
2
 70
0
 10
240.62318940741787
 20
247.99999999999997
 10
240.62318940741787
 20
244.69999999999996
  0
TEXT
  5
101
330
17
100
AcDbEntity
  8
TEXT
 62
7
100
AcDbText
 10
241.42318940741788
 20
245.69999999999996
 30
0.0
 40
1.3
  1
9 500
  7
GOST
 11
241.42318940741788
 21
245.69999999999996
 31
0.0
100
AcDbText
  0
LWPOLYLINE
  5
102
330
17
100
AcDbEntity
  8
TEXT
 62
7
370
15
100
AcDbPolyline
 90
2
 70
0
 10
262.2838460923918
 20
247.99999999999997
 10
262.2838460923918
 20
244.69999999999996
  0
TEXT
  5
103
330
17
100
AcDbEntity
  8
TEXT
 62
7
100
AcDbText
 10
263.0838460923918
 20
245.69999999999996
 30
0.0
 40
1.3
  1
19 000
  7
GOST
 11
263.0838460923918
 21
245.69999999999996
 31
0.0
100
AcDbText
  0
LWPOLYLINE
  5
104
330
17
100
AcDbEntity
  8
TEXT
 62
7
370
15
100
AcDbPolyline
 90
2
 70
0
 10
275.62442313461116
 20
247.99999999999997
 10
275.62442313461116
 20
244.69999999999996
  0
TEXT
  5
105
330
17
100
AcDbEntity
  8
TEXT
 62
7
100
AcDbText
 10
276.4244231346112
 20
245.69999999999996
 30
0.0
 40
1.3
  1
R3
  7
GOST
 11
276.4244231346112
 21
245.69999999999996
 31
0.0
100
AcDbText
  0
LWPOLYLINE
  5
106
330
17
100
AcDbEntity
  8
TEXT
 62
7
370
15
100
AcDbPolyline
 90
2
 70
0
 10
292.41886813561365
 20
247.99999999999997
 10
292.41886813561365
 20
244.69999999999996
  0
TEXT
  5
107
330
17
100
AcDbEntity
  8
TEXT
 62
7
100
AcDbText
 10
293.21886813561366
 20
245.69999999999996
 30
0.0
 40
1.3
  1
L4-1, L4-2; ЭО-01
  7
GOST
 11
293.21886813561366
 21
245.69999999999996
 31
0.0
100
AcDbText
  0
LWPOLYLINE
  5
108
330
17
100
AcDbEntity
  8
TEXT
 62
7
370
15
100
AcDbPolyline
 90
2
 70
0
 10
341.7591699986178
 20
247.99999999999997
 10
341.7591699986178
 20
244.69999999999996
  0
TEXT
  5
109
330
17
100
AcDbEntity
  8
TEXT
 62
7
100
AcDbText
 10
342.5591699986178
 20
245.69999999999996
 30
0.0
 40
1.3
  1
Ремонт
  7
GOST
 11
342.5591699986178
 21
245.69999999999996
 31
0.0
100
AcDbText
  0
LWPOLYLINE
  5
10A
330
17
100
AcDbEntity
  8
TEXT
 62
7
370
15
100
AcDbPolyline
 90
2
 70
0
 10
354.2736119054392
 20
247.99999999999997
 10
354.2736119054392
 20
244.69999999999996
  0
TEXT
  5
10B
330
17
100
AcDbEntity
  8
TEXT
 62
7
100
AcDbText
 10
355.07361190543924
 20
245.69999999999996
 30
0.0
 40
1.3
  1
Э13
  7
GOST
 11
355.07361190543924
 21
245.69999999999996
 31
0.0
100
AcDbText
  0
LWPOLYLINE
  5
10C
330
17
100
AcDbEntity
  8
TEXT
 62
7
370
15
100
AcDbPolyline
 90
2
 70
0
 10
370.86501459097985
 20
247.99999999999997
 10
370.86501459097985
 20
244.69999999999996
  0
TEXT
  5
10D
330
17
100
AcDbEntity
  8
TEXT
 62
7
100
AcDbText
 10
371.66501459097987
 20
245.69999999999996
 30
0.0
 40
1.3
  1
6 Вт
  7
GOST
 11
371.66501459097987
 21
245.69999999999996
 31
0.0
100
AcDbText
  0
LWPOLYLINE
  5
10E
330
17
100
AcDbEntity
  8
TEXT
 62
7
370
15
100
AcDbPolyline
 90
2
 70
0
 10
413.0
 20
247.99999999999997
 10
413.0
 20
244.69999999999996
  0
LWPOLYLINE
  5
10F
330
17
100
AcDbEntity
  8
TEXT
 62
7
370
15
100
AcDbPolyline
 90
4
 70
1
 10
22.0
 20
241.39999999999995
 10
413.0
 20
241.39999999999995
 10
413.0
 20
244.69999999999996
 10
22.0
 20
244.69999999999996
  0
LWPOLYLINE
  5
110
330
17
100
AcDbEntity
  8
TEXT
 62
7
370
15
100
AcDbPolyline
 90
2
 70
0
 10
22.0
 20
244.69999999999996
 10
22.0
 20
241.39999999999995
  0
TEXT
  5
111
330
17
100
AcDbEntity
  8
TEXT
 62
7
100
AcDbText
 10
22.8
 20
242.39999999999995
 30
0.0
 40
1.3
  1
4
  7
GOST
 11
22.8
 21
242.39999999999995
 31
0.0
100
AcDbText
  0
LWPOLYLINE
  5
112
330
17
100
AcDbEntity
  8
TEXT
 62
7
370
15
100
AcDbPolyline
 90
2
 70
0
 10
29.510720083277995
 20
244.69999999999996
 10
29.510720083277995
 20
241.39999999999995
  0
TEXT
  5
113
330
17
100
AcDbEntity
  8
TEXT
 62
7
100
AcDbText
 10
30.310720083277996
 20
242.39999999999995
 30
0.0
 40
1.3
  1
Спот встраиваемый LED 7 Вт, 2700 K, CRI ≥ 90, диммируемый, глубина ≤ 80 — группа L6
  7
GOST
 11
30.310720083277996
 21
242.39999999999995
 31
0.0
100
AcDbText
  0
LWPOLYLINE
  5
114
330
17
100
AcDbEntity
  8
TEXT
 62
7
370
15
100
AcDbPolyline
 90
2
 70
0
 10
151.60385746872038
 20
244.69999999999996
 10
151.60385746872038
 20
241.39999999999995
  0
TEXT
  5
115
330
17
100
AcDbEntity
  8
TEXT
 62
7
100
AcDbText
 10
152.4038574687204
 20
242.39999999999995
 30
0.0
 40
1.3
  1
Maytoni DL / Elektrostandard
  7
GOST
 11
152.4038574687204
 21
242.39999999999995
 31
0.0
100
AcDbText
  0
LWPOLYLINE
  5
116
330
17
100
AcDbEntity
  8
TEXT
 62
7
370
15
100
AcDbPolyline
 90
2
 70
0
 10
187.3879514055768
 20
244.69999999999996
 10
187.3879514055768
 20
241.39999999999995
  0
TEXT
  5
117
330
17
100
AcDbEntity
  8
TEXT
 62
7
100
AcDbText
 10
188.18795140557683
 20
242.39999999999995
 30
0.0
 40
1.3
  1
Maytoni / Elektrostandard
  7
GOST
 11
188.18795140557683
 21
242.39999999999995
 31
0.0
100
AcDbText
  0
LWPOLYLINE
  5
118
330
17
100
AcDbEntity
  8
TEXT
 62
7
370
15
100
AcDbPolyline
 90
2
 70
0
 10
223.79012477186404
 20
244.69999999999996
 10
223.79012477186404
 20
241.39999999999995
  0
TEXT
  5
119
330
17
100
AcDbEntity
  8
TEXT
 62
7
100
AcDbText
 10
224.59012477186405
 20
242.39999999999995
 30
0.0
 40
1.3
  1
4
  7
GOST
 11
224.59012477186405
 21
242.39999999999995
 31
0.0
100
AcDbText
  0
LWPOLYLINE
  5
11A
330
17
100
AcDbEntity
  8
TEXT
 62
7
370
15
100
AcDbPolyline
 90
2
 70
0
 10
234.42418713990168
 20
244.69999999999996
 10
234.42418713990168
 20
241.39999999999995
  0
TEXT
  5
11B
330
17
100
AcDbEntity
  8
TEXT
 62
7
100
AcDbText
 10
235.2241871399017
 20
242.39999999999995
 30
0.0
 40
1.3
  1
шт
  7
GOST
 11
235.2241871399017
 21
242.39999999999995
 31
0.0
100
AcDbText
  0
LWPOLYLINE
  5
11C
330
17
100
AcDbEntity
  8
TEXT
 62
7
370
15
100
AcDbPolyline
 90
2
 70
0
 10
240.62318940741787
 20
244.69999999999996
 10
240.62318940741787
 20
241.39999999999995
  0
TEXT
  5
11D
330
17
100
AcDbEntity
  8
TEXT
 62
7
100
AcDbText
 10
241.42318940741788
 20
242.39999999999995
 30
0.0
 40
1.3
  1
2 700
  7
GOST
 11
241.42318940741788
 21
242.39999999999995
 31
0.0
100
AcDbText
  0
LWPOLYLINE
  5
11E
330
17
100
AcDbEntity
  8
TEXT
 62
7
370
15
100
AcDbPolyline
 90
2
 70
0
 10
262.2838460923918
 20
244.69999999999996
 10
262.2838460923918
 20
241.39999999999995
  0
TEXT
  5
11F
330
17
100
AcDbEntity
  8
TEXT
 62
7
100
AcDbText
 10
263.0838460923918
 20
242.39999999999995
 30
0.0
 40
1.3
  1
10 800
  7
GOST
 11
263.0838460923918
 21
242.39999999999995
 31
0.0
100
AcDbText
  0
LWPOLYLINE
  5
120
330
17
100
AcDbEntity
  8
TEXT
 62
7
370
15
100
AcDbPolyline
 90
2
 70
0
 10
275.62442313461116
 20
244.69999999999996
 10
275.62442313461116
 20
241.39999999999995
  0
TEXT
  5
121
330
17
100
AcDbEntity
  8
TEXT
 62
7
100
AcDbText
 10
276.4244231346112
 20
242.39999999999995
 30
0.0
 40
1.3
  1
R7
  7
GOST
 11
276.4244231346112
 21
242.39999999999995
 31
0.0
100
AcDbText
  0
LWPOLYLINE
  5
122
330
17
100
AcDbEntity
  8
TEXT
 62
7
370
15
100
AcDbPolyline
 90
2
 70
0
 10
292.41886813561365
 20
244.69999999999996
 10
292.41886813561365
 20
241.39999999999995
  0
TEXT
  5
123
330
17
100
AcDbEntity
  8
TEXT
 62
7
100
AcDbText
 10
293.21886813561366
 20
242.39999999999995
 30
0.0
 40
1.3
  1
L6-1, L6-2, L6-3, L6-4; ЭО-01
  7
GOST
 11
293.21886813561366
 21
242.39999999999995
 31
0.0
100
AcDbText
  0
LWPOLYLINE
  5
124
330
17
100
AcDbEntity
  8
TEXT
 62
7
370
15
100
AcDbPolyline
 90
2
 70
0
 10
341.7591699986178
 20
244.69999999999996
 10
341.7591699986178
 20
241.39999999999995
  0
TEXT
  5
125
330
17
100
AcDbEntity
  8
TEXT
 62
7
100
AcDbText
 10
342.5591699986178
 20
242.39999999999995
 30
0.0
 40
1.3
  1
Ремонт
  7
GOST
 11
342.5591699986178
 21
242.39999999999995
 31
0.0
100
AcDbText
  0
LWPOLYLINE
  5
126
330
17
100
AcDbEntity
  8
TEXT
 62
7
370
15
100
AcDbPolyline
 90
2
 70
0
 10
354.2736119054392
 20
244.69999999999996
 10
354.2736119054392
 20
241.39999999999995
  0
TEXT
  5
127
330
17
100
AcDbEntity
  8
TEXT
 62
7
100
AcDbText
 10
355.07361190543924
 20
242.39999999999995
 30
0.0
 40
1.3
  1
Э13
  7
GOST
 11
355.07361190543924
 21
242.39999999999995
 31
0.0
100
AcDbText
  0
LWPOLYLINE
  5
128
330
17
100
AcDbEntity
  8
TEXT
 62
7
370
15
100
AcDbPolyline
 90
2
 70
0
 10
370.86501459097985
 20
244.69999999999996
 10
370.86501459097985
 20
241.39999999999995
  0
TEXT
  5
129
330
17
100
AcDbEntity
  8
TEXT
 62
7
100
AcDbText
 10
371.66501459097987
 20
242.39999999999995
 30
0.0
 40
1.3
  1
5 Вт
  7
GOST
 11
371.66501459097987
 21
242.39999999999995
 31
0.0
100
AcDbText
  0
LWPOLYLINE
  5
12A
330
17
100
AcDbEntity
  8
TEXT
 62
7
370
15
100
AcDbPolyline
 90
2
 70
0
 10
413.0
 20
244.69999999999996
 10
413.0
 20
241.39999999999995
  0
LWPOLYLINE
  5
12B
330
17
100
AcDbEntity
  8
TEXT
 62
7
370
15
100
AcDbPolyline
 90
4
 70
1
 10
22.0
 20
238.09999999999994
 10
413.0
 20
238.09999999999994
 10
413.0
 20
241.39999999999995
 10
22.0
 20
241.39999999999995
  0
LWPOLYLINE
  5
12C
330
17
100
AcDbEntity
  8
TEXT
 62
7
370
15
100
AcDbPolyline
 90
2
 70
0
 10
22.0
 20
241.39999999999995
 10
22.0
 20
238.09999999999994
  0
TEXT
  5
12D
330
17
100
AcDbEntity
  8
TEXT
 62
7
100
AcDbText
 10
22.8
 20
239.09999999999994
 30
0.0
 40
1.3
  1
5
  7
GOST
 11
22.8
 21
239.09999999999994
 31
0.0
100
AcDbText
  0
LWPOLYLINE
  5
12E
330
17
100
AcDbEntity
  8
TEXT
 62
7
370
15
100
AcDbPolyline
 90
2
 70
0
 10
29.510720083277995
 20
241.39999999999995
 10
29.510720083277995
 20
238.09999999999994
  0
TEXT
  5
12F
330
17
100
AcDbEntity
  8
TEXT
 62
7
100
AcDbText
 10
30.310720083277996
 20
239.09999999999994
 30
0.0
 40
1.3
  1
Люстра спальни, диммируемая, латунь/ткань — группа L8
  7
GOST
 11
30.310720083277996
 21
239.09999999999994
 31
0.0
100
AcDbText
  0
LWPOLYLINE
  5
130
330
17
100
AcDbEntity
  8
TEXT
 62
7
370
15
100
AcDbPolyline
 90
2
 70
0
 10
151.60385746872038
 20
241.39999999999995
 10
151.60385746872038
 20
238.09999999999994
  0
TEXT
  5
131
330
17
100
AcDbEntity
  8
TEXT
 62
7
100
AcDbText
 10
152.4038574687204
 20
239.09999999999994
 30
0.0
 40
1.3
  1
M34
  7
GOST
 11
152.4038574687204
 21
239.09999999999994
 31
0.0
100
AcDbText
  0
LWPOLYLINE
  5
132
330
17
100
AcDbEntity
  8
TEXT
 62
7
370
15
100
AcDbPolyline
 90
2
 70
0
 10
187.3879514055768
 20
241.39999999999995
 10
187.3879514055768
 20
238.09999999999994
  0
TEXT
  5
133
330
17
100
AcDbEntity
  8
TEXT
 62
7
100
AcDbText
 10
188.18795140557683
 20
239.09999999999994
 30
0.0
 40
1.3
  1
Maytoni / Odeon Light / Freya
  7
GOST
 11
188.18795140557683
 21
239.09999999999994
 31
0.0
100
AcDbText
  0
LWPOLYLINE
  5
134
330
17
100
AcDbEntity
  8
TEXT
 62
7
370
15
100
AcDbPolyline
 90
2
 70
0
 10
223.79012477186404
 20
241.39999999999995
 10
223.79012477186404
 20
238.09999999999994
  0
TEXT
  5
135
330
17
100
AcDbEntity
  8
TEXT
 62
7
100
AcDbText
 10
224.59012477186405
 20
239.09999999999994
 30
0.0
 40
1.3
  1
1
  7
GOST
 11
224.59012477186405
 21
239.09999999999994
 31
0.0
100
AcDbText
  0
LWPOLYLINE
  5
136
330
17
100
AcDbEntity
  8
TEXT
 62
7
370
15
100
AcDbPolyline
 90
2
 70
0
 10
234.42418713990168
 20
241.39999999999995
 10
234.42418713990168
 20
238.09999999999994
  0
TEXT
  5
137
330
17
100
AcDbEntity
  8
TEXT
 62
7
100
AcDbText
 10
235.2241871399017
 20
239.09999999999994
 30
0.0
 40
1.3
  1
шт
  7
GOST
 11
235.2241871399017
 21
239.09999999999994
 31
0.0
100
AcDbText
  0
LWPOLYLINE
  5
138
330
17
100
AcDbEntity
  8
TEXT
 62
7
370
15
100
AcDbPolyline
 90
2
 70
0
 10
240.62318940741787
 20
241.39999999999995
 10
240.62318940741787
 20
238.09999999999994
  0
TEXT
  5
139
330
17
100
AcDbEntity
  8
TEXT
 62
7
100
AcDbText
 10
241.42318940741788
 20
239.09999999999994
 30
0.0
 40
1.3
  1
24 000
  7
GOST
 11
241.42318940741788
 21
239.09999999999994
 31
0.0
100
AcDbText
  0
LWPOLYLINE
  5
13A
330
17
100
AcDbEntity
  8
TEXT
 62
7
370
15
100
AcDbPolyline
 90
2
 70
0
 10
262.2838460923918
 20
241.39999999999995
 10
262.2838460923918
 20
238.09999999999994
  0
TEXT
  5
13B
330
17
100
AcDbEntity
  8
TEXT
 62
7
100
AcDbText
 10
263.0838460923918
 20
239.09999999999994
 30
0.0
 40
1.3
  1
24 000
  7
GOST
 11
263.0838460923918
 21
239.09999999999994
 31
0.0
100
AcDbText
  0
LWPOLYLINE
  5
13C
330
17
100
AcDbEntity
  8
TEXT
 62
7
370
15
100
AcDbPolyline
 90
2
 70
0
 10
275.62442313461116
 20
241.39999999999995
 10
275.62442313461116
 20
238.09999999999994
  0
TEXT
  5
13D
330
17
100
AcDbEntity
  8
TEXT
 62
7
100
AcDbText
 10
276.4244231346112
 20
239.09999999999994
 30
0.0
 40
1.3
  1
R1
  7
GOST
 11
276.4244231346112
 21
239.09999999999994
 31
0.0
100
AcDbText
  0
LWPOLYLINE
  5
13E
330
17
100
AcDbEntity
  8
TEXT
 62
7
370
15
100
AcDbPolyline
 90
2
 70
0
 10
292.41886813561365
 20
241.39999999999995
 10
292.41886813561365
 20
238.09999999999994
  0
TEXT
  5
13F
330
17
100
AcDbEntity
  8
TEXT
 62
7
100
AcDbText
 10
293.21886813561366
 20
239.09999999999994
 30
0.0
 40
1.3
  1
L8-1; ЭО-01
  7
GOST
 11
293.21886813561366
 21
239.09999999999994
 31
0.0
100
AcDbText
  0
LWPOLYLINE
  5
140
330
17
100
AcDbEntity
  8
TEXT
 62
7
370
15
100
AcDbPolyline
 90
2
 70
0
 10
341.7591699986178
 20
241.39999999999995
 10
341.7591699986178
 20
238.09999999999994
  0
TEXT
  5
141
330
17
100
AcDbEntity
  8
TEXT
 62
7
100
AcDbText
 10
342.5591699986178
 20
239.09999999999994
 30
0.0
 40
1.3
  1
Ремонт
  7
GOST
 11
342.5591699986178
 21
239.09999999999994
 31
0.0
100
AcDbText
  0
LWPOLYLINE
  5
142
330
17
100
AcDbEntity
  8
TEXT
 62
7
370
15
100
AcDbPolyline
 90
2
 70
0
 10
354.2736119054392
 20
241.39999999999995
 10
354.2736119054392
 20
238.09999999999994
  0
TEXT
  5
143
330
17
100
AcDbEntity
  8
TEXT
 62
7
100
AcDbText
 10
355.07361190543924
 20
239.09999999999994
 30
0.0
 40
1.3
  1
Э13
  7
GOST
 11
355.07361190543924
 21
239.09999999999994
 31
0.0
100
AcDbText
  0
LWPOLYLINE
  5
144
330
17
100
AcDbEntity
  8
TEXT
 62
7
370
15
100
AcDbPolyline
 90
2
 70
0
 10
370.86501459097985
 20
241.39999999999995
 10
370.86501459097985
 20
238.09999999999994
  0
TEXT
  5
145
330
17
100
AcDbEntity
  8
TEXT
 62
7
100
AcDbText
 10
371.66501459097987
 20
239.09999999999994
 30
0.0
 40
1.3
  1
40 Вт
  7
GOST
 11
371.66501459097987
 21
239.09999999999994
 31
0.0
100
AcDbText
  0
LWPOLYLINE
  5
146
330
17
100
AcDbEntity
  8
TEXT
 62
7
370
15
100
AcDbPolyline
 90
2
 70
0
 10
413.0
 20
241.39999999999995
 10
413.0
 20
238.09999999999994
  0
LWPOLYLINE
  5
147
330
17
100
AcDbEntity
  8
TEXT
 62
7
370
15
100
AcDbPolyline
 90
4
 70
1
 10
22.0
 20
234.79999999999993
 10
413.0
 20
234.79999999999993
 10
413.0
 20
238.09999999999994
 10
22.0
 20
238.09999999999994
  0
LWPOLYLINE
  5
148
330
17
100
AcDbEntity
  8
TEXT
 62
7
370
15
100
AcDbPolyline
 90
2
 70
0
 10
22.0
 20
238.09999999999994
 10
22.0
 20
234.79999999999993
  0
TEXT
  5
149
330
17
100
AcDbEntity
  8
TEXT
 62
7
100
AcDbText
 10
22.8
 20
235.79999999999993
 30
0.0
 40
1.3
  1
6
  7
GOST
 11
22.8
 21
235.79999999999993
 31
0.0
100
AcDbText
  0
LWPOLYLINE
  5
14A
330
17
100
AcDbEntity
  8
TEXT
 62
7
370
15
100
AcDbPolyline
 90
2
 70
0
 10
29.510720083277995
 20
238.09999999999994
 10
29.510720083277995
 20
234.79999999999993
  0
TEXT
  5
14B
330
17
100
AcDbEntity
  8
TEXT
 62
7
100
AcDbText
 10
30.310720083277996
 20
235.79999999999993
 30
0.0
 40
1.3
  1
Бра латунь сатин C8 с абажуром — группа L11
  7
GOST
 11
30.310720083277996
 21
235.79999999999993
 31
0.0
100
AcDbText
  0
LWPOLYLINE
  5
14C
330
17
100
AcDbEntity
  8
TEXT
 62
7
370
15
100
AcDbPolyline
 90
2
 70
0
 10
151.60385746872038
 20
238.09999999999994
 10
151.60385746872038
 20
234.79999999999993
  0
TEXT
  5
14D
330
17
100
AcDbEntity
  8
TEXT
 62
7
100
AcDbText
 10
152.4038574687204
 20
235.79999999999993
 30
0.0
 40
1.3
  1
M34
  7
GOST
 11
152.4038574687204
 21
235.79999999999993
 31
0.0
100
AcDbText
  0
LWPOLYLINE
  5
14E
330
17
100
AcDbEntity
  8
TEXT
 62
7
370
15
100
AcDbPolyline
 90
2
 70
0
 10
187.3879514055768
 20
238.09999999999994
 10
187.3879514055768
 20
234.79999999999993
  0
TEXT
  5
14F
330
17
100
AcDbEntity
  8
TEXT
 62
7
100
AcDbText
 10
188.18795140557683
 20
235.79999999999993
 30
0.0
 40
1.3
  1
Maytoni / Freya / Odeon Light
  7
GOST
 11
188.18795140557683
 21
235.79999999999993
 31
0.0
100
AcDbText
  0
LWPOLYLINE
  5
150
330
17
100
AcDbEntity
  8
TEXT
 62
7
370
15
100
AcDbPolyline
 90
2
 70
0
 10
223.79012477186404
 20
238.09999999999994
 10
223.79012477186404
 20
234.79999999999993
  0
TEXT
  5
151
330
17
100
AcDbEntity
  8
TEXT
 62
7
100
AcDbText
 10
224.59012477186405
 20
235.79999999999993
 30
0.0
 40
1.3
  1
2
  7
GOST
 11
224.59012477186405
 21
235.79999999999993
 31
0.0
100
AcDbText
  0
LWPOLYLINE
  5
152
330
17
100
AcDbEntity
  8
TEXT
 62
7
370
15
100
AcDbPolyline
 90
2
 70
0
 10
234.42418713990168
 20
238.09999999999994
 10
234.42418713990168
 20
234.79999999999993
  0
TEXT
  5
153
330
17
100
AcDbEntity
  8
TEXT
 62
7
100
AcDbText
 10
235.2241871399017
 20
235.79999999999993
 30
0.0
 40
1.3
  1
шт
  7
GOST
 11
235.2241871399017
 21
235.79999999999993
 31
0.0
100
AcDbText
  0
LWPOLYLINE
  5
154
330
17
100
AcDbEntity
  8
TEXT
 62
7
370
15
100
AcDbPolyline
 90
2
 70
0
 10
240.62318940741787
 20
238.09999999999994
 10
240.62318940741787
 20
234.79999999999993
  0
TEXT
  5
155
330
17
100
AcDbEntity
  8
TEXT
 62
7
100
AcDbText
 10
241.42318940741788
 20
235.79999999999993
 30
0.0
 40
1.3
  1
9 500
  7
GOST
 11
241.42318940741788
 21
235.79999999999993
 31
0.0
100
AcDbText
  0
LWPOLYLINE
  5
156
330
17
100
AcDbEntity
  8
TEXT
 62
7
370
15
100
AcDbPolyline
 90
2
 70
0
 10
262.2838460923918
 20
238.09999999999994
 10
262.2838460923918
 20
234.79999999999993
  0
TEXT
  5
157
330
17
100
AcDbEntity
  8
TEXT
 62
7
100
AcDbText
 10
263.0838460923918
 20
235.79999999999993
 30
0.0
 40
1.3
  1
19 000
  7
GOST
 11
263.0838460923918
 21
235.79999999999993
 31
0.0
100
AcDbText
  0
LWPOLYLINE
  5
158
330
17
100
AcDbEntity
  8
TEXT
 62
7
370
15
100
AcDbPolyline
 90
2
 70
0
 10
275.62442313461116
 20
238.09999999999994
 10
275.62442313461116
 20
234.79999999999993
  0
TEXT
  5
159
330
17
100
AcDbEntity
  8
TEXT
 62
7
100
AcDbText
 10
276.4244231346112
 20
235.79999999999993
 30
0.0
 40
1.3
  1
R1
  7
GOST
 11
276.4244231346112
 21
235.79999999999993
 31
0.0
100
AcDbText
  0
LWPOLYLINE
  5
15A
330
17
100
AcDbEntity
  8
TEXT
 62
7
370
15
100
AcDbPolyline
 90
2
 70
0
 10
292.41886813561365
 20
238.09999999999994
 10
292.41886813561365
 20
234.79999999999993
  0
TEXT
  5
15B
330
17
100
AcDbEntity
  8
TEXT
 62
7
100
AcDbText
 10
293.21886813561366
 20
235.79999999999993
 30
0.0
 40
1.3
  1
L11-1, L11-2; F41; ЭО-01
  7
GOST
 11
293.21886813561366
 21
235.79999999999993
 31
0.0
100
AcDbText
  0
LWPOLYLINE
  5
15C
330
17
100
AcDbEntity
  8
TEXT
 62
7
370
15
100
AcDbPolyline
 90
2
 70
0
 10
341.7591699986178
 20
238.09999999999994
 10
341.7591699986178
 20
234.79999999999993
  0
TEXT
  5
15D
330
17
100
AcDbEntity
  8
TEXT
 62
7
100
AcDbText
 10
342.5591699986178
 20
235.79999999999993
 30
0.0
 40
1.3
  1
Ремонт
  7
GOST
 11
342.5591699986178
 21
235.79999999999993
 31
0.0
100
AcDbText
  0
LWPOLYLINE
  5
15E
330
17
100
AcDbEntity
  8
TEXT
 62
7
370
15
100
AcDbPolyline
 90
2
 70
0
 10
354.2736119054392
 20
238.09999999999994
 10
354.2736119054392
 20
234.79999999999993
  0
TEXT
  5
15F
330
17
100
AcDbEntity
  8
TEXT
 62
7
100
AcDbText
 10
355.07361190543924
 20
235.79999999999993
 30
0.0
 40
1.3
  1
Э13
  7
GOST
 11
355.07361190543924
 21
235.79999999999993
 31
0.0
100
AcDbText
  0
LWPOLYLINE
  5
160
330
17
100
AcDbEntity
  8
TEXT
 62
7
370
15
100
AcDbPolyline
 90
2
 70
0
 10
370.86501459097985
 20
238.09999999999994
 10
370.86501459097985
 20
234.79999999999993
  0
TEXT
  5
161
330
17
100
AcDbEntity
  8
TEXT
 62
7
100
AcDbText
 10
371.66501459097987
 20
235.79999999999993
 30
0.0
 40
1.3
  1
5 Вт
  7
GOST
 11
371.66501459097987
 21
235.79999999999993
 31
0.0
100
AcDbText
  0
LWPOLYLINE
  5
162
330
17
100
AcDbEntity
  8
TEXT
 62
7
370
15
100
AcDbPolyline
 90
2
 70
0
 10
413.0
 20
238.09999999999994
 10
413.0
 20
234.79999999999993
  0
LWPOLYLINE
  5
163
330
17
100
AcDbEntity
  8
TEXT
 62
7
370
15
100
AcDbPolyline
 90
4
 70
1
 10
22.0
 20
231.49999999999991
 10
413.0
 20
231.49999999999991
 10
413.0
 20
234.79999999999993
 10
22.0
 20
234.79999999999993
  0
LWPOLYLINE
  5
164
330
17
100
AcDbEntity
  8
TEXT
 62
7
370
15
100
AcDbPolyline
 90
2
 70
0
 10
22.0
 20
234.79999999999993
 10
22.0
 20
231.49999999999991
  0
TEXT
  5
165
330
17
100
AcDbEntity
  8
TEXT
 62
7
100
AcDbText
 10
22.8
 20
232.49999999999991
 30
0.0
 40
1.3
  1
7
  7
GOST
 11
22.8
 21
232.49999999999991
 31
0.0
100
AcDbText
  0
LWPOLYLINE
  5
166
330
17
100
AcDbEntity
  8
TEXT
 62
7
370
15
100
AcDbPolyline
 90
2
 70
0
 10
29.510720083277995
 20
234.79999999999993
 10
29.510720083277995
 20
231.49999999999991
  0
TEXT
  5
167
330
17
100
AcDbEntity
  8
TEXT
 62
7
100
AcDbText
 10
30.310720083277996
 20
232.49999999999991
 30
0.0
 40
1.3
  1
Светильник потолочный рассеянный детской, диммируемый — группа L14
  7
GOST
 11
30.310720083277996
 21
232.49999999999991
 31
0.0
100
AcDbText
  0
LWPOLYLINE
  5
168
330
17
100
AcDbEntity
  8
TEXT
 62
7
370
15
100
AcDbPolyline
 90
2
 70
0
 10
151.60385746872038
 20
234.79999999999993
 10
151.60385746872038
 20
231.49999999999991
  0
TEXT
  5
169
330
17
100
AcDbEntity
  8
TEXT
 62
7
100
AcDbText
 10
152.4038574687204
 20
232.49999999999991
 30
0.0
 40
1.3
  1
M34
  7
GOST
 11
152.4038574687204
 21
232.49999999999991
 31
0.0
100
AcDbText
  0
LWPOLYLINE
  5
16A
330
17
100
AcDbEntity
  8
TEXT
 62
7
370
15
100
AcDbPolyline
 90
2
 70
0
 10
187.3879514055768
 20
234.79999999999993
 10
187.3879514055768
 20
231.49999999999991
  0
TEXT
  5
16B
330
17
100
AcDbEntity
  8
TEXT
 62
7
100
AcDbText
 10
188.18795140557683
 20
232.49999999999991
 30
0.0
 40
1.3
  1
Maytoni / Odeon Light / Freya
  7
GOST
 11
188.18795140557683
 21
232.49999999999991
 31
0.0
100
AcDbText
  0
LWPOLYLINE
  5
16C
330
17
100
AcDbEntity
  8
TEXT
 62
7
370
15
100
AcDbPolyline
 90
2
 70
0
 10
223.79012477186404
 20
234.79999999999993
 10
223.79012477186404
 20
231.49999999999991
  0
TEXT
  5
16D
330
17
100
AcDbEntity
  8
TEXT
 62
7
100
AcDbText
 10
224.59012477186405
 20
232.49999999999991
 30
0.0
 40
1.3
  1
1
  7
GOST
 11
224.59012477186405
 21
232.49999999999991
 31
0.0
100
AcDbText
  0
LWPOLYLINE
  5
16E
330
17
100
AcDbEntity
  8
TEXT
 62
7
370
15
100
AcDbPolyline
 90
2
 70
0
 10
234.42418713990168
 20
234.79999999999993
 10
234.42418713990168
 20
231.49999999999991
  0
TEXT
  5
16F
330
17
100
AcDbEntity
  8
TEXT
 62
7
100
AcDbText
 10
235.2241871399017
 20
232.49999999999991
 30
0.0
 40
1.3
  1
шт
  7
GOST
 11
235.2241871399017
 21
232.49999999999991
 31
0.0
100
AcDbText
  0
LWPOLYLINE
  5
170
330
17
100
AcDbEntity
  8
TEXT
 62
7
370
15
100
AcDbPolyline
 90
2
 70
0
 10
240.62318940741787
 20
234.79999999999993
 10
240.62318940741787
 20
231.49999999999991
  0
TEXT
  5
171
330
17
100
AcDbEntity
  8
TEXT
 62
7
100
AcDbText
 10
241.42318940741788
 20
232.49999999999991
 30
0.0
 40
1.3
  1
14 000
  7
GOST
 11
241.42318940741788
 21
232.49999999999991
 31
0.0
100
AcDbText
  0
LWPOLYLINE
  5
172
330
17
100
AcDbEntity
  8
TEXT
 62
7
370
15
100
AcDbPolyline
 90
2
 70
0
 10
262.2838460923918
 20
234.79999999999993
 10
262.2838460923918
 20
231.49999999999991
  0
TEXT
  5
173
330
17
100
AcDbEntity
  8
TEXT
 62
7
100
AcDbText
 10
263.0838460923918
 20
232.49999999999991
 30
0.0
 40
1.3
  1
14 000
  7
GOST
 11
263.0838460923918
 21
232.49999999999991
 31
0.0
100
AcDbText
  0
LWPOLYLINE
  5
174
330
17
100
AcDbEntity
  8
TEXT
 62
7
370
15
100
AcDbPolyline
 90
2
 70
0
 10
275.62442313461116
 20
234.79999999999993
 10
275.62442313461116
 20
231.49999999999991
  0
TEXT
  5
175
330
17
100
AcDbEntity
  8
TEXT
 62
7
100
AcDbText
 10
276.4244231346112
 20
232.49999999999991
 30
0.0
 40
1.3
  1
R2
  7
GOST
 11
276.4244231346112
 21
232.49999999999991
 31
0.0
100
AcDbText
  0
LWPOLYLINE
  5
176
330
17
100
AcDbEntity
  8
TEXT
 62
7
370
15
100
AcDbPolyline
 90
2
 70
0
 10
292.41886813561365
 20
234.79999999999993
 10
292.41886813561365
 20
231.49999999999991
  0
TEXT
  5
177
330
17
100
AcDbEntity
  8
TEXT
 62
7
100
AcDbText
 10
293.21886813561366
 20
232.49999999999991
 30
0.0
 40
1.3
  1
L14-1; ЭО-01
  7
GOST
 11
293.21886813561366
 21
232.49999999999991
 31
0.0
100
AcDbText
  0
LWPOLYLINE
  5
178
330
17
100
AcDbEntity
  8
TEXT
 62
7
370
15
100
AcDbPolyline
 90
2
 70
0
 10
341.7591699986178
 20
234.79999999999993
 10
341.7591699986178
 20
231.49999999999991
  0
TEXT
  5
179
330
17
100
AcDbEntity
  8
TEXT
 62
7
100
AcDbText
 10
342.5591699986178
 20
232.49999999999991
 30
0.0
 40
1.3
  1
Ремонт
  7
GOST
 11
342.5591699986178
 21
232.49999999999991
 31
0.0
100
AcDbText
  0
LWPOLYLINE
  5
17A
330
17
100
AcDbEntity
  8
TEXT
 62
7
370
15
100
AcDbPolyline
 90
2
 70
0
 10
354.2736119054392
 20
234.79999999999993
 10
354.2736119054392
 20
231.49999999999991
  0
TEXT
  5
17B
330
17
100
AcDbEntity
  8
TEXT
 62
7
100
AcDbText
 10
355.07361190543924
 20
232.49999999999991
 30
0.0
 40
1.3
  1
Э13
  7
GOST
 11
355.07361190543924
 21
232.49999999999991
 31
0.0
100
AcDbText
  0
LWPOLYLINE
  5
17C
330
17
100
AcDbEntity
  8
TEXT
 62
7
370
15
100
AcDbPolyline
 90
2
 70
0
 10
370.86501459097985
 20
234.79999999999993
 10
370.86501459097985
 20
231.49999999999991
  0
TEXT
  5
17D
330
17
100
AcDbEntity
  8
TEXT
 62
7
100
AcDbText
 10
371.66501459097987
 20
232.49999999999991
 30
0.0
 40
1.3
  1
40 Вт
  7
GOST
 11
371.66501459097987
 21
232.49999999999991
 31
0.0
100
AcDbText
  0
LWPOLYLINE
  5
17E
330
17
100
AcDbEntity
  8
TEXT
 62
7
370
15
100
AcDbPolyline
 90
2
 70
0
 10
413.0
 20
234.79999999999993
 10
413.0
 20
231.49999999999991
  0
LWPOLYLINE
  5
17F
330
17
100
AcDbEntity
  8
TEXT
 62
7
370
15
100
AcDbPolyline
 90
4
 70
1
 10
22.0
 20
228.1999999999999
 10
413.0
 20
228.1999999999999
 10
413.0
 20
231.49999999999991
 10
22.0
 20
231.49999999999991
  0
LWPOLYLINE
  5
180
330
17
100
AcDbEntity
  8
TEXT
 62
7
370
15
100
AcDbPolyline
 90
2
 70
0
 10
22.0
 20
231.49999999999991
 10
22.0
 20
228.1999999999999
  0
TEXT
  5
181
330
17
100
AcDbEntity
  8
TEXT
 62
7
100
AcDbText
 10
22.8
 20
229.1999999999999
 30
0.0
 40
1.3
  1
8
  7
GOST
 11
22.8
 21
229.1999999999999
 31
0.0
100
AcDbText
  0
LWPOLYLINE
  5
182
330
17
100
AcDbEntity
  8
TEXT
 62
7
370
15
100
AcDbPolyline
 90
2
 70
0
 10
29.510720083277995
 20
231.49999999999991
 10
29.510720083277995
 20
228.1999999999999
  0
TEXT
  5
183
330
17
100
AcDbEntity
  8
TEXT
 62
7
100
AcDbText
 10
30.310720083277996
 20
229.1999999999999
 30
0.0
 40
1.3
  1
Спот встраиваемый LED 7 Вт, 2700 K, CRI ≥ 90, диммируемый, глубина ≤ 80 — группа L15
  7
GOST
 11
30.310720083277996
 21
229.1999999999999
 31
0.0
100
AcDbText
  0
LWPOLYLINE
  5
184
330
17
100
AcDbEntity
  8
TEXT
 62
7
370
15
100
AcDbPolyline
 90
2
 70
0
 10
151.60385746872038
 20
231.49999999999991
 10
151.60385746872038
 20
228.1999999999999
  0
TEXT
  5
185
330
17
100
AcDbEntity
  8
TEXT
 62
7
100
AcDbText
 10
152.4038574687204
 20
229.1999999999999
 30
0.0
 40
1.3
  1
Maytoni DL / Elektrostandard
  7
GOST
 11
152.4038574687204
 21
229.1999999999999
 31
0.0
100
AcDbText
  0
LWPOLYLINE
  5
186
330
17
100
AcDbEntity
  8
TEXT
 62
7
370
15
100
AcDbPolyline
 90
2
 70
0
 10
187.3879514055768
 20
231.49999999999991
 10
187.3879514055768
 20
228.1999999999999
  0
TEXT
  5
187
330
17
100
AcDbEntity
  8
TEXT
 62
7
100
AcDbText
 10
188.18795140557683
 20
229.1999999999999
 30
0.0
 40
1.3
  1
Maytoni / Elektrostandard
  7
GOST
 11
188.18795140557683
 21
229.1999999999999
 31
0.0
100
AcDbText
  0
LWPOLYLINE
  5
188
330
17
100
AcDbEntity
  8
TEXT
 62
7
370
15
100
AcDbPolyline
 90
2
 70
0
 10
223.79012477186404
 20
231.49999999999991
 10
223.79012477186404
 20
228.1999999999999
  0
TEXT
  5
189
330
17
100
AcDbEntity
  8
TEXT
 62
7
100
AcDbText
 10
224.59012477186405
 20
229.1999999999999
 30
0.0
 40
1.3
  1
5
  7
GOST
 11
224.59012477186405
 21
229.1999999999999
 31
0.0
100
AcDbText
  0
LWPOLYLINE
  5
18A
330
17
100
AcDbEntity
  8
TEXT
 62
7
370
15
100
AcDbPolyline
 90
2
 70
0
 10
234.42418713990168
 20
231.49999999999991
 10
234.42418713990168
 20
228.1999999999999
  0
TEXT
  5
18B
330
17
100
AcDbEntity
  8
TEXT
 62
7
100
AcDbText
 10
235.2241871399017
 20
229.1999999999999
 30
0.0
 40
1.3
  1
шт
  7
GOST
 11
235.2241871399017
 21
229.1999999999999
 31
0.0
100
AcDbText
  0
LWPOLYLINE
  5
18C
330
17
100
AcDbEntity
  8
TEXT
 62
7
370
15
100
AcDbPolyline
 90
2
 70
0
 10
240.62318940741787
 20
231.49999999999991
 10
240.62318940741787
 20
228.1999999999999
  0
TEXT
  5
18D
330
17
100
AcDbEntity
  8
TEXT
 62
7
100
AcDbText
 10
241.42318940741788
 20
229.1999999999999
 30
0.0
 40
1.3
  1
2 700
  7
GOST
 11
241.42318940741788
 21
229.1999999999999
 31
0.0
100
AcDbText
  0
LWPOLYLINE
  5
18E
330
17
100
AcDbEntity
  8
TEXT
 62
7
370
15
100
AcDbPolyline
 90
2
 70
0
 10
262.2838460923918
 20
231.49999999999991
 10
262.2838460923918
 20
228.1999999999999
  0
TEXT
  5
18F
330
17
100
AcDbEntity
  8
TEXT
 62
7
100
AcDbText
 10
263.0838460923918
 20
229.1999999999999
 30
0.0
 40
1.3
  1
13 500
  7
GOST
 11
263.0838460923918
 21
229.1999999999999
 31
0.0
100
AcDbText
  0
LWPOLYLINE
  5
190
330
17
100
AcDbEntity
  8
TEXT
 62
7
370
15
100
AcDbPolyline
 90
2
 70
0
 10
275.62442313461116
 20
231.49999999999991
 10
275.62442313461116
 20
228.1999999999999
  0
TEXT
  5
191
330
17
100
AcDbEntity
  8
TEXT
 62
7
100
AcDbText
 10
276.4244231346112
 20
229.1999999999999
 30
0.0
 40
1.3
  1
R4
  7
GOST
 11
276.4244231346112
 21
229.1999999999999
 31
0.0
100
AcDbText
  0
LWPOLYLINE
  5
192
330
17
100
AcDbEntity
  8
TEXT
 62
7
370
15
100
AcDbPolyline
 90
2
 70
0
 10
292.41886813561365
 20
231.49999999999991
 10
292.41886813561365
 20
228.1999999999999
  0
TEXT
  5
193
330
17
100
AcDbEntity
  8
TEXT
 62
7
100
AcDbText
 10
293.21886813561366
 20
229.1999999999999
 30
0.0
 40
1.3
  1
L15-1, L15-2, L15-3, L15-4, L15-5; ЭО-01
  7
GOST
 11
293.21886813561366
 21
229.1999999999999
 31
0.0
100
AcDbText
  0
LWPOLYLINE
  5
194
330
17
100
AcDbEntity
  8
TEXT
 62
7
370
15
100
AcDbPolyline
 90
2
 70
0
 10
341.7591699986178
 20
231.49999999999991
 10
341.7591699986178
 20
228.1999999999999
  0
TEXT
  5
195
330
17
100
AcDbEntity
  8
TEXT
 62
7
100
AcDbText
 10
342.5591699986178
 20
229.1999999999999
 30
0.0
 40
1.3
  1
Ремонт
  7
GOST
 11
342.5591699986178
 21
229.1999999999999
 31
0.0
100
AcDbText
  0
LWPOLYLINE
  5
196
330
17
100
AcDbEntity
  8
TEXT
 62
7
370
15
100
AcDbPolyline
 90
2
 70
0
 10
354.2736119054392
 20
231.49999999999991
 10
354.2736119054392
 20
228.1999999999999
  0
TEXT
  5
197
330
17
100
AcDbEntity
  8
TEXT
 62
7
100
AcDbText
 10
355.07361190543924
 20
229.1999999999999
 30
0.0
 40
1.3
  1
Э13
  7
GOST
 11
355.07361190543924
 21
229.1999999999999
 31
0.0
100
AcDbText
  0
LWPOLYLINE
  5
198
330
17
100
AcDbEntity
  8
TEXT
 62
7
370
15
100
AcDbPolyline
 90
2
 70
0
 10
370.86501459097985
 20
231.49999999999991
 10
370.86501459097985
 20
228.1999999999999
  0
TEXT
  5
199
330
17
100
AcDbEntity
  8
TEXT
 62
7
100
AcDbText
 10
371.66501459097987
 20
229.1999999999999
 30
0.0
 40
1.3
  1
6 Вт
  7
GOST
 11
371.66501459097987
 21
229.1999999999999
 31
0.0
100
AcDbText
  0
LWPOLYLINE
  5
19A
330
17
100
AcDbEntity
  8
TEXT
 62
7
370
15
100
AcDbPolyline
 90
2
 70
0
 10
413.0
 20
231.49999999999991
 10
413.0
 20
228.1999999999999
  0
LWPOLYLINE
  5
19B
330
17
100
AcDbEntity
  8
TEXT
 62
7
370
15
100
AcDbPolyline
 90
4
 70
1
 10
22.0
 20
224.8999999999999
 10
413.0
 20
224.8999999999999
 10
413.0
 20
228.1999999999999
 10
22.0
 20
228.1999999999999
  0
LWPOLYLINE
  5
19C
330
17
100
AcDbEntity
  8
TEXT
 62
7
370
15
100
AcDbPolyline
 90
2
 70
0
 10
22.0
 20
228.1999999999999
 10
22.0
 20
224.8999999999999
  0
TEXT
  5
19D
330
17
100
AcDbEntity
  8
TEXT
 62
7
100
AcDbText
 10
22.8
 20
225.8999999999999
 30
0.0
 40
1.3
  1
9
  7
GOST
 11
22.8
 21
225.8999999999999
 31
0.0
100
AcDbText
  0
LWPOLYLINE
  5
19E
330
17
100
AcDbEntity
  8
TEXT
 62
7
370
15
100
AcDbPolyline
 90
2
 70
0
 10
29.510720083277995
 20
228.1999999999999
 10
29.510720083277995
 20
224.8999999999999
  0
TEXT
  5
19F
330
17
100
AcDbEntity
  8
TEXT
 62
7
100
AcDbText
 10
30.310720083277996
 20
225.8999999999999
 30
0.0
 40
1.3
  1
Спот встраиваемый LED 7 Вт, 2700 K, CRI ≥ 90, диммируемый, глубина ≤ 80 — группа L16
  7
GOST
 11
30.310720083277996
 21
225.8999999999999
 31
0.0
100
AcDbText
  0
LWPOLYLINE
  5
1A0
330
17
100
AcDbEntity
  8
TEXT
 62
7
370
15
100
AcDbPolyline
 90
2
 70
0
 10
151.60385746872038
 20
228.1999999999999
 10
151.60385746872038
 20
224.8999999999999
  0
TEXT
  5
1A1
330
17
100
AcDbEntity
  8
TEXT
 62
7
100
AcDbText
 10
152.4038574687204
 20
225.8999999999999
 30
0.0
 40
1.3
  1
Maytoni DL / Elektrostandard
  7
GOST
 11
152.4038574687204
 21
225.8999999999999
 31
0.0
100
AcDbText
  0
LWPOLYLINE
  5
1A2
330
17
100
AcDbEntity
  8
TEXT
 62
7
370
15
100
AcDbPolyline
 90
2
 70
0
 10
187.3879514055768
 20
228.1999999999999
 10
187.3879514055768
 20
224.8999999999999
  0
TEXT
  5
1A3
330
17
100
AcDbEntity
  8
TEXT
 62
7
100
AcDbText
 10
188.18795140557683
 20
225.8999999999999
 30
0.0
 40
1.3
  1
Maytoni / Elektrostandard
  7
GOST
 11
188.18795140557683
 21
225.8999999999999
 31
0.0
100
AcDbText
  0
LWPOLYLINE
  5
1A4
330
17
100
AcDbEntity
  8
TEXT
 62
7
370
15
100
AcDbPolyline
 90
2
 70
0
 10
223.79012477186404
 20
228.1999999999999
 10
223.79012477186404
 20
224.8999999999999
  0
TEXT
  5
1A5
330
17
100
AcDbEntity
  8
TEXT
 62
7
100
AcDbText
 10
224.59012477186405
 20
225.8999999999999
 30
0.0
 40
1.3
  1
3
  7
GOST
 11
224.59012477186405
 21
225.8999999999999
 31
0.0
100
AcDbText
  0
LWPOLYLINE
  5
1A6
330
17
100
AcDbEntity
  8
TEXT
 62
7
370
15
100
AcDbPolyline
 90
2
 70
0
 10
234.42418713990168
 20
228.1999999999999
 10
234.42418713990168
 20
224.8999999999999
  0
TEXT
  5
1A7
330
17
100
AcDbEntity
  8
TEXT
 62
7
100
AcDbText
 10
235.2241871399017
 20
225.8999999999999
 30
0.0
 40
1.3
  1
шт
  7
GOST
 11
235.2241871399017
 21
225.8999999999999
 31
0.0
100
AcDbText
  0
LWPOLYLINE
  5
1A8
330
17
100
AcDbEntity
  8
TEXT
 62
7
370
15
100
AcDbPolyline
 90
2
 70
0
 10
240.62318940741787
 20
228.1999999999999
 10
240.62318940741787
 20
224.8999999999999
  0
TEXT
  5
1A9
330
17
100
AcDbEntity
  8
TEXT
 62
7
100
AcDbText
 10
241.42318940741788
 20
225.8999999999999
 30
0.0
 40
1.3
  1
2 700
  7
GOST
 11
241.42318940741788
 21
225.8999999999999
 31
0.0
100
AcDbText
  0
LWPOLYLINE
  5
1AA
330
17
100
AcDbEntity
  8
TEXT
 62
7
370
15
100
AcDbPolyline
 90
2
 70
0
 10
262.2838460923918
 20
228.1999999999999
 10
262.2838460923918
 20
224.8999999999999
  0
TEXT
  5
1AB
330
17
100
AcDbEntity
  8
TEXT
 62
7
100
AcDbText
 10
263.0838460923918
 20
225.8999999999999
 30
0.0
 40
1.3
  1
8 100
  7
GOST
 11
263.0838460923918
 21
225.8999999999999
 31
0.0
100
AcDbText
  0
LWPOLYLINE
  5
1AC
330
17
100
AcDbEntity
  8
TEXT
 62
7
370
15
100
AcDbPolyline
 90
2
 70
0
 10
275.62442313461116
 20
228.1999999999999
 10
275.62442313461116
 20
224.8999999999999
  0
TEXT
  5
1AD
330
17
100
AcDbEntity
  8
TEXT
 62
7
100
AcDbText
 10
276.4244231346112
 20
225.8999999999999
 30
0.0
 40
1.3
  1
R4
  7
GOST
 11
276.4244231346112
 21
225.8999999999999
 31
0.0
100
AcDbText
  0
LWPOLYLINE
  5
1AE
330
17
100
AcDbEntity
  8
TEXT
 62
7
370
15
100
AcDbPolyline
 90
2
 70
0
 10
292.41886813561365
 20
228.1999999999999
 10
292.41886813561365
 20
224.8999999999999
  0
TEXT
  5
1AF
330
17
100
AcDbEntity
  8
TEXT
 62
7
100
AcDbText
 10
293.21886813561366
 20
225.8999999999999
 30
0.0
 40
1.3
  1
L16-1, L16-2, L16-3; ЭО-01
  7
GOST
 11
293.21886813561366
 21
225.8999999999999
 31
0.0
100
AcDbText
  0
LWPOLYLINE
  5
1B0
330
17
100
AcDbEntity
  8
TEXT
 62
7
370
15
100
AcDbPolyline
 90
2
 70
0
 10
341.7591699986178
 20
228.1999999999999
 10
341.7591699986178
 20
224.8999999999999
  0
TEXT
  5
1B1
330
17
100
AcDbEntity
  8
TEXT
 62
7
100
AcDbText
 10
342.5591699986178
 20
225.8999999999999
 30
0.0
 40
1.3
  1
Ремонт
  7
GOST
 11
342.5591699986178
 21
225.8999999999999
 31
0.0
100
AcDbText
  0
LWPOLYLINE
  5
1B2
330
17
100
AcDbEntity
  8
TEXT
 62
7
370
15
100
AcDbPolyline
 90
2
 70
0
 10
354.2736119054392
 20
228.1999999999999
 10
354.2736119054392
 20
224.8999999999999
  0
TEXT
  5
1B3
330
17
100
AcDbEntity
  8
TEXT
 62
7
100
AcDbText
 10
355.07361190543924
 20
225.8999999999999
 30
0.0
 40
1.3
  1
Э13
  7
GOST
 11
355.07361190543924
 21
225.8999999999999
 31
0.0
100
AcDbText
  0
LWPOLYLINE
  5
1B4
330
17
100
AcDbEntity
  8
TEXT
 62
7
370
15
100
AcDbPolyline
 90
2
 70
0
 10
370.86501459097985
 20
228.1999999999999
 10
370.86501459097985
 20
224.8999999999999
  0
TEXT
  5
1B5
330
17
100
AcDbEntity
  8
TEXT
 62
7
100
AcDbText
 10
371.66501459097987
 20
225.8999999999999
 30
0.0
 40
1.3
  1
6 Вт
  7
GOST
 11
371.66501459097987
 21
225.8999999999999
 31
0.0
100
AcDbText
  0
LWPOLYLINE
  5
1B6
330
17
100
AcDbEntity
  8
TEXT
 62
7
370
15
100
AcDbPolyline
 90
2
 70
0
 10
413.0
 20
228.1999999999999
 10
413.0
 20
224.8999999999999
  0
LWPOLYLINE
  5
1B7
330
17
100
AcDbEntity
  8
TEXT
 62
7
370
15
100
AcDbPolyline
 90
4
 70
1
 10
22.0
 20
221.59999999999988
 10
413.0
 20
221.59999999999988
 10
413.0
 20
224.8999999999999
 10
22.0
 20
224.8999999999999
  0
LWPOLYLINE
  5
1B8
330
17
100
AcDbEntity
  8
TEXT
 62
7
370
15
100
AcDbPolyline
 90
2
 70
0
 10
22.0
 20
224.8999999999999
 10
22.0
 20
221.59999999999988
  0
TEXT
  5
1B9
330
17
100
AcDbEntity
  8
TEXT
 62
7
100
AcDbText
 10
22.8
 20
222.59999999999988
 30
0.0
 40
1.3
  1
10
  7
GOST
 11
22.8
 21
222.59999999999988
 31
0.0
100
AcDbText
  0
LWPOLYLINE
  5
1BA
330
17
100
AcDbEntity
  8
TEXT
 62
7
370
15
100
AcDbPolyline
 90
2
 70
0
 10
29.510720083277995
 20
224.8999999999999
 10
29.510720083277995
 20
221.59999999999988
  0
TEXT
  5
1BB
330
17
100
AcDbEntity
  8
TEXT
 62
7
100
AcDbText
 10
30.310720083277996
 20
222.59999999999988
 30
0.0
 40
1.3
  1
Спот встраиваемый LED IP44, 3000 K, CRI ≥ 90 — группа L19
  7
GOST
 11
30.310720083277996
 21
222.59999999999988
 31
0.0
100
AcDbText
  0
LWPOLYLINE
  5
1BC
330
17
100
AcDbEntity
  8
TEXT
 62
7
370
15
100
AcDbPolyline
 90
2
 70
0
 10
151.60385746872038
 20
224.8999999999999
 10
151.60385746872038
 20
221.59999999999988
  0
TEXT
  5
1BD
330
17
100
AcDbEntity
  8
TEXT
 62
7
100
AcDbText
 10
152.4038574687204
 20
222.59999999999988
 30
0.0
 40
1.3
  1
Maytoni Zoom IP44-класс
  7
GOST
 11
152.4038574687204
 21
222.59999999999988
 31
0.0
100
AcDbText
  0
LWPOLYLINE
  5
1BE
330
17
100
AcDbEntity
  8
TEXT
 62
7
370
15
100
AcDbPolyline
 90
2
 70
0
 10
187.3879514055768
 20
224.8999999999999
 10
187.3879514055768
 20
221.59999999999988
  0
TEXT
  5
1BF
330
17
100
AcDbEntity
  8
TEXT
 62
7
100
AcDbText
 10
188.18795140557683
 20
222.59999999999988
 30
0.0
 40
1.3
  1
Maytoni / Elektrostandard
  7
GOST
 11
188.18795140557683
 21
222.59999999999988
 31
0.0
100
AcDbText
  0
LWPOLYLINE
  5
1C0
330
17
100
AcDbEntity
  8
TEXT
 62
7
370
15
100
AcDbPolyline
 90
2
 70
0
 10
223.79012477186404
 20
224.8999999999999
 10
223.79012477186404
 20
221.59999999999988
  0
TEXT
  5
1C1
330
17
100
AcDbEntity
  8
TEXT
 62
7
100
AcDbText
 10
224.59012477186405
 20
222.59999999999988
 30
0.0
 40
1.3
  1
2
  7
GOST
 11
224.59012477186405
 21
222.59999999999988
 31
0.0
100
AcDbText
  0
LWPOLYLINE
  5
1C2
330
17
100
AcDbEntity
  8
TEXT
 62
7
370
15
100
AcDbPolyline
 90
2
 70
0
 10
234.42418713990168
 20
224.8999999999999
 10
234.42418713990168
 20
221.59999999999988
  0
TEXT
  5
1C3
330
17
100
AcDbEntity
  8
TEXT
 62
7
100
AcDbText
 10
235.2241871399017
 20
222.59999999999988
 30
0.0
 40
1.3
  1
шт
  7
GOST
 11
235.2241871399017
 21
222.59999999999988
 31
0.0
100
AcDbText
  0
LWPOLYLINE
  5
1C4
330
17
100
AcDbEntity
  8
TEXT
 62
7
370
15
100
AcDbPolyline
 90
2
 70
0
 10
240.62318940741787
 20
224.8999999999999
 10
240.62318940741787
 20
221.59999999999988
  0
TEXT
  5
1C5
330
17
100
AcDbEntity
  8
TEXT
 62
7
100
AcDbText
 10
241.42318940741788
 20
222.59999999999988
 30
0.0
 40
1.3
  1
3 600
  7
GOST
 11
241.42318940741788
 21
222.59999999999988
 31
0.0
100
AcDbText
  0
LWPOLYLINE
  5
1C6
330
17
100
AcDbEntity
  8
TEXT
 62
7
370
15
100
AcDbPolyline
 90
2
 70
0
 10
262.2838460923918
 20
224.8999999999999
 10
262.2838460923918
 20
221.59999999999988
  0
TEXT
  5
1C7
330
17
100
AcDbEntity
  8
TEXT
 62
7
100
AcDbText
 10
263.0838460923918
 20
222.59999999999988
 30
0.0
 40
1.3
  1
7 200
  7
GOST
 11
263.0838460923918
 21
222.59999999999988
 31
0.0
100
AcDbText
  0
LWPOLYLINE
  5
1C8
330
17
100
AcDbEntity
  8
TEXT
 62
7
370
15
100
AcDbPolyline
 90
2
 70
0
 10
275.62442313461116
 20
224.8999999999999
 10
275.62442313461116
 20
221.59999999999988
  0
TEXT
  5
1C9
330
17
100
AcDbEntity
  8
TEXT
 62
7
100
AcDbText
 10
276.4244231346112
 20
222.59999999999988
 30
0.0
 40
1.3
  1
R5
  7
GOST
 11
276.4244231346112
 21
222.59999999999988
 31
0.0
100
AcDbText
  0
LWPOLYLINE
  5
1CA
330
17
100
AcDbEntity
  8
TEXT
 62
7
370
15
100
AcDbPolyline
 90
2
 70
0
 10
292.41886813561365
 20
224.8999999999999
 10
292.41886813561365
 20
221.59999999999988
  0
TEXT
  5
1CB
330
17
100
AcDbEntity
  8
TEXT
 62
7
100
AcDbText
 10
293.21886813561366
 20
222.59999999999988
 30
0.0
 40
1.3
  1
L19-1, L19-2; ЭО-01
  7
GOST
 11
293.21886813561366
 21
222.59999999999988
 31
0.0
100
AcDbText
  0
LWPOLYLINE
  5
1CC
330
17
100
AcDbEntity
  8
TEXT
 62
7
370
15
100
AcDbPolyline
 90
2
 70
0
 10
341.7591699986178
 20
224.8999999999999
 10
341.7591699986178
 20
221.59999999999988
  0
TEXT
  5
1CD
330
17
100
AcDbEntity
  8
TEXT
 62
7
100
AcDbText
 10
342.5591699986178
 20
222.59999999999988
 30
0.0
 40
1.3
  1
Ремонт
  7
GOST
 11
342.5591699986178
 21
222.59999999999988
 31
0.0
100
AcDbText
  0
LWPOLYLINE
  5
1CE
330
17
100
AcDbEntity
  8
TEXT
 62
7
370
15
100
AcDbPolyline
 90
2
 70
0
 10
354.2736119054392
 20
224.8999999999999
 10
354.2736119054392
 20
221.59999999999988
  0
TEXT
  5
1CF
330
17
100
AcDbEntity
  8
TEXT
 62
7
100
AcDbText
 10
355.07361190543924
 20
222.59999999999988
 30
0.0
 40
1.3
  1
Э13
  7
GOST
 11
355.07361190543924
 21
222.59999999999988
 31
0.0
100
AcDbText
  0
LWPOLYLINE
  5
1D0
330
17
100
AcDbEntity
  8
TEXT
 62
7
370
15
100
AcDbPolyline
 90
2
 70
0
 10
370.86501459097985
 20
224.8999999999999
 10
370.86501459097985
 20
221.59999999999988
  0
TEXT
  5
1D1
330
17
100
AcDbEntity
  8
TEXT
 62
7
100
AcDbText
 10
371.66501459097987
 20
222.59999999999988
 30
0.0
 40
1.3
  1
6 Вт
  7
GOST
 11
371.66501459097987
 21
222.59999999999988
 31
0.0
100
AcDbText
  0
LWPOLYLINE
  5
1D2
330
17
100
AcDbEntity
  8
TEXT
 62
7
370
15
100
AcDbPolyline
 90
2
 70
0
 10
413.0
 20
224.8999999999999
 10
413.0
 20
221.59999999999988
  0
LWPOLYLINE
  5
1D3
330
17
100
AcDbEntity
  8
TEXT
 62
7
370
15
100
AcDbPolyline
 90
4
 70
1
 10
22.0
 20
218.29999999999987
 10
413.0
 20
218.29999999999987
 10
413.0
 20
221.59999999999988
 10
22.0
 20
221.59999999999988
  0
LWPOLYLINE
  5
1D4
330
17
100
AcDbEntity
  8
TEXT
 62
7
370
15
100
AcDbPolyline
 90
2
 70
0
 10
22.0
 20
221.59999999999988
 10
22.0
 20
218.29999999999987
  0
TEXT
  5
1D5
330
17
100
AcDbEntity
  8
TEXT
 62
7
100
AcDbText
 10
22.8
 20
219.29999999999987
 30
0.0
 40
1.3
  1
11
  7
GOST
 11
22.8
 21
219.29999999999987
 31
0.0
100
AcDbText
  0
LWPOLYLINE
  5
1D6
330
17
100
AcDbEntity
  8
TEXT
 62
7
370
15
100
AcDbPolyline
 90
2
 70
0
 10
29.510720083277995
 20
221.59999999999988
 10
29.510720083277995
 20
218.29999999999987
  0
TEXT
  5
1D7
330
17
100
AcDbEntity
  8
TEXT
 62
7
100
AcDbText
 10
30.310720083277996
 20
219.29999999999987
 30
0.0
 40
1.3
  1
Спот встраиваемый LED IP65 (над ванной/душем), 3000 K — группа L19
  7
GOST
 11
30.310720083277996
 21
219.29999999999987
 31
0.0
100
AcDbText
  0
LWPOLYLINE
  5
1D8
330
17
100
AcDbEntity
  8
TEXT
 62
7
370
15
100
AcDbPolyline
 90
2
 70
0
 10
151.60385746872038
 20
221.59999999999988
 10
151.60385746872038
 20
218.29999999999987
  0
TEXT
  5
1D9
330
17
100
AcDbEntity
  8
TEXT
 62
7
100
AcDbText
 10
152.4038574687204
 20
219.29999999999987
 30
0.0
 40
1.3
  1
Maytoni Hoop IP65-класс
  7
GOST
 11
152.4038574687204
 21
219.29999999999987
 31
0.0
100
AcDbText
  0
LWPOLYLINE
  5
1DA
330
17
100
AcDbEntity
  8
TEXT
 62
7
370
15
100
AcDbPolyline
 90
2
 70
0
 10
187.3879514055768
 20
221.59999999999988
 10
187.3879514055768
 20
218.29999999999987
  0
TEXT
  5
1DB
330
17
100
AcDbEntity
  8
TEXT
 62
7
100
AcDbText
 10
188.18795140557683
 20
219.29999999999987
 30
0.0
 40
1.3
  1
Maytoni / Elektrostandard
  7
GOST
 11
188.18795140557683
 21
219.29999999999987
 31
0.0
100
AcDbText
  0
LWPOLYLINE
  5
1DC
330
17
100
AcDbEntity
  8
TEXT
 62
7
370
15
100
AcDbPolyline
 90
2
 70
0
 10
223.79012477186404
 20
221.59999999999988
 10
223.79012477186404
 20
218.29999999999987
  0
TEXT
  5
1DD
330
17
100
AcDbEntity
  8
TEXT
 62
7
100
AcDbText
 10
224.59012477186405
 20
219.29999999999987
 30
0.0
 40
1.3
  1
2
  7
GOST
 11
224.59012477186405
 21
219.29999999999987
 31
0.0
100
AcDbText
  0
LWPOLYLINE
  5
1DE
330
17
100
AcDbEntity
  8
TEXT
 62
7
370
15
100
AcDbPolyline
 90
2
 70
0
 10
234.42418713990168
 20
221.59999999999988
 10
234.42418713990168
 20
218.29999999999987
  0
TEXT
  5
1DF
330
17
100
AcDbEntity
  8
TEXT
 62
7
100
AcDbText
 10
235.2241871399017
 20
219.29999999999987
 30
0.0
 40
1.3
  1
шт
  7
GOST
 11
235.2241871399017
 21
219.29999999999987
 31
0.0
100
AcDbText
  0
LWPOLYLINE
  5
1E0
330
17
100
AcDbEntity
  8
TEXT
 62
7
370
15
100
AcDbPolyline
 90
2
 70
0
 10
240.62318940741787
 20
221.59999999999988
 10
240.62318940741787
 20
218.29999999999987
  0
TEXT
  5
1E1
330
17
100
AcDbEntity
  8
TEXT
 62
7
100
AcDbText
 10
241.42318940741788
 20
219.29999999999987
 30
0.0
 40
1.3
  1
4 300
  7
GOST
 11
241.42318940741788
 21
219.29999999999987
 31
0.0
100
AcDbText
  0
LWPOLYLINE
  5
1E2
330
17
100
AcDbEntity
  8
TEXT
 62
7
370
15
100
AcDbPolyline
 90
2
 70
0
 10
262.2838460923918
 20
221.59999999999988
 10
262.2838460923918
 20
218.29999999999987
  0
TEXT
  5
1E3
330
17
100
AcDbEntity
  8
TEXT
 62
7
100
AcDbText
 10
263.0838460923918
 20
219.29999999999987
 30
0.0
 40
1.3
  1
8 600
  7
GOST
 11
263.0838460923918
 21
219.29999999999987
 31
0.0
100
AcDbText
  0
LWPOLYLINE
  5
1E4
330
17
100
AcDbEntity
  8
TEXT
 62
7
370
15
100
AcDbPolyline
 90
2
 70
0
 10
275.62442313461116
 20
221.59999999999988
 10
275.62442313461116
 20
218.29999999999987
  0
TEXT
  5
1E5
330
17
100
AcDbEntity
  8
TEXT
 62
7
100
AcDbText
 10
276.4244231346112
 20
219.29999999999987
 30
0.0
 40
1.3
  1
R5
  7
GOST
 11
276.4244231346112
 21
219.29999999999987
 31
0.0
100
AcDbText
  0
LWPOLYLINE
  5
1E6
330
17
100
AcDbEntity
  8
TEXT
 62
7
370
15
100
AcDbPolyline
 90
2
 70
0
 10
292.41886813561365
 20
221.59999999999988
 10
292.41886813561365
 20
218.29999999999987
  0
TEXT
  5
1E7
330
17
100
AcDbEntity
  8
TEXT
 62
7
100
AcDbText
 10
293.21886813561366
 20
219.29999999999987
 30
0.0
 40
1.3
  1
L19-3, L19-4; ЭО-01
  7
GOST
 11
293.21886813561366
 21
219.29999999999987
 31
0.0
100
AcDbText
  0
LWPOLYLINE
  5
1E8
330
17
100
AcDbEntity
  8
TEXT
 62
7
370
15
100
AcDbPolyline
 90
2
 70
0
 10
341.7591699986178
 20
221.59999999999988
 10
341.7591699986178
 20
218.29999999999987
  0
TEXT
  5
1E9
330
17
100
AcDbEntity
  8
TEXT
 62
7
100
AcDbText
 10
342.5591699986178
 20
219.29999999999987
 30
0.0
 40
1.3
  1
Ремонт
  7
GOST
 11
342.5591699986178
 21
219.29999999999987
 31
0.0
100
AcDbText
  0
LWPOLYLINE
  5
1EA
330
17
100
AcDbEntity
  8
TEXT
 62
7
370
15
100
AcDbPolyline
 90
2
 70
0
 10
354.2736119054392
 20
221.59999999999988
 10
354.2736119054392
 20
218.29999999999987
  0
TEXT
  5
1EB
330
17
100
AcDbEntity
  8
TEXT
 62
7
100
AcDbText
 10
355.07361190543924
 20
219.29999999999987
 30
0.0
 40
1.3
  1
Э13
  7
GOST
 11
355.07361190543924
 21
219.29999999999987
 31
0.0
100
AcDbText
  0
LWPOLYLINE
  5
1EC
330
17
100
AcDbEntity
  8
TEXT
 62
7
370
15
100
AcDbPolyline
 90
2
 70
0
 10
370.86501459097985
 20
221.59999999999988
 10
370.86501459097985
 20
218.29999999999987
  0
TEXT
  5
1ED
330
17
100
AcDbEntity
  8
TEXT
 62
7
100
AcDbText
 10
371.66501459097987
 20
219.29999999999987
 30
0.0
 40
1.3
  1
6 Вт
  7
GOST
 11
371.66501459097987
 21
219.29999999999987
 31
0.0
100
AcDbText
  0
LWPOLYLINE
  5
1EE
330
17
100
AcDbEntity
  8
TEXT
 62
7
370
15
100
AcDbPolyline
 90
2
 70
0
 10
413.0
 20
221.59999999999988
 10
413.0
 20
218.29999999999987
  0
LWPOLYLINE
  5
1EF
330
17
100
AcDbEntity
  8
TEXT
 62
7
370
15
100
AcDbPolyline
 90
4
 70
1
 10
22.0
 20
214.99999999999986
 10
413.0
 20
214.99999999999986
 10
413.0
 20
218.29999999999987
 10
22.0
 20
218.29999999999987
  0
LWPOLYLINE
  5
1F0
330
17
100
AcDbEntity
  8
TEXT
 62
7
370
15
100
AcDbPolyline
 90
2
 70
0
 10
22.0
 20
218.29999999999987
 10
22.0
 20
214.99999999999986
  0
TEXT
  5
1F1
330
17
100
AcDbEntity
  8
TEXT
 62
7
100
AcDbText
 10
22.8
 20
215.99999999999986
 30
0.0
 40
1.3
  1
12
  7
GOST
 11
22.8
 21
215.99999999999986
 31
0.0
100
AcDbText
  0
LWPOLYLINE
  5
1F2
330
17
100
AcDbEntity
  8
TEXT
 62
7
370
15
100
AcDbPolyline
 90
2
 70
0
 10
29.510720083277995
 20
218.29999999999987
 10
29.510720083277995
 20
214.99999999999986
  0
TEXT
  5
1F3
330
17
100
AcDbEntity
  8
TEXT
 62
7
100
AcDbText
 10
30.310720083277996
 20
215.99999999999986
 30
0.0
 40
1.3
  1
LED зеркального шкафа (в составе F72) — группа L20
  7
GOST
 11
30.310720083277996
 21
215.99999999999986
 31
0.0
100
AcDbText
  0
LWPOLYLINE
  5
1F4
330
17
100
AcDbEntity
  8
TEXT
 62
7
370
15
100
AcDbPolyline
 90
2
 70
0
 10
151.60385746872038
 20
218.29999999999987
 10
151.60385746872038
 20
214.99999999999986
  0
TEXT
  5
1F5
330
17
100
AcDbEntity
  8
TEXT
 62
7
100
AcDbText
 10
152.4038574687204
 20
215.99999999999986
 30
0.0
 40
1.3
  1
в комплекте F72
  7
GOST
 11
152.4038574687204
 21
215.99999999999986
 31
0.0
100
AcDbText
  0
LWPOLYLINE
  5
1F6
330
17
100
AcDbEntity
  8
TEXT
 62
7
370
15
100
AcDbPolyline
 90
2
 70
0
 10
187.3879514055768
 20
218.29999999999987
 10
187.3879514055768
 20
214.99999999999986
  0
TEXT
  5
1F7
330
17
100
AcDbEntity
  8
TEXT
 62
7
100
AcDbText
 10
188.18795140557683
 20
215.99999999999986
 30
0.0
 40
1.3
  1
—
  7
GOST
 11
188.18795140557683
 21
215.99999999999986
 31
0.0
100
AcDbText
  0
LWPOLYLINE
  5
1F8
330
17
100
AcDbEntity
  8
TEXT
 62
7
370
15
100
AcDbPolyline
 90
2
 70
0
 10
223.79012477186404
 20
218.29999999999987
 10
223.79012477186404
 20
214.99999999999986
  0
TEXT
  5
1F9
330
17
100
AcDbEntity
  8
TEXT
 62
7
100
AcDbText
 10
224.59012477186405
 20
215.99999999999986
 30
0.0
 40
1.3
  1
1
  7
GOST
 11
224.59012477186405
 21
215.99999999999986
 31
0.0
100
AcDbText
  0
LWPOLYLINE
  5
1FA
330
17
100
AcDbEntity
  8
TEXT
 62
7
370
15
100
AcDbPolyline
 90
2
 70
0
 10
234.42418713990168
 20
218.29999999999987
 10
234.42418713990168
 20
214.99999999999986
  0
TEXT
  5
1FB
330
17
100
AcDbEntity
  8
TEXT
 62
7
100
AcDbText
 10
235.2241871399017
 20
215.99999999999986
 30
0.0
 40
1.3
  1
шт
  7
GOST
 11
235.2241871399017
 21
215.99999999999986
 31
0.0
100
AcDbText
  0
LWPOLYLINE
  5
1FC
330
17
100
AcDbEntity
  8
TEXT
 62
7
370
15
100
AcDbPolyline
 90
2
 70
0
 10
240.62318940741787
 20
218.29999999999987
 10
240.62318940741787
 20
214.99999999999986
  0
TEXT
  5
1FD
330
17
100
AcDbEntity
  8
TEXT
 62
7
100
AcDbText
 10
241.42318940741788
 20
215.99999999999986
 30
0.0
 40
1.3
  1
0
  7
GOST
 11
241.42318940741788
 21
215.99999999999986
 31
0.0
100
AcDbText
  0
LWPOLYLINE
  5
1FE
330
17
100
AcDbEntity
  8
TEXT
 62
7
370
15
100
AcDbPolyline
 90
2
 70
0
 10
262.2838460923918
 20
218.29999999999987
 10
262.2838460923918
 20
214.99999999999986
  0
TEXT
  5
1FF
330
17
100
AcDbEntity
  8
TEXT
 62
7
100
AcDbText
 10
263.0838460923918
 20
215.99999999999986
 30
0.0
 40
1.3
  1
0
  7
GOST
 11
263.0838460923918
 21
215.99999999999986
 31
0.0
100
AcDbText
  0
LWPOLYLINE
  5
200
330
17
100
AcDbEntity
  8
TEXT
 62
7
370
15
100
AcDbPolyline
 90
2
 70
0
 10
275.62442313461116
 20
218.29999999999987
 10
275.62442313461116
 20
214.99999999999986
  0
TEXT
  5
201
330
17
100
AcDbEntity
  8
TEXT
 62
7
100
AcDbText
 10
276.4244231346112
 20
215.99999999999986
 30
0.0
 40
1.3
  1
R5
  7
GOST
 11
276.4244231346112
 21
215.99999999999986
 31
0.0
100
AcDbText
  0
LWPOLYLINE
  5
202
330
17
100
AcDbEntity
  8
TEXT
 62
7
370
15
100
AcDbPolyline
 90
2
 70
0
 10
292.41886813561365
 20
218.29999999999987
 10
292.41886813561365
 20
214.99999999999986
  0
TEXT
  5
203
330
17
100
AcDbEntity
  8
TEXT
 62
7
100
AcDbText
 10
293.21886813561366
 20
215.99999999999986
 30
0.0
 40
1.3
  1
L20-1; F72; ЭО-01
  7
GOST
 11
293.21886813561366
 21
215.99999999999986
 31
0.0
100
AcDbText
  0
LWPOLYLINE
  5
204
330
17
100
AcDbEntity
  8
TEXT
 62
7
370
15
100
AcDbPolyline
 90
2
 70
0
 10
341.7591699986178
 20
218.29999999999987
 10
341.7591699986178
 20
214.99999999999986
  0
TEXT
  5
205
330
17
100
AcDbEntity
  8
TEXT
 62
7
100
AcDbText
 10
342.5591699986178
 20
215.99999999999986
 30
0.0
 40
1.3
  1
Ремонт
  7
GOST
 11
342.5591699986178
 21
215.99999999999986
 31
0.0
100
AcDbText
  0
LWPOLYLINE
  5
206
330
17
100
AcDbEntity
  8
TEXT
 62
7
370
15
100
AcDbPolyline
 90
2
 70
0
 10
354.2736119054392
 20
218.29999999999987
 10
354.2736119054392
 20
214.99999999999986
  0
TEXT
  5
207
330
17
100
AcDbEntity
  8
TEXT
 62
7
100
AcDbText
 10
355.07361190543924
 20
215.99999999999986
 30
0.0
 40
1.3
  1
Э13
  7
GOST
 11
355.07361190543924
 21
215.99999999999986
 31
0.0
100
AcDbText
  0
LWPOLYLINE
  5
208
330
17
100
AcDbEntity
  8
TEXT
 62
7
370
15
100
AcDbPolyline
 90
2
 70
0
 10
370.86501459097985
 20
218.29999999999987
 10
370.86501459097985
 20
214.99999999999986
  0
TEXT
  5
209
330
17
100
AcDbEntity
  8
TEXT
 62
7
100
AcDbText
 10
371.66501459097987
 20
215.99999999999986
 30
0.0
 40
1.3
  1
15 Вт
  7
GOST
 11
371.66501459097987
 21
215.99999999999986
 31
0.0
100
AcDbText
  0
LWPOLYLINE
  5
20A
330
17
100
AcDbEntity
  8
TEXT
 62
7
370
15
100
AcDbPolyline
 90
2
 70
0
 10
413.0
 20
218.29999999999987
 10
413.0
 20
214.99999999999986
  0
LWPOLYLINE
  5
20B
330
17
100
AcDbEntity
  8
TEXT
 62
7
370
15
100
AcDbPolyline
 90
4
 70
1
 10
22.0
 20
211.69999999999985
 10
413.0
 20
211.69999999999985
 10
413.0
 20
214.99999999999986
 10
22.0
 20
214.99999999999986
  0
LWPOLYLINE
  5
20C
330
17
100
AcDbEntity
  8
TEXT
 62
7
370
15
100
AcDbPolyline
 90
2
 70
0
 10
22.0
 20
214.99999999999986
 10
22.0
 20
211.69999999999985
  0
TEXT
  5
20D
330
17
100
AcDbEntity
  8
TEXT
 62
7
100
AcDbText
 10
22.8
 20
212.69999999999985
 30
0.0
 40
1.3
  1
13
  7
GOST
 11
22.8
 21
212.69999999999985
 31
0.0
100
AcDbText
  0
LWPOLYLINE
  5
20E
330
17
100
AcDbEntity
  8
TEXT
 62
7
370
15
100
AcDbPolyline
 90
2
 70
0
 10
29.510720083277995
 20
214.99999999999986
 10
29.510720083277995
 20
211.69999999999985
  0
TEXT
  5
20F
330
17
100
AcDbEntity
  8
TEXT
 62
7
100
AcDbText
 10
30.310720083277996
 20
212.69999999999985
 30
0.0
 40
1.3
  1
Спот встраиваемый LED IP44, 3000 K, CRI ≥ 90 — группа L22
  7
GOST
 11
30.310720083277996
 21
212.69999999999985
 31
0.0
100
AcDbText
  0
LWPOLYLINE
  5
210
330
17
100
AcDbEntity
  8
TEXT
 62
7
370
15
100
AcDbPolyline
 90
2
 70
0
 10
151.60385746872038
 20
214.99999999999986
 10
151.60385746872038
 20
211.69999999999985
  0
TEXT
  5
211
330
17
100
AcDbEntity
  8
TEXT
 62
7
100
AcDbText
 10
152.4038574687204
 20
212.69999999999985
 30
0.0
 40
1.3
  1
Maytoni Zoom IP44-класс
  7
GOST
 11
152.4038574687204
 21
212.69999999999985
 31
0.0
100
AcDbText
  0
LWPOLYLINE
  5
212
330
17
100
AcDbEntity
  8
TEXT
 62
7
370
15
100
AcDbPolyline
 90
2
 70
0
 10
187.3879514055768
 20
214.99999999999986
 10
187.3879514055768
 20
211.69999999999985
  0
TEXT
  5
213
330
17
100
AcDbEntity
  8
TEXT
 62
7
100
AcDbText
 10
188.18795140557683
 20
212.69999999999985
 30
0.0
 40
1.3
  1
Maytoni / Elektrostandard
  7
GOST
 11
188.18795140557683
 21
212.69999999999985
 31
0.0
100
AcDbText
  0
LWPOLYLINE
  5
214
330
17
100
AcDbEntity
  8
TEXT
 62
7
370
15
100
AcDbPolyline
 90
2
 70
0
 10
223.79012477186404
 20
214.99999999999986
 10
223.79012477186404
 20
211.69999999999985
  0
TEXT
  5
215
330
17
100
AcDbEntity
  8
TEXT
 62
7
100
AcDbText
 10
224.59012477186405
 20
212.69999999999985
 30
0.0
 40
1.3
  1
3
  7
GOST
 11
224.59012477186405
 21
212.69999999999985
 31
0.0
100
AcDbText
  0
LWPOLYLINE
  5
216
330
17
100
AcDbEntity
  8
TEXT
 62
7
370
15
100
AcDbPolyline
 90
2
 70
0
 10
234.42418713990168
 20
214.99999999999986
 10
234.42418713990168
 20
211.69999999999985
  0
TEXT
  5
217
330
17
100
AcDbEntity
  8
TEXT
 62
7
100
AcDbText
 10
235.2241871399017
 20
212.69999999999985
 30
0.0
 40
1.3
  1
шт
  7
GOST
 11
235.2241871399017
 21
212.69999999999985
 31
0.0
100
AcDbText
  0
LWPOLYLINE
  5
218
330
17
100
AcDbEntity
  8
TEXT
 62
7
370
15
100
AcDbPolyline
 90
2
 70
0
 10
240.62318940741787
 20
214.99999999999986
 10
240.62318940741787
 20
211.69999999999985
  0
TEXT
  5
219
330
17
100
AcDbEntity
  8
TEXT
 62
7
100
AcDbText
 10
241.42318940741788
 20
212.69999999999985
 30
0.0
 40
1.3
  1
3 600
  7
GOST
 11
241.42318940741788
 21
212.69999999999985
 31
0.0
100
AcDbText
  0
LWPOLYLINE
  5
21A
330
17
100
AcDbEntity
  8
TEXT
 62
7
370
15
100
AcDbPolyline
 90
2
 70
0
 10
262.2838460923918
 20
214.99999999999986
 10
262.2838460923918
 20
211.69999999999985
  0
TEXT
  5
21B
330
17
100
AcDbEntity
  8
TEXT
 62
7
100
AcDbText
 10
263.0838460923918
 20
212.69999999999985
 30
0.0
 40
1.3
  1
10 800
  7
GOST
 11
263.0838460923918
 21
212.69999999999985
 31
0.0
100
AcDbText
  0
LWPOLYLINE
  5
21C
330
17
100
AcDbEntity
  8
TEXT
 62
7
370
15
100
AcDbPolyline
 90
2
 70
0
 10
275.62442313461116
 20
214.99999999999986
 10
275.62442313461116
 20
211.69999999999985
  0
TEXT
  5
21D
330
17
100
AcDbEntity
  8
TEXT
 62
7
100
AcDbText
 10
276.4244231346112
 20
212.69999999999985
 30
0.0
 40
1.3
  1
R6
  7
GOST
 11
276.4244231346112
 21
212.69999999999985
 31
0.0
100
AcDbText
  0
LWPOLYLINE
  5
21E
330
17
100
AcDbEntity
  8
TEXT
 62
7
370
15
100
AcDbPolyline
 90
2
 70
0
 10
292.41886813561365
 20
214.99999999999986
 10
292.41886813561365
 20
211.69999999999985
  0
TEXT
  5
21F
330
17
100
AcDbEntity
  8
TEXT
 62
7
100
AcDbText
 10
293.21886813561366
 20
212.69999999999985
 30
0.0
 40
1.3
  1
L22-1, L22-2, L22-3; ЭО-01
  7
GOST
 11
293.21886813561366
 21
212.69999999999985
 31
0.0
100
AcDbText
  0
LWPOLYLINE
  5
220
330
17
100
AcDbEntity
  8
TEXT
 62
7
370
15
100
AcDbPolyline
 90
2
 70
0
 10
341.7591699986178
 20
214.99999999999986
 10
341.7591699986178
 20
211.69999999999985
  0
TEXT
  5
221
330
17
100
AcDbEntity
  8
TEXT
 62
7
100
AcDbText
 10
342.5591699986178
 20
212.69999999999985
 30
0.0
 40
1.3
  1
Ремонт
  7
GOST
 11
342.5591699986178
 21
212.69999999999985
 31
0.0
100
AcDbText
  0
LWPOLYLINE
  5
222
330
17
100
AcDbEntity
  8
TEXT
 62
7
370
15
100
AcDbPolyline
 90
2
 70
0
 10
354.2736119054392
 20
214.99999999999986
 10
354.2736119054392
 20
211.69999999999985
  0
TEXT
  5
223
330
17
100
AcDbEntity
  8
TEXT
 62
7
100
AcDbText
 10
355.07361190543924
 20
212.69999999999985
 30
0.0
 40
1.3
  1
Э13
  7
GOST
 11
355.07361190543924
 21
212.69999999999985
 31
0.0
100
AcDbText
  0
LWPOLYLINE
  5
224
330
17
100
AcDbEntity
  8
TEXT
 62
7
370
15
100
AcDbPolyline
 90
2
 70
0
 10
370.86501459097985
 20
214.99999999999986
 10
370.86501459097985
 20
211.69999999999985
  0
TEXT
  5
225
330
17
100
AcDbEntity
  8
TEXT
 62
7
100
AcDbText
 10
371.66501459097987
 20
212.69999999999985
 30
0.0
 40
1.3
  1
6 Вт
  7
GOST
 11
371.66501459097987
 21
212.69999999999985
 31
0.0
100
AcDbText
  0
LWPOLYLINE
  5
226
330
17
100
AcDbEntity
  8
TEXT
 62
7
370
15
100
AcDbPolyline
 90
2
 70
0
 10
413.0
 20
214.99999999999986
 10
413.0
 20
211.69999999999985
  0
LWPOLYLINE
  5
227
330
17
100
AcDbEntity
  8
TEXT
 62
7
370
15
100
AcDbPolyline
 90
4
 70
1
 10
22.0
 20
208.39999999999984
 10
413.0
 20
208.39999999999984
 10
413.0
 20
211.69999999999985
 10
22.0
 20
211.69999999999985
  0
LWPOLYLINE
  5
228
330
17
100
AcDbEntity
  8
TEXT
 62
7
370
15
100
AcDbPolyline
 90
2
 70
0
 10
22.0
 20
211.69999999999985
 10
22.0
 20
208.39999999999984
  0
TEXT
  5
229
330
17
100
AcDbEntity
  8
TEXT
 62
7
100
AcDbText
 10
22.8
 20
209.39999999999984
 30
0.0
 40
1.3
  1
14
  7
GOST
 11
22.8
 21
209.39999999999984
 31
0.0
100
AcDbText
  0
LWPOLYLINE
  5
22A
330
17
100
AcDbEntity
  8
TEXT
 62
7
370
15
100
AcDbPolyline
 90
2
 70
0
 10
29.510720083277995
 20
211.69999999999985
 10
29.510720083277995
 20
208.39999999999984
  0
TEXT
  5
22B
330
17
100
AcDbEntity
  8
TEXT
 62
7
100
AcDbText
 10
30.310720083277996
 20
209.39999999999984
 30
0.0
 40
1.3
  1
Лента LED 24 В 2700 K CRI ≥ 90 — подсветка рабочей зоны под KW-01..05
  7
GOST
 11
30.310720083277996
 21
209.39999999999984
 31
0.0
100
AcDbText
  0
LWPOLYLINE
  5
22C
330
17
100
AcDbEntity
  8
TEXT
 62
7
370
15
100
AcDbPolyline
 90
2
 70
0
 10
151.60385746872038
 20
211.69999999999985
 10
151.60385746872038
 20
208.39999999999984
  0
TEXT
  5
22D
330
17
100
AcDbEntity
  8
TEXT
 62
7
100
AcDbText
 10
152.4038574687204
 20
209.39999999999984
 30
0.0
 40
1.3
  1
Arlight / Elektrostandard
  7
GOST
 11
152.4038574687204
 21
209.39999999999984
 31
0.0
100
AcDbText
  0
LWPOLYLINE
  5
22E
330
17
100
AcDbEntity
  8
TEXT
 62
7
370
15
100
AcDbPolyline
 90
2
 70
0
 10
187.3879514055768
 20
211.69999999999985
 10
187.3879514055768
 20
208.39999999999984
  0
TEXT
  5
22F
330
17
100
AcDbEntity
  8
TEXT
 62
7
100
AcDbText
 10
188.18795140557683
 20
209.39999999999984
 30
0.0
 40
1.3
  1
Arlight
  7
GOST
 11
188.18795140557683
 21
209.39999999999984
 31
0.0
100
AcDbText
  0
LWPOLYLINE
  5
230
330
17
100
AcDbEntity
  8
TEXT
 62
7
370
15
100
AcDbPolyline
 90
2
 70
0
 10
223.79012477186404
 20
211.69999999999985
 10
223.79012477186404
 20
208.39999999999984
  0
TEXT
  5
231
330
17
100
AcDbEntity
  8
TEXT
 62
7
100
AcDbText
 10
224.59012477186405
 20
209.39999999999984
 30
0.0
 40
1.3
  1
3,5
  7
GOST
 11
224.59012477186405
 21
209.39999999999984
 31
0.0
100
AcDbText
  0
LWPOLYLINE
  5
232
330
17
100
AcDbEntity
  8
TEXT
 62
7
370
15
100
AcDbPolyline
 90
2
 70
0
 10
234.42418713990168
 20
211.69999999999985
 10
234.42418713990168
 20
208.39999999999984
  0
TEXT
  5
233
330
17
100
AcDbEntity
  8
TEXT
 62
7
100
AcDbText
 10
235.2241871399017
 20
209.39999999999984
 30
0.0
 40
1.3
  1
м
  7
GOST
 11
235.2241871399017
 21
209.39999999999984
 31
0.0
100
AcDbText
  0
LWPOLYLINE
  5
234
330
17
100
AcDbEntity
  8
TEXT
 62
7
370
15
100
AcDbPolyline
 90
2
 70
0
 10
240.62318940741787
 20
211.69999999999985
 10
240.62318940741787
 20
208.39999999999984
  0
TEXT
  5
235
330
17
100
AcDbEntity
  8
TEXT
 62
7
100
AcDbText
 10
241.42318940741788
 20
209.39999999999984
 30
0.0
 40
1.3
  1
1 300
  7
GOST
 11
241.42318940741788
 21
209.39999999999984
 31
0.0
100
AcDbText
  0
LWPOLYLINE
  5
236
330
17
100
AcDbEntity
  8
TEXT
 62
7
370
15
100
AcDbPolyline
 90
2
 70
0
 10
262.2838460923918
 20
211.69999999999985
 10
262.2838460923918
 20
208.39999999999984
  0
TEXT
  5
237
330
17
100
AcDbEntity
  8
TEXT
 62
7
100
AcDbText
 10
263.0838460923918
 20
209.39999999999984
 30
0.0
 40
1.3
  1
4 550
  7
GOST
 11
263.0838460923918
 21
209.39999999999984
 31
0.0
100
AcDbText
  0
LWPOLYLINE
  5
238
330
17
100
AcDbEntity
  8
TEXT
 62
7
370
15
100
AcDbPolyline
 90
2
 70
0
 10
275.62442313461116
 20
211.69999999999985
 10
275.62442313461116
 20
208.39999999999984
  0
TEXT
  5
239
330
17
100
AcDbEntity
  8
TEXT
 62
7
100
AcDbText
 10
276.4244231346112
 20
209.39999999999984
 30
0.0
 40
1.3
  1
R3
  7
GOST
 11
276.4244231346112
 21
209.39999999999984
 31
0.0
100
AcDbText
  0
LWPOLYLINE
  5
23A
330
17
100
AcDbEntity
  8
TEXT
 62
7
370
15
100
AcDbPolyline
 90
2
 70
0
 10
292.41886813561365
 20
211.69999999999985
 10
292.41886813561365
 20
208.39999999999984
  0
TEXT
  5
23B
330
17
100
AcDbEntity
  8
TEXT
 62
7
100
AcDbText
 10
293.21886813561366
 20
209.39999999999984
 30
0.0
 40
1.3
  1
L1-1; F10; F23; ЭО-01
  7
GOST
 11
293.21886813561366
 21
209.39999999999984
 31
0.0
100
AcDbText
  0
LWPOLYLINE
  5
23C
330
17
100
AcDbEntity
  8
TEXT
 62
7
370
15
100
AcDbPolyline
 90
2
 70
0
 10
341.7591699986178
 20
211.69999999999985
 10
341.7591699986178
 20
208.39999999999984
  0
TEXT
  5
23D
330
17
100
AcDbEntity
  8
TEXT
 62
7
100
AcDbText
 10
342.5591699986178
 20
209.39999999999984
 30
0.0
 40
1.3
  1
Ремонт
  7
GOST
 11
342.5591699986178
 21
209.39999999999984
 31
0.0
100
AcDbText
  0
LWPOLYLINE
  5
23E
330
17
100
AcDbEntity
  8
TEXT
 62
7
370
15
100
AcDbPolyline
 90
2
 70
0
 10
354.2736119054392
 20
211.69999999999985
 10
354.2736119054392
 20
208.39999999999984
  0
TEXT
  5
23F
330
17
100
AcDbEntity
  8
TEXT
 62
7
100
AcDbText
 10
355.07361190543924
 20
209.39999999999984
 30
0.0
 40
1.3
  1
Э13
  7
GOST
 11
355.07361190543924
 21
209.39999999999984
 31
0.0
100
AcDbText
  0
LWPOLYLINE
  5
240
330
17
100
AcDbEntity
  8
TEXT
 62
7
370
15
100
AcDbPolyline
 90
2
 70
0
 10
370.86501459097985
 20
211.69999999999985
 10
370.86501459097985
 20
208.39999999999984
  0
TEXT
  5
241
330
17
100
AcDbEntity
  8
TEXT
 62
7
100
AcDbText
 10
371.66501459097987
 20
209.39999999999984
 30
0.0
 40
1.3
  1
длина 2.85 м по pos→end + 10 %
  7
GOST
 11
371.66501459097987
 21
209.39999999999984
 31
0.0
100
AcDbText
  0
LWPOLYLINE
  5
242
330
17
100
AcDbEntity
  8
TEXT
 62
7
370
15
100
AcDbPolyline
 90
2
 70
0
 10
413.0
 20
211.69999999999985
 10
413.0
 20
208.39999999999984
  0
LWPOLYLINE
  5
243
330
17
100
AcDbEntity
  8
TEXT
 62
7
370
15
100
AcDbPolyline
 90
4
 70
1
 10
22.0
 20
205.09999999999982
 10
413.0
 20
205.09999999999982
 10
413.0
 20
208.39999999999984
 10
22.0
 20
208.39999999999984
  0
LWPOLYLINE
  5
244
330
17
100
AcDbEntity
  8
TEXT
 62
7
370
15
100
AcDbPolyline
 90
2
 70
0
 10
22.0
 20
208.39999999999984
 10
22.0
 20
205.09999999999982
  0
TEXT
  5
245
330
17
100
AcDbEntity
  8
TEXT
 62
7
100
AcDbText
 10
22.8
 20
206.09999999999982
 30
0.0
 40
1.3
  1
15
  7
GOST
 11
22.8
 21
206.09999999999982
 31
0.0
100
AcDbText
  0
LWPOLYLINE
  5
246
330
17
100
AcDbEntity
  8
TEXT
 62
7
370
15
100
AcDbPolyline
 90
2
 70
0
 10
29.510720083277995
 20
208.39999999999984
 10
29.510720083277995
 20
205.09999999999982
  0
TEXT
  5
247
330
17
100
AcDbEntity
  8
TEXT
 62
7
100
AcDbText
 10
30.310720083277996
 20
206.09999999999982
 30
0.0
 40
1.3
  1
Профиль алюминиевый с рассеивателем для L1-1
  7
GOST
 11
30.310720083277996
 21
206.09999999999982
 31
0.0
100
AcDbText
  0
LWPOLYLINE
  5
248
330
17
100
AcDbEntity
  8
TEXT
 62
7
370
15
100
AcDbPolyline
 90
2
 70
0
 10
151.60385746872038
 20
208.39999999999984
 10
151.60385746872038
 20
205.09999999999982
  0
TEXT
  5
249
330
17
100
AcDbEntity
  8
TEXT
 62
7
100
AcDbText
 10
152.4038574687204
 20
206.09999999999982
 30
0.0
 40
1.3
  1
Arlight / Elektrostandard
  7
GOST
 11
152.4038574687204
 21
206.09999999999982
 31
0.0
100
AcDbText
  0
LWPOLYLINE
  5
24A
330
17
100
AcDbEntity
  8
TEXT
 62
7
370
15
100
AcDbPolyline
 90
2
 70
0
 10
187.3879514055768
 20
208.39999999999984
 10
187.3879514055768
 20
205.09999999999982
  0
TEXT
  5
24B
330
17
100
AcDbEntity
  8
TEXT
 62
7
100
AcDbText
 10
188.18795140557683
 20
206.09999999999982
 30
0.0
 40
1.3
  1
Arlight
  7
GOST
 11
188.18795140557683
 21
206.09999999999982
 31
0.0
100
AcDbText
  0
LWPOLYLINE
  5
24C
330
17
100
AcDbEntity
  8
TEXT
 62
7
370
15
100
AcDbPolyline
 90
2
 70
0
 10
223.79012477186404
 20
208.39999999999984
 10
223.79012477186404
 20
205.09999999999982
  0
TEXT
  5
24D
330
17
100
AcDbEntity
  8
TEXT
 62
7
100
AcDbText
 10
224.59012477186405
 20
206.09999999999982
 30
0.0
 40
1.3
  1
3
  7
GOST
 11
224.59012477186405
 21
206.09999999999982
 31
0.0
100
AcDbText
  0
LWPOLYLINE
  5
24E
330
17
100
AcDbEntity
  8
TEXT
 62
7
370
15
100
AcDbPolyline
 90
2
 70
0
 10
234.42418713990168
 20
208.39999999999984
 10
234.42418713990168
 20
205.09999999999982
  0
TEXT
  5
24F
330
17
100
AcDbEntity
  8
TEXT
 62
7
100
AcDbText
 10
235.2241871399017
 20
206.09999999999982
 30
0.0
 40
1.3
  1
м
  7
GOST
 11
235.2241871399017
 21
206.09999999999982
 31
0.0
100
AcDbText
  0
LWPOLYLINE
  5
250
330
17
100
AcDbEntity
  8
TEXT
 62
7
370
15
100
AcDbPolyline
 90
2
 70
0
 10
240.62318940741787
 20
208.39999999999984
 10
240.62318940741787
 20
205.09999999999982
  0
TEXT
  5
251
330
17
100
AcDbEntity
  8
TEXT
 62
7
100
AcDbText
 10
241.42318940741788
 20
206.09999999999982
 30
0.0
 40
1.3
  1
900
  7
GOST
 11
241.42318940741788
 21
206.09999999999982
 31
0.0
100
AcDbText
  0
LWPOLYLINE
  5
252
330
17
100
AcDbEntity
  8
TEXT
 62
7
370
15
100
AcDbPolyline
 90
2
 70
0
 10
262.2838460923918
 20
208.39999999999984
 10
262.2838460923918
 20
205.09999999999982
  0
TEXT
  5
253
330
17
100
AcDbEntity
  8
TEXT
 62
7
100
AcDbText
 10
263.0838460923918
 20
206.09999999999982
 30
0.0
 40
1.3
  1
2 700
  7
GOST
 11
263.0838460923918
 21
206.09999999999982
 31
0.0
100
AcDbText
  0
LWPOLYLINE
  5
254
330
17
100
AcDbEntity
  8
TEXT
 62
7
370
15
100
AcDbPolyline
 90
2
 70
0
 10
275.62442313461116
 20
208.39999999999984
 10
275.62442313461116
 20
205.09999999999982
  0
TEXT
  5
255
330
17
100
AcDbEntity
  8
TEXT
 62
7
100
AcDbText
 10
276.4244231346112
 20
206.09999999999982
 30
0.0
 40
1.3
  1
R3
  7
GOST
 11
276.4244231346112
 21
206.09999999999982
 31
0.0
100
AcDbText
  0
LWPOLYLINE
  5
256
330
17
100
AcDbEntity
  8
TEXT
 62
7
370
15
100
AcDbPolyline
 90
2
 70
0
 10
292.41886813561365
 20
208.39999999999984
 10
292.41886813561365
 20
205.09999999999982
  0
TEXT
  5
257
330
17
100
AcDbEntity
  8
TEXT
 62
7
100
AcDbText
 10
293.21886813561366
 20
206.09999999999982
 30
0.0
 40
1.3
  1
L1-1
  7
GOST
 11
293.21886813561366
 21
206.09999999999982
 31
0.0
100
AcDbText
  0
LWPOLYLINE
  5
258
330
17
100
AcDbEntity
  8
TEXT
 62
7
370
15
100
AcDbPolyline
 90
2
 70
0
 10
341.7591699986178
 20
208.39999999999984
 10
341.7591699986178
 20
205.09999999999982
  0
TEXT
  5
259
330
17
100
AcDbEntity
  8
TEXT
 62
7
100
AcDbText
 10
342.5591699986178
 20
206.09999999999982
 30
0.0
 40
1.3
  1
Ремонт
  7
GOST
 11
342.5591699986178
 21
206.09999999999982
 31
0.0
100
AcDbText
  0
LWPOLYLINE
  5
25A
330
17
100
AcDbEntity
  8
TEXT
 62
7
370
15
100
AcDbPolyline
 90
2
 70
0
 10
354.2736119054392
 20
208.39999999999984
 10
354.2736119054392
 20
205.09999999999982
  0
TEXT
  5
25B
330
17
100
AcDbEntity
  8
TEXT
 62
7
100
AcDbText
 10
355.07361190543924
 20
206.09999999999982
 30
0.0
 40
1.3
  1
Э13
  7
GOST
 11
355.07361190543924
 21
206.09999999999982
 31
0.0
100
AcDbText
  0
LWPOLYLINE
  5
25C
330
17
100
AcDbEntity
  8
TEXT
 62
7
370
15
100
AcDbPolyline
 90
2
 70
0
 10
370.86501459097985
 20
208.39999999999984
 10
370.86501459097985
 20
205.09999999999982
  0
LWPOLYLINE
  5
25D
330
17
100
AcDbEntity
  8
TEXT
 62
7
370
15
100
AcDbPolyline
 90
2
 70
0
 10
413.0
 20
208.39999999999984
 10
413.0
 20
205.09999999999982
  0
LWPOLYLINE
  5
25E
330
17
100
AcDbEntity
  8
TEXT
 62
7
370
15
100
AcDbPolyline
 90
4
 70
1
 10
22.0
 20
201.7999999999998
 10
413.0
 20
201.7999999999998
 10
413.0
 20
205.09999999999982
 10
22.0
 20
205.09999999999982
  0
LWPOLYLINE
  5
25F
330
17
100
AcDbEntity
  8
TEXT
 62
7
370
15
100
AcDbPolyline
 90
2
 70
0
 10
22.0
 20
205.09999999999982
 10
22.0
 20
201.7999999999998
  0
TEXT
  5
260
330
17
100
AcDbEntity
  8
TEXT
 62
7
100
AcDbText
 10
22.8
 20
202.7999999999998
 30
0.0
 40
1.3
  1
16
  7
GOST
 11
22.8
 21
202.7999999999998
 31
0.0
100
AcDbText
  0
LWPOLYLINE
  5
261
330
17
100
AcDbEntity
  8
TEXT
 62
7
370
15
100
AcDbPolyline
 90
2
 70
0
 10
29.510720083277995
 20
205.09999999999982
 10
29.510720083277995
 20
201.7999999999998
  0
TEXT
  5
262
330
17
100
AcDbEntity
  8
TEXT
 62
7
100
AcDbText
 10
30.310720083277996
 20
202.7999999999998
 30
0.0
 40
1.3
  1
Блок питания 24 В 100 Вт для L1-1
  7
GOST
 11
30.310720083277996
 21
202.7999999999998
 31
0.0
100
AcDbText
  0
LWPOLYLINE
  5
263
330
17
100
AcDbEntity
  8
TEXT
 62
7
370
15
100
AcDbPolyline
 90
2
 70
0
 10
151.60385746872038
 20
205.09999999999982
 10
151.60385746872038
 20
201.7999999999998
  0
TEXT
  5
264
330
17
100
AcDbEntity
  8
TEXT
 62
7
100
AcDbText
 10
152.4038574687204
 20
202.7999999999998
 30
0.0
 40
1.3
  1
Arlight ARPV / Mean Well
  7
GOST
 11
152.4038574687204
 21
202.7999999999998
 31
0.0
100
AcDbText
  0
LWPOLYLINE
  5
265
330
17
100
AcDbEntity
  8
TEXT
 62
7
370
15
100
AcDbPolyline
 90
2
 70
0
 10
187.3879514055768
 20
205.09999999999982
 10
187.3879514055768
 20
201.7999999999998
  0
TEXT
  5
266
330
17
100
AcDbEntity
  8
TEXT
 62
7
100
AcDbText
 10
188.18795140557683
 20
202.7999999999998
 30
0.0
 40
1.3
  1
Arlight / Mean Well
  7
GOST
 11
188.18795140557683
 21
202.7999999999998
 31
0.0
100
AcDbText
  0
LWPOLYLINE
  5
267
330
17
100
AcDbEntity
  8
TEXT
 62
7
370
15
100
AcDbPolyline
 90
2
 70
0
 10
223.79012477186404
 20
205.09999999999982
 10
223.79012477186404
 20
201.7999999999998
  0
TEXT
  5
268
330
17
100
AcDbEntity
  8
TEXT
 62
7
100
AcDbText
 10
224.59012477186405
 20
202.7999999999998
 30
0.0
 40
1.3
  1
1
  7
GOST
 11
224.59012477186405
 21
202.7999999999998
 31
0.0
100
AcDbText
  0
LWPOLYLINE
  5
269
330
17
100
AcDbEntity
  8
TEXT
 62
7
370
15
100
AcDbPolyline
 90
2
 70
0
 10
234.42418713990168
 20
205.09999999999982
 10
234.42418713990168
 20
201.7999999999998
  0
TEXT
  5
26A
330
17
100
AcDbEntity
  8
TEXT
 62
7
100
AcDbText
 10
235.2241871399017
 20
202.7999999999998
 30
0.0
 40
1.3
  1
шт
  7
GOST
 11
235.2241871399017
 21
202.7999999999998
 31
0.0
100
AcDbText
  0
LWPOLYLINE
  5
26B
330
17
100
AcDbEntity
  8
TEXT
 62
7
370
15
100
AcDbPolyline
 90
2
 70
0
 10
240.62318940741787
 20
205.09999999999982
 10
240.62318940741787
 20
201.7999999999998
  0
TEXT
  5
26C
330
17
100
AcDbEntity
  8
TEXT
 62
7
100
AcDbText
 10
241.42318940741788
 20
202.7999999999998
 30
0.0
 40
1.3
  1
3 000
  7
GOST
 11
241.42318940741788
 21
202.7999999999998
 31
0.0
100
AcDbText
  0
LWPOLYLINE
  5
26D
330
17
100
AcDbEntity
  8
TEXT
 62
7
370
15
100
AcDbPolyline
 90
2
 70
0
 10
262.2838460923918
 20
205.09999999999982
 10
262.2838460923918
 20
201.7999999999998
  0
TEXT
  5
26E
330
17
100
AcDbEntity
  8
TEXT
 62
7
100
AcDbText
 10
263.0838460923918
 20
202.7999999999998
 30
0.0
 40
1.3
  1
3 000
  7
GOST
 11
263.0838460923918
 21
202.7999999999998
 31
0.0
100
AcDbText
  0
LWPOLYLINE
  5
26F
330
17
100
AcDbEntity
  8
TEXT
 62
7
370
15
100
AcDbPolyline
 90
2
 70
0
 10
275.62442313461116
 20
205.09999999999982
 10
275.62442313461116
 20
201.7999999999998
  0
TEXT
  5
270
330
17
100
AcDbEntity
  8
TEXT
 62
7
100
AcDbText
 10
276.4244231346112
 20
202.7999999999998
 30
0.0
 40
1.3
  1
R3
  7
GOST
 11
276.4244231346112
 21
202.7999999999998
 31
0.0
100
AcDbText
  0
LWPOLYLINE
  5
271
330
17
100
AcDbEntity
  8
TEXT
 62
7
370
15
100
AcDbPolyline
 90
2
 70
0
 10
292.41886813561365
 20
205.09999999999982
 10
292.41886813561365
 20
201.7999999999998
  0
TEXT
  5
272
330
17
100
AcDbEntity
  8
TEXT
 62
7
100
AcDbText
 10
293.21886813561366
 20
202.7999999999998
 30
0.0
 40
1.3
  1
L1-1
  7
GOST
 11
293.21886813561366
 21
202.7999999999998
 31
0.0
100
AcDbText
  0
LWPOLYLINE
  5
273
330
17
100
AcDbEntity
  8
TEXT
 62
7
370
15
100
AcDbPolyline
 90
2
 70
0
 10
341.7591699986178
 20
205.09999999999982
 10
341.7591699986178
 20
201.7999999999998
  0
TEXT
  5
274
330
17
100
AcDbEntity
  8
TEXT
 62
7
100
AcDbText
 10
342.5591699986178
 20
202.7999999999998
 30
0.0
 40
1.3
  1
Ремонт
  7
GOST
 11
342.5591699986178
 21
202.7999999999998
 31
0.0
100
AcDbText
  0
LWPOLYLINE
  5
275
330
17
100
AcDbEntity
  8
TEXT
 62
7
370
15
100
AcDbPolyline
 90
2
 70
0
 10
354.2736119054392
 20
205.09999999999982
 10
354.2736119054392
 20
201.7999999999998
  0
TEXT
  5
276
330
17
100
AcDbEntity
  8
TEXT
 62
7
100
AcDbText
 10
355.07361190543924
 20
202.7999999999998
 30
0.0
 40
1.3
  1
Э13
  7
GOST
 11
355.07361190543924
 21
202.7999999999998
 31
0.0
100
AcDbText
  0
LWPOLYLINE
  5
277
330
17
100
AcDbEntity
  8
TEXT
 62
7
370
15
100
AcDbPolyline
 90
2
 70
0
 10
370.86501459097985
 20
205.09999999999982
 10
370.86501459097985
 20
201.7999999999998
  0
TEXT
  5
278
330
17
100
AcDbEntity
  8
TEXT
 62
7
100
AcDbText
 10
371.66501459097987
 20
202.7999999999998
 30
0.0
 40
1.3
  1
60 Вт × 1,25
  7
GOST
 11
371.66501459097987
 21
202.7999999999998
 31
0.0
100
AcDbText
  0
LWPOLYLINE
  5
279
330
17
100
AcDbEntity
  8
TEXT
 62
7
370
15
100
AcDbPolyline
 90
2
 70
0
 10
413.0
 20
205.09999999999982
 10
413.0
 20
201.7999999999998
  0
LWPOLYLINE
  5
27A
330
17
100
AcDbEntity
  8
TEXT
 62
7
370
15
100
AcDbPolyline
 90
4
 70
1
 10
22.0
 20
198.4999999999998
 10
413.0
 20
198.4999999999998
 10
413.0
 20
201.7999999999998
 10
22.0
 20
201.7999999999998
  0
LWPOLYLINE
  5
27B
330
17
100
AcDbEntity
  8
TEXT
 62
7
370
15
100
AcDbPolyline
 90
2
 70
0
 10
22.0
 20
201.7999999999998
 10
22.0
 20
198.4999999999998
  0
TEXT
  5
27C
330
17
100
AcDbEntity
  8
TEXT
 62
7
100
AcDbText
 10
22.8
 20
199.4999999999998
 30
0.0
 40
1.3
  1
17
  7
GOST
 11
22.8
 21
199.4999999999998
 31
0.0
100
AcDbText
  0
LWPOLYLINE
  5
27D
330
17
100
AcDbEntity
  8
TEXT
 62
7
370
15
100
AcDbPolyline
 90
2
 70
0
 10
29.510720083277995
 20
201.7999999999998
 10
29.510720083277995
 20
198.4999999999998
  0
TEXT
  5
27E
330
17
100
AcDbEntity
  8
TEXT
 62
7
100
AcDbText
 10
30.310720083277996
 20
199.4999999999998
 30
0.0
 40
1.3
  1
Лента LED 24 В 2700 K CRI ≥ 90 — LED остеклённого яруса буфета F24
  7
GOST
 11
30.310720083277996
 21
199.4999999999998
 31
0.0
100
AcDbText
  0
LWPOLYLINE
  5
27F
330
17
100
AcDbEntity
  8
TEXT
 62
7
370
15
100
AcDbPolyline
 90
2
 70
0
 10
151.60385746872038
 20
201.7999999999998
 10
151.60385746872038
 20
198.4999999999998
  0
TEXT
  5
280
330
17
100
AcDbEntity
  8
TEXT
 62
7
100
AcDbText
 10
152.4038574687204
 20
199.4999999999998
 30
0.0
 40
1.3
  1
Arlight / Elektrostandard
  7
GOST
 11
152.4038574687204
 21
199.4999999999998
 31
0.0
100
AcDbText
  0
LWPOLYLINE
  5
281
330
17
100
AcDbEntity
  8
TEXT
 62
7
370
15
100
AcDbPolyline
 90
2
 70
0
 10
187.3879514055768
 20
201.7999999999998
 10
187.3879514055768
 20
198.4999999999998
  0
TEXT
  5
282
330
17
100
AcDbEntity
  8
TEXT
 62
7
100
AcDbText
 10
188.18795140557683
 20
199.4999999999998
 30
0.0
 40
1.3
  1
Arlight
  7
GOST
 11
188.18795140557683
 21
199.4999999999998
 31
0.0
100
AcDbText
  0
LWPOLYLINE
  5
283
330
17
100
AcDbEntity
  8
TEXT
 62
7
370
15
100
AcDbPolyline
 90
2
 70
0
 10
223.79012477186404
 20
201.7999999999998
 10
223.79012477186404
 20
198.4999999999998
  0
TEXT
  5
284
330
17
100
AcDbEntity
  8
TEXT
 62
7
100
AcDbText
 10
224.59012477186405
 20
199.4999999999998
 30
0.0
 40
1.3
  1
1
  7
GOST
 11
224.59012477186405
 21
199.4999999999998
 31
0.0
100
AcDbText
  0
LWPOLYLINE
  5
285
330
17
100
AcDbEntity
  8
TEXT
 62
7
370
15
100
AcDbPolyline
 90
2
 70
0
 10
234.42418713990168
 20
201.7999999999998
 10
234.42418713990168
 20
198.4999999999998
  0
TEXT
  5
286
330
17
100
AcDbEntity
  8
TEXT
 62
7
100
AcDbText
 10
235.2241871399017
 20
199.4999999999998
 30
0.0
 40
1.3
  1
м
  7
GOST
 11
235.2241871399017
 21
199.4999999999998
 31
0.0
100
AcDbText
  0
LWPOLYLINE
  5
287
330
17
100
AcDbEntity
  8
TEXT
 62
7
370
15
100
AcDbPolyline
 90
2
 70
0
 10
240.62318940741787
 20
201.7999999999998
 10
240.62318940741787
 20
198.4999999999998
  0
TEXT
  5
288
330
17
100
AcDbEntity
  8
TEXT
 62
7
100
AcDbText
 10
241.42318940741788
 20
199.4999999999998
 30
0.0
 40
1.3
  1
1 300
  7
GOST
 11
241.42318940741788
 21
199.4999999999998
 31
0.0
100
AcDbText
  0
LWPOLYLINE
  5
289
330
17
100
AcDbEntity
  8
TEXT
 62
7
370
15
100
AcDbPolyline
 90
2
 70
0
 10
262.2838460923918
 20
201.7999999999998
 10
262.2838460923918
 20
198.4999999999998
  0
TEXT
  5
28A
330
17
100
AcDbEntity
  8
TEXT
 62
7
100
AcDbText
 10
263.0838460923918
 20
199.4999999999998
 30
0.0
 40
1.3
  1
1 300
  7
GOST
 11
263.0838460923918
 21
199.4999999999998
 31
0.0
100
AcDbText
  0
LWPOLYLINE
  5
28B
330
17
100
AcDbEntity
  8
TEXT
 62
7
370
15
100
AcDbPolyline
 90
2
 70
0
 10
275.62442313461116
 20
201.7999999999998
 10
275.62442313461116
 20
198.4999999999998
  0
TEXT
  5
28C
330
17
100
AcDbEntity
  8
TEXT
 62
7
100
AcDbText
 10
276.4244231346112
 20
199.4999999999998
 30
0.0
 40
1.3
  1
R3
  7
GOST
 11
276.4244231346112
 21
199.4999999999998
 31
0.0
100
AcDbText
  0
LWPOLYLINE
  5
28D
330
17
100
AcDbEntity
  8
TEXT
 62
7
370
15
100
AcDbPolyline
 90
2
 70
0
 10
292.41886813561365
 20
201.7999999999998
 10
292.41886813561365
 20
198.4999999999998
  0
TEXT
  5
28E
330
17
100
AcDbEntity
  8
TEXT
 62
7
100
AcDbText
 10
293.21886813561366
 20
199.4999999999998
 30
0.0
 40
1.3
  1
L4-3; F24; ЭО-01
  7
GOST
 11
293.21886813561366
 21
199.4999999999998
 31
0.0
100
AcDbText
  0
LWPOLYLINE
  5
28F
330
17
100
AcDbEntity
  8
TEXT
 62
7
370
15
100
AcDbPolyline
 90
2
 70
0
 10
341.7591699986178
 20
201.7999999999998
 10
341.7591699986178
 20
198.4999999999998
  0
TEXT
  5
290
330
17
100
AcDbEntity
  8
TEXT
 62
7
100
AcDbText
 10
342.5591699986178
 20
199.4999999999998
 30
0.0
 40
1.3
  1
Ремонт
  7
GOST
 11
342.5591699986178
 21
199.4999999999998
 31
0.0
100
AcDbText
  0
LWPOLYLINE
  5
291
330
17
100
AcDbEntity
  8
TEXT
 62
7
370
15
100
AcDbPolyline
 90
2
 70
0
 10
354.2736119054392
 20
201.7999999999998
 10
354.2736119054392
 20
198.4999999999998
  0
TEXT
  5
292
330
17
100
AcDbEntity
  8
TEXT
 62
7
100
AcDbText
 10
355.07361190543924
 20
199.4999999999998
 30
0.0
 40
1.3
  1
Э13
  7
GOST
 11
355.07361190543924
 21
199.4999999999998
 31
0.0
100
AcDbText
  0
LWPOLYLINE
  5
293
330
17
100
AcDbEntity
  8
TEXT
 62
7
370
15
100
AcDbPolyline
 90
2
 70
0
 10
370.86501459097985
 20
201.7999999999998
 10
370.86501459097985
 20
198.4999999999998
  0
TEXT
  5
294
330
17
100
AcDbEntity
  8
TEXT
 62
7
100
AcDbText
 10
371.66501459097987
 20
199.4999999999998
 30
0.0
 40
1.3
  1
длина 0.73 м по pos→end + 10 %
  7
GOST
 11
371.66501459097987
 21
199.4999999999998
 31
0.0
100
AcDbText
  0
LWPOLYLINE
  5
295
330
17
100
AcDbEntity
  8
TEXT
 62
7
370
15
100
AcDbPolyline
 90
2
 70
0
 10
413.0
 20
201.7999999999998
 10
413.0
 20
198.4999999999998
  0
LWPOLYLINE
  5
296
330
17
100
AcDbEntity
  8
TEXT
 62
7
370
15
100
AcDbPolyline
 90
4
 70
1
 10
22.0
 20
195.1999999999998
 10
413.0
 20
195.1999999999998
 10
413.0
 20
198.4999999999998
 10
22.0
 20
198.4999999999998
  0
LWPOLYLINE
  5
297
330
17
100
AcDbEntity
  8
TEXT
 62
7
370
15
100
AcDbPolyline
 90
2
 70
0
 10
22.0
 20
198.4999999999998
 10
22.0
 20
195.1999999999998
  0
TEXT
  5
298
330
17
100
AcDbEntity
  8
TEXT
 62
7
100
AcDbText
 10
22.8
 20
196.1999999999998
 30
0.0
 40
1.3
  1
18
  7
GOST
 11
22.8
 21
196.1999999999998
 31
0.0
100
AcDbText
  0
LWPOLYLINE
  5
299
330
17
100
AcDbEntity
  8
TEXT
 62
7
370
15
100
AcDbPolyline
 90
2
 70
0
 10
29.510720083277995
 20
198.4999999999998
 10
29.510720083277995
 20
195.1999999999998
  0
TEXT
  5
29A
330
17
100
AcDbEntity
  8
TEXT
 62
7
100
AcDbText
 10
30.310720083277996
 20
196.1999999999998
 30
0.0
 40
1.3
  1
Профиль алюминиевый с рассеивателем для L4-3
  7
GOST
 11
30.310720083277996
 21
196.1999999999998
 31
0.0
100
AcDbText
  0
LWPOLYLINE
  5
29B
330
17
100
AcDbEntity
  8
TEXT
 62
7
370
15
100
AcDbPolyline
 90
2
 70
0
 10
151.60385746872038
 20
198.4999999999998
 10
151.60385746872038
 20
195.1999999999998
  0
TEXT
  5
29C
330
17
100
AcDbEntity
  8
TEXT
 62
7
100
AcDbText
 10
152.4038574687204
 20
196.1999999999998
 30
0.0
 40
1.3
  1
Arlight / Elektrostandard
  7
GOST
 11
152.4038574687204
 21
196.1999999999998
 31
0.0
100
AcDbText
  0
LWPOLYLINE
  5
29D
330
17
100
AcDbEntity
  8
TEXT
 62
7
370
15
100
AcDbPolyline
 90
2
 70
0
 10
187.3879514055768
 20
198.4999999999998
 10
187.3879514055768
 20
195.1999999999998
  0
TEXT
  5
29E
330
17
100
AcDbEntity
  8
TEXT
 62
7
100
AcDbText
 10
188.18795140557683
 20
196.1999999999998
 30
0.0
 40
1.3
  1
Arlight
  7
GOST
 11
188.18795140557683
 21
196.1999999999998
 31
0.0
100
AcDbText
  0
LWPOLYLINE
  5
29F
330
17
100
AcDbEntity
  8
TEXT
 62
7
370
15
100
AcDbPolyline
 90
2
 70
0
 10
223.79012477186404
 20
198.4999999999998
 10
223.79012477186404
 20
195.1999999999998
  0
TEXT
  5
2A0
330
17
100
AcDbEntity
  8
TEXT
 62
7
100
AcDbText
 10
224.59012477186405
 20
196.1999999999998
 30
0.0
 40
1.3
  1
1
  7
GOST
 11
224.59012477186405
 21
196.1999999999998
 31
0.0
100
AcDbText
  0
LWPOLYLINE
  5
2A1
330
17
100
AcDbEntity
  8
TEXT
 62
7
370
15
100
AcDbPolyline
 90
2
 70
0
 10
234.42418713990168
 20
198.4999999999998
 10
234.42418713990168
 20
195.1999999999998
  0
TEXT
  5
2A2
330
17
100
AcDbEntity
  8
TEXT
 62
7
100
AcDbText
 10
235.2241871399017
 20
196.1999999999998
 30
0.0
 40
1.3
  1
м
  7
GOST
 11
235.2241871399017
 21
196.1999999999998
 31
0.0
100
AcDbText
  0
LWPOLYLINE
  5
2A3
330
17
100
AcDbEntity
  8
TEXT
 62
7
370
15
100
AcDbPolyline
 90
2
 70
0
 10
240.62318940741787
 20
198.4999999999998
 10
240.62318940741787
 20
195.1999999999998
  0
TEXT
  5
2A4
330
17
100
AcDbEntity
  8
TEXT
 62
7
100
AcDbText
 10
241.42318940741788
 20
196.1999999999998
 30
0.0
 40
1.3
  1
900
  7
GOST
 11
241.42318940741788
 21
196.1999999999998
 31
0.0
100
AcDbText
  0
LWPOLYLINE
  5
2A5
330
17
100
AcDbEntity
  8
TEXT
 62
7
370
15
100
AcDbPolyline
 90
2
 70
0
 10
262.2838460923918
 20
198.4999999999998
 10
262.2838460923918
 20
195.1999999999998
  0
TEXT
  5
2A6
330
17
100
AcDbEntity
  8
TEXT
 62
7
100
AcDbText
 10
263.0838460923918
 20
196.1999999999998
 30
0.0
 40
1.3
  1
900
  7
GOST
 11
263.0838460923918
 21
196.1999999999998
 31
0.0
100
AcDbText
  0
LWPOLYLINE
  5
2A7
330
17
100
AcDbEntity
  8
TEXT
 62
7
370
15
100
AcDbPolyline
 90
2
 70
0
 10
275.62442313461116
 20
198.4999999999998
 10
275.62442313461116
 20
195.1999999999998
  0
TEXT
  5
2A8
330
17
100
AcDbEntity
  8
TEXT
 62
7
100
AcDbText
 10
276.4244231346112
 20
196.1999999999998
 30
0.0
 40
1.3
  1
R3
  7
GOST
 11
276.4244231346112
 21
196.1999999999998
 31
0.0
100
AcDbText
  0
LWPOLYLINE
  5
2A9
330
17
100
AcDbEntity
  8
TEXT
 62
7
370
15
100
AcDbPolyline
 90
2
 70
0
 10
292.41886813561365
 20
198.4999999999998
 10
292.41886813561365
 20
195.1999999999998
  0
TEXT
  5
2AA
330
17
100
AcDbEntity
  8
TEXT
 62
7
100
AcDbText
 10
293.21886813561366
 20
196.1999999999998
 30
0.0
 40
1.3
  1
L4-3
  7
GOST
 11
293.21886813561366
 21
196.1999999999998
 31
0.0
100
AcDbText
  0
LWPOLYLINE
  5
2AB
330
17
100
AcDbEntity
  8
TEXT
 62
7
370
15
100
AcDbPolyline
 90
2
 70
0
 10
341.7591699986178
 20
198.4999999999998
 10
341.7591699986178
 20
195.1999999999998
  0
TEXT
  5
2AC
330
17
100
AcDbEntity
  8
TEXT
 62
7
100
AcDbText
 10
342.5591699986178
 20
196.1999999999998
 30
0.0
 40
1.3
  1
Ремонт
  7
GOST
 11
342.5591699986178
 21
196.1999999999998
 31
0.0
100
AcDbText
  0
LWPOLYLINE
  5
2AD
330
17
100
AcDbEntity
  8
TEXT
 62
7
370
15
100
AcDbPolyline
 90
2
 70
0
 10
354.2736119054392
 20
198.4999999999998
 10
354.2736119054392
 20
195.1999999999998
  0
TEXT
  5
2AE
330
17
100
AcDbEntity
  8
TEXT
 62
7
100
AcDbText
 10
355.07361190543924
 20
196.1999999999998
 30
0.0
 40
1.3
  1
Э13
  7
GOST
 11
355.07361190543924
 21
196.1999999999998
 31
0.0
100
AcDbText
  0
LWPOLYLINE
  5
2AF
330
17
100
AcDbEntity
  8
TEXT
 62
7
370
15
100
AcDbPolyline
 90
2
 70
0
 10
370.86501459097985
 20
198.4999999999998
 10
370.86501459097985
 20
195.1999999999998
  0
LWPOLYLINE
  5
2B0
330
17
100
AcDbEntity
  8
TEXT
 62
7
370
15
100
AcDbPolyline
 90
2
 70
0
 10
413.0
 20
198.4999999999998
 10
413.0
 20
195.1999999999998
  0
LWPOLYLINE
  5
2B1
330
17
100
AcDbEntity
  8
TEXT
 62
7
370
15
100
AcDbPolyline
 90
4
 70
1
 10
22.0
 20
191.89999999999978
 10
413.0
 20
191.89999999999978
 10
413.0
 20
195.1999999999998
 10
22.0
 20
195.1999999999998
  0
LWPOLYLINE
  5
2B2
330
17
100
AcDbEntity
  8
TEXT
 62
7
370
15
100
AcDbPolyline
 90
2
 70
0
 10
22.0
 20
195.1999999999998
 10
22.0
 20
191.89999999999978
  0
TEXT
  5
2B3
330
17
100
AcDbEntity
  8
TEXT
 62
7
100
AcDbText
 10
22.8
 20
192.89999999999978
 30
0.0
 40
1.3
  1
19
  7
GOST
 11
22.8
 21
192.89999999999978
 31
0.0
100
AcDbText
  0
LWPOLYLINE
  5
2B4
330
17
100
AcDbEntity
  8
TEXT
 62
7
370
15
100
AcDbPolyline
 90
2
 70
0
 10
29.510720083277995
 20
195.1999999999998
 10
29.510720083277995
 20
191.89999999999978
  0
TEXT
  5
2B5
330
17
100
AcDbEntity
  8
TEXT
 62
7
100
AcDbText
 10
30.310720083277996
 20
192.89999999999978
 30
0.0
 40
1.3
  1
Блок питания 24 В 30 Вт для L4-3
  7
GOST
 11
30.310720083277996
 21
192.89999999999978
 31
0.0
100
AcDbText
  0
LWPOLYLINE
  5
2B6
330
17
100
AcDbEntity
  8
TEXT
 62
7
370
15
100
AcDbPolyline
 90
2
 70
0
 10
151.60385746872038
 20
195.1999999999998
 10
151.60385746872038
 20
191.89999999999978
  0
TEXT
  5
2B7
330
17
100
AcDbEntity
  8
TEXT
 62
7
100
AcDbText
 10
152.4038574687204
 20
192.89999999999978
 30
0.0
 40
1.3
  1
Arlight ARPV / Mean Well
  7
GOST
 11
152.4038574687204
 21
192.89999999999978
 31
0.0
100
AcDbText
  0
LWPOLYLINE
  5
2B8
330
17
100
AcDbEntity
  8
TEXT
 62
7
370
15
100
AcDbPolyline
 90
2
 70
0
 10
187.3879514055768
 20
195.1999999999998
 10
187.3879514055768
 20
191.89999999999978
  0
TEXT
  5
2B9
330
17
100
AcDbEntity
  8
TEXT
 62
7
100
AcDbText
 10
188.18795140557683
 20
192.89999999999978
 30
0.0
 40
1.3
  1
Arlight / Mean Well
  7
GOST
 11
188.18795140557683
 21
192.89999999999978
 31
0.0
100
AcDbText
  0
LWPOLYLINE
  5
2BA
330
17
100
AcDbEntity
  8
TEXT
 62
7
370
15
100
AcDbPolyline
 90
2
 70
0
 10
223.79012477186404
 20
195.1999999999998
 10
223.79012477186404
 20
191.89999999999978
  0
TEXT
  5
2BB
330
17
100
AcDbEntity
  8
TEXT
 62
7
100
AcDbText
 10
224.59012477186405
 20
192.89999999999978
 30
0.0
 40
1.3
  1
1
  7
GOST
 11
224.59012477186405
 21
192.89999999999978
 31
0.0
100
AcDbText
  0
LWPOLYLINE
  5
2BC
330
17
100
AcDbEntity
  8
TEXT
 62
7
370
15
100
AcDbPolyline
 90
2
 70
0
 10
234.42418713990168
 20
195.1999999999998
 10
234.42418713990168
 20
191.89999999999978
  0
TEXT
  5
2BD
330
17
100
AcDbEntity
  8
TEXT
 62
7
100
AcDbText
 10
235.2241871399017
 20
192.89999999999978
 30
0.0
 40
1.3
  1
шт
  7
GOST
 11
235.2241871399017
 21
192.89999999999978
 31
0.0
100
AcDbText
  0
LWPOLYLINE
  5
2BE
330
17
100
AcDbEntity
  8
TEXT
 62
7
370
15
100
AcDbPolyline
 90
2
 70
0
 10
240.62318940741787
 20
195.1999999999998
 10
240.62318940741787
 20
191.89999999999978
  0
TEXT
  5
2BF
330
17
100
AcDbEntity
  8
TEXT
 62
7
100
AcDbText
 10
241.42318940741788
 20
192.89999999999978
 30
0.0
 40
1.3
  1
1 500
  7
GOST
 11
241.42318940741788
 21
192.89999999999978
 31
0.0
100
AcDbText
  0
LWPOLYLINE
  5
2C0
330
17
100
AcDbEntity
  8
TEXT
 62
7
370
15
100
AcDbPolyline
 90
2
 70
0
 10
262.2838460923918
 20
195.1999999999998
 10
262.2838460923918
 20
191.89999999999978
  0
TEXT
  5
2C1
330
17
100
AcDbEntity
  8
TEXT
 62
7
100
AcDbText
 10
263.0838460923918
 20
192.89999999999978
 30
0.0
 40
1.3
  1
1 500
  7
GOST
 11
263.0838460923918
 21
192.89999999999978
 31
0.0
100
AcDbText
  0
LWPOLYLINE
  5
2C2
330
17
100
AcDbEntity
  8
TEXT
 62
7
370
15
100
AcDbPolyline
 90
2
 70
0
 10
275.62442313461116
 20
195.1999999999998
 10
275.62442313461116
 20
191.89999999999978
  0
TEXT
  5
2C3
330
17
100
AcDbEntity
  8
TEXT
 62
7
100
AcDbText
 10
276.4244231346112
 20
192.89999999999978
 30
0.0
 40
1.3
  1
R3
  7
GOST
 11
276.4244231346112
 21
192.89999999999978
 31
0.0
100
AcDbText
  0
LWPOLYLINE
  5
2C4
330
17
100
AcDbEntity
  8
TEXT
 62
7
370
15
100
AcDbPolyline
 90
2
 70
0
 10
292.41886813561365
 20
195.1999999999998
 10
292.41886813561365
 20
191.89999999999978
  0
TEXT
  5
2C5
330
17
100
AcDbEntity
  8
TEXT
 62
7
100
AcDbText
 10
293.21886813561366
 20
192.89999999999978
 30
0.0
 40
1.3
  1
L4-3
  7
GOST
 11
293.21886813561366
 21
192.89999999999978
 31
0.0
100
AcDbText
  0
LWPOLYLINE
  5
2C6
330
17
100
AcDbEntity
  8
TEXT
 62
7
370
15
100
AcDbPolyline
 90
2
 70
0
 10
341.7591699986178
 20
195.1999999999998
 10
341.7591699986178
 20
191.89999999999978
  0
TEXT
  5
2C7
330
17
100
AcDbEntity
  8
TEXT
 62
7
100
AcDbText
 10
342.5591699986178
 20
192.89999999999978
 30
0.0
 40
1.3
  1
Ремонт
  7
GOST
 11
342.5591699986178
 21
192.89999999999978
 31
0.0
100
AcDbText
  0
LWPOLYLINE
  5
2C8
330
17
100
AcDbEntity
  8
TEXT
 62
7
370
15
100
AcDbPolyline
 90
2
 70
0
 10
354.2736119054392
 20
195.1999999999998
 10
354.2736119054392
 20
191.89999999999978
  0
TEXT
  5
2C9
330
17
100
AcDbEntity
  8
TEXT
 62
7
100
AcDbText
 10
355.07361190543924
 20
192.89999999999978
 30
0.0
 40
1.3
  1
Э13
  7
GOST
 11
355.07361190543924
 21
192.89999999999978
 31
0.0
100
AcDbText
  0
LWPOLYLINE
  5
2CA
330
17
100
AcDbEntity
  8
TEXT
 62
7
370
15
100
AcDbPolyline
 90
2
 70
0
 10
370.86501459097985
 20
195.1999999999998
 10
370.86501459097985
 20
191.89999999999978
  0
TEXT
  5
2CB
330
17
100
AcDbEntity
  8
TEXT
 62
7
100
AcDbText
 10
371.66501459097987
 20
192.89999999999978
 30
0.0
 40
1.3
  1
10 Вт × 1,25
  7
GOST
 11
371.66501459097987
 21
192.89999999999978
 31
0.0
100
AcDbText
  0
LWPOLYLINE
  5
2CC
330
17
100
AcDbEntity
  8
TEXT
 62
7
370
15
100
AcDbPolyline
 90
2
 70
0
 10
413.0
 20
195.1999999999998
 10
413.0
 20
191.89999999999978
  0
LWPOLYLINE
  5
2CD
330
17
100
AcDbEntity
  8
TEXT
 62
7
370
15
100
AcDbPolyline
 90
4
 70
1
 10
22.0
 20
188.59999999999977
 10
413.0
 20
188.59999999999977
 10
413.0
 20
191.89999999999978
 10
22.0
 20
191.89999999999978
  0
LWPOLYLINE
  5
2CE
330
17
100
AcDbEntity
  8
TEXT
 62
7
370
15
100
AcDbPolyline
 90
2
 70
0
 10
22.0
 20
191.89999999999978
 10
22.0
 20
188.59999999999977
  0
TEXT
  5
2CF
330
17
100
AcDbEntity
  8
TEXT
 62
7
100
AcDbText
 10
22.8
 20
189.59999999999977
 30
0.0
 40
1.3
  1
20
  7
GOST
 11
22.8
 21
189.59999999999977
 31
0.0
100
AcDbText
  0
LWPOLYLINE
  5
2D0
330
17
100
AcDbEntity
  8
TEXT
 62
7
370
15
100
AcDbPolyline
 90
2
 70
0
 10
29.510720083277995
 20
191.89999999999978
 10
29.510720083277995
 20
188.59999999999977
  0
TEXT
  5
2D1
330
17
100
AcDbEntity
  8
TEXT
 62
7
100
AcDbText
 10
30.310720083277996
 20
189.59999999999977
 30
0.0
 40
1.3
  1
Лента LED 24 В 2700 K CRI ≥ 90 — подсветка цоколя кухни 2700K
  7
GOST
 11
30.310720083277996
 21
189.59999999999977
 31
0.0
100
AcDbText
  0
LWPOLYLINE
  5
2D2
330
17
100
AcDbEntity
  8
TEXT
 62
7
370
15
100
AcDbPolyline
 90
2
 70
0
 10
151.60385746872038
 20
191.89999999999978
 10
151.60385746872038
 20
188.59999999999977
  0
TEXT
  5
2D3
330
17
100
AcDbEntity
  8
TEXT
 62
7
100
AcDbText
 10
152.4038574687204
 20
189.59999999999977
 30
0.0
 40
1.3
  1
Arlight / Elektrostandard
  7
GOST
 11
152.4038574687204
 21
189.59999999999977
 31
0.0
100
AcDbText
  0
LWPOLYLINE
  5
2D4
330
17
100
AcDbEntity
  8
TEXT
 62
7
370
15
100
AcDbPolyline
 90
2
 70
0
 10
187.3879514055768
 20
191.89999999999978
 10
187.3879514055768
 20
188.59999999999977
  0
TEXT
  5
2D5
330
17
100
AcDbEntity
  8
TEXT
 62
7
100
AcDbText
 10
188.18795140557683
 20
189.59999999999977
 30
0.0
 40
1.3
  1
Arlight
  7
GOST
 11
188.18795140557683
 21
189.59999999999977
 31
0.0
100
AcDbText
  0
LWPOLYLINE
  5
2D6
330
17
100
AcDbEntity
  8
TEXT
 62
7
370
15
100
AcDbPolyline
 90
2
 70
0
 10
223.79012477186404
 20
191.89999999999978
 10
223.79012477186404
 20
188.59999999999977
  0
TEXT
  5
2D7
330
17
100
AcDbEntity
  8
TEXT
 62
7
100
AcDbText
 10
224.59012477186405
 20
189.59999999999977
 30
0.0
 40
1.3
  1
3,5
  7
GOST
 11
224.59012477186405
 21
189.59999999999977
 31
0.0
100
AcDbText
  0
LWPOLYLINE
  5
2D8
330
17
100
AcDbEntity
  8
TEXT
 62
7
370
15
100
AcDbPolyline
 90
2
 70
0
 10
234.42418713990168
 20
191.89999999999978
 10
234.42418713990168
 20
188.59999999999977
  0
TEXT
  5
2D9
330
17
100
AcDbEntity
  8
TEXT
 62
7
100
AcDbText
 10
235.2241871399017
 20
189.59999999999977
 30
0.0
 40
1.3
  1
м
  7
GOST
 11
235.2241871399017
 21
189.59999999999977
 31
0.0
100
AcDbText
  0
LWPOLYLINE
  5
2DA
330
17
100
AcDbEntity
  8
TEXT
 62
7
370
15
100
AcDbPolyline
 90
2
 70
0
 10
240.62318940741787
 20
191.89999999999978
 10
240.62318940741787
 20
188.59999999999977
  0
TEXT
  5
2DB
330
17
100
AcDbEntity
  8
TEXT
 62
7
100
AcDbText
 10
241.42318940741788
 20
189.59999999999977
 30
0.0
 40
1.3
  1
1 300
  7
GOST
 11
241.42318940741788
 21
189.59999999999977
 31
0.0
100
AcDbText
  0
LWPOLYLINE
  5
2DC
330
17
100
AcDbEntity
  8
TEXT
 62
7
370
15
100
AcDbPolyline
 90
2
 70
0
 10
262.2838460923918
 20
191.89999999999978
 10
262.2838460923918
 20
188.59999999999977
  0
TEXT
  5
2DD
330
17
100
AcDbEntity
  8
TEXT
 62
7
100
AcDbText
 10
263.0838460923918
 20
189.59999999999977
 30
0.0
 40
1.3
  1
4 550
  7
GOST
 11
263.0838460923918
 21
189.59999999999977
 31
0.0
100
AcDbText
  0
LWPOLYLINE
  5
2DE
330
17
100
AcDbEntity
  8
TEXT
 62
7
370
15
100
AcDbPolyline
 90
2
 70
0
 10
275.62442313461116
 20
191.89999999999978
 10
275.62442313461116
 20
188.59999999999977
  0
TEXT
  5
2DF
330
17
100
AcDbEntity
  8
TEXT
 62
7
100
AcDbText
 10
276.4244231346112
 20
189.59999999999977
 30
0.0
 40
1.3
  1
R3
  7
GOST
 11
276.4244231346112
 21
189.59999999999977
 31
0.0
100
AcDbText
  0
LWPOLYLINE
  5
2E0
330
17
100
AcDbEntity
  8
TEXT
 62
7
370
15
100
AcDbPolyline
 90
2
 70
0
 10
292.41886813561365
 20
191.89999999999978
 10
292.41886813561365
 20
188.59999999999977
  0
TEXT
  5
2E1
330
17
100
AcDbEntity
  8
TEXT
 62
7
100
AcDbText
 10
293.21886813561366
 20
189.59999999999977
 30
0.0
 40
1.3
  1
L5-1; ЭО-01
  7
GOST
 11
293.21886813561366
 21
189.59999999999977
 31
0.0
100
AcDbText
  0
LWPOLYLINE
  5
2E2
330
17
100
AcDbEntity
  8
TEXT
 62
7
370
15
100
AcDbPolyline
 90
2
 70
0
 10
341.7591699986178
 20
191.89999999999978
 10
341.7591699986178
 20
188.59999999999977
  0
TEXT
  5
2E3
330
17
100
AcDbEntity
  8
TEXT
 62
7
100
AcDbText
 10
342.5591699986178
 20
189.59999999999977
 30
0.0
 40
1.3
  1
Ремонт
  7
GOST
 11
342.5591699986178
 21
189.59999999999977
 31
0.0
100
AcDbText
  0
LWPOLYLINE
  5
2E4
330
17
100
AcDbEntity
  8
TEXT
 62
7
370
15
100
AcDbPolyline
 90
2
 70
0
 10
354.2736119054392
 20
191.89999999999978
 10
354.2736119054392
 20
188.59999999999977
  0
TEXT
  5
2E5
330
17
100
AcDbEntity
  8
TEXT
 62
7
100
AcDbText
 10
355.07361190543924
 20
189.59999999999977
 30
0.0
 40
1.3
  1
Э13
  7
GOST
 11
355.07361190543924
 21
189.59999999999977
 31
0.0
100
AcDbText
  0
LWPOLYLINE
  5
2E6
330
17
100
AcDbEntity
  8
TEXT
 62
7
370
15
100
AcDbPolyline
 90
2
 70
0
 10
370.86501459097985
 20
191.89999999999978
 10
370.86501459097985
 20
188.59999999999977
  0
TEXT
  5
2E7
330
17
100
AcDbEntity
  8
TEXT
 62
7
100
AcDbText
 10
371.66501459097987
 20
189.59999999999977
 30
0.0
 40
1.3
  1
длина 2.85 м по pos→end + 10 %
  7
GOST
 11
371.66501459097987
 21
189.59999999999977
 31
0.0
100
AcDbText
  0
LWPOLYLINE
  5
2E8
330
17
100
AcDbEntity
  8
TEXT
 62
7
370
15
100
AcDbPolyline
 90
2
 70
0
 10
413.0
 20
191.89999999999978
 10
413.0
 20
188.59999999999977
  0
LWPOLYLINE
  5
2E9
330
17
100
AcDbEntity
  8
TEXT
 62
7
370
15
100
AcDbPolyline
 90
4
 70
1
 10
22.0
 20
185.29999999999976
 10
413.0
 20
185.29999999999976
 10
413.0
 20
188.59999999999977
 10
22.0
 20
188.59999999999977
  0
LWPOLYLINE
  5
2EA
330
17
100
AcDbEntity
  8
TEXT
 62
7
370
15
100
AcDbPolyline
 90
2
 70
0
 10
22.0
 20
188.59999999999977
 10
22.0
 20
185.29999999999976
  0
TEXT
  5
2EB
330
17
100
AcDbEntity
  8
TEXT
 62
7
100
AcDbText
 10
22.8
 20
186.29999999999976
 30
0.0
 40
1.3
  1
21
  7
GOST
 11
22.8
 21
186.29999999999976
 31
0.0
100
AcDbText
  0
LWPOLYLINE
  5
2EC
330
17
100
AcDbEntity
  8
TEXT
 62
7
370
15
100
AcDbPolyline
 90
2
 70
0
 10
29.510720083277995
 20
188.59999999999977
 10
29.510720083277995
 20
185.29999999999976
  0
TEXT
  5
2ED
330
17
100
AcDbEntity
  8
TEXT
 62
7
100
AcDbText
 10
30.310720083277996
 20
186.29999999999976
 30
0.0
 40
1.3
  1
Профиль алюминиевый с рассеивателем для L5-1
  7
GOST
 11
30.310720083277996
 21
186.29999999999976
 31
0.0
100
AcDbText
  0
LWPOLYLINE
  5
2EE
330
17
100
AcDbEntity
  8
TEXT
 62
7
370
15
100
AcDbPolyline
 90
2
 70
0
 10
151.60385746872038
 20
188.59999999999977
 10
151.60385746872038
 20
185.29999999999976
  0
TEXT
  5
2EF
330
17
100
AcDbEntity
  8
TEXT
 62
7
100
AcDbText
 10
152.4038574687204
 20
186.29999999999976
 30
0.0
 40
1.3
  1
Arlight / Elektrostandard
  7
GOST
 11
152.4038574687204
 21
186.29999999999976
 31
0.0
100
AcDbText
  0
LWPOLYLINE
  5
2F0
330
17
100
AcDbEntity
  8
TEXT
 62
7
370
15
100
AcDbPolyline
 90
2
 70
0
 10
187.3879514055768
 20
188.59999999999977
 10
187.3879514055768
 20
185.29999999999976
  0
TEXT
  5
2F1
330
17
100
AcDbEntity
  8
TEXT
 62
7
100
AcDbText
 10
188.18795140557683
 20
186.29999999999976
 30
0.0
 40
1.3
  1
Arlight
  7
GOST
 11
188.18795140557683
 21
186.29999999999976
 31
0.0
100
AcDbText
  0
LWPOLYLINE
  5
2F2
330
17
100
AcDbEntity
  8
TEXT
 62
7
370
15
100
AcDbPolyline
 90
2
 70
0
 10
223.79012477186404
 20
188.59999999999977
 10
223.79012477186404
 20
185.29999999999976
  0
TEXT
  5
2F3
330
17
100
AcDbEntity
  8
TEXT
 62
7
100
AcDbText
 10
224.59012477186405
 20
186.29999999999976
 30
0.0
 40
1.3
  1
3
  7
GOST
 11
224.59012477186405
 21
186.29999999999976
 31
0.0
100
AcDbText
  0
LWPOLYLINE
  5
2F4
330
17
100
AcDbEntity
  8
TEXT
 62
7
370
15
100
AcDbPolyline
 90
2
 70
0
 10
234.42418713990168
 20
188.59999999999977
 10
234.42418713990168
 20
185.29999999999976
  0
TEXT
  5
2F5
330
17
100
AcDbEntity
  8
TEXT
 62
7
100
AcDbText
 10
235.2241871399017
 20
186.29999999999976
 30
0.0
 40
1.3
  1
м
  7
GOST
 11
235.2241871399017
 21
186.29999999999976
 31
0.0
100
AcDbText
  0
LWPOLYLINE
  5
2F6
330
17
100
AcDbEntity
  8
TEXT
 62
7
370
15
100
AcDbPolyline
 90
2
 70
0
 10
240.62318940741787
 20
188.59999999999977
 10
240.62318940741787
 20
185.29999999999976
  0
TEXT
  5
2F7
330
17
100
AcDbEntity
  8
TEXT
 62
7
100
AcDbText
 10
241.42318940741788
 20
186.29999999999976
 30
0.0
 40
1.3
  1
900
  7
GOST
 11
241.42318940741788
 21
186.29999999999976
 31
0.0
100
AcDbText
  0
LWPOLYLINE
  5
2F8
330
17
100
AcDbEntity
  8
TEXT
 62
7
370
15
100
AcDbPolyline
 90
2
 70
0
 10
262.2838460923918
 20
188.59999999999977
 10
262.2838460923918
 20
185.29999999999976
  0
TEXT
  5
2F9
330
17
100
AcDbEntity
  8
TEXT
 62
7
100
AcDbText
 10
263.0838460923918
 20
186.29999999999976
 30
0.0
 40
1.3
  1
2 700
  7
GOST
 11
263.0838460923918
 21
186.29999999999976
 31
0.0
100
AcDbText
  0
LWPOLYLINE
  5
2FA
330
17
100
AcDbEntity
  8
TEXT
 62
7
370
15
100
AcDbPolyline
 90
2
 70
0
 10
275.62442313461116
 20
188.59999999999977
 10
275.62442313461116
 20
185.29999999999976
  0
TEXT
  5
2FB
330
17
100
AcDbEntity
  8
TEXT
 62
7
100
AcDbText
 10
276.4244231346112
 20
186.29999999999976
 30
0.0
 40
1.3
  1
R3
  7
GOST
 11
276.4244231346112
 21
186.29999999999976
 31
0.0
100
AcDbText
  0
LWPOLYLINE
  5
2FC
330
17
100
AcDbEntity
  8
TEXT
 62
7
370
15
100
AcDbPolyline
 90
2
 70
0
 10
292.41886813561365
 20
188.59999999999977
 10
292.41886813561365
 20
185.29999999999976
  0
TEXT
  5
2FD
330
17
100
AcDbEntity
  8
TEXT
 62
7
100
AcDbText
 10
293.21886813561366
 20
186.29999999999976
 30
0.0
 40
1.3
  1
L5-1
  7
GOST
 11
293.21886813561366
 21
186.29999999999976
 31
0.0
100
AcDbText
  0
LWPOLYLINE
  5
2FE
330
17
100
AcDbEntity
  8
TEXT
 62
7
370
15
100
AcDbPolyline
 90
2
 70
0
 10
341.7591699986178
 20
188.59999999999977
 10
341.7591699986178
 20
185.29999999999976
  0
TEXT
  5
2FF
330
17
100
AcDbEntity
  8
TEXT
 62
7
100
AcDbText
 10
342.5591699986178
 20
186.29999999999976
 30
0.0
 40
1.3
  1
Ремонт
  7
GOST
 11
342.5591699986178
 21
186.29999999999976
 31
0.0
100
AcDbText
  0
LWPOLYLINE
  5
300
330
17
100
AcDbEntity
  8
TEXT
 62
7
370
15
100
AcDbPolyline
 90
2
 70
0
 10
354.2736119054392
 20
188.59999999999977
 10
354.2736119054392
 20
185.29999999999976
  0
TEXT
  5
301
330
17
100
AcDbEntity
  8
TEXT
 62
7
100
AcDbText
 10
355.07361190543924
 20
186.29999999999976
 30
0.0
 40
1.3
  1
Э13
  7
GOST
 11
355.07361190543924
 21
186.29999999999976
 31
0.0
100
AcDbText
  0
LWPOLYLINE
  5
302
330
17
100
AcDbEntity
  8
TEXT
 62
7
370
15
100
AcDbPolyline
 90
2
 70
0
 10
370.86501459097985
 20
188.59999999999977
 10
370.86501459097985
 20
185.29999999999976
  0
LWPOLYLINE
  5
303
330
17
100
AcDbEntity
  8
TEXT
 62
7
370
15
100
AcDbPolyline
 90
2
 70
0
 10
413.0
 20
188.59999999999977
 10
413.0
 20
185.29999999999976
  0
LWPOLYLINE
  5
304
330
17
100
AcDbEntity
  8
TEXT
 62
7
370
15
100
AcDbPolyline
 90
4
 70
1
 10
22.0
 20
181.99999999999974
 10
413.0
 20
181.99999999999974
 10
413.0
 20
185.29999999999976
 10
22.0
 20
185.29999999999976
  0
LWPOLYLINE
  5
305
330
17
100
AcDbEntity
  8
TEXT
 62
7
370
15
100
AcDbPolyline
 90
2
 70
0
 10
22.0
 20
185.29999999999976
 10
22.0
 20
181.99999999999974
  0
TEXT
  5
306
330
17
100
AcDbEntity
  8
TEXT
 62
7
100
AcDbText
 10
22.8
 20
182.99999999999974
 30
0.0
 40
1.3
  1
22
  7
GOST
 11
22.8
 21
182.99999999999974
 31
0.0
100
AcDbText
  0
LWPOLYLINE
  5
307
330
17
100
AcDbEntity
  8
TEXT
 62
7
370
15
100
AcDbPolyline
 90
2
 70
0
 10
29.510720083277995
 20
185.29999999999976
 10
29.510720083277995
 20
181.99999999999974
  0
TEXT
  5
308
330
17
100
AcDbEntity
  8
TEXT
 62
7
100
AcDbText
 10
30.310720083277996
 20
182.99999999999974
 30
0.0
 40
1.3
  1
Блок питания 24 В 30 Вт для L5-1
  7
GOST
 11
30.310720083277996
 21
182.99999999999974
 31
0.0
100
AcDbText
  0
LWPOLYLINE
  5
309
330
17
100
AcDbEntity
  8
TEXT
 62
7
370
15
100
AcDbPolyline
 90
2
 70
0
 10
151.60385746872038
 20
185.29999999999976
 10
151.60385746872038
 20
181.99999999999974
  0
TEXT
  5
30A
330
17
100
AcDbEntity
  8
TEXT
 62
7
100
AcDbText
 10
152.4038574687204
 20
182.99999999999974
 30
0.0
 40
1.3
  1
Arlight ARPV / Mean Well
  7
GOST
 11
152.4038574687204
 21
182.99999999999974
 31
0.0
100
AcDbText
  0
LWPOLYLINE
  5
30B
330
17
100
AcDbEntity
  8
TEXT
 62
7
370
15
100
AcDbPolyline
 90
2
 70
0
 10
187.3879514055768
 20
185.29999999999976
 10
187.3879514055768
 20
181.99999999999974
  0
TEXT
  5
30C
330
17
100
AcDbEntity
  8
TEXT
 62
7
100
AcDbText
 10
188.18795140557683
 20
182.99999999999974
 30
0.0
 40
1.3
  1
Arlight / Mean Well
  7
GOST
 11
188.18795140557683
 21
182.99999999999974
 31
0.0
100
AcDbText
  0
LWPOLYLINE
  5
30D
330
17
100
AcDbEntity
  8
TEXT
 62
7
370
15
100
AcDbPolyline
 90
2
 70
0
 10
223.79012477186404
 20
185.29999999999976
 10
223.79012477186404
 20
181.99999999999974
  0
TEXT
  5
30E
330
17
100
AcDbEntity
  8
TEXT
 62
7
100
AcDbText
 10
224.59012477186405
 20
182.99999999999974
 30
0.0
 40
1.3
  1
1
  7
GOST
 11
224.59012477186405
 21
182.99999999999974
 31
0.0
100
AcDbText
  0
LWPOLYLINE
  5
30F
330
17
100
AcDbEntity
  8
TEXT
 62
7
370
15
100
AcDbPolyline
 90
2
 70
0
 10
234.42418713990168
 20
185.29999999999976
 10
234.42418713990168
 20
181.99999999999974
  0
TEXT
  5
310
330
17
100
AcDbEntity
  8
TEXT
 62
7
100
AcDbText
 10
235.2241871399017
 20
182.99999999999974
 30
0.0
 40
1.3
  1
шт
  7
GOST
 11
235.2241871399017
 21
182.99999999999974
 31
0.0
100
AcDbText
  0
LWPOLYLINE
  5
311
330
17
100
AcDbEntity
  8
TEXT
 62
7
370
15
100
AcDbPolyline
 90
2
 70
0
 10
240.62318940741787
 20
185.29999999999976
 10
240.62318940741787
 20
181.99999999999974
  0
TEXT
  5
312
330
17
100
AcDbEntity
  8
TEXT
 62
7
100
AcDbText
 10
241.42318940741788
 20
182.99999999999974
 30
0.0
 40
1.3
  1
1 500
  7
GOST
 11
241.42318940741788
 21
182.99999999999974
 31
0.0
100
AcDbText
  0
LWPOLYLINE
  5
313
330
17
100
AcDbEntity
  8
TEXT
 62
7
370
15
100
AcDbPolyline
 90
2
 70
0
 10
262.2838460923918
 20
185.29999999999976
 10
262.2838460923918
 20
181.99999999999974
  0
TEXT
  5
314
330
17
100
AcDbEntity
  8
TEXT
 62
7
100
AcDbText
 10
263.0838460923918
 20
182.99999999999974
 30
0.0
 40
1.3
  1
1 500
  7
GOST
 11
263.0838460923918
 21
182.99999999999974
 31
0.0
100
AcDbText
  0
LWPOLYLINE
  5
315
330
17
100
AcDbEntity
  8
TEXT
 62
7
370
15
100
AcDbPolyline
 90
2
 70
0
 10
275.62442313461116
 20
185.29999999999976
 10
275.62442313461116
 20
181.99999999999974
  0
TEXT
  5
316
330
17
100
AcDbEntity
  8
TEXT
 62
7
100
AcDbText
 10
276.4244231346112
 20
182.99999999999974
 30
0.0
 40
1.3
  1
R3
  7
GOST
 11
276.4244231346112
 21
182.99999999999974
 31
0.0
100
AcDbText
  0
LWPOLYLINE
  5
317
330
17
100
AcDbEntity
  8
TEXT
 62
7
370
15
100
AcDbPolyline
 90
2
 70
0
 10
292.41886813561365
 20
185.29999999999976
 10
292.41886813561365
 20
181.99999999999974
  0
TEXT
  5
318
330
17
100
AcDbEntity
  8
TEXT
 62
7
100
AcDbText
 10
293.21886813561366
 20
182.99999999999974
 30
0.0
 40
1.3
  1
L5-1
  7
GOST
 11
293.21886813561366
 21
182.99999999999974
 31
0.0
100
AcDbText
  0
LWPOLYLINE
  5
319
330
17
100
AcDbEntity
  8
TEXT
 62
7
370
15
100
AcDbPolyline
 90
2
 70
0
 10
341.7591699986178
 20
185.29999999999976
 10
341.7591699986178
 20
181.99999999999974
  0
TEXT
  5
31A
330
17
100
AcDbEntity
  8
TEXT
 62
7
100
AcDbText
 10
342.5591699986178
 20
182.99999999999974
 30
0.0
 40
1.3
  1
Ремонт
  7
GOST
 11
342.5591699986178
 21
182.99999999999974
 31
0.0
100
AcDbText
  0
LWPOLYLINE
  5
31B
330
17
100
AcDbEntity
  8
TEXT
 62
7
370
15
100
AcDbPolyline
 90
2
 70
0
 10
354.2736119054392
 20
185.29999999999976
 10
354.2736119054392
 20
181.99999999999974
  0
TEXT
  5
31C
330
17
100
AcDbEntity
  8
TEXT
 62
7
100
AcDbText
 10
355.07361190543924
 20
182.99999999999974
 30
0.0
 40
1.3
  1
Э13
  7
GOST
 11
355.07361190543924
 21
182.99999999999974
 31
0.0
100
AcDbText
  0
LWPOLYLINE
  5
31D
330
17
100
AcDbEntity
  8
TEXT
 62
7
370
15
100
AcDbPolyline
 90
2
 70
0
 10
370.86501459097985
 20
185.29999999999976
 10
370.86501459097985
 20
181.99999999999974
  0
TEXT
  5
31E
330
17
100
AcDbEntity
  8
TEXT
 62
7
100
AcDbText
 10
371.66501459097987
 20
182.99999999999974
 30
0.0
 40
1.3
  1
15 Вт × 1,25
  7
GOST
 11
371.66501459097987
 21
182.99999999999974
 31
0.0
100
AcDbText
  0
LWPOLYLINE
  5
31F
330
17
100
AcDbEntity
  8
TEXT
 62
7
370
15
100
AcDbPolyline
 90
2
 70
0
 10
413.0
 20
185.29999999999976
 10
413.0
 20
181.99999999999974
  0
LWPOLYLINE
  5
320
330
17
100
AcDbEntity
  8
TEXT
 62
7
370
15
100
AcDbPolyline
 90
4
 70
1
 10
22.0
 20
178.69999999999973
 10
413.0
 20
178.69999999999973
 10
413.0
 20
181.99999999999974
 10
22.0
 20
181.99999999999974
  0
LWPOLYLINE
  5
321
330
17
100
AcDbEntity
  8
TEXT
 62
7
370
15
100
AcDbPolyline
 90
2
 70
0
 10
22.0
 20
181.99999999999974
 10
22.0
 20
178.69999999999973
  0
TEXT
  5
322
330
17
100
AcDbEntity
  8
TEXT
 62
7
100
AcDbText
 10
22.8
 20
179.69999999999973
 30
0.0
 40
1.3
  1
23
  7
GOST
 11
22.8
 21
179.69999999999973
 31
0.0
100
AcDbText
  0
LWPOLYLINE
  5
323
330
17
100
AcDbEntity
  8
TEXT
 62
7
370
15
100
AcDbPolyline
 90
2
 70
0
 10
29.510720083277995
 20
181.99999999999974
 10
29.510720083277995
 20
178.69999999999973
  0
TEXT
  5
324
330
17
100
AcDbEntity
  8
TEXT
 62
7
100
AcDbText
 10
30.310720083277996
 20
179.69999999999973
 30
0.0
 40
1.3
  1
Лента LED 24 В 2700 K CRI ≥ 90 — подсветка цоколя П-дивана 24 В 2700K
  7
GOST
 11
30.310720083277996
 21
179.69999999999973
 31
0.0
100
AcDbText
  0
LWPOLYLINE
  5
325
330
17
100
AcDbEntity
  8
TEXT
 62
7
370
15
100
AcDbPolyline
 90
2
 70
0
 10
151.60385746872038
 20
181.99999999999974
 10
151.60385746872038
 20
178.69999999999973
  0
TEXT
  5
326
330
17
100
AcDbEntity
  8
TEXT
 62
7
100
AcDbText
 10
152.4038574687204
 20
179.69999999999973
 30
0.0
 40
1.3
  1
Arlight / Elektrostandard
  7
GOST
 11
152.4038574687204
 21
179.69999999999973
 31
0.0
100
AcDbText
  0
LWPOLYLINE
  5
327
330
17
100
AcDbEntity
  8
TEXT
 62
7
370
15
100
AcDbPolyline
 90
2
 70
0
 10
187.3879514055768
 20
181.99999999999974
 10
187.3879514055768
 20
178.69999999999973
  0
TEXT
  5
328
330
17
100
AcDbEntity
  8
TEXT
 62
7
100
AcDbText
 10
188.18795140557683
 20
179.69999999999973
 30
0.0
 40
1.3
  1
Arlight
  7
GOST
 11
188.18795140557683
 21
179.69999999999973
 31
0.0
100
AcDbText
  0
LWPOLYLINE
  5
329
330
17
100
AcDbEntity
  8
TEXT
 62
7
370
15
100
AcDbPolyline
 90
2
 70
0
 10
223.79012477186404
 20
181.99999999999974
 10
223.79012477186404
 20
178.69999999999973
  0
TEXT
  5
32A
330
17
100
AcDbEntity
  8
TEXT
 62
7
100
AcDbText
 10
224.59012477186405
 20
179.69999999999973
 30
0.0
 40
1.3
  1
2
  7
GOST
 11
224.59012477186405
 21
179.69999999999973
 31
0.0
100
AcDbText
  0
LWPOLYLINE
  5
32B
330
17
100
AcDbEntity
  8
TEXT
 62
7
370
15
100
AcDbPolyline
 90
2
 70
0
 10
234.42418713990168
 20
181.99999999999974
 10
234.42418713990168
 20
178.69999999999973
  0
TEXT
  5
32C
330
17
100
AcDbEntity
  8
TEXT
 62
7
100
AcDbText
 10
235.2241871399017
 20
179.69999999999973
 30
0.0
 40
1.3
  1
м
  7
GOST
 11
235.2241871399017
 21
179.69999999999973
 31
0.0
100
AcDbText
  0
LWPOLYLINE
  5
32D
330
17
100
AcDbEntity
  8
TEXT
 62
7
370
15
100
AcDbPolyline
 90
2
 70
0
 10
240.62318940741787
 20
181.99999999999974
 10
240.62318940741787
 20
178.69999999999973
  0
TEXT
  5
32E
330
17
100
AcDbEntity
  8
TEXT
 62
7
100
AcDbText
 10
241.42318940741788
 20
179.69999999999973
 30
0.0
 40
1.3
  1
1 300
  7
GOST
 11
241.42318940741788
 21
179.69999999999973
 31
0.0
100
AcDbText
  0
LWPOLYLINE
  5
32F
330
17
100
AcDbEntity
  8
TEXT
 62
7
370
15
100
AcDbPolyline
 90
2
 70
0
 10
262.2838460923918
 20
181.99999999999974
 10
262.2838460923918
 20
178.69999999999973
  0
TEXT
  5
330
330
17
100
AcDbEntity
  8
TEXT
 62
7
100
AcDbText
 10
263.0838460923918
 20
179.69999999999973
 30
0.0
 40
1.3
  1
2 600
  7
GOST
 11
263.0838460923918
 21
179.69999999999973
 31
0.0
100
AcDbText
  0
LWPOLYLINE
  5
331
330
17
100
AcDbEntity
  8
TEXT
 62
7
370
15
100
AcDbPolyline
 90
2
 70
0
 10
275.62442313461116
 20
181.99999999999974
 10
275.62442313461116
 20
178.69999999999973
  0
TEXT
  5
332
330
17
100
AcDbEntity
  8
TEXT
 62
7
100
AcDbText
 10
276.4244231346112
 20
179.69999999999973
 30
0.0
 40
1.3
  1
R7
  7
GOST
 11
276.4244231346112
 21
179.69999999999973
 31
0.0
100
AcDbText
  0
LWPOLYLINE
  5
333
330
17
100
AcDbEntity
  8
TEXT
 62
7
370
15
100
AcDbPolyline
 90
2
 70
0
 10
292.41886813561365
 20
181.99999999999974
 10
292.41886813561365
 20
178.69999999999973
  0
TEXT
  5
334
330
17
100
AcDbEntity
  8
TEXT
 62
7
100
AcDbText
 10
293.21886813561366
 20
179.69999999999973
 30
0.0
 40
1.3
  1
L7-1; F33; F35; ЭО-01
  7
GOST
 11
293.21886813561366
 21
179.69999999999973
 31
0.0
100
AcDbText
  0
LWPOLYLINE
  5
335
330
17
100
AcDbEntity
  8
TEXT
 62
7
370
15
100
AcDbPolyline
 90
2
 70
0
 10
341.7591699986178
 20
181.99999999999974
 10
341.7591699986178
 20
178.69999999999973
  0
TEXT
  5
336
330
17
100
AcDbEntity
  8
TEXT
 62
7
100
AcDbText
 10
342.5591699986178
 20
179.69999999999973
 30
0.0
 40
1.3
  1
Ремонт
  7
GOST
 11
342.5591699986178
 21
179.69999999999973
 31
0.0
100
AcDbText
  0
LWPOLYLINE
  5
337
330
17
100
AcDbEntity
  8
TEXT
 62
7
370
15
100
AcDbPolyline
 90
2
 70
0
 10
354.2736119054392
 20
181.99999999999974
 10
354.2736119054392
 20
178.69999999999973
  0
TEXT
  5
338
330
17
100
AcDbEntity
  8
TEXT
 62
7
100
AcDbText
 10
355.07361190543924
 20
179.69999999999973
 30
0.0
 40
1.3
  1
Э13
  7
GOST
 11
355.07361190543924
 21
179.69999999999973
 31
0.0
100
AcDbText
  0
LWPOLYLINE
  5
339
330
17
100
AcDbEntity
  8
TEXT
 62
7
370
15
100
AcDbPolyline
 90
2
 70
0
 10
370.86501459097985
 20
181.99999999999974
 10
370.86501459097985
 20
178.69999999999973
  0
TEXT
  5
33A
330
17
100
AcDbEntity
  8
TEXT
 62
7
100
AcDbText
 10
371.66501459097987
 20
179.69999999999973
 30
0.0
 40
1.3
  1
длина 1.62 м по pos→end + 10 %
  7
GOST
 11
371.66501459097987
 21
179.69999999999973
 31
0.0
100
AcDbText
  0
LWPOLYLINE
  5
33B
330
17
100
AcDbEntity
  8
TEXT
 62
7
370
15
100
AcDbPolyline
 90
2
 70
0
 10
413.0
 20
181.99999999999974
 10
413.0
 20
178.69999999999973
  0
LWPOLYLINE
  5
33C
330
17
100
AcDbEntity
  8
TEXT
 62
7
370
15
100
AcDbPolyline
 90
4
 70
1
 10
22.0
 20
175.39999999999972
 10
413.0
 20
175.39999999999972
 10
413.0
 20
178.69999999999973
 10
22.0
 20
178.69999999999973
  0
LWPOLYLINE
  5
33D
330
17
100
AcDbEntity
  8
TEXT
 62
7
370
15
100
AcDbPolyline
 90
2
 70
0
 10
22.0
 20
178.69999999999973
 10
22.0
 20
175.39999999999972
  0
TEXT
  5
33E
330
17
100
AcDbEntity
  8
TEXT
 62
7
100
AcDbText
 10
22.8
 20
176.39999999999972
 30
0.0
 40
1.3
  1
24
  7
GOST
 11
22.8
 21
176.39999999999972
 31
0.0
100
AcDbText
  0
LWPOLYLINE
  5
33F
330
17
100
AcDbEntity
  8
TEXT
 62
7
370
15
100
AcDbPolyline
 90
2
 70
0
 10
29.510720083277995
 20
178.69999999999973
 10
29.510720083277995
 20
175.39999999999972
  0
TEXT
  5
340
330
17
100
AcDbEntity
  8
TEXT
 62
7
100
AcDbText
 10
30.310720083277996
 20
176.39999999999972
 30
0.0
 40
1.3
  1
Профиль алюминиевый с рассеивателем для L7-1
  7
GOST
 11
30.310720083277996
 21
176.39999999999972
 31
0.0
100
AcDbText
  0
LWPOLYLINE
  5
341
330
17
100
AcDbEntity
  8
TEXT
 62
7
370
15
100
AcDbPolyline
 90
2
 70
0
 10
151.60385746872038
 20
178.69999999999973
 10
151.60385746872038
 20
175.39999999999972
  0
TEXT
  5
342
330
17
100
AcDbEntity
  8
TEXT
 62
7
100
AcDbText
 10
152.4038574687204
 20
176.39999999999972
 30
0.0
 40
1.3
  1
Arlight / Elektrostandard
  7
GOST
 11
152.4038574687204
 21
176.39999999999972
 31
0.0
100
AcDbText
  0
LWPOLYLINE
  5
343
330
17
100
AcDbEntity
  8
TEXT
 62
7
370
15
100
AcDbPolyline
 90
2
 70
0
 10
187.3879514055768
 20
178.69999999999973
 10
187.3879514055768
 20
175.39999999999972
  0
TEXT
  5
344
330
17
100
AcDbEntity
  8
TEXT
 62
7
100
AcDbText
 10
188.18795140557683
 20
176.39999999999972
 30
0.0
 40
1.3
  1
Arlight
  7
GOST
 11
188.18795140557683
 21
176.39999999999972
 31
0.0
100
AcDbText
  0
LWPOLYLINE
  5
345
330
17
100
AcDbEntity
  8
TEXT
 62
7
370
15
100
AcDbPolyline
 90
2
 70
0
 10
223.79012477186404
 20
178.69999999999973
 10
223.79012477186404
 20
175.39999999999972
  0
TEXT
  5
346
330
17
100
AcDbEntity
  8
TEXT
 62
7
100
AcDbText
 10
224.59012477186405
 20
176.39999999999972
 30
0.0
 40
1.3
  1
2
  7
GOST
 11
224.59012477186405
 21
176.39999999999972
 31
0.0
100
AcDbText
  0
LWPOLYLINE
  5
347
330
17
100
AcDbEntity
  8
TEXT
 62
7
370
15
100
AcDbPolyline
 90
2
 70
0
 10
234.42418713990168
 20
178.69999999999973
 10
234.42418713990168
 20
175.39999999999972
  0
TEXT
  5
348
330
17
100
AcDbEntity
  8
TEXT
 62
7
100
AcDbText
 10
235.2241871399017
 20
176.39999999999972
 30
0.0
 40
1.3
  1
м
  7
GOST
 11
235.2241871399017
 21
176.39999999999972
 31
0.0
100
AcDbText
  0
LWPOLYLINE
  5
349
330
17
100
AcDbEntity
  8
TEXT
 62
7
370
15
100
AcDbPolyline
 90
2
 70
0
 10
240.62318940741787
 20
178.69999999999973
 10
240.62318940741787
 20
175.39999999999972
  0
TEXT
  5
34A
330
17
100
AcDbEntity
  8
TEXT
 62
7
100
AcDbText
 10
241.42318940741788
 20
176.39999999999972
 30
0.0
 40
1.3
  1
900
  7
GOST
 11
241.42318940741788
 21
176.39999999999972
 31
0.0
100
AcDbText
  0
LWPOLYLINE
  5
34B
330
17
100
AcDbEntity
  8
TEXT
 62
7
370
15
100
AcDbPolyline
 90
2
 70
0
 10
262.2838460923918
 20
178.69999999999973
 10
262.2838460923918
 20
175.39999999999972
  0
TEXT
  5
34C
330
17
100
AcDbEntity
  8
TEXT
 62
7
100
AcDbText
 10
263.0838460923918
 20
176.39999999999972
 30
0.0
 40
1.3
  1
1 800
  7
GOST
 11
263.0838460923918
 21
176.39999999999972
 31
0.0
100
AcDbText
  0
LWPOLYLINE
  5
34D
330
17
100
AcDbEntity
  8
TEXT
 62
7
370
15
100
AcDbPolyline
 90
2
 70
0
 10
275.62442313461116
 20
178.69999999999973
 10
275.62442313461116
 20
175.39999999999972
  0
TEXT
  5
34E
330
17
100
AcDbEntity
  8
TEXT
 62
7
100
AcDbText
 10
276.4244231346112
 20
176.39999999999972
 30
0.0
 40
1.3
  1
R7
  7
GOST
 11
276.4244231346112
 21
176.39999999999972
 31
0.0
100
AcDbText
  0
LWPOLYLINE
  5
34F
330
17
100
AcDbEntity
  8
TEXT
 62
7
370
15
100
AcDbPolyline
 90
2
 70
0
 10
292.41886813561365
 20
178.69999999999973
 10
292.41886813561365
 20
175.39999999999972
  0
TEXT
  5
350
330
17
100
AcDbEntity
  8
TEXT
 62
7
100
AcDbText
 10
293.21886813561366
 20
176.39999999999972
 30
0.0
 40
1.3
  1
L7-1
  7
GOST
 11
293.21886813561366
 21
176.39999999999972
 31
0.0
100
AcDbText
  0
LWPOLYLINE
  5
351
330
17
100
AcDbEntity
  8
TEXT
 62
7
370
15
100
AcDbPolyline
 90
2
 70
0
 10
341.7591699986178
 20
178.69999999999973
 10
341.7591699986178
 20
175.39999999999972
  0
TEXT
  5
352
330
17
100
AcDbEntity
  8
TEXT
 62
7
100
AcDbText
 10
342.5591699986178
 20
176.39999999999972
 30
0.0
 40
1.3
  1
Ремонт
  7
GOST
 11
342.5591699986178
 21
176.39999999999972
 31
0.0
100
AcDbText
  0
LWPOLYLINE
  5
353
330
17
100
AcDbEntity
  8
TEXT
 62
7
370
15
100
AcDbPolyline
 90
2
 70
0
 10
354.2736119054392
 20
178.69999999999973
 10
354.2736119054392
 20
175.39999999999972
  0
TEXT
  5
354
330
17
100
AcDbEntity
  8
TEXT
 62
7
100
AcDbText
 10
355.07361190543924
 20
176.39999999999972
 30
0.0
 40
1.3
  1
Э13
  7
GOST
 11
355.07361190543924
 21
176.39999999999972
 31
0.0
100
AcDbText
  0
LWPOLYLINE
  5
355
330
17
100
AcDbEntity
  8
TEXT
 62
7
370
15
100
AcDbPolyline
 90
2
 70
0
 10
370.86501459097985
 20
178.69999999999973
 10
370.86501459097985
 20
175.39999999999972
  0
LWPOLYLINE
  5
356
330
17
100
AcDbEntity
  8
TEXT
 62
7
370
15
100
AcDbPolyline
 90
2
 70
0
 10
413.0
 20
178.69999999999973
 10
413.0
 20
175.39999999999972
  0
LWPOLYLINE
  5
357
330
17
100
AcDbEntity
  8
TEXT
 62
7
370
15
100
AcDbPolyline
 90
4
 70
1
 10
22.0
 20
172.0999999999997
 10
413.0
 20
172.0999999999997
 10
413.0
 20
175.39999999999972
 10
22.0
 20
175.39999999999972
  0
LWPOLYLINE
  5
358
330
17
100
AcDbEntity
  8
TEXT
 62
7
370
15
100
AcDbPolyline
 90
2
 70
0
 10
22.0
 20
175.39999999999972
 10
22.0
 20
172.0999999999997
  0
TEXT
  5
359
330
17
100
AcDbEntity
  8
TEXT
 62
7
100
AcDbText
 10
22.8
 20
173.0999999999997
 30
0.0
 40
1.3
  1
25
  7
GOST
 11
22.8
 21
173.0999999999997
 31
0.0
100
AcDbText
  0
LWPOLYLINE
  5
35A
330
17
100
AcDbEntity
  8
TEXT
 62
7
370
15
100
AcDbPolyline
 90
2
 70
0
 10
29.510720083277995
 20
175.39999999999972
 10
29.510720083277995
 20
172.0999999999997
  0
TEXT
  5
35B
330
17
100
AcDbEntity
  8
TEXT
 62
7
100
AcDbText
 10
30.310720083277996
 20
173.0999999999997
 30
0.0
 40
1.3
  1
Блок питания 24 В 30 Вт для L7-1
  7
GOST
 11
30.310720083277996
 21
173.0999999999997
 31
0.0
100
AcDbText
  0
LWPOLYLINE
  5
35C
330
17
100
AcDbEntity
  8
TEXT
 62
7
370
15
100
AcDbPolyline
 90
2
 70
0
 10
151.60385746872038
 20
175.39999999999972
 10
151.60385746872038
 20
172.0999999999997
  0
TEXT
  5
35D
330
17
100
AcDbEntity
  8
TEXT
 62
7
100
AcDbText
 10
152.4038574687204
 20
173.0999999999997
 30
0.0
 40
1.3
  1
Arlight ARPV / Mean Well
  7
GOST
 11
152.4038574687204
 21
173.0999999999997
 31
0.0
100
AcDbText
  0
LWPOLYLINE
  5
35E
330
17
100
AcDbEntity
  8
TEXT
 62
7
370
15
100
AcDbPolyline
 90
2
 70
0
 10
187.3879514055768
 20
175.39999999999972
 10
187.3879514055768
 20
172.0999999999997
  0
TEXT
  5
35F
330
17
100
AcDbEntity
  8
TEXT
 62
7
100
AcDbText
 10
188.18795140557683
 20
173.0999999999997
 30
0.0
 40
1.3
  1
Arlight / Mean Well
  7
GOST
 11
188.18795140557683
 21
173.0999999999997
 31
0.0
100
AcDbText
  0
LWPOLYLINE
  5
360
330
17
100
AcDbEntity
  8
TEXT
 62
7
370
15
100
AcDbPolyline
 90
2
 70
0
 10
223.79012477186404
 20
175.39999999999972
 10
223.79012477186404
 20
172.0999999999997
  0
TEXT
  5
361
330
17
100
AcDbEntity
  8
TEXT
 62
7
100
AcDbText
 10
224.59012477186405
 20
173.0999999999997
 30
0.0
 40
1.3
  1
1
  7
GOST
 11
224.59012477186405
 21
173.0999999999997
 31
0.0
100
AcDbText
  0
LWPOLYLINE
  5
362
330
17
100
AcDbEntity
  8
TEXT
 62
7
370
15
100
AcDbPolyline
 90
2
 70
0
 10
234.42418713990168
 20
175.39999999999972
 10
234.42418713990168
 20
172.0999999999997
  0
TEXT
  5
363
330
17
100
AcDbEntity
  8
TEXT
 62
7
100
AcDbText
 10
235.2241871399017
 20
173.0999999999997
 30
0.0
 40
1.3
  1
шт
  7
GOST
 11
235.2241871399017
 21
173.0999999999997
 31
0.0
100
AcDbText
  0
LWPOLYLINE
  5
364
330
17
100
AcDbEntity
  8
TEXT
 62
7
370
15
100
AcDbPolyline
 90
2
 70
0
 10
240.62318940741787
 20
175.39999999999972
 10
240.62318940741787
 20
172.0999999999997
  0
TEXT
  5
365
330
17
100
AcDbEntity
  8
TEXT
 62
7
100
AcDbText
 10
241.42318940741788
 20
173.0999999999997
 30
0.0
 40
1.3
  1
1 500
  7
GOST
 11
241.42318940741788
 21
173.0999999999997
 31
0.0
100
AcDbText
  0
LWPOLYLINE
  5
366
330
17
100
AcDbEntity
  8
TEXT
 62
7
370
15
100
AcDbPolyline
 90
2
 70
0
 10
262.2838460923918
 20
175.39999999999972
 10
262.2838460923918
 20
172.0999999999997
  0
TEXT
  5
367
330
17
100
AcDbEntity
  8
TEXT
 62
7
100
AcDbText
 10
263.0838460923918
 20
173.0999999999997
 30
0.0
 40
1.3
  1
1 500
  7
GOST
 11
263.0838460923918
 21
173.0999999999997
 31
0.0
100
AcDbText
  0
LWPOLYLINE
  5
368
330
17
100
AcDbEntity
  8
TEXT
 62
7
370
15
100
AcDbPolyline
 90
2
 70
0
 10
275.62442313461116
 20
175.39999999999972
 10
275.62442313461116
 20
172.0999999999997
  0
TEXT
  5
369
330
17
100
AcDbEntity
  8
TEXT
 62
7
100
AcDbText
 10
276.4244231346112
 20
173.0999999999997
 30
0.0
 40
1.3
  1
R7
  7
GOST
 11
276.4244231346112
 21
173.0999999999997
 31
0.0
100
AcDbText
  0
LWPOLYLINE
  5
36A
330
17
100
AcDbEntity
  8
TEXT
 62
7
370
15
100
AcDbPolyline
 90
2
 70
0
 10
292.41886813561365
 20
175.39999999999972
 10
292.41886813561365
 20
172.0999999999997
  0
TEXT
  5
36B
330
17
100
AcDbEntity
  8
TEXT
 62
7
100
AcDbText
 10
293.21886813561366
 20
173.0999999999997
 30
0.0
 40
1.3
  1
L7-1
  7
GOST
 11
293.21886813561366
 21
173.0999999999997
 31
0.0
100
AcDbText
  0
LWPOLYLINE
  5
36C
330
17
100
AcDbEntity
  8
TEXT
 62
7
370
15
100
AcDbPolyline
 90
2
 70
0
 10
341.7591699986178
 20
175.39999999999972
 10
341.7591699986178
 20
172.0999999999997
  0
TEXT
  5
36D
330
17
100
AcDbEntity
  8
TEXT
 62
7
100
AcDbText
 10
342.5591699986178
 20
173.0999999999997
 30
0.0
 40
1.3
  1
Ремонт
  7
GOST
 11
342.5591699986178
 21
173.0999999999997
 31
0.0
100
AcDbText
  0
LWPOLYLINE
  5
36E
330
17
100
AcDbEntity
  8
TEXT
 62
7
370
15
100
AcDbPolyline
 90
2
 70
0
 10
354.2736119054392
 20
175.39999999999972
 10
354.2736119054392
 20
172.0999999999997
  0
TEXT
  5
36F
330
17
100
AcDbEntity
  8
TEXT
 62
7
100
AcDbText
 10
355.07361190543924
 20
173.0999999999997
 30
0.0
 40
1.3
  1
Э13
  7
GOST
 11
355.07361190543924
 21
173.0999999999997
 31
0.0
100
AcDbText
  0
LWPOLYLINE
  5
370
330
17
100
AcDbEntity
  8
TEXT
 62
7
370
15
100
AcDbPolyline
 90
2
 70
0
 10
370.86501459097985
 20
175.39999999999972
 10
370.86501459097985
 20
172.0999999999997
  0
TEXT
  5
371
330
17
100
AcDbEntity
  8
TEXT
 62
7
100
AcDbText
 10
371.66501459097987
 20
173.0999999999997
 30
0.0
 40
1.3
  1
20 Вт × 1,25
  7
GOST
 11
371.66501459097987
 21
173.0999999999997
 31
0.0
100
AcDbText
  0
LWPOLYLINE
  5
372
330
17
100
AcDbEntity
  8
TEXT
 62
7
370
15
100
AcDbPolyline
 90
2
 70
0
 10
413.0
 20
175.39999999999972
 10
413.0
 20
172.0999999999997
  0
LWPOLYLINE
  5
373
330
17
100
AcDbEntity
  8
TEXT
 62
7
370
15
100
AcDbPolyline
 90
4
 70
1
 10
22.0
 20
168.7999999999997
 10
413.0
 20
168.7999999999997
 10
413.0
 20
172.0999999999997
 10
22.0
 20
172.0999999999997
  0
LWPOLYLINE
  5
374
330
17
100
AcDbEntity
  8
TEXT
 62
7
370
15
100
AcDbPolyline
 90
2
 70
0
 10
22.0
 20
172.0999999999997
 10
22.0
 20
168.7999999999997
  0
TEXT
  5
375
330
17
100
AcDbEntity
  8
TEXT
 62
7
100
AcDbText
 10
22.8
 20
169.7999999999997
 30
0.0
 40
1.3
  1
26
  7
GOST
 11
22.8
 21
169.7999999999997
 31
0.0
100
AcDbText
  0
LWPOLYLINE
  5
376
330
17
100
AcDbEntity
  8
TEXT
 62
7
370
15
100
AcDbPolyline
 90
2
 70
0
 10
29.510720083277995
 20
172.0999999999997
 10
29.510720083277995
 20
168.7999999999997
  0
TEXT
  5
377
330
17
100
AcDbEntity
  8
TEXT
 62
7
100
AcDbText
 10
30.310720083277996
 20
169.7999999999997
 30
0.0
 40
1.3
  1
Лента LED 24 В 2700 K CRI ≥ 90 — LED 2700K в теневом пазу карниза буазери F41; БП 24 В в съём
  7
GOST
 11
30.310720083277996
 21
169.7999999999997
 31
0.0
100
AcDbText
  0
LWPOLYLINE
  5
378
330
17
100
AcDbEntity
  8
TEXT
 62
7
370
15
100
AcDbPolyline
 90
2
 70
0
 10
151.60385746872038
 20
172.0999999999997
 10
151.60385746872038
 20
168.7999999999997
  0
TEXT
  5
379
330
17
100
AcDbEntity
  8
TEXT
 62
7
100
AcDbText
 10
152.4038574687204
 20
169.7999999999997
 30
0.0
 40
1.3
  1
Arlight / Elektrostandard
  7
GOST
 11
152.4038574687204
 21
169.7999999999997
 31
0.0
100
AcDbText
  0
LWPOLYLINE
  5
37A
330
17
100
AcDbEntity
  8
TEXT
 62
7
370
15
100
AcDbPolyline
 90
2
 70
0
 10
187.3879514055768
 20
172.0999999999997
 10
187.3879514055768
 20
168.7999999999997
  0
TEXT
  5
37B
330
17
100
AcDbEntity
  8
TEXT
 62
7
100
AcDbText
 10
188.18795140557683
 20
169.7999999999997
 30
0.0
 40
1.3
  1
Arlight
  7
GOST
 11
188.18795140557683
 21
169.7999999999997
 31
0.0
100
AcDbText
  0
LWPOLYLINE
  5
37C
330
17
100
AcDbEntity
  8
TEXT
 62
7
370
15
100
AcDbPolyline
 90
2
 70
0
 10
223.79012477186404
 20
172.0999999999997
 10
223.79012477186404
 20
168.7999999999997
  0
TEXT
  5
37D
330
17
100
AcDbEntity
  8
TEXT
 62
7
100
AcDbText
 10
224.59012477186405
 20
169.7999999999997
 30
0.0
 40
1.3
  1
3,5
  7
GOST
 11
224.59012477186405
 21
169.7999999999997
 31
0.0
100
AcDbText
  0
LWPOLYLINE
  5
37E
330
17
100
AcDbEntity
  8
TEXT
 62
7
370
15
100
AcDbPolyline
 90
2
 70
0
 10
234.42418713990168
 20
172.0999999999997
 10
234.42418713990168
 20
168.7999999999997
  0
TEXT
  5
37F
330
17
100
AcDbEntity
  8
TEXT
 62
7
100
AcDbText
 10
235.2241871399017
 20
169.7999999999997
 30
0.0
 40
1.3
  1
м
  7
GOST
 11
235.2241871399017
 21
169.7999999999997
 31
0.0
100
AcDbText
  0
LWPOLYLINE
  5
380
330
17
100
AcDbEntity
  8
TEXT
 62
7
370
15
100
AcDbPolyline
 90
2
 70
0
 10
240.62318940741787
 20
172.0999999999997
 10
240.62318940741787
 20
168.7999999999997
  0
TEXT
  5
381
330
17
100
AcDbEntity
  8
TEXT
 62
7
100
AcDbText
 10
241.42318940741788
 20
169.7999999999997
 30
0.0
 40
1.3
  1
1 300
  7
GOST
 11
241.42318940741788
 21
169.7999999999997
 31
0.0
100
AcDbText
  0
LWPOLYLINE
  5
382
330
17
100
AcDbEntity
  8
TEXT
 62
7
370
15
100
AcDbPolyline
 90
2
 70
0
 10
262.2838460923918
 20
172.0999999999997
 10
262.2838460923918
 20
168.7999999999997
  0
TEXT
  5
383
330
17
100
AcDbEntity
  8
TEXT
 62
7
100
AcDbText
 10
263.0838460923918
 20
169.7999999999997
 30
0.0
 40
1.3
  1
4 550
  7
GOST
 11
263.0838460923918
 21
169.7999999999997
 31
0.0
100
AcDbText
  0
LWPOLYLINE
  5
384
330
17
100
AcDbEntity
  8
TEXT
 62
7
370
15
100
AcDbPolyline
 90
2
 70
0
 10
275.62442313461116
 20
172.0999999999997
 10
275.62442313461116
 20
168.7999999999997
  0
TEXT
  5
385
330
17
100
AcDbEntity
  8
TEXT
 62
7
100
AcDbText
 10
276.4244231346112
 20
169.7999999999997
 30
0.0
 40
1.3
  1
R1
  7
GOST
 11
276.4244231346112
 21
169.7999999999997
 31
0.0
100
AcDbText
  0
LWPOLYLINE
  5
386
330
17
100
AcDbEntity
  8
TEXT
 62
7
370
15
100
AcDbPolyline
 90
2
 70
0
 10
292.41886813561365
 20
172.0999999999997
 10
292.41886813561365
 20
168.7999999999997
  0
TEXT
  5
387
330
17
100
AcDbEntity
  8
TEXT
 62
7
100
AcDbText
 10
293.21886813561366
 20
169.7999999999997
 30
0.0
 40
1.3
  1
L9-1; F41; ЭО-01
  7
GOST
 11
293.21886813561366
 21
169.7999999999997
 31
0.0
100
AcDbText
  0
LWPOLYLINE
  5
388
330
17
100
AcDbEntity
  8
TEXT
 62
7
370
15
100
AcDbPolyline
 90
2
 70
0
 10
341.7591699986178
 20
172.0999999999997
 10
341.7591699986178
 20
168.7999999999997
  0
TEXT
  5
389
330
17
100
AcDbEntity
  8
TEXT
 62
7
100
AcDbText
 10
342.5591699986178
 20
169.7999999999997
 30
0.0
 40
1.3
  1
Ремонт
  7
GOST
 11
342.5591699986178
 21
169.7999999999997
 31
0.0
100
AcDbText
  0
LWPOLYLINE
  5
38A
330
17
100
AcDbEntity
  8
TEXT
 62
7
370
15
100
AcDbPolyline
 90
2
 70
0
 10
354.2736119054392
 20
172.0999999999997
 10
354.2736119054392
 20
168.7999999999997
  0
TEXT
  5
38B
330
17
100
AcDbEntity
  8
TEXT
 62
7
100
AcDbText
 10
355.07361190543924
 20
169.7999999999997
 30
0.0
 40
1.3
  1
Э13
  7
GOST
 11
355.07361190543924
 21
169.7999999999997
 31
0.0
100
AcDbText
  0
LWPOLYLINE
  5
38C
330
17
100
AcDbEntity
  8
TEXT
 62
7
370
15
100
AcDbPolyline
 90
2
 70
0
 10
370.86501459097985
 20
172.0999999999997
 10
370.86501459097985
 20
168.7999999999997
  0
TEXT
  5
38D
330
17
100
AcDbEntity
  8
TEXT
 62
7
100
AcDbText
 10
371.66501459097987
 20
169.7999999999997
 30
0.0
 40
1.3
  1
длина 2.9 м по pos→end + 10 %
  7
GOST
 11
371.66501459097987
 21
169.7999999999997
 31
0.0
100
AcDbText
  0
LWPOLYLINE
  5
38E
330
17
100
AcDbEntity
  8
TEXT
 62
7
370
15
100
AcDbPolyline
 90
2
 70
0
 10
413.0
 20
172.0999999999997
 10
413.0
 20
168.7999999999997
  0
LWPOLYLINE
  5
38F
330
17
100
AcDbEntity
  8
TEXT
 62
7
370
15
100
AcDbPolyline
 90
4
 70
1
 10
22.0
 20
165.4999999999997
 10
413.0
 20
165.4999999999997
 10
413.0
 20
168.7999999999997
 10
22.0
 20
168.7999999999997
  0
LWPOLYLINE
  5
390
330
17
100
AcDbEntity
  8
TEXT
 62
7
370
15
100
AcDbPolyline
 90
2
 70
0
 10
22.0
 20
168.7999999999997
 10
22.0
 20
165.4999999999997
  0
TEXT
  5
391
330
17
100
AcDbEntity
  8
TEXT
 62
7
100
AcDbText
 10
22.8
 20
166.4999999999997
 30
0.0
 40
1.3
  1
27
  7
GOST
 11
22.8
 21
166.4999999999997
 31
0.0
100
AcDbText
  0
LWPOLYLINE
  5
392
330
17
100
AcDbEntity
  8
TEXT
 62
7
370
15
100
AcDbPolyline
 90
2
 70
0
 10
29.510720083277995
 20
168.7999999999997
 10
29.510720083277995
 20
165.4999999999997
  0
TEXT
  5
393
330
17
100
AcDbEntity
  8
TEXT
 62
7
100
AcDbText
 10
30.310720083277996
 20
166.4999999999997
 30
0.0
 40
1.3
  1
Профиль алюминиевый с рассеивателем для L9-1
  7
GOST
 11
30.310720083277996
 21
166.4999999999997
 31
0.0
100
AcDbText
  0
LWPOLYLINE
  5
394
330
17
100
AcDbEntity
  8
TEXT
 62
7
370
15
100
AcDbPolyline
 90
2
 70
0
 10
151.60385746872038
 20
168.7999999999997
 10
151.60385746872038
 20
165.4999999999997
  0
TEXT
  5
395
330
17
100
AcDbEntity
  8
TEXT
 62
7
100
AcDbText
 10
152.4038574687204
 20
166.4999999999997
 30
0.0
 40
1.3
  1
Arlight / Elektrostandard
  7
GOST
 11
152.4038574687204
 21
166.4999999999997
 31
0.0
100
AcDbText
  0
LWPOLYLINE
  5
396
330
17
100
AcDbEntity
  8
TEXT
 62
7
370
15
100
AcDbPolyline
 90
2
 70
0
 10
187.3879514055768
 20
168.7999999999997
 10
187.3879514055768
 20
165.4999999999997
  0
TEXT
  5
397
330
17
100
AcDbEntity
  8
TEXT
 62
7
100
AcDbText
 10
188.18795140557683
 20
166.4999999999997
 30
0.0
 40
1.3
  1
Arlight
  7
GOST
 11
188.18795140557683
 21
166.4999999999997
 31
0.0
100
AcDbText
  0
LWPOLYLINE
  5
398
330
17
100
AcDbEntity
  8
TEXT
 62
7
370
15
100
AcDbPolyline
 90
2
 70
0
 10
223.79012477186404
 20
168.7999999999997
 10
223.79012477186404
 20
165.4999999999997
  0
TEXT
  5
399
330
17
100
AcDbEntity
  8
TEXT
 62
7
100
AcDbText
 10
224.59012477186405
 20
166.4999999999997
 30
0.0
 40
1.3
  1
3
  7
GOST
 11
224.59012477186405
 21
166.4999999999997
 31
0.0
100
AcDbText
  0
LWPOLYLINE
  5
39A
330
17
100
AcDbEntity
  8
TEXT
 62
7
370
15
100
AcDbPolyline
 90
2
 70
0
 10
234.42418713990168
 20
168.7999999999997
 10
234.42418713990168
 20
165.4999999999997
  0
TEXT
  5
39B
330
17
100
AcDbEntity
  8
TEXT
 62
7
100
AcDbText
 10
235.2241871399017
 20
166.4999999999997
 30
0.0
 40
1.3
  1
м
  7
GOST
 11
235.2241871399017
 21
166.4999999999997
 31
0.0
100
AcDbText
  0
LWPOLYLINE
  5
39C
330
17
100
AcDbEntity
  8
TEXT
 62
7
370
15
100
AcDbPolyline
 90
2
 70
0
 10
240.62318940741787
 20
168.7999999999997
 10
240.62318940741787
 20
165.4999999999997
  0
TEXT
  5
39D
330
17
100
AcDbEntity
  8
TEXT
 62
7
100
AcDbText
 10
241.42318940741788
 20
166.4999999999997
 30
0.0
 40
1.3
  1
900
  7
GOST
 11
241.42318940741788
 21
166.4999999999997
 31
0.0
100
AcDbText
  0
LWPOLYLINE
  5
39E
330
17
100
AcDbEntity
  8
TEXT
 62
7
370
15
100
AcDbPolyline
 90
2
 70
0
 10
262.2838460923918
 20
168.7999999999997
 10
262.2838460923918
 20
165.4999999999997
  0
TEXT
  5
39F
330
17
100
AcDbEntity
  8
TEXT
 62
7
100
AcDbText
 10
263.0838460923918
 20
166.4999999999997
 30
0.0
 40
1.3
  1
2 700
  7
GOST
 11
263.0838460923918
 21
166.4999999999997
 31
0.0
100
AcDbText
  0
LWPOLYLINE
  5
3A0
330
17
100
AcDbEntity
  8
TEXT
 62
7
370
15
100
AcDbPolyline
 90
2
 70
0
 10
275.62442313461116
 20
168.7999999999997
 10
275.62442313461116
 20
165.4999999999997
  0
TEXT
  5
3A1
330
17
100
AcDbEntity
  8
TEXT
 62
7
100
AcDbText
 10
276.4244231346112
 20
166.4999999999997
 30
0.0
 40
1.3
  1
R1
  7
GOST
 11
276.4244231346112
 21
166.4999999999997
 31
0.0
100
AcDbText
  0
LWPOLYLINE
  5
3A2
330
17
100
AcDbEntity
  8
TEXT
 62
7
370
15
100
AcDbPolyline
 90
2
 70
0
 10
292.41886813561365
 20
168.7999999999997
 10
292.41886813561365
 20
165.4999999999997
  0
TEXT
  5
3A3
330
17
100
AcDbEntity
  8
TEXT
 62
7
100
AcDbText
 10
293.21886813561366
 20
166.4999999999997
 30
0.0
 40
1.3
  1
L9-1
  7
GOST
 11
293.21886813561366
 21
166.4999999999997
 31
0.0
100
AcDbText
  0
LWPOLYLINE
  5
3A4
330
17
100
AcDbEntity
  8
TEXT
 62
7
370
15
100
AcDbPolyline
 90
2
 70
0
 10
341.7591699986178
 20
168.7999999999997
 10
341.7591699986178
 20
165.4999999999997
  0
TEXT
  5
3A5
330
17
100
AcDbEntity
  8
TEXT
 62
7
100
AcDbText
 10
342.5591699986178
 20
166.4999999999997
 30
0.0
 40
1.3
  1
Ремонт
  7
GOST
 11
342.5591699986178
 21
166.4999999999997
 31
0.0
100
AcDbText
  0
LWPOLYLINE
  5
3A6
330
17
100
AcDbEntity
  8
TEXT
 62
7
370
15
100
AcDbPolyline
 90
2
 70
0
 10
354.2736119054392
 20
168.7999999999997
 10
354.2736119054392
 20
165.4999999999997
  0
TEXT
  5
3A7
330
17
100
AcDbEntity
  8
TEXT
 62
7
100
AcDbText
 10
355.07361190543924
 20
166.4999999999997
 30
0.0
 40
1.3
  1
Э13
  7
GOST
 11
355.07361190543924
 21
166.4999999999997
 31
0.0
100
AcDbText
  0
LWPOLYLINE
  5
3A8
330
17
100
AcDbEntity
  8
TEXT
 62
7
370
15
100
AcDbPolyline
 90
2
 70
0
 10
370.86501459097985
 20
168.7999999999997
 10
370.86501459097985
 20
165.4999999999997
  0
LWPOLYLINE
  5
3A9
330
17
100
AcDbEntity
  8
TEXT
 62
7
370
15
100
AcDbPolyline
 90
2
 70
0
 10
413.0
 20
168.7999999999997
 10
413.0
 20
165.4999999999997
  0
LWPOLYLINE
  5
3AA
330
17
100
AcDbEntity
  8
TEXT
 62
7
370
15
100
AcDbPolyline
 90
4
 70
1
 10
22.0
 20
162.19999999999968
 10
413.0
 20
162.19999999999968
 10
413.0
 20
165.4999999999997
 10
22.0
 20
165.4999999999997
  0
LWPOLYLINE
  5
3AB
330
17
100
AcDbEntity
  8
TEXT
 62
7
370
15
100
AcDbPolyline
 90
2
 70
0
 10
22.0
 20
165.4999999999997
 10
22.0
 20
162.19999999999968
  0
TEXT
  5
3AC
330
17
100
AcDbEntity
  8
TEXT
 62
7
100
AcDbText
 10
22.8
 20
163.19999999999968
 30
0.0
 40
1.3
  1
28
  7
GOST
 11
22.8
 21
163.19999999999968
 31
0.0
100
AcDbText
  0
LWPOLYLINE
  5
3AD
330
17
100
AcDbEntity
  8
TEXT
 62
7
370
15
100
AcDbPolyline
 90
2
 70
0
 10
29.510720083277995
 20
165.4999999999997
 10
29.510720083277995
 20
162.19999999999968
  0
TEXT
  5
3AE
330
17
100
AcDbEntity
  8
TEXT
 62
7
100
AcDbText
 10
30.310720083277996
 20
163.19999999999968
 30
0.0
 40
1.3
  1
Блок питания 24 В 60 Вт для L9-1
  7
GOST
 11
30.310720083277996
 21
163.19999999999968
 31
0.0
100
AcDbText
  0
LWPOLYLINE
  5
3AF
330
17
100
AcDbEntity
  8
TEXT
 62
7
370
15
100
AcDbPolyline
 90
2
 70
0
 10
151.60385746872038
 20
165.4999999999997
 10
151.60385746872038
 20
162.19999999999968
  0
TEXT
  5
3B0
330
17
100
AcDbEntity
  8
TEXT
 62
7
100
AcDbText
 10
152.4038574687204
 20
163.19999999999968
 30
0.0
 40
1.3
  1
Arlight ARPV / Mean Well
  7
GOST
 11
152.4038574687204
 21
163.19999999999968
 31
0.0
100
AcDbText
  0
LWPOLYLINE
  5
3B1
330
17
100
AcDbEntity
  8
TEXT
 62
7
370
15
100
AcDbPolyline
 90
2
 70
0
 10
187.3879514055768
 20
165.4999999999997
 10
187.3879514055768
 20
162.19999999999968
  0
TEXT
  5
3B2
330
17
100
AcDbEntity
  8
TEXT
 62
7
100
AcDbText
 10
188.18795140557683
 20
163.19999999999968
 30
0.0
 40
1.3
  1
Arlight / Mean Well
  7
GOST
 11
188.18795140557683
 21
163.19999999999968
 31
0.0
100
AcDbText
  0
LWPOLYLINE
  5
3B3
330
17
100
AcDbEntity
  8
TEXT
 62
7
370
15
100
AcDbPolyline
 90
2
 70
0
 10
223.79012477186404
 20
165.4999999999997
 10
223.79012477186404
 20
162.19999999999968
  0
TEXT
  5
3B4
330
17
100
AcDbEntity
  8
TEXT
 62
7
100
AcDbText
 10
224.59012477186405
 20
163.19999999999968
 30
0.0
 40
1.3
  1
1
  7
GOST
 11
224.59012477186405
 21
163.19999999999968
 31
0.0
100
AcDbText
  0
LWPOLYLINE
  5
3B5
330
17
100
AcDbEntity
  8
TEXT
 62
7
370
15
100
AcDbPolyline
 90
2
 70
0
 10
234.42418713990168
 20
165.4999999999997
 10
234.42418713990168
 20
162.19999999999968
  0
TEXT
  5
3B6
330
17
100
AcDbEntity
  8
TEXT
 62
7
100
AcDbText
 10
235.2241871399017
 20
163.19999999999968
 30
0.0
 40
1.3
  1
шт
  7
GOST
 11
235.2241871399017
 21
163.19999999999968
 31
0.0
100
AcDbText
  0
LWPOLYLINE
  5
3B7
330
17
100
AcDbEntity
  8
TEXT
 62
7
370
15
100
AcDbPolyline
 90
2
 70
0
 10
240.62318940741787
 20
165.4999999999997
 10
240.62318940741787
 20
162.19999999999968
  0
TEXT
  5
3B8
330
17
100
AcDbEntity
  8
TEXT
 62
7
100
AcDbText
 10
241.42318940741788
 20
163.19999999999968
 30
0.0
 40
1.3
  1
2 200
  7
GOST
 11
241.42318940741788
 21
163.19999999999968
 31
0.0
100
AcDbText
  0
LWPOLYLINE
  5
3B9
330
17
100
AcDbEntity
  8
TEXT
 62
7
370
15
100
AcDbPolyline
 90
2
 70
0
 10
262.2838460923918
 20
165.4999999999997
 10
262.2838460923918
 20
162.19999999999968
  0
TEXT
  5
3BA
330
17
100
AcDbEntity
  8
TEXT
 62
7
100
AcDbText
 10
263.0838460923918
 20
163.19999999999968
 30
0.0
 40
1.3
  1
2 200
  7
GOST
 11
263.0838460923918
 21
163.19999999999968
 31
0.0
100
AcDbText
  0
LWPOLYLINE
  5
3BB
330
17
100
AcDbEntity
  8
TEXT
 62
7
370
15
100
AcDbPolyline
 90
2
 70
0
 10
275.62442313461116
 20
165.4999999999997
 10
275.62442313461116
 20
162.19999999999968
  0
TEXT
  5
3BC
330
17
100
AcDbEntity
  8
TEXT
 62
7
100
AcDbText
 10
276.4244231346112
 20
163.19999999999968
 30
0.0
 40
1.3
  1
R1
  7
GOST
 11
276.4244231346112
 21
163.19999999999968
 31
0.0
100
AcDbText
  0
LWPOLYLINE
  5
3BD
330
17
100
AcDbEntity
  8
TEXT
 62
7
370
15
100
AcDbPolyline
 90
2
 70
0
 10
292.41886813561365
 20
165.4999999999997
 10
292.41886813561365
 20
162.19999999999968
  0
TEXT
  5
3BE
330
17
100
AcDbEntity
  8
TEXT
 62
7
100
AcDbText
 10
293.21886813561366
 20
163.19999999999968
 30
0.0
 40
1.3
  1
L9-1
  7
GOST
 11
293.21886813561366
 21
163.19999999999968
 31
0.0
100
AcDbText
  0
LWPOLYLINE
  5
3BF
330
17
100
AcDbEntity
  8
TEXT
 62
7
370
15
100
AcDbPolyline
 90
2
 70
0
 10
341.7591699986178
 20
165.4999999999997
 10
341.7591699986178
 20
162.19999999999968
  0
TEXT
  5
3C0
330
17
100
AcDbEntity
  8
TEXT
 62
7
100
AcDbText
 10
342.5591699986178
 20
163.19999999999968
 30
0.0
 40
1.3
  1
Ремонт
  7
GOST
 11
342.5591699986178
 21
163.19999999999968
 31
0.0
100
AcDbText
  0
LWPOLYLINE
  5
3C1
330
17
100
AcDbEntity
  8
TEXT
 62
7
370
15
100
AcDbPolyline
 90
2
 70
0
 10
354.2736119054392
 20
165.4999999999997
 10
354.2736119054392
 20
162.19999999999968
  0
TEXT
  5
3C2
330
17
100
AcDbEntity
  8
TEXT
 62
7
100
AcDbText
 10
355.07361190543924
 20
163.19999999999968
 30
0.0
 40
1.3
  1
Э13
  7
GOST
 11
355.07361190543924
 21
163.19999999999968
 31
0.0
100
AcDbText
  0
LWPOLYLINE
  5
3C3
330
17
100
AcDbEntity
  8
TEXT
 62
7
370
15
100
AcDbPolyline
 90
2
 70
0
 10
370.86501459097985
 20
165.4999999999997
 10
370.86501459097985
 20
162.19999999999968
  0
TEXT
  5
3C4
330
17
100
AcDbEntity
  8
TEXT
 62
7
100
AcDbText
 10
371.66501459097987
 20
163.19999999999968
 30
0.0
 40
1.3
  1
30 Вт × 1,25
  7
GOST
 11
371.66501459097987
 21
163.19999999999968
 31
0.0
100
AcDbText
  0
LWPOLYLINE
  5
3C5
330
17
100
AcDbEntity
  8
TEXT
 62
7
370
15
100
AcDbPolyline
 90
2
 70
0
 10
413.0
 20
165.4999999999997
 10
413.0
 20
162.19999999999968
  0
LWPOLYLINE
  5
3C6
330
17
100
AcDbEntity
  8
TEXT
 62
7
370
15
100
AcDbPolyline
 90
4
 70
1
 10
22.0
 20
158.89999999999966
 10
413.0
 20
158.89999999999966
 10
413.0
 20
162.19999999999968
 10
22.0
 20
162.19999999999968
  0
LWPOLYLINE
  5
3C7
330
17
100
AcDbEntity
  8
TEXT
 62
7
370
15
100
AcDbPolyline
 90
2
 70
0
 10
22.0
 20
162.19999999999968
 10
22.0
 20
158.89999999999966
  0
TEXT
  5
3C8
330
17
100
AcDbEntity
  8
TEXT
 62
7
100
AcDbText
 10
22.8
 20
159.89999999999966
 30
0.0
 40
1.3
  1
29
  7
GOST
 11
22.8
 21
159.89999999999966
 31
0.0
100
AcDbText
  0
LWPOLYLINE
  5
3C9
330
17
100
AcDbEntity
  8
TEXT
 62
7
370
15
100
AcDbPolyline
 90
2
 70
0
 10
29.510720083277995
 20
162.19999999999968
 10
29.510720083277995
 20
158.89999999999966
  0
TEXT
  5
3CA
330
17
100
AcDbEntity
  8
TEXT
 62
7
100
AcDbText
 10
30.310720083277996
 20
159.89999999999966
 30
0.0
 40
1.3
  1
Лента LED 24 В 2700 K CRI ≥ 90 — LED 2700K в карнизе по кромке ниши шторы CN-1
  7
GOST
 11
30.310720083277996
 21
159.89999999999966
 31
0.0
100
AcDbText
  0
LWPOLYLINE
  5
3CB
330
17
100
AcDbEntity
  8
TEXT
 62
7
370
15
100
AcDbPolyline
 90
2
 70
0
 10
151.60385746872038
 20
162.19999999999968
 10
151.60385746872038
 20
158.89999999999966
  0
TEXT
  5
3CC
330
17
100
AcDbEntity
  8
TEXT
 62
7
100
AcDbText
 10
152.4038574687204
 20
159.89999999999966
 30
0.0
 40
1.3
  1
Arlight / Elektrostandard
  7
GOST
 11
152.4038574687204
 21
159.89999999999966
 31
0.0
100
AcDbText
  0
LWPOLYLINE
  5
3CD
330
17
100
AcDbEntity
  8
TEXT
 62
7
370
15
100
AcDbPolyline
 90
2
 70
0
 10
187.3879514055768
 20
162.19999999999968
 10
187.3879514055768
 20
158.89999999999966
  0
TEXT
  5
3CE
330
17
100
AcDbEntity
  8
TEXT
 62
7
100
AcDbText
 10
188.18795140557683
 20
159.89999999999966
 30
0.0
 40
1.3
  1
Arlight
  7
GOST
 11
188.18795140557683
 21
159.89999999999966
 31
0.0
100
AcDbText
  0
LWPOLYLINE
  5
3CF
330
17
100
AcDbEntity
  8
TEXT
 62
7
370
15
100
AcDbPolyline
 90
2
 70
0
 10
223.79012477186404
 20
162.19999999999968
 10
223.79012477186404
 20
158.89999999999966
  0
TEXT
  5
3D0
330
17
100
AcDbEntity
  8
TEXT
 62
7
100
AcDbText
 10
224.59012477186405
 20
159.89999999999966
 30
0.0
 40
1.3
  1
4
  7
GOST
 11
224.59012477186405
 21
159.89999999999966
 31
0.0
100
AcDbText
  0
LWPOLYLINE
  5
3D1
330
17
100
AcDbEntity
  8
TEXT
 62
7
370
15
100
AcDbPolyline
 90
2
 70
0
 10
234.42418713990168
 20
162.19999999999968
 10
234.42418713990168
 20
158.89999999999966
  0
TEXT
  5
3D2
330
17
100
AcDbEntity
  8
TEXT
 62
7
100
AcDbText
 10
235.2241871399017
 20
159.89999999999966
 30
0.0
 40
1.3
  1
м
  7
GOST
 11
235.2241871399017
 21
159.89999999999966
 31
0.0
100
AcDbText
  0
LWPOLYLINE
  5
3D3
330
17
100
AcDbEntity
  8
TEXT
 62
7
370
15
100
AcDbPolyline
 90
2
 70
0
 10
240.62318940741787
 20
162.19999999999968
 10
240.62318940741787
 20
158.89999999999966
  0
TEXT
  5
3D4
330
17
100
AcDbEntity
  8
TEXT
 62
7
100
AcDbText
 10
241.42318940741788
 20
159.89999999999966
 30
0.0
 40
1.3
  1
1 300
  7
GOST
 11
241.42318940741788
 21
159.89999999999966
 31
0.0
100
AcDbText
  0
LWPOLYLINE
  5
3D5
330
17
100
AcDbEntity
  8
TEXT
 62
7
370
15
100
AcDbPolyline
 90
2
 70
0
 10
262.2838460923918
 20
162.19999999999968
 10
262.2838460923918
 20
158.89999999999966
  0
TEXT
  5
3D6
330
17
100
AcDbEntity
  8
TEXT
 62
7
100
AcDbText
 10
263.0838460923918
 20
159.89999999999966
 30
0.0
 40
1.3
  1
5 200
  7
GOST
 11
263.0838460923918
 21
159.89999999999966
 31
0.0
100
AcDbText
  0
LWPOLYLINE
  5
3D7
330
17
100
AcDbEntity
  8
TEXT
 62
7
370
15
100
AcDbPolyline
 90
2
 70
0
 10
275.62442313461116
 20
162.19999999999968
 10
275.62442313461116
 20
158.89999999999966
  0
TEXT
  5
3D8
330
17
100
AcDbEntity
  8
TEXT
 62
7
100
AcDbText
 10
276.4244231346112
 20
159.89999999999966
 30
0.0
 40
1.3
  1
R1
  7
GOST
 11
276.4244231346112
 21
159.89999999999966
 31
0.0
100
AcDbText
  0
LWPOLYLINE
  5
3D9
330
17
100
AcDbEntity
  8
TEXT
 62
7
370
15
100
AcDbPolyline
 90
2
 70
0
 10
292.41886813561365
 20
162.19999999999968
 10
292.41886813561365
 20
158.89999999999966
  0
TEXT
  5
3DA
330
17
100
AcDbEntity
  8
TEXT
 62
7
100
AcDbText
 10
293.21886813561366
 20
159.89999999999966
 30
0.0
 40
1.3
  1
L10-1; ЭО-01
  7
GOST
 11
293.21886813561366
 21
159.89999999999966
 31
0.0
100
AcDbText
  0
LWPOLYLINE
  5
3DB
330
17
100
AcDbEntity
  8
TEXT
 62
7
370
15
100
AcDbPolyline
 90
2
 70
0
 10
341.7591699986178
 20
162.19999999999968
 10
341.7591699986178
 20
158.89999999999966
  0
TEXT
  5
3DC
330
17
100
AcDbEntity
  8
TEXT
 62
7
100
AcDbText
 10
342.5591699986178
 20
159.89999999999966
 30
0.0
 40
1.3
  1
Ремонт
  7
GOST
 11
342.5591699986178
 21
159.89999999999966
 31
0.0
100
AcDbText
  0
LWPOLYLINE
  5
3DD
330
17
100
AcDbEntity
  8
TEXT
 62
7
370
15
100
AcDbPolyline
 90
2
 70
0
 10
354.2736119054392
 20
162.19999999999968
 10
354.2736119054392
 20
158.89999999999966
  0
TEXT
  5
3DE
330
17
100
AcDbEntity
  8
TEXT
 62
7
100
AcDbText
 10
355.07361190543924
 20
159.89999999999966
 30
0.0
 40
1.3
  1
Э13
  7
GOST
 11
355.07361190543924
 21
159.89999999999966
 31
0.0
100
AcDbText
  0
LWPOLYLINE
  5
3DF
330
17
100
AcDbEntity
  8
TEXT
 62
7
370
15
100
AcDbPolyline
 90
2
 70
0
 10
370.86501459097985
 20
162.19999999999968
 10
370.86501459097985
 20
158.89999999999966
  0
TEXT
  5
3E0
330
17
100
AcDbEntity
  8
TEXT
 62
7
100
AcDbText
 10
371.66501459097987
 20
159.89999999999966
 30
0.0
 40
1.3
  1
длина 3.38 м по pos→end + 10 %
  7
GOST
 11
371.66501459097987
 21
159.89999999999966
 31
0.0
100
AcDbText
  0
LWPOLYLINE
  5
3E1
330
17
100
AcDbEntity
  8
TEXT
 62
7
370
15
100
AcDbPolyline
 90
2
 70
0
 10
413.0
 20
162.19999999999968
 10
413.0
 20
158.89999999999966
  0
LWPOLYLINE
  5
3E2
330
17
100
AcDbEntity
  8
TEXT
 62
7
370
15
100
AcDbPolyline
 90
4
 70
1
 10
22.0
 20
155.59999999999965
 10
413.0
 20
155.59999999999965
 10
413.0
 20
158.89999999999966
 10
22.0
 20
158.89999999999966
  0
LWPOLYLINE
  5
3E3
330
17
100
AcDbEntity
  8
TEXT
 62
7
370
15
100
AcDbPolyline
 90
2
 70
0
 10
22.0
 20
158.89999999999966
 10
22.0
 20
155.59999999999965
  0
TEXT
  5
3E4
330
17
100
AcDbEntity
  8
TEXT
 62
7
100
AcDbText
 10
22.8
 20
156.59999999999965
 30
0.0
 40
1.3
  1
30
  7
GOST
 11
22.8
 21
156.59999999999965
 31
0.0
100
AcDbText
  0
LWPOLYLINE
  5
3E5
330
17
100
AcDbEntity
  8
TEXT
 62
7
370
15
100
AcDbPolyline
 90
2
 70
0
 10
29.510720083277995
 20
158.89999999999966
 10
29.510720083277995
 20
155.59999999999965
  0
TEXT
  5
3E6
330
17
100
AcDbEntity
  8
TEXT
 62
7
100
AcDbText
 10
30.310720083277996
 20
156.59999999999965
 30
0.0
 40
1.3
  1
Профиль алюминиевый с рассеивателем для L10-1
  7
GOST
 11
30.310720083277996
 21
156.59999999999965
 31
0.0
100
AcDbText
  0
LWPOLYLINE
  5
3E7
330
17
100
AcDbEntity
  8
TEXT
 62
7
370
15
100
AcDbPolyline
 90
2
 70
0
 10
151.60385746872038
 20
158.89999999999966
 10
151.60385746872038
 20
155.59999999999965
  0
TEXT
  5
3E8
330
17
100
AcDbEntity
  8
TEXT
 62
7
100
AcDbText
 10
152.4038574687204
 20
156.59999999999965
 30
0.0
 40
1.3
  1
Arlight / Elektrostandard
  7
GOST
 11
152.4038574687204
 21
156.59999999999965
 31
0.0
100
AcDbText
  0
LWPOLYLINE
  5
3E9
330
17
100
AcDbEntity
  8
TEXT
 62
7
370
15
100
AcDbPolyline
 90
2
 70
0
 10
187.3879514055768
 20
158.89999999999966
 10
187.3879514055768
 20
155.59999999999965
  0
TEXT
  5
3EA
330
17
100
AcDbEntity
  8
TEXT
 62
7
100
AcDbText
 10
188.18795140557683
 20
156.59999999999965
 30
0.0
 40
1.3
  1
Arlight
  7
GOST
 11
188.18795140557683
 21
156.59999999999965
 31
0.0
100
AcDbText
  0
LWPOLYLINE
  5
3EB
330
17
100
AcDbEntity
  8
TEXT
 62
7
370
15
100
AcDbPolyline
 90
2
 70
0
 10
223.79012477186404
 20
158.89999999999966
 10
223.79012477186404
 20
155.59999999999965
  0
TEXT
  5
3EC
330
17
100
AcDbEntity
  8
TEXT
 62
7
100
AcDbText
 10
224.59012477186405
 20
156.59999999999965
 30
0.0
 40
1.3
  1
4
  7
GOST
 11
224.59012477186405
 21
156.59999999999965
 31
0.0
100
AcDbText
  0
LWPOLYLINE
  5
3ED
330
17
100
AcDbEntity
  8
TEXT
 62
7
370
15
100
AcDbPolyline
 90
2
 70
0
 10
234.42418713990168
 20
158.89999999999966
 10
234.42418713990168
 20
155.59999999999965
  0
TEXT
  5
3EE
330
17
100
AcDbEntity
  8
TEXT
 62
7
100
AcDbText
 10
235.2241871399017
 20
156.59999999999965
 30
0.0
 40
1.3
  1
м
  7
GOST
 11
235.2241871399017
 21
156.59999999999965
 31
0.0
100
AcDbText
  0
LWPOLYLINE
  5
3EF
330
17
100
AcDbEntity
  8
TEXT
 62
7
370
15
100
AcDbPolyline
 90
2
 70
0
 10
240.62318940741787
 20
158.89999999999966
 10
240.62318940741787
 20
155.59999999999965
  0
TEXT
  5
3F0
330
17
100
AcDbEntity
  8
TEXT
 62
7
100
AcDbText
 10
241.42318940741788
 20
156.59999999999965
 30
0.0
 40
1.3
  1
900
  7
GOST
 11
241.42318940741788
 21
156.59999999999965
 31
0.0
100
AcDbText
  0
LWPOLYLINE
  5
3F1
330
17
100
AcDbEntity
  8
TEXT
 62
7
370
15
100
AcDbPolyline
 90
2
 70
0
 10
262.2838460923918
 20
158.89999999999966
 10
262.2838460923918
 20
155.59999999999965
  0
TEXT
  5
3F2
330
17
100
AcDbEntity
  8
TEXT
 62
7
100
AcDbText
 10
263.0838460923918
 20
156.59999999999965
 30
0.0
 40
1.3
  1
3 600
  7
GOST
 11
263.0838460923918
 21
156.59999999999965
 31
0.0
100
AcDbText
  0
LWPOLYLINE
  5
3F3
330
17
100
AcDbEntity
  8
TEXT
 62
7
370
15
100
AcDbPolyline
 90
2
 70
0
 10
275.62442313461116
 20
158.89999999999966
 10
275.62442313461116
 20
155.59999999999965
  0
TEXT
  5
3F4
330
17
100
AcDbEntity
  8
TEXT
 62
7
100
AcDbText
 10
276.4244231346112
 20
156.59999999999965
 30
0.0
 40
1.3
  1
R1
  7
GOST
 11
276.4244231346112
 21
156.59999999999965
 31
0.0
100
AcDbText
  0
LWPOLYLINE
  5
3F5
330
17
100
AcDbEntity
  8
TEXT
 62
7
370
15
100
AcDbPolyline
 90
2
 70
0
 10
292.41886813561365
 20
158.89999999999966
 10
292.41886813561365
 20
155.59999999999965
  0
TEXT
  5
3F6
330
17
100
AcDbEntity
  8
TEXT
 62
7
100
AcDbText
 10
293.21886813561366
 20
156.59999999999965
 30
0.0
 40
1.3
  1
L10-1
  7
GOST
 11
293.21886813561366
 21
156.59999999999965
 31
0.0
100
AcDbText
  0
LWPOLYLINE
  5
3F7
330
17
100
AcDbEntity
  8
TEXT
 62
7
370
15
100
AcDbPolyline
 90
2
 70
0
 10
341.7591699986178
 20
158.89999999999966
 10
341.7591699986178
 20
155.59999999999965
  0
TEXT
  5
3F8
330
17
100
AcDbEntity
  8
TEXT
 62
7
100
AcDbText
 10
342.5591699986178
 20
156.59999999999965
 30
0.0
 40
1.3
  1
Ремонт
  7
GOST
 11
342.5591699986178
 21
156.59999999999965
 31
0.0
100
AcDbText
  0
LWPOLYLINE
  5
3F9
330
17
100
AcDbEntity
  8
TEXT
 62
7
370
15
100
AcDbPolyline
 90
2
 70
0
 10
354.2736119054392
 20
158.89999999999966
 10
354.2736119054392
 20
155.59999999999965
  0
TEXT
  5
3FA
330
17
100
AcDbEntity
  8
TEXT
 62
7
100
AcDbText
 10
355.07361190543924
 20
156.59999999999965
 30
0.0
 40
1.3
  1
Э13
  7
GOST
 11
355.07361190543924
 21
156.59999999999965
 31
0.0
100
AcDbText
  0
LWPOLYLINE
  5
3FB
330
17
100
AcDbEntity
  8
TEXT
 62
7
370
15
100
AcDbPolyline
 90
2
 70
0
 10
370.86501459097985
 20
158.89999999999966
 10
370.86501459097985
 20
155.59999999999965
  0
LWPOLYLINE
  5
3FC
330
17
100
AcDbEntity
  8
TEXT
 62
7
370
15
100
AcDbPolyline
 90
2
 70
0
 10
413.0
 20
158.89999999999966
 10
413.0
 20
155.59999999999965
  0
LWPOLYLINE
  5
3FD
330
17
100
AcDbEntity
  8
TEXT
 62
7
370
15
100
AcDbPolyline
 90
4
 70
1
 10
22.0
 20
152.29999999999964
 10
413.0
 20
152.29999999999964
 10
413.0
 20
155.59999999999965
 10
22.0
 20
155.59999999999965
  0
LWPOLYLINE
  5
3FE
330
17
100
AcDbEntity
  8
TEXT
 62
7
370
15
100
AcDbPolyline
 90
2
 70
0
 10
22.0
 20
155.59999999999965
 10
22.0
 20
152.29999999999964
  0
TEXT
  5
3FF
330
17
100
AcDbEntity
  8
TEXT
 62
7
100
AcDbText
 10
22.8
 20
153.29999999999964
 30
0.0
 40
1.3
  1
31
  7
GOST
 11
22.8
 21
153.29999999999964
 31
0.0
100
AcDbText
  0
LWPOLYLINE
  5
400
330
17
100
AcDbEntity
  8
TEXT
 62
7
370
15
100
AcDbPolyline
 90
2
 70
0
 10
29.510720083277995
 20
155.59999999999965
 10
29.510720083277995
 20
152.29999999999964
  0
TEXT
  5
401
330
17
100
AcDbEntity
  8
TEXT
 62
7
100
AcDbText
 10
30.310720083277996
 20
153.29999999999964
 30
0.0
 40
1.3
  1
Блок питания 24 В 100 Вт для L10-1
  7
GOST
 11
30.310720083277996
 21
153.29999999999964
 31
0.0
100
AcDbText
  0
LWPOLYLINE
  5
402
330
17
100
AcDbEntity
  8
TEXT
 62
7
370
15
100
AcDbPolyline
 90
2
 70
0
 10
151.60385746872038
 20
155.59999999999965
 10
151.60385746872038
 20
152.29999999999964
  0
TEXT
  5
403
330
17
100
AcDbEntity
  8
TEXT
 62
7
100
AcDbText
 10
152.4038574687204
 20
153.29999999999964
 30
0.0
 40
1.3
  1
Arlight ARPV / Mean Well
  7
GOST
 11
152.4038574687204
 21
153.29999999999964
 31
0.0
100
AcDbText
  0
LWPOLYLINE
  5
404
330
17
100
AcDbEntity
  8
TEXT
 62
7
370
15
100
AcDbPolyline
 90
2
 70
0
 10
187.3879514055768
 20
155.59999999999965
 10
187.3879514055768
 20
152.29999999999964
  0
TEXT
  5
405
330
17
100
AcDbEntity
  8
TEXT
 62
7
100
AcDbText
 10
188.18795140557683
 20
153.29999999999964
 30
0.0
 40
1.3
  1
Arlight / Mean Well
  7
GOST
 11
188.18795140557683
 21
153.29999999999964
 31
0.0
100
AcDbText
  0
LWPOLYLINE
  5
406
330
17
100
AcDbEntity
  8
TEXT
 62
7
370
15
100
AcDbPolyline
 90
2
 70
0
 10
223.79012477186404
 20
155.59999999999965
 10
223.79012477186404
 20
152.29999999999964
  0
TEXT
  5
407
330
17
100
AcDbEntity
  8
TEXT
 62
7
100
AcDbText
 10
224.59012477186405
 20
153.29999999999964
 30
0.0
 40
1.3
  1
1
  7
GOST
 11
224.59012477186405
 21
153.29999999999964
 31
0.0
100
AcDbText
  0
LWPOLYLINE
  5
408
330
17
100
AcDbEntity
  8
TEXT
 62
7
370
15
100
AcDbPolyline
 90
2
 70
0
 10
234.42418713990168
 20
155.59999999999965
 10
234.42418713990168
 20
152.29999999999964
  0
TEXT
  5
409
330
17
100
AcDbEntity
  8
TEXT
 62
7
100
AcDbText
 10
235.2241871399017
 20
153.29999999999964
 30
0.0
 40
1.3
  1
шт
  7
GOST
 11
235.2241871399017
 21
153.29999999999964
 31
0.0
100
AcDbText
  0
LWPOLYLINE
  5
40A
330
17
100
AcDbEntity
  8
TEXT
 62
7
370
15
100
AcDbPolyline
 90
2
 70
0
 10
240.62318940741787
 20
155.59999999999965
 10
240.62318940741787
 20
152.29999999999964
  0
TEXT
  5
40B
330
17
100
AcDbEntity
  8
TEXT
 62
7
100
AcDbText
 10
241.42318940741788
 20
153.29999999999964
 30
0.0
 40
1.3
  1
3 000
  7
GOST
 11
241.42318940741788
 21
153.29999999999964
 31
0.0
100
AcDbText
  0
LWPOLYLINE
  5
40C
330
17
100
AcDbEntity
  8
TEXT
 62
7
370
15
100
AcDbPolyline
 90
2
 70
0
 10
262.2838460923918
 20
155.59999999999965
 10
262.2838460923918
 20
152.29999999999964
  0
TEXT
  5
40D
330
17
100
AcDbEntity
  8
TEXT
 62
7
100
AcDbText
 10
263.0838460923918
 20
153.29999999999964
 30
0.0
 40
1.3
  1
3 000
  7
GOST
 11
263.0838460923918
 21
153.29999999999964
 31
0.0
100
AcDbText
  0
LWPOLYLINE
  5
40E
330
17
100
AcDbEntity
  8
TEXT
 62
7
370
15
100
AcDbPolyline
 90
2
 70
0
 10
275.62442313461116
 20
155.59999999999965
 10
275.62442313461116
 20
152.29999999999964
  0
TEXT
  5
40F
330
17
100
AcDbEntity
  8
TEXT
 62
7
100
AcDbText
 10
276.4244231346112
 20
153.29999999999964
 30
0.0
 40
1.3
  1
R1
  7
GOST
 11
276.4244231346112
 21
153.29999999999964
 31
0.0
100
AcDbText
  0
LWPOLYLINE
  5
410
330
17
100
AcDbEntity
  8
TEXT
 62
7
370
15
100
AcDbPolyline
 90
2
 70
0
 10
292.41886813561365
 20
155.59999999999965
 10
292.41886813561365
 20
152.29999999999964
  0
TEXT
  5
411
330
17
100
AcDbEntity
  8
TEXT
 62
7
100
AcDbText
 10
293.21886813561366
 20
153.29999999999964
 30
0.0
 40
1.3
  1
L10-1
  7
GOST
 11
293.21886813561366
 21
153.29999999999964
 31
0.0
100
AcDbText
  0
LWPOLYLINE
  5
412
330
17
100
AcDbEntity
  8
TEXT
 62
7
370
15
100
AcDbPolyline
 90
2
 70
0
 10
341.7591699986178
 20
155.59999999999965
 10
341.7591699986178
 20
152.29999999999964
  0
TEXT
  5
413
330
17
100
AcDbEntity
  8
TEXT
 62
7
100
AcDbText
 10
342.5591699986178
 20
153.29999999999964
 30
0.0
 40
1.3
  1
Ремонт
  7
GOST
 11
342.5591699986178
 21
153.29999999999964
 31
0.0
100
AcDbText
  0
LWPOLYLINE
  5
414
330
17
100
AcDbEntity
  8
TEXT
 62
7
370
15
100
AcDbPolyline
 90
2
 70
0
 10
354.2736119054392
 20
155.59999999999965
 10
354.2736119054392
 20
152.29999999999964
  0
TEXT
  5
415
330
17
100
AcDbEntity
  8
TEXT
 62
7
100
AcDbText
 10
355.07361190543924
 20
153.29999999999964
 30
0.0
 40
1.3
  1
Э13
  7
GOST
 11
355.07361190543924
 21
153.29999999999964
 31
0.0
100
AcDbText
  0
LWPOLYLINE
  5
416
330
17
100
AcDbEntity
  8
TEXT
 62
7
370
15
100
AcDbPolyline
 90
2
 70
0
 10
370.86501459097985
 20
155.59999999999965
 10
370.86501459097985
 20
152.29999999999964
  0
TEXT
  5
417
330
17
100
AcDbEntity
  8
TEXT
 62
7
100
AcDbText
 10
371.66501459097987
 20
153.29999999999964
 30
0.0
 40
1.3
  1
55 Вт × 1,25
  7
GOST
 11
371.66501459097987
 21
153.29999999999964
 31
0.0
100
AcDbText
  0
LWPOLYLINE
  5
418
330
17
100
AcDbEntity
  8
TEXT
 62
7
370
15
100
AcDbPolyline
 90
2
 70
0
 10
413.0
 20
155.59999999999965
 10
413.0
 20
152.29999999999964
  0
LWPOLYLINE
  5
419
330
17
100
AcDbEntity
  8
TEXT
 62
7
370
15
100
AcDbPolyline
 90
4
 70
1
 10
22.0
 20
148.99999999999963
 10
413.0
 20
148.99999999999963
 10
413.0
 20
152.29999999999964
 10
22.0
 20
152.29999999999964
  0
LWPOLYLINE
  5
41A
330
17
100
AcDbEntity
  8
TEXT
 62
7
370
15
100
AcDbPolyline
 90
2
 70
0
 10
22.0
 20
152.29999999999964
 10
22.0
 20
148.99999999999963
  0
TEXT
  5
41B
330
17
100
AcDbEntity
  8
TEXT
 62
7
100
AcDbText
 10
22.8
 20
149.99999999999963
 30
0.0
 40
1.3
  1
32
  7
GOST
 11
22.8
 21
149.99999999999963
 31
0.0
100
AcDbText
  0
LWPOLYLINE
  5
41C
330
17
100
AcDbEntity
  8
TEXT
 62
7
370
15
100
AcDbPolyline
 90
2
 70
0
 10
29.510720083277995
 20
152.29999999999964
 10
29.510720083277995
 20
148.99999999999963
  0
TEXT
  5
41D
330
17
100
AcDbEntity
  8
TEXT
 62
7
100
AcDbText
 10
30.310720083277996
 20
149.99999999999963
 30
0.0
 40
1.3
  1
Лента LED 24 В 2700 K CRI ≥ 90 — подсветка снизу ТВ-консоли F47 2700K
  7
GOST
 11
30.310720083277996
 21
149.99999999999963
 31
0.0
100
AcDbText
  0
LWPOLYLINE
  5
41E
330
17
100
AcDbEntity
  8
TEXT
 62
7
370
15
100
AcDbPolyline
 90
2
 70
0
 10
151.60385746872038
 20
152.29999999999964
 10
151.60385746872038
 20
148.99999999999963
  0
TEXT
  5
41F
330
17
100
AcDbEntity
  8
TEXT
 62
7
100
AcDbText
 10
152.4038574687204
 20
149.99999999999963
 30
0.0
 40
1.3
  1
Arlight / Elektrostandard
  7
GOST
 11
152.4038574687204
 21
149.99999999999963
 31
0.0
100
AcDbText
  0
LWPOLYLINE
  5
420
330
17
100
AcDbEntity
  8
TEXT
 62
7
370
15
100
AcDbPolyline
 90
2
 70
0
 10
187.3879514055768
 20
152.29999999999964
 10
187.3879514055768
 20
148.99999999999963
  0
TEXT
  5
421
330
17
100
AcDbEntity
  8
TEXT
 62
7
100
AcDbText
 10
188.18795140557683
 20
149.99999999999963
 30
0.0
 40
1.3
  1
Arlight
  7
GOST
 11
188.18795140557683
 21
149.99999999999963
 31
0.0
100
AcDbText
  0
LWPOLYLINE
  5
422
330
17
100
AcDbEntity
  8
TEXT
 62
7
370
15
100
AcDbPolyline
 90
2
 70
0
 10
223.79012477186404
 20
152.29999999999964
 10
223.79012477186404
 20
148.99999999999963
  0
TEXT
  5
423
330
17
100
AcDbEntity
  8
TEXT
 62
7
100
AcDbText
 10
224.59012477186405
 20
149.99999999999963
 30
0.0
 40
1.3
  1
2
  7
GOST
 11
224.59012477186405
 21
149.99999999999963
 31
0.0
100
AcDbText
  0
LWPOLYLINE
  5
424
330
17
100
AcDbEntity
  8
TEXT
 62
7
370
15
100
AcDbPolyline
 90
2
 70
0
 10
234.42418713990168
 20
152.29999999999964
 10
234.42418713990168
 20
148.99999999999963
  0
TEXT
  5
425
330
17
100
AcDbEntity
  8
TEXT
 62
7
100
AcDbText
 10
235.2241871399017
 20
149.99999999999963
 30
0.0
 40
1.3
  1
м
  7
GOST
 11
235.2241871399017
 21
149.99999999999963
 31
0.0
100
AcDbText
  0
LWPOLYLINE
  5
426
330
17
100
AcDbEntity
  8
TEXT
 62
7
370
15
100
AcDbPolyline
 90
2
 70
0
 10
240.62318940741787
 20
152.29999999999964
 10
240.62318940741787
 20
148.99999999999963
  0
TEXT
  5
427
330
17
100
AcDbEntity
  8
TEXT
 62
7
100
AcDbText
 10
241.42318940741788
 20
149.99999999999963
 30
0.0
 40
1.3
  1
1 300
  7
GOST
 11
241.42318940741788
 21
149.99999999999963
 31
0.0
100
AcDbText
  0
LWPOLYLINE
  5
428
330
17
100
AcDbEntity
  8
TEXT
 62
7
370
15
100
AcDbPolyline
 90
2
 70
0
 10
262.2838460923918
 20
152.29999999999964
 10
262.2838460923918
 20
148.99999999999963
  0
TEXT
  5
429
330
17
100
AcDbEntity
  8
TEXT
 62
7
100
AcDbText
 10
263.0838460923918
 20
149.99999999999963
 30
0.0
 40
1.3
  1
2 600
  7
GOST
 11
263.0838460923918
 21
149.99999999999963
 31
0.0
100
AcDbText
  0
LWPOLYLINE
  5
42A
330
17
100
AcDbEntity
  8
TEXT
 62
7
370
15
100
AcDbPolyline
 90
2
 70
0
 10
275.62442313461116
 20
152.29999999999964
 10
275.62442313461116
 20
148.99999999999963
  0
TEXT
  5
42B
330
17
100
AcDbEntity
  8
TEXT
 62
7
100
AcDbText
 10
276.4244231346112
 20
149.99999999999963
 30
0.0
 40
1.3
  1
R1
  7
GOST
 11
276.4244231346112
 21
149.99999999999963
 31
0.0
100
AcDbText
  0
LWPOLYLINE
  5
42C
330
17
100
AcDbEntity
  8
TEXT
 62
7
370
15
100
AcDbPolyline
 90
2
 70
0
 10
292.41886813561365
 20
152.29999999999964
 10
292.41886813561365
 20
148.99999999999963
  0
TEXT
  5
42D
330
17
100
AcDbEntity
  8
TEXT
 62
7
100
AcDbText
 10
293.21886813561366
 20
149.99999999999963
 30
0.0
 40
1.3
  1
L12-1; F47; ЭО-01
  7
GOST
 11
293.21886813561366
 21
149.99999999999963
 31
0.0
100
AcDbText
  0
LWPOLYLINE
  5
42E
330
17
100
AcDbEntity
  8
TEXT
 62
7
370
15
100
AcDbPolyline
 90
2
 70
0
 10
341.7591699986178
 20
152.29999999999964
 10
341.7591699986178
 20
148.99999999999963
  0
TEXT
  5
42F
330
17
100
AcDbEntity
  8
TEXT
 62
7
100
AcDbText
 10
342.5591699986178
 20
149.99999999999963
 30
0.0
 40
1.3
  1
Ремонт
  7
GOST
 11
342.5591699986178
 21
149.99999999999963
 31
0.0
100
AcDbText
  0
LWPOLYLINE
  5
430
330
17
100
AcDbEntity
  8
TEXT
 62
7
370
15
100
AcDbPolyline
 90
2
 70
0
 10
354.2736119054392
 20
152.29999999999964
 10
354.2736119054392
 20
148.99999999999963
  0
TEXT
  5
431
330
17
100
AcDbEntity
  8
TEXT
 62
7
100
AcDbText
 10
355.07361190543924
 20
149.99999999999963
 30
0.0
 40
1.3
  1
Э13
  7
GOST
 11
355.07361190543924
 21
149.99999999999963
 31
0.0
100
AcDbText
  0
LWPOLYLINE
  5
432
330
17
100
AcDbEntity
  8
TEXT
 62
7
370
15
100
AcDbPolyline
 90
2
 70
0
 10
370.86501459097985
 20
152.29999999999964
 10
370.86501459097985
 20
148.99999999999963
  0
TEXT
  5
433
330
17
100
AcDbEntity
  8
TEXT
 62
7
100
AcDbText
 10
371.66501459097987
 20
149.99999999999963
 30
0.0
 40
1.3
  1
длина 1.6 м по pos→end + 10 %
  7
GOST
 11
371.66501459097987
 21
149.99999999999963
 31
0.0
100
AcDbText
  0
LWPOLYLINE
  5
434
330
17
100
AcDbEntity
  8
TEXT
 62
7
370
15
100
AcDbPolyline
 90
2
 70
0
 10
413.0
 20
152.29999999999964
 10
413.0
 20
148.99999999999963
  0
LWPOLYLINE
  5
435
330
17
100
AcDbEntity
  8
TEXT
 62
7
370
15
100
AcDbPolyline
 90
4
 70
1
 10
22.0
 20
145.69999999999962
 10
413.0
 20
145.69999999999962
 10
413.0
 20
148.99999999999963
 10
22.0
 20
148.99999999999963
  0
LWPOLYLINE
  5
436
330
17
100
AcDbEntity
  8
TEXT
 62
7
370
15
100
AcDbPolyline
 90
2
 70
0
 10
22.0
 20
148.99999999999963
 10
22.0
 20
145.69999999999962
  0
TEXT
  5
437
330
17
100
AcDbEntity
  8
TEXT
 62
7
100
AcDbText
 10
22.8
 20
146.69999999999962
 30
0.0
 40
1.3
  1
33
  7
GOST
 11
22.8
 21
146.69999999999962
 31
0.0
100
AcDbText
  0
LWPOLYLINE
  5
438
330
17
100
AcDbEntity
  8
TEXT
 62
7
370
15
100
AcDbPolyline
 90
2
 70
0
 10
29.510720083277995
 20
148.99999999999963
 10
29.510720083277995
 20
145.69999999999962
  0
TEXT
  5
439
330
17
100
AcDbEntity
  8
TEXT
 62
7
100
AcDbText
 10
30.310720083277996
 20
146.69999999999962
 30
0.0
 40
1.3
  1
Профиль алюминиевый с рассеивателем для L12-1
  7
GOST
 11
30.310720083277996
 21
146.69999999999962
 31
0.0
100
AcDbText
  0
LWPOLYLINE
  5
43A
330
17
100
AcDbEntity
  8
TEXT
 62
7
370
15
100
AcDbPolyline
 90
2
 70
0
 10
151.60385746872038
 20
148.99999999999963
 10
151.60385746872038
 20
145.69999999999962
  0
TEXT
  5
43B
330
17
100
AcDbEntity
  8
TEXT
 62
7
100
AcDbText
 10
152.4038574687204
 20
146.69999999999962
 30
0.0
 40
1.3
  1
Arlight / Elektrostandard
  7
GOST
 11
152.4038574687204
 21
146.69999999999962
 31
0.0
100
AcDbText
  0
LWPOLYLINE
  5
43C
330
17
100
AcDbEntity
  8
TEXT
 62
7
370
15
100
AcDbPolyline
 90
2
 70
0
 10
187.3879514055768
 20
148.99999999999963
 10
187.3879514055768
 20
145.69999999999962
  0
TEXT
  5
43D
330
17
100
AcDbEntity
  8
TEXT
 62
7
100
AcDbText
 10
188.18795140557683
 20
146.69999999999962
 30
0.0
 40
1.3
  1
Arlight
  7
GOST
 11
188.18795140557683
 21
146.69999999999962
 31
0.0
100
AcDbText
  0
LWPOLYLINE
  5
43E
330
17
100
AcDbEntity
  8
TEXT
 62
7
370
15
100
AcDbPolyline
 90
2
 70
0
 10
223.79012477186404
 20
148.99999999999963
 10
223.79012477186404
 20
145.69999999999962
  0
TEXT
  5
43F
330
17
100
AcDbEntity
  8
TEXT
 62
7
100
AcDbText
 10
224.59012477186405
 20
146.69999999999962
 30
0.0
 40
1.3
  1
2
  7
GOST
 11
224.59012477186405
 21
146.69999999999962
 31
0.0
100
AcDbText
  0
LWPOLYLINE
  5
440
330
17
100
AcDbEntity
  8
TEXT
 62
7
370
15
100
AcDbPolyline
 90
2
 70
0
 10
234.42418713990168
 20
148.99999999999963
 10
234.42418713990168
 20
145.69999999999962
  0
TEXT
  5
441
330
17
100
AcDbEntity
  8
TEXT
 62
7
100
AcDbText
 10
235.2241871399017
 20
146.69999999999962
 30
0.0
 40
1.3
  1
м
  7
GOST
 11
235.2241871399017
 21
146.69999999999962
 31
0.0
100
AcDbText
  0
LWPOLYLINE
  5
442
330
17
100
AcDbEntity
  8
TEXT
 62
7
370
15
100
AcDbPolyline
 90
2
 70
0
 10
240.62318940741787
 20
148.99999999999963
 10
240.62318940741787
 20
145.69999999999962
  0
TEXT
  5
443
330
17
100
AcDbEntity
  8
TEXT
 62
7
100
AcDbText
 10
241.42318940741788
 20
146.69999999999962
 30
0.0
 40
1.3
  1
900
  7
GOST
 11
241.42318940741788
 21
146.69999999999962
 31
0.0
100
AcDbText
  0
LWPOLYLINE
  5
444
330
17
100
AcDbEntity
  8
TEXT
 62
7
370
15
100
AcDbPolyline
 90
2
 70
0
 10
262.2838460923918
 20
148.99999999999963
 10
262.2838460923918
 20
145.69999999999962
  0
TEXT
  5
445
330
17
100
AcDbEntity
  8
TEXT
 62
7
100
AcDbText
 10
263.0838460923918
 20
146.69999999999962
 30
0.0
 40
1.3
  1
1 800
  7
GOST
 11
263.0838460923918
 21
146.69999999999962
 31
0.0
100
AcDbText
  0
LWPOLYLINE
  5
446
330
17
100
AcDbEntity
  8
TEXT
 62
7
370
15
100
AcDbPolyline
 90
2
 70
0
 10
275.62442313461116
 20
148.99999999999963
 10
275.62442313461116
 20
145.69999999999962
  0
TEXT
  5
447
330
17
100
AcDbEntity
  8
TEXT
 62
7
100
AcDbText
 10
276.4244231346112
 20
146.69999999999962
 30
0.0
 40
1.3
  1
R1
  7
GOST
 11
276.4244231346112
 21
146.69999999999962
 31
0.0
100
AcDbText
  0
LWPOLYLINE
  5
448
330
17
100
AcDbEntity
  8
TEXT
 62
7
370
15
100
AcDbPolyline
 90
2
 70
0
 10
292.41886813561365
 20
148.99999999999963
 10
292.41886813561365
 20
145.69999999999962
  0
TEXT
  5
449
330
17
100
AcDbEntity
  8
TEXT
 62
7
100
AcDbText
 10
293.21886813561366
 20
146.69999999999962
 30
0.0
 40
1.3
  1
L12-1
  7
GOST
 11
293.21886813561366
 21
146.69999999999962
 31
0.0
100
AcDbText
  0
LWPOLYLINE
  5
44A
330
17
100
AcDbEntity
  8
TEXT
 62
7
370
15
100
AcDbPolyline
 90
2
 70
0
 10
341.7591699986178
 20
148.99999999999963
 10
341.7591699986178
 20
145.69999999999962
  0
TEXT
  5
44B
330
17
100
AcDbEntity
  8
TEXT
 62
7
100
AcDbText
 10
342.5591699986178
 20
146.69999999999962
 30
0.0
 40
1.3
  1
Ремонт
  7
GOST
 11
342.5591699986178
 21
146.69999999999962
 31
0.0
100
AcDbText
  0
LWPOLYLINE
  5
44C
330
17
100
AcDbEntity
  8
TEXT
 62
7
370
15
100
AcDbPolyline
 90
2
 70
0
 10
354.2736119054392
 20
148.99999999999963
 10
354.2736119054392
 20
145.69999999999962
  0
TEXT
  5
44D
330
17
100
AcDbEntity
  8
TEXT
 62
7
100
AcDbText
 10
355.07361190543924
 20
146.69999999999962
 30
0.0
 40
1.3
  1
Э13
  7
GOST
 11
355.07361190543924
 21
146.69999999999962
 31
0.0
100
AcDbText
  0
LWPOLYLINE
  5
44E
330
17
100
AcDbEntity
  8
TEXT
 62
7
370
15
100
AcDbPolyline
 90
2
 70
0
 10
370.86501459097985
 20
148.99999999999963
 10
370.86501459097985
 20
145.69999999999962
  0
LWPOLYLINE
  5
44F
330
17
100
AcDbEntity
  8
TEXT
 62
7
370
15
100
AcDbPolyline
 90
2
 70
0
 10
413.0
 20
148.99999999999963
 10
413.0
 20
145.69999999999962
  0
LWPOLYLINE
  5
450
330
17
100
AcDbEntity
  8
TEXT
 62
7
370
15
100
AcDbPolyline
 90
4
 70
1
 10
22.0
 20
142.3999999999996
 10
413.0
 20
142.3999999999996
 10
413.0
 20
145.69999999999962
 10
22.0
 20
145.69999999999962
  0
LWPOLYLINE
  5
451
330
17
100
AcDbEntity
  8
TEXT
 62
7
370
15
100
AcDbPolyline
 90
2
 70
0
 10
22.0
 20
145.69999999999962
 10
22.0
 20
142.3999999999996
  0
TEXT
  5
452
330
17
100
AcDbEntity
  8
TEXT
 62
7
100
AcDbText
 10
22.8
 20
143.3999999999996
 30
0.0
 40
1.3
  1
34
  7
GOST
 11
22.8
 21
143.3999999999996
 31
0.0
100
AcDbText
  0
LWPOLYLINE
  5
453
330
17
100
AcDbEntity
  8
TEXT
 62
7
370
15
100
AcDbPolyline
 90
2
 70
0
 10
29.510720083277995
 20
145.69999999999962
 10
29.510720083277995
 20
142.3999999999996
  0
TEXT
  5
454
330
17
100
AcDbEntity
  8
TEXT
 62
7
100
AcDbText
 10
30.310720083277996
 20
143.3999999999996
 30
0.0
 40
1.3
  1
Блок питания 24 В 30 Вт для L12-1
  7
GOST
 11
30.310720083277996
 21
143.3999999999996
 31
0.0
100
AcDbText
  0
LWPOLYLINE
  5
455
330
17
100
AcDbEntity
  8
TEXT
 62
7
370
15
100
AcDbPolyline
 90
2
 70
0
 10
151.60385746872038
 20
145.69999999999962
 10
151.60385746872038
 20
142.3999999999996
  0
TEXT
  5
456
330
17
100
AcDbEntity
  8
TEXT
 62
7
100
AcDbText
 10
152.4038574687204
 20
143.3999999999996
 30
0.0
 40
1.3
  1
Arlight ARPV / Mean Well
  7
GOST
 11
152.4038574687204
 21
143.3999999999996
 31
0.0
100
AcDbText
  0
LWPOLYLINE
  5
457
330
17
100
AcDbEntity
  8
TEXT
 62
7
370
15
100
AcDbPolyline
 90
2
 70
0
 10
187.3879514055768
 20
145.69999999999962
 10
187.3879514055768
 20
142.3999999999996
  0
TEXT
  5
458
330
17
100
AcDbEntity
  8
TEXT
 62
7
100
AcDbText
 10
188.18795140557683
 20
143.3999999999996
 30
0.0
 40
1.3
  1
Arlight / Mean Well
  7
GOST
 11
188.18795140557683
 21
143.3999999999996
 31
0.0
100
AcDbText
  0
LWPOLYLINE
  5
459
330
17
100
AcDbEntity
  8
TEXT
 62
7
370
15
100
AcDbPolyline
 90
2
 70
0
 10
223.79012477186404
 20
145.69999999999962
 10
223.79012477186404
 20
142.3999999999996
  0
TEXT
  5
45A
330
17
100
AcDbEntity
  8
TEXT
 62
7
100
AcDbText
 10
224.59012477186405
 20
143.3999999999996
 30
0.0
 40
1.3
  1
1
  7
GOST
 11
224.59012477186405
 21
143.3999999999996
 31
0.0
100
AcDbText
  0
LWPOLYLINE
  5
45B
330
17
100
AcDbEntity
  8
TEXT
 62
7
370
15
100
AcDbPolyline
 90
2
 70
0
 10
234.42418713990168
 20
145.69999999999962
 10
234.42418713990168
 20
142.3999999999996
  0
TEXT
  5
45C
330
17
100
AcDbEntity
  8
TEXT
 62
7
100
AcDbText
 10
235.2241871399017
 20
143.3999999999996
 30
0.0
 40
1.3
  1
шт
  7
GOST
 11
235.2241871399017
 21
143.3999999999996
 31
0.0
100
AcDbText
  0
LWPOLYLINE
  5
45D
330
17
100
AcDbEntity
  8
TEXT
 62
7
370
15
100
AcDbPolyline
 90
2
 70
0
 10
240.62318940741787
 20
145.69999999999962
 10
240.62318940741787
 20
142.3999999999996
  0
TEXT
  5
45E
330
17
100
AcDbEntity
  8
TEXT
 62
7
100
AcDbText
 10
241.42318940741788
 20
143.3999999999996
 30
0.0
 40
1.3
  1
1 500
  7
GOST
 11
241.42318940741788
 21
143.3999999999996
 31
0.0
100
AcDbText
  0
LWPOLYLINE
  5
45F
330
17
100
AcDbEntity
  8
TEXT
 62
7
370
15
100
AcDbPolyline
 90
2
 70
0
 10
262.2838460923918
 20
145.69999999999962
 10
262.2838460923918
 20
142.3999999999996
  0
TEXT
  5
460
330
17
100
AcDbEntity
  8
TEXT
 62
7
100
AcDbText
 10
263.0838460923918
 20
143.3999999999996
 30
0.0
 40
1.3
  1
1 500
  7
GOST
 11
263.0838460923918
 21
143.3999999999996
 31
0.0
100
AcDbText
  0
LWPOLYLINE
  5
461
330
17
100
AcDbEntity
  8
TEXT
 62
7
370
15
100
AcDbPolyline
 90
2
 70
0
 10
275.62442313461116
 20
145.69999999999962
 10
275.62442313461116
 20
142.3999999999996
  0
TEXT
  5
462
330
17
100
AcDbEntity
  8
TEXT
 62
7
100
AcDbText
 10
276.4244231346112
 20
143.3999999999996
 30
0.0
 40
1.3
  1
R1
  7
GOST
 11
276.4244231346112
 21
143.3999999999996
 31
0.0
100
AcDbText
  0
LWPOLYLINE
  5
463
330
17
100
AcDbEntity
  8
TEXT
 62
7
370
15
100
AcDbPolyline
 90
2
 70
0
 10
292.41886813561365
 20
145.69999999999962
 10
292.41886813561365
 20
142.3999999999996
  0
TEXT
  5
464
330
17
100
AcDbEntity
  8
TEXT
 62
7
100
AcDbText
 10
293.21886813561366
 20
143.3999999999996
 30
0.0
 40
1.3
  1
L12-1
  7
GOST
 11
293.21886813561366
 21
143.3999999999996
 31
0.0
100
AcDbText
  0
LWPOLYLINE
  5
465
330
17
100
AcDbEntity
  8
TEXT
 62
7
370
15
100
AcDbPolyline
 90
2
 70
0
 10
341.7591699986178
 20
145.69999999999962
 10
341.7591699986178
 20
142.3999999999996
  0
TEXT
  5
466
330
17
100
AcDbEntity
  8
TEXT
 62
7
100
AcDbText
 10
342.5591699986178
 20
143.3999999999996
 30
0.0
 40
1.3
  1
Ремонт
  7
GOST
 11
342.5591699986178
 21
143.3999999999996
 31
0.0
100
AcDbText
  0
LWPOLYLINE
  5
467
330
17
100
AcDbEntity
  8
TEXT
 62
7
370
15
100
AcDbPolyline
 90
2
 70
0
 10
354.2736119054392
 20
145.69999999999962
 10
354.2736119054392
 20
142.3999999999996
  0
TEXT
  5
468
330
17
100
AcDbEntity
  8
TEXT
 62
7
100
AcDbText
 10
355.07361190543924
 20
143.3999999999996
 30
0.0
 40
1.3
  1
Э13
  7
GOST
 11
355.07361190543924
 21
143.3999999999996
 31
0.0
100
AcDbText
  0
LWPOLYLINE
  5
469
330
17
100
AcDbEntity
  8
TEXT
 62
7
370
15
100
AcDbPolyline
 90
2
 70
0
 10
370.86501459097985
 20
145.69999999999962
 10
370.86501459097985
 20
142.3999999999996
  0
TEXT
  5
46A
330
17
100
AcDbEntity
  8
TEXT
 62
7
100
AcDbText
 10
371.66501459097987
 20
143.3999999999996
 30
0.0
 40
1.3
  1
10 Вт × 1,25
  7
GOST
 11
371.66501459097987
 21
143.3999999999996
 31
0.0
100
AcDbText
  0
LWPOLYLINE
  5
46B
330
17
100
AcDbEntity
  8
TEXT
 62
7
370
15
100
AcDbPolyline
 90
2
 70
0
 10
413.0
 20
145.69999999999962
 10
413.0
 20
142.3999999999996
  0
LWPOLYLINE
  5
46C
330
17
100
AcDbEntity
  8
TEXT
 62
7
370
15
100
AcDbPolyline
 90
4
 70
1
 10
22.0
 20
139.0999999999996
 10
413.0
 20
139.0999999999996
 10
413.0
 20
142.3999999999996
 10
22.0
 20
142.3999999999996
  0
LWPOLYLINE
  5
46D
330
17
100
AcDbEntity
  8
TEXT
 62
7
370
15
100
AcDbPolyline
 90
2
 70
0
 10
22.0
 20
142.3999999999996
 10
22.0
 20
139.0999999999996
  0
TEXT
  5
46E
330
17
100
AcDbEntity
  8
TEXT
 62
7
100
AcDbText
 10
22.8
 20
140.0999999999996
 30
0.0
 40
1.3
  1
35
  7
GOST
 11
22.8
 21
140.0999999999996
 31
0.0
100
AcDbText
  0
LWPOLYLINE
  5
46F
330
17
100
AcDbEntity
  8
TEXT
 62
7
370
15
100
AcDbPolyline
 90
2
 70
0
 10
29.510720083277995
 20
142.3999999999996
 10
29.510720083277995
 20
139.0999999999996
  0
TEXT
  5
470
330
17
100
AcDbEntity
  8
TEXT
 62
7
100
AcDbText
 10
30.310720083277996
 20
140.0999999999996
 30
0.0
 40
1.3
  1
Лента LED 24 В 2700 K CRI ≥ 90 — подсветка шкафа-купе F45 по датчикам открытия; БП на антресо
  7
GOST
 11
30.310720083277996
 21
140.0999999999996
 31
0.0
100
AcDbText
  0
LWPOLYLINE
  5
471
330
17
100
AcDbEntity
  8
TEXT
 62
7
370
15
100
AcDbPolyline
 90
2
 70
0
 10
151.60385746872038
 20
142.3999999999996
 10
151.60385746872038
 20
139.0999999999996
  0
TEXT
  5
472
330
17
100
AcDbEntity
  8
TEXT
 62
7
100
AcDbText
 10
152.4038574687204
 20
140.0999999999996
 30
0.0
 40
1.3
  1
Arlight / Elektrostandard
  7
GOST
 11
152.4038574687204
 21
140.0999999999996
 31
0.0
100
AcDbText
  0
LWPOLYLINE
  5
473
330
17
100
AcDbEntity
  8
TEXT
 62
7
370
15
100
AcDbPolyline
 90
2
 70
0
 10
187.3879514055768
 20
142.3999999999996
 10
187.3879514055768
 20
139.0999999999996
  0
TEXT
  5
474
330
17
100
AcDbEntity
  8
TEXT
 62
7
100
AcDbText
 10
188.18795140557683
 20
140.0999999999996
 30
0.0
 40
1.3
  1
Arlight
  7
GOST
 11
188.18795140557683
 21
140.0999999999996
 31
0.0
100
AcDbText
  0
LWPOLYLINE
  5
475
330
17
100
AcDbEntity
  8
TEXT
 62
7
370
15
100
AcDbPolyline
 90
2
 70
0
 10
223.79012477186404
 20
142.3999999999996
 10
223.79012477186404
 20
139.0999999999996
  0
TEXT
  5
476
330
17
100
AcDbEntity
  8
TEXT
 62
7
100
AcDbText
 10
224.59012477186405
 20
140.0999999999996
 30
0.0
 40
1.3
  1
2,5
  7
GOST
 11
224.59012477186405
 21
140.0999999999996
 31
0.0
100
AcDbText
  0
LWPOLYLINE
  5
477
330
17
100
AcDbEntity
  8
TEXT
 62
7
370
15
100
AcDbPolyline
 90
2
 70
0
 10
234.42418713990168
 20
142.3999999999996
 10
234.42418713990168
 20
139.0999999999996
  0
TEXT
  5
478
330
17
100
AcDbEntity
  8
TEXT
 62
7
100
AcDbText
 10
235.2241871399017
 20
140.0999999999996
 30
0.0
 40
1.3
  1
м
  7
GOST
 11
235.2241871399017
 21
140.0999999999996
 31
0.0
100
AcDbText
  0
LWPOLYLINE
  5
479
330
17
100
AcDbEntity
  8
TEXT
 62
7
370
15
100
AcDbPolyline
 90
2
 70
0
 10
240.62318940741787
 20
142.3999999999996
 10
240.62318940741787
 20
139.0999999999996
  0
TEXT
  5
47A
330
17
100
AcDbEntity
  8
TEXT
 62
7
100
AcDbText
 10
241.42318940741788
 20
140.0999999999996
 30
0.0
 40
1.3
  1
1 300
  7
GOST
 11
241.42318940741788
 21
140.0999999999996
 31
0.0
100
AcDbText
  0
LWPOLYLINE
  5
47B
330
17
100
AcDbEntity
  8
TEXT
 62
7
370
15
100
AcDbPolyline
 90
2
 70
0
 10
262.2838460923918
 20
142.3999999999996
 10
262.2838460923918
 20
139.0999999999996
  0
TEXT
  5
47C
330
17
100
AcDbEntity
  8
TEXT
 62
7
100
AcDbText
 10
263.0838460923918
 20
140.0999999999996
 30
0.0
 40
1.3
  1
3 250
  7
GOST
 11
263.0838460923918
 21
140.0999999999996
 31
0.0
100
AcDbText
  0
LWPOLYLINE
  5
47D
330
17
100
AcDbEntity
  8
TEXT
 62
7
370
15
100
AcDbPolyline
 90
2
 70
0
 10
275.62442313461116
 20
142.3999999999996
 10
275.62442313461116
 20
139.0999999999996
  0
TEXT
  5
47E
330
17
100
AcDbEntity
  8
TEXT
 62
7
100
AcDbText
 10
276.4244231346112
 20
140.0999999999996
 30
0.0
 40
1.3
  1
R1
  7
GOST
 11
276.4244231346112
 21
140.0999999999996
 31
0.0
100
AcDbText
  0
LWPOLYLINE
  5
47F
330
17
100
AcDbEntity
  8
TEXT
 62
7
370
15
100
AcDbPolyline
 90
2
 70
0
 10
292.41886813561365
 20
142.3999999999996
 10
292.41886813561365
 20
139.0999999999996
  0
TEXT
  5
480
330
17
100
AcDbEntity
  8
TEXT
 62
7
100
AcDbText
 10
293.21886813561366
 20
140.0999999999996
 30
0.0
 40
1.3
  1
L13-1; F45; ЭО-01
  7
GOST
 11
293.21886813561366
 21
140.0999999999996
 31
0.0
100
AcDbText
  0
LWPOLYLINE
  5
481
330
17
100
AcDbEntity
  8
TEXT
 62
7
370
15
100
AcDbPolyline
 90
2
 70
0
 10
341.7591699986178
 20
142.3999999999996
 10
341.7591699986178
 20
139.0999999999996
  0
TEXT
  5
482
330
17
100
AcDbEntity
  8
TEXT
 62
7
100
AcDbText
 10
342.5591699986178
 20
140.0999999999996
 30
0.0
 40
1.3
  1
Ремонт
  7
GOST
 11
342.5591699986178
 21
140.0999999999996
 31
0.0
100
AcDbText
  0
LWPOLYLINE
  5
483
330
17
100
AcDbEntity
  8
TEXT
 62
7
370
15
100
AcDbPolyline
 90
2
 70
0
 10
354.2736119054392
 20
142.3999999999996
 10
354.2736119054392
 20
139.0999999999996
  0
TEXT
  5
484
330
17
100
AcDbEntity
  8
TEXT
 62
7
100
AcDbText
 10
355.07361190543924
 20
140.0999999999996
 30
0.0
 40
1.3
  1
Э13
  7
GOST
 11
355.07361190543924
 21
140.0999999999996
 31
0.0
100
AcDbText
  0
LWPOLYLINE
  5
485
330
17
100
AcDbEntity
  8
TEXT
 62
7
370
15
100
AcDbPolyline
 90
2
 70
0
 10
370.86501459097985
 20
142.3999999999996
 10
370.86501459097985
 20
139.0999999999996
  0
TEXT
  5
486
330
17
100
AcDbEntity
  8
TEXT
 62
7
100
AcDbText
 10
371.66501459097987
 20
140.0999999999996
 30
0.0
 40
1.3
  1
длина 1.88 м по pos→end + 10 %
  7
GOST
 11
371.66501459097987
 21
140.0999999999996
 31
0.0
100
AcDbText
  0
LWPOLYLINE
  5
487
330
17
100
AcDbEntity
  8
TEXT
 62
7
370
15
100
AcDbPolyline
 90
2
 70
0
 10
413.0
 20
142.3999999999996
 10
413.0
 20
139.0999999999996
  0
LWPOLYLINE
  5
488
330
17
100
AcDbEntity
  8
TEXT
 62
7
370
15
100
AcDbPolyline
 90
4
 70
1
 10
22.0
 20
135.79999999999959
 10
413.0
 20
135.79999999999959
 10
413.0
 20
139.0999999999996
 10
22.0
 20
139.0999999999996
  0
LWPOLYLINE
  5
489
330
17
100
AcDbEntity
  8
TEXT
 62
7
370
15
100
AcDbPolyline
 90
2
 70
0
 10
22.0
 20
139.0999999999996
 10
22.0
 20
135.79999999999959
  0
TEXT
  5
48A
330
17
100
AcDbEntity
  8
TEXT
 62
7
100
AcDbText
 10
22.8
 20
136.79999999999959
 30
0.0
 40
1.3
  1
36
  7
GOST
 11
22.8
 21
136.79999999999959
 31
0.0
100
AcDbText
  0
LWPOLYLINE
  5
48B
330
17
100
AcDbEntity
  8
TEXT
 62
7
370
15
100
AcDbPolyline
 90
2
 70
0
 10
29.510720083277995
 20
139.0999999999996
 10
29.510720083277995
 20
135.79999999999959
  0
TEXT
  5
48C
330
17
100
AcDbEntity
  8
TEXT
 62
7
100
AcDbText
 10
30.310720083277996
 20
136.79999999999959
 30
0.0
 40
1.3
  1
Профиль алюминиевый с рассеивателем для L13-1
  7
GOST
 11
30.310720083277996
 21
136.79999999999959
 31
0.0
100
AcDbText
  0
LWPOLYLINE
  5
48D
330
17
100
AcDbEntity
  8
TEXT
 62
7
370
15
100
AcDbPolyline
 90
2
 70
0
 10
151.60385746872038
 20
139.0999999999996
 10
151.60385746872038
 20
135.79999999999959
  0
TEXT
  5
48E
330
17
100
AcDbEntity
  8
TEXT
 62
7
100
AcDbText
 10
152.4038574687204
 20
136.79999999999959
 30
0.0
 40
1.3
  1
Arlight / Elektrostandard
  7
GOST
 11
152.4038574687204
 21
136.79999999999959
 31
0.0
100
AcDbText
  0
LWPOLYLINE
  5
48F
330
17
100
AcDbEntity
  8
TEXT
 62
7
370
15
100
AcDbPolyline
 90
2
 70
0
 10
187.3879514055768
 20
139.0999999999996
 10
187.3879514055768
 20
135.79999999999959
  0
TEXT
  5
490
330
17
100
AcDbEntity
  8
TEXT
 62
7
100
AcDbText
 10
188.18795140557683
 20
136.79999999999959
 30
0.0
 40
1.3
  1
Arlight
  7
GOST
 11
188.18795140557683
 21
136.79999999999959
 31
0.0
100
AcDbText
  0
LWPOLYLINE
  5
491
330
17
100
AcDbEntity
  8
TEXT
 62
7
370
15
100
AcDbPolyline
 90
2
 70
0
 10
223.79012477186404
 20
139.0999999999996
 10
223.79012477186404
 20
135.79999999999959
  0
TEXT
  5
492
330
17
100
AcDbEntity
  8
TEXT
 62
7
100
AcDbText
 10
224.59012477186405
 20
136.79999999999959
 30
0.0
 40
1.3
  1
2
  7
GOST
 11
224.59012477186405
 21
136.79999999999959
 31
0.0
100
AcDbText
  0
LWPOLYLINE
  5
493
330
17
100
AcDbEntity
  8
TEXT
 62
7
370
15
100
AcDbPolyline
 90
2
 70
0
 10
234.42418713990168
 20
139.0999999999996
 10
234.42418713990168
 20
135.79999999999959
  0
TEXT
  5
494
330
17
100
AcDbEntity
  8
TEXT
 62
7
100
AcDbText
 10
235.2241871399017
 20
136.79999999999959
 30
0.0
 40
1.3
  1
м
  7
GOST
 11
235.2241871399017
 21
136.79999999999959
 31
0.0
100
AcDbText
  0
LWPOLYLINE
  5
495
330
17
100
AcDbEntity
  8
TEXT
 62
7
370
15
100
AcDbPolyline
 90
2
 70
0
 10
240.62318940741787
 20
139.0999999999996
 10
240.62318940741787
 20
135.79999999999959
  0
TEXT
  5
496
330
17
100
AcDbEntity
  8
TEXT
 62
7
100
AcDbText
 10
241.42318940741788
 20
136.79999999999959
 30
0.0
 40
1.3
  1
900
  7
GOST
 11
241.42318940741788
 21
136.79999999999959
 31
0.0
100
AcDbText
  0
LWPOLYLINE
  5
497
330
17
100
AcDbEntity
  8
TEXT
 62
7
370
15
100
AcDbPolyline
 90
2
 70
0
 10
262.2838460923918
 20
139.0999999999996
 10
262.2838460923918
 20
135.79999999999959
  0
TEXT
  5
498
330
17
100
AcDbEntity
  8
TEXT
 62
7
100
AcDbText
 10
263.0838460923918
 20
136.79999999999959
 30
0.0
 40
1.3
  1
1 800
  7
GOST
 11
263.0838460923918
 21
136.79999999999959
 31
0.0
100
AcDbText
  0
LWPOLYLINE
  5
499
330
17
100
AcDbEntity
  8
TEXT
 62
7
370
15
100
AcDbPolyline
 90
2
 70
0
 10
275.62442313461116
 20
139.0999999999996
 10
275.62442313461116
 20
135.79999999999959
  0
TEXT
  5
49A
330
17
100
AcDbEntity
  8
TEXT
 62
7
100
AcDbText
 10
276.4244231346112
 20
136.79999999999959
 30
0.0
 40
1.3
  1
R1
  7
GOST
 11
276.4244231346112
 21
136.79999999999959
 31
0.0
100
AcDbText
  0
LWPOLYLINE
  5
49B
330
17
100
AcDbEntity
  8
TEXT
 62
7
370
15
100
AcDbPolyline
 90
2
 70
0
 10
292.41886813561365
 20
139.0999999999996
 10
292.41886813561365
 20
135.79999999999959
  0
TEXT
  5
49C
330
17
100
AcDbEntity
  8
TEXT
 62
7
100
AcDbText
 10
293.21886813561366
 20
136.79999999999959
 30
0.0
 40
1.3
  1
L13-1
  7
GOST
 11
293.21886813561366
 21
136.79999999999959
 31
0.0
100
AcDbText
  0
LWPOLYLINE
  5
49D
330
17
100
AcDbEntity
  8
TEXT
 62
7
370
15
100
AcDbPolyline
 90
2
 70
0
 10
341.7591699986178
 20
139.0999999999996
 10
341.7591699986178
 20
135.79999999999959
  0
TEXT
  5
49E
330
17
100
AcDbEntity
  8
TEXT
 62
7
100
AcDbText
 10
342.5591699986178
 20
136.79999999999959
 30
0.0
 40
1.3
  1
Ремонт
  7
GOST
 11
342.5591699986178
 21
136.79999999999959
 31
0.0
100
AcDbText
  0
LWPOLYLINE
  5
49F
330
17
100
AcDbEntity
  8
TEXT
 62
7
370
15
100
AcDbPolyline
 90
2
 70
0
 10
354.2736119054392
 20
139.0999999999996
 10
354.2736119054392
 20
135.79999999999959
  0
TEXT
  5
4A0
330
17
100
AcDbEntity
  8
TEXT
 62
7
100
AcDbText
 10
355.07361190543924
 20
136.79999999999959
 30
0.0
 40
1.3
  1
Э13
  7
GOST
 11
355.07361190543924
 21
136.79999999999959
 31
0.0
100
AcDbText
  0
LWPOLYLINE
  5
4A1
330
17
100
AcDbEntity
  8
TEXT
 62
7
370
15
100
AcDbPolyline
 90
2
 70
0
 10
370.86501459097985
 20
139.0999999999996
 10
370.86501459097985
 20
135.79999999999959
  0
LWPOLYLINE
  5
4A2
330
17
100
AcDbEntity
  8
TEXT
 62
7
370
15
100
AcDbPolyline
 90
2
 70
0
 10
413.0
 20
139.0999999999996
 10
413.0
 20
135.79999999999959
  0
LWPOLYLINE
  5
4A3
330
17
100
AcDbEntity
  8
TEXT
 62
7
370
15
100
AcDbPolyline
 90
4
 70
1
 10
22.0
 20
132.49999999999957
 10
413.0
 20
132.49999999999957
 10
413.0
 20
135.79999999999959
 10
22.0
 20
135.79999999999959
  0
LWPOLYLINE
  5
4A4
330
17
100
AcDbEntity
  8
TEXT
 62
7
370
15
100
AcDbPolyline
 90
2
 70
0
 10
22.0
 20
135.79999999999959
 10
22.0
 20
132.49999999999957
  0
TEXT
  5
4A5
330
17
100
AcDbEntity
  8
TEXT
 62
7
100
AcDbText
 10
22.8
 20
133.49999999999957
 30
0.0
 40
1.3
  1
37
  7
GOST
 11
22.8
 21
133.49999999999957
 31
0.0
100
AcDbText
  0
LWPOLYLINE
  5
4A6
330
17
100
AcDbEntity
  8
TEXT
 62
7
370
15
100
AcDbPolyline
 90
2
 70
0
 10
29.510720083277995
 20
135.79999999999959
 10
29.510720083277995
 20
132.49999999999957
  0
TEXT
  5
4A7
330
17
100
AcDbEntity
  8
TEXT
 62
7
100
AcDbText
 10
30.310720083277996
 20
133.49999999999957
 30
0.0
 40
1.3
  1
Блок питания 24 В 30 Вт для L13-1
  7
GOST
 11
30.310720083277996
 21
133.49999999999957
 31
0.0
100
AcDbText
  0
LWPOLYLINE
  5
4A8
330
17
100
AcDbEntity
  8
TEXT
 62
7
370
15
100
AcDbPolyline
 90
2
 70
0
 10
151.60385746872038
 20
135.79999999999959
 10
151.60385746872038
 20
132.49999999999957
  0
TEXT
  5
4A9
330
17
100
AcDbEntity
  8
TEXT
 62
7
100
AcDbText
 10
152.4038574687204
 20
133.49999999999957
 30
0.0
 40
1.3
  1
Arlight ARPV / Mean Well
  7
GOST
 11
152.4038574687204
 21
133.49999999999957
 31
0.0
100
AcDbText
  0
LWPOLYLINE
  5
4AA
330
17
100
AcDbEntity
  8
TEXT
 62
7
370
15
100
AcDbPolyline
 90
2
 70
0
 10
187.3879514055768
 20
135.79999999999959
 10
187.3879514055768
 20
132.49999999999957
  0
TEXT
  5
4AB
330
17
100
AcDbEntity
  8
TEXT
 62
7
100
AcDbText
 10
188.18795140557683
 20
133.49999999999957
 30
0.0
 40
1.3
  1
Arlight / Mean Well
  7
GOST
 11
188.18795140557683
 21
133.49999999999957
 31
0.0
100
AcDbText
  0
LWPOLYLINE
  5
4AC
330
17
100
AcDbEntity
  8
TEXT
 62
7
370
15
100
AcDbPolyline
 90
2
 70
0
 10
223.79012477186404
 20
135.79999999999959
 10
223.79012477186404
 20
132.49999999999957
  0
TEXT
  5
4AD
330
17
100
AcDbEntity
  8
TEXT
 62
7
100
AcDbText
 10
224.59012477186405
 20
133.49999999999957
 30
0.0
 40
1.3
  1
1
  7
GOST
 11
224.59012477186405
 21
133.49999999999957
 31
0.0
100
AcDbText
  0
LWPOLYLINE
  5
4AE
330
17
100
AcDbEntity
  8
TEXT
 62
7
370
15
100
AcDbPolyline
 90
2
 70
0
 10
234.42418713990168
 20
135.79999999999959
 10
234.42418713990168
 20
132.49999999999957
  0
TEXT
  5
4AF
330
17
100
AcDbEntity
  8
TEXT
 62
7
100
AcDbText
 10
235.2241871399017
 20
133.49999999999957
 30
0.0
 40
1.3
  1
шт
  7
GOST
 11
235.2241871399017
 21
133.49999999999957
 31
0.0
100
AcDbText
  0
LWPOLYLINE
  5
4B0
330
17
100
AcDbEntity
  8
TEXT
 62
7
370
15
100
AcDbPolyline
 90
2
 70
0
 10
240.62318940741787
 20
135.79999999999959
 10
240.62318940741787
 20
132.49999999999957
  0
TEXT
  5
4B1
330
17
100
AcDbEntity
  8
TEXT
 62
7
100
AcDbText
 10
241.42318940741788
 20
133.49999999999957
 30
0.0
 40
1.3
  1
1 500
  7
GOST
 11
241.42318940741788
 21
133.49999999999957
 31
0.0
100
AcDbText
  0
LWPOLYLINE
  5
4B2
330
17
100
AcDbEntity
  8
TEXT
 62
7
370
15
100
AcDbPolyline
 90
2
 70
0
 10
262.2838460923918
 20
135.79999999999959
 10
262.2838460923918
 20
132.49999999999957
  0
TEXT
  5
4B3
330
17
100
AcDbEntity
  8
TEXT
 62
7
100
AcDbText
 10
263.0838460923918
 20
133.49999999999957
 30
0.0
 40
1.3
  1
1 500
  7
GOST
 11
263.0838460923918
 21
133.49999999999957
 31
0.0
100
AcDbText
  0
LWPOLYLINE
  5
4B4
330
17
100
AcDbEntity
  8
TEXT
 62
7
370
15
100
AcDbPolyline
 90
2
 70
0
 10
275.62442313461116
 20
135.79999999999959
 10
275.62442313461116
 20
132.49999999999957
  0
TEXT
  5
4B5
330
17
100
AcDbEntity
  8
TEXT
 62
7
100
AcDbText
 10
276.4244231346112
 20
133.49999999999957
 30
0.0
 40
1.3
  1
R1
  7
GOST
 11
276.4244231346112
 21
133.49999999999957
 31
0.0
100
AcDbText
  0
LWPOLYLINE
  5
4B6
330
17
100
AcDbEntity
  8
TEXT
 62
7
370
15
100
AcDbPolyline
 90
2
 70
0
 10
292.41886813561365
 20
135.79999999999959
 10
292.41886813561365
 20
132.49999999999957
  0
TEXT
  5
4B7
330
17
100
AcDbEntity
  8
TEXT
 62
7
100
AcDbText
 10
293.21886813561366
 20
133.49999999999957
 30
0.0
 40
1.3
  1
L13-1
  7
GOST
 11
293.21886813561366
 21
133.49999999999957
 31
0.0
100
AcDbText
  0
LWPOLYLINE
  5
4B8
330
17
100
AcDbEntity
  8
TEXT
 62
7
370
15
100
AcDbPolyline
 90
2
 70
0
 10
341.7591699986178
 20
135.79999999999959
 10
341.7591699986178
 20
132.49999999999957
  0
TEXT
  5
4B9
330
17
100
AcDbEntity
  8
TEXT
 62
7
100
AcDbText
 10
342.5591699986178
 20
133.49999999999957
 30
0.0
 40
1.3
  1
Ремонт
  7
GOST
 11
342.5591699986178
 21
133.49999999999957
 31
0.0
100
AcDbText
  0
LWPOLYLINE
  5
4BA
330
17
100
AcDbEntity
  8
TEXT
 62
7
370
15
100
AcDbPolyline
 90
2
 70
0
 10
354.2736119054392
 20
135.79999999999959
 10
354.2736119054392
 20
132.49999999999957
  0
TEXT
  5
4BB
330
17
100
AcDbEntity
  8
TEXT
 62
7
100
AcDbText
 10
355.07361190543924
 20
133.49999999999957
 30
0.0
 40
1.3
  1
Э13
  7
GOST
 11
355.07361190543924
 21
133.49999999999957
 31
0.0
100
AcDbText
  0
LWPOLYLINE
  5
4BC
330
17
100
AcDbEntity
  8
TEXT
 62
7
370
15
100
AcDbPolyline
 90
2
 70
0
 10
370.86501459097985
 20
135.79999999999959
 10
370.86501459097985
 20
132.49999999999957
  0
TEXT
  5
4BD
330
17
100
AcDbEntity
  8
TEXT
 62
7
100
AcDbText
 10
371.66501459097987
 20
133.49999999999957
 30
0.0
 40
1.3
  1
20 Вт × 1,25
  7
GOST
 11
371.66501459097987
 21
133.49999999999957
 31
0.0
100
AcDbText
  0
LWPOLYLINE
  5
4BE
330
17
100
AcDbEntity
  8
TEXT
 62
7
370
15
100
AcDbPolyline
 90
2
 70
0
 10
413.0
 20
135.79999999999959
 10
413.0
 20
132.49999999999957
  0
LWPOLYLINE
  5
4BF
330
17
100
AcDbEntity
  8
TEXT
 62
7
370
15
100
AcDbPolyline
 90
4
 70
1
 10
22.0
 20
129.19999999999956
 10
413.0
 20
129.19999999999956
 10
413.0
 20
132.49999999999957
 10
22.0
 20
132.49999999999957
  0
LWPOLYLINE
  5
4C0
330
17
100
AcDbEntity
  8
TEXT
 62
7
370
15
100
AcDbPolyline
 90
2
 70
0
 10
22.0
 20
132.49999999999957
 10
22.0
 20
129.19999999999956
  0
TEXT
  5
4C1
330
17
100
AcDbEntity
  8
TEXT
 62
7
100
AcDbText
 10
22.8
 20
130.19999999999956
 30
0.0
 40
1.3
  1
38
  7
GOST
 11
22.8
 21
130.19999999999956
 31
0.0
100
AcDbText
  0
LWPOLYLINE
  5
4C2
330
17
100
AcDbEntity
  8
TEXT
 62
7
370
15
100
AcDbPolyline
 90
2
 70
0
 10
29.510720083277995
 20
132.49999999999957
 10
29.510720083277995
 20
129.19999999999956
  0
TEXT
  5
4C3
330
17
100
AcDbEntity
  8
TEXT
 62
7
100
AcDbText
 10
30.310720083277996
 20
130.19999999999956
 30
0.0
 40
1.3
  1
Лента LED 24 В 2700 K CRI ≥ 90 — ночная подсветка в плинтусе коридора/прихожей по датчикам дв
  7
GOST
 11
30.310720083277996
 21
130.19999999999956
 31
0.0
100
AcDbText
  0
LWPOLYLINE
  5
4C4
330
17
100
AcDbEntity
  8
TEXT
 62
7
370
15
100
AcDbPolyline
 90
2
 70
0
 10
151.60385746872038
 20
132.49999999999957
 10
151.60385746872038
 20
129.19999999999956
  0
TEXT
  5
4C5
330
17
100
AcDbEntity
  8
TEXT
 62
7
100
AcDbText
 10
152.4038574687204
 20
130.19999999999956
 30
0.0
 40
1.3
  1
Arlight / Elektrostandard
  7
GOST
 11
152.4038574687204
 21
130.19999999999956
 31
0.0
100
AcDbText
  0
LWPOLYLINE
  5
4C6
330
17
100
AcDbEntity
  8
TEXT
 62
7
370
15
100
AcDbPolyline
 90
2
 70
0
 10
187.3879514055768
 20
132.49999999999957
 10
187.3879514055768
 20
129.19999999999956
  0
TEXT
  5
4C7
330
17
100
AcDbEntity
  8
TEXT
 62
7
100
AcDbText
 10
188.18795140557683
 20
130.19999999999956
 30
0.0
 40
1.3
  1
Arlight
  7
GOST
 11
188.18795140557683
 21
130.19999999999956
 31
0.0
100
AcDbText
  0
LWPOLYLINE
  5
4C8
330
17
100
AcDbEntity
  8
TEXT
 62
7
370
15
100
AcDbPolyline
 90
2
 70
0
 10
223.79012477186404
 20
132.49999999999957
 10
223.79012477186404
 20
129.19999999999956
  0
TEXT
  5
4C9
330
17
100
AcDbEntity
  8
TEXT
 62
7
100
AcDbText
 10
224.59012477186405
 20
130.19999999999956
 30
0.0
 40
1.3
  1
2,5
  7
GOST
 11
224.59012477186405
 21
130.19999999999956
 31
0.0
100
AcDbText
  0
LWPOLYLINE
  5
4CA
330
17
100
AcDbEntity
  8
TEXT
 62
7
370
15
100
AcDbPolyline
 90
2
 70
0
 10
234.42418713990168
 20
132.49999999999957
 10
234.42418713990168
 20
129.19999999999956
  0
TEXT
  5
4CB
330
17
100
AcDbEntity
  8
TEXT
 62
7
100
AcDbText
 10
235.2241871399017
 20
130.19999999999956
 30
0.0
 40
1.3
  1
м
  7
GOST
 11
235.2241871399017
 21
130.19999999999956
 31
0.0
100
AcDbText
  0
LWPOLYLINE
  5
4CC
330
17
100
AcDbEntity
  8
TEXT
 62
7
370
15
100
AcDbPolyline
 90
2
 70
0
 10
240.62318940741787
 20
132.49999999999957
 10
240.62318940741787
 20
129.19999999999956
  0
TEXT
  5
4CD
330
17
100
AcDbEntity
  8
TEXT
 62
7
100
AcDbText
 10
241.42318940741788
 20
130.19999999999956
 30
0.0
 40
1.3
  1
1 300
  7
GOST
 11
241.42318940741788
 21
130.19999999999956
 31
0.0
100
AcDbText
  0
LWPOLYLINE
  5
4CE
330
17
100
AcDbEntity
  8
TEXT
 62
7
370
15
100
AcDbPolyline
 90
2
 70
0
 10
262.2838460923918
 20
132.49999999999957
 10
262.2838460923918
 20
129.19999999999956
  0
TEXT
  5
4CF
330
17
100
AcDbEntity
  8
TEXT
 62
7
100
AcDbText
 10
263.0838460923918
 20
130.19999999999956
 30
0.0
 40
1.3
  1
3 250
  7
GOST
 11
263.0838460923918
 21
130.19999999999956
 31
0.0
100
AcDbText
  0
LWPOLYLINE
  5
4D0
330
17
100
AcDbEntity
  8
TEXT
 62
7
370
15
100
AcDbPolyline
 90
2
 70
0
 10
275.62442313461116
 20
132.49999999999957
 10
275.62442313461116
 20
129.19999999999956
  0
TEXT
  5
4D1
330
17
100
AcDbEntity
  8
TEXT
 62
7
100
AcDbText
 10
276.4244231346112
 20
130.19999999999956
 30
0.0
 40
1.3
  1
R4
  7
GOST
 11
276.4244231346112
 21
130.19999999999956
 31
0.0
100
AcDbText
  0
LWPOLYLINE
  5
4D2
330
17
100
AcDbEntity
  8
TEXT
 62
7
370
15
100
AcDbPolyline
 90
2
 70
0
 10
292.41886813561365
 20
132.49999999999957
 10
292.41886813561365
 20
129.19999999999956
  0
TEXT
  5
4D3
330
17
100
AcDbEntity
  8
TEXT
 62
7
100
AcDbText
 10
293.21886813561366
 20
130.19999999999956
 30
0.0
 40
1.3
  1
L17-1; ЭО-01
  7
GOST
 11
293.21886813561366
 21
130.19999999999956
 31
0.0
100
AcDbText
  0
LWPOLYLINE
  5
4D4
330
17
100
AcDbEntity
  8
TEXT
 62
7
370
15
100
AcDbPolyline
 90
2
 70
0
 10
341.7591699986178
 20
132.49999999999957
 10
341.7591699986178
 20
129.19999999999956
  0
TEXT
  5
4D5
330
17
100
AcDbEntity
  8
TEXT
 62
7
100
AcDbText
 10
342.5591699986178
 20
130.19999999999956
 30
0.0
 40
1.3
  1
Ремонт
  7
GOST
 11
342.5591699986178
 21
130.19999999999956
 31
0.0
100
AcDbText
  0
LWPOLYLINE
  5
4D6
330
17
100
AcDbEntity
  8
TEXT
 62
7
370
15
100
AcDbPolyline
 90
2
 70
0
 10
354.2736119054392
 20
132.49999999999957
 10
354.2736119054392
 20
129.19999999999956
  0
TEXT
  5
4D7
330
17
100
AcDbEntity
  8
TEXT
 62
7
100
AcDbText
 10
355.07361190543924
 20
130.19999999999956
 30
0.0
 40
1.3
  1
Э13
  7
GOST
 11
355.07361190543924
 21
130.19999999999956
 31
0.0
100
AcDbText
  0
LWPOLYLINE
  5
4D8
330
17
100
AcDbEntity
  8
TEXT
 62
7
370
15
100
AcDbPolyline
 90
2
 70
0
 10
370.86501459097985
 20
132.49999999999957
 10
370.86501459097985
 20
129.19999999999956
  0
TEXT
  5
4D9
330
17
100
AcDbEntity
  8
TEXT
 62
7
100
AcDbText
 10
371.66501459097987
 20
130.19999999999956
 30
0.0
 40
1.3
  1
длина 2.25 м по pos→end + 10 %
  7
GOST
 11
371.66501459097987
 21
130.19999999999956
 31
0.0
100
AcDbText
  0
LWPOLYLINE
  5
4DA
330
17
100
AcDbEntity
  8
TEXT
 62
7
370
15
100
AcDbPolyline
 90
2
 70
0
 10
413.0
 20
132.49999999999957
 10
413.0
 20
129.19999999999956
  0
LWPOLYLINE
  5
4DB
330
17
100
AcDbEntity
  8
TEXT
 62
7
370
15
100
AcDbPolyline
 90
4
 70
1
 10
22.0
 20
125.89999999999957
 10
413.0
 20
125.89999999999957
 10
413.0
 20
129.19999999999956
 10
22.0
 20
129.19999999999956
  0
LWPOLYLINE
  5
4DC
330
17
100
AcDbEntity
  8
TEXT
 62
7
370
15
100
AcDbPolyline
 90
2
 70
0
 10
22.0
 20
129.19999999999956
 10
22.0
 20
125.89999999999957
  0
TEXT
  5
4DD
330
17
100
AcDbEntity
  8
TEXT
 62
7
100
AcDbText
 10
22.8
 20
126.89999999999955
 30
0.0
 40
1.3
  1
39
  7
GOST
 11
22.8
 21
126.89999999999955
 31
0.0
100
AcDbText
  0
LWPOLYLINE
  5
4DE
330
17
100
AcDbEntity
  8
TEXT
 62
7
370
15
100
AcDbPolyline
 90
2
 70
0
 10
29.510720083277995
 20
129.19999999999956
 10
29.510720083277995
 20
125.89999999999957
  0
TEXT
  5
4DF
330
17
100
AcDbEntity
  8
TEXT
 62
7
100
AcDbText
 10
30.310720083277996
 20
126.89999999999955
 30
0.0
 40
1.3
  1
Профиль алюминиевый с рассеивателем для L17-1
  7
GOST
 11
30.310720083277996
 21
126.89999999999955
 31
0.0
100
AcDbText
  0
LWPOLYLINE
  5
4E0
330
17
100
AcDbEntity
  8
TEXT
 62
7
370
15
100
AcDbPolyline
 90
2
 70
0
 10
151.60385746872038
 20
129.19999999999956
 10
151.60385746872038
 20
125.89999999999957
  0
TEXT
  5
4E1
330
17
100
AcDbEntity
  8
TEXT
 62
7
100
AcDbText
 10
152.4038574687204
 20
126.89999999999955
 30
0.0
 40
1.3
  1
Arlight / Elektrostandard
  7
GOST
 11
152.4038574687204
 21
126.89999999999955
 31
0.0
100
AcDbText
  0
LWPOLYLINE
  5
4E2
330
17
100
AcDbEntity
  8
TEXT
 62
7
370
15
100
AcDbPolyline
 90
2
 70
0
 10
187.3879514055768
 20
129.19999999999956
 10
187.3879514055768
 20
125.89999999999957
  0
TEXT
  5
4E3
330
17
100
AcDbEntity
  8
TEXT
 62
7
100
AcDbText
 10
188.18795140557683
 20
126.89999999999955
 30
0.0
 40
1.3
  1
Arlight
  7
GOST
 11
188.18795140557683
 21
126.89999999999955
 31
0.0
100
AcDbText
  0
LWPOLYLINE
  5
4E4
330
17
100
AcDbEntity
  8
TEXT
 62
7
370
15
100
AcDbPolyline
 90
2
 70
0
 10
223.79012477186404
 20
129.19999999999956
 10
223.79012477186404
 20
125.89999999999957
  0
TEXT
  5
4E5
330
17
100
AcDbEntity
  8
TEXT
 62
7
100
AcDbText
 10
224.59012477186405
 20
126.89999999999955
 30
0.0
 40
1.3
  1
3
  7
GOST
 11
224.59012477186405
 21
126.89999999999955
 31
0.0
100
AcDbText
  0
LWPOLYLINE
  5
4E6
330
17
100
AcDbEntity
  8
TEXT
 62
7
370
15
100
AcDbPolyline
 90
2
 70
0
 10
234.42418713990168
 20
129.19999999999956
 10
234.42418713990168
 20
125.89999999999957
  0
TEXT
  5
4E7
330
17
100
AcDbEntity
  8
TEXT
 62
7
100
AcDbText
 10
235.2241871399017
 20
126.89999999999955
 30
0.0
 40
1.3
  1
м
  7
GOST
 11
235.2241871399017
 21
126.89999999999955
 31
0.0
100
AcDbText
  0
LWPOLYLINE
  5
4E8
330
17
100
AcDbEntity
  8
TEXT
 62
7
370
15
100
AcDbPolyline
 90
2
 70
0
 10
240.62318940741787
 20
129.19999999999956
 10
240.62318940741787
 20
125.89999999999957
  0
TEXT
  5
4E9
330
17
100
AcDbEntity
  8
TEXT
 62
7
100
AcDbText
 10
241.42318940741788
 20
126.89999999999955
 30
0.0
 40
1.3
  1
900
  7
GOST
 11
241.42318940741788
 21
126.89999999999955
 31
0.0
100
AcDbText
  0
LWPOLYLINE
  5
4EA
330
17
100
AcDbEntity
  8
TEXT
 62
7
370
15
100
AcDbPolyline
 90
2
 70
0
 10
262.2838460923918
 20
129.19999999999956
 10
262.2838460923918
 20
125.89999999999957
  0
TEXT
  5
4EB
330
17
100
AcDbEntity
  8
TEXT
 62
7
100
AcDbText
 10
263.0838460923918
 20
126.89999999999955
 30
0.0
 40
1.3
  1
2 700
  7
GOST
 11
263.0838460923918
 21
126.89999999999955
 31
0.0
100
AcDbText
  0
LWPOLYLINE
  5
4EC
330
17
100
AcDbEntity
  8
TEXT
 62
7
370
15
100
AcDbPolyline
 90
2
 70
0
 10
275.62442313461116
 20
129.19999999999956
 10
275.62442313461116
 20
125.89999999999957
  0
TEXT
  5
4ED
330
17
100
AcDbEntity
  8
TEXT
 62
7
100
AcDbText
 10
276.4244231346112
 20
126.89999999999955
 30
0.0
 40
1.3
  1
R4
  7
GOST
 11
276.4244231346112
 21
126.89999999999955
 31
0.0
100
AcDbText
  0
LWPOLYLINE
  5
4EE
330
17
100
AcDbEntity
  8
TEXT
 62
7
370
15
100
AcDbPolyline
 90
2
 70
0
 10
292.41886813561365
 20
129.19999999999956
 10
292.41886813561365
 20
125.89999999999957
  0
TEXT
  5
4EF
330
17
100
AcDbEntity
  8
TEXT
 62
7
100
AcDbText
 10
293.21886813561366
 20
126.89999999999955
 30
0.0
 40
1.3
  1
L17-1
  7
GOST
 11
293.21886813561366
 21
126.89999999999955
 31
0.0
100
AcDbText
  0
LWPOLYLINE
  5
4F0
330
17
100
AcDbEntity
  8
TEXT
 62
7
370
15
100
AcDbPolyline
 90
2
 70
0
 10
341.7591699986178
 20
129.19999999999956
 10
341.7591699986178
 20
125.89999999999957
  0
TEXT
  5
4F1
330
17
100
AcDbEntity
  8
TEXT
 62
7
100
AcDbText
 10
342.5591699986178
 20
126.89999999999955
 30
0.0
 40
1.3
  1
Ремонт
  7
GOST
 11
342.5591699986178
 21
126.89999999999955
 31
0.0
100
AcDbText
  0
LWPOLYLINE
  5
4F2
330
17
100
AcDbEntity
  8
TEXT
 62
7
370
15
100
AcDbPolyline
 90
2
 70
0
 10
354.2736119054392
 20
129.19999999999956
 10
354.2736119054392
 20
125.89999999999957
  0
TEXT
  5
4F3
330
17
100
AcDbEntity
  8
TEXT
 62
7
100
AcDbText
 10
355.07361190543924
 20
126.89999999999955
 30
0.0
 40
1.3
  1
Э13
  7
GOST
 11
355.07361190543924
 21
126.89999999999955
 31
0.0
100
AcDbText
  0
LWPOLYLINE
  5
4F4
330
17
100
AcDbEntity
  8
TEXT
 62
7
370
15
100
AcDbPolyline
 90
2
 70
0
 10
370.86501459097985
 20
129.19999999999956
 10
370.86501459097985
 20
125.89999999999957
  0
LWPOLYLINE
  5
4F5
330
17
100
AcDbEntity
  8
TEXT
 62
7
370
15
100
AcDbPolyline
 90
2
 70
0
 10
413.0
 20
129.19999999999956
 10
413.0
 20
125.89999999999957
  0
LWPOLYLINE
  5
4F6
330
17
100
AcDbEntity
  8
TEXT
 62
7
370
15
100
AcDbPolyline
 90
4
 70
1
 10
22.0
 20
122.59999999999957
 10
413.0
 20
122.59999999999957
 10
413.0
 20
125.89999999999957
 10
22.0
 20
125.89999999999957
  0
LWPOLYLINE
  5
4F7
330
17
100
AcDbEntity
  8
TEXT
 62
7
370
15
100
AcDbPolyline
 90
2
 70
0
 10
22.0
 20
125.89999999999957
 10
22.0
 20
122.59999999999957
  0
TEXT
  5
4F8
330
17
100
AcDbEntity
  8
TEXT
 62
7
100
AcDbText
 10
22.8
 20
123.59999999999957
 30
0.0
 40
1.3
  1
40
  7
GOST
 11
22.8
 21
123.59999999999957
 31
0.0
100
AcDbText
  0
LWPOLYLINE
  5
4F9
330
17
100
AcDbEntity
  8
TEXT
 62
7
370
15
100
AcDbPolyline
 90
2
 70
0
 10
29.510720083277995
 20
125.89999999999957
 10
29.510720083277995
 20
122.59999999999957
  0
TEXT
  5
4FA
330
17
100
AcDbEntity
  8
TEXT
 62
7
100
AcDbText
 10
30.310720083277996
 20
123.59999999999957
 30
0.0
 40
1.3
  1
Блок питания 24 В 30 Вт для L17-1
  7
GOST
 11
30.310720083277996
 21
123.59999999999957
 31
0.0
100
AcDbText
  0
LWPOLYLINE
  5
4FB
330
17
100
AcDbEntity
  8
TEXT
 62
7
370
15
100
AcDbPolyline
 90
2
 70
0
 10
151.60385746872038
 20
125.89999999999957
 10
151.60385746872038
 20
122.59999999999957
  0
TEXT
  5
4FC
330
17
100
AcDbEntity
  8
TEXT
 62
7
100
AcDbText
 10
152.4038574687204
 20
123.59999999999957
 30
0.0
 40
1.3
  1
Arlight ARPV / Mean Well
  7
GOST
 11
152.4038574687204
 21
123.59999999999957
 31
0.0
100
AcDbText
  0
LWPOLYLINE
  5
4FD
330
17
100
AcDbEntity
  8
TEXT
 62
7
370
15
100
AcDbPolyline
 90
2
 70
0
 10
187.3879514055768
 20
125.89999999999957
 10
187.3879514055768
 20
122.59999999999957
  0
TEXT
  5
4FE
330
17
100
AcDbEntity
  8
TEXT
 62
7
100
AcDbText
 10
188.18795140557683
 20
123.59999999999957
 30
0.0
 40
1.3
  1
Arlight / Mean Well
  7
GOST
 11
188.18795140557683
 21
123.59999999999957
 31
0.0
100
AcDbText
  0
LWPOLYLINE
  5
4FF
330
17
100
AcDbEntity
  8
TEXT
 62
7
370
15
100
AcDbPolyline
 90
2
 70
0
 10
223.79012477186404
 20
125.89999999999957
 10
223.79012477186404
 20
122.59999999999957
  0
TEXT
  5
500
330
17
100
AcDbEntity
  8
TEXT
 62
7
100
AcDbText
 10
224.59012477186405
 20
123.59999999999957
 30
0.0
 40
1.3
  1
1
  7
GOST
 11
224.59012477186405
 21
123.59999999999957
 31
0.0
100
AcDbText
  0
LWPOLYLINE
  5
501
330
17
100
AcDbEntity
  8
TEXT
 62
7
370
15
100
AcDbPolyline
 90
2
 70
0
 10
234.42418713990168
 20
125.89999999999957
 10
234.42418713990168
 20
122.59999999999957
  0
TEXT
  5
502
330
17
100
AcDbEntity
  8
TEXT
 62
7
100
AcDbText
 10
235.2241871399017
 20
123.59999999999957
 30
0.0
 40
1.3
  1
шт
  7
GOST
 11
235.2241871399017
 21
123.59999999999957
 31
0.0
100
AcDbText
  0
LWPOLYLINE
  5
503
330
17
100
AcDbEntity
  8
TEXT
 62
7
370
15
100
AcDbPolyline
 90
2
 70
0
 10
240.62318940741787
 20
125.89999999999957
 10
240.62318940741787
 20
122.59999999999957
  0
TEXT
  5
504
330
17
100
AcDbEntity
  8
TEXT
 62
7
100
AcDbText
 10
241.42318940741788
 20
123.59999999999957
 30
0.0
 40
1.3
  1
1 500
  7
GOST
 11
241.42318940741788
 21
123.59999999999957
 31
0.0
100
AcDbText
  0
LWPOLYLINE
  5
505
330
17
100
AcDbEntity
  8
TEXT
 62
7
370
15
100
AcDbPolyline
 90
2
 70
0
 10
262.2838460923918
 20
125.89999999999957
 10
262.2838460923918
 20
122.59999999999957
  0
TEXT
  5
506
330
17
100
AcDbEntity
  8
TEXT
 62
7
100
AcDbText
 10
263.0838460923918
 20
123.59999999999957
 30
0.0
 40
1.3
  1
1 500
  7
GOST
 11
263.0838460923918
 21
123.59999999999957
 31
0.0
100
AcDbText
  0
LWPOLYLINE
  5
507
330
17
100
AcDbEntity
  8
TEXT
 62
7
370
15
100
AcDbPolyline
 90
2
 70
0
 10
275.62442313461116
 20
125.89999999999957
 10
275.62442313461116
 20
122.59999999999957
  0
TEXT
  5
508
330
17
100
AcDbEntity
  8
TEXT
 62
7
100
AcDbText
 10
276.4244231346112
 20
123.59999999999957
 30
0.0
 40
1.3
  1
R4
  7
GOST
 11
276.4244231346112
 21
123.59999999999957
 31
0.0
100
AcDbText
  0
LWPOLYLINE
  5
509
330
17
100
AcDbEntity
  8
TEXT
 62
7
370
15
100
AcDbPolyline
 90
2
 70
0
 10
292.41886813561365
 20
125.89999999999957
 10
292.41886813561365
 20
122.59999999999957
  0
TEXT
  5
50A
330
17
100
AcDbEntity
  8
TEXT
 62
7
100
AcDbText
 10
293.21886813561366
 20
123.59999999999957
 30
0.0
 40
1.3
  1
L17-1
  7
GOST
 11
293.21886813561366
 21
123.59999999999957
 31
0.0
100
AcDbText
  0
LWPOLYLINE
  5
50B
330
17
100
AcDbEntity
  8
TEXT
 62
7
370
15
100
AcDbPolyline
 90
2
 70
0
 10
341.7591699986178
 20
125.89999999999957
 10
341.7591699986178
 20
122.59999999999957
  0
TEXT
  5
50C
330
17
100
AcDbEntity
  8
TEXT
 62
7
100
AcDbText
 10
342.5591699986178
 20
123.59999999999957
 30
0.0
 40
1.3
  1
Ремонт
  7
GOST
 11
342.5591699986178
 21
123.59999999999957
 31
0.0
100
AcDbText
  0
LWPOLYLINE
  5
50D
330
17
100
AcDbEntity
  8
TEXT
 62
7
370
15
100
AcDbPolyline
 90
2
 70
0
 10
354.2736119054392
 20
125.89999999999957
 10
354.2736119054392
 20
122.59999999999957
  0
TEXT
  5
50E
330
17
100
AcDbEntity
  8
TEXT
 62
7
100
AcDbText
 10
355.07361190543924
 20
123.59999999999957
 30
0.0
 40
1.3
  1
Э13
  7
GOST
 11
355.07361190543924
 21
123.59999999999957
 31
0.0
100
AcDbText
  0
LWPOLYLINE
  5
50F
330
17
100
AcDbEntity
  8
TEXT
 62
7
370
15
100
AcDbPolyline
 90
2
 70
0
 10
370.86501459097985
 20
125.89999999999957
 10
370.86501459097985
 20
122.59999999999957
  0
TEXT
  5
510
330
17
100
AcDbEntity
  8
TEXT
 62
7
100
AcDbText
 10
371.66501459097987
 20
123.59999999999957
 30
0.0
 40
1.3
  1
15 Вт × 1,25
  7
GOST
 11
371.66501459097987
 21
123.59999999999957
 31
0.0
100
AcDbText
  0
LWPOLYLINE
  5
511
330
17
100
AcDbEntity
  8
TEXT
 62
7
370
15
100
AcDbPolyline
 90
2
 70
0
 10
413.0
 20
125.89999999999957
 10
413.0
 20
122.59999999999957
  0
LWPOLYLINE
  5
512
330
17
100
AcDbEntity
  8
TEXT
 62
7
370
15
100
AcDbPolyline
 90
4
 70
1
 10
22.0
 20
119.29999999999957
 10
413.0
 20
119.29999999999957
 10
413.0
 20
122.59999999999957
 10
22.0
 20
122.59999999999957
  0
LWPOLYLINE
  5
513
330
17
100
AcDbEntity
  8
TEXT
 62
7
370
15
100
AcDbPolyline
 90
2
 70
0
 10
22.0
 20
122.59999999999957
 10
22.0
 20
119.29999999999957
  0
TEXT
  5
514
330
17
100
AcDbEntity
  8
TEXT
 62
7
100
AcDbText
 10
22.8
 20
120.29999999999957
 30
0.0
 40
1.3
  1
41
  7
GOST
 11
22.8
 21
120.29999999999957
 31
0.0
100
AcDbText
  0
LWPOLYLINE
  5
515
330
17
100
AcDbEntity
  8
TEXT
 62
7
370
15
100
AcDbPolyline
 90
2
 70
0
 10
29.510720083277995
 20
122.59999999999957
 10
29.510720083277995
 20
119.29999999999957
  0
TEXT
  5
516
330
17
100
AcDbEntity
  8
TEXT
 62
7
100
AcDbText
 10
30.310720083277996
 20
120.29999999999957
 30
0.0
 40
1.3
  1
Лента LED 24 В 2700 K CRI ≥ 90 — подсветка шкафа прихожей F60–F62 по датчикам открытия; БП на
  7
GOST
 11
30.310720083277996
 21
120.29999999999957
 31
0.0
100
AcDbText
  0
LWPOLYLINE
  5
517
330
17
100
AcDbEntity
  8
TEXT
 62
7
370
15
100
AcDbPolyline
 90
2
 70
0
 10
151.60385746872038
 20
122.59999999999957
 10
151.60385746872038
 20
119.29999999999957
  0
TEXT
  5
518
330
17
100
AcDbEntity
  8
TEXT
 62
7
100
AcDbText
 10
152.4038574687204
 20
120.29999999999957
 30
0.0
 40
1.3
  1
Arlight / Elektrostandard
  7
GOST
 11
152.4038574687204
 21
120.29999999999957
 31
0.0
100
AcDbText
  0
LWPOLYLINE
  5
519
330
17
100
AcDbEntity
  8
TEXT
 62
7
370
15
100
AcDbPolyline
 90
2
 70
0
 10
187.3879514055768
 20
122.59999999999957
 10
187.3879514055768
 20
119.29999999999957
  0
TEXT
  5
51A
330
17
100
AcDbEntity
  8
TEXT
 62
7
100
AcDbText
 10
188.18795140557683
 20
120.29999999999957
 30
0.0
 40
1.3
  1
Arlight
  7
GOST
 11
188.18795140557683
 21
120.29999999999957
 31
0.0
100
AcDbText
  0
LWPOLYLINE
  5
51B
330
17
100
AcDbEntity
  8
TEXT
 62
7
370
15
100
AcDbPolyline
 90
2
 70
0
 10
223.79012477186404
 20
122.59999999999957
 10
223.79012477186404
 20
119.29999999999957
  0
TEXT
  5
51C
330
17
100
AcDbEntity
  8
TEXT
 62
7
100
AcDbText
 10
224.59012477186405
 20
120.29999999999957
 30
0.0
 40
1.3
  1
3
  7
GOST
 11
224.59012477186405
 21
120.29999999999957
 31
0.0
100
AcDbText
  0
LWPOLYLINE
  5
51D
330
17
100
AcDbEntity
  8
TEXT
 62
7
370
15
100
AcDbPolyline
 90
2
 70
0
 10
234.42418713990168
 20
122.59999999999957
 10
234.42418713990168
 20
119.29999999999957
  0
TEXT
  5
51E
330
17
100
AcDbEntity
  8
TEXT
 62
7
100
AcDbText
 10
235.2241871399017
 20
120.29999999999957
 30
0.0
 40
1.3
  1
м
  7
GOST
 11
235.2241871399017
 21
120.29999999999957
 31
0.0
100
AcDbText
  0
LWPOLYLINE
  5
51F
330
17
100
AcDbEntity
  8
TEXT
 62
7
370
15
100
AcDbPolyline
 90
2
 70
0
 10
240.62318940741787
 20
122.59999999999957
 10
240.62318940741787
 20
119.29999999999957
  0
TEXT
  5
520
330
17
100
AcDbEntity
  8
TEXT
 62
7
100
AcDbText
 10
241.42318940741788
 20
120.29999999999957
 30
0.0
 40
1.3
  1
1 300
  7
GOST
 11
241.42318940741788
 21
120.29999999999957
 31
0.0
100
AcDbText
  0
LWPOLYLINE
  5
521
330
17
100
AcDbEntity
  8
TEXT
 62
7
370
15
100
AcDbPolyline
 90
2
 70
0
 10
262.2838460923918
 20
122.59999999999957
 10
262.2838460923918
 20
119.29999999999957
  0
TEXT
  5
522
330
17
100
AcDbEntity
  8
TEXT
 62
7
100
AcDbText
 10
263.0838460923918
 20
120.29999999999957
 30
0.0
 40
1.3
  1
3 900
  7
GOST
 11
263.0838460923918
 21
120.29999999999957
 31
0.0
100
AcDbText
  0
LWPOLYLINE
  5
523
330
17
100
AcDbEntity
  8
TEXT
 62
7
370
15
100
AcDbPolyline
 90
2
 70
0
 10
275.62442313461116
 20
122.59999999999957
 10
275.62442313461116
 20
119.29999999999957
  0
TEXT
  5
524
330
17
100
AcDbEntity
  8
TEXT
 62
7
100
AcDbText
 10
276.4244231346112
 20
120.29999999999957
 30
0.0
 40
1.3
  1
R4
  7
GOST
 11
276.4244231346112
 21
120.29999999999957
 31
0.0
100
AcDbText
  0
LWPOLYLINE
  5
525
330
17
100
AcDbEntity
  8
TEXT
 62
7
370
15
100
AcDbPolyline
 90
2
 70
0
 10
292.41886813561365
 20
122.59999999999957
 10
292.41886813561365
 20
119.29999999999957
  0
TEXT
  5
526
330
17
100
AcDbEntity
  8
TEXT
 62
7
100
AcDbText
 10
293.21886813561366
 20
120.29999999999957
 30
0.0
 40
1.3
  1
L18-1; F61; ЭО-01
  7
GOST
 11
293.21886813561366
 21
120.29999999999957
 31
0.0
100
AcDbText
  0
LWPOLYLINE
  5
527
330
17
100
AcDbEntity
  8
TEXT
 62
7
370
15
100
AcDbPolyline
 90
2
 70
0
 10
341.7591699986178
 20
122.59999999999957
 10
341.7591699986178
 20
119.29999999999957
  0
TEXT
  5
528
330
17
100
AcDbEntity
  8
TEXT
 62
7
100
AcDbText
 10
342.5591699986178
 20
120.29999999999957
 30
0.0
 40
1.3
  1
Ремонт
  7
GOST
 11
342.5591699986178
 21
120.29999999999957
 31
0.0
100
AcDbText
  0
LWPOLYLINE
  5
529
330
17
100
AcDbEntity
  8
TEXT
 62
7
370
15
100
AcDbPolyline
 90
2
 70
0
 10
354.2736119054392
 20
122.59999999999957
 10
354.2736119054392
 20
119.29999999999957
  0
TEXT
  5
52A
330
17
100
AcDbEntity
  8
TEXT
 62
7
100
AcDbText
 10
355.07361190543924
 20
120.29999999999957
 30
0.0
 40
1.3
  1
Э13
  7
GOST
 11
355.07361190543924
 21
120.29999999999957
 31
0.0
100
AcDbText
  0
LWPOLYLINE
  5
52B
330
17
100
AcDbEntity
  8
TEXT
 62
7
370
15
100
AcDbPolyline
 90
2
 70
0
 10
370.86501459097985
 20
122.59999999999957
 10
370.86501459097985
 20
119.29999999999957
  0
TEXT
  5
52C
330
17
100
AcDbEntity
  8
TEXT
 62
7
100
AcDbText
 10
371.66501459097987
 20
120.29999999999957
 30
0.0
 40
1.3
  1
длина 2.6 м по pos→end + 10 %
  7
GOST
 11
371.66501459097987
 21
120.29999999999957
 31
0.0
100
AcDbText
  0
LWPOLYLINE
  5
52D
330
17
100
AcDbEntity
  8
TEXT
 62
7
370
15
100
AcDbPolyline
 90
2
 70
0
 10
413.0
 20
122.59999999999957
 10
413.0
 20
119.29999999999957
  0
LWPOLYLINE
  5
52E
330
17
100
AcDbEntity
  8
TEXT
 62
7
370
15
100
AcDbPolyline
 90
4
 70
1
 10
22.0
 20
115.99999999999957
 10
413.0
 20
115.99999999999957
 10
413.0
 20
119.29999999999957
 10
22.0
 20
119.29999999999957
  0
LWPOLYLINE
  5
52F
330
17
100
AcDbEntity
  8
TEXT
 62
7
370
15
100
AcDbPolyline
 90
2
 70
0
 10
22.0
 20
119.29999999999957
 10
22.0
 20
115.99999999999957
  0
TEXT
  5
530
330
17
100
AcDbEntity
  8
TEXT
 62
7
100
AcDbText
 10
22.8
 20
116.99999999999957
 30
0.0
 40
1.3
  1
42
  7
GOST
 11
22.8
 21
116.99999999999957
 31
0.0
100
AcDbText
  0
LWPOLYLINE
  5
531
330
17
100
AcDbEntity
  8
TEXT
 62
7
370
15
100
AcDbPolyline
 90
2
 70
0
 10
29.510720083277995
 20
119.29999999999957
 10
29.510720083277995
 20
115.99999999999957
  0
TEXT
  5
532
330
17
100
AcDbEntity
  8
TEXT
 62
7
100
AcDbText
 10
30.310720083277996
 20
116.99999999999957
 30
0.0
 40
1.3
  1
Профиль алюминиевый с рассеивателем для L18-1
  7
GOST
 11
30.310720083277996
 21
116.99999999999957
 31
0.0
100
AcDbText
  0
LWPOLYLINE
  5
533
330
17
100
AcDbEntity
  8
TEXT
 62
7
370
15
100
AcDbPolyline
 90
2
 70
0
 10
151.60385746872038
 20
119.29999999999957
 10
151.60385746872038
 20
115.99999999999957
  0
TEXT
  5
534
330
17
100
AcDbEntity
  8
TEXT
 62
7
100
AcDbText
 10
152.4038574687204
 20
116.99999999999957
 30
0.0
 40
1.3
  1
Arlight / Elektrostandard
  7
GOST
 11
152.4038574687204
 21
116.99999999999957
 31
0.0
100
AcDbText
  0
LWPOLYLINE
  5
535
330
17
100
AcDbEntity
  8
TEXT
 62
7
370
15
100
AcDbPolyline
 90
2
 70
0
 10
187.3879514055768
 20
119.29999999999957
 10
187.3879514055768
 20
115.99999999999957
  0
TEXT
  5
536
330
17
100
AcDbEntity
  8
TEXT
 62
7
100
AcDbText
 10
188.18795140557683
 20
116.99999999999957
 30
0.0
 40
1.3
  1
Arlight
  7
GOST
 11
188.18795140557683
 21
116.99999999999957
 31
0.0
100
AcDbText
  0
LWPOLYLINE
  5
537
330
17
100
AcDbEntity
  8
TEXT
 62
7
370
15
100
AcDbPolyline
 90
2
 70
0
 10
223.79012477186404
 20
119.29999999999957
 10
223.79012477186404
 20
115.99999999999957
  0
TEXT
  5
538
330
17
100
AcDbEntity
  8
TEXT
 62
7
100
AcDbText
 10
224.59012477186405
 20
116.99999999999957
 30
0.0
 40
1.3
  1
3
  7
GOST
 11
224.59012477186405
 21
116.99999999999957
 31
0.0
100
AcDbText
  0
LWPOLYLINE
  5
539
330
17
100
AcDbEntity
  8
TEXT
 62
7
370
15
100
AcDbPolyline
 90
2
 70
0
 10
234.42418713990168
 20
119.29999999999957
 10
234.42418713990168
 20
115.99999999999957
  0
TEXT
  5
53A
330
17
100
AcDbEntity
  8
TEXT
 62
7
100
AcDbText
 10
235.2241871399017
 20
116.99999999999957
 30
0.0
 40
1.3
  1
м
  7
GOST
 11
235.2241871399017
 21
116.99999999999957
 31
0.0
100
AcDbText
  0
LWPOLYLINE
  5
53B
330
17
100
AcDbEntity
  8
TEXT
 62
7
370
15
100
AcDbPolyline
 90
2
 70
0
 10
240.62318940741787
 20
119.29999999999957
 10
240.62318940741787
 20
115.99999999999957
  0
TEXT
  5
53C
330
17
100
AcDbEntity
  8
TEXT
 62
7
100
AcDbText
 10
241.42318940741788
 20
116.99999999999957
 30
0.0
 40
1.3
  1
900
  7
GOST
 11
241.42318940741788
 21
116.99999999999957
 31
0.0
100
AcDbText
  0
LWPOLYLINE
  5
53D
330
17
100
AcDbEntity
  8
TEXT
 62
7
370
15
100
AcDbPolyline
 90
2
 70
0
 10
262.2838460923918
 20
119.29999999999957
 10
262.2838460923918
 20
115.99999999999957
  0
TEXT
  5
53E
330
17
100
AcDbEntity
  8
TEXT
 62
7
100
AcDbText
 10
263.0838460923918
 20
116.99999999999957
 30
0.0
 40
1.3
  1
2 700
  7
GOST
 11
263.0838460923918
 21
116.99999999999957
 31
0.0
100
AcDbText
  0
LWPOLYLINE
  5
53F
330
17
100
AcDbEntity
  8
TEXT
 62
7
370
15
100
AcDbPolyline
 90
2
 70
0
 10
275.62442313461116
 20
119.29999999999957
 10
275.62442313461116
 20
115.99999999999957
  0
TEXT
  5
540
330
17
100
AcDbEntity
  8
TEXT
 62
7
100
AcDbText
 10
276.4244231346112
 20
116.99999999999957
 30
0.0
 40
1.3
  1
R4
  7
GOST
 11
276.4244231346112
 21
116.99999999999957
 31
0.0
100
AcDbText
  0
LWPOLYLINE
  5
541
330
17
100
AcDbEntity
  8
TEXT
 62
7
370
15
100
AcDbPolyline
 90
2
 70
0
 10
292.41886813561365
 20
119.29999999999957
 10
292.41886813561365
 20
115.99999999999957
  0
TEXT
  5
542
330
17
100
AcDbEntity
  8
TEXT
 62
7
100
AcDbText
 10
293.21886813561366
 20
116.99999999999957
 30
0.0
 40
1.3
  1
L18-1
  7
GOST
 11
293.21886813561366
 21
116.99999999999957
 31
0.0
100
AcDbText
  0
LWPOLYLINE
  5
543
330
17
100
AcDbEntity
  8
TEXT
 62
7
370
15
100
AcDbPolyline
 90
2
 70
0
 10
341.7591699986178
 20
119.29999999999957
 10
341.7591699986178
 20
115.99999999999957
  0
TEXT
  5
544
330
17
100
AcDbEntity
  8
TEXT
 62
7
100
AcDbText
 10
342.5591699986178
 20
116.99999999999957
 30
0.0
 40
1.3
  1
Ремонт
  7
GOST
 11
342.5591699986178
 21
116.99999999999957
 31
0.0
100
AcDbText
  0
LWPOLYLINE
  5
545
330
17
100
AcDbEntity
  8
TEXT
 62
7
370
15
100
AcDbPolyline
 90
2
 70
0
 10
354.2736119054392
 20
119.29999999999957
 10
354.2736119054392
 20
115.99999999999957
  0
TEXT
  5
546
330
17
100
AcDbEntity
  8
TEXT
 62
7
100
AcDbText
 10
355.07361190543924
 20
116.99999999999957
 30
0.0
 40
1.3
  1
Э13
  7
GOST
 11
355.07361190543924
 21
116.99999999999957
 31
0.0
100
AcDbText
  0
LWPOLYLINE
  5
547
330
17
100
AcDbEntity
  8
TEXT
 62
7
370
15
100
AcDbPolyline
 90
2
 70
0
 10
370.86501459097985
 20
119.29999999999957
 10
370.86501459097985
 20
115.99999999999957
  0
LWPOLYLINE
  5
548
330
17
100
AcDbEntity
  8
TEXT
 62
7
370
15
100
AcDbPolyline
 90
2
 70
0
 10
413.0
 20
119.29999999999957
 10
413.0
 20
115.99999999999957
  0
LWPOLYLINE
  5
549
330
17
100
AcDbEntity
  8
TEXT
 62
7
370
15
100
AcDbPolyline
 90
4
 70
1
 10
22.0
 20
112.69999999999958
 10
413.0
 20
112.69999999999958
 10
413.0
 20
115.99999999999957
 10
22.0
 20
115.99999999999957
  0
LWPOLYLINE
  5
54A
330
17
100
AcDbEntity
  8
TEXT
 62
7
370
15
100
AcDbPolyline
 90
2
 70
0
 10
22.0
 20
115.99999999999957
 10
22.0
 20
112.69999999999958
  0
TEXT
  5
54B
330
17
100
AcDbEntity
  8
TEXT
 62
7
100
AcDbText
 10
22.8
 20
113.69999999999958
 30
0.0
 40
1.3
  1
43
  7
GOST
 11
22.8
 21
113.69999999999958
 31
0.0
100
AcDbText
  0
LWPOLYLINE
  5
54C
330
17
100
AcDbEntity
  8
TEXT
 62
7
370
15
100
AcDbPolyline
 90
2
 70
0
 10
29.510720083277995
 20
115.99999999999957
 10
29.510720083277995
 20
112.69999999999958
  0
TEXT
  5
54D
330
17
100
AcDbEntity
  8
TEXT
 62
7
100
AcDbText
 10
30.310720083277996
 20
113.69999999999958
 30
0.0
 40
1.3
  1
Блок питания 24 В 30 Вт для L18-1
  7
GOST
 11
30.310720083277996
 21
113.69999999999958
 31
0.0
100
AcDbText
  0
LWPOLYLINE
  5
54E
330
17
100
AcDbEntity
  8
TEXT
 62
7
370
15
100
AcDbPolyline
 90
2
 70
0
 10
151.60385746872038
 20
115.99999999999957
 10
151.60385746872038
 20
112.69999999999958
  0
TEXT
  5
54F
330
17
100
AcDbEntity
  8
TEXT
 62
7
100
AcDbText
 10
152.4038574687204
 20
113.69999999999958
 30
0.0
 40
1.3
  1
Arlight ARPV / Mean Well
  7
GOST
 11
152.4038574687204
 21
113.69999999999958
 31
0.0
100
AcDbText
  0
LWPOLYLINE
  5
550
330
17
100
AcDbEntity
  8
TEXT
 62
7
370
15
100
AcDbPolyline
 90
2
 70
0
 10
187.3879514055768
 20
115.99999999999957
 10
187.3879514055768
 20
112.69999999999958
  0
TEXT
  5
551
330
17
100
AcDbEntity
  8
TEXT
 62
7
100
AcDbText
 10
188.18795140557683
 20
113.69999999999958
 30
0.0
 40
1.3
  1
Arlight / Mean Well
  7
GOST
 11
188.18795140557683
 21
113.69999999999958
 31
0.0
100
AcDbText
  0
LWPOLYLINE
  5
552
330
17
100
AcDbEntity
  8
TEXT
 62
7
370
15
100
AcDbPolyline
 90
2
 70
0
 10
223.79012477186404
 20
115.99999999999957
 10
223.79012477186404
 20
112.69999999999958
  0
TEXT
  5
553
330
17
100
AcDbEntity
  8
TEXT
 62
7
100
AcDbText
 10
224.59012477186405
 20
113.69999999999958
 30
0.0
 40
1.3
  1
1
  7
GOST
 11
224.59012477186405
 21
113.69999999999958
 31
0.0
100
AcDbText
  0
LWPOLYLINE
  5
554
330
17
100
AcDbEntity
  8
TEXT
 62
7
370
15
100
AcDbPolyline
 90
2
 70
0
 10
234.42418713990168
 20
115.99999999999957
 10
234.42418713990168
 20
112.69999999999958
  0
TEXT
  5
555
330
17
100
AcDbEntity
  8
TEXT
 62
7
100
AcDbText
 10
235.2241871399017
 20
113.69999999999958
 30
0.0
 40
1.3
  1
шт
  7
GOST
 11
235.2241871399017
 21
113.69999999999958
 31
0.0
100
AcDbText
  0
LWPOLYLINE
  5
556
330
17
100
AcDbEntity
  8
TEXT
 62
7
370
15
100
AcDbPolyline
 90
2
 70
0
 10
240.62318940741787
 20
115.99999999999957
 10
240.62318940741787
 20
112.69999999999958
  0
TEXT
  5
557
330
17
100
AcDbEntity
  8
TEXT
 62
7
100
AcDbText
 10
241.42318940741788
 20
113.69999999999958
 30
0.0
 40
1.3
  1
1 500
  7
GOST
 11
241.42318940741788
 21
113.69999999999958
 31
0.0
100
AcDbText
  0
LWPOLYLINE
  5
558
330
17
100
AcDbEntity
  8
TEXT
 62
7
370
15
100
AcDbPolyline
 90
2
 70
0
 10
262.2838460923918
 20
115.99999999999957
 10
262.2838460923918
 20
112.69999999999958
  0
TEXT
  5
559
330
17
100
AcDbEntity
  8
TEXT
 62
7
100
AcDbText
 10
263.0838460923918
 20
113.69999999999958
 30
0.0
 40
1.3
  1
1 500
  7
GOST
 11
263.0838460923918
 21
113.69999999999958
 31
0.0
100
AcDbText
  0
LWPOLYLINE
  5
55A
330
17
100
AcDbEntity
  8
TEXT
 62
7
370
15
100
AcDbPolyline
 90
2
 70
0
 10
275.62442313461116
 20
115.99999999999957
 10
275.62442313461116
 20
112.69999999999958
  0
TEXT
  5
55B
330
17
100
AcDbEntity
  8
TEXT
 62
7
100
AcDbText
 10
276.4244231346112
 20
113.69999999999958
 30
0.0
 40
1.3
  1
R4
  7
GOST
 11
276.4244231346112
 21
113.69999999999958
 31
0.0
100
AcDbText
  0
LWPOLYLINE
  5
55C
330
17
100
AcDbEntity
  8
TEXT
 62
7
370
15
100
AcDbPolyline
 90
2
 70
0
 10
292.41886813561365
 20
115.99999999999957
 10
292.41886813561365
 20
112.69999999999958
  0
TEXT
  5
55D
330
17
100
AcDbEntity
  8
TEXT
 62
7
100
AcDbText
 10
293.21886813561366
 20
113.69999999999958
 30
0.0
 40
1.3
  1
L18-1
  7
GOST
 11
293.21886813561366
 21
113.69999999999958
 31
0.0
100
AcDbText
  0
LWPOLYLINE
  5
55E
330
17
100
AcDbEntity
  8
TEXT
 62
7
370
15
100
AcDbPolyline
 90
2
 70
0
 10
341.7591699986178
 20
115.99999999999957
 10
341.7591699986178
 20
112.69999999999958
  0
TEXT
  5
55F
330
17
100
AcDbEntity
  8
TEXT
 62
7
100
AcDbText
 10
342.5591699986178
 20
113.69999999999958
 30
0.0
 40
1.3
  1
Ремонт
  7
GOST
 11
342.5591699986178
 21
113.69999999999958
 31
0.0
100
AcDbText
  0
LWPOLYLINE
  5
560
330
17
100
AcDbEntity
  8
TEXT
 62
7
370
15
100
AcDbPolyline
 90
2
 70
0
 10
354.2736119054392
 20
115.99999999999957
 10
354.2736119054392
 20
112.69999999999958
  0
TEXT
  5
561
330
17
100
AcDbEntity
  8
TEXT
 62
7
100
AcDbText
 10
355.07361190543924
 20
113.69999999999958
 30
0.0
 40
1.3
  1
Э13
  7
GOST
 11
355.07361190543924
 21
113.69999999999958
 31
0.0
100
AcDbText
  0
LWPOLYLINE
  5
562
330
17
100
AcDbEntity
  8
TEXT
 62
7
370
15
100
AcDbPolyline
 90
2
 70
0
 10
370.86501459097985
 20
115.99999999999957
 10
370.86501459097985
 20
112.69999999999958
  0
TEXT
  5
563
330
17
100
AcDbEntity
  8
TEXT
 62
7
100
AcDbText
 10
371.66501459097987
 20
113.69999999999958
 30
0.0
 40
1.3
  1
20 Вт × 1,25
  7
GOST
 11
371.66501459097987
 21
113.69999999999958
 31
0.0
100
AcDbText
  0
LWPOLYLINE
  5
564
330
17
100
AcDbEntity
  8
TEXT
 62
7
370
15
100
AcDbPolyline
 90
2
 70
0
 10
413.0
 20
115.99999999999957
 10
413.0
 20
112.69999999999958
  0
LWPOLYLINE
  5
565
330
17
100
AcDbEntity
  8
TEXT
 62
7
370
15
100
AcDbPolyline
 90
4
 70
1
 10
22.0
 20
109.39999999999958
 10
413.0
 20
109.39999999999958
 10
413.0
 20
112.69999999999958
 10
22.0
 20
112.69999999999958
  0
LWPOLYLINE
  5
566
330
17
100
AcDbEntity
  8
TEXT
 62
7
370
15
100
AcDbPolyline
 90
2
 70
0
 10
22.0
 20
112.69999999999958
 10
22.0
 20
109.39999999999958
  0
TEXT
  5
567
330
17
100
AcDbEntity
  8
TEXT
 62
7
100
AcDbText
 10
22.8
 20
110.39999999999958
 30
0.0
 40
1.3
  1
44
  7
GOST
 11
22.8
 21
110.39999999999958
 31
0.0
100
AcDbText
  0
LWPOLYLINE
  5
568
330
17
100
AcDbEntity
  8
TEXT
 62
7
370
15
100
AcDbPolyline
 90
2
 70
0
 10
29.510720083277995
 20
112.69999999999958
 10
29.510720083277995
 20
109.39999999999958
  0
TEXT
  5
569
330
17
100
AcDbEntity
  8
TEXT
 62
7
100
AcDbText
 10
30.310720083277996
 20
110.39999999999958
 30
0.0
 40
1.3
  1
Лента LED 12 В IP67 3000 K CRI ≥ 90 — ночная подсветка под тумбой F71 по датчику движения
  7
GOST
 11
30.310720083277996
 21
110.39999999999958
 31
0.0
100
AcDbText
  0
LWPOLYLINE
  5
56A
330
17
100
AcDbEntity
  8
TEXT
 62
7
370
15
100
AcDbPolyline
 90
2
 70
0
 10
151.60385746872038
 20
112.69999999999958
 10
151.60385746872038
 20
109.39999999999958
  0
TEXT
  5
56B
330
17
100
AcDbEntity
  8
TEXT
 62
7
100
AcDbText
 10
152.4038574687204
 20
110.39999999999958
 30
0.0
 40
1.3
  1
Arlight / Elektrostandard
  7
GOST
 11
152.4038574687204
 21
110.39999999999958
 31
0.0
100
AcDbText
  0
LWPOLYLINE
  5
56C
330
17
100
AcDbEntity
  8
TEXT
 62
7
370
15
100
AcDbPolyline
 90
2
 70
0
 10
187.3879514055768
 20
112.69999999999958
 10
187.3879514055768
 20
109.39999999999958
  0
TEXT
  5
56D
330
17
100
AcDbEntity
  8
TEXT
 62
7
100
AcDbText
 10
188.18795140557683
 20
110.39999999999958
 30
0.0
 40
1.3
  1
Arlight
  7
GOST
 11
188.18795140557683
 21
110.39999999999958
 31
0.0
100
AcDbText
  0
LWPOLYLINE
  5
56E
330
17
100
AcDbEntity
  8
TEXT
 62
7
370
15
100
AcDbPolyline
 90
2
 70
0
 10
223.79012477186404
 20
112.69999999999958
 10
223.79012477186404
 20
109.39999999999958
  0
TEXT
  5
56F
330
17
100
AcDbEntity
  8
TEXT
 62
7
100
AcDbText
 10
224.59012477186405
 20
110.39999999999958
 30
0.0
 40
1.3
  1
1
  7
GOST
 11
224.59012477186405
 21
110.39999999999958
 31
0.0
100
AcDbText
  0
LWPOLYLINE
  5
570
330
17
100
AcDbEntity
  8
TEXT
 62
7
370
15
100
AcDbPolyline
 90
2
 70
0
 10
234.42418713990168
 20
112.69999999999958
 10
234.42418713990168
 20
109.39999999999958
  0
TEXT
  5
571
330
17
100
AcDbEntity
  8
TEXT
 62
7
100
AcDbText
 10
235.2241871399017
 20
110.39999999999958
 30
0.0
 40
1.3
  1
м
  7
GOST
 11
235.2241871399017
 21
110.39999999999958
 31
0.0
100
AcDbText
  0
LWPOLYLINE
  5
572
330
17
100
AcDbEntity
  8
TEXT
 62
7
370
15
100
AcDbPolyline
 90
2
 70
0
 10
240.62318940741787
 20
112.69999999999958
 10
240.62318940741787
 20
109.39999999999958
  0
TEXT
  5
573
330
17
100
AcDbEntity
  8
TEXT
 62
7
100
AcDbText
 10
241.42318940741788
 20
110.39999999999958
 30
0.0
 40
1.3
  1
1 500
  7
GOST
 11
241.42318940741788
 21
110.39999999999958
 31
0.0
100
AcDbText
  0
LWPOLYLINE
  5
574
330
17
100
AcDbEntity
  8
TEXT
 62
7
370
15
100
AcDbPolyline
 90
2
 70
0
 10
262.2838460923918
 20
112.69999999999958
 10
262.2838460923918
 20
109.39999999999958
  0
TEXT
  5
575
330
17
100
AcDbEntity
  8
TEXT
 62
7
100
AcDbText
 10
263.0838460923918
 20
110.39999999999958
 30
0.0
 40
1.3
  1
1 500
  7
GOST
 11
263.0838460923918
 21
110.39999999999958
 31
0.0
100
AcDbText
  0
LWPOLYLINE
  5
576
330
17
100
AcDbEntity
  8
TEXT
 62
7
370
15
100
AcDbPolyline
 90
2
 70
0
 10
275.62442313461116
 20
112.69999999999958
 10
275.62442313461116
 20
109.39999999999958
  0
TEXT
  5
577
330
17
100
AcDbEntity
  8
TEXT
 62
7
100
AcDbText
 10
276.4244231346112
 20
110.39999999999958
 30
0.0
 40
1.3
  1
R5
  7
GOST
 11
276.4244231346112
 21
110.39999999999958
 31
0.0
100
AcDbText
  0
LWPOLYLINE
  5
578
330
17
100
AcDbEntity
  8
TEXT
 62
7
370
15
100
AcDbPolyline
 90
2
 70
0
 10
292.41886813561365
 20
112.69999999999958
 10
292.41886813561365
 20
109.39999999999958
  0
TEXT
  5
579
330
17
100
AcDbEntity
  8
TEXT
 62
7
100
AcDbText
 10
293.21886813561366
 20
110.39999999999958
 30
0.0
 40
1.3
  1
L21-1; ЭО-01
  7
GOST
 11
293.21886813561366
 21
110.39999999999958
 31
0.0
100
AcDbText
  0
LWPOLYLINE
  5
57A
330
17
100
AcDbEntity
  8
TEXT
 62
7
370
15
100
AcDbPolyline
 90
2
 70
0
 10
341.7591699986178
 20
112.69999999999958
 10
341.7591699986178
 20
109.39999999999958
  0
TEXT
  5
57B
330
17
100
AcDbEntity
  8
TEXT
 62
7
100
AcDbText
 10
342.5591699986178
 20
110.39999999999958
 30
0.0
 40
1.3
  1
Ремонт
  7
GOST
 11
342.5591699986178
 21
110.39999999999958
 31
0.0
100
AcDbText
  0
LWPOLYLINE
  5
57C
330
17
100
AcDbEntity
  8
TEXT
 62
7
370
15
100
AcDbPolyline
 90
2
 70
0
 10
354.2736119054392
 20
112.69999999999958
 10
354.2736119054392
 20
109.39999999999958
  0
TEXT
  5
57D
330
17
100
AcDbEntity
  8
TEXT
 62
7
100
AcDbText
 10
355.07361190543924
 20
110.39999999999958
 30
0.0
 40
1.3
  1
Э13
  7
GOST
 11
355.07361190543924
 21
110.39999999999958
 31
0.0
100
AcDbText
  0
LWPOLYLINE
  5
57E
330
17
100
AcDbEntity
  8
TEXT
 62
7
370
15
100
AcDbPolyline
 90
2
 70
0
 10
370.86501459097985
 20
112.69999999999958
 10
370.86501459097985
 20
109.39999999999958
  0
TEXT
  5
57F
330
17
100
AcDbEntity
  8
TEXT
 62
7
100
AcDbText
 10
371.66501459097987
 20
110.39999999999958
 30
0.0
 40
1.3
  1
длина 0.9 м по pos→end + 10 %
  7
GOST
 11
371.66501459097987
 21
110.39999999999958
 31
0.0
100
AcDbText
  0
LWPOLYLINE
  5
580
330
17
100
AcDbEntity
  8
TEXT
 62
7
370
15
100
AcDbPolyline
 90
2
 70
0
 10
413.0
 20
112.69999999999958
 10
413.0
 20
109.39999999999958
  0
LWPOLYLINE
  5
581
330
17
100
AcDbEntity
  8
TEXT
 62
7
370
15
100
AcDbPolyline
 90
4
 70
1
 10
22.0
 20
106.09999999999958
 10
413.0
 20
106.09999999999958
 10
413.0
 20
109.39999999999958
 10
22.0
 20
109.39999999999958
  0
LWPOLYLINE
  5
582
330
17
100
AcDbEntity
  8
TEXT
 62
7
370
15
100
AcDbPolyline
 90
2
 70
0
 10
22.0
 20
109.39999999999958
 10
22.0
 20
106.09999999999958
  0
TEXT
  5
583
330
17
100
AcDbEntity
  8
TEXT
 62
7
100
AcDbText
 10
22.8
 20
107.09999999999958
 30
0.0
 40
1.3
  1
45
  7
GOST
 11
22.8
 21
107.09999999999958
 31
0.0
100
AcDbText
  0
LWPOLYLINE
  5
584
330
17
100
AcDbEntity
  8
TEXT
 62
7
370
15
100
AcDbPolyline
 90
2
 70
0
 10
29.510720083277995
 20
109.39999999999958
 10
29.510720083277995
 20
106.09999999999958
  0
TEXT
  5
585
330
17
100
AcDbEntity
  8
TEXT
 62
7
100
AcDbText
 10
30.310720083277996
 20
107.09999999999958
 30
0.0
 40
1.3
  1
Профиль алюминиевый с рассеивателем для L21-1
  7
GOST
 11
30.310720083277996
 21
107.09999999999958
 31
0.0
100
AcDbText
  0
LWPOLYLINE
  5
586
330
17
100
AcDbEntity
  8
TEXT
 62
7
370
15
100
AcDbPolyline
 90
2
 70
0
 10
151.60385746872038
 20
109.39999999999958
 10
151.60385746872038
 20
106.09999999999958
  0
TEXT
  5
587
330
17
100
AcDbEntity
  8
TEXT
 62
7
100
AcDbText
 10
152.4038574687204
 20
107.09999999999958
 30
0.0
 40
1.3
  1
Arlight / Elektrostandard
  7
GOST
 11
152.4038574687204
 21
107.09999999999958
 31
0.0
100
AcDbText
  0
LWPOLYLINE
  5
588
330
17
100
AcDbEntity
  8
TEXT
 62
7
370
15
100
AcDbPolyline
 90
2
 70
0
 10
187.3879514055768
 20
109.39999999999958
 10
187.3879514055768
 20
106.09999999999958
  0
TEXT
  5
589
330
17
100
AcDbEntity
  8
TEXT
 62
7
100
AcDbText
 10
188.18795140557683
 20
107.09999999999958
 30
0.0
 40
1.3
  1
Arlight
  7
GOST
 11
188.18795140557683
 21
107.09999999999958
 31
0.0
100
AcDbText
  0
LWPOLYLINE
  5
58A
330
17
100
AcDbEntity
  8
TEXT
 62
7
370
15
100
AcDbPolyline
 90
2
 70
0
 10
223.79012477186404
 20
109.39999999999958
 10
223.79012477186404
 20
106.09999999999958
  0
TEXT
  5
58B
330
17
100
AcDbEntity
  8
TEXT
 62
7
100
AcDbText
 10
224.59012477186405
 20
107.09999999999958
 30
0.0
 40
1.3
  1
1
  7
GOST
 11
224.59012477186405
 21
107.09999999999958
 31
0.0
100
AcDbText
  0
LWPOLYLINE
  5
58C
330
17
100
AcDbEntity
  8
TEXT
 62
7
370
15
100
AcDbPolyline
 90
2
 70
0
 10
234.42418713990168
 20
109.39999999999958
 10
234.42418713990168
 20
106.09999999999958
  0
TEXT
  5
58D
330
17
100
AcDbEntity
  8
TEXT
 62
7
100
AcDbText
 10
235.2241871399017
 20
107.09999999999958
 30
0.0
 40
1.3
  1
м
  7
GOST
 11
235.2241871399017
 21
107.09999999999958
 31
0.0
100
AcDbText
  0
LWPOLYLINE
  5
58E
330
17
100
AcDbEntity
  8
TEXT
 62
7
370
15
100
AcDbPolyline
 90
2
 70
0
 10
240.62318940741787
 20
109.39999999999958
 10
240.62318940741787
 20
106.09999999999958
  0
TEXT
  5
58F
330
17
100
AcDbEntity
  8
TEXT
 62
7
100
AcDbText
 10
241.42318940741788
 20
107.09999999999958
 30
0.0
 40
1.3
  1
900
  7
GOST
 11
241.42318940741788
 21
107.09999999999958
 31
0.0
100
AcDbText
  0
LWPOLYLINE
  5
590
330
17
100
AcDbEntity
  8
TEXT
 62
7
370
15
100
AcDbPolyline
 90
2
 70
0
 10
262.2838460923918
 20
109.39999999999958
 10
262.2838460923918
 20
106.09999999999958
  0
TEXT
  5
591
330
17
100
AcDbEntity
  8
TEXT
 62
7
100
AcDbText
 10
263.0838460923918
 20
107.09999999999958
 30
0.0
 40
1.3
  1
900
  7
GOST
 11
263.0838460923918
 21
107.09999999999958
 31
0.0
100
AcDbText
  0
LWPOLYLINE
  5
592
330
17
100
AcDbEntity
  8
TEXT
 62
7
370
15
100
AcDbPolyline
 90
2
 70
0
 10
275.62442313461116
 20
109.39999999999958
 10
275.62442313461116
 20
106.09999999999958
  0
TEXT
  5
593
330
17
100
AcDbEntity
  8
TEXT
 62
7
100
AcDbText
 10
276.4244231346112
 20
107.09999999999958
 30
0.0
 40
1.3
  1
R5
  7
GOST
 11
276.4244231346112
 21
107.09999999999958
 31
0.0
100
AcDbText
  0
LWPOLYLINE
  5
594
330
17
100
AcDbEntity
  8
TEXT
 62
7
370
15
100
AcDbPolyline
 90
2
 70
0
 10
292.41886813561365
 20
109.39999999999958
 10
292.41886813561365
 20
106.09999999999958
  0
TEXT
  5
595
330
17
100
AcDbEntity
  8
TEXT
 62
7
100
AcDbText
 10
293.21886813561366
 20
107.09999999999958
 30
0.0
 40
1.3
  1
L21-1
  7
GOST
 11
293.21886813561366
 21
107.09999999999958
 31
0.0
100
AcDbText
  0
LWPOLYLINE
  5
596
330
17
100
AcDbEntity
  8
TEXT
 62
7
370
15
100
AcDbPolyline
 90
2
 70
0
 10
341.7591699986178
 20
109.39999999999958
 10
341.7591699986178
 20
106.09999999999958
  0
TEXT
  5
597
330
17
100
AcDbEntity
  8
TEXT
 62
7
100
AcDbText
 10
342.5591699986178
 20
107.09999999999958
 30
0.0
 40
1.3
  1
Ремонт
  7
GOST
 11
342.5591699986178
 21
107.09999999999958
 31
0.0
100
AcDbText
  0
LWPOLYLINE
  5
598
330
17
100
AcDbEntity
  8
TEXT
 62
7
370
15
100
AcDbPolyline
 90
2
 70
0
 10
354.2736119054392
 20
109.39999999999958
 10
354.2736119054392
 20
106.09999999999958
  0
TEXT
  5
599
330
17
100
AcDbEntity
  8
TEXT
 62
7
100
AcDbText
 10
355.07361190543924
 20
107.09999999999958
 30
0.0
 40
1.3
  1
Э13
  7
GOST
 11
355.07361190543924
 21
107.09999999999958
 31
0.0
100
AcDbText
  0
LWPOLYLINE
  5
59A
330
17
100
AcDbEntity
  8
TEXT
 62
7
370
15
100
AcDbPolyline
 90
2
 70
0
 10
370.86501459097985
 20
109.39999999999958
 10
370.86501459097985
 20
106.09999999999958
  0
LWPOLYLINE
  5
59B
330
17
100
AcDbEntity
  8
TEXT
 62
7
370
15
100
AcDbPolyline
 90
2
 70
0
 10
413.0
 20
109.39999999999958
 10
413.0
 20
106.09999999999958
  0
LWPOLYLINE
  5
59C
330
17
100
AcDbEntity
  8
TEXT
 62
7
370
15
100
AcDbPolyline
 90
4
 70
1
 10
22.0
 20
102.79999999999959
 10
413.0
 20
102.79999999999959
 10
413.0
 20
106.09999999999958
 10
22.0
 20
106.09999999999958
  0
LWPOLYLINE
  5
59D
330
17
100
AcDbEntity
  8
TEXT
 62
7
370
15
100
AcDbPolyline
 90
2
 70
0
 10
22.0
 20
106.09999999999958
 10
22.0
 20
102.79999999999959
  0
TEXT
  5
59E
330
17
100
AcDbEntity
  8
TEXT
 62
7
100
AcDbText
 10
22.8
 20
103.79999999999959
 30
0.0
 40
1.3
  1
46
  7
GOST
 11
22.8
 21
103.79999999999959
 31
0.0
100
AcDbText
  0
LWPOLYLINE
  5
59F
330
17
100
AcDbEntity
  8
TEXT
 62
7
370
15
100
AcDbPolyline
 90
2
 70
0
 10
29.510720083277995
 20
106.09999999999958
 10
29.510720083277995
 20
102.79999999999959
  0
TEXT
  5
5A0
330
17
100
AcDbEntity
  8
TEXT
 62
7
100
AcDbText
 10
30.310720083277996
 20
103.79999999999959
 30
0.0
 40
1.3
  1
Блок питания 12 В 30 Вт для L21-1
  7
GOST
 11
30.310720083277996
 21
103.79999999999959
 31
0.0
100
AcDbText
  0
LWPOLYLINE
  5
5A1
330
17
100
AcDbEntity
  8
TEXT
 62
7
370
15
100
AcDbPolyline
 90
2
 70
0
 10
151.60385746872038
 20
106.09999999999958
 10
151.60385746872038
 20
102.79999999999959
  0
TEXT
  5
5A2
330
17
100
AcDbEntity
  8
TEXT
 62
7
100
AcDbText
 10
152.4038574687204
 20
103.79999999999959
 30
0.0
 40
1.3
  1
Arlight ARPV / Mean Well
  7
GOST
 11
152.4038574687204
 21
103.79999999999959
 31
0.0
100
AcDbText
  0
LWPOLYLINE
  5
5A3
330
17
100
AcDbEntity
  8
TEXT
 62
7
370
15
100
AcDbPolyline
 90
2
 70
0
 10
187.3879514055768
 20
106.09999999999958
 10
187.3879514055768
 20
102.79999999999959
  0
TEXT
  5
5A4
330
17
100
AcDbEntity
  8
TEXT
 62
7
100
AcDbText
 10
188.18795140557683
 20
103.79999999999959
 30
0.0
 40
1.3
  1
Arlight / Mean Well
  7
GOST
 11
188.18795140557683
 21
103.79999999999959
 31
0.0
100
AcDbText
  0
LWPOLYLINE
  5
5A5
330
17
100
AcDbEntity
  8
TEXT
 62
7
370
15
100
AcDbPolyline
 90
2
 70
0
 10
223.79012477186404
 20
106.09999999999958
 10
223.79012477186404
 20
102.79999999999959
  0
TEXT
  5
5A6
330
17
100
AcDbEntity
  8
TEXT
 62
7
100
AcDbText
 10
224.59012477186405
 20
103.79999999999959
 30
0.0
 40
1.3
  1
1
  7
GOST
 11
224.59012477186405
 21
103.79999999999959
 31
0.0
100
AcDbText
  0
LWPOLYLINE
  5
5A7
330
17
100
AcDbEntity
  8
TEXT
 62
7
370
15
100
AcDbPolyline
 90
2
 70
0
 10
234.42418713990168
 20
106.09999999999958
 10
234.42418713990168
 20
102.79999999999959
  0
TEXT
  5
5A8
330
17
100
AcDbEntity
  8
TEXT
 62
7
100
AcDbText
 10
235.2241871399017
 20
103.79999999999959
 30
0.0
 40
1.3
  1
шт
  7
GOST
 11
235.2241871399017
 21
103.79999999999959
 31
0.0
100
AcDbText
  0
LWPOLYLINE
  5
5A9
330
17
100
AcDbEntity
  8
TEXT
 62
7
370
15
100
AcDbPolyline
 90
2
 70
0
 10
240.62318940741787
 20
106.09999999999958
 10
240.62318940741787
 20
102.79999999999959
  0
TEXT
  5
5AA
330
17
100
AcDbEntity
  8
TEXT
 62
7
100
AcDbText
 10
241.42318940741788
 20
103.79999999999959
 30
0.0
 40
1.3
  1
1 500
  7
GOST
 11
241.42318940741788
 21
103.79999999999959
 31
0.0
100
AcDbText
  0
LWPOLYLINE
  5
5AB
330
17
100
AcDbEntity
  8
TEXT
 62
7
370
15
100
AcDbPolyline
 90
2
 70
0
 10
262.2838460923918
 20
106.09999999999958
 10
262.2838460923918
 20
102.79999999999959
  0
TEXT
  5
5AC
330
17
100
AcDbEntity
  8
TEXT
 62
7
100
AcDbText
 10
263.0838460923918
 20
103.79999999999959
 30
0.0
 40
1.3
  1
1 500
  7
GOST
 11
263.0838460923918
 21
103.79999999999959
 31
0.0
100
AcDbText
  0
LWPOLYLINE
  5
5AD
330
17
100
AcDbEntity
  8
TEXT
 62
7
370
15
100
AcDbPolyline
 90
2
 70
0
 10
275.62442313461116
 20
106.09999999999958
 10
275.62442313461116
 20
102.79999999999959
  0
TEXT
  5
5AE
330
17
100
AcDbEntity
  8
TEXT
 62
7
100
AcDbText
 10
276.4244231346112
 20
103.79999999999959
 30
0.0
 40
1.3
  1
R5
  7
GOST
 11
276.4244231346112
 21
103.79999999999959
 31
0.0
100
AcDbText
  0
LWPOLYLINE
  5
5AF
330
17
100
AcDbEntity
  8
TEXT
 62
7
370
15
100
AcDbPolyline
 90
2
 70
0
 10
292.41886813561365
 20
106.09999999999958
 10
292.41886813561365
 20
102.79999999999959
  0
TEXT
  5
5B0
330
17
100
AcDbEntity
  8
TEXT
 62
7
100
AcDbText
 10
293.21886813561366
 20
103.79999999999959
 30
0.0
 40
1.3
  1
L21-1
  7
GOST
 11
293.21886813561366
 21
103.79999999999959
 31
0.0
100
AcDbText
  0
LWPOLYLINE
  5
5B1
330
17
100
AcDbEntity
  8
TEXT
 62
7
370
15
100
AcDbPolyline
 90
2
 70
0
 10
341.7591699986178
 20
106.09999999999958
 10
341.7591699986178
 20
102.79999999999959
  0
TEXT
  5
5B2
330
17
100
AcDbEntity
  8
TEXT
 62
7
100
AcDbText
 10
342.5591699986178
 20
103.79999999999959
 30
0.0
 40
1.3
  1
Ремонт
  7
GOST
 11
342.5591699986178
 21
103.79999999999959
 31
0.0
100
AcDbText
  0
LWPOLYLINE
  5
5B3
330
17
100
AcDbEntity
  8
TEXT
 62
7
370
15
100
AcDbPolyline
 90
2
 70
0
 10
354.2736119054392
 20
106.09999999999958
 10
354.2736119054392
 20
102.79999999999959
  0
TEXT
  5
5B4
330
17
100
AcDbEntity
  8
TEXT
 62
7
100
AcDbText
 10
355.07361190543924
 20
103.79999999999959
 30
0.0
 40
1.3
  1
Э13
  7
GOST
 11
355.07361190543924
 21
103.79999999999959
 31
0.0
100
AcDbText
  0
LWPOLYLINE
  5
5B5
330
17
100
AcDbEntity
  8
TEXT
 62
7
370
15
100
AcDbPolyline
 90
2
 70
0
 10
370.86501459097985
 20
106.09999999999958
 10
370.86501459097985
 20
102.79999999999959
  0
TEXT
  5
5B6
330
17
100
AcDbEntity
  8
TEXT
 62
7
100
AcDbText
 10
371.66501459097987
 20
103.79999999999959
 30
0.0
 40
1.3
  1
5 Вт × 1,25
  7
GOST
 11
371.66501459097987
 21
103.79999999999959
 31
0.0
100
AcDbText
  0
LWPOLYLINE
  5
5B7
330
17
100
AcDbEntity
  8
TEXT
 62
7
370
15
100
AcDbPolyline
 90
2
 70
0
 10
413.0
 20
106.09999999999958
 10
413.0
 20
102.79999999999959
  0
LWPOLYLINE
  5
5B8
330
17
100
AcDbEntity
  8
TEXT
 62
7
370
35
100
AcDbPolyline
 90
4
 70
1
 10
22.0
 20
102.79999999999959
 10
413.0
 20
102.79999999999959
 10
413.0
 20
258.7
 10
22.0
 20
258.7
  0
TEXT
  5
5B9
330
17
100
AcDbEntity
  8
TEXT
 62
7
100
AcDbText
 10
22.0
 20
97.39999999999995
 30
0.0
 40
1.4000000000000001
  1
Итого по спецификации: 259 550 ₽ — бюджет «Ремонт».
  7
GOST
 11
22.0
 21
97.39999999999995
 31
0.0
100
AcDbText
  0
TEXT
  5
5BA
330
17
100
AcDbEntity
  8
TEXT
 62
7
100
AcDbText
 10
22.0
 20
90.79999999999995
 30
0.0
 40
1.4000000000000001
  1
Сводный файл с формулами: 04-specs/specifications.xlsx. Генератор: tools/gen_specs.py.
  7
GOST
 11
22.0
 21
90.79999999999995
 31
0.0
100
AcDbText
  0
TEXT
  5
5BB
330
17
100
AcDbEntity
  8
TEXT
 62
7
100
AcDbText
 10
22.0
 20
84.09999999999997
 30
0.0
 40
1.5
  1
Источник: 04-specs/spec-wiring-devices.md
  7
GOST
 11
22.0
 21
84.09999999999997
 31
0.0
100
AcDbText
  0
TEXT
  5
5BC
330
17
100
AcDbEntity
  8
TEXT
 62
7
100
AcDbText
 10
22.0
 20
76.24999999999997
 30
0.0
 40
2.6
  1
СП-03.2. Электроустановочные изделия (серия)
  7
GOST
 11
22.0
 21
76.24999999999997
 31
0.0
100
AcDbText
  0
TEXT
  5
5BD
330
17
100
AcDbEntity
  8
TEXT
 62
7
100
AcDbText
 10
22.0
 20
68.19999999999996
 30
0.0
 40
1.4000000000000001
  1
Серия: Systeme Electric ArtGallery (альтернатива — Werkel), цвет механизмов и рамок — «молочный/бежевый» в тон C1/C2 (materials.json M33). Источник: electrical.json sockets (ЭМ-01), switches (ЭО-02). Артикулы — по каталогу серии при заказе (цвет подтвердить). Бюджет «Ремонт».
  7
GOST
 11
22.0
 21
68.19999999999996
 31
0.0
100
AcDbText
  0
LWPOLYLINE
  5
5BE
330
17
100
AcDbEntity
  8
FRAME
 62
7
370
50
100
AcDbPolyline
 90
4
 70
1
 10
20.0
 20
5.0
 10
415.0
 20
5.0
 10
415.0
 20
292.0
 10
20.0
 20
292.0
  0
TEXT
  5
5BF
330
17
100
AcDbEntity
  8
FRAME
 62
7
100
AcDbText
 10
415.0
 20
1.6
 30
0.0
 40
2.0
  1
Формат A3
  7
GOST
 72
2
 11
415.0
 21
1.6
 31
0.0
100
AcDbText
  0
HATCH
  5
5C0
330
17
100
AcDbEntity
  8
FRAME
 62
7
420
16777215
100
AcDbHatch
 10
0.0
 20
0.0
 30
0.0
210
0.0
220
0.0
230
1.0
  2
SOLID
 70
1
 71
0
 91
1
 92
3
 72
0
 73
1
 93
4
 10
230.0
 20
5.0
 10
415.0
 20
5.0
 10
415.0
 20
60.0
 10
230.0
 20
60.0
 97
0
 75
1
 76
1
 98
0
  0
LWPOLYLINE
  5
5C1
330
17
100
AcDbEntity
  8
FRAME
 62
7
370
50
100
AcDbPolyline
 90
4
 70
1
 10
230.0
 20
5.0
 10
415.0
 20
5.0
 10
415.0
 20
60.0
 10
230.0
 20
60.0
  0
LWPOLYLINE
  5
5C2
330
17
100
AcDbEntity
  8
FRAME
 62
7
370
50
100
AcDbPolyline
 90
2
 70
0
 10
295.0
 20
45.0
 10
415.0
 20
45.0
  0
LWPOLYLINE
  5
5C3
330
17
100
AcDbEntity
  8
FRAME
 62
7
370
50
100
AcDbPolyline
 90
2
 70
0
 10
295.0
 20
35.0
 10
415.0
 20
35.0
  0
LWPOLYLINE
  5
5C4
330
17
100
AcDbEntity
  8
FRAME
 62
7
370
50
100
AcDbPolyline
 90
2
 70
0
 10
295.0
 20
20.0
 10
415.0
 20
20.0
  0
LWPOLYLINE
  5
5C5
330
17
100
AcDbEntity
  8
FRAME
 62
7
370
50
100
AcDbPolyline
 90
2
 70
0
 10
295.0
 20
5.0
 10
295.0
 20
60.0
  0
LWPOLYLINE
  5
5C6
330
17
100
AcDbEntity
  8
FRAME
 62
7
370
50
100
AcDbPolyline
 90
2
 70
0
 10
365.0
 20
5.0
 10
365.0
 20
35.0
  0
LWPOLYLINE
  5
5C7
330
17
100
AcDbEntity
  8
FRAME
 62
7
370
20
100
AcDbPolyline
 90
2
 70
0
 10
365.0
 20
30.0
 10
415.0
 20
30.0
  0
LWPOLYLINE
  5
5C8
330
17
100
AcDbEntity
  8
FRAME
 62
7
370
20
100
AcDbPolyline
 90
2
 70
0
 10
380.0
 20
20.0
 10
380.0
 20
35.0
  0
LWPOLYLINE
  5
5C9
330
17
100
AcDbEntity
  8
FRAME
 62
7
370
20
100
AcDbPolyline
 90
2
 70
0
 10
395.0
 20
20.0
 10
395.0
 20
35.0
  0
TEXT
  5
5CA
330
17
100
AcDbEntity
  8
FRAME
 62
7
100
AcDbText
 10
372.5
 20
31.2
 30
0.0
 40
2.0
  1
Стадия
  7
GOST
 72
1
 11
372.5
 21
31.2
 31
0.0
100
AcDbText
  0
TEXT
  5
5CB
330
17
100
AcDbEntity
  8
FRAME
 62
7
100
AcDbText
 10
387.5
 20
31.2
 30
0.0
 40
2.0
  1
Лист
  7
GOST
 72
1
 11
387.5
 21
31.2
 31
0.0
100
AcDbText
  0
TEXT
  5
5CC
330
17
100
AcDbEntity
  8
FRAME
 62
7
100
AcDbText
 10
405.0
 20
31.2
 30
0.0
 40
2.0
  1
Листов
  7
GOST
 72
1
 11
405.0
 21
31.2
 31
0.0
100
AcDbText
  0
TEXT
  5
5CD
330
17
100
AcDbEntity
  8
FRAME
 62
7
100
AcDbText
 10
372.5
 20
23.4
 30
0.0
 40
3.5
  1
Р
  7
GOST
 72
1
 11
372.5
 21
23.4
 31
0.0
100
AcDbText
  0
TEXT
  5
5CE
330
17
100
AcDbEntity
  8
FRAME
 62
7
100
AcDbText
 10
387.5
 20
23.4
 30
0.0
 40
3.5
  1
41
  7
GOST
 72
1
 11
387.5
 21
23.4
 31
0.0
100
AcDbText
  0
TEXT
  5
5CF
330
17
100
AcDbEntity
  8
FRAME
 62
7
100
AcDbText
 10
405.0
 20
23.4
 30
0.0
 40
3.5
  1
51
  7
GOST
 72
1
 11
405.0
 21
23.4
 31
0.0
100
AcDbText
  0
LWPOLYLINE
  5
5D0
330
17
100
AcDbEntity
  8
FRAME
 62
7
370
20
100
AcDbPolyline
 90
2
 70
0
 10
230.0
 20
10.0
 10
295.0
 20
10.0
  0
LWPOLYLINE
  5
5D1
330
17
100
AcDbEntity
  8
FRAME
 62
7
370
20
100
AcDbPolyline
 90
2
 70
0
 10
230.0
 20
15.0
 10
295.0
 20
15.0
  0
LWPOLYLINE
  5
5D2
330
17
100
AcDbEntity
  8
FRAME
 62
7
370
20
100
AcDbPolyline
 90
2
 70
0
 10
230.0
 20
20.0
 10
295.0
 20
20.0
  0
LWPOLYLINE
  5
5D3
330
17
100
AcDbEntity
  8
FRAME
 62
7
370
20
100
AcDbPolyline
 90
2
 70
0
 10
230.0
 20
25.0
 10
295.0
 20
25.0
  0
LWPOLYLINE
  5
5D4
330
17
100
AcDbEntity
  8
FRAME
 62
7
370
50
100
AcDbPolyline
 90
2
 70
0
 10
230.0
 20
30.0
 10
295.0
 20
30.0
  0
LWPOLYLINE
  5
5D5
330
17
100
AcDbEntity
  8
FRAME
 62
7
370
50
100
AcDbPolyline
 90
2
 70
0
 10
230.0
 20
35.0
 10
295.0
 20
35.0
  0
LWPOLYLINE
  5
5D6
330
17
100
AcDbEntity
  8
FRAME
 62
7
370
20
100
AcDbPolyline
 90
2
 70
0
 10
230.0
 20
40.0
 10
295.0
 20
40.0
  0
LWPOLYLINE
  5
5D7
330
17
100
AcDbEntity
  8
FRAME
 62
7
370
20
100
AcDbPolyline
 90
2
 70
0
 10
230.0
 20
45.0
 10
295.0
 20
45.0
  0
LWPOLYLINE
  5
5D8
330
17
100
AcDbEntity
  8
FRAME
 62
7
370
20
100
AcDbPolyline
 90
2
 70
0
 10
230.0
 20
50.0
 10
295.0
 20
50.0
  0
LWPOLYLINE
  5
5D9
330
17
100
AcDbEntity
  8
FRAME
 62
7
370
20
100
AcDbPolyline
 90
2
 70
0
 10
230.0
 20
55.0
 10
295.0
 20
55.0
  0
LWPOLYLINE
  5
5DA
330
17
100
AcDbEntity
  8
FRAME
 62
7
370
50
100
AcDbPolyline
 90
2
 70
0
 10
240.0
 20
30.0
 10
240.0
 20
60.0
  0
LWPOLYLINE
  5
5DB
330
17
100
AcDbEntity
  8
FRAME
 62
7
370
50
100
AcDbPolyline
 90
2
 70
0
 10
250.0
 20
5.0
 10
250.0
 20
60.0
  0
LWPOLYLINE
  5
5DC
330
17
100
AcDbEntity
  8
FRAME
 62
7
370
50
100
AcDbPolyline
 90
2
 70
0
 10
260.0
 20
30.0
 10
260.0
 20
60.0
  0
LWPOLYLINE
  5
5DD
330
17
100
AcDbEntity
  8
FRAME
 62
7
370
50
100
AcDbPolyline
 90
2
 70
0
 10
270.0
 20
5.0
 10
270.0
 20
60.0
  0
LWPOLYLINE
  5
5DE
330
17
100
AcDbEntity
  8
FRAME
 62
7
370
50
100
AcDbPolyline
 90
2
 70
0
 10
285.0
 20
5.0
 10
285.0
 20
60.0
  0
TEXT
  5
5DF
330
17
100
AcDbEntity
  8
FRAME
 62
7
100
AcDbText
 10
235.0
 20
31.3
 30
0.0
 40
1.8
  1
Изм.
  7
GOST
 72
1
 11
235.0
 21
31.3
 31
0.0
100
AcDbText
  0
TEXT
  5
5E0
330
17
100
AcDbEntity
  8
FRAME
 62
7
100
AcDbText
 10
245.0
 20
31.3
 30
0.0
 40
1.8
  1
Кол.уч
  7
GOST
 72
1
 11
245.0
 21
31.3
 31
0.0
100
AcDbText
  0
TEXT
  5
5E1
330
17
100
AcDbEntity
  8
FRAME
 62
7
100
AcDbText
 10
255.0
 20
31.3
 30
0.0
 40
1.8
  1
Лист
  7
GOST
 72
1
 11
255.0
 21
31.3
 31
0.0
100
AcDbText
  0
TEXT
  5
5E2
330
17
100
AcDbEntity
  8
FRAME
 62
7
100
AcDbText
 10
265.0
 20
31.3
 30
0.0
 40
1.8
  1
№док.
  7
GOST
 72
1
 11
265.0
 21
31.3
 31
0.0
100
AcDbText
  0
TEXT
  5
5E3
330
17
100
AcDbEntity
  8
FRAME
 62
7
100
AcDbText
 10
277.5
 20
31.3
 30
0.0
 40
1.8
  1
Подп.
  7
GOST
 72
1
 11
277.5
 21
31.3
 31
0.0
100
AcDbText
  0
TEXT
  5
5E4
330
17
100
AcDbEntity
  8
FRAME
 62
7
100
AcDbText
 10
290.0
 20
31.3
 30
0.0
 40
1.8
  1
Дата
  7
GOST
 72
1
 11
290.0
 21
31.3
 31
0.0
100
AcDbText
  0
TEXT
  5
5E5
330
17
100
AcDbEntity
  8
FRAME
 62
7
100
AcDbText
 10
231.0
 20
26.3
 30
0.0
 40
2.0
  1
Разраб.
  7
GOST
 11
231.0
 21
26.3
 31
0.0
100
AcDbText
  0
TEXT
  5
5E6
330
17
100
AcDbEntity
  8
FRAME
 62
7
100
AcDbText
 10
231.0
 20
21.3
 30
0.0
 40
2.0
  1
Пров.
  7
GOST
 11
231.0
 21
21.3
 31
0.0
100
AcDbText
  0
TEXT
  5
5E7
330
17
100
AcDbEntity
  8
FRAME
 62
7
100
AcDbText
 10
231.0
 20
16.3
 30
0.0
 40
2.0
  1
ГИП
  7
GOST
 11
231.0
 21
16.3
 31
0.0
100
AcDbText
  0
TEXT
  5
5E8
330
17
100
AcDbEntity
  8
FRAME
 62
7
100
AcDbText
 10
231.0
 20
11.3
 30
0.0
 40
2.0
  1
Н.контр.
  7
GOST
 11
231.0
 21
11.3
 31
0.0
100
AcDbText
  0
TEXT
  5
5E9
330
17
100
AcDbEntity
  8
FRAME
 62
7
100
AcDbText
 10
231.0
 20
6.3
 30
0.0
 40
2.0
  1
Утв.
  7
GOST
 11
231.0
 21
6.3
 31
0.0
100
AcDbText
  0
TEXT
  5
5EA
330
17
100
AcDbEntity
  8
FRAME
 62
7
100
AcDbText
 10
250.8
 20
26.3
 30
0.0
 40
2.0
  1
pib-агенты
  7
GOST
 11
250.8
 21
26.3
 31
0.0
100
AcDbText
  0
TEXT
  5
5EB
330
17
100
AcDbEntity
  8
FRAME
 62
7
100
AcDbText
 10
290.0
 20
26.3
 30
0.0
 40
1.8
  1
10.2026
  7
GOST
 72
1
 11
290.0
 21
26.3
 31
0.0
100
AcDbText
  0
TEXT
  5
5EC
330
17
100
AcDbEntity
  8
FRAME
 62
7
100
AcDbText
 10
355.0
 20
50.0
 30
0.0
 40
5.0
  1
КВ108-ДП-СП-03
  7
GOST
 72
1
 11
355.0
 21
50.0
 31
0.0
100
AcDbText
  0
TEXT
  5
5ED
330
17
100
AcDbEntity
  8
FRAME
 62
7
100
AcDbText
 10
355.0
 20
38.25
 30
0.0
 40
3.5
  1
Квартира №108, СПб, дизайн-проект
  7
GOST
 72
1
 11
355.0
 21
38.25
 31
0.0
100
AcDbText
  0
TEXT
  5
5EE
330
17
100
AcDbEntity
  8
FRAME
 62
7
100
AcDbText
 10
330.0
 20
26.0
 30
0.0
 40
3.0
  1
Спецификации
  7
GOST
 72
1
 11
330.0
 21
26.0
 31
0.0
100
AcDbText
  0
TEXT
  5
5EF
330
17
100
AcDbEntity
  8
FRAME
 62
7
100
AcDbText
 10
330.0
 20
14.875
 30
0.0
 40
2.5
  1
Спецификация светильников и
  7
GOST
 72
1
 11
330.0
 21
14.875
 31
0.0
100
AcDbText
  0
TEXT
  5
5F0
330
17
100
AcDbEntity
  8
FRAME
 62
7
100
AcDbText
 10
330.0
 20
11.25
 30
0.0
 40
2.5
  1
электроустановочных изделий (лист
  7
GOST
 72
1
 11
330.0
 21
11.25
 31
0.0
100
AcDbText
  0
TEXT
  5
5F1
330
17
100
AcDbEntity
  8
FRAME
 62
7
100
AcDbText
 10
330.0
 20
7.625
 30
0.0
 40
2.5
  1
1 из 3)
  7
GOST
 72
1
 11
330.0
 21
7.625
 31
0.0
100
AcDbText
  0
TEXT
  5
5F2
330
17
100
AcDbEntity
  8
FRAME
 62
7
100
AcDbText
 10
390.0
 20
13.175
 30
0.0
 40
3.0
  1
ПИБ
  7
GOST
 72
1
 11
390.0
 21
13.175
 31
0.0
100
AcDbText
  0
TEXT
  5
5F3
330
17
100
AcDbEntity
  8
FRAME
 62
7
100
AcDbText
 10
390.0
 20
8.825000000000001
 30
0.0
 40
3.0
  1
агенты pib-*
  7
GOST
 72
1
 11
390.0
 21
8.825000000000001
 31
0.0
100
AcDbText
  0
ENDSEC
  0
SECTION
  2
OBJECTS
  0
DICTIONARY
  5
A
330
0
100
AcDbDictionary
281
1
  3
ACAD_COLOR
350
B
  3
ACAD_GROUP
350
C
  3
ACAD_LAYOUT
350
D
  3
ACAD_MATERIAL
350
E
  3
ACAD_MLEADERSTYLE
350
F
  3
ACAD_MLINESTYLE
350
10
  3
ACAD_PLOTSETTINGS
350
11
  3
ACAD_PLOTSTYLENAME
350
12
  3
ACAD_SCALELIST
350
14
  3
ACAD_TABLESTYLE
350
15
  3
ACAD_VISUALSTYLE
350
16
  3
EZDXF_META
350
2D
  0
DICTIONARY
  5
B
330
A
100
AcDbDictionary
281
1
  0
DICTIONARY
  5
C
330
A
100
AcDbDictionary
281
1
  0
DICTIONARY
  5
D
330
A
100
AcDbDictionary
281
1
  3
Model
350
1A
  3
Layout1
350
1E
  0
DICTIONARY
  5
E
330
A
100
AcDbDictionary
281
1
  3
ByBlock
350
1F
  3
ByLayer
350
20
  3
Global
350
21
  0
DICTIONARY
  5
F
330
A
100
AcDbDictionary
281
1
  3
Standard
350
2C
  0
DICTIONARY
  5
10
330
A
100
AcDbDictionary
281
1
  3
Standard
350
22
  0
DICTIONARY
  5
11
330
A
100
AcDbDictionary
281
1
  0
ACDBDICTIONARYWDFLT
  5
12
330
A
100
AcDbDictionary
281
1
  3
Normal
350
13
100
AcDbDictionaryWithDefault
340
13
  0
ACDBPLACEHOLDER
  5
13
330
12
  0
DICTIONARY
  5
14
330
A
100
AcDbDictionary
281
1
  0
DICTIONARY
  5
15
330
A
100
AcDbDictionary
281
1
  0
DICTIONARY
  5
16
330
A
100
AcDbDictionary
281
1
  3
2dWireframe
350
5A
  3
Basic
350
5B
  3
Brighten
350
5C
  3
ColorChange
350
5D
  3
Conceptual
350
5E
  3
Dim
350
5F
  3
EdgeColorOff
350
60
  3
Facepattern
350
61
  3
Flat
350
62
  3
FlatWithEdges
350
63
  3
Gouraud
350
64
  3
GouraudWithEdges
350
65
  3
Hidden
350
66
  3
JitterOff
350
67
  3
Linepattern
350
68
  3
Modeling
350
69
  3
OverhangOff
350
6A
  3
Realistic
350
6B
  3
Shaded
350
6C
  3
Shaded with edges
350
6D
  3
Shades of Gray
350
6E
  3
Sketchy
350
6F
  3
Thicken
350
70
  3
Wireframe
350
71
  3
X-Ray
350
72
  0
LAYOUT
  5
1A
330
D
100
AcDbPlotSettings
  1

  4
A3
  6

 40
7.5
 41
20.0
 42
7.5
 43
20.0
 44
420.0
 45
297.0
 46
0.0
 47
0.0
 48
0.0
 49
0.0
140
0.0
141
0.0
142
1.0
143
1.0
 70
1024
 72
1
 73
0
 74
5
  7

 75
16
 76
0
 77
2
 78
300
147
1.0
148
0.0
149
0.0
100
AcDbLayout
  1
Model
 70
1
 71
0
 10
0.0
 20
0.0
 11
420.0
 21
297.0
 12
0.0
 22
0.0
 32
0.0
 14
1e+20
 24
1e+20
 34
1e+20
 15
-1e+20
 25
-1e+20
 35
-1e+20
146
0.0
 13
0.0
 23
0.0
 33
0.0
 16
1.0
 26
0.0
 36
0.0
 17
0.0
 27
1.0
 37
0.0
 76
1
330
17
  0
LAYOUT
  5
1E
330
D
100
AcDbPlotSettings
  1

  4
A3
  6

 40
7.5
 41
20.0
 42
7.5
 43
20.0
 44
420.0
 45
297.0
 46
0.0
 47
0.0
 48
0.0
 49
0.0
140
0.0
141
0.0
142
1.0
143
1.0
 70
0
 72
1
 73
0
 74
5
  7

 75
16
 76
0
 77
2
 78
300
147
1.0
148
0.0
149
0.0
100
AcDbLayout
  1
Layout1
 70
1
 71
1
 10
0.0
 20
0.0
 11
420.0
 21
297.0
 12
0.0
 22
0.0
 32
0.0
 14
1e+20
 24
1e+20
 34
1e+20
 15
-1e+20
 25
-1e+20
 35
-1e+20
146
0.0
 13
0.0
 23
0.0
 33
0.0
 16
1.0
 26
0.0
 36
0.0
 17
0.0
 27
1.0
 37
0.0
 76
1
330
1B
  0
MATERIAL
  5
1F
102
{ACAD_REACTORS
330
E
102
}
330
E
100
AcDbMaterial
  1
ByBlock
  2

 70
0
 40
1.0
 71
1
 41
1.0
 91
-1023410177
 42
1.0
 72
1
  3

 73
1
 74
1
 75
1
 44
0.5
 73
0
 45
1.0
 46
1.0
 77
1
  4

 78
1
 79
1
170
1
 48
1.0
171
1
  6

172
1
173
1
174
1
140
1.0
141
1.0
175
1
  7

176
1
177
1
178
1
143
1.0
179
1
  8

270
1
271
1
272
1
145
1.0
146
1.0
273
1
  9

274
1
275
1
276
1
 42
1.0
 72
1
  3

 73
1
 74
1
 75
1
 94
63
  0
MATERIAL
  5
20
102
{ACAD_REACTORS
330
E
102
}
330
E
100
AcDbMaterial
  1
ByLayer
  2

 70
0
 40
1.0
 71
1
 41
1.0
 91
-1023410177
 42
1.0
 72
1
  3

 73
1
 74
1
 75
1
 44
0.5
 73
0
 45
1.0
 46
1.0
 77
1
  4

 78
1
 79
1
170
1
 48
1.0
171
1
  6

172
1
173
1
174
1
140
1.0
141
1.0
175
1
  7

176
1
177
1
178
1
143
1.0
179
1
  8

270
1
271
1
272
1
145
1.0
146
1.0
273
1
  9

274
1
275
1
276
1
 42
1.0
 72
1
  3

 73
1
 74
1
 75
1
 94
63
  0
MATERIAL
  5
21
102
{ACAD_REACTORS
330
E
102
}
330
E
100
AcDbMaterial
  1
Global
  2

 70
0
 40
1.0
 71
1
 41
1.0
 91
-1023410177
 42
1.0
 72
1
  3

 73
1
 74
1
 75
1
 44
0.5
 73
0
 45
1.0
 46
1.0
 77
1
  4

 78
1
 79
1
170
1
 48
1.0
171
1
  6

172
1
173
1
174
1
140
1.0
141
1.0
175
1
  7

176
1
177
1
178
1
143
1.0
179
1
  8

270
1
271
1
272
1
145
1.0
146
1.0
273
1
  9

274
1
275
1
276
1
 42
1.0
 72
1
  3

 73
1
 74
1
 75
1
 94
63
  0
MLINESTYLE
  5
22
102
{ACAD_REACTORS
330
10
102
}
330
10
100
AcDbMlineStyle
  2
Standard
 70
0
  3

 62
256
 51
90.0
 52
90.0
 71
2
 49
0.5
 62
256
  6
BYLAYER
 49
-0.5
 62
256
  6
BYLAYER
  0
MLEADERSTYLE
  5
2C
102
{ACAD_REACTORS
330
F
102
}
330
F
100
AcDbMLeaderStyle
179
2
170
2
171
1
172
0
 90
2
 40
0.0
 41
0.0
173
1
 91
-1056964608
 92
-2
290
1
 42
2.0
291
1
 43
8.0
  3
Standard
 44
4.0
300

342
29
174
1
175
1
176
0
178
1
 93
-1056964608
 45
4.0
292
0
297
0
 46
4.0
 94
-1056964608
 47
1.0
 49
1.0
140
1.0
294
1
141
0.0
177
0
142
1.0
295
0
296
0
143
3.75
271
0
272
9
273
9
  0
DICTIONARY
  5
2D
330
A
100
AcDbDictionary
280
1
281
1
  3
CREATED_BY_EZDXF
350
2E
  3
WRITTEN_BY_EZDXF
350
5F6
  0
DICTIONARYVAR
  5
2E
330
2D
100
DictionaryVariables
280
0
  1
1.4.4 @ 2026-10-08T17:37:37.273346+00:00
  0
VISUALSTYLE
  5
5A
102
{ACAD_REACTORS
330
16
102
}
330
16
100
AcDbVisualStyle
  2
2dWireframe
 70
4
177
3
291
0
 70
58
 90
2
176
1
 90
2
176
1
 90
0
176
1
 90
0
176
1
 40
0.6
176
1
 40
30.0
176
1
 62
7
420
16777215
176
1
 90
1
176
1
 90
4
176
1
 62
7
176
1
 62
257
176
1
 90
1
176
1
 90
1
176
1
 40
1.0
176
1
 90
8
176
1
 62
7
176
1
 40
1.0
176
1
 90
1
176
1
 90
6
176
1
 90
2
176
1
 62
7
176
1
 90
5
176
1
 90
0
176
1
 90
0
176
1
290
0
176
1
 90
1
176
1
 40
0.0
176
1
 90
0
176
1
290
1
176
1
290
1
176
1
290
0
176
1
290
0
176
1
290
0
176
1
290
0
176
1
290
0
176
1
290
0
176
1
290
0
176
1
 90
50
176
1
 40
0.0
176
1
 40
1.0
176
1
 90
0
176
1
 62
18
420
0
176
1
 90
50
176
1
 90
3
176
1
 62
5
420
255
176
1
290
0
176
1
 90
50
176
1
 90
50
176
1
 90
50
176
1
290
0
176
1
 90
50
176
1
 62
256
176
0
 40
1.0
176
0
 90
2
176
1
  1
strokes_ogs.tif
176
1
290
0
176
1
 40
1.0
176
1
 40
1.0
176
1
  0
VISUALSTYLE
  5
5B
102
{ACAD_REACTORS
330
16
102
}
330
16
100
AcDbVisualStyle
  2
Basic
 70
7
177
3
291
1
 70
58
 90
2
176
1
 90
2
176
1
 90
0
176
1
 90
1
176
1
 40
0.6
176
1
 40
30.0
176
1
 62
7
420
16777215
176
1
 90
1
176
1
 90
4
176
1
 62
7
176
1
 62
257
176
1
 90
1
176
1
 90
1
176
1
 40
1.0
176
1
 90
8
176
1
 62
7
176
1
 40
1.0
176
1
 90
1
176
1
 90
6
176
1
 90
2
176
1
 62
7
176
1
 90
5
176
1
 90
0
176
1
 90
0
176
1
290
0
176
1
 90
1
176
1
 40
0.0
176
1
 90
0
176
1
290
0
176
1
290
1
176
1
290
1
176
1
290
0
176
1
290
0
176
1
290
0
176
1
290
0
176
1
290
0
176
1
290
0
176
1
 90
50
176
1
 40
0.0
176
1
 40
1.0
176
1
 90
0
176
1
 62
18
420
0
176
1
 90
50
176
1
 90
3
176
1
 62
5
420
255
176
1
290
0
176
1
 90
50
176
1
 90
50
176
1
 90
50
176
1
290
0
176
1
 90
50
176
1
 62
256
176
0
 40
1.0
176
0
 90
2
176
1
  1
strokes_ogs.tif
176
1
290
0
176
1
 40
1.0
176
1
 40
1.0
176
1
  0
VISUALSTYLE
  5
5C
102
{ACAD_REACTORS
330
16
102
}
330
16
100
AcDbVisualStyle
  2
Brighten
 70
12
177
3
291
1
 70
58
 90
2
176
1
 90
2
176
1
 90
0
176
1
 90
2
176
1
 40
0.6
176
1
 40
30.0
176
1
 62
7
420
16777215
176
1
 90
1
176
1
 90
4
176
1
 62
7
176
1
 62
257
176
1
 90
1
176
1
 90
1
176
1
 40
1.0
176
1
 90
8
176
1
 62
7
176
1
 40
1.0
176
1
 90
1
176
1
 90
6
176
1
 90
2
176
1
 62
7
176
1
 90
5
176
1
 90
0
176
1
 90
0
176
1
290
0
176
1
 90
1
176
1
 40
0.0
176
1
 90
0
176
1
290
0
176
1
290
1
176
1
290
1
176
1
290
0
176
1
290
0
176
1
290
0
176
1
290
0
176
1
290
0
176
1
290
0
176
1
 90
50
176
1
 40
0.0
176
1
 40
1.0
176
1
 90
0
176
1
 62
18
420
0
176
1
 90
50
176
1
 90
3
176
1
 62
5
420
255
176
1
290
0
176
1
 90
50
176
1
 90
50
176
1
 90
50
176
1
290
0
176
1
 90
50
176
1
 62
256
176
0
 40
1.0
176
0
 90
2
176
1
  1
strokes_ogs.tif
176
1
290
0
176
1
 40
1.0
176
1
 40
1.0
176
1
  0
VISUALSTYLE
  5
5D
102
{ACAD_REACTORS
330
16
102
}
330
16
100
AcDbVisualStyle
  2
ColorChange
 70
16
177
3
291
1
 70
58
 90
2
176
1
 90
2
176
1
 90
0
176
1
 90
2
176
1
 40
0.6
176
1
 40
30.0
176
1
 62
7
420
16777215
176
1
 90
1
176
1
 90
4
176
1
 62
7
176
1
 62
257
176
1
 90
1
176
1
 90
1
176
1
 40
1.0
176
1
 90
8
176
1
 62
7
176
1
 40
1.0
176
1
 90
1
176
1
 90
6
176
1
 90
2
176
1
 62
7
176
1
 90
5
176
1
 90
0
176
1
 90
0
176
1
290
0
176
1
 90
1
176
1
 40
0.0
176
1
 90
0
176
1
290
0
176
1
290
1
176
1
290
1
176
1
290
0
176
1
290
0
176
1
290
0
176
1
290
0
176
1
290
0
176
1
290
0
176
1
 90
50
176
1
 40
0.0
176
1
 40
1.0
176
1
 90
0
176
1
 62
18
420
0
176
1
 90
50
176
1
 90
3
176
1
 62
5
420
255
176
1
290
0
176
1
 90
50
176
1
 90
50
176
1
 90
50
176
1
290
0
176
1
 90
50
176
1
 62
256
176
0
 40
1.0
176
0
 90
2
176
1
  1
strokes_ogs.tif
176
1
290
0
176
1
 40
1.0
176
1
 40
1.0
176
1
  0
VISUALSTYLE
  5
5E
102
{ACAD_REACTORS
330
16
102
}
330
16
100
AcDbVisualStyle
  2
Conceptual
 70
9
177
3
291
0
 70
58
 90
2
176
1
 90
2
176
1
 90
0
176
1
 90
3
176
1
 40
0.6
176
1
 40
30.0
176
1
 62
7
420
16777215
176
1
 90
1
176
1
 90
4
176
1
 62
7
176
1
 62
257
176
1
 90
1
176
1
 90
1
176
1
 40
1.0
176
1
 90
8
176
1
 62
7
176
1
 40
1.0
176
1
 90
1
176
1
 90
6
176
1
 90
2
176
1
 62
7
176
1
 90
5
176
1
 90
0
176
1
 90
0
176
1
290
0
176
1
 90
1
176
1
 40
0.0
176
1
 90
0
176
1
290
0
176
1
290
1
176
1
290
1
176
1
290
0
176
1
290
0
176
1
290
0
176
1
290
0
176
1
290
0
176
1
290
0
176
1
 90
50
176
1
 40
0.0
176
1
 40
1.0
176
1
 90
0
176
1
 62
18
420
0
176
1
 90
50
176
1
 90
3
176
1
 62
5
420
255
176
1
290
0
176
1
 90
50
176
1
 90
50
176
1
 90
50
176
1
290
0
176
1
 90
50
176
1
 62
256
176
0
 40
1.0
176
0
 90
2
176
1
  1
strokes_ogs.tif
176
1
290
0
176
1
 40
1.0
176
1
 40
1.0
176
1
  0
VISUALSTYLE
  5
5F
102
{ACAD_REACTORS
330
16
102
}
330
16
100
AcDbVisualStyle
  2
Dim
 70
11
177
3
291
1
 70
58
 90
2
176
1
 90
2
176
1
 90
0
176
1
 90
2
176
1
 40
0.6
176
1
 40
30.0
176
1
 62
7
420
16777215
176
1
 90
1
176
1
 90
4
176
1
 62
7
176
1
 62
257
176
1
 90
1
176
1
 90
1
176
1
 40
1.0
176
1
 90
8
176
1
 62
7
176
1
 40
1.0
176
1
 90
1
176
1
 90
6
176
1
 90
2
176
1
 62
7
176
1
 90
5
176
1
 90
0
176
1
 90
0
176
1
290
0
176
1
 90
1
176
1
 40
0.0
176
1
 90
0
176
1
290
0
176
1
290
1
176
1
290
1
176
1
290
0
176
1
290
0
176
1
290
0
176
1
290
0
176
1
290
0
176
1
290
0
176
1
 90
50
176
1
 40
0.0
176
1
 40
1.0
176
1
 90
0
176
1
 62
18
420
0
176
1
 90
50
176
1
 90
3
176
1
 62
5
420
255
176
1
290
0
176
1
 90
50
176
1
 90
50
176
1
 90
50
176
1
290
0
176
1
 90
50
176
1
 62
256
176
0
 40
1.0
176
0
 90
2
176
1
  1
strokes_ogs.tif
176
1
290
0
176
1
 40
1.0
176
1
 40
1.0
176
1
  0
VISUALSTYLE
  5
60
102
{ACAD_REACTORS
330
16
102
}
330
16
100
AcDbVisualStyle
  2
EdgeColorOff
 70
22
177
3
291
1
 70
58
 90
2
176
1
 90
2
176
1
 90
0
176
1
 90
2
176
1
 40
0.6
176
1
 40
30.0
176
1
 62
7
420
16777215
176
1
 90
1
176
1
 90
4
176
1
 62
7
176
1
 62
257
176
1
 90
1
176
1
 90
1
176
1
 40
1.0
176
1
 90
8
176
1
 62
7
176
1
 40
1.0
176
1
 90
1
176
1
 90
6
176
1
 90
2
176
1
 62
7
176
1
 90
5
176
1
 90
0
176
1
 90
0
176
1
290
0
176
1
 90
1
176
1
 40
0.0
176
1
 90
0
176
1
290
0
176
1
290
1
176
1
290
1
176
1
290
0
176
1
290
0
176
1
290
0
176
1
290
0
176
1
290
0
176
1
290
0
176
1
 90
50
176
1
 40
0.0
176
1
 40
1.0
176
1
 90
0
176
1
 62
18
420
0
176
1
 90
50
176
1
 90
3
176
1
 62
5
420
255
176
1
290
0
176
1
 90
50
176
1
 90
50
176
1
 90
50
176
1
290
0
176
1
 90
50
176
1
 62
256
176
0
 40
1.0
176
0
 90
2
176
1
  1
strokes_ogs.tif
176
1
290
0
176
1
 40
1.0
176
1
 40
1.0
176
1
  0
VISUALSTYLE
  5
61
102
{ACAD_REACTORS
330
16
102
}
330
16
100
AcDbVisualStyle
  2
Facepattern
 70
15
177
3
291
1
 70
58
 90
2
176
1
 90
2
176
1
 90
0
176
1
 90
2
176
1
 40
0.6
176
1
 40
30.0
176
1
 62
7
420
16777215
176
1
 90
1
176
1
 90
4
176
1
 62
7
176
1
 62
257
176
1
 90
1
176
1
 90
1
176
1
 40
1.0
176
1
 90
8
176
1
 62
7
176
1
 40
1.0
176
1
 90
1
176
1
 90
6
176
1
 90
2
176
1
 62
7
176
1
 90
5
176
1
 90
0
176
1
 90
0
176
1
290
0
176
1
 90
1
176
1
 40
0.0
176
1
 90
0
176
1
290
0
176
1
290
1
176
1
290
1
176
1
290
0
176
1
290
0
176
1
290
0
176
1
290
0
176
1
290
0
176
1
290
0
176
1
 90
50
176
1
 40
0.0
176
1
 40
1.0
176
1
 90
0
176
1
 62
18
420
0
176
1
 90
50
176
1
 90
3
176
1
 62
5
420
255
176
1
290
0
176
1
 90
50
176
1
 90
50
176
1
 90
50
176
1
290
0
176
1
 90
50
176
1
 62
256
176
0
 40
1.0
176
0
 90
2
176
1
  1
strokes_ogs.tif
176
1
290
0
176
1
 40
1.0
176
1
 40
1.0
176
1
  0
VISUALSTYLE
  5
62
102
{ACAD_REACTORS
330
16
102
}
330
16
100
AcDbVisualStyle
  2
Flat
 70
0
177
3
291
1
 70
58
 90
2
176
1
 90
2
176
1
 90
0
176
1
 90
2
176
1
 40
0.6
176
1
 40
30.0
176
1
 62
7
420
16777215
176
1
 90
1
176
1
 90
4
176
1
 62
7
176
1
 62
257
176
1
 90
1
176
1
 90
1
176
1
 40
1.0
176
1
 90
8
176
1
 62
7
176
1
 40
1.0
176
1
 90
1
176
1
 90
6
176
1
 90
2
176
1
 62
7
176
1
 90
5
176
1
 90
0
176
1
 90
0
176
1
290
0
176
1
 90
1
176
1
 40
0.0
176
1
 90
0
176
1
290
0
176
1
290
1
176
1
290
1
176
1
290
0
176
1
290
0
176
1
290
0
176
1
290
0
176
1
290
0
176
1
290
0
176
1
 90
50
176
1
 40
0.0
176
1
 40
1.0
176
1
 90
0
176
1
 62
18
420
0
176
1
 90
50
176
1
 90
3
176
1
 62
5
420
255
176
1
290
0
176
1
 90
50
176
1
 90
50
176
1
 90
50
176
1
290
0
176
1
 90
50
176
1
 62
256
176
0
 40
1.0
176
0
 90
2
176
1
  1
strokes_ogs.tif
176
1
290
0
176
1
 40
1.0
176
1
 40
1.0
176
1
  0
VISUALSTYLE
  5
63
102
{ACAD_REACTORS
330
16
102
}
330
16
100
AcDbVisualStyle
  2
FlatWithEdges
 70
1
177
3
291
1
 70
58
 90
2
176
1
 90
2
176
1
 90
0
176
1
 90
2
176
1
 40
0.6
176
1
 40
30.0
176
1
 62
7
420
16777215
176
1
 90
1
176
1
 90
4
176
1
 62
7
176
1
 62
257
176
1
 90
1
176
1
 90
1
176
1
 40
1.0
176
1
 90
8
176
1
 62
7
176
1
 40
1.0
176
1
 90
1
176
1
 90
6
176
1
 90
2
176
1
 62
7
176
1
 90
5
176
1
 90
0
176
1
 90
0
176
1
290
0
176
1
 90
1
176
1
 40
0.0
176
1
 90
0
176
1
290
0
176
1
290
1
176
1
290
1
176
1
290
0
176
1
290
0
176
1
290
0
176
1
290
0
176
1
290
0
176
1
290
0
176
1
 90
50
176
1
 40
0.0
176
1
 40
1.0
176
1
 90
0
176
1
 62
18
420
0
176
1
 90
50
176
1
 90
3
176
1
 62
5
420
255
176
1
290
0
176
1
 90
50
176
1
 90
50
176
1
 90
50
176
1
290
0
176
1
 90
50
176
1
 62
256
176
0
 40
1.0
176
0
 90
2
176
1
  1
strokes_ogs.tif
176
1
290
0
176
1
 40
1.0
176
1
 40
1.0
176
1
  0
VISUALSTYLE
  5
64
102
{ACAD_REACTORS
330
16
102
}
330
16
100
AcDbVisualStyle
  2
Gouraud
 70
2
177
3
291
1
 70
58
 90
2
176
1
 90
2
176
1
 90
0
176
1
 90
2
176
1
 40
0.6
176
1
 40
30.0
176
1
 62
7
420
16777215
176
1
 90
1
176
1
 90
4
176
1
 62
7
176
1
 62
257
176
1
 90
1
176
1
 90
1
176
1
 40
1.0
176
1
 90
8
176
1
 62
7
176
1
 40
1.0
176
1
 90
1
176
1
 90
6
176
1
 90
2
176
1
 62
7
176
1
 90
5
176
1
 90
0
176
1
 90
0
176
1
290
0
176
1
 90
1
176
1
 40
0.0
176
1
 90
0
176
1
290
0
176
1
290
1
176
1
290
1
176
1
290
0
176
1
290
0
176
1
290
0
176
1
290
0
176
1
290
0
176
1
290
0
176
1
 90
50
176
1
 40
0.0
176
1
 40
1.0
176
1
 90
0
176
1
 62
18
420
0
176
1
 90
50
176
1
 90
3
176
1
 62
5
420
255
176
1
290
0
176
1
 90
50
176
1
 90
50
176
1
 90
50
176
1
290
0
176
1
 90
50
176
1
 62
256
176
0
 40
1.0
176
0
 90
2
176
1
  1
strokes_ogs.tif
176
1
290
0
176
1
 40
1.0
176
1
 40
1.0
176
1
  0
VISUALSTYLE
  5
65
102
{ACAD_REACTORS
330
16
102
}
330
16
100
AcDbVisualStyle
  2
GouraudWithEdges
 70
3
177
3
291
1
 70
58
 90
2
176
1
 90
2
176
1
 90
0
176
1
 90
2
176
1
 40
0.6
176
1
 40
30.0
176
1
 62
7
420
16777215
176
1
 90
1
176
1
 90
4
176
1
 62
7
176
1
 62
257
176
1
 90
1
176
1
 90
1
176
1
 40
1.0
176
1
 90
8
176
1
 62
7
176
1
 40
1.0
176
1
 90
1
176
1
 90
6
176
1
 90
2
176
1
 62
7
176
1
 90
5
176
1
 90
0
176
1
 90
0
176
1
290
0
176
1
 90
1
176
1
 40
0.0
176
1
 90
0
176
1
290
0
176
1
290
1
176
1
290
1
176
1
290
0
176
1
290
0
176
1
290
0
176
1
290
0
176
1
290
0
176
1
290
0
176
1
 90
50
176
1
 40
0.0
176
1
 40
1.0
176
1
 90
0
176
1
 62
18
420
0
176
1
 90
50
176
1
 90
3
176
1
 62
5
420
255
176
1
290
0
176
1
 90
50
176
1
 90
50
176
1
 90
50
176
1
290
0
176
1
 90
50
176
1
 62
256
176
0
 40
1.0
176
0
 90
2
176
1
  1
strokes_ogs.tif
176
1
290
0
176
1
 40
1.0
176
1
 40
1.0
176
1
  0
VISUALSTYLE
  5
66
102
{ACAD_REACTORS
330
16
102
}
330
16
100
AcDbVisualStyle
  2
Hidden
 70
6
177
3
291
0
 70
58
 90
2
176
1
 90
2
176
1
 90
0
176
1
 90
1
176
1
 40
0.6
176
1
 40
30.0
176
1
 62
7
420
16777215
176
1
 90
1
176
1
 90
4
176
1
 62
7
176
1
 62
257
176
1
 90
1
176
1
 90
1
176
1
 40
1.0
176
1
 90
8
176
1
 62
7
176
1
 40
1.0
176
1
 90
1
176
1
 90
6
176
1
 90
2
176
1
 62
7
176
1
 90
5
176
1
 90
0
176
1
 90
0
176
1
290
0
176
1
 90
1
176
1
 40
0.0
176
1
 90
0
176
1
290
0
176
1
290
1
176
1
290
1
176
1
290
0
176
1
290
0
176
1
290
0
176
1
290
0
176
1
290
0
176
1
290
0
176
1
 90
50
176
1
 40
0.0
176
1
 40
1.0
176
1
 90
0
176
1
 62
18
420
0
176
1
 90
50
176
1
 90
3
176
1
 62
5
420
255
176
1
290
0
176
1
 90
50
176
1
 90
50
176
1
 90
50
176
1
290
0
176
1
 90
50
176
1
 62
256
176
0
 40
1.0
176
0
 90
2
176
1
  1
strokes_ogs.tif
176
1
290
0
176
1
 40
1.0
176
1
 40
1.0
176
1
  0
VISUALSTYLE
  5
67
102
{ACAD_REACTORS
330
16
102
}
330
16
100
AcDbVisualStyle
  2
JitterOff
 70
20
177
3
291
1
 70
58
 90
2
176
1
 90
2
176
1
 90
0
176
1
 90
2
176
1
 40
0.6
176
1
 40
30.0
176
1
 62
7
420
16777215
176
1
 90
1
176
1
 90
4
176
1
 62
7
176
1
 62
257
176
1
 90
1
176
1
 90
1
176
1
 40
1.0
176
1
 90
8
176
1
 62
7
176
1
 40
1.0
176
1
 90
1
176
1
 90
6
176
1
 90
2
176
1
 62
7
176
1
 90
5
176
1
 90
0
176
1
 90
0
176
1
290
0
176
1
 90
1
176
1
 40
0.0
176
1
 90
0
176
1
290
0
176
1
290
1
176
1
290
1
176
1
290
0
176
1
290
0
176
1
290
0
176
1
290
0
176
1
290
0
176
1
290
0
176
1
 90
50
176
1
 40
0.0
176
1
 40
1.0
176
1
 90
0
176
1
 62
18
420
0
176
1
 90
50
176
1
 90
3
176
1
 62
5
420
255
176
1
290
0
176
1
 90
50
176
1
 90
50
176
1
 90
50
176
1
290
0
176
1
 90
50
176
1
 62
256
176
0
 40
1.0
176
0
 90
2
176
1
  1
strokes_ogs.tif
176
1
290
0
176
1
 40
1.0
176
1
 40
1.0
176
1
  0
VISUALSTYLE
  5
68
102
{ACAD_REACTORS
330
16
102
}
330
16
100
AcDbVisualStyle
  2
Linepattern
 70
14
177
3
291
1
 70
58
 90
2
176
1
 90
2
176
1
 90
0
176
1
 90
2
176
1
 40
0.6
176
1
 40
30.0
176
1
 62
7
420
16777215
176
1
 90
1
176
1
 90
4
176
1
 62
7
176
1
 62
257
176
1
 90
1
176
1
 90
1
176
1
 40
1.0
176
1
 90
8
176
1
 62
7
176
1
 40
1.0
176
1
 90
1
176
1
 90
6
176
1
 90
2
176
1
 62
7
176
1
 90
5
176
1
 90
0
176
1
 90
0
176
1
290
0
176
1
 90
1
176
1
 40
0.0
176
1
 90
0
176
1
290
0
176
1
290
1
176
1
290
1
176
1
290
0
176
1
290
0
176
1
290
0
176
1
290
0
176
1
290
0
176
1
290
0
176
1
 90
50
176
1
 40
0.0
176
1
 40
1.0
176
1
 90
0
176
1
 62
18
420
0
176
1
 90
50
176
1
 90
3
176
1
 62
5
420
255
176
1
290
0
176
1
 90
50
176
1
 90
50
176
1
 90
50
176
1
290
0
176
1
 90
50
176
1
 62
256
176
0
 40
1.0
176
0
 90
2
176
1
  1
strokes_ogs.tif
176
1
290
0
176
1
 40
1.0
176
1
 40
1.0
176
1
  0
VISUALSTYLE
  5
69
102
{ACAD_REACTORS
330
16
102
}
330
16
100
AcDbVisualStyle
  2
Modeling
 70
10
177
3
291
0
 70
58
 90
2
176
1
 90
2
176
1
 90
0
176
1
 90
2
176
1
 40
0.6
176
1
 40
30.0
176
1
 62
7
420
16777215
176
1
 90
1
176
1
 90
4
176
1
 62
7
176
1
 62
257
176
1
 90
1
176
1
 90
1
176
1
 40
1.0
176
1
 90
8
176
1
 62
7
176
1
 40
1.0
176
1
 90
1
176
1
 90
6
176
1
 90
2
176
1
 62
7
176
1
 90
5
176
1
 90
0
176
1
 90
0
176
1
290
0
176
1
 90
1
176
1
 40
0.0
176
1
 90
0
176
1
290
0
176
1
290
1
176
1
290
1
176
1
290
0
176
1
290
0
176
1
290
0
176
1
290
0
176
1
290
0
176
1
290
0
176
1
 90
50
176
1
 40
0.0
176
1
 40
1.0
176
1
 90
0
176
1
 62
18
420
0
176
1
 90
50
176
1
 90
3
176
1
 62
5
420
255
176
1
290
0
176
1
 90
50
176
1
 90
50
176
1
 90
50
176
1
290
0
176
1
 90
50
176
1
 62
256
176
0
 40
1.0
176
0
 90
2
176
1
  1
strokes_ogs.tif
176
1
290
0
176
1
 40
1.0
176
1
 40
1.0
176
1
  0
VISUALSTYLE
  5
6A
102
{ACAD_REACTORS
330
16
102
}
330
16
100
AcDbVisualStyle
  2
OverhangOff
 70
21
177
3
291
1
 70
58
 90
2
176
1
 90
2
176
1
 90
0
176
1
 90
2
176
1
 40
0.6
176
1
 40
30.0
176
1
 62
7
420
16777215
176
1
 90
1
176
1
 90
4
176
1
 62
7
176
1
 62
257
176
1
 90
1
176
1
 90
1
176
1
 40
1.0
176
1
 90
8
176
1
 62
7
176
1
 40
1.0
176
1
 90
1
176
1
 90
6
176
1
 90
2
176
1
 62
7
176
1
 90
5
176
1
 90
0
176
1
 90
0
176
1
290
0
176
1
 90
1
176
1
 40
0.0
176
1
 90
0
176
1
290
0
176
1
290
1
176
1
290
1
176
1
290
0
176
1
290
0
176
1
290
0
176
1
290
0
176
1
290
0
176
1
290
0
176
1
 90
50
176
1
 40
0.0
176
1
 40
1.0
176
1
 90
0
176
1
 62
18
420
0
176
1
 90
50
176
1
 90
3
176
1
 62
5
420
255
176
1
290
0
176
1
 90
50
176
1
 90
50
176
1
 90
50
176
1
290
0
176
1
 90
50
176
1
 62
256
176
0
 40
1.0
176
0
 90
2
176
1
  1
strokes_ogs.tif
176
1
290
0
176
1
 40
1.0
176
1
 40
1.0
176
1
  0
VISUALSTYLE
  5
6B
102
{ACAD_REACTORS
330
16
102
}
330
16
100
AcDbVisualStyle
  2
Realistic
 70
8
177
3
291
0
 70
58
 90
2
176
1
 90
2
176
1
 90
0
176
1
 90
2
176
1
 40
0.6
176
1
 40
30.0
176
1
 62
7
420
16777215
176
1
 90
1
176
1
 90
4
176
1
 62
7
176
1
 62
257
176
1
 90
1
176
1
 90
1
176
1
 40
1.0
176
1
 90
8
176
1
 62
7
176
1
 40
1.0
176
1
 90
1
176
1
 90
6
176
1
 90
2
176
1
 62
7
176
1
 90
5
176
1
 90
0
176
1
 90
0
176
1
290
0
176
1
 90
1
176
1
 40
0.0
176
1
 90
0
176
1
290
0
176
1
290
1
176
1
290
1
176
1
290
0
176
1
290
0
176
1
290
0
176
1
290
0
176
1
290
0
176
1
290
0
176
1
 90
50
176
1
 40
0.0
176
1
 40
1.0
176
1
 90
0
176
1
 62
18
420
0
176
1
 90
50
176
1
 90
3
176
1
 62
5
420
255
176
1
290
0
176
1
 90
50
176
1
 90
50
176
1
 90
50
176
1
290
0
176
1
 90
50
176
1
 62
256
176
0
 40
1.0
176
0
 90
2
176
1
  1
strokes_ogs.tif
176
1
290
0
176
1
 40
1.0
176
1
 40
1.0
176
1
  0
VISUALSTYLE
  5
6C
102
{ACAD_REACTORS
330
16
102
}
330
16
100
AcDbVisualStyle
  2
Shaded
 70
27
177
3
291
0
 70
58
 90
2
176
1
 90
2
176
1
 90
0
176
1
 90
2
176
1
 40
0.6
176
1
 40
30.0
176
1
 62
7
420
16777215
176
1
 90
1
176
1
 90
4
176
1
 62
7
176
1
 62
257
176
1
 90
1
176
1
 90
1
176
1
 40
1.0
176
1
 90
8
176
1
 62
7
176
1
 40
1.0
176
1
 90
1
176
1
 90
6
176
1
 90
2
176
1
 62
7
176
1
 90
5
176
1
 90
0
176
1
 90
0
176
1
290
0
176
1
 90
1
176
1
 40
0.0
176
1
 90
0
176
1
290
0
176
1
290
1
176
1
290
1
176
1
290
0
176
1
290
0
176
1
290
0
176
1
290
0
176
1
290
0
176
1
290
0
176
1
 90
50
176
1
 40
0.0
176
1
 40
1.0
176
1
 90
0
176
1
 62
18
420
0
176
1
 90
50
176
1
 90
3
176
1
 62
5
420
255
176
1
290
0
176
1
 90
50
176
1
 90
50
176
1
 90
50
176
1
290
0
176
1
 90
50
176
1
 62
256
176
0
 40
1.0
176
0
 90
2
176
1
  1
strokes_ogs.tif
176
1
290
0
176
1
 40
1.0
176
1
 40
1.0
176
1
  0
VISUALSTYLE
  5
6D
102
{ACAD_REACTORS
330
16
102
}
330
16
100
AcDbVisualStyle
  2
Shaded with edges
 70
26
177
3
291
0
 70
58
 90
2
176
1
 90
2
176
1
 90
0
176
1
 90
2
176
1
 40
0.6
176
1
 40
30.0
176
1
 62
7
420
16777215
176
1
 90
1
176
1
 90
4
176
1
 62
7
176
1
 62
257
176
1
 90
1
176
1
 90
1
176
1
 40
1.0
176
1
 90
8
176
1
 62
7
176
1
 40
1.0
176
1
 90
1
176
1
 90
6
176
1
 90
2
176
1
 62
7
176
1
 90
5
176
1
 90
0
176
1
 90
0
176
1
290
0
176
1
 90
1
176
1
 40
0.0
176
1
 90
0
176
1
290
0
176
1
290
1
176
1
290
1
176
1
290
0
176
1
290
0
176
1
290
0
176
1
290
0
176
1
290
0
176
1
290
0
176
1
 90
50
176
1
 40
0.0
176
1
 40
1.0
176
1
 90
0
176
1
 62
18
420
0
176
1
 90
50
176
1
 90
3
176
1
 62
5
420
255
176
1
290
0
176
1
 90
50
176
1
 90
50
176
1
 90
50
176
1
290
0
176
1
 90
50
176
1
 62
256
176
0
 40
1.0
176
0
 90
2
176
1
  1
strokes_ogs.tif
176
1
290
0
176
1
 40
1.0
176
1
 40
1.0
176
1
  0
VISUALSTYLE
  5
6E
102
{ACAD_REACTORS
330
16
102
}
330
16
100
AcDbVisualStyle
  2
Shades of Gray
 70
23
177
3
291
0
 70
58
 90
2
176
1
 90
2
176
1
 90
0
176
1
 90
2
176
1
 40
0.6
176
1
 40
30.0
176
1
 62
7
420
16777215
176
1
 90
1
176
1
 90
4
176
1
 62
7
176
1
 62
257
176
1
 90
1
176
1
 90
1
176
1
 40
1.0
176
1
 90
8
176
1
 62
7
176
1
 40
1.0
176
1
 90
1
176
1
 90
6
176
1
 90
2
176
1
 62
7
176
1
 90
5
176
1
 90
0
176
1
 90
0
176
1
290
0
176
1
 90
1
176
1
 40
0.0
176
1
 90
0
176
1
290
0
176
1
290
1
176
1
290
1
176
1
290
0
176
1
290
0
176
1
290
0
176
1
290
0
176
1
290
0
176
1
290
0
176
1
 90
50
176
1
 40
0.0
176
1
 40
1.0
176
1
 90
0
176
1
 62
18
420
0
176
1
 90
50
176
1
 90
3
176
1
 62
5
420
255
176
1
290
0
176
1
 90
50
176
1
 90
50
176
1
 90
50
176
1
290
0
176
1
 90
50
176
1
 62
256
176
0
 40
1.0
176
0
 90
2
176
1
  1
strokes_ogs.tif
176
1
290
0
176
1
 40
1.0
176
1
 40
1.0
176
1
  0
VISUALSTYLE
  5
6F
102
{ACAD_REACTORS
330
16
102
}
330
16
100
AcDbVisualStyle
  2
Sketchy
 70
24
177
3
291
0
 70
58
 90
2
176
1
 90
2
176
1
 90
0
176
1
 90
1
176
1
 40
0.6
176
1
 40
30.0
176
1
 62
7
420
16777215
176
1
 90
1
176
1
 90
4
176
1
 62
7
176
1
 62
257
176
1
 90
1
176
1
 90
1
176
1
 40
1.0
176
1
 90
8
176
1
 62
7
176
1
 40
1.0
176
1
 90
1
176
1
 90
6
176
1
 90
2
176
1
 62
7
176
1
 90
5
176
1
 90
0
176
1
 90
0
176
1
290
0
176
1
 90
1
176
1
 40
0.0
176
1
 90
0
176
1
290
0
176
1
290
1
176
1
290
1
176
1
290
0
176
1
290
0
176
1
290
0
176
1
290
0
176
1
290
0
176
1
290
0
176
1
 90
50
176
1
 40
0.0
176
1
 40
1.0
176
1
 90
0
176
1
 62
18
420
0
176
1
 90
50
176
1
 90
3
176
1
 62
5
420
255
176
1
290
0
176
1
 90
50
176
1
 90
50
176
1
 90
50
176
1
290
0
176
1
 90
50
176
1
 62
256
176
0
 40
1.0
176
0
 90
2
176
1
  1
strokes_ogs.tif
176
1
290
0
176
1
 40
1.0
176
1
 40
1.0
176
1
  0
VISUALSTYLE
  5
70
102
{ACAD_REACTORS
330
16
102
}
330
16
100
AcDbVisualStyle
  2
Thicken
 70
13
177
3
291
1
 70
58
 90
2
176
1
 90
2
176
1
 90
0
176
1
 90
2
176
1
 40
0.6
176
1
 40
30.0
176
1
 62
7
420
16777215
176
1
 90
1
176
1
 90
4
176
1
 62
7
176
1
 62
257
176
1
 90
1
176
1
 90
1
176
1
 40
1.0
176
1
 90
8
176
1
 62
7
176
1
 40
1.0
176
1
 90
1
176
1
 90
6
176
1
 90
2
176
1
 62
7
176
1
 90
5
176
1
 90
0
176
1
 90
0
176
1
290
0
176
1
 90
1
176
1
 40
0.0
176
1
 90
0
176
1
290
0
176
1
290
1
176
1
290
1
176
1
290
0
176
1
290
0
176
1
290
0
176
1
290
0
176
1
290
0
176
1
290
0
176
1
 90
50
176
1
 40
0.0
176
1
 40
1.0
176
1
 90
0
176
1
 62
18
420
0
176
1
 90
50
176
1
 90
3
176
1
 62
5
420
255
176
1
290
0
176
1
 90
50
176
1
 90
50
176
1
 90
50
176
1
290
0
176
1
 90
50
176
1
 62
256
176
0
 40
1.0
176
0
 90
2
176
1
  1
strokes_ogs.tif
176
1
290
0
176
1
 40
1.0
176
1
 40
1.0
176
1
  0
VISUALSTYLE
  5
71
102
{ACAD_REACTORS
330
16
102
}
330
16
100
AcDbVisualStyle
  2
Wireframe
 70
5
177
3
291
0
 70
58
 90
2
176
1
 90
2
176
1
 90
0
176
1
 90
0
176
1
 40
0.6
176
1
 40
30.0
176
1
 62
7
420
16777215
176
1
 90
1
176
1
 90
4
176
1
 62
7
176
1
 62
257
176
1
 90
1
176
1
 90
1
176
1
 40
1.0
176
1
 90
8
176
1
 62
7
176
1
 40
1.0
176
1
 90
1
176
1
 90
6
176
1
 90
2
176
1
 62
7
176
1
 90
5
176
1
 90
0
176
1
 90
0
176
1
290
0
176
1
 90
1
176
1
 40
0.0
176
1
 90
0
176
1
290
0
176
1
290
1
176
1
290
1
176
1
290
0
176
1
290
0
176
1
290
0
176
1
290
0
176
1
290
0
176
1
290
0
176
1
 90
50
176
1
 40
0.0
176
1
 40
1.0
176
1
 90
0
176
1
 62
18
420
0
176
1
 90
50
176
1
 90
3
176
1
 62
5
420
255
176
1
290
0
176
1
 90
50
176
1
 90
50
176
1
 90
50
176
1
290
0
176
1
 90
50
176
1
 62
256
176
0
 40
1.0
176
0
 90
2
176
1
  1
strokes_ogs.tif
176
1
290
0
176
1
 40
1.0
176
1
 40
1.0
176
1
  0
VISUALSTYLE
  5
72
102
{ACAD_REACTORS
330
16
102
}
330
16
100
AcDbVisualStyle
  2
X-Ray
 70
25
177
3
291
0
 70
58
 90
2
176
1
 90
2
176
1
 90
0
176
1
 90
2
176
1
 40
0.5
176
1
 40
30.0
176
1
 62
7
420
16777215
176
1
 90
1
176
1
 90
4
176
1
 62
7
176
1
 62
257
176
1
 90
1
176
1
 90
1
176
1
 40
1.0
176
1
 90
8
176
1
 62
7
176
1
 40
1.0
176
1
 90
1
176
1
 90
6
176
1
 90
2
176
1
 62
7
176
1
 90
5
176
1
 90
0
176
1
 90
0
176
1
290
0
176
1
 90
1
176
1
 40
0.0
176
1
 90
0
176
1
290
0
176
1
290
1
176
1
290
1
176
1
290
0
176
1
290
0
176
1
290
0
176
1
290
0
176
1
290
0
176
1
290
0
176
1
 90
50
176
1
 40
0.0
176
1
 40
1.0
176
1
 90
0
176
1
 62
18
420
0
176
1
 90
50
176
1
 90
3
176
1
 62
5
420
255
176
1
290
0
176
1
 90
50
176
1
 90
50
176
1
 90
50
176
1
290
0
176
1
 90
50
176
1
 62
256
176
0
 40
1.0
176
0
 90
2
176
1
  1
strokes_ogs.tif
176
1
290
0
176
1
 40
1.0
176
1
 40
1.0
176
1
  0
DICTIONARYVAR
  5
5F6
330
2D
100
DictionaryVariables
280
0
  1
1.4.4 @ 2026-10-08T17:37:37.325947+00:00
  0
ENDSEC
  0
EOF
