  0
SECTION
  2
HEADER
  9
$ACADVER
  1
AC1032
  9
$ACADMAINTVER
 90
4
  9
$DWGCODEPAGE
  3
ANSI_1252
  9
$LASTSAVEDBY
  1
ezdxf
  9
$REQUIREDVERSIONS
160
0
  9
$INSBASE
 10
0.0
 20
0.0
 30
0.0
  9
$EXTMIN
 10
1e+20
 20
1e+20
 30
1e+20
  9
$EXTMAX
 10
-1e+20
 20
-1e+20
 30
-1e+20
  9
$LIMMIN
 10
0.0
 20
0.0
  9
$LIMMAX
 10
420.0
 20
297.0
  9
$ORTHOMODE
 70
0
  9
$REGENMODE
 70
1
  9
$FILLMODE
 70
1
  9
$QTEXTMODE
 70
0
  9
$MIRRTEXT
 70
1
  9
$LTSCALE
 40
1.0
  9
$ATTMODE
 70
1
  9
$TEXTSIZE
 40
2.5
  9
$TRACEWID
 40
1.0
  9
$TEXTSTYLE
  7
OpenSans
  9
$CLAYER
  8
0
  9
$CELTYPE
  6
ByLayer
  9
$CECOLOR
 62
256
  9
$CELTSCALE
 40
1.0
  9
$DISPSILH
 70
0
  9
$DIMSCALE
 40
1.0
  9
$DIMASZ
 40
0.175
  9
$DIMEXO
 40
0.125
  9
$DIMDLI
 40
3.75
  9
$DIMRND
 40
0.0
  9
$DIMDLE
 40
0.0
  9
$DIMEXE
 40
0.375
  9
$DIMTP
 40
0.0
  9
$DIMTM
 40
0.0
  9
$DIMTXT
 40
0.25
  9
$DIMCEN
 40
2.5
  9
$DIMTSZ
 40
0.0
  9
$DIMTOL
 70
0
  9
$DIMLIM
 70
0
  9
$DIMTIH
 70
0
  9
$DIMTOH
 70
0
  9
$DIMSE1
 70
0
  9
$DIMSE2
 70
0
  9
$DIMTAD
 70
1
  9
$DIMZIN
 70
12
  9
$DIMBLK
  1
ARCHTICK
  9
$DIMASO
 70
1
  9
$DIMSHO
 70
1
  9
$DIMPOST
  1

  9
$DIMAPOST
  1

  9
$DIMALT
 70
0
  9
$DIMALTD
 70
3
  9
$DIMALTF
 40
0.03937007874
  9
$DIMLFAC
 40
100.0
  9
$DIMTOFL
 70
1
  9
$DIMTVP
 40
0.0
  9
$DIMTIX
 70
0
  9
$DIMSOXD
 70
0
  9
$DIMSAH
 70
0
  9
$DIMBLK1
  1

  9
$DIMBLK2
  1

  9
$DIMSTYLE
  2
EZDXF
  9
$DIMCLRD
 70
0
  9
$DIMCLRE
 70
0
  9
$DIMCLRT
 70
0
  9
$DIMTFAC
 40
0.5
  9
$DIMGAP
 40
0.1
  9
$DIMJUST
 70
0
  9
$DIMSD1
 70
0
  9
$DIMSD2
 70
0
  9
$DIMTOLJ
 70
0
  9
$DIMTZIN
 70
8
  9
$DIMALTZ
 70
0
  9
$DIMALTTZ
 70
0
  9
$DIMUPT
 70
1
  9
$DIMDEC
 70
2
  9
$DIMTDEC
 70
2
  9
$DIMALTU
 70
2
  9
$DIMALTTD
 70
3
  9
$DIMTXSTY
  7
OpenSansCondensed-Light
  9
$DIMAUNIT
 70
0
  9
$DIMADEC
 70
2
  9
$DIMALTRND
 40
0.0
  9
$DIMAZIN
 70
3
  9
$DIMDSEP
 70
46
  9
$DIMATFIT
 70
3
  9
$DIMFRAC
 70
0
  9
$DIMLDRBLK
  1

  9
$DIMLUNIT
 70
2
  9
$DIMLWD
 70
-2
  9
$DIMLWE
 70
-2
  9
$DIMTMOVE
 70
2
  9
$DIMFXL
 40
1.0
  9
$DIMFXLON
 70
0
  9
$DIMJOGANG
 40
0.785398163397
  9
$DIMTFILL
 70
0
  9
$DIMTFILLCLR
 70
0
  9
$DIMARCSYM
 70
0
  9
$DIMLTYPE
  6

  9
$DIMLTEX1
  6

  9
$DIMLTEX2
  6

  9
$DIMTXTDIRECTION
 70
0
  9
$LUNITS
 70
2
  9
$LUPREC
 70
4
  9
$SKETCHINC
 40
1.0
  9
$FILLETRAD
 40
10.0
  9
$AUNITS
 70
0
  9
$AUPREC
 70
2
  9
$MENU
  1
.
  9
$ELEVATION
 40
0.0
  9
$PELEVATION
 40
0.0
  9
$THICKNESS
 40
0.0
  9
$LIMCHECK
 70
0
  9
$CHAMFERA
 40
0.0
  9
$CHAMFERB
 40
0.0
  9
$CHAMFERC
 40
0.0
  9
$CHAMFERD
 40
0.0
  9
$SKPOLY
 70
0
  9
$TDCREATE
 40
2461322.7344791666
  9
$TDUCREATE
 40
2458532.153996898
  9
$TDUPDATE
 40
2461322.7344791666
  9
$TDUUPDATE
 40
2458532.1544311
  9
$TDINDWG
 40
0.0
  9
$TDUSRTIMER
 40
0.0
  9
$USRTIMER
 70
1
  9
$ANGBASE
 50
0.0
  9
$ANGDIR
 70
0
  9
$PDMODE
 70
0
  9
$PDSIZE
 40
0.0
  9
$PLINEWID
 40
0.0
  9
$SPLFRAME
 70
0
  9
$SPLINETYPE
 70
6
  9
$SPLINESEGS
 70
8
  9
$HANDSEED
  5
496
  9
$SURFTAB1
 70
6
  9
$SURFTAB2
 70
6
  9
$SURFTYPE
 70
6
  9
$SURFU
 70
6
  9
$SURFV
 70
6
  9
$UCSBASE
  2

  9
$UCSNAME
  2

  9
$UCSORG
 10
0.0
 20
0.0
 30
0.0
  9
$UCSXDIR
 10
1.0
 20
0.0
 30
0.0
  9
$UCSYDIR
 10
0.0
 20
1.0
 30
0.0
  9
$UCSORTHOREF
  2

  9
$UCSORTHOVIEW
 70
0
  9
$UCSORGTOP
 10
0.0
 20
0.0
 30
0.0
  9
$UCSORGBOTTOM
 10
0.0
 20
0.0
 30
0.0
  9
$UCSORGLEFT
 10
0.0
 20
0.0
 30
0.0
  9
$UCSORGRIGHT
 10
0.0
 20
0.0
 30
0.0
  9
$UCSORGFRONT
 10
0.0
 20
0.0
 30
0.0
  9
$UCSORGBACK
 10
0.0
 20
0.0
 30
0.0
  9
$PUCSBASE
  2

  9
$PUCSNAME
  2

  9
$PUCSORG
 10
0.0
 20
0.0
 30
0.0
  9
$PUCSXDIR
 10
1.0
 20
0.0
 30
0.0
  9
$PUCSYDIR
 10
0.0
 20
1.0
 30
0.0
  9
$PUCSORTHOREF
  2

  9
$PUCSORTHOVIEW
 70
0
  9
$PUCSORGTOP
 10
0.0
 20
0.0
 30
0.0
  9
$PUCSORGBOTTOM
 10
0.0
 20
0.0
 30
0.0
  9
$PUCSORGLEFT
 10
0.0
 20
0.0
 30
0.0
  9
$PUCSORGRIGHT
 10
0.0
 20
0.0
 30
0.0
  9
$PUCSORGFRONT
 10
0.0
 20
0.0
 30
0.0
  9
$PUCSORGBACK
 10
0.0
 20
0.0
 30
0.0
  9
$USERI1
 70
0
  9
$USERI2
 70
0
  9
$USERI3
 70
0
  9
$USERI4
 70
0
  9
$USERI5
 70
0
  9
$USERR1
 40
0.0
  9
$USERR2
 40
0.0
  9
$USERR3
 40
0.0
  9
$USERR4
 40
0.0
  9
$USERR5
 40
0.0
  9
$WORLDVIEW
 70
1
  9
$SHADEDGE
 70
3
  9
$SHADEDIF
 70
70
  9
$TILEMODE
 70
1
  9
$MAXACTVP
 70
64
  9
$PINSBASE
 10
0.0
 20
0.0
 30
0.0
  9
$PLIMCHECK
 70
0
  9
$PEXTMIN
 10
1e+20
 20
1e+20
 30
1e+20
  9
$PEXTMAX
 10
-1e+20
 20
-1e+20
 30
-1e+20
  9
$PLIMMIN
 10
0.0
 20
0.0
  9
$PLIMMAX
 10
420.0
 20
297.0
  9
$UNITMODE
 70
0
  9
$VISRETAIN
 70
1
  9
$PLINEGEN
 70
0
  9
$PSLTSCALE
 70
1
  9
$TREEDEPTH
 70
3020
  9
$CMLSTYLE
  2
Standard
  9
$CMLJUST
 70
0
  9
$CMLSCALE
 40
20.0
  9
$PROXYGRAPHICS
 70
1
  9
$MEASUREMENT
 70
1
  9
$CELWEIGHT
370
-1
  9
$ENDCAPS
280
0
  9
$JOINSTYLE
280
0
  9
$LWDISPLAY
290
0
  9
$INSUNITS
 70
4
  9
$HYPERLINKBASE
  1

  9
$STYLESHEET
  1

  9
$XEDIT
290
1
  9
$CEPSNTYPE
380
0
  9
$PSTYLEMODE
290
1
  9
$FINGERPRINTGUID
  2
{5718D1DF-F62D-4626-8DFF-3B506BBF6405}
  9
$VERSIONGUID
  2
{D1B20F45-CA7E-4980-BB54-76456B42B791}
  9
$EXTNAMES
290
1
  9
$PSVPSCALE
 40
0.0
  9
$OLESTARTUP
290
0
  9
$SORTENTS
280
127
  9
$INDEXCTL
280
0
  9
$HIDETEXT
280
1
  9
$XCLIPFRAME
280
1
  9
$HALOGAP
280
0
  9
$OBSCOLOR
 70
257
  9
$OBSLTYPE
280
0
  9
$INTERSECTIONDISPLAY
280
0
  9
$INTERSECTIONCOLOR
 70
257
  9
$DIMASSOC
280
2
  9
$PROJECTNAME
  1

  9
$CAMERADISPLAY
290
0
  9
$LENSLENGTH
 40
50.0
  9
$CAMERAHEIGHT
 40
0.0
  9
$STEPSPERSEC
 40
24.0
  9
$STEPSIZE
 40
100.0
  9
$3DDWFPREC
 40
2.0
  9
$PSOLWIDTH
 40
0.005
  9
$PSOLHEIGHT
 40
0.08
  9
$LOFTANG1
 40
1.570796326795
  9
$LOFTANG2
 40
1.570796326795
  9
$LOFTMAG1
 40
0.0
  9
$LOFTMAG2
 40
0.0
  9
$LOFTPARAM
 70
7
  9
$LOFTNORMALS
280
1
  9
$LATITUDE
 40
37.795
  9
$LONGITUDE
 40
-122.394
  9
$NORTHDIRECTION
 40
0.0
  9
$TIMEZONE
 70
-8000
  9
$LIGHTGLYPHDISPLAY
280
1
  9
$TILEMODELIGHTSYNCH
280
1
  9
$CMATERIAL
347
20
  9
$SOLIDHIST
280
0
  9
$SHOWHIST
280
1
  9
$DWFFRAME
280
2
  9
$DGNFRAME
280
2
  9
$REALWORLDSCALE
290
1
  9
$INTERFERECOLOR
 62
256
  9
$CSHADOW
280
0
  9
$SHADOWPLANELOCATION
 40
0.0
  0
ENDSEC
  0
SECTION
  2
CLASSES
  0
CLASS
  1
ACDBDICTIONARYWDFLT
  2
AcDbDictionaryWithDefault
  3
ObjectDBX Classes
 90
0
 91
0
280
0
281
0
  0
CLASS
  1
SUN
  2
AcDbSun
  3
SCENEOE
 90
1153
 91
0
280
0
281
0
  0
CLASS
  1
VISUALSTYLE
  2
AcDbVisualStyle
  3
ObjectDBX Classes
 90
4095
 91
0
280
0
281
0
  0
CLASS
  1
MATERIAL
  2
AcDbMaterial
  3
ObjectDBX Classes
 90
1153
 91
0
280
0
281
0
  0
CLASS
  1
SCALE
  2
AcDbScale
  3
ObjectDBX Classes
 90
1153
 91
0
280
0
281
0
  0
CLASS
  1
TABLESTYLE
  2
AcDbTableStyle
  3
ObjectDBX Classes
 90
4095
 91
0
280
0
281
0
  0
CLASS
  1
MLEADERSTYLE
  2
AcDbMLeaderStyle
  3
ACDB_MLEADERSTYLE_CLASS
 90
4095
 91
0
280
0
281
0
  0
CLASS
  1
DICTIONARYVAR
  2
AcDbDictionaryVar
  3
ObjectDBX Classes
 90
0
 91
0
280
0
281
0
  0
CLASS
  1
CELLSTYLEMAP
  2
AcDbCellStyleMap
  3
ObjectDBX Classes
 90
1152
 91
0
280
0
281
0
  0
CLASS
  1
MENTALRAYRENDERSETTINGS
  2
AcDbMentalRayRenderSettings
  3
SCENEOE
 90
1024
 91
0
280
0
281
0
  0
CLASS
  1
ACDBDETAILVIEWSTYLE
  2
AcDbDetailViewStyle
  3
ObjectDBX Classes
 90
1025
 91
0
280
0
281
0
  0
CLASS
  1
ACDBSECTIONVIEWSTYLE
  2
AcDbSectionViewStyle
  3
ObjectDBX Classes
 90
1025
 91
0
280
0
281
0
  0
CLASS
  1
RASTERVARIABLES
  2
AcDbRasterVariables
  3
ISM
 90
0
 91
0
280
0
281
0
  0
CLASS
  1
ACDBPLACEHOLDER
  2
AcDbPlaceHolder
  3
ObjectDBX Classes
 90
0
 91
0
280
0
281
0
  0
CLASS
  1
LAYOUT
  2
AcDbLayout
  3
ObjectDBX Classes
 90
0
 91
0
280
0
281
0
  0
ENDSEC
  0
SECTION
  2
TABLES
  0
TABLE
  2
VPORT
  5
8
330
0
100
AcDbSymbolTable
 70
1
  0
VPORT
  5
23
330
8
100
AcDbSymbolTableRecord
100
AcDbViewportTableRecord
  2
*Active
 70
0
 10
0.0
 20
0.0
 11
1.0
 21
1.0
 12
0.0
 22
0.0
 13
0.0
 23
0.0
 14
0.5
 24
0.5
 15
0.5
 25
0.5
 16
0.0
 26
0.0
 36
1.0
 17
0.0
 27
0.0
 37
0.0
 40
1000.0
 41
1.34
 42
50.0
 43
0.0
 44
0.0
 50
0.0
 51
0.0
 71
0
 72
1000
 73
1
 74
3
 75
0
 76
0
 77
0
 78
0
281
0
 65
0
146
0.0
  0
ENDTAB
  0
TABLE
  2
LTYPE
  5
2
330
0
100
AcDbSymbolTable
 70
21
  0
LTYPE
  5
24
330
2
100
AcDbSymbolTableRecord
100
AcDbLinetypeTableRecord
  2
ByBlock
 70
0
  3

 72
65
 73
0
 40
0.0
  0
LTYPE
  5
25
330
2
100
AcDbSymbolTableRecord
100
AcDbLinetypeTableRecord
  2
ByLayer
 70
0
  3

 72
65
 73
0
 40
0.0
  0
LTYPE
  5
26
330
2
100
AcDbSymbolTableRecord
100
AcDbLinetypeTableRecord
  2
Continuous
 70
0
  3

 72
65
 73
0
 40
0.0
  0
LTYPE
  5
2F
330
2
100
AcDbSymbolTableRecord
100
AcDbLinetypeTableRecord
  2
CENTER
 70
0
  3
Center ____ _ ____ _ ____ _ ____ _ ____ _ ____
 72
65
 73
4
 40
5.08
 49
3.175
 74
0
 49
-0.635
 74
0
 49
0.635
 74
0
 49
-0.635
 74
0
  0
LTYPE
  5
30
330
2
100
AcDbSymbolTableRecord
100
AcDbLinetypeTableRecord
  2
CENTERX2
 70
0
  3
Center (2x) ________  __  ________  __  ________
 72
65
 73
4
 40
8.89
 49
6.35
 74
0
 49
-0.635
 74
0
 49
1.27
 74
0
 49
-0.635
 74
0
  0
LTYPE
  5
31
330
2
100
AcDbSymbolTableRecord
100
AcDbLinetypeTableRecord
  2
CENTER2
 70
0
  3
Center (.5x) ____ _ ____ _ ____ _ ____ _ ____
 72
65
 73
4
 40
2.54
 49
1.587
 74
0
 49
-0.318
 74
0
 49
0.318
 74
0
 49
-0.318
 74
0
  0
LTYPE
  5
32
330
2
100
AcDbSymbolTableRecord
100
AcDbLinetypeTableRecord
  2
DASHED
 70
0
  3
Dashed __ __ __ __ __ __ __ __ __ __ __ __ __ _
 72
65
 73
2
 40
1.524
 49
1.27
 74
0
 49
-0.254
 74
0
  0
LTYPE
  5
33
330
2
100
AcDbSymbolTableRecord
100
AcDbLinetypeTableRecord
  2
DASHEDX2
 70
0
  3
Dashed (2x) ____  ____  ____  ____  ____  ____
 72
65
 73
2
 40
3.048
 49
2.54
 74
0
 49
-0.508
 74
0
  0
LTYPE
  5
34
330
2
100
AcDbSymbolTableRecord
100
AcDbLinetypeTableRecord
  2
DASHED2
 70
0
  3
Dashed (.5x) _ _ _ _ _ _ _ _ _ _ _ _ _ _
 72
65
 73
2
 40
0.762
 49
0.635
 74
0
 49
-0.127
 74
0
  0
LTYPE
  5
35
330
2
100
AcDbSymbolTableRecord
100
AcDbLinetypeTableRecord
  2
PHANTOM
 70
0
  3
Phantom ______  __  __  ______  __  __  ______
 72
65
 73
6
 40
6.35
 49
3.175
 74
0
 49
-0.635
 74
0
 49
0.635
 74
0
 49
-0.635
 74
0
 49
0.635
 74
0
 49
-0.635
 74
0
  0
LTYPE
  5
36
330
2
100
AcDbSymbolTableRecord
100
AcDbLinetypeTableRecord
  2
PHANTOMX2
 70
0
  3
Phantom (2x)____________    ____    ____    ____________
 72
65
 73
6
 40
10.795
 49
6.35
 74
0
 49
-0.635
 74
0
 49
1.27
 74
0
 49
-0.635
 74
0
 49
1.27
 74
0
 49
-0.635
 74
0
  0
LTYPE
  5
37
330
2
100
AcDbSymbolTableRecord
100
AcDbLinetypeTableRecord
  2
PHANTOM2
 70
0
  3
Phantom (.5x) ___ _ _ ___ _ _ ___ _ _ ___ _ _ ___
 72
65
 73
6
 40
3.175
 49
1.587
 74
0
 49
-0.318
 74
0
 49
0.318
 74
0
 49
-0.318
 74
0
 49
0.318
 74
0
 49
-0.318
 74
0
  0
LTYPE
  5
38
330
2
100
AcDbSymbolTableRecord
100
AcDbLinetypeTableRecord
  2
DASHDOT
 70
0
  3
Dash dot __ . __ . __ . __ . __ . __ . __ . __
 72
65
 73
4
 40
3.556
 49
2.54
 74
0
 49
-0.508
 74
0
 49
0.0
 74
0
 49
-0.508
 74
0
  0
LTYPE
  5
39
330
2
100
AcDbSymbolTableRecord
100
AcDbLinetypeTableRecord
  2
DASHDOTX2
 70
0
  3
Dash dot (2x) ____  .  ____  .  ____  .  ____
 72
65
 73
4
 40
6.096
 49
5.08
 74
0
 49
-0.508
 74
0
 49
0.0
 74
0
 49
-0.508
 74
0
  0
LTYPE
  5
3A
330
2
100
AcDbSymbolTableRecord
100
AcDbLinetypeTableRecord
  2
DASHDOT2
 70
0
  3
Dash dot (.5x) _ . _ . _ . _ . _ . _ . _ . _
 72
65
 73
4
 40
1.778
 49
1.27
 74
0
 49
-0.254
 74
0
 49
0.0
 74
0
 49
-0.254
 74
0
  0
LTYPE
  5
3B
330
2
100
AcDbSymbolTableRecord
100
AcDbLinetypeTableRecord
  2
DOT
 70
0
  3
Dot .  .  .  .  .  .  .  .  .  .  .  .  .  .  .  .
 72
65
 73
2
 40
0.508
 49
0.0
 74
0
 49
-0.508
 74
0
  0
LTYPE
  5
3C
330
2
100
AcDbSymbolTableRecord
100
AcDbLinetypeTableRecord
  2
DOTX2
 70
0
  3
Dot (2x) .    .    .    .    .    .    .    . 
 72
65
 73
2
 40
1.016
 49
0.0
 74
0
 49
-1.016
 74
0
  0
LTYPE
  5
3D
330
2
100
AcDbSymbolTableRecord
100
AcDbLinetypeTableRecord
  2
DOT2
 70
0
  3
Dot (.5) . . . . . . . . . . . . . . . . . . . 
 72
65
 73
2
 40
0.254
 49
0.0
 74
0
 49
-0.254
 74
0
  0
LTYPE
  5
3E
330
2
100
AcDbSymbolTableRecord
100
AcDbLinetypeTableRecord
  2
DIVIDE
 70
0
  3
Divide __ . . __ . . __ . . __ . . __ . . __
 72
65
 73
6
 40
4.064
 49
2.54
 74
0
 49
-0.508
 74
0
 49
0.0
 74
0
 49
-0.508
 74
0
 49
0.0
 74
0
 49
-0.508
 74
0
  0
LTYPE
  5
3F
330
2
100
AcDbSymbolTableRecord
100
AcDbLinetypeTableRecord
  2
DIVIDEX2
 70
0
  3
Divide (2x) ____  . .  ____  . .  ____  . .  ____
 72
65
 73
6
 40
6.604
 49
5.08
 74
0
 49
-0.508
 74
0
 49
0.0
 74
0
 49
-0.508
 74
0
 49
0.0
 74
0
 49
-0.508
 74
0
  0
LTYPE
  5
40
330
2
100
AcDbSymbolTableRecord
100
AcDbLinetypeTableRecord
  2
DIVIDE2
 70
0
  3
Divide(.5x) _ . _ . _ . _ . _ . _ . _ . _
 72
65
 73
6
 40
2.032
 49
1.27
 74
0
 49
-0.254
 74
0
 49
0.0
 74
0
 49
-0.254
 74
0
 49
0.0
 74
0
 49
-0.254
 74
0
  0
ENDTAB
  0
TABLE
  2
LAYER
  5
1
330
0
100
AcDbSymbolTable
 70
16
  0
LAYER
  5
27
330
1
100
AcDbSymbolTableRecord
100
AcDbLayerTableRecord
  2
0
 70
0
 62
7
  6
Continuous
370
-3
390
13
347
21
  0
LAYER
  5
28
330
1
100
AcDbSymbolTableRecord
100
AcDbLayerTableRecord
  2
Defpoints
 70
0
 62
7
  6
Continuous
290
0
370
-3
390
13
347
21
  0
LAYER
  5
8B
330
1
100
AcDbSymbolTableRecord
100
AcDbLayerTableRecord
  2
FRAME
 70
0
 62
7
  6
CONTINUOUS
370
-3
390
13
347
21
  0
LAYER
  5
8C
330
1
100
AcDbSymbolTableRecord
100
AcDbLayerTableRecord
  2
AR-WALLS
 70
0
 62
7
  6
CONTINUOUS
370
-3
390
13
347
21
  0
LAYER
  5
8D
330
1
100
AcDbSymbolTableRecord
100
AcDbLayerTableRecord
  2
AR-NEW
 70
0
 62
5
  6
CONTINUOUS
370
-3
390
13
347
21
  0
LAYER
  5
8E
330
1
100
AcDbSymbolTableRecord
100
AcDbLayerTableRecord
  2
AR-DEMO
 70
0
 62
1
  6
DASHED
370
-3
390
13
347
21
  0
LAYER
  5
8F
330
1
100
AcDbSymbolTableRecord
100
AcDbLayerTableRecord
  2
FURN
 70
0
 62
8
  6
CONTINUOUS
370
-3
390
13
347
21
  0
LAYER
  5
90
330
1
100
AcDbSymbolTableRecord
100
AcDbLayerTableRecord
  2
EL-LIGHT
 70
0
 62
30
  6
CONTINUOUS
370
-3
390
13
347
21
  0
LAYER
  5
91
330
1
100
AcDbSymbolTableRecord
100
AcDbLayerTableRecord
  2
EL-SOCKET
 70
0
 62
6
  6
CONTINUOUS
370
-3
390
13
347
21
  0
LAYER
  5
92
330
1
100
AcDbSymbolTableRecord
100
AcDbLayerTableRecord
  2
EL-LOW
 70
0
 62
3
  6
CONTINUOUS
370
-3
390
13
347
21
  0
LAYER
  5
93
330
1
100
AcDbSymbolTableRecord
100
AcDbLayerTableRecord
  2
VK
 70
0
 62
4
  6
CONTINUOUS
370
-3
390
13
347
21
  0
LAYER
  5
94
330
1
100
AcDbSymbolTableRecord
100
AcDbLayerTableRecord
  2
OV
 70
0
 62
3
  6
CONTINUOUS
370
-3
390
13
347
21
  0
LAYER
  5
95
330
1
100
AcDbSymbolTableRecord
100
AcDbLayerTableRecord
  2
DIM
 70
0
 62
7
  6
CONTINUOUS
370
-3
390
13
347
21
  0
LAYER
  5
96
330
1
100
AcDbSymbolTableRecord
100
AcDbLayerTableRecord
  2
TEXT
 70
0
 62
7
  6
CONTINUOUS
370
-3
390
13
347
21
  0
LAYER
  5
97
330
1
100
AcDbSymbolTableRecord
100
AcDbLayerTableRecord
  2
AR-FIN
 70
0
 62
9
  6
CONTINUOUS
370
-3
390
13
347
21
  0
LAYER
  5
98
330
1
100
AcDbSymbolTableRecord
100
AcDbLayerTableRecord
  2
BASE
 70
0
 62
9
  6
CONTINUOUS
370
-3
390
13
347
21
  0
ENDTAB
  0
TABLE
  2
STYLE
  5
5
330
0
100
AcDbSymbolTable
 70
27
  0
STYLE
  5
29
330
5
100
AcDbSymbolTableRecord
100
AcDbTextStyleTableRecord
  2
Standard
 70
0
 40
0.0
 41
1.0
 50
0.0
 71
0
 42
2.5
  3
DejaVuSans.ttf
  4

  0
STYLE
  5
41
330
5
100
AcDbSymbolTableRecord
100
AcDbTextStyleTableRecord
  2
OpenSans-Light
 70
0
 40
0.0
 41
1.0
 50
0.0
 71
0
 42
2.5
  3
OpenSans-Light.ttf
  4

  0
STYLE
  5
42
330
5
100
AcDbSymbolTableRecord
100
AcDbTextStyleTableRecord
  2
OpenSans-Light-Italic
 70
0
 40
0.0
 41
1.0
 50
0.0
 71
0
 42
2.5
  3
OpenSans-LightItalic.ttf
  4

  0
STYLE
  5
43
330
5
100
AcDbSymbolTableRecord
100
AcDbTextStyleTableRecord
  2
OpenSans
 70
0
 40
0.0
 41
1.0
 50
0.0
 71
0
 42
2.5
  3
OpenSans-Regular.ttf
  4

  0
STYLE
  5
44
330
5
100
AcDbSymbolTableRecord
100
AcDbTextStyleTableRecord
  2
OpenSans-Italic
 70
0
 40
0.0
 41
1.0
 50
0.0
 71
0
 42
2.5
  3
OpenSans-Italic.ttf
  4

  0
STYLE
  5
45
330
5
100
AcDbSymbolTableRecord
100
AcDbTextStyleTableRecord
  2
OpenSans-SemiBold
 70
0
 40
0.0
 41
1.0
 50
0.0
 71
0
 42
2.5
  3
OpenSans-SemiBold.ttf
  4

  0
STYLE
  5
46
330
5
100
AcDbSymbolTableRecord
100
AcDbTextStyleTableRecord
  2
OpenSans-SemiBoldItalic
 70
0
 40
0.0
 41
1.0
 50
0.0
 71
0
 42
2.5
  3
OpenSans-SemiBoldItalic.ttf
  4

  0
STYLE
  5
47
330
5
100
AcDbSymbolTableRecord
100
AcDbTextStyleTableRecord
  2
OpenSans-Bold
 70
0
 40
0.0
 41
1.0
 50
0.0
 71
0
 42
2.5
  3
OpenSans-Bold.ttf
  4

  0
STYLE
  5
48
330
5
100
AcDbSymbolTableRecord
100
AcDbTextStyleTableRecord
  2
OpenSans-BoldItalic
 70
0
 40
0.0
 41
1.0
 50
0.0
 71
0
 42
2.5
  3
OpenSans-BoldItalic.ttf
  4

  0
STYLE
  5
49
330
5
100
AcDbSymbolTableRecord
100
AcDbTextStyleTableRecord
  2
OpenSans-ExtraBold
 70
0
 40
0.0
 41
1.0
 50
0.0
 71
0
 42
2.5
  3
OpenSans-ExtraBold.ttf
  4

  0
STYLE
  5
4A
330
5
100
AcDbSymbolTableRecord
100
AcDbTextStyleTableRecord
  2
OpenSans-ExtraBoldItalic
 70
0
 40
0.0
 41
1.0
 50
0.0
 71
0
 42
2.5
  3
OpenSans-ExtraBoldItalic.ttf
  4

  0
STYLE
  5
4B
330
5
100
AcDbSymbolTableRecord
100
AcDbTextStyleTableRecord
  2
OpenSansCondensed-Bold
 70
0
 40
0.0
 41
1.0
 50
0.0
 71
0
 42
2.5
  3
OpenSansCondensed-Bold.ttf
  4

  0
STYLE
  5
4C
330
5
100
AcDbSymbolTableRecord
100
AcDbTextStyleTableRecord
  2
OpenSansCondensed-Light
 70
0
 40
0.0
 41
1.0
 50
0.0
 71
0
 42
2.5
  3
OpenSansCondensed-Light.ttf
  4

  0
STYLE
  5
4D
330
5
100
AcDbSymbolTableRecord
100
AcDbTextStyleTableRecord
  2
OpenSansCondensed-Italic
 70
0
 40
0.0
 41
1.0
 50
0.0
 71
0
 42
2.5
  3
OpenSansCondensed-LightItalic.ttf
  4

  0
STYLE
  5
4E
330
5
100
AcDbSymbolTableRecord
100
AcDbTextStyleTableRecord
  2
LiberationSans
 70
0
 40
0.0
 41
1.0
 50
0.0
 71
0
 42
2.5
  3
LiberationSans-Regular.ttf
  4

  0
STYLE
  5
4F
330
5
100
AcDbSymbolTableRecord
100
AcDbTextStyleTableRecord
  2
LiberationSans-Bold
 70
0
 40
0.0
 41
1.0
 50
0.0
 71
0
 42
2.5
  3
LiberationSans-Bold.ttf
  4

  0
STYLE
  5
50
330
5
100
AcDbSymbolTableRecord
100
AcDbTextStyleTableRecord
  2
LiberationSans-BoldItalic
 70
0
 40
0.0
 41
1.0
 50
0.0
 71
0
 42
2.5
  3
LiberationSans-BoldItalic.ttf
  4

  0
STYLE
  5
51
330
5
100
AcDbSymbolTableRecord
100
AcDbTextStyleTableRecord
  2
LiberationSans-Italic
 70
0
 40
0.0
 41
1.0
 50
0.0
 71
0
 42
2.5
  3
LiberationSans-Italic.ttf
  4

  0
STYLE
  5
52
330
5
100
AcDbSymbolTableRecord
100
AcDbTextStyleTableRecord
  2
LiberationSerif
 70
0
 40
0.0
 41
1.0
 50
0.0
 71
0
 42
2.5
  3
LiberationSerif-Regular.ttf
  4

  0
STYLE
  5
53
330
5
100
AcDbSymbolTableRecord
100
AcDbTextStyleTableRecord
  2
LiberationSerif-Bold
 70
0
 40
0.0
 41
1.0
 50
0.0
 71
0
 42
2.5
  3
LiberationSerif-Bold.ttf
  4

  0
STYLE
  5
54
330
5
100
AcDbSymbolTableRecord
100
AcDbTextStyleTableRecord
  2
LiberationSerif-BoldItalic
 70
0
 40
0.0
 41
1.0
 50
0.0
 71
0
 42
2.5
  3
LiberationSerif-BoldItalic.ttf
  4

  0
STYLE
  5
55
330
5
100
AcDbSymbolTableRecord
100
AcDbTextStyleTableRecord
  2
LiberationSerif-Italic
 70
0
 40
0.0
 41
1.0
 50
0.0
 71
0
 42
2.5
  3
LiberationSerif-Italic.ttf
  4

  0
STYLE
  5
56
330
5
100
AcDbSymbolTableRecord
100
AcDbTextStyleTableRecord
  2
LiberationMono
 70
0
 40
0.0
 41
1.0
 50
0.0
 71
0
 42
2.5
  3
LiberationMono-Regular.ttf
  4

  0
STYLE
  5
57
330
5
100
AcDbSymbolTableRecord
100
AcDbTextStyleTableRecord
  2
LiberationMono-Bold
 70
0
 40
0.0
 41
1.0
 50
0.0
 71
0
 42
2.5
  3
LiberationMono-Bold.ttf
  4

  0
STYLE
  5
58
330
5
100
AcDbSymbolTableRecord
100
AcDbTextStyleTableRecord
  2
LiberationMono-BoldItalic
 70
0
 40
0.0
 41
1.0
 50
0.0
 71
0
 42
2.5
  3
LiberationMono-BoldItalic.ttf
  4

  0
STYLE
  5
59
330
5
100
AcDbSymbolTableRecord
100
AcDbTextStyleTableRecord
  2
LiberationMono-Italic
 70
0
 40
0.0
 41
1.0
 50
0.0
 71
0
 42
2.5
  3
LiberationMono-Italic.ttf
  4

  0
STYLE
  5
8A
330
5
100
AcDbSymbolTableRecord
100
AcDbTextStyleTableRecord
  2
GOST
 70
0
 40
0.0
 41
1.0
 50
0.0
 71
0
 42
2.5
  3
DejaVuSans.ttf
  4

  0
ENDTAB
  0
TABLE
  2
VIEW
  5
7
330
0
100
AcDbSymbolTable
 70
0
  0
ENDTAB
  0
TABLE
  2
UCS
  5
6
330
0
100
AcDbSymbolTable
 70
0
  0
ENDTAB
  0
TABLE
  2
APPID
  5
3
330
0
100
AcDbSymbolTable
 70
3
  0
APPID
  5
2A
330
3
100
AcDbSymbolTableRecord
100
AcDbRegAppTableRecord
  2
ACAD
 70
0
  0
APPID
  5
493
330
3
100
AcDbSymbolTableRecord
100
AcDbRegAppTableRecord
  2
HATCHBACKGROUNDCOLOR
 70
0
  0
APPID
  5
494
330
3
100
AcDbSymbolTableRecord
100
AcDbRegAppTableRecord
  2
EZDXF
 70
0
  0
ENDTAB
  0
TABLE
  2
DIMSTYLE
  5
4
330
0
100
AcDbSymbolTable
 70
12
100
AcDbDimStyleTable
  0
DIMSTYLE
105
2B
330
4
100
AcDbSymbolTableRecord
100
AcDbDimStyleTableRecord
  2
Standard
 70
0
 40
1.0
 41
2.5
 42
0.625
 43
3.75
 44
1.25
 45
0.0
 46
0.0
 47
0.0
 48
0.0
 49
2.5
140
2.5
141
2.5
142
0.0
143
0.03937007874
144
1.0
145
0.0
146
1.0
147
0.625
148
0.0
 69
0
 70
0
 71
0
 72
0
 73
0
 74
0
 75
0
 76
0
 77
1
 78
8
 79
3
170
0
171
3
172
1
173
0
174
0
175
0
176
0
177
0
178
0
179
2
271
2
272
2
273
2
274
3
275
0
276
0
277
2
278
44
279
0
280
0
281
0
282
0
283
0
284
8
285
0
286
0
288
0
289
3
290
0
371
-2
372
-2
  0
DIMSTYLE
105
73
330
4
100
AcDbSymbolTableRecord
100
AcDbDimStyleTableRecord
  2
EZDXF
 70
0
 40
1.0
 41
0.175
 42
0.125
 43
3.75
 44
0.375
 45
0.0
 46
0.0
 47
0.0
 48
0.0
 49
2.5
140
0.25
141
2.5
142
0.0
143
0.03937007874
144
100.0
145
0.0
146
0.5
147
0.1
148
0.0
 69
0
 70
0
 71
0
 72
0
 73
0
 74
0
 75
0
 76
0
 77
1
 78
12
 79
3
170
0
171
3
172
1
173
0
174
0
175
0
176
0
177
0
178
0
179
2
271
2
272
2
273
2
274
3
275
0
276
0
277
2
278
46
279
2
280
0
281
0
282
0
283
0
284
8
285
0
286
0
288
1
289
3
290
0
340
4C
342
74
371
-2
372
-2
  0
DIMSTYLE
105
7C
330
4
100
AcDbSymbolTableRecord
100
AcDbDimStyleTableRecord
  2
EZ_M_100_H25_CM
 70
0
 40
1.0
 41
0.25
 42
0.125
 43
3.75
 44
0.375
 45
0.0
 46
0.0
 47
0.0
 48
0.0
 49
2.5
140
0.25
141
2.5
142
0.125
143
0.03937007874
144
100.0
145
0.0
146
0.5
147
0.1
148
0.0
 69
0
 70
0
 71
0
 72
0
 73
0
 74
0
 75
0
 76
0
 77
1
 78
12
 79
3
170
0
171
3
172
1
173
0
174
0
175
0
176
0
177
0
178
0
179
2
271
2
272
2
273
2
274
3
275
0
276
0
277
2
278
46
279
2
280
0
281
0
282
0
283
0
284
8
285
0
286
0
288
1
289
3
290
0
340
4C
371
-2
372
-2
  0
DIMSTYLE
105
7D
330
4
100
AcDbSymbolTableRecord
100
AcDbDimStyleTableRecord
  2
EZ_M_50_H25_CM
 70
0
 40
1.0
 41
0.125
 42
0.0625
 43
3.75
 44
0.1875
 45
0.0
 46
0.0
 47
0.0
 48
0.0
 49
2.5
140
0.125
141
2.5
142
0.0625
143
0.03937007874
144
100.0
145
0.0
146
0.5
147
0.05
148
0.0
 69
0
 70
0
 71
0
 72
0
 73
0
 74
0
 75
0
 76
0
 77
1
 78
12
 79
3
170
0
171
3
172
1
173
0
174
0
175
0
176
0
177
0
178
0
179
2
271
2
272
2
273
2
274
3
275
0
276
0
277
2
278
46
279
2
280
0
281
0
282
0
283
0
284
8
285
0
286
0
288
1
289
3
290
0
340
4C
371
-2
372
-2
  0
DIMSTYLE
105
7E
330
4
100
AcDbSymbolTableRecord
100
AcDbDimStyleTableRecord
  2
EZ_M_25_H25_CM
 70
0
 40
1.0
 41
0.0625
 42
0.03125
 43
3.75
 44
0.09375
 45
0.0
 46
0.0
 47
0.0
 48
0.0
 49
2.5
140
0.0625
141
2.5
142
0.03125
143
0.03937007874
144
100.0
145
0.0
146
0.5
147
0.025
148
0.0
 69
0
 70
0
 71
0
 72
0
 73
0
 74
0
 75
0
 76
0
 77
1
 78
12
 79
3
170
0
171
3
172
1
173
0
174
0
175
0
176
0
177
0
178
0
179
2
271
2
272
2
273
2
274
3
275
0
276
0
277
2
278
46
279
2
280
0
281
0
282
0
283
0
284
8
285
0
286
0
288
1
289
3
290
0
340
4C
371
-2
372
-2
  0
DIMSTYLE
105
7F
330
4
100
AcDbSymbolTableRecord
100
AcDbDimStyleTableRecord
  2
EZ_M_20_H25_CM
 70
0
 40
1.0
 41
0.05
 42
0.025
 43
3.75
 44
0.07500000000000001
 45
0.0
 46
0.0
 47
0.0
 48
0.0
 49
2.5
140
0.05
141
2.5
142
0.025
143
0.03937007874
144
100.0
145
0.0
146
0.5
147
0.020000000000000004
148
0.0
 69
0
 70
0
 71
0
 72
0
 73
0
 74
0
 75
0
 76
0
 77
1
 78
12
 79
3
170
0
171
3
172
1
173
0
174
0
175
0
176
0
177
0
178
0
179
2
271
2
272
2
273
2
274
3
275
0
276
0
277
2
278
46
279
2
280
0
281
0
282
0
283
0
284
8
285
0
286
0
288
1
289
3
290
0
340
4C
371
-2
372
-2
  0
DIMSTYLE
105
80
330
4
100
AcDbSymbolTableRecord
100
AcDbDimStyleTableRecord
  2
EZ_M_10_H25_CM
 70
0
 40
1.0
 41
0.025
 42
0.0125
 43
3.75
 44
0.037500000000000006
 45
0.0
 46
0.0
 47
0.0
 48
0.0
 49
2.5
140
0.025
141
2.5
142
0.0125
143
0.03937007874
144
100.0
145
0.0
146
0.5
147
0.010000000000000002
148
0.0
 69
0
 70
0
 71
0
 72
0
 73
0
 74
0
 75
0
 76
0
 77
1
 78
12
 79
3
170
0
171
3
172
1
173
0
174
0
175
0
176
0
177
0
178
0
179
2
271
2
272
2
273
2
274
3
275
0
276
0
277
2
278
46
279
2
280
0
281
0
282
0
283
0
284
8
285
0
286
0
288
1
289
3
290
0
340
4C
371
-2
372
-2
  0
DIMSTYLE
105
81
330
4
100
AcDbSymbolTableRecord
100
AcDbDimStyleTableRecord
  2
EZ_M_5_H25_CM
 70
0
 40
1.0
 41
0.0125
 42
0.00625
 43
3.75
 44
0.018750000000000003
 45
0.0
 46
0.0
 47
0.0
 48
0.0
 49
2.5
140
0.0125
141
2.5
142
0.00625
143
0.03937007874
144
100.0
145
0.0
146
0.5
147
0.005000000000000001
148
0.0
 69
0
 70
0
 71
0
 72
0
 73
0
 74
0
 75
0
 76
0
 77
1
 78
12
 79
3
170
0
171
3
172
1
173
0
174
0
175
0
176
0
177
0
178
0
179
2
271
2
272
2
273
2
274
3
275
0
276
0
277
2
278
46
279
2
280
0
281
0
282
0
283
0
284
8
285
0
286
0
288
1
289
3
290
0
340
4C
371
-2
372
-2
  0
DIMSTYLE
105
82
330
4
100
AcDbSymbolTableRecord
100
AcDbDimStyleTableRecord
  2
EZ_M_1_H25_CM
 70
0
 40
1.0
 41
0.0025
 42
0.00125
 43
3.75
 44
0.00375
 45
0.0
 46
0.0
 47
0.0
 48
0.0
 49
2.5
140
0.0025
141
2.5
142
0.00125
143
0.03937007874
144
100.0
145
0.0
146
0.5
147
0.001
148
0.0
 69
0
 70
0
 71
0
 72
0
 73
0
 74
0
 75
0
 76
0
 77
1
 78
12
 79
3
170
0
171
3
172
1
173
0
174
0
175
0
176
0
177
0
178
0
179
2
271
2
272
2
273
2
274
3
275
0
276
0
277
2
278
46
279
2
280
0
281
0
282
0
283
0
284
8
285
0
286
0
288
1
289
3
290
0
340
4C
371
-2
372
-2
  0
DIMSTYLE
105
83
330
4
100
AcDbSymbolTableRecord
100
AcDbDimStyleTableRecord
  2
EZ_RADIUS
 70
0
 40
1.0
 41
0.25
 42
0.125
 43
3.75
 44
0.375
 45
0.0
 46
0.0
 47
0.0
 48
0.0
 49
2.5
140
0.25
141
0.0
142
0.0
143
0.03937007874
144
100.0
145
0.0
146
0.5
147
0.1
148
0.0
 69
0
 70
0
 71
0
 72
0
 73
0
 74
0
 75
0
 76
0
 77
1
 78
12
 79
3
170
0
171
3
172
0
173
0
174
0
175
0
176
0
177
0
178
0
179
2
271
2
272
2
273
2
274
3
275
0
276
0
277
2
278
46
279
1
280
0
281
0
282
0
283
0
284
8
285
0
286
0
288
1
289
3
290
0
340
4C
342
84
371
-2
372
-2
  0
DIMSTYLE
105
88
330
4
100
AcDbSymbolTableRecord
100
AcDbDimStyleTableRecord
  2
EZ_RADIUS_INSIDE
 70
0
 40
1.0
 41
0.25
 42
0.125
 43
3.75
 44
0.375
 45
0.0
 46
0.0
 47
0.0
 48
0.0
 49
2.5
140
0.25
141
0.0
142
0.0
143
0.03937007874
144
100.0
145
0.0
146
0.5
147
0.1
148
0.0
 69
0
 70
0
 71
0
 72
0
 73
0
 74
0
 75
0
 76
0
 77
0
 78
12
 79
3
170
0
171
3
172
0
173
0
174
1
175
0
176
0
177
0
178
0
179
2
271
2
272
2
273
2
274
3
275
0
276
0
277
2
278
46
279
0
280
0
281
0
282
0
283
0
284
8
285
0
286
0
288
1
289
0
290
0
340
4C
342
84
371
-2
372
-2
  0
DIMSTYLE
105
89
330
4
100
AcDbSymbolTableRecord
100
AcDbDimStyleTableRecord
  2
EZ_CURVED
 70
0
 40
1.0
 41
0.25
 42
0.125
 43
3.75
 44
0.375
 45
0.0
 46
0.0
 47
0.0
 48
0.0
 49
2.5
140
0.25
141
2.5
142
0.0
143
0.03937007874
144
100.0
145
0.0
146
0.5
147
0.1
148
0.0
 69
0
 70
0
 71
0
 72
0
 73
0
 74
0
 75
0
 76
0
 77
1
 78
12
 79
2
 90
2
170
0
171
3
172
1
173
0
174
0
175
0
176
0
177
0
178
0
179
2
271
2
272
2
273
2
274
3
275
0
276
0
277
2
278
46
279
2
280
0
281
0
282
0
283
0
284
8
285
0
286
0
288
1
289
3
290
0
340
4C
371
-2
372
-2
  0
ENDTAB
  0
TABLE
  2
BLOCK_RECORD
  5
9
330
0
100
AcDbSymbolTable
 70
5
  0
BLOCK_RECORD
  5
17
330
9
100
AcDbSymbolTableRecord
100
AcDbBlockTableRecord
  2
*Model_Space
340
1A
 70
0
280
1
281
0
  0
BLOCK_RECORD
  5
1B
330
9
100
AcDbSymbolTableRecord
100
AcDbBlockTableRecord
  2
*Paper_Space
340
1E
 70
0
280
1
281
0
  0
BLOCK_RECORD
  5
74
330
9
100
AcDbSymbolTableRecord
100
AcDbBlockTableRecord
  2
_ARCHTICK
340
0
 70
0
280
1
281
0
  0
BLOCK_RECORD
  5
78
330
9
100
AcDbSymbolTableRecord
100
AcDbBlockTableRecord
  2
_CLOSEDFILLED
340
0
 70
0
280
1
281
0
  0
BLOCK_RECORD
  5
84
330
9
100
AcDbSymbolTableRecord
100
AcDbBlockTableRecord
  2
_CLOSEDBLANK
340
0
 70
0
280
1
281
0
  0
ENDTAB
  0
ENDSEC
  0
SECTION
  2
BLOCKS
  0
BLOCK
  5
18
330
17
100
AcDbEntity
  8
0
100
AcDbBlockBegin
  2
*Model_Space
 70
0
 10
0.0
 20
0.0
 30
0.0
  3
*Model_Space
  1

  0
ENDBLK
  5
19
330
17
100
AcDbEntity
  8
0
100
AcDbBlockEnd
  0
BLOCK
  5
1C
330
1B
100
AcDbEntity
  8
0
100
AcDbBlockBegin
  2
*Paper_Space
 70
0
 10
0.0
 20
0.0
 30
0.0
  3
*Paper_Space
  1

  0
ENDBLK
  5
1D
330
1B
100
AcDbEntity
  8
0
100
AcDbBlockEnd
  0
BLOCK
  5
75
330
74
100
AcDbEntity
  8
0
100
AcDbBlockBegin
  2
_ARCHTICK
 70
0
 10
0.0
 20
0.0
 30
0.0
  3
_ARCHTICK
  1

  0
LWPOLYLINE
  5
77
330
74
100
AcDbEntity
  8
0
  6
BYBLOCK
 62
0
100
AcDbPolyline
 90
2
 70
0
 43
0.15
 10
-0.5
 20
-0.5
 10
0.5
 20
0.5
  0
ENDBLK
  5
76
330
74
100
AcDbEntity
  8
0
100
AcDbBlockEnd
  0
BLOCK
  5
79
330
78
100
AcDbEntity
  8
0
100
AcDbBlockBegin
  2
_CLOSEDFILLED
 70
0
 10
0.0
 20
0.0
 30
0.0
  3
_CLOSEDFILLED
  1

  0
SOLID
  5
7B
330
78
100
AcDbEntity
  8
0
  6
BYBLOCK
 62
0
100
AcDbTrace
 10
-1.0
 20
0.16439898372402537
 30
0.0
 11
0.0
 21
0.0
 31
0.0
 12
-1.0
 22
-0.16439898372402537
 32
0.0
 13
-1.0
 23
-0.16439898372402537
 33
0.0
  0
ENDBLK
  5
7A
330
78
100
AcDbEntity
  8
0
100
AcDbBlockEnd
  0
BLOCK
  5
85
330
84
100
AcDbEntity
  8
0
100
AcDbBlockBegin
  2
_CLOSEDBLANK
 70
0
 10
0.0
 20
0.0
 30
0.0
  3
_CLOSEDBLANK
  1

  0
LWPOLYLINE
  5
87
330
84
100
AcDbEntity
  8
0
  6
BYBLOCK
 62
0
100
AcDbPolyline
 90
3
 70
1
 10
-1.0
 20
0.16439898372402537
 10
0.0
 20
0.0
 10
-1.0
 20
-0.16439898372402537
  0
ENDBLK
  5
86
330
84
100
AcDbEntity
  8
0
100
AcDbBlockEnd
  0
ENDSEC
  0
SECTION
  2
ENTITIES
  0
TEXT
  5
99
330
17
100
AcDbEntity
  8
TEXT
 62
7
100
AcDbText
 10
22.0
 20
288.6
 30
0.0
 40
1.4000000000000001
  1
Цены — ориентировочные для Санкт-Петербурга на 10.2026 (средний сегмент, розница/подрядчики), не являются офертой и подлежат проверке у поставщиков перед закупкой. Материалы — по диапазонам 02-concept/materials.json (price_ref) с поправкой на рост цен 1-го полугодия 2026 (INFOline: плитка +17 %, электрика +15 %, ЛКМ +10 %, напольные +10,5 %); расценки
  7
GOST
 11
22.0
 21
288.6
 31
0.0
100
AcDbText
  0
TEXT
  5
9A
330
17
100
AcDbEntity
  8
TEXT
 62
7
100
AcDbText
 10
22.0
 20
286.5
 30
0.0
 40
1.4000000000000001
  1
работ — калибровка по открытым прайсам СПб (поиск 2026-10-08, источники в 05-estimate/estimate.md).
  7
GOST
 11
22.0
 21
286.5
 31
0.0
100
AcDbText
  0
HATCH
  5
9B
330
17
100
AcDbEntity
  8
TEXT
 62
7
420
15132390
100
AcDbHatch
 10
0.0
 20
0.0
 30
0.0
210
0.0
220
0.0
230
1.0
  2
SOLID
 70
1
 71
0
 91
1
 92
3
 72
0
 73
1
 93
4
 10
22.0
 20
276.115
 10
413.0
 20
276.115
 10
413.0
 20
281.3
 10
22.0
 20
281.3
 97
0
 75
1
 76
1
 98
0
  0
LWPOLYLINE
  5
9C
330
17
100
AcDbEntity
  8
TEXT
 62
7
370
25
100
AcDbPolyline
 90
4
 70
1
 10
22.0
 20
276.115
 10
413.0
 20
276.115
 10
413.0
 20
281.3
 10
22.0
 20
281.3
  0
LWPOLYLINE
  5
9D
330
17
100
AcDbEntity
  8
TEXT
 62
7
370
15
100
AcDbPolyline
 90
2
 70
0
 10
22.0
 20
281.3
 10
22.0
 20
276.115
  0
TEXT
  5
9E
330
17
100
AcDbEntity
  8
TEXT
 62
7
100
AcDbText
 10
22.8
 20
279.0
 30
0.0
 40
1.3
  1
Поз
  7
GOST
 11
22.8
 21
279.0
 31
0.0
100
AcDbText
  0
TEXT
  5
9F
330
17
100
AcDbEntity
  8
TEXT
 62
7
100
AcDbText
 10
22.8
 20
277.115
 30
0.0
 40
1.3
  1
.
  7
GOST
 11
22.8
 21
277.115
 31
0.0
100
AcDbText
  0
LWPOLYLINE
  5
A0
330
17
100
AcDbEntity
  8
TEXT
 62
7
370
15
100
AcDbPolyline
 90
2
 70
0
 10
27.844050068587105
 20
281.3
 10
27.844050068587105
 20
276.115
  0
TEXT
  5
A1
330
17
100
AcDbEntity
  8
TEXT
 62
7
100
AcDbText
 10
28.644050068587106
 20
279.0
 30
0.0
 40
1.3
  1
Наименование
  7
GOST
 11
28.644050068587106
 21
279.0
 31
0.0
100
AcDbText
  0
LWPOLYLINE
  5
A2
330
17
100
AcDbEntity
  8
TEXT
 62
7
370
15
100
AcDbPolyline
 90
2
 70
0
 10
120.68902750478262
 20
281.3
 10
120.68902750478262
 20
276.115
  0
TEXT
  5
A3
330
17
100
AcDbEntity
  8
TEXT
 62
7
100
AcDbText
 10
121.48902750478261
 20
279.0
 30
0.0
 40
1.3
  1
Артикул / пример
  7
GOST
 11
121.48902750478261
 21
279.0
 31
0.0
100
AcDbText
  0
LWPOLYLINE
  5
A4
330
17
100
AcDbEntity
  8
TEXT
 62
7
370
15
100
AcDbPolyline
 90
2
 70
0
 10
150.15881638130642
 20
281.3
 10
150.15881638130642
 20
276.115
  0
TEXT
  5
A5
330
17
100
AcDbEntity
  8
TEXT
 62
7
100
AcDbText
 10
150.95881638130643
 20
279.0
 30
0.0
 40
1.3
  1
Производител
  7
GOST
 11
150.95881638130643
 21
279.0
 31
0.0
100
AcDbText
  0
TEXT
  5
A6
330
17
100
AcDbEntity
  8
TEXT
 62
7
100
AcDbText
 10
150.95881638130643
 20
277.115
 30
0.0
 40
1.3
  1
ь
  7
GOST
 11
150.95881638130643
 21
277.115
 31
0.0
100
AcDbText
  0
LWPOLYLINE
  5
A7
330
17
100
AcDbEntity
  8
TEXT
 62
7
370
15
100
AcDbPolyline
 90
2
 70
0
 10
167.05938651162194
 20
281.3
 10
167.05938651162194
 20
276.115
  0
TEXT
  5
A8
330
17
100
AcDbEntity
  8
TEXT
 62
7
100
AcDbText
 10
167.85938651162195
 20
279.0
 30
0.0
 40
1.3
  1
Кол-в
  7
GOST
 11
167.85938651162195
 21
279.0
 31
0.0
100
AcDbText
  0
TEXT
  5
A9
330
17
100
AcDbEntity
  8
TEXT
 62
7
100
AcDbText
 10
167.85938651162195
 20
277.115
 30
0.0
 40
1.3
  1
о
  7
GOST
 11
167.85938651162195
 21
277.115
 31
0.0
100
AcDbText
  0
LWPOLYLINE
  5
AA
330
17
100
AcDbEntity
  8
TEXT
 62
7
370
15
100
AcDbPolyline
 90
2
 70
0
 10
175.33369206717748
 20
281.3
 10
175.33369206717748
 20
276.115
  0
TEXT
  5
AB
330
17
100
AcDbEntity
  8
TEXT
 62
7
100
AcDbText
 10
176.1336920671775
 20
279.0
 30
0.0
 40
1.3
  1
Ед
  7
GOST
 11
176.1336920671775
 21
279.0
 31
0.0
100
AcDbText
  0
TEXT
  5
AC
330
17
100
AcDbEntity
  8
TEXT
 62
7
100
AcDbText
 10
176.1336920671775
 20
277.115
 30
0.0
 40
1.3
  1
.
  7
GOST
 11
176.1336920671775
 21
277.115
 31
0.0
100
AcDbText
  0
LWPOLYLINE
  5
AD
330
17
100
AcDbEntity
  8
TEXT
 62
7
370
15
100
AcDbPolyline
 90
2
 70
0
 10
180.15710170366583
 20
281.3
 10
180.15710170366583
 20
276.115
  0
TEXT
  5
AE
330
17
100
AcDbEntity
  8
TEXT
 62
7
100
AcDbText
 10
180.95710170366584
 20
279.0
 30
0.0
 40
1.3
  1
Цена ориент.,
  7
GOST
 11
180.95710170366584
 21
279.0
 31
0.0
100
AcDbText
  0
TEXT
  5
AF
330
17
100
AcDbEntity
  8
TEXT
 62
7
100
AcDbText
 10
180.95710170366584
 20
277.115
 30
0.0
 40
1.3
  1
₽
  7
GOST
 11
180.95710170366584
 21
277.115
 31
0.0
100
AcDbText
  0
LWPOLYLINE
  5
B0
330
17
100
AcDbEntity
  8
TEXT
 62
7
370
15
100
AcDbPolyline
 90
2
 70
0
 10
196.8618775045749
 20
281.3
 10
196.8618775045749
 20
276.115
  0
TEXT
  5
B1
330
17
100
AcDbEntity
  8
TEXT
 62
7
100
AcDbText
 10
197.6618775045749
 20
279.0
 30
0.0
 40
1.3
  1
Сумма,
  7
GOST
 11
197.6618775045749
 21
279.0
 31
0.0
100
AcDbText
  0
TEXT
  5
B2
330
17
100
AcDbEntity
  8
TEXT
 62
7
100
AcDbText
 10
197.6618775045749
 20
277.115
 30
0.0
 40
1.3
  1
₽
  7
GOST
 11
197.6618775045749
 21
277.115
 31
0.0
100
AcDbText
  0
LWPOLYLINE
  5
B3
330
17
100
AcDbEntity
  8
TEXT
 62
7
370
15
100
AcDbPolyline
 90
2
 70
0
 10
207.15017816812875
 20
281.3
 10
207.15017816812875
 20
276.115
  0
TEXT
  5
B4
330
17
100
AcDbEntity
  8
TEXT
 62
7
100
AcDbText
 10
207.95017816812876
 20
279.0
 30
0.0
 40
1.3
  1
Помещени
  7
GOST
 11
207.95017816812876
 21
279.0
 31
0.0
100
AcDbText
  0
TEXT
  5
B5
330
17
100
AcDbEntity
  8
TEXT
 62
7
100
AcDbText
 10
207.95017816812876
 20
277.115
 30
0.0
 40
1.3
  1
е
  7
GOST
 11
207.95017816812876
 21
277.115
 31
0.0
100
AcDbText
  0
LWPOLYLINE
  5
B6
330
17
100
AcDbEntity
  8
TEXT
 62
7
370
15
100
AcDbPolyline
 90
2
 70
0
 10
220.21784363452107
 20
281.3
 10
220.21784363452107
 20
276.115
  0
TEXT
  5
B7
330
17
100
AcDbEntity
  8
TEXT
 62
7
100
AcDbText
 10
221.01784363452109
 20
279.0
 30
0.0
 40
1.3
  1
Ссылка (лист / id)
  7
GOST
 11
221.01784363452109
 21
279.0
 31
0.0
100
AcDbText
  0
LWPOLYLINE
  5
B8
330
17
100
AcDbEntity
  8
TEXT
 62
7
370
15
100
AcDbPolyline
 90
2
 70
0
 10
314.37650726673866
 20
281.3
 10
314.37650726673866
 20
276.115
  0
TEXT
  5
B9
330
17
100
AcDbEntity
  8
TEXT
 62
7
100
AcDbText
 10
315.17650726673867
 20
279.0
 30
0.0
 40
1.3
  1
Бюдже
  7
GOST
 11
315.17650726673867
 21
279.0
 31
0.0
100
AcDbText
  0
TEXT
  5
BA
330
17
100
AcDbEntity
  8
TEXT
 62
7
100
AcDbText
 10
315.17650726673867
 20
277.115
 30
0.0
 40
1.3
  1
т
  7
GOST
 11
315.17650726673867
 21
277.115
 31
0.0
100
AcDbText
  0
LWPOLYLINE
  5
BB
330
17
100
AcDbEntity
  8
TEXT
 62
7
370
15
100
AcDbPolyline
 90
2
 70
0
 10
324.11392581955073
 20
281.3
 10
324.11392581955073
 20
276.115
  0
TEXT
  5
BC
330
17
100
AcDbEntity
  8
TEXT
 62
7
100
AcDbText
 10
324.91392581955074
 20
279.0
 30
0.0
 40
1.3
  1
Этап
  7
GOST
 11
324.91392581955074
 21
279.0
 31
0.0
100
AcDbText
  0
TEXT
  5
BD
330
17
100
AcDbEntity
  8
TEXT
 62
7
100
AcDbText
 10
324.91392581955074
 20
277.115
 30
0.0
 40
1.3
  1
сметы
  7
GOST
 11
324.91392581955074
 21
277.115
 31
0.0
100
AcDbText
  0
LWPOLYLINE
  5
BE
330
17
100
AcDbEntity
  8
TEXT
 62
7
370
15
100
AcDbPolyline
 90
2
 70
0
 10
336.9092748302213
 20
281.3
 10
336.9092748302213
 20
276.115
  0
TEXT
  5
BF
330
17
100
AcDbEntity
  8
TEXT
 62
7
100
AcDbText
 10
337.7092748302213
 20
279.0
 30
0.0
 40
1.3
  1
Примечание
  7
GOST
 11
337.7092748302213
 21
279.0
 31
0.0
100
AcDbText
  0
LWPOLYLINE
  5
C0
330
17
100
AcDbEntity
  8
TEXT
 62
7
370
15
100
AcDbPolyline
 90
2
 70
0
 10
413.0
 20
281.3
 10
413.0
 20
276.115
  0
LWPOLYLINE
  5
C1
330
17
100
AcDbEntity
  8
TEXT
 62
7
370
15
100
AcDbPolyline
 90
4
 70
1
 10
22.0
 20
270.93
 10
413.0
 20
270.93
 10
413.0
 20
276.115
 10
22.0
 20
276.115
  0
LWPOLYLINE
  5
C2
330
17
100
AcDbEntity
  8
TEXT
 62
7
370
15
100
AcDbPolyline
 90
2
 70
0
 10
22.0
 20
276.115
 10
22.0
 20
270.93
  0
TEXT
  5
C3
330
17
100
AcDbEntity
  8
TEXT
 62
7
100
AcDbText
 10
22.8
 20
273.815
 30
0.0
 40
1.3
  1
1
  7
GOST
 11
22.8
 21
273.815
 31
0.0
100
AcDbText
  0
LWPOLYLINE
  5
C4
330
17
100
AcDbEntity
  8
TEXT
 62
7
370
15
100
AcDbPolyline
 90
2
 70
0
 10
27.844050068587105
 20
276.115
 10
27.844050068587105
 20
270.93
  0
TEXT
  5
C5
330
17
100
AcDbEntity
  8
TEXT
 62
7
100
AcDbText
 10
28.644050068587106
 20
273.815
 30
0.0
 40
1.3
  1
Розетка 2П+З 16 А со шторками (механизм)
  7
GOST
 11
28.644050068587106
 21
273.815
 31
0.0
100
AcDbText
  0
LWPOLYLINE
  5
C6
330
17
100
AcDbEntity
  8
TEXT
 62
7
370
15
100
AcDbPolyline
 90
2
 70
0
 10
120.68902750478262
 20
276.115
 10
120.68902750478262
 20
270.93
  0
TEXT
  5
C7
330
17
100
AcDbEntity
  8
TEXT
 62
7
100
AcDbText
 10
121.48902750478261
 20
273.815
 30
0.0
 40
1.3
  1
серия ArtGallery, «молочный»
  7
GOST
 11
121.48902750478261
 21
273.815
 31
0.0
100
AcDbText
  0
LWPOLYLINE
  5
C8
330
17
100
AcDbEntity
  8
TEXT
 62
7
370
15
100
AcDbPolyline
 90
2
 70
0
 10
150.15881638130642
 20
276.115
 10
150.15881638130642
 20
270.93
  0
TEXT
  5
C9
330
17
100
AcDbEntity
  8
TEXT
 62
7
100
AcDbText
 10
150.95881638130643
 20
273.815
 30
0.0
 40
1.3
  1
Systeme Electric
  7
GOST
 11
150.95881638130643
 21
273.815
 31
0.0
100
AcDbText
  0
LWPOLYLINE
  5
CA
330
17
100
AcDbEntity
  8
TEXT
 62
7
370
15
100
AcDbPolyline
 90
2
 70
0
 10
167.05938651162194
 20
276.115
 10
167.05938651162194
 20
270.93
  0
TEXT
  5
CB
330
17
100
AcDbEntity
  8
TEXT
 62
7
100
AcDbText
 10
167.85938651162195
 20
273.815
 30
0.0
 40
1.3
  1
36
  7
GOST
 11
167.85938651162195
 21
273.815
 31
0.0
100
AcDbText
  0
LWPOLYLINE
  5
CC
330
17
100
AcDbEntity
  8
TEXT
 62
7
370
15
100
AcDbPolyline
 90
2
 70
0
 10
175.33369206717748
 20
276.115
 10
175.33369206717748
 20
270.93
  0
TEXT
  5
CD
330
17
100
AcDbEntity
  8
TEXT
 62
7
100
AcDbText
 10
176.1336920671775
 20
273.815
 30
0.0
 40
1.3
  1
шт
  7
GOST
 11
176.1336920671775
 21
273.815
 31
0.0
100
AcDbText
  0
LWPOLYLINE
  5
CE
330
17
100
AcDbEntity
  8
TEXT
 62
7
370
15
100
AcDbPolyline
 90
2
 70
0
 10
180.15710170366583
 20
276.115
 10
180.15710170366583
 20
270.93
  0
TEXT
  5
CF
330
17
100
AcDbEntity
  8
TEXT
 62
7
100
AcDbText
 10
180.95710170366584
 20
273.815
 30
0.0
 40
1.3
  1
480
  7
GOST
 11
180.95710170366584
 21
273.815
 31
0.0
100
AcDbText
  0
LWPOLYLINE
  5
D0
330
17
100
AcDbEntity
  8
TEXT
 62
7
370
15
100
AcDbPolyline
 90
2
 70
0
 10
196.8618775045749
 20
276.115
 10
196.8618775045749
 20
270.93
  0
TEXT
  5
D1
330
17
100
AcDbEntity
  8
TEXT
 62
7
100
AcDbText
 10
197.6618775045749
 20
273.815
 30
0.0
 40
1.3
  1
17 280
  7
GOST
 11
197.6618775045749
 21
273.815
 31
0.0
100
AcDbText
  0
LWPOLYLINE
  5
D2
330
17
100
AcDbEntity
  8
TEXT
 62
7
370
15
100
AcDbPolyline
 90
2
 70
0
 10
207.15017816812875
 20
276.115
 10
207.15017816812875
 20
270.93
  0
TEXT
  5
D3
330
17
100
AcDbEntity
  8
TEXT
 62
7
100
AcDbText
 10
207.95017816812876
 20
273.815
 30
0.0
 40
1.3
  1
все
  7
GOST
 11
207.95017816812876
 21
273.815
 31
0.0
100
AcDbText
  0
LWPOLYLINE
  5
D4
330
17
100
AcDbEntity
  8
TEXT
 62
7
370
15
100
AcDbPolyline
 90
2
 70
0
 10
220.21784363452107
 20
276.115
 10
220.21784363452107
 20
270.93
  0
TEXT
  5
D5
330
17
100
AcDbEntity
  8
TEXT
 62
7
100
AcDbText
 10
221.01784363452109
 20
273.815
 30
0.0
 40
1.3
  1
P-K01, P-K02, P-K05, P-K06, P-K07, P-K08, P-K09, P-K10, P-K13, P-K14, P-K15, P-K16, P-B01, P-B04a,
  7
GOST
 11
221.01784363452109
 21
273.815
 31
0.0
100
AcDbText
  0
TEXT
  5
D6
330
17
100
AcDbEntity
  8
TEXT
 62
7
100
AcDbText
 10
221.01784363452109
 20
271.93
 30
0.0
 40
1.3
  1
P-R03, P-R04, P-R05, P-R06, P-R07, P-R08, P-C01, P-C02, P-C04, P-C05, P-H01, P-H02, P-H03
  7
GOST
 11
221.01784363452109
 21
271.93
 31
0.0
100
AcDbText
  0
LWPOLYLINE
  5
D7
330
17
100
AcDbEntity
  8
TEXT
 62
7
370
15
100
AcDbPolyline
 90
2
 70
0
 10
314.37650726673866
 20
276.115
 10
314.37650726673866
 20
270.93
  0
TEXT
  5
D8
330
17
100
AcDbEntity
  8
TEXT
 62
7
100
AcDbText
 10
315.17650726673867
 20
273.815
 30
0.0
 40
1.3
  1
Ремонт
  7
GOST
 11
315.17650726673867
 21
273.815
 31
0.0
100
AcDbText
  0
LWPOLYLINE
  5
D9
330
17
100
AcDbEntity
  8
TEXT
 62
7
370
15
100
AcDbPolyline
 90
2
 70
0
 10
324.11392581955073
 20
276.115
 10
324.11392581955073
 20
270.93
  0
TEXT
  5
DA
330
17
100
AcDbEntity
  8
TEXT
 62
7
100
AcDbText
 10
324.91392581955074
 20
273.815
 30
0.0
 40
1.3
  1
Э13
  7
GOST
 11
324.91392581955074
 21
273.815
 31
0.0
100
AcDbText
  0
LWPOLYLINE
  5
DB
330
17
100
AcDbEntity
  8
TEXT
 62
7
370
15
100
AcDbPolyline
 90
2
 70
0
 10
336.9092748302213
 20
276.115
 10
336.9092748302213
 20
270.93
  0
LWPOLYLINE
  5
DC
330
17
100
AcDbEntity
  8
TEXT
 62
7
370
15
100
AcDbPolyline
 90
2
 70
0
 10
413.0
 20
276.115
 10
413.0
 20
270.93
  0
LWPOLYLINE
  5
DD
330
17
100
AcDbEntity
  8
TEXT
 62
7
370
15
100
AcDbPolyline
 90
4
 70
1
 10
22.0
 20
265.745
 10
413.0
 20
265.745
 10
413.0
 20
270.93
 10
22.0
 20
270.93
  0
LWPOLYLINE
  5
DE
330
17
100
AcDbEntity
  8
TEXT
 62
7
370
15
100
AcDbPolyline
 90
2
 70
0
 10
22.0
 20
270.93
 10
22.0
 20
265.745
  0
TEXT
  5
DF
330
17
100
AcDbEntity
  8
TEXT
 62
7
100
AcDbText
 10
22.8
 20
268.63
 30
0.0
 40
1.3
  1
2
  7
GOST
 11
22.8
 21
268.63
 31
0.0
100
AcDbText
  0
LWPOLYLINE
  5
E0
330
17
100
AcDbEntity
  8
TEXT
 62
7
370
15
100
AcDbPolyline
 90
2
 70
0
 10
27.844050068587105
 20
270.93
 10
27.844050068587105
 20
265.745
  0
TEXT
  5
E1
330
17
100
AcDbEntity
  8
TEXT
 62
7
100
AcDbText
 10
28.644050068587106
 20
268.63
 30
0.0
 40
1.3
  1
Вывод кабеля (механизм-заглушка с выводом) / клеммная колодка (механизм)
  7
GOST
 11
28.644050068587106
 21
268.63
 31
0.0
100
AcDbText
  0
LWPOLYLINE
  5
E2
330
17
100
AcDbEntity
  8
TEXT
 62
7
370
15
100
AcDbPolyline
 90
2
 70
0
 10
120.68902750478262
 20
270.93
 10
120.68902750478262
 20
265.745
  0
TEXT
  5
E3
330
17
100
AcDbEntity
  8
TEXT
 62
7
100
AcDbText
 10
121.48902750478261
 20
268.63
 30
0.0
 40
1.3
  1
серия ArtGallery, «молочный»
  7
GOST
 11
121.48902750478261
 21
268.63
 31
0.0
100
AcDbText
  0
LWPOLYLINE
  5
E4
330
17
100
AcDbEntity
  8
TEXT
 62
7
370
15
100
AcDbPolyline
 90
2
 70
0
 10
150.15881638130642
 20
270.93
 10
150.15881638130642
 20
265.745
  0
TEXT
  5
E5
330
17
100
AcDbEntity
  8
TEXT
 62
7
100
AcDbText
 10
150.95881638130643
 20
268.63
 30
0.0
 40
1.3
  1
Systeme Electric
  7
GOST
 11
150.95881638130643
 21
268.63
 31
0.0
100
AcDbText
  0
LWPOLYLINE
  5
E6
330
17
100
AcDbEntity
  8
TEXT
 62
7
370
15
100
AcDbPolyline
 90
2
 70
0
 10
167.05938651162194
 20
270.93
 10
167.05938651162194
 20
265.745
  0
TEXT
  5
E7
330
17
100
AcDbEntity
  8
TEXT
 62
7
100
AcDbText
 10
167.85938651162195
 20
268.63
 30
0.0
 40
1.3
  1
25
  7
GOST
 11
167.85938651162195
 21
268.63
 31
0.0
100
AcDbText
  0
LWPOLYLINE
  5
E8
330
17
100
AcDbEntity
  8
TEXT
 62
7
370
15
100
AcDbPolyline
 90
2
 70
0
 10
175.33369206717748
 20
270.93
 10
175.33369206717748
 20
265.745
  0
TEXT
  5
E9
330
17
100
AcDbEntity
  8
TEXT
 62
7
100
AcDbText
 10
176.1336920671775
 20
268.63
 30
0.0
 40
1.3
  1
шт
  7
GOST
 11
176.1336920671775
 21
268.63
 31
0.0
100
AcDbText
  0
LWPOLYLINE
  5
EA
330
17
100
AcDbEntity
  8
TEXT
 62
7
370
15
100
AcDbPolyline
 90
2
 70
0
 10
180.15710170366583
 20
270.93
 10
180.15710170366583
 20
265.745
  0
TEXT
  5
EB
330
17
100
AcDbEntity
  8
TEXT
 62
7
100
AcDbText
 10
180.95710170366584
 20
268.63
 30
0.0
 40
1.3
  1
400
  7
GOST
 11
180.95710170366584
 21
268.63
 31
0.0
100
AcDbText
  0
LWPOLYLINE
  5
EC
330
17
100
AcDbEntity
  8
TEXT
 62
7
370
15
100
AcDbPolyline
 90
2
 70
0
 10
196.8618775045749
 20
270.93
 10
196.8618775045749
 20
265.745
  0
TEXT
  5
ED
330
17
100
AcDbEntity
  8
TEXT
 62
7
100
AcDbText
 10
197.6618775045749
 20
268.63
 30
0.0
 40
1.3
  1
10 000
  7
GOST
 11
197.6618775045749
 21
268.63
 31
0.0
100
AcDbText
  0
LWPOLYLINE
  5
EE
330
17
100
AcDbEntity
  8
TEXT
 62
7
370
15
100
AcDbPolyline
 90
2
 70
0
 10
207.15017816812875
 20
270.93
 10
207.15017816812875
 20
265.745
  0
TEXT
  5
EF
330
17
100
AcDbEntity
  8
TEXT
 62
7
100
AcDbText
 10
207.95017816812876
 20
268.63
 30
0.0
 40
1.3
  1
все
  7
GOST
 11
207.95017816812876
 21
268.63
 31
0.0
100
AcDbText
  0
LWPOLYLINE
  5
F0
330
17
100
AcDbEntity
  8
TEXT
 62
7
370
15
100
AcDbPolyline
 90
2
 70
0
 10
220.21784363452107
 20
270.93
 10
220.21784363452107
 20
265.745
  0
TEXT
  5
F1
330
17
100
AcDbEntity
  8
TEXT
 62
7
100
AcDbText
 10
221.01784363452109
 20
268.63
 30
0.0
 40
1.3
  1
P-K03, P-K10a, P-K11, P-K12, P-B02, P-B03, P-B04, P-B05, P-B06, P-B07, P-B08, P-R10, P-R11, P-R12,
  7
GOST
 11
221.01784363452109
 21
268.63
 31
0.0
100
AcDbText
  0
TEXT
  5
F2
330
17
100
AcDbEntity
  8
TEXT
 62
7
100
AcDbText
 10
221.01784363452109
 20
266.745
 30
0.0
 40
1.3
  1
P-R13, P-R14, P-R15, P-H04, P-H05, P-V03, P-V04, P-V05, P-V06, P-L04, P-L05
  7
GOST
 11
221.01784363452109
 21
266.745
 31
0.0
100
AcDbText
  0
LWPOLYLINE
  5
F3
330
17
100
AcDbEntity
  8
TEXT
 62
7
370
15
100
AcDbPolyline
 90
2
 70
0
 10
314.37650726673866
 20
270.93
 10
314.37650726673866
 20
265.745
  0
TEXT
  5
F4
330
17
100
AcDbEntity
  8
TEXT
 62
7
100
AcDbText
 10
315.17650726673867
 20
268.63
 30
0.0
 40
1.3
  1
Ремонт
  7
GOST
 11
315.17650726673867
 21
268.63
 31
0.0
100
AcDbText
  0
LWPOLYLINE
  5
F5
330
17
100
AcDbEntity
  8
TEXT
 62
7
370
15
100
AcDbPolyline
 90
2
 70
0
 10
324.11392581955073
 20
270.93
 10
324.11392581955073
 20
265.745
  0
TEXT
  5
F6
330
17
100
AcDbEntity
  8
TEXT
 62
7
100
AcDbText
 10
324.91392581955074
 20
268.63
 30
0.0
 40
1.3
  1
Э13
  7
GOST
 11
324.91392581955074
 21
268.63
 31
0.0
100
AcDbText
  0
LWPOLYLINE
  5
F7
330
17
100
AcDbEntity
  8
TEXT
 62
7
370
15
100
AcDbPolyline
 90
2
 70
0
 10
336.9092748302213
 20
270.93
 10
336.9092748302213
 20
265.745
  0
LWPOLYLINE
  5
F8
330
17
100
AcDbEntity
  8
TEXT
 62
7
370
15
100
AcDbPolyline
 90
2
 70
0
 10
413.0
 20
270.93
 10
413.0
 20
265.745
  0
LWPOLYLINE
  5
F9
330
17
100
AcDbEntity
  8
TEXT
 62
7
370
15
100
AcDbPolyline
 90
4
 70
1
 10
22.0
 20
262.445
 10
413.0
 20
262.445
 10
413.0
 20
265.745
 10
22.0
 20
265.745
  0
LWPOLYLINE
  5
FA
330
17
100
AcDbEntity
  8
TEXT
 62
7
370
15
100
AcDbPolyline
 90
2
 70
0
 10
22.0
 20
265.745
 10
22.0
 20
262.445
  0
TEXT
  5
FB
330
17
100
AcDbEntity
  8
TEXT
 62
7
100
AcDbText
 10
22.8
 20
263.445
 30
0.0
 40
1.3
  1
3
  7
GOST
 11
22.8
 21
263.445
 31
0.0
100
AcDbText
  0
LWPOLYLINE
  5
FC
330
17
100
AcDbEntity
  8
TEXT
 62
7
370
15
100
AcDbPolyline
 90
2
 70
0
 10
27.844050068587105
 20
265.745
 10
27.844050068587105
 20
262.445
  0
TEXT
  5
FD
330
17
100
AcDbEntity
  8
TEXT
 62
7
100
AcDbText
 10
28.644050068587106
 20
263.445
 30
0.0
 40
1.3
  1
Розетка 2П+З 16 А IP44 с крышкой (механизм)
  7
GOST
 11
28.644050068587106
 21
263.445
 31
0.0
100
AcDbText
  0
LWPOLYLINE
  5
FE
330
17
100
AcDbEntity
  8
TEXT
 62
7
370
15
100
AcDbPolyline
 90
2
 70
0
 10
120.68902750478262
 20
265.745
 10
120.68902750478262
 20
262.445
  0
TEXT
  5
FF
330
17
100
AcDbEntity
  8
TEXT
 62
7
100
AcDbText
 10
121.48902750478261
 20
263.445
 30
0.0
 40
1.3
  1
серия ArtGallery, «молочный»
  7
GOST
 11
121.48902750478261
 21
263.445
 31
0.0
100
AcDbText
  0
LWPOLYLINE
  5
100
330
17
100
AcDbEntity
  8
TEXT
 62
7
370
15
100
AcDbPolyline
 90
2
 70
0
 10
150.15881638130642
 20
265.745
 10
150.15881638130642
 20
262.445
  0
TEXT
  5
101
330
17
100
AcDbEntity
  8
TEXT
 62
7
100
AcDbText
 10
150.95881638130643
 20
263.445
 30
0.0
 40
1.3
  1
Systeme Electric
  7
GOST
 11
150.95881638130643
 21
263.445
 31
0.0
100
AcDbText
  0
LWPOLYLINE
  5
102
330
17
100
AcDbEntity
  8
TEXT
 62
7
370
15
100
AcDbPolyline
 90
2
 70
0
 10
167.05938651162194
 20
265.745
 10
167.05938651162194
 20
262.445
  0
TEXT
  5
103
330
17
100
AcDbEntity
  8
TEXT
 62
7
100
AcDbText
 10
167.85938651162195
 20
263.445
 30
0.0
 40
1.3
  1
6
  7
GOST
 11
167.85938651162195
 21
263.445
 31
0.0
100
AcDbText
  0
LWPOLYLINE
  5
104
330
17
100
AcDbEntity
  8
TEXT
 62
7
370
15
100
AcDbPolyline
 90
2
 70
0
 10
175.33369206717748
 20
265.745
 10
175.33369206717748
 20
262.445
  0
TEXT
  5
105
330
17
100
AcDbEntity
  8
TEXT
 62
7
100
AcDbText
 10
176.1336920671775
 20
263.445
 30
0.0
 40
1.3
  1
шт
  7
GOST
 11
176.1336920671775
 21
263.445
 31
0.0
100
AcDbText
  0
LWPOLYLINE
  5
106
330
17
100
AcDbEntity
  8
TEXT
 62
7
370
15
100
AcDbPolyline
 90
2
 70
0
 10
180.15710170366583
 20
265.745
 10
180.15710170366583
 20
262.445
  0
TEXT
  5
107
330
17
100
AcDbEntity
  8
TEXT
 62
7
100
AcDbText
 10
180.95710170366584
 20
263.445
 30
0.0
 40
1.3
  1
950
  7
GOST
 11
180.95710170366584
 21
263.445
 31
0.0
100
AcDbText
  0
LWPOLYLINE
  5
108
330
17
100
AcDbEntity
  8
TEXT
 62
7
370
15
100
AcDbPolyline
 90
2
 70
0
 10
196.8618775045749
 20
265.745
 10
196.8618775045749
 20
262.445
  0
TEXT
  5
109
330
17
100
AcDbEntity
  8
TEXT
 62
7
100
AcDbText
 10
197.6618775045749
 20
263.445
 30
0.0
 40
1.3
  1
5 700
  7
GOST
 11
197.6618775045749
 21
263.445
 31
0.0
100
AcDbText
  0
LWPOLYLINE
  5
10A
330
17
100
AcDbEntity
  8
TEXT
 62
7
370
15
100
AcDbPolyline
 90
2
 70
0
 10
207.15017816812875
 20
265.745
 10
207.15017816812875
 20
262.445
  0
TEXT
  5
10B
330
17
100
AcDbEntity
  8
TEXT
 62
7
100
AcDbText
 10
207.95017816812876
 20
263.445
 30
0.0
 40
1.3
  1
все
  7
GOST
 11
207.95017816812876
 21
263.445
 31
0.0
100
AcDbText
  0
LWPOLYLINE
  5
10C
330
17
100
AcDbEntity
  8
TEXT
 62
7
370
15
100
AcDbPolyline
 90
2
 70
0
 10
220.21784363452107
 20
265.745
 10
220.21784363452107
 20
262.445
  0
TEXT
  5
10D
330
17
100
AcDbEntity
  8
TEXT
 62
7
100
AcDbText
 10
221.01784363452109
 20
263.445
 30
0.0
 40
1.3
  1
P-K04, P-V01, P-V02, P-L01, P-L02, P-L03
  7
GOST
 11
221.01784363452109
 21
263.445
 31
0.0
100
AcDbText
  0
LWPOLYLINE
  5
10E
330
17
100
AcDbEntity
  8
TEXT
 62
7
370
15
100
AcDbPolyline
 90
2
 70
0
 10
314.37650726673866
 20
265.745
 10
314.37650726673866
 20
262.445
  0
TEXT
  5
10F
330
17
100
AcDbEntity
  8
TEXT
 62
7
100
AcDbText
 10
315.17650726673867
 20
263.445
 30
0.0
 40
1.3
  1
Ремонт
  7
GOST
 11
315.17650726673867
 21
263.445
 31
0.0
100
AcDbText
  0
LWPOLYLINE
  5
110
330
17
100
AcDbEntity
  8
TEXT
 62
7
370
15
100
AcDbPolyline
 90
2
 70
0
 10
324.11392581955073
 20
265.745
 10
324.11392581955073
 20
262.445
  0
TEXT
  5
111
330
17
100
AcDbEntity
  8
TEXT
 62
7
100
AcDbText
 10
324.91392581955074
 20
263.445
 30
0.0
 40
1.3
  1
Э13
  7
GOST
 11
324.91392581955074
 21
263.445
 31
0.0
100
AcDbText
  0
LWPOLYLINE
  5
112
330
17
100
AcDbEntity
  8
TEXT
 62
7
370
15
100
AcDbPolyline
 90
2
 70
0
 10
336.9092748302213
 20
265.745
 10
336.9092748302213
 20
262.445
  0
LWPOLYLINE
  5
113
330
17
100
AcDbEntity
  8
TEXT
 62
7
370
15
100
AcDbPolyline
 90
2
 70
0
 10
413.0
 20
265.745
 10
413.0
 20
262.445
  0
LWPOLYLINE
  5
114
330
17
100
AcDbEntity
  8
TEXT
 62
7
370
15
100
AcDbPolyline
 90
4
 70
1
 10
22.0
 20
259.145
 10
413.0
 20
259.145
 10
413.0
 20
262.445
 10
22.0
 20
262.445
  0
LWPOLYLINE
  5
115
330
17
100
AcDbEntity
  8
TEXT
 62
7
370
15
100
AcDbPolyline
 90
2
 70
0
 10
22.0
 20
262.445
 10
22.0
 20
259.145
  0
TEXT
  5
116
330
17
100
AcDbEntity
  8
TEXT
 62
7
100
AcDbText
 10
22.8
 20
260.145
 30
0.0
 40
1.3
  1
4
  7
GOST
 11
22.8
 21
260.145
 31
0.0
100
AcDbText
  0
LWPOLYLINE
  5
117
330
17
100
AcDbEntity
  8
TEXT
 62
7
370
15
100
AcDbPolyline
 90
2
 70
0
 10
27.844050068587105
 20
262.445
 10
27.844050068587105
 20
259.145
  0
TEXT
  5
118
330
17
100
AcDbEntity
  8
TEXT
 62
7
100
AcDbText
 10
28.644050068587106
 20
260.145
 30
0.0
 40
1.3
  1
Розетка 2П+З + USB A/C (быстрая зарядка) (механизм)
  7
GOST
 11
28.644050068587106
 21
260.145
 31
0.0
100
AcDbText
  0
LWPOLYLINE
  5
119
330
17
100
AcDbEntity
  8
TEXT
 62
7
370
15
100
AcDbPolyline
 90
2
 70
0
 10
120.68902750478262
 20
262.445
 10
120.68902750478262
 20
259.145
  0
TEXT
  5
11A
330
17
100
AcDbEntity
  8
TEXT
 62
7
100
AcDbText
 10
121.48902750478261
 20
260.145
 30
0.0
 40
1.3
  1
серия ArtGallery, «молочный»
  7
GOST
 11
121.48902750478261
 21
260.145
 31
0.0
100
AcDbText
  0
LWPOLYLINE
  5
11B
330
17
100
AcDbEntity
  8
TEXT
 62
7
370
15
100
AcDbPolyline
 90
2
 70
0
 10
150.15881638130642
 20
262.445
 10
150.15881638130642
 20
259.145
  0
TEXT
  5
11C
330
17
100
AcDbEntity
  8
TEXT
 62
7
100
AcDbText
 10
150.95881638130643
 20
260.145
 30
0.0
 40
1.3
  1
Systeme Electric
  7
GOST
 11
150.95881638130643
 21
260.145
 31
0.0
100
AcDbText
  0
LWPOLYLINE
  5
11D
330
17
100
AcDbEntity
  8
TEXT
 62
7
370
15
100
AcDbPolyline
 90
2
 70
0
 10
167.05938651162194
 20
262.445
 10
167.05938651162194
 20
259.145
  0
TEXT
  5
11E
330
17
100
AcDbEntity
  8
TEXT
 62
7
100
AcDbText
 10
167.85938651162195
 20
260.145
 30
0.0
 40
1.3
  1
5
  7
GOST
 11
167.85938651162195
 21
260.145
 31
0.0
100
AcDbText
  0
LWPOLYLINE
  5
11F
330
17
100
AcDbEntity
  8
TEXT
 62
7
370
15
100
AcDbPolyline
 90
2
 70
0
 10
175.33369206717748
 20
262.445
 10
175.33369206717748
 20
259.145
  0
TEXT
  5
120
330
17
100
AcDbEntity
  8
TEXT
 62
7
100
AcDbText
 10
176.1336920671775
 20
260.145
 30
0.0
 40
1.3
  1
шт
  7
GOST
 11
176.1336920671775
 21
260.145
 31
0.0
100
AcDbText
  0
LWPOLYLINE
  5
121
330
17
100
AcDbEntity
  8
TEXT
 62
7
370
15
100
AcDbPolyline
 90
2
 70
0
 10
180.15710170366583
 20
262.445
 10
180.15710170366583
 20
259.145
  0
TEXT
  5
122
330
17
100
AcDbEntity
  8
TEXT
 62
7
100
AcDbText
 10
180.95710170366584
 20
260.145
 30
0.0
 40
1.3
  1
2 300
  7
GOST
 11
180.95710170366584
 21
260.145
 31
0.0
100
AcDbText
  0
LWPOLYLINE
  5
123
330
17
100
AcDbEntity
  8
TEXT
 62
7
370
15
100
AcDbPolyline
 90
2
 70
0
 10
196.8618775045749
 20
262.445
 10
196.8618775045749
 20
259.145
  0
TEXT
  5
124
330
17
100
AcDbEntity
  8
TEXT
 62
7
100
AcDbText
 10
197.6618775045749
 20
260.145
 30
0.0
 40
1.3
  1
11 500
  7
GOST
 11
197.6618775045749
 21
260.145
 31
0.0
100
AcDbText
  0
LWPOLYLINE
  5
125
330
17
100
AcDbEntity
  8
TEXT
 62
7
370
15
100
AcDbPolyline
 90
2
 70
0
 10
207.15017816812875
 20
262.445
 10
207.15017816812875
 20
259.145
  0
TEXT
  5
126
330
17
100
AcDbEntity
  8
TEXT
 62
7
100
AcDbText
 10
207.95017816812876
 20
260.145
 30
0.0
 40
1.3
  1
все
  7
GOST
 11
207.95017816812876
 21
260.145
 31
0.0
100
AcDbText
  0
LWPOLYLINE
  5
127
330
17
100
AcDbEntity
  8
TEXT
 62
7
370
15
100
AcDbPolyline
 90
2
 70
0
 10
220.21784363452107
 20
262.445
 10
220.21784363452107
 20
259.145
  0
TEXT
  5
128
330
17
100
AcDbEntity
  8
TEXT
 62
7
100
AcDbText
 10
221.01784363452109
 20
260.145
 30
0.0
 40
1.3
  1
P-B03a, P-B04b, P-R01, P-R02, P-C03
  7
GOST
 11
221.01784363452109
 21
260.145
 31
0.0
100
AcDbText
  0
LWPOLYLINE
  5
129
330
17
100
AcDbEntity
  8
TEXT
 62
7
370
15
100
AcDbPolyline
 90
2
 70
0
 10
314.37650726673866
 20
262.445
 10
314.37650726673866
 20
259.145
  0
TEXT
  5
12A
330
17
100
AcDbEntity
  8
TEXT
 62
7
100
AcDbText
 10
315.17650726673867
 20
260.145
 30
0.0
 40
1.3
  1
Ремонт
  7
GOST
 11
315.17650726673867
 21
260.145
 31
0.0
100
AcDbText
  0
LWPOLYLINE
  5
12B
330
17
100
AcDbEntity
  8
TEXT
 62
7
370
15
100
AcDbPolyline
 90
2
 70
0
 10
324.11392581955073
 20
262.445
 10
324.11392581955073
 20
259.145
  0
TEXT
  5
12C
330
17
100
AcDbEntity
  8
TEXT
 62
7
100
AcDbText
 10
324.91392581955074
 20
260.145
 30
0.0
 40
1.3
  1
Э13
  7
GOST
 11
324.91392581955074
 21
260.145
 31
0.0
100
AcDbText
  0
LWPOLYLINE
  5
12D
330
17
100
AcDbEntity
  8
TEXT
 62
7
370
15
100
AcDbPolyline
 90
2
 70
0
 10
336.9092748302213
 20
262.445
 10
336.9092748302213
 20
259.145
  0
LWPOLYLINE
  5
12E
330
17
100
AcDbEntity
  8
TEXT
 62
7
370
15
100
AcDbPolyline
 90
2
 70
0
 10
413.0
 20
262.445
 10
413.0
 20
259.145
  0
LWPOLYLINE
  5
12F
330
17
100
AcDbEntity
  8
TEXT
 62
7
370
15
100
AcDbPolyline
 90
4
 70
1
 10
22.0
 20
255.84499999999997
 10
413.0
 20
255.84499999999997
 10
413.0
 20
259.145
 10
22.0
 20
259.145
  0
LWPOLYLINE
  5
130
330
17
100
AcDbEntity
  8
TEXT
 62
7
370
15
100
AcDbPolyline
 90
2
 70
0
 10
22.0
 20
259.145
 10
22.0
 20
255.84499999999997
  0
TEXT
  5
131
330
17
100
AcDbEntity
  8
TEXT
 62
7
100
AcDbText
 10
22.8
 20
256.84499999999997
 30
0.0
 40
1.3
  1
5
  7
GOST
 11
22.8
 21
256.84499999999997
 31
0.0
100
AcDbText
  0
LWPOLYLINE
  5
132
330
17
100
AcDbEntity
  8
TEXT
 62
7
370
15
100
AcDbPolyline
 90
2
 70
0
 10
27.844050068587105
 20
259.145
 10
27.844050068587105
 20
255.84499999999997
  0
TEXT
  5
133
330
17
100
AcDbEntity
  8
TEXT
 62
7
100
AcDbText
 10
28.644050068587106
 20
256.84499999999997
 30
0.0
 40
1.3
  1
Выключатель кнопочный 1кл (под Zigbee-диммер) (механизм)
  7
GOST
 11
28.644050068587106
 21
256.84499999999997
 31
0.0
100
AcDbText
  0
LWPOLYLINE
  5
134
330
17
100
AcDbEntity
  8
TEXT
 62
7
370
15
100
AcDbPolyline
 90
2
 70
0
 10
120.68902750478262
 20
259.145
 10
120.68902750478262
 20
255.84499999999997
  0
TEXT
  5
135
330
17
100
AcDbEntity
  8
TEXT
 62
7
100
AcDbText
 10
121.48902750478261
 20
256.84499999999997
 30
0.0
 40
1.3
  1
серия ArtGallery, «молочный»
  7
GOST
 11
121.48902750478261
 21
256.84499999999997
 31
0.0
100
AcDbText
  0
LWPOLYLINE
  5
136
330
17
100
AcDbEntity
  8
TEXT
 62
7
370
15
100
AcDbPolyline
 90
2
 70
0
 10
150.15881638130642
 20
259.145
 10
150.15881638130642
 20
255.84499999999997
  0
TEXT
  5
137
330
17
100
AcDbEntity
  8
TEXT
 62
7
100
AcDbText
 10
150.95881638130643
 20
256.84499999999997
 30
0.0
 40
1.3
  1
Systeme Electric
  7
GOST
 11
150.95881638130643
 21
256.84499999999997
 31
0.0
100
AcDbText
  0
LWPOLYLINE
  5
138
330
17
100
AcDbEntity
  8
TEXT
 62
7
370
15
100
AcDbPolyline
 90
2
 70
0
 10
167.05938651162194
 20
259.145
 10
167.05938651162194
 20
255.84499999999997
  0
TEXT
  5
139
330
17
100
AcDbEntity
  8
TEXT
 62
7
100
AcDbText
 10
167.85938651162195
 20
256.84499999999997
 30
0.0
 40
1.3
  1
2
  7
GOST
 11
167.85938651162195
 21
256.84499999999997
 31
0.0
100
AcDbText
  0
LWPOLYLINE
  5
13A
330
17
100
AcDbEntity
  8
TEXT
 62
7
370
15
100
AcDbPolyline
 90
2
 70
0
 10
175.33369206717748
 20
259.145
 10
175.33369206717748
 20
255.84499999999997
  0
TEXT
  5
13B
330
17
100
AcDbEntity
  8
TEXT
 62
7
100
AcDbText
 10
176.1336920671775
 20
256.84499999999997
 30
0.0
 40
1.3
  1
шт
  7
GOST
 11
176.1336920671775
 21
256.84499999999997
 31
0.0
100
AcDbText
  0
LWPOLYLINE
  5
13C
330
17
100
AcDbEntity
  8
TEXT
 62
7
370
15
100
AcDbPolyline
 90
2
 70
0
 10
180.15710170366583
 20
259.145
 10
180.15710170366583
 20
255.84499999999997
  0
TEXT
  5
13D
330
17
100
AcDbEntity
  8
TEXT
 62
7
100
AcDbText
 10
180.95710170366584
 20
256.84499999999997
 30
0.0
 40
1.3
  1
700
  7
GOST
 11
180.95710170366584
 21
256.84499999999997
 31
0.0
100
AcDbText
  0
LWPOLYLINE
  5
13E
330
17
100
AcDbEntity
  8
TEXT
 62
7
370
15
100
AcDbPolyline
 90
2
 70
0
 10
196.8618775045749
 20
259.145
 10
196.8618775045749
 20
255.84499999999997
  0
TEXT
  5
13F
330
17
100
AcDbEntity
  8
TEXT
 62
7
100
AcDbText
 10
197.6618775045749
 20
256.84499999999997
 30
0.0
 40
1.3
  1
1 400
  7
GOST
 11
197.6618775045749
 21
256.84499999999997
 31
0.0
100
AcDbText
  0
LWPOLYLINE
  5
140
330
17
100
AcDbEntity
  8
TEXT
 62
7
370
15
100
AcDbPolyline
 90
2
 70
0
 10
207.15017816812875
 20
259.145
 10
207.15017816812875
 20
255.84499999999997
  0
TEXT
  5
141
330
17
100
AcDbEntity
  8
TEXT
 62
7
100
AcDbText
 10
207.95017816812876
 20
256.84499999999997
 30
0.0
 40
1.3
  1
все
  7
GOST
 11
207.95017816812876
 21
256.84499999999997
 31
0.0
100
AcDbText
  0
LWPOLYLINE
  5
142
330
17
100
AcDbEntity
  8
TEXT
 62
7
370
15
100
AcDbPolyline
 90
2
 70
0
 10
220.21784363452107
 20
259.145
 10
220.21784363452107
 20
255.84499999999997
  0
TEXT
  5
143
330
17
100
AcDbEntity
  8
TEXT
 62
7
100
AcDbText
 10
221.01784363452109
 20
256.84499999999997
 30
0.0
 40
1.3
  1
S1, S11
  7
GOST
 11
221.01784363452109
 21
256.84499999999997
 31
0.0
100
AcDbText
  0
LWPOLYLINE
  5
144
330
17
100
AcDbEntity
  8
TEXT
 62
7
370
15
100
AcDbPolyline
 90
2
 70
0
 10
314.37650726673866
 20
259.145
 10
314.37650726673866
 20
255.84499999999997
  0
TEXT
  5
145
330
17
100
AcDbEntity
  8
TEXT
 62
7
100
AcDbText
 10
315.17650726673867
 20
256.84499999999997
 30
0.0
 40
1.3
  1
Ремонт
  7
GOST
 11
315.17650726673867
 21
256.84499999999997
 31
0.0
100
AcDbText
  0
LWPOLYLINE
  5
146
330
17
100
AcDbEntity
  8
TEXT
 62
7
370
15
100
AcDbPolyline
 90
2
 70
0
 10
324.11392581955073
 20
259.145
 10
324.11392581955073
 20
255.84499999999997
  0
TEXT
  5
147
330
17
100
AcDbEntity
  8
TEXT
 62
7
100
AcDbText
 10
324.91392581955074
 20
256.84499999999997
 30
0.0
 40
1.3
  1
Э13
  7
GOST
 11
324.91392581955074
 21
256.84499999999997
 31
0.0
100
AcDbText
  0
LWPOLYLINE
  5
148
330
17
100
AcDbEntity
  8
TEXT
 62
7
370
15
100
AcDbPolyline
 90
2
 70
0
 10
336.9092748302213
 20
259.145
 10
336.9092748302213
 20
255.84499999999997
  0
LWPOLYLINE
  5
149
330
17
100
AcDbEntity
  8
TEXT
 62
7
370
15
100
AcDbPolyline
 90
2
 70
0
 10
413.0
 20
259.145
 10
413.0
 20
255.84499999999997
  0
LWPOLYLINE
  5
14A
330
17
100
AcDbEntity
  8
TEXT
 62
7
370
15
100
AcDbPolyline
 90
4
 70
1
 10
22.0
 20
252.54499999999996
 10
413.0
 20
252.54499999999996
 10
413.0
 20
255.84499999999997
 10
22.0
 20
255.84499999999997
  0
LWPOLYLINE
  5
14B
330
17
100
AcDbEntity
  8
TEXT
 62
7
370
15
100
AcDbPolyline
 90
2
 70
0
 10
22.0
 20
255.84499999999997
 10
22.0
 20
252.54499999999996
  0
TEXT
  5
14C
330
17
100
AcDbEntity
  8
TEXT
 62
7
100
AcDbText
 10
22.8
 20
253.54499999999996
 30
0.0
 40
1.3
  1
6
  7
GOST
 11
22.8
 21
253.54499999999996
 31
0.0
100
AcDbText
  0
LWPOLYLINE
  5
14D
330
17
100
AcDbEntity
  8
TEXT
 62
7
370
15
100
AcDbPolyline
 90
2
 70
0
 10
27.844050068587105
 20
255.84499999999997
 10
27.844050068587105
 20
252.54499999999996
  0
TEXT
  5
14E
330
17
100
AcDbEntity
  8
TEXT
 62
7
100
AcDbText
 10
28.644050068587106
 20
253.54499999999996
 30
0.0
 40
1.3
  1
Выключатель 2-клавишный (механизм)
  7
GOST
 11
28.644050068587106
 21
253.54499999999996
 31
0.0
100
AcDbText
  0
LWPOLYLINE
  5
14F
330
17
100
AcDbEntity
  8
TEXT
 62
7
370
15
100
AcDbPolyline
 90
2
 70
0
 10
120.68902750478262
 20
255.84499999999997
 10
120.68902750478262
 20
252.54499999999996
  0
TEXT
  5
150
330
17
100
AcDbEntity
  8
TEXT
 62
7
100
AcDbText
 10
121.48902750478261
 20
253.54499999999996
 30
0.0
 40
1.3
  1
серия ArtGallery, «молочный»
  7
GOST
 11
121.48902750478261
 21
253.54499999999996
 31
0.0
100
AcDbText
  0
LWPOLYLINE
  5
151
330
17
100
AcDbEntity
  8
TEXT
 62
7
370
15
100
AcDbPolyline
 90
2
 70
0
 10
150.15881638130642
 20
255.84499999999997
 10
150.15881638130642
 20
252.54499999999996
  0
TEXT
  5
152
330
17
100
AcDbEntity
  8
TEXT
 62
7
100
AcDbText
 10
150.95881638130643
 20
253.54499999999996
 30
0.0
 40
1.3
  1
Systeme Electric
  7
GOST
 11
150.95881638130643
 21
253.54499999999996
 31
0.0
100
AcDbText
  0
LWPOLYLINE
  5
153
330
17
100
AcDbEntity
  8
TEXT
 62
7
370
15
100
AcDbPolyline
 90
2
 70
0
 10
167.05938651162194
 20
255.84499999999997
 10
167.05938651162194
 20
252.54499999999996
  0
TEXT
  5
154
330
17
100
AcDbEntity
  8
TEXT
 62
7
100
AcDbText
 10
167.85938651162195
 20
253.54499999999996
 30
0.0
 40
1.3
  1
4
  7
GOST
 11
167.85938651162195
 21
253.54499999999996
 31
0.0
100
AcDbText
  0
LWPOLYLINE
  5
155
330
17
100
AcDbEntity
  8
TEXT
 62
7
370
15
100
AcDbPolyline
 90
2
 70
0
 10
175.33369206717748
 20
255.84499999999997
 10
175.33369206717748
 20
252.54499999999996
  0
TEXT
  5
156
330
17
100
AcDbEntity
  8
TEXT
 62
7
100
AcDbText
 10
176.1336920671775
 20
253.54499999999996
 30
0.0
 40
1.3
  1
шт
  7
GOST
 11
176.1336920671775
 21
253.54499999999996
 31
0.0
100
AcDbText
  0
LWPOLYLINE
  5
157
330
17
100
AcDbEntity
  8
TEXT
 62
7
370
15
100
AcDbPolyline
 90
2
 70
0
 10
180.15710170366583
 20
255.84499999999997
 10
180.15710170366583
 20
252.54499999999996
  0
TEXT
  5
158
330
17
100
AcDbEntity
  8
TEXT
 62
7
100
AcDbText
 10
180.95710170366584
 20
253.54499999999996
 30
0.0
 40
1.3
  1
650
  7
GOST
 11
180.95710170366584
 21
253.54499999999996
 31
0.0
100
AcDbText
  0
LWPOLYLINE
  5
159
330
17
100
AcDbEntity
  8
TEXT
 62
7
370
15
100
AcDbPolyline
 90
2
 70
0
 10
196.8618775045749
 20
255.84499999999997
 10
196.8618775045749
 20
252.54499999999996
  0
TEXT
  5
15A
330
17
100
AcDbEntity
  8
TEXT
 62
7
100
AcDbText
 10
197.6618775045749
 20
253.54499999999996
 30
0.0
 40
1.3
  1
2 600
  7
GOST
 11
197.6618775045749
 21
253.54499999999996
 31
0.0
100
AcDbText
  0
LWPOLYLINE
  5
15B
330
17
100
AcDbEntity
  8
TEXT
 62
7
370
15
100
AcDbPolyline
 90
2
 70
0
 10
207.15017816812875
 20
255.84499999999997
 10
207.15017816812875
 20
252.54499999999996
  0
TEXT
  5
15C
330
17
100
AcDbEntity
  8
TEXT
 62
7
100
AcDbText
 10
207.95017816812876
 20
253.54499999999996
 30
0.0
 40
1.3
  1
все
  7
GOST
 11
207.95017816812876
 21
253.54499999999996
 31
0.0
100
AcDbText
  0
LWPOLYLINE
  5
15D
330
17
100
AcDbEntity
  8
TEXT
 62
7
370
15
100
AcDbPolyline
 90
2
 70
0
 10
220.21784363452107
 20
255.84499999999997
 10
220.21784363452107
 20
252.54499999999996
  0
TEXT
  5
15E
330
17
100
AcDbEntity
  8
TEXT
 62
7
100
AcDbText
 10
221.01784363452109
 20
253.54499999999996
 30
0.0
 40
1.3
  1
S2, S3, S4, S12
  7
GOST
 11
221.01784363452109
 21
253.54499999999996
 31
0.0
100
AcDbText
  0
LWPOLYLINE
  5
15F
330
17
100
AcDbEntity
  8
TEXT
 62
7
370
15
100
AcDbPolyline
 90
2
 70
0
 10
314.37650726673866
 20
255.84499999999997
 10
314.37650726673866
 20
252.54499999999996
  0
TEXT
  5
160
330
17
100
AcDbEntity
  8
TEXT
 62
7
100
AcDbText
 10
315.17650726673867
 20
253.54499999999996
 30
0.0
 40
1.3
  1
Ремонт
  7
GOST
 11
315.17650726673867
 21
253.54499999999996
 31
0.0
100
AcDbText
  0
LWPOLYLINE
  5
161
330
17
100
AcDbEntity
  8
TEXT
 62
7
370
15
100
AcDbPolyline
 90
2
 70
0
 10
324.11392581955073
 20
255.84499999999997
 10
324.11392581955073
 20
252.54499999999996
  0
TEXT
  5
162
330
17
100
AcDbEntity
  8
TEXT
 62
7
100
AcDbText
 10
324.91392581955074
 20
253.54499999999996
 30
0.0
 40
1.3
  1
Э13
  7
GOST
 11
324.91392581955074
 21
253.54499999999996
 31
0.0
100
AcDbText
  0
LWPOLYLINE
  5
163
330
17
100
AcDbEntity
  8
TEXT
 62
7
370
15
100
AcDbPolyline
 90
2
 70
0
 10
336.9092748302213
 20
255.84499999999997
 10
336.9092748302213
 20
252.54499999999996
  0
LWPOLYLINE
  5
164
330
17
100
AcDbEntity
  8
TEXT
 62
7
370
15
100
AcDbPolyline
 90
2
 70
0
 10
413.0
 20
255.84499999999997
 10
413.0
 20
252.54499999999996
  0
LWPOLYLINE
  5
165
330
17
100
AcDbEntity
  8
TEXT
 62
7
370
15
100
AcDbPolyline
 90
4
 70
1
 10
22.0
 20
249.24499999999995
 10
413.0
 20
249.24499999999995
 10
413.0
 20
252.54499999999996
 10
22.0
 20
252.54499999999996
  0
LWPOLYLINE
  5
166
330
17
100
AcDbEntity
  8
TEXT
 62
7
370
15
100
AcDbPolyline
 90
2
 70
0
 10
22.0
 20
252.54499999999996
 10
22.0
 20
249.24499999999995
  0
TEXT
  5
167
330
17
100
AcDbEntity
  8
TEXT
 62
7
100
AcDbText
 10
22.8
 20
250.24499999999995
 30
0.0
 40
1.3
  1
7
  7
GOST
 11
22.8
 21
250.24499999999995
 31
0.0
100
AcDbText
  0
LWPOLYLINE
  5
168
330
17
100
AcDbEntity
  8
TEXT
 62
7
370
15
100
AcDbPolyline
 90
2
 70
0
 10
27.844050068587105
 20
252.54499999999996
 10
27.844050068587105
 20
249.24499999999995
  0
TEXT
  5
169
330
17
100
AcDbEntity
  8
TEXT
 62
7
100
AcDbText
 10
28.644050068587106
 20
250.24499999999995
 30
0.0
 40
1.3
  1
Переключатель проходной 2-клавишный (механизм)
  7
GOST
 11
28.644050068587106
 21
250.24499999999995
 31
0.0
100
AcDbText
  0
LWPOLYLINE
  5
16A
330
17
100
AcDbEntity
  8
TEXT
 62
7
370
15
100
AcDbPolyline
 90
2
 70
0
 10
120.68902750478262
 20
252.54499999999996
 10
120.68902750478262
 20
249.24499999999995
  0
TEXT
  5
16B
330
17
100
AcDbEntity
  8
TEXT
 62
7
100
AcDbText
 10
121.48902750478261
 20
250.24499999999995
 30
0.0
 40
1.3
  1
серия ArtGallery, «молочный»
  7
GOST
 11
121.48902750478261
 21
250.24499999999995
 31
0.0
100
AcDbText
  0
LWPOLYLINE
  5
16C
330
17
100
AcDbEntity
  8
TEXT
 62
7
370
15
100
AcDbPolyline
 90
2
 70
0
 10
150.15881638130642
 20
252.54499999999996
 10
150.15881638130642
 20
249.24499999999995
  0
TEXT
  5
16D
330
17
100
AcDbEntity
  8
TEXT
 62
7
100
AcDbText
 10
150.95881638130643
 20
250.24499999999995
 30
0.0
 40
1.3
  1
Systeme Electric
  7
GOST
 11
150.95881638130643
 21
250.24499999999995
 31
0.0
100
AcDbText
  0
LWPOLYLINE
  5
16E
330
17
100
AcDbEntity
  8
TEXT
 62
7
370
15
100
AcDbPolyline
 90
2
 70
0
 10
167.05938651162194
 20
252.54499999999996
 10
167.05938651162194
 20
249.24499999999995
  0
TEXT
  5
16F
330
17
100
AcDbEntity
  8
TEXT
 62
7
100
AcDbText
 10
167.85938651162195
 20
250.24499999999995
 30
0.0
 40
1.3
  1
1
  7
GOST
 11
167.85938651162195
 21
250.24499999999995
 31
0.0
100
AcDbText
  0
LWPOLYLINE
  5
170
330
17
100
AcDbEntity
  8
TEXT
 62
7
370
15
100
AcDbPolyline
 90
2
 70
0
 10
175.33369206717748
 20
252.54499999999996
 10
175.33369206717748
 20
249.24499999999995
  0
TEXT
  5
171
330
17
100
AcDbEntity
  8
TEXT
 62
7
100
AcDbText
 10
176.1336920671775
 20
250.24499999999995
 30
0.0
 40
1.3
  1
шт
  7
GOST
 11
176.1336920671775
 21
250.24499999999995
 31
0.0
100
AcDbText
  0
LWPOLYLINE
  5
172
330
17
100
AcDbEntity
  8
TEXT
 62
7
370
15
100
AcDbPolyline
 90
2
 70
0
 10
180.15710170366583
 20
252.54499999999996
 10
180.15710170366583
 20
249.24499999999995
  0
TEXT
  5
173
330
17
100
AcDbEntity
  8
TEXT
 62
7
100
AcDbText
 10
180.95710170366584
 20
250.24499999999995
 30
0.0
 40
1.3
  1
850
  7
GOST
 11
180.95710170366584
 21
250.24499999999995
 31
0.0
100
AcDbText
  0
LWPOLYLINE
  5
174
330
17
100
AcDbEntity
  8
TEXT
 62
7
370
15
100
AcDbPolyline
 90
2
 70
0
 10
196.8618775045749
 20
252.54499999999996
 10
196.8618775045749
 20
249.24499999999995
  0
TEXT
  5
175
330
17
100
AcDbEntity
  8
TEXT
 62
7
100
AcDbText
 10
197.6618775045749
 20
250.24499999999995
 30
0.0
 40
1.3
  1
850
  7
GOST
 11
197.6618775045749
 21
250.24499999999995
 31
0.0
100
AcDbText
  0
LWPOLYLINE
  5
176
330
17
100
AcDbEntity
  8
TEXT
 62
7
370
15
100
AcDbPolyline
 90
2
 70
0
 10
207.15017816812875
 20
252.54499999999996
 10
207.15017816812875
 20
249.24499999999995
  0
TEXT
  5
177
330
17
100
AcDbEntity
  8
TEXT
 62
7
100
AcDbText
 10
207.95017816812876
 20
250.24499999999995
 30
0.0
 40
1.3
  1
все
  7
GOST
 11
207.95017816812876
 21
250.24499999999995
 31
0.0
100
AcDbText
  0
LWPOLYLINE
  5
178
330
17
100
AcDbEntity
  8
TEXT
 62
7
370
15
100
AcDbPolyline
 90
2
 70
0
 10
220.21784363452107
 20
252.54499999999996
 10
220.21784363452107
 20
249.24499999999995
  0
TEXT
  5
179
330
17
100
AcDbEntity
  8
TEXT
 62
7
100
AcDbText
 10
221.01784363452109
 20
250.24499999999995
 30
0.0
 40
1.3
  1
S5
  7
GOST
 11
221.01784363452109
 21
250.24499999999995
 31
0.0
100
AcDbText
  0
LWPOLYLINE
  5
17A
330
17
100
AcDbEntity
  8
TEXT
 62
7
370
15
100
AcDbPolyline
 90
2
 70
0
 10
314.37650726673866
 20
252.54499999999996
 10
314.37650726673866
 20
249.24499999999995
  0
TEXT
  5
17B
330
17
100
AcDbEntity
  8
TEXT
 62
7
100
AcDbText
 10
315.17650726673867
 20
250.24499999999995
 30
0.0
 40
1.3
  1
Ремонт
  7
GOST
 11
315.17650726673867
 21
250.24499999999995
 31
0.0
100
AcDbText
  0
LWPOLYLINE
  5
17C
330
17
100
AcDbEntity
  8
TEXT
 62
7
370
15
100
AcDbPolyline
 90
2
 70
0
 10
324.11392581955073
 20
252.54499999999996
 10
324.11392581955073
 20
249.24499999999995
  0
TEXT
  5
17D
330
17
100
AcDbEntity
  8
TEXT
 62
7
100
AcDbText
 10
324.91392581955074
 20
250.24499999999995
 30
0.0
 40
1.3
  1
Э13
  7
GOST
 11
324.91392581955074
 21
250.24499999999995
 31
0.0
100
AcDbText
  0
LWPOLYLINE
  5
17E
330
17
100
AcDbEntity
  8
TEXT
 62
7
370
15
100
AcDbPolyline
 90
2
 70
0
 10
336.9092748302213
 20
252.54499999999996
 10
336.9092748302213
 20
249.24499999999995
  0
LWPOLYLINE
  5
17F
330
17
100
AcDbEntity
  8
TEXT
 62
7
370
15
100
AcDbPolyline
 90
2
 70
0
 10
413.0
 20
252.54499999999996
 10
413.0
 20
249.24499999999995
  0
LWPOLYLINE
  5
180
330
17
100
AcDbEntity
  8
TEXT
 62
7
370
15
100
AcDbPolyline
 90
4
 70
1
 10
22.0
 20
245.94499999999994
 10
413.0
 20
245.94499999999994
 10
413.0
 20
249.24499999999995
 10
22.0
 20
249.24499999999995
  0
LWPOLYLINE
  5
181
330
17
100
AcDbEntity
  8
TEXT
 62
7
370
15
100
AcDbPolyline
 90
2
 70
0
 10
22.0
 20
249.24499999999995
 10
22.0
 20
245.94499999999994
  0
TEXT
  5
182
330
17
100
AcDbEntity
  8
TEXT
 62
7
100
AcDbText
 10
22.8
 20
246.94499999999994
 30
0.0
 40
1.3
  1
8
  7
GOST
 11
22.8
 21
246.94499999999994
 31
0.0
100
AcDbText
  0
LWPOLYLINE
  5
183
330
17
100
AcDbEntity
  8
TEXT
 62
7
370
15
100
AcDbPolyline
 90
2
 70
0
 10
27.844050068587105
 20
249.24499999999995
 10
27.844050068587105
 20
245.94499999999994
  0
TEXT
  5
184
330
17
100
AcDbEntity
  8
TEXT
 62
7
100
AcDbText
 10
28.644050068587106
 20
246.94499999999994
 30
0.0
 40
1.3
  1
Переключатель перекрёстный (механизм)
  7
GOST
 11
28.644050068587106
 21
246.94499999999994
 31
0.0
100
AcDbText
  0
LWPOLYLINE
  5
185
330
17
100
AcDbEntity
  8
TEXT
 62
7
370
15
100
AcDbPolyline
 90
2
 70
0
 10
120.68902750478262
 20
249.24499999999995
 10
120.68902750478262
 20
245.94499999999994
  0
TEXT
  5
186
330
17
100
AcDbEntity
  8
TEXT
 62
7
100
AcDbText
 10
121.48902750478261
 20
246.94499999999994
 30
0.0
 40
1.3
  1
серия ArtGallery, «молочный»
  7
GOST
 11
121.48902750478261
 21
246.94499999999994
 31
0.0
100
AcDbText
  0
LWPOLYLINE
  5
187
330
17
100
AcDbEntity
  8
TEXT
 62
7
370
15
100
AcDbPolyline
 90
2
 70
0
 10
150.15881638130642
 20
249.24499999999995
 10
150.15881638130642
 20
245.94499999999994
  0
TEXT
  5
188
330
17
100
AcDbEntity
  8
TEXT
 62
7
100
AcDbText
 10
150.95881638130643
 20
246.94499999999994
 30
0.0
 40
1.3
  1
Systeme Electric
  7
GOST
 11
150.95881638130643
 21
246.94499999999994
 31
0.0
100
AcDbText
  0
LWPOLYLINE
  5
189
330
17
100
AcDbEntity
  8
TEXT
 62
7
370
15
100
AcDbPolyline
 90
2
 70
0
 10
167.05938651162194
 20
249.24499999999995
 10
167.05938651162194
 20
245.94499999999994
  0
TEXT
  5
18A
330
17
100
AcDbEntity
  8
TEXT
 62
7
100
AcDbText
 10
167.85938651162195
 20
246.94499999999994
 30
0.0
 40
1.3
  1
1
  7
GOST
 11
167.85938651162195
 21
246.94499999999994
 31
0.0
100
AcDbText
  0
LWPOLYLINE
  5
18B
330
17
100
AcDbEntity
  8
TEXT
 62
7
370
15
100
AcDbPolyline
 90
2
 70
0
 10
175.33369206717748
 20
249.24499999999995
 10
175.33369206717748
 20
245.94499999999994
  0
TEXT
  5
18C
330
17
100
AcDbEntity
  8
TEXT
 62
7
100
AcDbText
 10
176.1336920671775
 20
246.94499999999994
 30
0.0
 40
1.3
  1
шт
  7
GOST
 11
176.1336920671775
 21
246.94499999999994
 31
0.0
100
AcDbText
  0
LWPOLYLINE
  5
18D
330
17
100
AcDbEntity
  8
TEXT
 62
7
370
15
100
AcDbPolyline
 90
2
 70
0
 10
180.15710170366583
 20
249.24499999999995
 10
180.15710170366583
 20
245.94499999999994
  0
TEXT
  5
18E
330
17
100
AcDbEntity
  8
TEXT
 62
7
100
AcDbText
 10
180.95710170366584
 20
246.94499999999994
 30
0.0
 40
1.3
  1
800
  7
GOST
 11
180.95710170366584
 21
246.94499999999994
 31
0.0
100
AcDbText
  0
LWPOLYLINE
  5
18F
330
17
100
AcDbEntity
  8
TEXT
 62
7
370
15
100
AcDbPolyline
 90
2
 70
0
 10
196.8618775045749
 20
249.24499999999995
 10
196.8618775045749
 20
245.94499999999994
  0
TEXT
  5
190
330
17
100
AcDbEntity
  8
TEXT
 62
7
100
AcDbText
 10
197.6618775045749
 20
246.94499999999994
 30
0.0
 40
1.3
  1
800
  7
GOST
 11
197.6618775045749
 21
246.94499999999994
 31
0.0
100
AcDbText
  0
LWPOLYLINE
  5
191
330
17
100
AcDbEntity
  8
TEXT
 62
7
370
15
100
AcDbPolyline
 90
2
 70
0
 10
207.15017816812875
 20
249.24499999999995
 10
207.15017816812875
 20
245.94499999999994
  0
TEXT
  5
192
330
17
100
AcDbEntity
  8
TEXT
 62
7
100
AcDbText
 10
207.95017816812876
 20
246.94499999999994
 30
0.0
 40
1.3
  1
все
  7
GOST
 11
207.95017816812876
 21
246.94499999999994
 31
0.0
100
AcDbText
  0
LWPOLYLINE
  5
193
330
17
100
AcDbEntity
  8
TEXT
 62
7
370
15
100
AcDbPolyline
 90
2
 70
0
 10
220.21784363452107
 20
249.24499999999995
 10
220.21784363452107
 20
245.94499999999994
  0
TEXT
  5
194
330
17
100
AcDbEntity
  8
TEXT
 62
7
100
AcDbText
 10
221.01784363452109
 20
246.94499999999994
 30
0.0
 40
1.3
  1
S6
  7
GOST
 11
221.01784363452109
 21
246.94499999999994
 31
0.0
100
AcDbText
  0
LWPOLYLINE
  5
195
330
17
100
AcDbEntity
  8
TEXT
 62
7
370
15
100
AcDbPolyline
 90
2
 70
0
 10
314.37650726673866
 20
249.24499999999995
 10
314.37650726673866
 20
245.94499999999994
  0
TEXT
  5
196
330
17
100
AcDbEntity
  8
TEXT
 62
7
100
AcDbText
 10
315.17650726673867
 20
246.94499999999994
 30
0.0
 40
1.3
  1
Ремонт
  7
GOST
 11
315.17650726673867
 21
246.94499999999994
 31
0.0
100
AcDbText
  0
LWPOLYLINE
  5
197
330
17
100
AcDbEntity
  8
TEXT
 62
7
370
15
100
AcDbPolyline
 90
2
 70
0
 10
324.11392581955073
 20
249.24499999999995
 10
324.11392581955073
 20
245.94499999999994
  0
TEXT
  5
198
330
17
100
AcDbEntity
  8
TEXT
 62
7
100
AcDbText
 10
324.91392581955074
 20
246.94499999999994
 30
0.0
 40
1.3
  1
Э13
  7
GOST
 11
324.91392581955074
 21
246.94499999999994
 31
0.0
100
AcDbText
  0
LWPOLYLINE
  5
199
330
17
100
AcDbEntity
  8
TEXT
 62
7
370
15
100
AcDbPolyline
 90
2
 70
0
 10
336.9092748302213
 20
249.24499999999995
 10
336.9092748302213
 20
245.94499999999994
  0
LWPOLYLINE
  5
19A
330
17
100
AcDbEntity
  8
TEXT
 62
7
370
15
100
AcDbPolyline
 90
2
 70
0
 10
413.0
 20
249.24499999999995
 10
413.0
 20
245.94499999999994
  0
LWPOLYLINE
  5
19B
330
17
100
AcDbEntity
  8
TEXT
 62
7
370
15
100
AcDbPolyline
 90
4
 70
1
 10
22.0
 20
242.64499999999992
 10
413.0
 20
242.64499999999992
 10
413.0
 20
245.94499999999994
 10
22.0
 20
245.94499999999994
  0
LWPOLYLINE
  5
19C
330
17
100
AcDbEntity
  8
TEXT
 62
7
370
15
100
AcDbPolyline
 90
2
 70
0
 10
22.0
 20
245.94499999999994
 10
22.0
 20
242.64499999999992
  0
TEXT
  5
19D
330
17
100
AcDbEntity
  8
TEXT
 62
7
100
AcDbText
 10
22.8
 20
243.64499999999992
 30
0.0
 40
1.3
  1
9
  7
GOST
 11
22.8
 21
243.64499999999992
 31
0.0
100
AcDbText
  0
LWPOLYLINE
  5
19E
330
17
100
AcDbEntity
  8
TEXT
 62
7
370
15
100
AcDbPolyline
 90
2
 70
0
 10
27.844050068587105
 20
245.94499999999994
 10
27.844050068587105
 20
242.64499999999992
  0
TEXT
  5
19F
330
17
100
AcDbEntity
  8
TEXT
 62
7
100
AcDbText
 10
28.644050068587106
 20
243.64499999999992
 30
0.0
 40
1.3
  1
Переключатель проходной (механизм)
  7
GOST
 11
28.644050068587106
 21
243.64499999999992
 31
0.0
100
AcDbText
  0
LWPOLYLINE
  5
1A0
330
17
100
AcDbEntity
  8
TEXT
 62
7
370
15
100
AcDbPolyline
 90
2
 70
0
 10
120.68902750478262
 20
245.94499999999994
 10
120.68902750478262
 20
242.64499999999992
  0
TEXT
  5
1A1
330
17
100
AcDbEntity
  8
TEXT
 62
7
100
AcDbText
 10
121.48902750478261
 20
243.64499999999992
 30
0.0
 40
1.3
  1
серия ArtGallery, «молочный»
  7
GOST
 11
121.48902750478261
 21
243.64499999999992
 31
0.0
100
AcDbText
  0
LWPOLYLINE
  5
1A2
330
17
100
AcDbEntity
  8
TEXT
 62
7
370
15
100
AcDbPolyline
 90
2
 70
0
 10
150.15881638130642
 20
245.94499999999994
 10
150.15881638130642
 20
242.64499999999992
  0
TEXT
  5
1A3
330
17
100
AcDbEntity
  8
TEXT
 62
7
100
AcDbText
 10
150.95881638130643
 20
243.64499999999992
 30
0.0
 40
1.3
  1
Systeme Electric
  7
GOST
 11
150.95881638130643
 21
243.64499999999992
 31
0.0
100
AcDbText
  0
LWPOLYLINE
  5
1A4
330
17
100
AcDbEntity
  8
TEXT
 62
7
370
15
100
AcDbPolyline
 90
2
 70
0
 10
167.05938651162194
 20
245.94499999999994
 10
167.05938651162194
 20
242.64499999999992
  0
TEXT
  5
1A5
330
17
100
AcDbEntity
  8
TEXT
 62
7
100
AcDbText
 10
167.85938651162195
 20
243.64499999999992
 30
0.0
 40
1.3
  1
3
  7
GOST
 11
167.85938651162195
 21
243.64499999999992
 31
0.0
100
AcDbText
  0
LWPOLYLINE
  5
1A6
330
17
100
AcDbEntity
  8
TEXT
 62
7
370
15
100
AcDbPolyline
 90
2
 70
0
 10
175.33369206717748
 20
245.94499999999994
 10
175.33369206717748
 20
242.64499999999992
  0
TEXT
  5
1A7
330
17
100
AcDbEntity
  8
TEXT
 62
7
100
AcDbText
 10
176.1336920671775
 20
243.64499999999992
 30
0.0
 40
1.3
  1
шт
  7
GOST
 11
176.1336920671775
 21
243.64499999999992
 31
0.0
100
AcDbText
  0
LWPOLYLINE
  5
1A8
330
17
100
AcDbEntity
  8
TEXT
 62
7
370
15
100
AcDbPolyline
 90
2
 70
0
 10
180.15710170366583
 20
245.94499999999994
 10
180.15710170366583
 20
242.64499999999992
  0
TEXT
  5
1A9
330
17
100
AcDbEntity
  8
TEXT
 62
7
100
AcDbText
 10
180.95710170366584
 20
243.64499999999992
 30
0.0
 40
1.3
  1
600
  7
GOST
 11
180.95710170366584
 21
243.64499999999992
 31
0.0
100
AcDbText
  0
LWPOLYLINE
  5
1AA
330
17
100
AcDbEntity
  8
TEXT
 62
7
370
15
100
AcDbPolyline
 90
2
 70
0
 10
196.8618775045749
 20
245.94499999999994
 10
196.8618775045749
 20
242.64499999999992
  0
TEXT
  5
1AB
330
17
100
AcDbEntity
  8
TEXT
 62
7
100
AcDbText
 10
197.6618775045749
 20
243.64499999999992
 30
0.0
 40
1.3
  1
1 800
  7
GOST
 11
197.6618775045749
 21
243.64499999999992
 31
0.0
100
AcDbText
  0
LWPOLYLINE
  5
1AC
330
17
100
AcDbEntity
  8
TEXT
 62
7
370
15
100
AcDbPolyline
 90
2
 70
0
 10
207.15017816812875
 20
245.94499999999994
 10
207.15017816812875
 20
242.64499999999992
  0
TEXT
  5
1AD
330
17
100
AcDbEntity
  8
TEXT
 62
7
100
AcDbText
 10
207.95017816812876
 20
243.64499999999992
 30
0.0
 40
1.3
  1
все
  7
GOST
 11
207.95017816812876
 21
243.64499999999992
 31
0.0
100
AcDbText
  0
LWPOLYLINE
  5
1AE
330
17
100
AcDbEntity
  8
TEXT
 62
7
370
15
100
AcDbPolyline
 90
2
 70
0
 10
220.21784363452107
 20
245.94499999999994
 10
220.21784363452107
 20
242.64499999999992
  0
TEXT
  5
1AF
330
17
100
AcDbEntity
  8
TEXT
 62
7
100
AcDbText
 10
221.01784363452109
 20
243.64499999999992
 30
0.0
 40
1.3
  1
S7, S8, S13
  7
GOST
 11
221.01784363452109
 21
243.64499999999992
 31
0.0
100
AcDbText
  0
LWPOLYLINE
  5
1B0
330
17
100
AcDbEntity
  8
TEXT
 62
7
370
15
100
AcDbPolyline
 90
2
 70
0
 10
314.37650726673866
 20
245.94499999999994
 10
314.37650726673866
 20
242.64499999999992
  0
TEXT
  5
1B1
330
17
100
AcDbEntity
  8
TEXT
 62
7
100
AcDbText
 10
315.17650726673867
 20
243.64499999999992
 30
0.0
 40
1.3
  1
Ремонт
  7
GOST
 11
315.17650726673867
 21
243.64499999999992
 31
0.0
100
AcDbText
  0
LWPOLYLINE
  5
1B2
330
17
100
AcDbEntity
  8
TEXT
 62
7
370
15
100
AcDbPolyline
 90
2
 70
0
 10
324.11392581955073
 20
245.94499999999994
 10
324.11392581955073
 20
242.64499999999992
  0
TEXT
  5
1B3
330
17
100
AcDbEntity
  8
TEXT
 62
7
100
AcDbText
 10
324.91392581955074
 20
243.64499999999992
 30
0.0
 40
1.3
  1
Э13
  7
GOST
 11
324.91392581955074
 21
243.64499999999992
 31
0.0
100
AcDbText
  0
LWPOLYLINE
  5
1B4
330
17
100
AcDbEntity
  8
TEXT
 62
7
370
15
100
AcDbPolyline
 90
2
 70
0
 10
336.9092748302213
 20
245.94499999999994
 10
336.9092748302213
 20
242.64499999999992
  0
LWPOLYLINE
  5
1B5
330
17
100
AcDbEntity
  8
TEXT
 62
7
370
15
100
AcDbPolyline
 90
2
 70
0
 10
413.0
 20
245.94499999999994
 10
413.0
 20
242.64499999999992
  0
LWPOLYLINE
  5
1B6
330
17
100
AcDbEntity
  8
TEXT
 62
7
370
15
100
AcDbPolyline
 90
4
 70
1
 10
22.0
 20
239.3449999999999
 10
413.0
 20
239.3449999999999
 10
413.0
 20
242.64499999999992
 10
22.0
 20
242.64499999999992
  0
LWPOLYLINE
  5
1B7
330
17
100
AcDbEntity
  8
TEXT
 62
7
370
15
100
AcDbPolyline
 90
2
 70
0
 10
22.0
 20
242.64499999999992
 10
22.0
 20
239.3449999999999
  0
TEXT
  5
1B8
330
17
100
AcDbEntity
  8
TEXT
 62
7
100
AcDbText
 10
22.8
 20
240.3449999999999
 30
0.0
 40
1.3
  1
10
  7
GOST
 11
22.8
 21
240.3449999999999
 31
0.0
100
AcDbText
  0
LWPOLYLINE
  5
1B9
330
17
100
AcDbEntity
  8
TEXT
 62
7
370
15
100
AcDbPolyline
 90
2
 70
0
 10
27.844050068587105
 20
242.64499999999992
 10
27.844050068587105
 20
239.3449999999999
  0
TEXT
  5
1BA
330
17
100
AcDbEntity
  8
TEXT
 62
7
100
AcDbText
 10
28.644050068587106
 20
240.3449999999999
 30
0.0
 40
1.3
  1
Выключатель 1-клавишный (механизм)
  7
GOST
 11
28.644050068587106
 21
240.3449999999999
 31
0.0
100
AcDbText
  0
LWPOLYLINE
  5
1BB
330
17
100
AcDbEntity
  8
TEXT
 62
7
370
15
100
AcDbPolyline
 90
2
 70
0
 10
120.68902750478262
 20
242.64499999999992
 10
120.68902750478262
 20
239.3449999999999
  0
TEXT
  5
1BC
330
17
100
AcDbEntity
  8
TEXT
 62
7
100
AcDbText
 10
121.48902750478261
 20
240.3449999999999
 30
0.0
 40
1.3
  1
серия ArtGallery, «молочный»
  7
GOST
 11
121.48902750478261
 21
240.3449999999999
 31
0.0
100
AcDbText
  0
LWPOLYLINE
  5
1BD
330
17
100
AcDbEntity
  8
TEXT
 62
7
370
15
100
AcDbPolyline
 90
2
 70
0
 10
150.15881638130642
 20
242.64499999999992
 10
150.15881638130642
 20
239.3449999999999
  0
TEXT
  5
1BE
330
17
100
AcDbEntity
  8
TEXT
 62
7
100
AcDbText
 10
150.95881638130643
 20
240.3449999999999
 30
0.0
 40
1.3
  1
Systeme Electric
  7
GOST
 11
150.95881638130643
 21
240.3449999999999
 31
0.0
100
AcDbText
  0
LWPOLYLINE
  5
1BF
330
17
100
AcDbEntity
  8
TEXT
 62
7
370
15
100
AcDbPolyline
 90
2
 70
0
 10
167.05938651162194
 20
242.64499999999992
 10
167.05938651162194
 20
239.3449999999999
  0
TEXT
  5
1C0
330
17
100
AcDbEntity
  8
TEXT
 62
7
100
AcDbText
 10
167.85938651162195
 20
240.3449999999999
 30
0.0
 40
1.3
  1
4
  7
GOST
 11
167.85938651162195
 21
240.3449999999999
 31
0.0
100
AcDbText
  0
LWPOLYLINE
  5
1C1
330
17
100
AcDbEntity
  8
TEXT
 62
7
370
15
100
AcDbPolyline
 90
2
 70
0
 10
175.33369206717748
 20
242.64499999999992
 10
175.33369206717748
 20
239.3449999999999
  0
TEXT
  5
1C2
330
17
100
AcDbEntity
  8
TEXT
 62
7
100
AcDbText
 10
176.1336920671775
 20
240.3449999999999
 30
0.0
 40
1.3
  1
шт
  7
GOST
 11
176.1336920671775
 21
240.3449999999999
 31
0.0
100
AcDbText
  0
LWPOLYLINE
  5
1C3
330
17
100
AcDbEntity
  8
TEXT
 62
7
370
15
100
AcDbPolyline
 90
2
 70
0
 10
180.15710170366583
 20
242.64499999999992
 10
180.15710170366583
 20
239.3449999999999
  0
TEXT
  5
1C4
330
17
100
AcDbEntity
  8
TEXT
 62
7
100
AcDbText
 10
180.95710170366584
 20
240.3449999999999
 30
0.0
 40
1.3
  1
450
  7
GOST
 11
180.95710170366584
 21
240.3449999999999
 31
0.0
100
AcDbText
  0
LWPOLYLINE
  5
1C5
330
17
100
AcDbEntity
  8
TEXT
 62
7
370
15
100
AcDbPolyline
 90
2
 70
0
 10
196.8618775045749
 20
242.64499999999992
 10
196.8618775045749
 20
239.3449999999999
  0
TEXT
  5
1C6
330
17
100
AcDbEntity
  8
TEXT
 62
7
100
AcDbText
 10
197.6618775045749
 20
240.3449999999999
 30
0.0
 40
1.3
  1
1 800
  7
GOST
 11
197.6618775045749
 21
240.3449999999999
 31
0.0
100
AcDbText
  0
LWPOLYLINE
  5
1C7
330
17
100
AcDbEntity
  8
TEXT
 62
7
370
15
100
AcDbPolyline
 90
2
 70
0
 10
207.15017816812875
 20
242.64499999999992
 10
207.15017816812875
 20
239.3449999999999
  0
TEXT
  5
1C8
330
17
100
AcDbEntity
  8
TEXT
 62
7
100
AcDbText
 10
207.95017816812876
 20
240.3449999999999
 30
0.0
 40
1.3
  1
все
  7
GOST
 11
207.95017816812876
 21
240.3449999999999
 31
0.0
100
AcDbText
  0
LWPOLYLINE
  5
1C9
330
17
100
AcDbEntity
  8
TEXT
 62
7
370
15
100
AcDbPolyline
 90
2
 70
0
 10
220.21784363452107
 20
242.64499999999992
 10
220.21784363452107
 20
239.3449999999999
  0
TEXT
  5
1CA
330
17
100
AcDbEntity
  8
TEXT
 62
7
100
AcDbText
 10
221.01784363452109
 20
240.3449999999999
 30
0.0
 40
1.3
  1
S9, S10, S14, S15
  7
GOST
 11
221.01784363452109
 21
240.3449999999999
 31
0.0
100
AcDbText
  0
LWPOLYLINE
  5
1CB
330
17
100
AcDbEntity
  8
TEXT
 62
7
370
15
100
AcDbPolyline
 90
2
 70
0
 10
314.37650726673866
 20
242.64499999999992
 10
314.37650726673866
 20
239.3449999999999
  0
TEXT
  5
1CC
330
17
100
AcDbEntity
  8
TEXT
 62
7
100
AcDbText
 10
315.17650726673867
 20
240.3449999999999
 30
0.0
 40
1.3
  1
Ремонт
  7
GOST
 11
315.17650726673867
 21
240.3449999999999
 31
0.0
100
AcDbText
  0
LWPOLYLINE
  5
1CD
330
17
100
AcDbEntity
  8
TEXT
 62
7
370
15
100
AcDbPolyline
 90
2
 70
0
 10
324.11392581955073
 20
242.64499999999992
 10
324.11392581955073
 20
239.3449999999999
  0
TEXT
  5
1CE
330
17
100
AcDbEntity
  8
TEXT
 62
7
100
AcDbText
 10
324.91392581955074
 20
240.3449999999999
 30
0.0
 40
1.3
  1
Э13
  7
GOST
 11
324.91392581955074
 21
240.3449999999999
 31
0.0
100
AcDbText
  0
LWPOLYLINE
  5
1CF
330
17
100
AcDbEntity
  8
TEXT
 62
7
370
15
100
AcDbPolyline
 90
2
 70
0
 10
336.9092748302213
 20
242.64499999999992
 10
336.9092748302213
 20
239.3449999999999
  0
LWPOLYLINE
  5
1D0
330
17
100
AcDbEntity
  8
TEXT
 62
7
370
15
100
AcDbPolyline
 90
2
 70
0
 10
413.0
 20
242.64499999999992
 10
413.0
 20
239.3449999999999
  0
LWPOLYLINE
  5
1D1
330
17
100
AcDbEntity
  8
TEXT
 62
7
370
15
100
AcDbPolyline
 90
4
 70
1
 10
22.0
 20
234.1599999999999
 10
413.0
 20
234.1599999999999
 10
413.0
 20
239.3449999999999
 10
22.0
 20
239.3449999999999
  0
LWPOLYLINE
  5
1D2
330
17
100
AcDbEntity
  8
TEXT
 62
7
370
15
100
AcDbPolyline
 90
2
 70
0
 10
22.0
 20
239.3449999999999
 10
22.0
 20
234.1599999999999
  0
TEXT
  5
1D3
330
17
100
AcDbEntity
  8
TEXT
 62
7
100
AcDbText
 10
22.8
 20
237.0449999999999
 30
0.0
 40
1.3
  1
11
  7
GOST
 11
22.8
 21
237.0449999999999
 31
0.0
100
AcDbText
  0
LWPOLYLINE
  5
1D4
330
17
100
AcDbEntity
  8
TEXT
 62
7
370
15
100
AcDbPolyline
 90
2
 70
0
 10
27.844050068587105
 20
239.3449999999999
 10
27.844050068587105
 20
234.1599999999999
  0
TEXT
  5
1D5
330
17
100
AcDbEntity
  8
TEXT
 62
7
100
AcDbText
 10
28.644050068587106
 20
237.0449999999999
 30
0.0
 40
1.3
  1
Рамка 1-постовая
  7
GOST
 11
28.644050068587106
 21
237.0449999999999
 31
0.0
100
AcDbText
  0
LWPOLYLINE
  5
1D6
330
17
100
AcDbEntity
  8
TEXT
 62
7
370
15
100
AcDbPolyline
 90
2
 70
0
 10
120.68902750478262
 20
239.3449999999999
 10
120.68902750478262
 20
234.1599999999999
  0
TEXT
  5
1D7
330
17
100
AcDbEntity
  8
TEXT
 62
7
100
AcDbText
 10
121.48902750478261
 20
237.0449999999999
 30
0.0
 40
1.3
  1
ArtGallery, «молочный»
  7
GOST
 11
121.48902750478261
 21
237.0449999999999
 31
0.0
100
AcDbText
  0
LWPOLYLINE
  5
1D8
330
17
100
AcDbEntity
  8
TEXT
 62
7
370
15
100
AcDbPolyline
 90
2
 70
0
 10
150.15881638130642
 20
239.3449999999999
 10
150.15881638130642
 20
234.1599999999999
  0
TEXT
  5
1D9
330
17
100
AcDbEntity
  8
TEXT
 62
7
100
AcDbText
 10
150.95881638130643
 20
237.0449999999999
 30
0.0
 40
1.3
  1
Systeme Electric
  7
GOST
 11
150.95881638130643
 21
237.0449999999999
 31
0.0
100
AcDbText
  0
LWPOLYLINE
  5
1DA
330
17
100
AcDbEntity
  8
TEXT
 62
7
370
15
100
AcDbPolyline
 90
2
 70
0
 10
167.05938651162194
 20
239.3449999999999
 10
167.05938651162194
 20
234.1599999999999
  0
TEXT
  5
1DB
330
17
100
AcDbEntity
  8
TEXT
 62
7
100
AcDbText
 10
167.85938651162195
 20
237.0449999999999
 30
0.0
 40
1.3
  1
69
  7
GOST
 11
167.85938651162195
 21
237.0449999999999
 31
0.0
100
AcDbText
  0
LWPOLYLINE
  5
1DC
330
17
100
AcDbEntity
  8
TEXT
 62
7
370
15
100
AcDbPolyline
 90
2
 70
0
 10
175.33369206717748
 20
239.3449999999999
 10
175.33369206717748
 20
234.1599999999999
  0
TEXT
  5
1DD
330
17
100
AcDbEntity
  8
TEXT
 62
7
100
AcDbText
 10
176.1336920671775
 20
237.0449999999999
 30
0.0
 40
1.3
  1
шт
  7
GOST
 11
176.1336920671775
 21
237.0449999999999
 31
0.0
100
AcDbText
  0
LWPOLYLINE
  5
1DE
330
17
100
AcDbEntity
  8
TEXT
 62
7
370
15
100
AcDbPolyline
 90
2
 70
0
 10
180.15710170366583
 20
239.3449999999999
 10
180.15710170366583
 20
234.1599999999999
  0
TEXT
  5
1DF
330
17
100
AcDbEntity
  8
TEXT
 62
7
100
AcDbText
 10
180.95710170366584
 20
237.0449999999999
 30
0.0
 40
1.3
  1
320
  7
GOST
 11
180.95710170366584
 21
237.0449999999999
 31
0.0
100
AcDbText
  0
LWPOLYLINE
  5
1E0
330
17
100
AcDbEntity
  8
TEXT
 62
7
370
15
100
AcDbPolyline
 90
2
 70
0
 10
196.8618775045749
 20
239.3449999999999
 10
196.8618775045749
 20
234.1599999999999
  0
TEXT
  5
1E1
330
17
100
AcDbEntity
  8
TEXT
 62
7
100
AcDbText
 10
197.6618775045749
 20
237.0449999999999
 30
0.0
 40
1.3
  1
22 080
  7
GOST
 11
197.6618775045749
 21
237.0449999999999
 31
0.0
100
AcDbText
  0
LWPOLYLINE
  5
1E2
330
17
100
AcDbEntity
  8
TEXT
 62
7
370
15
100
AcDbPolyline
 90
2
 70
0
 10
207.15017816812875
 20
239.3449999999999
 10
207.15017816812875
 20
234.1599999999999
  0
TEXT
  5
1E3
330
17
100
AcDbEntity
  8
TEXT
 62
7
100
AcDbText
 10
207.95017816812876
 20
237.0449999999999
 30
0.0
 40
1.3
  1
все
  7
GOST
 11
207.95017816812876
 21
237.0449999999999
 31
0.0
100
AcDbText
  0
LWPOLYLINE
  5
1E4
330
17
100
AcDbEntity
  8
TEXT
 62
7
370
15
100
AcDbPolyline
 90
2
 70
0
 10
220.21784363452107
 20
239.3449999999999
 10
220.21784363452107
 20
234.1599999999999
  0
TEXT
  5
1E5
330
17
100
AcDbEntity
  8
TEXT
 62
7
100
AcDbText
 10
221.01784363452109
 20
237.0449999999999
 30
0.0
 40
1.3
  1
sockets (1 пост) + switches
  7
GOST
 11
221.01784363452109
 21
237.0449999999999
 31
0.0
100
AcDbText
  0
LWPOLYLINE
  5
1E6
330
17
100
AcDbEntity
  8
TEXT
 62
7
370
15
100
AcDbPolyline
 90
2
 70
0
 10
314.37650726673866
 20
239.3449999999999
 10
314.37650726673866
 20
234.1599999999999
  0
TEXT
  5
1E7
330
17
100
AcDbEntity
  8
TEXT
 62
7
100
AcDbText
 10
315.17650726673867
 20
237.0449999999999
 30
0.0
 40
1.3
  1
Ремонт
  7
GOST
 11
315.17650726673867
 21
237.0449999999999
 31
0.0
100
AcDbText
  0
LWPOLYLINE
  5
1E8
330
17
100
AcDbEntity
  8
TEXT
 62
7
370
15
100
AcDbPolyline
 90
2
 70
0
 10
324.11392581955073
 20
239.3449999999999
 10
324.11392581955073
 20
234.1599999999999
  0
TEXT
  5
1E9
330
17
100
AcDbEntity
  8
TEXT
 62
7
100
AcDbText
 10
324.91392581955074
 20
237.0449999999999
 30
0.0
 40
1.3
  1
Э13
  7
GOST
 11
324.91392581955074
 21
237.0449999999999
 31
0.0
100
AcDbText
  0
LWPOLYLINE
  5
1EA
330
17
100
AcDbEntity
  8
TEXT
 62
7
370
15
100
AcDbPolyline
 90
2
 70
0
 10
336.9092748302213
 20
239.3449999999999
 10
336.9092748302213
 20
234.1599999999999
  0
TEXT
  5
1EB
330
17
100
AcDbEntity
  8
TEXT
 62
7
100
AcDbText
 10
337.7092748302213
 20
237.0449999999999
 30
0.0
 40
1.3
  1
комбинирование в многопостовые рамки — по ЭО-02/ЭМ-01 при
  7
GOST
 11
337.7092748302213
 21
237.0449999999999
 31
0.0
100
AcDbText
  0
TEXT
  5
1EC
330
17
100
AcDbEntity
  8
TEXT
 62
7
100
AcDbText
 10
337.7092748302213
 20
235.1599999999999
 30
0.0
 40
1.3
  1
комплектации
  7
GOST
 11
337.7092748302213
 21
235.1599999999999
 31
0.0
100
AcDbText
  0
LWPOLYLINE
  5
1ED
330
17
100
AcDbEntity
  8
TEXT
 62
7
370
15
100
AcDbPolyline
 90
2
 70
0
 10
413.0
 20
239.3449999999999
 10
413.0
 20
234.1599999999999
  0
LWPOLYLINE
  5
1EE
330
17
100
AcDbEntity
  8
TEXT
 62
7
370
15
100
AcDbPolyline
 90
4
 70
1
 10
22.0
 20
230.8599999999999
 10
413.0
 20
230.8599999999999
 10
413.0
 20
234.1599999999999
 10
22.0
 20
234.1599999999999
  0
LWPOLYLINE
  5
1EF
330
17
100
AcDbEntity
  8
TEXT
 62
7
370
15
100
AcDbPolyline
 90
2
 70
0
 10
22.0
 20
234.1599999999999
 10
22.0
 20
230.8599999999999
  0
TEXT
  5
1F0
330
17
100
AcDbEntity
  8
TEXT
 62
7
100
AcDbText
 10
22.8
 20
231.8599999999999
 30
0.0
 40
1.3
  1
12
  7
GOST
 11
22.8
 21
231.8599999999999
 31
0.0
100
AcDbText
  0
LWPOLYLINE
  5
1F1
330
17
100
AcDbEntity
  8
TEXT
 62
7
370
15
100
AcDbPolyline
 90
2
 70
0
 10
27.844050068587105
 20
234.1599999999999
 10
27.844050068587105
 20
230.8599999999999
  0
TEXT
  5
1F2
330
17
100
AcDbEntity
  8
TEXT
 62
7
100
AcDbText
 10
28.644050068587106
 20
231.8599999999999
 30
0.0
 40
1.3
  1
Рамка 2-постовая
  7
GOST
 11
28.644050068587106
 21
231.8599999999999
 31
0.0
100
AcDbText
  0
LWPOLYLINE
  5
1F3
330
17
100
AcDbEntity
  8
TEXT
 62
7
370
15
100
AcDbPolyline
 90
2
 70
0
 10
120.68902750478262
 20
234.1599999999999
 10
120.68902750478262
 20
230.8599999999999
  0
TEXT
  5
1F4
330
17
100
AcDbEntity
  8
TEXT
 62
7
100
AcDbText
 10
121.48902750478261
 20
231.8599999999999
 30
0.0
 40
1.3
  1
ArtGallery, «молочный»
  7
GOST
 11
121.48902750478261
 21
231.8599999999999
 31
0.0
100
AcDbText
  0
LWPOLYLINE
  5
1F5
330
17
100
AcDbEntity
  8
TEXT
 62
7
370
15
100
AcDbPolyline
 90
2
 70
0
 10
150.15881638130642
 20
234.1599999999999
 10
150.15881638130642
 20
230.8599999999999
  0
TEXT
  5
1F6
330
17
100
AcDbEntity
  8
TEXT
 62
7
100
AcDbText
 10
150.95881638130643
 20
231.8599999999999
 30
0.0
 40
1.3
  1
Systeme Electric
  7
GOST
 11
150.95881638130643
 21
231.8599999999999
 31
0.0
100
AcDbText
  0
LWPOLYLINE
  5
1F7
330
17
100
AcDbEntity
  8
TEXT
 62
7
370
15
100
AcDbPolyline
 90
2
 70
0
 10
167.05938651162194
 20
234.1599999999999
 10
167.05938651162194
 20
230.8599999999999
  0
TEXT
  5
1F8
330
17
100
AcDbEntity
  8
TEXT
 62
7
100
AcDbText
 10
167.85938651162195
 20
231.8599999999999
 30
0.0
 40
1.3
  1
9
  7
GOST
 11
167.85938651162195
 21
231.8599999999999
 31
0.0
100
AcDbText
  0
LWPOLYLINE
  5
1F9
330
17
100
AcDbEntity
  8
TEXT
 62
7
370
15
100
AcDbPolyline
 90
2
 70
0
 10
175.33369206717748
 20
234.1599999999999
 10
175.33369206717748
 20
230.8599999999999
  0
TEXT
  5
1FA
330
17
100
AcDbEntity
  8
TEXT
 62
7
100
AcDbText
 10
176.1336920671775
 20
231.8599999999999
 30
0.0
 40
1.3
  1
шт
  7
GOST
 11
176.1336920671775
 21
231.8599999999999
 31
0.0
100
AcDbText
  0
LWPOLYLINE
  5
1FB
330
17
100
AcDbEntity
  8
TEXT
 62
7
370
15
100
AcDbPolyline
 90
2
 70
0
 10
180.15710170366583
 20
234.1599999999999
 10
180.15710170366583
 20
230.8599999999999
  0
TEXT
  5
1FC
330
17
100
AcDbEntity
  8
TEXT
 62
7
100
AcDbText
 10
180.95710170366584
 20
231.8599999999999
 30
0.0
 40
1.3
  1
520
  7
GOST
 11
180.95710170366584
 21
231.8599999999999
 31
0.0
100
AcDbText
  0
LWPOLYLINE
  5
1FD
330
17
100
AcDbEntity
  8
TEXT
 62
7
370
15
100
AcDbPolyline
 90
2
 70
0
 10
196.8618775045749
 20
234.1599999999999
 10
196.8618775045749
 20
230.8599999999999
  0
TEXT
  5
1FE
330
17
100
AcDbEntity
  8
TEXT
 62
7
100
AcDbText
 10
197.6618775045749
 20
231.8599999999999
 30
0.0
 40
1.3
  1
4 680
  7
GOST
 11
197.6618775045749
 21
231.8599999999999
 31
0.0
100
AcDbText
  0
LWPOLYLINE
  5
1FF
330
17
100
AcDbEntity
  8
TEXT
 62
7
370
15
100
AcDbPolyline
 90
2
 70
0
 10
207.15017816812875
 20
234.1599999999999
 10
207.15017816812875
 20
230.8599999999999
  0
TEXT
  5
200
330
17
100
AcDbEntity
  8
TEXT
 62
7
100
AcDbText
 10
207.95017816812876
 20
231.8599999999999
 30
0.0
 40
1.3
  1
все
  7
GOST
 11
207.95017816812876
 21
231.8599999999999
 31
0.0
100
AcDbText
  0
LWPOLYLINE
  5
201
330
17
100
AcDbEntity
  8
TEXT
 62
7
370
15
100
AcDbPolyline
 90
2
 70
0
 10
220.21784363452107
 20
234.1599999999999
 10
220.21784363452107
 20
230.8599999999999
  0
TEXT
  5
202
330
17
100
AcDbEntity
  8
TEXT
 62
7
100
AcDbText
 10
221.01784363452109
 20
231.8599999999999
 30
0.0
 40
1.3
  1
sockets «2P+PE×2»
  7
GOST
 11
221.01784363452109
 21
231.8599999999999
 31
0.0
100
AcDbText
  0
LWPOLYLINE
  5
203
330
17
100
AcDbEntity
  8
TEXT
 62
7
370
15
100
AcDbPolyline
 90
2
 70
0
 10
314.37650726673866
 20
234.1599999999999
 10
314.37650726673866
 20
230.8599999999999
  0
TEXT
  5
204
330
17
100
AcDbEntity
  8
TEXT
 62
7
100
AcDbText
 10
315.17650726673867
 20
231.8599999999999
 30
0.0
 40
1.3
  1
Ремонт
  7
GOST
 11
315.17650726673867
 21
231.8599999999999
 31
0.0
100
AcDbText
  0
LWPOLYLINE
  5
205
330
17
100
AcDbEntity
  8
TEXT
 62
7
370
15
100
AcDbPolyline
 90
2
 70
0
 10
324.11392581955073
 20
234.1599999999999
 10
324.11392581955073
 20
230.8599999999999
  0
TEXT
  5
206
330
17
100
AcDbEntity
  8
TEXT
 62
7
100
AcDbText
 10
324.91392581955074
 20
231.8599999999999
 30
0.0
 40
1.3
  1
Э13
  7
GOST
 11
324.91392581955074
 21
231.8599999999999
 31
0.0
100
AcDbText
  0
LWPOLYLINE
  5
207
330
17
100
AcDbEntity
  8
TEXT
 62
7
370
15
100
AcDbPolyline
 90
2
 70
0
 10
336.9092748302213
 20
234.1599999999999
 10
336.9092748302213
 20
230.8599999999999
  0
LWPOLYLINE
  5
208
330
17
100
AcDbEntity
  8
TEXT
 62
7
370
15
100
AcDbPolyline
 90
2
 70
0
 10
413.0
 20
234.1599999999999
 10
413.0
 20
230.8599999999999
  0
LWPOLYLINE
  5
209
330
17
100
AcDbEntity
  8
TEXT
 62
7
370
15
100
AcDbPolyline
 90
4
 70
1
 10
22.0
 20
225.6749999999999
 10
413.0
 20
225.6749999999999
 10
413.0
 20
230.8599999999999
 10
22.0
 20
230.8599999999999
  0
LWPOLYLINE
  5
20A
330
17
100
AcDbEntity
  8
TEXT
 62
7
370
15
100
AcDbPolyline
 90
2
 70
0
 10
22.0
 20
230.8599999999999
 10
22.0
 20
225.6749999999999
  0
TEXT
  5
20B
330
17
100
AcDbEntity
  8
TEXT
 62
7
100
AcDbText
 10
22.8
 20
228.5599999999999
 30
0.0
 40
1.3
  1
13
  7
GOST
 11
22.8
 21
228.5599999999999
 31
0.0
100
AcDbText
  0
LWPOLYLINE
  5
20C
330
17
100
AcDbEntity
  8
TEXT
 62
7
370
15
100
AcDbPolyline
 90
2
 70
0
 10
27.844050068587105
 20
230.8599999999999
 10
27.844050068587105
 20
225.6749999999999
  0
TEXT
  5
20D
330
17
100
AcDbEntity
  8
TEXT
 62
7
100
AcDbText
 10
28.644050068587106
 20
228.5599999999999
 30
0.0
 40
1.3
  1
Модуль Zigbee диммер/реле за клавишей или контроллер LED 24 В Zigbee (работает без
  7
GOST
 11
28.644050068587106
 21
228.5599999999999
 31
0.0
100
AcDbText
  0
TEXT
  5
20E
330
17
100
AcDbEntity
  8
TEXT
 62
7
100
AcDbText
 10
28.644050068587106
 20
226.6749999999999
 30
0.0
 40
1.3
  1
шлюза)
  7
GOST
 11
28.644050068587106
 21
226.6749999999999
 31
0.0
100
AcDbText
  0
LWPOLYLINE
  5
20F
330
17
100
AcDbEntity
  8
TEXT
 62
7
370
15
100
AcDbPolyline
 90
2
 70
0
 10
120.68902750478262
 20
230.8599999999999
 10
120.68902750478262
 20
225.6749999999999
  0
TEXT
  5
210
330
17
100
AcDbEntity
  8
TEXT
 62
7
100
AcDbText
 10
121.48902750478261
 20
228.5599999999999
 30
0.0
 40
1.3
  1
Aqara / Sonoff / Gledopto
  7
GOST
 11
121.48902750478261
 21
228.5599999999999
 31
0.0
100
AcDbText
  0
LWPOLYLINE
  5
211
330
17
100
AcDbEntity
  8
TEXT
 62
7
370
15
100
AcDbPolyline
 90
2
 70
0
 10
150.15881638130642
 20
230.8599999999999
 10
150.15881638130642
 20
225.6749999999999
  0
TEXT
  5
212
330
17
100
AcDbEntity
  8
TEXT
 62
7
100
AcDbText
 10
150.95881638130643
 20
228.5599999999999
 30
0.0
 40
1.3
  1
Aqara / Sonoff
  7
GOST
 11
150.95881638130643
 21
228.5599999999999
 31
0.0
100
AcDbText
  0
LWPOLYLINE
  5
213
330
17
100
AcDbEntity
  8
TEXT
 62
7
370
15
100
AcDbPolyline
 90
2
 70
0
 10
167.05938651162194
 20
230.8599999999999
 10
167.05938651162194
 20
225.6749999999999
  0
TEXT
  5
214
330
17
100
AcDbEntity
  8
TEXT
 62
7
100
AcDbText
 10
167.85938651162195
 20
228.5599999999999
 30
0.0
 40
1.3
  1
8
  7
GOST
 11
167.85938651162195
 21
228.5599999999999
 31
0.0
100
AcDbText
  0
LWPOLYLINE
  5
215
330
17
100
AcDbEntity
  8
TEXT
 62
7
370
15
100
AcDbPolyline
 90
2
 70
0
 10
175.33369206717748
 20
230.8599999999999
 10
175.33369206717748
 20
225.6749999999999
  0
TEXT
  5
216
330
17
100
AcDbEntity
  8
TEXT
 62
7
100
AcDbText
 10
176.1336920671775
 20
228.5599999999999
 30
0.0
 40
1.3
  1
шт
  7
GOST
 11
176.1336920671775
 21
228.5599999999999
 31
0.0
100
AcDbText
  0
LWPOLYLINE
  5
217
330
17
100
AcDbEntity
  8
TEXT
 62
7
370
15
100
AcDbPolyline
 90
2
 70
0
 10
180.15710170366583
 20
230.8599999999999
 10
180.15710170366583
 20
225.6749999999999
  0
TEXT
  5
218
330
17
100
AcDbEntity
  8
TEXT
 62
7
100
AcDbText
 10
180.95710170366584
 20
228.5599999999999
 30
0.0
 40
1.3
  1
3 500
  7
GOST
 11
180.95710170366584
 21
228.5599999999999
 31
0.0
100
AcDbText
  0
LWPOLYLINE
  5
219
330
17
100
AcDbEntity
  8
TEXT
 62
7
370
15
100
AcDbPolyline
 90
2
 70
0
 10
196.8618775045749
 20
230.8599999999999
 10
196.8618775045749
 20
225.6749999999999
  0
TEXT
  5
21A
330
17
100
AcDbEntity
  8
TEXT
 62
7
100
AcDbText
 10
197.6618775045749
 20
228.5599999999999
 30
0.0
 40
1.3
  1
28 000
  7
GOST
 11
197.6618775045749
 21
228.5599999999999
 31
0.0
100
AcDbText
  0
LWPOLYLINE
  5
21B
330
17
100
AcDbEntity
  8
TEXT
 62
7
370
15
100
AcDbPolyline
 90
2
 70
0
 10
207.15017816812875
 20
230.8599999999999
 10
207.15017816812875
 20
225.6749999999999
  0
TEXT
  5
21C
330
17
100
AcDbEntity
  8
TEXT
 62
7
100
AcDbText
 10
207.95017816812876
 20
228.5599999999999
 30
0.0
 40
1.3
  1
R2, R3, R7
  7
GOST
 11
207.95017816812876
 21
228.5599999999999
 31
0.0
100
AcDbText
  0
LWPOLYLINE
  5
21D
330
17
100
AcDbEntity
  8
TEXT
 62
7
370
15
100
AcDbPolyline
 90
2
 70
0
 10
220.21784363452107
 20
230.8599999999999
 10
220.21784363452107
 20
225.6749999999999
  0
TEXT
  5
21E
330
17
100
AcDbEntity
  8
TEXT
 62
7
100
AcDbText
 10
221.01784363452109
 20
228.5599999999999
 30
0.0
 40
1.3
  1
light_groups L1, L2, L3, L4, L5, L6, L7, L14; electrical.accepted.lighting_control
  7
GOST
 11
221.01784363452109
 21
228.5599999999999
 31
0.0
100
AcDbText
  0
LWPOLYLINE
  5
21F
330
17
100
AcDbEntity
  8
TEXT
 62
7
370
15
100
AcDbPolyline
 90
2
 70
0
 10
314.37650726673866
 20
230.8599999999999
 10
314.37650726673866
 20
225.6749999999999
  0
TEXT
  5
220
330
17
100
AcDbEntity
  8
TEXT
 62
7
100
AcDbText
 10
315.17650726673867
 20
228.5599999999999
 30
0.0
 40
1.3
  1
Ремонт
  7
GOST
 11
315.17650726673867
 21
228.5599999999999
 31
0.0
100
AcDbText
  0
LWPOLYLINE
  5
221
330
17
100
AcDbEntity
  8
TEXT
 62
7
370
15
100
AcDbPolyline
 90
2
 70
0
 10
324.11392581955073
 20
230.8599999999999
 10
324.11392581955073
 20
225.6749999999999
  0
TEXT
  5
222
330
17
100
AcDbEntity
  8
TEXT
 62
7
100
AcDbText
 10
324.91392581955074
 20
228.5599999999999
 30
0.0
 40
1.3
  1
Э13
  7
GOST
 11
324.91392581955074
 21
228.5599999999999
 31
0.0
100
AcDbText
  0
LWPOLYLINE
  5
223
330
17
100
AcDbEntity
  8
TEXT
 62
7
370
15
100
AcDbPolyline
 90
2
 70
0
 10
336.9092748302213
 20
230.8599999999999
 10
336.9092748302213
 20
225.6749999999999
  0
LWPOLYLINE
  5
224
330
17
100
AcDbEntity
  8
TEXT
 62
7
370
15
100
AcDbPolyline
 90
2
 70
0
 10
413.0
 20
230.8599999999999
 10
413.0
 20
225.6749999999999
  0
LWPOLYLINE
  5
225
330
17
100
AcDbEntity
  8
TEXT
 62
7
370
15
100
AcDbPolyline
 90
4
 70
1
 10
22.0
 20
222.3749999999999
 10
413.0
 20
222.3749999999999
 10
413.0
 20
225.6749999999999
 10
22.0
 20
225.6749999999999
  0
LWPOLYLINE
  5
226
330
17
100
AcDbEntity
  8
TEXT
 62
7
370
15
100
AcDbPolyline
 90
2
 70
0
 10
22.0
 20
225.6749999999999
 10
22.0
 20
222.3749999999999
  0
TEXT
  5
227
330
17
100
AcDbEntity
  8
TEXT
 62
7
100
AcDbText
 10
22.8
 20
223.3749999999999
 30
0.0
 40
1.3
  1
14
  7
GOST
 11
22.8
 21
223.3749999999999
 31
0.0
100
AcDbText
  0
LWPOLYLINE
  5
228
330
17
100
AcDbEntity
  8
TEXT
 62
7
370
15
100
AcDbPolyline
 90
2
 70
0
 10
27.844050068587105
 20
225.6749999999999
 10
27.844050068587105
 20
222.3749999999999
  0
TEXT
  5
229
330
17
100
AcDbEntity
  8
TEXT
 62
7
100
AcDbText
 10
28.644050068587106
 20
223.3749999999999
 30
0.0
 40
1.3
  1
Подрозетник (кирпич/ГКЛ), с шаблоном
  7
GOST
 11
28.644050068587106
 21
223.3749999999999
 31
0.0
100
AcDbText
  0
LWPOLYLINE
  5
22A
330
17
100
AcDbEntity
  8
TEXT
 62
7
370
15
100
AcDbPolyline
 90
2
 70
0
 10
120.68902750478262
 20
225.6749999999999
 10
120.68902750478262
 20
222.3749999999999
  0
TEXT
  5
22B
330
17
100
AcDbEntity
  8
TEXT
 62
7
100
AcDbText
 10
121.48902750478261
 20
223.3749999999999
 30
0.0
 40
1.3
  1
Hegel / Schneider
  7
GOST
 11
121.48902750478261
 21
223.3749999999999
 31
0.0
100
AcDbText
  0
LWPOLYLINE
  5
22C
330
17
100
AcDbEntity
  8
TEXT
 62
7
370
15
100
AcDbPolyline
 90
2
 70
0
 10
150.15881638130642
 20
225.6749999999999
 10
150.15881638130642
 20
222.3749999999999
  0
TEXT
  5
22D
330
17
100
AcDbEntity
  8
TEXT
 62
7
100
AcDbText
 10
150.95881638130643
 20
223.3749999999999
 30
0.0
 40
1.3
  1
Hegel
  7
GOST
 11
150.95881638130643
 21
223.3749999999999
 31
0.0
100
AcDbText
  0
LWPOLYLINE
  5
22E
330
17
100
AcDbEntity
  8
TEXT
 62
7
370
15
100
AcDbPolyline
 90
2
 70
0
 10
167.05938651162194
 20
225.6749999999999
 10
167.05938651162194
 20
222.3749999999999
  0
TEXT
  5
22F
330
17
100
AcDbEntity
  8
TEXT
 62
7
100
AcDbText
 10
167.85938651162195
 20
223.3749999999999
 30
0.0
 40
1.3
  1
87
  7
GOST
 11
167.85938651162195
 21
223.3749999999999
 31
0.0
100
AcDbText
  0
LWPOLYLINE
  5
230
330
17
100
AcDbEntity
  8
TEXT
 62
7
370
15
100
AcDbPolyline
 90
2
 70
0
 10
175.33369206717748
 20
225.6749999999999
 10
175.33369206717748
 20
222.3749999999999
  0
TEXT
  5
231
330
17
100
AcDbEntity
  8
TEXT
 62
7
100
AcDbText
 10
176.1336920671775
 20
223.3749999999999
 30
0.0
 40
1.3
  1
шт
  7
GOST
 11
176.1336920671775
 21
223.3749999999999
 31
0.0
100
AcDbText
  0
LWPOLYLINE
  5
232
330
17
100
AcDbEntity
  8
TEXT
 62
7
370
15
100
AcDbPolyline
 90
2
 70
0
 10
180.15710170366583
 20
225.6749999999999
 10
180.15710170366583
 20
222.3749999999999
  0
TEXT
  5
233
330
17
100
AcDbEntity
  8
TEXT
 62
7
100
AcDbText
 10
180.95710170366584
 20
223.3749999999999
 30
0.0
 40
1.3
  1
90
  7
GOST
 11
180.95710170366584
 21
223.3749999999999
 31
0.0
100
AcDbText
  0
LWPOLYLINE
  5
234
330
17
100
AcDbEntity
  8
TEXT
 62
7
370
15
100
AcDbPolyline
 90
2
 70
0
 10
196.8618775045749
 20
225.6749999999999
 10
196.8618775045749
 20
222.3749999999999
  0
TEXT
  5
235
330
17
100
AcDbEntity
  8
TEXT
 62
7
100
AcDbText
 10
197.6618775045749
 20
223.3749999999999
 30
0.0
 40
1.3
  1
7 830
  7
GOST
 11
197.6618775045749
 21
223.3749999999999
 31
0.0
100
AcDbText
  0
LWPOLYLINE
  5
236
330
17
100
AcDbEntity
  8
TEXT
 62
7
370
15
100
AcDbPolyline
 90
2
 70
0
 10
207.15017816812875
 20
225.6749999999999
 10
207.15017816812875
 20
222.3749999999999
  0
TEXT
  5
237
330
17
100
AcDbEntity
  8
TEXT
 62
7
100
AcDbText
 10
207.95017816812876
 20
223.3749999999999
 30
0.0
 40
1.3
  1
все
  7
GOST
 11
207.95017816812876
 21
223.3749999999999
 31
0.0
100
AcDbText
  0
LWPOLYLINE
  5
238
330
17
100
AcDbEntity
  8
TEXT
 62
7
370
15
100
AcDbPolyline
 90
2
 70
0
 10
220.21784363452107
 20
225.6749999999999
 10
220.21784363452107
 20
222.3749999999999
  0
TEXT
  5
239
330
17
100
AcDbEntity
  8
TEXT
 62
7
100
AcDbText
 10
221.01784363452109
 20
223.3749999999999
 30
0.0
 40
1.3
  1
посты sockets + switches
  7
GOST
 11
221.01784363452109
 21
223.3749999999999
 31
0.0
100
AcDbText
  0
LWPOLYLINE
  5
23A
330
17
100
AcDbEntity
  8
TEXT
 62
7
370
15
100
AcDbPolyline
 90
2
 70
0
 10
314.37650726673866
 20
225.6749999999999
 10
314.37650726673866
 20
222.3749999999999
  0
TEXT
  5
23B
330
17
100
AcDbEntity
  8
TEXT
 62
7
100
AcDbText
 10
315.17650726673867
 20
223.3749999999999
 30
0.0
 40
1.3
  1
Ремонт
  7
GOST
 11
315.17650726673867
 21
223.3749999999999
 31
0.0
100
AcDbText
  0
LWPOLYLINE
  5
23C
330
17
100
AcDbEntity
  8
TEXT
 62
7
370
15
100
AcDbPolyline
 90
2
 70
0
 10
324.11392581955073
 20
225.6749999999999
 10
324.11392581955073
 20
222.3749999999999
  0
TEXT
  5
23D
330
17
100
AcDbEntity
  8
TEXT
 62
7
100
AcDbText
 10
324.91392581955074
 20
223.3749999999999
 30
0.0
 40
1.3
  1
Э04
  7
GOST
 11
324.91392581955074
 21
223.3749999999999
 31
0.0
100
AcDbText
  0
LWPOLYLINE
  5
23E
330
17
100
AcDbEntity
  8
TEXT
 62
7
370
15
100
AcDbPolyline
 90
2
 70
0
 10
336.9092748302213
 20
225.6749999999999
 10
336.9092748302213
 20
222.3749999999999
  0
LWPOLYLINE
  5
23F
330
17
100
AcDbEntity
  8
TEXT
 62
7
370
15
100
AcDbPolyline
 90
2
 70
0
 10
413.0
 20
225.6749999999999
 10
413.0
 20
222.3749999999999
  0
LWPOLYLINE
  5
240
330
17
100
AcDbEntity
  8
TEXT
 62
7
370
35
100
AcDbPolyline
 90
4
 70
1
 10
22.0
 20
222.3749999999999
 10
413.0
 20
222.3749999999999
 10
413.0
 20
281.3
 10
22.0
 20
281.3
  0
TEXT
  5
241
330
17
100
AcDbEntity
  8
TEXT
 62
7
100
AcDbText
 10
22.0
 20
216.97500000000002
 30
0.0
 40
1.4000000000000001
  1
Итого по спецификации: 116 320 ₽ — бюджет «Ремонт».
  7
GOST
 11
22.0
 21
216.97500000000002
 31
0.0
100
AcDbText
  0
TEXT
  5
242
330
17
100
AcDbEntity
  8
TEXT
 62
7
100
AcDbText
 10
22.0
 20
210.37500000000003
 30
0.0
 40
1.4000000000000001
  1
Сводный файл с формулами: 04-specs/specifications.xlsx. Генератор: tools/gen_specs.py.
  7
GOST
 11
22.0
 21
210.37500000000003
 31
0.0
100
AcDbText
  0
TEXT
  5
243
330
17
100
AcDbEntity
  8
TEXT
 62
7
100
AcDbText
 10
22.0
 20
203.67500000000004
 30
0.0
 40
1.5
  1
Источник: 04-specs/spec-panel-cable.md
  7
GOST
 11
22.0
 21
203.67500000000004
 31
0.0
100
AcDbText
  0
TEXT
  5
244
330
17
100
AcDbEntity
  8
TEXT
 62
7
100
AcDbText
 10
22.0
 20
195.82500000000005
 30
0.0
 40
2.6
  1
СП-03.3. Щит ЭМ-03 и кабельная продукция
  7
GOST
 11
22.0
 21
195.82500000000005
 31
0.0
100
AcDbText
  0
TEXT
  5
245
330
17
100
AcDbEntity
  8
TEXT
 62
7
100
AcDbText
 10
22.0
 20
187.77500000000003
 30
0.0
 40
1.4000000000000001
  1
Источник: 03-drawings/panel.json (ЭМ-03), 04-specs/panel.md. Кабель — по длинам групп panel.json + 15 %. Бюджет «Ремонт».
  7
GOST
 11
22.0
 21
187.77500000000003
 31
0.0
100
AcDbText
  0
TEXT
  5
246
330
17
100
AcDbEntity
  8
TEXT
 62
7
100
AcDbText
 10
22.0
 20
181.17500000000004
 30
0.0
 40
1.4000000000000001
  1
Цены — ориентировочные для Санкт-Петербурга на 10.2026 (средний сегмент, розница/подрядчики), не являются офертой и подлежат проверке у поставщиков перед закупкой. Материалы — по диапазонам 02-concept/materials.json (price_ref) с поправкой на рост цен 1-го полугодия 2026 (INFOline: плитка +17 %, электрика +15 %, ЛКМ +10 %, напольные +10,5 %); расценки
  7
GOST
 11
22.0
 21
181.17500000000004
 31
0.0
100
AcDbText
  0
TEXT
  5
247
330
17
100
AcDbEntity
  8
TEXT
 62
7
100
AcDbText
 10
22.0
 20
179.07500000000005
 30
0.0
 40
1.4000000000000001
  1
работ — калибровка по открытым прайсам СПб (поиск 2026-10-08, источники в 05-estimate/estimate.md).
  7
GOST
 11
22.0
 21
179.07500000000005
 31
0.0
100
AcDbText
  0
HATCH
  5
248
330
17
100
AcDbEntity
  8
TEXT
 62
7
420
15132390
100
AcDbHatch
 10
0.0
 20
0.0
 30
0.0
210
0.0
220
0.0
230
1.0
  2
SOLID
 70
1
 71
0
 91
1
 92
3
 72
0
 73
1
 93
4
 10
22.0
 20
168.69000000000005
 10
413.0000000000001
 20
168.69000000000005
 10
413.0000000000001
 20
173.87500000000006
 10
22.0
 20
173.87500000000006
 97
0
 75
1
 76
1
 98
0
  0
LWPOLYLINE
  5
249
330
17
100
AcDbEntity
  8
TEXT
 62
7
370
25
100
AcDbPolyline
 90
4
 70
1
 10
22.0
 20
168.69000000000005
 10
413.0000000000001
 20
168.69000000000005
 10
413.0000000000001
 20
173.87500000000006
 10
22.0
 20
173.87500000000006
  0
LWPOLYLINE
  5
24A
330
17
100
AcDbEntity
  8
TEXT
 62
7
370
15
100
AcDbPolyline
 90
2
 70
0
 10
22.0
 20
173.87500000000006
 10
22.0
 20
168.69000000000005
  0
TEXT
  5
24B
330
17
100
AcDbEntity
  8
TEXT
 62
7
100
AcDbText
 10
22.8
 20
171.57500000000005
 30
0.0
 40
1.3
  1
Поз
  7
GOST
 11
22.8
 21
171.57500000000005
 31
0.0
100
AcDbText
  0
TEXT
  5
24C
330
17
100
AcDbEntity
  8
TEXT
 62
7
100
AcDbText
 10
22.8
 20
169.69000000000005
 30
0.0
 40
1.3
  1
.
  7
GOST
 11
22.8
 21
169.69000000000005
 31
0.0
100
AcDbText
  0
LWPOLYLINE
  5
24D
330
17
100
AcDbEntity
  8
TEXT
 62
7
370
15
100
AcDbPolyline
 90
2
 70
0
 10
27.899281976832174
 20
173.87500000000006
 10
27.899281976832174
 20
168.69000000000005
  0
TEXT
  5
24E
330
17
100
AcDbEntity
  8
TEXT
 62
7
100
AcDbText
 10
28.699281976832175
 20
171.57500000000005
 30
0.0
 40
1.3
  1
Наименование
  7
GOST
 11
28.699281976832175
 21
171.57500000000005
 31
0.0
100
AcDbText
  0
LWPOLYLINE
  5
24F
330
17
100
AcDbEntity
  8
TEXT
 62
7
370
15
100
AcDbPolyline
 90
2
 70
0
 10
116.20573038476013
 20
173.87500000000006
 10
116.20573038476013
 20
168.69000000000005
  0
TEXT
  5
250
330
17
100
AcDbEntity
  8
TEXT
 62
7
100
AcDbText
 10
117.00573038476013
 20
171.57500000000005
 30
0.0
 40
1.3
  1
Артикул / пример
  7
GOST
 11
117.00573038476013
 21
171.57500000000005
 31
0.0
100
AcDbText
  0
LWPOLYLINE
  5
251
330
17
100
AcDbEntity
  8
TEXT
 62
7
370
15
100
AcDbPolyline
 90
2
 70
0
 10
180.803214207672
 20
173.87500000000006
 10
180.803214207672
 20
168.69000000000005
  0
TEXT
  5
252
330
17
100
AcDbEntity
  8
TEXT
 62
7
100
AcDbText
 10
181.603214207672
 20
171.57500000000005
 30
0.0
 40
1.3
  1
Производитель
  7
GOST
 11
181.603214207672
 21
171.57500000000005
 31
0.0
100
AcDbText
  0
LWPOLYLINE
  5
253
330
17
100
AcDbEntity
  8
TEXT
 62
7
370
15
100
AcDbPolyline
 90
2
 70
0
 10
215.7144968257277
 20
173.87500000000006
 10
215.7144968257277
 20
168.69000000000005
  0
TEXT
  5
254
330
17
100
AcDbEntity
  8
TEXT
 62
7
100
AcDbText
 10
216.51449682572772
 20
171.57500000000005
 30
0.0
 40
1.3
  1
Кол-в
  7
GOST
 11
216.51449682572772
 21
171.57500000000005
 31
0.0
100
AcDbText
  0
TEXT
  5
255
330
17
100
AcDbEntity
  8
TEXT
 62
7
100
AcDbText
 10
216.51449682572772
 20
169.69000000000005
 30
0.0
 40
1.3
  1
о
  7
GOST
 11
216.51449682572772
 21
169.69000000000005
 31
0.0
100
AcDbText
  0
LWPOLYLINE
  5
256
330
17
100
AcDbEntity
  8
TEXT
 62
7
370
15
100
AcDbPolyline
 90
2
 70
0
 10
224.06700254724225
 20
173.87500000000006
 10
224.06700254724225
 20
168.69000000000005
  0
TEXT
  5
257
330
17
100
AcDbEntity
  8
TEXT
 62
7
100
AcDbText
 10
224.86700254724227
 20
171.57500000000005
 30
0.0
 40
1.3
  1
Ед.
  7
GOST
 11
224.86700254724227
 21
171.57500000000005
 31
0.0
100
AcDbText
  0
LWPOLYLINE
  5
258
330
17
100
AcDbEntity
  8
TEXT
 62
7
370
15
100
AcDbPolyline
 90
2
 70
0
 10
231.9005679100158
 20
173.87500000000006
 10
231.9005679100158
 20
168.69000000000005
  0
TEXT
  5
259
330
17
100
AcDbEntity
  8
TEXT
 62
7
100
AcDbText
 10
232.70056791001582
 20
171.57500000000005
 30
0.0
 40
1.3
  1
Цена ориент.,
  7
GOST
 11
232.70056791001582
 21
171.57500000000005
 31
0.0
100
AcDbText
  0
TEXT
  5
25A
330
17
100
AcDbEntity
  8
TEXT
 62
7
100
AcDbText
 10
232.70056791001582
 20
169.69000000000005
 30
0.0
 40
1.3
  1
₽
  7
GOST
 11
232.70056791001582
 21
169.69000000000005
 31
0.0
100
AcDbText
  0
LWPOLYLINE
  5
25B
330
17
100
AcDbEntity
  8
TEXT
 62
7
370
15
100
AcDbPolyline
 90
2
 70
0
 10
248.91389288700609
 20
173.87500000000006
 10
248.91389288700609
 20
168.69000000000005
  0
TEXT
  5
25C
330
17
100
AcDbEntity
  8
TEXT
 62
7
100
AcDbText
 10
249.7138928870061
 20
171.57500000000005
 30
0.0
 40
1.3
  1
Сумма,
  7
GOST
 11
249.7138928870061
 21
171.57500000000005
 31
0.0
100
AcDbText
  0
TEXT
  5
25D
330
17
100
AcDbEntity
  8
TEXT
 62
7
100
AcDbText
 10
249.7138928870061
 20
169.69000000000005
 30
0.0
 40
1.3
  1
₽
  7
GOST
 11
249.7138928870061
 21
169.69000000000005
 31
0.0
100
AcDbText
  0
LWPOLYLINE
  5
25E
330
17
100
AcDbEntity
  8
TEXT
 62
7
370
15
100
AcDbPolyline
 90
2
 70
0
 10
259.3922258341924
 20
173.87500000000006
 10
259.3922258341924
 20
168.69000000000005
  0
TEXT
  5
25F
330
17
100
AcDbEntity
  8
TEXT
 62
7
100
AcDbText
 10
260.1922258341924
 20
171.57500000000005
 30
0.0
 40
1.3
  1
Помещени
  7
GOST
 11
260.1922258341924
 21
171.57500000000005
 31
0.0
100
AcDbText
  0
TEXT
  5
260
330
17
100
AcDbEntity
  8
TEXT
 62
7
100
AcDbText
 10
260.1922258341924
 20
169.69000000000005
 30
0.0
 40
1.3
  1
е
  7
GOST
 11
260.1922258341924
 21
169.69000000000005
 31
0.0
100
AcDbText
  0
LWPOLYLINE
  5
261
330
17
100
AcDbEntity
  8
TEXT
 62
7
370
15
100
AcDbPolyline
 90
2
 70
0
 10
272.5833933396751
 20
173.87500000000006
 10
272.5833933396751
 20
168.69000000000005
  0
TEXT
  5
262
330
17
100
AcDbEntity
  8
TEXT
 62
7
100
AcDbText
 10
273.38339333967514
 20
171.57500000000005
 30
0.0
 40
1.3
  1
Ссылка (лист / id)
  7
GOST
 11
273.38339333967514
 21
171.57500000000005
 31
0.0
100
AcDbText
  0
LWPOLYLINE
  5
263
330
17
100
AcDbEntity
  8
TEXT
 62
7
370
15
100
AcDbPolyline
 90
2
 70
0
 10
368.48123494296414
 20
173.87500000000006
 10
368.48123494296414
 20
168.69000000000005
  0
TEXT
  5
264
330
17
100
AcDbEntity
  8
TEXT
 62
7
100
AcDbText
 10
369.28123494296415
 20
171.57500000000005
 30
0.0
 40
1.3
  1
Бюдже
  7
GOST
 11
369.28123494296415
 21
171.57500000000005
 31
0.0
100
AcDbText
  0
TEXT
  5
265
330
17
100
AcDbEntity
  8
TEXT
 62
7
100
AcDbText
 10
369.28123494296415
 20
169.69000000000005
 30
0.0
 40
1.3
  1
т
  7
GOST
 11
369.28123494296415
 21
169.69000000000005
 31
0.0
100
AcDbText
  0
LWPOLYLINE
  5
266
330
17
100
AcDbEntity
  8
TEXT
 62
7
370
15
100
AcDbPolyline
 90
2
 70
0
 10
378.3106814903589
 20
173.87500000000006
 10
378.3106814903589
 20
168.69000000000005
  0
TEXT
  5
267
330
17
100
AcDbEntity
  8
TEXT
 62
7
100
AcDbText
 10
379.1106814903589
 20
171.57500000000005
 30
0.0
 40
1.3
  1
Этап
  7
GOST
 11
379.1106814903589
 21
171.57500000000005
 31
0.0
100
AcDbText
  0
TEXT
  5
268
330
17
100
AcDbEntity
  8
TEXT
 62
7
100
AcDbText
 10
379.1106814903589
 20
169.69000000000005
 30
0.0
 40
1.3
  1
сметы
  7
GOST
 11
379.1106814903589
 21
169.69000000000005
 31
0.0
100
AcDbText
  0
LWPOLYLINE
  5
269
330
17
100
AcDbEntity
  8
TEXT
 62
7
370
15
100
AcDbPolyline
 90
2
 70
0
 10
391.3423697636432
 20
173.87500000000006
 10
391.3423697636432
 20
168.69000000000005
  0
TEXT
  5
26A
330
17
100
AcDbEntity
  8
TEXT
 62
7
100
AcDbText
 10
392.1423697636432
 20
171.57500000000005
 30
0.0
 40
1.3
  1
Примечание
  7
GOST
 11
392.1423697636432
 21
171.57500000000005
 31
0.0
100
AcDbText
  0
LWPOLYLINE
  5
26B
330
17
100
AcDbEntity
  8
TEXT
 62
7
370
15
100
AcDbPolyline
 90
2
 70
0
 10
413.00000000000006
 20
173.87500000000006
 10
413.00000000000006
 20
168.69000000000005
  0
LWPOLYLINE
  5
26C
330
17
100
AcDbEntity
  8
TEXT
 62
7
370
15
100
AcDbPolyline
 90
4
 70
1
 10
22.0
 20
165.39000000000004
 10
413.0000000000001
 20
165.39000000000004
 10
413.0000000000001
 20
168.69000000000005
 10
22.0
 20
168.69000000000005
  0
LWPOLYLINE
  5
26D
330
17
100
AcDbEntity
  8
TEXT
 62
7
370
15
100
AcDbPolyline
 90
2
 70
0
 10
22.0
 20
168.69000000000005
 10
22.0
 20
165.39000000000004
  0
TEXT
  5
26E
330
17
100
AcDbEntity
  8
TEXT
 62
7
100
AcDbText
 10
22.8
 20
166.39000000000004
 30
0.0
 40
1.3
  1
1
  7
GOST
 11
22.8
 21
166.39000000000004
 31
0.0
100
AcDbText
  0
LWPOLYLINE
  5
26F
330
17
100
AcDbEntity
  8
TEXT
 62
7
370
15
100
AcDbPolyline
 90
2
 70
0
 10
27.899281976832174
 20
168.69000000000005
 10
27.899281976832174
 20
165.39000000000004
  0
TEXT
  5
270
330
17
100
AcDbEntity
  8
TEXT
 62
7
100
AcDbText
 10
28.699281976832175
 20
166.39000000000004
 30
0.0
 40
1.3
  1
Щит ЩРН-48 (4×12 модулей) накладной/полувстраиваемый IP31
  7
GOST
 11
28.699281976832175
 21
166.39000000000004
 31
0.0
100
AcDbText
  0
LWPOLYLINE
  5
271
330
17
100
AcDbEntity
  8
TEXT
 62
7
370
15
100
AcDbPolyline
 90
2
 70
0
 10
116.20573038476013
 20
168.69000000000005
 10
116.20573038476013
 20
165.39000000000004
  0
TEXT
  5
272
330
17
100
AcDbEntity
  8
TEXT
 62
7
100
AcDbText
 10
117.00573038476013
 20
166.39000000000004
 30
0.0
 40
1.3
  1
Hager Volta / Schneider Mini Pragma
  7
GOST
 11
117.00573038476013
 21
166.39000000000004
 31
0.0
100
AcDbText
  0
LWPOLYLINE
  5
273
330
17
100
AcDbEntity
  8
TEXT
 62
7
370
15
100
AcDbPolyline
 90
2
 70
0
 10
180.803214207672
 20
168.69000000000005
 10
180.803214207672
 20
165.39000000000004
  0
TEXT
  5
274
330
17
100
AcDbEntity
  8
TEXT
 62
7
100
AcDbText
 10
181.603214207672
 20
166.39000000000004
 30
0.0
 40
1.3
  1
Hager / Schneider
  7
GOST
 11
181.603214207672
 21
166.39000000000004
 31
0.0
100
AcDbText
  0
LWPOLYLINE
  5
275
330
17
100
AcDbEntity
  8
TEXT
 62
7
370
15
100
AcDbPolyline
 90
2
 70
0
 10
215.7144968257277
 20
168.69000000000005
 10
215.7144968257277
 20
165.39000000000004
  0
TEXT
  5
276
330
17
100
AcDbEntity
  8
TEXT
 62
7
100
AcDbText
 10
216.51449682572772
 20
166.39000000000004
 30
0.0
 40
1.3
  1
1
  7
GOST
 11
216.51449682572772
 21
166.39000000000004
 31
0.0
100
AcDbText
  0
LWPOLYLINE
  5
277
330
17
100
AcDbEntity
  8
TEXT
 62
7
370
15
100
AcDbPolyline
 90
2
 70
0
 10
224.06700254724225
 20
168.69000000000005
 10
224.06700254724225
 20
165.39000000000004
  0
TEXT
  5
278
330
17
100
AcDbEntity
  8
TEXT
 62
7
100
AcDbText
 10
224.86700254724227
 20
166.39000000000004
 30
0.0
 40
1.3
  1
шт
  7
GOST
 11
224.86700254724227
 21
166.39000000000004
 31
0.0
100
AcDbText
  0
LWPOLYLINE
  5
279
330
17
100
AcDbEntity
  8
TEXT
 62
7
370
15
100
AcDbPolyline
 90
2
 70
0
 10
231.9005679100158
 20
168.69000000000005
 10
231.9005679100158
 20
165.39000000000004
  0
TEXT
  5
27A
330
17
100
AcDbEntity
  8
TEXT
 62
7
100
AcDbText
 10
232.70056791001582
 20
166.39000000000004
 30
0.0
 40
1.3
  1
7 500
  7
GOST
 11
232.70056791001582
 21
166.39000000000004
 31
0.0
100
AcDbText
  0
LWPOLYLINE
  5
27B
330
17
100
AcDbEntity
  8
TEXT
 62
7
370
15
100
AcDbPolyline
 90
2
 70
0
 10
248.91389288700609
 20
168.69000000000005
 10
248.91389288700609
 20
165.39000000000004
  0
TEXT
  5
27C
330
17
100
AcDbEntity
  8
TEXT
 62
7
100
AcDbText
 10
249.7138928870061
 20
166.39000000000004
 30
0.0
 40
1.3
  1
7 500
  7
GOST
 11
249.7138928870061
 21
166.39000000000004
 31
0.0
100
AcDbText
  0
LWPOLYLINE
  5
27D
330
17
100
AcDbEntity
  8
TEXT
 62
7
370
15
100
AcDbPolyline
 90
2
 70
0
 10
259.3922258341924
 20
168.69000000000005
 10
259.3922258341924
 20
165.39000000000004
  0
TEXT
  5
27E
330
17
100
AcDbEntity
  8
TEXT
 62
7
100
AcDbText
 10
260.1922258341924
 20
166.39000000000004
 30
0.0
 40
1.3
  1
R4
  7
GOST
 11
260.1922258341924
 21
166.39000000000004
 31
0.0
100
AcDbText
  0
LWPOLYLINE
  5
27F
330
17
100
AcDbEntity
  8
TEXT
 62
7
370
15
100
AcDbPolyline
 90
2
 70
0
 10
272.5833933396751
 20
168.69000000000005
 10
272.5833933396751
 20
165.39000000000004
  0
TEXT
  5
280
330
17
100
AcDbEntity
  8
TEXT
 62
7
100
AcDbText
 10
273.38339333967514
 20
166.39000000000004
 30
0.0
 40
1.3
  1
U15; panel.json panel; ЭМ-03
  7
GOST
 11
273.38339333967514
 21
166.39000000000004
 31
0.0
100
AcDbText
  0
LWPOLYLINE
  5
281
330
17
100
AcDbEntity
  8
TEXT
 62
7
370
15
100
AcDbPolyline
 90
2
 70
0
 10
368.48123494296414
 20
168.69000000000005
 10
368.48123494296414
 20
165.39000000000004
  0
TEXT
  5
282
330
17
100
AcDbEntity
  8
TEXT
 62
7
100
AcDbText
 10
369.28123494296415
 20
166.39000000000004
 30
0.0
 40
1.3
  1
Ремонт
  7
GOST
 11
369.28123494296415
 21
166.39000000000004
 31
0.0
100
AcDbText
  0
LWPOLYLINE
  5
283
330
17
100
AcDbEntity
  8
TEXT
 62
7
370
15
100
AcDbPolyline
 90
2
 70
0
 10
378.3106814903589
 20
168.69000000000005
 10
378.3106814903589
 20
165.39000000000004
  0
TEXT
  5
284
330
17
100
AcDbEntity
  8
TEXT
 62
7
100
AcDbText
 10
379.1106814903589
 20
166.39000000000004
 30
0.0
 40
1.3
  1
Э04
  7
GOST
 11
379.1106814903589
 21
166.39000000000004
 31
0.0
100
AcDbText
  0
LWPOLYLINE
  5
285
330
17
100
AcDbEntity
  8
TEXT
 62
7
370
15
100
AcDbPolyline
 90
2
 70
0
 10
391.3423697636432
 20
168.69000000000005
 10
391.3423697636432
 20
165.39000000000004
  0
TEXT
  5
286
330
17
100
AcDbEntity
  8
TEXT
 62
7
100
AcDbText
 10
392.1423697636432
 20
166.39000000000004
 30
0.0
 40
1.3
  1
занято 32 из 48 мод.
  7
GOST
 11
392.1423697636432
 21
166.39000000000004
 31
0.0
100
AcDbText
  0
LWPOLYLINE
  5
287
330
17
100
AcDbEntity
  8
TEXT
 62
7
370
15
100
AcDbPolyline
 90
2
 70
0
 10
413.00000000000006
 20
168.69000000000005
 10
413.00000000000006
 20
165.39000000000004
  0
LWPOLYLINE
  5
288
330
17
100
AcDbEntity
  8
TEXT
 62
7
370
15
100
AcDbPolyline
 90
4
 70
1
 10
22.0
 20
162.09000000000003
 10
413.0000000000001
 20
162.09000000000003
 10
413.0000000000001
 20
165.39000000000004
 10
22.0
 20
165.39000000000004
  0
LWPOLYLINE
  5
289
330
17
100
AcDbEntity
  8
TEXT
 62
7
370
15
100
AcDbPolyline
 90
2
 70
0
 10
22.0
 20
165.39000000000004
 10
22.0
 20
162.09000000000003
  0
TEXT
  5
28A
330
17
100
AcDbEntity
  8
TEXT
 62
7
100
AcDbText
 10
22.8
 20
163.09000000000003
 30
0.0
 40
1.3
  1
2
  7
GOST
 11
22.8
 21
163.09000000000003
 31
0.0
100
AcDbText
  0
LWPOLYLINE
  5
28B
330
17
100
AcDbEntity
  8
TEXT
 62
7
370
15
100
AcDbPolyline
 90
2
 70
0
 10
27.899281976832174
 20
165.39000000000004
 10
27.899281976832174
 20
162.09000000000003
  0
TEXT
  5
28C
330
17
100
AcDbEntity
  8
TEXT
 62
7
100
AcDbText
 10
28.699281976832175
 20
163.09000000000003
 30
0.0
 40
1.3
  1
Автомат вводной 2P C63 6 кА
  7
GOST
 11
28.699281976832175
 21
163.09000000000003
 31
0.0
100
AcDbText
  0
LWPOLYLINE
  5
28D
330
17
100
AcDbEntity
  8
TEXT
 62
7
370
15
100
AcDbPolyline
 90
2
 70
0
 10
116.20573038476013
 20
165.39000000000004
 10
116.20573038476013
 20
162.09000000000003
  0
TEXT
  5
28E
330
17
100
AcDbEntity
  8
TEXT
 62
7
100
AcDbText
 10
117.00573038476013
 20
163.09000000000003
 30
0.0
 40
1.3
  1
вводной автомат 2P C63, 6 кА (при выделенной 10–11 кВт — C50
  7
GOST
 11
117.00573038476013
 21
163.09000000000003
 31
0.0
100
AcDbText
  0
LWPOLYLINE
  5
28F
330
17
100
AcDbEntity
  8
TEXT
 62
7
370
15
100
AcDbPolyline
 90
2
 70
0
 10
180.803214207672
 20
165.39000000000004
 10
180.803214207672
 20
162.09000000000003
  0
TEXT
  5
290
330
17
100
AcDbEntity
  8
TEXT
 62
7
100
AcDbText
 10
181.603214207672
 20
163.09000000000003
 30
0.0
 40
1.3
  1
Schneider Easy9 / Hager / IEK Armat
  7
GOST
 11
181.603214207672
 21
163.09000000000003
 31
0.0
100
AcDbText
  0
LWPOLYLINE
  5
291
330
17
100
AcDbEntity
  8
TEXT
 62
7
370
15
100
AcDbPolyline
 90
2
 70
0
 10
215.7144968257277
 20
165.39000000000004
 10
215.7144968257277
 20
162.09000000000003
  0
TEXT
  5
292
330
17
100
AcDbEntity
  8
TEXT
 62
7
100
AcDbText
 10
216.51449682572772
 20
163.09000000000003
 30
0.0
 40
1.3
  1
1
  7
GOST
 11
216.51449682572772
 21
163.09000000000003
 31
0.0
100
AcDbText
  0
LWPOLYLINE
  5
293
330
17
100
AcDbEntity
  8
TEXT
 62
7
370
15
100
AcDbPolyline
 90
2
 70
0
 10
224.06700254724225
 20
165.39000000000004
 10
224.06700254724225
 20
162.09000000000003
  0
TEXT
  5
294
330
17
100
AcDbEntity
  8
TEXT
 62
7
100
AcDbText
 10
224.86700254724227
 20
163.09000000000003
 30
0.0
 40
1.3
  1
шт
  7
GOST
 11
224.86700254724227
 21
163.09000000000003
 31
0.0
100
AcDbText
  0
LWPOLYLINE
  5
295
330
17
100
AcDbEntity
  8
TEXT
 62
7
370
15
100
AcDbPolyline
 90
2
 70
0
 10
231.9005679100158
 20
165.39000000000004
 10
231.9005679100158
 20
162.09000000000003
  0
TEXT
  5
296
330
17
100
AcDbEntity
  8
TEXT
 62
7
100
AcDbText
 10
232.70056791001582
 20
163.09000000000003
 30
0.0
 40
1.3
  1
2 600
  7
GOST
 11
232.70056791001582
 21
163.09000000000003
 31
0.0
100
AcDbText
  0
LWPOLYLINE
  5
297
330
17
100
AcDbEntity
  8
TEXT
 62
7
370
15
100
AcDbPolyline
 90
2
 70
0
 10
248.91389288700609
 20
165.39000000000004
 10
248.91389288700609
 20
162.09000000000003
  0
TEXT
  5
298
330
17
100
AcDbEntity
  8
TEXT
 62
7
100
AcDbText
 10
249.7138928870061
 20
163.09000000000003
 30
0.0
 40
1.3
  1
2 600
  7
GOST
 11
249.7138928870061
 21
163.09000000000003
 31
0.0
100
AcDbText
  0
LWPOLYLINE
  5
299
330
17
100
AcDbEntity
  8
TEXT
 62
7
370
15
100
AcDbPolyline
 90
2
 70
0
 10
259.3922258341924
 20
165.39000000000004
 10
259.3922258341924
 20
162.09000000000003
  0
TEXT
  5
29A
330
17
100
AcDbEntity
  8
TEXT
 62
7
100
AcDbText
 10
260.1922258341924
 20
163.09000000000003
 30
0.0
 40
1.3
  1
R4
  7
GOST
 11
260.1922258341924
 21
163.09000000000003
 31
0.0
100
AcDbText
  0
LWPOLYLINE
  5
29B
330
17
100
AcDbEntity
  8
TEXT
 62
7
370
15
100
AcDbPolyline
 90
2
 70
0
 10
272.5833933396751
 20
165.39000000000004
 10
272.5833933396751
 20
162.09000000000003
  0
TEXT
  5
29C
330
17
100
AcDbEntity
  8
TEXT
 62
7
100
AcDbText
 10
273.38339333967514
 20
163.09000000000003
 30
0.0
 40
1.3
  1
QS0/QF0; panel.json input
  7
GOST
 11
273.38339333967514
 21
163.09000000000003
 31
0.0
100
AcDbText
  0
LWPOLYLINE
  5
29D
330
17
100
AcDbEntity
  8
TEXT
 62
7
370
15
100
AcDbPolyline
 90
2
 70
0
 10
368.48123494296414
 20
165.39000000000004
 10
368.48123494296414
 20
162.09000000000003
  0
TEXT
  5
29E
330
17
100
AcDbEntity
  8
TEXT
 62
7
100
AcDbText
 10
369.28123494296415
 20
163.09000000000003
 30
0.0
 40
1.3
  1
Ремонт
  7
GOST
 11
369.28123494296415
 21
163.09000000000003
 31
0.0
100
AcDbText
  0
LWPOLYLINE
  5
29F
330
17
100
AcDbEntity
  8
TEXT
 62
7
370
15
100
AcDbPolyline
 90
2
 70
0
 10
378.3106814903589
 20
165.39000000000004
 10
378.3106814903589
 20
162.09000000000003
  0
TEXT
  5
2A0
330
17
100
AcDbEntity
  8
TEXT
 62
7
100
AcDbText
 10
379.1106814903589
 20
163.09000000000003
 30
0.0
 40
1.3
  1
Э04
  7
GOST
 11
379.1106814903589
 21
163.09000000000003
 31
0.0
100
AcDbText
  0
LWPOLYLINE
  5
2A1
330
17
100
AcDbEntity
  8
TEXT
 62
7
370
15
100
AcDbPolyline
 90
2
 70
0
 10
391.3423697636432
 20
165.39000000000004
 10
391.3423697636432
 20
162.09000000000003
  0
LWPOLYLINE
  5
2A2
330
17
100
AcDbEntity
  8
TEXT
 62
7
370
15
100
AcDbPolyline
 90
2
 70
0
 10
413.00000000000006
 20
165.39000000000004
 10
413.00000000000006
 20
162.09000000000003
  0
LWPOLYLINE
  5
2A3
330
17
100
AcDbEntity
  8
TEXT
 62
7
370
15
100
AcDbPolyline
 90
4
 70
1
 10
22.0
 20
158.79000000000002
 10
413.0000000000001
 20
158.79000000000002
 10
413.0000000000001
 20
162.09000000000003
 10
22.0
 20
162.09000000000003
  0
LWPOLYLINE
  5
2A4
330
17
100
AcDbEntity
  8
TEXT
 62
7
370
15
100
AcDbPolyline
 90
2
 70
0
 10
22.0
 20
162.09000000000003
 10
22.0
 20
158.79000000000002
  0
TEXT
  5
2A5
330
17
100
AcDbEntity
  8
TEXT
 62
7
100
AcDbText
 10
22.8
 20
159.79000000000002
 30
0.0
 40
1.3
  1
3
  7
GOST
 11
22.8
 21
159.79000000000002
 31
0.0
100
AcDbText
  0
LWPOLYLINE
  5
2A6
330
17
100
AcDbEntity
  8
TEXT
 62
7
370
15
100
AcDbPolyline
 90
2
 70
0
 10
27.899281976832174
 20
162.09000000000003
 10
27.899281976832174
 20
158.79000000000002
  0
TEXT
  5
2A7
330
17
100
AcDbEntity
  8
TEXT
 62
7
100
AcDbText
 10
28.699281976832175
 20
159.79000000000002
 30
0.0
 40
1.3
  1
УЗИП тип 2 (1P+N) 20 кА + защита
  7
GOST
 11
28.699281976832175
 21
159.79000000000002
 31
0.0
100
AcDbText
  0
LWPOLYLINE
  5
2A8
330
17
100
AcDbEntity
  8
TEXT
 62
7
370
15
100
AcDbPolyline
 90
2
 70
0
 10
116.20573038476013
 20
162.09000000000003
 10
116.20573038476013
 20
158.79000000000002
  0
TEXT
  5
2A9
330
17
100
AcDbEntity
  8
TEXT
 62
7
100
AcDbText
 10
117.00573038476013
 20
159.79000000000002
 30
0.0
 40
1.3
  1
УЗИП тип 2 (1P+N) 20 кА + автомат/вставка по паспорту
  7
GOST
 11
117.00573038476013
 21
159.79000000000002
 31
0.0
100
AcDbText
  0
LWPOLYLINE
  5
2AA
330
17
100
AcDbEntity
  8
TEXT
 62
7
370
15
100
AcDbPolyline
 90
2
 70
0
 10
180.803214207672
 20
162.09000000000003
 10
180.803214207672
 20
158.79000000000002
  0
TEXT
  5
2AB
330
17
100
AcDbEntity
  8
TEXT
 62
7
100
AcDbText
 10
181.603214207672
 20
159.79000000000002
 30
0.0
 40
1.3
  1
Schneider Easy9 / Hager / IEK Armat
  7
GOST
 11
181.603214207672
 21
159.79000000000002
 31
0.0
100
AcDbText
  0
LWPOLYLINE
  5
2AC
330
17
100
AcDbEntity
  8
TEXT
 62
7
370
15
100
AcDbPolyline
 90
2
 70
0
 10
215.7144968257277
 20
162.09000000000003
 10
215.7144968257277
 20
158.79000000000002
  0
TEXT
  5
2AD
330
17
100
AcDbEntity
  8
TEXT
 62
7
100
AcDbText
 10
216.51449682572772
 20
159.79000000000002
 30
0.0
 40
1.3
  1
1
  7
GOST
 11
216.51449682572772
 21
159.79000000000002
 31
0.0
100
AcDbText
  0
LWPOLYLINE
  5
2AE
330
17
100
AcDbEntity
  8
TEXT
 62
7
370
15
100
AcDbPolyline
 90
2
 70
0
 10
224.06700254724225
 20
162.09000000000003
 10
224.06700254724225
 20
158.79000000000002
  0
TEXT
  5
2AF
330
17
100
AcDbEntity
  8
TEXT
 62
7
100
AcDbText
 10
224.86700254724227
 20
159.79000000000002
 30
0.0
 40
1.3
  1
шт
  7
GOST
 11
224.86700254724227
 21
159.79000000000002
 31
0.0
100
AcDbText
  0
LWPOLYLINE
  5
2B0
330
17
100
AcDbEntity
  8
TEXT
 62
7
370
15
100
AcDbPolyline
 90
2
 70
0
 10
231.9005679100158
 20
162.09000000000003
 10
231.9005679100158
 20
158.79000000000002
  0
TEXT
  5
2B1
330
17
100
AcDbEntity
  8
TEXT
 62
7
100
AcDbText
 10
232.70056791001582
 20
159.79000000000002
 30
0.0
 40
1.3
  1
6 500
  7
GOST
 11
232.70056791001582
 21
159.79000000000002
 31
0.0
100
AcDbText
  0
LWPOLYLINE
  5
2B2
330
17
100
AcDbEntity
  8
TEXT
 62
7
370
15
100
AcDbPolyline
 90
2
 70
0
 10
248.91389288700609
 20
162.09000000000003
 10
248.91389288700609
 20
158.79000000000002
  0
TEXT
  5
2B3
330
17
100
AcDbEntity
  8
TEXT
 62
7
100
AcDbText
 10
249.7138928870061
 20
159.79000000000002
 30
0.0
 40
1.3
  1
6 500
  7
GOST
 11
249.7138928870061
 21
159.79000000000002
 31
0.0
100
AcDbText
  0
LWPOLYLINE
  5
2B4
330
17
100
AcDbEntity
  8
TEXT
 62
7
370
15
100
AcDbPolyline
 90
2
 70
0
 10
259.3922258341924
 20
162.09000000000003
 10
259.3922258341924
 20
158.79000000000002
  0
TEXT
  5
2B5
330
17
100
AcDbEntity
  8
TEXT
 62
7
100
AcDbText
 10
260.1922258341924
 20
159.79000000000002
 30
0.0
 40
1.3
  1
R4
  7
GOST
 11
260.1922258341924
 21
159.79000000000002
 31
0.0
100
AcDbText
  0
LWPOLYLINE
  5
2B6
330
17
100
AcDbEntity
  8
TEXT
 62
7
370
15
100
AcDbPolyline
 90
2
 70
0
 10
272.5833933396751
 20
162.09000000000003
 10
272.5833933396751
 20
158.79000000000002
  0
TEXT
  5
2B7
330
17
100
AcDbEntity
  8
TEXT
 62
7
100
AcDbText
 10
273.38339333967514
 20
159.79000000000002
 30
0.0
 40
1.3
  1
FV1; panel.json input
  7
GOST
 11
273.38339333967514
 21
159.79000000000002
 31
0.0
100
AcDbText
  0
LWPOLYLINE
  5
2B8
330
17
100
AcDbEntity
  8
TEXT
 62
7
370
15
100
AcDbPolyline
 90
2
 70
0
 10
368.48123494296414
 20
162.09000000000003
 10
368.48123494296414
 20
158.79000000000002
  0
TEXT
  5
2B9
330
17
100
AcDbEntity
  8
TEXT
 62
7
100
AcDbText
 10
369.28123494296415
 20
159.79000000000002
 30
0.0
 40
1.3
  1
Ремонт
  7
GOST
 11
369.28123494296415
 21
159.79000000000002
 31
0.0
100
AcDbText
  0
LWPOLYLINE
  5
2BA
330
17
100
AcDbEntity
  8
TEXT
 62
7
370
15
100
AcDbPolyline
 90
2
 70
0
 10
378.3106814903589
 20
162.09000000000003
 10
378.3106814903589
 20
158.79000000000002
  0
TEXT
  5
2BB
330
17
100
AcDbEntity
  8
TEXT
 62
7
100
AcDbText
 10
379.1106814903589
 20
159.79000000000002
 30
0.0
 40
1.3
  1
Э04
  7
GOST
 11
379.1106814903589
 21
159.79000000000002
 31
0.0
100
AcDbText
  0
LWPOLYLINE
  5
2BC
330
17
100
AcDbEntity
  8
TEXT
 62
7
370
15
100
AcDbPolyline
 90
2
 70
0
 10
391.3423697636432
 20
162.09000000000003
 10
391.3423697636432
 20
158.79000000000002
  0
LWPOLYLINE
  5
2BD
330
17
100
AcDbEntity
  8
TEXT
 62
7
370
15
100
AcDbPolyline
 90
2
 70
0
 10
413.00000000000006
 20
162.09000000000003
 10
413.00000000000006
 20
158.79000000000002
  0
LWPOLYLINE
  5
2BE
330
17
100
AcDbEntity
  8
TEXT
 62
7
370
15
100
AcDbPolyline
 90
4
 70
1
 10
22.0
 20
155.49
 10
413.0000000000001
 20
155.49
 10
413.0000000000001
 20
158.79000000000002
 10
22.0
 20
158.79000000000002
  0
LWPOLYLINE
  5
2BF
330
17
100
AcDbEntity
  8
TEXT
 62
7
370
15
100
AcDbPolyline
 90
2
 70
0
 10
22.0
 20
158.79000000000002
 10
22.0
 20
155.49
  0
TEXT
  5
2C0
330
17
100
AcDbEntity
  8
TEXT
 62
7
100
AcDbText
 10
22.8
 20
156.49
 30
0.0
 40
1.3
  1
4
  7
GOST
 11
22.8
 21
156.49
 31
0.0
100
AcDbText
  0
LWPOLYLINE
  5
2C1
330
17
100
AcDbEntity
  8
TEXT
 62
7
370
15
100
AcDbPolyline
 90
2
 70
0
 10
27.899281976832174
 20
158.79000000000002
 10
27.899281976832174
 20
155.49
  0
TEXT
  5
2C2
330
17
100
AcDbEntity
  8
TEXT
 62
7
100
AcDbText
 10
28.699281976832175
 20
156.49
 30
0.0
 40
1.3
  1
Реле контроля напряжения 63 А
  7
GOST
 11
28.699281976832175
 21
156.49
 31
0.0
100
AcDbText
  0
LWPOLYLINE
  5
2C3
330
17
100
AcDbEntity
  8
TEXT
 62
7
370
15
100
AcDbPolyline
 90
2
 70
0
 10
116.20573038476013
 20
158.79000000000002
 10
116.20573038476013
 20
155.49
  0
TEXT
  5
2C4
330
17
100
AcDbEntity
  8
TEXT
 62
7
100
AcDbText
 10
117.00573038476013
 20
156.49
 30
0.0
 40
1.3
  1
реле контроля напряжения 63 А (УЗМ-51М/RBUZ D63t), 170–260 В
  7
GOST
 11
117.00573038476013
 21
156.49
 31
0.0
100
AcDbText
  0
LWPOLYLINE
  5
2C5
330
17
100
AcDbEntity
  8
TEXT
 62
7
370
15
100
AcDbPolyline
 90
2
 70
0
 10
180.803214207672
 20
158.79000000000002
 10
180.803214207672
 20
155.49
  0
TEXT
  5
2C6
330
17
100
AcDbEntity
  8
TEXT
 62
7
100
AcDbText
 10
181.603214207672
 20
156.49
 30
0.0
 40
1.3
  1
Schneider Easy9 / Hager / IEK Armat
  7
GOST
 11
181.603214207672
 21
156.49
 31
0.0
100
AcDbText
  0
LWPOLYLINE
  5
2C7
330
17
100
AcDbEntity
  8
TEXT
 62
7
370
15
100
AcDbPolyline
 90
2
 70
0
 10
215.7144968257277
 20
158.79000000000002
 10
215.7144968257277
 20
155.49
  0
TEXT
  5
2C8
330
17
100
AcDbEntity
  8
TEXT
 62
7
100
AcDbText
 10
216.51449682572772
 20
156.49
 30
0.0
 40
1.3
  1
1
  7
GOST
 11
216.51449682572772
 21
156.49
 31
0.0
100
AcDbText
  0
LWPOLYLINE
  5
2C9
330
17
100
AcDbEntity
  8
TEXT
 62
7
370
15
100
AcDbPolyline
 90
2
 70
0
 10
224.06700254724225
 20
158.79000000000002
 10
224.06700254724225
 20
155.49
  0
TEXT
  5
2CA
330
17
100
AcDbEntity
  8
TEXT
 62
7
100
AcDbText
 10
224.86700254724227
 20
156.49
 30
0.0
 40
1.3
  1
шт
  7
GOST
 11
224.86700254724227
 21
156.49
 31
0.0
100
AcDbText
  0
LWPOLYLINE
  5
2CB
330
17
100
AcDbEntity
  8
TEXT
 62
7
370
15
100
AcDbPolyline
 90
2
 70
0
 10
231.9005679100158
 20
158.79000000000002
 10
231.9005679100158
 20
155.49
  0
TEXT
  5
2CC
330
17
100
AcDbEntity
  8
TEXT
 62
7
100
AcDbText
 10
232.70056791001582
 20
156.49
 30
0.0
 40
1.3
  1
4 500
  7
GOST
 11
232.70056791001582
 21
156.49
 31
0.0
100
AcDbText
  0
LWPOLYLINE
  5
2CD
330
17
100
AcDbEntity
  8
TEXT
 62
7
370
15
100
AcDbPolyline
 90
2
 70
0
 10
248.91389288700609
 20
158.79000000000002
 10
248.91389288700609
 20
155.49
  0
TEXT
  5
2CE
330
17
100
AcDbEntity
  8
TEXT
 62
7
100
AcDbText
 10
249.7138928870061
 20
156.49
 30
0.0
 40
1.3
  1
4 500
  7
GOST
 11
249.7138928870061
 21
156.49
 31
0.0
100
AcDbText
  0
LWPOLYLINE
  5
2CF
330
17
100
AcDbEntity
  8
TEXT
 62
7
370
15
100
AcDbPolyline
 90
2
 70
0
 10
259.3922258341924
 20
158.79000000000002
 10
259.3922258341924
 20
155.49
  0
TEXT
  5
2D0
330
17
100
AcDbEntity
  8
TEXT
 62
7
100
AcDbText
 10
260.1922258341924
 20
156.49
 30
0.0
 40
1.3
  1
R4
  7
GOST
 11
260.1922258341924
 21
156.49
 31
0.0
100
AcDbText
  0
LWPOLYLINE
  5
2D1
330
17
100
AcDbEntity
  8
TEXT
 62
7
370
15
100
AcDbPolyline
 90
2
 70
0
 10
272.5833933396751
 20
158.79000000000002
 10
272.5833933396751
 20
155.49
  0
TEXT
  5
2D2
330
17
100
AcDbEntity
  8
TEXT
 62
7
100
AcDbText
 10
273.38339333967514
 20
156.49
 30
0.0
 40
1.3
  1
KV1; panel.json input
  7
GOST
 11
273.38339333967514
 21
156.49
 31
0.0
100
AcDbText
  0
LWPOLYLINE
  5
2D3
330
17
100
AcDbEntity
  8
TEXT
 62
7
370
15
100
AcDbPolyline
 90
2
 70
0
 10
368.48123494296414
 20
158.79000000000002
 10
368.48123494296414
 20
155.49
  0
TEXT
  5
2D4
330
17
100
AcDbEntity
  8
TEXT
 62
7
100
AcDbText
 10
369.28123494296415
 20
156.49
 30
0.0
 40
1.3
  1
Ремонт
  7
GOST
 11
369.28123494296415
 21
156.49
 31
0.0
100
AcDbText
  0
LWPOLYLINE
  5
2D5
330
17
100
AcDbEntity
  8
TEXT
 62
7
370
15
100
AcDbPolyline
 90
2
 70
0
 10
378.3106814903589
 20
158.79000000000002
 10
378.3106814903589
 20
155.49
  0
TEXT
  5
2D6
330
17
100
AcDbEntity
  8
TEXT
 62
7
100
AcDbText
 10
379.1106814903589
 20
156.49
 30
0.0
 40
1.3
  1
Э04
  7
GOST
 11
379.1106814903589
 21
156.49
 31
0.0
100
AcDbText
  0
LWPOLYLINE
  5
2D7
330
17
100
AcDbEntity
  8
TEXT
 62
7
370
15
100
AcDbPolyline
 90
2
 70
0
 10
391.3423697636432
 20
158.79000000000002
 10
391.3423697636432
 20
155.49
  0
LWPOLYLINE
  5
2D8
330
17
100
AcDbEntity
  8
TEXT
 62
7
370
15
100
AcDbPolyline
 90
2
 70
0
 10
413.00000000000006
 20
158.79000000000002
 10
413.00000000000006
 20
155.49
  0
LWPOLYLINE
  5
2D9
330
17
100
AcDbEntity
  8
TEXT
 62
7
370
15
100
AcDbPolyline
 90
4
 70
1
 10
22.0
 20
152.19
 10
413.0000000000001
 20
152.19
 10
413.0000000000001
 20
155.49
 10
22.0
 20
155.49
  0
LWPOLYLINE
  5
2DA
330
17
100
AcDbEntity
  8
TEXT
 62
7
370
15
100
AcDbPolyline
 90
2
 70
0
 10
22.0
 20
155.49
 10
22.0
 20
152.19
  0
TEXT
  5
2DB
330
17
100
AcDbEntity
  8
TEXT
 62
7
100
AcDbText
 10
22.8
 20
153.19
 30
0.0
 40
1.3
  1
5
  7
GOST
 11
22.8
 21
153.19
 31
0.0
100
AcDbText
  0
LWPOLYLINE
  5
2DC
330
17
100
AcDbEntity
  8
TEXT
 62
7
370
15
100
AcDbPolyline
 90
2
 70
0
 10
27.899281976832174
 20
155.49
 10
27.899281976832174
 20
152.19
  0
TEXT
  5
2DD
330
17
100
AcDbEntity
  8
TEXT
 62
7
100
AcDbText
 10
28.699281976832175
 20
153.19
 30
0.0
 40
1.3
  1
УЗО 2P 80 А 100 мА тип S (противопожарное)
  7
GOST
 11
28.699281976832175
 21
153.19
 31
0.0
100
AcDbText
  0
LWPOLYLINE
  5
2DE
330
17
100
AcDbEntity
  8
TEXT
 62
7
370
15
100
AcDbPolyline
 90
2
 70
0
 10
116.20573038476013
 20
155.49
 10
116.20573038476013
 20
152.19
  0
TEXT
  5
2DF
330
17
100
AcDbEntity
  8
TEXT
 62
7
100
AcDbText
 10
117.00573038476013
 20
153.19
 30
0.0
 40
1.3
  1
УЗО 2P 80 А 100 мА тип S (противопожарное, селективное к гру
  7
GOST
 11
117.00573038476013
 21
153.19
 31
0.0
100
AcDbText
  0
LWPOLYLINE
  5
2E0
330
17
100
AcDbEntity
  8
TEXT
 62
7
370
15
100
AcDbPolyline
 90
2
 70
0
 10
180.803214207672
 20
155.49
 10
180.803214207672
 20
152.19
  0
TEXT
  5
2E1
330
17
100
AcDbEntity
  8
TEXT
 62
7
100
AcDbText
 10
181.603214207672
 20
153.19
 30
0.0
 40
1.3
  1
Schneider Easy9 / Hager / IEK Armat
  7
GOST
 11
181.603214207672
 21
153.19
 31
0.0
100
AcDbText
  0
LWPOLYLINE
  5
2E2
330
17
100
AcDbEntity
  8
TEXT
 62
7
370
15
100
AcDbPolyline
 90
2
 70
0
 10
215.7144968257277
 20
155.49
 10
215.7144968257277
 20
152.19
  0
TEXT
  5
2E3
330
17
100
AcDbEntity
  8
TEXT
 62
7
100
AcDbText
 10
216.51449682572772
 20
153.19
 30
0.0
 40
1.3
  1
1
  7
GOST
 11
216.51449682572772
 21
153.19
 31
0.0
100
AcDbText
  0
LWPOLYLINE
  5
2E4
330
17
100
AcDbEntity
  8
TEXT
 62
7
370
15
100
AcDbPolyline
 90
2
 70
0
 10
224.06700254724225
 20
155.49
 10
224.06700254724225
 20
152.19
  0
TEXT
  5
2E5
330
17
100
AcDbEntity
  8
TEXT
 62
7
100
AcDbText
 10
224.86700254724227
 20
153.19
 30
0.0
 40
1.3
  1
шт
  7
GOST
 11
224.86700254724227
 21
153.19
 31
0.0
100
AcDbText
  0
LWPOLYLINE
  5
2E6
330
17
100
AcDbEntity
  8
TEXT
 62
7
370
15
100
AcDbPolyline
 90
2
 70
0
 10
231.9005679100158
 20
155.49
 10
231.9005679100158
 20
152.19
  0
TEXT
  5
2E7
330
17
100
AcDbEntity
  8
TEXT
 62
7
100
AcDbText
 10
232.70056791001582
 20
153.19
 30
0.0
 40
1.3
  1
9 500
  7
GOST
 11
232.70056791001582
 21
153.19
 31
0.0
100
AcDbText
  0
LWPOLYLINE
  5
2E8
330
17
100
AcDbEntity
  8
TEXT
 62
7
370
15
100
AcDbPolyline
 90
2
 70
0
 10
248.91389288700609
 20
155.49
 10
248.91389288700609
 20
152.19
  0
TEXT
  5
2E9
330
17
100
AcDbEntity
  8
TEXT
 62
7
100
AcDbText
 10
249.7138928870061
 20
153.19
 30
0.0
 40
1.3
  1
9 500
  7
GOST
 11
249.7138928870061
 21
153.19
 31
0.0
100
AcDbText
  0
LWPOLYLINE
  5
2EA
330
17
100
AcDbEntity
  8
TEXT
 62
7
370
15
100
AcDbPolyline
 90
2
 70
0
 10
259.3922258341924
 20
155.49
 10
259.3922258341924
 20
152.19
  0
TEXT
  5
2EB
330
17
100
AcDbEntity
  8
TEXT
 62
7
100
AcDbText
 10
260.1922258341924
 20
153.19
 30
0.0
 40
1.3
  1
R4
  7
GOST
 11
260.1922258341924
 21
153.19
 31
0.0
100
AcDbText
  0
LWPOLYLINE
  5
2EC
330
17
100
AcDbEntity
  8
TEXT
 62
7
370
15
100
AcDbPolyline
 90
2
 70
0
 10
272.5833933396751
 20
155.49
 10
272.5833933396751
 20
152.19
  0
TEXT
  5
2ED
330
17
100
AcDbEntity
  8
TEXT
 62
7
100
AcDbText
 10
273.38339333967514
 20
153.19
 30
0.0
 40
1.3
  1
QD0; panel.json input
  7
GOST
 11
273.38339333967514
 21
153.19
 31
0.0
100
AcDbText
  0
LWPOLYLINE
  5
2EE
330
17
100
AcDbEntity
  8
TEXT
 62
7
370
15
100
AcDbPolyline
 90
2
 70
0
 10
368.48123494296414
 20
155.49
 10
368.48123494296414
 20
152.19
  0
TEXT
  5
2EF
330
17
100
AcDbEntity
  8
TEXT
 62
7
100
AcDbText
 10
369.28123494296415
 20
153.19
 30
0.0
 40
1.3
  1
Ремонт
  7
GOST
 11
369.28123494296415
 21
153.19
 31
0.0
100
AcDbText
  0
LWPOLYLINE
  5
2F0
330
17
100
AcDbEntity
  8
TEXT
 62
7
370
15
100
AcDbPolyline
 90
2
 70
0
 10
378.3106814903589
 20
155.49
 10
378.3106814903589
 20
152.19
  0
TEXT
  5
2F1
330
17
100
AcDbEntity
  8
TEXT
 62
7
100
AcDbText
 10
379.1106814903589
 20
153.19
 30
0.0
 40
1.3
  1
Э04
  7
GOST
 11
379.1106814903589
 21
153.19
 31
0.0
100
AcDbText
  0
LWPOLYLINE
  5
2F2
330
17
100
AcDbEntity
  8
TEXT
 62
7
370
15
100
AcDbPolyline
 90
2
 70
0
 10
391.3423697636432
 20
155.49
 10
391.3423697636432
 20
152.19
  0
LWPOLYLINE
  5
2F3
330
17
100
AcDbEntity
  8
TEXT
 62
7
370
15
100
AcDbPolyline
 90
2
 70
0
 10
413.00000000000006
 20
155.49
 10
413.00000000000006
 20
152.19
  0
LWPOLYLINE
  5
2F4
330
17
100
AcDbEntity
  8
TEXT
 62
7
370
15
100
AcDbPolyline
 90
4
 70
1
 10
22.0
 20
148.89
 10
413.0000000000001
 20
148.89
 10
413.0000000000001
 20
152.19
 10
22.0
 20
152.19
  0
LWPOLYLINE
  5
2F5
330
17
100
AcDbEntity
  8
TEXT
 62
7
370
15
100
AcDbPolyline
 90
2
 70
0
 10
22.0
 20
152.19
 10
22.0
 20
148.89
  0
TEXT
  5
2F6
330
17
100
AcDbEntity
  8
TEXT
 62
7
100
AcDbText
 10
22.8
 20
149.89
 30
0.0
 40
1.3
  1
6
  7
GOST
 11
22.8
 21
149.89
 31
0.0
100
AcDbText
  0
LWPOLYLINE
  5
2F7
330
17
100
AcDbEntity
  8
TEXT
 62
7
370
15
100
AcDbPolyline
 90
2
 70
0
 10
27.899281976832174
 20
152.19
 10
27.899281976832174
 20
148.89
  0
TEXT
  5
2F8
330
17
100
AcDbEntity
  8
TEXT
 62
7
100
AcDbText
 10
28.699281976832175
 20
149.89
 30
0.0
 40
1.3
  1
Индикатор наличия напряжения
  7
GOST
 11
28.699281976832175
 21
149.89
 31
0.0
100
AcDbText
  0
LWPOLYLINE
  5
2F9
330
17
100
AcDbEntity
  8
TEXT
 62
7
370
15
100
AcDbPolyline
 90
2
 70
0
 10
116.20573038476013
 20
152.19
 10
116.20573038476013
 20
148.89
  0
TEXT
  5
2FA
330
17
100
AcDbEntity
  8
TEXT
 62
7
100
AcDbText
 10
117.00573038476013
 20
149.89
 30
0.0
 40
1.3
  1
индикатор наличия напряжения
  7
GOST
 11
117.00573038476013
 21
149.89
 31
0.0
100
AcDbText
  0
LWPOLYLINE
  5
2FB
330
17
100
AcDbEntity
  8
TEXT
 62
7
370
15
100
AcDbPolyline
 90
2
 70
0
 10
180.803214207672
 20
152.19
 10
180.803214207672
 20
148.89
  0
TEXT
  5
2FC
330
17
100
AcDbEntity
  8
TEXT
 62
7
100
AcDbText
 10
181.603214207672
 20
149.89
 30
0.0
 40
1.3
  1
Schneider Easy9 / Hager / IEK Armat
  7
GOST
 11
181.603214207672
 21
149.89
 31
0.0
100
AcDbText
  0
LWPOLYLINE
  5
2FD
330
17
100
AcDbEntity
  8
TEXT
 62
7
370
15
100
AcDbPolyline
 90
2
 70
0
 10
215.7144968257277
 20
152.19
 10
215.7144968257277
 20
148.89
  0
TEXT
  5
2FE
330
17
100
AcDbEntity
  8
TEXT
 62
7
100
AcDbText
 10
216.51449682572772
 20
149.89
 30
0.0
 40
1.3
  1
1
  7
GOST
 11
216.51449682572772
 21
149.89
 31
0.0
100
AcDbText
  0
LWPOLYLINE
  5
2FF
330
17
100
AcDbEntity
  8
TEXT
 62
7
370
15
100
AcDbPolyline
 90
2
 70
0
 10
224.06700254724225
 20
152.19
 10
224.06700254724225
 20
148.89
  0
TEXT
  5
300
330
17
100
AcDbEntity
  8
TEXT
 62
7
100
AcDbText
 10
224.86700254724227
 20
149.89
 30
0.0
 40
1.3
  1
шт
  7
GOST
 11
224.86700254724227
 21
149.89
 31
0.0
100
AcDbText
  0
LWPOLYLINE
  5
301
330
17
100
AcDbEntity
  8
TEXT
 62
7
370
15
100
AcDbPolyline
 90
2
 70
0
 10
231.9005679100158
 20
152.19
 10
231.9005679100158
 20
148.89
  0
TEXT
  5
302
330
17
100
AcDbEntity
  8
TEXT
 62
7
100
AcDbText
 10
232.70056791001582
 20
149.89
 30
0.0
 40
1.3
  1
600
  7
GOST
 11
232.70056791001582
 21
149.89
 31
0.0
100
AcDbText
  0
LWPOLYLINE
  5
303
330
17
100
AcDbEntity
  8
TEXT
 62
7
370
15
100
AcDbPolyline
 90
2
 70
0
 10
248.91389288700609
 20
152.19
 10
248.91389288700609
 20
148.89
  0
TEXT
  5
304
330
17
100
AcDbEntity
  8
TEXT
 62
7
100
AcDbText
 10
249.7138928870061
 20
149.89
 30
0.0
 40
1.3
  1
600
  7
GOST
 11
249.7138928870061
 21
149.89
 31
0.0
100
AcDbText
  0
LWPOLYLINE
  5
305
330
17
100
AcDbEntity
  8
TEXT
 62
7
370
15
100
AcDbPolyline
 90
2
 70
0
 10
259.3922258341924
 20
152.19
 10
259.3922258341924
 20
148.89
  0
TEXT
  5
306
330
17
100
AcDbEntity
  8
TEXT
 62
7
100
AcDbText
 10
260.1922258341924
 20
149.89
 30
0.0
 40
1.3
  1
R4
  7
GOST
 11
260.1922258341924
 21
149.89
 31
0.0
100
AcDbText
  0
LWPOLYLINE
  5
307
330
17
100
AcDbEntity
  8
TEXT
 62
7
370
15
100
AcDbPolyline
 90
2
 70
0
 10
272.5833933396751
 20
152.19
 10
272.5833933396751
 20
148.89
  0
TEXT
  5
308
330
17
100
AcDbEntity
  8
TEXT
 62
7
100
AcDbText
 10
273.38339333967514
 20
149.89
 30
0.0
 40
1.3
  1
HL; panel.json input
  7
GOST
 11
273.38339333967514
 21
149.89
 31
0.0
100
AcDbText
  0
LWPOLYLINE
  5
309
330
17
100
AcDbEntity
  8
TEXT
 62
7
370
15
100
AcDbPolyline
 90
2
 70
0
 10
368.48123494296414
 20
152.19
 10
368.48123494296414
 20
148.89
  0
TEXT
  5
30A
330
17
100
AcDbEntity
  8
TEXT
 62
7
100
AcDbText
 10
369.28123494296415
 20
149.89
 30
0.0
 40
1.3
  1
Ремонт
  7
GOST
 11
369.28123494296415
 21
149.89
 31
0.0
100
AcDbText
  0
LWPOLYLINE
  5
30B
330
17
100
AcDbEntity
  8
TEXT
 62
7
370
15
100
AcDbPolyline
 90
2
 70
0
 10
378.3106814903589
 20
152.19
 10
378.3106814903589
 20
148.89
  0
TEXT
  5
30C
330
17
100
AcDbEntity
  8
TEXT
 62
7
100
AcDbText
 10
379.1106814903589
 20
149.89
 30
0.0
 40
1.3
  1
Э04
  7
GOST
 11
379.1106814903589
 21
149.89
 31
0.0
100
AcDbText
  0
LWPOLYLINE
  5
30D
330
17
100
AcDbEntity
  8
TEXT
 62
7
370
15
100
AcDbPolyline
 90
2
 70
0
 10
391.3423697636432
 20
152.19
 10
391.3423697636432
 20
148.89
  0
LWPOLYLINE
  5
30E
330
17
100
AcDbEntity
  8
TEXT
 62
7
370
15
100
AcDbPolyline
 90
2
 70
0
 10
413.00000000000006
 20
152.19
 10
413.00000000000006
 20
148.89
  0
LWPOLYLINE
  5
30F
330
17
100
AcDbEntity
  8
TEXT
 62
7
370
15
100
AcDbPolyline
 90
4
 70
1
 10
22.0
 20
145.58999999999997
 10
413.0000000000001
 20
145.58999999999997
 10
413.0000000000001
 20
148.89
 10
22.0
 20
148.89
  0
LWPOLYLINE
  5
310
330
17
100
AcDbEntity
  8
TEXT
 62
7
370
15
100
AcDbPolyline
 90
2
 70
0
 10
22.0
 20
148.89
 10
22.0
 20
145.58999999999997
  0
TEXT
  5
311
330
17
100
AcDbEntity
  8
TEXT
 62
7
100
AcDbText
 10
22.8
 20
146.58999999999997
 30
0.0
 40
1.3
  1
7
  7
GOST
 11
22.8
 21
146.58999999999997
 31
0.0
100
AcDbText
  0
LWPOLYLINE
  5
312
330
17
100
AcDbEntity
  8
TEXT
 62
7
370
15
100
AcDbPolyline
 90
2
 70
0
 10
27.899281976832174
 20
148.89
 10
27.899281976832174
 20
145.58999999999997
  0
TEXT
  5
313
330
17
100
AcDbEntity
  8
TEXT
 62
7
100
AcDbText
 10
28.699281976832175
 20
146.58999999999997
 30
0.0
 40
1.3
  1
Автомат 1P C10 6 кА
  7
GOST
 11
28.699281976832175
 21
146.58999999999997
 31
0.0
100
AcDbText
  0
LWPOLYLINE
  5
314
330
17
100
AcDbEntity
  8
TEXT
 62
7
370
15
100
AcDbPolyline
 90
2
 70
0
 10
116.20573038476013
 20
148.89
 10
116.20573038476013
 20
145.58999999999997
  0
TEXT
  5
315
330
17
100
AcDbEntity
  8
TEXT
 62
7
100
AcDbText
 10
117.00573038476013
 20
146.58999999999997
 30
0.0
 40
1.3
  1
Schneider Easy9 / Hager / IEK Armat
  7
GOST
 11
117.00573038476013
 21
146.58999999999997
 31
0.0
100
AcDbText
  0
LWPOLYLINE
  5
316
330
17
100
AcDbEntity
  8
TEXT
 62
7
370
15
100
AcDbPolyline
 90
2
 70
0
 10
180.803214207672
 20
148.89
 10
180.803214207672
 20
145.58999999999997
  0
TEXT
  5
317
330
17
100
AcDbEntity
  8
TEXT
 62
7
100
AcDbText
 10
181.603214207672
 20
146.58999999999997
 30
0.0
 40
1.3
  1
Schneider / Hager
  7
GOST
 11
181.603214207672
 21
146.58999999999997
 31
0.0
100
AcDbText
  0
LWPOLYLINE
  5
318
330
17
100
AcDbEntity
  8
TEXT
 62
7
370
15
100
AcDbPolyline
 90
2
 70
0
 10
215.7144968257277
 20
148.89
 10
215.7144968257277
 20
145.58999999999997
  0
TEXT
  5
319
330
17
100
AcDbEntity
  8
TEXT
 62
7
100
AcDbText
 10
216.51449682572772
 20
146.58999999999997
 30
0.0
 40
1.3
  1
2
  7
GOST
 11
216.51449682572772
 21
146.58999999999997
 31
0.0
100
AcDbText
  0
LWPOLYLINE
  5
31A
330
17
100
AcDbEntity
  8
TEXT
 62
7
370
15
100
AcDbPolyline
 90
2
 70
0
 10
224.06700254724225
 20
148.89
 10
224.06700254724225
 20
145.58999999999997
  0
TEXT
  5
31B
330
17
100
AcDbEntity
  8
TEXT
 62
7
100
AcDbText
 10
224.86700254724227
 20
146.58999999999997
 30
0.0
 40
1.3
  1
шт
  7
GOST
 11
224.86700254724227
 21
146.58999999999997
 31
0.0
100
AcDbText
  0
LWPOLYLINE
  5
31C
330
17
100
AcDbEntity
  8
TEXT
 62
7
370
15
100
AcDbPolyline
 90
2
 70
0
 10
231.9005679100158
 20
148.89
 10
231.9005679100158
 20
145.58999999999997
  0
TEXT
  5
31D
330
17
100
AcDbEntity
  8
TEXT
 62
7
100
AcDbText
 10
232.70056791001582
 20
146.58999999999997
 30
0.0
 40
1.3
  1
650
  7
GOST
 11
232.70056791001582
 21
146.58999999999997
 31
0.0
100
AcDbText
  0
LWPOLYLINE
  5
31E
330
17
100
AcDbEntity
  8
TEXT
 62
7
370
15
100
AcDbPolyline
 90
2
 70
0
 10
248.91389288700609
 20
148.89
 10
248.91389288700609
 20
145.58999999999997
  0
TEXT
  5
31F
330
17
100
AcDbEntity
  8
TEXT
 62
7
100
AcDbText
 10
249.7138928870061
 20
146.58999999999997
 30
0.0
 40
1.3
  1
1 300
  7
GOST
 11
249.7138928870061
 21
146.58999999999997
 31
0.0
100
AcDbText
  0
LWPOLYLINE
  5
320
330
17
100
AcDbEntity
  8
TEXT
 62
7
370
15
100
AcDbPolyline
 90
2
 70
0
 10
259.3922258341924
 20
148.89
 10
259.3922258341924
 20
145.58999999999997
  0
TEXT
  5
321
330
17
100
AcDbEntity
  8
TEXT
 62
7
100
AcDbText
 10
260.1922258341924
 20
146.58999999999997
 30
0.0
 40
1.3
  1
R4
  7
GOST
 11
260.1922258341924
 21
146.58999999999997
 31
0.0
100
AcDbText
  0
LWPOLYLINE
  5
322
330
17
100
AcDbEntity
  8
TEXT
 62
7
370
15
100
AcDbPolyline
 90
2
 70
0
 10
272.5833933396751
 20
148.89
 10
272.5833933396751
 20
145.58999999999997
  0
TEXT
  5
323
330
17
100
AcDbEntity
  8
TEXT
 62
7
100
AcDbText
 10
273.38339333967514
 20
146.58999999999997
 30
0.0
 40
1.3
  1
C1, C2; ЭМ-03
  7
GOST
 11
273.38339333967514
 21
146.58999999999997
 31
0.0
100
AcDbText
  0
LWPOLYLINE
  5
324
330
17
100
AcDbEntity
  8
TEXT
 62
7
370
15
100
AcDbPolyline
 90
2
 70
0
 10
368.48123494296414
 20
148.89
 10
368.48123494296414
 20
145.58999999999997
  0
TEXT
  5
325
330
17
100
AcDbEntity
  8
TEXT
 62
7
100
AcDbText
 10
369.28123494296415
 20
146.58999999999997
 30
0.0
 40
1.3
  1
Ремонт
  7
GOST
 11
369.28123494296415
 21
146.58999999999997
 31
0.0
100
AcDbText
  0
LWPOLYLINE
  5
326
330
17
100
AcDbEntity
  8
TEXT
 62
7
370
15
100
AcDbPolyline
 90
2
 70
0
 10
378.3106814903589
 20
148.89
 10
378.3106814903589
 20
145.58999999999997
  0
TEXT
  5
327
330
17
100
AcDbEntity
  8
TEXT
 62
7
100
AcDbText
 10
379.1106814903589
 20
146.58999999999997
 30
0.0
 40
1.3
  1
Э04
  7
GOST
 11
379.1106814903589
 21
146.58999999999997
 31
0.0
100
AcDbText
  0
LWPOLYLINE
  5
328
330
17
100
AcDbEntity
  8
TEXT
 62
7
370
15
100
AcDbPolyline
 90
2
 70
0
 10
391.3423697636432
 20
148.89
 10
391.3423697636432
 20
145.58999999999997
  0
LWPOLYLINE
  5
329
330
17
100
AcDbEntity
  8
TEXT
 62
7
370
15
100
AcDbPolyline
 90
2
 70
0
 10
413.00000000000006
 20
148.89
 10
413.00000000000006
 20
145.58999999999997
  0
LWPOLYLINE
  5
32A
330
17
100
AcDbEntity
  8
TEXT
 62
7
370
15
100
AcDbPolyline
 90
4
 70
1
 10
22.0
 20
142.28999999999996
 10
413.0000000000001
 20
142.28999999999996
 10
413.0000000000001
 20
145.58999999999997
 10
22.0
 20
145.58999999999997
  0
LWPOLYLINE
  5
32B
330
17
100
AcDbEntity
  8
TEXT
 62
7
370
15
100
AcDbPolyline
 90
2
 70
0
 10
22.0
 20
145.58999999999997
 10
22.0
 20
142.28999999999996
  0
TEXT
  5
32C
330
17
100
AcDbEntity
  8
TEXT
 62
7
100
AcDbText
 10
22.8
 20
143.28999999999996
 30
0.0
 40
1.3
  1
8
  7
GOST
 11
22.8
 21
143.28999999999996
 31
0.0
100
AcDbText
  0
LWPOLYLINE
  5
32D
330
17
100
AcDbEntity
  8
TEXT
 62
7
370
15
100
AcDbPolyline
 90
2
 70
0
 10
27.899281976832174
 20
145.58999999999997
 10
27.899281976832174
 20
142.28999999999996
  0
TEXT
  5
32E
330
17
100
AcDbEntity
  8
TEXT
 62
7
100
AcDbText
 10
28.699281976832175
 20
143.28999999999996
 30
0.0
 40
1.3
  1
АВДТ 1P+N C10 30 мА тип A 6 кА
  7
GOST
 11
28.699281976832175
 21
143.28999999999996
 31
0.0
100
AcDbText
  0
LWPOLYLINE
  5
32F
330
17
100
AcDbEntity
  8
TEXT
 62
7
370
15
100
AcDbPolyline
 90
2
 70
0
 10
116.20573038476013
 20
145.58999999999997
 10
116.20573038476013
 20
142.28999999999996
  0
TEXT
  5
330
330
17
100
AcDbEntity
  8
TEXT
 62
7
100
AcDbText
 10
117.00573038476013
 20
143.28999999999996
 30
0.0
 40
1.3
  1
Schneider Easy9 / Hager / IEK Armat
  7
GOST
 11
117.00573038476013
 21
143.28999999999996
 31
0.0
100
AcDbText
  0
LWPOLYLINE
  5
331
330
17
100
AcDbEntity
  8
TEXT
 62
7
370
15
100
AcDbPolyline
 90
2
 70
0
 10
180.803214207672
 20
145.58999999999997
 10
180.803214207672
 20
142.28999999999996
  0
TEXT
  5
332
330
17
100
AcDbEntity
  8
TEXT
 62
7
100
AcDbText
 10
181.603214207672
 20
143.28999999999996
 30
0.0
 40
1.3
  1
Schneider / Hager
  7
GOST
 11
181.603214207672
 21
143.28999999999996
 31
0.0
100
AcDbText
  0
LWPOLYLINE
  5
333
330
17
100
AcDbEntity
  8
TEXT
 62
7
370
15
100
AcDbPolyline
 90
2
 70
0
 10
215.7144968257277
 20
145.58999999999997
 10
215.7144968257277
 20
142.28999999999996
  0
TEXT
  5
334
330
17
100
AcDbEntity
  8
TEXT
 62
7
100
AcDbText
 10
216.51449682572772
 20
143.28999999999996
 30
0.0
 40
1.3
  1
1
  7
GOST
 11
216.51449682572772
 21
143.28999999999996
 31
0.0
100
AcDbText
  0
LWPOLYLINE
  5
335
330
17
100
AcDbEntity
  8
TEXT
 62
7
370
15
100
AcDbPolyline
 90
2
 70
0
 10
224.06700254724225
 20
145.58999999999997
 10
224.06700254724225
 20
142.28999999999996
  0
TEXT
  5
336
330
17
100
AcDbEntity
  8
TEXT
 62
7
100
AcDbText
 10
224.86700254724227
 20
143.28999999999996
 30
0.0
 40
1.3
  1
шт
  7
GOST
 11
224.86700254724227
 21
143.28999999999996
 31
0.0
100
AcDbText
  0
LWPOLYLINE
  5
337
330
17
100
AcDbEntity
  8
TEXT
 62
7
370
15
100
AcDbPolyline
 90
2
 70
0
 10
231.9005679100158
 20
145.58999999999997
 10
231.9005679100158
 20
142.28999999999996
  0
TEXT
  5
338
330
17
100
AcDbEntity
  8
TEXT
 62
7
100
AcDbText
 10
232.70056791001582
 20
143.28999999999996
 30
0.0
 40
1.3
  1
3 000
  7
GOST
 11
232.70056791001582
 21
143.28999999999996
 31
0.0
100
AcDbText
  0
LWPOLYLINE
  5
339
330
17
100
AcDbEntity
  8
TEXT
 62
7
370
15
100
AcDbPolyline
 90
2
 70
0
 10
248.91389288700609
 20
145.58999999999997
 10
248.91389288700609
 20
142.28999999999996
  0
TEXT
  5
33A
330
17
100
AcDbEntity
  8
TEXT
 62
7
100
AcDbText
 10
249.7138928870061
 20
143.28999999999996
 30
0.0
 40
1.3
  1
3 000
  7
GOST
 11
249.7138928870061
 21
143.28999999999996
 31
0.0
100
AcDbText
  0
LWPOLYLINE
  5
33B
330
17
100
AcDbEntity
  8
TEXT
 62
7
370
15
100
AcDbPolyline
 90
2
 70
0
 10
259.3922258341924
 20
145.58999999999997
 10
259.3922258341924
 20
142.28999999999996
  0
TEXT
  5
33C
330
17
100
AcDbEntity
  8
TEXT
 62
7
100
AcDbText
 10
260.1922258341924
 20
143.28999999999996
 30
0.0
 40
1.3
  1
R4
  7
GOST
 11
260.1922258341924
 21
143.28999999999996
 31
0.0
100
AcDbText
  0
LWPOLYLINE
  5
33D
330
17
100
AcDbEntity
  8
TEXT
 62
7
370
15
100
AcDbPolyline
 90
2
 70
0
 10
272.5833933396751
 20
145.58999999999997
 10
272.5833933396751
 20
142.28999999999996
  0
TEXT
  5
33E
330
17
100
AcDbEntity
  8
TEXT
 62
7
100
AcDbText
 10
273.38339333967514
 20
143.28999999999996
 30
0.0
 40
1.3
  1
C3; ЭМ-03
  7
GOST
 11
273.38339333967514
 21
143.28999999999996
 31
0.0
100
AcDbText
  0
LWPOLYLINE
  5
33F
330
17
100
AcDbEntity
  8
TEXT
 62
7
370
15
100
AcDbPolyline
 90
2
 70
0
 10
368.48123494296414
 20
145.58999999999997
 10
368.48123494296414
 20
142.28999999999996
  0
TEXT
  5
340
330
17
100
AcDbEntity
  8
TEXT
 62
7
100
AcDbText
 10
369.28123494296415
 20
143.28999999999996
 30
0.0
 40
1.3
  1
Ремонт
  7
GOST
 11
369.28123494296415
 21
143.28999999999996
 31
0.0
100
AcDbText
  0
LWPOLYLINE
  5
341
330
17
100
AcDbEntity
  8
TEXT
 62
7
370
15
100
AcDbPolyline
 90
2
 70
0
 10
378.3106814903589
 20
145.58999999999997
 10
378.3106814903589
 20
142.28999999999996
  0
TEXT
  5
342
330
17
100
AcDbEntity
  8
TEXT
 62
7
100
AcDbText
 10
379.1106814903589
 20
143.28999999999996
 30
0.0
 40
1.3
  1
Э04
  7
GOST
 11
379.1106814903589
 21
143.28999999999996
 31
0.0
100
AcDbText
  0
LWPOLYLINE
  5
343
330
17
100
AcDbEntity
  8
TEXT
 62
7
370
15
100
AcDbPolyline
 90
2
 70
0
 10
391.3423697636432
 20
145.58999999999997
 10
391.3423697636432
 20
142.28999999999996
  0
LWPOLYLINE
  5
344
330
17
100
AcDbEntity
  8
TEXT
 62
7
370
15
100
AcDbPolyline
 90
2
 70
0
 10
413.00000000000006
 20
145.58999999999997
 10
413.00000000000006
 20
142.28999999999996
  0
LWPOLYLINE
  5
345
330
17
100
AcDbEntity
  8
TEXT
 62
7
370
15
100
AcDbPolyline
 90
4
 70
1
 10
22.0
 20
138.98999999999995
 10
413.0000000000001
 20
138.98999999999995
 10
413.0000000000001
 20
142.28999999999996
 10
22.0
 20
142.28999999999996
  0
LWPOLYLINE
  5
346
330
17
100
AcDbEntity
  8
TEXT
 62
7
370
15
100
AcDbPolyline
 90
2
 70
0
 10
22.0
 20
142.28999999999996
 10
22.0
 20
138.98999999999995
  0
TEXT
  5
347
330
17
100
AcDbEntity
  8
TEXT
 62
7
100
AcDbText
 10
22.8
 20
139.98999999999995
 30
0.0
 40
1.3
  1
9
  7
GOST
 11
22.8
 21
139.98999999999995
 31
0.0
100
AcDbText
  0
LWPOLYLINE
  5
348
330
17
100
AcDbEntity
  8
TEXT
 62
7
370
15
100
AcDbPolyline
 90
2
 70
0
 10
27.899281976832174
 20
142.28999999999996
 10
27.899281976832174
 20
138.98999999999995
  0
TEXT
  5
349
330
17
100
AcDbEntity
  8
TEXT
 62
7
100
AcDbText
 10
28.699281976832175
 20
139.98999999999995
 30
0.0
 40
1.3
  1
АВДТ 1P+N C16 30 мА тип A 6 кА
  7
GOST
 11
28.699281976832175
 21
139.98999999999995
 31
0.0
100
AcDbText
  0
LWPOLYLINE
  5
34A
330
17
100
AcDbEntity
  8
TEXT
 62
7
370
15
100
AcDbPolyline
 90
2
 70
0
 10
116.20573038476013
 20
142.28999999999996
 10
116.20573038476013
 20
138.98999999999995
  0
TEXT
  5
34B
330
17
100
AcDbEntity
  8
TEXT
 62
7
100
AcDbText
 10
117.00573038476013
 20
139.98999999999995
 30
0.0
 40
1.3
  1
Schneider Easy9 / Hager / IEK Armat
  7
GOST
 11
117.00573038476013
 21
139.98999999999995
 31
0.0
100
AcDbText
  0
LWPOLYLINE
  5
34C
330
17
100
AcDbEntity
  8
TEXT
 62
7
370
15
100
AcDbPolyline
 90
2
 70
0
 10
180.803214207672
 20
142.28999999999996
 10
180.803214207672
 20
138.98999999999995
  0
TEXT
  5
34D
330
17
100
AcDbEntity
  8
TEXT
 62
7
100
AcDbText
 10
181.603214207672
 20
139.98999999999995
 30
0.0
 40
1.3
  1
Schneider / Hager
  7
GOST
 11
181.603214207672
 21
139.98999999999995
 31
0.0
100
AcDbText
  0
LWPOLYLINE
  5
34E
330
17
100
AcDbEntity
  8
TEXT
 62
7
370
15
100
AcDbPolyline
 90
2
 70
0
 10
215.7144968257277
 20
142.28999999999996
 10
215.7144968257277
 20
138.98999999999995
  0
TEXT
  5
34F
330
17
100
AcDbEntity
  8
TEXT
 62
7
100
AcDbText
 10
216.51449682572772
 20
139.98999999999995
 30
0.0
 40
1.3
  1
17
  7
GOST
 11
216.51449682572772
 21
139.98999999999995
 31
0.0
100
AcDbText
  0
LWPOLYLINE
  5
350
330
17
100
AcDbEntity
  8
TEXT
 62
7
370
15
100
AcDbPolyline
 90
2
 70
0
 10
224.06700254724225
 20
142.28999999999996
 10
224.06700254724225
 20
138.98999999999995
  0
TEXT
  5
351
330
17
100
AcDbEntity
  8
TEXT
 62
7
100
AcDbText
 10
224.86700254724227
 20
139.98999999999995
 30
0.0
 40
1.3
  1
шт
  7
GOST
 11
224.86700254724227
 21
139.98999999999995
 31
0.0
100
AcDbText
  0
LWPOLYLINE
  5
352
330
17
100
AcDbEntity
  8
TEXT
 62
7
370
15
100
AcDbPolyline
 90
2
 70
0
 10
231.9005679100158
 20
142.28999999999996
 10
231.9005679100158
 20
138.98999999999995
  0
TEXT
  5
353
330
17
100
AcDbEntity
  8
TEXT
 62
7
100
AcDbText
 10
232.70056791001582
 20
139.98999999999995
 30
0.0
 40
1.3
  1
3 000
  7
GOST
 11
232.70056791001582
 21
139.98999999999995
 31
0.0
100
AcDbText
  0
LWPOLYLINE
  5
354
330
17
100
AcDbEntity
  8
TEXT
 62
7
370
15
100
AcDbPolyline
 90
2
 70
0
 10
248.91389288700609
 20
142.28999999999996
 10
248.91389288700609
 20
138.98999999999995
  0
TEXT
  5
355
330
17
100
AcDbEntity
  8
TEXT
 62
7
100
AcDbText
 10
249.7138928870061
 20
139.98999999999995
 30
0.0
 40
1.3
  1
51 000
  7
GOST
 11
249.7138928870061
 21
139.98999999999995
 31
0.0
100
AcDbText
  0
LWPOLYLINE
  5
356
330
17
100
AcDbEntity
  8
TEXT
 62
7
370
15
100
AcDbPolyline
 90
2
 70
0
 10
259.3922258341924
 20
142.28999999999996
 10
259.3922258341924
 20
138.98999999999995
  0
TEXT
  5
357
330
17
100
AcDbEntity
  8
TEXT
 62
7
100
AcDbText
 10
260.1922258341924
 20
139.98999999999995
 30
0.0
 40
1.3
  1
R4
  7
GOST
 11
260.1922258341924
 21
139.98999999999995
 31
0.0
100
AcDbText
  0
LWPOLYLINE
  5
358
330
17
100
AcDbEntity
  8
TEXT
 62
7
370
15
100
AcDbPolyline
 90
2
 70
0
 10
272.5833933396751
 20
142.28999999999996
 10
272.5833933396751
 20
138.98999999999995
  0
TEXT
  5
359
330
17
100
AcDbEntity
  8
TEXT
 62
7
100
AcDbText
 10
273.38339333967514
 20
139.98999999999995
 30
0.0
 40
1.3
  1
C4, C5, C6, C8, C9, C10, C11, C13, C14, C15, C16, C17, C18, C19, C20, C21, C22; ЭМ-03
  7
GOST
 11
273.38339333967514
 21
139.98999999999995
 31
0.0
100
AcDbText
  0
LWPOLYLINE
  5
35A
330
17
100
AcDbEntity
  8
TEXT
 62
7
370
15
100
AcDbPolyline
 90
2
 70
0
 10
368.48123494296414
 20
142.28999999999996
 10
368.48123494296414
 20
138.98999999999995
  0
TEXT
  5
35B
330
17
100
AcDbEntity
  8
TEXT
 62
7
100
AcDbText
 10
369.28123494296415
 20
139.98999999999995
 30
0.0
 40
1.3
  1
Ремонт
  7
GOST
 11
369.28123494296415
 21
139.98999999999995
 31
0.0
100
AcDbText
  0
LWPOLYLINE
  5
35C
330
17
100
AcDbEntity
  8
TEXT
 62
7
370
15
100
AcDbPolyline
 90
2
 70
0
 10
378.3106814903589
 20
142.28999999999996
 10
378.3106814903589
 20
138.98999999999995
  0
TEXT
  5
35D
330
17
100
AcDbEntity
  8
TEXT
 62
7
100
AcDbText
 10
379.1106814903589
 20
139.98999999999995
 30
0.0
 40
1.3
  1
Э04
  7
GOST
 11
379.1106814903589
 21
139.98999999999995
 31
0.0
100
AcDbText
  0
LWPOLYLINE
  5
35E
330
17
100
AcDbEntity
  8
TEXT
 62
7
370
15
100
AcDbPolyline
 90
2
 70
0
 10
391.3423697636432
 20
142.28999999999996
 10
391.3423697636432
 20
138.98999999999995
  0
LWPOLYLINE
  5
35F
330
17
100
AcDbEntity
  8
TEXT
 62
7
370
15
100
AcDbPolyline
 90
2
 70
0
 10
413.00000000000006
 20
142.28999999999996
 10
413.00000000000006
 20
138.98999999999995
  0
LWPOLYLINE
  5
360
330
17
100
AcDbEntity
  8
TEXT
 62
7
370
15
100
AcDbPolyline
 90
4
 70
1
 10
22.0
 20
135.68999999999994
 10
413.0000000000001
 20
135.68999999999994
 10
413.0000000000001
 20
138.98999999999995
 10
22.0
 20
138.98999999999995
  0
LWPOLYLINE
  5
361
330
17
100
AcDbEntity
  8
TEXT
 62
7
370
15
100
AcDbPolyline
 90
2
 70
0
 10
22.0
 20
138.98999999999995
 10
22.0
 20
135.68999999999994
  0
TEXT
  5
362
330
17
100
AcDbEntity
  8
TEXT
 62
7
100
AcDbText
 10
22.8
 20
136.68999999999994
 30
0.0
 40
1.3
  1
10
  7
GOST
 11
22.8
 21
136.68999999999994
 31
0.0
100
AcDbText
  0
LWPOLYLINE
  5
363
330
17
100
AcDbEntity
  8
TEXT
 62
7
370
15
100
AcDbPolyline
 90
2
 70
0
 10
27.899281976832174
 20
138.98999999999995
 10
27.899281976832174
 20
135.68999999999994
  0
TEXT
  5
364
330
17
100
AcDbEntity
  8
TEXT
 62
7
100
AcDbText
 10
28.699281976832175
 20
136.68999999999994
 30
0.0
 40
1.3
  1
АВДТ 1P+N C32 30 мА тип A 6 кА (2 мод.)
  7
GOST
 11
28.699281976832175
 21
136.68999999999994
 31
0.0
100
AcDbText
  0
LWPOLYLINE
  5
365
330
17
100
AcDbEntity
  8
TEXT
 62
7
370
15
100
AcDbPolyline
 90
2
 70
0
 10
116.20573038476013
 20
138.98999999999995
 10
116.20573038476013
 20
135.68999999999994
  0
TEXT
  5
366
330
17
100
AcDbEntity
  8
TEXT
 62
7
100
AcDbText
 10
117.00573038476013
 20
136.68999999999994
 30
0.0
 40
1.3
  1
Schneider Easy9 / Hager / IEK Armat
  7
GOST
 11
117.00573038476013
 21
136.68999999999994
 31
0.0
100
AcDbText
  0
LWPOLYLINE
  5
367
330
17
100
AcDbEntity
  8
TEXT
 62
7
370
15
100
AcDbPolyline
 90
2
 70
0
 10
180.803214207672
 20
138.98999999999995
 10
180.803214207672
 20
135.68999999999994
  0
TEXT
  5
368
330
17
100
AcDbEntity
  8
TEXT
 62
7
100
AcDbText
 10
181.603214207672
 20
136.68999999999994
 30
0.0
 40
1.3
  1
Schneider / Hager
  7
GOST
 11
181.603214207672
 21
136.68999999999994
 31
0.0
100
AcDbText
  0
LWPOLYLINE
  5
369
330
17
100
AcDbEntity
  8
TEXT
 62
7
370
15
100
AcDbPolyline
 90
2
 70
0
 10
215.7144968257277
 20
138.98999999999995
 10
215.7144968257277
 20
135.68999999999994
  0
TEXT
  5
36A
330
17
100
AcDbEntity
  8
TEXT
 62
7
100
AcDbText
 10
216.51449682572772
 20
136.68999999999994
 30
0.0
 40
1.3
  1
1
  7
GOST
 11
216.51449682572772
 21
136.68999999999994
 31
0.0
100
AcDbText
  0
LWPOLYLINE
  5
36B
330
17
100
AcDbEntity
  8
TEXT
 62
7
370
15
100
AcDbPolyline
 90
2
 70
0
 10
224.06700254724225
 20
138.98999999999995
 10
224.06700254724225
 20
135.68999999999994
  0
TEXT
  5
36C
330
17
100
AcDbEntity
  8
TEXT
 62
7
100
AcDbText
 10
224.86700254724227
 20
136.68999999999994
 30
0.0
 40
1.3
  1
шт
  7
GOST
 11
224.86700254724227
 21
136.68999999999994
 31
0.0
100
AcDbText
  0
LWPOLYLINE
  5
36D
330
17
100
AcDbEntity
  8
TEXT
 62
7
370
15
100
AcDbPolyline
 90
2
 70
0
 10
231.9005679100158
 20
138.98999999999995
 10
231.9005679100158
 20
135.68999999999994
  0
TEXT
  5
36E
330
17
100
AcDbEntity
  8
TEXT
 62
7
100
AcDbText
 10
232.70056791001582
 20
136.68999999999994
 30
0.0
 40
1.3
  1
5 200
  7
GOST
 11
232.70056791001582
 21
136.68999999999994
 31
0.0
100
AcDbText
  0
LWPOLYLINE
  5
36F
330
17
100
AcDbEntity
  8
TEXT
 62
7
370
15
100
AcDbPolyline
 90
2
 70
0
 10
248.91389288700609
 20
138.98999999999995
 10
248.91389288700609
 20
135.68999999999994
  0
TEXT
  5
370
330
17
100
AcDbEntity
  8
TEXT
 62
7
100
AcDbText
 10
249.7138928870061
 20
136.68999999999994
 30
0.0
 40
1.3
  1
5 200
  7
GOST
 11
249.7138928870061
 21
136.68999999999994
 31
0.0
100
AcDbText
  0
LWPOLYLINE
  5
371
330
17
100
AcDbEntity
  8
TEXT
 62
7
370
15
100
AcDbPolyline
 90
2
 70
0
 10
259.3922258341924
 20
138.98999999999995
 10
259.3922258341924
 20
135.68999999999994
  0
TEXT
  5
372
330
17
100
AcDbEntity
  8
TEXT
 62
7
100
AcDbText
 10
260.1922258341924
 20
136.68999999999994
 30
0.0
 40
1.3
  1
R4
  7
GOST
 11
260.1922258341924
 21
136.68999999999994
 31
0.0
100
AcDbText
  0
LWPOLYLINE
  5
373
330
17
100
AcDbEntity
  8
TEXT
 62
7
370
15
100
AcDbPolyline
 90
2
 70
0
 10
272.5833933396751
 20
138.98999999999995
 10
272.5833933396751
 20
135.68999999999994
  0
TEXT
  5
374
330
17
100
AcDbEntity
  8
TEXT
 62
7
100
AcDbText
 10
273.38339333967514
 20
136.68999999999994
 30
0.0
 40
1.3
  1
C7; ЭМ-03
  7
GOST
 11
273.38339333967514
 21
136.68999999999994
 31
0.0
100
AcDbText
  0
LWPOLYLINE
  5
375
330
17
100
AcDbEntity
  8
TEXT
 62
7
370
15
100
AcDbPolyline
 90
2
 70
0
 10
368.48123494296414
 20
138.98999999999995
 10
368.48123494296414
 20
135.68999999999994
  0
TEXT
  5
376
330
17
100
AcDbEntity
  8
TEXT
 62
7
100
AcDbText
 10
369.28123494296415
 20
136.68999999999994
 30
0.0
 40
1.3
  1
Ремонт
  7
GOST
 11
369.28123494296415
 21
136.68999999999994
 31
0.0
100
AcDbText
  0
LWPOLYLINE
  5
377
330
17
100
AcDbEntity
  8
TEXT
 62
7
370
15
100
AcDbPolyline
 90
2
 70
0
 10
378.3106814903589
 20
138.98999999999995
 10
378.3106814903589
 20
135.68999999999994
  0
TEXT
  5
378
330
17
100
AcDbEntity
  8
TEXT
 62
7
100
AcDbText
 10
379.1106814903589
 20
136.68999999999994
 30
0.0
 40
1.3
  1
Э04
  7
GOST
 11
379.1106814903589
 21
136.68999999999994
 31
0.0
100
AcDbText
  0
LWPOLYLINE
  5
379
330
17
100
AcDbEntity
  8
TEXT
 62
7
370
15
100
AcDbPolyline
 90
2
 70
0
 10
391.3423697636432
 20
138.98999999999995
 10
391.3423697636432
 20
135.68999999999994
  0
LWPOLYLINE
  5
37A
330
17
100
AcDbEntity
  8
TEXT
 62
7
370
15
100
AcDbPolyline
 90
2
 70
0
 10
413.00000000000006
 20
138.98999999999995
 10
413.00000000000006
 20
135.68999999999994
  0
LWPOLYLINE
  5
37B
330
17
100
AcDbEntity
  8
TEXT
 62
7
370
15
100
AcDbPolyline
 90
4
 70
1
 10
22.0
 20
132.38999999999993
 10
413.0000000000001
 20
132.38999999999993
 10
413.0000000000001
 20
135.68999999999994
 10
22.0
 20
135.68999999999994
  0
LWPOLYLINE
  5
37C
330
17
100
AcDbEntity
  8
TEXT
 62
7
370
15
100
AcDbPolyline
 90
2
 70
0
 10
22.0
 20
135.68999999999994
 10
22.0
 20
132.38999999999993
  0
TEXT
  5
37D
330
17
100
AcDbEntity
  8
TEXT
 62
7
100
AcDbText
 10
22.8
 20
133.38999999999993
 30
0.0
 40
1.3
  1
11
  7
GOST
 11
22.8
 21
133.38999999999993
 31
0.0
100
AcDbText
  0
LWPOLYLINE
  5
37E
330
17
100
AcDbEntity
  8
TEXT
 62
7
370
15
100
AcDbPolyline
 90
2
 70
0
 10
27.899281976832174
 20
135.68999999999994
 10
27.899281976832174
 20
132.38999999999993
  0
TEXT
  5
37F
330
17
100
AcDbEntity
  8
TEXT
 62
7
100
AcDbText
 10
28.699281976832175
 20
133.38999999999993
 30
0.0
 40
1.3
  1
АВДТ 1P+N C16 10 мА тип A 6 кА
  7
GOST
 11
28.699281976832175
 21
133.38999999999993
 31
0.0
100
AcDbText
  0
LWPOLYLINE
  5
380
330
17
100
AcDbEntity
  8
TEXT
 62
7
370
15
100
AcDbPolyline
 90
2
 70
0
 10
116.20573038476013
 20
135.68999999999994
 10
116.20573038476013
 20
132.38999999999993
  0
TEXT
  5
381
330
17
100
AcDbEntity
  8
TEXT
 62
7
100
AcDbText
 10
117.00573038476013
 20
133.38999999999993
 30
0.0
 40
1.3
  1
Schneider Easy9 / Hager / IEK Armat
  7
GOST
 11
117.00573038476013
 21
133.38999999999993
 31
0.0
100
AcDbText
  0
LWPOLYLINE
  5
382
330
17
100
AcDbEntity
  8
TEXT
 62
7
370
15
100
AcDbPolyline
 90
2
 70
0
 10
180.803214207672
 20
135.68999999999994
 10
180.803214207672
 20
132.38999999999993
  0
TEXT
  5
383
330
17
100
AcDbEntity
  8
TEXT
 62
7
100
AcDbText
 10
181.603214207672
 20
133.38999999999993
 30
0.0
 40
1.3
  1
Schneider / Hager
  7
GOST
 11
181.603214207672
 21
133.38999999999993
 31
0.0
100
AcDbText
  0
LWPOLYLINE
  5
384
330
17
100
AcDbEntity
  8
TEXT
 62
7
370
15
100
AcDbPolyline
 90
2
 70
0
 10
215.7144968257277
 20
135.68999999999994
 10
215.7144968257277
 20
132.38999999999993
  0
TEXT
  5
385
330
17
100
AcDbEntity
  8
TEXT
 62
7
100
AcDbText
 10
216.51449682572772
 20
133.38999999999993
 30
0.0
 40
1.3
  1
1
  7
GOST
 11
216.51449682572772
 21
133.38999999999993
 31
0.0
100
AcDbText
  0
LWPOLYLINE
  5
386
330
17
100
AcDbEntity
  8
TEXT
 62
7
370
15
100
AcDbPolyline
 90
2
 70
0
 10
224.06700254724225
 20
135.68999999999994
 10
224.06700254724225
 20
132.38999999999993
  0
TEXT
  5
387
330
17
100
AcDbEntity
  8
TEXT
 62
7
100
AcDbText
 10
224.86700254724227
 20
133.38999999999993
 30
0.0
 40
1.3
  1
шт
  7
GOST
 11
224.86700254724227
 21
133.38999999999993
 31
0.0
100
AcDbText
  0
LWPOLYLINE
  5
388
330
17
100
AcDbEntity
  8
TEXT
 62
7
370
15
100
AcDbPolyline
 90
2
 70
0
 10
231.9005679100158
 20
135.68999999999994
 10
231.9005679100158
 20
132.38999999999993
  0
TEXT
  5
389
330
17
100
AcDbEntity
  8
TEXT
 62
7
100
AcDbText
 10
232.70056791001582
 20
133.38999999999993
 30
0.0
 40
1.3
  1
4 800
  7
GOST
 11
232.70056791001582
 21
133.38999999999993
 31
0.0
100
AcDbText
  0
LWPOLYLINE
  5
38A
330
17
100
AcDbEntity
  8
TEXT
 62
7
370
15
100
AcDbPolyline
 90
2
 70
0
 10
248.91389288700609
 20
135.68999999999994
 10
248.91389288700609
 20
132.38999999999993
  0
TEXT
  5
38B
330
17
100
AcDbEntity
  8
TEXT
 62
7
100
AcDbText
 10
249.7138928870061
 20
133.38999999999993
 30
0.0
 40
1.3
  1
4 800
  7
GOST
 11
249.7138928870061
 21
133.38999999999993
 31
0.0
100
AcDbText
  0
LWPOLYLINE
  5
38C
330
17
100
AcDbEntity
  8
TEXT
 62
7
370
15
100
AcDbPolyline
 90
2
 70
0
 10
259.3922258341924
 20
135.68999999999994
 10
259.3922258341924
 20
132.38999999999993
  0
TEXT
  5
38D
330
17
100
AcDbEntity
  8
TEXT
 62
7
100
AcDbText
 10
260.1922258341924
 20
133.38999999999993
 30
0.0
 40
1.3
  1
R4
  7
GOST
 11
260.1922258341924
 21
133.38999999999993
 31
0.0
100
AcDbText
  0
LWPOLYLINE
  5
38E
330
17
100
AcDbEntity
  8
TEXT
 62
7
370
15
100
AcDbPolyline
 90
2
 70
0
 10
272.5833933396751
 20
135.68999999999994
 10
272.5833933396751
 20
132.38999999999993
  0
TEXT
  5
38F
330
17
100
AcDbEntity
  8
TEXT
 62
7
100
AcDbText
 10
273.38339333967514
 20
133.38999999999993
 30
0.0
 40
1.3
  1
C12; ЭМ-03
  7
GOST
 11
273.38339333967514
 21
133.38999999999993
 31
0.0
100
AcDbText
  0
LWPOLYLINE
  5
390
330
17
100
AcDbEntity
  8
TEXT
 62
7
370
15
100
AcDbPolyline
 90
2
 70
0
 10
368.48123494296414
 20
135.68999999999994
 10
368.48123494296414
 20
132.38999999999993
  0
TEXT
  5
391
330
17
100
AcDbEntity
  8
TEXT
 62
7
100
AcDbText
 10
369.28123494296415
 20
133.38999999999993
 30
0.0
 40
1.3
  1
Ремонт
  7
GOST
 11
369.28123494296415
 21
133.38999999999993
 31
0.0
100
AcDbText
  0
LWPOLYLINE
  5
392
330
17
100
AcDbEntity
  8
TEXT
 62
7
370
15
100
AcDbPolyline
 90
2
 70
0
 10
378.3106814903589
 20
135.68999999999994
 10
378.3106814903589
 20
132.38999999999993
  0
TEXT
  5
393
330
17
100
AcDbEntity
  8
TEXT
 62
7
100
AcDbText
 10
379.1106814903589
 20
133.38999999999993
 30
0.0
 40
1.3
  1
Э04
  7
GOST
 11
379.1106814903589
 21
133.38999999999993
 31
0.0
100
AcDbText
  0
LWPOLYLINE
  5
394
330
17
100
AcDbEntity
  8
TEXT
 62
7
370
15
100
AcDbPolyline
 90
2
 70
0
 10
391.3423697636432
 20
135.68999999999994
 10
391.3423697636432
 20
132.38999999999993
  0
LWPOLYLINE
  5
395
330
17
100
AcDbEntity
  8
TEXT
 62
7
370
15
100
AcDbPolyline
 90
2
 70
0
 10
413.00000000000006
 20
135.68999999999994
 10
413.00000000000006
 20
132.38999999999993
  0
LWPOLYLINE
  5
396
330
17
100
AcDbEntity
  8
TEXT
 62
7
370
15
100
AcDbPolyline
 90
4
 70
1
 10
22.0
 20
129.08999999999992
 10
413.0000000000001
 20
129.08999999999992
 10
413.0000000000001
 20
132.38999999999993
 10
22.0
 20
132.38999999999993
  0
LWPOLYLINE
  5
397
330
17
100
AcDbEntity
  8
TEXT
 62
7
370
15
100
AcDbPolyline
 90
2
 70
0
 10
22.0
 20
132.38999999999993
 10
22.0
 20
129.08999999999992
  0
TEXT
  5
398
330
17
100
AcDbEntity
  8
TEXT
 62
7
100
AcDbText
 10
22.8
 20
130.08999999999992
 30
0.0
 40
1.3
  1
12
  7
GOST
 11
22.8
 21
130.08999999999992
 31
0.0
100
AcDbText
  0
LWPOLYLINE
  5
399
330
17
100
AcDbEntity
  8
TEXT
 62
7
370
15
100
AcDbPolyline
 90
2
 70
0
 10
27.899281976832174
 20
132.38999999999993
 10
27.899281976832174
 20
129.08999999999992
  0
TEXT
  5
39A
330
17
100
AcDbEntity
  8
TEXT
 62
7
100
AcDbText
 10
28.699281976832175
 20
130.08999999999992
 30
0.0
 40
1.3
  1
Шины N/PE, гребёнки, заглушки, маркировка, DIN-розетки ×3 (P-SS1 в U16)
  7
GOST
 11
28.699281976832175
 21
130.08999999999992
 31
0.0
100
AcDbText
  0
LWPOLYLINE
  5
39B
330
17
100
AcDbEntity
  8
TEXT
 62
7
370
15
100
AcDbPolyline
 90
2
 70
0
 10
116.20573038476013
 20
132.38999999999993
 10
116.20573038476013
 20
129.08999999999992
  0
TEXT
  5
39C
330
17
100
AcDbEntity
  8
TEXT
 62
7
100
AcDbText
 10
117.00573038476013
 20
130.08999999999992
 30
0.0
 40
1.3
  1
—
  7
GOST
 11
117.00573038476013
 21
130.08999999999992
 31
0.0
100
AcDbText
  0
LWPOLYLINE
  5
39D
330
17
100
AcDbEntity
  8
TEXT
 62
7
370
15
100
AcDbPolyline
 90
2
 70
0
 10
180.803214207672
 20
132.38999999999993
 10
180.803214207672
 20
129.08999999999992
  0
TEXT
  5
39E
330
17
100
AcDbEntity
  8
TEXT
 62
7
100
AcDbText
 10
181.603214207672
 20
130.08999999999992
 30
0.0
 40
1.3
  1
Hager / Schneider
  7
GOST
 11
181.603214207672
 21
130.08999999999992
 31
0.0
100
AcDbText
  0
LWPOLYLINE
  5
39F
330
17
100
AcDbEntity
  8
TEXT
 62
7
370
15
100
AcDbPolyline
 90
2
 70
0
 10
215.7144968257277
 20
132.38999999999993
 10
215.7144968257277
 20
129.08999999999992
  0
TEXT
  5
3A0
330
17
100
AcDbEntity
  8
TEXT
 62
7
100
AcDbText
 10
216.51449682572772
 20
130.08999999999992
 30
0.0
 40
1.3
  1
1
  7
GOST
 11
216.51449682572772
 21
130.08999999999992
 31
0.0
100
AcDbText
  0
LWPOLYLINE
  5
3A1
330
17
100
AcDbEntity
  8
TEXT
 62
7
370
15
100
AcDbPolyline
 90
2
 70
0
 10
224.06700254724225
 20
132.38999999999993
 10
224.06700254724225
 20
129.08999999999992
  0
TEXT
  5
3A2
330
17
100
AcDbEntity
  8
TEXT
 62
7
100
AcDbText
 10
224.86700254724227
 20
130.08999999999992
 30
0.0
 40
1.3
  1
компл
  7
GOST
 11
224.86700254724227
 21
130.08999999999992
 31
0.0
100
AcDbText
  0
LWPOLYLINE
  5
3A3
330
17
100
AcDbEntity
  8
TEXT
 62
7
370
15
100
AcDbPolyline
 90
2
 70
0
 10
231.9005679100158
 20
132.38999999999993
 10
231.9005679100158
 20
129.08999999999992
  0
TEXT
  5
3A4
330
17
100
AcDbEntity
  8
TEXT
 62
7
100
AcDbText
 10
232.70056791001582
 20
130.08999999999992
 30
0.0
 40
1.3
  1
6 500
  7
GOST
 11
232.70056791001582
 21
130.08999999999992
 31
0.0
100
AcDbText
  0
LWPOLYLINE
  5
3A5
330
17
100
AcDbEntity
  8
TEXT
 62
7
370
15
100
AcDbPolyline
 90
2
 70
0
 10
248.91389288700609
 20
132.38999999999993
 10
248.91389288700609
 20
129.08999999999992
  0
TEXT
  5
3A6
330
17
100
AcDbEntity
  8
TEXT
 62
7
100
AcDbText
 10
249.7138928870061
 20
130.08999999999992
 30
0.0
 40
1.3
  1
6 500
  7
GOST
 11
249.7138928870061
 21
130.08999999999992
 31
0.0
100
AcDbText
  0
LWPOLYLINE
  5
3A7
330
17
100
AcDbEntity
  8
TEXT
 62
7
370
15
100
AcDbPolyline
 90
2
 70
0
 10
259.3922258341924
 20
132.38999999999993
 10
259.3922258341924
 20
129.08999999999992
  0
TEXT
  5
3A8
330
17
100
AcDbEntity
  8
TEXT
 62
7
100
AcDbText
 10
260.1922258341924
 20
130.08999999999992
 30
0.0
 40
1.3
  1
R4
  7
GOST
 11
260.1922258341924
 21
130.08999999999992
 31
0.0
100
AcDbText
  0
LWPOLYLINE
  5
3A9
330
17
100
AcDbEntity
  8
TEXT
 62
7
370
15
100
AcDbPolyline
 90
2
 70
0
 10
272.5833933396751
 20
132.38999999999993
 10
272.5833933396751
 20
129.08999999999992
  0
TEXT
  5
3AA
330
17
100
AcDbEntity
  8
TEXT
 62
7
100
AcDbText
 10
273.38339333967514
 20
130.08999999999992
 30
0.0
 40
1.3
  1
panel.json; P-SS1
  7
GOST
 11
273.38339333967514
 21
130.08999999999992
 31
0.0
100
AcDbText
  0
LWPOLYLINE
  5
3AB
330
17
100
AcDbEntity
  8
TEXT
 62
7
370
15
100
AcDbPolyline
 90
2
 70
0
 10
368.48123494296414
 20
132.38999999999993
 10
368.48123494296414
 20
129.08999999999992
  0
TEXT
  5
3AC
330
17
100
AcDbEntity
  8
TEXT
 62
7
100
AcDbText
 10
369.28123494296415
 20
130.08999999999992
 30
0.0
 40
1.3
  1
Ремонт
  7
GOST
 11
369.28123494296415
 21
130.08999999999992
 31
0.0
100
AcDbText
  0
LWPOLYLINE
  5
3AD
330
17
100
AcDbEntity
  8
TEXT
 62
7
370
15
100
AcDbPolyline
 90
2
 70
0
 10
378.3106814903589
 20
132.38999999999993
 10
378.3106814903589
 20
129.08999999999992
  0
TEXT
  5
3AE
330
17
100
AcDbEntity
  8
TEXT
 62
7
100
AcDbText
 10
379.1106814903589
 20
130.08999999999992
 30
0.0
 40
1.3
  1
Э04
  7
GOST
 11
379.1106814903589
 21
130.08999999999992
 31
0.0
100
AcDbText
  0
LWPOLYLINE
  5
3AF
330
17
100
AcDbEntity
  8
TEXT
 62
7
370
15
100
AcDbPolyline
 90
2
 70
0
 10
391.3423697636432
 20
132.38999999999993
 10
391.3423697636432
 20
129.08999999999992
  0
LWPOLYLINE
  5
3B0
330
17
100
AcDbEntity
  8
TEXT
 62
7
370
15
100
AcDbPolyline
 90
2
 70
0
 10
413.00000000000006
 20
132.38999999999993
 10
413.00000000000006
 20
129.08999999999992
  0
LWPOLYLINE
  5
3B1
330
17
100
AcDbEntity
  8
TEXT
 62
7
370
15
100
AcDbPolyline
 90
4
 70
1
 10
22.0
 20
125.78999999999992
 10
413.0000000000001
 20
125.78999999999992
 10
413.0000000000001
 20
129.08999999999992
 10
22.0
 20
129.08999999999992
  0
LWPOLYLINE
  5
3B2
330
17
100
AcDbEntity
  8
TEXT
 62
7
370
15
100
AcDbPolyline
 90
2
 70
0
 10
22.0
 20
129.08999999999992
 10
22.0
 20
125.78999999999992
  0
TEXT
  5
3B3
330
17
100
AcDbEntity
  8
TEXT
 62
7
100
AcDbText
 10
22.8
 20
126.7899999999999
 30
0.0
 40
1.3
  1
13
  7
GOST
 11
22.8
 21
126.7899999999999
 31
0.0
100
AcDbText
  0
LWPOLYLINE
  5
3B4
330
17
100
AcDbEntity
  8
TEXT
 62
7
370
15
100
AcDbPolyline
 90
2
 70
0
 10
27.899281976832174
 20
129.08999999999992
 10
27.899281976832174
 20
125.78999999999992
  0
TEXT
  5
3B5
330
17
100
AcDbEntity
  8
TEXT
 62
7
100
AcDbText
 10
28.699281976832175
 20
126.7899999999999
 30
0.0
 40
1.3
  1
Кабель ВВГнг(А)-LS 3×1,5
  7
GOST
 11
28.699281976832175
 21
126.7899999999999
 31
0.0
100
AcDbText
  0
LWPOLYLINE
  5
3B6
330
17
100
AcDbEntity
  8
TEXT
 62
7
370
15
100
AcDbPolyline
 90
2
 70
0
 10
116.20573038476013
 20
129.08999999999992
 10
116.20573038476013
 20
125.78999999999992
  0
TEXT
  5
3B7
330
17
100
AcDbEntity
  8
TEXT
 62
7
100
AcDbText
 10
117.00573038476013
 20
126.7899999999999
 30
0.0
 40
1.3
  1
ГОСТ 31996
  7
GOST
 11
117.00573038476013
 21
126.7899999999999
 31
0.0
100
AcDbText
  0
LWPOLYLINE
  5
3B8
330
17
100
AcDbEntity
  8
TEXT
 62
7
370
15
100
AcDbPolyline
 90
2
 70
0
 10
180.803214207672
 20
129.08999999999992
 10
180.803214207672
 20
125.78999999999992
  0
TEXT
  5
3B9
330
17
100
AcDbEntity
  8
TEXT
 62
7
100
AcDbText
 10
181.603214207672
 20
126.7899999999999
 30
0.0
 40
1.3
  1
Кольчугино / Конкорд / Севкабель
  7
GOST
 11
181.603214207672
 21
126.7899999999999
 31
0.0
100
AcDbText
  0
LWPOLYLINE
  5
3BA
330
17
100
AcDbEntity
  8
TEXT
 62
7
370
15
100
AcDbPolyline
 90
2
 70
0
 10
215.7144968257277
 20
129.08999999999992
 10
215.7144968257277
 20
125.78999999999992
  0
TEXT
  5
3BB
330
17
100
AcDbEntity
  8
TEXT
 62
7
100
AcDbText
 10
216.51449682572772
 20
126.7899999999999
 30
0.0
 40
1.3
  1
280
  7
GOST
 11
216.51449682572772
 21
126.7899999999999
 31
0.0
100
AcDbText
  0
LWPOLYLINE
  5
3BC
330
17
100
AcDbEntity
  8
TEXT
 62
7
370
15
100
AcDbPolyline
 90
2
 70
0
 10
224.06700254724225
 20
129.08999999999992
 10
224.06700254724225
 20
125.78999999999992
  0
TEXT
  5
3BD
330
17
100
AcDbEntity
  8
TEXT
 62
7
100
AcDbText
 10
224.86700254724227
 20
126.7899999999999
 30
0.0
 40
1.3
  1
м
  7
GOST
 11
224.86700254724227
 21
126.7899999999999
 31
0.0
100
AcDbText
  0
LWPOLYLINE
  5
3BE
330
17
100
AcDbEntity
  8
TEXT
 62
7
370
15
100
AcDbPolyline
 90
2
 70
0
 10
231.9005679100158
 20
129.08999999999992
 10
231.9005679100158
 20
125.78999999999992
  0
TEXT
  5
3BF
330
17
100
AcDbEntity
  8
TEXT
 62
7
100
AcDbText
 10
232.70056791001582
 20
126.7899999999999
 30
0.0
 40
1.3
  1
115
  7
GOST
 11
232.70056791001582
 21
126.7899999999999
 31
0.0
100
AcDbText
  0
LWPOLYLINE
  5
3C0
330
17
100
AcDbEntity
  8
TEXT
 62
7
370
15
100
AcDbPolyline
 90
2
 70
0
 10
248.91389288700609
 20
129.08999999999992
 10
248.91389288700609
 20
125.78999999999992
  0
TEXT
  5
3C1
330
17
100
AcDbEntity
  8
TEXT
 62
7
100
AcDbText
 10
249.7138928870061
 20
126.7899999999999
 30
0.0
 40
1.3
  1
32 200
  7
GOST
 11
249.7138928870061
 21
126.7899999999999
 31
0.0
100
AcDbText
  0
LWPOLYLINE
  5
3C2
330
17
100
AcDbEntity
  8
TEXT
 62
7
370
15
100
AcDbPolyline
 90
2
 70
0
 10
259.3922258341924
 20
129.08999999999992
 10
259.3922258341924
 20
125.78999999999992
  0
TEXT
  5
3C3
330
17
100
AcDbEntity
  8
TEXT
 62
7
100
AcDbText
 10
260.1922258341924
 20
126.7899999999999
 30
0.0
 40
1.3
  1
все
  7
GOST
 11
260.1922258341924
 21
126.7899999999999
 31
0.0
100
AcDbText
  0
LWPOLYLINE
  5
3C4
330
17
100
AcDbEntity
  8
TEXT
 62
7
370
15
100
AcDbPolyline
 90
2
 70
0
 10
272.5833933396751
 20
129.08999999999992
 10
272.5833933396751
 20
125.78999999999992
  0
TEXT
  5
3C5
330
17
100
AcDbEntity
  8
TEXT
 62
7
100
AcDbText
 10
273.38339333967514
 20
126.7899999999999
 30
0.0
 40
1.3
  1
C1, C2, C3; panel.json length_m
  7
GOST
 11
273.38339333967514
 21
126.7899999999999
 31
0.0
100
AcDbText
  0
LWPOLYLINE
  5
3C6
330
17
100
AcDbEntity
  8
TEXT
 62
7
370
15
100
AcDbPolyline
 90
2
 70
0
 10
368.48123494296414
 20
129.08999999999992
 10
368.48123494296414
 20
125.78999999999992
  0
TEXT
  5
3C7
330
17
100
AcDbEntity
  8
TEXT
 62
7
100
AcDbText
 10
369.28123494296415
 20
126.7899999999999
 30
0.0
 40
1.3
  1
Ремонт
  7
GOST
 11
369.28123494296415
 21
126.7899999999999
 31
0.0
100
AcDbText
  0
LWPOLYLINE
  5
3C8
330
17
100
AcDbEntity
  8
TEXT
 62
7
370
15
100
AcDbPolyline
 90
2
 70
0
 10
378.3106814903589
 20
129.08999999999992
 10
378.3106814903589
 20
125.78999999999992
  0
TEXT
  5
3C9
330
17
100
AcDbEntity
  8
TEXT
 62
7
100
AcDbText
 10
379.1106814903589
 20
126.7899999999999
 30
0.0
 40
1.3
  1
Э04
  7
GOST
 11
379.1106814903589
 21
126.7899999999999
 31
0.0
100
AcDbText
  0
LWPOLYLINE
  5
3CA
330
17
100
AcDbEntity
  8
TEXT
 62
7
370
15
100
AcDbPolyline
 90
2
 70
0
 10
391.3423697636432
 20
129.08999999999992
 10
391.3423697636432
 20
125.78999999999992
  0
TEXT
  5
3CB
330
17
100
AcDbEntity
  8
TEXT
 62
7
100
AcDbText
 10
392.1423697636432
 20
126.7899999999999
 30
0.0
 40
1.3
  1
Σ 240.6 м × 1,15
  7
GOST
 11
392.1423697636432
 21
126.7899999999999
 31
0.0
100
AcDbText
  0
LWPOLYLINE
  5
3CC
330
17
100
AcDbEntity
  8
TEXT
 62
7
370
15
100
AcDbPolyline
 90
2
 70
0
 10
413.00000000000006
 20
129.08999999999992
 10
413.00000000000006
 20
125.78999999999992
  0
LWPOLYLINE
  5
3CD
330
17
100
AcDbEntity
  8
TEXT
 62
7
370
15
100
AcDbPolyline
 90
4
 70
1
 10
22.0
 20
120.60499999999992
 10
413.0000000000001
 20
120.60499999999992
 10
413.0000000000001
 20
125.78999999999992
 10
22.0
 20
125.78999999999992
  0
LWPOLYLINE
  5
3CE
330
17
100
AcDbEntity
  8
TEXT
 62
7
370
15
100
AcDbPolyline
 90
2
 70
0
 10
22.0
 20
125.78999999999992
 10
22.0
 20
120.60499999999992
  0
TEXT
  5
3CF
330
17
100
AcDbEntity
  8
TEXT
 62
7
100
AcDbText
 10
22.8
 20
123.48999999999992
 30
0.0
 40
1.3
  1
14
  7
GOST
 11
22.8
 21
123.48999999999992
 31
0.0
100
AcDbText
  0
LWPOLYLINE
  5
3D0
330
17
100
AcDbEntity
  8
TEXT
 62
7
370
15
100
AcDbPolyline
 90
2
 70
0
 10
27.899281976832174
 20
125.78999999999992
 10
27.899281976832174
 20
120.60499999999992
  0
TEXT
  5
3D1
330
17
100
AcDbEntity
  8
TEXT
 62
7
100
AcDbText
 10
28.699281976832175
 20
123.48999999999992
 30
0.0
 40
1.3
  1
Кабель ВВГнг(А)-LS 3×2,5
  7
GOST
 11
28.699281976832175
 21
123.48999999999992
 31
0.0
100
AcDbText
  0
LWPOLYLINE
  5
3D2
330
17
100
AcDbEntity
  8
TEXT
 62
7
370
15
100
AcDbPolyline
 90
2
 70
0
 10
116.20573038476013
 20
125.78999999999992
 10
116.20573038476013
 20
120.60499999999992
  0
TEXT
  5
3D3
330
17
100
AcDbEntity
  8
TEXT
 62
7
100
AcDbText
 10
117.00573038476013
 20
123.48999999999992
 30
0.0
 40
1.3
  1
ГОСТ 31996
  7
GOST
 11
117.00573038476013
 21
123.48999999999992
 31
0.0
100
AcDbText
  0
LWPOLYLINE
  5
3D4
330
17
100
AcDbEntity
  8
TEXT
 62
7
370
15
100
AcDbPolyline
 90
2
 70
0
 10
180.803214207672
 20
125.78999999999992
 10
180.803214207672
 20
120.60499999999992
  0
TEXT
  5
3D5
330
17
100
AcDbEntity
  8
TEXT
 62
7
100
AcDbText
 10
181.603214207672
 20
123.48999999999992
 30
0.0
 40
1.3
  1
Кольчугино / Конкорд / Севкабель
  7
GOST
 11
181.603214207672
 21
123.48999999999992
 31
0.0
100
AcDbText
  0
LWPOLYLINE
  5
3D6
330
17
100
AcDbEntity
  8
TEXT
 62
7
370
15
100
AcDbPolyline
 90
2
 70
0
 10
215.7144968257277
 20
125.78999999999992
 10
215.7144968257277
 20
120.60499999999992
  0
TEXT
  5
3D7
330
17
100
AcDbEntity
  8
TEXT
 62
7
100
AcDbText
 10
216.51449682572772
 20
123.48999999999992
 30
0.0
 40
1.3
  1
390
  7
GOST
 11
216.51449682572772
 21
123.48999999999992
 31
0.0
100
AcDbText
  0
LWPOLYLINE
  5
3D8
330
17
100
AcDbEntity
  8
TEXT
 62
7
370
15
100
AcDbPolyline
 90
2
 70
0
 10
224.06700254724225
 20
125.78999999999992
 10
224.06700254724225
 20
120.60499999999992
  0
TEXT
  5
3D9
330
17
100
AcDbEntity
  8
TEXT
 62
7
100
AcDbText
 10
224.86700254724227
 20
123.48999999999992
 30
0.0
 40
1.3
  1
м
  7
GOST
 11
224.86700254724227
 21
123.48999999999992
 31
0.0
100
AcDbText
  0
LWPOLYLINE
  5
3DA
330
17
100
AcDbEntity
  8
TEXT
 62
7
370
15
100
AcDbPolyline
 90
2
 70
0
 10
231.9005679100158
 20
125.78999999999992
 10
231.9005679100158
 20
120.60499999999992
  0
TEXT
  5
3DB
330
17
100
AcDbEntity
  8
TEXT
 62
7
100
AcDbText
 10
232.70056791001582
 20
123.48999999999992
 30
0.0
 40
1.3
  1
170
  7
GOST
 11
232.70056791001582
 21
123.48999999999992
 31
0.0
100
AcDbText
  0
LWPOLYLINE
  5
3DC
330
17
100
AcDbEntity
  8
TEXT
 62
7
370
15
100
AcDbPolyline
 90
2
 70
0
 10
248.91389288700609
 20
125.78999999999992
 10
248.91389288700609
 20
120.60499999999992
  0
TEXT
  5
3DD
330
17
100
AcDbEntity
  8
TEXT
 62
7
100
AcDbText
 10
249.7138928870061
 20
123.48999999999992
 30
0.0
 40
1.3
  1
66 300
  7
GOST
 11
249.7138928870061
 21
123.48999999999992
 31
0.0
100
AcDbText
  0
LWPOLYLINE
  5
3DE
330
17
100
AcDbEntity
  8
TEXT
 62
7
370
15
100
AcDbPolyline
 90
2
 70
0
 10
259.3922258341924
 20
125.78999999999992
 10
259.3922258341924
 20
120.60499999999992
  0
TEXT
  5
3DF
330
17
100
AcDbEntity
  8
TEXT
 62
7
100
AcDbText
 10
260.1922258341924
 20
123.48999999999992
 30
0.0
 40
1.3
  1
все
  7
GOST
 11
260.1922258341924
 21
123.48999999999992
 31
0.0
100
AcDbText
  0
LWPOLYLINE
  5
3E0
330
17
100
AcDbEntity
  8
TEXT
 62
7
370
15
100
AcDbPolyline
 90
2
 70
0
 10
272.5833933396751
 20
125.78999999999992
 10
272.5833933396751
 20
120.60499999999992
  0
TEXT
  5
3E1
330
17
100
AcDbEntity
  8
TEXT
 62
7
100
AcDbText
 10
273.38339333967514
 20
123.48999999999992
 30
0.0
 40
1.3
  1
C4, C5, C6, C8, C9, C10, C11, C12, C13, C14, C15, C16, C17, C18, C19, C20, C21, C22; panel.json
  7
GOST
 11
273.38339333967514
 21
123.48999999999992
 31
0.0
100
AcDbText
  0
TEXT
  5
3E2
330
17
100
AcDbEntity
  8
TEXT
 62
7
100
AcDbText
 10
273.38339333967514
 20
121.60499999999992
 30
0.0
 40
1.3
  1
length_m
  7
GOST
 11
273.38339333967514
 21
121.60499999999992
 31
0.0
100
AcDbText
  0
LWPOLYLINE
  5
3E3
330
17
100
AcDbEntity
  8
TEXT
 62
7
370
15
100
AcDbPolyline
 90
2
 70
0
 10
368.48123494296414
 20
125.78999999999992
 10
368.48123494296414
 20
120.60499999999992
  0
TEXT
  5
3E4
330
17
100
AcDbEntity
  8
TEXT
 62
7
100
AcDbText
 10
369.28123494296415
 20
123.48999999999992
 30
0.0
 40
1.3
  1
Ремонт
  7
GOST
 11
369.28123494296415
 21
123.48999999999992
 31
0.0
100
AcDbText
  0
LWPOLYLINE
  5
3E5
330
17
100
AcDbEntity
  8
TEXT
 62
7
370
15
100
AcDbPolyline
 90
2
 70
0
 10
378.3106814903589
 20
125.78999999999992
 10
378.3106814903589
 20
120.60499999999992
  0
TEXT
  5
3E6
330
17
100
AcDbEntity
  8
TEXT
 62
7
100
AcDbText
 10
379.1106814903589
 20
123.48999999999992
 30
0.0
 40
1.3
  1
Э04
  7
GOST
 11
379.1106814903589
 21
123.48999999999992
 31
0.0
100
AcDbText
  0
LWPOLYLINE
  5
3E7
330
17
100
AcDbEntity
  8
TEXT
 62
7
370
15
100
AcDbPolyline
 90
2
 70
0
 10
391.3423697636432
 20
125.78999999999992
 10
391.3423697636432
 20
120.60499999999992
  0
TEXT
  5
3E8
330
17
100
AcDbEntity
  8
TEXT
 62
7
100
AcDbText
 10
392.1423697636432
 20
123.48999999999992
 30
0.0
 40
1.3
  1
Σ 338.8 м × 1,15
  7
GOST
 11
392.1423697636432
 21
123.48999999999992
 31
0.0
100
AcDbText
  0
LWPOLYLINE
  5
3E9
330
17
100
AcDbEntity
  8
TEXT
 62
7
370
15
100
AcDbPolyline
 90
2
 70
0
 10
413.00000000000006
 20
125.78999999999992
 10
413.00000000000006
 20
120.60499999999992
  0
LWPOLYLINE
  5
3EA
330
17
100
AcDbEntity
  8
TEXT
 62
7
370
15
100
AcDbPolyline
 90
4
 70
1
 10
22.0
 20
117.30499999999992
 10
413.0000000000001
 20
117.30499999999992
 10
413.0000000000001
 20
120.60499999999992
 10
22.0
 20
120.60499999999992
  0
LWPOLYLINE
  5
3EB
330
17
100
AcDbEntity
  8
TEXT
 62
7
370
15
100
AcDbPolyline
 90
2
 70
0
 10
22.0
 20
120.60499999999992
 10
22.0
 20
117.30499999999992
  0
TEXT
  5
3EC
330
17
100
AcDbEntity
  8
TEXT
 62
7
100
AcDbText
 10
22.8
 20
118.30499999999992
 30
0.0
 40
1.3
  1
15
  7
GOST
 11
22.8
 21
118.30499999999992
 31
0.0
100
AcDbText
  0
LWPOLYLINE
  5
3ED
330
17
100
AcDbEntity
  8
TEXT
 62
7
370
15
100
AcDbPolyline
 90
2
 70
0
 10
27.899281976832174
 20
120.60499999999992
 10
27.899281976832174
 20
117.30499999999992
  0
TEXT
  5
3EE
330
17
100
AcDbEntity
  8
TEXT
 62
7
100
AcDbText
 10
28.699281976832175
 20
118.30499999999992
 30
0.0
 40
1.3
  1
Кабель ВВГнг(А)-LS 3×6
  7
GOST
 11
28.699281976832175
 21
118.30499999999992
 31
0.0
100
AcDbText
  0
LWPOLYLINE
  5
3EF
330
17
100
AcDbEntity
  8
TEXT
 62
7
370
15
100
AcDbPolyline
 90
2
 70
0
 10
116.20573038476013
 20
120.60499999999992
 10
116.20573038476013
 20
117.30499999999992
  0
TEXT
  5
3F0
330
17
100
AcDbEntity
  8
TEXT
 62
7
100
AcDbText
 10
117.00573038476013
 20
118.30499999999992
 30
0.0
 40
1.3
  1
ГОСТ 31996
  7
GOST
 11
117.00573038476013
 21
118.30499999999992
 31
0.0
100
AcDbText
  0
LWPOLYLINE
  5
3F1
330
17
100
AcDbEntity
  8
TEXT
 62
7
370
15
100
AcDbPolyline
 90
2
 70
0
 10
180.803214207672
 20
120.60499999999992
 10
180.803214207672
 20
117.30499999999992
  0
TEXT
  5
3F2
330
17
100
AcDbEntity
  8
TEXT
 62
7
100
AcDbText
 10
181.603214207672
 20
118.30499999999992
 30
0.0
 40
1.3
  1
Кольчугино / Конкорд / Севкабель
  7
GOST
 11
181.603214207672
 21
118.30499999999992
 31
0.0
100
AcDbText
  0
LWPOLYLINE
  5
3F3
330
17
100
AcDbEntity
  8
TEXT
 62
7
370
15
100
AcDbPolyline
 90
2
 70
0
 10
215.7144968257277
 20
120.60499999999992
 10
215.7144968257277
 20
117.30499999999992
  0
TEXT
  5
3F4
330
17
100
AcDbEntity
  8
TEXT
 62
7
100
AcDbText
 10
216.51449682572772
 20
118.30499999999992
 30
0.0
 40
1.3
  1
20
  7
GOST
 11
216.51449682572772
 21
118.30499999999992
 31
0.0
100
AcDbText
  0
LWPOLYLINE
  5
3F5
330
17
100
AcDbEntity
  8
TEXT
 62
7
370
15
100
AcDbPolyline
 90
2
 70
0
 10
224.06700254724225
 20
120.60499999999992
 10
224.06700254724225
 20
117.30499999999992
  0
TEXT
  5
3F6
330
17
100
AcDbEntity
  8
TEXT
 62
7
100
AcDbText
 10
224.86700254724227
 20
118.30499999999992
 30
0.0
 40
1.3
  1
м
  7
GOST
 11
224.86700254724227
 21
118.30499999999992
 31
0.0
100
AcDbText
  0
LWPOLYLINE
  5
3F7
330
17
100
AcDbEntity
  8
TEXT
 62
7
370
15
100
AcDbPolyline
 90
2
 70
0
 10
231.9005679100158
 20
120.60499999999992
 10
231.9005679100158
 20
117.30499999999992
  0
TEXT
  5
3F8
330
17
100
AcDbEntity
  8
TEXT
 62
7
100
AcDbText
 10
232.70056791001582
 20
118.30499999999992
 30
0.0
 40
1.3
  1
430
  7
GOST
 11
232.70056791001582
 21
118.30499999999992
 31
0.0
100
AcDbText
  0
LWPOLYLINE
  5
3F9
330
17
100
AcDbEntity
  8
TEXT
 62
7
370
15
100
AcDbPolyline
 90
2
 70
0
 10
248.91389288700609
 20
120.60499999999992
 10
248.91389288700609
 20
117.30499999999992
  0
TEXT
  5
3FA
330
17
100
AcDbEntity
  8
TEXT
 62
7
100
AcDbText
 10
249.7138928870061
 20
118.30499999999992
 30
0.0
 40
1.3
  1
8 600
  7
GOST
 11
249.7138928870061
 21
118.30499999999992
 31
0.0
100
AcDbText
  0
LWPOLYLINE
  5
3FB
330
17
100
AcDbEntity
  8
TEXT
 62
7
370
15
100
AcDbPolyline
 90
2
 70
0
 10
259.3922258341924
 20
120.60499999999992
 10
259.3922258341924
 20
117.30499999999992
  0
TEXT
  5
3FC
330
17
100
AcDbEntity
  8
TEXT
 62
7
100
AcDbText
 10
260.1922258341924
 20
118.30499999999992
 30
0.0
 40
1.3
  1
все
  7
GOST
 11
260.1922258341924
 21
118.30499999999992
 31
0.0
100
AcDbText
  0
LWPOLYLINE
  5
3FD
330
17
100
AcDbEntity
  8
TEXT
 62
7
370
15
100
AcDbPolyline
 90
2
 70
0
 10
272.5833933396751
 20
120.60499999999992
 10
272.5833933396751
 20
117.30499999999992
  0
TEXT
  5
3FE
330
17
100
AcDbEntity
  8
TEXT
 62
7
100
AcDbText
 10
273.38339333967514
 20
118.30499999999992
 30
0.0
 40
1.3
  1
C7; panel.json length_m
  7
GOST
 11
273.38339333967514
 21
118.30499999999992
 31
0.0
100
AcDbText
  0
LWPOLYLINE
  5
3FF
330
17
100
AcDbEntity
  8
TEXT
 62
7
370
15
100
AcDbPolyline
 90
2
 70
0
 10
368.48123494296414
 20
120.60499999999992
 10
368.48123494296414
 20
117.30499999999992
  0
TEXT
  5
400
330
17
100
AcDbEntity
  8
TEXT
 62
7
100
AcDbText
 10
369.28123494296415
 20
118.30499999999992
 30
0.0
 40
1.3
  1
Ремонт
  7
GOST
 11
369.28123494296415
 21
118.30499999999992
 31
0.0
100
AcDbText
  0
LWPOLYLINE
  5
401
330
17
100
AcDbEntity
  8
TEXT
 62
7
370
15
100
AcDbPolyline
 90
2
 70
0
 10
378.3106814903589
 20
120.60499999999992
 10
378.3106814903589
 20
117.30499999999992
  0
TEXT
  5
402
330
17
100
AcDbEntity
  8
TEXT
 62
7
100
AcDbText
 10
379.1106814903589
 20
118.30499999999992
 30
0.0
 40
1.3
  1
Э04
  7
GOST
 11
379.1106814903589
 21
118.30499999999992
 31
0.0
100
AcDbText
  0
LWPOLYLINE
  5
403
330
17
100
AcDbEntity
  8
TEXT
 62
7
370
15
100
AcDbPolyline
 90
2
 70
0
 10
391.3423697636432
 20
120.60499999999992
 10
391.3423697636432
 20
117.30499999999992
  0
TEXT
  5
404
330
17
100
AcDbEntity
  8
TEXT
 62
7
100
AcDbText
 10
392.1423697636432
 20
118.30499999999992
 30
0.0
 40
1.3
  1
Σ 13.2 м × 1,15
  7
GOST
 11
392.1423697636432
 21
118.30499999999992
 31
0.0
100
AcDbText
  0
LWPOLYLINE
  5
405
330
17
100
AcDbEntity
  8
TEXT
 62
7
370
15
100
AcDbPolyline
 90
2
 70
0
 10
413.00000000000006
 20
120.60499999999992
 10
413.00000000000006
 20
117.30499999999992
  0
LWPOLYLINE
  5
406
330
17
100
AcDbEntity
  8
TEXT
 62
7
370
15
100
AcDbPolyline
 90
4
 70
1
 10
22.0
 20
114.00499999999992
 10
413.0000000000001
 20
114.00499999999992
 10
413.0000000000001
 20
117.30499999999992
 10
22.0
 20
117.30499999999992
  0
LWPOLYLINE
  5
407
330
17
100
AcDbEntity
  8
TEXT
 62
7
370
15
100
AcDbPolyline
 90
2
 70
0
 10
22.0
 20
117.30499999999992
 10
22.0
 20
114.00499999999992
  0
TEXT
  5
408
330
17
100
AcDbEntity
  8
TEXT
 62
7
100
AcDbText
 10
22.8
 20
115.00499999999992
 30
0.0
 40
1.3
  1
16
  7
GOST
 11
22.8
 21
115.00499999999992
 31
0.0
100
AcDbText
  0
LWPOLYLINE
  5
409
330
17
100
AcDbEntity
  8
TEXT
 62
7
370
15
100
AcDbPolyline
 90
2
 70
0
 10
27.899281976832174
 20
117.30499999999992
 10
27.899281976832174
 20
114.00499999999992
  0
TEXT
  5
40A
330
17
100
AcDbEntity
  8
TEXT
 62
7
100
AcDbText
 10
28.699281976832175
 20
115.00499999999992
 30
0.0
 40
1.3
  1
Труба гофрированная ПВХ нг Ø20 с зондом (по потолку, D15)
  7
GOST
 11
28.699281976832175
 21
115.00499999999992
 31
0.0
100
AcDbText
  0
LWPOLYLINE
  5
40B
330
17
100
AcDbEntity
  8
TEXT
 62
7
370
15
100
AcDbPolyline
 90
2
 70
0
 10
116.20573038476013
 20
117.30499999999992
 10
116.20573038476013
 20
114.00499999999992
  0
TEXT
  5
40C
330
17
100
AcDbEntity
  8
TEXT
 62
7
100
AcDbText
 10
117.00573038476013
 20
115.00499999999992
 30
0.0
 40
1.3
  1
DKC / Ruvinil
  7
GOST
 11
117.00573038476013
 21
115.00499999999992
 31
0.0
100
AcDbText
  0
LWPOLYLINE
  5
40D
330
17
100
AcDbEntity
  8
TEXT
 62
7
370
15
100
AcDbPolyline
 90
2
 70
0
 10
180.803214207672
 20
117.30499999999992
 10
180.803214207672
 20
114.00499999999992
  0
TEXT
  5
40E
330
17
100
AcDbEntity
  8
TEXT
 62
7
100
AcDbText
 10
181.603214207672
 20
115.00499999999992
 30
0.0
 40
1.3
  1
DKC
  7
GOST
 11
181.603214207672
 21
115.00499999999992
 31
0.0
100
AcDbText
  0
LWPOLYLINE
  5
40F
330
17
100
AcDbEntity
  8
TEXT
 62
7
370
15
100
AcDbPolyline
 90
2
 70
0
 10
215.7144968257277
 20
117.30499999999992
 10
215.7144968257277
 20
114.00499999999992
  0
TEXT
  5
410
330
17
100
AcDbEntity
  8
TEXT
 62
7
100
AcDbText
 10
216.51449682572772
 20
115.00499999999992
 30
0.0
 40
1.3
  1
700
  7
GOST
 11
216.51449682572772
 21
115.00499999999992
 31
0.0
100
AcDbText
  0
LWPOLYLINE
  5
411
330
17
100
AcDbEntity
  8
TEXT
 62
7
370
15
100
AcDbPolyline
 90
2
 70
0
 10
224.06700254724225
 20
117.30499999999992
 10
224.06700254724225
 20
114.00499999999992
  0
TEXT
  5
412
330
17
100
AcDbEntity
  8
TEXT
 62
7
100
AcDbText
 10
224.86700254724227
 20
115.00499999999992
 30
0.0
 40
1.3
  1
м
  7
GOST
 11
224.86700254724227
 21
115.00499999999992
 31
0.0
100
AcDbText
  0
LWPOLYLINE
  5
413
330
17
100
AcDbEntity
  8
TEXT
 62
7
370
15
100
AcDbPolyline
 90
2
 70
0
 10
231.9005679100158
 20
117.30499999999992
 10
231.9005679100158
 20
114.00499999999992
  0
TEXT
  5
414
330
17
100
AcDbEntity
  8
TEXT
 62
7
100
AcDbText
 10
232.70056791001582
 20
115.00499999999992
 30
0.0
 40
1.3
  1
28
  7
GOST
 11
232.70056791001582
 21
115.00499999999992
 31
0.0
100
AcDbText
  0
LWPOLYLINE
  5
415
330
17
100
AcDbEntity
  8
TEXT
 62
7
370
15
100
AcDbPolyline
 90
2
 70
0
 10
248.91389288700609
 20
117.30499999999992
 10
248.91389288700609
 20
114.00499999999992
  0
TEXT
  5
416
330
17
100
AcDbEntity
  8
TEXT
 62
7
100
AcDbText
 10
249.7138928870061
 20
115.00499999999992
 30
0.0
 40
1.3
  1
19 600
  7
GOST
 11
249.7138928870061
 21
115.00499999999992
 31
0.0
100
AcDbText
  0
LWPOLYLINE
  5
417
330
17
100
AcDbEntity
  8
TEXT
 62
7
370
15
100
AcDbPolyline
 90
2
 70
0
 10
259.3922258341924
 20
117.30499999999992
 10
259.3922258341924
 20
114.00499999999992
  0
TEXT
  5
418
330
17
100
AcDbEntity
  8
TEXT
 62
7
100
AcDbText
 10
260.1922258341924
 20
115.00499999999992
 30
0.0
 40
1.3
  1
все
  7
GOST
 11
260.1922258341924
 21
115.00499999999992
 31
0.0
100
AcDbText
  0
LWPOLYLINE
  5
419
330
17
100
AcDbEntity
  8
TEXT
 62
7
370
15
100
AcDbPolyline
 90
2
 70
0
 10
272.5833933396751
 20
117.30499999999992
 10
272.5833933396751
 20
114.00499999999992
  0
TEXT
  5
41A
330
17
100
AcDbEntity
  8
TEXT
 62
7
100
AcDbText
 10
273.38339333967514
 20
115.00499999999992
 30
0.0
 40
1.3
  1
panel.json Σ length_m × 1,15
  7
GOST
 11
273.38339333967514
 21
115.00499999999992
 31
0.0
100
AcDbText
  0
LWPOLYLINE
  5
41B
330
17
100
AcDbEntity
  8
TEXT
 62
7
370
15
100
AcDbPolyline
 90
2
 70
0
 10
368.48123494296414
 20
117.30499999999992
 10
368.48123494296414
 20
114.00499999999992
  0
TEXT
  5
41C
330
17
100
AcDbEntity
  8
TEXT
 62
7
100
AcDbText
 10
369.28123494296415
 20
115.00499999999992
 30
0.0
 40
1.3
  1
Ремонт
  7
GOST
 11
369.28123494296415
 21
115.00499999999992
 31
0.0
100
AcDbText
  0
LWPOLYLINE
  5
41D
330
17
100
AcDbEntity
  8
TEXT
 62
7
370
15
100
AcDbPolyline
 90
2
 70
0
 10
378.3106814903589
 20
117.30499999999992
 10
378.3106814903589
 20
114.00499999999992
  0
TEXT
  5
41E
330
17
100
AcDbEntity
  8
TEXT
 62
7
100
AcDbText
 10
379.1106814903589
 20
115.00499999999992
 30
0.0
 40
1.3
  1
Э04
  7
GOST
 11
379.1106814903589
 21
115.00499999999992
 31
0.0
100
AcDbText
  0
LWPOLYLINE
  5
41F
330
17
100
AcDbEntity
  8
TEXT
 62
7
370
15
100
AcDbPolyline
 90
2
 70
0
 10
391.3423697636432
 20
117.30499999999992
 10
391.3423697636432
 20
114.00499999999992
  0
LWPOLYLINE
  5
420
330
17
100
AcDbEntity
  8
TEXT
 62
7
370
15
100
AcDbPolyline
 90
2
 70
0
 10
413.00000000000006
 20
117.30499999999992
 10
413.00000000000006
 20
114.00499999999992
  0
LWPOLYLINE
  5
421
330
17
100
AcDbEntity
  8
TEXT
 62
7
370
15
100
AcDbPolyline
 90
4
 70
1
 10
22.0
 20
110.70499999999993
 10
413.0000000000001
 20
110.70499999999993
 10
413.0000000000001
 20
114.00499999999992
 10
22.0
 20
114.00499999999992
  0
LWPOLYLINE
  5
422
330
17
100
AcDbEntity
  8
TEXT
 62
7
370
15
100
AcDbPolyline
 90
2
 70
0
 10
22.0
 20
114.00499999999992
 10
22.0
 20
110.70499999999993
  0
TEXT
  5
423
330
17
100
AcDbEntity
  8
TEXT
 62
7
100
AcDbText
 10
22.8
 20
111.70499999999993
 30
0.0
 40
1.3
  1
17
  7
GOST
 11
22.8
 21
111.70499999999993
 31
0.0
100
AcDbText
  0
LWPOLYLINE
  5
424
330
17
100
AcDbEntity
  8
TEXT
 62
7
370
15
100
AcDbPolyline
 90
2
 70
0
 10
27.899281976832174
 20
114.00499999999992
 10
27.899281976832174
 20
110.70499999999993
  0
TEXT
  5
425
330
17
100
AcDbEntity
  8
TEXT
 62
7
100
AcDbText
 10
28.699281976832175
 20
111.70499999999993
 30
0.0
 40
1.3
  1
Провод ПуГВ 1×4 + коробки КУП (ДУП ванной и постирочной)
  7
GOST
 11
28.699281976832175
 21
111.70499999999993
 31
0.0
100
AcDbText
  0
LWPOLYLINE
  5
426
330
17
100
AcDbEntity
  8
TEXT
 62
7
370
15
100
AcDbPolyline
 90
2
 70
0
 10
116.20573038476013
 20
114.00499999999992
 10
116.20573038476013
 20
110.70499999999993
  0
TEXT
  5
427
330
17
100
AcDbEntity
  8
TEXT
 62
7
100
AcDbText
 10
117.00573038476013
 20
111.70499999999993
 30
0.0
 40
1.3
  1
—
  7
GOST
 11
117.00573038476013
 21
111.70499999999993
 31
0.0
100
AcDbText
  0
LWPOLYLINE
  5
428
330
17
100
AcDbEntity
  8
TEXT
 62
7
370
15
100
AcDbPolyline
 90
2
 70
0
 10
180.803214207672
 20
114.00499999999992
 10
180.803214207672
 20
110.70499999999993
  0
TEXT
  5
429
330
17
100
AcDbEntity
  8
TEXT
 62
7
100
AcDbText
 10
181.603214207672
 20
111.70499999999993
 30
0.0
 40
1.3
  1
—
  7
GOST
 11
181.603214207672
 21
111.70499999999993
 31
0.0
100
AcDbText
  0
LWPOLYLINE
  5
42A
330
17
100
AcDbEntity
  8
TEXT
 62
7
370
15
100
AcDbPolyline
 90
2
 70
0
 10
215.7144968257277
 20
114.00499999999992
 10
215.7144968257277
 20
110.70499999999993
  0
TEXT
  5
42B
330
17
100
AcDbEntity
  8
TEXT
 62
7
100
AcDbText
 10
216.51449682572772
 20
111.70499999999993
 30
0.0
 40
1.3
  1
2
  7
GOST
 11
216.51449682572772
 21
111.70499999999993
 31
0.0
100
AcDbText
  0
LWPOLYLINE
  5
42C
330
17
100
AcDbEntity
  8
TEXT
 62
7
370
15
100
AcDbPolyline
 90
2
 70
0
 10
224.06700254724225
 20
114.00499999999992
 10
224.06700254724225
 20
110.70499999999993
  0
TEXT
  5
42D
330
17
100
AcDbEntity
  8
TEXT
 62
7
100
AcDbText
 10
224.86700254724227
 20
111.70499999999993
 30
0.0
 40
1.3
  1
компл
  7
GOST
 11
224.86700254724227
 21
111.70499999999993
 31
0.0
100
AcDbText
  0
LWPOLYLINE
  5
42E
330
17
100
AcDbEntity
  8
TEXT
 62
7
370
15
100
AcDbPolyline
 90
2
 70
0
 10
231.9005679100158
 20
114.00499999999992
 10
231.9005679100158
 20
110.70499999999993
  0
TEXT
  5
42F
330
17
100
AcDbEntity
  8
TEXT
 62
7
100
AcDbText
 10
232.70056791001582
 20
111.70499999999993
 30
0.0
 40
1.3
  1
1 800
  7
GOST
 11
232.70056791001582
 21
111.70499999999993
 31
0.0
100
AcDbText
  0
LWPOLYLINE
  5
430
330
17
100
AcDbEntity
  8
TEXT
 62
7
370
15
100
AcDbPolyline
 90
2
 70
0
 10
248.91389288700609
 20
114.00499999999992
 10
248.91389288700609
 20
110.70499999999993
  0
TEXT
  5
431
330
17
100
AcDbEntity
  8
TEXT
 62
7
100
AcDbText
 10
249.7138928870061
 20
111.70499999999993
 30
0.0
 40
1.3
  1
3 600
  7
GOST
 11
249.7138928870061
 21
111.70499999999993
 31
0.0
100
AcDbText
  0
LWPOLYLINE
  5
432
330
17
100
AcDbEntity
  8
TEXT
 62
7
370
15
100
AcDbPolyline
 90
2
 70
0
 10
259.3922258341924
 20
114.00499999999992
 10
259.3922258341924
 20
110.70499999999993
  0
TEXT
  5
433
330
17
100
AcDbEntity
  8
TEXT
 62
7
100
AcDbText
 10
260.1922258341924
 20
111.70499999999993
 30
0.0
 40
1.3
  1
R5, R6
  7
GOST
 11
260.1922258341924
 21
111.70499999999993
 31
0.0
100
AcDbText
  0
LWPOLYLINE
  5
434
330
17
100
AcDbEntity
  8
TEXT
 62
7
370
15
100
AcDbPolyline
 90
2
 70
0
 10
272.5833933396751
 20
114.00499999999992
 10
272.5833933396751
 20
110.70499999999993
  0
TEXT
  5
435
330
17
100
AcDbEntity
  8
TEXT
 62
7
100
AcDbText
 10
273.38339333967514
 20
111.70499999999993
 30
0.0
 40
1.3
  1
panel.json rcd_policy (ДУП)
  7
GOST
 11
273.38339333967514
 21
111.70499999999993
 31
0.0
100
AcDbText
  0
LWPOLYLINE
  5
436
330
17
100
AcDbEntity
  8
TEXT
 62
7
370
15
100
AcDbPolyline
 90
2
 70
0
 10
368.48123494296414
 20
114.00499999999992
 10
368.48123494296414
 20
110.70499999999993
  0
TEXT
  5
437
330
17
100
AcDbEntity
  8
TEXT
 62
7
100
AcDbText
 10
369.28123494296415
 20
111.70499999999993
 30
0.0
 40
1.3
  1
Ремонт
  7
GOST
 11
369.28123494296415
 21
111.70499999999993
 31
0.0
100
AcDbText
  0
LWPOLYLINE
  5
438
330
17
100
AcDbEntity
  8
TEXT
 62
7
370
15
100
AcDbPolyline
 90
2
 70
0
 10
378.3106814903589
 20
114.00499999999992
 10
378.3106814903589
 20
110.70499999999993
  0
TEXT
  5
439
330
17
100
AcDbEntity
  8
TEXT
 62
7
100
AcDbText
 10
379.1106814903589
 20
111.70499999999993
 30
0.0
 40
1.3
  1
Э04
  7
GOST
 11
379.1106814903589
 21
111.70499999999993
 31
0.0
100
AcDbText
  0
LWPOLYLINE
  5
43A
330
17
100
AcDbEntity
  8
TEXT
 62
7
370
15
100
AcDbPolyline
 90
2
 70
0
 10
391.3423697636432
 20
114.00499999999992
 10
391.3423697636432
 20
110.70499999999993
  0
LWPOLYLINE
  5
43B
330
17
100
AcDbEntity
  8
TEXT
 62
7
370
15
100
AcDbPolyline
 90
2
 70
0
 10
413.00000000000006
 20
114.00499999999992
 10
413.00000000000006
 20
110.70499999999993
  0
LWPOLYLINE
  5
43C
330
17
100
AcDbEntity
  8
TEXT
 62
7
370
15
100
AcDbPolyline
 90
4
 70
1
 10
22.0
 20
107.40499999999993
 10
413.0000000000001
 20
107.40499999999993
 10
413.0000000000001
 20
110.70499999999993
 10
22.0
 20
110.70499999999993
  0
LWPOLYLINE
  5
43D
330
17
100
AcDbEntity
  8
TEXT
 62
7
370
15
100
AcDbPolyline
 90
2
 70
0
 10
22.0
 20
110.70499999999993
 10
22.0
 20
107.40499999999993
  0
TEXT
  5
43E
330
17
100
AcDbEntity
  8
TEXT
 62
7
100
AcDbText
 10
22.8
 20
108.40499999999993
 30
0.0
 40
1.3
  1
18
  7
GOST
 11
22.8
 21
108.40499999999993
 31
0.0
100
AcDbText
  0
LWPOLYLINE
  5
43F
330
17
100
AcDbEntity
  8
TEXT
 62
7
370
15
100
AcDbPolyline
 90
2
 70
0
 10
27.899281976832174
 20
110.70499999999993
 10
27.899281976832174
 20
107.40499999999993
  0
TEXT
  5
440
330
17
100
AcDbEntity
  8
TEXT
 62
7
100
AcDbText
 10
28.699281976832175
 20
108.40499999999993
 30
0.0
 40
1.3
  1
Крепёж кабеля: клипсы, дюбель-хомуты, распаечные коробки (доступные), клеммы Wago
  7
GOST
 11
28.699281976832175
 21
108.40499999999993
 31
0.0
100
AcDbText
  0
LWPOLYLINE
  5
441
330
17
100
AcDbEntity
  8
TEXT
 62
7
370
15
100
AcDbPolyline
 90
2
 70
0
 10
116.20573038476013
 20
110.70499999999993
 10
116.20573038476013
 20
107.40499999999993
  0
TEXT
  5
442
330
17
100
AcDbEntity
  8
TEXT
 62
7
100
AcDbText
 10
117.00573038476013
 20
108.40499999999993
 30
0.0
 40
1.3
  1
—
  7
GOST
 11
117.00573038476013
 21
108.40499999999993
 31
0.0
100
AcDbText
  0
LWPOLYLINE
  5
443
330
17
100
AcDbEntity
  8
TEXT
 62
7
370
15
100
AcDbPolyline
 90
2
 70
0
 10
180.803214207672
 20
110.70499999999993
 10
180.803214207672
 20
107.40499999999993
  0
TEXT
  5
444
330
17
100
AcDbEntity
  8
TEXT
 62
7
100
AcDbText
 10
181.603214207672
 20
108.40499999999993
 30
0.0
 40
1.3
  1
DKC / Wago
  7
GOST
 11
181.603214207672
 21
108.40499999999993
 31
0.0
100
AcDbText
  0
LWPOLYLINE
  5
445
330
17
100
AcDbEntity
  8
TEXT
 62
7
370
15
100
AcDbPolyline
 90
2
 70
0
 10
215.7144968257277
 20
110.70499999999993
 10
215.7144968257277
 20
107.40499999999993
  0
TEXT
  5
446
330
17
100
AcDbEntity
  8
TEXT
 62
7
100
AcDbText
 10
216.51449682572772
 20
108.40499999999993
 30
0.0
 40
1.3
  1
1
  7
GOST
 11
216.51449682572772
 21
108.40499999999993
 31
0.0
100
AcDbText
  0
LWPOLYLINE
  5
447
330
17
100
AcDbEntity
  8
TEXT
 62
7
370
15
100
AcDbPolyline
 90
2
 70
0
 10
224.06700254724225
 20
110.70499999999993
 10
224.06700254724225
 20
107.40499999999993
  0
TEXT
  5
448
330
17
100
AcDbEntity
  8
TEXT
 62
7
100
AcDbText
 10
224.86700254724227
 20
108.40499999999993
 30
0.0
 40
1.3
  1
компл
  7
GOST
 11
224.86700254724227
 21
108.40499999999993
 31
0.0
100
AcDbText
  0
LWPOLYLINE
  5
449
330
17
100
AcDbEntity
  8
TEXT
 62
7
370
15
100
AcDbPolyline
 90
2
 70
0
 10
231.9005679100158
 20
110.70499999999993
 10
231.9005679100158
 20
107.40499999999993
  0
TEXT
  5
44A
330
17
100
AcDbEntity
  8
TEXT
 62
7
100
AcDbText
 10
232.70056791001582
 20
108.40499999999993
 30
0.0
 40
1.3
  1
9 000
  7
GOST
 11
232.70056791001582
 21
108.40499999999993
 31
0.0
100
AcDbText
  0
LWPOLYLINE
  5
44B
330
17
100
AcDbEntity
  8
TEXT
 62
7
370
15
100
AcDbPolyline
 90
2
 70
0
 10
248.91389288700609
 20
110.70499999999993
 10
248.91389288700609
 20
107.40499999999993
  0
TEXT
  5
44C
330
17
100
AcDbEntity
  8
TEXT
 62
7
100
AcDbText
 10
249.7138928870061
 20
108.40499999999993
 30
0.0
 40
1.3
  1
9 000
  7
GOST
 11
249.7138928870061
 21
108.40499999999993
 31
0.0
100
AcDbText
  0
LWPOLYLINE
  5
44D
330
17
100
AcDbEntity
  8
TEXT
 62
7
370
15
100
AcDbPolyline
 90
2
 70
0
 10
259.3922258341924
 20
110.70499999999993
 10
259.3922258341924
 20
107.40499999999993
  0
TEXT
  5
44E
330
17
100
AcDbEntity
  8
TEXT
 62
7
100
AcDbText
 10
260.1922258341924
 20
108.40499999999993
 30
0.0
 40
1.3
  1
все
  7
GOST
 11
260.1922258341924
 21
108.40499999999993
 31
0.0
100
AcDbText
  0
LWPOLYLINE
  5
44F
330
17
100
AcDbEntity
  8
TEXT
 62
7
370
15
100
AcDbPolyline
 90
2
 70
0
 10
272.5833933396751
 20
110.70499999999993
 10
272.5833933396751
 20
107.40499999999993
  0
TEXT
  5
450
330
17
100
AcDbEntity
  8
TEXT
 62
7
100
AcDbText
 10
273.38339333967514
 20
108.40499999999993
 30
0.0
 40
1.3
  1
23 групп
  7
GOST
 11
273.38339333967514
 21
108.40499999999993
 31
0.0
100
AcDbText
  0
LWPOLYLINE
  5
451
330
17
100
AcDbEntity
  8
TEXT
 62
7
370
15
100
AcDbPolyline
 90
2
 70
0
 10
368.48123494296414
 20
110.70499999999993
 10
368.48123494296414
 20
107.40499999999993
  0
TEXT
  5
452
330
17
100
AcDbEntity
  8
TEXT
 62
7
100
AcDbText
 10
369.28123494296415
 20
108.40499999999993
 30
0.0
 40
1.3
  1
Ремонт
  7
GOST
 11
369.28123494296415
 21
108.40499999999993
 31
0.0
100
AcDbText
  0
LWPOLYLINE
  5
453
330
17
100
AcDbEntity
  8
TEXT
 62
7
370
15
100
AcDbPolyline
 90
2
 70
0
 10
378.3106814903589
 20
110.70499999999993
 10
378.3106814903589
 20
107.40499999999993
  0
TEXT
  5
454
330
17
100
AcDbEntity
  8
TEXT
 62
7
100
AcDbText
 10
379.1106814903589
 20
108.40499999999993
 30
0.0
 40
1.3
  1
Э04
  7
GOST
 11
379.1106814903589
 21
108.40499999999993
 31
0.0
100
AcDbText
  0
LWPOLYLINE
  5
455
330
17
100
AcDbEntity
  8
TEXT
 62
7
370
15
100
AcDbPolyline
 90
2
 70
0
 10
391.3423697636432
 20
110.70499999999993
 10
391.3423697636432
 20
107.40499999999993
  0
LWPOLYLINE
  5
456
330
17
100
AcDbEntity
  8
TEXT
 62
7
370
15
100
AcDbPolyline
 90
2
 70
0
 10
413.00000000000006
 20
110.70499999999993
 10
413.00000000000006
 20
107.40499999999993
  0
LWPOLYLINE
  5
457
330
17
100
AcDbEntity
  8
TEXT
 62
7
370
35
100
AcDbPolyline
 90
4
 70
1
 10
22.0
 20
107.40499999999993
 10
413.0000000000001
 20
107.40499999999993
 10
413.0000000000001
 20
173.87500000000006
 10
22.0
 20
173.87500000000006
  0
TEXT
  5
458
330
17
100
AcDbEntity
  8
TEXT
 62
7
100
AcDbText
 10
22.0
 20
102.00500000000007
 30
0.0
 40
1.4000000000000001
  1
Итого по спецификации: 242 300 ₽ — бюджет «Ремонт».
  7
GOST
 11
22.0
 21
102.00500000000007
 31
0.0
100
AcDbText
  0
TEXT
  5
459
330
17
100
AcDbEntity
  8
TEXT
 62
7
100
AcDbText
 10
22.0
 20
95.40500000000007
 30
0.0
 40
1.4000000000000001
  1
Сводный файл с формулами: 04-specs/specifications.xlsx. Генератор: tools/gen_specs.py.
  7
GOST
 11
22.0
 21
95.40500000000007
 31
0.0
100
AcDbText
  0
TEXT
  5
45A
330
17
100
AcDbEntity
  8
TEXT
 62
7
100
AcDbText
 10
22.0
 20
88.70500000000008
 30
0.0
 40
1.5
  1
Источник: 04-specs/spec-lowcurrent-smarthome-cinema.md
  7
GOST
 11
22.0
 21
88.70500000000008
 31
0.0
100
AcDbText
  0
TEXT
  5
45B
330
17
100
AcDbEntity
  8
TEXT
 62
7
100
AcDbText
 10
22.0
 20
80.85500000000009
 30
0.0
 40
2.6
  1
СП-03.4. Слаботочные сети, умный дом, кинозона
  7
GOST
 11
22.0
 21
80.85500000000009
 31
0.0
100
AcDbText
  0
TEXT
  5
45C
330
17
100
AcDbEntity
  8
TEXT
 62
7
100
AcDbText
 10
22.0
 20
72.80500000000008
 30
0.0
 40
1.4000000000000001
  1
Источник: electrical.json low_voltage (ЭМ-02), plumbing.json leak_protection, furniture.json F32, F38–F40, F48, F64, F65. Длины кабелей — по координатам трасс (по потолку, D15) + 15 %. Сети и защита от протечек — «Ремонт»; проектор, экран, акустика, ТВ — «Мебель+техника» (№34).
  7
GOST
 11
22.0
 21
72.80500000000008
 31
0.0
100
AcDbText
  0
LWPOLYLINE
  5
45D
330
17
100
AcDbEntity
  8
FRAME
 62
7
370
50
100
AcDbPolyline
 90
4
 70
1
 10
20.0
 20
5.0
 10
415.0
 20
5.0
 10
415.0
 20
292.0
 10
20.0
 20
292.0
  0
TEXT
  5
45E
330
17
100
AcDbEntity
  8
FRAME
 62
7
100
AcDbText
 10
415.0
 20
1.6
 30
0.0
 40
2.0
  1
Формат A3
  7
GOST
 72
2
 11
415.0
 21
1.6
 31
0.0
100
AcDbText
  0
HATCH
  5
45F
330
17
100
AcDbEntity
  8
FRAME
 62
7
420
16777215
100
AcDbHatch
 10
0.0
 20
0.0
 30
0.0
210
0.0
220
0.0
230
1.0
  2
SOLID
 70
1
 71
0
 91
1
 92
3
 72
0
 73
1
 93
4
 10
230.0
 20
5.0
 10
415.0
 20
5.0
 10
415.0
 20
60.0
 10
230.0
 20
60.0
 97
0
 75
1
 76
1
 98
0
  0
LWPOLYLINE
  5
460
330
17
100
AcDbEntity
  8
FRAME
 62
7
370
50
100
AcDbPolyline
 90
4
 70
1
 10
230.0
 20
5.0
 10
415.0
 20
5.0
 10
415.0
 20
60.0
 10
230.0
 20
60.0
  0
LWPOLYLINE
  5
461
330
17
100
AcDbEntity
  8
FRAME
 62
7
370
50
100
AcDbPolyline
 90
2
 70
0
 10
295.0
 20
45.0
 10
415.0
 20
45.0
  0
LWPOLYLINE
  5
462
330
17
100
AcDbEntity
  8
FRAME
 62
7
370
50
100
AcDbPolyline
 90
2
 70
0
 10
295.0
 20
35.0
 10
415.0
 20
35.0
  0
LWPOLYLINE
  5
463
330
17
100
AcDbEntity
  8
FRAME
 62
7
370
50
100
AcDbPolyline
 90
2
 70
0
 10
295.0
 20
20.0
 10
415.0
 20
20.0
  0
LWPOLYLINE
  5
464
330
17
100
AcDbEntity
  8
FRAME
 62
7
370
50
100
AcDbPolyline
 90
2
 70
0
 10
295.0
 20
5.0
 10
295.0
 20
60.0
  0
LWPOLYLINE
  5
465
330
17
100
AcDbEntity
  8
FRAME
 62
7
370
50
100
AcDbPolyline
 90
2
 70
0
 10
365.0
 20
5.0
 10
365.0
 20
35.0
  0
LWPOLYLINE
  5
466
330
17
100
AcDbEntity
  8
FRAME
 62
7
370
20
100
AcDbPolyline
 90
2
 70
0
 10
365.0
 20
30.0
 10
415.0
 20
30.0
  0
LWPOLYLINE
  5
467
330
17
100
AcDbEntity
  8
FRAME
 62
7
370
20
100
AcDbPolyline
 90
2
 70
0
 10
380.0
 20
20.0
 10
380.0
 20
35.0
  0
LWPOLYLINE
  5
468
330
17
100
AcDbEntity
  8
FRAME
 62
7
370
20
100
AcDbPolyline
 90
2
 70
0
 10
395.0
 20
20.0
 10
395.0
 20
35.0
  0
TEXT
  5
469
330
17
100
AcDbEntity
  8
FRAME
 62
7
100
AcDbText
 10
372.5
 20
31.2
 30
0.0
 40
2.0
  1
Стадия
  7
GOST
 72
1
 11
372.5
 21
31.2
 31
0.0
100
AcDbText
  0
TEXT
  5
46A
330
17
100
AcDbEntity
  8
FRAME
 62
7
100
AcDbText
 10
387.5
 20
31.2
 30
0.0
 40
2.0
  1
Лист
  7
GOST
 72
1
 11
387.5
 21
31.2
 31
0.0
100
AcDbText
  0
TEXT
  5
46B
330
17
100
AcDbEntity
  8
FRAME
 62
7
100
AcDbText
 10
405.0
 20
31.2
 30
0.0
 40
2.0
  1
Листов
  7
GOST
 72
1
 11
405.0
 21
31.2
 31
0.0
100
AcDbText
  0
TEXT
  5
46C
330
17
100
AcDbEntity
  8
FRAME
 62
7
100
AcDbText
 10
372.5
 20
23.4
 30
0.0
 40
3.5
  1
Р
  7
GOST
 72
1
 11
372.5
 21
23.4
 31
0.0
100
AcDbText
  0
TEXT
  5
46D
330
17
100
AcDbEntity
  8
FRAME
 62
7
100
AcDbText
 10
387.5
 20
23.4
 30
0.0
 40
3.5
  1
42
  7
GOST
 72
1
 11
387.5
 21
23.4
 31
0.0
100
AcDbText
  0
TEXT
  5
46E
330
17
100
AcDbEntity
  8
FRAME
 62
7
100
AcDbText
 10
405.0
 20
23.4
 30
0.0
 40
3.5
  1
51
  7
GOST
 72
1
 11
405.0
 21
23.4
 31
0.0
100
AcDbText
  0
LWPOLYLINE
  5
46F
330
17
100
AcDbEntity
  8
FRAME
 62
7
370
20
100
AcDbPolyline
 90
2
 70
0
 10
230.0
 20
10.0
 10
295.0
 20
10.0
  0
LWPOLYLINE
  5
470
330
17
100
AcDbEntity
  8
FRAME
 62
7
370
20
100
AcDbPolyline
 90
2
 70
0
 10
230.0
 20
15.0
 10
295.0
 20
15.0
  0
LWPOLYLINE
  5
471
330
17
100
AcDbEntity
  8
FRAME
 62
7
370
20
100
AcDbPolyline
 90
2
 70
0
 10
230.0
 20
20.0
 10
295.0
 20
20.0
  0
LWPOLYLINE
  5
472
330
17
100
AcDbEntity
  8
FRAME
 62
7
370
20
100
AcDbPolyline
 90
2
 70
0
 10
230.0
 20
25.0
 10
295.0
 20
25.0
  0
LWPOLYLINE
  5
473
330
17
100
AcDbEntity
  8
FRAME
 62
7
370
50
100
AcDbPolyline
 90
2
 70
0
 10
230.0
 20
30.0
 10
295.0
 20
30.0
  0
LWPOLYLINE
  5
474
330
17
100
AcDbEntity
  8
FRAME
 62
7
370
50
100
AcDbPolyline
 90
2
 70
0
 10
230.0
 20
35.0
 10
295.0
 20
35.0
  0
LWPOLYLINE
  5
475
330
17
100
AcDbEntity
  8
FRAME
 62
7
370
20
100
AcDbPolyline
 90
2
 70
0
 10
230.0
 20
40.0
 10
295.0
 20
40.0
  0
LWPOLYLINE
  5
476
330
17
100
AcDbEntity
  8
FRAME
 62
7
370
20
100
AcDbPolyline
 90
2
 70
0
 10
230.0
 20
45.0
 10
295.0
 20
45.0
  0
LWPOLYLINE
  5
477
330
17
100
AcDbEntity
  8
FRAME
 62
7
370
20
100
AcDbPolyline
 90
2
 70
0
 10
230.0
 20
50.0
 10
295.0
 20
50.0
  0
LWPOLYLINE
  5
478
330
17
100
AcDbEntity
  8
FRAME
 62
7
370
20
100
AcDbPolyline
 90
2
 70
0
 10
230.0
 20
55.0
 10
295.0
 20
55.0
  0
LWPOLYLINE
  5
479
330
17
100
AcDbEntity
  8
FRAME
 62
7
370
50
100
AcDbPolyline
 90
2
 70
0
 10
240.0
 20
30.0
 10
240.0
 20
60.0
  0
LWPOLYLINE
  5
47A
330
17
100
AcDbEntity
  8
FRAME
 62
7
370
50
100
AcDbPolyline
 90
2
 70
0
 10
250.0
 20
5.0
 10
250.0
 20
60.0
  0
LWPOLYLINE
  5
47B
330
17
100
AcDbEntity
  8
FRAME
 62
7
370
50
100
AcDbPolyline
 90
2
 70
0
 10
260.0
 20
30.0
 10
260.0
 20
60.0
  0
LWPOLYLINE
  5
47C
330
17
100
AcDbEntity
  8
FRAME
 62
7
370
50
100
AcDbPolyline
 90
2
 70
0
 10
270.0
 20
5.0
 10
270.0
 20
60.0
  0
LWPOLYLINE
  5
47D
330
17
100
AcDbEntity
  8
FRAME
 62
7
370
50
100
AcDbPolyline
 90
2
 70
0
 10
285.0
 20
5.0
 10
285.0
 20
60.0
  0
TEXT
  5
47E
330
17
100
AcDbEntity
  8
FRAME
 62
7
100
AcDbText
 10
235.0
 20
31.3
 30
0.0
 40
1.8
  1
Изм.
  7
GOST
 72
1
 11
235.0
 21
31.3
 31
0.0
100
AcDbText
  0
TEXT
  5
47F
330
17
100
AcDbEntity
  8
FRAME
 62
7
100
AcDbText
 10
245.0
 20
31.3
 30
0.0
 40
1.8
  1
Кол.уч
  7
GOST
 72
1
 11
245.0
 21
31.3
 31
0.0
100
AcDbText
  0
TEXT
  5
480
330
17
100
AcDbEntity
  8
FRAME
 62
7
100
AcDbText
 10
255.0
 20
31.3
 30
0.0
 40
1.8
  1
Лист
  7
GOST
 72
1
 11
255.0
 21
31.3
 31
0.0
100
AcDbText
  0
TEXT
  5
481
330
17
100
AcDbEntity
  8
FRAME
 62
7
100
AcDbText
 10
265.0
 20
31.3
 30
0.0
 40
1.8
  1
№док.
  7
GOST
 72
1
 11
265.0
 21
31.3
 31
0.0
100
AcDbText
  0
TEXT
  5
482
330
17
100
AcDbEntity
  8
FRAME
 62
7
100
AcDbText
 10
277.5
 20
31.3
 30
0.0
 40
1.8
  1
Подп.
  7
GOST
 72
1
 11
277.5
 21
31.3
 31
0.0
100
AcDbText
  0
TEXT
  5
483
330
17
100
AcDbEntity
  8
FRAME
 62
7
100
AcDbText
 10
290.0
 20
31.3
 30
0.0
 40
1.8
  1
Дата
  7
GOST
 72
1
 11
290.0
 21
31.3
 31
0.0
100
AcDbText
  0
TEXT
  5
484
330
17
100
AcDbEntity
  8
FRAME
 62
7
100
AcDbText
 10
231.0
 20
26.3
 30
0.0
 40
2.0
  1
Разраб.
  7
GOST
 11
231.0
 21
26.3
 31
0.0
100
AcDbText
  0
TEXT
  5
485
330
17
100
AcDbEntity
  8
FRAME
 62
7
100
AcDbText
 10
231.0
 20
21.3
 30
0.0
 40
2.0
  1
Пров.
  7
GOST
 11
231.0
 21
21.3
 31
0.0
100
AcDbText
  0
TEXT
  5
486
330
17
100
AcDbEntity
  8
FRAME
 62
7
100
AcDbText
 10
231.0
 20
16.3
 30
0.0
 40
2.0
  1
ГИП
  7
GOST
 11
231.0
 21
16.3
 31
0.0
100
AcDbText
  0
TEXT
  5
487
330
17
100
AcDbEntity
  8
FRAME
 62
7
100
AcDbText
 10
231.0
 20
11.3
 30
0.0
 40
2.0
  1
Н.контр.
  7
GOST
 11
231.0
 21
11.3
 31
0.0
100
AcDbText
  0
TEXT
  5
488
330
17
100
AcDbEntity
  8
FRAME
 62
7
100
AcDbText
 10
231.0
 20
6.3
 30
0.0
 40
2.0
  1
Утв.
  7
GOST
 11
231.0
 21
6.3
 31
0.0
100
AcDbText
  0
TEXT
  5
489
330
17
100
AcDbEntity
  8
FRAME
 62
7
100
AcDbText
 10
250.8
 20
26.3
 30
0.0
 40
2.0
  1
pib-агенты
  7
GOST
 11
250.8
 21
26.3
 31
0.0
100
AcDbText
  0
TEXT
  5
48A
330
17
100
AcDbEntity
  8
FRAME
 62
7
100
AcDbText
 10
290.0
 20
26.3
 30
0.0
 40
1.8
  1
10.2026
  7
GOST
 72
1
 11
290.0
 21
26.3
 31
0.0
100
AcDbText
  0
TEXT
  5
48B
330
17
100
AcDbEntity
  8
FRAME
 62
7
100
AcDbText
 10
355.0
 20
50.0
 30
0.0
 40
5.0
  1
КВ108-ДП-СП-03
  7
GOST
 72
1
 11
355.0
 21
50.0
 31
0.0
100
AcDbText
  0
TEXT
  5
48C
330
17
100
AcDbEntity
  8
FRAME
 62
7
100
AcDbText
 10
355.0
 20
38.25
 30
0.0
 40
3.5
  1
Квартира №108, СПб, дизайн-проект
  7
GOST
 72
1
 11
355.0
 21
38.25
 31
0.0
100
AcDbText
  0
TEXT
  5
48D
330
17
100
AcDbEntity
  8
FRAME
 62
7
100
AcDbText
 10
330.0
 20
26.0
 30
0.0
 40
3.0
  1
Спецификации
  7
GOST
 72
1
 11
330.0
 21
26.0
 31
0.0
100
AcDbText
  0
TEXT
  5
48E
330
17
100
AcDbEntity
  8
FRAME
 62
7
100
AcDbText
 10
330.0
 20
14.875
 30
0.0
 40
2.5
  1
Спецификация светильников и
  7
GOST
 72
1
 11
330.0
 21
14.875
 31
0.0
100
AcDbText
  0
TEXT
  5
48F
330
17
100
AcDbEntity
  8
FRAME
 62
7
100
AcDbText
 10
330.0
 20
11.25
 30
0.0
 40
2.5
  1
электроустановочных изделий (лист
  7
GOST
 72
1
 11
330.0
 21
11.25
 31
0.0
100
AcDbText
  0
TEXT
  5
490
330
17
100
AcDbEntity
  8
FRAME
 62
7
100
AcDbText
 10
330.0
 20
7.625
 30
0.0
 40
2.5
  1
2 из 3)
  7
GOST
 72
1
 11
330.0
 21
7.625
 31
0.0
100
AcDbText
  0
TEXT
  5
491
330
17
100
AcDbEntity
  8
FRAME
 62
7
100
AcDbText
 10
390.0
 20
13.175
 30
0.0
 40
3.0
  1
ПИБ
  7
GOST
 72
1
 11
390.0
 21
13.175
 31
0.0
100
AcDbText
  0
TEXT
  5
492
330
17
100
AcDbEntity
  8
FRAME
 62
7
100
AcDbText
 10
390.0
 20
8.825000000000001
 30
0.0
 40
3.0
  1
агенты pib-*
  7
GOST
 72
1
 11
390.0
 21
8.825000000000001
 31
0.0
100
AcDbText
  0
ENDSEC
  0
SECTION
  2
OBJECTS
  0
DICTIONARY
  5
A
330
0
100
AcDbDictionary
281
1
  3
ACAD_COLOR
350
B
  3
ACAD_GROUP
350
C
  3
ACAD_LAYOUT
350
D
  3
ACAD_MATERIAL
350
E
  3
ACAD_MLEADERSTYLE
350
F
  3
ACAD_MLINESTYLE
350
10
  3
ACAD_PLOTSETTINGS
350
11
  3
ACAD_PLOTSTYLENAME
350
12
  3
ACAD_SCALELIST
350
14
  3
ACAD_TABLESTYLE
350
15
  3
ACAD_VISUALSTYLE
350
16
  3
EZDXF_META
350
2D
  0
DICTIONARY
  5
B
330
A
100
AcDbDictionary
281
1
  0
DICTIONARY
  5
C
330
A
100
AcDbDictionary
281
1
  0
DICTIONARY
  5
D
330
A
100
AcDbDictionary
281
1
  3
Model
350
1A
  3
Layout1
350
1E
  0
DICTIONARY
  5
E
330
A
100
AcDbDictionary
281
1
  3
ByBlock
350
1F
  3
ByLayer
350
20
  3
Global
350
21
  0
DICTIONARY
  5
F
330
A
100
AcDbDictionary
281
1
  3
Standard
350
2C
  0
DICTIONARY
  5
10
330
A
100
AcDbDictionary
281
1
  3
Standard
350
22
  0
DICTIONARY
  5
11
330
A
100
AcDbDictionary
281
1
  0
ACDBDICTIONARYWDFLT
  5
12
330
A
100
AcDbDictionary
281
1
  3
Normal
350
13
100
AcDbDictionaryWithDefault
340
13
  0
ACDBPLACEHOLDER
  5
13
330
12
  0
DICTIONARY
  5
14
330
A
100
AcDbDictionary
281
1
  0
DICTIONARY
  5
15
330
A
100
AcDbDictionary
281
1
  0
DICTIONARY
  5
16
330
A
100
AcDbDictionary
281
1
  3
2dWireframe
350
5A
  3
Basic
350
5B
  3
Brighten
350
5C
  3
ColorChange
350
5D
  3
Conceptual
350
5E
  3
Dim
350
5F
  3
EdgeColorOff
350
60
  3
Facepattern
350
61
  3
Flat
350
62
  3
FlatWithEdges
350
63
  3
Gouraud
350
64
  3
GouraudWithEdges
350
65
  3
Hidden
350
66
  3
JitterOff
350
67
  3
Linepattern
350
68
  3
Modeling
350
69
  3
OverhangOff
350
6A
  3
Realistic
350
6B
  3
Shaded
350
6C
  3
Shaded with edges
350
6D
  3
Shades of Gray
350
6E
  3
Sketchy
350
6F
  3
Thicken
350
70
  3
Wireframe
350
71
  3
X-Ray
350
72
  0
LAYOUT
  5
1A
330
D
100
AcDbPlotSettings
  1

  4
A3
  6

 40
7.5
 41
20.0
 42
7.5
 43
20.0
 44
420.0
 45
297.0
 46
0.0
 47
0.0
 48
0.0
 49
0.0
140
0.0
141
0.0
142
1.0
143
1.0
 70
1024
 72
1
 73
0
 74
5
  7

 75
16
 76
0
 77
2
 78
300
147
1.0
148
0.0
149
0.0
100
AcDbLayout
  1
Model
 70
1
 71
0
 10
0.0
 20
0.0
 11
420.0
 21
297.0
 12
0.0
 22
0.0
 32
0.0
 14
1e+20
 24
1e+20
 34
1e+20
 15
-1e+20
 25
-1e+20
 35
-1e+20
146
0.0
 13
0.0
 23
0.0
 33
0.0
 16
1.0
 26
0.0
 36
0.0
 17
0.0
 27
1.0
 37
0.0
 76
1
330
17
  0
LAYOUT
  5
1E
330
D
100
AcDbPlotSettings
  1

  4
A3
  6

 40
7.5
 41
20.0
 42
7.5
 43
20.0
 44
420.0
 45
297.0
 46
0.0
 47
0.0
 48
0.0
 49
0.0
140
0.0
141
0.0
142
1.0
143
1.0
 70
0
 72
1
 73
0
 74
5
  7

 75
16
 76
0
 77
2
 78
300
147
1.0
148
0.0
149
0.0
100
AcDbLayout
  1
Layout1
 70
1
 71
1
 10
0.0
 20
0.0
 11
420.0
 21
297.0
 12
0.0
 22
0.0
 32
0.0
 14
1e+20
 24
1e+20
 34
1e+20
 15
-1e+20
 25
-1e+20
 35
-1e+20
146
0.0
 13
0.0
 23
0.0
 33
0.0
 16
1.0
 26
0.0
 36
0.0
 17
0.0
 27
1.0
 37
0.0
 76
1
330
1B
  0
MATERIAL
  5
1F
102
{ACAD_REACTORS
330
E
102
}
330
E
100
AcDbMaterial
  1
ByBlock
  2

 70
0
 40
1.0
 71
1
 41
1.0
 91
-1023410177
 42
1.0
 72
1
  3

 73
1
 74
1
 75
1
 44
0.5
 73
0
 45
1.0
 46
1.0
 77
1
  4

 78
1
 79
1
170
1
 48
1.0
171
1
  6

172
1
173
1
174
1
140
1.0
141
1.0
175
1
  7

176
1
177
1
178
1
143
1.0
179
1
  8

270
1
271
1
272
1
145
1.0
146
1.0
273
1
  9

274
1
275
1
276
1
 42
1.0
 72
1
  3

 73
1
 74
1
 75
1
 94
63
  0
MATERIAL
  5
20
102
{ACAD_REACTORS
330
E
102
}
330
E
100
AcDbMaterial
  1
ByLayer
  2

 70
0
 40
1.0
 71
1
 41
1.0
 91
-1023410177
 42
1.0
 72
1
  3

 73
1
 74
1
 75
1
 44
0.5
 73
0
 45
1.0
 46
1.0
 77
1
  4

 78
1
 79
1
170
1
 48
1.0
171
1
  6

172
1
173
1
174
1
140
1.0
141
1.0
175
1
  7

176
1
177
1
178
1
143
1.0
179
1
  8

270
1
271
1
272
1
145
1.0
146
1.0
273
1
  9

274
1
275
1
276
1
 42
1.0
 72
1
  3

 73
1
 74
1
 75
1
 94
63
  0
MATERIAL
  5
21
102
{ACAD_REACTORS
330
E
102
}
330
E
100
AcDbMaterial
  1
Global
  2

 70
0
 40
1.0
 71
1
 41
1.0
 91
-1023410177
 42
1.0
 72
1
  3

 73
1
 74
1
 75
1
 44
0.5
 73
0
 45
1.0
 46
1.0
 77
1
  4

 78
1
 79
1
170
1
 48
1.0
171
1
  6

172
1
173
1
174
1
140
1.0
141
1.0
175
1
  7

176
1
177
1
178
1
143
1.0
179
1
  8

270
1
271
1
272
1
145
1.0
146
1.0
273
1
  9

274
1
275
1
276
1
 42
1.0
 72
1
  3

 73
1
 74
1
 75
1
 94
63
  0
MLINESTYLE
  5
22
102
{ACAD_REACTORS
330
10
102
}
330
10
100
AcDbMlineStyle
  2
Standard
 70
0
  3

 62
256
 51
90.0
 52
90.0
 71
2
 49
0.5
 62
256
  6
BYLAYER
 49
-0.5
 62
256
  6
BYLAYER
  0
MLEADERSTYLE
  5
2C
102
{ACAD_REACTORS
330
F
102
}
330
F
100
AcDbMLeaderStyle
179
2
170
2
171
1
172
0
 90
2
 40
0.0
 41
0.0
173
1
 91
-1056964608
 92
-2
290
1
 42
2.0
291
1
 43
8.0
  3
Standard
 44
4.0
300

342
29
174
1
175
1
176
0
178
1
 93
-1056964608
 45
4.0
292
0
297
0
 46
4.0
 94
-1056964608
 47
1.0
 49
1.0
140
1.0
294
1
141
0.0
177
0
142
1.0
295
0
296
0
143
3.75
271
0
272
9
273
9
  0
DICTIONARY
  5
2D
330
A
100
AcDbDictionary
280
1
281
1
  3
CREATED_BY_EZDXF
350
2E
  3
WRITTEN_BY_EZDXF
350
495
  0
DICTIONARYVAR
  5
2E
330
2D
100
DictionaryVariables
280
0
  1
1.4.4 @ 2026-10-08T17:37:39.103488+00:00
  0
VISUALSTYLE
  5
5A
102
{ACAD_REACTORS
330
16
102
}
330
16
100
AcDbVisualStyle
  2
2dWireframe
 70
4
177
3
291
0
 70
58
 90
2
176
1
 90
2
176
1
 90
0
176
1
 90
0
176
1
 40
0.6
176
1
 40
30.0
176
1
 62
7
420
16777215
176
1
 90
1
176
1
 90
4
176
1
 62
7
176
1
 62
257
176
1
 90
1
176
1
 90
1
176
1
 40
1.0
176
1
 90
8
176
1
 62
7
176
1
 40
1.0
176
1
 90
1
176
1
 90
6
176
1
 90
2
176
1
 62
7
176
1
 90
5
176
1
 90
0
176
1
 90
0
176
1
290
0
176
1
 90
1
176
1
 40
0.0
176
1
 90
0
176
1
290
1
176
1
290
1
176
1
290
0
176
1
290
0
176
1
290
0
176
1
290
0
176
1
290
0
176
1
290
0
176
1
290
0
176
1
 90
50
176
1
 40
0.0
176
1
 40
1.0
176
1
 90
0
176
1
 62
18
420
0
176
1
 90
50
176
1
 90
3
176
1
 62
5
420
255
176
1
290
0
176
1
 90
50
176
1
 90
50
176
1
 90
50
176
1
290
0
176
1
 90
50
176
1
 62
256
176
0
 40
1.0
176
0
 90
2
176
1
  1
strokes_ogs.tif
176
1
290
0
176
1
 40
1.0
176
1
 40
1.0
176
1
  0
VISUALSTYLE
  5
5B
102
{ACAD_REACTORS
330
16
102
}
330
16
100
AcDbVisualStyle
  2
Basic
 70
7
177
3
291
1
 70
58
 90
2
176
1
 90
2
176
1
 90
0
176
1
 90
1
176
1
 40
0.6
176
1
 40
30.0
176
1
 62
7
420
16777215
176
1
 90
1
176
1
 90
4
176
1
 62
7
176
1
 62
257
176
1
 90
1
176
1
 90
1
176
1
 40
1.0
176
1
 90
8
176
1
 62
7
176
1
 40
1.0
176
1
 90
1
176
1
 90
6
176
1
 90
2
176
1
 62
7
176
1
 90
5
176
1
 90
0
176
1
 90
0
176
1
290
0
176
1
 90
1
176
1
 40
0.0
176
1
 90
0
176
1
290
0
176
1
290
1
176
1
290
1
176
1
290
0
176
1
290
0
176
1
290
0
176
1
290
0
176
1
290
0
176
1
290
0
176
1
 90
50
176
1
 40
0.0
176
1
 40
1.0
176
1
 90
0
176
1
 62
18
420
0
176
1
 90
50
176
1
 90
3
176
1
 62
5
420
255
176
1
290
0
176
1
 90
50
176
1
 90
50
176
1
 90
50
176
1
290
0
176
1
 90
50
176
1
 62
256
176
0
 40
1.0
176
0
 90
2
176
1
  1
strokes_ogs.tif
176
1
290
0
176
1
 40
1.0
176
1
 40
1.0
176
1
  0
VISUALSTYLE
  5
5C
102
{ACAD_REACTORS
330
16
102
}
330
16
100
AcDbVisualStyle
  2
Brighten
 70
12
177
3
291
1
 70
58
 90
2
176
1
 90
2
176
1
 90
0
176
1
 90
2
176
1
 40
0.6
176
1
 40
30.0
176
1
 62
7
420
16777215
176
1
 90
1
176
1
 90
4
176
1
 62
7
176
1
 62
257
176
1
 90
1
176
1
 90
1
176
1
 40
1.0
176
1
 90
8
176
1
 62
7
176
1
 40
1.0
176
1
 90
1
176
1
 90
6
176
1
 90
2
176
1
 62
7
176
1
 90
5
176
1
 90
0
176
1
 90
0
176
1
290
0
176
1
 90
1
176
1
 40
0.0
176
1
 90
0
176
1
290
0
176
1
290
1
176
1
290
1
176
1
290
0
176
1
290
0
176
1
290
0
176
1
290
0
176
1
290
0
176
1
290
0
176
1
 90
50
176
1
 40
0.0
176
1
 40
1.0
176
1
 90
0
176
1
 62
18
420
0
176
1
 90
50
176
1
 90
3
176
1
 62
5
420
255
176
1
290
0
176
1
 90
50
176
1
 90
50
176
1
 90
50
176
1
290
0
176
1
 90
50
176
1
 62
256
176
0
 40
1.0
176
0
 90
2
176
1
  1
strokes_ogs.tif
176
1
290
0
176
1
 40
1.0
176
1
 40
1.0
176
1
  0
VISUALSTYLE
  5
5D
102
{ACAD_REACTORS
330
16
102
}
330
16
100
AcDbVisualStyle
  2
ColorChange
 70
16
177
3
291
1
 70
58
 90
2
176
1
 90
2
176
1
 90
0
176
1
 90
2
176
1
 40
0.6
176
1
 40
30.0
176
1
 62
7
420
16777215
176
1
 90
1
176
1
 90
4
176
1
 62
7
176
1
 62
257
176
1
 90
1
176
1
 90
1
176
1
 40
1.0
176
1
 90
8
176
1
 62
7
176
1
 40
1.0
176
1
 90
1
176
1
 90
6
176
1
 90
2
176
1
 62
7
176
1
 90
5
176
1
 90
0
176
1
 90
0
176
1
290
0
176
1
 90
1
176
1
 40
0.0
176
1
 90
0
176
1
290
0
176
1
290
1
176
1
290
1
176
1
290
0
176
1
290
0
176
1
290
0
176
1
290
0
176
1
290
0
176
1
290
0
176
1
 90
50
176
1
 40
0.0
176
1
 40
1.0
176
1
 90
0
176
1
 62
18
420
0
176
1
 90
50
176
1
 90
3
176
1
 62
5
420
255
176
1
290
0
176
1
 90
50
176
1
 90
50
176
1
 90
50
176
1
290
0
176
1
 90
50
176
1
 62
256
176
0
 40
1.0
176
0
 90
2
176
1
  1
strokes_ogs.tif
176
1
290
0
176
1
 40
1.0
176
1
 40
1.0
176
1
  0
VISUALSTYLE
  5
5E
102
{ACAD_REACTORS
330
16
102
}
330
16
100
AcDbVisualStyle
  2
Conceptual
 70
9
177
3
291
0
 70
58
 90
2
176
1
 90
2
176
1
 90
0
176
1
 90
3
176
1
 40
0.6
176
1
 40
30.0
176
1
 62
7
420
16777215
176
1
 90
1
176
1
 90
4
176
1
 62
7
176
1
 62
257
176
1
 90
1
176
1
 90
1
176
1
 40
1.0
176
1
 90
8
176
1
 62
7
176
1
 40
1.0
176
1
 90
1
176
1
 90
6
176
1
 90
2
176
1
 62
7
176
1
 90
5
176
1
 90
0
176
1
 90
0
176
1
290
0
176
1
 90
1
176
1
 40
0.0
176
1
 90
0
176
1
290
0
176
1
290
1
176
1
290
1
176
1
290
0
176
1
290
0
176
1
290
0
176
1
290
0
176
1
290
0
176
1
290
0
176
1
 90
50
176
1
 40
0.0
176
1
 40
1.0
176
1
 90
0
176
1
 62
18
420
0
176
1
 90
50
176
1
 90
3
176
1
 62
5
420
255
176
1
290
0
176
1
 90
50
176
1
 90
50
176
1
 90
50
176
1
290
0
176
1
 90
50
176
1
 62
256
176
0
 40
1.0
176
0
 90
2
176
1
  1
strokes_ogs.tif
176
1
290
0
176
1
 40
1.0
176
1
 40
1.0
176
1
  0
VISUALSTYLE
  5
5F
102
{ACAD_REACTORS
330
16
102
}
330
16
100
AcDbVisualStyle
  2
Dim
 70
11
177
3
291
1
 70
58
 90
2
176
1
 90
2
176
1
 90
0
176
1
 90
2
176
1
 40
0.6
176
1
 40
30.0
176
1
 62
7
420
16777215
176
1
 90
1
176
1
 90
4
176
1
 62
7
176
1
 62
257
176
1
 90
1
176
1
 90
1
176
1
 40
1.0
176
1
 90
8
176
1
 62
7
176
1
 40
1.0
176
1
 90
1
176
1
 90
6
176
1
 90
2
176
1
 62
7
176
1
 90
5
176
1
 90
0
176
1
 90
0
176
1
290
0
176
1
 90
1
176
1
 40
0.0
176
1
 90
0
176
1
290
0
176
1
290
1
176
1
290
1
176
1
290
0
176
1
290
0
176
1
290
0
176
1
290
0
176
1
290
0
176
1
290
0
176
1
 90
50
176
1
 40
0.0
176
1
 40
1.0
176
1
 90
0
176
1
 62
18
420
0
176
1
 90
50
176
1
 90
3
176
1
 62
5
420
255
176
1
290
0
176
1
 90
50
176
1
 90
50
176
1
 90
50
176
1
290
0
176
1
 90
50
176
1
 62
256
176
0
 40
1.0
176
0
 90
2
176
1
  1
strokes_ogs.tif
176
1
290
0
176
1
 40
1.0
176
1
 40
1.0
176
1
  0
VISUALSTYLE
  5
60
102
{ACAD_REACTORS
330
16
102
}
330
16
100
AcDbVisualStyle
  2
EdgeColorOff
 70
22
177
3
291
1
 70
58
 90
2
176
1
 90
2
176
1
 90
0
176
1
 90
2
176
1
 40
0.6
176
1
 40
30.0
176
1
 62
7
420
16777215
176
1
 90
1
176
1
 90
4
176
1
 62
7
176
1
 62
257
176
1
 90
1
176
1
 90
1
176
1
 40
1.0
176
1
 90
8
176
1
 62
7
176
1
 40
1.0
176
1
 90
1
176
1
 90
6
176
1
 90
2
176
1
 62
7
176
1
 90
5
176
1
 90
0
176
1
 90
0
176
1
290
0
176
1
 90
1
176
1
 40
0.0
176
1
 90
0
176
1
290
0
176
1
290
1
176
1
290
1
176
1
290
0
176
1
290
0
176
1
290
0
176
1
290
0
176
1
290
0
176
1
290
0
176
1
 90
50
176
1
 40
0.0
176
1
 40
1.0
176
1
 90
0
176
1
 62
18
420
0
176
1
 90
50
176
1
 90
3
176
1
 62
5
420
255
176
1
290
0
176
1
 90
50
176
1
 90
50
176
1
 90
50
176
1
290
0
176
1
 90
50
176
1
 62
256
176
0
 40
1.0
176
0
 90
2
176
1
  1
strokes_ogs.tif
176
1
290
0
176
1
 40
1.0
176
1
 40
1.0
176
1
  0
VISUALSTYLE
  5
61
102
{ACAD_REACTORS
330
16
102
}
330
16
100
AcDbVisualStyle
  2
Facepattern
 70
15
177
3
291
1
 70
58
 90
2
176
1
 90
2
176
1
 90
0
176
1
 90
2
176
1
 40
0.6
176
1
 40
30.0
176
1
 62
7
420
16777215
176
1
 90
1
176
1
 90
4
176
1
 62
7
176
1
 62
257
176
1
 90
1
176
1
 90
1
176
1
 40
1.0
176
1
 90
8
176
1
 62
7
176
1
 40
1.0
176
1
 90
1
176
1
 90
6
176
1
 90
2
176
1
 62
7
176
1
 90
5
176
1
 90
0
176
1
 90
0
176
1
290
0
176
1
 90
1
176
1
 40
0.0
176
1
 90
0
176
1
290
0
176
1
290
1
176
1
290
1
176
1
290
0
176
1
290
0
176
1
290
0
176
1
290
0
176
1
290
0
176
1
290
0
176
1
 90
50
176
1
 40
0.0
176
1
 40
1.0
176
1
 90
0
176
1
 62
18
420
0
176
1
 90
50
176
1
 90
3
176
1
 62
5
420
255
176
1
290
0
176
1
 90
50
176
1
 90
50
176
1
 90
50
176
1
290
0
176
1
 90
50
176
1
 62
256
176
0
 40
1.0
176
0
 90
2
176
1
  1
strokes_ogs.tif
176
1
290
0
176
1
 40
1.0
176
1
 40
1.0
176
1
  0
VISUALSTYLE
  5
62
102
{ACAD_REACTORS
330
16
102
}
330
16
100
AcDbVisualStyle
  2
Flat
 70
0
177
3
291
1
 70
58
 90
2
176
1
 90
2
176
1
 90
0
176
1
 90
2
176
1
 40
0.6
176
1
 40
30.0
176
1
 62
7
420
16777215
176
1
 90
1
176
1
 90
4
176
1
 62
7
176
1
 62
257
176
1
 90
1
176
1
 90
1
176
1
 40
1.0
176
1
 90
8
176
1
 62
7
176
1
 40
1.0
176
1
 90
1
176
1
 90
6
176
1
 90
2
176
1
 62
7
176
1
 90
5
176
1
 90
0
176
1
 90
0
176
1
290
0
176
1
 90
1
176
1
 40
0.0
176
1
 90
0
176
1
290
0
176
1
290
1
176
1
290
1
176
1
290
0
176
1
290
0
176
1
290
0
176
1
290
0
176
1
290
0
176
1
290
0
176
1
 90
50
176
1
 40
0.0
176
1
 40
1.0
176
1
 90
0
176
1
 62
18
420
0
176
1
 90
50
176
1
 90
3
176
1
 62
5
420
255
176
1
290
0
176
1
 90
50
176
1
 90
50
176
1
 90
50
176
1
290
0
176
1
 90
50
176
1
 62
256
176
0
 40
1.0
176
0
 90
2
176
1
  1
strokes_ogs.tif
176
1
290
0
176
1
 40
1.0
176
1
 40
1.0
176
1
  0
VISUALSTYLE
  5
63
102
{ACAD_REACTORS
330
16
102
}
330
16
100
AcDbVisualStyle
  2
FlatWithEdges
 70
1
177
3
291
1
 70
58
 90
2
176
1
 90
2
176
1
 90
0
176
1
 90
2
176
1
 40
0.6
176
1
 40
30.0
176
1
 62
7
420
16777215
176
1
 90
1
176
1
 90
4
176
1
 62
7
176
1
 62
257
176
1
 90
1
176
1
 90
1
176
1
 40
1.0
176
1
 90
8
176
1
 62
7
176
1
 40
1.0
176
1
 90
1
176
1
 90
6
176
1
 90
2
176
1
 62
7
176
1
 90
5
176
1
 90
0
176
1
 90
0
176
1
290
0
176
1
 90
1
176
1
 40
0.0
176
1
 90
0
176
1
290
0
176
1
290
1
176
1
290
1
176
1
290
0
176
1
290
0
176
1
290
0
176
1
290
0
176
1
290
0
176
1
290
0
176
1
 90
50
176
1
 40
0.0
176
1
 40
1.0
176
1
 90
0
176
1
 62
18
420
0
176
1
 90
50
176
1
 90
3
176
1
 62
5
420
255
176
1
290
0
176
1
 90
50
176
1
 90
50
176
1
 90
50
176
1
290
0
176
1
 90
50
176
1
 62
256
176
0
 40
1.0
176
0
 90
2
176
1
  1
strokes_ogs.tif
176
1
290
0
176
1
 40
1.0
176
1
 40
1.0
176
1
  0
VISUALSTYLE
  5
64
102
{ACAD_REACTORS
330
16
102
}
330
16
100
AcDbVisualStyle
  2
Gouraud
 70
2
177
3
291
1
 70
58
 90
2
176
1
 90
2
176
1
 90
0
176
1
 90
2
176
1
 40
0.6
176
1
 40
30.0
176
1
 62
7
420
16777215
176
1
 90
1
176
1
 90
4
176
1
 62
7
176
1
 62
257
176
1
 90
1
176
1
 90
1
176
1
 40
1.0
176
1
 90
8
176
1
 62
7
176
1
 40
1.0
176
1
 90
1
176
1
 90
6
176
1
 90
2
176
1
 62
7
176
1
 90
5
176
1
 90
0
176
1
 90
0
176
1
290
0
176
1
 90
1
176
1
 40
0.0
176
1
 90
0
176
1
290
0
176
1
290
1
176
1
290
1
176
1
290
0
176
1
290
0
176
1
290
0
176
1
290
0
176
1
290
0
176
1
290
0
176
1
 90
50
176
1
 40
0.0
176
1
 40
1.0
176
1
 90
0
176
1
 62
18
420
0
176
1
 90
50
176
1
 90
3
176
1
 62
5
420
255
176
1
290
0
176
1
 90
50
176
1
 90
50
176
1
 90
50
176
1
290
0
176
1
 90
50
176
1
 62
256
176
0
 40
1.0
176
0
 90
2
176
1
  1
strokes_ogs.tif
176
1
290
0
176
1
 40
1.0
176
1
 40
1.0
176
1
  0
VISUALSTYLE
  5
65
102
{ACAD_REACTORS
330
16
102
}
330
16
100
AcDbVisualStyle
  2
GouraudWithEdges
 70
3
177
3
291
1
 70
58
 90
2
176
1
 90
2
176
1
 90
0
176
1
 90
2
176
1
 40
0.6
176
1
 40
30.0
176
1
 62
7
420
16777215
176
1
 90
1
176
1
 90
4
176
1
 62
7
176
1
 62
257
176
1
 90
1
176
1
 90
1
176
1
 40
1.0
176
1
 90
8
176
1
 62
7
176
1
 40
1.0
176
1
 90
1
176
1
 90
6
176
1
 90
2
176
1
 62
7
176
1
 90
5
176
1
 90
0
176
1
 90
0
176
1
290
0
176
1
 90
1
176
1
 40
0.0
176
1
 90
0
176
1
290
0
176
1
290
1
176
1
290
1
176
1
290
0
176
1
290
0
176
1
290
0
176
1
290
0
176
1
290
0
176
1
290
0
176
1
 90
50
176
1
 40
0.0
176
1
 40
1.0
176
1
 90
0
176
1
 62
18
420
0
176
1
 90
50
176
1
 90
3
176
1
 62
5
420
255
176
1
290
0
176
1
 90
50
176
1
 90
50
176
1
 90
50
176
1
290
0
176
1
 90
50
176
1
 62
256
176
0
 40
1.0
176
0
 90
2
176
1
  1
strokes_ogs.tif
176
1
290
0
176
1
 40
1.0
176
1
 40
1.0
176
1
  0
VISUALSTYLE
  5
66
102
{ACAD_REACTORS
330
16
102
}
330
16
100
AcDbVisualStyle
  2
Hidden
 70
6
177
3
291
0
 70
58
 90
2
176
1
 90
2
176
1
 90
0
176
1
 90
1
176
1
 40
0.6
176
1
 40
30.0
176
1
 62
7
420
16777215
176
1
 90
1
176
1
 90
4
176
1
 62
7
176
1
 62
257
176
1
 90
1
176
1
 90
1
176
1
 40
1.0
176
1
 90
8
176
1
 62
7
176
1
 40
1.0
176
1
 90
1
176
1
 90
6
176
1
 90
2
176
1
 62
7
176
1
 90
5
176
1
 90
0
176
1
 90
0
176
1
290
0
176
1
 90
1
176
1
 40
0.0
176
1
 90
0
176
1
290
0
176
1
290
1
176
1
290
1
176
1
290
0
176
1
290
0
176
1
290
0
176
1
290
0
176
1
290
0
176
1
290
0
176
1
 90
50
176
1
 40
0.0
176
1
 40
1.0
176
1
 90
0
176
1
 62
18
420
0
176
1
 90
50
176
1
 90
3
176
1
 62
5
420
255
176
1
290
0
176
1
 90
50
176
1
 90
50
176
1
 90
50
176
1
290
0
176
1
 90
50
176
1
 62
256
176
0
 40
1.0
176
0
 90
2
176
1
  1
strokes_ogs.tif
176
1
290
0
176
1
 40
1.0
176
1
 40
1.0
176
1
  0
VISUALSTYLE
  5
67
102
{ACAD_REACTORS
330
16
102
}
330
16
100
AcDbVisualStyle
  2
JitterOff
 70
20
177
3
291
1
 70
58
 90
2
176
1
 90
2
176
1
 90
0
176
1
 90
2
176
1
 40
0.6
176
1
 40
30.0
176
1
 62
7
420
16777215
176
1
 90
1
176
1
 90
4
176
1
 62
7
176
1
 62
257
176
1
 90
1
176
1
 90
1
176
1
 40
1.0
176
1
 90
8
176
1
 62
7
176
1
 40
1.0
176
1
 90
1
176
1
 90
6
176
1
 90
2
176
1
 62
7
176
1
 90
5
176
1
 90
0
176
1
 90
0
176
1
290
0
176
1
 90
1
176
1
 40
0.0
176
1
 90
0
176
1
290
0
176
1
290
1
176
1
290
1
176
1
290
0
176
1
290
0
176
1
290
0
176
1
290
0
176
1
290
0
176
1
290
0
176
1
 90
50
176
1
 40
0.0
176
1
 40
1.0
176
1
 90
0
176
1
 62
18
420
0
176
1
 90
50
176
1
 90
3
176
1
 62
5
420
255
176
1
290
0
176
1
 90
50
176
1
 90
50
176
1
 90
50
176
1
290
0
176
1
 90
50
176
1
 62
256
176
0
 40
1.0
176
0
 90
2
176
1
  1
strokes_ogs.tif
176
1
290
0
176
1
 40
1.0
176
1
 40
1.0
176
1
  0
VISUALSTYLE
  5
68
102
{ACAD_REACTORS
330
16
102
}
330
16
100
AcDbVisualStyle
  2
Linepattern
 70
14
177
3
291
1
 70
58
 90
2
176
1
 90
2
176
1
 90
0
176
1
 90
2
176
1
 40
0.6
176
1
 40
30.0
176
1
 62
7
420
16777215
176
1
 90
1
176
1
 90
4
176
1
 62
7
176
1
 62
257
176
1
 90
1
176
1
 90
1
176
1
 40
1.0
176
1
 90
8
176
1
 62
7
176
1
 40
1.0
176
1
 90
1
176
1
 90
6
176
1
 90
2
176
1
 62
7
176
1
 90
5
176
1
 90
0
176
1
 90
0
176
1
290
0
176
1
 90
1
176
1
 40
0.0
176
1
 90
0
176
1
290
0
176
1
290
1
176
1
290
1
176
1
290
0
176
1
290
0
176
1
290
0
176
1
290
0
176
1
290
0
176
1
290
0
176
1
 90
50
176
1
 40
0.0
176
1
 40
1.0
176
1
 90
0
176
1
 62
18
420
0
176
1
 90
50
176
1
 90
3
176
1
 62
5
420
255
176
1
290
0
176
1
 90
50
176
1
 90
50
176
1
 90
50
176
1
290
0
176
1
 90
50
176
1
 62
256
176
0
 40
1.0
176
0
 90
2
176
1
  1
strokes_ogs.tif
176
1
290
0
176
1
 40
1.0
176
1
 40
1.0
176
1
  0
VISUALSTYLE
  5
69
102
{ACAD_REACTORS
330
16
102
}
330
16
100
AcDbVisualStyle
  2
Modeling
 70
10
177
3
291
0
 70
58
 90
2
176
1
 90
2
176
1
 90
0
176
1
 90
2
176
1
 40
0.6
176
1
 40
30.0
176
1
 62
7
420
16777215
176
1
 90
1
176
1
 90
4
176
1
 62
7
176
1
 62
257
176
1
 90
1
176
1
 90
1
176
1
 40
1.0
176
1
 90
8
176
1
 62
7
176
1
 40
1.0
176
1
 90
1
176
1
 90
6
176
1
 90
2
176
1
 62
7
176
1
 90
5
176
1
 90
0
176
1
 90
0
176
1
290
0
176
1
 90
1
176
1
 40
0.0
176
1
 90
0
176
1
290
0
176
1
290
1
176
1
290
1
176
1
290
0
176
1
290
0
176
1
290
0
176
1
290
0
176
1
290
0
176
1
290
0
176
1
 90
50
176
1
 40
0.0
176
1
 40
1.0
176
1
 90
0
176
1
 62
18
420
0
176
1
 90
50
176
1
 90
3
176
1
 62
5
420
255
176
1
290
0
176
1
 90
50
176
1
 90
50
176
1
 90
50
176
1
290
0
176
1
 90
50
176
1
 62
256
176
0
 40
1.0
176
0
 90
2
176
1
  1
strokes_ogs.tif
176
1
290
0
176
1
 40
1.0
176
1
 40
1.0
176
1
  0
VISUALSTYLE
  5
6A
102
{ACAD_REACTORS
330
16
102
}
330
16
100
AcDbVisualStyle
  2
OverhangOff
 70
21
177
3
291
1
 70
58
 90
2
176
1
 90
2
176
1
 90
0
176
1
 90
2
176
1
 40
0.6
176
1
 40
30.0
176
1
 62
7
420
16777215
176
1
 90
1
176
1
 90
4
176
1
 62
7
176
1
 62
257
176
1
 90
1
176
1
 90
1
176
1
 40
1.0
176
1
 90
8
176
1
 62
7
176
1
 40
1.0
176
1
 90
1
176
1
 90
6
176
1
 90
2
176
1
 62
7
176
1
 90
5
176
1
 90
0
176
1
 90
0
176
1
290
0
176
1
 90
1
176
1
 40
0.0
176
1
 90
0
176
1
290
0
176
1
290
1
176
1
290
1
176
1
290
0
176
1
290
0
176
1
290
0
176
1
290
0
176
1
290
0
176
1
290
0
176
1
 90
50
176
1
 40
0.0
176
1
 40
1.0
176
1
 90
0
176
1
 62
18
420
0
176
1
 90
50
176
1
 90
3
176
1
 62
5
420
255
176
1
290
0
176
1
 90
50
176
1
 90
50
176
1
 90
50
176
1
290
0
176
1
 90
50
176
1
 62
256
176
0
 40
1.0
176
0
 90
2
176
1
  1
strokes_ogs.tif
176
1
290
0
176
1
 40
1.0
176
1
 40
1.0
176
1
  0
VISUALSTYLE
  5
6B
102
{ACAD_REACTORS
330
16
102
}
330
16
100
AcDbVisualStyle
  2
Realistic
 70
8
177
3
291
0
 70
58
 90
2
176
1
 90
2
176
1
 90
0
176
1
 90
2
176
1
 40
0.6
176
1
 40
30.0
176
1
 62
7
420
16777215
176
1
 90
1
176
1
 90
4
176
1
 62
7
176
1
 62
257
176
1
 90
1
176
1
 90
1
176
1
 40
1.0
176
1
 90
8
176
1
 62
7
176
1
 40
1.0
176
1
 90
1
176
1
 90
6
176
1
 90
2
176
1
 62
7
176
1
 90
5
176
1
 90
0
176
1
 90
0
176
1
290
0
176
1
 90
1
176
1
 40
0.0
176
1
 90
0
176
1
290
0
176
1
290
1
176
1
290
1
176
1
290
0
176
1
290
0
176
1
290
0
176
1
290
0
176
1
290
0
176
1
290
0
176
1
 90
50
176
1
 40
0.0
176
1
 40
1.0
176
1
 90
0
176
1
 62
18
420
0
176
1
 90
50
176
1
 90
3
176
1
 62
5
420
255
176
1
290
0
176
1
 90
50
176
1
 90
50
176
1
 90
50
176
1
290
0
176
1
 90
50
176
1
 62
256
176
0
 40
1.0
176
0
 90
2
176
1
  1
strokes_ogs.tif
176
1
290
0
176
1
 40
1.0
176
1
 40
1.0
176
1
  0
VISUALSTYLE
  5
6C
102
{ACAD_REACTORS
330
16
102
}
330
16
100
AcDbVisualStyle
  2
Shaded
 70
27
177
3
291
0
 70
58
 90
2
176
1
 90
2
176
1
 90
0
176
1
 90
2
176
1
 40
0.6
176
1
 40
30.0
176
1
 62
7
420
16777215
176
1
 90
1
176
1
 90
4
176
1
 62
7
176
1
 62
257
176
1
 90
1
176
1
 90
1
176
1
 40
1.0
176
1
 90
8
176
1
 62
7
176
1
 40
1.0
176
1
 90
1
176
1
 90
6
176
1
 90
2
176
1
 62
7
176
1
 90
5
176
1
 90
0
176
1
 90
0
176
1
290
0
176
1
 90
1
176
1
 40
0.0
176
1
 90
0
176
1
290
0
176
1
290
1
176
1
290
1
176
1
290
0
176
1
290
0
176
1
290
0
176
1
290
0
176
1
290
0
176
1
290
0
176
1
 90
50
176
1
 40
0.0
176
1
 40
1.0
176
1
 90
0
176
1
 62
18
420
0
176
1
 90
50
176
1
 90
3
176
1
 62
5
420
255
176
1
290
0
176
1
 90
50
176
1
 90
50
176
1
 90
50
176
1
290
0
176
1
 90
50
176
1
 62
256
176
0
 40
1.0
176
0
 90
2
176
1
  1
strokes_ogs.tif
176
1
290
0
176
1
 40
1.0
176
1
 40
1.0
176
1
  0
VISUALSTYLE
  5
6D
102
{ACAD_REACTORS
330
16
102
}
330
16
100
AcDbVisualStyle
  2
Shaded with edges
 70
26
177
3
291
0
 70
58
 90
2
176
1
 90
2
176
1
 90
0
176
1
 90
2
176
1
 40
0.6
176
1
 40
30.0
176
1
 62
7
420
16777215
176
1
 90
1
176
1
 90
4
176
1
 62
7
176
1
 62
257
176
1
 90
1
176
1
 90
1
176
1
 40
1.0
176
1
 90
8
176
1
 62
7
176
1
 40
1.0
176
1
 90
1
176
1
 90
6
176
1
 90
2
176
1
 62
7
176
1
 90
5
176
1
 90
0
176
1
 90
0
176
1
290
0
176
1
 90
1
176
1
 40
0.0
176
1
 90
0
176
1
290
0
176
1
290
1
176
1
290
1
176
1
290
0
176
1
290
0
176
1
290
0
176
1
290
0
176
1
290
0
176
1
290
0
176
1
 90
50
176
1
 40
0.0
176
1
 40
1.0
176
1
 90
0
176
1
 62
18
420
0
176
1
 90
50
176
1
 90
3
176
1
 62
5
420
255
176
1
290
0
176
1
 90
50
176
1
 90
50
176
1
 90
50
176
1
290
0
176
1
 90
50
176
1
 62
256
176
0
 40
1.0
176
0
 90
2
176
1
  1
strokes_ogs.tif
176
1
290
0
176
1
 40
1.0
176
1
 40
1.0
176
1
  0
VISUALSTYLE
  5
6E
102
{ACAD_REACTORS
330
16
102
}
330
16
100
AcDbVisualStyle
  2
Shades of Gray
 70
23
177
3
291
0
 70
58
 90
2
176
1
 90
2
176
1
 90
0
176
1
 90
2
176
1
 40
0.6
176
1
 40
30.0
176
1
 62
7
420
16777215
176
1
 90
1
176
1
 90
4
176
1
 62
7
176
1
 62
257
176
1
 90
1
176
1
 90
1
176
1
 40
1.0
176
1
 90
8
176
1
 62
7
176
1
 40
1.0
176
1
 90
1
176
1
 90
6
176
1
 90
2
176
1
 62
7
176
1
 90
5
176
1
 90
0
176
1
 90
0
176
1
290
0
176
1
 90
1
176
1
 40
0.0
176
1
 90
0
176
1
290
0
176
1
290
1
176
1
290
1
176
1
290
0
176
1
290
0
176
1
290
0
176
1
290
0
176
1
290
0
176
1
290
0
176
1
 90
50
176
1
 40
0.0
176
1
 40
1.0
176
1
 90
0
176
1
 62
18
420
0
176
1
 90
50
176
1
 90
3
176
1
 62
5
420
255
176
1
290
0
176
1
 90
50
176
1
 90
50
176
1
 90
50
176
1
290
0
176
1
 90
50
176
1
 62
256
176
0
 40
1.0
176
0
 90
2
176
1
  1
strokes_ogs.tif
176
1
290
0
176
1
 40
1.0
176
1
 40
1.0
176
1
  0
VISUALSTYLE
  5
6F
102
{ACAD_REACTORS
330
16
102
}
330
16
100
AcDbVisualStyle
  2
Sketchy
 70
24
177
3
291
0
 70
58
 90
2
176
1
 90
2
176
1
 90
0
176
1
 90
1
176
1
 40
0.6
176
1
 40
30.0
176
1
 62
7
420
16777215
176
1
 90
1
176
1
 90
4
176
1
 62
7
176
1
 62
257
176
1
 90
1
176
1
 90
1
176
1
 40
1.0
176
1
 90
8
176
1
 62
7
176
1
 40
1.0
176
1
 90
1
176
1
 90
6
176
1
 90
2
176
1
 62
7
176
1
 90
5
176
1
 90
0
176
1
 90
0
176
1
290
0
176
1
 90
1
176
1
 40
0.0
176
1
 90
0
176
1
290
0
176
1
290
1
176
1
290
1
176
1
290
0
176
1
290
0
176
1
290
0
176
1
290
0
176
1
290
0
176
1
290
0
176
1
 90
50
176
1
 40
0.0
176
1
 40
1.0
176
1
 90
0
176
1
 62
18
420
0
176
1
 90
50
176
1
 90
3
176
1
 62
5
420
255
176
1
290
0
176
1
 90
50
176
1
 90
50
176
1
 90
50
176
1
290
0
176
1
 90
50
176
1
 62
256
176
0
 40
1.0
176
0
 90
2
176
1
  1
strokes_ogs.tif
176
1
290
0
176
1
 40
1.0
176
1
 40
1.0
176
1
  0
VISUALSTYLE
  5
70
102
{ACAD_REACTORS
330
16
102
}
330
16
100
AcDbVisualStyle
  2
Thicken
 70
13
177
3
291
1
 70
58
 90
2
176
1
 90
2
176
1
 90
0
176
1
 90
2
176
1
 40
0.6
176
1
 40
30.0
176
1
 62
7
420
16777215
176
1
 90
1
176
1
 90
4
176
1
 62
7
176
1
 62
257
176
1
 90
1
176
1
 90
1
176
1
 40
1.0
176
1
 90
8
176
1
 62
7
176
1
 40
1.0
176
1
 90
1
176
1
 90
6
176
1
 90
2
176
1
 62
7
176
1
 90
5
176
1
 90
0
176
1
 90
0
176
1
290
0
176
1
 90
1
176
1
 40
0.0
176
1
 90
0
176
1
290
0
176
1
290
1
176
1
290
1
176
1
290
0
176
1
290
0
176
1
290
0
176
1
290
0
176
1
290
0
176
1
290
0
176
1
 90
50
176
1
 40
0.0
176
1
 40
1.0
176
1
 90
0
176
1
 62
18
420
0
176
1
 90
50
176
1
 90
3
176
1
 62
5
420
255
176
1
290
0
176
1
 90
50
176
1
 90
50
176
1
 90
50
176
1
290
0
176
1
 90
50
176
1
 62
256
176
0
 40
1.0
176
0
 90
2
176
1
  1
strokes_ogs.tif
176
1
290
0
176
1
 40
1.0
176
1
 40
1.0
176
1
  0
VISUALSTYLE
  5
71
102
{ACAD_REACTORS
330
16
102
}
330
16
100
AcDbVisualStyle
  2
Wireframe
 70
5
177
3
291
0
 70
58
 90
2
176
1
 90
2
176
1
 90
0
176
1
 90
0
176
1
 40
0.6
176
1
 40
30.0
176
1
 62
7
420
16777215
176
1
 90
1
176
1
 90
4
176
1
 62
7
176
1
 62
257
176
1
 90
1
176
1
 90
1
176
1
 40
1.0
176
1
 90
8
176
1
 62
7
176
1
 40
1.0
176
1
 90
1
176
1
 90
6
176
1
 90
2
176
1
 62
7
176
1
 90
5
176
1
 90
0
176
1
 90
0
176
1
290
0
176
1
 90
1
176
1
 40
0.0
176
1
 90
0
176
1
290
0
176
1
290
1
176
1
290
1
176
1
290
0
176
1
290
0
176
1
290
0
176
1
290
0
176
1
290
0
176
1
290
0
176
1
 90
50
176
1
 40
0.0
176
1
 40
1.0
176
1
 90
0
176
1
 62
18
420
0
176
1
 90
50
176
1
 90
3
176
1
 62
5
420
255
176
1
290
0
176
1
 90
50
176
1
 90
50
176
1
 90
50
176
1
290
0
176
1
 90
50
176
1
 62
256
176
0
 40
1.0
176
0
 90
2
176
1
  1
strokes_ogs.tif
176
1
290
0
176
1
 40
1.0
176
1
 40
1.0
176
1
  0
VISUALSTYLE
  5
72
102
{ACAD_REACTORS
330
16
102
}
330
16
100
AcDbVisualStyle
  2
X-Ray
 70
25
177
3
291
0
 70
58
 90
2
176
1
 90
2
176
1
 90
0
176
1
 90
2
176
1
 40
0.5
176
1
 40
30.0
176
1
 62
7
420
16777215
176
1
 90
1
176
1
 90
4
176
1
 62
7
176
1
 62
257
176
1
 90
1
176
1
 90
1
176
1
 40
1.0
176
1
 90
8
176
1
 62
7
176
1
 40
1.0
176
1
 90
1
176
1
 90
6
176
1
 90
2
176
1
 62
7
176
1
 90
5
176
1
 90
0
176
1
 90
0
176
1
290
0
176
1
 90
1
176
1
 40
0.0
176
1
 90
0
176
1
290
0
176
1
290
1
176
1
290
1
176
1
290
0
176
1
290
0
176
1
290
0
176
1
290
0
176
1
290
0
176
1
290
0
176
1
 90
50
176
1
 40
0.0
176
1
 40
1.0
176
1
 90
0
176
1
 62
18
420
0
176
1
 90
50
176
1
 90
3
176
1
 62
5
420
255
176
1
290
0
176
1
 90
50
176
1
 90
50
176
1
 90
50
176
1
290
0
176
1
 90
50
176
1
 62
256
176
0
 40
1.0
176
0
 90
2
176
1
  1
strokes_ogs.tif
176
1
290
0
176
1
 40
1.0
176
1
 40
1.0
176
1
  0
DICTIONARYVAR
  5
495
330
2D
100
DictionaryVariables
280
0
  1
1.4.4 @ 2026-10-08T17:37:39.138154+00:00
  0
ENDSEC
  0
EOF
