  0
SECTION
  2
HEADER
  9
$ACADVER
  1
AC1032
  9
$ACADMAINTVER
 90
4
  9
$DWGCODEPAGE
  3
ANSI_1252
  9
$LASTSAVEDBY
  1
ezdxf
  9
$REQUIREDVERSIONS
160
0
  9
$INSBASE
 10
0.0
 20
0.0
 30
0.0
  9
$EXTMIN
 10
1e+20
 20
1e+20
 30
1e+20
  9
$EXTMAX
 10
-1e+20
 20
-1e+20
 30
-1e+20
  9
$LIMMIN
 10
0.0
 20
0.0
  9
$LIMMAX
 10
420.0
 20
297.0
  9
$ORTHOMODE
 70
0
  9
$REGENMODE
 70
1
  9
$FILLMODE
 70
1
  9
$QTEXTMODE
 70
0
  9
$MIRRTEXT
 70
1
  9
$LTSCALE
 40
1.0
  9
$ATTMODE
 70
1
  9
$TEXTSIZE
 40
2.5
  9
$TRACEWID
 40
1.0
  9
$TEXTSTYLE
  7
OpenSans
  9
$CLAYER
  8
0
  9
$CELTYPE
  6
ByLayer
  9
$CECOLOR
 62
256
  9
$CELTSCALE
 40
1.0
  9
$DISPSILH
 70
0
  9
$DIMSCALE
 40
1.0
  9
$DIMASZ
 40
0.175
  9
$DIMEXO
 40
0.125
  9
$DIMDLI
 40
3.75
  9
$DIMRND
 40
0.0
  9
$DIMDLE
 40
0.0
  9
$DIMEXE
 40
0.375
  9
$DIMTP
 40
0.0
  9
$DIMTM
 40
0.0
  9
$DIMTXT
 40
0.25
  9
$DIMCEN
 40
2.5
  9
$DIMTSZ
 40
0.0
  9
$DIMTOL
 70
0
  9
$DIMLIM
 70
0
  9
$DIMTIH
 70
0
  9
$DIMTOH
 70
0
  9
$DIMSE1
 70
0
  9
$DIMSE2
 70
0
  9
$DIMTAD
 70
1
  9
$DIMZIN
 70
12
  9
$DIMBLK
  1
ARCHTICK
  9
$DIMASO
 70
1
  9
$DIMSHO
 70
1
  9
$DIMPOST
  1

  9
$DIMAPOST
  1

  9
$DIMALT
 70
0
  9
$DIMALTD
 70
3
  9
$DIMALTF
 40
0.03937007874
  9
$DIMLFAC
 40
100.0
  9
$DIMTOFL
 70
1
  9
$DIMTVP
 40
0.0
  9
$DIMTIX
 70
0
  9
$DIMSOXD
 70
0
  9
$DIMSAH
 70
0
  9
$DIMBLK1
  1

  9
$DIMBLK2
  1

  9
$DIMSTYLE
  2
EZDXF
  9
$DIMCLRD
 70
0
  9
$DIMCLRE
 70
0
  9
$DIMCLRT
 70
0
  9
$DIMTFAC
 40
0.5
  9
$DIMGAP
 40
0.1
  9
$DIMJUST
 70
0
  9
$DIMSD1
 70
0
  9
$DIMSD2
 70
0
  9
$DIMTOLJ
 70
0
  9
$DIMTZIN
 70
8
  9
$DIMALTZ
 70
0
  9
$DIMALTTZ
 70
0
  9
$DIMUPT
 70
1
  9
$DIMDEC
 70
2
  9
$DIMTDEC
 70
2
  9
$DIMALTU
 70
2
  9
$DIMALTTD
 70
3
  9
$DIMTXSTY
  7
OpenSansCondensed-Light
  9
$DIMAUNIT
 70
0
  9
$DIMADEC
 70
2
  9
$DIMALTRND
 40
0.0
  9
$DIMAZIN
 70
3
  9
$DIMDSEP
 70
46
  9
$DIMATFIT
 70
3
  9
$DIMFRAC
 70
0
  9
$DIMLDRBLK
  1

  9
$DIMLUNIT
 70
2
  9
$DIMLWD
 70
-2
  9
$DIMLWE
 70
-2
  9
$DIMTMOVE
 70
2
  9
$DIMFXL
 40
1.0
  9
$DIMFXLON
 70
0
  9
$DIMJOGANG
 40
0.785398163397
  9
$DIMTFILL
 70
0
  9
$DIMTFILLCLR
 70
0
  9
$DIMARCSYM
 70
0
  9
$DIMLTYPE
  6

  9
$DIMLTEX1
  6

  9
$DIMLTEX2
  6

  9
$DIMTXTDIRECTION
 70
0
  9
$LUNITS
 70
2
  9
$LUPREC
 70
4
  9
$SKETCHINC
 40
1.0
  9
$FILLETRAD
 40
10.0
  9
$AUNITS
 70
0
  9
$AUPREC
 70
2
  9
$MENU
  1
.
  9
$ELEVATION
 40
0.0
  9
$PELEVATION
 40
0.0
  9
$THICKNESS
 40
0.0
  9
$LIMCHECK
 70
0
  9
$CHAMFERA
 40
0.0
  9
$CHAMFERB
 40
0.0
  9
$CHAMFERC
 40
0.0
  9
$CHAMFERD
 40
0.0
  9
$SKPOLY
 70
0
  9
$TDCREATE
 40
2461322.734571759
  9
$TDUCREATE
 40
2458532.153996898
  9
$TDUPDATE
 40
2461322.734571759
  9
$TDUUPDATE
 40
2458532.1544311
  9
$TDINDWG
 40
0.0
  9
$TDUSRTIMER
 40
0.0
  9
$USRTIMER
 70
1
  9
$ANGBASE
 50
0.0
  9
$ANGDIR
 70
0
  9
$PDMODE
 70
0
  9
$PDSIZE
 40
0.0
  9
$PLINEWID
 40
0.0
  9
$SPLFRAME
 70
0
  9
$SPLINETYPE
 70
6
  9
$SPLINESEGS
 70
8
  9
$HANDSEED
  5
69B
  9
$SURFTAB1
 70
6
  9
$SURFTAB2
 70
6
  9
$SURFTYPE
 70
6
  9
$SURFU
 70
6
  9
$SURFV
 70
6
  9
$UCSBASE
  2

  9
$UCSNAME
  2

  9
$UCSORG
 10
0.0
 20
0.0
 30
0.0
  9
$UCSXDIR
 10
1.0
 20
0.0
 30
0.0
  9
$UCSYDIR
 10
0.0
 20
1.0
 30
0.0
  9
$UCSORTHOREF
  2

  9
$UCSORTHOVIEW
 70
0
  9
$UCSORGTOP
 10
0.0
 20
0.0
 30
0.0
  9
$UCSORGBOTTOM
 10
0.0
 20
0.0
 30
0.0
  9
$UCSORGLEFT
 10
0.0
 20
0.0
 30
0.0
  9
$UCSORGRIGHT
 10
0.0
 20
0.0
 30
0.0
  9
$UCSORGFRONT
 10
0.0
 20
0.0
 30
0.0
  9
$UCSORGBACK
 10
0.0
 20
0.0
 30
0.0
  9
$PUCSBASE
  2

  9
$PUCSNAME
  2

  9
$PUCSORG
 10
0.0
 20
0.0
 30
0.0
  9
$PUCSXDIR
 10
1.0
 20
0.0
 30
0.0
  9
$PUCSYDIR
 10
0.0
 20
1.0
 30
0.0
  9
$PUCSORTHOREF
  2

  9
$PUCSORTHOVIEW
 70
0
  9
$PUCSORGTOP
 10
0.0
 20
0.0
 30
0.0
  9
$PUCSORGBOTTOM
 10
0.0
 20
0.0
 30
0.0
  9
$PUCSORGLEFT
 10
0.0
 20
0.0
 30
0.0
  9
$PUCSORGRIGHT
 10
0.0
 20
0.0
 30
0.0
  9
$PUCSORGFRONT
 10
0.0
 20
0.0
 30
0.0
  9
$PUCSORGBACK
 10
0.0
 20
0.0
 30
0.0
  9
$USERI1
 70
0
  9
$USERI2
 70
0
  9
$USERI3
 70
0
  9
$USERI4
 70
0
  9
$USERI5
 70
0
  9
$USERR1
 40
0.0
  9
$USERR2
 40
0.0
  9
$USERR3
 40
0.0
  9
$USERR4
 40
0.0
  9
$USERR5
 40
0.0
  9
$WORLDVIEW
 70
1
  9
$SHADEDGE
 70
3
  9
$SHADEDIF
 70
70
  9
$TILEMODE
 70
1
  9
$MAXACTVP
 70
64
  9
$PINSBASE
 10
0.0
 20
0.0
 30
0.0
  9
$PLIMCHECK
 70
0
  9
$PEXTMIN
 10
1e+20
 20
1e+20
 30
1e+20
  9
$PEXTMAX
 10
-1e+20
 20
-1e+20
 30
-1e+20
  9
$PLIMMIN
 10
0.0
 20
0.0
  9
$PLIMMAX
 10
420.0
 20
297.0
  9
$UNITMODE
 70
0
  9
$VISRETAIN
 70
1
  9
$PLINEGEN
 70
0
  9
$PSLTSCALE
 70
1
  9
$TREEDEPTH
 70
3020
  9
$CMLSTYLE
  2
Standard
  9
$CMLJUST
 70
0
  9
$CMLSCALE
 40
20.0
  9
$PROXYGRAPHICS
 70
1
  9
$MEASUREMENT
 70
1
  9
$CELWEIGHT
370
-1
  9
$ENDCAPS
280
0
  9
$JOINSTYLE
280
0
  9
$LWDISPLAY
290
0
  9
$INSUNITS
 70
4
  9
$HYPERLINKBASE
  1

  9
$STYLESHEET
  1

  9
$XEDIT
290
1
  9
$CEPSNTYPE
380
0
  9
$PSTYLEMODE
290
1
  9
$FINGERPRINTGUID
  2
{E6332435-481E-4D18-A9EA-E58EB4DCE45E}
  9
$VERSIONGUID
  2
{37D2AA78-B135-4807-81A4-D055D7A5D420}
  9
$EXTNAMES
290
1
  9
$PSVPSCALE
 40
0.0
  9
$OLESTARTUP
290
0
  9
$SORTENTS
280
127
  9
$INDEXCTL
280
0
  9
$HIDETEXT
280
1
  9
$XCLIPFRAME
280
1
  9
$HALOGAP
280
0
  9
$OBSCOLOR
 70
257
  9
$OBSLTYPE
280
0
  9
$INTERSECTIONDISPLAY
280
0
  9
$INTERSECTIONCOLOR
 70
257
  9
$DIMASSOC
280
2
  9
$PROJECTNAME
  1

  9
$CAMERADISPLAY
290
0
  9
$LENSLENGTH
 40
50.0
  9
$CAMERAHEIGHT
 40
0.0
  9
$STEPSPERSEC
 40
24.0
  9
$STEPSIZE
 40
100.0
  9
$3DDWFPREC
 40
2.0
  9
$PSOLWIDTH
 40
0.005
  9
$PSOLHEIGHT
 40
0.08
  9
$LOFTANG1
 40
1.570796326795
  9
$LOFTANG2
 40
1.570796326795
  9
$LOFTMAG1
 40
0.0
  9
$LOFTMAG2
 40
0.0
  9
$LOFTPARAM
 70
7
  9
$LOFTNORMALS
280
1
  9
$LATITUDE
 40
37.795
  9
$LONGITUDE
 40
-122.394
  9
$NORTHDIRECTION
 40
0.0
  9
$TIMEZONE
 70
-8000
  9
$LIGHTGLYPHDISPLAY
280
1
  9
$TILEMODELIGHTSYNCH
280
1
  9
$CMATERIAL
347
20
  9
$SOLIDHIST
280
0
  9
$SHOWHIST
280
1
  9
$DWFFRAME
280
2
  9
$DGNFRAME
280
2
  9
$REALWORLDSCALE
290
1
  9
$INTERFERECOLOR
 62
256
  9
$CSHADOW
280
0
  9
$SHADOWPLANELOCATION
 40
0.0
  0
ENDSEC
  0
SECTION
  2
CLASSES
  0
CLASS
  1
ACDBDICTIONARYWDFLT
  2
AcDbDictionaryWithDefault
  3
ObjectDBX Classes
 90
0
 91
0
280
0
281
0
  0
CLASS
  1
SUN
  2
AcDbSun
  3
SCENEOE
 90
1153
 91
0
280
0
281
0
  0
CLASS
  1
VISUALSTYLE
  2
AcDbVisualStyle
  3
ObjectDBX Classes
 90
4095
 91
0
280
0
281
0
  0
CLASS
  1
MATERIAL
  2
AcDbMaterial
  3
ObjectDBX Classes
 90
1153
 91
0
280
0
281
0
  0
CLASS
  1
SCALE
  2
AcDbScale
  3
ObjectDBX Classes
 90
1153
 91
0
280
0
281
0
  0
CLASS
  1
TABLESTYLE
  2
AcDbTableStyle
  3
ObjectDBX Classes
 90
4095
 91
0
280
0
281
0
  0
CLASS
  1
MLEADERSTYLE
  2
AcDbMLeaderStyle
  3
ACDB_MLEADERSTYLE_CLASS
 90
4095
 91
0
280
0
281
0
  0
CLASS
  1
DICTIONARYVAR
  2
AcDbDictionaryVar
  3
ObjectDBX Classes
 90
0
 91
0
280
0
281
0
  0
CLASS
  1
CELLSTYLEMAP
  2
AcDbCellStyleMap
  3
ObjectDBX Classes
 90
1152
 91
0
280
0
281
0
  0
CLASS
  1
MENTALRAYRENDERSETTINGS
  2
AcDbMentalRayRenderSettings
  3
SCENEOE
 90
1024
 91
0
280
0
281
0
  0
CLASS
  1
ACDBDETAILVIEWSTYLE
  2
AcDbDetailViewStyle
  3
ObjectDBX Classes
 90
1025
 91
0
280
0
281
0
  0
CLASS
  1
ACDBSECTIONVIEWSTYLE
  2
AcDbSectionViewStyle
  3
ObjectDBX Classes
 90
1025
 91
0
280
0
281
0
  0
CLASS
  1
RASTERVARIABLES
  2
AcDbRasterVariables
  3
ISM
 90
0
 91
0
280
0
281
0
  0
CLASS
  1
ACDBPLACEHOLDER
  2
AcDbPlaceHolder
  3
ObjectDBX Classes
 90
0
 91
0
280
0
281
0
  0
CLASS
  1
LAYOUT
  2
AcDbLayout
  3
ObjectDBX Classes
 90
0
 91
0
280
0
281
0
  0
ENDSEC
  0
SECTION
  2
TABLES
  0
TABLE
  2
VPORT
  5
8
330
0
100
AcDbSymbolTable
 70
1
  0
VPORT
  5
23
330
8
100
AcDbSymbolTableRecord
100
AcDbViewportTableRecord
  2
*Active
 70
0
 10
0.0
 20
0.0
 11
1.0
 21
1.0
 12
0.0
 22
0.0
 13
0.0
 23
0.0
 14
0.5
 24
0.5
 15
0.5
 25
0.5
 16
0.0
 26
0.0
 36
1.0
 17
0.0
 27
0.0
 37
0.0
 40
1000.0
 41
1.34
 42
50.0
 43
0.0
 44
0.0
 50
0.0
 51
0.0
 71
0
 72
1000
 73
1
 74
3
 75
0
 76
0
 77
0
 78
0
281
0
 65
0
146
0.0
  0
ENDTAB
  0
TABLE
  2
LTYPE
  5
2
330
0
100
AcDbSymbolTable
 70
21
  0
LTYPE
  5
24
330
2
100
AcDbSymbolTableRecord
100
AcDbLinetypeTableRecord
  2
ByBlock
 70
0
  3

 72
65
 73
0
 40
0.0
  0
LTYPE
  5
25
330
2
100
AcDbSymbolTableRecord
100
AcDbLinetypeTableRecord
  2
ByLayer
 70
0
  3

 72
65
 73
0
 40
0.0
  0
LTYPE
  5
26
330
2
100
AcDbSymbolTableRecord
100
AcDbLinetypeTableRecord
  2
Continuous
 70
0
  3

 72
65
 73
0
 40
0.0
  0
LTYPE
  5
2F
330
2
100
AcDbSymbolTableRecord
100
AcDbLinetypeTableRecord
  2
CENTER
 70
0
  3
Center ____ _ ____ _ ____ _ ____ _ ____ _ ____
 72
65
 73
4
 40
5.08
 49
3.175
 74
0
 49
-0.635
 74
0
 49
0.635
 74
0
 49
-0.635
 74
0
  0
LTYPE
  5
30
330
2
100
AcDbSymbolTableRecord
100
AcDbLinetypeTableRecord
  2
CENTERX2
 70
0
  3
Center (2x) ________  __  ________  __  ________
 72
65
 73
4
 40
8.89
 49
6.35
 74
0
 49
-0.635
 74
0
 49
1.27
 74
0
 49
-0.635
 74
0
  0
LTYPE
  5
31
330
2
100
AcDbSymbolTableRecord
100
AcDbLinetypeTableRecord
  2
CENTER2
 70
0
  3
Center (.5x) ____ _ ____ _ ____ _ ____ _ ____
 72
65
 73
4
 40
2.54
 49
1.587
 74
0
 49
-0.318
 74
0
 49
0.318
 74
0
 49
-0.318
 74
0
  0
LTYPE
  5
32
330
2
100
AcDbSymbolTableRecord
100
AcDbLinetypeTableRecord
  2
DASHED
 70
0
  3
Dashed __ __ __ __ __ __ __ __ __ __ __ __ __ _
 72
65
 73
2
 40
1.524
 49
1.27
 74
0
 49
-0.254
 74
0
  0
LTYPE
  5
33
330
2
100
AcDbSymbolTableRecord
100
AcDbLinetypeTableRecord
  2
DASHEDX2
 70
0
  3
Dashed (2x) ____  ____  ____  ____  ____  ____
 72
65
 73
2
 40
3.048
 49
2.54
 74
0
 49
-0.508
 74
0
  0
LTYPE
  5
34
330
2
100
AcDbSymbolTableRecord
100
AcDbLinetypeTableRecord
  2
DASHED2
 70
0
  3
Dashed (.5x) _ _ _ _ _ _ _ _ _ _ _ _ _ _
 72
65
 73
2
 40
0.762
 49
0.635
 74
0
 49
-0.127
 74
0
  0
LTYPE
  5
35
330
2
100
AcDbSymbolTableRecord
100
AcDbLinetypeTableRecord
  2
PHANTOM
 70
0
  3
Phantom ______  __  __  ______  __  __  ______
 72
65
 73
6
 40
6.35
 49
3.175
 74
0
 49
-0.635
 74
0
 49
0.635
 74
0
 49
-0.635
 74
0
 49
0.635
 74
0
 49
-0.635
 74
0
  0
LTYPE
  5
36
330
2
100
AcDbSymbolTableRecord
100
AcDbLinetypeTableRecord
  2
PHANTOMX2
 70
0
  3
Phantom (2x)____________    ____    ____    ____________
 72
65
 73
6
 40
10.795
 49
6.35
 74
0
 49
-0.635
 74
0
 49
1.27
 74
0
 49
-0.635
 74
0
 49
1.27
 74
0
 49
-0.635
 74
0
  0
LTYPE
  5
37
330
2
100
AcDbSymbolTableRecord
100
AcDbLinetypeTableRecord
  2
PHANTOM2
 70
0
  3
Phantom (.5x) ___ _ _ ___ _ _ ___ _ _ ___ _ _ ___
 72
65
 73
6
 40
3.175
 49
1.587
 74
0
 49
-0.318
 74
0
 49
0.318
 74
0
 49
-0.318
 74
0
 49
0.318
 74
0
 49
-0.318
 74
0
  0
LTYPE
  5
38
330
2
100
AcDbSymbolTableRecord
100
AcDbLinetypeTableRecord
  2
DASHDOT
 70
0
  3
Dash dot __ . __ . __ . __ . __ . __ . __ . __
 72
65
 73
4
 40
3.556
 49
2.54
 74
0
 49
-0.508
 74
0
 49
0.0
 74
0
 49
-0.508
 74
0
  0
LTYPE
  5
39
330
2
100
AcDbSymbolTableRecord
100
AcDbLinetypeTableRecord
  2
DASHDOTX2
 70
0
  3
Dash dot (2x) ____  .  ____  .  ____  .  ____
 72
65
 73
4
 40
6.096
 49
5.08
 74
0
 49
-0.508
 74
0
 49
0.0
 74
0
 49
-0.508
 74
0
  0
LTYPE
  5
3A
330
2
100
AcDbSymbolTableRecord
100
AcDbLinetypeTableRecord
  2
DASHDOT2
 70
0
  3
Dash dot (.5x) _ . _ . _ . _ . _ . _ . _ . _
 72
65
 73
4
 40
1.778
 49
1.27
 74
0
 49
-0.254
 74
0
 49
0.0
 74
0
 49
-0.254
 74
0
  0
LTYPE
  5
3B
330
2
100
AcDbSymbolTableRecord
100
AcDbLinetypeTableRecord
  2
DOT
 70
0
  3
Dot .  .  .  .  .  .  .  .  .  .  .  .  .  .  .  .
 72
65
 73
2
 40
0.508
 49
0.0
 74
0
 49
-0.508
 74
0
  0
LTYPE
  5
3C
330
2
100
AcDbSymbolTableRecord
100
AcDbLinetypeTableRecord
  2
DOTX2
 70
0
  3
Dot (2x) .    .    .    .    .    .    .    . 
 72
65
 73
2
 40
1.016
 49
0.0
 74
0
 49
-1.016
 74
0
  0
LTYPE
  5
3D
330
2
100
AcDbSymbolTableRecord
100
AcDbLinetypeTableRecord
  2
DOT2
 70
0
  3
Dot (.5) . . . . . . . . . . . . . . . . . . . 
 72
65
 73
2
 40
0.254
 49
0.0
 74
0
 49
-0.254
 74
0
  0
LTYPE
  5
3E
330
2
100
AcDbSymbolTableRecord
100
AcDbLinetypeTableRecord
  2
DIVIDE
 70
0
  3
Divide __ . . __ . . __ . . __ . . __ . . __
 72
65
 73
6
 40
4.064
 49
2.54
 74
0
 49
-0.508
 74
0
 49
0.0
 74
0
 49
-0.508
 74
0
 49
0.0
 74
0
 49
-0.508
 74
0
  0
LTYPE
  5
3F
330
2
100
AcDbSymbolTableRecord
100
AcDbLinetypeTableRecord
  2
DIVIDEX2
 70
0
  3
Divide (2x) ____  . .  ____  . .  ____  . .  ____
 72
65
 73
6
 40
6.604
 49
5.08
 74
0
 49
-0.508
 74
0
 49
0.0
 74
0
 49
-0.508
 74
0
 49
0.0
 74
0
 49
-0.508
 74
0
  0
LTYPE
  5
40
330
2
100
AcDbSymbolTableRecord
100
AcDbLinetypeTableRecord
  2
DIVIDE2
 70
0
  3
Divide(.5x) _ . _ . _ . _ . _ . _ . _ . _
 72
65
 73
6
 40
2.032
 49
1.27
 74
0
 49
-0.254
 74
0
 49
0.0
 74
0
 49
-0.254
 74
0
 49
0.0
 74
0
 49
-0.254
 74
0
  0
ENDTAB
  0
TABLE
  2
LAYER
  5
1
330
0
100
AcDbSymbolTable
 70
16
  0
LAYER
  5
27
330
1
100
AcDbSymbolTableRecord
100
AcDbLayerTableRecord
  2
0
 70
0
 62
7
  6
Continuous
370
-3
390
13
347
21
  0
LAYER
  5
28
330
1
100
AcDbSymbolTableRecord
100
AcDbLayerTableRecord
  2
Defpoints
 70
0
 62
7
  6
Continuous
290
0
370
-3
390
13
347
21
  0
LAYER
  5
8B
330
1
100
AcDbSymbolTableRecord
100
AcDbLayerTableRecord
  2
FRAME
 70
0
 62
7
  6
CONTINUOUS
370
-3
390
13
347
21
  0
LAYER
  5
8C
330
1
100
AcDbSymbolTableRecord
100
AcDbLayerTableRecord
  2
AR-WALLS
 70
0
 62
7
  6
CONTINUOUS
370
-3
390
13
347
21
  0
LAYER
  5
8D
330
1
100
AcDbSymbolTableRecord
100
AcDbLayerTableRecord
  2
AR-NEW
 70
0
 62
5
  6
CONTINUOUS
370
-3
390
13
347
21
  0
LAYER
  5
8E
330
1
100
AcDbSymbolTableRecord
100
AcDbLayerTableRecord
  2
AR-DEMO
 70
0
 62
1
  6
DASHED
370
-3
390
13
347
21
  0
LAYER
  5
8F
330
1
100
AcDbSymbolTableRecord
100
AcDbLayerTableRecord
  2
FURN
 70
0
 62
8
  6
CONTINUOUS
370
-3
390
13
347
21
  0
LAYER
  5
90
330
1
100
AcDbSymbolTableRecord
100
AcDbLayerTableRecord
  2
EL-LIGHT
 70
0
 62
30
  6
CONTINUOUS
370
-3
390
13
347
21
  0
LAYER
  5
91
330
1
100
AcDbSymbolTableRecord
100
AcDbLayerTableRecord
  2
EL-SOCKET
 70
0
 62
6
  6
CONTINUOUS
370
-3
390
13
347
21
  0
LAYER
  5
92
330
1
100
AcDbSymbolTableRecord
100
AcDbLayerTableRecord
  2
EL-LOW
 70
0
 62
3
  6
CONTINUOUS
370
-3
390
13
347
21
  0
LAYER
  5
93
330
1
100
AcDbSymbolTableRecord
100
AcDbLayerTableRecord
  2
VK
 70
0
 62
4
  6
CONTINUOUS
370
-3
390
13
347
21
  0
LAYER
  5
94
330
1
100
AcDbSymbolTableRecord
100
AcDbLayerTableRecord
  2
OV
 70
0
 62
3
  6
CONTINUOUS
370
-3
390
13
347
21
  0
LAYER
  5
95
330
1
100
AcDbSymbolTableRecord
100
AcDbLayerTableRecord
  2
DIM
 70
0
 62
7
  6
CONTINUOUS
370
-3
390
13
347
21
  0
LAYER
  5
96
330
1
100
AcDbSymbolTableRecord
100
AcDbLayerTableRecord
  2
TEXT
 70
0
 62
7
  6
CONTINUOUS
370
-3
390
13
347
21
  0
LAYER
  5
97
330
1
100
AcDbSymbolTableRecord
100
AcDbLayerTableRecord
  2
AR-FIN
 70
0
 62
9
  6
CONTINUOUS
370
-3
390
13
347
21
  0
LAYER
  5
98
330
1
100
AcDbSymbolTableRecord
100
AcDbLayerTableRecord
  2
BASE
 70
0
 62
9
  6
CONTINUOUS
370
-3
390
13
347
21
  0
ENDTAB
  0
TABLE
  2
STYLE
  5
5
330
0
100
AcDbSymbolTable
 70
27
  0
STYLE
  5
29
330
5
100
AcDbSymbolTableRecord
100
AcDbTextStyleTableRecord
  2
Standard
 70
0
 40
0.0
 41
1.0
 50
0.0
 71
0
 42
2.5
  3
DejaVuSans.ttf
  4

  0
STYLE
  5
41
330
5
100
AcDbSymbolTableRecord
100
AcDbTextStyleTableRecord
  2
OpenSans-Light
 70
0
 40
0.0
 41
1.0
 50
0.0
 71
0
 42
2.5
  3
OpenSans-Light.ttf
  4

  0
STYLE
  5
42
330
5
100
AcDbSymbolTableRecord
100
AcDbTextStyleTableRecord
  2
OpenSans-Light-Italic
 70
0
 40
0.0
 41
1.0
 50
0.0
 71
0
 42
2.5
  3
OpenSans-LightItalic.ttf
  4

  0
STYLE
  5
43
330
5
100
AcDbSymbolTableRecord
100
AcDbTextStyleTableRecord
  2
OpenSans
 70
0
 40
0.0
 41
1.0
 50
0.0
 71
0
 42
2.5
  3
OpenSans-Regular.ttf
  4

  0
STYLE
  5
44
330
5
100
AcDbSymbolTableRecord
100
AcDbTextStyleTableRecord
  2
OpenSans-Italic
 70
0
 40
0.0
 41
1.0
 50
0.0
 71
0
 42
2.5
  3
OpenSans-Italic.ttf
  4

  0
STYLE
  5
45
330
5
100
AcDbSymbolTableRecord
100
AcDbTextStyleTableRecord
  2
OpenSans-SemiBold
 70
0
 40
0.0
 41
1.0
 50
0.0
 71
0
 42
2.5
  3
OpenSans-SemiBold.ttf
  4

  0
STYLE
  5
46
330
5
100
AcDbSymbolTableRecord
100
AcDbTextStyleTableRecord
  2
OpenSans-SemiBoldItalic
 70
0
 40
0.0
 41
1.0
 50
0.0
 71
0
 42
2.5
  3
OpenSans-SemiBoldItalic.ttf
  4

  0
STYLE
  5
47
330
5
100
AcDbSymbolTableRecord
100
AcDbTextStyleTableRecord
  2
OpenSans-Bold
 70
0
 40
0.0
 41
1.0
 50
0.0
 71
0
 42
2.5
  3
OpenSans-Bold.ttf
  4

  0
STYLE
  5
48
330
5
100
AcDbSymbolTableRecord
100
AcDbTextStyleTableRecord
  2
OpenSans-BoldItalic
 70
0
 40
0.0
 41
1.0
 50
0.0
 71
0
 42
2.5
  3
OpenSans-BoldItalic.ttf
  4

  0
STYLE
  5
49
330
5
100
AcDbSymbolTableRecord
100
AcDbTextStyleTableRecord
  2
OpenSans-ExtraBold
 70
0
 40
0.0
 41
1.0
 50
0.0
 71
0
 42
2.5
  3
OpenSans-ExtraBold.ttf
  4

  0
STYLE
  5
4A
330
5
100
AcDbSymbolTableRecord
100
AcDbTextStyleTableRecord
  2
OpenSans-ExtraBoldItalic
 70
0
 40
0.0
 41
1.0
 50
0.0
 71
0
 42
2.5
  3
OpenSans-ExtraBoldItalic.ttf
  4

  0
STYLE
  5
4B
330
5
100
AcDbSymbolTableRecord
100
AcDbTextStyleTableRecord
  2
OpenSansCondensed-Bold
 70
0
 40
0.0
 41
1.0
 50
0.0
 71
0
 42
2.5
  3
OpenSansCondensed-Bold.ttf
  4

  0
STYLE
  5
4C
330
5
100
AcDbSymbolTableRecord
100
AcDbTextStyleTableRecord
  2
OpenSansCondensed-Light
 70
0
 40
0.0
 41
1.0
 50
0.0
 71
0
 42
2.5
  3
OpenSansCondensed-Light.ttf
  4

  0
STYLE
  5
4D
330
5
100
AcDbSymbolTableRecord
100
AcDbTextStyleTableRecord
  2
OpenSansCondensed-Italic
 70
0
 40
0.0
 41
1.0
 50
0.0
 71
0
 42
2.5
  3
OpenSansCondensed-LightItalic.ttf
  4

  0
STYLE
  5
4E
330
5
100
AcDbSymbolTableRecord
100
AcDbTextStyleTableRecord
  2
LiberationSans
 70
0
 40
0.0
 41
1.0
 50
0.0
 71
0
 42
2.5
  3
LiberationSans-Regular.ttf
  4

  0
STYLE
  5
4F
330
5
100
AcDbSymbolTableRecord
100
AcDbTextStyleTableRecord
  2
LiberationSans-Bold
 70
0
 40
0.0
 41
1.0
 50
0.0
 71
0
 42
2.5
  3
LiberationSans-Bold.ttf
  4

  0
STYLE
  5
50
330
5
100
AcDbSymbolTableRecord
100
AcDbTextStyleTableRecord
  2
LiberationSans-BoldItalic
 70
0
 40
0.0
 41
1.0
 50
0.0
 71
0
 42
2.5
  3
LiberationSans-BoldItalic.ttf
  4

  0
STYLE
  5
51
330
5
100
AcDbSymbolTableRecord
100
AcDbTextStyleTableRecord
  2
LiberationSans-Italic
 70
0
 40
0.0
 41
1.0
 50
0.0
 71
0
 42
2.5
  3
LiberationSans-Italic.ttf
  4

  0
STYLE
  5
52
330
5
100
AcDbSymbolTableRecord
100
AcDbTextStyleTableRecord
  2
LiberationSerif
 70
0
 40
0.0
 41
1.0
 50
0.0
 71
0
 42
2.5
  3
LiberationSerif-Regular.ttf
  4

  0
STYLE
  5
53
330
5
100
AcDbSymbolTableRecord
100
AcDbTextStyleTableRecord
  2
LiberationSerif-Bold
 70
0
 40
0.0
 41
1.0
 50
0.0
 71
0
 42
2.5
  3
LiberationSerif-Bold.ttf
  4

  0
STYLE
  5
54
330
5
100
AcDbSymbolTableRecord
100
AcDbTextStyleTableRecord
  2
LiberationSerif-BoldItalic
 70
0
 40
0.0
 41
1.0
 50
0.0
 71
0
 42
2.5
  3
LiberationSerif-BoldItalic.ttf
  4

  0
STYLE
  5
55
330
5
100
AcDbSymbolTableRecord
100
AcDbTextStyleTableRecord
  2
LiberationSerif-Italic
 70
0
 40
0.0
 41
1.0
 50
0.0
 71
0
 42
2.5
  3
LiberationSerif-Italic.ttf
  4

  0
STYLE
  5
56
330
5
100
AcDbSymbolTableRecord
100
AcDbTextStyleTableRecord
  2
LiberationMono
 70
0
 40
0.0
 41
1.0
 50
0.0
 71
0
 42
2.5
  3
LiberationMono-Regular.ttf
  4

  0
STYLE
  5
57
330
5
100
AcDbSymbolTableRecord
100
AcDbTextStyleTableRecord
  2
LiberationMono-Bold
 70
0
 40
0.0
 41
1.0
 50
0.0
 71
0
 42
2.5
  3
LiberationMono-Bold.ttf
  4

  0
STYLE
  5
58
330
5
100
AcDbSymbolTableRecord
100
AcDbTextStyleTableRecord
  2
LiberationMono-BoldItalic
 70
0
 40
0.0
 41
1.0
 50
0.0
 71
0
 42
2.5
  3
LiberationMono-BoldItalic.ttf
  4

  0
STYLE
  5
59
330
5
100
AcDbSymbolTableRecord
100
AcDbTextStyleTableRecord
  2
LiberationMono-Italic
 70
0
 40
0.0
 41
1.0
 50
0.0
 71
0
 42
2.5
  3
LiberationMono-Italic.ttf
  4

  0
STYLE
  5
8A
330
5
100
AcDbSymbolTableRecord
100
AcDbTextStyleTableRecord
  2
GOST
 70
0
 40
0.0
 41
1.0
 50
0.0
 71
0
 42
2.5
  3
DejaVuSans.ttf
  4

  0
ENDTAB
  0
TABLE
  2
VIEW
  5
7
330
0
100
AcDbSymbolTable
 70
0
  0
ENDTAB
  0
TABLE
  2
UCS
  5
6
330
0
100
AcDbSymbolTable
 70
0
  0
ENDTAB
  0
TABLE
  2
APPID
  5
3
330
0
100
AcDbSymbolTable
 70
3
  0
APPID
  5
2A
330
3
100
AcDbSymbolTableRecord
100
AcDbRegAppTableRecord
  2
ACAD
 70
0
  0
APPID
  5
698
330
3
100
AcDbSymbolTableRecord
100
AcDbRegAppTableRecord
  2
HATCHBACKGROUNDCOLOR
 70
0
  0
APPID
  5
699
330
3
100
AcDbSymbolTableRecord
100
AcDbRegAppTableRecord
  2
EZDXF
 70
0
  0
ENDTAB
  0
TABLE
  2
DIMSTYLE
  5
4
330
0
100
AcDbSymbolTable
 70
12
100
AcDbDimStyleTable
  0
DIMSTYLE
105
2B
330
4
100
AcDbSymbolTableRecord
100
AcDbDimStyleTableRecord
  2
Standard
 70
0
 40
1.0
 41
2.5
 42
0.625
 43
3.75
 44
1.25
 45
0.0
 46
0.0
 47
0.0
 48
0.0
 49
2.5
140
2.5
141
2.5
142
0.0
143
0.03937007874
144
1.0
145
0.0
146
1.0
147
0.625
148
0.0
 69
0
 70
0
 71
0
 72
0
 73
0
 74
0
 75
0
 76
0
 77
1
 78
8
 79
3
170
0
171
3
172
1
173
0
174
0
175
0
176
0
177
0
178
0
179
2
271
2
272
2
273
2
274
3
275
0
276
0
277
2
278
44
279
0
280
0
281
0
282
0
283
0
284
8
285
0
286
0
288
0
289
3
290
0
371
-2
372
-2
  0
DIMSTYLE
105
73
330
4
100
AcDbSymbolTableRecord
100
AcDbDimStyleTableRecord
  2
EZDXF
 70
0
 40
1.0
 41
0.175
 42
0.125
 43
3.75
 44
0.375
 45
0.0
 46
0.0
 47
0.0
 48
0.0
 49
2.5
140
0.25
141
2.5
142
0.0
143
0.03937007874
144
100.0
145
0.0
146
0.5
147
0.1
148
0.0
 69
0
 70
0
 71
0
 72
0
 73
0
 74
0
 75
0
 76
0
 77
1
 78
12
 79
3
170
0
171
3
172
1
173
0
174
0
175
0
176
0
177
0
178
0
179
2
271
2
272
2
273
2
274
3
275
0
276
0
277
2
278
46
279
2
280
0
281
0
282
0
283
0
284
8
285
0
286
0
288
1
289
3
290
0
340
4C
342
74
371
-2
372
-2
  0
DIMSTYLE
105
7C
330
4
100
AcDbSymbolTableRecord
100
AcDbDimStyleTableRecord
  2
EZ_M_100_H25_CM
 70
0
 40
1.0
 41
0.25
 42
0.125
 43
3.75
 44
0.375
 45
0.0
 46
0.0
 47
0.0
 48
0.0
 49
2.5
140
0.25
141
2.5
142
0.125
143
0.03937007874
144
100.0
145
0.0
146
0.5
147
0.1
148
0.0
 69
0
 70
0
 71
0
 72
0
 73
0
 74
0
 75
0
 76
0
 77
1
 78
12
 79
3
170
0
171
3
172
1
173
0
174
0
175
0
176
0
177
0
178
0
179
2
271
2
272
2
273
2
274
3
275
0
276
0
277
2
278
46
279
2
280
0
281
0
282
0
283
0
284
8
285
0
286
0
288
1
289
3
290
0
340
4C
371
-2
372
-2
  0
DIMSTYLE
105
7D
330
4
100
AcDbSymbolTableRecord
100
AcDbDimStyleTableRecord
  2
EZ_M_50_H25_CM
 70
0
 40
1.0
 41
0.125
 42
0.0625
 43
3.75
 44
0.1875
 45
0.0
 46
0.0
 47
0.0
 48
0.0
 49
2.5
140
0.125
141
2.5
142
0.0625
143
0.03937007874
144
100.0
145
0.0
146
0.5
147
0.05
148
0.0
 69
0
 70
0
 71
0
 72
0
 73
0
 74
0
 75
0
 76
0
 77
1
 78
12
 79
3
170
0
171
3
172
1
173
0
174
0
175
0
176
0
177
0
178
0
179
2
271
2
272
2
273
2
274
3
275
0
276
0
277
2
278
46
279
2
280
0
281
0
282
0
283
0
284
8
285
0
286
0
288
1
289
3
290
0
340
4C
371
-2
372
-2
  0
DIMSTYLE
105
7E
330
4
100
AcDbSymbolTableRecord
100
AcDbDimStyleTableRecord
  2
EZ_M_25_H25_CM
 70
0
 40
1.0
 41
0.0625
 42
0.03125
 43
3.75
 44
0.09375
 45
0.0
 46
0.0
 47
0.0
 48
0.0
 49
2.5
140
0.0625
141
2.5
142
0.03125
143
0.03937007874
144
100.0
145
0.0
146
0.5
147
0.025
148
0.0
 69
0
 70
0
 71
0
 72
0
 73
0
 74
0
 75
0
 76
0
 77
1
 78
12
 79
3
170
0
171
3
172
1
173
0
174
0
175
0
176
0
177
0
178
0
179
2
271
2
272
2
273
2
274
3
275
0
276
0
277
2
278
46
279
2
280
0
281
0
282
0
283
0
284
8
285
0
286
0
288
1
289
3
290
0
340
4C
371
-2
372
-2
  0
DIMSTYLE
105
7F
330
4
100
AcDbSymbolTableRecord
100
AcDbDimStyleTableRecord
  2
EZ_M_20_H25_CM
 70
0
 40
1.0
 41
0.05
 42
0.025
 43
3.75
 44
0.07500000000000001
 45
0.0
 46
0.0
 47
0.0
 48
0.0
 49
2.5
140
0.05
141
2.5
142
0.025
143
0.03937007874
144
100.0
145
0.0
146
0.5
147
0.020000000000000004
148
0.0
 69
0
 70
0
 71
0
 72
0
 73
0
 74
0
 75
0
 76
0
 77
1
 78
12
 79
3
170
0
171
3
172
1
173
0
174
0
175
0
176
0
177
0
178
0
179
2
271
2
272
2
273
2
274
3
275
0
276
0
277
2
278
46
279
2
280
0
281
0
282
0
283
0
284
8
285
0
286
0
288
1
289
3
290
0
340
4C
371
-2
372
-2
  0
DIMSTYLE
105
80
330
4
100
AcDbSymbolTableRecord
100
AcDbDimStyleTableRecord
  2
EZ_M_10_H25_CM
 70
0
 40
1.0
 41
0.025
 42
0.0125
 43
3.75
 44
0.037500000000000006
 45
0.0
 46
0.0
 47
0.0
 48
0.0
 49
2.5
140
0.025
141
2.5
142
0.0125
143
0.03937007874
144
100.0
145
0.0
146
0.5
147
0.010000000000000002
148
0.0
 69
0
 70
0
 71
0
 72
0
 73
0
 74
0
 75
0
 76
0
 77
1
 78
12
 79
3
170
0
171
3
172
1
173
0
174
0
175
0
176
0
177
0
178
0
179
2
271
2
272
2
273
2
274
3
275
0
276
0
277
2
278
46
279
2
280
0
281
0
282
0
283
0
284
8
285
0
286
0
288
1
289
3
290
0
340
4C
371
-2
372
-2
  0
DIMSTYLE
105
81
330
4
100
AcDbSymbolTableRecord
100
AcDbDimStyleTableRecord
  2
EZ_M_5_H25_CM
 70
0
 40
1.0
 41
0.0125
 42
0.00625
 43
3.75
 44
0.018750000000000003
 45
0.0
 46
0.0
 47
0.0
 48
0.0
 49
2.5
140
0.0125
141
2.5
142
0.00625
143
0.03937007874
144
100.0
145
0.0
146
0.5
147
0.005000000000000001
148
0.0
 69
0
 70
0
 71
0
 72
0
 73
0
 74
0
 75
0
 76
0
 77
1
 78
12
 79
3
170
0
171
3
172
1
173
0
174
0
175
0
176
0
177
0
178
0
179
2
271
2
272
2
273
2
274
3
275
0
276
0
277
2
278
46
279
2
280
0
281
0
282
0
283
0
284
8
285
0
286
0
288
1
289
3
290
0
340
4C
371
-2
372
-2
  0
DIMSTYLE
105
82
330
4
100
AcDbSymbolTableRecord
100
AcDbDimStyleTableRecord
  2
EZ_M_1_H25_CM
 70
0
 40
1.0
 41
0.0025
 42
0.00125
 43
3.75
 44
0.00375
 45
0.0
 46
0.0
 47
0.0
 48
0.0
 49
2.5
140
0.0025
141
2.5
142
0.00125
143
0.03937007874
144
100.0
145
0.0
146
0.5
147
0.001
148
0.0
 69
0
 70
0
 71
0
 72
0
 73
0
 74
0
 75
0
 76
0
 77
1
 78
12
 79
3
170
0
171
3
172
1
173
0
174
0
175
0
176
0
177
0
178
0
179
2
271
2
272
2
273
2
274
3
275
0
276
0
277
2
278
46
279
2
280
0
281
0
282
0
283
0
284
8
285
0
286
0
288
1
289
3
290
0
340
4C
371
-2
372
-2
  0
DIMSTYLE
105
83
330
4
100
AcDbSymbolTableRecord
100
AcDbDimStyleTableRecord
  2
EZ_RADIUS
 70
0
 40
1.0
 41
0.25
 42
0.125
 43
3.75
 44
0.375
 45
0.0
 46
0.0
 47
0.0
 48
0.0
 49
2.5
140
0.25
141
0.0
142
0.0
143
0.03937007874
144
100.0
145
0.0
146
0.5
147
0.1
148
0.0
 69
0
 70
0
 71
0
 72
0
 73
0
 74
0
 75
0
 76
0
 77
1
 78
12
 79
3
170
0
171
3
172
0
173
0
174
0
175
0
176
0
177
0
178
0
179
2
271
2
272
2
273
2
274
3
275
0
276
0
277
2
278
46
279
1
280
0
281
0
282
0
283
0
284
8
285
0
286
0
288
1
289
3
290
0
340
4C
342
84
371
-2
372
-2
  0
DIMSTYLE
105
88
330
4
100
AcDbSymbolTableRecord
100
AcDbDimStyleTableRecord
  2
EZ_RADIUS_INSIDE
 70
0
 40
1.0
 41
0.25
 42
0.125
 43
3.75
 44
0.375
 45
0.0
 46
0.0
 47
0.0
 48
0.0
 49
2.5
140
0.25
141
0.0
142
0.0
143
0.03937007874
144
100.0
145
0.0
146
0.5
147
0.1
148
0.0
 69
0
 70
0
 71
0
 72
0
 73
0
 74
0
 75
0
 76
0
 77
0
 78
12
 79
3
170
0
171
3
172
0
173
0
174
1
175
0
176
0
177
0
178
0
179
2
271
2
272
2
273
2
274
3
275
0
276
0
277
2
278
46
279
0
280
0
281
0
282
0
283
0
284
8
285
0
286
0
288
1
289
0
290
0
340
4C
342
84
371
-2
372
-2
  0
DIMSTYLE
105
89
330
4
100
AcDbSymbolTableRecord
100
AcDbDimStyleTableRecord
  2
EZ_CURVED
 70
0
 40
1.0
 41
0.25
 42
0.125
 43
3.75
 44
0.375
 45
0.0
 46
0.0
 47
0.0
 48
0.0
 49
2.5
140
0.25
141
2.5
142
0.0
143
0.03937007874
144
100.0
145
0.0
146
0.5
147
0.1
148
0.0
 69
0
 70
0
 71
0
 72
0
 73
0
 74
0
 75
0
 76
0
 77
1
 78
12
 79
2
 90
2
170
0
171
3
172
1
173
0
174
0
175
0
176
0
177
0
178
0
179
2
271
2
272
2
273
2
274
3
275
0
276
0
277
2
278
46
279
2
280
0
281
0
282
0
283
0
284
8
285
0
286
0
288
1
289
3
290
0
340
4C
371
-2
372
-2
  0
ENDTAB
  0
TABLE
  2
BLOCK_RECORD
  5
9
330
0
100
AcDbSymbolTable
 70
5
  0
BLOCK_RECORD
  5
17
330
9
100
AcDbSymbolTableRecord
100
AcDbBlockTableRecord
  2
*Model_Space
340
1A
 70
0
280
1
281
0
  0
BLOCK_RECORD
  5
1B
330
9
100
AcDbSymbolTableRecord
100
AcDbBlockTableRecord
  2
*Paper_Space
340
1E
 70
0
280
1
281
0
  0
BLOCK_RECORD
  5
74
330
9
100
AcDbSymbolTableRecord
100
AcDbBlockTableRecord
  2
_ARCHTICK
340
0
 70
0
280
1
281
0
  0
BLOCK_RECORD
  5
78
330
9
100
AcDbSymbolTableRecord
100
AcDbBlockTableRecord
  2
_CLOSEDFILLED
340
0
 70
0
280
1
281
0
  0
BLOCK_RECORD
  5
84
330
9
100
AcDbSymbolTableRecord
100
AcDbBlockTableRecord
  2
_CLOSEDBLANK
340
0
 70
0
280
1
281
0
  0
ENDTAB
  0
ENDSEC
  0
SECTION
  2
BLOCKS
  0
BLOCK
  5
18
330
17
100
AcDbEntity
  8
0
100
AcDbBlockBegin
  2
*Model_Space
 70
0
 10
0.0
 20
0.0
 30
0.0
  3
*Model_Space
  1

  0
ENDBLK
  5
19
330
17
100
AcDbEntity
  8
0
100
AcDbBlockEnd
  0
BLOCK
  5
1C
330
1B
100
AcDbEntity
  8
0
100
AcDbBlockBegin
  2
*Paper_Space
 70
0
 10
0.0
 20
0.0
 30
0.0
  3
*Paper_Space
  1

  0
ENDBLK
  5
1D
330
1B
100
AcDbEntity
  8
0
100
AcDbBlockEnd
  0
BLOCK
  5
75
330
74
100
AcDbEntity
  8
0
100
AcDbBlockBegin
  2
_ARCHTICK
 70
0
 10
0.0
 20
0.0
 30
0.0
  3
_ARCHTICK
  1

  0
LWPOLYLINE
  5
77
330
74
100
AcDbEntity
  8
0
  6
BYBLOCK
 62
0
100
AcDbPolyline
 90
2
 70
0
 43
0.15
 10
-0.5
 20
-0.5
 10
0.5
 20
0.5
  0
ENDBLK
  5
76
330
74
100
AcDbEntity
  8
0
100
AcDbBlockEnd
  0
BLOCK
  5
79
330
78
100
AcDbEntity
  8
0
100
AcDbBlockBegin
  2
_CLOSEDFILLED
 70
0
 10
0.0
 20
0.0
 30
0.0
  3
_CLOSEDFILLED
  1

  0
SOLID
  5
7B
330
78
100
AcDbEntity
  8
0
  6
BYBLOCK
 62
0
100
AcDbTrace
 10
-1.0
 20
0.16439898372402537
 30
0.0
 11
0.0
 21
0.0
 31
0.0
 12
-1.0
 22
-0.16439898372402537
 32
0.0
 13
-1.0
 23
-0.16439898372402537
 33
0.0
  0
ENDBLK
  5
7A
330
78
100
AcDbEntity
  8
0
100
AcDbBlockEnd
  0
BLOCK
  5
85
330
84
100
AcDbEntity
  8
0
100
AcDbBlockBegin
  2
_CLOSEDBLANK
 70
0
 10
0.0
 20
0.0
 30
0.0
  3
_CLOSEDBLANK
  1

  0
LWPOLYLINE
  5
87
330
84
100
AcDbEntity
  8
0
  6
BYBLOCK
 62
0
100
AcDbPolyline
 90
3
 70
1
 10
-1.0
 20
0.16439898372402537
 10
0.0
 20
0.0
 10
-1.0
 20
-0.16439898372402537
  0
ENDBLK
  5
86
330
84
100
AcDbEntity
  8
0
100
AcDbBlockEnd
  0
ENDSEC
  0
SECTION
  2
ENTITIES
  0
TEXT
  5
99
330
17
100
AcDbEntity
  8
TEXT
 62
7
100
AcDbText
 10
22.0
 20
288.5
 30
0.0
 40
1.5
  1
Источник: 04-specs/spec-finish-materials.md
  7
GOST
 11
22.0
 21
288.5
 31
0.0
100
AcDbText
  0
TEXT
  5
9A
330
17
100
AcDbEntity
  8
TEXT
 62
7
100
AcDbText
 10
22.0
 20
280.65
 30
0.0
 40
2.6
  1
СП-05. Отделочные и черновые материалы (с запасами)
  7
GOST
 11
22.0
 21
280.65
 31
0.0
100
AcDbText
  0
TEXT
  5
9B
330
17
100
AcDbEntity
  8
TEXT
 62
7
100
AcDbText
 10
22.0
 20
272.55
 30
0.0
 40
1.4500000000000002
  1
Источник: 04-specs/finish-quantities.json (объёмы нетто), floors.json (пироги), ceilings.json, planning.json (перегородки), materials.json. Запасы: керамогранит 60×60 и «кабанчик» +10 %, крупный формат 60×120 +15 %, инженерная доска ёлочка +8 %, LVT +8 %, погонаж +10 %; далее — округление до упаковки. Краска — площадь × расход 0,11 л/м² × слои. Бюджет
  7
GOST
 11
22.0
 21
272.55
 31
0.0
100
AcDbText
  0
TEXT
  5
9C
330
17
100
AcDbEntity
  8
TEXT
 62
7
100
AcDbText
 10
22.0
 20
270.375
 30
0.0
 40
1.4500000000000002
  1
«Ремонт».
  7
GOST
 11
22.0
 21
270.375
 31
0.0
100
AcDbText
  0
TEXT
  5
9D
330
17
100
AcDbEntity
  8
TEXT
 62
7
100
AcDbText
 10
22.0
 20
263.7
 30
0.0
 40
1.4500000000000002
  1
Цены — ориентировочные для Санкт-Петербурга на 10.2026 (средний сегмент, розница/подрядчики), не являются офертой и подлежат проверке у поставщиков перед закупкой. Материалы — по диапазонам 02-concept/materials.json (price_ref) с поправкой на рост цен 1-го полугодия 2026 (INFOline: плитка +17 %, электрика +15 %, ЛКМ +10 %, напольные +10,5 %);
  7
GOST
 11
22.0
 21
263.7
 31
0.0
100
AcDbText
  0
TEXT
  5
9E
330
17
100
AcDbEntity
  8
TEXT
 62
7
100
AcDbText
 10
22.0
 20
261.525
 30
0.0
 40
1.4500000000000002
  1
расценки работ — калибровка по открытым прайсам СПб (поиск 2026-10-08, источники в 05-estimate/estimate.md).
  7
GOST
 11
22.0
 21
261.525
 31
0.0
100
AcDbText
  0
HATCH
  5
9F
330
17
100
AcDbEntity
  8
TEXT
 62
7
420
15132390
100
AcDbHatch
 10
0.0
 20
0.0
 30
0.0
210
0.0
220
0.0
230
1.0
  2
SOLID
 70
1
 71
0
 91
1
 92
3
 72
0
 73
1
 93
4
 10
22.0
 20
250.99249999999995
 10
413.0
 20
250.99249999999995
 10
413.0
 20
256.29999999999995
 10
22.0
 20
256.29999999999995
 97
0
 75
1
 76
1
 98
0
  0
LWPOLYLINE
  5
A0
330
17
100
AcDbEntity
  8
TEXT
 62
7
370
25
100
AcDbPolyline
 90
4
 70
1
 10
22.0
 20
250.99249999999995
 10
413.0
 20
250.99249999999995
 10
413.0
 20
256.29999999999995
 10
22.0
 20
256.29999999999995
  0
LWPOLYLINE
  5
A1
330
17
100
AcDbEntity
  8
TEXT
 62
7
370
15
100
AcDbPolyline
 90
2
 70
0
 10
22.0
 20
256.29999999999995
 10
22.0
 20
250.99249999999995
  0
TEXT
  5
A2
330
17
100
AcDbEntity
  8
TEXT
 62
7
100
AcDbText
 10
22.8
 20
253.94999999999996
 30
0.0
 40
1.35
  1
Поз.
  7
GOST
 11
22.8
 21
253.94999999999996
 31
0.0
100
AcDbText
  0
LWPOLYLINE
  5
A3
330
17
100
AcDbEntity
  8
TEXT
 62
7
370
15
100
AcDbPolyline
 90
2
 70
0
 10
28.232600959580758
 20
256.29999999999995
 10
28.232600959580758
 20
250.99249999999995
  0
TEXT
  5
A4
330
17
100
AcDbEntity
  8
TEXT
 62
7
100
AcDbText
 10
29.03260095958076
 20
253.94999999999996
 30
0.0
 40
1.35
  1
Наименование
  7
GOST
 11
29.03260095958076
 21
253.94999999999996
 31
0.0
100
AcDbText
  0
LWPOLYLINE
  5
A5
330
17
100
AcDbEntity
  8
TEXT
 62
7
370
15
100
AcDbPolyline
 90
2
 70
0
 10
127.04888196448488
 20
256.29999999999995
 10
127.04888196448488
 20
250.99249999999995
  0
TEXT
  5
A6
330
17
100
AcDbEntity
  8
TEXT
 62
7
100
AcDbText
 10
127.84888196448487
 20
253.94999999999996
 30
0.0
 40
1.35
  1
Артикул / пример
  7
GOST
 11
127.84888196448487
 21
253.94999999999996
 31
0.0
100
AcDbText
  0
LWPOLYLINE
  5
A7
330
17
100
AcDbEntity
  8
TEXT
 62
7
370
15
100
AcDbPolyline
 90
2
 70
0
 10
177.5634084591824
 20
256.29999999999995
 10
177.5634084591824
 20
250.99249999999995
  0
TEXT
  5
A8
330
17
100
AcDbEntity
  8
TEXT
 62
7
100
AcDbText
 10
178.3634084591824
 20
253.94999999999996
 30
0.0
 40
1.35
  1
Производитель
  7
GOST
 11
178.3634084591824
 21
253.94999999999996
 31
0.0
100
AcDbText
  0
LWPOLYLINE
  5
A9
330
17
100
AcDbEntity
  8
TEXT
 62
7
370
15
100
AcDbPolyline
 90
2
 70
0
 10
203.07740382061857
 20
256.29999999999995
 10
203.07740382061857
 20
250.99249999999995
  0
TEXT
  5
AA
330
17
100
AcDbEntity
  8
TEXT
 62
7
100
AcDbText
 10
203.87740382061858
 20
253.94999999999996
 30
0.0
 40
1.35
  1
Кол-в
  7
GOST
 11
203.87740382061858
 21
253.94999999999996
 31
0.0
100
AcDbText
  0
TEXT
  5
AB
330
17
100
AcDbEntity
  8
TEXT
 62
7
100
AcDbText
 10
203.87740382061858
 20
251.99249999999995
 30
0.0
 40
1.35
  1
о
  7
GOST
 11
203.87740382061858
 21
251.99249999999995
 31
0.0
100
AcDbText
  0
LWPOLYLINE
  5
AC
330
17
100
AcDbEntity
  8
TEXT
 62
7
370
15
100
AcDbPolyline
 90
2
 70
0
 10
211.93511321990684
 20
256.29999999999995
 10
211.93511321990684
 20
250.99249999999995
  0
TEXT
  5
AD
330
17
100
AcDbEntity
  8
TEXT
 62
7
100
AcDbText
 10
212.73511321990685
 20
253.94999999999996
 30
0.0
 40
1.35
  1
Ед.
  7
GOST
 11
212.73511321990685
 21
253.94999999999996
 31
0.0
100
AcDbText
  0
LWPOLYLINE
  5
AE
330
17
100
AcDbEntity
  8
TEXT
 62
7
370
15
100
AcDbPolyline
 90
2
 70
0
 10
224.881875962679
 20
256.29999999999995
 10
224.881875962679
 20
250.99249999999995
  0
TEXT
  5
AF
330
17
100
AcDbEntity
  8
TEXT
 62
7
100
AcDbText
 10
225.68187596267902
 20
253.94999999999996
 30
0.0
 40
1.35
  1
Цена ориент.,
  7
GOST
 11
225.68187596267902
 21
253.94999999999996
 31
0.0
100
AcDbText
  0
TEXT
  5
B0
330
17
100
AcDbEntity
  8
TEXT
 62
7
100
AcDbText
 10
225.68187596267902
 20
251.99249999999995
 30
0.0
 40
1.35
  1
₽
  7
GOST
 11
225.68187596267902
 21
251.99249999999995
 31
0.0
100
AcDbText
  0
LWPOLYLINE
  5
B1
330
17
100
AcDbEntity
  8
TEXT
 62
7
370
15
100
AcDbPolyline
 90
2
 70
0
 10
243.00722341235414
 20
256.29999999999995
 10
243.00722341235414
 20
250.99249999999995
  0
TEXT
  5
B2
330
17
100
AcDbEntity
  8
TEXT
 62
7
100
AcDbText
 10
243.80722341235415
 20
253.94999999999996
 30
0.0
 40
1.35
  1
Сумма, ₽
  7
GOST
 11
243.80722341235415
 21
253.94999999999996
 31
0.0
100
AcDbText
  0
LWPOLYLINE
  5
B3
330
17
100
AcDbEntity
  8
TEXT
 62
7
370
15
100
AcDbPolyline
 90
2
 70
0
 10
254.1397057521732
 20
256.29999999999995
 10
254.1397057521732
 20
250.99249999999995
  0
TEXT
  5
B4
330
17
100
AcDbEntity
  8
TEXT
 62
7
100
AcDbText
 10
254.9397057521732
 20
253.94999999999996
 30
0.0
 40
1.35
  1
Помещение
  7
GOST
 11
254.9397057521732
 21
253.94999999999996
 31
0.0
100
AcDbText
  0
LWPOLYLINE
  5
B5
330
17
100
AcDbEntity
  8
TEXT
 62
7
370
15
100
AcDbPolyline
 90
2
 70
0
 10
270.13745728803354
 20
256.29999999999995
 10
270.13745728803354
 20
250.99249999999995
  0
TEXT
  5
B6
330
17
100
AcDbEntity
  8
TEXT
 62
7
100
AcDbText
 10
270.93745728803356
 20
253.94999999999996
 30
0.0
 40
1.35
  1
Ссылка (лист / id)
  7
GOST
 11
270.93745728803356
 21
253.94999999999996
 31
0.0
100
AcDbText
  0
LWPOLYLINE
  5
B7
330
17
100
AcDbEntity
  8
TEXT
 62
7
370
15
100
AcDbPolyline
 90
2
 70
0
 10
345.930014340598
 20
256.29999999999995
 10
345.930014340598
 20
250.99249999999995
  0
TEXT
  5
B8
330
17
100
AcDbEntity
  8
TEXT
 62
7
100
AcDbText
 10
346.730014340598
 20
253.94999999999996
 30
0.0
 40
1.35
  1
Бюдже
  7
GOST
 11
346.730014340598
 21
253.94999999999996
 31
0.0
100
AcDbText
  0
TEXT
  5
B9
330
17
100
AcDbEntity
  8
TEXT
 62
7
100
AcDbText
 10
346.730014340598
 20
251.99249999999995
 30
0.0
 40
1.35
  1
т
  7
GOST
 11
346.730014340598
 21
251.99249999999995
 31
0.0
100
AcDbText
  0
LWPOLYLINE
  5
BA
330
17
100
AcDbEntity
  8
TEXT
 62
7
370
15
100
AcDbPolyline
 90
2
 70
0
 10
356.3681461678735
 20
256.29999999999995
 10
356.3681461678735
 20
250.99249999999995
  0
TEXT
  5
BB
330
17
100
AcDbEntity
  8
TEXT
 62
7
100
AcDbText
 10
357.1681461678735
 20
253.94999999999996
 30
0.0
 40
1.35
  1
Этап сметы
  7
GOST
 11
357.1681461678735
 21
253.94999999999996
 31
0.0
100
AcDbText
  0
LWPOLYLINE
  5
BC
330
17
100
AcDbEntity
  8
TEXT
 62
7
370
15
100
AcDbPolyline
 90
2
 70
0
 10
370.23288423065344
 20
256.29999999999995
 10
370.23288423065344
 20
250.99249999999995
  0
TEXT
  5
BD
330
17
100
AcDbEntity
  8
TEXT
 62
7
100
AcDbText
 10
371.03288423065345
 20
253.94999999999996
 30
0.0
 40
1.35
  1
Примечание
  7
GOST
 11
371.03288423065345
 21
253.94999999999996
 31
0.0
100
AcDbText
  0
LWPOLYLINE
  5
BE
330
17
100
AcDbEntity
  8
TEXT
 62
7
370
15
100
AcDbPolyline
 90
2
 70
0
 10
413.0
 20
256.29999999999995
 10
413.0
 20
250.99249999999995
  0
LWPOLYLINE
  5
BF
330
17
100
AcDbEntity
  8
TEXT
 62
7
370
15
100
AcDbPolyline
 90
4
 70
1
 10
22.0
 20
245.68499999999995
 10
413.0
 20
245.68499999999995
 10
413.0
 20
250.99249999999995
 10
22.0
 20
250.99249999999995
  0
LWPOLYLINE
  5
C0
330
17
100
AcDbEntity
  8
TEXT
 62
7
370
15
100
AcDbPolyline
 90
2
 70
0
 10
22.0
 20
250.99249999999995
 10
22.0
 20
245.68499999999995
  0
TEXT
  5
C1
330
17
100
AcDbEntity
  8
TEXT
 62
7
100
AcDbText
 10
22.8
 20
248.64249999999996
 30
0.0
 40
1.35
  1
1
  7
GOST
 11
22.8
 21
248.64249999999996
 31
0.0
100
AcDbText
  0
LWPOLYLINE
  5
C2
330
17
100
AcDbEntity
  8
TEXT
 62
7
370
15
100
AcDbPolyline
 90
2
 70
0
 10
28.232600959580758
 20
250.99249999999995
 10
28.232600959580758
 20
245.68499999999995
  0
TEXT
  5
C3
330
17
100
AcDbEntity
  8
TEXT
 62
7
100
AcDbText
 10
29.03260095958076
 20
248.64249999999996
 30
0.0
 40
1.35
  1
Инженерная доска дуб 2-слойная 14–15 мм, ёлочка 90×600, ультраматовый лак, допуск на
  7
GOST
 11
29.03260095958076
 21
248.64249999999996
 31
0.0
100
AcDbText
  0
TEXT
  5
C4
330
17
100
AcDbEntity
  8
TEXT
 62
7
100
AcDbText
 10
29.03260095958076
 20
246.68499999999995
 30
0.0
 40
1.35
  1
водяной ТП
  7
GOST
 11
29.03260095958076
 21
246.68499999999995
 31
0.0
100
AcDbText
  0
LWPOLYLINE
  5
C5
330
17
100
AcDbEntity
  8
TEXT
 62
7
370
15
100
AcDbPolyline
 90
2
 70
0
 10
127.04888196448488
 20
250.99249999999995
 10
127.04888196448488
 20
245.68499999999995
  0
TEXT
  5
C6
330
17
100
AcDbEntity
  8
TEXT
 62
7
100
AcDbText
 10
127.84888196448487
 20
248.64249999999996
 30
0.0
 40
1.35
  1
Coswick «Ёлочка» / Alpine Floor Villa Herringbone
  7
GOST
 11
127.84888196448487
 21
248.64249999999996
 31
0.0
100
AcDbText
  0
LWPOLYLINE
  5
C7
330
17
100
AcDbEntity
  8
TEXT
 62
7
370
15
100
AcDbPolyline
 90
2
 70
0
 10
177.5634084591824
 20
250.99249999999995
 10
177.5634084591824
 20
245.68499999999995
  0
TEXT
  5
C8
330
17
100
AcDbEntity
  8
TEXT
 62
7
100
AcDbText
 10
178.3634084591824
 20
248.64249999999996
 30
0.0
 40
1.35
  1
Coswick / Alpine Floor
  7
GOST
 11
178.3634084591824
 21
248.64249999999996
 31
0.0
100
AcDbText
  0
LWPOLYLINE
  5
C9
330
17
100
AcDbEntity
  8
TEXT
 62
7
370
15
100
AcDbPolyline
 90
2
 70
0
 10
203.07740382061857
 20
250.99249999999995
 10
203.07740382061857
 20
245.68499999999995
  0
TEXT
  5
CA
330
17
100
AcDbEntity
  8
TEXT
 62
7
100
AcDbText
 10
203.87740382061858
 20
248.64249999999996
 30
0.0
 40
1.35
  1
56
  7
GOST
 11
203.87740382061858
 21
248.64249999999996
 31
0.0
100
AcDbText
  0
LWPOLYLINE
  5
CB
330
17
100
AcDbEntity
  8
TEXT
 62
7
370
15
100
AcDbPolyline
 90
2
 70
0
 10
211.93511321990684
 20
250.99249999999995
 10
211.93511321990684
 20
245.68499999999995
  0
TEXT
  5
CC
330
17
100
AcDbEntity
  8
TEXT
 62
7
100
AcDbText
 10
212.73511321990685
 20
248.64249999999996
 30
0.0
 40
1.35
  1
м²
  7
GOST
 11
212.73511321990685
 21
248.64249999999996
 31
0.0
100
AcDbText
  0
LWPOLYLINE
  5
CD
330
17
100
AcDbEntity
  8
TEXT
 62
7
370
15
100
AcDbPolyline
 90
2
 70
0
 10
224.881875962679
 20
250.99249999999995
 10
224.881875962679
 20
245.68499999999995
  0
TEXT
  5
CE
330
17
100
AcDbEntity
  8
TEXT
 62
7
100
AcDbText
 10
225.68187596267902
 20
248.64249999999996
 30
0.0
 40
1.35
  1
7 800
  7
GOST
 11
225.68187596267902
 21
248.64249999999996
 31
0.0
100
AcDbText
  0
LWPOLYLINE
  5
CF
330
17
100
AcDbEntity
  8
TEXT
 62
7
370
15
100
AcDbPolyline
 90
2
 70
0
 10
243.00722341235414
 20
250.99249999999995
 10
243.00722341235414
 20
245.68499999999995
  0
TEXT
  5
D0
330
17
100
AcDbEntity
  8
TEXT
 62
7
100
AcDbText
 10
243.80722341235415
 20
248.64249999999996
 30
0.0
 40
1.35
  1
436 800
  7
GOST
 11
243.80722341235415
 21
248.64249999999996
 31
0.0
100
AcDbText
  0
LWPOLYLINE
  5
D1
330
17
100
AcDbEntity
  8
TEXT
 62
7
370
15
100
AcDbPolyline
 90
2
 70
0
 10
254.1397057521732
 20
250.99249999999995
 10
254.1397057521732
 20
245.68499999999995
  0
TEXT
  5
D2
330
17
100
AcDbEntity
  8
TEXT
 62
7
100
AcDbText
 10
254.9397057521732
 20
248.64249999999996
 30
0.0
 40
1.35
  1
R1, R2, R3, R4
  7
GOST
 11
254.9397057521732
 21
248.64249999999996
 31
0.0
100
AcDbText
  0
LWPOLYLINE
  5
D3
330
17
100
AcDbEntity
  8
TEXT
 62
7
370
15
100
AcDbPolyline
 90
2
 70
0
 10
270.13745728803354
 20
250.99249999999995
 10
270.13745728803354
 20
245.68499999999995
  0
TEXT
  5
D4
330
17
100
AcDbEntity
  8
TEXT
 62
7
100
AcDbText
 10
270.93745728803356
 20
248.64249999999996
 30
0.0
 40
1.35
  1
floors oak_herringbone (R1 17,54, R2 11,87, R3 14,59, R4 7,45); M01; АР-10
  7
GOST
 11
270.93745728803356
 21
248.64249999999996
 31
0.0
100
AcDbText
  0
LWPOLYLINE
  5
D5
330
17
100
AcDbEntity
  8
TEXT
 62
7
370
15
100
AcDbPolyline
 90
2
 70
0
 10
345.930014340598
 20
250.99249999999995
 10
345.930014340598
 20
245.68499999999995
  0
TEXT
  5
D6
330
17
100
AcDbEntity
  8
TEXT
 62
7
100
AcDbText
 10
346.730014340598
 20
248.64249999999996
 30
0.0
 40
1.35
  1
Ремонт
  7
GOST
 11
346.730014340598
 21
248.64249999999996
 31
0.0
100
AcDbText
  0
LWPOLYLINE
  5
D7
330
17
100
AcDbEntity
  8
TEXT
 62
7
370
15
100
AcDbPolyline
 90
2
 70
0
 10
356.3681461678735
 20
250.99249999999995
 10
356.3681461678735
 20
245.68499999999995
  0
TEXT
  5
D8
330
17
100
AcDbEntity
  8
TEXT
 62
7
100
AcDbText
 10
357.1681461678735
 20
248.64249999999996
 30
0.0
 40
1.35
  1
Э11
  7
GOST
 11
357.1681461678735
 21
248.64249999999996
 31
0.0
100
AcDbText
  0
LWPOLYLINE
  5
D9
330
17
100
AcDbEntity
  8
TEXT
 62
7
370
15
100
AcDbPolyline
 90
2
 70
0
 10
370.23288423065344
 20
250.99249999999995
 10
370.23288423065344
 20
245.68499999999995
  0
TEXT
  5
DA
330
17
100
AcDbEntity
  8
TEXT
 62
7
100
AcDbText
 10
371.03288423065345
 20
248.64249999999996
 30
0.0
 40
1.35
  1
нетто 51.45 м² × 1.08 → упаковка 1.0 м²
  7
GOST
 11
371.03288423065345
 21
248.64249999999996
 31
0.0
100
AcDbText
  0
LWPOLYLINE
  5
DB
330
17
100
AcDbEntity
  8
TEXT
 62
7
370
15
100
AcDbPolyline
 90
2
 70
0
 10
413.0
 20
250.99249999999995
 10
413.0
 20
245.68499999999995
  0
LWPOLYLINE
  5
DC
330
17
100
AcDbEntity
  8
TEXT
 62
7
370
15
100
AcDbPolyline
 90
4
 70
1
 10
22.0
 20
242.33499999999995
 10
413.0
 20
242.33499999999995
 10
413.0
 20
245.68499999999995
 10
22.0
 20
245.68499999999995
  0
LWPOLYLINE
  5
DD
330
17
100
AcDbEntity
  8
TEXT
 62
7
370
15
100
AcDbPolyline
 90
2
 70
0
 10
22.0
 20
245.68499999999995
 10
22.0
 20
242.33499999999995
  0
TEXT
  5
DE
330
17
100
AcDbEntity
  8
TEXT
 62
7
100
AcDbText
 10
22.8
 20
243.33499999999995
 30
0.0
 40
1.35
  1
2
  7
GOST
 11
22.8
 21
243.33499999999995
 31
0.0
100
AcDbText
  0
LWPOLYLINE
  5
DF
330
17
100
AcDbEntity
  8
TEXT
 62
7
370
15
100
AcDbPolyline
 90
2
 70
0
 10
28.232600959580758
 20
245.68499999999995
 10
28.232600959580758
 20
242.33499999999995
  0
TEXT
  5
E0
330
17
100
AcDbEntity
  8
TEXT
 62
7
100
AcDbText
 10
29.03260095958076
 20
243.33499999999995
 30
0.0
 40
1.35
  1
Клей паркетный MS-полимер эластичный (1,2 кг/м²)
  7
GOST
 11
29.03260095958076
 21
243.33499999999995
 31
0.0
100
AcDbText
  0
LWPOLYLINE
  5
E1
330
17
100
AcDbEntity
  8
TEXT
 62
7
370
15
100
AcDbPolyline
 90
2
 70
0
 10
127.04888196448488
 20
245.68499999999995
 10
127.04888196448488
 20
242.33499999999995
  0
TEXT
  5
E2
330
17
100
AcDbEntity
  8
TEXT
 62
7
100
AcDbText
 10
127.84888196448487
 20
243.33499999999995
 30
0.0
 40
1.35
  1
Uzin MK 250 / Bostik Tarbicol MS
  7
GOST
 11
127.84888196448487
 21
243.33499999999995
 31
0.0
100
AcDbText
  0
LWPOLYLINE
  5
E3
330
17
100
AcDbEntity
  8
TEXT
 62
7
370
15
100
AcDbPolyline
 90
2
 70
0
 10
177.5634084591824
 20
245.68499999999995
 10
177.5634084591824
 20
242.33499999999995
  0
TEXT
  5
E4
330
17
100
AcDbEntity
  8
TEXT
 62
7
100
AcDbText
 10
178.3634084591824
 20
243.33499999999995
 30
0.0
 40
1.35
  1
Uzin / Bostik
  7
GOST
 11
178.3634084591824
 21
243.33499999999995
 31
0.0
100
AcDbText
  0
LWPOLYLINE
  5
E5
330
17
100
AcDbEntity
  8
TEXT
 62
7
370
15
100
AcDbPolyline
 90
2
 70
0
 10
203.07740382061857
 20
245.68499999999995
 10
203.07740382061857
 20
242.33499999999995
  0
TEXT
  5
E6
330
17
100
AcDbEntity
  8
TEXT
 62
7
100
AcDbText
 10
203.87740382061858
 20
243.33499999999995
 30
0.0
 40
1.35
  1
75
  7
GOST
 11
203.87740382061858
 21
243.33499999999995
 31
0.0
100
AcDbText
  0
LWPOLYLINE
  5
E7
330
17
100
AcDbEntity
  8
TEXT
 62
7
370
15
100
AcDbPolyline
 90
2
 70
0
 10
211.93511321990684
 20
245.68499999999995
 10
211.93511321990684
 20
242.33499999999995
  0
TEXT
  5
E8
330
17
100
AcDbEntity
  8
TEXT
 62
7
100
AcDbText
 10
212.73511321990685
 20
243.33499999999995
 30
0.0
 40
1.35
  1
кг
  7
GOST
 11
212.73511321990685
 21
243.33499999999995
 31
0.0
100
AcDbText
  0
LWPOLYLINE
  5
E9
330
17
100
AcDbEntity
  8
TEXT
 62
7
370
15
100
AcDbPolyline
 90
2
 70
0
 10
224.881875962679
 20
245.68499999999995
 10
224.881875962679
 20
242.33499999999995
  0
TEXT
  5
EA
330
17
100
AcDbEntity
  8
TEXT
 62
7
100
AcDbText
 10
225.68187596267902
 20
243.33499999999995
 30
0.0
 40
1.35
  1
700
  7
GOST
 11
225.68187596267902
 21
243.33499999999995
 31
0.0
100
AcDbText
  0
LWPOLYLINE
  5
EB
330
17
100
AcDbEntity
  8
TEXT
 62
7
370
15
100
AcDbPolyline
 90
2
 70
0
 10
243.00722341235414
 20
245.68499999999995
 10
243.00722341235414
 20
242.33499999999995
  0
TEXT
  5
EC
330
17
100
AcDbEntity
  8
TEXT
 62
7
100
AcDbText
 10
243.80722341235415
 20
243.33499999999995
 30
0.0
 40
1.35
  1
52 500
  7
GOST
 11
243.80722341235415
 21
243.33499999999995
 31
0.0
100
AcDbText
  0
LWPOLYLINE
  5
ED
330
17
100
AcDbEntity
  8
TEXT
 62
7
370
15
100
AcDbPolyline
 90
2
 70
0
 10
254.1397057521732
 20
245.68499999999995
 10
254.1397057521732
 20
242.33499999999995
  0
TEXT
  5
EE
330
17
100
AcDbEntity
  8
TEXT
 62
7
100
AcDbText
 10
254.9397057521732
 20
243.33499999999995
 30
0.0
 40
1.35
  1
R1, R2, R3, R4
  7
GOST
 11
254.9397057521732
 21
243.33499999999995
 31
0.0
100
AcDbText
  0
LWPOLYLINE
  5
EF
330
17
100
AcDbEntity
  8
TEXT
 62
7
370
15
100
AcDbPolyline
 90
2
 70
0
 10
270.13745728803354
 20
245.68499999999995
 10
270.13745728803354
 20
242.33499999999995
  0
TEXT
  5
F0
330
17
100
AcDbEntity
  8
TEXT
 62
7
100
AcDbText
 10
270.93745728803356
 20
243.33499999999995
 30
0.0
 40
1.35
  1
P-OAK; M01
  7
GOST
 11
270.93745728803356
 21
243.33499999999995
 31
0.0
100
AcDbText
  0
LWPOLYLINE
  5
F1
330
17
100
AcDbEntity
  8
TEXT
 62
7
370
15
100
AcDbPolyline
 90
2
 70
0
 10
345.930014340598
 20
245.68499999999995
 10
345.930014340598
 20
242.33499999999995
  0
TEXT
  5
F2
330
17
100
AcDbEntity
  8
TEXT
 62
7
100
AcDbText
 10
346.730014340598
 20
243.33499999999995
 30
0.0
 40
1.35
  1
Ремонт
  7
GOST
 11
346.730014340598
 21
243.33499999999995
 31
0.0
100
AcDbText
  0
LWPOLYLINE
  5
F3
330
17
100
AcDbEntity
  8
TEXT
 62
7
370
15
100
AcDbPolyline
 90
2
 70
0
 10
356.3681461678735
 20
245.68499999999995
 10
356.3681461678735
 20
242.33499999999995
  0
TEXT
  5
F4
330
17
100
AcDbEntity
  8
TEXT
 62
7
100
AcDbText
 10
357.1681461678735
 20
243.33499999999995
 30
0.0
 40
1.35
  1
Э11
  7
GOST
 11
357.1681461678735
 21
243.33499999999995
 31
0.0
100
AcDbText
  0
LWPOLYLINE
  5
F5
330
17
100
AcDbEntity
  8
TEXT
 62
7
370
15
100
AcDbPolyline
 90
2
 70
0
 10
370.23288423065344
 20
245.68499999999995
 10
370.23288423065344
 20
242.33499999999995
  0
LWPOLYLINE
  5
F6
330
17
100
AcDbEntity
  8
TEXT
 62
7
370
15
100
AcDbPolyline
 90
2
 70
0
 10
413.0
 20
245.68499999999995
 10
413.0
 20
242.33499999999995
  0
LWPOLYLINE
  5
F7
330
17
100
AcDbEntity
  8
TEXT
 62
7
370
15
100
AcDbPolyline
 90
4
 70
1
 10
22.0
 20
238.98499999999996
 10
413.0
 20
238.98499999999996
 10
413.0
 20
242.33499999999995
 10
22.0
 20
242.33499999999995
  0
LWPOLYLINE
  5
F8
330
17
100
AcDbEntity
  8
TEXT
 62
7
370
15
100
AcDbPolyline
 90
2
 70
0
 10
22.0
 20
242.33499999999995
 10
22.0
 20
238.98499999999996
  0
TEXT
  5
F9
330
17
100
AcDbEntity
  8
TEXT
 62
7
100
AcDbText
 10
22.8
 20
239.98499999999996
 30
0.0
 40
1.35
  1
3
  7
GOST
 11
22.8
 21
239.98499999999996
 31
0.0
100
AcDbText
  0
LWPOLYLINE
  5
FA
330
17
100
AcDbEntity
  8
TEXT
 62
7
370
15
100
AcDbPolyline
 90
2
 70
0
 10
28.232600959580758
 20
242.33499999999995
 10
28.232600959580758
 20
238.98499999999996
  0
TEXT
  5
FB
330
17
100
AcDbEntity
  8
TEXT
 62
7
100
AcDbText
 10
29.03260095958076
 20
239.98499999999996
 30
0.0
 40
1.35
  1
Грунт/ремонтный состав под клей (0,2 л/м²) и локальный ремонт стяжки
  7
GOST
 11
29.03260095958076
 21
239.98499999999996
 31
0.0
100
AcDbText
  0
LWPOLYLINE
  5
FC
330
17
100
AcDbEntity
  8
TEXT
 62
7
370
15
100
AcDbPolyline
 90
2
 70
0
 10
127.04888196448488
 20
242.33499999999995
 10
127.04888196448488
 20
238.98499999999996
  0
TEXT
  5
FD
330
17
100
AcDbEntity
  8
TEXT
 62
7
100
AcDbText
 10
127.84888196448487
 20
239.98499999999996
 30
0.0
 40
1.35
  1
Uzin PE 460 / Bostik
  7
GOST
 11
127.84888196448487
 21
239.98499999999996
 31
0.0
100
AcDbText
  0
LWPOLYLINE
  5
FE
330
17
100
AcDbEntity
  8
TEXT
 62
7
370
15
100
AcDbPolyline
 90
2
 70
0
 10
177.5634084591824
 20
242.33499999999995
 10
177.5634084591824
 20
238.98499999999996
  0
TEXT
  5
FF
330
17
100
AcDbEntity
  8
TEXT
 62
7
100
AcDbText
 10
178.3634084591824
 20
239.98499999999996
 30
0.0
 40
1.35
  1
Uzin
  7
GOST
 11
178.3634084591824
 21
239.98499999999996
 31
0.0
100
AcDbText
  0
LWPOLYLINE
  5
100
330
17
100
AcDbEntity
  8
TEXT
 62
7
370
15
100
AcDbPolyline
 90
2
 70
0
 10
203.07740382061857
 20
242.33499999999995
 10
203.07740382061857
 20
238.98499999999996
  0
TEXT
  5
101
330
17
100
AcDbEntity
  8
TEXT
 62
7
100
AcDbText
 10
203.87740382061858
 20
239.98499999999996
 30
0.0
 40
1.35
  1
15
  7
GOST
 11
203.87740382061858
 21
239.98499999999996
 31
0.0
100
AcDbText
  0
LWPOLYLINE
  5
102
330
17
100
AcDbEntity
  8
TEXT
 62
7
370
15
100
AcDbPolyline
 90
2
 70
0
 10
211.93511321990684
 20
242.33499999999995
 10
211.93511321990684
 20
238.98499999999996
  0
TEXT
  5
103
330
17
100
AcDbEntity
  8
TEXT
 62
7
100
AcDbText
 10
212.73511321990685
 20
239.98499999999996
 30
0.0
 40
1.35
  1
л
  7
GOST
 11
212.73511321990685
 21
239.98499999999996
 31
0.0
100
AcDbText
  0
LWPOLYLINE
  5
104
330
17
100
AcDbEntity
  8
TEXT
 62
7
370
15
100
AcDbPolyline
 90
2
 70
0
 10
224.881875962679
 20
242.33499999999995
 10
224.881875962679
 20
238.98499999999996
  0
TEXT
  5
105
330
17
100
AcDbEntity
  8
TEXT
 62
7
100
AcDbText
 10
225.68187596267902
 20
239.98499999999996
 30
0.0
 40
1.35
  1
950
  7
GOST
 11
225.68187596267902
 21
239.98499999999996
 31
0.0
100
AcDbText
  0
LWPOLYLINE
  5
106
330
17
100
AcDbEntity
  8
TEXT
 62
7
370
15
100
AcDbPolyline
 90
2
 70
0
 10
243.00722341235414
 20
242.33499999999995
 10
243.00722341235414
 20
238.98499999999996
  0
TEXT
  5
107
330
17
100
AcDbEntity
  8
TEXT
 62
7
100
AcDbText
 10
243.80722341235415
 20
239.98499999999996
 30
0.0
 40
1.35
  1
14 250
  7
GOST
 11
243.80722341235415
 21
239.98499999999996
 31
0.0
100
AcDbText
  0
LWPOLYLINE
  5
108
330
17
100
AcDbEntity
  8
TEXT
 62
7
370
15
100
AcDbPolyline
 90
2
 70
0
 10
254.1397057521732
 20
242.33499999999995
 10
254.1397057521732
 20
238.98499999999996
  0
TEXT
  5
109
330
17
100
AcDbEntity
  8
TEXT
 62
7
100
AcDbText
 10
254.9397057521732
 20
239.98499999999996
 30
0.0
 40
1.35
  1
R1, R2, R3, R4
  7
GOST
 11
254.9397057521732
 21
239.98499999999996
 31
0.0
100
AcDbText
  0
LWPOLYLINE
  5
10A
330
17
100
AcDbEntity
  8
TEXT
 62
7
370
15
100
AcDbPolyline
 90
2
 70
0
 10
270.13745728803354
 20
242.33499999999995
 10
270.13745728803354
 20
238.98499999999996
  0
TEXT
  5
10B
330
17
100
AcDbEntity
  8
TEXT
 62
7
100
AcDbText
 10
270.93745728803356
 20
239.98499999999996
 30
0.0
 40
1.35
  1
P-OAK
  7
GOST
 11
270.93745728803356
 21
239.98499999999996
 31
0.0
100
AcDbText
  0
LWPOLYLINE
  5
10C
330
17
100
AcDbEntity
  8
TEXT
 62
7
370
15
100
AcDbPolyline
 90
2
 70
0
 10
345.930014340598
 20
242.33499999999995
 10
345.930014340598
 20
238.98499999999996
  0
TEXT
  5
10D
330
17
100
AcDbEntity
  8
TEXT
 62
7
100
AcDbText
 10
346.730014340598
 20
239.98499999999996
 30
0.0
 40
1.35
  1
Ремонт
  7
GOST
 11
346.730014340598
 21
239.98499999999996
 31
0.0
100
AcDbText
  0
LWPOLYLINE
  5
10E
330
17
100
AcDbEntity
  8
TEXT
 62
7
370
15
100
AcDbPolyline
 90
2
 70
0
 10
356.3681461678735
 20
242.33499999999995
 10
356.3681461678735
 20
238.98499999999996
  0
TEXT
  5
10F
330
17
100
AcDbEntity
  8
TEXT
 62
7
100
AcDbText
 10
357.1681461678735
 20
239.98499999999996
 30
0.0
 40
1.35
  1
Э11
  7
GOST
 11
357.1681461678735
 21
239.98499999999996
 31
0.0
100
AcDbText
  0
LWPOLYLINE
  5
110
330
17
100
AcDbEntity
  8
TEXT
 62
7
370
15
100
AcDbPolyline
 90
2
 70
0
 10
370.23288423065344
 20
242.33499999999995
 10
370.23288423065344
 20
238.98499999999996
  0
LWPOLYLINE
  5
111
330
17
100
AcDbEntity
  8
TEXT
 62
7
370
15
100
AcDbPolyline
 90
2
 70
0
 10
413.0
 20
242.33499999999995
 10
413.0
 20
238.98499999999996
  0
LWPOLYLINE
  5
112
330
17
100
AcDbEntity
  8
TEXT
 62
7
370
15
100
AcDbPolyline
 90
4
 70
1
 10
22.0
 20
235.63499999999996
 10
413.0
 20
235.63499999999996
 10
413.0
 20
238.98499999999996
 10
22.0
 20
238.98499999999996
  0
LWPOLYLINE
  5
113
330
17
100
AcDbEntity
  8
TEXT
 62
7
370
15
100
AcDbPolyline
 90
2
 70
0
 10
22.0
 20
238.98499999999996
 10
22.0
 20
235.63499999999996
  0
TEXT
  5
114
330
17
100
AcDbEntity
  8
TEXT
 62
7
100
AcDbText
 10
22.8
 20
236.63499999999996
 30
0.0
 40
1.35
  1
4
  7
GOST
 11
22.8
 21
236.63499999999996
 31
0.0
100
AcDbText
  0
LWPOLYLINE
  5
115
330
17
100
AcDbEntity
  8
TEXT
 62
7
370
15
100
AcDbPolyline
 90
2
 70
0
 10
28.232600959580758
 20
238.98499999999996
 10
28.232600959580758
 20
235.63499999999996
  0
TEXT
  5
116
330
17
100
AcDbEntity
  8
TEXT
 62
7
100
AcDbText
 10
29.03260095958076
 20
236.63499999999996
 30
0.0
 40
1.35
  1
LVT клеевой «ёлочка» в тон дуба C7, 33/42 кл., слой износа ≥ 0,55, допуск на ТП
  7
GOST
 11
29.03260095958076
 21
236.63499999999996
 31
0.0
100
AcDbText
  0
LWPOLYLINE
  5
117
330
17
100
AcDbEntity
  8
TEXT
 62
7
370
15
100
AcDbPolyline
 90
2
 70
0
 10
127.04888196448488
 20
238.98499999999996
 10
127.04888196448488
 20
235.63499999999996
  0
TEXT
  5
118
330
17
100
AcDbEntity
  8
TEXT
 62
7
100
AcDbText
 10
127.84888196448487
 20
236.63499999999996
 30
0.0
 40
1.35
  1
Alpine Floor Parquet LVT / Aquafloor Parquet Glue
  7
GOST
 11
127.84888196448487
 21
236.63499999999996
 31
0.0
100
AcDbText
  0
LWPOLYLINE
  5
119
330
17
100
AcDbEntity
  8
TEXT
 62
7
370
15
100
AcDbPolyline
 90
2
 70
0
 10
177.5634084591824
 20
238.98499999999996
 10
177.5634084591824
 20
235.63499999999996
  0
TEXT
  5
11A
330
17
100
AcDbEntity
  8
TEXT
 62
7
100
AcDbText
 10
178.3634084591824
 20
236.63499999999996
 30
0.0
 40
1.35
  1
Alpine Floor
  7
GOST
 11
178.3634084591824
 21
236.63499999999996
 31
0.0
100
AcDbText
  0
LWPOLYLINE
  5
11B
330
17
100
AcDbEntity
  8
TEXT
 62
7
370
15
100
AcDbPolyline
 90
2
 70
0
 10
203.07740382061857
 20
238.98499999999996
 10
203.07740382061857
 20
235.63499999999996
  0
TEXT
  5
11C
330
17
100
AcDbEntity
  8
TEXT
 62
7
100
AcDbText
 10
203.87740382061858
 20
236.63499999999996
 30
0.0
 40
1.35
  1
7
  7
GOST
 11
203.87740382061858
 21
236.63499999999996
 31
0.0
100
AcDbText
  0
LWPOLYLINE
  5
11D
330
17
100
AcDbEntity
  8
TEXT
 62
7
370
15
100
AcDbPolyline
 90
2
 70
0
 10
211.93511321990684
 20
238.98499999999996
 10
211.93511321990684
 20
235.63499999999996
  0
TEXT
  5
11E
330
17
100
AcDbEntity
  8
TEXT
 62
7
100
AcDbText
 10
212.73511321990685
 20
236.63499999999996
 30
0.0
 40
1.35
  1
м²
  7
GOST
 11
212.73511321990685
 21
236.63499999999996
 31
0.0
100
AcDbText
  0
LWPOLYLINE
  5
11F
330
17
100
AcDbEntity
  8
TEXT
 62
7
370
15
100
AcDbPolyline
 90
2
 70
0
 10
224.881875962679
 20
238.98499999999996
 10
224.881875962679
 20
235.63499999999996
  0
TEXT
  5
120
330
17
100
AcDbEntity
  8
TEXT
 62
7
100
AcDbText
 10
225.68187596267902
 20
236.63499999999996
 30
0.0
 40
1.35
  1
3 300
  7
GOST
 11
225.68187596267902
 21
236.63499999999996
 31
0.0
100
AcDbText
  0
LWPOLYLINE
  5
121
330
17
100
AcDbEntity
  8
TEXT
 62
7
370
15
100
AcDbPolyline
 90
2
 70
0
 10
243.00722341235414
 20
238.98499999999996
 10
243.00722341235414
 20
235.63499999999996
  0
TEXT
  5
122
330
17
100
AcDbEntity
  8
TEXT
 62
7
100
AcDbText
 10
243.80722341235415
 20
236.63499999999996
 30
0.0
 40
1.35
  1
23 100
  7
GOST
 11
243.80722341235415
 21
236.63499999999996
 31
0.0
100
AcDbText
  0
LWPOLYLINE
  5
123
330
17
100
AcDbEntity
  8
TEXT
 62
7
370
15
100
AcDbPolyline
 90
2
 70
0
 10
254.1397057521732
 20
238.98499999999996
 10
254.1397057521732
 20
235.63499999999996
  0
TEXT
  5
124
330
17
100
AcDbEntity
  8
TEXT
 62
7
100
AcDbText
 10
254.9397057521732
 20
236.63499999999996
 30
0.0
 40
1.35
  1
R7
  7
GOST
 11
254.9397057521732
 21
236.63499999999996
 31
0.0
100
AcDbText
  0
LWPOLYLINE
  5
125
330
17
100
AcDbEntity
  8
TEXT
 62
7
370
15
100
AcDbPolyline
 90
2
 70
0
 10
270.13745728803354
 20
238.98499999999996
 10
270.13745728803354
 20
235.63499999999996
  0
TEXT
  5
126
330
17
100
AcDbEntity
  8
TEXT
 62
7
100
AcDbText
 10
270.93745728803356
 20
236.63499999999996
 30
0.0
 40
1.35
  1
floors lvt_herringbone; M28
  7
GOST
 11
270.93745728803356
 21
236.63499999999996
 31
0.0
100
AcDbText
  0
LWPOLYLINE
  5
127
330
17
100
AcDbEntity
  8
TEXT
 62
7
370
15
100
AcDbPolyline
 90
2
 70
0
 10
345.930014340598
 20
238.98499999999996
 10
345.930014340598
 20
235.63499999999996
  0
TEXT
  5
128
330
17
100
AcDbEntity
  8
TEXT
 62
7
100
AcDbText
 10
346.730014340598
 20
236.63499999999996
 30
0.0
 40
1.35
  1
Ремонт
  7
GOST
 11
346.730014340598
 21
236.63499999999996
 31
0.0
100
AcDbText
  0
LWPOLYLINE
  5
129
330
17
100
AcDbEntity
  8
TEXT
 62
7
370
15
100
AcDbPolyline
 90
2
 70
0
 10
356.3681461678735
 20
238.98499999999996
 10
356.3681461678735
 20
235.63499999999996
  0
TEXT
  5
12A
330
17
100
AcDbEntity
  8
TEXT
 62
7
100
AcDbText
 10
357.1681461678735
 20
236.63499999999996
 30
0.0
 40
1.35
  1
Э11
  7
GOST
 11
357.1681461678735
 21
236.63499999999996
 31
0.0
100
AcDbText
  0
LWPOLYLINE
  5
12B
330
17
100
AcDbEntity
  8
TEXT
 62
7
370
15
100
AcDbPolyline
 90
2
 70
0
 10
370.23288423065344
 20
238.98499999999996
 10
370.23288423065344
 20
235.63499999999996
  0
TEXT
  5
12C
330
17
100
AcDbEntity
  8
TEXT
 62
7
100
AcDbText
 10
371.03288423065345
 20
236.63499999999996
 30
0.0
 40
1.35
  1
нетто 6.47 м² × 1.08 → упаковка 0.5 м²
  7
GOST
 11
371.03288423065345
 21
236.63499999999996
 31
0.0
100
AcDbText
  0
LWPOLYLINE
  5
12D
330
17
100
AcDbEntity
  8
TEXT
 62
7
370
15
100
AcDbPolyline
 90
2
 70
0
 10
413.0
 20
238.98499999999996
 10
413.0
 20
235.63499999999996
  0
LWPOLYLINE
  5
12E
330
17
100
AcDbEntity
  8
TEXT
 62
7
370
15
100
AcDbPolyline
 90
4
 70
1
 10
22.0
 20
232.28499999999997
 10
413.0
 20
232.28499999999997
 10
413.0
 20
235.63499999999996
 10
22.0
 20
235.63499999999996
  0
LWPOLYLINE
  5
12F
330
17
100
AcDbEntity
  8
TEXT
 62
7
370
15
100
AcDbPolyline
 90
2
 70
0
 10
22.0
 20
235.63499999999996
 10
22.0
 20
232.28499999999997
  0
TEXT
  5
130
330
17
100
AcDbEntity
  8
TEXT
 62
7
100
AcDbText
 10
22.8
 20
233.28499999999997
 30
0.0
 40
1.35
  1
5
  7
GOST
 11
22.8
 21
233.28499999999997
 31
0.0
100
AcDbText
  0
LWPOLYLINE
  5
131
330
17
100
AcDbEntity
  8
TEXT
 62
7
370
15
100
AcDbPolyline
 90
2
 70
0
 10
28.232600959580758
 20
235.63499999999996
 10
28.232600959580758
 20
232.28499999999997
  0
TEXT
  5
132
330
17
100
AcDbEntity
  8
TEXT
 62
7
100
AcDbText
 10
29.03260095958076
 20
233.28499999999997
 30
0.0
 40
1.35
  1
Клей дисперсионный для LVT (0,35 кг/м²)
  7
GOST
 11
29.03260095958076
 21
233.28499999999997
 31
0.0
100
AcDbText
  0
LWPOLYLINE
  5
133
330
17
100
AcDbEntity
  8
TEXT
 62
7
370
15
100
AcDbPolyline
 90
2
 70
0
 10
127.04888196448488
 20
235.63499999999996
 10
127.04888196448488
 20
232.28499999999997
  0
TEXT
  5
134
330
17
100
AcDbEntity
  8
TEXT
 62
7
100
AcDbText
 10
127.84888196448487
 20
233.28499999999997
 30
0.0
 40
1.35
  1
Bostik / Forbo / Homakoll
  7
GOST
 11
127.84888196448487
 21
233.28499999999997
 31
0.0
100
AcDbText
  0
LWPOLYLINE
  5
135
330
17
100
AcDbEntity
  8
TEXT
 62
7
370
15
100
AcDbPolyline
 90
2
 70
0
 10
177.5634084591824
 20
235.63499999999996
 10
177.5634084591824
 20
232.28499999999997
  0
TEXT
  5
136
330
17
100
AcDbEntity
  8
TEXT
 62
7
100
AcDbText
 10
178.3634084591824
 20
233.28499999999997
 30
0.0
 40
1.35
  1
Homakoll
  7
GOST
 11
178.3634084591824
 21
233.28499999999997
 31
0.0
100
AcDbText
  0
LWPOLYLINE
  5
137
330
17
100
AcDbEntity
  8
TEXT
 62
7
370
15
100
AcDbPolyline
 90
2
 70
0
 10
203.07740382061857
 20
235.63499999999996
 10
203.07740382061857
 20
232.28499999999997
  0
TEXT
  5
138
330
17
100
AcDbEntity
  8
TEXT
 62
7
100
AcDbText
 10
203.87740382061858
 20
233.28499999999997
 30
0.0
 40
1.35
  1
3
  7
GOST
 11
203.87740382061858
 21
233.28499999999997
 31
0.0
100
AcDbText
  0
LWPOLYLINE
  5
139
330
17
100
AcDbEntity
  8
TEXT
 62
7
370
15
100
AcDbPolyline
 90
2
 70
0
 10
211.93511321990684
 20
235.63499999999996
 10
211.93511321990684
 20
232.28499999999997
  0
TEXT
  5
13A
330
17
100
AcDbEntity
  8
TEXT
 62
7
100
AcDbText
 10
212.73511321990685
 20
233.28499999999997
 30
0.0
 40
1.35
  1
кг
  7
GOST
 11
212.73511321990685
 21
233.28499999999997
 31
0.0
100
AcDbText
  0
LWPOLYLINE
  5
13B
330
17
100
AcDbEntity
  8
TEXT
 62
7
370
15
100
AcDbPolyline
 90
2
 70
0
 10
224.881875962679
 20
235.63499999999996
 10
224.881875962679
 20
232.28499999999997
  0
TEXT
  5
13C
330
17
100
AcDbEntity
  8
TEXT
 62
7
100
AcDbText
 10
225.68187596267902
 20
233.28499999999997
 30
0.0
 40
1.35
  1
450
  7
GOST
 11
225.68187596267902
 21
233.28499999999997
 31
0.0
100
AcDbText
  0
LWPOLYLINE
  5
13D
330
17
100
AcDbEntity
  8
TEXT
 62
7
370
15
100
AcDbPolyline
 90
2
 70
0
 10
243.00722341235414
 20
235.63499999999996
 10
243.00722341235414
 20
232.28499999999997
  0
TEXT
  5
13E
330
17
100
AcDbEntity
  8
TEXT
 62
7
100
AcDbText
 10
243.80722341235415
 20
233.28499999999997
 30
0.0
 40
1.35
  1
1 350
  7
GOST
 11
243.80722341235415
 21
233.28499999999997
 31
0.0
100
AcDbText
  0
LWPOLYLINE
  5
13F
330
17
100
AcDbEntity
  8
TEXT
 62
7
370
15
100
AcDbPolyline
 90
2
 70
0
 10
254.1397057521732
 20
235.63499999999996
 10
254.1397057521732
 20
232.28499999999997
  0
TEXT
  5
140
330
17
100
AcDbEntity
  8
TEXT
 62
7
100
AcDbText
 10
254.9397057521732
 20
233.28499999999997
 30
0.0
 40
1.35
  1
R7
  7
GOST
 11
254.9397057521732
 21
233.28499999999997
 31
0.0
100
AcDbText
  0
LWPOLYLINE
  5
141
330
17
100
AcDbEntity
  8
TEXT
 62
7
370
15
100
AcDbPolyline
 90
2
 70
0
 10
270.13745728803354
 20
235.63499999999996
 10
270.13745728803354
 20
232.28499999999997
  0
TEXT
  5
142
330
17
100
AcDbEntity
  8
TEXT
 62
7
100
AcDbText
 10
270.93745728803356
 20
233.28499999999997
 30
0.0
 40
1.35
  1
P-BALC; M28
  7
GOST
 11
270.93745728803356
 21
233.28499999999997
 31
0.0
100
AcDbText
  0
LWPOLYLINE
  5
143
330
17
100
AcDbEntity
  8
TEXT
 62
7
370
15
100
AcDbPolyline
 90
2
 70
0
 10
345.930014340598
 20
235.63499999999996
 10
345.930014340598
 20
232.28499999999997
  0
TEXT
  5
144
330
17
100
AcDbEntity
  8
TEXT
 62
7
100
AcDbText
 10
346.730014340598
 20
233.28499999999997
 30
0.0
 40
1.35
  1
Ремонт
  7
GOST
 11
346.730014340598
 21
233.28499999999997
 31
0.0
100
AcDbText
  0
LWPOLYLINE
  5
145
330
17
100
AcDbEntity
  8
TEXT
 62
7
370
15
100
AcDbPolyline
 90
2
 70
0
 10
356.3681461678735
 20
235.63499999999996
 10
356.3681461678735
 20
232.28499999999997
  0
TEXT
  5
146
330
17
100
AcDbEntity
  8
TEXT
 62
7
100
AcDbText
 10
357.1681461678735
 20
233.28499999999997
 30
0.0
 40
1.35
  1
Э11
  7
GOST
 11
357.1681461678735
 21
233.28499999999997
 31
0.0
100
AcDbText
  0
LWPOLYLINE
  5
147
330
17
100
AcDbEntity
  8
TEXT
 62
7
370
15
100
AcDbPolyline
 90
2
 70
0
 10
370.23288423065344
 20
235.63499999999996
 10
370.23288423065344
 20
232.28499999999997
  0
LWPOLYLINE
  5
148
330
17
100
AcDbEntity
  8
TEXT
 62
7
370
15
100
AcDbPolyline
 90
2
 70
0
 10
413.0
 20
235.63499999999996
 10
413.0
 20
232.28499999999997
  0
LWPOLYLINE
  5
149
330
17
100
AcDbEntity
  8
TEXT
 62
7
370
15
100
AcDbPolyline
 90
4
 70
1
 10
22.0
 20
228.93499999999997
 10
413.0
 20
228.93499999999997
 10
413.0
 20
232.28499999999997
 10
22.0
 20
232.28499999999997
  0
LWPOLYLINE
  5
14A
330
17
100
AcDbEntity
  8
TEXT
 62
7
370
15
100
AcDbPolyline
 90
2
 70
0
 10
22.0
 20
232.28499999999997
 10
22.0
 20
228.93499999999997
  0
TEXT
  5
14B
330
17
100
AcDbEntity
  8
TEXT
 62
7
100
AcDbText
 10
22.8
 20
229.93499999999997
 30
0.0
 40
1.35
  1
6
  7
GOST
 11
22.8
 21
229.93499999999997
 31
0.0
100
AcDbText
  0
LWPOLYLINE
  5
14C
330
17
100
AcDbEntity
  8
TEXT
 62
7
370
15
100
AcDbPolyline
 90
2
 70
0
 10
28.232600959580758
 20
232.28499999999997
 10
28.232600959580758
 20
228.93499999999997
  0
TEXT
  5
14D
330
17
100
AcDbEntity
  8
TEXT
 62
7
100
AcDbText
 10
29.03260095958076
 20
229.93499999999997
 30
0.0
 40
1.35
  1
Керамогранит 60×60 «светлый камень» R10 ректификат (вход)
  7
GOST
 11
29.03260095958076
 21
229.93499999999997
 31
0.0
100
AcDbText
  0
LWPOLYLINE
  5
14E
330
17
100
AcDbEntity
  8
TEXT
 62
7
370
15
100
AcDbPolyline
 90
2
 70
0
 10
127.04888196448488
 20
232.28499999999997
 10
127.04888196448488
 20
228.93499999999997
  0
TEXT
  5
14F
330
17
100
AcDbEntity
  8
TEXT
 62
7
100
AcDbText
 10
127.84888196448487
 20
229.93499999999997
 30
0.0
 40
1.35
  1
Kerama Marazzi / Italon / Estima
  7
GOST
 11
127.84888196448487
 21
229.93499999999997
 31
0.0
100
AcDbText
  0
LWPOLYLINE
  5
150
330
17
100
AcDbEntity
  8
TEXT
 62
7
370
15
100
AcDbPolyline
 90
2
 70
0
 10
177.5634084591824
 20
232.28499999999997
 10
177.5634084591824
 20
228.93499999999997
  0
TEXT
  5
151
330
17
100
AcDbEntity
  8
TEXT
 62
7
100
AcDbText
 10
178.3634084591824
 20
229.93499999999997
 30
0.0
 40
1.35
  1
Kerama Marazzi
  7
GOST
 11
178.3634084591824
 21
229.93499999999997
 31
0.0
100
AcDbText
  0
LWPOLYLINE
  5
152
330
17
100
AcDbEntity
  8
TEXT
 62
7
370
15
100
AcDbPolyline
 90
2
 70
0
 10
203.07740382061857
 20
232.28499999999997
 10
203.07740382061857
 20
228.93499999999997
  0
TEXT
  5
153
330
17
100
AcDbEntity
  8
TEXT
 62
7
100
AcDbText
 10
203.87740382061858
 20
229.93499999999997
 30
0.0
 40
1.35
  1
2,88
  7
GOST
 11
203.87740382061858
 21
229.93499999999997
 31
0.0
100
AcDbText
  0
LWPOLYLINE
  5
154
330
17
100
AcDbEntity
  8
TEXT
 62
7
370
15
100
AcDbPolyline
 90
2
 70
0
 10
211.93511321990684
 20
232.28499999999997
 10
211.93511321990684
 20
228.93499999999997
  0
TEXT
  5
155
330
17
100
AcDbEntity
  8
TEXT
 62
7
100
AcDbText
 10
212.73511321990685
 20
229.93499999999997
 30
0.0
 40
1.35
  1
м²
  7
GOST
 11
212.73511321990685
 21
229.93499999999997
 31
0.0
100
AcDbText
  0
LWPOLYLINE
  5
156
330
17
100
AcDbEntity
  8
TEXT
 62
7
370
15
100
AcDbPolyline
 90
2
 70
0
 10
224.881875962679
 20
232.28499999999997
 10
224.881875962679
 20
228.93499999999997
  0
TEXT
  5
157
330
17
100
AcDbEntity
  8
TEXT
 62
7
100
AcDbText
 10
225.68187596267902
 20
229.93499999999997
 30
0.0
 40
1.35
  1
3 900
  7
GOST
 11
225.68187596267902
 21
229.93499999999997
 31
0.0
100
AcDbText
  0
LWPOLYLINE
  5
158
330
17
100
AcDbEntity
  8
TEXT
 62
7
370
15
100
AcDbPolyline
 90
2
 70
0
 10
243.00722341235414
 20
232.28499999999997
 10
243.00722341235414
 20
228.93499999999997
  0
TEXT
  5
159
330
17
100
AcDbEntity
  8
TEXT
 62
7
100
AcDbText
 10
243.80722341235415
 20
229.93499999999997
 30
0.0
 40
1.35
  1
11 232
  7
GOST
 11
243.80722341235415
 21
229.93499999999997
 31
0.0
100
AcDbText
  0
LWPOLYLINE
  5
15A
330
17
100
AcDbEntity
  8
TEXT
 62
7
370
15
100
AcDbPolyline
 90
2
 70
0
 10
254.1397057521732
 20
232.28499999999997
 10
254.1397057521732
 20
228.93499999999997
  0
TEXT
  5
15B
330
17
100
AcDbEntity
  8
TEXT
 62
7
100
AcDbText
 10
254.9397057521732
 20
229.93499999999997
 30
0.0
 40
1.35
  1
R4
  7
GOST
 11
254.9397057521732
 21
229.93499999999997
 31
0.0
100
AcDbText
  0
LWPOLYLINE
  5
15C
330
17
100
AcDbEntity
  8
TEXT
 62
7
370
15
100
AcDbPolyline
 90
2
 70
0
 10
270.13745728803354
 20
232.28499999999997
 10
270.13745728803354
 20
228.93499999999997
  0
TEXT
  5
15D
330
17
100
AcDbEntity
  8
TEXT
 62
7
100
AcDbText
 10
270.93745728803356
 20
229.93499999999997
 30
0.0
 40
1.35
  1
floors porcelain_60x60_hall; M16
  7
GOST
 11
270.93745728803356
 21
229.93499999999997
 31
0.0
100
AcDbText
  0
LWPOLYLINE
  5
15E
330
17
100
AcDbEntity
  8
TEXT
 62
7
370
15
100
AcDbPolyline
 90
2
 70
0
 10
345.930014340598
 20
232.28499999999997
 10
345.930014340598
 20
228.93499999999997
  0
TEXT
  5
15F
330
17
100
AcDbEntity
  8
TEXT
 62
7
100
AcDbText
 10
346.730014340598
 20
229.93499999999997
 30
0.0
 40
1.35
  1
Ремонт
  7
GOST
 11
346.730014340598
 21
229.93499999999997
 31
0.0
100
AcDbText
  0
LWPOLYLINE
  5
160
330
17
100
AcDbEntity
  8
TEXT
 62
7
370
15
100
AcDbPolyline
 90
2
 70
0
 10
356.3681461678735
 20
232.28499999999997
 10
356.3681461678735
 20
228.93499999999997
  0
TEXT
  5
161
330
17
100
AcDbEntity
  8
TEXT
 62
7
100
AcDbText
 10
357.1681461678735
 20
229.93499999999997
 30
0.0
 40
1.35
  1
Э08
  7
GOST
 11
357.1681461678735
 21
229.93499999999997
 31
0.0
100
AcDbText
  0
LWPOLYLINE
  5
162
330
17
100
AcDbEntity
  8
TEXT
 62
7
370
15
100
AcDbPolyline
 90
2
 70
0
 10
370.23288423065344
 20
232.28499999999997
 10
370.23288423065344
 20
228.93499999999997
  0
TEXT
  5
163
330
17
100
AcDbEntity
  8
TEXT
 62
7
100
AcDbText
 10
371.03288423065345
 20
229.93499999999997
 30
0.0
 40
1.35
  1
нетто 1.89 м² × 1.1 → упаковка 1.44 м²
  7
GOST
 11
371.03288423065345
 21
229.93499999999997
 31
0.0
100
AcDbText
  0
LWPOLYLINE
  5
164
330
17
100
AcDbEntity
  8
TEXT
 62
7
370
15
100
AcDbPolyline
 90
2
 70
0
 10
413.0
 20
232.28499999999997
 10
413.0
 20
228.93499999999997
  0
LWPOLYLINE
  5
165
330
17
100
AcDbEntity
  8
TEXT
 62
7
370
15
100
AcDbPolyline
 90
4
 70
1
 10
22.0
 20
225.58499999999998
 10
413.0
 20
225.58499999999998
 10
413.0
 20
228.93499999999997
 10
22.0
 20
228.93499999999997
  0
LWPOLYLINE
  5
166
330
17
100
AcDbEntity
  8
TEXT
 62
7
370
15
100
AcDbPolyline
 90
2
 70
0
 10
22.0
 20
228.93499999999997
 10
22.0
 20
225.58499999999998
  0
TEXT
  5
167
330
17
100
AcDbEntity
  8
TEXT
 62
7
100
AcDbText
 10
22.8
 20
226.58499999999998
 30
0.0
 40
1.35
  1
7
  7
GOST
 11
22.8
 21
226.58499999999998
 31
0.0
100
AcDbText
  0
LWPOLYLINE
  5
168
330
17
100
AcDbEntity
  8
TEXT
 62
7
370
15
100
AcDbPolyline
 90
2
 70
0
 10
28.232600959580758
 20
228.93499999999997
 10
28.232600959580758
 20
225.58499999999998
  0
TEXT
  5
169
330
17
100
AcDbEntity
  8
TEXT
 62
7
100
AcDbText
 10
29.03260095958076
 20
226.58499999999998
 30
0.0
 40
1.35
  1
Керамогранит 60×60 «светлый мрамор» R10 ректификат (ванная, постирочная)
  7
GOST
 11
29.03260095958076
 21
226.58499999999998
 31
0.0
100
AcDbText
  0
LWPOLYLINE
  5
16A
330
17
100
AcDbEntity
  8
TEXT
 62
7
370
15
100
AcDbPolyline
 90
2
 70
0
 10
127.04888196448488
 20
228.93499999999997
 10
127.04888196448488
 20
225.58499999999998
  0
TEXT
  5
16B
330
17
100
AcDbEntity
  8
TEXT
 62
7
100
AcDbText
 10
127.84888196448487
 20
226.58499999999998
 30
0.0
 40
1.35
  1
Italon Charme Evo / Kerama Marazzi
  7
GOST
 11
127.84888196448487
 21
226.58499999999998
 31
0.0
100
AcDbText
  0
LWPOLYLINE
  5
16C
330
17
100
AcDbEntity
  8
TEXT
 62
7
370
15
100
AcDbPolyline
 90
2
 70
0
 10
177.5634084591824
 20
228.93499999999997
 10
177.5634084591824
 20
225.58499999999998
  0
TEXT
  5
16D
330
17
100
AcDbEntity
  8
TEXT
 62
7
100
AcDbText
 10
178.3634084591824
 20
226.58499999999998
 30
0.0
 40
1.35
  1
Italon
  7
GOST
 11
178.3634084591824
 21
226.58499999999998
 31
0.0
100
AcDbText
  0
LWPOLYLINE
  5
16E
330
17
100
AcDbEntity
  8
TEXT
 62
7
370
15
100
AcDbPolyline
 90
2
 70
0
 10
203.07740382061857
 20
228.93499999999997
 10
203.07740382061857
 20
225.58499999999998
  0
TEXT
  5
16F
330
17
100
AcDbEntity
  8
TEXT
 62
7
100
AcDbText
 10
203.87740382061858
 20
226.58499999999998
 30
0.0
 40
1.35
  1
7,2
  7
GOST
 11
203.87740382061858
 21
226.58499999999998
 31
0.0
100
AcDbText
  0
LWPOLYLINE
  5
170
330
17
100
AcDbEntity
  8
TEXT
 62
7
370
15
100
AcDbPolyline
 90
2
 70
0
 10
211.93511321990684
 20
228.93499999999997
 10
211.93511321990684
 20
225.58499999999998
  0
TEXT
  5
171
330
17
100
AcDbEntity
  8
TEXT
 62
7
100
AcDbText
 10
212.73511321990685
 20
226.58499999999998
 30
0.0
 40
1.35
  1
м²
  7
GOST
 11
212.73511321990685
 21
226.58499999999998
 31
0.0
100
AcDbText
  0
LWPOLYLINE
  5
172
330
17
100
AcDbEntity
  8
TEXT
 62
7
370
15
100
AcDbPolyline
 90
2
 70
0
 10
224.881875962679
 20
228.93499999999997
 10
224.881875962679
 20
225.58499999999998
  0
TEXT
  5
173
330
17
100
AcDbEntity
  8
TEXT
 62
7
100
AcDbText
 10
225.68187596267902
 20
226.58499999999998
 30
0.0
 40
1.35
  1
4 500
  7
GOST
 11
225.68187596267902
 21
226.58499999999998
 31
0.0
100
AcDbText
  0
LWPOLYLINE
  5
174
330
17
100
AcDbEntity
  8
TEXT
 62
7
370
15
100
AcDbPolyline
 90
2
 70
0
 10
243.00722341235414
 20
228.93499999999997
 10
243.00722341235414
 20
225.58499999999998
  0
TEXT
  5
175
330
17
100
AcDbEntity
  8
TEXT
 62
7
100
AcDbText
 10
243.80722341235415
 20
226.58499999999998
 30
0.0
 40
1.35
  1
32 400
  7
GOST
 11
243.80722341235415
 21
226.58499999999998
 31
0.0
100
AcDbText
  0
LWPOLYLINE
  5
176
330
17
100
AcDbEntity
  8
TEXT
 62
7
370
15
100
AcDbPolyline
 90
2
 70
0
 10
254.1397057521732
 20
228.93499999999997
 10
254.1397057521732
 20
225.58499999999998
  0
TEXT
  5
177
330
17
100
AcDbEntity
  8
TEXT
 62
7
100
AcDbText
 10
254.9397057521732
 20
226.58499999999998
 30
0.0
 40
1.35
  1
R5, R6
  7
GOST
 11
254.9397057521732
 21
226.58499999999998
 31
0.0
100
AcDbText
  0
LWPOLYLINE
  5
178
330
17
100
AcDbEntity
  8
TEXT
 62
7
370
15
100
AcDbPolyline
 90
2
 70
0
 10
270.13745728803354
 20
228.93499999999997
 10
270.13745728803354
 20
225.58499999999998
  0
TEXT
  5
179
330
17
100
AcDbEntity
  8
TEXT
 62
7
100
AcDbText
 10
270.93745728803356
 20
226.58499999999998
 30
0.0
 40
1.35
  1
floors porcelain_60x60_bath + _laundry; M20, M25
  7
GOST
 11
270.93745728803356
 21
226.58499999999998
 31
0.0
100
AcDbText
  0
LWPOLYLINE
  5
17A
330
17
100
AcDbEntity
  8
TEXT
 62
7
370
15
100
AcDbPolyline
 90
2
 70
0
 10
345.930014340598
 20
228.93499999999997
 10
345.930014340598
 20
225.58499999999998
  0
TEXT
  5
17B
330
17
100
AcDbEntity
  8
TEXT
 62
7
100
AcDbText
 10
346.730014340598
 20
226.58499999999998
 30
0.0
 40
1.35
  1
Ремонт
  7
GOST
 11
346.730014340598
 21
226.58499999999998
 31
0.0
100
AcDbText
  0
LWPOLYLINE
  5
17C
330
17
100
AcDbEntity
  8
TEXT
 62
7
370
15
100
AcDbPolyline
 90
2
 70
0
 10
356.3681461678735
 20
228.93499999999997
 10
356.3681461678735
 20
225.58499999999998
  0
TEXT
  5
17D
330
17
100
AcDbEntity
  8
TEXT
 62
7
100
AcDbText
 10
357.1681461678735
 20
226.58499999999998
 30
0.0
 40
1.35
  1
Э08
  7
GOST
 11
357.1681461678735
 21
226.58499999999998
 31
0.0
100
AcDbText
  0
LWPOLYLINE
  5
17E
330
17
100
AcDbEntity
  8
TEXT
 62
7
370
15
100
AcDbPolyline
 90
2
 70
0
 10
370.23288423065344
 20
228.93499999999997
 10
370.23288423065344
 20
225.58499999999998
  0
TEXT
  5
17F
330
17
100
AcDbEntity
  8
TEXT
 62
7
100
AcDbText
 10
371.03288423065345
 20
226.58499999999998
 30
0.0
 40
1.35
  1
нетто 5.85 м² × 1.1 → упаковка 1.44 м²
  7
GOST
 11
371.03288423065345
 21
226.58499999999998
 31
0.0
100
AcDbText
  0
LWPOLYLINE
  5
180
330
17
100
AcDbEntity
  8
TEXT
 62
7
370
15
100
AcDbPolyline
 90
2
 70
0
 10
413.0
 20
228.93499999999997
 10
413.0
 20
225.58499999999998
  0
LWPOLYLINE
  5
181
330
17
100
AcDbEntity
  8
TEXT
 62
7
370
15
100
AcDbPolyline
 90
4
 70
1
 10
22.0
 20
222.23499999999999
 10
413.0
 20
222.23499999999999
 10
413.0
 20
225.58499999999998
 10
22.0
 20
225.58499999999998
  0
LWPOLYLINE
  5
182
330
17
100
AcDbEntity
  8
TEXT
 62
7
370
15
100
AcDbPolyline
 90
2
 70
0
 10
22.0
 20
225.58499999999998
 10
22.0
 20
222.23499999999999
  0
TEXT
  5
183
330
17
100
AcDbEntity
  8
TEXT
 62
7
100
AcDbText
 10
22.8
 20
223.23499999999999
 30
0.0
 40
1.35
  1
8
  7
GOST
 11
22.8
 21
223.23499999999999
 31
0.0
100
AcDbText
  0
LWPOLYLINE
  5
184
330
17
100
AcDbEntity
  8
TEXT
 62
7
370
15
100
AcDbPolyline
 90
2
 70
0
 10
28.232600959580758
 20
225.58499999999998
 10
28.232600959580758
 20
222.23499999999999
  0
TEXT
  5
185
330
17
100
AcDbEntity
  8
TEXT
 62
7
100
AcDbText
 10
29.03260095958076
 20
223.23499999999999
 30
0.0
 40
1.35
  1
Керамогранит 60×120 «светлый мрамор» R10/B (пол душа, уклон к трапу)
  7
GOST
 11
29.03260095958076
 21
223.23499999999999
 31
0.0
100
AcDbText
  0
LWPOLYLINE
  5
186
330
17
100
AcDbEntity
  8
TEXT
 62
7
370
15
100
AcDbPolyline
 90
2
 70
0
 10
127.04888196448488
 20
225.58499999999998
 10
127.04888196448488
 20
222.23499999999999
  0
TEXT
  5
187
330
17
100
AcDbEntity
  8
TEXT
 62
7
100
AcDbText
 10
127.84888196448487
 20
223.23499999999999
 30
0.0
 40
1.35
  1
Italon Charme Evo (структ.)
  7
GOST
 11
127.84888196448487
 21
223.23499999999999
 31
0.0
100
AcDbText
  0
LWPOLYLINE
  5
188
330
17
100
AcDbEntity
  8
TEXT
 62
7
370
15
100
AcDbPolyline
 90
2
 70
0
 10
177.5634084591824
 20
225.58499999999998
 10
177.5634084591824
 20
222.23499999999999
  0
TEXT
  5
189
330
17
100
AcDbEntity
  8
TEXT
 62
7
100
AcDbText
 10
178.3634084591824
 20
223.23499999999999
 30
0.0
 40
1.35
  1
Italon
  7
GOST
 11
178.3634084591824
 21
223.23499999999999
 31
0.0
100
AcDbText
  0
LWPOLYLINE
  5
18A
330
17
100
AcDbEntity
  8
TEXT
 62
7
370
15
100
AcDbPolyline
 90
2
 70
0
 10
203.07740382061857
 20
225.58499999999998
 10
203.07740382061857
 20
222.23499999999999
  0
TEXT
  5
18B
330
17
100
AcDbEntity
  8
TEXT
 62
7
100
AcDbText
 10
203.87740382061858
 20
223.23499999999999
 30
0.0
 40
1.35
  1
1,44
  7
GOST
 11
203.87740382061858
 21
223.23499999999999
 31
0.0
100
AcDbText
  0
LWPOLYLINE
  5
18C
330
17
100
AcDbEntity
  8
TEXT
 62
7
370
15
100
AcDbPolyline
 90
2
 70
0
 10
211.93511321990684
 20
225.58499999999998
 10
211.93511321990684
 20
222.23499999999999
  0
TEXT
  5
18D
330
17
100
AcDbEntity
  8
TEXT
 62
7
100
AcDbText
 10
212.73511321990685
 20
223.23499999999999
 30
0.0
 40
1.35
  1
м²
  7
GOST
 11
212.73511321990685
 21
223.23499999999999
 31
0.0
100
AcDbText
  0
LWPOLYLINE
  5
18E
330
17
100
AcDbEntity
  8
TEXT
 62
7
370
15
100
AcDbPolyline
 90
2
 70
0
 10
224.881875962679
 20
225.58499999999998
 10
224.881875962679
 20
222.23499999999999
  0
TEXT
  5
18F
330
17
100
AcDbEntity
  8
TEXT
 62
7
100
AcDbText
 10
225.68187596267902
 20
223.23499999999999
 30
0.0
 40
1.35
  1
5 900
  7
GOST
 11
225.68187596267902
 21
223.23499999999999
 31
0.0
100
AcDbText
  0
LWPOLYLINE
  5
190
330
17
100
AcDbEntity
  8
TEXT
 62
7
370
15
100
AcDbPolyline
 90
2
 70
0
 10
243.00722341235414
 20
225.58499999999998
 10
243.00722341235414
 20
222.23499999999999
  0
TEXT
  5
191
330
17
100
AcDbEntity
  8
TEXT
 62
7
100
AcDbText
 10
243.80722341235415
 20
223.23499999999999
 30
0.0
 40
1.35
  1
8 496
  7
GOST
 11
243.80722341235415
 21
223.23499999999999
 31
0.0
100
AcDbText
  0
LWPOLYLINE
  5
192
330
17
100
AcDbEntity
  8
TEXT
 62
7
370
15
100
AcDbPolyline
 90
2
 70
0
 10
254.1397057521732
 20
225.58499999999998
 10
254.1397057521732
 20
222.23499999999999
  0
TEXT
  5
193
330
17
100
AcDbEntity
  8
TEXT
 62
7
100
AcDbText
 10
254.9397057521732
 20
223.23499999999999
 30
0.0
 40
1.35
  1
R5
  7
GOST
 11
254.9397057521732
 21
223.23499999999999
 31
0.0
100
AcDbText
  0
LWPOLYLINE
  5
194
330
17
100
AcDbEntity
  8
TEXT
 62
7
370
15
100
AcDbPolyline
 90
2
 70
0
 10
270.13745728803354
 20
225.58499999999998
 10
270.13745728803354
 20
222.23499999999999
  0
TEXT
  5
195
330
17
100
AcDbEntity
  8
TEXT
 62
7
100
AcDbText
 10
270.93745728803356
 20
223.23499999999999
 30
0.0
 40
1.35
  1
floors porcelain_60x120_shower_R10B; M20
  7
GOST
 11
270.93745728803356
 21
223.23499999999999
 31
0.0
100
AcDbText
  0
LWPOLYLINE
  5
196
330
17
100
AcDbEntity
  8
TEXT
 62
7
370
15
100
AcDbPolyline
 90
2
 70
0
 10
345.930014340598
 20
225.58499999999998
 10
345.930014340598
 20
222.23499999999999
  0
TEXT
  5
197
330
17
100
AcDbEntity
  8
TEXT
 62
7
100
AcDbText
 10
346.730014340598
 20
223.23499999999999
 30
0.0
 40
1.35
  1
Ремонт
  7
GOST
 11
346.730014340598
 21
223.23499999999999
 31
0.0
100
AcDbText
  0
LWPOLYLINE
  5
198
330
17
100
AcDbEntity
  8
TEXT
 62
7
370
15
100
AcDbPolyline
 90
2
 70
0
 10
356.3681461678735
 20
225.58499999999998
 10
356.3681461678735
 20
222.23499999999999
  0
TEXT
  5
199
330
17
100
AcDbEntity
  8
TEXT
 62
7
100
AcDbText
 10
357.1681461678735
 20
223.23499999999999
 30
0.0
 40
1.35
  1
Э08
  7
GOST
 11
357.1681461678735
 21
223.23499999999999
 31
0.0
100
AcDbText
  0
LWPOLYLINE
  5
19A
330
17
100
AcDbEntity
  8
TEXT
 62
7
370
15
100
AcDbPolyline
 90
2
 70
0
 10
370.23288423065344
 20
225.58499999999998
 10
370.23288423065344
 20
222.23499999999999
  0
TEXT
  5
19B
330
17
100
AcDbEntity
  8
TEXT
 62
7
100
AcDbText
 10
371.03288423065345
 20
223.23499999999999
 30
0.0
 40
1.35
  1
нетто 0.71 м² × 1.15 → упаковка 1.44 м²
  7
GOST
 11
371.03288423065345
 21
223.23499999999999
 31
0.0
100
AcDbText
  0
LWPOLYLINE
  5
19C
330
17
100
AcDbEntity
  8
TEXT
 62
7
370
15
100
AcDbPolyline
 90
2
 70
0
 10
413.0
 20
225.58499999999998
 10
413.0
 20
222.23499999999999
  0
LWPOLYLINE
  5
19D
330
17
100
AcDbEntity
  8
TEXT
 62
7
370
15
100
AcDbPolyline
 90
4
 70
1
 10
22.0
 20
216.92749999999998
 10
413.0
 20
216.92749999999998
 10
413.0
 20
222.23499999999999
 10
22.0
 20
222.23499999999999
  0
LWPOLYLINE
  5
19E
330
17
100
AcDbEntity
  8
TEXT
 62
7
370
15
100
AcDbPolyline
 90
2
 70
0
 10
22.0
 20
222.23499999999999
 10
22.0
 20
216.92749999999998
  0
TEXT
  5
19F
330
17
100
AcDbEntity
  8
TEXT
 62
7
100
AcDbText
 10
22.8
 20
219.885
 30
0.0
 40
1.35
  1
9
  7
GOST
 11
22.8
 21
219.885
 31
0.0
100
AcDbText
  0
LWPOLYLINE
  5
1A0
330
17
100
AcDbEntity
  8
TEXT
 62
7
370
15
100
AcDbPolyline
 90
2
 70
0
 10
28.232600959580758
 20
222.23499999999999
 10
28.232600959580758
 20
216.92749999999998
  0
TEXT
  5
1A1
330
17
100
AcDbEntity
  8
TEXT
 62
7
100
AcDbText
 10
29.03260095958076
 20
219.885
 30
0.0
 40
1.35
  1
Керамогранит 60×120 «светлый мрамор» матовый — стены ванной (мокрые зоны до потолка +
  7
GOST
 11
29.03260095958076
 21
219.885
 31
0.0
100
AcDbText
  0
TEXT
  5
1A2
330
17
100
AcDbEntity
  8
TEXT
 62
7
100
AcDbText
 10
29.03260095958076
 20
217.92749999999998
 30
0.0
 40
1.35
  1
до +1280) и фартук кухни
  7
GOST
 11
29.03260095958076
 21
217.92749999999998
 31
0.0
100
AcDbText
  0
LWPOLYLINE
  5
1A3
330
17
100
AcDbEntity
  8
TEXT
 62
7
370
15
100
AcDbPolyline
 90
2
 70
0
 10
127.04888196448488
 20
222.23499999999999
 10
127.04888196448488
 20
216.92749999999998
  0
TEXT
  5
1A4
330
17
100
AcDbEntity
  8
TEXT
 62
7
100
AcDbText
 10
127.84888196448487
 20
219.885
 30
0.0
 40
1.35
  1
Italon Charme Evo / Kerama Marazzi
  7
GOST
 11
127.84888196448487
 21
219.885
 31
0.0
100
AcDbText
  0
LWPOLYLINE
  5
1A5
330
17
100
AcDbEntity
  8
TEXT
 62
7
370
15
100
AcDbPolyline
 90
2
 70
0
 10
177.5634084591824
 20
222.23499999999999
 10
177.5634084591824
 20
216.92749999999998
  0
TEXT
  5
1A6
330
17
100
AcDbEntity
  8
TEXT
 62
7
100
AcDbText
 10
178.3634084591824
 20
219.885
 30
0.0
 40
1.35
  1
Italon
  7
GOST
 11
178.3634084591824
 21
219.885
 31
0.0
100
AcDbText
  0
LWPOLYLINE
  5
1A7
330
17
100
AcDbEntity
  8
TEXT
 62
7
370
15
100
AcDbPolyline
 90
2
 70
0
 10
203.07740382061857
 20
222.23499999999999
 10
203.07740382061857
 20
216.92749999999998
  0
TEXT
  5
1A8
330
17
100
AcDbEntity
  8
TEXT
 62
7
100
AcDbText
 10
203.87740382061858
 20
219.885
 30
0.0
 40
1.35
  1
21,6
  7
GOST
 11
203.87740382061858
 21
219.885
 31
0.0
100
AcDbText
  0
LWPOLYLINE
  5
1A9
330
17
100
AcDbEntity
  8
TEXT
 62
7
370
15
100
AcDbPolyline
 90
2
 70
0
 10
211.93511321990684
 20
222.23499999999999
 10
211.93511321990684
 20
216.92749999999998
  0
TEXT
  5
1AA
330
17
100
AcDbEntity
  8
TEXT
 62
7
100
AcDbText
 10
212.73511321990685
 20
219.885
 30
0.0
 40
1.35
  1
м²
  7
GOST
 11
212.73511321990685
 21
219.885
 31
0.0
100
AcDbText
  0
LWPOLYLINE
  5
1AB
330
17
100
AcDbEntity
  8
TEXT
 62
7
370
15
100
AcDbPolyline
 90
2
 70
0
 10
224.881875962679
 20
222.23499999999999
 10
224.881875962679
 20
216.92749999999998
  0
TEXT
  5
1AC
330
17
100
AcDbEntity
  8
TEXT
 62
7
100
AcDbText
 10
225.68187596267902
 20
219.885
 30
0.0
 40
1.35
  1
5 600
  7
GOST
 11
225.68187596267902
 21
219.885
 31
0.0
100
AcDbText
  0
LWPOLYLINE
  5
1AD
330
17
100
AcDbEntity
  8
TEXT
 62
7
370
15
100
AcDbPolyline
 90
2
 70
0
 10
243.00722341235414
 20
222.23499999999999
 10
243.00722341235414
 20
216.92749999999998
  0
TEXT
  5
1AE
330
17
100
AcDbEntity
  8
TEXT
 62
7
100
AcDbText
 10
243.80722341235415
 20
219.885
 30
0.0
 40
1.35
  1
120 960
  7
GOST
 11
243.80722341235415
 21
219.885
 31
0.0
100
AcDbText
  0
LWPOLYLINE
  5
1AF
330
17
100
AcDbEntity
  8
TEXT
 62
7
370
15
100
AcDbPolyline
 90
2
 70
0
 10
254.1397057521732
 20
222.23499999999999
 10
254.1397057521732
 20
216.92749999999998
  0
TEXT
  5
1B0
330
17
100
AcDbEntity
  8
TEXT
 62
7
100
AcDbText
 10
254.9397057521732
 20
219.885
 30
0.0
 40
1.35
  1
R5, R3
  7
GOST
 11
254.9397057521732
 21
219.885
 31
0.0
100
AcDbText
  0
LWPOLYLINE
  5
1B1
330
17
100
AcDbEntity
  8
TEXT
 62
7
370
15
100
AcDbPolyline
 90
2
 70
0
 10
270.13745728803354
 20
222.23499999999999
 10
270.13745728803354
 20
216.92749999999998
  0
TEXT
  5
1B2
330
17
100
AcDbEntity
  8
TEXT
 62
7
100
AcDbText
 10
270.93745728803356
 20
219.885
 30
0.0
 40
1.35
  1
walls tile_wet + tile_dry + tile_apron_porcelain; M21, M13; АР-13, АР-11
  7
GOST
 11
270.93745728803356
 21
219.885
 31
0.0
100
AcDbText
  0
LWPOLYLINE
  5
1B3
330
17
100
AcDbEntity
  8
TEXT
 62
7
370
15
100
AcDbPolyline
 90
2
 70
0
 10
345.930014340598
 20
222.23499999999999
 10
345.930014340598
 20
216.92749999999998
  0
TEXT
  5
1B4
330
17
100
AcDbEntity
  8
TEXT
 62
7
100
AcDbText
 10
346.730014340598
 20
219.885
 30
0.0
 40
1.35
  1
Ремонт
  7
GOST
 11
346.730014340598
 21
219.885
 31
0.0
100
AcDbText
  0
LWPOLYLINE
  5
1B5
330
17
100
AcDbEntity
  8
TEXT
 62
7
370
15
100
AcDbPolyline
 90
2
 70
0
 10
356.3681461678735
 20
222.23499999999999
 10
356.3681461678735
 20
216.92749999999998
  0
TEXT
  5
1B6
330
17
100
AcDbEntity
  8
TEXT
 62
7
100
AcDbText
 10
357.1681461678735
 20
219.885
 30
0.0
 40
1.35
  1
Э08
  7
GOST
 11
357.1681461678735
 21
219.885
 31
0.0
100
AcDbText
  0
LWPOLYLINE
  5
1B7
330
17
100
AcDbEntity
  8
TEXT
 62
7
370
15
100
AcDbPolyline
 90
2
 70
0
 10
370.23288423065344
 20
222.23499999999999
 10
370.23288423065344
 20
216.92749999999998
  0
TEXT
  5
1B8
330
17
100
AcDbEntity
  8
TEXT
 62
7
100
AcDbText
 10
371.03288423065345
 20
219.885
 30
0.0
 40
1.35
  1
нетто 18.3 м² × 1.15 → упаковка 1.44 м²
  7
GOST
 11
371.03288423065345
 21
219.885
 31
0.0
100
AcDbText
  0
LWPOLYLINE
  5
1B9
330
17
100
AcDbEntity
  8
TEXT
 62
7
370
15
100
AcDbPolyline
 90
2
 70
0
 10
413.0
 20
222.23499999999999
 10
413.0
 20
216.92749999999998
  0
LWPOLYLINE
  5
1BA
330
17
100
AcDbEntity
  8
TEXT
 62
7
370
15
100
AcDbPolyline
 90
4
 70
1
 10
22.0
 20
213.5775
 10
413.0
 20
213.5775
 10
413.0
 20
216.92749999999998
 10
22.0
 20
216.92749999999998
  0
LWPOLYLINE
  5
1BB
330
17
100
AcDbEntity
  8
TEXT
 62
7
370
15
100
AcDbPolyline
 90
2
 70
0
 10
22.0
 20
216.92749999999998
 10
22.0
 20
213.5775
  0
TEXT
  5
1BC
330
17
100
AcDbEntity
  8
TEXT
 62
7
100
AcDbText
 10
22.8
 20
214.5775
 30
0.0
 40
1.35
  1
10
  7
GOST
 11
22.8
 21
214.5775
 31
0.0
100
AcDbText
  0
LWPOLYLINE
  5
1BD
330
17
100
AcDbEntity
  8
TEXT
 62
7
370
15
100
AcDbPolyline
 90
2
 70
0
 10
28.232600959580758
 20
216.92749999999998
 10
28.232600959580758
 20
213.5775
  0
TEXT
  5
1BE
330
17
100
AcDbEntity
  8
TEXT
 62
7
100
AcDbText
 10
29.03260095958076
 20
214.5775
 30
0.0
 40
1.35
  1
Плитка «кабанчик» матовая (фартук хозмойки)
  7
GOST
 11
29.03260095958076
 21
214.5775
 31
0.0
100
AcDbText
  0
LWPOLYLINE
  5
1BF
330
17
100
AcDbEntity
  8
TEXT
 62
7
370
15
100
AcDbPolyline
 90
2
 70
0
 10
127.04888196448488
 20
216.92749999999998
 10
127.04888196448488
 20
213.5775
  0
TEXT
  5
1C0
330
17
100
AcDbEntity
  8
TEXT
 62
7
100
AcDbText
 10
127.84888196448487
 20
214.5775
 30
0.0
 40
1.35
  1
Kerama Marazzi «Метро» / Estima
  7
GOST
 11
127.84888196448487
 21
214.5775
 31
0.0
100
AcDbText
  0
LWPOLYLINE
  5
1C1
330
17
100
AcDbEntity
  8
TEXT
 62
7
370
15
100
AcDbPolyline
 90
2
 70
0
 10
177.5634084591824
 20
216.92749999999998
 10
177.5634084591824
 20
213.5775
  0
TEXT
  5
1C2
330
17
100
AcDbEntity
  8
TEXT
 62
7
100
AcDbText
 10
178.3634084591824
 20
214.5775
 30
0.0
 40
1.35
  1
Kerama Marazzi
  7
GOST
 11
178.3634084591824
 21
214.5775
 31
0.0
100
AcDbText
  0
LWPOLYLINE
  5
1C3
330
17
100
AcDbEntity
  8
TEXT
 62
7
370
15
100
AcDbPolyline
 90
2
 70
0
 10
203.07740382061857
 20
216.92749999999998
 10
203.07740382061857
 20
213.5775
  0
TEXT
  5
1C4
330
17
100
AcDbEntity
  8
TEXT
 62
7
100
AcDbText
 10
203.87740382061858
 20
214.5775
 30
0.0
 40
1.35
  1
1
  7
GOST
 11
203.87740382061858
 21
214.5775
 31
0.0
100
AcDbText
  0
LWPOLYLINE
  5
1C5
330
17
100
AcDbEntity
  8
TEXT
 62
7
370
15
100
AcDbPolyline
 90
2
 70
0
 10
211.93511321990684
 20
216.92749999999998
 10
211.93511321990684
 20
213.5775
  0
TEXT
  5
1C6
330
17
100
AcDbEntity
  8
TEXT
 62
7
100
AcDbText
 10
212.73511321990685
 20
214.5775
 30
0.0
 40
1.35
  1
м²
  7
GOST
 11
212.73511321990685
 21
214.5775
 31
0.0
100
AcDbText
  0
LWPOLYLINE
  5
1C7
330
17
100
AcDbEntity
  8
TEXT
 62
7
370
15
100
AcDbPolyline
 90
2
 70
0
 10
224.881875962679
 20
216.92749999999998
 10
224.881875962679
 20
213.5775
  0
TEXT
  5
1C8
330
17
100
AcDbEntity
  8
TEXT
 62
7
100
AcDbText
 10
225.68187596267902
 20
214.5775
 30
0.0
 40
1.35
  1
2 600
  7
GOST
 11
225.68187596267902
 21
214.5775
 31
0.0
100
AcDbText
  0
LWPOLYLINE
  5
1C9
330
17
100
AcDbEntity
  8
TEXT
 62
7
370
15
100
AcDbPolyline
 90
2
 70
0
 10
243.00722341235414
 20
216.92749999999998
 10
243.00722341235414
 20
213.5775
  0
TEXT
  5
1CA
330
17
100
AcDbEntity
  8
TEXT
 62
7
100
AcDbText
 10
243.80722341235415
 20
214.5775
 30
0.0
 40
1.35
  1
2 600
  7
GOST
 11
243.80722341235415
 21
214.5775
 31
0.0
100
AcDbText
  0
LWPOLYLINE
  5
1CB
330
17
100
AcDbEntity
  8
TEXT
 62
7
370
15
100
AcDbPolyline
 90
2
 70
0
 10
254.1397057521732
 20
216.92749999999998
 10
254.1397057521732
 20
213.5775
  0
TEXT
  5
1CC
330
17
100
AcDbEntity
  8
TEXT
 62
7
100
AcDbText
 10
254.9397057521732
 20
214.5775
 30
0.0
 40
1.35
  1
R6
  7
GOST
 11
254.9397057521732
 21
214.5775
 31
0.0
100
AcDbText
  0
LWPOLYLINE
  5
1CD
330
17
100
AcDbEntity
  8
TEXT
 62
7
370
15
100
AcDbPolyline
 90
2
 70
0
 10
270.13745728803354
 20
216.92749999999998
 10
270.13745728803354
 20
213.5775
  0
TEXT
  5
1CE
330
17
100
AcDbEntity
  8
TEXT
 62
7
100
AcDbText
 10
270.93745728803356
 20
214.5775
 30
0.0
 40
1.35
  1
walls tile_apron; M27; АР-14
  7
GOST
 11
270.93745728803356
 21
214.5775
 31
0.0
100
AcDbText
  0
LWPOLYLINE
  5
1CF
330
17
100
AcDbEntity
  8
TEXT
 62
7
370
15
100
AcDbPolyline
 90
2
 70
0
 10
345.930014340598
 20
216.92749999999998
 10
345.930014340598
 20
213.5775
  0
TEXT
  5
1D0
330
17
100
AcDbEntity
  8
TEXT
 62
7
100
AcDbText
 10
346.730014340598
 20
214.5775
 30
0.0
 40
1.35
  1
Ремонт
  7
GOST
 11
346.730014340598
 21
214.5775
 31
0.0
100
AcDbText
  0
LWPOLYLINE
  5
1D1
330
17
100
AcDbEntity
  8
TEXT
 62
7
370
15
100
AcDbPolyline
 90
2
 70
0
 10
356.3681461678735
 20
216.92749999999998
 10
356.3681461678735
 20
213.5775
  0
TEXT
  5
1D2
330
17
100
AcDbEntity
  8
TEXT
 62
7
100
AcDbText
 10
357.1681461678735
 20
214.5775
 30
0.0
 40
1.35
  1
Э08
  7
GOST
 11
357.1681461678735
 21
214.5775
 31
0.0
100
AcDbText
  0
LWPOLYLINE
  5
1D3
330
17
100
AcDbEntity
  8
TEXT
 62
7
370
15
100
AcDbPolyline
 90
2
 70
0
 10
370.23288423065344
 20
216.92749999999998
 10
370.23288423065344
 20
213.5775
  0
TEXT
  5
1D4
330
17
100
AcDbEntity
  8
TEXT
 62
7
100
AcDbText
 10
371.03288423065345
 20
214.5775
 30
0.0
 40
1.35
  1
нетто 0.77 м² × 1.1 → упаковка 1.0 м²
  7
GOST
 11
371.03288423065345
 21
214.5775
 31
0.0
100
AcDbText
  0
LWPOLYLINE
  5
1D5
330
17
100
AcDbEntity
  8
TEXT
 62
7
370
15
100
AcDbPolyline
 90
2
 70
0
 10
413.0
 20
216.92749999999998
 10
413.0
 20
213.5775
  0
LWPOLYLINE
  5
1D6
330
17
100
AcDbEntity
  8
TEXT
 62
7
370
15
100
AcDbPolyline
 90
4
 70
1
 10
22.0
 20
210.2275
 10
413.0
 20
210.2275
 10
413.0
 20
213.5775
 10
22.0
 20
213.5775
  0
LWPOLYLINE
  5
1D7
330
17
100
AcDbEntity
  8
TEXT
 62
7
370
15
100
AcDbPolyline
 90
2
 70
0
 10
22.0
 20
213.5775
 10
22.0
 20
210.2275
  0
TEXT
  5
1D8
330
17
100
AcDbEntity
  8
TEXT
 62
7
100
AcDbText
 10
22.8
 20
211.2275
 30
0.0
 40
1.35
  1
11
  7
GOST
 11
22.8
 21
211.2275
 31
0.0
100
AcDbText
  0
LWPOLYLINE
  5
1D9
330
17
100
AcDbEntity
  8
TEXT
 62
7
370
15
100
AcDbPolyline
 90
2
 70
0
 10
28.232600959580758
 20
213.5775
 10
28.232600959580758
 20
210.2275
  0
TEXT
  5
1DA
330
17
100
AcDbEntity
  8
TEXT
 62
7
100
AcDbText
 10
29.03260095958076
 20
211.2275
 30
0.0
 40
1.35
  1
Клей плиточный C2TE S1 для ТП и крупного формата (пол 7 кг/м², стены 6 кг/м²)
  7
GOST
 11
29.03260095958076
 21
211.2275
 31
0.0
100
AcDbText
  0
LWPOLYLINE
  5
1DB
330
17
100
AcDbEntity
  8
TEXT
 62
7
370
15
100
AcDbPolyline
 90
2
 70
0
 10
127.04888196448488
 20
213.5775
 10
127.04888196448488
 20
210.2275
  0
TEXT
  5
1DC
330
17
100
AcDbEntity
  8
TEXT
 62
7
100
AcDbText
 10
127.84888196448487
 20
211.2275
 30
0.0
 40
1.35
  1
Litokol Hyperflex K100 / Ceresit CM 17
  7
GOST
 11
127.84888196448487
 21
211.2275
 31
0.0
100
AcDbText
  0
LWPOLYLINE
  5
1DD
330
17
100
AcDbEntity
  8
TEXT
 62
7
370
15
100
AcDbPolyline
 90
2
 70
0
 10
177.5634084591824
 20
213.5775
 10
177.5634084591824
 20
210.2275
  0
TEXT
  5
1DE
330
17
100
AcDbEntity
  8
TEXT
 62
7
100
AcDbText
 10
178.3634084591824
 20
211.2275
 30
0.0
 40
1.35
  1
Litokol
  7
GOST
 11
178.3634084591824
 21
211.2275
 31
0.0
100
AcDbText
  0
LWPOLYLINE
  5
1DF
330
17
100
AcDbEntity
  8
TEXT
 62
7
370
15
100
AcDbPolyline
 90
2
 70
0
 10
203.07740382061857
 20
213.5775
 10
203.07740382061857
 20
210.2275
  0
TEXT
  5
1E0
330
17
100
AcDbEntity
  8
TEXT
 62
7
100
AcDbText
 10
203.87740382061858
 20
211.2275
 30
0.0
 40
1.35
  1
7
  7
GOST
 11
203.87740382061858
 21
211.2275
 31
0.0
100
AcDbText
  0
LWPOLYLINE
  5
1E1
330
17
100
AcDbEntity
  8
TEXT
 62
7
370
15
100
AcDbPolyline
 90
2
 70
0
 10
211.93511321990684
 20
213.5775
 10
211.93511321990684
 20
210.2275
  0
TEXT
  5
1E2
330
17
100
AcDbEntity
  8
TEXT
 62
7
100
AcDbText
 10
212.73511321990685
 20
211.2275
 30
0.0
 40
1.35
  1
меш. 25 кг
  7
GOST
 11
212.73511321990685
 21
211.2275
 31
0.0
100
AcDbText
  0
LWPOLYLINE
  5
1E3
330
17
100
AcDbEntity
  8
TEXT
 62
7
370
15
100
AcDbPolyline
 90
2
 70
0
 10
224.881875962679
 20
213.5775
 10
224.881875962679
 20
210.2275
  0
TEXT
  5
1E4
330
17
100
AcDbEntity
  8
TEXT
 62
7
100
AcDbText
 10
225.68187596267902
 20
211.2275
 30
0.0
 40
1.35
  1
1 250
  7
GOST
 11
225.68187596267902
 21
211.2275
 31
0.0
100
AcDbText
  0
LWPOLYLINE
  5
1E5
330
17
100
AcDbEntity
  8
TEXT
 62
7
370
15
100
AcDbPolyline
 90
2
 70
0
 10
243.00722341235414
 20
213.5775
 10
243.00722341235414
 20
210.2275
  0
TEXT
  5
1E6
330
17
100
AcDbEntity
  8
TEXT
 62
7
100
AcDbText
 10
243.80722341235415
 20
211.2275
 30
0.0
 40
1.35
  1
8 750
  7
GOST
 11
243.80722341235415
 21
211.2275
 31
0.0
100
AcDbText
  0
LWPOLYLINE
  5
1E7
330
17
100
AcDbEntity
  8
TEXT
 62
7
370
15
100
AcDbPolyline
 90
2
 70
0
 10
254.1397057521732
 20
213.5775
 10
254.1397057521732
 20
210.2275
  0
TEXT
  5
1E8
330
17
100
AcDbEntity
  8
TEXT
 62
7
100
AcDbText
 10
254.9397057521732
 20
211.2275
 30
0.0
 40
1.35
  1
R3–R6
  7
GOST
 11
254.9397057521732
 21
211.2275
 31
0.0
100
AcDbText
  0
LWPOLYLINE
  5
1E9
330
17
100
AcDbEntity
  8
TEXT
 62
7
370
15
100
AcDbPolyline
 90
2
 70
0
 10
270.13745728803354
 20
213.5775
 10
270.13745728803354
 20
210.2275
  0
TEXT
  5
1EA
330
17
100
AcDbEntity
  8
TEXT
 62
7
100
AcDbText
 10
270.93745728803356
 20
211.2275
 30
0.0
 40
1.35
  1
floors/walls tile_*
  7
GOST
 11
270.93745728803356
 21
211.2275
 31
0.0
100
AcDbText
  0
LWPOLYLINE
  5
1EB
330
17
100
AcDbEntity
  8
TEXT
 62
7
370
15
100
AcDbPolyline
 90
2
 70
0
 10
345.930014340598
 20
213.5775
 10
345.930014340598
 20
210.2275
  0
TEXT
  5
1EC
330
17
100
AcDbEntity
  8
TEXT
 62
7
100
AcDbText
 10
346.730014340598
 20
211.2275
 30
0.0
 40
1.35
  1
Ремонт
  7
GOST
 11
346.730014340598
 21
211.2275
 31
0.0
100
AcDbText
  0
LWPOLYLINE
  5
1ED
330
17
100
AcDbEntity
  8
TEXT
 62
7
370
15
100
AcDbPolyline
 90
2
 70
0
 10
356.3681461678735
 20
213.5775
 10
356.3681461678735
 20
210.2275
  0
TEXT
  5
1EE
330
17
100
AcDbEntity
  8
TEXT
 62
7
100
AcDbText
 10
357.1681461678735
 20
211.2275
 30
0.0
 40
1.35
  1
Э08
  7
GOST
 11
357.1681461678735
 21
211.2275
 31
0.0
100
AcDbText
  0
LWPOLYLINE
  5
1EF
330
17
100
AcDbEntity
  8
TEXT
 62
7
370
15
100
AcDbPolyline
 90
2
 70
0
 10
370.23288423065344
 20
213.5775
 10
370.23288423065344
 20
210.2275
  0
LWPOLYLINE
  5
1F0
330
17
100
AcDbEntity
  8
TEXT
 62
7
370
15
100
AcDbPolyline
 90
2
 70
0
 10
413.0
 20
213.5775
 10
413.0
 20
210.2275
  0
LWPOLYLINE
  5
1F1
330
17
100
AcDbEntity
  8
TEXT
 62
7
370
15
100
AcDbPolyline
 90
4
 70
1
 10
22.0
 20
206.8775
 10
413.0
 20
206.8775
 10
413.0
 20
210.2275
 10
22.0
 20
210.2275
  0
LWPOLYLINE
  5
1F2
330
17
100
AcDbEntity
  8
TEXT
 62
7
370
15
100
AcDbPolyline
 90
2
 70
0
 10
22.0
 20
210.2275
 10
22.0
 20
206.8775
  0
TEXT
  5
1F3
330
17
100
AcDbEntity
  8
TEXT
 62
7
100
AcDbText
 10
22.8
 20
207.8775
 30
0.0
 40
1.35
  1
12
  7
GOST
 11
22.8
 21
207.8775
 31
0.0
100
AcDbText
  0
LWPOLYLINE
  5
1F4
330
17
100
AcDbEntity
  8
TEXT
 62
7
370
15
100
AcDbPolyline
 90
2
 70
0
 10
28.232600959580758
 20
210.2275
 10
28.232600959580758
 20
206.8775
  0
TEXT
  5
1F5
330
17
100
AcDbEntity
  8
TEXT
 62
7
100
AcDbText
 10
29.03260095958076
 20
207.8775
 30
0.0
 40
1.35
  1
Затирка эпоксидная (ванная, 0,35 кг/м²)
  7
GOST
 11
29.03260095958076
 21
207.8775
 31
0.0
100
AcDbText
  0
LWPOLYLINE
  5
1F6
330
17
100
AcDbEntity
  8
TEXT
 62
7
370
15
100
AcDbPolyline
 90
2
 70
0
 10
127.04888196448488
 20
210.2275
 10
127.04888196448488
 20
206.8775
  0
TEXT
  5
1F7
330
17
100
AcDbEntity
  8
TEXT
 62
7
100
AcDbText
 10
127.84888196448487
 20
207.8775
 30
0.0
 40
1.35
  1
Litokol Starlike EVO
  7
GOST
 11
127.84888196448487
 21
207.8775
 31
0.0
100
AcDbText
  0
LWPOLYLINE
  5
1F8
330
17
100
AcDbEntity
  8
TEXT
 62
7
370
15
100
AcDbPolyline
 90
2
 70
0
 10
177.5634084591824
 20
210.2275
 10
177.5634084591824
 20
206.8775
  0
TEXT
  5
1F9
330
17
100
AcDbEntity
  8
TEXT
 62
7
100
AcDbText
 10
178.3634084591824
 20
207.8775
 30
0.0
 40
1.35
  1
Litokol
  7
GOST
 11
178.3634084591824
 21
207.8775
 31
0.0
100
AcDbText
  0
LWPOLYLINE
  5
1FA
330
17
100
AcDbEntity
  8
TEXT
 62
7
370
15
100
AcDbPolyline
 90
2
 70
0
 10
203.07740382061857
 20
210.2275
 10
203.07740382061857
 20
206.8775
  0
TEXT
  5
1FB
330
17
100
AcDbEntity
  8
TEXT
 62
7
100
AcDbText
 10
203.87740382061858
 20
207.8775
 30
0.0
 40
1.35
  1
7
  7
GOST
 11
203.87740382061858
 21
207.8775
 31
0.0
100
AcDbText
  0
LWPOLYLINE
  5
1FC
330
17
100
AcDbEntity
  8
TEXT
 62
7
370
15
100
AcDbPolyline
 90
2
 70
0
 10
211.93511321990684
 20
210.2275
 10
211.93511321990684
 20
206.8775
  0
TEXT
  5
1FD
330
17
100
AcDbEntity
  8
TEXT
 62
7
100
AcDbText
 10
212.73511321990685
 20
207.8775
 30
0.0
 40
1.35
  1
кг
  7
GOST
 11
212.73511321990685
 21
207.8775
 31
0.0
100
AcDbText
  0
LWPOLYLINE
  5
1FE
330
17
100
AcDbEntity
  8
TEXT
 62
7
370
15
100
AcDbPolyline
 90
2
 70
0
 10
224.881875962679
 20
210.2275
 10
224.881875962679
 20
206.8775
  0
TEXT
  5
1FF
330
17
100
AcDbEntity
  8
TEXT
 62
7
100
AcDbText
 10
225.68187596267902
 20
207.8775
 30
0.0
 40
1.35
  1
1 900
  7
GOST
 11
225.68187596267902
 21
207.8775
 31
0.0
100
AcDbText
  0
LWPOLYLINE
  5
200
330
17
100
AcDbEntity
  8
TEXT
 62
7
370
15
100
AcDbPolyline
 90
2
 70
0
 10
243.00722341235414
 20
210.2275
 10
243.00722341235414
 20
206.8775
  0
TEXT
  5
201
330
17
100
AcDbEntity
  8
TEXT
 62
7
100
AcDbText
 10
243.80722341235415
 20
207.8775
 30
0.0
 40
1.35
  1
13 300
  7
GOST
 11
243.80722341235415
 21
207.8775
 31
0.0
100
AcDbText
  0
LWPOLYLINE
  5
202
330
17
100
AcDbEntity
  8
TEXT
 62
7
370
15
100
AcDbPolyline
 90
2
 70
0
 10
254.1397057521732
 20
210.2275
 10
254.1397057521732
 20
206.8775
  0
TEXT
  5
203
330
17
100
AcDbEntity
  8
TEXT
 62
7
100
AcDbText
 10
254.9397057521732
 20
207.8775
 30
0.0
 40
1.35
  1
R5
  7
GOST
 11
254.9397057521732
 21
207.8775
 31
0.0
100
AcDbText
  0
LWPOLYLINE
  5
204
330
17
100
AcDbEntity
  8
TEXT
 62
7
370
15
100
AcDbPolyline
 90
2
 70
0
 10
270.13745728803354
 20
210.2275
 10
270.13745728803354
 20
206.8775
  0
TEXT
  5
205
330
17
100
AcDbEntity
  8
TEXT
 62
7
100
AcDbText
 10
270.93745728803356
 20
207.8775
 30
0.0
 40
1.35
  1
M21
  7
GOST
 11
270.93745728803356
 21
207.8775
 31
0.0
100
AcDbText
  0
LWPOLYLINE
  5
206
330
17
100
AcDbEntity
  8
TEXT
 62
7
370
15
100
AcDbPolyline
 90
2
 70
0
 10
345.930014340598
 20
210.2275
 10
345.930014340598
 20
206.8775
  0
TEXT
  5
207
330
17
100
AcDbEntity
  8
TEXT
 62
7
100
AcDbText
 10
346.730014340598
 20
207.8775
 30
0.0
 40
1.35
  1
Ремонт
  7
GOST
 11
346.730014340598
 21
207.8775
 31
0.0
100
AcDbText
  0
LWPOLYLINE
  5
208
330
17
100
AcDbEntity
  8
TEXT
 62
7
370
15
100
AcDbPolyline
 90
2
 70
0
 10
356.3681461678735
 20
210.2275
 10
356.3681461678735
 20
206.8775
  0
TEXT
  5
209
330
17
100
AcDbEntity
  8
TEXT
 62
7
100
AcDbText
 10
357.1681461678735
 20
207.8775
 30
0.0
 40
1.35
  1
Э08
  7
GOST
 11
357.1681461678735
 21
207.8775
 31
0.0
100
AcDbText
  0
LWPOLYLINE
  5
20A
330
17
100
AcDbEntity
  8
TEXT
 62
7
370
15
100
AcDbPolyline
 90
2
 70
0
 10
370.23288423065344
 20
210.2275
 10
370.23288423065344
 20
206.8775
  0
LWPOLYLINE
  5
20B
330
17
100
AcDbEntity
  8
TEXT
 62
7
370
15
100
AcDbPolyline
 90
2
 70
0
 10
413.0
 20
210.2275
 10
413.0
 20
206.8775
  0
LWPOLYLINE
  5
20C
330
17
100
AcDbEntity
  8
TEXT
 62
7
370
15
100
AcDbPolyline
 90
4
 70
1
 10
22.0
 20
203.5275
 10
413.0
 20
203.5275
 10
413.0
 20
206.8775
 10
22.0
 20
206.8775
  0
LWPOLYLINE
  5
20D
330
17
100
AcDbEntity
  8
TEXT
 62
7
370
15
100
AcDbPolyline
 90
2
 70
0
 10
22.0
 20
206.8775
 10
22.0
 20
203.5275
  0
TEXT
  5
20E
330
17
100
AcDbEntity
  8
TEXT
 62
7
100
AcDbText
 10
22.8
 20
204.5275
 30
0.0
 40
1.35
  1
13
  7
GOST
 11
22.8
 21
204.5275
 31
0.0
100
AcDbText
  0
LWPOLYLINE
  5
20F
330
17
100
AcDbEntity
  8
TEXT
 62
7
370
15
100
AcDbPolyline
 90
2
 70
0
 10
28.232600959580758
 20
206.8775
 10
28.232600959580758
 20
203.5275
  0
TEXT
  5
210
330
17
100
AcDbEntity
  8
TEXT
 62
7
100
AcDbText
 10
29.03260095958076
 20
204.5275
 30
0.0
 40
1.35
  1
Затирка цементная (прихожая, постирочная, фартуки, 0,3 кг/м²)
  7
GOST
 11
29.03260095958076
 21
204.5275
 31
0.0
100
AcDbText
  0
LWPOLYLINE
  5
211
330
17
100
AcDbEntity
  8
TEXT
 62
7
370
15
100
AcDbPolyline
 90
2
 70
0
 10
127.04888196448488
 20
206.8775
 10
127.04888196448488
 20
203.5275
  0
TEXT
  5
212
330
17
100
AcDbEntity
  8
TEXT
 62
7
100
AcDbText
 10
127.84888196448487
 20
204.5275
 30
0.0
 40
1.35
  1
Litokol Litochrom
  7
GOST
 11
127.84888196448487
 21
204.5275
 31
0.0
100
AcDbText
  0
LWPOLYLINE
  5
213
330
17
100
AcDbEntity
  8
TEXT
 62
7
370
15
100
AcDbPolyline
 90
2
 70
0
 10
177.5634084591824
 20
206.8775
 10
177.5634084591824
 20
203.5275
  0
TEXT
  5
214
330
17
100
AcDbEntity
  8
TEXT
 62
7
100
AcDbText
 10
178.3634084591824
 20
204.5275
 30
0.0
 40
1.35
  1
Litokol
  7
GOST
 11
178.3634084591824
 21
204.5275
 31
0.0
100
AcDbText
  0
LWPOLYLINE
  5
215
330
17
100
AcDbEntity
  8
TEXT
 62
7
370
15
100
AcDbPolyline
 90
2
 70
0
 10
203.07740382061857
 20
206.8775
 10
203.07740382061857
 20
203.5275
  0
TEXT
  5
216
330
17
100
AcDbEntity
  8
TEXT
 62
7
100
AcDbText
 10
203.87740382061858
 20
204.5275
 30
0.0
 40
1.35
  1
3
  7
GOST
 11
203.87740382061858
 21
204.5275
 31
0.0
100
AcDbText
  0
LWPOLYLINE
  5
217
330
17
100
AcDbEntity
  8
TEXT
 62
7
370
15
100
AcDbPolyline
 90
2
 70
0
 10
211.93511321990684
 20
206.8775
 10
211.93511321990684
 20
203.5275
  0
TEXT
  5
218
330
17
100
AcDbEntity
  8
TEXT
 62
7
100
AcDbText
 10
212.73511321990685
 20
204.5275
 30
0.0
 40
1.35
  1
кг
  7
GOST
 11
212.73511321990685
 21
204.5275
 31
0.0
100
AcDbText
  0
LWPOLYLINE
  5
219
330
17
100
AcDbEntity
  8
TEXT
 62
7
370
15
100
AcDbPolyline
 90
2
 70
0
 10
224.881875962679
 20
206.8775
 10
224.881875962679
 20
203.5275
  0
TEXT
  5
21A
330
17
100
AcDbEntity
  8
TEXT
 62
7
100
AcDbText
 10
225.68187596267902
 20
204.5275
 30
0.0
 40
1.35
  1
350
  7
GOST
 11
225.68187596267902
 21
204.5275
 31
0.0
100
AcDbText
  0
LWPOLYLINE
  5
21B
330
17
100
AcDbEntity
  8
TEXT
 62
7
370
15
100
AcDbPolyline
 90
2
 70
0
 10
243.00722341235414
 20
206.8775
 10
243.00722341235414
 20
203.5275
  0
TEXT
  5
21C
330
17
100
AcDbEntity
  8
TEXT
 62
7
100
AcDbText
 10
243.80722341235415
 20
204.5275
 30
0.0
 40
1.35
  1
1 050
  7
GOST
 11
243.80722341235415
 21
204.5275
 31
0.0
100
AcDbText
  0
LWPOLYLINE
  5
21D
330
17
100
AcDbEntity
  8
TEXT
 62
7
370
15
100
AcDbPolyline
 90
2
 70
0
 10
254.1397057521732
 20
206.8775
 10
254.1397057521732
 20
203.5275
  0
TEXT
  5
21E
330
17
100
AcDbEntity
  8
TEXT
 62
7
100
AcDbText
 10
254.9397057521732
 20
204.5275
 30
0.0
 40
1.35
  1
R3, R4, R6
  7
GOST
 11
254.9397057521732
 21
204.5275
 31
0.0
100
AcDbText
  0
LWPOLYLINE
  5
21F
330
17
100
AcDbEntity
  8
TEXT
 62
7
370
15
100
AcDbPolyline
 90
2
 70
0
 10
270.13745728803354
 20
206.8775
 10
270.13745728803354
 20
203.5275
  0
TEXT
  5
220
330
17
100
AcDbEntity
  8
TEXT
 62
7
100
AcDbText
 10
270.93745728803356
 20
204.5275
 30
0.0
 40
1.35
  1
tile_*
  7
GOST
 11
270.93745728803356
 21
204.5275
 31
0.0
100
AcDbText
  0
LWPOLYLINE
  5
221
330
17
100
AcDbEntity
  8
TEXT
 62
7
370
15
100
AcDbPolyline
 90
2
 70
0
 10
345.930014340598
 20
206.8775
 10
345.930014340598
 20
203.5275
  0
TEXT
  5
222
330
17
100
AcDbEntity
  8
TEXT
 62
7
100
AcDbText
 10
346.730014340598
 20
204.5275
 30
0.0
 40
1.35
  1
Ремонт
  7
GOST
 11
346.730014340598
 21
204.5275
 31
0.0
100
AcDbText
  0
LWPOLYLINE
  5
223
330
17
100
AcDbEntity
  8
TEXT
 62
7
370
15
100
AcDbPolyline
 90
2
 70
0
 10
356.3681461678735
 20
206.8775
 10
356.3681461678735
 20
203.5275
  0
TEXT
  5
224
330
17
100
AcDbEntity
  8
TEXT
 62
7
100
AcDbText
 10
357.1681461678735
 20
204.5275
 30
0.0
 40
1.35
  1
Э08
  7
GOST
 11
357.1681461678735
 21
204.5275
 31
0.0
100
AcDbText
  0
LWPOLYLINE
  5
225
330
17
100
AcDbEntity
  8
TEXT
 62
7
370
15
100
AcDbPolyline
 90
2
 70
0
 10
370.23288423065344
 20
206.8775
 10
370.23288423065344
 20
203.5275
  0
LWPOLYLINE
  5
226
330
17
100
AcDbEntity
  8
TEXT
 62
7
370
15
100
AcDbPolyline
 90
2
 70
0
 10
413.0
 20
206.8775
 10
413.0
 20
203.5275
  0
LWPOLYLINE
  5
227
330
17
100
AcDbEntity
  8
TEXT
 62
7
370
15
100
AcDbPolyline
 90
4
 70
1
 10
22.0
 20
200.1775
 10
413.0
 20
200.1775
 10
413.0
 20
203.5275
 10
22.0
 20
203.5275
  0
LWPOLYLINE
  5
228
330
17
100
AcDbEntity
  8
TEXT
 62
7
370
15
100
AcDbPolyline
 90
2
 70
0
 10
22.0
 20
203.5275
 10
22.0
 20
200.1775
  0
TEXT
  5
229
330
17
100
AcDbEntity
  8
TEXT
 62
7
100
AcDbText
 10
22.8
 20
201.1775
 30
0.0
 40
1.35
  1
14
  7
GOST
 11
22.8
 21
201.1775
 31
0.0
100
AcDbText
  0
LWPOLYLINE
  5
22A
330
17
100
AcDbEntity
  8
TEXT
 62
7
370
15
100
AcDbPolyline
 90
2
 70
0
 10
28.232600959580758
 20
203.5275
 10
28.232600959580758
 20
200.1775
  0
TEXT
  5
22B
330
17
100
AcDbEntity
  8
TEXT
 62
7
100
AcDbText
 10
29.03260095958076
 20
201.1775
 30
0.0
 40
1.35
  1
Система выравнивания плитки (СВП: клипсы, клинья)
  7
GOST
 11
29.03260095958076
 21
201.1775
 31
0.0
100
AcDbText
  0
LWPOLYLINE
  5
22C
330
17
100
AcDbEntity
  8
TEXT
 62
7
370
15
100
AcDbPolyline
 90
2
 70
0
 10
127.04888196448488
 20
203.5275
 10
127.04888196448488
 20
200.1775
  0
TEXT
  5
22D
330
17
100
AcDbEntity
  8
TEXT
 62
7
100
AcDbText
 10
127.84888196448487
 20
201.1775
 30
0.0
 40
1.35
  1
—
  7
GOST
 11
127.84888196448487
 21
201.1775
 31
0.0
100
AcDbText
  0
LWPOLYLINE
  5
22E
330
17
100
AcDbEntity
  8
TEXT
 62
7
370
15
100
AcDbPolyline
 90
2
 70
0
 10
177.5634084591824
 20
203.5275
 10
177.5634084591824
 20
200.1775
  0
TEXT
  5
22F
330
17
100
AcDbEntity
  8
TEXT
 62
7
100
AcDbText
 10
178.3634084591824
 20
201.1775
 30
0.0
 40
1.35
  1
—
  7
GOST
 11
178.3634084591824
 21
201.1775
 31
0.0
100
AcDbText
  0
LWPOLYLINE
  5
230
330
17
100
AcDbEntity
  8
TEXT
 62
7
370
15
100
AcDbPolyline
 90
2
 70
0
 10
203.07740382061857
 20
203.5275
 10
203.07740382061857
 20
200.1775
  0
TEXT
  5
231
330
17
100
AcDbEntity
  8
TEXT
 62
7
100
AcDbText
 10
203.87740382061858
 20
201.1775
 30
0.0
 40
1.35
  1
28
  7
GOST
 11
203.87740382061858
 21
201.1775
 31
0.0
100
AcDbText
  0
LWPOLYLINE
  5
232
330
17
100
AcDbEntity
  8
TEXT
 62
7
370
15
100
AcDbPolyline
 90
2
 70
0
 10
211.93511321990684
 20
203.5275
 10
211.93511321990684
 20
200.1775
  0
TEXT
  5
233
330
17
100
AcDbEntity
  8
TEXT
 62
7
100
AcDbText
 10
212.73511321990685
 20
201.1775
 30
0.0
 40
1.35
  1
м²
  7
GOST
 11
212.73511321990685
 21
201.1775
 31
0.0
100
AcDbText
  0
LWPOLYLINE
  5
234
330
17
100
AcDbEntity
  8
TEXT
 62
7
370
15
100
AcDbPolyline
 90
2
 70
0
 10
224.881875962679
 20
203.5275
 10
224.881875962679
 20
200.1775
  0
TEXT
  5
235
330
17
100
AcDbEntity
  8
TEXT
 62
7
100
AcDbText
 10
225.68187596267902
 20
201.1775
 30
0.0
 40
1.35
  1
120
  7
GOST
 11
225.68187596267902
 21
201.1775
 31
0.0
100
AcDbText
  0
LWPOLYLINE
  5
236
330
17
100
AcDbEntity
  8
TEXT
 62
7
370
15
100
AcDbPolyline
 90
2
 70
0
 10
243.00722341235414
 20
203.5275
 10
243.00722341235414
 20
200.1775
  0
TEXT
  5
237
330
17
100
AcDbEntity
  8
TEXT
 62
7
100
AcDbText
 10
243.80722341235415
 20
201.1775
 30
0.0
 40
1.35
  1
3 360
  7
GOST
 11
243.80722341235415
 21
201.1775
 31
0.0
100
AcDbText
  0
LWPOLYLINE
  5
238
330
17
100
AcDbEntity
  8
TEXT
 62
7
370
15
100
AcDbPolyline
 90
2
 70
0
 10
254.1397057521732
 20
203.5275
 10
254.1397057521732
 20
200.1775
  0
TEXT
  5
239
330
17
100
AcDbEntity
  8
TEXT
 62
7
100
AcDbText
 10
254.9397057521732
 20
201.1775
 30
0.0
 40
1.35
  1
R3–R6
  7
GOST
 11
254.9397057521732
 21
201.1775
 31
0.0
100
AcDbText
  0
LWPOLYLINE
  5
23A
330
17
100
AcDbEntity
  8
TEXT
 62
7
370
15
100
AcDbPolyline
 90
2
 70
0
 10
270.13745728803354
 20
203.5275
 10
270.13745728803354
 20
200.1775
  0
TEXT
  5
23B
330
17
100
AcDbEntity
  8
TEXT
 62
7
100
AcDbText
 10
270.93745728803356
 20
201.1775
 30
0.0
 40
1.35
  1
tile_*
  7
GOST
 11
270.93745728803356
 21
201.1775
 31
0.0
100
AcDbText
  0
LWPOLYLINE
  5
23C
330
17
100
AcDbEntity
  8
TEXT
 62
7
370
15
100
AcDbPolyline
 90
2
 70
0
 10
345.930014340598
 20
203.5275
 10
345.930014340598
 20
200.1775
  0
TEXT
  5
23D
330
17
100
AcDbEntity
  8
TEXT
 62
7
100
AcDbText
 10
346.730014340598
 20
201.1775
 30
0.0
 40
1.35
  1
Ремонт
  7
GOST
 11
346.730014340598
 21
201.1775
 31
0.0
100
AcDbText
  0
LWPOLYLINE
  5
23E
330
17
100
AcDbEntity
  8
TEXT
 62
7
370
15
100
AcDbPolyline
 90
2
 70
0
 10
356.3681461678735
 20
203.5275
 10
356.3681461678735
 20
200.1775
  0
TEXT
  5
23F
330
17
100
AcDbEntity
  8
TEXT
 62
7
100
AcDbText
 10
357.1681461678735
 20
201.1775
 30
0.0
 40
1.35
  1
Э08
  7
GOST
 11
357.1681461678735
 21
201.1775
 31
0.0
100
AcDbText
  0
LWPOLYLINE
  5
240
330
17
100
AcDbEntity
  8
TEXT
 62
7
370
15
100
AcDbPolyline
 90
2
 70
0
 10
370.23288423065344
 20
203.5275
 10
370.23288423065344
 20
200.1775
  0
LWPOLYLINE
  5
241
330
17
100
AcDbEntity
  8
TEXT
 62
7
370
15
100
AcDbPolyline
 90
2
 70
0
 10
413.0
 20
203.5275
 10
413.0
 20
200.1775
  0
LWPOLYLINE
  5
242
330
17
100
AcDbEntity
  8
TEXT
 62
7
370
15
100
AcDbPolyline
 90
4
 70
1
 10
22.0
 20
196.82750000000001
 10
413.0
 20
196.82750000000001
 10
413.0
 20
200.1775
 10
22.0
 20
200.1775
  0
LWPOLYLINE
  5
243
330
17
100
AcDbEntity
  8
TEXT
 62
7
370
15
100
AcDbPolyline
 90
2
 70
0
 10
22.0
 20
200.1775
 10
22.0
 20
196.82750000000001
  0
TEXT
  5
244
330
17
100
AcDbEntity
  8
TEXT
 62
7
100
AcDbText
 10
22.8
 20
197.82750000000001
 30
0.0
 40
1.35
  1
15
  7
GOST
 11
22.8
 21
197.82750000000001
 31
0.0
100
AcDbText
  0
LWPOLYLINE
  5
245
330
17
100
AcDbEntity
  8
TEXT
 62
7
370
15
100
AcDbPolyline
 90
2
 70
0
 10
28.232600959580758
 20
200.1775
 10
28.232600959580758
 20
196.82750000000001
  0
TEXT
  5
246
330
17
100
AcDbEntity
  8
TEXT
 62
7
100
AcDbText
 10
29.03260095958076
 20
197.82750000000001
 30
0.0
 40
1.35
  1
Профиль латунь для плитки 10 мм (линия +1280 и обрамление ниш)
  7
GOST
 11
29.03260095958076
 21
197.82750000000001
 31
0.0
100
AcDbText
  0
LWPOLYLINE
  5
247
330
17
100
AcDbEntity
  8
TEXT
 62
7
370
15
100
AcDbPolyline
 90
2
 70
0
 10
127.04888196448488
 20
200.1775
 10
127.04888196448488
 20
196.82750000000001
  0
TEXT
  5
248
330
17
100
AcDbEntity
  8
TEXT
 62
7
100
AcDbText
 10
127.84888196448487
 20
197.82750000000001
 30
0.0
 40
1.35
  1
Progress Profiles / Butech
  7
GOST
 11
127.84888196448487
 21
197.82750000000001
 31
0.0
100
AcDbText
  0
LWPOLYLINE
  5
249
330
17
100
AcDbEntity
  8
TEXT
 62
7
370
15
100
AcDbPolyline
 90
2
 70
0
 10
177.5634084591824
 20
200.1775
 10
177.5634084591824
 20
196.82750000000001
  0
TEXT
  5
24A
330
17
100
AcDbEntity
  8
TEXT
 62
7
100
AcDbText
 10
178.3634084591824
 20
197.82750000000001
 30
0.0
 40
1.35
  1
Progress Profiles
  7
GOST
 11
178.3634084591824
 21
197.82750000000001
 31
0.0
100
AcDbText
  0
LWPOLYLINE
  5
24B
330
17
100
AcDbEntity
  8
TEXT
 62
7
370
15
100
AcDbPolyline
 90
2
 70
0
 10
203.07740382061857
 20
200.1775
 10
203.07740382061857
 20
196.82750000000001
  0
TEXT
  5
24C
330
17
100
AcDbEntity
  8
TEXT
 62
7
100
AcDbText
 10
203.87740382061858
 20
197.82750000000001
 30
0.0
 40
1.35
  1
10,8
  7
GOST
 11
203.87740382061858
 21
197.82750000000001
 31
0.0
100
AcDbText
  0
LWPOLYLINE
  5
24D
330
17
100
AcDbEntity
  8
TEXT
 62
7
370
15
100
AcDbPolyline
 90
2
 70
0
 10
211.93511321990684
 20
200.1775
 10
211.93511321990684
 20
196.82750000000001
  0
TEXT
  5
24E
330
17
100
AcDbEntity
  8
TEXT
 62
7
100
AcDbText
 10
212.73511321990685
 20
197.82750000000001
 30
0.0
 40
1.35
  1
м
  7
GOST
 11
212.73511321990685
 21
197.82750000000001
 31
0.0
100
AcDbText
  0
LWPOLYLINE
  5
24F
330
17
100
AcDbEntity
  8
TEXT
 62
7
370
15
100
AcDbPolyline
 90
2
 70
0
 10
224.881875962679
 20
200.1775
 10
224.881875962679
 20
196.82750000000001
  0
TEXT
  5
250
330
17
100
AcDbEntity
  8
TEXT
 62
7
100
AcDbText
 10
225.68187596267902
 20
197.82750000000001
 30
0.0
 40
1.35
  1
1 500
  7
GOST
 11
225.68187596267902
 21
197.82750000000001
 31
0.0
100
AcDbText
  0
LWPOLYLINE
  5
251
330
17
100
AcDbEntity
  8
TEXT
 62
7
370
15
100
AcDbPolyline
 90
2
 70
0
 10
243.00722341235414
 20
200.1775
 10
243.00722341235414
 20
196.82750000000001
  0
TEXT
  5
252
330
17
100
AcDbEntity
  8
TEXT
 62
7
100
AcDbText
 10
243.80722341235415
 20
197.82750000000001
 30
0.0
 40
1.35
  1
16 200
  7
GOST
 11
243.80722341235415
 21
197.82750000000001
 31
0.0
100
AcDbText
  0
LWPOLYLINE
  5
253
330
17
100
AcDbEntity
  8
TEXT
 62
7
370
15
100
AcDbPolyline
 90
2
 70
0
 10
254.1397057521732
 20
200.1775
 10
254.1397057521732
 20
196.82750000000001
  0
TEXT
  5
254
330
17
100
AcDbEntity
  8
TEXT
 62
7
100
AcDbText
 10
254.9397057521732
 20
197.82750000000001
 30
0.0
 40
1.35
  1
R5
  7
GOST
 11
254.9397057521732
 21
197.82750000000001
 31
0.0
100
AcDbText
  0
LWPOLYLINE
  5
255
330
17
100
AcDbEntity
  8
TEXT
 62
7
370
15
100
AcDbPolyline
 90
2
 70
0
 10
270.13745728803354
 20
200.1775
 10
270.13745728803354
 20
196.82750000000001
  0
TEXT
  5
256
330
17
100
AcDbEntity
  8
TEXT
 62
7
100
AcDbText
 10
270.93745728803356
 20
197.82750000000001
 30
0.0
 40
1.35
  1
walls tile_dry (Σ длин 5.57); ниши 3.3 м; M21
  7
GOST
 11
270.93745728803356
 21
197.82750000000001
 31
0.0
100
AcDbText
  0
LWPOLYLINE
  5
257
330
17
100
AcDbEntity
  8
TEXT
 62
7
370
15
100
AcDbPolyline
 90
2
 70
0
 10
345.930014340598
 20
200.1775
 10
345.930014340598
 20
196.82750000000001
  0
TEXT
  5
258
330
17
100
AcDbEntity
  8
TEXT
 62
7
100
AcDbText
 10
346.730014340598
 20
197.82750000000001
 30
0.0
 40
1.35
  1
Ремонт
  7
GOST
 11
346.730014340598
 21
197.82750000000001
 31
0.0
100
AcDbText
  0
LWPOLYLINE
  5
259
330
17
100
AcDbEntity
  8
TEXT
 62
7
370
15
100
AcDbPolyline
 90
2
 70
0
 10
356.3681461678735
 20
200.1775
 10
356.3681461678735
 20
196.82750000000001
  0
TEXT
  5
25A
330
17
100
AcDbEntity
  8
TEXT
 62
7
100
AcDbText
 10
357.1681461678735
 20
197.82750000000001
 30
0.0
 40
1.35
  1
Э08
  7
GOST
 11
357.1681461678735
 21
197.82750000000001
 31
0.0
100
AcDbText
  0
LWPOLYLINE
  5
25B
330
17
100
AcDbEntity
  8
TEXT
 62
7
370
15
100
AcDbPolyline
 90
2
 70
0
 10
370.23288423065344
 20
200.1775
 10
370.23288423065344
 20
196.82750000000001
  0
LWPOLYLINE
  5
25C
330
17
100
AcDbEntity
  8
TEXT
 62
7
370
15
100
AcDbPolyline
 90
2
 70
0
 10
413.0
 20
200.1775
 10
413.0
 20
196.82750000000001
  0
LWPOLYLINE
  5
25D
330
17
100
AcDbEntity
  8
TEXT
 62
7
370
15
100
AcDbPolyline
 90
4
 70
1
 10
22.0
 20
193.47750000000002
 10
413.0
 20
193.47750000000002
 10
413.0
 20
196.82750000000001
 10
22.0
 20
196.82750000000001
  0
LWPOLYLINE
  5
25E
330
17
100
AcDbEntity
  8
TEXT
 62
7
370
15
100
AcDbPolyline
 90
2
 70
0
 10
22.0
 20
196.82750000000001
 10
22.0
 20
193.47750000000002
  0
TEXT
  5
25F
330
17
100
AcDbEntity
  8
TEXT
 62
7
100
AcDbText
 10
22.8
 20
194.47750000000002
 30
0.0
 40
1.35
  1
16
  7
GOST
 11
22.8
 21
194.47750000000002
 31
0.0
100
AcDbText
  0
LWPOLYLINE
  5
260
330
17
100
AcDbEntity
  8
TEXT
 62
7
370
15
100
AcDbPolyline
 90
2
 70
0
 10
28.232600959580758
 20
196.82750000000001
 10
28.232600959580758
 20
193.47750000000002
  0
TEXT
  5
261
330
17
100
AcDbEntity
  8
TEXT
 62
7
100
AcDbText
 10
29.03260095958076
 20
194.47750000000002
 30
0.0
 40
1.35
  1
Порог-ступень D3 из керамогранита 800×100×90 (изготовление)
  7
GOST
 11
29.03260095958076
 21
194.47750000000002
 31
0.0
100
AcDbText
  0
LWPOLYLINE
  5
262
330
17
100
AcDbEntity
  8
TEXT
 62
7
370
15
100
AcDbPolyline
 90
2
 70
0
 10
127.04888196448488
 20
196.82750000000001
 10
127.04888196448488
 20
193.47750000000002
  0
TEXT
  5
263
330
17
100
AcDbEntity
  8
TEXT
 62
7
100
AcDbText
 10
127.84888196448487
 20
194.47750000000002
 30
0.0
 40
1.35
  1
серия C9
  7
GOST
 11
127.84888196448487
 21
194.47750000000002
 31
0.0
100
AcDbText
  0
LWPOLYLINE
  5
264
330
17
100
AcDbEntity
  8
TEXT
 62
7
370
15
100
AcDbPolyline
 90
2
 70
0
 10
177.5634084591824
 20
196.82750000000001
 10
177.5634084591824
 20
193.47750000000002
  0
TEXT
  5
265
330
17
100
AcDbEntity
  8
TEXT
 62
7
100
AcDbText
 10
178.3634084591824
 20
194.47750000000002
 30
0.0
 40
1.35
  1
мастерская
  7
GOST
 11
178.3634084591824
 21
194.47750000000002
 31
0.0
100
AcDbText
  0
LWPOLYLINE
  5
266
330
17
100
AcDbEntity
  8
TEXT
 62
7
370
15
100
AcDbPolyline
 90
2
 70
0
 10
203.07740382061857
 20
196.82750000000001
 10
203.07740382061857
 20
193.47750000000002
  0
TEXT
  5
267
330
17
100
AcDbEntity
  8
TEXT
 62
7
100
AcDbText
 10
203.87740382061858
 20
194.47750000000002
 30
0.0
 40
1.35
  1
1
  7
GOST
 11
203.87740382061858
 21
194.47750000000002
 31
0.0
100
AcDbText
  0
LWPOLYLINE
  5
268
330
17
100
AcDbEntity
  8
TEXT
 62
7
370
15
100
AcDbPolyline
 90
2
 70
0
 10
211.93511321990684
 20
196.82750000000001
 10
211.93511321990684
 20
193.47750000000002
  0
TEXT
  5
269
330
17
100
AcDbEntity
  8
TEXT
 62
7
100
AcDbText
 10
212.73511321990685
 20
194.47750000000002
 30
0.0
 40
1.35
  1
шт
  7
GOST
 11
212.73511321990685
 21
194.47750000000002
 31
0.0
100
AcDbText
  0
LWPOLYLINE
  5
26A
330
17
100
AcDbEntity
  8
TEXT
 62
7
370
15
100
AcDbPolyline
 90
2
 70
0
 10
224.881875962679
 20
196.82750000000001
 10
224.881875962679
 20
193.47750000000002
  0
TEXT
  5
26B
330
17
100
AcDbEntity
  8
TEXT
 62
7
100
AcDbText
 10
225.68187596267902
 20
194.47750000000002
 30
0.0
 40
1.35
  1
4 500
  7
GOST
 11
225.68187596267902
 21
194.47750000000002
 31
0.0
100
AcDbText
  0
LWPOLYLINE
  5
26C
330
17
100
AcDbEntity
  8
TEXT
 62
7
370
15
100
AcDbPolyline
 90
2
 70
0
 10
243.00722341235414
 20
196.82750000000001
 10
243.00722341235414
 20
193.47750000000002
  0
TEXT
  5
26D
330
17
100
AcDbEntity
  8
TEXT
 62
7
100
AcDbText
 10
243.80722341235415
 20
194.47750000000002
 30
0.0
 40
1.35
  1
4 500
  7
GOST
 11
243.80722341235415
 21
194.47750000000002
 31
0.0
100
AcDbText
  0
LWPOLYLINE
  5
26E
330
17
100
AcDbEntity
  8
TEXT
 62
7
370
15
100
AcDbPolyline
 90
2
 70
0
 10
254.1397057521732
 20
196.82750000000001
 10
254.1397057521732
 20
193.47750000000002
  0
TEXT
  5
26F
330
17
100
AcDbEntity
  8
TEXT
 62
7
100
AcDbText
 10
254.9397057521732
 20
194.47750000000002
 30
0.0
 40
1.35
  1
R5
  7
GOST
 11
254.9397057521732
 21
194.47750000000002
 31
0.0
100
AcDbText
  0
LWPOLYLINE
  5
270
330
17
100
AcDbEntity
  8
TEXT
 62
7
370
15
100
AcDbPolyline
 90
2
 70
0
 10
270.13745728803354
 20
196.82750000000001
 10
270.13745728803354
 20
193.47750000000002
  0
TEXT
  5
271
330
17
100
AcDbEntity
  8
TEXT
 62
7
100
AcDbText
 10
270.93745728803356
 20
194.47750000000002
 30
0.0
 40
1.35
  1
J5; узел 5; D20
  7
GOST
 11
270.93745728803356
 21
194.47750000000002
 31
0.0
100
AcDbText
  0
LWPOLYLINE
  5
272
330
17
100
AcDbEntity
  8
TEXT
 62
7
370
15
100
AcDbPolyline
 90
2
 70
0
 10
345.930014340598
 20
196.82750000000001
 10
345.930014340598
 20
193.47750000000002
  0
TEXT
  5
273
330
17
100
AcDbEntity
  8
TEXT
 62
7
100
AcDbText
 10
346.730014340598
 20
194.47750000000002
 30
0.0
 40
1.35
  1
Ремонт
  7
GOST
 11
346.730014340598
 21
194.47750000000002
 31
0.0
100
AcDbText
  0
LWPOLYLINE
  5
274
330
17
100
AcDbEntity
  8
TEXT
 62
7
370
15
100
AcDbPolyline
 90
2
 70
0
 10
356.3681461678735
 20
196.82750000000001
 10
356.3681461678735
 20
193.47750000000002
  0
TEXT
  5
275
330
17
100
AcDbEntity
  8
TEXT
 62
7
100
AcDbText
 10
357.1681461678735
 20
194.47750000000002
 30
0.0
 40
1.35
  1
Э08
  7
GOST
 11
357.1681461678735
 21
194.47750000000002
 31
0.0
100
AcDbText
  0
LWPOLYLINE
  5
276
330
17
100
AcDbEntity
  8
TEXT
 62
7
370
15
100
AcDbPolyline
 90
2
 70
0
 10
370.23288423065344
 20
196.82750000000001
 10
370.23288423065344
 20
193.47750000000002
  0
LWPOLYLINE
  5
277
330
17
100
AcDbEntity
  8
TEXT
 62
7
370
15
100
AcDbPolyline
 90
2
 70
0
 10
413.0
 20
196.82750000000001
 10
413.0
 20
193.47750000000002
  0
LWPOLYLINE
  5
278
330
17
100
AcDbEntity
  8
TEXT
 62
7
370
15
100
AcDbPolyline
 90
4
 70
1
 10
22.0
 20
190.12750000000003
 10
413.0
 20
190.12750000000003
 10
413.0
 20
193.47750000000002
 10
22.0
 20
193.47750000000002
  0
LWPOLYLINE
  5
279
330
17
100
AcDbEntity
  8
TEXT
 62
7
370
15
100
AcDbPolyline
 90
2
 70
0
 10
22.0
 20
193.47750000000002
 10
22.0
 20
190.12750000000003
  0
TEXT
  5
27A
330
17
100
AcDbEntity
  8
TEXT
 62
7
100
AcDbText
 10
22.8
 20
191.12750000000003
 30
0.0
 40
1.35
  1
17
  7
GOST
 11
22.8
 21
191.12750000000003
 31
0.0
100
AcDbText
  0
LWPOLYLINE
  5
27B
330
17
100
AcDbEntity
  8
TEXT
 62
7
370
15
100
AcDbPolyline
 90
2
 70
0
 10
28.232600959580758
 20
193.47750000000002
 10
28.232600959580758
 20
190.12750000000003
  0
TEXT
  5
27C
330
17
100
AcDbEntity
  8
TEXT
 62
7
100
AcDbText
 10
29.03260095958076
 20
191.12750000000003
 30
0.0
 40
1.35
  1
Порог-ограничитель D4 800×80×15 (керамогранит/камень, скругл.)
  7
GOST
 11
29.03260095958076
 21
191.12750000000003
 31
0.0
100
AcDbText
  0
LWPOLYLINE
  5
27D
330
17
100
AcDbEntity
  8
TEXT
 62
7
370
15
100
AcDbPolyline
 90
2
 70
0
 10
127.04888196448488
 20
193.47750000000002
 10
127.04888196448488
 20
190.12750000000003
  0
TEXT
  5
27E
330
17
100
AcDbEntity
  8
TEXT
 62
7
100
AcDbText
 10
127.84888196448487
 20
191.12750000000003
 30
0.0
 40
1.35
  1
—
  7
GOST
 11
127.84888196448487
 21
191.12750000000003
 31
0.0
100
AcDbText
  0
LWPOLYLINE
  5
27F
330
17
100
AcDbEntity
  8
TEXT
 62
7
370
15
100
AcDbPolyline
 90
2
 70
0
 10
177.5634084591824
 20
193.47750000000002
 10
177.5634084591824
 20
190.12750000000003
  0
TEXT
  5
280
330
17
100
AcDbEntity
  8
TEXT
 62
7
100
AcDbText
 10
178.3634084591824
 20
191.12750000000003
 30
0.0
 40
1.35
  1
мастерская
  7
GOST
 11
178.3634084591824
 21
191.12750000000003
 31
0.0
100
AcDbText
  0
LWPOLYLINE
  5
281
330
17
100
AcDbEntity
  8
TEXT
 62
7
370
15
100
AcDbPolyline
 90
2
 70
0
 10
203.07740382061857
 20
193.47750000000002
 10
203.07740382061857
 20
190.12750000000003
  0
TEXT
  5
282
330
17
100
AcDbEntity
  8
TEXT
 62
7
100
AcDbText
 10
203.87740382061858
 20
191.12750000000003
 30
0.0
 40
1.35
  1
1
  7
GOST
 11
203.87740382061858
 21
191.12750000000003
 31
0.0
100
AcDbText
  0
LWPOLYLINE
  5
283
330
17
100
AcDbEntity
  8
TEXT
 62
7
370
15
100
AcDbPolyline
 90
2
 70
0
 10
211.93511321990684
 20
193.47750000000002
 10
211.93511321990684
 20
190.12750000000003
  0
TEXT
  5
284
330
17
100
AcDbEntity
  8
TEXT
 62
7
100
AcDbText
 10
212.73511321990685
 20
191.12750000000003
 30
0.0
 40
1.35
  1
шт
  7
GOST
 11
212.73511321990685
 21
191.12750000000003
 31
0.0
100
AcDbText
  0
LWPOLYLINE
  5
285
330
17
100
AcDbEntity
  8
TEXT
 62
7
370
15
100
AcDbPolyline
 90
2
 70
0
 10
224.881875962679
 20
193.47750000000002
 10
224.881875962679
 20
190.12750000000003
  0
TEXT
  5
286
330
17
100
AcDbEntity
  8
TEXT
 62
7
100
AcDbText
 10
225.68187596267902
 20
191.12750000000003
 30
0.0
 40
1.35
  1
2 500
  7
GOST
 11
225.68187596267902
 21
191.12750000000003
 31
0.0
100
AcDbText
  0
LWPOLYLINE
  5
287
330
17
100
AcDbEntity
  8
TEXT
 62
7
370
15
100
AcDbPolyline
 90
2
 70
0
 10
243.00722341235414
 20
193.47750000000002
 10
243.00722341235414
 20
190.12750000000003
  0
TEXT
  5
288
330
17
100
AcDbEntity
  8
TEXT
 62
7
100
AcDbText
 10
243.80722341235415
 20
191.12750000000003
 30
0.0
 40
1.35
  1
2 500
  7
GOST
 11
243.80722341235415
 21
191.12750000000003
 31
0.0
100
AcDbText
  0
LWPOLYLINE
  5
289
330
17
100
AcDbEntity
  8
TEXT
 62
7
370
15
100
AcDbPolyline
 90
2
 70
0
 10
254.1397057521732
 20
193.47750000000002
 10
254.1397057521732
 20
190.12750000000003
  0
TEXT
  5
28A
330
17
100
AcDbEntity
  8
TEXT
 62
7
100
AcDbText
 10
254.9397057521732
 20
191.12750000000003
 30
0.0
 40
1.35
  1
R6
  7
GOST
 11
254.9397057521732
 21
191.12750000000003
 31
0.0
100
AcDbText
  0
LWPOLYLINE
  5
28B
330
17
100
AcDbEntity
  8
TEXT
 62
7
370
15
100
AcDbPolyline
 90
2
 70
0
 10
270.13745728803354
 20
193.47750000000002
 10
270.13745728803354
 20
190.12750000000003
  0
TEXT
  5
28C
330
17
100
AcDbEntity
  8
TEXT
 62
7
100
AcDbText
 10
270.93745728803356
 20
191.12750000000003
 30
0.0
 40
1.35
  1
J6; D4
  7
GOST
 11
270.93745728803356
 21
191.12750000000003
 31
0.0
100
AcDbText
  0
LWPOLYLINE
  5
28D
330
17
100
AcDbEntity
  8
TEXT
 62
7
370
15
100
AcDbPolyline
 90
2
 70
0
 10
345.930014340598
 20
193.47750000000002
 10
345.930014340598
 20
190.12750000000003
  0
TEXT
  5
28E
330
17
100
AcDbEntity
  8
TEXT
 62
7
100
AcDbText
 10
346.730014340598
 20
191.12750000000003
 30
0.0
 40
1.35
  1
Ремонт
  7
GOST
 11
346.730014340598
 21
191.12750000000003
 31
0.0
100
AcDbText
  0
LWPOLYLINE
  5
28F
330
17
100
AcDbEntity
  8
TEXT
 62
7
370
15
100
AcDbPolyline
 90
2
 70
0
 10
356.3681461678735
 20
193.47750000000002
 10
356.3681461678735
 20
190.12750000000003
  0
TEXT
  5
290
330
17
100
AcDbEntity
  8
TEXT
 62
7
100
AcDbText
 10
357.1681461678735
 20
191.12750000000003
 30
0.0
 40
1.35
  1
Э08
  7
GOST
 11
357.1681461678735
 21
191.12750000000003
 31
0.0
100
AcDbText
  0
LWPOLYLINE
  5
291
330
17
100
AcDbEntity
  8
TEXT
 62
7
370
15
100
AcDbPolyline
 90
2
 70
0
 10
370.23288423065344
 20
193.47750000000002
 10
370.23288423065344
 20
190.12750000000003
  0
LWPOLYLINE
  5
292
330
17
100
AcDbEntity
  8
TEXT
 62
7
370
15
100
AcDbPolyline
 90
2
 70
0
 10
413.0
 20
193.47750000000002
 10
413.0
 20
190.12750000000003
  0
LWPOLYLINE
  5
293
330
17
100
AcDbEntity
  8
TEXT
 62
7
370
15
100
AcDbPolyline
 90
4
 70
1
 10
22.0
 20
186.77750000000003
 10
413.0
 20
186.77750000000003
 10
413.0
 20
190.12750000000003
 10
22.0
 20
190.12750000000003
  0
LWPOLYLINE
  5
294
330
17
100
AcDbEntity
  8
TEXT
 62
7
370
15
100
AcDbPolyline
 90
2
 70
0
 10
22.0
 20
190.12750000000003
 10
22.0
 20
186.77750000000003
  0
TEXT
  5
295
330
17
100
AcDbEntity
  8
TEXT
 62
7
100
AcDbText
 10
22.8
 20
187.77750000000003
 30
0.0
 40
1.35
  1
18
  7
GOST
 11
22.8
 21
187.77750000000003
 31
0.0
100
AcDbText
  0
LWPOLYLINE
  5
296
330
17
100
AcDbEntity
  8
TEXT
 62
7
370
15
100
AcDbPolyline
 90
2
 70
0
 10
28.232600959580758
 20
190.12750000000003
 10
28.232600959580758
 20
186.77750000000003
  0
TEXT
  5
297
330
17
100
AcDbEntity
  8
TEXT
 62
7
100
AcDbText
 10
29.03260095958076
 20
187.77750000000003
 30
0.0
 40
1.35
  1
Гидроизоляция обмазочная 2-компонентная (2 слоя, 2,8 кг/м²; пол ванной — нижняя + основная)
  7
GOST
 11
29.03260095958076
 21
187.77750000000003
 31
0.0
100
AcDbText
  0
LWPOLYLINE
  5
298
330
17
100
AcDbEntity
  8
TEXT
 62
7
370
15
100
AcDbPolyline
 90
2
 70
0
 10
127.04888196448488
 20
190.12750000000003
 10
127.04888196448488
 20
186.77750000000003
  0
TEXT
  5
299
330
17
100
AcDbEntity
  8
TEXT
 62
7
100
AcDbText
 10
127.84888196448487
 20
187.77750000000003
 30
0.0
 40
1.35
  1
Mapei Mapelastic / Ceresit CL 51
  7
GOST
 11
127.84888196448487
 21
187.77750000000003
 31
0.0
100
AcDbText
  0
LWPOLYLINE
  5
29A
330
17
100
AcDbEntity
  8
TEXT
 62
7
370
15
100
AcDbPolyline
 90
2
 70
0
 10
177.5634084591824
 20
190.12750000000003
 10
177.5634084591824
 20
186.77750000000003
  0
TEXT
  5
29B
330
17
100
AcDbEntity
  8
TEXT
 62
7
100
AcDbText
 10
178.3634084591824
 20
187.77750000000003
 30
0.0
 40
1.35
  1
Mapei
  7
GOST
 11
178.3634084591824
 21
187.77750000000003
 31
0.0
100
AcDbText
  0
LWPOLYLINE
  5
29C
330
17
100
AcDbEntity
  8
TEXT
 62
7
370
15
100
AcDbPolyline
 90
2
 70
0
 10
203.07740382061857
 20
190.12750000000003
 10
203.07740382061857
 20
186.77750000000003
  0
TEXT
  5
29D
330
17
100
AcDbEntity
  8
TEXT
 62
7
100
AcDbText
 10
203.87740382061858
 20
187.77750000000003
 30
0.0
 40
1.35
  1
75
  7
GOST
 11
203.87740382061858
 21
187.77750000000003
 31
0.0
100
AcDbText
  0
LWPOLYLINE
  5
29E
330
17
100
AcDbEntity
  8
TEXT
 62
7
370
15
100
AcDbPolyline
 90
2
 70
0
 10
211.93511321990684
 20
190.12750000000003
 10
211.93511321990684
 20
186.77750000000003
  0
TEXT
  5
29F
330
17
100
AcDbEntity
  8
TEXT
 62
7
100
AcDbText
 10
212.73511321990685
 20
187.77750000000003
 30
0.0
 40
1.35
  1
кг
  7
GOST
 11
212.73511321990685
 21
187.77750000000003
 31
0.0
100
AcDbText
  0
LWPOLYLINE
  5
2A0
330
17
100
AcDbEntity
  8
TEXT
 62
7
370
15
100
AcDbPolyline
 90
2
 70
0
 10
224.881875962679
 20
190.12750000000003
 10
224.881875962679
 20
186.77750000000003
  0
TEXT
  5
2A1
330
17
100
AcDbEntity
  8
TEXT
 62
7
100
AcDbText
 10
225.68187596267902
 20
187.77750000000003
 30
0.0
 40
1.35
  1
420
  7
GOST
 11
225.68187596267902
 21
187.77750000000003
 31
0.0
100
AcDbText
  0
LWPOLYLINE
  5
2A2
330
17
100
AcDbEntity
  8
TEXT
 62
7
370
15
100
AcDbPolyline
 90
2
 70
0
 10
243.00722341235414
 20
190.12750000000003
 10
243.00722341235414
 20
186.77750000000003
  0
TEXT
  5
2A3
330
17
100
AcDbEntity
  8
TEXT
 62
7
100
AcDbText
 10
243.80722341235415
 20
187.77750000000003
 30
0.0
 40
1.35
  1
31 500
  7
GOST
 11
243.80722341235415
 21
187.77750000000003
 31
0.0
100
AcDbText
  0
LWPOLYLINE
  5
2A4
330
17
100
AcDbEntity
  8
TEXT
 62
7
370
15
100
AcDbPolyline
 90
2
 70
0
 10
254.1397057521732
 20
190.12750000000003
 10
254.1397057521732
 20
186.77750000000003
  0
TEXT
  5
2A5
330
17
100
AcDbEntity
  8
TEXT
 62
7
100
AcDbText
 10
254.9397057521732
 20
187.77750000000003
 30
0.0
 40
1.35
  1
R5, R6
  7
GOST
 11
254.9397057521732
 21
187.77750000000003
 31
0.0
100
AcDbText
  0
LWPOLYLINE
  5
2A6
330
17
100
AcDbEntity
  8
TEXT
 62
7
370
15
100
AcDbPolyline
 90
2
 70
0
 10
270.13745728803354
 20
190.12750000000003
 10
270.13745728803354
 20
186.77750000000003
  0
TEXT
  5
2A7
330
17
100
AcDbEntity
  8
TEXT
 62
7
100
AcDbText
 10
270.93745728803356
 20
187.77750000000003
 30
0.0
 40
1.35
  1
floors waterproofing_floor ×(2 в R5) + waterproofing_walls = 26.56 м²
  7
GOST
 11
270.93745728803356
 21
187.77750000000003
 31
0.0
100
AcDbText
  0
LWPOLYLINE
  5
2A8
330
17
100
AcDbEntity
  8
TEXT
 62
7
370
15
100
AcDbPolyline
 90
2
 70
0
 10
345.930014340598
 20
190.12750000000003
 10
345.930014340598
 20
186.77750000000003
  0
TEXT
  5
2A9
330
17
100
AcDbEntity
  8
TEXT
 62
7
100
AcDbText
 10
346.730014340598
 20
187.77750000000003
 30
0.0
 40
1.35
  1
Ремонт
  7
GOST
 11
346.730014340598
 21
187.77750000000003
 31
0.0
100
AcDbText
  0
LWPOLYLINE
  5
2AA
330
17
100
AcDbEntity
  8
TEXT
 62
7
370
15
100
AcDbPolyline
 90
2
 70
0
 10
356.3681461678735
 20
190.12750000000003
 10
356.3681461678735
 20
186.77750000000003
  0
TEXT
  5
2AB
330
17
100
AcDbEntity
  8
TEXT
 62
7
100
AcDbText
 10
357.1681461678735
 20
187.77750000000003
 30
0.0
 40
1.35
  1
Э06
  7
GOST
 11
357.1681461678735
 21
187.77750000000003
 31
0.0
100
AcDbText
  0
LWPOLYLINE
  5
2AC
330
17
100
AcDbEntity
  8
TEXT
 62
7
370
15
100
AcDbPolyline
 90
2
 70
0
 10
370.23288423065344
 20
190.12750000000003
 10
370.23288423065344
 20
186.77750000000003
  0
LWPOLYLINE
  5
2AD
330
17
100
AcDbEntity
  8
TEXT
 62
7
370
15
100
AcDbPolyline
 90
2
 70
0
 10
413.0
 20
190.12750000000003
 10
413.0
 20
186.77750000000003
  0
LWPOLYLINE
  5
2AE
330
17
100
AcDbEntity
  8
TEXT
 62
7
370
15
100
AcDbPolyline
 90
4
 70
1
 10
22.0
 20
183.42750000000004
 10
413.0
 20
183.42750000000004
 10
413.0
 20
186.77750000000003
 10
22.0
 20
186.77750000000003
  0
LWPOLYLINE
  5
2AF
330
17
100
AcDbEntity
  8
TEXT
 62
7
370
15
100
AcDbPolyline
 90
2
 70
0
 10
22.0
 20
186.77750000000003
 10
22.0
 20
183.42750000000004
  0
TEXT
  5
2B0
330
17
100
AcDbEntity
  8
TEXT
 62
7
100
AcDbText
 10
22.8
 20
184.42750000000004
 30
0.0
 40
1.35
  1
19
  7
GOST
 11
22.8
 21
184.42750000000004
 31
0.0
100
AcDbText
  0
LWPOLYLINE
  5
2B1
330
17
100
AcDbEntity
  8
TEXT
 62
7
370
15
100
AcDbPolyline
 90
2
 70
0
 10
28.232600959580758
 20
186.77750000000003
 10
28.232600959580758
 20
183.42750000000004
  0
TEXT
  5
2B2
330
17
100
AcDbEntity
  8
TEXT
 62
7
100
AcDbText
 10
29.03260095958076
 20
184.42750000000004
 30
0.0
 40
1.35
  1
Ленты, углы, манжеты, фланец трапа (комплект на помещение)
  7
GOST
 11
29.03260095958076
 21
184.42750000000004
 31
0.0
100
AcDbText
  0
LWPOLYLINE
  5
2B3
330
17
100
AcDbEntity
  8
TEXT
 62
7
370
15
100
AcDbPolyline
 90
2
 70
0
 10
127.04888196448488
 20
186.77750000000003
 10
127.04888196448488
 20
183.42750000000004
  0
TEXT
  5
2B4
330
17
100
AcDbEntity
  8
TEXT
 62
7
100
AcDbText
 10
127.84888196448487
 20
184.42750000000004
 30
0.0
 40
1.35
  1
Mapei Mapeband
  7
GOST
 11
127.84888196448487
 21
184.42750000000004
 31
0.0
100
AcDbText
  0
LWPOLYLINE
  5
2B5
330
17
100
AcDbEntity
  8
TEXT
 62
7
370
15
100
AcDbPolyline
 90
2
 70
0
 10
177.5634084591824
 20
186.77750000000003
 10
177.5634084591824
 20
183.42750000000004
  0
TEXT
  5
2B6
330
17
100
AcDbEntity
  8
TEXT
 62
7
100
AcDbText
 10
178.3634084591824
 20
184.42750000000004
 30
0.0
 40
1.35
  1
Mapei
  7
GOST
 11
178.3634084591824
 21
184.42750000000004
 31
0.0
100
AcDbText
  0
LWPOLYLINE
  5
2B7
330
17
100
AcDbEntity
  8
TEXT
 62
7
370
15
100
AcDbPolyline
 90
2
 70
0
 10
203.07740382061857
 20
186.77750000000003
 10
203.07740382061857
 20
183.42750000000004
  0
TEXT
  5
2B8
330
17
100
AcDbEntity
  8
TEXT
 62
7
100
AcDbText
 10
203.87740382061858
 20
184.42750000000004
 30
0.0
 40
1.35
  1
2
  7
GOST
 11
203.87740382061858
 21
184.42750000000004
 31
0.0
100
AcDbText
  0
LWPOLYLINE
  5
2B9
330
17
100
AcDbEntity
  8
TEXT
 62
7
370
15
100
AcDbPolyline
 90
2
 70
0
 10
211.93511321990684
 20
186.77750000000003
 10
211.93511321990684
 20
183.42750000000004
  0
TEXT
  5
2BA
330
17
100
AcDbEntity
  8
TEXT
 62
7
100
AcDbText
 10
212.73511321990685
 20
184.42750000000004
 30
0.0
 40
1.35
  1
компл
  7
GOST
 11
212.73511321990685
 21
184.42750000000004
 31
0.0
100
AcDbText
  0
LWPOLYLINE
  5
2BB
330
17
100
AcDbEntity
  8
TEXT
 62
7
370
15
100
AcDbPolyline
 90
2
 70
0
 10
224.881875962679
 20
186.77750000000003
 10
224.881875962679
 20
183.42750000000004
  0
TEXT
  5
2BC
330
17
100
AcDbEntity
  8
TEXT
 62
7
100
AcDbText
 10
225.68187596267902
 20
184.42750000000004
 30
0.0
 40
1.35
  1
6 500
  7
GOST
 11
225.68187596267902
 21
184.42750000000004
 31
0.0
100
AcDbText
  0
LWPOLYLINE
  5
2BD
330
17
100
AcDbEntity
  8
TEXT
 62
7
370
15
100
AcDbPolyline
 90
2
 70
0
 10
243.00722341235414
 20
186.77750000000003
 10
243.00722341235414
 20
183.42750000000004
  0
TEXT
  5
2BE
330
17
100
AcDbEntity
  8
TEXT
 62
7
100
AcDbText
 10
243.80722341235415
 20
184.42750000000004
 30
0.0
 40
1.35
  1
13 000
  7
GOST
 11
243.80722341235415
 21
184.42750000000004
 31
0.0
100
AcDbText
  0
LWPOLYLINE
  5
2BF
330
17
100
AcDbEntity
  8
TEXT
 62
7
370
15
100
AcDbPolyline
 90
2
 70
0
 10
254.1397057521732
 20
186.77750000000003
 10
254.1397057521732
 20
183.42750000000004
  0
TEXT
  5
2C0
330
17
100
AcDbEntity
  8
TEXT
 62
7
100
AcDbText
 10
254.9397057521732
 20
184.42750000000004
 30
0.0
 40
1.35
  1
R5, R6
  7
GOST
 11
254.9397057521732
 21
184.42750000000004
 31
0.0
100
AcDbText
  0
LWPOLYLINE
  5
2C1
330
17
100
AcDbEntity
  8
TEXT
 62
7
370
15
100
AcDbPolyline
 90
2
 70
0
 10
270.13745728803354
 20
186.77750000000003
 10
270.13745728803354
 20
183.42750000000004
  0
TEXT
  5
2C2
330
17
100
AcDbEntity
  8
TEXT
 62
7
100
AcDbText
 10
270.93745728803356
 20
184.42750000000004
 30
0.0
 40
1.35
  1
узел 6
  7
GOST
 11
270.93745728803356
 21
184.42750000000004
 31
0.0
100
AcDbText
  0
LWPOLYLINE
  5
2C3
330
17
100
AcDbEntity
  8
TEXT
 62
7
370
15
100
AcDbPolyline
 90
2
 70
0
 10
345.930014340598
 20
186.77750000000003
 10
345.930014340598
 20
183.42750000000004
  0
TEXT
  5
2C4
330
17
100
AcDbEntity
  8
TEXT
 62
7
100
AcDbText
 10
346.730014340598
 20
184.42750000000004
 30
0.0
 40
1.35
  1
Ремонт
  7
GOST
 11
346.730014340598
 21
184.42750000000004
 31
0.0
100
AcDbText
  0
LWPOLYLINE
  5
2C5
330
17
100
AcDbEntity
  8
TEXT
 62
7
370
15
100
AcDbPolyline
 90
2
 70
0
 10
356.3681461678735
 20
186.77750000000003
 10
356.3681461678735
 20
183.42750000000004
  0
TEXT
  5
2C6
330
17
100
AcDbEntity
  8
TEXT
 62
7
100
AcDbText
 10
357.1681461678735
 20
184.42750000000004
 30
0.0
 40
1.35
  1
Э06
  7
GOST
 11
357.1681461678735
 21
184.42750000000004
 31
0.0
100
AcDbText
  0
LWPOLYLINE
  5
2C7
330
17
100
AcDbEntity
  8
TEXT
 62
7
370
15
100
AcDbPolyline
 90
2
 70
0
 10
370.23288423065344
 20
186.77750000000003
 10
370.23288423065344
 20
183.42750000000004
  0
LWPOLYLINE
  5
2C8
330
17
100
AcDbEntity
  8
TEXT
 62
7
370
15
100
AcDbPolyline
 90
2
 70
0
 10
413.0
 20
186.77750000000003
 10
413.0
 20
183.42750000000004
  0
LWPOLYLINE
  5
2C9
330
17
100
AcDbEntity
  8
TEXT
 62
7
370
15
100
AcDbPolyline
 90
4
 70
1
 10
22.0
 20
180.07750000000004
 10
413.0
 20
180.07750000000004
 10
413.0
 20
183.42750000000004
 10
22.0
 20
183.42750000000004
  0
LWPOLYLINE
  5
2CA
330
17
100
AcDbEntity
  8
TEXT
 62
7
370
15
100
AcDbPolyline
 90
2
 70
0
 10
22.0
 20
183.42750000000004
 10
22.0
 20
180.07750000000004
  0
TEXT
  5
2CB
330
17
100
AcDbEntity
  8
TEXT
 62
7
100
AcDbText
 10
22.8
 20
181.07750000000004
 30
0.0
 40
1.35
  1
20
  7
GOST
 11
22.8
 21
181.07750000000004
 31
0.0
100
AcDbText
  0
LWPOLYLINE
  5
2CC
330
17
100
AcDbEntity
  8
TEXT
 62
7
370
15
100
AcDbPolyline
 90
2
 70
0
 10
28.232600959580758
 20
183.42750000000004
 10
28.232600959580758
 20
180.07750000000004
  0
TEXT
  5
2CD
330
17
100
AcDbEntity
  8
TEXT
 62
7
100
AcDbText
 10
29.03260095958076
 20
181.07750000000004
 30
0.0
 40
1.35
  1
ЦПС М300 (подиум ванной 78,5 мм, фибра)
  7
GOST
 11
29.03260095958076
 21
181.07750000000004
 31
0.0
100
AcDbText
  0
LWPOLYLINE
  5
2CE
330
17
100
AcDbEntity
  8
TEXT
 62
7
370
15
100
AcDbPolyline
 90
2
 70
0
 10
127.04888196448488
 20
183.42750000000004
 10
127.04888196448488
 20
180.07750000000004
  0
TEXT
  5
2CF
330
17
100
AcDbEntity
  8
TEXT
 62
7
100
AcDbText
 10
127.84888196448487
 20
181.07750000000004
 30
0.0
 40
1.35
  1
Каменный цветок / Knauf
  7
GOST
 11
127.84888196448487
 21
181.07750000000004
 31
0.0
100
AcDbText
  0
LWPOLYLINE
  5
2D0
330
17
100
AcDbEntity
  8
TEXT
 62
7
370
15
100
AcDbPolyline
 90
2
 70
0
 10
177.5634084591824
 20
183.42750000000004
 10
177.5634084591824
 20
180.07750000000004
  0
TEXT
  5
2D1
330
17
100
AcDbEntity
  8
TEXT
 62
7
100
AcDbText
 10
178.3634084591824
 20
181.07750000000004
 30
0.0
 40
1.35
  1
—
  7
GOST
 11
178.3634084591824
 21
181.07750000000004
 31
0.0
100
AcDbText
  0
LWPOLYLINE
  5
2D2
330
17
100
AcDbEntity
  8
TEXT
 62
7
370
15
100
AcDbPolyline
 90
2
 70
0
 10
203.07740382061857
 20
183.42750000000004
 10
203.07740382061857
 20
180.07750000000004
  0
TEXT
  5
2D3
330
17
100
AcDbEntity
  8
TEXT
 62
7
100
AcDbText
 10
203.87740382061858
 20
181.07750000000004
 30
0.0
 40
1.35
  1
21
  7
GOST
 11
203.87740382061858
 21
181.07750000000004
 31
0.0
100
AcDbText
  0
LWPOLYLINE
  5
2D4
330
17
100
AcDbEntity
  8
TEXT
 62
7
370
15
100
AcDbPolyline
 90
2
 70
0
 10
211.93511321990684
 20
183.42750000000004
 10
211.93511321990684
 20
180.07750000000004
  0
TEXT
  5
2D5
330
17
100
AcDbEntity
  8
TEXT
 62
7
100
AcDbText
 10
212.73511321990685
 20
181.07750000000004
 30
0.0
 40
1.35
  1
меш. 40 кг
  7
GOST
 11
212.73511321990685
 21
181.07750000000004
 31
0.0
100
AcDbText
  0
LWPOLYLINE
  5
2D6
330
17
100
AcDbEntity
  8
TEXT
 62
7
370
15
100
AcDbPolyline
 90
2
 70
0
 10
224.881875962679
 20
183.42750000000004
 10
224.881875962679
 20
180.07750000000004
  0
TEXT
  5
2D7
330
17
100
AcDbEntity
  8
TEXT
 62
7
100
AcDbText
 10
225.68187596267902
 20
181.07750000000004
 30
0.0
 40
1.35
  1
380
  7
GOST
 11
225.68187596267902
 21
181.07750000000004
 31
0.0
100
AcDbText
  0
LWPOLYLINE
  5
2D8
330
17
100
AcDbEntity
  8
TEXT
 62
7
370
15
100
AcDbPolyline
 90
2
 70
0
 10
243.00722341235414
 20
183.42750000000004
 10
243.00722341235414
 20
180.07750000000004
  0
TEXT
  5
2D9
330
17
100
AcDbEntity
  8
TEXT
 62
7
100
AcDbText
 10
243.80722341235415
 20
181.07750000000004
 30
0.0
 40
1.35
  1
7 980
  7
GOST
 11
243.80722341235415
 21
181.07750000000004
 31
0.0
100
AcDbText
  0
LWPOLYLINE
  5
2DA
330
17
100
AcDbEntity
  8
TEXT
 62
7
370
15
100
AcDbPolyline
 90
2
 70
0
 10
254.1397057521732
 20
183.42750000000004
 10
254.1397057521732
 20
180.07750000000004
  0
TEXT
  5
2DB
330
17
100
AcDbEntity
  8
TEXT
 62
7
100
AcDbText
 10
254.9397057521732
 20
181.07750000000004
 30
0.0
 40
1.35
  1
R5
  7
GOST
 11
254.9397057521732
 21
181.07750000000004
 31
0.0
100
AcDbText
  0
LWPOLYLINE
  5
2DC
330
17
100
AcDbEntity
  8
TEXT
 62
7
370
15
100
AcDbPolyline
 90
2
 70
0
 10
270.13745728803354
 20
183.42750000000004
 10
270.13745728803354
 20
180.07750000000004
  0
TEXT
  5
2DD
330
17
100
AcDbEntity
  8
TEXT
 62
7
100
AcDbText
 10
270.93745728803356
 20
181.07750000000004
 30
0.0
 40
1.35
  1
floors podium_screed_80; P-BATH
  7
GOST
 11
270.93745728803356
 21
181.07750000000004
 31
0.0
100
AcDbText
  0
LWPOLYLINE
  5
2DE
330
17
100
AcDbEntity
  8
TEXT
 62
7
370
15
100
AcDbPolyline
 90
2
 70
0
 10
345.930014340598
 20
183.42750000000004
 10
345.930014340598
 20
180.07750000000004
  0
TEXT
  5
2DF
330
17
100
AcDbEntity
  8
TEXT
 62
7
100
AcDbText
 10
346.730014340598
 20
181.07750000000004
 30
0.0
 40
1.35
  1
Ремонт
  7
GOST
 11
346.730014340598
 21
181.07750000000004
 31
0.0
100
AcDbText
  0
LWPOLYLINE
  5
2E0
330
17
100
AcDbEntity
  8
TEXT
 62
7
370
15
100
AcDbPolyline
 90
2
 70
0
 10
356.3681461678735
 20
183.42750000000004
 10
356.3681461678735
 20
180.07750000000004
  0
TEXT
  5
2E1
330
17
100
AcDbEntity
  8
TEXT
 62
7
100
AcDbText
 10
357.1681461678735
 20
181.07750000000004
 30
0.0
 40
1.35
  1
Э06
  7
GOST
 11
357.1681461678735
 21
181.07750000000004
 31
0.0
100
AcDbText
  0
LWPOLYLINE
  5
2E2
330
17
100
AcDbEntity
  8
TEXT
 62
7
370
15
100
AcDbPolyline
 90
2
 70
0
 10
370.23288423065344
 20
183.42750000000004
 10
370.23288423065344
 20
180.07750000000004
  0
LWPOLYLINE
  5
2E3
330
17
100
AcDbEntity
  8
TEXT
 62
7
370
15
100
AcDbPolyline
 90
2
 70
0
 10
413.0
 20
183.42750000000004
 10
413.0
 20
180.07750000000004
  0
LWPOLYLINE
  5
2E4
330
17
100
AcDbEntity
  8
TEXT
 62
7
370
15
100
AcDbPolyline
 90
4
 70
1
 10
22.0
 20
176.72750000000005
 10
413.0
 20
176.72750000000005
 10
413.0
 20
180.07750000000004
 10
22.0
 20
180.07750000000004
  0
LWPOLYLINE
  5
2E5
330
17
100
AcDbEntity
  8
TEXT
 62
7
370
15
100
AcDbPolyline
 90
2
 70
0
 10
22.0
 20
180.07750000000004
 10
22.0
 20
176.72750000000005
  0
TEXT
  5
2E6
330
17
100
AcDbEntity
  8
TEXT
 62
7
100
AcDbText
 10
22.8
 20
177.72750000000005
 30
0.0
 40
1.35
  1
21
  7
GOST
 11
22.8
 21
177.72750000000005
 31
0.0
100
AcDbText
  0
LWPOLYLINE
  5
2E7
330
17
100
AcDbEntity
  8
TEXT
 62
7
370
15
100
AcDbPolyline
 90
2
 70
0
 10
28.232600959580758
 20
180.07750000000004
 10
28.232600959580758
 20
176.72750000000005
  0
TEXT
  5
2E8
330
17
100
AcDbEntity
  8
TEXT
 62
7
100
AcDbText
 10
29.03260095958076
 20
177.72750000000005
 30
0.0
 40
1.35
  1
Сетка Вр4 50×50 + фибра + демпферная лента (подиум, стяжка балкона)
  7
GOST
 11
29.03260095958076
 21
177.72750000000005
 31
0.0
100
AcDbText
  0
LWPOLYLINE
  5
2E9
330
17
100
AcDbEntity
  8
TEXT
 62
7
370
15
100
AcDbPolyline
 90
2
 70
0
 10
127.04888196448488
 20
180.07750000000004
 10
127.04888196448488
 20
176.72750000000005
  0
TEXT
  5
2EA
330
17
100
AcDbEntity
  8
TEXT
 62
7
100
AcDbText
 10
127.84888196448487
 20
177.72750000000005
 30
0.0
 40
1.35
  1
—
  7
GOST
 11
127.84888196448487
 21
177.72750000000005
 31
0.0
100
AcDbText
  0
LWPOLYLINE
  5
2EB
330
17
100
AcDbEntity
  8
TEXT
 62
7
370
15
100
AcDbPolyline
 90
2
 70
0
 10
177.5634084591824
 20
180.07750000000004
 10
177.5634084591824
 20
176.72750000000005
  0
TEXT
  5
2EC
330
17
100
AcDbEntity
  8
TEXT
 62
7
100
AcDbText
 10
178.3634084591824
 20
177.72750000000005
 30
0.0
 40
1.35
  1
—
  7
GOST
 11
178.3634084591824
 21
177.72750000000005
 31
0.0
100
AcDbText
  0
LWPOLYLINE
  5
2ED
330
17
100
AcDbEntity
  8
TEXT
 62
7
370
15
100
AcDbPolyline
 90
2
 70
0
 10
203.07740382061857
 20
180.07750000000004
 10
203.07740382061857
 20
176.72750000000005
  0
TEXT
  5
2EE
330
17
100
AcDbEntity
  8
TEXT
 62
7
100
AcDbText
 10
203.87740382061858
 20
177.72750000000005
 30
0.0
 40
1.35
  1
14
  7
GOST
 11
203.87740382061858
 21
177.72750000000005
 31
0.0
100
AcDbText
  0
LWPOLYLINE
  5
2EF
330
17
100
AcDbEntity
  8
TEXT
 62
7
370
15
100
AcDbPolyline
 90
2
 70
0
 10
211.93511321990684
 20
180.07750000000004
 10
211.93511321990684
 20
176.72750000000005
  0
TEXT
  5
2F0
330
17
100
AcDbEntity
  8
TEXT
 62
7
100
AcDbText
 10
212.73511321990685
 20
177.72750000000005
 30
0.0
 40
1.35
  1
м²
  7
GOST
 11
212.73511321990685
 21
177.72750000000005
 31
0.0
100
AcDbText
  0
LWPOLYLINE
  5
2F1
330
17
100
AcDbEntity
  8
TEXT
 62
7
370
15
100
AcDbPolyline
 90
2
 70
0
 10
224.881875962679
 20
180.07750000000004
 10
224.881875962679
 20
176.72750000000005
  0
TEXT
  5
2F2
330
17
100
AcDbEntity
  8
TEXT
 62
7
100
AcDbText
 10
225.68187596267902
 20
177.72750000000005
 30
0.0
 40
1.35
  1
380
  7
GOST
 11
225.68187596267902
 21
177.72750000000005
 31
0.0
100
AcDbText
  0
LWPOLYLINE
  5
2F3
330
17
100
AcDbEntity
  8
TEXT
 62
7
370
15
100
AcDbPolyline
 90
2
 70
0
 10
243.00722341235414
 20
180.07750000000004
 10
243.00722341235414
 20
176.72750000000005
  0
TEXT
  5
2F4
330
17
100
AcDbEntity
  8
TEXT
 62
7
100
AcDbText
 10
243.80722341235415
 20
177.72750000000005
 30
0.0
 40
1.35
  1
5 320
  7
GOST
 11
243.80722341235415
 21
177.72750000000005
 31
0.0
100
AcDbText
  0
LWPOLYLINE
  5
2F5
330
17
100
AcDbEntity
  8
TEXT
 62
7
370
15
100
AcDbPolyline
 90
2
 70
0
 10
254.1397057521732
 20
180.07750000000004
 10
254.1397057521732
 20
176.72750000000005
  0
TEXT
  5
2F6
330
17
100
AcDbEntity
  8
TEXT
 62
7
100
AcDbText
 10
254.9397057521732
 20
177.72750000000005
 30
0.0
 40
1.35
  1
R5, R7
  7
GOST
 11
254.9397057521732
 21
177.72750000000005
 31
0.0
100
AcDbText
  0
LWPOLYLINE
  5
2F7
330
17
100
AcDbEntity
  8
TEXT
 62
7
370
15
100
AcDbPolyline
 90
2
 70
0
 10
270.13745728803354
 20
180.07750000000004
 10
270.13745728803354
 20
176.72750000000005
  0
TEXT
  5
2F8
330
17
100
AcDbEntity
  8
TEXT
 62
7
100
AcDbText
 10
270.93745728803356
 20
177.72750000000005
 30
0.0
 40
1.35
  1
P-BATH, P-BALC; периметры R5 9.36 м, R7 10.67 м
  7
GOST
 11
270.93745728803356
 21
177.72750000000005
 31
0.0
100
AcDbText
  0
LWPOLYLINE
  5
2F9
330
17
100
AcDbEntity
  8
TEXT
 62
7
370
15
100
AcDbPolyline
 90
2
 70
0
 10
345.930014340598
 20
180.07750000000004
 10
345.930014340598
 20
176.72750000000005
  0
TEXT
  5
2FA
330
17
100
AcDbEntity
  8
TEXT
 62
7
100
AcDbText
 10
346.730014340598
 20
177.72750000000005
 30
0.0
 40
1.35
  1
Ремонт
  7
GOST
 11
346.730014340598
 21
177.72750000000005
 31
0.0
100
AcDbText
  0
LWPOLYLINE
  5
2FB
330
17
100
AcDbEntity
  8
TEXT
 62
7
370
15
100
AcDbPolyline
 90
2
 70
0
 10
356.3681461678735
 20
180.07750000000004
 10
356.3681461678735
 20
176.72750000000005
  0
TEXT
  5
2FC
330
17
100
AcDbEntity
  8
TEXT
 62
7
100
AcDbText
 10
357.1681461678735
 20
177.72750000000005
 30
0.0
 40
1.35
  1
Э06
  7
GOST
 11
357.1681461678735
 21
177.72750000000005
 31
0.0
100
AcDbText
  0
LWPOLYLINE
  5
2FD
330
17
100
AcDbEntity
  8
TEXT
 62
7
370
15
100
AcDbPolyline
 90
2
 70
0
 10
370.23288423065344
 20
180.07750000000004
 10
370.23288423065344
 20
176.72750000000005
  0
LWPOLYLINE
  5
2FE
330
17
100
AcDbEntity
  8
TEXT
 62
7
370
15
100
AcDbPolyline
 90
2
 70
0
 10
413.0
 20
180.07750000000004
 10
413.0
 20
176.72750000000005
  0
LWPOLYLINE
  5
2FF
330
17
100
AcDbEntity
  8
TEXT
 62
7
370
15
100
AcDbPolyline
 90
4
 70
1
 10
22.0
 20
173.37750000000005
 10
413.0
 20
173.37750000000005
 10
413.0
 20
176.72750000000005
 10
22.0
 20
176.72750000000005
  0
LWPOLYLINE
  5
300
330
17
100
AcDbEntity
  8
TEXT
 62
7
370
15
100
AcDbPolyline
 90
2
 70
0
 10
22.0
 20
176.72750000000005
 10
22.0
 20
173.37750000000005
  0
TEXT
  5
301
330
17
100
AcDbEntity
  8
TEXT
 62
7
100
AcDbText
 10
22.8
 20
174.37750000000005
 30
0.0
 40
1.35
  1
22
  7
GOST
 11
22.8
 21
174.37750000000005
 31
0.0
100
AcDbText
  0
LWPOLYLINE
  5
302
330
17
100
AcDbEntity
  8
TEXT
 62
7
370
15
100
AcDbPolyline
 90
2
 70
0
 10
28.232600959580758
 20
176.72750000000005
 10
28.232600959580758
 20
173.37750000000005
  0
TEXT
  5
303
330
17
100
AcDbEntity
  8
TEXT
 62
7
100
AcDbText
 10
29.03260095958076
 20
174.37750000000005
 30
0.0
 40
1.35
  1
Рамка-бортик U14 (ЦСП 20 / уголок нерж.)
  7
GOST
 11
29.03260095958076
 21
174.37750000000005
 31
0.0
100
AcDbText
  0
LWPOLYLINE
  5
304
330
17
100
AcDbEntity
  8
TEXT
 62
7
370
15
100
AcDbPolyline
 90
2
 70
0
 10
127.04888196448488
 20
176.72750000000005
 10
127.04888196448488
 20
173.37750000000005
  0
TEXT
  5
305
330
17
100
AcDbEntity
  8
TEXT
 62
7
100
AcDbText
 10
127.84888196448487
 20
174.37750000000005
 30
0.0
 40
1.35
  1
VK-C3
  7
GOST
 11
127.84888196448487
 21
174.37750000000005
 31
0.0
100
AcDbText
  0
LWPOLYLINE
  5
306
330
17
100
AcDbEntity
  8
TEXT
 62
7
370
15
100
AcDbPolyline
 90
2
 70
0
 10
177.5634084591824
 20
176.72750000000005
 10
177.5634084591824
 20
173.37750000000005
  0
TEXT
  5
307
330
17
100
AcDbEntity
  8
TEXT
 62
7
100
AcDbText
 10
178.3634084591824
 20
174.37750000000005
 30
0.0
 40
1.35
  1
—
  7
GOST
 11
178.3634084591824
 21
174.37750000000005
 31
0.0
100
AcDbText
  0
LWPOLYLINE
  5
308
330
17
100
AcDbEntity
  8
TEXT
 62
7
370
15
100
AcDbPolyline
 90
2
 70
0
 10
203.07740382061857
 20
176.72750000000005
 10
203.07740382061857
 20
173.37750000000005
  0
TEXT
  5
309
330
17
100
AcDbEntity
  8
TEXT
 62
7
100
AcDbText
 10
203.87740382061858
 20
174.37750000000005
 30
0.0
 40
1.35
  1
1
  7
GOST
 11
203.87740382061858
 21
174.37750000000005
 31
0.0
100
AcDbText
  0
LWPOLYLINE
  5
30A
330
17
100
AcDbEntity
  8
TEXT
 62
7
370
15
100
AcDbPolyline
 90
2
 70
0
 10
211.93511321990684
 20
176.72750000000005
 10
211.93511321990684
 20
173.37750000000005
  0
TEXT
  5
30B
330
17
100
AcDbEntity
  8
TEXT
 62
7
100
AcDbText
 10
212.73511321990685
 20
174.37750000000005
 30
0.0
 40
1.35
  1
шт
  7
GOST
 11
212.73511321990685
 21
174.37750000000005
 31
0.0
100
AcDbText
  0
LWPOLYLINE
  5
30C
330
17
100
AcDbEntity
  8
TEXT
 62
7
370
15
100
AcDbPolyline
 90
2
 70
0
 10
224.881875962679
 20
176.72750000000005
 10
224.881875962679
 20
173.37750000000005
  0
TEXT
  5
30D
330
17
100
AcDbEntity
  8
TEXT
 62
7
100
AcDbText
 10
225.68187596267902
 20
174.37750000000005
 30
0.0
 40
1.35
  1
2 500
  7
GOST
 11
225.68187596267902
 21
174.37750000000005
 31
0.0
100
AcDbText
  0
LWPOLYLINE
  5
30E
330
17
100
AcDbEntity
  8
TEXT
 62
7
370
15
100
AcDbPolyline
 90
2
 70
0
 10
243.00722341235414
 20
176.72750000000005
 10
243.00722341235414
 20
173.37750000000005
  0
TEXT
  5
30F
330
17
100
AcDbEntity
  8
TEXT
 62
7
100
AcDbText
 10
243.80722341235415
 20
174.37750000000005
 30
0.0
 40
1.35
  1
2 500
  7
GOST
 11
243.80722341235415
 21
174.37750000000005
 31
0.0
100
AcDbText
  0
LWPOLYLINE
  5
310
330
17
100
AcDbEntity
  8
TEXT
 62
7
370
15
100
AcDbPolyline
 90
2
 70
0
 10
254.1397057521732
 20
176.72750000000005
 10
254.1397057521732
 20
173.37750000000005
  0
TEXT
  5
311
330
17
100
AcDbEntity
  8
TEXT
 62
7
100
AcDbText
 10
254.9397057521732
 20
174.37750000000005
 30
0.0
 40
1.35
  1
R5
  7
GOST
 11
254.9397057521732
 21
174.37750000000005
 31
0.0
100
AcDbText
  0
LWPOLYLINE
  5
312
330
17
100
AcDbEntity
  8
TEXT
 62
7
370
15
100
AcDbPolyline
 90
2
 70
0
 10
270.13745728803354
 20
176.72750000000005
 10
270.13745728803354
 20
173.37750000000005
  0
TEXT
  5
313
330
17
100
AcDbEntity
  8
TEXT
 62
7
100
AcDbText
 10
270.93745728803356
 20
174.37750000000005
 30
0.0
 40
1.35
  1
VK-C3; J7; узел 6
  7
GOST
 11
270.93745728803356
 21
174.37750000000005
 31
0.0
100
AcDbText
  0
LWPOLYLINE
  5
314
330
17
100
AcDbEntity
  8
TEXT
 62
7
370
15
100
AcDbPolyline
 90
2
 70
0
 10
345.930014340598
 20
176.72750000000005
 10
345.930014340598
 20
173.37750000000005
  0
TEXT
  5
315
330
17
100
AcDbEntity
  8
TEXT
 62
7
100
AcDbText
 10
346.730014340598
 20
174.37750000000005
 30
0.0
 40
1.35
  1
Ремонт
  7
GOST
 11
346.730014340598
 21
174.37750000000005
 31
0.0
100
AcDbText
  0
LWPOLYLINE
  5
316
330
17
100
AcDbEntity
  8
TEXT
 62
7
370
15
100
AcDbPolyline
 90
2
 70
0
 10
356.3681461678735
 20
176.72750000000005
 10
356.3681461678735
 20
173.37750000000005
  0
TEXT
  5
317
330
17
100
AcDbEntity
  8
TEXT
 62
7
100
AcDbText
 10
357.1681461678735
 20
174.37750000000005
 30
0.0
 40
1.35
  1
Э06
  7
GOST
 11
357.1681461678735
 21
174.37750000000005
 31
0.0
100
AcDbText
  0
LWPOLYLINE
  5
318
330
17
100
AcDbEntity
  8
TEXT
 62
7
370
15
100
AcDbPolyline
 90
2
 70
0
 10
370.23288423065344
 20
176.72750000000005
 10
370.23288423065344
 20
173.37750000000005
  0
LWPOLYLINE
  5
319
330
17
100
AcDbEntity
  8
TEXT
 62
7
370
15
100
AcDbPolyline
 90
2
 70
0
 10
413.0
 20
176.72750000000005
 10
413.0
 20
173.37750000000005
  0
LWPOLYLINE
  5
31A
330
17
100
AcDbEntity
  8
TEXT
 62
7
370
15
100
AcDbPolyline
 90
4
 70
1
 10
22.0
 20
170.02750000000006
 10
413.0
 20
170.02750000000006
 10
413.0
 20
173.37750000000005
 10
22.0
 20
173.37750000000005
  0
LWPOLYLINE
  5
31B
330
17
100
AcDbEntity
  8
TEXT
 62
7
370
15
100
AcDbPolyline
 90
2
 70
0
 10
22.0
 20
173.37750000000005
 10
22.0
 20
170.02750000000006
  0
TEXT
  5
31C
330
17
100
AcDbEntity
  8
TEXT
 62
7
100
AcDbText
 10
22.8
 20
171.02750000000006
 30
0.0
 40
1.35
  1
23
  7
GOST
 11
22.8
 21
171.02750000000006
 31
0.0
100
AcDbText
  0
LWPOLYLINE
  5
31D
330
17
100
AcDbEntity
  8
TEXT
 62
7
370
15
100
AcDbPolyline
 90
2
 70
0
 10
28.232600959580758
 20
173.37750000000005
 10
28.232600959580758
 20
170.02750000000006
  0
TEXT
  5
31E
330
17
100
AcDbEntity
  8
TEXT
 62
7
100
AcDbText
 10
29.03260095958076
 20
171.02750000000006
 30
0.0
 40
1.35
  1
XPS 300 кПа 50 мм (пол балкона)
  7
GOST
 11
29.03260095958076
 21
171.02750000000006
 31
0.0
100
AcDbText
  0
LWPOLYLINE
  5
31F
330
17
100
AcDbEntity
  8
TEXT
 62
7
370
15
100
AcDbPolyline
 90
2
 70
0
 10
127.04888196448488
 20
173.37750000000005
 10
127.04888196448488
 20
170.02750000000006
  0
TEXT
  5
320
330
17
100
AcDbEntity
  8
TEXT
 62
7
100
AcDbText
 10
127.84888196448487
 20
171.02750000000006
 30
0.0
 40
1.35
  1
Пеноплэкс Комфорт / Технониколь Carbon
  7
GOST
 11
127.84888196448487
 21
171.02750000000006
 31
0.0
100
AcDbText
  0
LWPOLYLINE
  5
321
330
17
100
AcDbEntity
  8
TEXT
 62
7
370
15
100
AcDbPolyline
 90
2
 70
0
 10
177.5634084591824
 20
173.37750000000005
 10
177.5634084591824
 20
170.02750000000006
  0
TEXT
  5
322
330
17
100
AcDbEntity
  8
TEXT
 62
7
100
AcDbText
 10
178.3634084591824
 20
171.02750000000006
 30
0.0
 40
1.35
  1
Пеноплэкс
  7
GOST
 11
178.3634084591824
 21
171.02750000000006
 31
0.0
100
AcDbText
  0
LWPOLYLINE
  5
323
330
17
100
AcDbEntity
  8
TEXT
 62
7
370
15
100
AcDbPolyline
 90
2
 70
0
 10
203.07740382061857
 20
173.37750000000005
 10
203.07740382061857
 20
170.02750000000006
  0
TEXT
  5
324
330
17
100
AcDbEntity
  8
TEXT
 62
7
100
AcDbText
 10
203.87740382061858
 20
171.02750000000006
 30
0.0
 40
1.35
  1
7,92
  7
GOST
 11
203.87740382061858
 21
171.02750000000006
 31
0.0
100
AcDbText
  0
LWPOLYLINE
  5
325
330
17
100
AcDbEntity
  8
TEXT
 62
7
370
15
100
AcDbPolyline
 90
2
 70
0
 10
211.93511321990684
 20
173.37750000000005
 10
211.93511321990684
 20
170.02750000000006
  0
TEXT
  5
326
330
17
100
AcDbEntity
  8
TEXT
 62
7
100
AcDbText
 10
212.73511321990685
 20
171.02750000000006
 30
0.0
 40
1.35
  1
м²
  7
GOST
 11
212.73511321990685
 21
171.02750000000006
 31
0.0
100
AcDbText
  0
LWPOLYLINE
  5
327
330
17
100
AcDbEntity
  8
TEXT
 62
7
370
15
100
AcDbPolyline
 90
2
 70
0
 10
224.881875962679
 20
173.37750000000005
 10
224.881875962679
 20
170.02750000000006
  0
TEXT
  5
328
330
17
100
AcDbEntity
  8
TEXT
 62
7
100
AcDbText
 10
225.68187596267902
 20
171.02750000000006
 30
0.0
 40
1.35
  1
650
  7
GOST
 11
225.68187596267902
 21
171.02750000000006
 31
0.0
100
AcDbText
  0
LWPOLYLINE
  5
329
330
17
100
AcDbEntity
  8
TEXT
 62
7
370
15
100
AcDbPolyline
 90
2
 70
0
 10
243.00722341235414
 20
173.37750000000005
 10
243.00722341235414
 20
170.02750000000006
  0
TEXT
  5
32A
330
17
100
AcDbEntity
  8
TEXT
 62
7
100
AcDbText
 10
243.80722341235415
 20
171.02750000000006
 30
0.0
 40
1.35
  1
5 148
  7
GOST
 11
243.80722341235415
 21
171.02750000000006
 31
0.0
100
AcDbText
  0
LWPOLYLINE
  5
32B
330
17
100
AcDbEntity
  8
TEXT
 62
7
370
15
100
AcDbPolyline
 90
2
 70
0
 10
254.1397057521732
 20
173.37750000000005
 10
254.1397057521732
 20
170.02750000000006
  0
TEXT
  5
32C
330
17
100
AcDbEntity
  8
TEXT
 62
7
100
AcDbText
 10
254.9397057521732
 20
171.02750000000006
 30
0.0
 40
1.35
  1
R7
  7
GOST
 11
254.9397057521732
 21
171.02750000000006
 31
0.0
100
AcDbText
  0
LWPOLYLINE
  5
32D
330
17
100
AcDbEntity
  8
TEXT
 62
7
370
15
100
AcDbPolyline
 90
2
 70
0
 10
270.13745728803354
 20
173.37750000000005
 10
270.13745728803354
 20
170.02750000000006
  0
TEXT
  5
32E
330
17
100
AcDbEntity
  8
TEXT
 62
7
100
AcDbText
 10
270.93745728803356
 20
171.02750000000006
 30
0.0
 40
1.35
  1
floors xps50+screed55; P-BALC; D22
  7
GOST
 11
270.93745728803356
 21
171.02750000000006
 31
0.0
100
AcDbText
  0
LWPOLYLINE
  5
32F
330
17
100
AcDbEntity
  8
TEXT
 62
7
370
15
100
AcDbPolyline
 90
2
 70
0
 10
345.930014340598
 20
173.37750000000005
 10
345.930014340598
 20
170.02750000000006
  0
TEXT
  5
330
330
17
100
AcDbEntity
  8
TEXT
 62
7
100
AcDbText
 10
346.730014340598
 20
171.02750000000006
 30
0.0
 40
1.35
  1
Ремонт
  7
GOST
 11
346.730014340598
 21
171.02750000000006
 31
0.0
100
AcDbText
  0
LWPOLYLINE
  5
331
330
17
100
AcDbEntity
  8
TEXT
 62
7
370
15
100
AcDbPolyline
 90
2
 70
0
 10
356.3681461678735
 20
173.37750000000005
 10
356.3681461678735
 20
170.02750000000006
  0
TEXT
  5
332
330
17
100
AcDbEntity
  8
TEXT
 62
7
100
AcDbText
 10
357.1681461678735
 20
171.02750000000006
 30
0.0
 40
1.35
  1
Э06
  7
GOST
 11
357.1681461678735
 21
171.02750000000006
 31
0.0
100
AcDbText
  0
LWPOLYLINE
  5
333
330
17
100
AcDbEntity
  8
TEXT
 62
7
370
15
100
AcDbPolyline
 90
2
 70
0
 10
370.23288423065344
 20
173.37750000000005
 10
370.23288423065344
 20
170.02750000000006
  0
LWPOLYLINE
  5
334
330
17
100
AcDbEntity
  8
TEXT
 62
7
370
15
100
AcDbPolyline
 90
2
 70
0
 10
413.0
 20
173.37750000000005
 10
413.0
 20
170.02750000000006
  0
LWPOLYLINE
  5
335
330
17
100
AcDbEntity
  8
TEXT
 62
7
370
15
100
AcDbPolyline
 90
4
 70
1
 10
22.0
 20
166.67750000000007
 10
413.0
 20
166.67750000000007
 10
413.0
 20
170.02750000000006
 10
22.0
 20
170.02750000000006
  0
LWPOLYLINE
  5
336
330
17
100
AcDbEntity
  8
TEXT
 62
7
370
15
100
AcDbPolyline
 90
2
 70
0
 10
22.0
 20
170.02750000000006
 10
22.0
 20
166.67750000000007
  0
TEXT
  5
337
330
17
100
AcDbEntity
  8
TEXT
 62
7
100
AcDbText
 10
22.8
 20
167.67750000000007
 30
0.0
 40
1.35
  1
24
  7
GOST
 11
22.8
 21
167.67750000000007
 31
0.0
100
AcDbText
  0
LWPOLYLINE
  5
338
330
17
100
AcDbEntity
  8
TEXT
 62
7
370
15
100
AcDbPolyline
 90
2
 70
0
 10
28.232600959580758
 20
170.02750000000006
 10
28.232600959580758
 20
166.67750000000007
  0
TEXT
  5
339
330
17
100
AcDbEntity
  8
TEXT
 62
7
100
AcDbText
 10
29.03260095958076
 20
167.67750000000007
 30
0.0
 40
1.35
  1
Плёнка ПЭ 200 мкм (нахлёст 100, завод на стены)
  7
GOST
 11
29.03260095958076
 21
167.67750000000007
 31
0.0
100
AcDbText
  0
LWPOLYLINE
  5
33A
330
17
100
AcDbEntity
  8
TEXT
 62
7
370
15
100
AcDbPolyline
 90
2
 70
0
 10
127.04888196448488
 20
170.02750000000006
 10
127.04888196448488
 20
166.67750000000007
  0
TEXT
  5
33B
330
17
100
AcDbEntity
  8
TEXT
 62
7
100
AcDbText
 10
127.84888196448487
 20
167.67750000000007
 30
0.0
 40
1.35
  1
—
  7
GOST
 11
127.84888196448487
 21
167.67750000000007
 31
0.0
100
AcDbText
  0
LWPOLYLINE
  5
33C
330
17
100
AcDbEntity
  8
TEXT
 62
7
370
15
100
AcDbPolyline
 90
2
 70
0
 10
177.5634084591824
 20
170.02750000000006
 10
177.5634084591824
 20
166.67750000000007
  0
TEXT
  5
33D
330
17
100
AcDbEntity
  8
TEXT
 62
7
100
AcDbText
 10
178.3634084591824
 20
167.67750000000007
 30
0.0
 40
1.35
  1
—
  7
GOST
 11
178.3634084591824
 21
167.67750000000007
 31
0.0
100
AcDbText
  0
LWPOLYLINE
  5
33E
330
17
100
AcDbEntity
  8
TEXT
 62
7
370
15
100
AcDbPolyline
 90
2
 70
0
 10
203.07740382061857
 20
170.02750000000006
 10
203.07740382061857
 20
166.67750000000007
  0
TEXT
  5
33F
330
17
100
AcDbEntity
  8
TEXT
 62
7
100
AcDbText
 10
203.87740382061858
 20
167.67750000000007
 30
0.0
 40
1.35
  1
9
  7
GOST
 11
203.87740382061858
 21
167.67750000000007
 31
0.0
100
AcDbText
  0
LWPOLYLINE
  5
340
330
17
100
AcDbEntity
  8
TEXT
 62
7
370
15
100
AcDbPolyline
 90
2
 70
0
 10
211.93511321990684
 20
170.02750000000006
 10
211.93511321990684
 20
166.67750000000007
  0
TEXT
  5
341
330
17
100
AcDbEntity
  8
TEXT
 62
7
100
AcDbText
 10
212.73511321990685
 20
167.67750000000007
 30
0.0
 40
1.35
  1
м²
  7
GOST
 11
212.73511321990685
 21
167.67750000000007
 31
0.0
100
AcDbText
  0
LWPOLYLINE
  5
342
330
17
100
AcDbEntity
  8
TEXT
 62
7
370
15
100
AcDbPolyline
 90
2
 70
0
 10
224.881875962679
 20
170.02750000000006
 10
224.881875962679
 20
166.67750000000007
  0
TEXT
  5
343
330
17
100
AcDbEntity
  8
TEXT
 62
7
100
AcDbText
 10
225.68187596267902
 20
167.67750000000007
 30
0.0
 40
1.35
  1
45
  7
GOST
 11
225.68187596267902
 21
167.67750000000007
 31
0.0
100
AcDbText
  0
LWPOLYLINE
  5
344
330
17
100
AcDbEntity
  8
TEXT
 62
7
370
15
100
AcDbPolyline
 90
2
 70
0
 10
243.00722341235414
 20
170.02750000000006
 10
243.00722341235414
 20
166.67750000000007
  0
TEXT
  5
345
330
17
100
AcDbEntity
  8
TEXT
 62
7
100
AcDbText
 10
243.80722341235415
 20
167.67750000000007
 30
0.0
 40
1.35
  1
405
  7
GOST
 11
243.80722341235415
 21
167.67750000000007
 31
0.0
100
AcDbText
  0
LWPOLYLINE
  5
346
330
17
100
AcDbEntity
  8
TEXT
 62
7
370
15
100
AcDbPolyline
 90
2
 70
0
 10
254.1397057521732
 20
170.02750000000006
 10
254.1397057521732
 20
166.67750000000007
  0
TEXT
  5
347
330
17
100
AcDbEntity
  8
TEXT
 62
7
100
AcDbText
 10
254.9397057521732
 20
167.67750000000007
 30
0.0
 40
1.35
  1
R7
  7
GOST
 11
254.9397057521732
 21
167.67750000000007
 31
0.0
100
AcDbText
  0
LWPOLYLINE
  5
348
330
17
100
AcDbEntity
  8
TEXT
 62
7
370
15
100
AcDbPolyline
 90
2
 70
0
 10
270.13745728803354
 20
170.02750000000006
 10
270.13745728803354
 20
166.67750000000007
  0
TEXT
  5
349
330
17
100
AcDbEntity
  8
TEXT
 62
7
100
AcDbText
 10
270.93745728803356
 20
167.67750000000007
 30
0.0
 40
1.35
  1
P-BALC
  7
GOST
 11
270.93745728803356
 21
167.67750000000007
 31
0.0
100
AcDbText
  0
LWPOLYLINE
  5
34A
330
17
100
AcDbEntity
  8
TEXT
 62
7
370
15
100
AcDbPolyline
 90
2
 70
0
 10
345.930014340598
 20
170.02750000000006
 10
345.930014340598
 20
166.67750000000007
  0
TEXT
  5
34B
330
17
100
AcDbEntity
  8
TEXT
 62
7
100
AcDbText
 10
346.730014340598
 20
167.67750000000007
 30
0.0
 40
1.35
  1
Ремонт
  7
GOST
 11
346.730014340598
 21
167.67750000000007
 31
0.0
100
AcDbText
  0
LWPOLYLINE
  5
34C
330
17
100
AcDbEntity
  8
TEXT
 62
7
370
15
100
AcDbPolyline
 90
2
 70
0
 10
356.3681461678735
 20
170.02750000000006
 10
356.3681461678735
 20
166.67750000000007
  0
TEXT
  5
34D
330
17
100
AcDbEntity
  8
TEXT
 62
7
100
AcDbText
 10
357.1681461678735
 20
167.67750000000007
 30
0.0
 40
1.35
  1
Э06
  7
GOST
 11
357.1681461678735
 21
167.67750000000007
 31
0.0
100
AcDbText
  0
LWPOLYLINE
  5
34E
330
17
100
AcDbEntity
  8
TEXT
 62
7
370
15
100
AcDbPolyline
 90
2
 70
0
 10
370.23288423065344
 20
170.02750000000006
 10
370.23288423065344
 20
166.67750000000007
  0
LWPOLYLINE
  5
34F
330
17
100
AcDbEntity
  8
TEXT
 62
7
370
15
100
AcDbPolyline
 90
2
 70
0
 10
413.0
 20
170.02750000000006
 10
413.0
 20
166.67750000000007
  0
LWPOLYLINE
  5
350
330
17
100
AcDbEntity
  8
TEXT
 62
7
370
15
100
AcDbPolyline
 90
4
 70
1
 10
22.0
 20
163.32750000000007
 10
413.0
 20
163.32750000000007
 10
413.0
 20
166.67750000000007
 10
22.0
 20
166.67750000000007
  0
LWPOLYLINE
  5
351
330
17
100
AcDbEntity
  8
TEXT
 62
7
370
15
100
AcDbPolyline
 90
2
 70
0
 10
22.0
 20
166.67750000000007
 10
22.0
 20
163.32750000000007
  0
TEXT
  5
352
330
17
100
AcDbEntity
  8
TEXT
 62
7
100
AcDbText
 10
22.8
 20
164.32750000000007
 30
0.0
 40
1.35
  1
25
  7
GOST
 11
22.8
 21
164.32750000000007
 31
0.0
100
AcDbText
  0
LWPOLYLINE
  5
353
330
17
100
AcDbEntity
  8
TEXT
 62
7
370
15
100
AcDbPolyline
 90
2
 70
0
 10
28.232600959580758
 20
166.67750000000007
 10
28.232600959580758
 20
163.32750000000007
  0
TEXT
  5
354
330
17
100
AcDbEntity
  8
TEXT
 62
7
100
AcDbText
 10
29.03260095958076
 20
164.32750000000007
 30
0.0
 40
1.35
  1
ЦПС М300 (стяжка балкона 55 мм)
  7
GOST
 11
29.03260095958076
 21
164.32750000000007
 31
0.0
100
AcDbText
  0
LWPOLYLINE
  5
355
330
17
100
AcDbEntity
  8
TEXT
 62
7
370
15
100
AcDbPolyline
 90
2
 70
0
 10
127.04888196448488
 20
166.67750000000007
 10
127.04888196448488
 20
163.32750000000007
  0
TEXT
  5
356
330
17
100
AcDbEntity
  8
TEXT
 62
7
100
AcDbText
 10
127.84888196448487
 20
164.32750000000007
 30
0.0
 40
1.35
  1
—
  7
GOST
 11
127.84888196448487
 21
164.32750000000007
 31
0.0
100
AcDbText
  0
LWPOLYLINE
  5
357
330
17
100
AcDbEntity
  8
TEXT
 62
7
370
15
100
AcDbPolyline
 90
2
 70
0
 10
177.5634084591824
 20
166.67750000000007
 10
177.5634084591824
 20
163.32750000000007
  0
TEXT
  5
358
330
17
100
AcDbEntity
  8
TEXT
 62
7
100
AcDbText
 10
178.3634084591824
 20
164.32750000000007
 30
0.0
 40
1.35
  1
—
  7
GOST
 11
178.3634084591824
 21
164.32750000000007
 31
0.0
100
AcDbText
  0
LWPOLYLINE
  5
359
330
17
100
AcDbEntity
  8
TEXT
 62
7
370
15
100
AcDbPolyline
 90
2
 70
0
 10
203.07740382061857
 20
166.67750000000007
 10
203.07740382061857
 20
163.32750000000007
  0
TEXT
  5
35A
330
17
100
AcDbEntity
  8
TEXT
 62
7
100
AcDbText
 10
203.87740382061858
 20
164.32750000000007
 30
0.0
 40
1.35
  1
19
  7
GOST
 11
203.87740382061858
 21
164.32750000000007
 31
0.0
100
AcDbText
  0
LWPOLYLINE
  5
35B
330
17
100
AcDbEntity
  8
TEXT
 62
7
370
15
100
AcDbPolyline
 90
2
 70
0
 10
211.93511321990684
 20
166.67750000000007
 10
211.93511321990684
 20
163.32750000000007
  0
TEXT
  5
35C
330
17
100
AcDbEntity
  8
TEXT
 62
7
100
AcDbText
 10
212.73511321990685
 20
164.32750000000007
 30
0.0
 40
1.35
  1
меш. 40 кг
  7
GOST
 11
212.73511321990685
 21
164.32750000000007
 31
0.0
100
AcDbText
  0
LWPOLYLINE
  5
35D
330
17
100
AcDbEntity
  8
TEXT
 62
7
370
15
100
AcDbPolyline
 90
2
 70
0
 10
224.881875962679
 20
166.67750000000007
 10
224.881875962679
 20
163.32750000000007
  0
TEXT
  5
35E
330
17
100
AcDbEntity
  8
TEXT
 62
7
100
AcDbText
 10
225.68187596267902
 20
164.32750000000007
 30
0.0
 40
1.35
  1
380
  7
GOST
 11
225.68187596267902
 21
164.32750000000007
 31
0.0
100
AcDbText
  0
LWPOLYLINE
  5
35F
330
17
100
AcDbEntity
  8
TEXT
 62
7
370
15
100
AcDbPolyline
 90
2
 70
0
 10
243.00722341235414
 20
166.67750000000007
 10
243.00722341235414
 20
163.32750000000007
  0
TEXT
  5
360
330
17
100
AcDbEntity
  8
TEXT
 62
7
100
AcDbText
 10
243.80722341235415
 20
164.32750000000007
 30
0.0
 40
1.35
  1
7 220
  7
GOST
 11
243.80722341235415
 21
164.32750000000007
 31
0.0
100
AcDbText
  0
LWPOLYLINE
  5
361
330
17
100
AcDbEntity
  8
TEXT
 62
7
370
15
100
AcDbPolyline
 90
2
 70
0
 10
254.1397057521732
 20
166.67750000000007
 10
254.1397057521732
 20
163.32750000000007
  0
TEXT
  5
362
330
17
100
AcDbEntity
  8
TEXT
 62
7
100
AcDbText
 10
254.9397057521732
 20
164.32750000000007
 30
0.0
 40
1.35
  1
R7
  7
GOST
 11
254.9397057521732
 21
164.32750000000007
 31
0.0
100
AcDbText
  0
LWPOLYLINE
  5
363
330
17
100
AcDbEntity
  8
TEXT
 62
7
370
15
100
AcDbPolyline
 90
2
 70
0
 10
270.13745728803354
 20
166.67750000000007
 10
270.13745728803354
 20
163.32750000000007
  0
TEXT
  5
364
330
17
100
AcDbEntity
  8
TEXT
 62
7
100
AcDbText
 10
270.93745728803356
 20
164.32750000000007
 30
0.0
 40
1.35
  1
P-BALC
  7
GOST
 11
270.93745728803356
 21
164.32750000000007
 31
0.0
100
AcDbText
  0
LWPOLYLINE
  5
365
330
17
100
AcDbEntity
  8
TEXT
 62
7
370
15
100
AcDbPolyline
 90
2
 70
0
 10
345.930014340598
 20
166.67750000000007
 10
345.930014340598
 20
163.32750000000007
  0
TEXT
  5
366
330
17
100
AcDbEntity
  8
TEXT
 62
7
100
AcDbText
 10
346.730014340598
 20
164.32750000000007
 30
0.0
 40
1.35
  1
Ремонт
  7
GOST
 11
346.730014340598
 21
164.32750000000007
 31
0.0
100
AcDbText
  0
LWPOLYLINE
  5
367
330
17
100
AcDbEntity
  8
TEXT
 62
7
370
15
100
AcDbPolyline
 90
2
 70
0
 10
356.3681461678735
 20
166.67750000000007
 10
356.3681461678735
 20
163.32750000000007
  0
TEXT
  5
368
330
17
100
AcDbEntity
  8
TEXT
 62
7
100
AcDbText
 10
357.1681461678735
 20
164.32750000000007
 30
0.0
 40
1.35
  1
Э06
  7
GOST
 11
357.1681461678735
 21
164.32750000000007
 31
0.0
100
AcDbText
  0
LWPOLYLINE
  5
369
330
17
100
AcDbEntity
  8
TEXT
 62
7
370
15
100
AcDbPolyline
 90
2
 70
0
 10
370.23288423065344
 20
166.67750000000007
 10
370.23288423065344
 20
163.32750000000007
  0
LWPOLYLINE
  5
36A
330
17
100
AcDbEntity
  8
TEXT
 62
7
370
15
100
AcDbPolyline
 90
2
 70
0
 10
413.0
 20
166.67750000000007
 10
413.0
 20
163.32750000000007
  0
LWPOLYLINE
  5
36B
330
17
100
AcDbEntity
  8
TEXT
 62
7
370
15
100
AcDbPolyline
 90
4
 70
1
 10
22.0
 20
159.97750000000008
 10
413.0
 20
159.97750000000008
 10
413.0
 20
163.32750000000007
 10
22.0
 20
163.32750000000007
  0
LWPOLYLINE
  5
36C
330
17
100
AcDbEntity
  8
TEXT
 62
7
370
15
100
AcDbPolyline
 90
2
 70
0
 10
22.0
 20
163.32750000000007
 10
22.0
 20
159.97750000000008
  0
TEXT
  5
36D
330
17
100
AcDbEntity
  8
TEXT
 62
7
100
AcDbText
 10
22.8
 20
160.97750000000008
 30
0.0
 40
1.35
  1
26
  7
GOST
 11
22.8
 21
160.97750000000008
 31
0.0
100
AcDbText
  0
LWPOLYLINE
  5
36E
330
17
100
AcDbEntity
  8
TEXT
 62
7
370
15
100
AcDbPolyline
 90
2
 70
0
 10
28.232600959580758
 20
163.32750000000007
 10
28.232600959580758
 20
159.97750000000008
  0
TEXT
  5
36F
330
17
100
AcDbEntity
  8
TEXT
 62
7
100
AcDbText
 10
29.03260095958076
 20
160.97750000000008
 30
0.0
 40
1.35
  1
Самовыравнивающая смесь 10 мм по мату TP3 (16 кг/м²)
  7
GOST
 11
29.03260095958076
 21
160.97750000000008
 31
0.0
100
AcDbText
  0
LWPOLYLINE
  5
370
330
17
100
AcDbEntity
  8
TEXT
 62
7
370
15
100
AcDbPolyline
 90
2
 70
0
 10
127.04888196448488
 20
163.32750000000007
 10
127.04888196448488
 20
159.97750000000008
  0
TEXT
  5
371
330
17
100
AcDbEntity
  8
TEXT
 62
7
100
AcDbText
 10
127.84888196448487
 20
160.97750000000008
 30
0.0
 40
1.35
  1
Ceresit CN 175 / Knauf Боден
  7
GOST
 11
127.84888196448487
 21
160.97750000000008
 31
0.0
100
AcDbText
  0
LWPOLYLINE
  5
372
330
17
100
AcDbEntity
  8
TEXT
 62
7
370
15
100
AcDbPolyline
 90
2
 70
0
 10
177.5634084591824
 20
163.32750000000007
 10
177.5634084591824
 20
159.97750000000008
  0
TEXT
  5
373
330
17
100
AcDbEntity
  8
TEXT
 62
7
100
AcDbText
 10
178.3634084591824
 20
160.97750000000008
 30
0.0
 40
1.35
  1
Ceresit
  7
GOST
 11
178.3634084591824
 21
160.97750000000008
 31
0.0
100
AcDbText
  0
LWPOLYLINE
  5
374
330
17
100
AcDbEntity
  8
TEXT
 62
7
370
15
100
AcDbPolyline
 90
2
 70
0
 10
203.07740382061857
 20
163.32750000000007
 10
203.07740382061857
 20
159.97750000000008
  0
TEXT
  5
375
330
17
100
AcDbEntity
  8
TEXT
 62
7
100
AcDbText
 10
203.87740382061858
 20
160.97750000000008
 30
0.0
 40
1.35
  1
5
  7
GOST
 11
203.87740382061858
 21
160.97750000000008
 31
0.0
100
AcDbText
  0
LWPOLYLINE
  5
376
330
17
100
AcDbEntity
  8
TEXT
 62
7
370
15
100
AcDbPolyline
 90
2
 70
0
 10
211.93511321990684
 20
163.32750000000007
 10
211.93511321990684
 20
159.97750000000008
  0
TEXT
  5
377
330
17
100
AcDbEntity
  8
TEXT
 62
7
100
AcDbText
 10
212.73511321990685
 20
160.97750000000008
 30
0.0
 40
1.35
  1
меш. 25 кг
  7
GOST
 11
212.73511321990685
 21
160.97750000000008
 31
0.0
100
AcDbText
  0
LWPOLYLINE
  5
378
330
17
100
AcDbEntity
  8
TEXT
 62
7
370
15
100
AcDbPolyline
 90
2
 70
0
 10
224.881875962679
 20
163.32750000000007
 10
224.881875962679
 20
159.97750000000008
  0
TEXT
  5
379
330
17
100
AcDbEntity
  8
TEXT
 62
7
100
AcDbText
 10
225.68187596267902
 20
160.97750000000008
 30
0.0
 40
1.35
  1
950
  7
GOST
 11
225.68187596267902
 21
160.97750000000008
 31
0.0
100
AcDbText
  0
LWPOLYLINE
  5
37A
330
17
100
AcDbEntity
  8
TEXT
 62
7
370
15
100
AcDbPolyline
 90
2
 70
0
 10
243.00722341235414
 20
163.32750000000007
 10
243.00722341235414
 20
159.97750000000008
  0
TEXT
  5
37B
330
17
100
AcDbEntity
  8
TEXT
 62
7
100
AcDbText
 10
243.80722341235415
 20
160.97750000000008
 30
0.0
 40
1.35
  1
4 750
  7
GOST
 11
243.80722341235415
 21
160.97750000000008
 31
0.0
100
AcDbText
  0
LWPOLYLINE
  5
37C
330
17
100
AcDbEntity
  8
TEXT
 62
7
370
15
100
AcDbPolyline
 90
2
 70
0
 10
254.1397057521732
 20
163.32750000000007
 10
254.1397057521732
 20
159.97750000000008
  0
TEXT
  5
37D
330
17
100
AcDbEntity
  8
TEXT
 62
7
100
AcDbText
 10
254.9397057521732
 20
160.97750000000008
 30
0.0
 40
1.35
  1
R7
  7
GOST
 11
254.9397057521732
 21
160.97750000000008
 31
0.0
100
AcDbText
  0
LWPOLYLINE
  5
37E
330
17
100
AcDbEntity
  8
TEXT
 62
7
370
15
100
AcDbPolyline
 90
2
 70
0
 10
270.13745728803354
 20
163.32750000000007
 10
270.13745728803354
 20
159.97750000000008
  0
TEXT
  5
37F
330
17
100
AcDbEntity
  8
TEXT
 62
7
100
AcDbText
 10
270.93745728803356
 20
160.97750000000008
 30
0.0
 40
1.35
  1
P-BALC
  7
GOST
 11
270.93745728803356
 21
160.97750000000008
 31
0.0
100
AcDbText
  0
LWPOLYLINE
  5
380
330
17
100
AcDbEntity
  8
TEXT
 62
7
370
15
100
AcDbPolyline
 90
2
 70
0
 10
345.930014340598
 20
163.32750000000007
 10
345.930014340598
 20
159.97750000000008
  0
TEXT
  5
381
330
17
100
AcDbEntity
  8
TEXT
 62
7
100
AcDbText
 10
346.730014340598
 20
160.97750000000008
 30
0.0
 40
1.35
  1
Ремонт
  7
GOST
 11
346.730014340598
 21
160.97750000000008
 31
0.0
100
AcDbText
  0
LWPOLYLINE
  5
382
330
17
100
AcDbEntity
  8
TEXT
 62
7
370
15
100
AcDbPolyline
 90
2
 70
0
 10
356.3681461678735
 20
163.32750000000007
 10
356.3681461678735
 20
159.97750000000008
  0
TEXT
  5
383
330
17
100
AcDbEntity
  8
TEXT
 62
7
100
AcDbText
 10
357.1681461678735
 20
160.97750000000008
 30
0.0
 40
1.35
  1
Э06
  7
GOST
 11
357.1681461678735
 21
160.97750000000008
 31
0.0
100
AcDbText
  0
LWPOLYLINE
  5
384
330
17
100
AcDbEntity
  8
TEXT
 62
7
370
15
100
AcDbPolyline
 90
2
 70
0
 10
370.23288423065344
 20
163.32750000000007
 10
370.23288423065344
 20
159.97750000000008
  0
LWPOLYLINE
  5
385
330
17
100
AcDbEntity
  8
TEXT
 62
7
370
15
100
AcDbPolyline
 90
2
 70
0
 10
413.0
 20
163.32750000000007
 10
413.0
 20
159.97750000000008
  0
LWPOLYLINE
  5
386
330
17
100
AcDbEntity
  8
TEXT
 62
7
370
15
100
AcDbPolyline
 90
4
 70
1
 10
22.0
 20
154.67000000000007
 10
413.0
 20
154.67000000000007
 10
413.0
 20
159.97750000000008
 10
22.0
 20
159.97750000000008
  0
LWPOLYLINE
  5
387
330
17
100
AcDbEntity
  8
TEXT
 62
7
370
15
100
AcDbPolyline
 90
2
 70
0
 10
22.0
 20
159.97750000000008
 10
22.0
 20
154.67000000000007
  0
TEXT
  5
388
330
17
100
AcDbEntity
  8
TEXT
 62
7
100
AcDbText
 10
22.8
 20
157.62750000000008
 30
0.0
 40
1.35
  1
27
  7
GOST
 11
22.8
 21
157.62750000000008
 31
0.0
100
AcDbText
  0
LWPOLYLINE
  5
389
330
17
100
AcDbEntity
  8
TEXT
 62
7
370
15
100
AcDbPolyline
 90
2
 70
0
 10
28.232600959580758
 20
159.97750000000008
 10
28.232600959580758
 20
154.67000000000007
  0
TEXT
  5
38A
330
17
100
AcDbEntity
  8
TEXT
 62
7
100
AcDbText
 10
29.03260095958076
 20
157.62750000000008
 30
0.0
 40
1.35
  1
Остекление балкона тёплое ПВХ 70 мм, 2-камерный энергосберегающий стеклопакет, наружное
  7
GOST
 11
29.03260095958076
 21
157.62750000000008
 31
0.0
100
AcDbText
  0
TEXT
  5
38B
330
17
100
AcDbEntity
  8
TEXT
 62
7
100
AcDbText
 10
29.03260095958076
 20
155.67000000000007
 30
0.0
 40
1.35
  1
стекло триплекс P2A, фурнитура с детским замком, отливы, подоконник
  7
GOST
 11
29.03260095958076
 21
155.67000000000007
 31
0.0
100
AcDbText
  0
LWPOLYLINE
  5
38C
330
17
100
AcDbEntity
  8
TEXT
 62
7
370
15
100
AcDbPolyline
 90
2
 70
0
 10
127.04888196448488
 20
159.97750000000008
 10
127.04888196448488
 20
154.67000000000007
  0
TEXT
  5
38D
330
17
100
AcDbEntity
  8
TEXT
 62
7
100
AcDbText
 10
127.84888196448487
 20
157.62750000000008
 30
0.0
 40
1.35
  1
VEKA / Exprof / Rehau-класс
  7
GOST
 11
127.84888196448487
 21
157.62750000000008
 31
0.0
100
AcDbText
  0
LWPOLYLINE
  5
38E
330
17
100
AcDbEntity
  8
TEXT
 62
7
370
15
100
AcDbPolyline
 90
2
 70
0
 10
177.5634084591824
 20
159.97750000000008
 10
177.5634084591824
 20
154.67000000000007
  0
TEXT
  5
38F
330
17
100
AcDbEntity
  8
TEXT
 62
7
100
AcDbText
 10
178.3634084591824
 20
157.62750000000008
 30
0.0
 40
1.35
  1
переработчик СПб
  7
GOST
 11
178.3634084591824
 21
157.62750000000008
 31
0.0
100
AcDbText
  0
LWPOLYLINE
  5
390
330
17
100
AcDbEntity
  8
TEXT
 62
7
370
15
100
AcDbPolyline
 90
2
 70
0
 10
203.07740382061857
 20
159.97750000000008
 10
203.07740382061857
 20
154.67000000000007
  0
TEXT
  5
391
330
17
100
AcDbEntity
  8
TEXT
 62
7
100
AcDbText
 10
203.87740382061858
 20
157.62750000000008
 30
0.0
 40
1.35
  1
10,5
  7
GOST
 11
203.87740382061858
 21
157.62750000000008
 31
0.0
100
AcDbText
  0
LWPOLYLINE
  5
392
330
17
100
AcDbEntity
  8
TEXT
 62
7
370
15
100
AcDbPolyline
 90
2
 70
0
 10
211.93511321990684
 20
159.97750000000008
 10
211.93511321990684
 20
154.67000000000007
  0
TEXT
  5
393
330
17
100
AcDbEntity
  8
TEXT
 62
7
100
AcDbText
 10
212.73511321990685
 20
157.62750000000008
 30
0.0
 40
1.35
  1
м²
  7
GOST
 11
212.73511321990685
 21
157.62750000000008
 31
0.0
100
AcDbText
  0
LWPOLYLINE
  5
394
330
17
100
AcDbEntity
  8
TEXT
 62
7
370
15
100
AcDbPolyline
 90
2
 70
0
 10
224.881875962679
 20
159.97750000000008
 10
224.881875962679
 20
154.67000000000007
  0
TEXT
  5
395
330
17
100
AcDbEntity
  8
TEXT
 62
7
100
AcDbText
 10
225.68187596267902
 20
157.62750000000008
 30
0.0
 40
1.35
  1
21 000
  7
GOST
 11
225.68187596267902
 21
157.62750000000008
 31
0.0
100
AcDbText
  0
LWPOLYLINE
  5
396
330
17
100
AcDbEntity
  8
TEXT
 62
7
370
15
100
AcDbPolyline
 90
2
 70
0
 10
243.00722341235414
 20
159.97750000000008
 10
243.00722341235414
 20
154.67000000000007
  0
TEXT
  5
397
330
17
100
AcDbEntity
  8
TEXT
 62
7
100
AcDbText
 10
243.80722341235415
 20
157.62750000000008
 30
0.0
 40
1.35
  1
220 500
  7
GOST
 11
243.80722341235415
 21
157.62750000000008
 31
0.0
100
AcDbText
  0
LWPOLYLINE
  5
398
330
17
100
AcDbEntity
  8
TEXT
 62
7
370
15
100
AcDbPolyline
 90
2
 70
0
 10
254.1397057521732
 20
159.97750000000008
 10
254.1397057521732
 20
154.67000000000007
  0
TEXT
  5
399
330
17
100
AcDbEntity
  8
TEXT
 62
7
100
AcDbText
 10
254.9397057521732
 20
157.62750000000008
 30
0.0
 40
1.35
  1
R7
  7
GOST
 11
254.9397057521732
 21
157.62750000000008
 31
0.0
100
AcDbText
  0
LWPOLYLINE
  5
39A
330
17
100
AcDbEntity
  8
TEXT
 62
7
370
15
100
AcDbPolyline
 90
2
 70
0
 10
270.13745728803354
 20
159.97750000000008
 10
270.13745728803354
 20
154.67000000000007
  0
TEXT
  5
39B
330
17
100
AcDbEntity
  8
TEXT
 62
7
100
AcDbText
 10
270.93745728803356
 20
157.62750000000008
 30
0.0
 40
1.35
  1
electrical.json balcony_heat_balance (остекление 10,5 м²); M32; №12
  7
GOST
 11
270.93745728803356
 21
157.62750000000008
 31
0.0
100
AcDbText
  0
LWPOLYLINE
  5
39C
330
17
100
AcDbEntity
  8
TEXT
 62
7
370
15
100
AcDbPolyline
 90
2
 70
0
 10
345.930014340598
 20
159.97750000000008
 10
345.930014340598
 20
154.67000000000007
  0
TEXT
  5
39D
330
17
100
AcDbEntity
  8
TEXT
 62
7
100
AcDbText
 10
346.730014340598
 20
157.62750000000008
 30
0.0
 40
1.35
  1
Ремонт
  7
GOST
 11
346.730014340598
 21
157.62750000000008
 31
0.0
100
AcDbText
  0
LWPOLYLINE
  5
39E
330
17
100
AcDbEntity
  8
TEXT
 62
7
370
15
100
AcDbPolyline
 90
2
 70
0
 10
356.3681461678735
 20
159.97750000000008
 10
356.3681461678735
 20
154.67000000000007
  0
TEXT
  5
39F
330
17
100
AcDbEntity
  8
TEXT
 62
7
100
AcDbText
 10
357.1681461678735
 20
157.62750000000008
 30
0.0
 40
1.35
  1
Э03
  7
GOST
 11
357.1681461678735
 21
157.62750000000008
 31
0.0
100
AcDbText
  0
LWPOLYLINE
  5
3A0
330
17
100
AcDbEntity
  8
TEXT
 62
7
370
15
100
AcDbPolyline
 90
2
 70
0
 10
370.23288423065344
 20
159.97750000000008
 10
370.23288423065344
 20
154.67000000000007
  0
TEXT
  5
3A1
330
17
100
AcDbEntity
  8
TEXT
 62
7
100
AcDbText
 10
371.03288423065345
 20
157.62750000000008
 30
0.0
 40
1.35
  1
поставка; монтаж — в работах
  7
GOST
 11
371.03288423065345
 21
157.62750000000008
 31
0.0
100
AcDbText
  0
LWPOLYLINE
  5
3A2
330
17
100
AcDbEntity
  8
TEXT
 62
7
370
15
100
AcDbPolyline
 90
2
 70
0
 10
413.0
 20
159.97750000000008
 10
413.0
 20
154.67000000000007
  0
LWPOLYLINE
  5
3A3
330
17
100
AcDbEntity
  8
TEXT
 62
7
370
15
100
AcDbPolyline
 90
4
 70
1
 10
22.0
 20
151.32000000000008
 10
413.0
 20
151.32000000000008
 10
413.0
 20
154.67000000000007
 10
22.0
 20
154.67000000000007
  0
LWPOLYLINE
  5
3A4
330
17
100
AcDbEntity
  8
TEXT
 62
7
370
15
100
AcDbPolyline
 90
2
 70
0
 10
22.0
 20
154.67000000000007
 10
22.0
 20
151.32000000000008
  0
TEXT
  5
3A5
330
17
100
AcDbEntity
  8
TEXT
 62
7
100
AcDbText
 10
22.8
 20
152.32000000000008
 30
0.0
 40
1.35
  1
28
  7
GOST
 11
22.8
 21
152.32000000000008
 31
0.0
100
AcDbText
  0
LWPOLYLINE
  5
3A6
330
17
100
AcDbEntity
  8
TEXT
 62
7
370
15
100
AcDbPolyline
 90
2
 70
0
 10
28.232600959580758
 20
154.67000000000007
 10
28.232600959580758
 20
151.32000000000008
  0
TEXT
  5
3A7
330
17
100
AcDbEntity
  8
TEXT
 62
7
100
AcDbText
 10
29.03260095958076
 20
152.32000000000008
 30
0.0
 40
1.35
  1
Оконный приточный клапан в раме (гигрорегулируемый)
  7
GOST
 11
29.03260095958076
 21
152.32000000000008
 31
0.0
100
AcDbText
  0
LWPOLYLINE
  5
3A8
330
17
100
AcDbEntity
  8
TEXT
 62
7
370
15
100
AcDbPolyline
 90
2
 70
0
 10
127.04888196448488
 20
154.67000000000007
 10
127.04888196448488
 20
151.32000000000008
  0
TEXT
  5
3A9
330
17
100
AcDbEntity
  8
TEXT
 62
7
100
AcDbText
 10
127.84888196448487
 20
152.32000000000008
 30
0.0
 40
1.35
  1
Aereco / Air-Box
  7
GOST
 11
127.84888196448487
 21
152.32000000000008
 31
0.0
100
AcDbText
  0
LWPOLYLINE
  5
3AA
330
17
100
AcDbEntity
  8
TEXT
 62
7
370
15
100
AcDbPolyline
 90
2
 70
0
 10
177.5634084591824
 20
154.67000000000007
 10
177.5634084591824
 20
151.32000000000008
  0
TEXT
  5
3AB
330
17
100
AcDbEntity
  8
TEXT
 62
7
100
AcDbText
 10
178.3634084591824
 20
152.32000000000008
 30
0.0
 40
1.35
  1
Aereco
  7
GOST
 11
178.3634084591824
 21
152.32000000000008
 31
0.0
100
AcDbText
  0
LWPOLYLINE
  5
3AC
330
17
100
AcDbEntity
  8
TEXT
 62
7
370
15
100
AcDbPolyline
 90
2
 70
0
 10
203.07740382061857
 20
154.67000000000007
 10
203.07740382061857
 20
151.32000000000008
  0
TEXT
  5
3AD
330
17
100
AcDbEntity
  8
TEXT
 62
7
100
AcDbText
 10
203.87740382061858
 20
152.32000000000008
 30
0.0
 40
1.35
  1
2
  7
GOST
 11
203.87740382061858
 21
152.32000000000008
 31
0.0
100
AcDbText
  0
LWPOLYLINE
  5
3AE
330
17
100
AcDbEntity
  8
TEXT
 62
7
370
15
100
AcDbPolyline
 90
2
 70
0
 10
211.93511321990684
 20
154.67000000000007
 10
211.93511321990684
 20
151.32000000000008
  0
TEXT
  5
3AF
330
17
100
AcDbEntity
  8
TEXT
 62
7
100
AcDbText
 10
212.73511321990685
 20
152.32000000000008
 30
0.0
 40
1.35
  1
шт
  7
GOST
 11
212.73511321990685
 21
152.32000000000008
 31
0.0
100
AcDbText
  0
LWPOLYLINE
  5
3B0
330
17
100
AcDbEntity
  8
TEXT
 62
7
370
15
100
AcDbPolyline
 90
2
 70
0
 10
224.881875962679
 20
154.67000000000007
 10
224.881875962679
 20
151.32000000000008
  0
TEXT
  5
3B1
330
17
100
AcDbEntity
  8
TEXT
 62
7
100
AcDbText
 10
225.68187596267902
 20
152.32000000000008
 30
0.0
 40
1.35
  1
3 500
  7
GOST
 11
225.68187596267902
 21
152.32000000000008
 31
0.0
100
AcDbText
  0
LWPOLYLINE
  5
3B2
330
17
100
AcDbEntity
  8
TEXT
 62
7
370
15
100
AcDbPolyline
 90
2
 70
0
 10
243.00722341235414
 20
154.67000000000007
 10
243.00722341235414
 20
151.32000000000008
  0
TEXT
  5
3B3
330
17
100
AcDbEntity
  8
TEXT
 62
7
100
AcDbText
 10
243.80722341235415
 20
152.32000000000008
 30
0.0
 40
1.35
  1
7 000
  7
GOST
 11
243.80722341235415
 21
152.32000000000008
 31
0.0
100
AcDbText
  0
LWPOLYLINE
  5
3B4
330
17
100
AcDbEntity
  8
TEXT
 62
7
370
15
100
AcDbPolyline
 90
2
 70
0
 10
254.1397057521732
 20
154.67000000000007
 10
254.1397057521732
 20
151.32000000000008
  0
TEXT
  5
3B5
330
17
100
AcDbEntity
  8
TEXT
 62
7
100
AcDbText
 10
254.9397057521732
 20
152.32000000000008
 30
0.0
 40
1.35
  1
R7
  7
GOST
 11
254.9397057521732
 21
152.32000000000008
 31
0.0
100
AcDbText
  0
LWPOLYLINE
  5
3B6
330
17
100
AcDbEntity
  8
TEXT
 62
7
370
15
100
AcDbPolyline
 90
2
 70
0
 10
270.13745728803354
 20
154.67000000000007
 10
270.13745728803354
 20
151.32000000000008
  0
TEXT
  5
3B7
330
17
100
AcDbEntity
  8
TEXT
 62
7
100
AcDbText
 10
270.93745728803356
 20
152.32000000000008
 30
0.0
 40
1.35
  1
SV1, SV2; ОВ-02
  7
GOST
 11
270.93745728803356
 21
152.32000000000008
 31
0.0
100
AcDbText
  0
LWPOLYLINE
  5
3B8
330
17
100
AcDbEntity
  8
TEXT
 62
7
370
15
100
AcDbPolyline
 90
2
 70
0
 10
345.930014340598
 20
154.67000000000007
 10
345.930014340598
 20
151.32000000000008
  0
TEXT
  5
3B9
330
17
100
AcDbEntity
  8
TEXT
 62
7
100
AcDbText
 10
346.730014340598
 20
152.32000000000008
 30
0.0
 40
1.35
  1
Ремонт
  7
GOST
 11
346.730014340598
 21
152.32000000000008
 31
0.0
100
AcDbText
  0
LWPOLYLINE
  5
3BA
330
17
100
AcDbEntity
  8
TEXT
 62
7
370
15
100
AcDbPolyline
 90
2
 70
0
 10
356.3681461678735
 20
154.67000000000007
 10
356.3681461678735
 20
151.32000000000008
  0
TEXT
  5
3BB
330
17
100
AcDbEntity
  8
TEXT
 62
7
100
AcDbText
 10
357.1681461678735
 20
152.32000000000008
 30
0.0
 40
1.35
  1
Э03
  7
GOST
 11
357.1681461678735
 21
152.32000000000008
 31
0.0
100
AcDbText
  0
LWPOLYLINE
  5
3BC
330
17
100
AcDbEntity
  8
TEXT
 62
7
370
15
100
AcDbPolyline
 90
2
 70
0
 10
370.23288423065344
 20
154.67000000000007
 10
370.23288423065344
 20
151.32000000000008
  0
LWPOLYLINE
  5
3BD
330
17
100
AcDbEntity
  8
TEXT
 62
7
370
15
100
AcDbPolyline
 90
2
 70
0
 10
413.0
 20
154.67000000000007
 10
413.0
 20
151.32000000000008
  0
LWPOLYLINE
  5
3BE
330
17
100
AcDbEntity
  8
TEXT
 62
7
370
15
100
AcDbPolyline
 90
4
 70
1
 10
22.0
 20
147.97000000000008
 10
413.0
 20
147.97000000000008
 10
413.0
 20
151.32000000000008
 10
22.0
 20
151.32000000000008
  0
LWPOLYLINE
  5
3BF
330
17
100
AcDbEntity
  8
TEXT
 62
7
370
15
100
AcDbPolyline
 90
2
 70
0
 10
22.0
 20
151.32000000000008
 10
22.0
 20
147.97000000000008
  0
TEXT
  5
3C0
330
17
100
AcDbEntity
  8
TEXT
 62
7
100
AcDbText
 10
22.8
 20
148.97000000000008
 30
0.0
 40
1.35
  1
29
  7
GOST
 11
22.8
 21
148.97000000000008
 31
0.0
100
AcDbText
  0
LWPOLYLINE
  5
3C1
330
17
100
AcDbEntity
  8
TEXT
 62
7
370
15
100
AcDbPolyline
 90
2
 70
0
 10
28.232600959580758
 20
151.32000000000008
 10
28.232600959580758
 20
147.97000000000008
  0
TEXT
  5
3C2
330
17
100
AcDbEntity
  8
TEXT
 62
7
100
AcDbText
 10
29.03260095958076
 20
148.97000000000008
 30
0.0
 40
1.35
  1
Утеплитель PIR 50 фольгированный (парапеты, потолок балкона)
  7
GOST
 11
29.03260095958076
 21
148.97000000000008
 31
0.0
100
AcDbText
  0
LWPOLYLINE
  5
3C3
330
17
100
AcDbEntity
  8
TEXT
 62
7
370
15
100
AcDbPolyline
 90
2
 70
0
 10
127.04888196448488
 20
151.32000000000008
 10
127.04888196448488
 20
147.97000000000008
  0
TEXT
  5
3C4
330
17
100
AcDbEntity
  8
TEXT
 62
7
100
AcDbText
 10
127.84888196448487
 20
148.97000000000008
 30
0.0
 40
1.35
  1
Logicpir / Технониколь
  7
GOST
 11
127.84888196448487
 21
148.97000000000008
 31
0.0
100
AcDbText
  0
LWPOLYLINE
  5
3C5
330
17
100
AcDbEntity
  8
TEXT
 62
7
370
15
100
AcDbPolyline
 90
2
 70
0
 10
177.5634084591824
 20
151.32000000000008
 10
177.5634084591824
 20
147.97000000000008
  0
TEXT
  5
3C6
330
17
100
AcDbEntity
  8
TEXT
 62
7
100
AcDbText
 10
178.3634084591824
 20
148.97000000000008
 30
0.0
 40
1.35
  1
Технониколь
  7
GOST
 11
178.3634084591824
 21
148.97000000000008
 31
0.0
100
AcDbText
  0
LWPOLYLINE
  5
3C7
330
17
100
AcDbEntity
  8
TEXT
 62
7
370
15
100
AcDbPolyline
 90
2
 70
0
 10
203.07740382061857
 20
151.32000000000008
 10
203.07740382061857
 20
147.97000000000008
  0
TEXT
  5
3C8
330
17
100
AcDbEntity
  8
TEXT
 62
7
100
AcDbText
 10
203.87740382061858
 20
148.97000000000008
 30
0.0
 40
1.35
  1
14,4
  7
GOST
 11
203.87740382061858
 21
148.97000000000008
 31
0.0
100
AcDbText
  0
LWPOLYLINE
  5
3C9
330
17
100
AcDbEntity
  8
TEXT
 62
7
370
15
100
AcDbPolyline
 90
2
 70
0
 10
211.93511321990684
 20
151.32000000000008
 10
211.93511321990684
 20
147.97000000000008
  0
TEXT
  5
3CA
330
17
100
AcDbEntity
  8
TEXT
 62
7
100
AcDbText
 10
212.73511321990685
 20
148.97000000000008
 30
0.0
 40
1.35
  1
м²
  7
GOST
 11
212.73511321990685
 21
148.97000000000008
 31
0.0
100
AcDbText
  0
LWPOLYLINE
  5
3CB
330
17
100
AcDbEntity
  8
TEXT
 62
7
370
15
100
AcDbPolyline
 90
2
 70
0
 10
224.881875962679
 20
151.32000000000008
 10
224.881875962679
 20
147.97000000000008
  0
TEXT
  5
3CC
330
17
100
AcDbEntity
  8
TEXT
 62
7
100
AcDbText
 10
225.68187596267902
 20
148.97000000000008
 30
0.0
 40
1.35
  1
1 050
  7
GOST
 11
225.68187596267902
 21
148.97000000000008
 31
0.0
100
AcDbText
  0
LWPOLYLINE
  5
3CD
330
17
100
AcDbEntity
  8
TEXT
 62
7
370
15
100
AcDbPolyline
 90
2
 70
0
 10
243.00722341235414
 20
151.32000000000008
 10
243.00722341235414
 20
147.97000000000008
  0
TEXT
  5
3CE
330
17
100
AcDbEntity
  8
TEXT
 62
7
100
AcDbText
 10
243.80722341235415
 20
148.97000000000008
 30
0.0
 40
1.35
  1
15 120
  7
GOST
 11
243.80722341235415
 21
148.97000000000008
 31
0.0
100
AcDbText
  0
LWPOLYLINE
  5
3CF
330
17
100
AcDbEntity
  8
TEXT
 62
7
370
15
100
AcDbPolyline
 90
2
 70
0
 10
254.1397057521732
 20
151.32000000000008
 10
254.1397057521732
 20
147.97000000000008
  0
TEXT
  5
3D0
330
17
100
AcDbEntity
  8
TEXT
 62
7
100
AcDbText
 10
254.9397057521732
 20
148.97000000000008
 30
0.0
 40
1.35
  1
R7
  7
GOST
 11
254.9397057521732
 21
148.97000000000008
 31
0.0
100
AcDbText
  0
LWPOLYLINE
  5
3D1
330
17
100
AcDbEntity
  8
TEXT
 62
7
370
15
100
AcDbPolyline
 90
2
 70
0
 10
270.13745728803354
 20
151.32000000000008
 10
270.13745728803354
 20
147.97000000000008
  0
TEXT
  5
3D2
330
17
100
AcDbEntity
  8
TEXT
 62
7
100
AcDbText
 10
270.93745728803356
 20
148.97000000000008
 30
0.0
 40
1.35
  1
walls gvl+paint_c6 7.05 + ceilings R7 6.08; M29, M30
  7
GOST
 11
270.93745728803356
 21
148.97000000000008
 31
0.0
100
AcDbText
  0
LWPOLYLINE
  5
3D3
330
17
100
AcDbEntity
  8
TEXT
 62
7
370
15
100
AcDbPolyline
 90
2
 70
0
 10
345.930014340598
 20
151.32000000000008
 10
345.930014340598
 20
147.97000000000008
  0
TEXT
  5
3D4
330
17
100
AcDbEntity
  8
TEXT
 62
7
100
AcDbText
 10
346.730014340598
 20
148.97000000000008
 30
0.0
 40
1.35
  1
Ремонт
  7
GOST
 11
346.730014340598
 21
148.97000000000008
 31
0.0
100
AcDbText
  0
LWPOLYLINE
  5
3D5
330
17
100
AcDbEntity
  8
TEXT
 62
7
370
15
100
AcDbPolyline
 90
2
 70
0
 10
356.3681461678735
 20
151.32000000000008
 10
356.3681461678735
 20
147.97000000000008
  0
TEXT
  5
3D6
330
17
100
AcDbEntity
  8
TEXT
 62
7
100
AcDbText
 10
357.1681461678735
 20
148.97000000000008
 30
0.0
 40
1.35
  1
Э03
  7
GOST
 11
357.1681461678735
 21
148.97000000000008
 31
0.0
100
AcDbText
  0
LWPOLYLINE
  5
3D7
330
17
100
AcDbEntity
  8
TEXT
 62
7
370
15
100
AcDbPolyline
 90
2
 70
0
 10
370.23288423065344
 20
151.32000000000008
 10
370.23288423065344
 20
147.97000000000008
  0
LWPOLYLINE
  5
3D8
330
17
100
AcDbEntity
  8
TEXT
 62
7
370
15
100
AcDbPolyline
 90
2
 70
0
 10
413.0
 20
151.32000000000008
 10
413.0
 20
147.97000000000008
  0
LWPOLYLINE
  5
3D9
330
17
100
AcDbEntity
  8
TEXT
 62
7
370
15
100
AcDbPolyline
 90
4
 70
1
 10
22.0
 20
144.6200000000001
 10
413.0
 20
144.6200000000001
 10
413.0
 20
147.97000000000008
 10
22.0
 20
147.97000000000008
  0
LWPOLYLINE
  5
3DA
330
17
100
AcDbEntity
  8
TEXT
 62
7
370
15
100
AcDbPolyline
 90
2
 70
0
 10
22.0
 20
147.97000000000008
 10
22.0
 20
144.6200000000001
  0
TEXT
  5
3DB
330
17
100
AcDbEntity
  8
TEXT
 62
7
100
AcDbText
 10
22.8
 20
145.6200000000001
 30
0.0
 40
1.35
  1
30
  7
GOST
 11
22.8
 21
145.6200000000001
 31
0.0
100
AcDbText
  0
LWPOLYLINE
  5
3DC
330
17
100
AcDbEntity
  8
TEXT
 62
7
370
15
100
AcDbPolyline
 90
2
 70
0
 10
28.232600959580758
 20
147.97000000000008
 10
28.232600959580758
 20
144.6200000000001
  0
TEXT
  5
3DD
330
17
100
AcDbEntity
  8
TEXT
 62
7
100
AcDbText
 10
29.03260095958076
 20
145.6200000000001
 30
0.0
 40
1.35
  1
Лента алюминиевая, пароизоляция примыканий, пена
  7
GOST
 11
29.03260095958076
 21
145.6200000000001
 31
0.0
100
AcDbText
  0
LWPOLYLINE
  5
3DE
330
17
100
AcDbEntity
  8
TEXT
 62
7
370
15
100
AcDbPolyline
 90
2
 70
0
 10
127.04888196448488
 20
147.97000000000008
 10
127.04888196448488
 20
144.6200000000001
  0
TEXT
  5
3DF
330
17
100
AcDbEntity
  8
TEXT
 62
7
100
AcDbText
 10
127.84888196448487
 20
145.6200000000001
 30
0.0
 40
1.35
  1
—
  7
GOST
 11
127.84888196448487
 21
145.6200000000001
 31
0.0
100
AcDbText
  0
LWPOLYLINE
  5
3E0
330
17
100
AcDbEntity
  8
TEXT
 62
7
370
15
100
AcDbPolyline
 90
2
 70
0
 10
177.5634084591824
 20
147.97000000000008
 10
177.5634084591824
 20
144.6200000000001
  0
TEXT
  5
3E1
330
17
100
AcDbEntity
  8
TEXT
 62
7
100
AcDbText
 10
178.3634084591824
 20
145.6200000000001
 30
0.0
 40
1.35
  1
—
  7
GOST
 11
178.3634084591824
 21
145.6200000000001
 31
0.0
100
AcDbText
  0
LWPOLYLINE
  5
3E2
330
17
100
AcDbEntity
  8
TEXT
 62
7
370
15
100
AcDbPolyline
 90
2
 70
0
 10
203.07740382061857
 20
147.97000000000008
 10
203.07740382061857
 20
144.6200000000001
  0
TEXT
  5
3E3
330
17
100
AcDbEntity
  8
TEXT
 62
7
100
AcDbText
 10
203.87740382061858
 20
145.6200000000001
 30
0.0
 40
1.35
  1
1
  7
GOST
 11
203.87740382061858
 21
145.6200000000001
 31
0.0
100
AcDbText
  0
LWPOLYLINE
  5
3E4
330
17
100
AcDbEntity
  8
TEXT
 62
7
370
15
100
AcDbPolyline
 90
2
 70
0
 10
211.93511321990684
 20
147.97000000000008
 10
211.93511321990684
 20
144.6200000000001
  0
TEXT
  5
3E5
330
17
100
AcDbEntity
  8
TEXT
 62
7
100
AcDbText
 10
212.73511321990685
 20
145.6200000000001
 30
0.0
 40
1.35
  1
компл
  7
GOST
 11
212.73511321990685
 21
145.6200000000001
 31
0.0
100
AcDbText
  0
LWPOLYLINE
  5
3E6
330
17
100
AcDbEntity
  8
TEXT
 62
7
370
15
100
AcDbPolyline
 90
2
 70
0
 10
224.881875962679
 20
147.97000000000008
 10
224.881875962679
 20
144.6200000000001
  0
TEXT
  5
3E7
330
17
100
AcDbEntity
  8
TEXT
 62
7
100
AcDbText
 10
225.68187596267902
 20
145.6200000000001
 30
0.0
 40
1.35
  1
4 500
  7
GOST
 11
225.68187596267902
 21
145.6200000000001
 31
0.0
100
AcDbText
  0
LWPOLYLINE
  5
3E8
330
17
100
AcDbEntity
  8
TEXT
 62
7
370
15
100
AcDbPolyline
 90
2
 70
0
 10
243.00722341235414
 20
147.97000000000008
 10
243.00722341235414
 20
144.6200000000001
  0
TEXT
  5
3E9
330
17
100
AcDbEntity
  8
TEXT
 62
7
100
AcDbText
 10
243.80722341235415
 20
145.6200000000001
 30
0.0
 40
1.35
  1
4 500
  7
GOST
 11
243.80722341235415
 21
145.6200000000001
 31
0.0
100
AcDbText
  0
LWPOLYLINE
  5
3EA
330
17
100
AcDbEntity
  8
TEXT
 62
7
370
15
100
AcDbPolyline
 90
2
 70
0
 10
254.1397057521732
 20
147.97000000000008
 10
254.1397057521732
 20
144.6200000000001
  0
TEXT
  5
3EB
330
17
100
AcDbEntity
  8
TEXT
 62
7
100
AcDbText
 10
254.9397057521732
 20
145.6200000000001
 30
0.0
 40
1.35
  1
R7
  7
GOST
 11
254.9397057521732
 21
145.6200000000001
 31
0.0
100
AcDbText
  0
LWPOLYLINE
  5
3EC
330
17
100
AcDbEntity
  8
TEXT
 62
7
370
15
100
AcDbPolyline
 90
2
 70
0
 10
270.13745728803354
 20
147.97000000000008
 10
270.13745728803354
 20
144.6200000000001
  0
TEXT
  5
3ED
330
17
100
AcDbEntity
  8
TEXT
 62
7
100
AcDbText
 10
270.93745728803356
 20
145.6200000000001
 30
0.0
 40
1.35
  1
M29
  7
GOST
 11
270.93745728803356
 21
145.6200000000001
 31
0.0
100
AcDbText
  0
LWPOLYLINE
  5
3EE
330
17
100
AcDbEntity
  8
TEXT
 62
7
370
15
100
AcDbPolyline
 90
2
 70
0
 10
345.930014340598
 20
147.97000000000008
 10
345.930014340598
 20
144.6200000000001
  0
TEXT
  5
3EF
330
17
100
AcDbEntity
  8
TEXT
 62
7
100
AcDbText
 10
346.730014340598
 20
145.6200000000001
 30
0.0
 40
1.35
  1
Ремонт
  7
GOST
 11
346.730014340598
 21
145.6200000000001
 31
0.0
100
AcDbText
  0
LWPOLYLINE
  5
3F0
330
17
100
AcDbEntity
  8
TEXT
 62
7
370
15
100
AcDbPolyline
 90
2
 70
0
 10
356.3681461678735
 20
147.97000000000008
 10
356.3681461678735
 20
144.6200000000001
  0
TEXT
  5
3F1
330
17
100
AcDbEntity
  8
TEXT
 62
7
100
AcDbText
 10
357.1681461678735
 20
145.6200000000001
 30
0.0
 40
1.35
  1
Э03
  7
GOST
 11
357.1681461678735
 21
145.6200000000001
 31
0.0
100
AcDbText
  0
LWPOLYLINE
  5
3F2
330
17
100
AcDbEntity
  8
TEXT
 62
7
370
15
100
AcDbPolyline
 90
2
 70
0
 10
370.23288423065344
 20
147.97000000000008
 10
370.23288423065344
 20
144.6200000000001
  0
LWPOLYLINE
  5
3F3
330
17
100
AcDbEntity
  8
TEXT
 62
7
370
15
100
AcDbPolyline
 90
2
 70
0
 10
413.0
 20
147.97000000000008
 10
413.0
 20
144.6200000000001
  0
LWPOLYLINE
  5
3F4
330
17
100
AcDbEntity
  8
TEXT
 62
7
370
15
100
AcDbPolyline
 90
4
 70
1
 10
22.0
 20
141.2700000000001
 10
413.0
 20
141.2700000000001
 10
413.0
 20
144.6200000000001
 10
22.0
 20
144.6200000000001
  0
LWPOLYLINE
  5
3F5
330
17
100
AcDbEntity
  8
TEXT
 62
7
370
15
100
AcDbPolyline
 90
2
 70
0
 10
22.0
 20
144.6200000000001
 10
22.0
 20
141.2700000000001
  0
TEXT
  5
3F6
330
17
100
AcDbEntity
  8
TEXT
 62
7
100
AcDbText
 10
22.8
 20
142.2700000000001
 30
0.0
 40
1.35
  1
31
  7
GOST
 11
22.8
 21
142.2700000000001
 31
0.0
100
AcDbText
  0
LWPOLYLINE
  5
3F7
330
17
100
AcDbEntity
  8
TEXT
 62
7
370
15
100
AcDbPolyline
 90
2
 70
0
 10
28.232600959580758
 20
144.6200000000001
 10
28.232600959580758
 20
141.2700000000001
  0
TEXT
  5
3F8
330
17
100
AcDbEntity
  8
TEXT
 62
7
100
AcDbText
 10
29.03260095958076
 20
142.2700000000001
 30
0.0
 40
1.35
  1
ГВЛ 12,5 (обшивка парапетов) 2500×1200
  7
GOST
 11
29.03260095958076
 21
142.2700000000001
 31
0.0
100
AcDbText
  0
LWPOLYLINE
  5
3F9
330
17
100
AcDbEntity
  8
TEXT
 62
7
370
15
100
AcDbPolyline
 90
2
 70
0
 10
127.04888196448488
 20
144.6200000000001
 10
127.04888196448488
 20
141.2700000000001
  0
TEXT
  5
3FA
330
17
100
AcDbEntity
  8
TEXT
 62
7
100
AcDbText
 10
127.84888196448487
 20
142.2700000000001
 30
0.0
 40
1.35
  1
Knauf ГВЛ
  7
GOST
 11
127.84888196448487
 21
142.2700000000001
 31
0.0
100
AcDbText
  0
LWPOLYLINE
  5
3FB
330
17
100
AcDbEntity
  8
TEXT
 62
7
370
15
100
AcDbPolyline
 90
2
 70
0
 10
177.5634084591824
 20
144.6200000000001
 10
177.5634084591824
 20
141.2700000000001
  0
TEXT
  5
3FC
330
17
100
AcDbEntity
  8
TEXT
 62
7
100
AcDbText
 10
178.3634084591824
 20
142.2700000000001
 30
0.0
 40
1.35
  1
Knauf
  7
GOST
 11
178.3634084591824
 21
142.2700000000001
 31
0.0
100
AcDbText
  0
LWPOLYLINE
  5
3FD
330
17
100
AcDbEntity
  8
TEXT
 62
7
370
15
100
AcDbPolyline
 90
2
 70
0
 10
203.07740382061857
 20
144.6200000000001
 10
203.07740382061857
 20
141.2700000000001
  0
TEXT
  5
3FE
330
17
100
AcDbEntity
  8
TEXT
 62
7
100
AcDbText
 10
203.87740382061858
 20
142.2700000000001
 30
0.0
 40
1.35
  1
3
  7
GOST
 11
203.87740382061858
 21
142.2700000000001
 31
0.0
100
AcDbText
  0
LWPOLYLINE
  5
3FF
330
17
100
AcDbEntity
  8
TEXT
 62
7
370
15
100
AcDbPolyline
 90
2
 70
0
 10
211.93511321990684
 20
144.6200000000001
 10
211.93511321990684
 20
141.2700000000001
  0
TEXT
  5
400
330
17
100
AcDbEntity
  8
TEXT
 62
7
100
AcDbText
 10
212.73511321990685
 20
142.2700000000001
 30
0.0
 40
1.35
  1
лист
  7
GOST
 11
212.73511321990685
 21
142.2700000000001
 31
0.0
100
AcDbText
  0
LWPOLYLINE
  5
401
330
17
100
AcDbEntity
  8
TEXT
 62
7
370
15
100
AcDbPolyline
 90
2
 70
0
 10
224.881875962679
 20
144.6200000000001
 10
224.881875962679
 20
141.2700000000001
  0
TEXT
  5
402
330
17
100
AcDbEntity
  8
TEXT
 62
7
100
AcDbText
 10
225.68187596267902
 20
142.2700000000001
 30
0.0
 40
1.35
  1
780
  7
GOST
 11
225.68187596267902
 21
142.2700000000001
 31
0.0
100
AcDbText
  0
LWPOLYLINE
  5
403
330
17
100
AcDbEntity
  8
TEXT
 62
7
370
15
100
AcDbPolyline
 90
2
 70
0
 10
243.00722341235414
 20
144.6200000000001
 10
243.00722341235414
 20
141.2700000000001
  0
TEXT
  5
404
330
17
100
AcDbEntity
  8
TEXT
 62
7
100
AcDbText
 10
243.80722341235415
 20
142.2700000000001
 30
0.0
 40
1.35
  1
2 340
  7
GOST
 11
243.80722341235415
 21
142.2700000000001
 31
0.0
100
AcDbText
  0
LWPOLYLINE
  5
405
330
17
100
AcDbEntity
  8
TEXT
 62
7
370
15
100
AcDbPolyline
 90
2
 70
0
 10
254.1397057521732
 20
144.6200000000001
 10
254.1397057521732
 20
141.2700000000001
  0
TEXT
  5
406
330
17
100
AcDbEntity
  8
TEXT
 62
7
100
AcDbText
 10
254.9397057521732
 20
142.2700000000001
 30
0.0
 40
1.35
  1
R7
  7
GOST
 11
254.9397057521732
 21
142.2700000000001
 31
0.0
100
AcDbText
  0
LWPOLYLINE
  5
407
330
17
100
AcDbEntity
  8
TEXT
 62
7
370
15
100
AcDbPolyline
 90
2
 70
0
 10
270.13745728803354
 20
144.6200000000001
 10
270.13745728803354
 20
141.2700000000001
  0
TEXT
  5
408
330
17
100
AcDbEntity
  8
TEXT
 62
7
100
AcDbText
 10
270.93745728803356
 20
142.2700000000001
 30
0.0
 40
1.35
  1
walls gvl+paint_c6
  7
GOST
 11
270.93745728803356
 21
142.2700000000001
 31
0.0
100
AcDbText
  0
LWPOLYLINE
  5
409
330
17
100
AcDbEntity
  8
TEXT
 62
7
370
15
100
AcDbPolyline
 90
2
 70
0
 10
345.930014340598
 20
144.6200000000001
 10
345.930014340598
 20
141.2700000000001
  0
TEXT
  5
40A
330
17
100
AcDbEntity
  8
TEXT
 62
7
100
AcDbText
 10
346.730014340598
 20
142.2700000000001
 30
0.0
 40
1.35
  1
Ремонт
  7
GOST
 11
346.730014340598
 21
142.2700000000001
 31
0.0
100
AcDbText
  0
LWPOLYLINE
  5
40B
330
17
100
AcDbEntity
  8
TEXT
 62
7
370
15
100
AcDbPolyline
 90
2
 70
0
 10
356.3681461678735
 20
144.6200000000001
 10
356.3681461678735
 20
141.2700000000001
  0
TEXT
  5
40C
330
17
100
AcDbEntity
  8
TEXT
 62
7
100
AcDbText
 10
357.1681461678735
 20
142.2700000000001
 30
0.0
 40
1.35
  1
Э03
  7
GOST
 11
357.1681461678735
 21
142.2700000000001
 31
0.0
100
AcDbText
  0
LWPOLYLINE
  5
40D
330
17
100
AcDbEntity
  8
TEXT
 62
7
370
15
100
AcDbPolyline
 90
2
 70
0
 10
370.23288423065344
 20
144.6200000000001
 10
370.23288423065344
 20
141.2700000000001
  0
LWPOLYLINE
  5
40E
330
17
100
AcDbEntity
  8
TEXT
 62
7
370
15
100
AcDbPolyline
 90
2
 70
0
 10
413.0
 20
144.6200000000001
 10
413.0
 20
141.2700000000001
  0
LWPOLYLINE
  5
40F
330
17
100
AcDbEntity
  8
TEXT
 62
7
370
15
100
AcDbPolyline
 90
4
 70
1
 10
22.0
 20
137.9200000000001
 10
413.0
 20
137.9200000000001
 10
413.0
 20
141.2700000000001
 10
22.0
 20
141.2700000000001
  0
LWPOLYLINE
  5
410
330
17
100
AcDbEntity
  8
TEXT
 62
7
370
15
100
AcDbPolyline
 90
2
 70
0
 10
22.0
 20
141.2700000000001
 10
22.0
 20
137.9200000000001
  0
TEXT
  5
411
330
17
100
AcDbEntity
  8
TEXT
 62
7
100
AcDbText
 10
22.8
 20
138.9200000000001
 30
0.0
 40
1.35
  1
32
  7
GOST
 11
22.8
 21
138.9200000000001
 31
0.0
100
AcDbText
  0
LWPOLYLINE
  5
412
330
17
100
AcDbEntity
  8
TEXT
 62
7
370
15
100
AcDbPolyline
 90
2
 70
0
 10
28.232600959580758
 20
141.2700000000001
 10
28.232600959580758
 20
137.9200000000001
  0
TEXT
  5
413
330
17
100
AcDbEntity
  8
TEXT
 62
7
100
AcDbText
 10
29.03260095958076
 20
138.9200000000001
 30
0.0
 40
1.35
  1
Каркас для обшивки парапетов (ПП 60/27, ПН, подвесы, крепёж)
  7
GOST
 11
29.03260095958076
 21
138.9200000000001
 31
0.0
100
AcDbText
  0
LWPOLYLINE
  5
414
330
17
100
AcDbEntity
  8
TEXT
 62
7
370
15
100
AcDbPolyline
 90
2
 70
0
 10
127.04888196448488
 20
141.2700000000001
 10
127.04888196448488
 20
137.9200000000001
  0
TEXT
  5
415
330
17
100
AcDbEntity
  8
TEXT
 62
7
100
AcDbText
 10
127.84888196448487
 20
138.9200000000001
 30
0.0
 40
1.35
  1
Knauf
  7
GOST
 11
127.84888196448487
 21
138.9200000000001
 31
0.0
100
AcDbText
  0
LWPOLYLINE
  5
416
330
17
100
AcDbEntity
  8
TEXT
 62
7
370
15
100
AcDbPolyline
 90
2
 70
0
 10
177.5634084591824
 20
141.2700000000001
 10
177.5634084591824
 20
137.9200000000001
  0
TEXT
  5
417
330
17
100
AcDbEntity
  8
TEXT
 62
7
100
AcDbText
 10
178.3634084591824
 20
138.9200000000001
 30
0.0
 40
1.35
  1
Knauf
  7
GOST
 11
178.3634084591824
 21
138.9200000000001
 31
0.0
100
AcDbText
  0
LWPOLYLINE
  5
418
330
17
100
AcDbEntity
  8
TEXT
 62
7
370
15
100
AcDbPolyline
 90
2
 70
0
 10
203.07740382061857
 20
141.2700000000001
 10
203.07740382061857
 20
137.9200000000001
  0
TEXT
  5
419
330
17
100
AcDbEntity
  8
TEXT
 62
7
100
AcDbText
 10
203.87740382061858
 20
138.9200000000001
 30
0.0
 40
1.35
  1
8
  7
GOST
 11
203.87740382061858
 21
138.9200000000001
 31
0.0
100
AcDbText
  0
LWPOLYLINE
  5
41A
330
17
100
AcDbEntity
  8
TEXT
 62
7
370
15
100
AcDbPolyline
 90
2
 70
0
 10
211.93511321990684
 20
141.2700000000001
 10
211.93511321990684
 20
137.9200000000001
  0
TEXT
  5
41B
330
17
100
AcDbEntity
  8
TEXT
 62
7
100
AcDbText
 10
212.73511321990685
 20
138.9200000000001
 30
0.0
 40
1.35
  1
м²
  7
GOST
 11
212.73511321990685
 21
138.9200000000001
 31
0.0
100
AcDbText
  0
LWPOLYLINE
  5
41C
330
17
100
AcDbEntity
  8
TEXT
 62
7
370
15
100
AcDbPolyline
 90
2
 70
0
 10
224.881875962679
 20
141.2700000000001
 10
224.881875962679
 20
137.9200000000001
  0
TEXT
  5
41D
330
17
100
AcDbEntity
  8
TEXT
 62
7
100
AcDbText
 10
225.68187596267902
 20
138.9200000000001
 30
0.0
 40
1.35
  1
450
  7
GOST
 11
225.68187596267902
 21
138.9200000000001
 31
0.0
100
AcDbText
  0
LWPOLYLINE
  5
41E
330
17
100
AcDbEntity
  8
TEXT
 62
7
370
15
100
AcDbPolyline
 90
2
 70
0
 10
243.00722341235414
 20
141.2700000000001
 10
243.00722341235414
 20
137.9200000000001
  0
TEXT
  5
41F
330
17
100
AcDbEntity
  8
TEXT
 62
7
100
AcDbText
 10
243.80722341235415
 20
138.9200000000001
 30
0.0
 40
1.35
  1
3 600
  7
GOST
 11
243.80722341235415
 21
138.9200000000001
 31
0.0
100
AcDbText
  0
LWPOLYLINE
  5
420
330
17
100
AcDbEntity
  8
TEXT
 62
7
370
15
100
AcDbPolyline
 90
2
 70
0
 10
254.1397057521732
 20
141.2700000000001
 10
254.1397057521732
 20
137.9200000000001
  0
TEXT
  5
421
330
17
100
AcDbEntity
  8
TEXT
 62
7
100
AcDbText
 10
254.9397057521732
 20
138.9200000000001
 30
0.0
 40
1.35
  1
R7
  7
GOST
 11
254.9397057521732
 21
138.9200000000001
 31
0.0
100
AcDbText
  0
LWPOLYLINE
  5
422
330
17
100
AcDbEntity
  8
TEXT
 62
7
370
15
100
AcDbPolyline
 90
2
 70
0
 10
270.13745728803354
 20
141.2700000000001
 10
270.13745728803354
 20
137.9200000000001
  0
TEXT
  5
423
330
17
100
AcDbEntity
  8
TEXT
 62
7
100
AcDbText
 10
270.93745728803356
 20
138.9200000000001
 30
0.0
 40
1.35
  1
walls gvl+paint_c6
  7
GOST
 11
270.93745728803356
 21
138.9200000000001
 31
0.0
100
AcDbText
  0
LWPOLYLINE
  5
424
330
17
100
AcDbEntity
  8
TEXT
 62
7
370
15
100
AcDbPolyline
 90
2
 70
0
 10
345.930014340598
 20
141.2700000000001
 10
345.930014340598
 20
137.9200000000001
  0
TEXT
  5
425
330
17
100
AcDbEntity
  8
TEXT
 62
7
100
AcDbText
 10
346.730014340598
 20
138.9200000000001
 30
0.0
 40
1.35
  1
Ремонт
  7
GOST
 11
346.730014340598
 21
138.9200000000001
 31
0.0
100
AcDbText
  0
LWPOLYLINE
  5
426
330
17
100
AcDbEntity
  8
TEXT
 62
7
370
15
100
AcDbPolyline
 90
2
 70
0
 10
356.3681461678735
 20
141.2700000000001
 10
356.3681461678735
 20
137.9200000000001
  0
TEXT
  5
427
330
17
100
AcDbEntity
  8
TEXT
 62
7
100
AcDbText
 10
357.1681461678735
 20
138.9200000000001
 30
0.0
 40
1.35
  1
Э03
  7
GOST
 11
357.1681461678735
 21
138.9200000000001
 31
0.0
100
AcDbText
  0
LWPOLYLINE
  5
428
330
17
100
AcDbEntity
  8
TEXT
 62
7
370
15
100
AcDbPolyline
 90
2
 70
0
 10
370.23288423065344
 20
141.2700000000001
 10
370.23288423065344
 20
137.9200000000001
  0
LWPOLYLINE
  5
429
330
17
100
AcDbEntity
  8
TEXT
 62
7
370
15
100
AcDbPolyline
 90
2
 70
0
 10
413.0
 20
141.2700000000001
 10
413.0
 20
137.9200000000001
  0
LWPOLYLINE
  5
42A
330
17
100
AcDbEntity
  8
TEXT
 62
7
370
15
100
AcDbPolyline
 90
4
 70
1
 10
22.0
 20
134.5700000000001
 10
413.0
 20
134.5700000000001
 10
413.0
 20
137.9200000000001
 10
22.0
 20
137.9200000000001
  0
LWPOLYLINE
  5
42B
330
17
100
AcDbEntity
  8
TEXT
 62
7
370
15
100
AcDbPolyline
 90
2
 70
0
 10
22.0
 20
137.9200000000001
 10
22.0
 20
134.5700000000001
  0
TEXT
  5
42C
330
17
100
AcDbEntity
  8
TEXT
 62
7
100
AcDbText
 10
22.8
 20
135.5700000000001
 30
0.0
 40
1.35
  1
33
  7
GOST
 11
22.8
 21
135.5700000000001
 31
0.0
100
AcDbText
  0
LWPOLYLINE
  5
42D
330
17
100
AcDbEntity
  8
TEXT
 62
7
370
15
100
AcDbPolyline
 90
2
 70
0
 10
28.232600959580758
 20
137.9200000000001
 10
28.232600959580758
 20
134.5700000000001
  0
TEXT
  5
42E
330
17
100
AcDbEntity
  8
TEXT
 62
7
100
AcDbText
 10
29.03260095958076
 20
135.5700000000001
 30
0.0
 40
1.35
  1
ПГП полнотелая 667×500×100 (NW1)
  7
GOST
 11
29.03260095958076
 21
135.5700000000001
 31
0.0
100
AcDbText
  0
LWPOLYLINE
  5
42F
330
17
100
AcDbEntity
  8
TEXT
 62
7
370
15
100
AcDbPolyline
 90
2
 70
0
 10
127.04888196448488
 20
137.9200000000001
 10
127.04888196448488
 20
134.5700000000001
  0
TEXT
  5
430
330
17
100
AcDbEntity
  8
TEXT
 62
7
100
AcDbText
 10
127.84888196448487
 20
135.5700000000001
 30
0.0
 40
1.35
  1
Волма / Knauf
  7
GOST
 11
127.84888196448487
 21
135.5700000000001
 31
0.0
100
AcDbText
  0
LWPOLYLINE
  5
431
330
17
100
AcDbEntity
  8
TEXT
 62
7
370
15
100
AcDbPolyline
 90
2
 70
0
 10
177.5634084591824
 20
137.9200000000001
 10
177.5634084591824
 20
134.5700000000001
  0
TEXT
  5
432
330
17
100
AcDbEntity
  8
TEXT
 62
7
100
AcDbText
 10
178.3634084591824
 20
135.5700000000001
 30
0.0
 40
1.35
  1
Волма
  7
GOST
 11
178.3634084591824
 21
135.5700000000001
 31
0.0
100
AcDbText
  0
LWPOLYLINE
  5
433
330
17
100
AcDbEntity
  8
TEXT
 62
7
370
15
100
AcDbPolyline
 90
2
 70
0
 10
203.07740382061857
 20
137.9200000000001
 10
203.07740382061857
 20
134.5700000000001
  0
TEXT
  5
434
330
17
100
AcDbEntity
  8
TEXT
 62
7
100
AcDbText
 10
203.87740382061858
 20
135.5700000000001
 30
0.0
 40
1.35
  1
16
  7
GOST
 11
203.87740382061858
 21
135.5700000000001
 31
0.0
100
AcDbText
  0
LWPOLYLINE
  5
435
330
17
100
AcDbEntity
  8
TEXT
 62
7
370
15
100
AcDbPolyline
 90
2
 70
0
 10
211.93511321990684
 20
137.9200000000001
 10
211.93511321990684
 20
134.5700000000001
  0
TEXT
  5
436
330
17
100
AcDbEntity
  8
TEXT
 62
7
100
AcDbText
 10
212.73511321990685
 20
135.5700000000001
 30
0.0
 40
1.35
  1
шт
  7
GOST
 11
212.73511321990685
 21
135.5700000000001
 31
0.0
100
AcDbText
  0
LWPOLYLINE
  5
437
330
17
100
AcDbEntity
  8
TEXT
 62
7
370
15
100
AcDbPolyline
 90
2
 70
0
 10
224.881875962679
 20
137.9200000000001
 10
224.881875962679
 20
134.5700000000001
  0
TEXT
  5
438
330
17
100
AcDbEntity
  8
TEXT
 62
7
100
AcDbText
 10
225.68187596267902
 20
135.5700000000001
 30
0.0
 40
1.35
  1
520
  7
GOST
 11
225.68187596267902
 21
135.5700000000001
 31
0.0
100
AcDbText
  0
LWPOLYLINE
  5
439
330
17
100
AcDbEntity
  8
TEXT
 62
7
370
15
100
AcDbPolyline
 90
2
 70
0
 10
243.00722341235414
 20
137.9200000000001
 10
243.00722341235414
 20
134.5700000000001
  0
TEXT
  5
43A
330
17
100
AcDbEntity
  8
TEXT
 62
7
100
AcDbText
 10
243.80722341235415
 20
135.5700000000001
 30
0.0
 40
1.35
  1
8 320
  7
GOST
 11
243.80722341235415
 21
135.5700000000001
 31
0.0
100
AcDbText
  0
LWPOLYLINE
  5
43B
330
17
100
AcDbEntity
  8
TEXT
 62
7
370
15
100
AcDbPolyline
 90
2
 70
0
 10
254.1397057521732
 20
137.9200000000001
 10
254.1397057521732
 20
134.5700000000001
  0
TEXT
  5
43C
330
17
100
AcDbEntity
  8
TEXT
 62
7
100
AcDbText
 10
254.9397057521732
 20
135.5700000000001
 30
0.0
 40
1.35
  1
R1/R3
  7
GOST
 11
254.9397057521732
 21
135.5700000000001
 31
0.0
100
AcDbText
  0
LWPOLYLINE
  5
43D
330
17
100
AcDbEntity
  8
TEXT
 62
7
370
15
100
AcDbPolyline
 90
2
 70
0
 10
270.13745728803354
 20
137.9200000000001
 10
270.13745728803354
 20
134.5700000000001
  0
TEXT
  5
43E
330
17
100
AcDbEntity
  8
TEXT
 62
7
100
AcDbText
 10
270.93745728803356
 20
135.5700000000001
 30
0.0
 40
1.35
  1
NW1 4.87 м²; planning.json new_walls
  7
GOST
 11
270.93745728803356
 21
135.5700000000001
 31
0.0
100
AcDbText
  0
LWPOLYLINE
  5
43F
330
17
100
AcDbEntity
  8
TEXT
 62
7
370
15
100
AcDbPolyline
 90
2
 70
0
 10
345.930014340598
 20
137.9200000000001
 10
345.930014340598
 20
134.5700000000001
  0
TEXT
  5
440
330
17
100
AcDbEntity
  8
TEXT
 62
7
100
AcDbText
 10
346.730014340598
 20
135.5700000000001
 30
0.0
 40
1.35
  1
Ремонт
  7
GOST
 11
346.730014340598
 21
135.5700000000001
 31
0.0
100
AcDbText
  0
LWPOLYLINE
  5
441
330
17
100
AcDbEntity
  8
TEXT
 62
7
370
15
100
AcDbPolyline
 90
2
 70
0
 10
356.3681461678735
 20
137.9200000000001
 10
356.3681461678735
 20
134.5700000000001
  0
TEXT
  5
442
330
17
100
AcDbEntity
  8
TEXT
 62
7
100
AcDbText
 10
357.1681461678735
 20
135.5700000000001
 30
0.0
 40
1.35
  1
Э02
  7
GOST
 11
357.1681461678735
 21
135.5700000000001
 31
0.0
100
AcDbText
  0
LWPOLYLINE
  5
443
330
17
100
AcDbEntity
  8
TEXT
 62
7
370
15
100
AcDbPolyline
 90
2
 70
0
 10
370.23288423065344
 20
137.9200000000001
 10
370.23288423065344
 20
134.5700000000001
  0
LWPOLYLINE
  5
444
330
17
100
AcDbEntity
  8
TEXT
 62
7
370
15
100
AcDbPolyline
 90
2
 70
0
 10
413.0
 20
137.9200000000001
 10
413.0
 20
134.5700000000001
  0
LWPOLYLINE
  5
445
330
17
100
AcDbEntity
  8
TEXT
 62
7
370
15
100
AcDbPolyline
 90
4
 70
1
 10
22.0
 20
131.2200000000001
 10
413.0
 20
131.2200000000001
 10
413.0
 20
134.5700000000001
 10
22.0
 20
134.5700000000001
  0
LWPOLYLINE
  5
446
330
17
100
AcDbEntity
  8
TEXT
 62
7
370
15
100
AcDbPolyline
 90
2
 70
0
 10
22.0
 20
134.5700000000001
 10
22.0
 20
131.2200000000001
  0
TEXT
  5
447
330
17
100
AcDbEntity
  8
TEXT
 62
7
100
AcDbText
 10
22.8
 20
132.2200000000001
 30
0.0
 40
1.35
  1
34
  7
GOST
 11
22.8
 21
132.2200000000001
 31
0.0
100
AcDbText
  0
LWPOLYLINE
  5
448
330
17
100
AcDbEntity
  8
TEXT
 62
7
370
15
100
AcDbPolyline
 90
2
 70
0
 10
28.232600959580758
 20
134.5700000000001
 10
28.232600959580758
 20
131.2200000000001
  0
TEXT
  5
449
330
17
100
AcDbEntity
  8
TEXT
 62
7
100
AcDbText
 10
29.03260095958076
 20
132.2200000000001
 30
0.0
 40
1.35
  1
ПГП полнотелая 667×500×80 (NW4, добор D1)
  7
GOST
 11
29.03260095958076
 21
132.2200000000001
 31
0.0
100
AcDbText
  0
LWPOLYLINE
  5
44A
330
17
100
AcDbEntity
  8
TEXT
 62
7
370
15
100
AcDbPolyline
 90
2
 70
0
 10
127.04888196448488
 20
134.5700000000001
 10
127.04888196448488
 20
131.2200000000001
  0
TEXT
  5
44B
330
17
100
AcDbEntity
  8
TEXT
 62
7
100
AcDbText
 10
127.84888196448487
 20
132.2200000000001
 30
0.0
 40
1.35
  1
Волма / Knauf
  7
GOST
 11
127.84888196448487
 21
132.2200000000001
 31
0.0
100
AcDbText
  0
LWPOLYLINE
  5
44C
330
17
100
AcDbEntity
  8
TEXT
 62
7
370
15
100
AcDbPolyline
 90
2
 70
0
 10
177.5634084591824
 20
134.5700000000001
 10
177.5634084591824
 20
131.2200000000001
  0
TEXT
  5
44D
330
17
100
AcDbEntity
  8
TEXT
 62
7
100
AcDbText
 10
178.3634084591824
 20
132.2200000000001
 30
0.0
 40
1.35
  1
Волма
  7
GOST
 11
178.3634084591824
 21
132.2200000000001
 31
0.0
100
AcDbText
  0
LWPOLYLINE
  5
44E
330
17
100
AcDbEntity
  8
TEXT
 62
7
370
15
100
AcDbPolyline
 90
2
 70
0
 10
203.07740382061857
 20
134.5700000000001
 10
203.07740382061857
 20
131.2200000000001
  0
TEXT
  5
44F
330
17
100
AcDbEntity
  8
TEXT
 62
7
100
AcDbText
 10
203.87740382061858
 20
132.2200000000001
 30
0.0
 40
1.35
  1
7
  7
GOST
 11
203.87740382061858
 21
132.2200000000001
 31
0.0
100
AcDbText
  0
LWPOLYLINE
  5
450
330
17
100
AcDbEntity
  8
TEXT
 62
7
370
15
100
AcDbPolyline
 90
2
 70
0
 10
211.93511321990684
 20
134.5700000000001
 10
211.93511321990684
 20
131.2200000000001
  0
TEXT
  5
451
330
17
100
AcDbEntity
  8
TEXT
 62
7
100
AcDbText
 10
212.73511321990685
 20
132.2200000000001
 30
0.0
 40
1.35
  1
шт
  7
GOST
 11
212.73511321990685
 21
132.2200000000001
 31
0.0
100
AcDbText
  0
LWPOLYLINE
  5
452
330
17
100
AcDbEntity
  8
TEXT
 62
7
370
15
100
AcDbPolyline
 90
2
 70
0
 10
224.881875962679
 20
134.5700000000001
 10
224.881875962679
 20
131.2200000000001
  0
TEXT
  5
453
330
17
100
AcDbEntity
  8
TEXT
 62
7
100
AcDbText
 10
225.68187596267902
 20
132.2200000000001
 30
0.0
 40
1.35
  1
400
  7
GOST
 11
225.68187596267902
 21
132.2200000000001
 31
0.0
100
AcDbText
  0
LWPOLYLINE
  5
454
330
17
100
AcDbEntity
  8
TEXT
 62
7
370
15
100
AcDbPolyline
 90
2
 70
0
 10
243.00722341235414
 20
134.5700000000001
 10
243.00722341235414
 20
131.2200000000001
  0
TEXT
  5
455
330
17
100
AcDbEntity
  8
TEXT
 62
7
100
AcDbText
 10
243.80722341235415
 20
132.2200000000001
 30
0.0
 40
1.35
  1
2 800
  7
GOST
 11
243.80722341235415
 21
132.2200000000001
 31
0.0
100
AcDbText
  0
LWPOLYLINE
  5
456
330
17
100
AcDbEntity
  8
TEXT
 62
7
370
15
100
AcDbPolyline
 90
2
 70
0
 10
254.1397057521732
 20
134.5700000000001
 10
254.1397057521732
 20
131.2200000000001
  0
TEXT
  5
457
330
17
100
AcDbEntity
  8
TEXT
 62
7
100
AcDbText
 10
254.9397057521732
 20
132.2200000000001
 30
0.0
 40
1.35
  1
R2/R4, R1
  7
GOST
 11
254.9397057521732
 21
132.2200000000001
 31
0.0
100
AcDbText
  0
LWPOLYLINE
  5
458
330
17
100
AcDbEntity
  8
TEXT
 62
7
370
15
100
AcDbPolyline
 90
2
 70
0
 10
270.13745728803354
 20
134.5700000000001
 10
270.13745728803354
 20
131.2200000000001
  0
TEXT
  5
459
330
17
100
AcDbEntity
  8
TEXT
 62
7
100
AcDbText
 10
270.93745728803356
 20
132.2200000000001
 30
0.0
 40
1.35
  1
NW4 1.66 м² (за вычетом проёма D2) + добор 199 0.54 м²
  7
GOST
 11
270.93745728803356
 21
132.2200000000001
 31
0.0
100
AcDbText
  0
LWPOLYLINE
  5
45A
330
17
100
AcDbEntity
  8
TEXT
 62
7
370
15
100
AcDbPolyline
 90
2
 70
0
 10
345.930014340598
 20
134.5700000000001
 10
345.930014340598
 20
131.2200000000001
  0
TEXT
  5
45B
330
17
100
AcDbEntity
  8
TEXT
 62
7
100
AcDbText
 10
346.730014340598
 20
132.2200000000001
 30
0.0
 40
1.35
  1
Ремонт
  7
GOST
 11
346.730014340598
 21
132.2200000000001
 31
0.0
100
AcDbText
  0
LWPOLYLINE
  5
45C
330
17
100
AcDbEntity
  8
TEXT
 62
7
370
15
100
AcDbPolyline
 90
2
 70
0
 10
356.3681461678735
 20
134.5700000000001
 10
356.3681461678735
 20
131.2200000000001
  0
TEXT
  5
45D
330
17
100
AcDbEntity
  8
TEXT
 62
7
100
AcDbText
 10
357.1681461678735
 20
132.2200000000001
 30
0.0
 40
1.35
  1
Э02
  7
GOST
 11
357.1681461678735
 21
132.2200000000001
 31
0.0
100
AcDbText
  0
LWPOLYLINE
  5
45E
330
17
100
AcDbEntity
  8
TEXT
 62
7
370
15
100
AcDbPolyline
 90
2
 70
0
 10
370.23288423065344
 20
134.5700000000001
 10
370.23288423065344
 20
131.2200000000001
  0
LWPOLYLINE
  5
45F
330
17
100
AcDbEntity
  8
TEXT
 62
7
370
15
100
AcDbPolyline
 90
2
 70
0
 10
413.0
 20
134.5700000000001
 10
413.0
 20
131.2200000000001
  0
LWPOLYLINE
  5
460
330
17
100
AcDbEntity
  8
TEXT
 62
7
370
15
100
AcDbPolyline
 90
4
 70
1
 10
22.0
 20
127.87000000000012
 10
413.0
 20
127.87000000000012
 10
413.0
 20
131.2200000000001
 10
22.0
 20
131.2200000000001
  0
LWPOLYLINE
  5
461
330
17
100
AcDbEntity
  8
TEXT
 62
7
370
15
100
AcDbPolyline
 90
2
 70
0
 10
22.0
 20
131.2200000000001
 10
22.0
 20
127.87000000000012
  0
TEXT
  5
462
330
17
100
AcDbEntity
  8
TEXT
 62
7
100
AcDbText
 10
22.8
 20
128.87000000000012
 30
0.0
 40
1.35
  1
35
  7
GOST
 11
22.8
 21
128.87000000000012
 31
0.0
100
AcDbText
  0
LWPOLYLINE
  5
463
330
17
100
AcDbEntity
  8
TEXT
 62
7
370
15
100
AcDbPolyline
 90
2
 70
0
 10
28.232600959580758
 20
131.2200000000001
 10
28.232600959580758
 20
127.87000000000012
  0
TEXT
  5
464
330
17
100
AcDbEntity
  8
TEXT
 62
7
100
AcDbText
 10
29.03260095958076
 20
128.87000000000012
 30
0.0
 40
1.35
  1
ПГП гидрофобизированная 667×500×80 (NW8, NW9)
  7
GOST
 11
29.03260095958076
 21
128.87000000000012
 31
0.0
100
AcDbText
  0
LWPOLYLINE
  5
465
330
17
100
AcDbEntity
  8
TEXT
 62
7
370
15
100
AcDbPolyline
 90
2
 70
0
 10
127.04888196448488
 20
131.2200000000001
 10
127.04888196448488
 20
127.87000000000012
  0
TEXT
  5
466
330
17
100
AcDbEntity
  8
TEXT
 62
7
100
AcDbText
 10
127.84888196448487
 20
128.87000000000012
 30
0.0
 40
1.35
  1
Волма / Knauf
  7
GOST
 11
127.84888196448487
 21
128.87000000000012
 31
0.0
100
AcDbText
  0
LWPOLYLINE
  5
467
330
17
100
AcDbEntity
  8
TEXT
 62
7
370
15
100
AcDbPolyline
 90
2
 70
0
 10
177.5634084591824
 20
131.2200000000001
 10
177.5634084591824
 20
127.87000000000012
  0
TEXT
  5
468
330
17
100
AcDbEntity
  8
TEXT
 62
7
100
AcDbText
 10
178.3634084591824
 20
128.87000000000012
 30
0.0
 40
1.35
  1
Волма
  7
GOST
 11
178.3634084591824
 21
128.87000000000012
 31
0.0
100
AcDbText
  0
LWPOLYLINE
  5
469
330
17
100
AcDbEntity
  8
TEXT
 62
7
370
15
100
AcDbPolyline
 90
2
 70
0
 10
203.07740382061857
 20
131.2200000000001
 10
203.07740382061857
 20
127.87000000000012
  0
TEXT
  5
46A
330
17
100
AcDbEntity
  8
TEXT
 62
7
100
AcDbText
 10
203.87740382061858
 20
128.87000000000012
 30
0.0
 40
1.35
  1
7
  7
GOST
 11
203.87740382061858
 21
128.87000000000012
 31
0.0
100
AcDbText
  0
LWPOLYLINE
  5
46B
330
17
100
AcDbEntity
  8
TEXT
 62
7
370
15
100
AcDbPolyline
 90
2
 70
0
 10
211.93511321990684
 20
131.2200000000001
 10
211.93511321990684
 20
127.87000000000012
  0
TEXT
  5
46C
330
17
100
AcDbEntity
  8
TEXT
 62
7
100
AcDbText
 10
212.73511321990685
 20
128.87000000000012
 30
0.0
 40
1.35
  1
шт
  7
GOST
 11
212.73511321990685
 21
128.87000000000012
 31
0.0
100
AcDbText
  0
LWPOLYLINE
  5
46D
330
17
100
AcDbEntity
  8
TEXT
 62
7
370
15
100
AcDbPolyline
 90
2
 70
0
 10
224.881875962679
 20
131.2200000000001
 10
224.881875962679
 20
127.87000000000012
  0
TEXT
  5
46E
330
17
100
AcDbEntity
  8
TEXT
 62
7
100
AcDbText
 10
225.68187596267902
 20
128.87000000000012
 30
0.0
 40
1.35
  1
450
  7
GOST
 11
225.68187596267902
 21
128.87000000000012
 31
0.0
100
AcDbText
  0
LWPOLYLINE
  5
46F
330
17
100
AcDbEntity
  8
TEXT
 62
7
370
15
100
AcDbPolyline
 90
2
 70
0
 10
243.00722341235414
 20
131.2200000000001
 10
243.00722341235414
 20
127.87000000000012
  0
TEXT
  5
470
330
17
100
AcDbEntity
  8
TEXT
 62
7
100
AcDbText
 10
243.80722341235415
 20
128.87000000000012
 30
0.0
 40
1.35
  1
3 150
  7
GOST
 11
243.80722341235415
 21
128.87000000000012
 31
0.0
100
AcDbText
  0
LWPOLYLINE
  5
471
330
17
100
AcDbEntity
  8
TEXT
 62
7
370
15
100
AcDbPolyline
 90
2
 70
0
 10
254.1397057521732
 20
131.2200000000001
 10
254.1397057521732
 20
127.87000000000012
  0
TEXT
  5
472
330
17
100
AcDbEntity
  8
TEXT
 62
7
100
AcDbText
 10
254.9397057521732
 20
128.87000000000012
 30
0.0
 40
1.35
  1
R5, R6
  7
GOST
 11
254.9397057521732
 21
128.87000000000012
 31
0.0
100
AcDbText
  0
LWPOLYLINE
  5
473
330
17
100
AcDbEntity
  8
TEXT
 62
7
370
15
100
AcDbPolyline
 90
2
 70
0
 10
270.13745728803354
 20
131.2200000000001
 10
270.13745728803354
 20
127.87000000000012
  0
TEXT
  5
474
330
17
100
AcDbEntity
  8
TEXT
 62
7
100
AcDbText
 10
270.93745728803356
 20
128.87000000000012
 30
0.0
 40
1.35
  1
NW8 1.01 + NW9 1.13 м²
  7
GOST
 11
270.93745728803356
 21
128.87000000000012
 31
0.0
100
AcDbText
  0
LWPOLYLINE
  5
475
330
17
100
AcDbEntity
  8
TEXT
 62
7
370
15
100
AcDbPolyline
 90
2
 70
0
 10
345.930014340598
 20
131.2200000000001
 10
345.930014340598
 20
127.87000000000012
  0
TEXT
  5
476
330
17
100
AcDbEntity
  8
TEXT
 62
7
100
AcDbText
 10
346.730014340598
 20
128.87000000000012
 30
0.0
 40
1.35
  1
Ремонт
  7
GOST
 11
346.730014340598
 21
128.87000000000012
 31
0.0
100
AcDbText
  0
LWPOLYLINE
  5
477
330
17
100
AcDbEntity
  8
TEXT
 62
7
370
15
100
AcDbPolyline
 90
2
 70
0
 10
356.3681461678735
 20
131.2200000000001
 10
356.3681461678735
 20
127.87000000000012
  0
TEXT
  5
478
330
17
100
AcDbEntity
  8
TEXT
 62
7
100
AcDbText
 10
357.1681461678735
 20
128.87000000000012
 30
0.0
 40
1.35
  1
Э02
  7
GOST
 11
357.1681461678735
 21
128.87000000000012
 31
0.0
100
AcDbText
  0
LWPOLYLINE
  5
479
330
17
100
AcDbEntity
  8
TEXT
 62
7
370
15
100
AcDbPolyline
 90
2
 70
0
 10
370.23288423065344
 20
131.2200000000001
 10
370.23288423065344
 20
127.87000000000012
  0
LWPOLYLINE
  5
47A
330
17
100
AcDbEntity
  8
TEXT
 62
7
370
15
100
AcDbPolyline
 90
2
 70
0
 10
413.0
 20
131.2200000000001
 10
413.0
 20
127.87000000000012
  0
LWPOLYLINE
  5
47B
330
17
100
AcDbEntity
  8
TEXT
 62
7
370
15
100
AcDbPolyline
 90
4
 70
1
 10
22.0
 20
124.52000000000012
 10
413.0
 20
124.52000000000012
 10
413.0
 20
127.87000000000012
 10
22.0
 20
127.87000000000012
  0
LWPOLYLINE
  5
47C
330
17
100
AcDbEntity
  8
TEXT
 62
7
370
15
100
AcDbPolyline
 90
2
 70
0
 10
22.0
 20
127.87000000000012
 10
22.0
 20
124.52000000000012
  0
TEXT
  5
47D
330
17
100
AcDbEntity
  8
TEXT
 62
7
100
AcDbText
 10
22.8
 20
125.52000000000012
 30
0.0
 40
1.35
  1
36
  7
GOST
 11
22.8
 21
125.52000000000012
 31
0.0
100
AcDbText
  0
LWPOLYLINE
  5
47E
330
17
100
AcDbEntity
  8
TEXT
 62
7
370
15
100
AcDbPolyline
 90
2
 70
0
 10
28.232600959580758
 20
127.87000000000012
 10
28.232600959580758
 20
124.52000000000012
  0
TEXT
  5
47F
330
17
100
AcDbEntity
  8
TEXT
 62
7
100
AcDbText
 10
29.03260095958076
 20
125.52000000000012
 30
0.0
 40
1.35
  1
Клей гипсовый монтажный для ПГП (2 кг/м²) + ГКЛ на клей NW1
  7
GOST
 11
29.03260095958076
 21
125.52000000000012
 31
0.0
100
AcDbText
  0
LWPOLYLINE
  5
480
330
17
100
AcDbEntity
  8
TEXT
 62
7
370
15
100
AcDbPolyline
 90
2
 70
0
 10
127.04888196448488
 20
127.87000000000012
 10
127.04888196448488
 20
124.52000000000012
  0
TEXT
  5
481
330
17
100
AcDbEntity
  8
TEXT
 62
7
100
AcDbText
 10
127.84888196448487
 20
125.52000000000012
 30
0.0
 40
1.35
  1
Волма Монтаж / Knauf Перлфикс
  7
GOST
 11
127.84888196448487
 21
125.52000000000012
 31
0.0
100
AcDbText
  0
LWPOLYLINE
  5
482
330
17
100
AcDbEntity
  8
TEXT
 62
7
370
15
100
AcDbPolyline
 90
2
 70
0
 10
177.5634084591824
 20
127.87000000000012
 10
177.5634084591824
 20
124.52000000000012
  0
TEXT
  5
483
330
17
100
AcDbEntity
  8
TEXT
 62
7
100
AcDbText
 10
178.3634084591824
 20
125.52000000000012
 30
0.0
 40
1.35
  1
Волма
  7
GOST
 11
178.3634084591824
 21
125.52000000000012
 31
0.0
100
AcDbText
  0
LWPOLYLINE
  5
484
330
17
100
AcDbEntity
  8
TEXT
 62
7
370
15
100
AcDbPolyline
 90
2
 70
0
 10
203.07740382061857
 20
127.87000000000012
 10
203.07740382061857
 20
124.52000000000012
  0
TEXT
  5
485
330
17
100
AcDbEntity
  8
TEXT
 62
7
100
AcDbText
 10
203.87740382061858
 20
125.52000000000012
 30
0.0
 40
1.35
  1
2
  7
GOST
 11
203.87740382061858
 21
125.52000000000012
 31
0.0
100
AcDbText
  0
LWPOLYLINE
  5
486
330
17
100
AcDbEntity
  8
TEXT
 62
7
370
15
100
AcDbPolyline
 90
2
 70
0
 10
211.93511321990684
 20
127.87000000000012
 10
211.93511321990684
 20
124.52000000000012
  0
TEXT
  5
487
330
17
100
AcDbEntity
  8
TEXT
 62
7
100
AcDbText
 10
212.73511321990685
 20
125.52000000000012
 30
0.0
 40
1.35
  1
меш. 30 кг
  7
GOST
 11
212.73511321990685
 21
125.52000000000012
 31
0.0
100
AcDbText
  0
LWPOLYLINE
  5
488
330
17
100
AcDbEntity
  8
TEXT
 62
7
370
15
100
AcDbPolyline
 90
2
 70
0
 10
224.881875962679
 20
127.87000000000012
 10
224.881875962679
 20
124.52000000000012
  0
TEXT
  5
489
330
17
100
AcDbEntity
  8
TEXT
 62
7
100
AcDbText
 10
225.68187596267902
 20
125.52000000000012
 30
0.0
 40
1.35
  1
620
  7
GOST
 11
225.68187596267902
 21
125.52000000000012
 31
0.0
100
AcDbText
  0
LWPOLYLINE
  5
48A
330
17
100
AcDbEntity
  8
TEXT
 62
7
370
15
100
AcDbPolyline
 90
2
 70
0
 10
243.00722341235414
 20
127.87000000000012
 10
243.00722341235414
 20
124.52000000000012
  0
TEXT
  5
48B
330
17
100
AcDbEntity
  8
TEXT
 62
7
100
AcDbText
 10
243.80722341235415
 20
125.52000000000012
 30
0.0
 40
1.35
  1
1 240
  7
GOST
 11
243.80722341235415
 21
125.52000000000012
 31
0.0
100
AcDbText
  0
LWPOLYLINE
  5
48C
330
17
100
AcDbEntity
  8
TEXT
 62
7
370
15
100
AcDbPolyline
 90
2
 70
0
 10
254.1397057521732
 20
127.87000000000012
 10
254.1397057521732
 20
124.52000000000012
  0
TEXT
  5
48D
330
17
100
AcDbEntity
  8
TEXT
 62
7
100
AcDbText
 10
254.9397057521732
 20
125.52000000000012
 30
0.0
 40
1.35
  1
—
  7
GOST
 11
254.9397057521732
 21
125.52000000000012
 31
0.0
100
AcDbText
  0
LWPOLYLINE
  5
48E
330
17
100
AcDbEntity
  8
TEXT
 62
7
370
15
100
AcDbPolyline
 90
2
 70
0
 10
270.13745728803354
 20
127.87000000000012
 10
270.13745728803354
 20
124.52000000000012
  0
TEXT
  5
48F
330
17
100
AcDbEntity
  8
TEXT
 62
7
100
AcDbText
 10
270.93745728803356
 20
125.52000000000012
 30
0.0
 40
1.35
  1
new_walls
  7
GOST
 11
270.93745728803356
 21
125.52000000000012
 31
0.0
100
AcDbText
  0
LWPOLYLINE
  5
490
330
17
100
AcDbEntity
  8
TEXT
 62
7
370
15
100
AcDbPolyline
 90
2
 70
0
 10
345.930014340598
 20
127.87000000000012
 10
345.930014340598
 20
124.52000000000012
  0
TEXT
  5
491
330
17
100
AcDbEntity
  8
TEXT
 62
7
100
AcDbText
 10
346.730014340598
 20
125.52000000000012
 30
0.0
 40
1.35
  1
Ремонт
  7
GOST
 11
346.730014340598
 21
125.52000000000012
 31
0.0
100
AcDbText
  0
LWPOLYLINE
  5
492
330
17
100
AcDbEntity
  8
TEXT
 62
7
370
15
100
AcDbPolyline
 90
2
 70
0
 10
356.3681461678735
 20
127.87000000000012
 10
356.3681461678735
 20
124.52000000000012
  0
TEXT
  5
493
330
17
100
AcDbEntity
  8
TEXT
 62
7
100
AcDbText
 10
357.1681461678735
 20
125.52000000000012
 30
0.0
 40
1.35
  1
Э02
  7
GOST
 11
357.1681461678735
 21
125.52000000000012
 31
0.0
100
AcDbText
  0
LWPOLYLINE
  5
494
330
17
100
AcDbEntity
  8
TEXT
 62
7
370
15
100
AcDbPolyline
 90
2
 70
0
 10
370.23288423065344
 20
127.87000000000012
 10
370.23288423065344
 20
124.52000000000012
  0
LWPOLYLINE
  5
495
330
17
100
AcDbEntity
  8
TEXT
 62
7
370
15
100
AcDbPolyline
 90
2
 70
0
 10
413.0
 20
127.87000000000012
 10
413.0
 20
124.52000000000012
  0
LWPOLYLINE
  5
496
330
17
100
AcDbEntity
  8
TEXT
 62
7
370
15
100
AcDbPolyline
 90
4
 70
1
 10
22.0
 20
121.17000000000013
 10
413.0
 20
121.17000000000013
 10
413.0
 20
124.52000000000012
 10
22.0
 20
124.52000000000012
  0
LWPOLYLINE
  5
497
330
17
100
AcDbEntity
  8
TEXT
 62
7
370
15
100
AcDbPolyline
 90
2
 70
0
 10
22.0
 20
124.52000000000012
 10
22.0
 20
121.17000000000013
  0
TEXT
  5
498
330
17
100
AcDbEntity
  8
TEXT
 62
7
100
AcDbText
 10
22.8
 20
122.17000000000013
 30
0.0
 40
1.35
  1
37
  7
GOST
 11
22.8
 21
122.17000000000013
 31
0.0
100
AcDbText
  0
LWPOLYLINE
  5
499
330
17
100
AcDbEntity
  8
TEXT
 62
7
370
15
100
AcDbPolyline
 90
2
 70
0
 10
28.232600959580758
 20
124.52000000000012
 10
28.232600959580758
 20
121.17000000000013
  0
TEXT
  5
49A
330
17
100
AcDbEntity
  8
TEXT
 62
7
100
AcDbText
 10
29.03260095958076
 20
122.17000000000013
 30
0.0
 40
1.35
  1
Лента демпферная 10 мм + скобы/гибкие связи (без дюбелей в пол, D3)
  7
GOST
 11
29.03260095958076
 21
122.17000000000013
 31
0.0
100
AcDbText
  0
LWPOLYLINE
  5
49B
330
17
100
AcDbEntity
  8
TEXT
 62
7
370
15
100
AcDbPolyline
 90
2
 70
0
 10
127.04888196448488
 20
124.52000000000012
 10
127.04888196448488
 20
121.17000000000013
  0
TEXT
  5
49C
330
17
100
AcDbEntity
  8
TEXT
 62
7
100
AcDbText
 10
127.84888196448487
 20
122.17000000000013
 30
0.0
 40
1.35
  1
—
  7
GOST
 11
127.84888196448487
 21
122.17000000000013
 31
0.0
100
AcDbText
  0
LWPOLYLINE
  5
49D
330
17
100
AcDbEntity
  8
TEXT
 62
7
370
15
100
AcDbPolyline
 90
2
 70
0
 10
177.5634084591824
 20
124.52000000000012
 10
177.5634084591824
 20
121.17000000000013
  0
TEXT
  5
49E
330
17
100
AcDbEntity
  8
TEXT
 62
7
100
AcDbText
 10
178.3634084591824
 20
122.17000000000013
 30
0.0
 40
1.35
  1
—
  7
GOST
 11
178.3634084591824
 21
122.17000000000013
 31
0.0
100
AcDbText
  0
LWPOLYLINE
  5
49F
330
17
100
AcDbEntity
  8
TEXT
 62
7
370
15
100
AcDbPolyline
 90
2
 70
0
 10
203.07740382061857
 20
124.52000000000012
 10
203.07740382061857
 20
121.17000000000013
  0
TEXT
  5
4A0
330
17
100
AcDbEntity
  8
TEXT
 62
7
100
AcDbText
 10
203.87740382061858
 20
122.17000000000013
 30
0.0
 40
1.35
  1
31
  7
GOST
 11
203.87740382061858
 21
122.17000000000013
 31
0.0
100
AcDbText
  0
LWPOLYLINE
  5
4A1
330
17
100
AcDbEntity
  8
TEXT
 62
7
370
15
100
AcDbPolyline
 90
2
 70
0
 10
211.93511321990684
 20
124.52000000000012
 10
211.93511321990684
 20
121.17000000000013
  0
TEXT
  5
4A2
330
17
100
AcDbEntity
  8
TEXT
 62
7
100
AcDbText
 10
212.73511321990685
 20
122.17000000000013
 30
0.0
 40
1.35
  1
м
  7
GOST
 11
212.73511321990685
 21
122.17000000000013
 31
0.0
100
AcDbText
  0
LWPOLYLINE
  5
4A3
330
17
100
AcDbEntity
  8
TEXT
 62
7
370
15
100
AcDbPolyline
 90
2
 70
0
 10
224.881875962679
 20
124.52000000000012
 10
224.881875962679
 20
121.17000000000013
  0
TEXT
  5
4A4
330
17
100
AcDbEntity
  8
TEXT
 62
7
100
AcDbText
 10
225.68187596267902
 20
122.17000000000013
 30
0.0
 40
1.35
  1
120
  7
GOST
 11
225.68187596267902
 21
122.17000000000013
 31
0.0
100
AcDbText
  0
LWPOLYLINE
  5
4A5
330
17
100
AcDbEntity
  8
TEXT
 62
7
370
15
100
AcDbPolyline
 90
2
 70
0
 10
243.00722341235414
 20
124.52000000000012
 10
243.00722341235414
 20
121.17000000000013
  0
TEXT
  5
4A6
330
17
100
AcDbEntity
  8
TEXT
 62
7
100
AcDbText
 10
243.80722341235415
 20
122.17000000000013
 30
0.0
 40
1.35
  1
3 720
  7
GOST
 11
243.80722341235415
 21
122.17000000000013
 31
0.0
100
AcDbText
  0
LWPOLYLINE
  5
4A7
330
17
100
AcDbEntity
  8
TEXT
 62
7
370
15
100
AcDbPolyline
 90
2
 70
0
 10
254.1397057521732
 20
124.52000000000012
 10
254.1397057521732
 20
121.17000000000013
  0
TEXT
  5
4A8
330
17
100
AcDbEntity
  8
TEXT
 62
7
100
AcDbText
 10
254.9397057521732
 20
122.17000000000013
 30
0.0
 40
1.35
  1
—
  7
GOST
 11
254.9397057521732
 21
122.17000000000013
 31
0.0
100
AcDbText
  0
LWPOLYLINE
  5
4A9
330
17
100
AcDbEntity
  8
TEXT
 62
7
370
15
100
AcDbPolyline
 90
2
 70
0
 10
270.13745728803354
 20
124.52000000000012
 10
270.13745728803354
 20
121.17000000000013
  0
TEXT
  5
4AA
330
17
100
AcDbEntity
  8
TEXT
 62
7
100
AcDbText
 10
270.93745728803356
 20
122.17000000000013
 30
0.0
 40
1.35
  1
new_walls: периметры NW1, NW4, NW8, NW9 = 30.18 м
  7
GOST
 11
270.93745728803356
 21
122.17000000000013
 31
0.0
100
AcDbText
  0
LWPOLYLINE
  5
4AB
330
17
100
AcDbEntity
  8
TEXT
 62
7
370
15
100
AcDbPolyline
 90
2
 70
0
 10
345.930014340598
 20
124.52000000000012
 10
345.930014340598
 20
121.17000000000013
  0
TEXT
  5
4AC
330
17
100
AcDbEntity
  8
TEXT
 62
7
100
AcDbText
 10
346.730014340598
 20
122.17000000000013
 30
0.0
 40
1.35
  1
Ремонт
  7
GOST
 11
346.730014340598
 21
122.17000000000013
 31
0.0
100
AcDbText
  0
LWPOLYLINE
  5
4AD
330
17
100
AcDbEntity
  8
TEXT
 62
7
370
15
100
AcDbPolyline
 90
2
 70
0
 10
356.3681461678735
 20
124.52000000000012
 10
356.3681461678735
 20
121.17000000000013
  0
TEXT
  5
4AE
330
17
100
AcDbEntity
  8
TEXT
 62
7
100
AcDbText
 10
357.1681461678735
 20
122.17000000000013
 30
0.0
 40
1.35
  1
Э02
  7
GOST
 11
357.1681461678735
 21
122.17000000000013
 31
0.0
100
AcDbText
  0
LWPOLYLINE
  5
4AF
330
17
100
AcDbEntity
  8
TEXT
 62
7
370
15
100
AcDbPolyline
 90
2
 70
0
 10
370.23288423065344
 20
124.52000000000012
 10
370.23288423065344
 20
121.17000000000013
  0
LWPOLYLINE
  5
4B0
330
17
100
AcDbEntity
  8
TEXT
 62
7
370
15
100
AcDbPolyline
 90
2
 70
0
 10
413.0
 20
124.52000000000012
 10
413.0
 20
121.17000000000013
  0
LWPOLYLINE
  5
4B1
330
17
100
AcDbEntity
  8
TEXT
 62
7
370
15
100
AcDbPolyline
 90
4
 70
1
 10
22.0
 20
117.82000000000014
 10
413.0
 20
117.82000000000014
 10
413.0
 20
121.17000000000013
 10
22.0
 20
121.17000000000013
  0
LWPOLYLINE
  5
4B2
330
17
100
AcDbEntity
  8
TEXT
 62
7
370
15
100
AcDbPolyline
 90
2
 70
0
 10
22.0
 20
121.17000000000013
 10
22.0
 20
117.82000000000014
  0
TEXT
  5
4B3
330
17
100
AcDbEntity
  8
TEXT
 62
7
100
AcDbText
 10
22.8
 20
118.82000000000014
 30
0.0
 40
1.35
  1
38
  7
GOST
 11
22.8
 21
118.82000000000014
 31
0.0
100
AcDbText
  0
LWPOLYLINE
  5
4B4
330
17
100
AcDbEntity
  8
TEXT
 62
7
370
15
100
AcDbPolyline
 90
2
 70
0
 10
28.232600959580758
 20
121.17000000000013
 10
28.232600959580758
 20
117.82000000000014
  0
TEXT
  5
4B5
330
17
100
AcDbEntity
  8
TEXT
 62
7
100
AcDbText
 10
29.03260095958076
 20
118.82000000000014
 30
0.0
 40
1.35
  1
Перемычка (уголок) над новыми проёмами D3, D4
  7
GOST
 11
29.03260095958076
 21
118.82000000000014
 31
0.0
100
AcDbText
  0
LWPOLYLINE
  5
4B6
330
17
100
AcDbEntity
  8
TEXT
 62
7
370
15
100
AcDbPolyline
 90
2
 70
0
 10
127.04888196448488
 20
121.17000000000013
 10
127.04888196448488
 20
117.82000000000014
  0
TEXT
  5
4B7
330
17
100
AcDbEntity
  8
TEXT
 62
7
100
AcDbText
 10
127.84888196448487
 20
118.82000000000014
 30
0.0
 40
1.35
  1
—
  7
GOST
 11
127.84888196448487
 21
118.82000000000014
 31
0.0
100
AcDbText
  0
LWPOLYLINE
  5
4B8
330
17
100
AcDbEntity
  8
TEXT
 62
7
370
15
100
AcDbPolyline
 90
2
 70
0
 10
177.5634084591824
 20
121.17000000000013
 10
177.5634084591824
 20
117.82000000000014
  0
TEXT
  5
4B9
330
17
100
AcDbEntity
  8
TEXT
 62
7
100
AcDbText
 10
178.3634084591824
 20
118.82000000000014
 30
0.0
 40
1.35
  1
—
  7
GOST
 11
178.3634084591824
 21
118.82000000000014
 31
0.0
100
AcDbText
  0
LWPOLYLINE
  5
4BA
330
17
100
AcDbEntity
  8
TEXT
 62
7
370
15
100
AcDbPolyline
 90
2
 70
0
 10
203.07740382061857
 20
121.17000000000013
 10
203.07740382061857
 20
117.82000000000014
  0
TEXT
  5
4BB
330
17
100
AcDbEntity
  8
TEXT
 62
7
100
AcDbText
 10
203.87740382061858
 20
118.82000000000014
 30
0.0
 40
1.35
  1
2
  7
GOST
 11
203.87740382061858
 21
118.82000000000014
 31
0.0
100
AcDbText
  0
LWPOLYLINE
  5
4BC
330
17
100
AcDbEntity
  8
TEXT
 62
7
370
15
100
AcDbPolyline
 90
2
 70
0
 10
211.93511321990684
 20
121.17000000000013
 10
211.93511321990684
 20
117.82000000000014
  0
TEXT
  5
4BD
330
17
100
AcDbEntity
  8
TEXT
 62
7
100
AcDbText
 10
212.73511321990685
 20
118.82000000000014
 30
0.0
 40
1.35
  1
шт
  7
GOST
 11
212.73511321990685
 21
118.82000000000014
 31
0.0
100
AcDbText
  0
LWPOLYLINE
  5
4BE
330
17
100
AcDbEntity
  8
TEXT
 62
7
370
15
100
AcDbPolyline
 90
2
 70
0
 10
224.881875962679
 20
121.17000000000013
 10
224.881875962679
 20
117.82000000000014
  0
TEXT
  5
4BF
330
17
100
AcDbEntity
  8
TEXT
 62
7
100
AcDbText
 10
225.68187596267902
 20
118.82000000000014
 30
0.0
 40
1.35
  1
1 200
  7
GOST
 11
225.68187596267902
 21
118.82000000000014
 31
0.0
100
AcDbText
  0
LWPOLYLINE
  5
4C0
330
17
100
AcDbEntity
  8
TEXT
 62
7
370
15
100
AcDbPolyline
 90
2
 70
0
 10
243.00722341235414
 20
121.17000000000013
 10
243.00722341235414
 20
117.82000000000014
  0
TEXT
  5
4C1
330
17
100
AcDbEntity
  8
TEXT
 62
7
100
AcDbText
 10
243.80722341235415
 20
118.82000000000014
 30
0.0
 40
1.35
  1
2 400
  7
GOST
 11
243.80722341235415
 21
118.82000000000014
 31
0.0
100
AcDbText
  0
LWPOLYLINE
  5
4C2
330
17
100
AcDbEntity
  8
TEXT
 62
7
370
15
100
AcDbPolyline
 90
2
 70
0
 10
254.1397057521732
 20
121.17000000000013
 10
254.1397057521732
 20
117.82000000000014
  0
TEXT
  5
4C3
330
17
100
AcDbEntity
  8
TEXT
 62
7
100
AcDbText
 10
254.9397057521732
 20
118.82000000000014
 30
0.0
 40
1.35
  1
R5, R6
  7
GOST
 11
254.9397057521732
 21
118.82000000000014
 31
0.0
100
AcDbText
  0
LWPOLYLINE
  5
4C4
330
17
100
AcDbEntity
  8
TEXT
 62
7
370
15
100
AcDbPolyline
 90
2
 70
0
 10
270.13745728803354
 20
121.17000000000013
 10
270.13745728803354
 20
117.82000000000014
  0
TEXT
  5
4C5
330
17
100
AcDbEntity
  8
TEXT
 62
7
100
AcDbText
 10
270.93745728803356
 20
118.82000000000014
 30
0.0
 40
1.35
  1
W12-cut, W11-cut
  7
GOST
 11
270.93745728803356
 21
118.82000000000014
 31
0.0
100
AcDbText
  0
LWPOLYLINE
  5
4C6
330
17
100
AcDbEntity
  8
TEXT
 62
7
370
15
100
AcDbPolyline
 90
2
 70
0
 10
345.930014340598
 20
121.17000000000013
 10
345.930014340598
 20
117.82000000000014
  0
TEXT
  5
4C7
330
17
100
AcDbEntity
  8
TEXT
 62
7
100
AcDbText
 10
346.730014340598
 20
118.82000000000014
 30
0.0
 40
1.35
  1
Ремонт
  7
GOST
 11
346.730014340598
 21
118.82000000000014
 31
0.0
100
AcDbText
  0
LWPOLYLINE
  5
4C8
330
17
100
AcDbEntity
  8
TEXT
 62
7
370
15
100
AcDbPolyline
 90
2
 70
0
 10
356.3681461678735
 20
121.17000000000013
 10
356.3681461678735
 20
117.82000000000014
  0
TEXT
  5
4C9
330
17
100
AcDbEntity
  8
TEXT
 62
7
100
AcDbText
 10
357.1681461678735
 20
118.82000000000014
 30
0.0
 40
1.35
  1
Э02
  7
GOST
 11
357.1681461678735
 21
118.82000000000014
 31
0.0
100
AcDbText
  0
LWPOLYLINE
  5
4CA
330
17
100
AcDbEntity
  8
TEXT
 62
7
370
15
100
AcDbPolyline
 90
2
 70
0
 10
370.23288423065344
 20
121.17000000000013
 10
370.23288423065344
 20
117.82000000000014
  0
LWPOLYLINE
  5
4CB
330
17
100
AcDbEntity
  8
TEXT
 62
7
370
15
100
AcDbPolyline
 90
2
 70
0
 10
413.0
 20
121.17000000000013
 10
413.0
 20
117.82000000000014
  0
LWPOLYLINE
  5
4CC
330
17
100
AcDbEntity
  8
TEXT
 62
7
370
15
100
AcDbPolyline
 90
4
 70
1
 10
22.0
 20
114.47000000000014
 10
413.0
 20
114.47000000000014
 10
413.0
 20
117.82000000000014
 10
22.0
 20
117.82000000000014
  0
LWPOLYLINE
  5
4CD
330
17
100
AcDbEntity
  8
TEXT
 62
7
370
15
100
AcDbPolyline
 90
2
 70
0
 10
22.0
 20
117.82000000000014
 10
22.0
 20
114.47000000000014
  0
TEXT
  5
4CE
330
17
100
AcDbEntity
  8
TEXT
 62
7
100
AcDbText
 10
22.8
 20
115.47000000000014
 30
0.0
 40
1.35
  1
39
  7
GOST
 11
22.8
 21
115.47000000000014
 31
0.0
100
AcDbText
  0
LWPOLYLINE
  5
4CF
330
17
100
AcDbEntity
  8
TEXT
 62
7
370
15
100
AcDbPolyline
 90
2
 70
0
 10
28.232600959580758
 20
117.82000000000014
 10
28.232600959580758
 20
114.47000000000014
  0
TEXT
  5
4D0
330
17
100
AcDbEntity
  8
TEXT
 62
7
100
AcDbText
 10
29.03260095958076
 20
115.47000000000014
 30
0.0
 40
1.35
  1
ГКЛ 12,5 2500×1200 (облицовка W7, NW1 со стороны кухни, зашивка O1 в 2 слоя)
  7
GOST
 11
29.03260095958076
 21
115.47000000000014
 31
0.0
100
AcDbText
  0
LWPOLYLINE
  5
4D1
330
17
100
AcDbEntity
  8
TEXT
 62
7
370
15
100
AcDbPolyline
 90
2
 70
0
 10
127.04888196448488
 20
117.82000000000014
 10
127.04888196448488
 20
114.47000000000014
  0
TEXT
  5
4D2
330
17
100
AcDbEntity
  8
TEXT
 62
7
100
AcDbText
 10
127.84888196448487
 20
115.47000000000014
 30
0.0
 40
1.35
  1
Knauf ГСП-А
  7
GOST
 11
127.84888196448487
 21
115.47000000000014
 31
0.0
100
AcDbText
  0
LWPOLYLINE
  5
4D3
330
17
100
AcDbEntity
  8
TEXT
 62
7
370
15
100
AcDbPolyline
 90
2
 70
0
 10
177.5634084591824
 20
117.82000000000014
 10
177.5634084591824
 20
114.47000000000014
  0
TEXT
  5
4D4
330
17
100
AcDbEntity
  8
TEXT
 62
7
100
AcDbText
 10
178.3634084591824
 20
115.47000000000014
 30
0.0
 40
1.35
  1
Knauf
  7
GOST
 11
178.3634084591824
 21
115.47000000000014
 31
0.0
100
AcDbText
  0
LWPOLYLINE
  5
4D5
330
17
100
AcDbEntity
  8
TEXT
 62
7
370
15
100
AcDbPolyline
 90
2
 70
0
 10
203.07740382061857
 20
117.82000000000014
 10
203.07740382061857
 20
114.47000000000014
  0
TEXT
  5
4D6
330
17
100
AcDbEntity
  8
TEXT
 62
7
100
AcDbText
 10
203.87740382061858
 20
115.47000000000014
 30
0.0
 40
1.35
  1
9
  7
GOST
 11
203.87740382061858
 21
115.47000000000014
 31
0.0
100
AcDbText
  0
LWPOLYLINE
  5
4D7
330
17
100
AcDbEntity
  8
TEXT
 62
7
370
15
100
AcDbPolyline
 90
2
 70
0
 10
211.93511321990684
 20
117.82000000000014
 10
211.93511321990684
 20
114.47000000000014
  0
TEXT
  5
4D8
330
17
100
AcDbEntity
  8
TEXT
 62
7
100
AcDbText
 10
212.73511321990685
 20
115.47000000000014
 30
0.0
 40
1.35
  1
лист
  7
GOST
 11
212.73511321990685
 21
115.47000000000014
 31
0.0
100
AcDbText
  0
LWPOLYLINE
  5
4D9
330
17
100
AcDbEntity
  8
TEXT
 62
7
370
15
100
AcDbPolyline
 90
2
 70
0
 10
224.881875962679
 20
117.82000000000014
 10
224.881875962679
 20
114.47000000000014
  0
TEXT
  5
4DA
330
17
100
AcDbEntity
  8
TEXT
 62
7
100
AcDbText
 10
225.68187596267902
 20
115.47000000000014
 30
0.0
 40
1.35
  1
560
  7
GOST
 11
225.68187596267902
 21
115.47000000000014
 31
0.0
100
AcDbText
  0
LWPOLYLINE
  5
4DB
330
17
100
AcDbEntity
  8
TEXT
 62
7
370
15
100
AcDbPolyline
 90
2
 70
0
 10
243.00722341235414
 20
117.82000000000014
 10
243.00722341235414
 20
114.47000000000014
  0
TEXT
  5
4DC
330
17
100
AcDbEntity
  8
TEXT
 62
7
100
AcDbText
 10
243.80722341235415
 20
115.47000000000014
 30
0.0
 40
1.35
  1
5 040
  7
GOST
 11
243.80722341235415
 21
115.47000000000014
 31
0.0
100
AcDbText
  0
LWPOLYLINE
  5
4DD
330
17
100
AcDbEntity
  8
TEXT
 62
7
370
15
100
AcDbPolyline
 90
2
 70
0
 10
254.1397057521732
 20
117.82000000000014
 10
254.1397057521732
 20
114.47000000000014
  0
TEXT
  5
4DE
330
17
100
AcDbEntity
  8
TEXT
 62
7
100
AcDbText
 10
254.9397057521732
 20
115.47000000000014
 30
0.0
 40
1.35
  1
R1, R3
  7
GOST
 11
254.9397057521732
 21
115.47000000000014
 31
0.0
100
AcDbText
  0
LWPOLYLINE
  5
4DF
330
17
100
AcDbEntity
  8
TEXT
 62
7
370
15
100
AcDbPolyline
 90
2
 70
0
 10
270.13745728803354
 20
117.82000000000014
 10
270.13745728803354
 20
114.47000000000014
  0
TEXT
  5
4E0
330
17
100
AcDbEntity
  8
TEXT
 62
7
100
AcDbText
 10
270.93745728803356
 20
115.47000000000014
 30
0.0
 40
1.35
  1
W7 11.05 + NW1 4.87 + O1 2×2.98 м²
  7
GOST
 11
270.93745728803356
 21
115.47000000000014
 31
0.0
100
AcDbText
  0
LWPOLYLINE
  5
4E1
330
17
100
AcDbEntity
  8
TEXT
 62
7
370
15
100
AcDbPolyline
 90
2
 70
0
 10
345.930014340598
 20
117.82000000000014
 10
345.930014340598
 20
114.47000000000014
  0
TEXT
  5
4E2
330
17
100
AcDbEntity
  8
TEXT
 62
7
100
AcDbText
 10
346.730014340598
 20
115.47000000000014
 30
0.0
 40
1.35
  1
Ремонт
  7
GOST
 11
346.730014340598
 21
115.47000000000014
 31
0.0
100
AcDbText
  0
LWPOLYLINE
  5
4E3
330
17
100
AcDbEntity
  8
TEXT
 62
7
370
15
100
AcDbPolyline
 90
2
 70
0
 10
356.3681461678735
 20
117.82000000000014
 10
356.3681461678735
 20
114.47000000000014
  0
TEXT
  5
4E4
330
17
100
AcDbEntity
  8
TEXT
 62
7
100
AcDbText
 10
357.1681461678735
 20
115.47000000000014
 30
0.0
 40
1.35
  1
Э02
  7
GOST
 11
357.1681461678735
 21
115.47000000000014
 31
0.0
100
AcDbText
  0
LWPOLYLINE
  5
4E5
330
17
100
AcDbEntity
  8
TEXT
 62
7
370
15
100
AcDbPolyline
 90
2
 70
0
 10
370.23288423065344
 20
117.82000000000014
 10
370.23288423065344
 20
114.47000000000014
  0
LWPOLYLINE
  5
4E6
330
17
100
AcDbEntity
  8
TEXT
 62
7
370
15
100
AcDbPolyline
 90
2
 70
0
 10
413.0
 20
117.82000000000014
 10
413.0
 20
114.47000000000014
  0
LWPOLYLINE
  5
4E7
330
17
100
AcDbEntity
  8
TEXT
 62
7
370
15
100
AcDbPolyline
 90
4
 70
1
 10
22.0
 20
111.12000000000015
 10
413.0
 20
111.12000000000015
 10
413.0
 20
114.47000000000014
 10
22.0
 20
114.47000000000014
  0
LWPOLYLINE
  5
4E8
330
17
100
AcDbEntity
  8
TEXT
 62
7
370
15
100
AcDbPolyline
 90
2
 70
0
 10
22.0
 20
114.47000000000014
 10
22.0
 20
111.12000000000015
  0
TEXT
  5
4E9
330
17
100
AcDbEntity
  8
TEXT
 62
7
100
AcDbText
 10
22.8
 20
112.12000000000015
 30
0.0
 40
1.35
  1
40
  7
GOST
 11
22.8
 21
112.12000000000015
 31
0.0
100
AcDbText
  0
LWPOLYLINE
  5
4EA
330
17
100
AcDbEntity
  8
TEXT
 62
7
370
15
100
AcDbPolyline
 90
2
 70
0
 10
28.232600959580758
 20
114.47000000000014
 10
28.232600959580758
 20
111.12000000000015
  0
TEXT
  5
4EB
330
17
100
AcDbEntity
  8
TEXT
 62
7
100
AcDbText
 10
29.03260095958076
 20
112.12000000000015
 30
0.0
 40
1.35
  1
Каркас стенных облицовок (ПП 60/27, ПН, подвесы; VK-C1 — стальной/ПП усиленный)
  7
GOST
 11
29.03260095958076
 21
112.12000000000015
 31
0.0
100
AcDbText
  0
LWPOLYLINE
  5
4EC
330
17
100
AcDbEntity
  8
TEXT
 62
7
370
15
100
AcDbPolyline
 90
2
 70
0
 10
127.04888196448488
 20
114.47000000000014
 10
127.04888196448488
 20
111.12000000000015
  0
TEXT
  5
4ED
330
17
100
AcDbEntity
  8
TEXT
 62
7
100
AcDbText
 10
127.84888196448487
 20
112.12000000000015
 30
0.0
 40
1.35
  1
Knauf
  7
GOST
 11
127.84888196448487
 21
112.12000000000015
 31
0.0
100
AcDbText
  0
LWPOLYLINE
  5
4EE
330
17
100
AcDbEntity
  8
TEXT
 62
7
370
15
100
AcDbPolyline
 90
2
 70
0
 10
177.5634084591824
 20
114.47000000000014
 10
177.5634084591824
 20
111.12000000000015
  0
TEXT
  5
4EF
330
17
100
AcDbEntity
  8
TEXT
 62
7
100
AcDbText
 10
178.3634084591824
 20
112.12000000000015
 30
0.0
 40
1.35
  1
Knauf
  7
GOST
 11
178.3634084591824
 21
112.12000000000015
 31
0.0
100
AcDbText
  0
LWPOLYLINE
  5
4F0
330
17
100
AcDbEntity
  8
TEXT
 62
7
370
15
100
AcDbPolyline
 90
2
 70
0
 10
203.07740382061857
 20
114.47000000000014
 10
203.07740382061857
 20
111.12000000000015
  0
TEXT
  5
4F1
330
17
100
AcDbEntity
  8
TEXT
 62
7
100
AcDbText
 10
203.87740382061858
 20
112.12000000000015
 30
0.0
 40
1.35
  1
20
  7
GOST
 11
203.87740382061858
 21
112.12000000000015
 31
0.0
100
AcDbText
  0
LWPOLYLINE
  5
4F2
330
17
100
AcDbEntity
  8
TEXT
 62
7
370
15
100
AcDbPolyline
 90
2
 70
0
 10
211.93511321990684
 20
114.47000000000014
 10
211.93511321990684
 20
111.12000000000015
  0
TEXT
  5
4F3
330
17
100
AcDbEntity
  8
TEXT
 62
7
100
AcDbText
 10
212.73511321990685
 20
112.12000000000015
 30
0.0
 40
1.35
  1
м²
  7
GOST
 11
212.73511321990685
 21
112.12000000000015
 31
0.0
100
AcDbText
  0
LWPOLYLINE
  5
4F4
330
17
100
AcDbEntity
  8
TEXT
 62
7
370
15
100
AcDbPolyline
 90
2
 70
0
 10
224.881875962679
 20
114.47000000000014
 10
224.881875962679
 20
111.12000000000015
  0
TEXT
  5
4F5
330
17
100
AcDbEntity
  8
TEXT
 62
7
100
AcDbText
 10
225.68187596267902
 20
112.12000000000015
 30
0.0
 40
1.35
  1
520
  7
GOST
 11
225.68187596267902
 21
112.12000000000015
 31
0.0
100
AcDbText
  0
LWPOLYLINE
  5
4F6
330
17
100
AcDbEntity
  8
TEXT
 62
7
370
15
100
AcDbPolyline
 90
2
 70
0
 10
243.00722341235414
 20
114.47000000000014
 10
243.00722341235414
 20
111.12000000000015
  0
TEXT
  5
4F7
330
17
100
AcDbEntity
  8
TEXT
 62
7
100
AcDbText
 10
243.80722341235415
 20
112.12000000000015
 30
0.0
 40
1.35
  1
10 400
  7
GOST
 11
243.80722341235415
 21
112.12000000000015
 31
0.0
100
AcDbText
  0
LWPOLYLINE
  5
4F8
330
17
100
AcDbEntity
  8
TEXT
 62
7
370
15
100
AcDbPolyline
 90
2
 70
0
 10
254.1397057521732
 20
114.47000000000014
 10
254.1397057521732
 20
111.12000000000015
  0
TEXT
  5
4F9
330
17
100
AcDbEntity
  8
TEXT
 62
7
100
AcDbText
 10
254.9397057521732
 20
112.12000000000015
 30
0.0
 40
1.35
  1
R1, R5
  7
GOST
 11
254.9397057521732
 21
112.12000000000015
 31
0.0
100
AcDbText
  0
LWPOLYLINE
  5
4FA
330
17
100
AcDbEntity
  8
TEXT
 62
7
370
15
100
AcDbPolyline
 90
2
 70
0
 10
270.13745728803354
 20
114.47000000000014
 10
270.13745728803354
 20
111.12000000000015
  0
TEXT
  5
4FB
330
17
100
AcDbEntity
  8
TEXT
 62
7
100
AcDbText
 10
270.93745728803356
 20
112.12000000000015
 30
0.0
 40
1.35
  1
W7, O1, VK-C1 2.29, короб инсталляции 1.35, экран 1.02, VK-C2 0.66
  7
GOST
 11
270.93745728803356
 21
112.12000000000015
 31
0.0
100
AcDbText
  0
LWPOLYLINE
  5
4FC
330
17
100
AcDbEntity
  8
TEXT
 62
7
370
15
100
AcDbPolyline
 90
2
 70
0
 10
345.930014340598
 20
114.47000000000014
 10
345.930014340598
 20
111.12000000000015
  0
TEXT
  5
4FD
330
17
100
AcDbEntity
  8
TEXT
 62
7
100
AcDbText
 10
346.730014340598
 20
112.12000000000015
 30
0.0
 40
1.35
  1
Ремонт
  7
GOST
 11
346.730014340598
 21
112.12000000000015
 31
0.0
100
AcDbText
  0
LWPOLYLINE
  5
4FE
330
17
100
AcDbEntity
  8
TEXT
 62
7
370
15
100
AcDbPolyline
 90
2
 70
0
 10
356.3681461678735
 20
114.47000000000014
 10
356.3681461678735
 20
111.12000000000015
  0
TEXT
  5
4FF
330
17
100
AcDbEntity
  8
TEXT
 62
7
100
AcDbText
 10
357.1681461678735
 20
112.12000000000015
 30
0.0
 40
1.35
  1
Э02
  7
GOST
 11
357.1681461678735
 21
112.12000000000015
 31
0.0
100
AcDbText
  0
LWPOLYLINE
  5
500
330
17
100
AcDbEntity
  8
TEXT
 62
7
370
15
100
AcDbPolyline
 90
2
 70
0
 10
370.23288423065344
 20
114.47000000000014
 10
370.23288423065344
 20
111.12000000000015
  0
LWPOLYLINE
  5
501
330
17
100
AcDbEntity
  8
TEXT
 62
7
370
15
100
AcDbPolyline
 90
2
 70
0
 10
413.0
 20
114.47000000000014
 10
413.0
 20
111.12000000000015
  0
LWPOLYLINE
  5
502
330
17
100
AcDbEntity
  8
TEXT
 62
7
370
15
100
AcDbPolyline
 90
4
 70
1
 10
22.0
 20
107.77000000000015
 10
413.0
 20
107.77000000000015
 10
413.0
 20
111.12000000000015
 10
22.0
 20
111.12000000000015
  0
LWPOLYLINE
  5
503
330
17
100
AcDbEntity
  8
TEXT
 62
7
370
15
100
AcDbPolyline
 90
2
 70
0
 10
22.0
 20
111.12000000000015
 10
22.0
 20
107.77000000000015
  0
TEXT
  5
504
330
17
100
AcDbEntity
  8
TEXT
 62
7
100
AcDbText
 10
22.8
 20
108.77000000000015
 30
0.0
 40
1.35
  1
41
  7
GOST
 11
22.8
 21
108.77000000000015
 31
0.0
100
AcDbText
  0
LWPOLYLINE
  5
505
330
17
100
AcDbEntity
  8
TEXT
 62
7
370
15
100
AcDbPolyline
 90
2
 70
0
 10
28.232600959580758
 20
111.12000000000015
 10
28.232600959580758
 20
107.77000000000015
  0
TEXT
  5
506
330
17
100
AcDbEntity
  8
TEXT
 62
7
100
AcDbText
 10
29.03260095958076
 20
108.77000000000015
 30
0.0
 40
1.35
  1
ГВЛВ/ЦСП 12,5 (облицовка душа VK-C1, короб инсталляции, экран ванны, VK-C2 — 2 слоя)
  7
GOST
 11
29.03260095958076
 21
108.77000000000015
 31
0.0
100
AcDbText
  0
LWPOLYLINE
  5
507
330
17
100
AcDbEntity
  8
TEXT
 62
7
370
15
100
AcDbPolyline
 90
2
 70
0
 10
127.04888196448488
 20
111.12000000000015
 10
127.04888196448488
 20
107.77000000000015
  0
TEXT
  5
508
330
17
100
AcDbEntity
  8
TEXT
 62
7
100
AcDbText
 10
127.84888196448487
 20
108.77000000000015
 30
0.0
 40
1.35
  1
Knauf ГВЛВ / Аквапанель
  7
GOST
 11
127.84888196448487
 21
108.77000000000015
 31
0.0
100
AcDbText
  0
LWPOLYLINE
  5
509
330
17
100
AcDbEntity
  8
TEXT
 62
7
370
15
100
AcDbPolyline
 90
2
 70
0
 10
177.5634084591824
 20
111.12000000000015
 10
177.5634084591824
 20
107.77000000000015
  0
TEXT
  5
50A
330
17
100
AcDbEntity
  8
TEXT
 62
7
100
AcDbText
 10
178.3634084591824
 20
108.77000000000015
 30
0.0
 40
1.35
  1
Knauf
  7
GOST
 11
178.3634084591824
 21
108.77000000000015
 31
0.0
100
AcDbText
  0
LWPOLYLINE
  5
50B
330
17
100
AcDbEntity
  8
TEXT
 62
7
370
15
100
AcDbPolyline
 90
2
 70
0
 10
203.07740382061857
 20
111.12000000000015
 10
203.07740382061857
 20
107.77000000000015
  0
TEXT
  5
50C
330
17
100
AcDbEntity
  8
TEXT
 62
7
100
AcDbText
 10
203.87740382061858
 20
108.77000000000015
 30
0.0
 40
1.35
  1
5
  7
GOST
 11
203.87740382061858
 21
108.77000000000015
 31
0.0
100
AcDbText
  0
LWPOLYLINE
  5
50D
330
17
100
AcDbEntity
  8
TEXT
 62
7
370
15
100
AcDbPolyline
 90
2
 70
0
 10
211.93511321990684
 20
111.12000000000015
 10
211.93511321990684
 20
107.77000000000015
  0
TEXT
  5
50E
330
17
100
AcDbEntity
  8
TEXT
 62
7
100
AcDbText
 10
212.73511321990685
 20
108.77000000000015
 30
0.0
 40
1.35
  1
лист
  7
GOST
 11
212.73511321990685
 21
108.77000000000015
 31
0.0
100
AcDbText
  0
LWPOLYLINE
  5
50F
330
17
100
AcDbEntity
  8
TEXT
 62
7
370
15
100
AcDbPolyline
 90
2
 70
0
 10
224.881875962679
 20
111.12000000000015
 10
224.881875962679
 20
107.77000000000015
  0
TEXT
  5
510
330
17
100
AcDbEntity
  8
TEXT
 62
7
100
AcDbText
 10
225.68187596267902
 20
108.77000000000015
 30
0.0
 40
1.35
  1
950
  7
GOST
 11
225.68187596267902
 21
108.77000000000015
 31
0.0
100
AcDbText
  0
LWPOLYLINE
  5
511
330
17
100
AcDbEntity
  8
TEXT
 62
7
370
15
100
AcDbPolyline
 90
2
 70
0
 10
243.00722341235414
 20
111.12000000000015
 10
243.00722341235414
 20
107.77000000000015
  0
TEXT
  5
512
330
17
100
AcDbEntity
  8
TEXT
 62
7
100
AcDbText
 10
243.80722341235415
 20
108.77000000000015
 30
0.0
 40
1.35
  1
4 750
  7
GOST
 11
243.80722341235415
 21
108.77000000000015
 31
0.0
100
AcDbText
  0
LWPOLYLINE
  5
513
330
17
100
AcDbEntity
  8
TEXT
 62
7
370
15
100
AcDbPolyline
 90
2
 70
0
 10
254.1397057521732
 20
111.12000000000015
 10
254.1397057521732
 20
107.77000000000015
  0
TEXT
  5
514
330
17
100
AcDbEntity
  8
TEXT
 62
7
100
AcDbText
 10
254.9397057521732
 20
108.77000000000015
 30
0.0
 40
1.35
  1
R5
  7
GOST
 11
254.9397057521732
 21
108.77000000000015
 31
0.0
100
AcDbText
  0
LWPOLYLINE
  5
515
330
17
100
AcDbEntity
  8
TEXT
 62
7
370
15
100
AcDbPolyline
 90
2
 70
0
 10
270.13745728803354
 20
111.12000000000015
 10
270.13745728803354
 20
107.77000000000015
  0
TEXT
  5
516
330
17
100
AcDbEntity
  8
TEXT
 62
7
100
AcDbText
 10
270.93745728803356
 20
108.77000000000015
 30
0.0
 40
1.35
  1
VK-C1 (F90), VK-C2, F69, экран ванны
  7
GOST
 11
270.93745728803356
 21
108.77000000000015
 31
0.0
100
AcDbText
  0
LWPOLYLINE
  5
517
330
17
100
AcDbEntity
  8
TEXT
 62
7
370
15
100
AcDbPolyline
 90
2
 70
0
 10
345.930014340598
 20
111.12000000000015
 10
345.930014340598
 20
107.77000000000015
  0
TEXT
  5
518
330
17
100
AcDbEntity
  8
TEXT
 62
7
100
AcDbText
 10
346.730014340598
 20
108.77000000000015
 30
0.0
 40
1.35
  1
Ремонт
  7
GOST
 11
346.730014340598
 21
108.77000000000015
 31
0.0
100
AcDbText
  0
LWPOLYLINE
  5
519
330
17
100
AcDbEntity
  8
TEXT
 62
7
370
15
100
AcDbPolyline
 90
2
 70
0
 10
356.3681461678735
 20
111.12000000000015
 10
356.3681461678735
 20
107.77000000000015
  0
TEXT
  5
51A
330
17
100
AcDbEntity
  8
TEXT
 62
7
100
AcDbText
 10
357.1681461678735
 20
108.77000000000015
 30
0.0
 40
1.35
  1
Э02
  7
GOST
 11
357.1681461678735
 21
108.77000000000015
 31
0.0
100
AcDbText
  0
LWPOLYLINE
  5
51B
330
17
100
AcDbEntity
  8
TEXT
 62
7
370
15
100
AcDbPolyline
 90
2
 70
0
 10
370.23288423065344
 20
111.12000000000015
 10
370.23288423065344
 20
107.77000000000015
  0
LWPOLYLINE
  5
51C
330
17
100
AcDbEntity
  8
TEXT
 62
7
370
15
100
AcDbPolyline
 90
2
 70
0
 10
413.0
 20
111.12000000000015
 10
413.0
 20
107.77000000000015
  0
LWPOLYLINE
  5
51D
330
17
100
AcDbEntity
  8
TEXT
 62
7
370
15
100
AcDbPolyline
 90
4
 70
1
 10
22.0
 20
104.42000000000016
 10
413.0
 20
104.42000000000016
 10
413.0
 20
107.77000000000015
 10
22.0
 20
107.77000000000015
  0
LWPOLYLINE
  5
51E
330
17
100
AcDbEntity
  8
TEXT
 62
7
370
15
100
AcDbPolyline
 90
2
 70
0
 10
22.0
 20
107.77000000000015
 10
22.0
 20
104.42000000000016
  0
TEXT
  5
51F
330
17
100
AcDbEntity
  8
TEXT
 62
7
100
AcDbText
 10
22.8
 20
105.42000000000016
 30
0.0
 40
1.35
  1
42
  7
GOST
 11
22.8
 21
105.42000000000016
 31
0.0
100
AcDbText
  0
LWPOLYLINE
  5
520
330
17
100
AcDbEntity
  8
TEXT
 62
7
370
15
100
AcDbPolyline
 90
2
 70
0
 10
28.232600959580758
 20
107.77000000000015
 10
28.232600959580758
 20
104.42000000000016
  0
TEXT
  5
521
330
17
100
AcDbEntity
  8
TEXT
 62
7
100
AcDbText
 10
29.03260095958076
 20
105.42000000000016
 30
0.0
 40
1.35
  1
Минвата 100 + пароизоляция с проклейкой (зашивка O1)
  7
GOST
 11
29.03260095958076
 21
105.42000000000016
 31
0.0
100
AcDbText
  0
LWPOLYLINE
  5
522
330
17
100
AcDbEntity
  8
TEXT
 62
7
370
15
100
AcDbPolyline
 90
2
 70
0
 10
127.04888196448488
 20
107.77000000000015
 10
127.04888196448488
 20
104.42000000000016
  0
TEXT
  5
523
330
17
100
AcDbEntity
  8
TEXT
 62
7
100
AcDbText
 10
127.84888196448487
 20
105.42000000000016
 30
0.0
 40
1.35
  1
Rockwool Лайт Баттс / Ондутис
  7
GOST
 11
127.84888196448487
 21
105.42000000000016
 31
0.0
100
AcDbText
  0
LWPOLYLINE
  5
524
330
17
100
AcDbEntity
  8
TEXT
 62
7
370
15
100
AcDbPolyline
 90
2
 70
0
 10
177.5634084591824
 20
107.77000000000015
 10
177.5634084591824
 20
104.42000000000016
  0
TEXT
  5
525
330
17
100
AcDbEntity
  8
TEXT
 62
7
100
AcDbText
 10
178.3634084591824
 20
105.42000000000016
 30
0.0
 40
1.35
  1
Rockwool
  7
GOST
 11
178.3634084591824
 21
105.42000000000016
 31
0.0
100
AcDbText
  0
LWPOLYLINE
  5
526
330
17
100
AcDbEntity
  8
TEXT
 62
7
370
15
100
AcDbPolyline
 90
2
 70
0
 10
203.07740382061857
 20
107.77000000000015
 10
203.07740382061857
 20
104.42000000000016
  0
TEXT
  5
527
330
17
100
AcDbEntity
  8
TEXT
 62
7
100
AcDbText
 10
203.87740382061858
 20
105.42000000000016
 30
0.0
 40
1.35
  1
4
  7
GOST
 11
203.87740382061858
 21
105.42000000000016
 31
0.0
100
AcDbText
  0
LWPOLYLINE
  5
528
330
17
100
AcDbEntity
  8
TEXT
 62
7
370
15
100
AcDbPolyline
 90
2
 70
0
 10
211.93511321990684
 20
107.77000000000015
 10
211.93511321990684
 20
104.42000000000016
  0
TEXT
  5
529
330
17
100
AcDbEntity
  8
TEXT
 62
7
100
AcDbText
 10
212.73511321990685
 20
105.42000000000016
 30
0.0
 40
1.35
  1
м²
  7
GOST
 11
212.73511321990685
 21
105.42000000000016
 31
0.0
100
AcDbText
  0
LWPOLYLINE
  5
52A
330
17
100
AcDbEntity
  8
TEXT
 62
7
370
15
100
AcDbPolyline
 90
2
 70
0
 10
224.881875962679
 20
107.77000000000015
 10
224.881875962679
 20
104.42000000000016
  0
TEXT
  5
52B
330
17
100
AcDbEntity
  8
TEXT
 62
7
100
AcDbText
 10
225.68187596267902
 20
105.42000000000016
 30
0.0
 40
1.35
  1
650
  7
GOST
 11
225.68187596267902
 21
105.42000000000016
 31
0.0
100
AcDbText
  0
LWPOLYLINE
  5
52C
330
17
100
AcDbEntity
  8
TEXT
 62
7
370
15
100
AcDbPolyline
 90
2
 70
0
 10
243.00722341235414
 20
107.77000000000015
 10
243.00722341235414
 20
104.42000000000016
  0
TEXT
  5
52D
330
17
100
AcDbEntity
  8
TEXT
 62
7
100
AcDbText
 10
243.80722341235415
 20
105.42000000000016
 30
0.0
 40
1.35
  1
2 600
  7
GOST
 11
243.80722341235415
 21
105.42000000000016
 31
0.0
100
AcDbText
  0
LWPOLYLINE
  5
52E
330
17
100
AcDbEntity
  8
TEXT
 62
7
370
15
100
AcDbPolyline
 90
2
 70
0
 10
254.1397057521732
 20
107.77000000000015
 10
254.1397057521732
 20
104.42000000000016
  0
TEXT
  5
52F
330
17
100
AcDbEntity
  8
TEXT
 62
7
100
AcDbText
 10
254.9397057521732
 20
105.42000000000016
 30
0.0
 40
1.35
  1
R1
  7
GOST
 11
254.9397057521732
 21
105.42000000000016
 31
0.0
100
AcDbText
  0
LWPOLYLINE
  5
530
330
17
100
AcDbEntity
  8
TEXT
 62
7
370
15
100
AcDbPolyline
 90
2
 70
0
 10
270.13745728803354
 20
107.77000000000015
 10
270.13745728803354
 20
104.42000000000016
  0
TEXT
  5
531
330
17
100
AcDbEntity
  8
TEXT
 62
7
100
AcDbText
 10
270.93745728803356
 20
105.42000000000016
 30
0.0
 40
1.35
  1
window_infill O1 2.98 м²; узел 8
  7
GOST
 11
270.93745728803356
 21
105.42000000000016
 31
0.0
100
AcDbText
  0
LWPOLYLINE
  5
532
330
17
100
AcDbEntity
  8
TEXT
 62
7
370
15
100
AcDbPolyline
 90
2
 70
0
 10
345.930014340598
 20
107.77000000000015
 10
345.930014340598
 20
104.42000000000016
  0
TEXT
  5
533
330
17
100
AcDbEntity
  8
TEXT
 62
7
100
AcDbText
 10
346.730014340598
 20
105.42000000000016
 30
0.0
 40
1.35
  1
Ремонт
  7
GOST
 11
346.730014340598
 21
105.42000000000016
 31
0.0
100
AcDbText
  0
LWPOLYLINE
  5
534
330
17
100
AcDbEntity
  8
TEXT
 62
7
370
15
100
AcDbPolyline
 90
2
 70
0
 10
356.3681461678735
 20
107.77000000000015
 10
356.3681461678735
 20
104.42000000000016
  0
TEXT
  5
535
330
17
100
AcDbEntity
  8
TEXT
 62
7
100
AcDbText
 10
357.1681461678735
 20
105.42000000000016
 30
0.0
 40
1.35
  1
Э02
  7
GOST
 11
357.1681461678735
 21
105.42000000000016
 31
0.0
100
AcDbText
  0
LWPOLYLINE
  5
536
330
17
100
AcDbEntity
  8
TEXT
 62
7
370
15
100
AcDbPolyline
 90
2
 70
0
 10
370.23288423065344
 20
107.77000000000015
 10
370.23288423065344
 20
104.42000000000016
  0
LWPOLYLINE
  5
537
330
17
100
AcDbEntity
  8
TEXT
 62
7
370
15
100
AcDbPolyline
 90
2
 70
0
 10
413.0
 20
107.77000000000015
 10
413.0
 20
104.42000000000016
  0
LWPOLYLINE
  5
538
330
17
100
AcDbEntity
  8
TEXT
 62
7
370
15
100
AcDbPolyline
 90
4
 70
1
 10
22.0
 20
101.07000000000016
 10
413.0
 20
101.07000000000016
 10
413.0
 20
104.42000000000016
 10
22.0
 20
104.42000000000016
  0
LWPOLYLINE
  5
539
330
17
100
AcDbEntity
  8
TEXT
 62
7
370
15
100
AcDbPolyline
 90
2
 70
0
 10
22.0
 20
104.42000000000016
 10
22.0
 20
101.07000000000016
  0
TEXT
  5
53A
330
17
100
AcDbEntity
  8
TEXT
 62
7
100
AcDbText
 10
22.8
 20
102.07000000000016
 30
0.0
 40
1.35
  1
43
  7
GOST
 11
22.8
 21
102.07000000000016
 31
0.0
100
AcDbText
  0
LWPOLYLINE
  5
53B
330
17
100
AcDbEntity
  8
TEXT
 62
7
370
15
100
AcDbPolyline
 90
2
 70
0
 10
28.232600959580758
 20
104.42000000000016
 10
28.232600959580758
 20
101.07000000000016
  0
TEXT
  5
53C
330
17
100
AcDbEntity
  8
TEXT
 62
7
100
AcDbText
 10
29.03260095958076
 20
102.07000000000016
 30
0.0
 40
1.35
  1
ГКЛ 12,5 2500×1200 (потолки, короба CB-1…CB-3, ниши штор)
  7
GOST
 11
29.03260095958076
 21
102.07000000000016
 31
0.0
100
AcDbText
  0
LWPOLYLINE
  5
53D
330
17
100
AcDbEntity
  8
TEXT
 62
7
370
15
100
AcDbPolyline
 90
2
 70
0
 10
127.04888196448488
 20
104.42000000000016
 10
127.04888196448488
 20
101.07000000000016
  0
TEXT
  5
53E
330
17
100
AcDbEntity
  8
TEXT
 62
7
100
AcDbText
 10
127.84888196448487
 20
102.07000000000016
 30
0.0
 40
1.35
  1
Knauf ГСП-А
  7
GOST
 11
127.84888196448487
 21
102.07000000000016
 31
0.0
100
AcDbText
  0
LWPOLYLINE
  5
53F
330
17
100
AcDbEntity
  8
TEXT
 62
7
370
15
100
AcDbPolyline
 90
2
 70
0
 10
177.5634084591824
 20
104.42000000000016
 10
177.5634084591824
 20
101.07000000000016
  0
TEXT
  5
540
330
17
100
AcDbEntity
  8
TEXT
 62
7
100
AcDbText
 10
178.3634084591824
 20
102.07000000000016
 30
0.0
 40
1.35
  1
Knauf
  7
GOST
 11
178.3634084591824
 21
102.07000000000016
 31
0.0
100
AcDbText
  0
LWPOLYLINE
  5
541
330
17
100
AcDbEntity
  8
TEXT
 62
7
370
15
100
AcDbPolyline
 90
2
 70
0
 10
203.07740382061857
 20
104.42000000000016
 10
203.07740382061857
 20
101.07000000000016
  0
TEXT
  5
542
330
17
100
AcDbEntity
  8
TEXT
 62
7
100
AcDbText
 10
203.87740382061858
 20
102.07000000000016
 30
0.0
 40
1.35
  1
22
  7
GOST
 11
203.87740382061858
 21
102.07000000000016
 31
0.0
100
AcDbText
  0
LWPOLYLINE
  5
543
330
17
100
AcDbEntity
  8
TEXT
 62
7
370
15
100
AcDbPolyline
 90
2
 70
0
 10
211.93511321990684
 20
104.42000000000016
 10
211.93511321990684
 20
101.07000000000016
  0
TEXT
  5
544
330
17
100
AcDbEntity
  8
TEXT
 62
7
100
AcDbText
 10
212.73511321990685
 20
102.07000000000016
 30
0.0
 40
1.35
  1
лист
  7
GOST
 11
212.73511321990685
 21
102.07000000000016
 31
0.0
100
AcDbText
  0
LWPOLYLINE
  5
545
330
17
100
AcDbEntity
  8
TEXT
 62
7
370
15
100
AcDbPolyline
 90
2
 70
0
 10
224.881875962679
 20
104.42000000000016
 10
224.881875962679
 20
101.07000000000016
  0
TEXT
  5
546
330
17
100
AcDbEntity
  8
TEXT
 62
7
100
AcDbText
 10
225.68187596267902
 20
102.07000000000016
 30
0.0
 40
1.35
  1
560
  7
GOST
 11
225.68187596267902
 21
102.07000000000016
 31
0.0
100
AcDbText
  0
LWPOLYLINE
  5
547
330
17
100
AcDbEntity
  8
TEXT
 62
7
370
15
100
AcDbPolyline
 90
2
 70
0
 10
243.00722341235414
 20
104.42000000000016
 10
243.00722341235414
 20
101.07000000000016
  0
TEXT
  5
548
330
17
100
AcDbEntity
  8
TEXT
 62
7
100
AcDbText
 10
243.80722341235415
 20
102.07000000000016
 30
0.0
 40
1.35
  1
12 320
  7
GOST
 11
243.80722341235415
 21
102.07000000000016
 31
0.0
100
AcDbText
  0
LWPOLYLINE
  5
549
330
17
100
AcDbEntity
  8
TEXT
 62
7
370
15
100
AcDbPolyline
 90
2
 70
0
 10
254.1397057521732
 20
104.42000000000016
 10
254.1397057521732
 20
101.07000000000016
  0
TEXT
  5
54A
330
17
100
AcDbEntity
  8
TEXT
 62
7
100
AcDbText
 10
254.9397057521732
 20
102.07000000000016
 30
0.0
 40
1.35
  1
R1–R4
  7
GOST
 11
254.9397057521732
 21
102.07000000000016
 31
0.0
100
AcDbText
  0
LWPOLYLINE
  5
54B
330
17
100
AcDbEntity
  8
TEXT
 62
7
370
15
100
AcDbPolyline
 90
2
 70
0
 10
270.13745728803354
 20
104.42000000000016
 10
270.13745728803354
 20
101.07000000000016
  0
TEXT
  5
54C
330
17
100
AcDbEntity
  8
TEXT
 62
7
100
AcDbText
 10
270.93745728803356
 20
102.07000000000016
 30
0.0
 40
1.35
  1
ceilings gkl_* 48.97 + box 4.57×1,5 + niche 2.4
  7
GOST
 11
270.93745728803356
 21
102.07000000000016
 31
0.0
100
AcDbText
  0
LWPOLYLINE
  5
54D
330
17
100
AcDbEntity
  8
TEXT
 62
7
370
15
100
AcDbPolyline
 90
2
 70
0
 10
345.930014340598
 20
104.42000000000016
 10
345.930014340598
 20
101.07000000000016
  0
TEXT
  5
54E
330
17
100
AcDbEntity
  8
TEXT
 62
7
100
AcDbText
 10
346.730014340598
 20
102.07000000000016
 30
0.0
 40
1.35
  1
Ремонт
  7
GOST
 11
346.730014340598
 21
102.07000000000016
 31
0.0
100
AcDbText
  0
LWPOLYLINE
  5
54F
330
17
100
AcDbEntity
  8
TEXT
 62
7
370
15
100
AcDbPolyline
 90
2
 70
0
 10
356.3681461678735
 20
104.42000000000016
 10
356.3681461678735
 20
101.07000000000016
  0
TEXT
  5
550
330
17
100
AcDbEntity
  8
TEXT
 62
7
100
AcDbText
 10
357.1681461678735
 20
102.07000000000016
 30
0.0
 40
1.35
  1
Э09
  7
GOST
 11
357.1681461678735
 21
102.07000000000016
 31
0.0
100
AcDbText
  0
LWPOLYLINE
  5
551
330
17
100
AcDbEntity
  8
TEXT
 62
7
370
15
100
AcDbPolyline
 90
2
 70
0
 10
370.23288423065344
 20
104.42000000000016
 10
370.23288423065344
 20
101.07000000000016
  0
LWPOLYLINE
  5
552
330
17
100
AcDbEntity
  8
TEXT
 62
7
370
15
100
AcDbPolyline
 90
2
 70
0
 10
413.0
 20
104.42000000000016
 10
413.0
 20
101.07000000000016
  0
LWPOLYLINE
  5
553
330
17
100
AcDbEntity
  8
TEXT
 62
7
370
15
100
AcDbPolyline
 90
4
 70
1
 10
22.0
 20
97.72000000000017
 10
413.0
 20
97.72000000000017
 10
413.0
 20
101.07000000000016
 10
22.0
 20
101.07000000000016
  0
LWPOLYLINE
  5
554
330
17
100
AcDbEntity
  8
TEXT
 62
7
370
15
100
AcDbPolyline
 90
2
 70
0
 10
22.0
 20
101.07000000000016
 10
22.0
 20
97.72000000000017
  0
TEXT
  5
555
330
17
100
AcDbEntity
  8
TEXT
 62
7
100
AcDbText
 10
22.8
 20
98.72000000000017
 30
0.0
 40
1.35
  1
44
  7
GOST
 11
22.8
 21
98.72000000000017
 31
0.0
100
AcDbText
  0
LWPOLYLINE
  5
556
330
17
100
AcDbEntity
  8
TEXT
 62
7
370
15
100
AcDbPolyline
 90
2
 70
0
 10
28.232600959580758
 20
101.07000000000016
 10
28.232600959580758
 20
97.72000000000017
  0
TEXT
  5
557
330
17
100
AcDbEntity
  8
TEXT
 62
7
100
AcDbText
 10
29.03260095958076
 20
98.72000000000017
 30
0.0
 40
1.35
  1
ГКЛВ 12,5 2500×1200 (потолки ванной, постирочной, балкона)
  7
GOST
 11
29.03260095958076
 21
98.72000000000017
 31
0.0
100
AcDbText
  0
LWPOLYLINE
  5
558
330
17
100
AcDbEntity
  8
TEXT
 62
7
370
15
100
AcDbPolyline
 90
2
 70
0
 10
127.04888196448488
 20
101.07000000000016
 10
127.04888196448488
 20
97.72000000000017
  0
TEXT
  5
559
330
17
100
AcDbEntity
  8
TEXT
 62
7
100
AcDbText
 10
127.84888196448487
 20
98.72000000000017
 30
0.0
 40
1.35
  1
Knauf ГСП-H2
  7
GOST
 11
127.84888196448487
 21
98.72000000000017
 31
0.0
100
AcDbText
  0
LWPOLYLINE
  5
55A
330
17
100
AcDbEntity
  8
TEXT
 62
7
370
15
100
AcDbPolyline
 90
2
 70
0
 10
177.5634084591824
 20
101.07000000000016
 10
177.5634084591824
 20
97.72000000000017
  0
TEXT
  5
55B
330
17
100
AcDbEntity
  8
TEXT
 62
7
100
AcDbText
 10
178.3634084591824
 20
98.72000000000017
 30
0.0
 40
1.35
  1
Knauf
  7
GOST
 11
178.3634084591824
 21
98.72000000000017
 31
0.0
100
AcDbText
  0
LWPOLYLINE
  5
55C
330
17
100
AcDbEntity
  8
TEXT
 62
7
370
15
100
AcDbPolyline
 90
2
 70
0
 10
203.07740382061857
 20
101.07000000000016
 10
203.07740382061857
 20
97.72000000000017
  0
TEXT
  5
55D
330
17
100
AcDbEntity
  8
TEXT
 62
7
100
AcDbText
 10
203.87740382061858
 20
98.72000000000017
 30
0.0
 40
1.35
  1
5
  7
GOST
 11
203.87740382061858
 21
98.72000000000017
 31
0.0
100
AcDbText
  0
LWPOLYLINE
  5
55E
330
17
100
AcDbEntity
  8
TEXT
 62
7
370
15
100
AcDbPolyline
 90
2
 70
0
 10
211.93511321990684
 20
101.07000000000016
 10
211.93511321990684
 20
97.72000000000017
  0
TEXT
  5
55F
330
17
100
AcDbEntity
  8
TEXT
 62
7
100
AcDbText
 10
212.73511321990685
 20
98.72000000000017
 30
0.0
 40
1.35
  1
лист
  7
GOST
 11
212.73511321990685
 21
98.72000000000017
 31
0.0
100
AcDbText
  0
LWPOLYLINE
  5
560
330
17
100
AcDbEntity
  8
TEXT
 62
7
370
15
100
AcDbPolyline
 90
2
 70
0
 10
224.881875962679
 20
101.07000000000016
 10
224.881875962679
 20
97.72000000000017
  0
TEXT
  5
561
330
17
100
AcDbEntity
  8
TEXT
 62
7
100
AcDbText
 10
225.68187596267902
 20
98.72000000000017
 30
0.0
 40
1.35
  1
650
  7
GOST
 11
225.68187596267902
 21
98.72000000000017
 31
0.0
100
AcDbText
  0
LWPOLYLINE
  5
562
330
17
100
AcDbEntity
  8
TEXT
 62
7
370
15
100
AcDbPolyline
 90
2
 70
0
 10
243.00722341235414
 20
101.07000000000016
 10
243.00722341235414
 20
97.72000000000017
  0
TEXT
  5
563
330
17
100
AcDbEntity
  8
TEXT
 62
7
100
AcDbText
 10
243.80722341235415
 20
98.72000000000017
 30
0.0
 40
1.35
  1
3 250
  7
GOST
 11
243.80722341235415
 21
98.72000000000017
 31
0.0
100
AcDbText
  0
LWPOLYLINE
  5
564
330
17
100
AcDbEntity
  8
TEXT
 62
7
370
15
100
AcDbPolyline
 90
2
 70
0
 10
254.1397057521732
 20
101.07000000000016
 10
254.1397057521732
 20
97.72000000000017
  0
TEXT
  5
565
330
17
100
AcDbEntity
  8
TEXT
 62
7
100
AcDbText
 10
254.9397057521732
 20
98.72000000000017
 30
0.0
 40
1.35
  1
R5–R7
  7
GOST
 11
254.9397057521732
 21
98.72000000000017
 31
0.0
100
AcDbText
  0
LWPOLYLINE
  5
566
330
17
100
AcDbEntity
  8
TEXT
 62
7
370
15
100
AcDbPolyline
 90
2
 70
0
 10
270.13745728803354
 20
101.07000000000016
 10
270.13745728803354
 20
97.72000000000017
  0
TEXT
  5
567
330
17
100
AcDbEntity
  8
TEXT
 62
7
100
AcDbText
 10
270.93745728803356
 20
98.72000000000017
 30
0.0
 40
1.35
  1
ceilings gklv_* 8.29 + 5.07
  7
GOST
 11
270.93745728803356
 21
98.72000000000017
 31
0.0
100
AcDbText
  0
LWPOLYLINE
  5
568
330
17
100
AcDbEntity
  8
TEXT
 62
7
370
15
100
AcDbPolyline
 90
2
 70
0
 10
345.930014340598
 20
101.07000000000016
 10
345.930014340598
 20
97.72000000000017
  0
TEXT
  5
569
330
17
100
AcDbEntity
  8
TEXT
 62
7
100
AcDbText
 10
346.730014340598
 20
98.72000000000017
 30
0.0
 40
1.35
  1
Ремонт
  7
GOST
 11
346.730014340598
 21
98.72000000000017
 31
0.0
100
AcDbText
  0
LWPOLYLINE
  5
56A
330
17
100
AcDbEntity
  8
TEXT
 62
7
370
15
100
AcDbPolyline
 90
2
 70
0
 10
356.3681461678735
 20
101.07000000000016
 10
356.3681461678735
 20
97.72000000000017
  0
TEXT
  5
56B
330
17
100
AcDbEntity
  8
TEXT
 62
7
100
AcDbText
 10
357.1681461678735
 20
98.72000000000017
 30
0.0
 40
1.35
  1
Э09
  7
GOST
 11
357.1681461678735
 21
98.72000000000017
 31
0.0
100
AcDbText
  0
LWPOLYLINE
  5
56C
330
17
100
AcDbEntity
  8
TEXT
 62
7
370
15
100
AcDbPolyline
 90
2
 70
0
 10
370.23288423065344
 20
101.07000000000016
 10
370.23288423065344
 20
97.72000000000017
  0
LWPOLYLINE
  5
56D
330
17
100
AcDbEntity
  8
TEXT
 62
7
370
15
100
AcDbPolyline
 90
2
 70
0
 10
413.0
 20
101.07000000000016
 10
413.0
 20
97.72000000000017
  0
LWPOLYLINE
  5
56E
330
17
100
AcDbEntity
  8
TEXT
 62
7
370
15
100
AcDbPolyline
 90
4
 70
1
 10
22.0
 20
94.37000000000018
 10
413.0
 20
94.37000000000018
 10
413.0
 20
97.72000000000017
 10
22.0
 20
97.72000000000017
  0
LWPOLYLINE
  5
56F
330
17
100
AcDbEntity
  8
TEXT
 62
7
370
15
100
AcDbPolyline
 90
2
 70
0
 10
22.0
 20
97.72000000000017
 10
22.0
 20
94.37000000000018
  0
TEXT
  5
570
330
17
100
AcDbEntity
  8
TEXT
 62
7
100
AcDbText
 10
22.8
 20
95.37000000000018
 30
0.0
 40
1.35
  1
45
  7
GOST
 11
22.8
 21
95.37000000000018
 31
0.0
100
AcDbText
  0
LWPOLYLINE
  5
571
330
17
100
AcDbEntity
  8
TEXT
 62
7
370
15
100
AcDbPolyline
 90
2
 70
0
 10
28.232600959580758
 20
97.72000000000017
 10
28.232600959580758
 20
94.37000000000018
  0
TEXT
  5
572
330
17
100
AcDbEntity
  8
TEXT
 62
7
100
AcDbText
 10
29.03260095958076
 20
95.37000000000018
 30
0.0
 40
1.35
  1
Каркас потолков (ПП 60/27, ПН 28/27, прямые подвесы, крабы, анкеры)
  7
GOST
 11
29.03260095958076
 21
95.37000000000018
 31
0.0
100
AcDbText
  0
LWPOLYLINE
  5
573
330
17
100
AcDbEntity
  8
TEXT
 62
7
370
15
100
AcDbPolyline
 90
2
 70
0
 10
127.04888196448488
 20
97.72000000000017
 10
127.04888196448488
 20
94.37000000000018
  0
TEXT
  5
574
330
17
100
AcDbEntity
  8
TEXT
 62
7
100
AcDbText
 10
127.84888196448487
 20
95.37000000000018
 30
0.0
 40
1.35
  1
Knauf
  7
GOST
 11
127.84888196448487
 21
95.37000000000018
 31
0.0
100
AcDbText
  0
LWPOLYLINE
  5
575
330
17
100
AcDbEntity
  8
TEXT
 62
7
370
15
100
AcDbPolyline
 90
2
 70
0
 10
177.5634084591824
 20
97.72000000000017
 10
177.5634084591824
 20
94.37000000000018
  0
TEXT
  5
576
330
17
100
AcDbEntity
  8
TEXT
 62
7
100
AcDbText
 10
178.3634084591824
 20
95.37000000000018
 30
0.0
 40
1.35
  1
Knauf
  7
GOST
 11
178.3634084591824
 21
95.37000000000018
 31
0.0
100
AcDbText
  0
LWPOLYLINE
  5
577
330
17
100
AcDbEntity
  8
TEXT
 62
7
370
15
100
AcDbPolyline
 90
2
 70
0
 10
203.07740382061857
 20
97.72000000000017
 10
203.07740382061857
 20
94.37000000000018
  0
TEXT
  5
578
330
17
100
AcDbEntity
  8
TEXT
 62
7
100
AcDbText
 10
203.87740382061858
 20
95.37000000000018
 30
0.0
 40
1.35
  1
70
  7
GOST
 11
203.87740382061858
 21
95.37000000000018
 31
0.0
100
AcDbText
  0
LWPOLYLINE
  5
579
330
17
100
AcDbEntity
  8
TEXT
 62
7
370
15
100
AcDbPolyline
 90
2
 70
0
 10
211.93511321990684
 20
97.72000000000017
 10
211.93511321990684
 20
94.37000000000018
  0
TEXT
  5
57A
330
17
100
AcDbEntity
  8
TEXT
 62
7
100
AcDbText
 10
212.73511321990685
 20
95.37000000000018
 30
0.0
 40
1.35
  1
м²
  7
GOST
 11
212.73511321990685
 21
95.37000000000018
 31
0.0
100
AcDbText
  0
LWPOLYLINE
  5
57B
330
17
100
AcDbEntity
  8
TEXT
 62
7
370
15
100
AcDbPolyline
 90
2
 70
0
 10
224.881875962679
 20
97.72000000000017
 10
224.881875962679
 20
94.37000000000018
  0
TEXT
  5
57C
330
17
100
AcDbEntity
  8
TEXT
 62
7
100
AcDbText
 10
225.68187596267902
 20
95.37000000000018
 30
0.0
 40
1.35
  1
550
  7
GOST
 11
225.68187596267902
 21
95.37000000000018
 31
0.0
100
AcDbText
  0
LWPOLYLINE
  5
57D
330
17
100
AcDbEntity
  8
TEXT
 62
7
370
15
100
AcDbPolyline
 90
2
 70
0
 10
243.00722341235414
 20
97.72000000000017
 10
243.00722341235414
 20
94.37000000000018
  0
TEXT
  5
57E
330
17
100
AcDbEntity
  8
TEXT
 62
7
100
AcDbText
 10
243.80722341235415
 20
95.37000000000018
 30
0.0
 40
1.35
  1
38 500
  7
GOST
 11
243.80722341235415
 21
95.37000000000018
 31
0.0
100
AcDbText
  0
LWPOLYLINE
  5
57F
330
17
100
AcDbEntity
  8
TEXT
 62
7
370
15
100
AcDbPolyline
 90
2
 70
0
 10
254.1397057521732
 20
97.72000000000017
 10
254.1397057521732
 20
94.37000000000018
  0
TEXT
  5
580
330
17
100
AcDbEntity
  8
TEXT
 62
7
100
AcDbText
 10
254.9397057521732
 20
95.37000000000018
 30
0.0
 40
1.35
  1
все
  7
GOST
 11
254.9397057521732
 21
95.37000000000018
 31
0.0
100
AcDbText
  0
LWPOLYLINE
  5
581
330
17
100
AcDbEntity
  8
TEXT
 62
7
370
15
100
AcDbPolyline
 90
2
 70
0
 10
270.13745728803354
 20
97.72000000000017
 10
270.13745728803354
 20
94.37000000000018
  0
TEXT
  5
582
330
17
100
AcDbEntity
  8
TEXT
 62
7
100
AcDbText
 10
270.93745728803356
 20
95.37000000000018
 30
0.0
 40
1.35
  1
ceilings Σ 69.3 м²
  7
GOST
 11
270.93745728803356
 21
95.37000000000018
 31
0.0
100
AcDbText
  0
LWPOLYLINE
  5
583
330
17
100
AcDbEntity
  8
TEXT
 62
7
370
15
100
AcDbPolyline
 90
2
 70
0
 10
345.930014340598
 20
97.72000000000017
 10
345.930014340598
 20
94.37000000000018
  0
TEXT
  5
584
330
17
100
AcDbEntity
  8
TEXT
 62
7
100
AcDbText
 10
346.730014340598
 20
95.37000000000018
 30
0.0
 40
1.35
  1
Ремонт
  7
GOST
 11
346.730014340598
 21
95.37000000000018
 31
0.0
100
AcDbText
  0
LWPOLYLINE
  5
585
330
17
100
AcDbEntity
  8
TEXT
 62
7
370
15
100
AcDbPolyline
 90
2
 70
0
 10
356.3681461678735
 20
97.72000000000017
 10
356.3681461678735
 20
94.37000000000018
  0
TEXT
  5
586
330
17
100
AcDbEntity
  8
TEXT
 62
7
100
AcDbText
 10
357.1681461678735
 20
95.37000000000018
 30
0.0
 40
1.35
  1
Э09
  7
GOST
 11
357.1681461678735
 21
95.37000000000018
 31
0.0
100
AcDbText
  0
LWPOLYLINE
  5
587
330
17
100
AcDbEntity
  8
TEXT
 62
7
370
15
100
AcDbPolyline
 90
2
 70
0
 10
370.23288423065344
 20
97.72000000000017
 10
370.23288423065344
 20
94.37000000000018
  0
LWPOLYLINE
  5
588
330
17
100
AcDbEntity
  8
TEXT
 62
7
370
15
100
AcDbPolyline
 90
2
 70
0
 10
413.0
 20
97.72000000000017
 10
413.0
 20
94.37000000000018
  0
LWPOLYLINE
  5
589
330
17
100
AcDbEntity
  8
TEXT
 62
7
370
15
100
AcDbPolyline
 90
4
 70
1
 10
22.0
 20
91.02000000000018
 10
413.0
 20
91.02000000000018
 10
413.0
 20
94.37000000000018
 10
22.0
 20
94.37000000000018
  0
LWPOLYLINE
  5
58A
330
17
100
AcDbEntity
  8
TEXT
 62
7
370
15
100
AcDbPolyline
 90
2
 70
0
 10
22.0
 20
94.37000000000018
 10
22.0
 20
91.02000000000018
  0
TEXT
  5
58B
330
17
100
AcDbEntity
  8
TEXT
 62
7
100
AcDbText
 10
22.8
 20
92.02000000000018
 30
0.0
 40
1.35
  1
46
  7
GOST
 11
22.8
 21
92.02000000000018
 31
0.0
100
AcDbText
  0
LWPOLYLINE
  5
58C
330
17
100
AcDbEntity
  8
TEXT
 62
7
370
15
100
AcDbPolyline
 90
2
 70
0
 10
28.232600959580758
 20
94.37000000000018
 10
28.232600959580758
 20
91.02000000000018
  0
TEXT
  5
58D
330
17
100
AcDbEntity
  8
TEXT
 62
7
100
AcDbText
 10
29.03260095958076
 20
92.02000000000018
 30
0.0
 40
1.35
  1
Теневой профиль 10×10 алюминиевый под окраску
  7
GOST
 11
29.03260095958076
 21
92.02000000000018
 31
0.0
100
AcDbText
  0
LWPOLYLINE
  5
58E
330
17
100
AcDbEntity
  8
TEXT
 62
7
370
15
100
AcDbPolyline
 90
2
 70
0
 10
127.04888196448488
 20
94.37000000000018
 10
127.04888196448488
 20
91.02000000000018
  0
TEXT
  5
58F
330
17
100
AcDbEntity
  8
TEXT
 62
7
100
AcDbText
 10
127.84888196448487
 20
92.02000000000018
 30
0.0
 40
1.35
  1
Steel Shadow / Профиль-Т
  7
GOST
 11
127.84888196448487
 21
92.02000000000018
 31
0.0
100
AcDbText
  0
LWPOLYLINE
  5
590
330
17
100
AcDbEntity
  8
TEXT
 62
7
370
15
100
AcDbPolyline
 90
2
 70
0
 10
177.5634084591824
 20
94.37000000000018
 10
177.5634084591824
 20
91.02000000000018
  0
TEXT
  5
591
330
17
100
AcDbEntity
  8
TEXT
 62
7
100
AcDbText
 10
178.3634084591824
 20
92.02000000000018
 30
0.0
 40
1.35
  1
—
  7
GOST
 11
178.3634084591824
 21
92.02000000000018
 31
0.0
100
AcDbText
  0
LWPOLYLINE
  5
592
330
17
100
AcDbEntity
  8
TEXT
 62
7
370
15
100
AcDbPolyline
 90
2
 70
0
 10
203.07740382061857
 20
94.37000000000018
 10
203.07740382061857
 20
91.02000000000018
  0
TEXT
  5
593
330
17
100
AcDbEntity
  8
TEXT
 62
7
100
AcDbText
 10
203.87740382061858
 20
92.02000000000018
 30
0.0
 40
1.35
  1
18
  7
GOST
 11
203.87740382061858
 21
92.02000000000018
 31
0.0
100
AcDbText
  0
LWPOLYLINE
  5
594
330
17
100
AcDbEntity
  8
TEXT
 62
7
370
15
100
AcDbPolyline
 90
2
 70
0
 10
211.93511321990684
 20
94.37000000000018
 10
211.93511321990684
 20
91.02000000000018
  0
TEXT
  5
595
330
17
100
AcDbEntity
  8
TEXT
 62
7
100
AcDbText
 10
212.73511321990685
 20
92.02000000000018
 30
0.0
 40
1.35
  1
м
  7
GOST
 11
212.73511321990685
 21
92.02000000000018
 31
0.0
100
AcDbText
  0
LWPOLYLINE
  5
596
330
17
100
AcDbEntity
  8
TEXT
 62
7
370
15
100
AcDbPolyline
 90
2
 70
0
 10
224.881875962679
 20
94.37000000000018
 10
224.881875962679
 20
91.02000000000018
  0
TEXT
  5
597
330
17
100
AcDbEntity
  8
TEXT
 62
7
100
AcDbText
 10
225.68187596267902
 20
92.02000000000018
 30
0.0
 40
1.35
  1
650
  7
GOST
 11
225.68187596267902
 21
92.02000000000018
 31
0.0
100
AcDbText
  0
LWPOLYLINE
  5
598
330
17
100
AcDbEntity
  8
TEXT
 62
7
370
15
100
AcDbPolyline
 90
2
 70
0
 10
243.00722341235414
 20
94.37000000000018
 10
243.00722341235414
 20
91.02000000000018
  0
TEXT
  5
599
330
17
100
AcDbEntity
  8
TEXT
 62
7
100
AcDbText
 10
243.80722341235415
 20
92.02000000000018
 30
0.0
 40
1.35
  1
11 700
  7
GOST
 11
243.80722341235415
 21
92.02000000000018
 31
0.0
100
AcDbText
  0
LWPOLYLINE
  5
59A
330
17
100
AcDbEntity
  8
TEXT
 62
7
370
15
100
AcDbPolyline
 90
2
 70
0
 10
254.1397057521732
 20
94.37000000000018
 10
254.1397057521732
 20
91.02000000000018
  0
TEXT
  5
59B
330
17
100
AcDbEntity
  8
TEXT
 62
7
100
AcDbText
 10
254.9397057521732
 20
92.02000000000018
 30
0.0
 40
1.35
  1
R5, R6, R7
  7
GOST
 11
254.9397057521732
 21
92.02000000000018
 31
0.0
100
AcDbText
  0
LWPOLYLINE
  5
59C
330
17
100
AcDbEntity
  8
TEXT
 62
7
370
15
100
AcDbPolyline
 90
2
 70
0
 10
270.13745728803354
 20
94.37000000000018
 10
270.13745728803354
 20
91.02000000000018
  0
TEXT
  5
59D
330
17
100
AcDbEntity
  8
TEXT
 62
7
100
AcDbText
 10
270.93745728803356
 20
92.02000000000018
 30
0.0
 40
1.35
  1
linear shadow_profile; ceilings shadow_profiles
  7
GOST
 11
270.93745728803356
 21
92.02000000000018
 31
0.0
100
AcDbText
  0
LWPOLYLINE
  5
59E
330
17
100
AcDbEntity
  8
TEXT
 62
7
370
15
100
AcDbPolyline
 90
2
 70
0
 10
345.930014340598
 20
94.37000000000018
 10
345.930014340598
 20
91.02000000000018
  0
TEXT
  5
59F
330
17
100
AcDbEntity
  8
TEXT
 62
7
100
AcDbText
 10
346.730014340598
 20
92.02000000000018
 30
0.0
 40
1.35
  1
Ремонт
  7
GOST
 11
346.730014340598
 21
92.02000000000018
 31
0.0
100
AcDbText
  0
LWPOLYLINE
  5
5A0
330
17
100
AcDbEntity
  8
TEXT
 62
7
370
15
100
AcDbPolyline
 90
2
 70
0
 10
356.3681461678735
 20
94.37000000000018
 10
356.3681461678735
 20
91.02000000000018
  0
TEXT
  5
5A1
330
17
100
AcDbEntity
  8
TEXT
 62
7
100
AcDbText
 10
357.1681461678735
 20
92.02000000000018
 30
0.0
 40
1.35
  1
Э09
  7
GOST
 11
357.1681461678735
 21
92.02000000000018
 31
0.0
100
AcDbText
  0
LWPOLYLINE
  5
5A2
330
17
100
AcDbEntity
  8
TEXT
 62
7
370
15
100
AcDbPolyline
 90
2
 70
0
 10
370.23288423065344
 20
94.37000000000018
 10
370.23288423065344
 20
91.02000000000018
  0
LWPOLYLINE
  5
5A3
330
17
100
AcDbEntity
  8
TEXT
 62
7
370
15
100
AcDbPolyline
 90
2
 70
0
 10
413.0
 20
94.37000000000018
 10
413.0
 20
91.02000000000018
  0
LWPOLYLINE
  5
5A4
330
17
100
AcDbEntity
  8
TEXT
 62
7
370
15
100
AcDbPolyline
 90
4
 70
1
 10
22.0
 20
87.67000000000019
 10
413.0
 20
87.67000000000019
 10
413.0
 20
91.02000000000018
 10
22.0
 20
91.02000000000018
  0
LWPOLYLINE
  5
5A5
330
17
100
AcDbEntity
  8
TEXT
 62
7
370
15
100
AcDbPolyline
 90
2
 70
0
 10
22.0
 20
91.02000000000018
 10
22.0
 20
87.67000000000019
  0
TEXT
  5
5A6
330
17
100
AcDbEntity
  8
TEXT
 62
7
100
AcDbText
 10
22.8
 20
88.67000000000019
 30
0.0
 40
1.35
  1
47
  7
GOST
 11
22.8
 21
88.67000000000019
 31
0.0
100
AcDbText
  0
LWPOLYLINE
  5
5A7
330
17
100
AcDbEntity
  8
TEXT
 62
7
370
15
100
AcDbPolyline
 90
2
 70
0
 10
28.232600959580758
 20
91.02000000000018
 10
28.232600959580758
 20
87.67000000000019
  0
TEXT
  5
5A8
330
17
100
AcDbEntity
  8
TEXT
 62
7
100
AcDbText
 10
29.03260095958076
 20
88.67000000000019
 30
0.0
 40
1.35
  1
HC-1: люк-невидимка под покраску, влагостойкий, с уплотнителем 300×300
  7
GOST
 11
29.03260095958076
 21
88.67000000000019
 31
0.0
100
AcDbText
  0
LWPOLYLINE
  5
5A9
330
17
100
AcDbEntity
  8
TEXT
 62
7
370
15
100
AcDbPolyline
 90
2
 70
0
 10
127.04888196448488
 20
91.02000000000018
 10
127.04888196448488
 20
87.67000000000019
  0
TEXT
  5
5AA
330
17
100
AcDbEntity
  8
TEXT
 62
7
100
AcDbText
 10
127.84888196448487
 20
88.67000000000019
 30
0.0
 40
1.35
  1
Практика / Revizor
  7
GOST
 11
127.84888196448487
 21
88.67000000000019
 31
0.0
100
AcDbText
  0
LWPOLYLINE
  5
5AB
330
17
100
AcDbEntity
  8
TEXT
 62
7
370
15
100
AcDbPolyline
 90
2
 70
0
 10
177.5634084591824
 20
91.02000000000018
 10
177.5634084591824
 20
87.67000000000019
  0
TEXT
  5
5AC
330
17
100
AcDbEntity
  8
TEXT
 62
7
100
AcDbText
 10
178.3634084591824
 20
88.67000000000019
 30
0.0
 40
1.35
  1
—
  7
GOST
 11
178.3634084591824
 21
88.67000000000019
 31
0.0
100
AcDbText
  0
LWPOLYLINE
  5
5AD
330
17
100
AcDbEntity
  8
TEXT
 62
7
370
15
100
AcDbPolyline
 90
2
 70
0
 10
203.07740382061857
 20
91.02000000000018
 10
203.07740382061857
 20
87.67000000000019
  0
TEXT
  5
5AE
330
17
100
AcDbEntity
  8
TEXT
 62
7
100
AcDbText
 10
203.87740382061858
 20
88.67000000000019
 30
0.0
 40
1.35
  1
1
  7
GOST
 11
203.87740382061858
 21
88.67000000000019
 31
0.0
100
AcDbText
  0
LWPOLYLINE
  5
5AF
330
17
100
AcDbEntity
  8
TEXT
 62
7
370
15
100
AcDbPolyline
 90
2
 70
0
 10
211.93511321990684
 20
91.02000000000018
 10
211.93511321990684
 20
87.67000000000019
  0
TEXT
  5
5B0
330
17
100
AcDbEntity
  8
TEXT
 62
7
100
AcDbText
 10
212.73511321990685
 20
88.67000000000019
 30
0.0
 40
1.35
  1
шт
  7
GOST
 11
212.73511321990685
 21
88.67000000000019
 31
0.0
100
AcDbText
  0
LWPOLYLINE
  5
5B1
330
17
100
AcDbEntity
  8
TEXT
 62
7
370
15
100
AcDbPolyline
 90
2
 70
0
 10
224.881875962679
 20
91.02000000000018
 10
224.881875962679
 20
87.67000000000019
  0
TEXT
  5
5B2
330
17
100
AcDbEntity
  8
TEXT
 62
7
100
AcDbText
 10
225.68187596267902
 20
88.67000000000019
 30
0.0
 40
1.35
  1
4 500
  7
GOST
 11
225.68187596267902
 21
88.67000000000019
 31
0.0
100
AcDbText
  0
LWPOLYLINE
  5
5B3
330
17
100
AcDbEntity
  8
TEXT
 62
7
370
15
100
AcDbPolyline
 90
2
 70
0
 10
243.00722341235414
 20
91.02000000000018
 10
243.00722341235414
 20
87.67000000000019
  0
TEXT
  5
5B4
330
17
100
AcDbEntity
  8
TEXT
 62
7
100
AcDbText
 10
243.80722341235415
 20
88.67000000000019
 30
0.0
 40
1.35
  1
4 500
  7
GOST
 11
243.80722341235415
 21
88.67000000000019
 31
0.0
100
AcDbText
  0
LWPOLYLINE
  5
5B5
330
17
100
AcDbEntity
  8
TEXT
 62
7
370
15
100
AcDbPolyline
 90
2
 70
0
 10
254.1397057521732
 20
91.02000000000018
 10
254.1397057521732
 20
87.67000000000019
  0
TEXT
  5
5B6
330
17
100
AcDbEntity
  8
TEXT
 62
7
100
AcDbText
 10
254.9397057521732
 20
88.67000000000019
 30
0.0
 40
1.35
  1
R5
  7
GOST
 11
254.9397057521732
 21
88.67000000000019
 31
0.0
100
AcDbText
  0
LWPOLYLINE
  5
5B7
330
17
100
AcDbEntity
  8
TEXT
 62
7
370
15
100
AcDbPolyline
 90
2
 70
0
 10
270.13745728803354
 20
91.02000000000018
 10
270.13745728803354
 20
87.67000000000019
  0
TEXT
  5
5B8
330
17
100
AcDbEntity
  8
TEXT
 62
7
100
AcDbText
 10
270.93745728803356
 20
88.67000000000019
 30
0.0
 40
1.35
  1
HC-1; ceilings.json
  7
GOST
 11
270.93745728803356
 21
88.67000000000019
 31
0.0
100
AcDbText
  0
LWPOLYLINE
  5
5B9
330
17
100
AcDbEntity
  8
TEXT
 62
7
370
15
100
AcDbPolyline
 90
2
 70
0
 10
345.930014340598
 20
91.02000000000018
 10
345.930014340598
 20
87.67000000000019
  0
TEXT
  5
5BA
330
17
100
AcDbEntity
  8
TEXT
 62
7
100
AcDbText
 10
346.730014340598
 20
88.67000000000019
 30
0.0
 40
1.35
  1
Ремонт
  7
GOST
 11
346.730014340598
 21
88.67000000000019
 31
0.0
100
AcDbText
  0
LWPOLYLINE
  5
5BB
330
17
100
AcDbEntity
  8
TEXT
 62
7
370
15
100
AcDbPolyline
 90
2
 70
0
 10
356.3681461678735
 20
91.02000000000018
 10
356.3681461678735
 20
87.67000000000019
  0
TEXT
  5
5BC
330
17
100
AcDbEntity
  8
TEXT
 62
7
100
AcDbText
 10
357.1681461678735
 20
88.67000000000019
 30
0.0
 40
1.35
  1
Э09
  7
GOST
 11
357.1681461678735
 21
88.67000000000019
 31
0.0
100
AcDbText
  0
LWPOLYLINE
  5
5BD
330
17
100
AcDbEntity
  8
TEXT
 62
7
370
15
100
AcDbPolyline
 90
2
 70
0
 10
370.23288423065344
 20
91.02000000000018
 10
370.23288423065344
 20
87.67000000000019
  0
LWPOLYLINE
  5
5BE
330
17
100
AcDbEntity
  8
TEXT
 62
7
370
15
100
AcDbPolyline
 90
2
 70
0
 10
413.0
 20
91.02000000000018
 10
413.0
 20
87.67000000000019
  0
LWPOLYLINE
  5
5BF
330
17
100
AcDbEntity
  8
TEXT
 62
7
370
15
100
AcDbPolyline
 90
4
 70
1
 10
22.0
 20
84.32000000000019
 10
413.0
 20
84.32000000000019
 10
413.0
 20
87.67000000000019
 10
22.0
 20
87.67000000000019
  0
LWPOLYLINE
  5
5C0
330
17
100
AcDbEntity
  8
TEXT
 62
7
370
15
100
AcDbPolyline
 90
2
 70
0
 10
22.0
 20
87.67000000000019
 10
22.0
 20
84.32000000000019
  0
TEXT
  5
5C1
330
17
100
AcDbEntity
  8
TEXT
 62
7
100
AcDbText
 10
22.8
 20
85.32000000000019
 30
0.0
 40
1.35
  1
48
  7
GOST
 11
22.8
 21
85.32000000000019
 31
0.0
100
AcDbText
  0
LWPOLYLINE
  5
5C2
330
17
100
AcDbEntity
  8
TEXT
 62
7
370
15
100
AcDbPolyline
 90
2
 70
0
 10
28.232600959580758
 20
87.67000000000019
 10
28.232600959580758
 20
84.32000000000019
  0
TEXT
  5
5C3
330
17
100
AcDbEntity
  8
TEXT
 62
7
100
AcDbText
 10
29.03260095958076
 20
85.32000000000019
 30
0.0
 40
1.35
  1
HC-2: съёмная вентрешётка в низе короба CB-2 210×150
  7
GOST
 11
29.03260095958076
 21
85.32000000000019
 31
0.0
100
AcDbText
  0
LWPOLYLINE
  5
5C4
330
17
100
AcDbEntity
  8
TEXT
 62
7
370
15
100
AcDbPolyline
 90
2
 70
0
 10
127.04888196448488
 20
87.67000000000019
 10
127.04888196448488
 20
84.32000000000019
  0
TEXT
  5
5C5
330
17
100
AcDbEntity
  8
TEXT
 62
7
100
AcDbText
 10
127.84888196448487
 20
85.32000000000019
 30
0.0
 40
1.35
  1
Практика / Revizor
  7
GOST
 11
127.84888196448487
 21
85.32000000000019
 31
0.0
100
AcDbText
  0
LWPOLYLINE
  5
5C6
330
17
100
AcDbEntity
  8
TEXT
 62
7
370
15
100
AcDbPolyline
 90
2
 70
0
 10
177.5634084591824
 20
87.67000000000019
 10
177.5634084591824
 20
84.32000000000019
  0
TEXT
  5
5C7
330
17
100
AcDbEntity
  8
TEXT
 62
7
100
AcDbText
 10
178.3634084591824
 20
85.32000000000019
 30
0.0
 40
1.35
  1
—
  7
GOST
 11
178.3634084591824
 21
85.32000000000019
 31
0.0
100
AcDbText
  0
LWPOLYLINE
  5
5C8
330
17
100
AcDbEntity
  8
TEXT
 62
7
370
15
100
AcDbPolyline
 90
2
 70
0
 10
203.07740382061857
 20
87.67000000000019
 10
203.07740382061857
 20
84.32000000000019
  0
TEXT
  5
5C9
330
17
100
AcDbEntity
  8
TEXT
 62
7
100
AcDbText
 10
203.87740382061858
 20
85.32000000000019
 30
0.0
 40
1.35
  1
1
  7
GOST
 11
203.87740382061858
 21
85.32000000000019
 31
0.0
100
AcDbText
  0
LWPOLYLINE
  5
5CA
330
17
100
AcDbEntity
  8
TEXT
 62
7
370
15
100
AcDbPolyline
 90
2
 70
0
 10
211.93511321990684
 20
87.67000000000019
 10
211.93511321990684
 20
84.32000000000019
  0
TEXT
  5
5CB
330
17
100
AcDbEntity
  8
TEXT
 62
7
100
AcDbText
 10
212.73511321990685
 20
85.32000000000019
 30
0.0
 40
1.35
  1
шт
  7
GOST
 11
212.73511321990685
 21
85.32000000000019
 31
0.0
100
AcDbText
  0
LWPOLYLINE
  5
5CC
330
17
100
AcDbEntity
  8
TEXT
 62
7
370
15
100
AcDbPolyline
 90
2
 70
0
 10
224.881875962679
 20
87.67000000000019
 10
224.881875962679
 20
84.32000000000019
  0
TEXT
  5
5CD
330
17
100
AcDbEntity
  8
TEXT
 62
7
100
AcDbText
 10
225.68187596267902
 20
85.32000000000019
 30
0.0
 40
1.35
  1
1 800
  7
GOST
 11
225.68187596267902
 21
85.32000000000019
 31
0.0
100
AcDbText
  0
LWPOLYLINE
  5
5CE
330
17
100
AcDbEntity
  8
TEXT
 62
7
370
15
100
AcDbPolyline
 90
2
 70
0
 10
243.00722341235414
 20
87.67000000000019
 10
243.00722341235414
 20
84.32000000000019
  0
TEXT
  5
5CF
330
17
100
AcDbEntity
  8
TEXT
 62
7
100
AcDbText
 10
243.80722341235415
 20
85.32000000000019
 30
0.0
 40
1.35
  1
1 800
  7
GOST
 11
243.80722341235415
 21
85.32000000000019
 31
0.0
100
AcDbText
  0
LWPOLYLINE
  5
5D0
330
17
100
AcDbEntity
  8
TEXT
 62
7
370
15
100
AcDbPolyline
 90
2
 70
0
 10
254.1397057521732
 20
87.67000000000019
 10
254.1397057521732
 20
84.32000000000019
  0
TEXT
  5
5D1
330
17
100
AcDbEntity
  8
TEXT
 62
7
100
AcDbText
 10
254.9397057521732
 20
85.32000000000019
 30
0.0
 40
1.35
  1
R3
  7
GOST
 11
254.9397057521732
 21
85.32000000000019
 31
0.0
100
AcDbText
  0
LWPOLYLINE
  5
5D2
330
17
100
AcDbEntity
  8
TEXT
 62
7
370
15
100
AcDbPolyline
 90
2
 70
0
 10
270.13745728803354
 20
87.67000000000019
 10
270.13745728803354
 20
84.32000000000019
  0
TEXT
  5
5D3
330
17
100
AcDbEntity
  8
TEXT
 62
7
100
AcDbText
 10
270.93745728803356
 20
85.32000000000019
 30
0.0
 40
1.35
  1
HC-2; ceilings.json
  7
GOST
 11
270.93745728803356
 21
85.32000000000019
 31
0.0
100
AcDbText
  0
LWPOLYLINE
  5
5D4
330
17
100
AcDbEntity
  8
TEXT
 62
7
370
15
100
AcDbPolyline
 90
2
 70
0
 10
345.930014340598
 20
87.67000000000019
 10
345.930014340598
 20
84.32000000000019
  0
TEXT
  5
5D5
330
17
100
AcDbEntity
  8
TEXT
 62
7
100
AcDbText
 10
346.730014340598
 20
85.32000000000019
 30
0.0
 40
1.35
  1
Ремонт
  7
GOST
 11
346.730014340598
 21
85.32000000000019
 31
0.0
100
AcDbText
  0
LWPOLYLINE
  5
5D6
330
17
100
AcDbEntity
  8
TEXT
 62
7
370
15
100
AcDbPolyline
 90
2
 70
0
 10
356.3681461678735
 20
87.67000000000019
 10
356.3681461678735
 20
84.32000000000019
  0
TEXT
  5
5D7
330
17
100
AcDbEntity
  8
TEXT
 62
7
100
AcDbText
 10
357.1681461678735
 20
85.32000000000019
 30
0.0
 40
1.35
  1
Э09
  7
GOST
 11
357.1681461678735
 21
85.32000000000019
 31
0.0
100
AcDbText
  0
LWPOLYLINE
  5
5D8
330
17
100
AcDbEntity
  8
TEXT
 62
7
370
15
100
AcDbPolyline
 90
2
 70
0
 10
370.23288423065344
 20
87.67000000000019
 10
370.23288423065344
 20
84.32000000000019
  0
LWPOLYLINE
  5
5D9
330
17
100
AcDbEntity
  8
TEXT
 62
7
370
15
100
AcDbPolyline
 90
2
 70
0
 10
413.0
 20
87.67000000000019
 10
413.0
 20
84.32000000000019
  0
LWPOLYLINE
  5
5DA
330
17
100
AcDbEntity
  8
TEXT
 62
7
370
15
100
AcDbPolyline
 90
4
 70
1
 10
22.0
 20
80.9700000000002
 10
413.0
 20
80.9700000000002
 10
413.0
 20
84.32000000000019
 10
22.0
 20
84.32000000000019
  0
LWPOLYLINE
  5
5DB
330
17
100
AcDbEntity
  8
TEXT
 62
7
370
15
100
AcDbPolyline
 90
2
 70
0
 10
22.0
 20
84.32000000000019
 10
22.0
 20
80.9700000000002
  0
TEXT
  5
5DC
330
17
100
AcDbEntity
  8
TEXT
 62
7
100
AcDbText
 10
22.8
 20
81.9700000000002
 30
0.0
 40
1.35
  1
49
  7
GOST
 11
22.8
 21
81.9700000000002
 31
0.0
100
AcDbText
  0
LWPOLYLINE
  5
5DD
330
17
100
AcDbEntity
  8
TEXT
 62
7
370
15
100
AcDbPolyline
 90
2
 70
0
 10
28.232600959580758
 20
84.32000000000019
 10
28.232600959580758
 20
80.9700000000002
  0
TEXT
  5
5DE
330
17
100
AcDbEntity
  8
TEXT
 62
7
100
AcDbText
 10
29.03260095958076
 20
81.9700000000002
 30
0.0
 40
1.35
  1
Штукатурка гипсовая по маякам (ср. 15 мм, 13,5 кг/м²)
  7
GOST
 11
29.03260095958076
 21
81.9700000000002
 31
0.0
100
AcDbText
  0
LWPOLYLINE
  5
5DF
330
17
100
AcDbEntity
  8
TEXT
 62
7
370
15
100
AcDbPolyline
 90
2
 70
0
 10
127.04888196448488
 20
84.32000000000019
 10
127.04888196448488
 20
80.9700000000002
  0
TEXT
  5
5E0
330
17
100
AcDbEntity
  8
TEXT
 62
7
100
AcDbText
 10
127.84888196448487
 20
81.9700000000002
 30
0.0
 40
1.35
  1
Knauf Ротбанд / Волма Слой
  7
GOST
 11
127.84888196448487
 21
81.9700000000002
 31
0.0
100
AcDbText
  0
LWPOLYLINE
  5
5E1
330
17
100
AcDbEntity
  8
TEXT
 62
7
370
15
100
AcDbPolyline
 90
2
 70
0
 10
177.5634084591824
 20
84.32000000000019
 10
177.5634084591824
 20
80.9700000000002
  0
TEXT
  5
5E2
330
17
100
AcDbEntity
  8
TEXT
 62
7
100
AcDbText
 10
178.3634084591824
 20
81.9700000000002
 30
0.0
 40
1.35
  1
Knauf
  7
GOST
 11
178.3634084591824
 21
81.9700000000002
 31
0.0
100
AcDbText
  0
LWPOLYLINE
  5
5E3
330
17
100
AcDbEntity
  8
TEXT
 62
7
370
15
100
AcDbPolyline
 90
2
 70
0
 10
203.07740382061857
 20
84.32000000000019
 10
203.07740382061857
 20
80.9700000000002
  0
TEXT
  5
5E4
330
17
100
AcDbEntity
  8
TEXT
 62
7
100
AcDbText
 10
203.87740382061858
 20
81.9700000000002
 30
0.0
 40
1.35
  1
54
  7
GOST
 11
203.87740382061858
 21
81.9700000000002
 31
0.0
100
AcDbText
  0
LWPOLYLINE
  5
5E5
330
17
100
AcDbEntity
  8
TEXT
 62
7
370
15
100
AcDbPolyline
 90
2
 70
0
 10
211.93511321990684
 20
84.32000000000019
 10
211.93511321990684
 20
80.9700000000002
  0
TEXT
  5
5E6
330
17
100
AcDbEntity
  8
TEXT
 62
7
100
AcDbText
 10
212.73511321990685
 20
81.9700000000002
 30
0.0
 40
1.35
  1
меш. 30 кг
  7
GOST
 11
212.73511321990685
 21
81.9700000000002
 31
0.0
100
AcDbText
  0
LWPOLYLINE
  5
5E7
330
17
100
AcDbEntity
  8
TEXT
 62
7
370
15
100
AcDbPolyline
 90
2
 70
0
 10
224.881875962679
 20
84.32000000000019
 10
224.881875962679
 20
80.9700000000002
  0
TEXT
  5
5E8
330
17
100
AcDbEntity
  8
TEXT
 62
7
100
AcDbText
 10
225.68187596267902
 20
81.9700000000002
 30
0.0
 40
1.35
  1
640
  7
GOST
 11
225.68187596267902
 21
81.9700000000002
 31
0.0
100
AcDbText
  0
LWPOLYLINE
  5
5E9
330
17
100
AcDbEntity
  8
TEXT
 62
7
370
15
100
AcDbPolyline
 90
2
 70
0
 10
243.00722341235414
 20
84.32000000000019
 10
243.00722341235414
 20
80.9700000000002
  0
TEXT
  5
5EA
330
17
100
AcDbEntity
  8
TEXT
 62
7
100
AcDbText
 10
243.80722341235415
 20
81.9700000000002
 30
0.0
 40
1.35
  1
34 560
  7
GOST
 11
243.80722341235415
 21
81.9700000000002
 31
0.0
100
AcDbText
  0
LWPOLYLINE
  5
5EB
330
17
100
AcDbEntity
  8
TEXT
 62
7
370
15
100
AcDbPolyline
 90
2
 70
0
 10
254.1397057521732
 20
84.32000000000019
 10
254.1397057521732
 20
80.9700000000002
  0
TEXT
  5
5EC
330
17
100
AcDbEntity
  8
TEXT
 62
7
100
AcDbText
 10
254.9397057521732
 20
81.9700000000002
 30
0.0
 40
1.35
  1
R1–R4, R7
  7
GOST
 11
254.9397057521732
 21
81.9700000000002
 31
0.0
100
AcDbText
  0
LWPOLYLINE
  5
5ED
330
17
100
AcDbEntity
  8
TEXT
 62
7
370
15
100
AcDbPolyline
 90
2
 70
0
 10
270.13745728803354
 20
84.32000000000019
 10
270.13745728803354
 20
80.9700000000002
  0
TEXT
  5
5EE
330
17
100
AcDbEntity
  8
TEXT
 62
7
100
AcDbText
 10
270.93745728803356
 20
81.9700000000002
 30
0.0
 40
1.35
  1
walls (gross − проёмы, без каркасных облицовок) = 118.4 м²
  7
GOST
 11
270.93745728803356
 21
81.9700000000002
 31
0.0
100
AcDbText
  0
LWPOLYLINE
  5
5EF
330
17
100
AcDbEntity
  8
TEXT
 62
7
370
15
100
AcDbPolyline
 90
2
 70
0
 10
345.930014340598
 20
84.32000000000019
 10
345.930014340598
 20
80.9700000000002
  0
TEXT
  5
5F0
330
17
100
AcDbEntity
  8
TEXT
 62
7
100
AcDbText
 10
346.730014340598
 20
81.9700000000002
 30
0.0
 40
1.35
  1
Ремонт
  7
GOST
 11
346.730014340598
 21
81.9700000000002
 31
0.0
100
AcDbText
  0
LWPOLYLINE
  5
5F1
330
17
100
AcDbEntity
  8
TEXT
 62
7
370
15
100
AcDbPolyline
 90
2
 70
0
 10
356.3681461678735
 20
84.32000000000019
 10
356.3681461678735
 20
80.9700000000002
  0
TEXT
  5
5F2
330
17
100
AcDbEntity
  8
TEXT
 62
7
100
AcDbText
 10
357.1681461678735
 20
81.9700000000002
 30
0.0
 40
1.35
  1
Э07
  7
GOST
 11
357.1681461678735
 21
81.9700000000002
 31
0.0
100
AcDbText
  0
LWPOLYLINE
  5
5F3
330
17
100
AcDbEntity
  8
TEXT
 62
7
370
15
100
AcDbPolyline
 90
2
 70
0
 10
370.23288423065344
 20
84.32000000000019
 10
370.23288423065344
 20
80.9700000000002
  0
LWPOLYLINE
  5
5F4
330
17
100
AcDbEntity
  8
TEXT
 62
7
370
15
100
AcDbPolyline
 90
2
 70
0
 10
413.0
 20
84.32000000000019
 10
413.0
 20
80.9700000000002
  0
LWPOLYLINE
  5
5F5
330
17
100
AcDbEntity
  8
TEXT
 62
7
370
15
100
AcDbPolyline
 90
4
 70
1
 10
22.0
 20
77.6200000000002
 10
413.0
 20
77.6200000000002
 10
413.0
 20
80.9700000000002
 10
22.0
 20
80.9700000000002
  0
LWPOLYLINE
  5
5F6
330
17
100
AcDbEntity
  8
TEXT
 62
7
370
15
100
AcDbPolyline
 90
2
 70
0
 10
22.0
 20
80.9700000000002
 10
22.0
 20
77.6200000000002
  0
TEXT
  5
5F7
330
17
100
AcDbEntity
  8
TEXT
 62
7
100
AcDbText
 10
22.8
 20
78.6200000000002
 30
0.0
 40
1.35
  1
50
  7
GOST
 11
22.8
 21
78.6200000000002
 31
0.0
100
AcDbText
  0
LWPOLYLINE
  5
5F8
330
17
100
AcDbEntity
  8
TEXT
 62
7
370
15
100
AcDbPolyline
 90
2
 70
0
 10
28.232600959580758
 20
80.9700000000002
 10
28.232600959580758
 20
77.6200000000002
  0
TEXT
  5
5F9
330
17
100
AcDbEntity
  8
TEXT
 62
7
100
AcDbText
 10
29.03260095958076
 20
78.6200000000002
 30
0.0
 40
1.35
  1
Штукатурка цементная для влажных помещений (ср. 15 мм, 18 кг/м²)
  7
GOST
 11
29.03260095958076
 21
78.6200000000002
 31
0.0
100
AcDbText
  0
LWPOLYLINE
  5
5FA
330
17
100
AcDbEntity
  8
TEXT
 62
7
370
15
100
AcDbPolyline
 90
2
 70
0
 10
127.04888196448488
 20
80.9700000000002
 10
127.04888196448488
 20
77.6200000000002
  0
TEXT
  5
5FB
330
17
100
AcDbEntity
  8
TEXT
 62
7
100
AcDbText
 10
127.84888196448487
 20
78.6200000000002
 30
0.0
 40
1.35
  1
Knauf Унтерпутц / Ceresit CT 24
  7
GOST
 11
127.84888196448487
 21
78.6200000000002
 31
0.0
100
AcDbText
  0
LWPOLYLINE
  5
5FC
330
17
100
AcDbEntity
  8
TEXT
 62
7
370
15
100
AcDbPolyline
 90
2
 70
0
 10
177.5634084591824
 20
80.9700000000002
 10
177.5634084591824
 20
77.6200000000002
  0
TEXT
  5
5FD
330
17
100
AcDbEntity
  8
TEXT
 62
7
100
AcDbText
 10
178.3634084591824
 20
78.6200000000002
 30
0.0
 40
1.35
  1
Knauf
  7
GOST
 11
178.3634084591824
 21
78.6200000000002
 31
0.0
100
AcDbText
  0
LWPOLYLINE
  5
5FE
330
17
100
AcDbEntity
  8
TEXT
 62
7
370
15
100
AcDbPolyline
 90
2
 70
0
 10
203.07740382061857
 20
80.9700000000002
 10
203.07740382061857
 20
77.6200000000002
  0
TEXT
  5
5FF
330
17
100
AcDbEntity
  8
TEXT
 62
7
100
AcDbText
 10
203.87740382061858
 20
78.6200000000002
 30
0.0
 40
1.35
  1
25
  7
GOST
 11
203.87740382061858
 21
78.6200000000002
 31
0.0
100
AcDbText
  0
LWPOLYLINE
  5
600
330
17
100
AcDbEntity
  8
TEXT
 62
7
370
15
100
AcDbPolyline
 90
2
 70
0
 10
211.93511321990684
 20
80.9700000000002
 10
211.93511321990684
 20
77.6200000000002
  0
TEXT
  5
601
330
17
100
AcDbEntity
  8
TEXT
 62
7
100
AcDbText
 10
212.73511321990685
 20
78.6200000000002
 30
0.0
 40
1.35
  1
меш. 25 кг
  7
GOST
 11
212.73511321990685
 21
78.6200000000002
 31
0.0
100
AcDbText
  0
LWPOLYLINE
  5
602
330
17
100
AcDbEntity
  8
TEXT
 62
7
370
15
100
AcDbPolyline
 90
2
 70
0
 10
224.881875962679
 20
80.9700000000002
 10
224.881875962679
 20
77.6200000000002
  0
TEXT
  5
603
330
17
100
AcDbEntity
  8
TEXT
 62
7
100
AcDbText
 10
225.68187596267902
 20
78.6200000000002
 30
0.0
 40
1.35
  1
520
  7
GOST
 11
225.68187596267902
 21
78.6200000000002
 31
0.0
100
AcDbText
  0
LWPOLYLINE
  5
604
330
17
100
AcDbEntity
  8
TEXT
 62
7
370
15
100
AcDbPolyline
 90
2
 70
0
 10
243.00722341235414
 20
80.9700000000002
 10
243.00722341235414
 20
77.6200000000002
  0
TEXT
  5
605
330
17
100
AcDbEntity
  8
TEXT
 62
7
100
AcDbText
 10
243.80722341235415
 20
78.6200000000002
 30
0.0
 40
1.35
  1
13 000
  7
GOST
 11
243.80722341235415
 21
78.6200000000002
 31
0.0
100
AcDbText
  0
LWPOLYLINE
  5
606
330
17
100
AcDbEntity
  8
TEXT
 62
7
370
15
100
AcDbPolyline
 90
2
 70
0
 10
254.1397057521732
 20
80.9700000000002
 10
254.1397057521732
 20
77.6200000000002
  0
TEXT
  5
607
330
17
100
AcDbEntity
  8
TEXT
 62
7
100
AcDbText
 10
254.9397057521732
 20
78.6200000000002
 30
0.0
 40
1.35
  1
R5, R6
  7
GOST
 11
254.9397057521732
 21
78.6200000000002
 31
0.0
100
AcDbText
  0
LWPOLYLINE
  5
608
330
17
100
AcDbEntity
  8
TEXT
 62
7
370
15
100
AcDbPolyline
 90
2
 70
0
 10
270.13745728803354
 20
80.9700000000002
 10
270.13745728803354
 20
77.6200000000002
  0
TEXT
  5
609
330
17
100
AcDbEntity
  8
TEXT
 62
7
100
AcDbText
 10
270.93745728803356
 20
78.6200000000002
 30
0.0
 40
1.35
  1
walls R5, R6 = 33.89 м²
  7
GOST
 11
270.93745728803356
 21
78.6200000000002
 31
0.0
100
AcDbText
  0
LWPOLYLINE
  5
60A
330
17
100
AcDbEntity
  8
TEXT
 62
7
370
15
100
AcDbPolyline
 90
2
 70
0
 10
345.930014340598
 20
80.9700000000002
 10
345.930014340598
 20
77.6200000000002
  0
TEXT
  5
60B
330
17
100
AcDbEntity
  8
TEXT
 62
7
100
AcDbText
 10
346.730014340598
 20
78.6200000000002
 30
0.0
 40
1.35
  1
Ремонт
  7
GOST
 11
346.730014340598
 21
78.6200000000002
 31
0.0
100
AcDbText
  0
LWPOLYLINE
  5
60C
330
17
100
AcDbEntity
  8
TEXT
 62
7
370
15
100
AcDbPolyline
 90
2
 70
0
 10
356.3681461678735
 20
80.9700000000002
 10
356.3681461678735
 20
77.6200000000002
  0
TEXT
  5
60D
330
17
100
AcDbEntity
  8
TEXT
 62
7
100
AcDbText
 10
357.1681461678735
 20
78.6200000000002
 30
0.0
 40
1.35
  1
Э07
  7
GOST
 11
357.1681461678735
 21
78.6200000000002
 31
0.0
100
AcDbText
  0
LWPOLYLINE
  5
60E
330
17
100
AcDbEntity
  8
TEXT
 62
7
370
15
100
AcDbPolyline
 90
2
 70
0
 10
370.23288423065344
 20
80.9700000000002
 10
370.23288423065344
 20
77.6200000000002
  0
LWPOLYLINE
  5
60F
330
17
100
AcDbEntity
  8
TEXT
 62
7
370
15
100
AcDbPolyline
 90
2
 70
0
 10
413.0
 20
80.9700000000002
 10
413.0
 20
77.6200000000002
  0
LWPOLYLINE
  5
610
330
17
100
AcDbEntity
  8
TEXT
 62
7
370
15
100
AcDbPolyline
 90
4
 70
1
 10
22.0
 20
74.27000000000021
 10
413.0
 20
74.27000000000021
 10
413.0
 20
77.6200000000002
 10
22.0
 20
77.6200000000002
  0
LWPOLYLINE
  5
611
330
17
100
AcDbEntity
  8
TEXT
 62
7
370
15
100
AcDbPolyline
 90
2
 70
0
 10
22.0
 20
77.6200000000002
 10
22.0
 20
74.27000000000021
  0
TEXT
  5
612
330
17
100
AcDbEntity
  8
TEXT
 62
7
100
AcDbText
 10
22.8
 20
75.27000000000021
 30
0.0
 40
1.35
  1
51
  7
GOST
 11
22.8
 21
75.27000000000021
 31
0.0
100
AcDbText
  0
LWPOLYLINE
  5
613
330
17
100
AcDbEntity
  8
TEXT
 62
7
370
15
100
AcDbPolyline
 90
2
 70
0
 10
28.232600959580758
 20
77.6200000000002
 10
28.232600959580758
 20
74.27000000000021
  0
TEXT
  5
614
330
17
100
AcDbEntity
  8
TEXT
 62
7
100
AcDbText
 10
29.03260095958076
 20
75.27000000000021
 30
0.0
 40
1.35
  1
Маяки 6 мм 3 м + уголки штукатурные для откосов
  7
GOST
 11
29.03260095958076
 21
75.27000000000021
 31
0.0
100
AcDbText
  0
LWPOLYLINE
  5
615
330
17
100
AcDbEntity
  8
TEXT
 62
7
370
15
100
AcDbPolyline
 90
2
 70
0
 10
127.04888196448488
 20
77.6200000000002
 10
127.04888196448488
 20
74.27000000000021
  0
TEXT
  5
616
330
17
100
AcDbEntity
  8
TEXT
 62
7
100
AcDbText
 10
127.84888196448487
 20
75.27000000000021
 30
0.0
 40
1.35
  1
—
  7
GOST
 11
127.84888196448487
 21
75.27000000000021
 31
0.0
100
AcDbText
  0
LWPOLYLINE
  5
617
330
17
100
AcDbEntity
  8
TEXT
 62
7
370
15
100
AcDbPolyline
 90
2
 70
0
 10
177.5634084591824
 20
77.6200000000002
 10
177.5634084591824
 20
74.27000000000021
  0
TEXT
  5
618
330
17
100
AcDbEntity
  8
TEXT
 62
7
100
AcDbText
 10
178.3634084591824
 20
75.27000000000021
 30
0.0
 40
1.35
  1
—
  7
GOST
 11
178.3634084591824
 21
75.27000000000021
 31
0.0
100
AcDbText
  0
LWPOLYLINE
  5
619
330
17
100
AcDbEntity
  8
TEXT
 62
7
370
15
100
AcDbPolyline
 90
2
 70
0
 10
203.07740382061857
 20
77.6200000000002
 10
203.07740382061857
 20
74.27000000000021
  0
TEXT
  5
61A
330
17
100
AcDbEntity
  8
TEXT
 62
7
100
AcDbText
 10
203.87740382061858
 20
75.27000000000021
 30
0.0
 40
1.35
  1
108
  7
GOST
 11
203.87740382061858
 21
75.27000000000021
 31
0.0
100
AcDbText
  0
LWPOLYLINE
  5
61B
330
17
100
AcDbEntity
  8
TEXT
 62
7
370
15
100
AcDbPolyline
 90
2
 70
0
 10
211.93511321990684
 20
77.6200000000002
 10
211.93511321990684
 20
74.27000000000021
  0
TEXT
  5
61C
330
17
100
AcDbEntity
  8
TEXT
 62
7
100
AcDbText
 10
212.73511321990685
 20
75.27000000000021
 30
0.0
 40
1.35
  1
шт
  7
GOST
 11
212.73511321990685
 21
75.27000000000021
 31
0.0
100
AcDbText
  0
LWPOLYLINE
  5
61D
330
17
100
AcDbEntity
  8
TEXT
 62
7
370
15
100
AcDbPolyline
 90
2
 70
0
 10
224.881875962679
 20
77.6200000000002
 10
224.881875962679
 20
74.27000000000021
  0
TEXT
  5
61E
330
17
100
AcDbEntity
  8
TEXT
 62
7
100
AcDbText
 10
225.68187596267902
 20
75.27000000000021
 30
0.0
 40
1.35
  1
70
  7
GOST
 11
225.68187596267902
 21
75.27000000000021
 31
0.0
100
AcDbText
  0
LWPOLYLINE
  5
61F
330
17
100
AcDbEntity
  8
TEXT
 62
7
370
15
100
AcDbPolyline
 90
2
 70
0
 10
243.00722341235414
 20
77.6200000000002
 10
243.00722341235414
 20
74.27000000000021
  0
TEXT
  5
620
330
17
100
AcDbEntity
  8
TEXT
 62
7
100
AcDbText
 10
243.80722341235415
 20
75.27000000000021
 30
0.0
 40
1.35
  1
7 560
  7
GOST
 11
243.80722341235415
 21
75.27000000000021
 31
0.0
100
AcDbText
  0
LWPOLYLINE
  5
621
330
17
100
AcDbEntity
  8
TEXT
 62
7
370
15
100
AcDbPolyline
 90
2
 70
0
 10
254.1397057521732
 20
77.6200000000002
 10
254.1397057521732
 20
74.27000000000021
  0
TEXT
  5
622
330
17
100
AcDbEntity
  8
TEXT
 62
7
100
AcDbText
 10
254.9397057521732
 20
75.27000000000021
 30
0.0
 40
1.35
  1
все
  7
GOST
 11
254.9397057521732
 21
75.27000000000021
 31
0.0
100
AcDbText
  0
LWPOLYLINE
  5
623
330
17
100
AcDbEntity
  8
TEXT
 62
7
370
15
100
AcDbPolyline
 90
2
 70
0
 10
270.13745728803354
 20
77.6200000000002
 10
270.13745728803354
 20
74.27000000000021
  0
TEXT
  5
624
330
17
100
AcDbEntity
  8
TEXT
 62
7
100
AcDbText
 10
270.93745728803356
 20
75.27000000000021
 30
0.0
 40
1.35
  1
штукатурка; откосы 16.88 м
  7
GOST
 11
270.93745728803356
 21
75.27000000000021
 31
0.0
100
AcDbText
  0
LWPOLYLINE
  5
625
330
17
100
AcDbEntity
  8
TEXT
 62
7
370
15
100
AcDbPolyline
 90
2
 70
0
 10
345.930014340598
 20
77.6200000000002
 10
345.930014340598
 20
74.27000000000021
  0
TEXT
  5
626
330
17
100
AcDbEntity
  8
TEXT
 62
7
100
AcDbText
 10
346.730014340598
 20
75.27000000000021
 30
0.0
 40
1.35
  1
Ремонт
  7
GOST
 11
346.730014340598
 21
75.27000000000021
 31
0.0
100
AcDbText
  0
LWPOLYLINE
  5
627
330
17
100
AcDbEntity
  8
TEXT
 62
7
370
15
100
AcDbPolyline
 90
2
 70
0
 10
356.3681461678735
 20
77.6200000000002
 10
356.3681461678735
 20
74.27000000000021
  0
TEXT
  5
628
330
17
100
AcDbEntity
  8
TEXT
 62
7
100
AcDbText
 10
357.1681461678735
 20
75.27000000000021
 30
0.0
 40
1.35
  1
Э07
  7
GOST
 11
357.1681461678735
 21
75.27000000000021
 31
0.0
100
AcDbText
  0
LWPOLYLINE
  5
629
330
17
100
AcDbEntity
  8
TEXT
 62
7
370
15
100
AcDbPolyline
 90
2
 70
0
 10
370.23288423065344
 20
77.6200000000002
 10
370.23288423065344
 20
74.27000000000021
  0
LWPOLYLINE
  5
62A
330
17
100
AcDbEntity
  8
TEXT
 62
7
370
15
100
AcDbPolyline
 90
2
 70
0
 10
413.0
 20
77.6200000000002
 10
413.0
 20
74.27000000000021
  0
LWPOLYLINE
  5
62B
330
17
100
AcDbEntity
  8
TEXT
 62
7
370
15
100
AcDbPolyline
 90
4
 70
1
 10
22.0
 20
70.92000000000021
 10
413.0
 20
70.92000000000021
 10
413.0
 20
74.27000000000021
 10
22.0
 20
74.27000000000021
  0
LWPOLYLINE
  5
62C
330
17
100
AcDbEntity
  8
TEXT
 62
7
370
15
100
AcDbPolyline
 90
2
 70
0
 10
22.0
 20
74.27000000000021
 10
22.0
 20
70.92000000000021
  0
TEXT
  5
62D
330
17
100
AcDbEntity
  8
TEXT
 62
7
100
AcDbText
 10
22.8
 20
71.92000000000021
 30
0.0
 40
1.35
  1
52
  7
GOST
 11
22.8
 21
71.92000000000021
 31
0.0
100
AcDbText
  0
LWPOLYLINE
  5
62E
330
17
100
AcDbEntity
  8
TEXT
 62
7
370
15
100
AcDbPolyline
 90
2
 70
0
 10
28.232600959580758
 20
74.27000000000021
 10
28.232600959580758
 20
70.92000000000021
  0
TEXT
  5
62F
330
17
100
AcDbEntity
  8
TEXT
 62
7
100
AcDbText
 10
29.03260095958076
 20
71.92000000000021
 30
0.0
 40
1.35
  1
Грунт глубокого проникновения (2 прохода, 0,15 л/м²)
  7
GOST
 11
29.03260095958076
 21
71.92000000000021
 31
0.0
100
AcDbText
  0
LWPOLYLINE
  5
630
330
17
100
AcDbEntity
  8
TEXT
 62
7
370
15
100
AcDbPolyline
 90
2
 70
0
 10
127.04888196448488
 20
74.27000000000021
 10
127.04888196448488
 20
70.92000000000021
  0
TEXT
  5
631
330
17
100
AcDbEntity
  8
TEXT
 62
7
100
AcDbText
 10
127.84888196448487
 20
71.92000000000021
 30
0.0
 40
1.35
  1
Ceresit CT 17 / Knauf Тифенгрунд
  7
GOST
 11
127.84888196448487
 21
71.92000000000021
 31
0.0
100
AcDbText
  0
LWPOLYLINE
  5
632
330
17
100
AcDbEntity
  8
TEXT
 62
7
370
15
100
AcDbPolyline
 90
2
 70
0
 10
177.5634084591824
 20
74.27000000000021
 10
177.5634084591824
 20
70.92000000000021
  0
TEXT
  5
633
330
17
100
AcDbEntity
  8
TEXT
 62
7
100
AcDbText
 10
178.3634084591824
 20
71.92000000000021
 30
0.0
 40
1.35
  1
Ceresit
  7
GOST
 11
178.3634084591824
 21
71.92000000000021
 31
0.0
100
AcDbText
  0
LWPOLYLINE
  5
634
330
17
100
AcDbEntity
  8
TEXT
 62
7
370
15
100
AcDbPolyline
 90
2
 70
0
 10
203.07740382061857
 20
74.27000000000021
 10
203.07740382061857
 20
70.92000000000021
  0
TEXT
  5
635
330
17
100
AcDbEntity
  8
TEXT
 62
7
100
AcDbText
 10
203.87740382061858
 20
71.92000000000021
 30
0.0
 40
1.35
  1
120
  7
GOST
 11
203.87740382061858
 21
71.92000000000021
 31
0.0
100
AcDbText
  0
LWPOLYLINE
  5
636
330
17
100
AcDbEntity
  8
TEXT
 62
7
370
15
100
AcDbPolyline
 90
2
 70
0
 10
211.93511321990684
 20
74.27000000000021
 10
211.93511321990684
 20
70.92000000000021
  0
TEXT
  5
637
330
17
100
AcDbEntity
  8
TEXT
 62
7
100
AcDbText
 10
212.73511321990685
 20
71.92000000000021
 30
0.0
 40
1.35
  1
л
  7
GOST
 11
212.73511321990685
 21
71.92000000000021
 31
0.0
100
AcDbText
  0
LWPOLYLINE
  5
638
330
17
100
AcDbEntity
  8
TEXT
 62
7
370
15
100
AcDbPolyline
 90
2
 70
0
 10
224.881875962679
 20
74.27000000000021
 10
224.881875962679
 20
70.92000000000021
  0
TEXT
  5
639
330
17
100
AcDbEntity
  8
TEXT
 62
7
100
AcDbText
 10
225.68187596267902
 20
71.92000000000021
 30
0.0
 40
1.35
  1
120
  7
GOST
 11
225.68187596267902
 21
71.92000000000021
 31
0.0
100
AcDbText
  0
LWPOLYLINE
  5
63A
330
17
100
AcDbEntity
  8
TEXT
 62
7
370
15
100
AcDbPolyline
 90
2
 70
0
 10
243.00722341235414
 20
74.27000000000021
 10
243.00722341235414
 20
70.92000000000021
  0
TEXT
  5
63B
330
17
100
AcDbEntity
  8
TEXT
 62
7
100
AcDbText
 10
243.80722341235415
 20
71.92000000000021
 30
0.0
 40
1.35
  1
14 400
  7
GOST
 11
243.80722341235415
 21
71.92000000000021
 31
0.0
100
AcDbText
  0
LWPOLYLINE
  5
63C
330
17
100
AcDbEntity
  8
TEXT
 62
7
370
15
100
AcDbPolyline
 90
2
 70
0
 10
254.1397057521732
 20
74.27000000000021
 10
254.1397057521732
 20
70.92000000000021
  0
TEXT
  5
63D
330
17
100
AcDbEntity
  8
TEXT
 62
7
100
AcDbText
 10
254.9397057521732
 20
71.92000000000021
 30
0.0
 40
1.35
  1
все
  7
GOST
 11
254.9397057521732
 21
71.92000000000021
 31
0.0
100
AcDbText
  0
LWPOLYLINE
  5
63E
330
17
100
AcDbEntity
  8
TEXT
 62
7
370
15
100
AcDbPolyline
 90
2
 70
0
 10
270.13745728803354
 20
74.27000000000021
 10
270.13745728803354
 20
70.92000000000021
  0
TEXT
  5
63F
330
17
100
AcDbEntity
  8
TEXT
 62
7
100
AcDbText
 10
270.93745728803356
 20
71.92000000000021
 30
0.0
 40
1.35
  1
штукатурка + шпаклёвка + Q2
  7
GOST
 11
270.93745728803356
 21
71.92000000000021
 31
0.0
100
AcDbText
  0
LWPOLYLINE
  5
640
330
17
100
AcDbEntity
  8
TEXT
 62
7
370
15
100
AcDbPolyline
 90
2
 70
0
 10
345.930014340598
 20
74.27000000000021
 10
345.930014340598
 20
70.92000000000021
  0
TEXT
  5
641
330
17
100
AcDbEntity
  8
TEXT
 62
7
100
AcDbText
 10
346.730014340598
 20
71.92000000000021
 30
0.0
 40
1.35
  1
Ремонт
  7
GOST
 11
346.730014340598
 21
71.92000000000021
 31
0.0
100
AcDbText
  0
LWPOLYLINE
  5
642
330
17
100
AcDbEntity
  8
TEXT
 62
7
370
15
100
AcDbPolyline
 90
2
 70
0
 10
356.3681461678735
 20
74.27000000000021
 10
356.3681461678735
 20
70.92000000000021
  0
TEXT
  5
643
330
17
100
AcDbEntity
  8
TEXT
 62
7
100
AcDbText
 10
357.1681461678735
 20
71.92000000000021
 30
0.0
 40
1.35
  1
Э07
  7
GOST
 11
357.1681461678735
 21
71.92000000000021
 31
0.0
100
AcDbText
  0
LWPOLYLINE
  5
644
330
17
100
AcDbEntity
  8
TEXT
 62
7
370
15
100
AcDbPolyline
 90
2
 70
0
 10
370.23288423065344
 20
74.27000000000021
 10
370.23288423065344
 20
70.92000000000021
  0
LWPOLYLINE
  5
645
330
17
100
AcDbEntity
  8
TEXT
 62
7
370
15
100
AcDbPolyline
 90
2
 70
0
 10
413.0
 20
74.27000000000021
 10
413.0
 20
70.92000000000021
  0
LWPOLYLINE
  5
646
330
17
100
AcDbEntity
  8
TEXT
 62
7
370
15
100
AcDbPolyline
 90
4
 70
1
 10
22.0
 20
65.61250000000021
 10
413.0
 20
65.61250000000021
 10
413.0
 20
70.92000000000021
 10
22.0
 20
70.92000000000021
  0
LWPOLYLINE
  5
647
330
17
100
AcDbEntity
  8
TEXT
 62
7
370
15
100
AcDbPolyline
 90
2
 70
0
 10
22.0
 20
70.92000000000021
 10
22.0
 20
65.61250000000021
  0
TEXT
  5
648
330
17
100
AcDbEntity
  8
TEXT
 62
7
100
AcDbText
 10
22.8
 20
68.57000000000022
 30
0.0
 40
1.35
  1
53
  7
GOST
 11
22.8
 21
68.57000000000022
 31
0.0
100
AcDbText
  0
LWPOLYLINE
  5
649
330
17
100
AcDbEntity
  8
TEXT
 62
7
370
15
100
AcDbPolyline
 90
2
 70
0
 10
28.232600959580758
 20
70.92000000000021
 10
28.232600959580758
 20
65.61250000000021
  0
TEXT
  5
64A
330
17
100
AcDbEntity
  8
TEXT
 62
7
100
AcDbText
 10
29.03260095958076
 20
68.57000000000022
 30
0.0
 40
1.35
  1
Шпаклёвка финишная полимерная (стены Q3 1,2 кг/м², потолки Q4 1,5 кг/м², Q2 за мебелью 0,5
  7
GOST
 11
29.03260095958076
 21
68.57000000000022
 31
0.0
100
AcDbText
  0
TEXT
  5
64B
330
17
100
AcDbEntity
  8
TEXT
 62
7
100
AcDbText
 10
29.03260095958076
 20
66.61250000000022
 30
0.0
 40
1.35
  1
кг/м²)
  7
GOST
 11
29.03260095958076
 21
66.61250000000022
 31
0.0
100
AcDbText
  0
LWPOLYLINE
  5
64C
330
17
100
AcDbEntity
  8
TEXT
 62
7
370
15
100
AcDbPolyline
 90
2
 70
0
 10
127.04888196448488
 20
70.92000000000021
 10
127.04888196448488
 20
65.61250000000021
  0
TEXT
  5
64D
330
17
100
AcDbEntity
  8
TEXT
 62
7
100
AcDbText
 10
127.84888196448487
 20
68.57000000000022
 30
0.0
 40
1.35
  1
Sheetrock / Vetonit LR+ / Danogips
  7
GOST
 11
127.84888196448487
 21
68.57000000000022
 31
0.0
100
AcDbText
  0
LWPOLYLINE
  5
64E
330
17
100
AcDbEntity
  8
TEXT
 62
7
370
15
100
AcDbPolyline
 90
2
 70
0
 10
177.5634084591824
 20
70.92000000000021
 10
177.5634084591824
 20
65.61250000000021
  0
TEXT
  5
64F
330
17
100
AcDbEntity
  8
TEXT
 62
7
100
AcDbText
 10
178.3634084591824
 20
68.57000000000022
 30
0.0
 40
1.35
  1
Sheetrock
  7
GOST
 11
178.3634084591824
 21
68.57000000000022
 31
0.0
100
AcDbText
  0
LWPOLYLINE
  5
650
330
17
100
AcDbEntity
  8
TEXT
 62
7
370
15
100
AcDbPolyline
 90
2
 70
0
 10
203.07740382061857
 20
70.92000000000021
 10
203.07740382061857
 20
65.61250000000021
  0
TEXT
  5
651
330
17
100
AcDbEntity
  8
TEXT
 62
7
100
AcDbText
 10
203.87740382061858
 20
68.57000000000022
 30
0.0
 40
1.35
  1
280
  7
GOST
 11
203.87740382061858
 21
68.57000000000022
 31
0.0
100
AcDbText
  0
LWPOLYLINE
  5
652
330
17
100
AcDbEntity
  8
TEXT
 62
7
370
15
100
AcDbPolyline
 90
2
 70
0
 10
211.93511321990684
 20
70.92000000000021
 10
211.93511321990684
 20
65.61250000000021
  0
TEXT
  5
653
330
17
100
AcDbEntity
  8
TEXT
 62
7
100
AcDbText
 10
212.73511321990685
 20
68.57000000000022
 30
0.0
 40
1.35
  1
кг
  7
GOST
 11
212.73511321990685
 21
68.57000000000022
 31
0.0
100
AcDbText
  0
LWPOLYLINE
  5
654
330
17
100
AcDbEntity
  8
TEXT
 62
7
370
15
100
AcDbPolyline
 90
2
 70
0
 10
224.881875962679
 20
70.92000000000021
 10
224.881875962679
 20
65.61250000000021
  0
TEXT
  5
655
330
17
100
AcDbEntity
  8
TEXT
 62
7
100
AcDbText
 10
225.68187596267902
 20
68.57000000000022
 30
0.0
 40
1.35
  1
85
  7
GOST
 11
225.68187596267902
 21
68.57000000000022
 31
0.0
100
AcDbText
  0
LWPOLYLINE
  5
656
330
17
100
AcDbEntity
  8
TEXT
 62
7
370
15
100
AcDbPolyline
 90
2
 70
0
 10
243.00722341235414
 20
70.92000000000021
 10
243.00722341235414
 20
65.61250000000021
  0
TEXT
  5
657
330
17
100
AcDbEntity
  8
TEXT
 62
7
100
AcDbText
 10
243.80722341235415
 20
68.57000000000022
 30
0.0
 40
1.35
  1
23 800
  7
GOST
 11
243.80722341235415
 21
68.57000000000022
 31
0.0
100
AcDbText
  0
LWPOLYLINE
  5
658
330
17
100
AcDbEntity
  8
TEXT
 62
7
370
15
100
AcDbPolyline
 90
2
 70
0
 10
254.1397057521732
 20
70.92000000000021
 10
254.1397057521732
 20
65.61250000000021
  0
TEXT
  5
659
330
17
100
AcDbEntity
  8
TEXT
 62
7
100
AcDbText
 10
254.9397057521732
 20
68.57000000000022
 30
0.0
 40
1.35
  1
все
  7
GOST
 11
254.9397057521732
 21
68.57000000000022
 31
0.0
100
AcDbText
  0
LWPOLYLINE
  5
65A
330
17
100
AcDbEntity
  8
TEXT
 62
7
370
15
100
AcDbPolyline
 90
2
 70
0
 10
270.13745728803354
 20
70.92000000000021
 10
270.13745728803354
 20
65.61250000000021
  0
TEXT
  5
65B
330
17
100
AcDbEntity
  8
TEXT
 62
7
100
AcDbText
 10
270.93745728803356
 20
68.57000000000022
 30
0.0
 40
1.35
  1
Q3 стены 105.6 + откосы 5.38 + потолки 69.3 + Q2 50.01 м²
  7
GOST
 11
270.93745728803356
 21
68.57000000000022
 31
0.0
100
AcDbText
  0
LWPOLYLINE
  5
65C
330
17
100
AcDbEntity
  8
TEXT
 62
7
370
15
100
AcDbPolyline
 90
2
 70
0
 10
345.930014340598
 20
70.92000000000021
 10
345.930014340598
 20
65.61250000000021
  0
TEXT
  5
65D
330
17
100
AcDbEntity
  8
TEXT
 62
7
100
AcDbText
 10
346.730014340598
 20
68.57000000000022
 30
0.0
 40
1.35
  1
Ремонт
  7
GOST
 11
346.730014340598
 21
68.57000000000022
 31
0.0
100
AcDbText
  0
LWPOLYLINE
  5
65E
330
17
100
AcDbEntity
  8
TEXT
 62
7
370
15
100
AcDbPolyline
 90
2
 70
0
 10
356.3681461678735
 20
70.92000000000021
 10
356.3681461678735
 20
65.61250000000021
  0
TEXT
  5
65F
330
17
100
AcDbEntity
  8
TEXT
 62
7
100
AcDbText
 10
357.1681461678735
 20
68.57000000000022
 30
0.0
 40
1.35
  1
Э07
  7
GOST
 11
357.1681461678735
 21
68.57000000000022
 31
0.0
100
AcDbText
  0
LWPOLYLINE
  5
660
330
17
100
AcDbEntity
  8
TEXT
 62
7
370
15
100
AcDbPolyline
 90
2
 70
0
 10
370.23288423065344
 20
70.92000000000021
 10
370.23288423065344
 20
65.61250000000021
  0
LWPOLYLINE
  5
661
330
17
100
AcDbEntity
  8
TEXT
 62
7
370
15
100
AcDbPolyline
 90
2
 70
0
 10
413.0
 20
70.92000000000021
 10
413.0
 20
65.61250000000021
  0
LWPOLYLINE
  5
662
330
17
100
AcDbEntity
  8
TEXT
 62
7
370
35
100
AcDbPolyline
 90
4
 70
1
 10
22.0
 20
65.61250000000021
 10
413.0
 20
65.61250000000021
 10
413.0
 20
256.29999999999995
 10
22.0
 20
256.29999999999995
  0
LWPOLYLINE
  5
663
330
17
100
AcDbEntity
  8
FRAME
 62
7
370
50
100
AcDbPolyline
 90
4
 70
1
 10
20.0
 20
5.0
 10
415.0
 20
5.0
 10
415.0
 20
292.0
 10
20.0
 20
292.0
  0
TEXT
  5
664
330
17
100
AcDbEntity
  8
FRAME
 62
7
100
AcDbText
 10
415.0
 20
1.6
 30
0.0
 40
2.0
  1
Формат A3
  7
GOST
 72
2
 11
415.0
 21
1.6
 31
0.0
100
AcDbText
  0
HATCH
  5
665
330
17
100
AcDbEntity
  8
FRAME
 62
7
420
16777215
100
AcDbHatch
 10
0.0
 20
0.0
 30
0.0
210
0.0
220
0.0
230
1.0
  2
SOLID
 70
1
 71
0
 91
1
 92
3
 72
0
 73
1
 93
4
 10
230.0
 20
5.0
 10
415.0
 20
5.0
 10
415.0
 20
60.0
 10
230.0
 20
60.0
 97
0
 75
1
 76
1
 98
0
  0
LWPOLYLINE
  5
666
330
17
100
AcDbEntity
  8
FRAME
 62
7
370
50
100
AcDbPolyline
 90
4
 70
1
 10
230.0
 20
5.0
 10
415.0
 20
5.0
 10
415.0
 20
60.0
 10
230.0
 20
60.0
  0
LWPOLYLINE
  5
667
330
17
100
AcDbEntity
  8
FRAME
 62
7
370
50
100
AcDbPolyline
 90
2
 70
0
 10
295.0
 20
45.0
 10
415.0
 20
45.0
  0
LWPOLYLINE
  5
668
330
17
100
AcDbEntity
  8
FRAME
 62
7
370
50
100
AcDbPolyline
 90
2
 70
0
 10
295.0
 20
35.0
 10
415.0
 20
35.0
  0
LWPOLYLINE
  5
669
330
17
100
AcDbEntity
  8
FRAME
 62
7
370
50
100
AcDbPolyline
 90
2
 70
0
 10
295.0
 20
20.0
 10
415.0
 20
20.0
  0
LWPOLYLINE
  5
66A
330
17
100
AcDbEntity
  8
FRAME
 62
7
370
50
100
AcDbPolyline
 90
2
 70
0
 10
295.0
 20
5.0
 10
295.0
 20
60.0
  0
LWPOLYLINE
  5
66B
330
17
100
AcDbEntity
  8
FRAME
 62
7
370
50
100
AcDbPolyline
 90
2
 70
0
 10
365.0
 20
5.0
 10
365.0
 20
35.0
  0
LWPOLYLINE
  5
66C
330
17
100
AcDbEntity
  8
FRAME
 62
7
370
20
100
AcDbPolyline
 90
2
 70
0
 10
365.0
 20
30.0
 10
415.0
 20
30.0
  0
LWPOLYLINE
  5
66D
330
17
100
AcDbEntity
  8
FRAME
 62
7
370
20
100
AcDbPolyline
 90
2
 70
0
 10
380.0
 20
20.0
 10
380.0
 20
35.0
  0
LWPOLYLINE
  5
66E
330
17
100
AcDbEntity
  8
FRAME
 62
7
370
20
100
AcDbPolyline
 90
2
 70
0
 10
395.0
 20
20.0
 10
395.0
 20
35.0
  0
TEXT
  5
66F
330
17
100
AcDbEntity
  8
FRAME
 62
7
100
AcDbText
 10
372.5
 20
31.2
 30
0.0
 40
2.0
  1
Стадия
  7
GOST
 72
1
 11
372.5
 21
31.2
 31
0.0
100
AcDbText
  0
TEXT
  5
670
330
17
100
AcDbEntity
  8
FRAME
 62
7
100
AcDbText
 10
387.5
 20
31.2
 30
0.0
 40
2.0
  1
Лист
  7
GOST
 72
1
 11
387.5
 21
31.2
 31
0.0
100
AcDbText
  0
TEXT
  5
671
330
17
100
AcDbEntity
  8
FRAME
 62
7
100
AcDbText
 10
405.0
 20
31.2
 30
0.0
 40
2.0
  1
Листов
  7
GOST
 72
1
 11
405.0
 21
31.2
 31
0.0
100
AcDbText
  0
TEXT
  5
672
330
17
100
AcDbEntity
  8
FRAME
 62
7
100
AcDbText
 10
372.5
 20
23.4
 30
0.0
 40
3.5
  1
Р
  7
GOST
 72
1
 11
372.5
 21
23.4
 31
0.0
100
AcDbText
  0
TEXT
  5
673
330
17
100
AcDbEntity
  8
FRAME
 62
7
100
AcDbText
 10
387.5
 20
23.4
 30
0.0
 40
3.5
  1
46
  7
GOST
 72
1
 11
387.5
 21
23.4
 31
0.0
100
AcDbText
  0
TEXT
  5
674
330
17
100
AcDbEntity
  8
FRAME
 62
7
100
AcDbText
 10
405.0
 20
23.4
 30
0.0
 40
3.5
  1
51
  7
GOST
 72
1
 11
405.0
 21
23.4
 31
0.0
100
AcDbText
  0
LWPOLYLINE
  5
675
330
17
100
AcDbEntity
  8
FRAME
 62
7
370
20
100
AcDbPolyline
 90
2
 70
0
 10
230.0
 20
10.0
 10
295.0
 20
10.0
  0
LWPOLYLINE
  5
676
330
17
100
AcDbEntity
  8
FRAME
 62
7
370
20
100
AcDbPolyline
 90
2
 70
0
 10
230.0
 20
15.0
 10
295.0
 20
15.0
  0
LWPOLYLINE
  5
677
330
17
100
AcDbEntity
  8
FRAME
 62
7
370
20
100
AcDbPolyline
 90
2
 70
0
 10
230.0
 20
20.0
 10
295.0
 20
20.0
  0
LWPOLYLINE
  5
678
330
17
100
AcDbEntity
  8
FRAME
 62
7
370
20
100
AcDbPolyline
 90
2
 70
0
 10
230.0
 20
25.0
 10
295.0
 20
25.0
  0
LWPOLYLINE
  5
679
330
17
100
AcDbEntity
  8
FRAME
 62
7
370
50
100
AcDbPolyline
 90
2
 70
0
 10
230.0
 20
30.0
 10
295.0
 20
30.0
  0
LWPOLYLINE
  5
67A
330
17
100
AcDbEntity
  8
FRAME
 62
7
370
50
100
AcDbPolyline
 90
2
 70
0
 10
230.0
 20
35.0
 10
295.0
 20
35.0
  0
LWPOLYLINE
  5
67B
330
17
100
AcDbEntity
  8
FRAME
 62
7
370
20
100
AcDbPolyline
 90
2
 70
0
 10
230.0
 20
40.0
 10
295.0
 20
40.0
  0
LWPOLYLINE
  5
67C
330
17
100
AcDbEntity
  8
FRAME
 62
7
370
20
100
AcDbPolyline
 90
2
 70
0
 10
230.0
 20
45.0
 10
295.0
 20
45.0
  0
LWPOLYLINE
  5
67D
330
17
100
AcDbEntity
  8
FRAME
 62
7
370
20
100
AcDbPolyline
 90
2
 70
0
 10
230.0
 20
50.0
 10
295.0
 20
50.0
  0
LWPOLYLINE
  5
67E
330
17
100
AcDbEntity
  8
FRAME
 62
7
370
20
100
AcDbPolyline
 90
2
 70
0
 10
230.0
 20
55.0
 10
295.0
 20
55.0
  0
LWPOLYLINE
  5
67F
330
17
100
AcDbEntity
  8
FRAME
 62
7
370
50
100
AcDbPolyline
 90
2
 70
0
 10
240.0
 20
30.0
 10
240.0
 20
60.0
  0
LWPOLYLINE
  5
680
330
17
100
AcDbEntity
  8
FRAME
 62
7
370
50
100
AcDbPolyline
 90
2
 70
0
 10
250.0
 20
5.0
 10
250.0
 20
60.0
  0
LWPOLYLINE
  5
681
330
17
100
AcDbEntity
  8
FRAME
 62
7
370
50
100
AcDbPolyline
 90
2
 70
0
 10
260.0
 20
30.0
 10
260.0
 20
60.0
  0
LWPOLYLINE
  5
682
330
17
100
AcDbEntity
  8
FRAME
 62
7
370
50
100
AcDbPolyline
 90
2
 70
0
 10
270.0
 20
5.0
 10
270.0
 20
60.0
  0
LWPOLYLINE
  5
683
330
17
100
AcDbEntity
  8
FRAME
 62
7
370
50
100
AcDbPolyline
 90
2
 70
0
 10
285.0
 20
5.0
 10
285.0
 20
60.0
  0
TEXT
  5
684
330
17
100
AcDbEntity
  8
FRAME
 62
7
100
AcDbText
 10
235.0
 20
31.3
 30
0.0
 40
1.8
  1
Изм.
  7
GOST
 72
1
 11
235.0
 21
31.3
 31
0.0
100
AcDbText
  0
TEXT
  5
685
330
17
100
AcDbEntity
  8
FRAME
 62
7
100
AcDbText
 10
245.0
 20
31.3
 30
0.0
 40
1.8
  1
Кол.уч
  7
GOST
 72
1
 11
245.0
 21
31.3
 31
0.0
100
AcDbText
  0
TEXT
  5
686
330
17
100
AcDbEntity
  8
FRAME
 62
7
100
AcDbText
 10
255.0
 20
31.3
 30
0.0
 40
1.8
  1
Лист
  7
GOST
 72
1
 11
255.0
 21
31.3
 31
0.0
100
AcDbText
  0
TEXT
  5
687
330
17
100
AcDbEntity
  8
FRAME
 62
7
100
AcDbText
 10
265.0
 20
31.3
 30
0.0
 40
1.8
  1
№док.
  7
GOST
 72
1
 11
265.0
 21
31.3
 31
0.0
100
AcDbText
  0
TEXT
  5
688
330
17
100
AcDbEntity
  8
FRAME
 62
7
100
AcDbText
 10
277.5
 20
31.3
 30
0.0
 40
1.8
  1
Подп.
  7
GOST
 72
1
 11
277.5
 21
31.3
 31
0.0
100
AcDbText
  0
TEXT
  5
689
330
17
100
AcDbEntity
  8
FRAME
 62
7
100
AcDbText
 10
290.0
 20
31.3
 30
0.0
 40
1.8
  1
Дата
  7
GOST
 72
1
 11
290.0
 21
31.3
 31
0.0
100
AcDbText
  0
TEXT
  5
68A
330
17
100
AcDbEntity
  8
FRAME
 62
7
100
AcDbText
 10
231.0
 20
26.3
 30
0.0
 40
2.0
  1
Разраб.
  7
GOST
 11
231.0
 21
26.3
 31
0.0
100
AcDbText
  0
TEXT
  5
68B
330
17
100
AcDbEntity
  8
FRAME
 62
7
100
AcDbText
 10
231.0
 20
21.3
 30
0.0
 40
2.0
  1
Пров.
  7
GOST
 11
231.0
 21
21.3
 31
0.0
100
AcDbText
  0
TEXT
  5
68C
330
17
100
AcDbEntity
  8
FRAME
 62
7
100
AcDbText
 10
231.0
 20
16.3
 30
0.0
 40
2.0
  1
ГИП
  7
GOST
 11
231.0
 21
16.3
 31
0.0
100
AcDbText
  0
TEXT
  5
68D
330
17
100
AcDbEntity
  8
FRAME
 62
7
100
AcDbText
 10
231.0
 20
11.3
 30
0.0
 40
2.0
  1
Н.контр.
  7
GOST
 11
231.0
 21
11.3
 31
0.0
100
AcDbText
  0
TEXT
  5
68E
330
17
100
AcDbEntity
  8
FRAME
 62
7
100
AcDbText
 10
231.0
 20
6.3
 30
0.0
 40
2.0
  1
Утв.
  7
GOST
 11
231.0
 21
6.3
 31
0.0
100
AcDbText
  0
TEXT
  5
68F
330
17
100
AcDbEntity
  8
FRAME
 62
7
100
AcDbText
 10
250.8
 20
26.3
 30
0.0
 40
2.0
  1
pib-агенты
  7
GOST
 11
250.8
 21
26.3
 31
0.0
100
AcDbText
  0
TEXT
  5
690
330
17
100
AcDbEntity
  8
FRAME
 62
7
100
AcDbText
 10
290.0
 20
26.3
 30
0.0
 40
1.8
  1
10.2026
  7
GOST
 72
1
 11
290.0
 21
26.3
 31
0.0
100
AcDbText
  0
TEXT
  5
691
330
17
100
AcDbEntity
  8
FRAME
 62
7
100
AcDbText
 10
355.0
 20
50.0
 30
0.0
 40
5.0
  1
КВ108-ДП-СП-05
  7
GOST
 72
1
 11
355.0
 21
50.0
 31
0.0
100
AcDbText
  0
TEXT
  5
692
330
17
100
AcDbEntity
  8
FRAME
 62
7
100
AcDbText
 10
355.0
 20
38.25
 30
0.0
 40
3.5
  1
Квартира №108, СПб, дизайн-проект
  7
GOST
 72
1
 11
355.0
 21
38.25
 31
0.0
100
AcDbText
  0
TEXT
  5
693
330
17
100
AcDbEntity
  8
FRAME
 62
7
100
AcDbText
 10
330.0
 20
26.0
 30
0.0
 40
3.0
  1
Спецификации
  7
GOST
 72
1
 11
330.0
 21
26.0
 31
0.0
100
AcDbText
  0
TEXT
  5
694
330
17
100
AcDbEntity
  8
FRAME
 62
7
100
AcDbText
 10
330.0
 20
13.0625
 30
0.0
 40
2.5
  1
Спецификация материалов (лист 1
  7
GOST
 72
1
 11
330.0
 21
13.0625
 31
0.0
100
AcDbText
  0
TEXT
  5
695
330
17
100
AcDbEntity
  8
FRAME
 62
7
100
AcDbText
 10
330.0
 20
9.4375
 30
0.0
 40
2.5
  1
из 2)
  7
GOST
 72
1
 11
330.0
 21
9.4375
 31
0.0
100
AcDbText
  0
TEXT
  5
696
330
17
100
AcDbEntity
  8
FRAME
 62
7
100
AcDbText
 10
390.0
 20
13.175
 30
0.0
 40
3.0
  1
ПИБ
  7
GOST
 72
1
 11
390.0
 21
13.175
 31
0.0
100
AcDbText
  0
TEXT
  5
697
330
17
100
AcDbEntity
  8
FRAME
 62
7
100
AcDbText
 10
390.0
 20
8.825000000000001
 30
0.0
 40
3.0
  1
агенты pib-*
  7
GOST
 72
1
 11
390.0
 21
8.825000000000001
 31
0.0
100
AcDbText
  0
ENDSEC
  0
SECTION
  2
OBJECTS
  0
DICTIONARY
  5
A
330
0
100
AcDbDictionary
281
1
  3
ACAD_COLOR
350
B
  3
ACAD_GROUP
350
C
  3
ACAD_LAYOUT
350
D
  3
ACAD_MATERIAL
350
E
  3
ACAD_MLEADERSTYLE
350
F
  3
ACAD_MLINESTYLE
350
10
  3
ACAD_PLOTSETTINGS
350
11
  3
ACAD_PLOTSTYLENAME
350
12
  3
ACAD_SCALELIST
350
14
  3
ACAD_TABLESTYLE
350
15
  3
ACAD_VISUALSTYLE
350
16
  3
EZDXF_META
350
2D
  0
DICTIONARY
  5
B
330
A
100
AcDbDictionary
281
1
  0
DICTIONARY
  5
C
330
A
100
AcDbDictionary
281
1
  0
DICTIONARY
  5
D
330
A
100
AcDbDictionary
281
1
  3
Model
350
1A
  3
Layout1
350
1E
  0
DICTIONARY
  5
E
330
A
100
AcDbDictionary
281
1
  3
ByBlock
350
1F
  3
ByLayer
350
20
  3
Global
350
21
  0
DICTIONARY
  5
F
330
A
100
AcDbDictionary
281
1
  3
Standard
350
2C
  0
DICTIONARY
  5
10
330
A
100
AcDbDictionary
281
1
  3
Standard
350
22
  0
DICTIONARY
  5
11
330
A
100
AcDbDictionary
281
1
  0
ACDBDICTIONARYWDFLT
  5
12
330
A
100
AcDbDictionary
281
1
  3
Normal
350
13
100
AcDbDictionaryWithDefault
340
13
  0
ACDBPLACEHOLDER
  5
13
330
12
  0
DICTIONARY
  5
14
330
A
100
AcDbDictionary
281
1
  0
DICTIONARY
  5
15
330
A
100
AcDbDictionary
281
1
  0
DICTIONARY
  5
16
330
A
100
AcDbDictionary
281
1
  3
2dWireframe
350
5A
  3
Basic
350
5B
  3
Brighten
350
5C
  3
ColorChange
350
5D
  3
Conceptual
350
5E
  3
Dim
350
5F
  3
EdgeColorOff
350
60
  3
Facepattern
350
61
  3
Flat
350
62
  3
FlatWithEdges
350
63
  3
Gouraud
350
64
  3
GouraudWithEdges
350
65
  3
Hidden
350
66
  3
JitterOff
350
67
  3
Linepattern
350
68
  3
Modeling
350
69
  3
OverhangOff
350
6A
  3
Realistic
350
6B
  3
Shaded
350
6C
  3
Shaded with edges
350
6D
  3
Shades of Gray
350
6E
  3
Sketchy
350
6F
  3
Thicken
350
70
  3
Wireframe
350
71
  3
X-Ray
350
72
  0
LAYOUT
  5
1A
330
D
100
AcDbPlotSettings
  1

  4
A3
  6

 40
7.5
 41
20.0
 42
7.5
 43
20.0
 44
420.0
 45
297.0
 46
0.0
 47
0.0
 48
0.0
 49
0.0
140
0.0
141
0.0
142
1.0
143
1.0
 70
1024
 72
1
 73
0
 74
5
  7

 75
16
 76
0
 77
2
 78
300
147
1.0
148
0.0
149
0.0
100
AcDbLayout
  1
Model
 70
1
 71
0
 10
0.0
 20
0.0
 11
420.0
 21
297.0
 12
0.0
 22
0.0
 32
0.0
 14
1e+20
 24
1e+20
 34
1e+20
 15
-1e+20
 25
-1e+20
 35
-1e+20
146
0.0
 13
0.0
 23
0.0
 33
0.0
 16
1.0
 26
0.0
 36
0.0
 17
0.0
 27
1.0
 37
0.0
 76
1
330
17
  0
LAYOUT
  5
1E
330
D
100
AcDbPlotSettings
  1

  4
A3
  6

 40
7.5
 41
20.0
 42
7.5
 43
20.0
 44
420.0
 45
297.0
 46
0.0
 47
0.0
 48
0.0
 49
0.0
140
0.0
141
0.0
142
1.0
143
1.0
 70
0
 72
1
 73
0
 74
5
  7

 75
16
 76
0
 77
2
 78
300
147
1.0
148
0.0
149
0.0
100
AcDbLayout
  1
Layout1
 70
1
 71
1
 10
0.0
 20
0.0
 11
420.0
 21
297.0
 12
0.0
 22
0.0
 32
0.0
 14
1e+20
 24
1e+20
 34
1e+20
 15
-1e+20
 25
-1e+20
 35
-1e+20
146
0.0
 13
0.0
 23
0.0
 33
0.0
 16
1.0
 26
0.0
 36
0.0
 17
0.0
 27
1.0
 37
0.0
 76
1
330
1B
  0
MATERIAL
  5
1F
102
{ACAD_REACTORS
330
E
102
}
330
E
100
AcDbMaterial
  1
ByBlock
  2

 70
0
 40
1.0
 71
1
 41
1.0
 91
-1023410177
 42
1.0
 72
1
  3

 73
1
 74
1
 75
1
 44
0.5
 73
0
 45
1.0
 46
1.0
 77
1
  4

 78
1
 79
1
170
1
 48
1.0
171
1
  6

172
1
173
1
174
1
140
1.0
141
1.0
175
1
  7

176
1
177
1
178
1
143
1.0
179
1
  8

270
1
271
1
272
1
145
1.0
146
1.0
273
1
  9

274
1
275
1
276
1
 42
1.0
 72
1
  3

 73
1
 74
1
 75
1
 94
63
  0
MATERIAL
  5
20
102
{ACAD_REACTORS
330
E
102
}
330
E
100
AcDbMaterial
  1
ByLayer
  2

 70
0
 40
1.0
 71
1
 41
1.0
 91
-1023410177
 42
1.0
 72
1
  3

 73
1
 74
1
 75
1
 44
0.5
 73
0
 45
1.0
 46
1.0
 77
1
  4

 78
1
 79
1
170
1
 48
1.0
171
1
  6

172
1
173
1
174
1
140
1.0
141
1.0
175
1
  7

176
1
177
1
178
1
143
1.0
179
1
  8

270
1
271
1
272
1
145
1.0
146
1.0
273
1
  9

274
1
275
1
276
1
 42
1.0
 72
1
  3

 73
1
 74
1
 75
1
 94
63
  0
MATERIAL
  5
21
102
{ACAD_REACTORS
330
E
102
}
330
E
100
AcDbMaterial
  1
Global
  2

 70
0
 40
1.0
 71
1
 41
1.0
 91
-1023410177
 42
1.0
 72
1
  3

 73
1
 74
1
 75
1
 44
0.5
 73
0
 45
1.0
 46
1.0
 77
1
  4

 78
1
 79
1
170
1
 48
1.0
171
1
  6

172
1
173
1
174
1
140
1.0
141
1.0
175
1
  7

176
1
177
1
178
1
143
1.0
179
1
  8

270
1
271
1
272
1
145
1.0
146
1.0
273
1
  9

274
1
275
1
276
1
 42
1.0
 72
1
  3

 73
1
 74
1
 75
1
 94
63
  0
MLINESTYLE
  5
22
102
{ACAD_REACTORS
330
10
102
}
330
10
100
AcDbMlineStyle
  2
Standard
 70
0
  3

 62
256
 51
90.0
 52
90.0
 71
2
 49
0.5
 62
256
  6
BYLAYER
 49
-0.5
 62
256
  6
BYLAYER
  0
MLEADERSTYLE
  5
2C
102
{ACAD_REACTORS
330
F
102
}
330
F
100
AcDbMLeaderStyle
179
2
170
2
171
1
172
0
 90
2
 40
0.0
 41
0.0
173
1
 91
-1056964608
 92
-2
290
1
 42
2.0
291
1
 43
8.0
  3
Standard
 44
4.0
300

342
29
174
1
175
1
176
0
178
1
 93
-1056964608
 45
4.0
292
0
297
0
 46
4.0
 94
-1056964608
 47
1.0
 49
1.0
140
1.0
294
1
141
0.0
177
0
142
1.0
295
0
296
0
143
3.75
271
0
272
9
273
9
  0
DICTIONARY
  5
2D
330
A
100
AcDbDictionary
280
1
281
1
  3
CREATED_BY_EZDXF
350
2E
  3
WRITTEN_BY_EZDXF
350
69A
  0
DICTIONARYVAR
  5
2E
330
2D
100
DictionaryVariables
280
0
  1
1.4.4 @ 2026-10-08T17:37:47.499381+00:00
  0
VISUALSTYLE
  5
5A
102
{ACAD_REACTORS
330
16
102
}
330
16
100
AcDbVisualStyle
  2
2dWireframe
 70
4
177
3
291
0
 70
58
 90
2
176
1
 90
2
176
1
 90
0
176
1
 90
0
176
1
 40
0.6
176
1
 40
30.0
176
1
 62
7
420
16777215
176
1
 90
1
176
1
 90
4
176
1
 62
7
176
1
 62
257
176
1
 90
1
176
1
 90
1
176
1
 40
1.0
176
1
 90
8
176
1
 62
7
176
1
 40
1.0
176
1
 90
1
176
1
 90
6
176
1
 90
2
176
1
 62
7
176
1
 90
5
176
1
 90
0
176
1
 90
0
176
1
290
0
176
1
 90
1
176
1
 40
0.0
176
1
 90
0
176
1
290
1
176
1
290
1
176
1
290
0
176
1
290
0
176
1
290
0
176
1
290
0
176
1
290
0
176
1
290
0
176
1
290
0
176
1
 90
50
176
1
 40
0.0
176
1
 40
1.0
176
1
 90
0
176
1
 62
18
420
0
176
1
 90
50
176
1
 90
3
176
1
 62
5
420
255
176
1
290
0
176
1
 90
50
176
1
 90
50
176
1
 90
50
176
1
290
0
176
1
 90
50
176
1
 62
256
176
0
 40
1.0
176
0
 90
2
176
1
  1
strokes_ogs.tif
176
1
290
0
176
1
 40
1.0
176
1
 40
1.0
176
1
  0
VISUALSTYLE
  5
5B
102
{ACAD_REACTORS
330
16
102
}
330
16
100
AcDbVisualStyle
  2
Basic
 70
7
177
3
291
1
 70
58
 90
2
176
1
 90
2
176
1
 90
0
176
1
 90
1
176
1
 40
0.6
176
1
 40
30.0
176
1
 62
7
420
16777215
176
1
 90
1
176
1
 90
4
176
1
 62
7
176
1
 62
257
176
1
 90
1
176
1
 90
1
176
1
 40
1.0
176
1
 90
8
176
1
 62
7
176
1
 40
1.0
176
1
 90
1
176
1
 90
6
176
1
 90
2
176
1
 62
7
176
1
 90
5
176
1
 90
0
176
1
 90
0
176
1
290
0
176
1
 90
1
176
1
 40
0.0
176
1
 90
0
176
1
290
0
176
1
290
1
176
1
290
1
176
1
290
0
176
1
290
0
176
1
290
0
176
1
290
0
176
1
290
0
176
1
290
0
176
1
 90
50
176
1
 40
0.0
176
1
 40
1.0
176
1
 90
0
176
1
 62
18
420
0
176
1
 90
50
176
1
 90
3
176
1
 62
5
420
255
176
1
290
0
176
1
 90
50
176
1
 90
50
176
1
 90
50
176
1
290
0
176
1
 90
50
176
1
 62
256
176
0
 40
1.0
176
0
 90
2
176
1
  1
strokes_ogs.tif
176
1
290
0
176
1
 40
1.0
176
1
 40
1.0
176
1
  0
VISUALSTYLE
  5
5C
102
{ACAD_REACTORS
330
16
102
}
330
16
100
AcDbVisualStyle
  2
Brighten
 70
12
177
3
291
1
 70
58
 90
2
176
1
 90
2
176
1
 90
0
176
1
 90
2
176
1
 40
0.6
176
1
 40
30.0
176
1
 62
7
420
16777215
176
1
 90
1
176
1
 90
4
176
1
 62
7
176
1
 62
257
176
1
 90
1
176
1
 90
1
176
1
 40
1.0
176
1
 90
8
176
1
 62
7
176
1
 40
1.0
176
1
 90
1
176
1
 90
6
176
1
 90
2
176
1
 62
7
176
1
 90
5
176
1
 90
0
176
1
 90
0
176
1
290
0
176
1
 90
1
176
1
 40
0.0
176
1
 90
0
176
1
290
0
176
1
290
1
176
1
290
1
176
1
290
0
176
1
290
0
176
1
290
0
176
1
290
0
176
1
290
0
176
1
290
0
176
1
 90
50
176
1
 40
0.0
176
1
 40
1.0
176
1
 90
0
176
1
 62
18
420
0
176
1
 90
50
176
1
 90
3
176
1
 62
5
420
255
176
1
290
0
176
1
 90
50
176
1
 90
50
176
1
 90
50
176
1
290
0
176
1
 90
50
176
1
 62
256
176
0
 40
1.0
176
0
 90
2
176
1
  1
strokes_ogs.tif
176
1
290
0
176
1
 40
1.0
176
1
 40
1.0
176
1
  0
VISUALSTYLE
  5
5D
102
{ACAD_REACTORS
330
16
102
}
330
16
100
AcDbVisualStyle
  2
ColorChange
 70
16
177
3
291
1
 70
58
 90
2
176
1
 90
2
176
1
 90
0
176
1
 90
2
176
1
 40
0.6
176
1
 40
30.0
176
1
 62
7
420
16777215
176
1
 90
1
176
1
 90
4
176
1
 62
7
176
1
 62
257
176
1
 90
1
176
1
 90
1
176
1
 40
1.0
176
1
 90
8
176
1
 62
7
176
1
 40
1.0
176
1
 90
1
176
1
 90
6
176
1
 90
2
176
1
 62
7
176
1
 90
5
176
1
 90
0
176
1
 90
0
176
1
290
0
176
1
 90
1
176
1
 40
0.0
176
1
 90
0
176
1
290
0
176
1
290
1
176
1
290
1
176
1
290
0
176
1
290
0
176
1
290
0
176
1
290
0
176
1
290
0
176
1
290
0
176
1
 90
50
176
1
 40
0.0
176
1
 40
1.0
176
1
 90
0
176
1
 62
18
420
0
176
1
 90
50
176
1
 90
3
176
1
 62
5
420
255
176
1
290
0
176
1
 90
50
176
1
 90
50
176
1
 90
50
176
1
290
0
176
1
 90
50
176
1
 62
256
176
0
 40
1.0
176
0
 90
2
176
1
  1
strokes_ogs.tif
176
1
290
0
176
1
 40
1.0
176
1
 40
1.0
176
1
  0
VISUALSTYLE
  5
5E
102
{ACAD_REACTORS
330
16
102
}
330
16
100
AcDbVisualStyle
  2
Conceptual
 70
9
177
3
291
0
 70
58
 90
2
176
1
 90
2
176
1
 90
0
176
1
 90
3
176
1
 40
0.6
176
1
 40
30.0
176
1
 62
7
420
16777215
176
1
 90
1
176
1
 90
4
176
1
 62
7
176
1
 62
257
176
1
 90
1
176
1
 90
1
176
1
 40
1.0
176
1
 90
8
176
1
 62
7
176
1
 40
1.0
176
1
 90
1
176
1
 90
6
176
1
 90
2
176
1
 62
7
176
1
 90
5
176
1
 90
0
176
1
 90
0
176
1
290
0
176
1
 90
1
176
1
 40
0.0
176
1
 90
0
176
1
290
0
176
1
290
1
176
1
290
1
176
1
290
0
176
1
290
0
176
1
290
0
176
1
290
0
176
1
290
0
176
1
290
0
176
1
 90
50
176
1
 40
0.0
176
1
 40
1.0
176
1
 90
0
176
1
 62
18
420
0
176
1
 90
50
176
1
 90
3
176
1
 62
5
420
255
176
1
290
0
176
1
 90
50
176
1
 90
50
176
1
 90
50
176
1
290
0
176
1
 90
50
176
1
 62
256
176
0
 40
1.0
176
0
 90
2
176
1
  1
strokes_ogs.tif
176
1
290
0
176
1
 40
1.0
176
1
 40
1.0
176
1
  0
VISUALSTYLE
  5
5F
102
{ACAD_REACTORS
330
16
102
}
330
16
100
AcDbVisualStyle
  2
Dim
 70
11
177
3
291
1
 70
58
 90
2
176
1
 90
2
176
1
 90
0
176
1
 90
2
176
1
 40
0.6
176
1
 40
30.0
176
1
 62
7
420
16777215
176
1
 90
1
176
1
 90
4
176
1
 62
7
176
1
 62
257
176
1
 90
1
176
1
 90
1
176
1
 40
1.0
176
1
 90
8
176
1
 62
7
176
1
 40
1.0
176
1
 90
1
176
1
 90
6
176
1
 90
2
176
1
 62
7
176
1
 90
5
176
1
 90
0
176
1
 90
0
176
1
290
0
176
1
 90
1
176
1
 40
0.0
176
1
 90
0
176
1
290
0
176
1
290
1
176
1
290
1
176
1
290
0
176
1
290
0
176
1
290
0
176
1
290
0
176
1
290
0
176
1
290
0
176
1
 90
50
176
1
 40
0.0
176
1
 40
1.0
176
1
 90
0
176
1
 62
18
420
0
176
1
 90
50
176
1
 90
3
176
1
 62
5
420
255
176
1
290
0
176
1
 90
50
176
1
 90
50
176
1
 90
50
176
1
290
0
176
1
 90
50
176
1
 62
256
176
0
 40
1.0
176
0
 90
2
176
1
  1
strokes_ogs.tif
176
1
290
0
176
1
 40
1.0
176
1
 40
1.0
176
1
  0
VISUALSTYLE
  5
60
102
{ACAD_REACTORS
330
16
102
}
330
16
100
AcDbVisualStyle
  2
EdgeColorOff
 70
22
177
3
291
1
 70
58
 90
2
176
1
 90
2
176
1
 90
0
176
1
 90
2
176
1
 40
0.6
176
1
 40
30.0
176
1
 62
7
420
16777215
176
1
 90
1
176
1
 90
4
176
1
 62
7
176
1
 62
257
176
1
 90
1
176
1
 90
1
176
1
 40
1.0
176
1
 90
8
176
1
 62
7
176
1
 40
1.0
176
1
 90
1
176
1
 90
6
176
1
 90
2
176
1
 62
7
176
1
 90
5
176
1
 90
0
176
1
 90
0
176
1
290
0
176
1
 90
1
176
1
 40
0.0
176
1
 90
0
176
1
290
0
176
1
290
1
176
1
290
1
176
1
290
0
176
1
290
0
176
1
290
0
176
1
290
0
176
1
290
0
176
1
290
0
176
1
 90
50
176
1
 40
0.0
176
1
 40
1.0
176
1
 90
0
176
1
 62
18
420
0
176
1
 90
50
176
1
 90
3
176
1
 62
5
420
255
176
1
290
0
176
1
 90
50
176
1
 90
50
176
1
 90
50
176
1
290
0
176
1
 90
50
176
1
 62
256
176
0
 40
1.0
176
0
 90
2
176
1
  1
strokes_ogs.tif
176
1
290
0
176
1
 40
1.0
176
1
 40
1.0
176
1
  0
VISUALSTYLE
  5
61
102
{ACAD_REACTORS
330
16
102
}
330
16
100
AcDbVisualStyle
  2
Facepattern
 70
15
177
3
291
1
 70
58
 90
2
176
1
 90
2
176
1
 90
0
176
1
 90
2
176
1
 40
0.6
176
1
 40
30.0
176
1
 62
7
420
16777215
176
1
 90
1
176
1
 90
4
176
1
 62
7
176
1
 62
257
176
1
 90
1
176
1
 90
1
176
1
 40
1.0
176
1
 90
8
176
1
 62
7
176
1
 40
1.0
176
1
 90
1
176
1
 90
6
176
1
 90
2
176
1
 62
7
176
1
 90
5
176
1
 90
0
176
1
 90
0
176
1
290
0
176
1
 90
1
176
1
 40
0.0
176
1
 90
0
176
1
290
0
176
1
290
1
176
1
290
1
176
1
290
0
176
1
290
0
176
1
290
0
176
1
290
0
176
1
290
0
176
1
290
0
176
1
 90
50
176
1
 40
0.0
176
1
 40
1.0
176
1
 90
0
176
1
 62
18
420
0
176
1
 90
50
176
1
 90
3
176
1
 62
5
420
255
176
1
290
0
176
1
 90
50
176
1
 90
50
176
1
 90
50
176
1
290
0
176
1
 90
50
176
1
 62
256
176
0
 40
1.0
176
0
 90
2
176
1
  1
strokes_ogs.tif
176
1
290
0
176
1
 40
1.0
176
1
 40
1.0
176
1
  0
VISUALSTYLE
  5
62
102
{ACAD_REACTORS
330
16
102
}
330
16
100
AcDbVisualStyle
  2
Flat
 70
0
177
3
291
1
 70
58
 90
2
176
1
 90
2
176
1
 90
0
176
1
 90
2
176
1
 40
0.6
176
1
 40
30.0
176
1
 62
7
420
16777215
176
1
 90
1
176
1
 90
4
176
1
 62
7
176
1
 62
257
176
1
 90
1
176
1
 90
1
176
1
 40
1.0
176
1
 90
8
176
1
 62
7
176
1
 40
1.0
176
1
 90
1
176
1
 90
6
176
1
 90
2
176
1
 62
7
176
1
 90
5
176
1
 90
0
176
1
 90
0
176
1
290
0
176
1
 90
1
176
1
 40
0.0
176
1
 90
0
176
1
290
0
176
1
290
1
176
1
290
1
176
1
290
0
176
1
290
0
176
1
290
0
176
1
290
0
176
1
290
0
176
1
290
0
176
1
 90
50
176
1
 40
0.0
176
1
 40
1.0
176
1
 90
0
176
1
 62
18
420
0
176
1
 90
50
176
1
 90
3
176
1
 62
5
420
255
176
1
290
0
176
1
 90
50
176
1
 90
50
176
1
 90
50
176
1
290
0
176
1
 90
50
176
1
 62
256
176
0
 40
1.0
176
0
 90
2
176
1
  1
strokes_ogs.tif
176
1
290
0
176
1
 40
1.0
176
1
 40
1.0
176
1
  0
VISUALSTYLE
  5
63
102
{ACAD_REACTORS
330
16
102
}
330
16
100
AcDbVisualStyle
  2
FlatWithEdges
 70
1
177
3
291
1
 70
58
 90
2
176
1
 90
2
176
1
 90
0
176
1
 90
2
176
1
 40
0.6
176
1
 40
30.0
176
1
 62
7
420
16777215
176
1
 90
1
176
1
 90
4
176
1
 62
7
176
1
 62
257
176
1
 90
1
176
1
 90
1
176
1
 40
1.0
176
1
 90
8
176
1
 62
7
176
1
 40
1.0
176
1
 90
1
176
1
 90
6
176
1
 90
2
176
1
 62
7
176
1
 90
5
176
1
 90
0
176
1
 90
0
176
1
290
0
176
1
 90
1
176
1
 40
0.0
176
1
 90
0
176
1
290
0
176
1
290
1
176
1
290
1
176
1
290
0
176
1
290
0
176
1
290
0
176
1
290
0
176
1
290
0
176
1
290
0
176
1
 90
50
176
1
 40
0.0
176
1
 40
1.0
176
1
 90
0
176
1
 62
18
420
0
176
1
 90
50
176
1
 90
3
176
1
 62
5
420
255
176
1
290
0
176
1
 90
50
176
1
 90
50
176
1
 90
50
176
1
290
0
176
1
 90
50
176
1
 62
256
176
0
 40
1.0
176
0
 90
2
176
1
  1
strokes_ogs.tif
176
1
290
0
176
1
 40
1.0
176
1
 40
1.0
176
1
  0
VISUALSTYLE
  5
64
102
{ACAD_REACTORS
330
16
102
}
330
16
100
AcDbVisualStyle
  2
Gouraud
 70
2
177
3
291
1
 70
58
 90
2
176
1
 90
2
176
1
 90
0
176
1
 90
2
176
1
 40
0.6
176
1
 40
30.0
176
1
 62
7
420
16777215
176
1
 90
1
176
1
 90
4
176
1
 62
7
176
1
 62
257
176
1
 90
1
176
1
 90
1
176
1
 40
1.0
176
1
 90
8
176
1
 62
7
176
1
 40
1.0
176
1
 90
1
176
1
 90
6
176
1
 90
2
176
1
 62
7
176
1
 90
5
176
1
 90
0
176
1
 90
0
176
1
290
0
176
1
 90
1
176
1
 40
0.0
176
1
 90
0
176
1
290
0
176
1
290
1
176
1
290
1
176
1
290
0
176
1
290
0
176
1
290
0
176
1
290
0
176
1
290
0
176
1
290
0
176
1
 90
50
176
1
 40
0.0
176
1
 40
1.0
176
1
 90
0
176
1
 62
18
420
0
176
1
 90
50
176
1
 90
3
176
1
 62
5
420
255
176
1
290
0
176
1
 90
50
176
1
 90
50
176
1
 90
50
176
1
290
0
176
1
 90
50
176
1
 62
256
176
0
 40
1.0
176
0
 90
2
176
1
  1
strokes_ogs.tif
176
1
290
0
176
1
 40
1.0
176
1
 40
1.0
176
1
  0
VISUALSTYLE
  5
65
102
{ACAD_REACTORS
330
16
102
}
330
16
100
AcDbVisualStyle
  2
GouraudWithEdges
 70
3
177
3
291
1
 70
58
 90
2
176
1
 90
2
176
1
 90
0
176
1
 90
2
176
1
 40
0.6
176
1
 40
30.0
176
1
 62
7
420
16777215
176
1
 90
1
176
1
 90
4
176
1
 62
7
176
1
 62
257
176
1
 90
1
176
1
 90
1
176
1
 40
1.0
176
1
 90
8
176
1
 62
7
176
1
 40
1.0
176
1
 90
1
176
1
 90
6
176
1
 90
2
176
1
 62
7
176
1
 90
5
176
1
 90
0
176
1
 90
0
176
1
290
0
176
1
 90
1
176
1
 40
0.0
176
1
 90
0
176
1
290
0
176
1
290
1
176
1
290
1
176
1
290
0
176
1
290
0
176
1
290
0
176
1
290
0
176
1
290
0
176
1
290
0
176
1
 90
50
176
1
 40
0.0
176
1
 40
1.0
176
1
 90
0
176
1
 62
18
420
0
176
1
 90
50
176
1
 90
3
176
1
 62
5
420
255
176
1
290
0
176
1
 90
50
176
1
 90
50
176
1
 90
50
176
1
290
0
176
1
 90
50
176
1
 62
256
176
0
 40
1.0
176
0
 90
2
176
1
  1
strokes_ogs.tif
176
1
290
0
176
1
 40
1.0
176
1
 40
1.0
176
1
  0
VISUALSTYLE
  5
66
102
{ACAD_REACTORS
330
16
102
}
330
16
100
AcDbVisualStyle
  2
Hidden
 70
6
177
3
291
0
 70
58
 90
2
176
1
 90
2
176
1
 90
0
176
1
 90
1
176
1
 40
0.6
176
1
 40
30.0
176
1
 62
7
420
16777215
176
1
 90
1
176
1
 90
4
176
1
 62
7
176
1
 62
257
176
1
 90
1
176
1
 90
1
176
1
 40
1.0
176
1
 90
8
176
1
 62
7
176
1
 40
1.0
176
1
 90
1
176
1
 90
6
176
1
 90
2
176
1
 62
7
176
1
 90
5
176
1
 90
0
176
1
 90
0
176
1
290
0
176
1
 90
1
176
1
 40
0.0
176
1
 90
0
176
1
290
0
176
1
290
1
176
1
290
1
176
1
290
0
176
1
290
0
176
1
290
0
176
1
290
0
176
1
290
0
176
1
290
0
176
1
 90
50
176
1
 40
0.0
176
1
 40
1.0
176
1
 90
0
176
1
 62
18
420
0
176
1
 90
50
176
1
 90
3
176
1
 62
5
420
255
176
1
290
0
176
1
 90
50
176
1
 90
50
176
1
 90
50
176
1
290
0
176
1
 90
50
176
1
 62
256
176
0
 40
1.0
176
0
 90
2
176
1
  1
strokes_ogs.tif
176
1
290
0
176
1
 40
1.0
176
1
 40
1.0
176
1
  0
VISUALSTYLE
  5
67
102
{ACAD_REACTORS
330
16
102
}
330
16
100
AcDbVisualStyle
  2
JitterOff
 70
20
177
3
291
1
 70
58
 90
2
176
1
 90
2
176
1
 90
0
176
1
 90
2
176
1
 40
0.6
176
1
 40
30.0
176
1
 62
7
420
16777215
176
1
 90
1
176
1
 90
4
176
1
 62
7
176
1
 62
257
176
1
 90
1
176
1
 90
1
176
1
 40
1.0
176
1
 90
8
176
1
 62
7
176
1
 40
1.0
176
1
 90
1
176
1
 90
6
176
1
 90
2
176
1
 62
7
176
1
 90
5
176
1
 90
0
176
1
 90
0
176
1
290
0
176
1
 90
1
176
1
 40
0.0
176
1
 90
0
176
1
290
0
176
1
290
1
176
1
290
1
176
1
290
0
176
1
290
0
176
1
290
0
176
1
290
0
176
1
290
0
176
1
290
0
176
1
 90
50
176
1
 40
0.0
176
1
 40
1.0
176
1
 90
0
176
1
 62
18
420
0
176
1
 90
50
176
1
 90
3
176
1
 62
5
420
255
176
1
290
0
176
1
 90
50
176
1
 90
50
176
1
 90
50
176
1
290
0
176
1
 90
50
176
1
 62
256
176
0
 40
1.0
176
0
 90
2
176
1
  1
strokes_ogs.tif
176
1
290
0
176
1
 40
1.0
176
1
 40
1.0
176
1
  0
VISUALSTYLE
  5
68
102
{ACAD_REACTORS
330
16
102
}
330
16
100
AcDbVisualStyle
  2
Linepattern
 70
14
177
3
291
1
 70
58
 90
2
176
1
 90
2
176
1
 90
0
176
1
 90
2
176
1
 40
0.6
176
1
 40
30.0
176
1
 62
7
420
16777215
176
1
 90
1
176
1
 90
4
176
1
 62
7
176
1
 62
257
176
1
 90
1
176
1
 90
1
176
1
 40
1.0
176
1
 90
8
176
1
 62
7
176
1
 40
1.0
176
1
 90
1
176
1
 90
6
176
1
 90
2
176
1
 62
7
176
1
 90
5
176
1
 90
0
176
1
 90
0
176
1
290
0
176
1
 90
1
176
1
 40
0.0
176
1
 90
0
176
1
290
0
176
1
290
1
176
1
290
1
176
1
290
0
176
1
290
0
176
1
290
0
176
1
290
0
176
1
290
0
176
1
290
0
176
1
 90
50
176
1
 40
0.0
176
1
 40
1.0
176
1
 90
0
176
1
 62
18
420
0
176
1
 90
50
176
1
 90
3
176
1
 62
5
420
255
176
1
290
0
176
1
 90
50
176
1
 90
50
176
1
 90
50
176
1
290
0
176
1
 90
50
176
1
 62
256
176
0
 40
1.0
176
0
 90
2
176
1
  1
strokes_ogs.tif
176
1
290
0
176
1
 40
1.0
176
1
 40
1.0
176
1
  0
VISUALSTYLE
  5
69
102
{ACAD_REACTORS
330
16
102
}
330
16
100
AcDbVisualStyle
  2
Modeling
 70
10
177
3
291
0
 70
58
 90
2
176
1
 90
2
176
1
 90
0
176
1
 90
2
176
1
 40
0.6
176
1
 40
30.0
176
1
 62
7
420
16777215
176
1
 90
1
176
1
 90
4
176
1
 62
7
176
1
 62
257
176
1
 90
1
176
1
 90
1
176
1
 40
1.0
176
1
 90
8
176
1
 62
7
176
1
 40
1.0
176
1
 90
1
176
1
 90
6
176
1
 90
2
176
1
 62
7
176
1
 90
5
176
1
 90
0
176
1
 90
0
176
1
290
0
176
1
 90
1
176
1
 40
0.0
176
1
 90
0
176
1
290
0
176
1
290
1
176
1
290
1
176
1
290
0
176
1
290
0
176
1
290
0
176
1
290
0
176
1
290
0
176
1
290
0
176
1
 90
50
176
1
 40
0.0
176
1
 40
1.0
176
1
 90
0
176
1
 62
18
420
0
176
1
 90
50
176
1
 90
3
176
1
 62
5
420
255
176
1
290
0
176
1
 90
50
176
1
 90
50
176
1
 90
50
176
1
290
0
176
1
 90
50
176
1
 62
256
176
0
 40
1.0
176
0
 90
2
176
1
  1
strokes_ogs.tif
176
1
290
0
176
1
 40
1.0
176
1
 40
1.0
176
1
  0
VISUALSTYLE
  5
6A
102
{ACAD_REACTORS
330
16
102
}
330
16
100
AcDbVisualStyle
  2
OverhangOff
 70
21
177
3
291
1
 70
58
 90
2
176
1
 90
2
176
1
 90
0
176
1
 90
2
176
1
 40
0.6
176
1
 40
30.0
176
1
 62
7
420
16777215
176
1
 90
1
176
1
 90
4
176
1
 62
7
176
1
 62
257
176
1
 90
1
176
1
 90
1
176
1
 40
1.0
176
1
 90
8
176
1
 62
7
176
1
 40
1.0
176
1
 90
1
176
1
 90
6
176
1
 90
2
176
1
 62
7
176
1
 90
5
176
1
 90
0
176
1
 90
0
176
1
290
0
176
1
 90
1
176
1
 40
0.0
176
1
 90
0
176
1
290
0
176
1
290
1
176
1
290
1
176
1
290
0
176
1
290
0
176
1
290
0
176
1
290
0
176
1
290
0
176
1
290
0
176
1
 90
50
176
1
 40
0.0
176
1
 40
1.0
176
1
 90
0
176
1
 62
18
420
0
176
1
 90
50
176
1
 90
3
176
1
 62
5
420
255
176
1
290
0
176
1
 90
50
176
1
 90
50
176
1
 90
50
176
1
290
0
176
1
 90
50
176
1
 62
256
176
0
 40
1.0
176
0
 90
2
176
1
  1
strokes_ogs.tif
176
1
290
0
176
1
 40
1.0
176
1
 40
1.0
176
1
  0
VISUALSTYLE
  5
6B
102
{ACAD_REACTORS
330
16
102
}
330
16
100
AcDbVisualStyle
  2
Realistic
 70
8
177
3
291
0
 70
58
 90
2
176
1
 90
2
176
1
 90
0
176
1
 90
2
176
1
 40
0.6
176
1
 40
30.0
176
1
 62
7
420
16777215
176
1
 90
1
176
1
 90
4
176
1
 62
7
176
1
 62
257
176
1
 90
1
176
1
 90
1
176
1
 40
1.0
176
1
 90
8
176
1
 62
7
176
1
 40
1.0
176
1
 90
1
176
1
 90
6
176
1
 90
2
176
1
 62
7
176
1
 90
5
176
1
 90
0
176
1
 90
0
176
1
290
0
176
1
 90
1
176
1
 40
0.0
176
1
 90
0
176
1
290
0
176
1
290
1
176
1
290
1
176
1
290
0
176
1
290
0
176
1
290
0
176
1
290
0
176
1
290
0
176
1
290
0
176
1
 90
50
176
1
 40
0.0
176
1
 40
1.0
176
1
 90
0
176
1
 62
18
420
0
176
1
 90
50
176
1
 90
3
176
1
 62
5
420
255
176
1
290
0
176
1
 90
50
176
1
 90
50
176
1
 90
50
176
1
290
0
176
1
 90
50
176
1
 62
256
176
0
 40
1.0
176
0
 90
2
176
1
  1
strokes_ogs.tif
176
1
290
0
176
1
 40
1.0
176
1
 40
1.0
176
1
  0
VISUALSTYLE
  5
6C
102
{ACAD_REACTORS
330
16
102
}
330
16
100
AcDbVisualStyle
  2
Shaded
 70
27
177
3
291
0
 70
58
 90
2
176
1
 90
2
176
1
 90
0
176
1
 90
2
176
1
 40
0.6
176
1
 40
30.0
176
1
 62
7
420
16777215
176
1
 90
1
176
1
 90
4
176
1
 62
7
176
1
 62
257
176
1
 90
1
176
1
 90
1
176
1
 40
1.0
176
1
 90
8
176
1
 62
7
176
1
 40
1.0
176
1
 90
1
176
1
 90
6
176
1
 90
2
176
1
 62
7
176
1
 90
5
176
1
 90
0
176
1
 90
0
176
1
290
0
176
1
 90
1
176
1
 40
0.0
176
1
 90
0
176
1
290
0
176
1
290
1
176
1
290
1
176
1
290
0
176
1
290
0
176
1
290
0
176
1
290
0
176
1
290
0
176
1
290
0
176
1
 90
50
176
1
 40
0.0
176
1
 40
1.0
176
1
 90
0
176
1
 62
18
420
0
176
1
 90
50
176
1
 90
3
176
1
 62
5
420
255
176
1
290
0
176
1
 90
50
176
1
 90
50
176
1
 90
50
176
1
290
0
176
1
 90
50
176
1
 62
256
176
0
 40
1.0
176
0
 90
2
176
1
  1
strokes_ogs.tif
176
1
290
0
176
1
 40
1.0
176
1
 40
1.0
176
1
  0
VISUALSTYLE
  5
6D
102
{ACAD_REACTORS
330
16
102
}
330
16
100
AcDbVisualStyle
  2
Shaded with edges
 70
26
177
3
291
0
 70
58
 90
2
176
1
 90
2
176
1
 90
0
176
1
 90
2
176
1
 40
0.6
176
1
 40
30.0
176
1
 62
7
420
16777215
176
1
 90
1
176
1
 90
4
176
1
 62
7
176
1
 62
257
176
1
 90
1
176
1
 90
1
176
1
 40
1.0
176
1
 90
8
176
1
 62
7
176
1
 40
1.0
176
1
 90
1
176
1
 90
6
176
1
 90
2
176
1
 62
7
176
1
 90
5
176
1
 90
0
176
1
 90
0
176
1
290
0
176
1
 90
1
176
1
 40
0.0
176
1
 90
0
176
1
290
0
176
1
290
1
176
1
290
1
176
1
290
0
176
1
290
0
176
1
290
0
176
1
290
0
176
1
290
0
176
1
290
0
176
1
 90
50
176
1
 40
0.0
176
1
 40
1.0
176
1
 90
0
176
1
 62
18
420
0
176
1
 90
50
176
1
 90
3
176
1
 62
5
420
255
176
1
290
0
176
1
 90
50
176
1
 90
50
176
1
 90
50
176
1
290
0
176
1
 90
50
176
1
 62
256
176
0
 40
1.0
176
0
 90
2
176
1
  1
strokes_ogs.tif
176
1
290
0
176
1
 40
1.0
176
1
 40
1.0
176
1
  0
VISUALSTYLE
  5
6E
102
{ACAD_REACTORS
330
16
102
}
330
16
100
AcDbVisualStyle
  2
Shades of Gray
 70
23
177
3
291
0
 70
58
 90
2
176
1
 90
2
176
1
 90
0
176
1
 90
2
176
1
 40
0.6
176
1
 40
30.0
176
1
 62
7
420
16777215
176
1
 90
1
176
1
 90
4
176
1
 62
7
176
1
 62
257
176
1
 90
1
176
1
 90
1
176
1
 40
1.0
176
1
 90
8
176
1
 62
7
176
1
 40
1.0
176
1
 90
1
176
1
 90
6
176
1
 90
2
176
1
 62
7
176
1
 90
5
176
1
 90
0
176
1
 90
0
176
1
290
0
176
1
 90
1
176
1
 40
0.0
176
1
 90
0
176
1
290
0
176
1
290
1
176
1
290
1
176
1
290
0
176
1
290
0
176
1
290
0
176
1
290
0
176
1
290
0
176
1
290
0
176
1
 90
50
176
1
 40
0.0
176
1
 40
1.0
176
1
 90
0
176
1
 62
18
420
0
176
1
 90
50
176
1
 90
3
176
1
 62
5
420
255
176
1
290
0
176
1
 90
50
176
1
 90
50
176
1
 90
50
176
1
290
0
176
1
 90
50
176
1
 62
256
176
0
 40
1.0
176
0
 90
2
176
1
  1
strokes_ogs.tif
176
1
290
0
176
1
 40
1.0
176
1
 40
1.0
176
1
  0
VISUALSTYLE
  5
6F
102
{ACAD_REACTORS
330
16
102
}
330
16
100
AcDbVisualStyle
  2
Sketchy
 70
24
177
3
291
0
 70
58
 90
2
176
1
 90
2
176
1
 90
0
176
1
 90
1
176
1
 40
0.6
176
1
 40
30.0
176
1
 62
7
420
16777215
176
1
 90
1
176
1
 90
4
176
1
 62
7
176
1
 62
257
176
1
 90
1
176
1
 90
1
176
1
 40
1.0
176
1
 90
8
176
1
 62
7
176
1
 40
1.0
176
1
 90
1
176
1
 90
6
176
1
 90
2
176
1
 62
7
176
1
 90
5
176
1
 90
0
176
1
 90
0
176
1
290
0
176
1
 90
1
176
1
 40
0.0
176
1
 90
0
176
1
290
0
176
1
290
1
176
1
290
1
176
1
290
0
176
1
290
0
176
1
290
0
176
1
290
0
176
1
290
0
176
1
290
0
176
1
 90
50
176
1
 40
0.0
176
1
 40
1.0
176
1
 90
0
176
1
 62
18
420
0
176
1
 90
50
176
1
 90
3
176
1
 62
5
420
255
176
1
290
0
176
1
 90
50
176
1
 90
50
176
1
 90
50
176
1
290
0
176
1
 90
50
176
1
 62
256
176
0
 40
1.0
176
0
 90
2
176
1
  1
strokes_ogs.tif
176
1
290
0
176
1
 40
1.0
176
1
 40
1.0
176
1
  0
VISUALSTYLE
  5
70
102
{ACAD_REACTORS
330
16
102
}
330
16
100
AcDbVisualStyle
  2
Thicken
 70
13
177
3
291
1
 70
58
 90
2
176
1
 90
2
176
1
 90
0
176
1
 90
2
176
1
 40
0.6
176
1
 40
30.0
176
1
 62
7
420
16777215
176
1
 90
1
176
1
 90
4
176
1
 62
7
176
1
 62
257
176
1
 90
1
176
1
 90
1
176
1
 40
1.0
176
1
 90
8
176
1
 62
7
176
1
 40
1.0
176
1
 90
1
176
1
 90
6
176
1
 90
2
176
1
 62
7
176
1
 90
5
176
1
 90
0
176
1
 90
0
176
1
290
0
176
1
 90
1
176
1
 40
0.0
176
1
 90
0
176
1
290
0
176
1
290
1
176
1
290
1
176
1
290
0
176
1
290
0
176
1
290
0
176
1
290
0
176
1
290
0
176
1
290
0
176
1
 90
50
176
1
 40
0.0
176
1
 40
1.0
176
1
 90
0
176
1
 62
18
420
0
176
1
 90
50
176
1
 90
3
176
1
 62
5
420
255
176
1
290
0
176
1
 90
50
176
1
 90
50
176
1
 90
50
176
1
290
0
176
1
 90
50
176
1
 62
256
176
0
 40
1.0
176
0
 90
2
176
1
  1
strokes_ogs.tif
176
1
290
0
176
1
 40
1.0
176
1
 40
1.0
176
1
  0
VISUALSTYLE
  5
71
102
{ACAD_REACTORS
330
16
102
}
330
16
100
AcDbVisualStyle
  2
Wireframe
 70
5
177
3
291
0
 70
58
 90
2
176
1
 90
2
176
1
 90
0
176
1
 90
0
176
1
 40
0.6
176
1
 40
30.0
176
1
 62
7
420
16777215
176
1
 90
1
176
1
 90
4
176
1
 62
7
176
1
 62
257
176
1
 90
1
176
1
 90
1
176
1
 40
1.0
176
1
 90
8
176
1
 62
7
176
1
 40
1.0
176
1
 90
1
176
1
 90
6
176
1
 90
2
176
1
 62
7
176
1
 90
5
176
1
 90
0
176
1
 90
0
176
1
290
0
176
1
 90
1
176
1
 40
0.0
176
1
 90
0
176
1
290
0
176
1
290
1
176
1
290
1
176
1
290
0
176
1
290
0
176
1
290
0
176
1
290
0
176
1
290
0
176
1
290
0
176
1
 90
50
176
1
 40
0.0
176
1
 40
1.0
176
1
 90
0
176
1
 62
18
420
0
176
1
 90
50
176
1
 90
3
176
1
 62
5
420
255
176
1
290
0
176
1
 90
50
176
1
 90
50
176
1
 90
50
176
1
290
0
176
1
 90
50
176
1
 62
256
176
0
 40
1.0
176
0
 90
2
176
1
  1
strokes_ogs.tif
176
1
290
0
176
1
 40
1.0
176
1
 40
1.0
176
1
  0
VISUALSTYLE
  5
72
102
{ACAD_REACTORS
330
16
102
}
330
16
100
AcDbVisualStyle
  2
X-Ray
 70
25
177
3
291
0
 70
58
 90
2
176
1
 90
2
176
1
 90
0
176
1
 90
2
176
1
 40
0.5
176
1
 40
30.0
176
1
 62
7
420
16777215
176
1
 90
1
176
1
 90
4
176
1
 62
7
176
1
 62
257
176
1
 90
1
176
1
 90
1
176
1
 40
1.0
176
1
 90
8
176
1
 62
7
176
1
 40
1.0
176
1
 90
1
176
1
 90
6
176
1
 90
2
176
1
 62
7
176
1
 90
5
176
1
 90
0
176
1
 90
0
176
1
290
0
176
1
 90
1
176
1
 40
0.0
176
1
 90
0
176
1
290
0
176
1
290
1
176
1
290
1
176
1
290
0
176
1
290
0
176
1
290
0
176
1
290
0
176
1
290
0
176
1
290
0
176
1
 90
50
176
1
 40
0.0
176
1
 40
1.0
176
1
 90
0
176
1
 62
18
420
0
176
1
 90
50
176
1
 90
3
176
1
 62
5
420
255
176
1
290
0
176
1
 90
50
176
1
 90
50
176
1
 90
50
176
1
290
0
176
1
 90
50
176
1
 62
256
176
0
 40
1.0
176
0
 90
2
176
1
  1
strokes_ogs.tif
176
1
290
0
176
1
 40
1.0
176
1
 40
1.0
176
1
  0
DICTIONARYVAR
  5
69A
330
2D
100
DictionaryVariables
280
0
  1
1.4.4 @ 2026-10-08T17:37:47.572822+00:00
  0
ENDSEC
  0
EOF
