  0
SECTION
  2
HEADER
  9
$ACADVER
  1
AC1032
  9
$ACADMAINTVER
 90
4
  9
$DWGCODEPAGE
  3
ANSI_1252
  9
$LASTSAVEDBY
  1
ezdxf
  9
$REQUIREDVERSIONS
160
0
  9
$INSBASE
 10
0.0
 20
0.0
 30
0.0
  9
$EXTMIN
 10
1e+20
 20
1e+20
 30
1e+20
  9
$EXTMAX
 10
-1e+20
 20
-1e+20
 30
-1e+20
  9
$LIMMIN
 10
0.0
 20
0.0
  9
$LIMMAX
 10
420.0
 20
297.0
  9
$ORTHOMODE
 70
0
  9
$REGENMODE
 70
1
  9
$FILLMODE
 70
1
  9
$QTEXTMODE
 70
0
  9
$MIRRTEXT
 70
1
  9
$LTSCALE
 40
1.0
  9
$ATTMODE
 70
1
  9
$TEXTSIZE
 40
2.5
  9
$TRACEWID
 40
1.0
  9
$TEXTSTYLE
  7
OpenSans
  9
$CLAYER
  8
0
  9
$CELTYPE
  6
ByLayer
  9
$CECOLOR
 62
256
  9
$CELTSCALE
 40
1.0
  9
$DISPSILH
 70
0
  9
$DIMSCALE
 40
1.0
  9
$DIMASZ
 40
0.175
  9
$DIMEXO
 40
0.125
  9
$DIMDLI
 40
3.75
  9
$DIMRND
 40
0.0
  9
$DIMDLE
 40
0.0
  9
$DIMEXE
 40
0.375
  9
$DIMTP
 40
0.0
  9
$DIMTM
 40
0.0
  9
$DIMTXT
 40
0.25
  9
$DIMCEN
 40
2.5
  9
$DIMTSZ
 40
0.0
  9
$DIMTOL
 70
0
  9
$DIMLIM
 70
0
  9
$DIMTIH
 70
0
  9
$DIMTOH
 70
0
  9
$DIMSE1
 70
0
  9
$DIMSE2
 70
0
  9
$DIMTAD
 70
1
  9
$DIMZIN
 70
12
  9
$DIMBLK
  1
ARCHTICK
  9
$DIMASO
 70
1
  9
$DIMSHO
 70
1
  9
$DIMPOST
  1

  9
$DIMAPOST
  1

  9
$DIMALT
 70
0
  9
$DIMALTD
 70
3
  9
$DIMALTF
 40
0.03937007874
  9
$DIMLFAC
 40
100.0
  9
$DIMTOFL
 70
1
  9
$DIMTVP
 40
0.0
  9
$DIMTIX
 70
0
  9
$DIMSOXD
 70
0
  9
$DIMSAH
 70
0
  9
$DIMBLK1
  1

  9
$DIMBLK2
  1

  9
$DIMSTYLE
  2
EZDXF
  9
$DIMCLRD
 70
0
  9
$DIMCLRE
 70
0
  9
$DIMCLRT
 70
0
  9
$DIMTFAC
 40
0.5
  9
$DIMGAP
 40
0.1
  9
$DIMJUST
 70
0
  9
$DIMSD1
 70
0
  9
$DIMSD2
 70
0
  9
$DIMTOLJ
 70
0
  9
$DIMTZIN
 70
8
  9
$DIMALTZ
 70
0
  9
$DIMALTTZ
 70
0
  9
$DIMUPT
 70
1
  9
$DIMDEC
 70
2
  9
$DIMTDEC
 70
2
  9
$DIMALTU
 70
2
  9
$DIMALTTD
 70
3
  9
$DIMTXSTY
  7
OpenSansCondensed-Light
  9
$DIMAUNIT
 70
0
  9
$DIMADEC
 70
2
  9
$DIMALTRND
 40
0.0
  9
$DIMAZIN
 70
3
  9
$DIMDSEP
 70
46
  9
$DIMATFIT
 70
3
  9
$DIMFRAC
 70
0
  9
$DIMLDRBLK
  1

  9
$DIMLUNIT
 70
2
  9
$DIMLWD
 70
-2
  9
$DIMLWE
 70
-2
  9
$DIMTMOVE
 70
2
  9
$DIMFXL
 40
1.0
  9
$DIMFXLON
 70
0
  9
$DIMJOGANG
 40
0.785398163397
  9
$DIMTFILL
 70
0
  9
$DIMTFILLCLR
 70
0
  9
$DIMARCSYM
 70
0
  9
$DIMLTYPE
  6

  9
$DIMLTEX1
  6

  9
$DIMLTEX2
  6

  9
$DIMTXTDIRECTION
 70
0
  9
$LUNITS
 70
2
  9
$LUPREC
 70
4
  9
$SKETCHINC
 40
1.0
  9
$FILLETRAD
 40
10.0
  9
$AUNITS
 70
0
  9
$AUPREC
 70
2
  9
$MENU
  1
.
  9
$ELEVATION
 40
0.0
  9
$PELEVATION
 40
0.0
  9
$THICKNESS
 40
0.0
  9
$LIMCHECK
 70
0
  9
$CHAMFERA
 40
0.0
  9
$CHAMFERB
 40
0.0
  9
$CHAMFERC
 40
0.0
  9
$CHAMFERD
 40
0.0
  9
$SKPOLY
 70
0
  9
$TDCREATE
 40
2461322.7342708334
  9
$TDUCREATE
 40
2458532.153996898
  9
$TDUPDATE
 40
2461322.7342708334
  9
$TDUUPDATE
 40
2458532.1544311
  9
$TDINDWG
 40
0.0
  9
$TDUSRTIMER
 40
0.0
  9
$USRTIMER
 70
1
  9
$ANGBASE
 50
0.0
  9
$ANGDIR
 70
0
  9
$PDMODE
 70
0
  9
$PDSIZE
 40
0.0
  9
$PLINEWID
 40
0.0
  9
$SPLFRAME
 70
0
  9
$SPLINETYPE
 70
6
  9
$SPLINESEGS
 70
8
  9
$HANDSEED
  5
42C
  9
$SURFTAB1
 70
6
  9
$SURFTAB2
 70
6
  9
$SURFTYPE
 70
6
  9
$SURFU
 70
6
  9
$SURFV
 70
6
  9
$UCSBASE
  2

  9
$UCSNAME
  2

  9
$UCSORG
 10
0.0
 20
0.0
 30
0.0
  9
$UCSXDIR
 10
1.0
 20
0.0
 30
0.0
  9
$UCSYDIR
 10
0.0
 20
1.0
 30
0.0
  9
$UCSORTHOREF
  2

  9
$UCSORTHOVIEW
 70
0
  9
$UCSORGTOP
 10
0.0
 20
0.0
 30
0.0
  9
$UCSORGBOTTOM
 10
0.0
 20
0.0
 30
0.0
  9
$UCSORGLEFT
 10
0.0
 20
0.0
 30
0.0
  9
$UCSORGRIGHT
 10
0.0
 20
0.0
 30
0.0
  9
$UCSORGFRONT
 10
0.0
 20
0.0
 30
0.0
  9
$UCSORGBACK
 10
0.0
 20
0.0
 30
0.0
  9
$PUCSBASE
  2

  9
$PUCSNAME
  2

  9
$PUCSORG
 10
0.0
 20
0.0
 30
0.0
  9
$PUCSXDIR
 10
1.0
 20
0.0
 30
0.0
  9
$PUCSYDIR
 10
0.0
 20
1.0
 30
0.0
  9
$PUCSORTHOREF
  2

  9
$PUCSORTHOVIEW
 70
0
  9
$PUCSORGTOP
 10
0.0
 20
0.0
 30
0.0
  9
$PUCSORGBOTTOM
 10
0.0
 20
0.0
 30
0.0
  9
$PUCSORGLEFT
 10
0.0
 20
0.0
 30
0.0
  9
$PUCSORGRIGHT
 10
0.0
 20
0.0
 30
0.0
  9
$PUCSORGFRONT
 10
0.0
 20
0.0
 30
0.0
  9
$PUCSORGBACK
 10
0.0
 20
0.0
 30
0.0
  9
$USERI1
 70
0
  9
$USERI2
 70
0
  9
$USERI3
 70
0
  9
$USERI4
 70
0
  9
$USERI5
 70
0
  9
$USERR1
 40
0.0
  9
$USERR2
 40
0.0
  9
$USERR3
 40
0.0
  9
$USERR4
 40
0.0
  9
$USERR5
 40
0.0
  9
$WORLDVIEW
 70
1
  9
$SHADEDGE
 70
3
  9
$SHADEDIF
 70
70
  9
$TILEMODE
 70
1
  9
$MAXACTVP
 70
64
  9
$PINSBASE
 10
0.0
 20
0.0
 30
0.0
  9
$PLIMCHECK
 70
0
  9
$PEXTMIN
 10
1e+20
 20
1e+20
 30
1e+20
  9
$PEXTMAX
 10
-1e+20
 20
-1e+20
 30
-1e+20
  9
$PLIMMIN
 10
0.0
 20
0.0
  9
$PLIMMAX
 10
420.0
 20
297.0
  9
$UNITMODE
 70
0
  9
$VISRETAIN
 70
1
  9
$PLINEGEN
 70
0
  9
$PSLTSCALE
 70
1
  9
$TREEDEPTH
 70
3020
  9
$CMLSTYLE
  2
Standard
  9
$CMLJUST
 70
0
  9
$CMLSCALE
 40
20.0
  9
$PROXYGRAPHICS
 70
1
  9
$MEASUREMENT
 70
1
  9
$CELWEIGHT
370
-1
  9
$ENDCAPS
280
0
  9
$JOINSTYLE
280
0
  9
$LWDISPLAY
290
0
  9
$INSUNITS
 70
4
  9
$HYPERLINKBASE
  1

  9
$STYLESHEET
  1

  9
$XEDIT
290
1
  9
$CEPSNTYPE
380
0
  9
$PSTYLEMODE
290
1
  9
$FINGERPRINTGUID
  2
{88FE43F1-75FB-41B6-8528-0687B4A99C36}
  9
$VERSIONGUID
  2
{0171AD5F-599F-4A86-8F3C-BE6CE2192A01}
  9
$EXTNAMES
290
1
  9
$PSVPSCALE
 40
0.0
  9
$OLESTARTUP
290
0
  9
$SORTENTS
280
127
  9
$INDEXCTL
280
0
  9
$HIDETEXT
280
1
  9
$XCLIPFRAME
280
1
  9
$HALOGAP
280
0
  9
$OBSCOLOR
 70
257
  9
$OBSLTYPE
280
0
  9
$INTERSECTIONDISPLAY
280
0
  9
$INTERSECTIONCOLOR
 70
257
  9
$DIMASSOC
280
2
  9
$PROJECTNAME
  1

  9
$CAMERADISPLAY
290
0
  9
$LENSLENGTH
 40
50.0
  9
$CAMERAHEIGHT
 40
0.0
  9
$STEPSPERSEC
 40
24.0
  9
$STEPSIZE
 40
100.0
  9
$3DDWFPREC
 40
2.0
  9
$PSOLWIDTH
 40
0.005
  9
$PSOLHEIGHT
 40
0.08
  9
$LOFTANG1
 40
1.570796326795
  9
$LOFTANG2
 40
1.570796326795
  9
$LOFTMAG1
 40
0.0
  9
$LOFTMAG2
 40
0.0
  9
$LOFTPARAM
 70
7
  9
$LOFTNORMALS
280
1
  9
$LATITUDE
 40
37.795
  9
$LONGITUDE
 40
-122.394
  9
$NORTHDIRECTION
 40
0.0
  9
$TIMEZONE
 70
-8000
  9
$LIGHTGLYPHDISPLAY
280
1
  9
$TILEMODELIGHTSYNCH
280
1
  9
$CMATERIAL
347
20
  9
$SOLIDHIST
280
0
  9
$SHOWHIST
280
1
  9
$DWFFRAME
280
2
  9
$DGNFRAME
280
2
  9
$REALWORLDSCALE
290
1
  9
$INTERFERECOLOR
 62
256
  9
$CSHADOW
280
0
  9
$SHADOWPLANELOCATION
 40
0.0
  0
ENDSEC
  0
SECTION
  2
CLASSES
  0
CLASS
  1
ACDBDICTIONARYWDFLT
  2
AcDbDictionaryWithDefault
  3
ObjectDBX Classes
 90
0
 91
0
280
0
281
0
  0
CLASS
  1
SUN
  2
AcDbSun
  3
SCENEOE
 90
1153
 91
0
280
0
281
0
  0
CLASS
  1
VISUALSTYLE
  2
AcDbVisualStyle
  3
ObjectDBX Classes
 90
4095
 91
0
280
0
281
0
  0
CLASS
  1
MATERIAL
  2
AcDbMaterial
  3
ObjectDBX Classes
 90
1153
 91
0
280
0
281
0
  0
CLASS
  1
SCALE
  2
AcDbScale
  3
ObjectDBX Classes
 90
1153
 91
0
280
0
281
0
  0
CLASS
  1
TABLESTYLE
  2
AcDbTableStyle
  3
ObjectDBX Classes
 90
4095
 91
0
280
0
281
0
  0
CLASS
  1
MLEADERSTYLE
  2
AcDbMLeaderStyle
  3
ACDB_MLEADERSTYLE_CLASS
 90
4095
 91
0
280
0
281
0
  0
CLASS
  1
DICTIONARYVAR
  2
AcDbDictionaryVar
  3
ObjectDBX Classes
 90
0
 91
0
280
0
281
0
  0
CLASS
  1
CELLSTYLEMAP
  2
AcDbCellStyleMap
  3
ObjectDBX Classes
 90
1152
 91
0
280
0
281
0
  0
CLASS
  1
MENTALRAYRENDERSETTINGS
  2
AcDbMentalRayRenderSettings
  3
SCENEOE
 90
1024
 91
0
280
0
281
0
  0
CLASS
  1
ACDBDETAILVIEWSTYLE
  2
AcDbDetailViewStyle
  3
ObjectDBX Classes
 90
1025
 91
0
280
0
281
0
  0
CLASS
  1
ACDBSECTIONVIEWSTYLE
  2
AcDbSectionViewStyle
  3
ObjectDBX Classes
 90
1025
 91
0
280
0
281
0
  0
CLASS
  1
RASTERVARIABLES
  2
AcDbRasterVariables
  3
ISM
 90
0
 91
0
280
0
281
0
  0
CLASS
  1
ACDBPLACEHOLDER
  2
AcDbPlaceHolder
  3
ObjectDBX Classes
 90
0
 91
0
280
0
281
0
  0
CLASS
  1
LAYOUT
  2
AcDbLayout
  3
ObjectDBX Classes
 90
0
 91
0
280
0
281
0
  0
ENDSEC
  0
SECTION
  2
TABLES
  0
TABLE
  2
VPORT
  5
8
330
0
100
AcDbSymbolTable
 70
1
  0
VPORT
  5
23
330
8
100
AcDbSymbolTableRecord
100
AcDbViewportTableRecord
  2
*Active
 70
0
 10
0.0
 20
0.0
 11
1.0
 21
1.0
 12
0.0
 22
0.0
 13
0.0
 23
0.0
 14
0.5
 24
0.5
 15
0.5
 25
0.5
 16
0.0
 26
0.0
 36
1.0
 17
0.0
 27
0.0
 37
0.0
 40
1000.0
 41
1.34
 42
50.0
 43
0.0
 44
0.0
 50
0.0
 51
0.0
 71
0
 72
1000
 73
1
 74
3
 75
0
 76
0
 77
0
 78
0
281
0
 65
0
146
0.0
  0
ENDTAB
  0
TABLE
  2
LTYPE
  5
2
330
0
100
AcDbSymbolTable
 70
21
  0
LTYPE
  5
24
330
2
100
AcDbSymbolTableRecord
100
AcDbLinetypeTableRecord
  2
ByBlock
 70
0
  3

 72
65
 73
0
 40
0.0
  0
LTYPE
  5
25
330
2
100
AcDbSymbolTableRecord
100
AcDbLinetypeTableRecord
  2
ByLayer
 70
0
  3

 72
65
 73
0
 40
0.0
  0
LTYPE
  5
26
330
2
100
AcDbSymbolTableRecord
100
AcDbLinetypeTableRecord
  2
Continuous
 70
0
  3

 72
65
 73
0
 40
0.0
  0
LTYPE
  5
2F
330
2
100
AcDbSymbolTableRecord
100
AcDbLinetypeTableRecord
  2
CENTER
 70
0
  3
Center ____ _ ____ _ ____ _ ____ _ ____ _ ____
 72
65
 73
4
 40
5.08
 49
3.175
 74
0
 49
-0.635
 74
0
 49
0.635
 74
0
 49
-0.635
 74
0
  0
LTYPE
  5
30
330
2
100
AcDbSymbolTableRecord
100
AcDbLinetypeTableRecord
  2
CENTERX2
 70
0
  3
Center (2x) ________  __  ________  __  ________
 72
65
 73
4
 40
8.89
 49
6.35
 74
0
 49
-0.635
 74
0
 49
1.27
 74
0
 49
-0.635
 74
0
  0
LTYPE
  5
31
330
2
100
AcDbSymbolTableRecord
100
AcDbLinetypeTableRecord
  2
CENTER2
 70
0
  3
Center (.5x) ____ _ ____ _ ____ _ ____ _ ____
 72
65
 73
4
 40
2.54
 49
1.587
 74
0
 49
-0.318
 74
0
 49
0.318
 74
0
 49
-0.318
 74
0
  0
LTYPE
  5
32
330
2
100
AcDbSymbolTableRecord
100
AcDbLinetypeTableRecord
  2
DASHED
 70
0
  3
Dashed __ __ __ __ __ __ __ __ __ __ __ __ __ _
 72
65
 73
2
 40
1.524
 49
1.27
 74
0
 49
-0.254
 74
0
  0
LTYPE
  5
33
330
2
100
AcDbSymbolTableRecord
100
AcDbLinetypeTableRecord
  2
DASHEDX2
 70
0
  3
Dashed (2x) ____  ____  ____  ____  ____  ____
 72
65
 73
2
 40
3.048
 49
2.54
 74
0
 49
-0.508
 74
0
  0
LTYPE
  5
34
330
2
100
AcDbSymbolTableRecord
100
AcDbLinetypeTableRecord
  2
DASHED2
 70
0
  3
Dashed (.5x) _ _ _ _ _ _ _ _ _ _ _ _ _ _
 72
65
 73
2
 40
0.762
 49
0.635
 74
0
 49
-0.127
 74
0
  0
LTYPE
  5
35
330
2
100
AcDbSymbolTableRecord
100
AcDbLinetypeTableRecord
  2
PHANTOM
 70
0
  3
Phantom ______  __  __  ______  __  __  ______
 72
65
 73
6
 40
6.35
 49
3.175
 74
0
 49
-0.635
 74
0
 49
0.635
 74
0
 49
-0.635
 74
0
 49
0.635
 74
0
 49
-0.635
 74
0
  0
LTYPE
  5
36
330
2
100
AcDbSymbolTableRecord
100
AcDbLinetypeTableRecord
  2
PHANTOMX2
 70
0
  3
Phantom (2x)____________    ____    ____    ____________
 72
65
 73
6
 40
10.795
 49
6.35
 74
0
 49
-0.635
 74
0
 49
1.27
 74
0
 49
-0.635
 74
0
 49
1.27
 74
0
 49
-0.635
 74
0
  0
LTYPE
  5
37
330
2
100
AcDbSymbolTableRecord
100
AcDbLinetypeTableRecord
  2
PHANTOM2
 70
0
  3
Phantom (.5x) ___ _ _ ___ _ _ ___ _ _ ___ _ _ ___
 72
65
 73
6
 40
3.175
 49
1.587
 74
0
 49
-0.318
 74
0
 49
0.318
 74
0
 49
-0.318
 74
0
 49
0.318
 74
0
 49
-0.318
 74
0
  0
LTYPE
  5
38
330
2
100
AcDbSymbolTableRecord
100
AcDbLinetypeTableRecord
  2
DASHDOT
 70
0
  3
Dash dot __ . __ . __ . __ . __ . __ . __ . __
 72
65
 73
4
 40
3.556
 49
2.54
 74
0
 49
-0.508
 74
0
 49
0.0
 74
0
 49
-0.508
 74
0
  0
LTYPE
  5
39
330
2
100
AcDbSymbolTableRecord
100
AcDbLinetypeTableRecord
  2
DASHDOTX2
 70
0
  3
Dash dot (2x) ____  .  ____  .  ____  .  ____
 72
65
 73
4
 40
6.096
 49
5.08
 74
0
 49
-0.508
 74
0
 49
0.0
 74
0
 49
-0.508
 74
0
  0
LTYPE
  5
3A
330
2
100
AcDbSymbolTableRecord
100
AcDbLinetypeTableRecord
  2
DASHDOT2
 70
0
  3
Dash dot (.5x) _ . _ . _ . _ . _ . _ . _ . _
 72
65
 73
4
 40
1.778
 49
1.27
 74
0
 49
-0.254
 74
0
 49
0.0
 74
0
 49
-0.254
 74
0
  0
LTYPE
  5
3B
330
2
100
AcDbSymbolTableRecord
100
AcDbLinetypeTableRecord
  2
DOT
 70
0
  3
Dot .  .  .  .  .  .  .  .  .  .  .  .  .  .  .  .
 72
65
 73
2
 40
0.508
 49
0.0
 74
0
 49
-0.508
 74
0
  0
LTYPE
  5
3C
330
2
100
AcDbSymbolTableRecord
100
AcDbLinetypeTableRecord
  2
DOTX2
 70
0
  3
Dot (2x) .    .    .    .    .    .    .    . 
 72
65
 73
2
 40
1.016
 49
0.0
 74
0
 49
-1.016
 74
0
  0
LTYPE
  5
3D
330
2
100
AcDbSymbolTableRecord
100
AcDbLinetypeTableRecord
  2
DOT2
 70
0
  3
Dot (.5) . . . . . . . . . . . . . . . . . . . 
 72
65
 73
2
 40
0.254
 49
0.0
 74
0
 49
-0.254
 74
0
  0
LTYPE
  5
3E
330
2
100
AcDbSymbolTableRecord
100
AcDbLinetypeTableRecord
  2
DIVIDE
 70
0
  3
Divide __ . . __ . . __ . . __ . . __ . . __
 72
65
 73
6
 40
4.064
 49
2.54
 74
0
 49
-0.508
 74
0
 49
0.0
 74
0
 49
-0.508
 74
0
 49
0.0
 74
0
 49
-0.508
 74
0
  0
LTYPE
  5
3F
330
2
100
AcDbSymbolTableRecord
100
AcDbLinetypeTableRecord
  2
DIVIDEX2
 70
0
  3
Divide (2x) ____  . .  ____  . .  ____  . .  ____
 72
65
 73
6
 40
6.604
 49
5.08
 74
0
 49
-0.508
 74
0
 49
0.0
 74
0
 49
-0.508
 74
0
 49
0.0
 74
0
 49
-0.508
 74
0
  0
LTYPE
  5
40
330
2
100
AcDbSymbolTableRecord
100
AcDbLinetypeTableRecord
  2
DIVIDE2
 70
0
  3
Divide(.5x) _ . _ . _ . _ . _ . _ . _ . _
 72
65
 73
6
 40
2.032
 49
1.27
 74
0
 49
-0.254
 74
0
 49
0.0
 74
0
 49
-0.254
 74
0
 49
0.0
 74
0
 49
-0.254
 74
0
  0
ENDTAB
  0
TABLE
  2
LAYER
  5
1
330
0
100
AcDbSymbolTable
 70
16
  0
LAYER
  5
27
330
1
100
AcDbSymbolTableRecord
100
AcDbLayerTableRecord
  2
0
 70
0
 62
7
  6
Continuous
370
-3
390
13
347
21
  0
LAYER
  5
28
330
1
100
AcDbSymbolTableRecord
100
AcDbLayerTableRecord
  2
Defpoints
 70
0
 62
7
  6
Continuous
290
0
370
-3
390
13
347
21
  0
LAYER
  5
8B
330
1
100
AcDbSymbolTableRecord
100
AcDbLayerTableRecord
  2
FRAME
 70
0
 62
7
  6
CONTINUOUS
370
-3
390
13
347
21
  0
LAYER
  5
8C
330
1
100
AcDbSymbolTableRecord
100
AcDbLayerTableRecord
  2
AR-WALLS
 70
0
 62
7
  6
CONTINUOUS
370
-3
390
13
347
21
  0
LAYER
  5
8D
330
1
100
AcDbSymbolTableRecord
100
AcDbLayerTableRecord
  2
AR-NEW
 70
0
 62
5
  6
CONTINUOUS
370
-3
390
13
347
21
  0
LAYER
  5
8E
330
1
100
AcDbSymbolTableRecord
100
AcDbLayerTableRecord
  2
AR-DEMO
 70
0
 62
1
  6
DASHED
370
-3
390
13
347
21
  0
LAYER
  5
8F
330
1
100
AcDbSymbolTableRecord
100
AcDbLayerTableRecord
  2
FURN
 70
0
 62
8
  6
CONTINUOUS
370
-3
390
13
347
21
  0
LAYER
  5
90
330
1
100
AcDbSymbolTableRecord
100
AcDbLayerTableRecord
  2
EL-LIGHT
 70
0
 62
30
  6
CONTINUOUS
370
-3
390
13
347
21
  0
LAYER
  5
91
330
1
100
AcDbSymbolTableRecord
100
AcDbLayerTableRecord
  2
EL-SOCKET
 70
0
 62
6
  6
CONTINUOUS
370
-3
390
13
347
21
  0
LAYER
  5
92
330
1
100
AcDbSymbolTableRecord
100
AcDbLayerTableRecord
  2
EL-LOW
 70
0
 62
3
  6
CONTINUOUS
370
-3
390
13
347
21
  0
LAYER
  5
93
330
1
100
AcDbSymbolTableRecord
100
AcDbLayerTableRecord
  2
VK
 70
0
 62
4
  6
CONTINUOUS
370
-3
390
13
347
21
  0
LAYER
  5
94
330
1
100
AcDbSymbolTableRecord
100
AcDbLayerTableRecord
  2
OV
 70
0
 62
3
  6
CONTINUOUS
370
-3
390
13
347
21
  0
LAYER
  5
95
330
1
100
AcDbSymbolTableRecord
100
AcDbLayerTableRecord
  2
DIM
 70
0
 62
7
  6
CONTINUOUS
370
-3
390
13
347
21
  0
LAYER
  5
96
330
1
100
AcDbSymbolTableRecord
100
AcDbLayerTableRecord
  2
TEXT
 70
0
 62
7
  6
CONTINUOUS
370
-3
390
13
347
21
  0
LAYER
  5
97
330
1
100
AcDbSymbolTableRecord
100
AcDbLayerTableRecord
  2
AR-FIN
 70
0
 62
9
  6
CONTINUOUS
370
-3
390
13
347
21
  0
LAYER
  5
98
330
1
100
AcDbSymbolTableRecord
100
AcDbLayerTableRecord
  2
BASE
 70
0
 62
9
  6
CONTINUOUS
370
-3
390
13
347
21
  0
ENDTAB
  0
TABLE
  2
STYLE
  5
5
330
0
100
AcDbSymbolTable
 70
27
  0
STYLE
  5
29
330
5
100
AcDbSymbolTableRecord
100
AcDbTextStyleTableRecord
  2
Standard
 70
0
 40
0.0
 41
1.0
 50
0.0
 71
0
 42
2.5
  3
DejaVuSans.ttf
  4

  0
STYLE
  5
41
330
5
100
AcDbSymbolTableRecord
100
AcDbTextStyleTableRecord
  2
OpenSans-Light
 70
0
 40
0.0
 41
1.0
 50
0.0
 71
0
 42
2.5
  3
OpenSans-Light.ttf
  4

  0
STYLE
  5
42
330
5
100
AcDbSymbolTableRecord
100
AcDbTextStyleTableRecord
  2
OpenSans-Light-Italic
 70
0
 40
0.0
 41
1.0
 50
0.0
 71
0
 42
2.5
  3
OpenSans-LightItalic.ttf
  4

  0
STYLE
  5
43
330
5
100
AcDbSymbolTableRecord
100
AcDbTextStyleTableRecord
  2
OpenSans
 70
0
 40
0.0
 41
1.0
 50
0.0
 71
0
 42
2.5
  3
OpenSans-Regular.ttf
  4

  0
STYLE
  5
44
330
5
100
AcDbSymbolTableRecord
100
AcDbTextStyleTableRecord
  2
OpenSans-Italic
 70
0
 40
0.0
 41
1.0
 50
0.0
 71
0
 42
2.5
  3
OpenSans-Italic.ttf
  4

  0
STYLE
  5
45
330
5
100
AcDbSymbolTableRecord
100
AcDbTextStyleTableRecord
  2
OpenSans-SemiBold
 70
0
 40
0.0
 41
1.0
 50
0.0
 71
0
 42
2.5
  3
OpenSans-SemiBold.ttf
  4

  0
STYLE
  5
46
330
5
100
AcDbSymbolTableRecord
100
AcDbTextStyleTableRecord
  2
OpenSans-SemiBoldItalic
 70
0
 40
0.0
 41
1.0
 50
0.0
 71
0
 42
2.5
  3
OpenSans-SemiBoldItalic.ttf
  4

  0
STYLE
  5
47
330
5
100
AcDbSymbolTableRecord
100
AcDbTextStyleTableRecord
  2
OpenSans-Bold
 70
0
 40
0.0
 41
1.0
 50
0.0
 71
0
 42
2.5
  3
OpenSans-Bold.ttf
  4

  0
STYLE
  5
48
330
5
100
AcDbSymbolTableRecord
100
AcDbTextStyleTableRecord
  2
OpenSans-BoldItalic
 70
0
 40
0.0
 41
1.0
 50
0.0
 71
0
 42
2.5
  3
OpenSans-BoldItalic.ttf
  4

  0
STYLE
  5
49
330
5
100
AcDbSymbolTableRecord
100
AcDbTextStyleTableRecord
  2
OpenSans-ExtraBold
 70
0
 40
0.0
 41
1.0
 50
0.0
 71
0
 42
2.5
  3
OpenSans-ExtraBold.ttf
  4

  0
STYLE
  5
4A
330
5
100
AcDbSymbolTableRecord
100
AcDbTextStyleTableRecord
  2
OpenSans-ExtraBoldItalic
 70
0
 40
0.0
 41
1.0
 50
0.0
 71
0
 42
2.5
  3
OpenSans-ExtraBoldItalic.ttf
  4

  0
STYLE
  5
4B
330
5
100
AcDbSymbolTableRecord
100
AcDbTextStyleTableRecord
  2
OpenSansCondensed-Bold
 70
0
 40
0.0
 41
1.0
 50
0.0
 71
0
 42
2.5
  3
OpenSansCondensed-Bold.ttf
  4

  0
STYLE
  5
4C
330
5
100
AcDbSymbolTableRecord
100
AcDbTextStyleTableRecord
  2
OpenSansCondensed-Light
 70
0
 40
0.0
 41
1.0
 50
0.0
 71
0
 42
2.5
  3
OpenSansCondensed-Light.ttf
  4

  0
STYLE
  5
4D
330
5
100
AcDbSymbolTableRecord
100
AcDbTextStyleTableRecord
  2
OpenSansCondensed-Italic
 70
0
 40
0.0
 41
1.0
 50
0.0
 71
0
 42
2.5
  3
OpenSansCondensed-LightItalic.ttf
  4

  0
STYLE
  5
4E
330
5
100
AcDbSymbolTableRecord
100
AcDbTextStyleTableRecord
  2
LiberationSans
 70
0
 40
0.0
 41
1.0
 50
0.0
 71
0
 42
2.5
  3
LiberationSans-Regular.ttf
  4

  0
STYLE
  5
4F
330
5
100
AcDbSymbolTableRecord
100
AcDbTextStyleTableRecord
  2
LiberationSans-Bold
 70
0
 40
0.0
 41
1.0
 50
0.0
 71
0
 42
2.5
  3
LiberationSans-Bold.ttf
  4

  0
STYLE
  5
50
330
5
100
AcDbSymbolTableRecord
100
AcDbTextStyleTableRecord
  2
LiberationSans-BoldItalic
 70
0
 40
0.0
 41
1.0
 50
0.0
 71
0
 42
2.5
  3
LiberationSans-BoldItalic.ttf
  4

  0
STYLE
  5
51
330
5
100
AcDbSymbolTableRecord
100
AcDbTextStyleTableRecord
  2
LiberationSans-Italic
 70
0
 40
0.0
 41
1.0
 50
0.0
 71
0
 42
2.5
  3
LiberationSans-Italic.ttf
  4

  0
STYLE
  5
52
330
5
100
AcDbSymbolTableRecord
100
AcDbTextStyleTableRecord
  2
LiberationSerif
 70
0
 40
0.0
 41
1.0
 50
0.0
 71
0
 42
2.5
  3
LiberationSerif-Regular.ttf
  4

  0
STYLE
  5
53
330
5
100
AcDbSymbolTableRecord
100
AcDbTextStyleTableRecord
  2
LiberationSerif-Bold
 70
0
 40
0.0
 41
1.0
 50
0.0
 71
0
 42
2.5
  3
LiberationSerif-Bold.ttf
  4

  0
STYLE
  5
54
330
5
100
AcDbSymbolTableRecord
100
AcDbTextStyleTableRecord
  2
LiberationSerif-BoldItalic
 70
0
 40
0.0
 41
1.0
 50
0.0
 71
0
 42
2.5
  3
LiberationSerif-BoldItalic.ttf
  4

  0
STYLE
  5
55
330
5
100
AcDbSymbolTableRecord
100
AcDbTextStyleTableRecord
  2
LiberationSerif-Italic
 70
0
 40
0.0
 41
1.0
 50
0.0
 71
0
 42
2.5
  3
LiberationSerif-Italic.ttf
  4

  0
STYLE
  5
56
330
5
100
AcDbSymbolTableRecord
100
AcDbTextStyleTableRecord
  2
LiberationMono
 70
0
 40
0.0
 41
1.0
 50
0.0
 71
0
 42
2.5
  3
LiberationMono-Regular.ttf
  4

  0
STYLE
  5
57
330
5
100
AcDbSymbolTableRecord
100
AcDbTextStyleTableRecord
  2
LiberationMono-Bold
 70
0
 40
0.0
 41
1.0
 50
0.0
 71
0
 42
2.5
  3
LiberationMono-Bold.ttf
  4

  0
STYLE
  5
58
330
5
100
AcDbSymbolTableRecord
100
AcDbTextStyleTableRecord
  2
LiberationMono-BoldItalic
 70
0
 40
0.0
 41
1.0
 50
0.0
 71
0
 42
2.5
  3
LiberationMono-BoldItalic.ttf
  4

  0
STYLE
  5
59
330
5
100
AcDbSymbolTableRecord
100
AcDbTextStyleTableRecord
  2
LiberationMono-Italic
 70
0
 40
0.0
 41
1.0
 50
0.0
 71
0
 42
2.5
  3
LiberationMono-Italic.ttf
  4

  0
STYLE
  5
8A
330
5
100
AcDbSymbolTableRecord
100
AcDbTextStyleTableRecord
  2
GOST
 70
0
 40
0.0
 41
1.0
 50
0.0
 71
0
 42
2.5
  3
DejaVuSans.ttf
  4

  0
ENDTAB
  0
TABLE
  2
VIEW
  5
7
330
0
100
AcDbSymbolTable
 70
0
  0
ENDTAB
  0
TABLE
  2
UCS
  5
6
330
0
100
AcDbSymbolTable
 70
0
  0
ENDTAB
  0
TABLE
  2
APPID
  5
3
330
0
100
AcDbSymbolTable
 70
3
  0
APPID
  5
2A
330
3
100
AcDbSymbolTableRecord
100
AcDbRegAppTableRecord
  2
ACAD
 70
0
  0
APPID
  5
429
330
3
100
AcDbSymbolTableRecord
100
AcDbRegAppTableRecord
  2
HATCHBACKGROUNDCOLOR
 70
0
  0
APPID
  5
42A
330
3
100
AcDbSymbolTableRecord
100
AcDbRegAppTableRecord
  2
EZDXF
 70
0
  0
ENDTAB
  0
TABLE
  2
DIMSTYLE
  5
4
330
0
100
AcDbSymbolTable
 70
12
100
AcDbDimStyleTable
  0
DIMSTYLE
105
2B
330
4
100
AcDbSymbolTableRecord
100
AcDbDimStyleTableRecord
  2
Standard
 70
0
 40
1.0
 41
2.5
 42
0.625
 43
3.75
 44
1.25
 45
0.0
 46
0.0
 47
0.0
 48
0.0
 49
2.5
140
2.5
141
2.5
142
0.0
143
0.03937007874
144
1.0
145
0.0
146
1.0
147
0.625
148
0.0
 69
0
 70
0
 71
0
 72
0
 73
0
 74
0
 75
0
 76
0
 77
1
 78
8
 79
3
170
0
171
3
172
1
173
0
174
0
175
0
176
0
177
0
178
0
179
2
271
2
272
2
273
2
274
3
275
0
276
0
277
2
278
44
279
0
280
0
281
0
282
0
283
0
284
8
285
0
286
0
288
0
289
3
290
0
371
-2
372
-2
  0
DIMSTYLE
105
73
330
4
100
AcDbSymbolTableRecord
100
AcDbDimStyleTableRecord
  2
EZDXF
 70
0
 40
1.0
 41
0.175
 42
0.125
 43
3.75
 44
0.375
 45
0.0
 46
0.0
 47
0.0
 48
0.0
 49
2.5
140
0.25
141
2.5
142
0.0
143
0.03937007874
144
100.0
145
0.0
146
0.5
147
0.1
148
0.0
 69
0
 70
0
 71
0
 72
0
 73
0
 74
0
 75
0
 76
0
 77
1
 78
12
 79
3
170
0
171
3
172
1
173
0
174
0
175
0
176
0
177
0
178
0
179
2
271
2
272
2
273
2
274
3
275
0
276
0
277
2
278
46
279
2
280
0
281
0
282
0
283
0
284
8
285
0
286
0
288
1
289
3
290
0
340
4C
342
74
371
-2
372
-2
  0
DIMSTYLE
105
7C
330
4
100
AcDbSymbolTableRecord
100
AcDbDimStyleTableRecord
  2
EZ_M_100_H25_CM
 70
0
 40
1.0
 41
0.25
 42
0.125
 43
3.75
 44
0.375
 45
0.0
 46
0.0
 47
0.0
 48
0.0
 49
2.5
140
0.25
141
2.5
142
0.125
143
0.03937007874
144
100.0
145
0.0
146
0.5
147
0.1
148
0.0
 69
0
 70
0
 71
0
 72
0
 73
0
 74
0
 75
0
 76
0
 77
1
 78
12
 79
3
170
0
171
3
172
1
173
0
174
0
175
0
176
0
177
0
178
0
179
2
271
2
272
2
273
2
274
3
275
0
276
0
277
2
278
46
279
2
280
0
281
0
282
0
283
0
284
8
285
0
286
0
288
1
289
3
290
0
340
4C
371
-2
372
-2
  0
DIMSTYLE
105
7D
330
4
100
AcDbSymbolTableRecord
100
AcDbDimStyleTableRecord
  2
EZ_M_50_H25_CM
 70
0
 40
1.0
 41
0.125
 42
0.0625
 43
3.75
 44
0.1875
 45
0.0
 46
0.0
 47
0.0
 48
0.0
 49
2.5
140
0.125
141
2.5
142
0.0625
143
0.03937007874
144
100.0
145
0.0
146
0.5
147
0.05
148
0.0
 69
0
 70
0
 71
0
 72
0
 73
0
 74
0
 75
0
 76
0
 77
1
 78
12
 79
3
170
0
171
3
172
1
173
0
174
0
175
0
176
0
177
0
178
0
179
2
271
2
272
2
273
2
274
3
275
0
276
0
277
2
278
46
279
2
280
0
281
0
282
0
283
0
284
8
285
0
286
0
288
1
289
3
290
0
340
4C
371
-2
372
-2
  0
DIMSTYLE
105
7E
330
4
100
AcDbSymbolTableRecord
100
AcDbDimStyleTableRecord
  2
EZ_M_25_H25_CM
 70
0
 40
1.0
 41
0.0625
 42
0.03125
 43
3.75
 44
0.09375
 45
0.0
 46
0.0
 47
0.0
 48
0.0
 49
2.5
140
0.0625
141
2.5
142
0.03125
143
0.03937007874
144
100.0
145
0.0
146
0.5
147
0.025
148
0.0
 69
0
 70
0
 71
0
 72
0
 73
0
 74
0
 75
0
 76
0
 77
1
 78
12
 79
3
170
0
171
3
172
1
173
0
174
0
175
0
176
0
177
0
178
0
179
2
271
2
272
2
273
2
274
3
275
0
276
0
277
2
278
46
279
2
280
0
281
0
282
0
283
0
284
8
285
0
286
0
288
1
289
3
290
0
340
4C
371
-2
372
-2
  0
DIMSTYLE
105
7F
330
4
100
AcDbSymbolTableRecord
100
AcDbDimStyleTableRecord
  2
EZ_M_20_H25_CM
 70
0
 40
1.0
 41
0.05
 42
0.025
 43
3.75
 44
0.07500000000000001
 45
0.0
 46
0.0
 47
0.0
 48
0.0
 49
2.5
140
0.05
141
2.5
142
0.025
143
0.03937007874
144
100.0
145
0.0
146
0.5
147
0.020000000000000004
148
0.0
 69
0
 70
0
 71
0
 72
0
 73
0
 74
0
 75
0
 76
0
 77
1
 78
12
 79
3
170
0
171
3
172
1
173
0
174
0
175
0
176
0
177
0
178
0
179
2
271
2
272
2
273
2
274
3
275
0
276
0
277
2
278
46
279
2
280
0
281
0
282
0
283
0
284
8
285
0
286
0
288
1
289
3
290
0
340
4C
371
-2
372
-2
  0
DIMSTYLE
105
80
330
4
100
AcDbSymbolTableRecord
100
AcDbDimStyleTableRecord
  2
EZ_M_10_H25_CM
 70
0
 40
1.0
 41
0.025
 42
0.0125
 43
3.75
 44
0.037500000000000006
 45
0.0
 46
0.0
 47
0.0
 48
0.0
 49
2.5
140
0.025
141
2.5
142
0.0125
143
0.03937007874
144
100.0
145
0.0
146
0.5
147
0.010000000000000002
148
0.0
 69
0
 70
0
 71
0
 72
0
 73
0
 74
0
 75
0
 76
0
 77
1
 78
12
 79
3
170
0
171
3
172
1
173
0
174
0
175
0
176
0
177
0
178
0
179
2
271
2
272
2
273
2
274
3
275
0
276
0
277
2
278
46
279
2
280
0
281
0
282
0
283
0
284
8
285
0
286
0
288
1
289
3
290
0
340
4C
371
-2
372
-2
  0
DIMSTYLE
105
81
330
4
100
AcDbSymbolTableRecord
100
AcDbDimStyleTableRecord
  2
EZ_M_5_H25_CM
 70
0
 40
1.0
 41
0.0125
 42
0.00625
 43
3.75
 44
0.018750000000000003
 45
0.0
 46
0.0
 47
0.0
 48
0.0
 49
2.5
140
0.0125
141
2.5
142
0.00625
143
0.03937007874
144
100.0
145
0.0
146
0.5
147
0.005000000000000001
148
0.0
 69
0
 70
0
 71
0
 72
0
 73
0
 74
0
 75
0
 76
0
 77
1
 78
12
 79
3
170
0
171
3
172
1
173
0
174
0
175
0
176
0
177
0
178
0
179
2
271
2
272
2
273
2
274
3
275
0
276
0
277
2
278
46
279
2
280
0
281
0
282
0
283
0
284
8
285
0
286
0
288
1
289
3
290
0
340
4C
371
-2
372
-2
  0
DIMSTYLE
105
82
330
4
100
AcDbSymbolTableRecord
100
AcDbDimStyleTableRecord
  2
EZ_M_1_H25_CM
 70
0
 40
1.0
 41
0.0025
 42
0.00125
 43
3.75
 44
0.00375
 45
0.0
 46
0.0
 47
0.0
 48
0.0
 49
2.5
140
0.0025
141
2.5
142
0.00125
143
0.03937007874
144
100.0
145
0.0
146
0.5
147
0.001
148
0.0
 69
0
 70
0
 71
0
 72
0
 73
0
 74
0
 75
0
 76
0
 77
1
 78
12
 79
3
170
0
171
3
172
1
173
0
174
0
175
0
176
0
177
0
178
0
179
2
271
2
272
2
273
2
274
3
275
0
276
0
277
2
278
46
279
2
280
0
281
0
282
0
283
0
284
8
285
0
286
0
288
1
289
3
290
0
340
4C
371
-2
372
-2
  0
DIMSTYLE
105
83
330
4
100
AcDbSymbolTableRecord
100
AcDbDimStyleTableRecord
  2
EZ_RADIUS
 70
0
 40
1.0
 41
0.25
 42
0.125
 43
3.75
 44
0.375
 45
0.0
 46
0.0
 47
0.0
 48
0.0
 49
2.5
140
0.25
141
0.0
142
0.0
143
0.03937007874
144
100.0
145
0.0
146
0.5
147
0.1
148
0.0
 69
0
 70
0
 71
0
 72
0
 73
0
 74
0
 75
0
 76
0
 77
1
 78
12
 79
3
170
0
171
3
172
0
173
0
174
0
175
0
176
0
177
0
178
0
179
2
271
2
272
2
273
2
274
3
275
0
276
0
277
2
278
46
279
1
280
0
281
0
282
0
283
0
284
8
285
0
286
0
288
1
289
3
290
0
340
4C
342
84
371
-2
372
-2
  0
DIMSTYLE
105
88
330
4
100
AcDbSymbolTableRecord
100
AcDbDimStyleTableRecord
  2
EZ_RADIUS_INSIDE
 70
0
 40
1.0
 41
0.25
 42
0.125
 43
3.75
 44
0.375
 45
0.0
 46
0.0
 47
0.0
 48
0.0
 49
2.5
140
0.25
141
0.0
142
0.0
143
0.03937007874
144
100.0
145
0.0
146
0.5
147
0.1
148
0.0
 69
0
 70
0
 71
0
 72
0
 73
0
 74
0
 75
0
 76
0
 77
0
 78
12
 79
3
170
0
171
3
172
0
173
0
174
1
175
0
176
0
177
0
178
0
179
2
271
2
272
2
273
2
274
3
275
0
276
0
277
2
278
46
279
0
280
0
281
0
282
0
283
0
284
8
285
0
286
0
288
1
289
0
290
0
340
4C
342
84
371
-2
372
-2
  0
DIMSTYLE
105
89
330
4
100
AcDbSymbolTableRecord
100
AcDbDimStyleTableRecord
  2
EZ_CURVED
 70
0
 40
1.0
 41
0.25
 42
0.125
 43
3.75
 44
0.375
 45
0.0
 46
0.0
 47
0.0
 48
0.0
 49
2.5
140
0.25
141
2.5
142
0.0
143
0.03937007874
144
100.0
145
0.0
146
0.5
147
0.1
148
0.0
 69
0
 70
0
 71
0
 72
0
 73
0
 74
0
 75
0
 76
0
 77
1
 78
12
 79
2
 90
2
170
0
171
3
172
1
173
0
174
0
175
0
176
0
177
0
178
0
179
2
271
2
272
2
273
2
274
3
275
0
276
0
277
2
278
46
279
2
280
0
281
0
282
0
283
0
284
8
285
0
286
0
288
1
289
3
290
0
340
4C
371
-2
372
-2
  0
ENDTAB
  0
TABLE
  2
BLOCK_RECORD
  5
9
330
0
100
AcDbSymbolTable
 70
5
  0
BLOCK_RECORD
  5
17
330
9
100
AcDbSymbolTableRecord
100
AcDbBlockTableRecord
  2
*Model_Space
340
1A
 70
0
280
1
281
0
  0
BLOCK_RECORD
  5
1B
330
9
100
AcDbSymbolTableRecord
100
AcDbBlockTableRecord
  2
*Paper_Space
340
1E
 70
0
280
1
281
0
  0
BLOCK_RECORD
  5
74
330
9
100
AcDbSymbolTableRecord
100
AcDbBlockTableRecord
  2
_ARCHTICK
340
0
 70
0
280
1
281
0
  0
BLOCK_RECORD
  5
78
330
9
100
AcDbSymbolTableRecord
100
AcDbBlockTableRecord
  2
_CLOSEDFILLED
340
0
 70
0
280
1
281
0
  0
BLOCK_RECORD
  5
84
330
9
100
AcDbSymbolTableRecord
100
AcDbBlockTableRecord
  2
_CLOSEDBLANK
340
0
 70
0
280
1
281
0
  0
ENDTAB
  0
ENDSEC
  0
SECTION
  2
BLOCKS
  0
BLOCK
  5
18
330
17
100
AcDbEntity
  8
0
100
AcDbBlockBegin
  2
*Model_Space
 70
0
 10
0.0
 20
0.0
 30
0.0
  3
*Model_Space
  1

  0
ENDBLK
  5
19
330
17
100
AcDbEntity
  8
0
100
AcDbBlockEnd
  0
BLOCK
  5
1C
330
1B
100
AcDbEntity
  8
0
100
AcDbBlockBegin
  2
*Paper_Space
 70
0
 10
0.0
 20
0.0
 30
0.0
  3
*Paper_Space
  1

  0
ENDBLK
  5
1D
330
1B
100
AcDbEntity
  8
0
100
AcDbBlockEnd
  0
BLOCK
  5
75
330
74
100
AcDbEntity
  8
0
100
AcDbBlockBegin
  2
_ARCHTICK
 70
0
 10
0.0
 20
0.0
 30
0.0
  3
_ARCHTICK
  1

  0
LWPOLYLINE
  5
77
330
74
100
AcDbEntity
  8
0
  6
BYBLOCK
 62
0
100
AcDbPolyline
 90
2
 70
0
 43
0.15
 10
-0.5
 20
-0.5
 10
0.5
 20
0.5
  0
ENDBLK
  5
76
330
74
100
AcDbEntity
  8
0
100
AcDbBlockEnd
  0
BLOCK
  5
79
330
78
100
AcDbEntity
  8
0
100
AcDbBlockBegin
  2
_CLOSEDFILLED
 70
0
 10
0.0
 20
0.0
 30
0.0
  3
_CLOSEDFILLED
  1

  0
SOLID
  5
7B
330
78
100
AcDbEntity
  8
0
  6
BYBLOCK
 62
0
100
AcDbTrace
 10
-1.0
 20
0.16439898372402537
 30
0.0
 11
0.0
 21
0.0
 31
0.0
 12
-1.0
 22
-0.16439898372402537
 32
0.0
 13
-1.0
 23
-0.16439898372402537
 33
0.0
  0
ENDBLK
  5
7A
330
78
100
AcDbEntity
  8
0
100
AcDbBlockEnd
  0
BLOCK
  5
85
330
84
100
AcDbEntity
  8
0
100
AcDbBlockBegin
  2
_CLOSEDBLANK
 70
0
 10
0.0
 20
0.0
 30
0.0
  3
_CLOSEDBLANK
  1

  0
LWPOLYLINE
  5
87
330
84
100
AcDbEntity
  8
0
  6
BYBLOCK
 62
0
100
AcDbPolyline
 90
3
 70
1
 10
-1.0
 20
0.16439898372402537
 10
0.0
 20
0.0
 10
-1.0
 20
-0.16439898372402537
  0
ENDBLK
  5
86
330
84
100
AcDbEntity
  8
0
100
AcDbBlockEnd
  0
ENDSEC
  0
SECTION
  2
ENTITIES
  0
TEXT
  5
99
330
17
100
AcDbEntity
  8
TEXT
 62
7
100
AcDbText
 10
26.0
 20
406.0
 30
0.0
 40
2.5
  1
Щит U15: ЩРН-48 (4 ряда × 12 модулей) накладной/полувстраиваемый, IP31, ≈ 310×620×110; W14 — перегородка 80 + зазор 50 до W6: встраиваемый (глубина ≥ 95) не помещается
  7
GOST
 11
26.0
 21
406.0
 31
0.0
100
AcDbText
  0
TEXT
  5
9A
330
17
100
AcDbEntity
  8
TEXT
 62
7
100
AcDbText
 10
26.0
 20
401.0
 30
0.0
 40
1.8
  1
Место: прихожая, стена W14 (x 7541), y 2245..2555, низ +1450, верх ≈ +2070
  7
GOST
 11
26.0
 21
401.0
 31
0.0
100
AcDbText
  0
TEXT
  5
9B
330
17
100
AcDbEntity
  8
TEXT
 62
7
100
AcDbText
 10
26.0
 20
397.0
 30
0.0
 40
1.8
  1
Ввод: ВВГнг(А)-LS 3×16 от этажного щита (выполняет застройщик/УК, сечение — по ТУ); 10–15 кВт, 1 фаза 230 В [ДОПУЩЕНИЕ, вопрос 53]; щит рассчитан на 15 кВт; счётчик — в этажном щите [ДОПУЩЕНИЕ]
  7
GOST
 11
26.0
 21
397.0
 31
0.0
100
AcDbText
  0
LWPOLYLINE
  5
9C
330
17
100
AcDbEntity
  8
TEXT
 62
7
370
50
100
AcDbPolyline
 90
2
 70
0
 10
30.0
 20
390.0
 10
30.0
 20
350.0
  0
HATCH
  5
9D
330
17
100
AcDbEntity
  8
TEXT
 62
7
420
16777215
100
AcDbHatch
 10
0.0
 20
0.0
 30
0.0
210
0.0
220
0.0
230
1.0
  2
SOLID
 70
1
 71
0
 91
1
 92
3
 72
0
 73
1
 93
4
 10
27.5
 20
384.0
 10
32.5
 20
384.0
 10
32.5
 20
389.0
 10
27.5
 20
389.0
 97
0
 75
1
 76
1
 98
0
  0
LWPOLYLINE
  5
9E
330
17
100
AcDbEntity
  8
TEXT
 62
7
370
35
100
AcDbPolyline
 90
4
 70
1
 10
27.5
 20
384.0
 10
32.5
 20
384.0
 10
32.5
 20
389.0
 10
27.5
 20
389.0
  0
TEXT
  5
9F
330
17
100
AcDbEntity
  8
TEXT
 62
7
100
AcDbText
 10
34.0
 20
385.5
 30
0.0
 40
1.6
  1
QS0/QF0 — вводной автомат 2P C63, 6 кА (при выделенной 10–11 кВт — C50, при 15 кВт — C63)
  7
GOST
 11
34.0
 21
385.5
 31
0.0
100
AcDbText
  0
HATCH
  5
A0
330
17
100
AcDbEntity
  8
TEXT
 62
7
420
16777215
100
AcDbHatch
 10
0.0
 20
0.0
 30
0.0
210
0.0
220
0.0
230
1.0
  2
SOLID
 70
1
 71
0
 91
1
 92
3
 72
0
 73
1
 93
4
 10
27.5
 20
377.0
 10
32.5
 20
377.0
 10
32.5
 20
382.0
 10
27.5
 20
382.0
 97
0
 75
1
 76
1
 98
0
  0
LWPOLYLINE
  5
A1
330
17
100
AcDbEntity
  8
TEXT
 62
7
370
35
100
AcDbPolyline
 90
4
 70
1
 10
27.5
 20
377.0
 10
32.5
 20
377.0
 10
32.5
 20
382.0
 10
27.5
 20
382.0
  0
TEXT
  5
A2
330
17
100
AcDbEntity
  8
TEXT
 62
7
100
AcDbText
 10
34.0
 20
378.5
 30
0.0
 40
1.6
  1
FV1 — УЗИП тип 2 (1P+N) 20 кА + автомат/вставка по паспорту
  7
GOST
 11
34.0
 21
378.5
 31
0.0
100
AcDbText
  0
HATCH
  5
A3
330
17
100
AcDbEntity
  8
TEXT
 62
7
420
16777215
100
AcDbHatch
 10
0.0
 20
0.0
 30
0.0
210
0.0
220
0.0
230
1.0
  2
SOLID
 70
1
 71
0
 91
1
 92
3
 72
0
 73
1
 93
4
 10
27.5
 20
370.0
 10
32.5
 20
370.0
 10
32.5
 20
375.0
 10
27.5
 20
375.0
 97
0
 75
1
 76
1
 98
0
  0
LWPOLYLINE
  5
A4
330
17
100
AcDbEntity
  8
TEXT
 62
7
370
35
100
AcDbPolyline
 90
4
 70
1
 10
27.5
 20
370.0
 10
32.5
 20
370.0
 10
32.5
 20
375.0
 10
27.5
 20
375.0
  0
TEXT
  5
A5
330
17
100
AcDbEntity
  8
TEXT
 62
7
100
AcDbText
 10
34.0
 20
371.5
 30
0.0
 40
1.6
  1
KV1 — реле контроля напряжения 63 А (УЗМ-51М/RBUZ D63t), 170–260 В, задержка 10 с
  7
GOST
 11
34.0
 21
371.5
 31
0.0
100
AcDbText
  0
HATCH
  5
A6
330
17
100
AcDbEntity
  8
TEXT
 62
7
420
16777215
100
AcDbHatch
 10
0.0
 20
0.0
 30
0.0
210
0.0
220
0.0
230
1.0
  2
SOLID
 70
1
 71
0
 91
1
 92
3
 72
0
 73
1
 93
4
 10
27.5
 20
363.0
 10
32.5
 20
363.0
 10
32.5
 20
368.0
 10
27.5
 20
368.0
 97
0
 75
1
 76
1
 98
0
  0
LWPOLYLINE
  5
A7
330
17
100
AcDbEntity
  8
TEXT
 62
7
370
35
100
AcDbPolyline
 90
4
 70
1
 10
27.5
 20
363.0
 10
32.5
 20
363.0
 10
32.5
 20
368.0
 10
27.5
 20
368.0
  0
TEXT
  5
A8
330
17
100
AcDbEntity
  8
TEXT
 62
7
100
AcDbText
 10
34.0
 20
364.5
 30
0.0
 40
1.6
  1
QD0 — УЗО 2P 80 А 100 мА тип S (противопожарное, селективное к групповым 30/10 мА)
  7
GOST
 11
34.0
 21
364.5
 31
0.0
100
AcDbText
  0
HATCH
  5
A9
330
17
100
AcDbEntity
  8
TEXT
 62
7
420
16777215
100
AcDbHatch
 10
0.0
 20
0.0
 30
0.0
210
0.0
220
0.0
230
1.0
  2
SOLID
 70
1
 71
0
 91
1
 92
3
 72
0
 73
1
 93
4
 10
27.5
 20
356.0
 10
32.5
 20
356.0
 10
32.5
 20
361.0
 10
27.5
 20
361.0
 97
0
 75
1
 76
1
 98
0
  0
LWPOLYLINE
  5
AA
330
17
100
AcDbEntity
  8
TEXT
 62
7
370
35
100
AcDbPolyline
 90
4
 70
1
 10
27.5
 20
356.0
 10
32.5
 20
356.0
 10
32.5
 20
361.0
 10
27.5
 20
361.0
  0
TEXT
  5
AB
330
17
100
AcDbEntity
  8
TEXT
 62
7
100
AcDbText
 10
34.0
 20
357.5
 30
0.0
 40
1.6
  1
HL — индикатор наличия напряжения
  7
GOST
 11
34.0
 21
357.5
 31
0.0
100
AcDbText
  0
LWPOLYLINE
  5
AC
330
17
100
AcDbEntity
  8
TEXT
 62
7
370
90
100
AcDbPolyline
 90
2
 70
0
 10
30.0
 20
350.0
 10
574.0
 20
350.0
  0
TEXT
  5
AD
330
17
100
AcDbEntity
  8
TEXT
 62
7
100
AcDbText
 10
33.0
 20
351.2
 30
0.0
 40
1.6
  1
Шины L / N / PE (раздельные N и PE, TN-C-S (разделение PEN во ВРУ дома) [ДОПУЩЕНИЕ]; шины N и PE раздельные)
  7
GOST
 11
33.0
 21
351.2
 31
0.0
100
AcDbText
  0
LWPOLYLINE
  5
AE
330
17
100
AcDbEntity
  8
TEXT
 62
7
370
35
100
AcDbPolyline
 90
2
 70
0
 10
61.391304347826086
 20
350.0
 10
61.391304347826086
 20
316.0
  0
LWPOLYLINE
  5
AF
330
17
100
AcDbEntity
  8
TEXT
 62
7
370
35
100
AcDbPolyline
 90
2
 70
0
 10
59.99130434782609
 20
340.0
 10
62.791304347826085
 20
342.8
  0
LWPOLYLINE
  5
B0
330
17
100
AcDbEntity
  8
TEXT
 62
7
370
35
100
AcDbPolyline
 90
2
 70
0
 10
59.99130434782609
 20
342.8
 10
62.791304347826085
 20
340.0
  0
TEXT
  5
B1
330
17
100
AcDbEntity
  8
TEXT
 62
7
100
AcDbText
 10
61.391304347826086
 20
345.0
 30
0.0
 40
1.3
  1
1P C10
  7
GOST
 72
1
 11
61.391304347826086
 21
345.0
 31
0.0
100
AcDbText
  0
HATCH
  5
B2
330
17
100
AcDbEntity
  8
TEXT
 62
7
100
AcDbHatch
 10
0.0
 20
0.0
 30
0.0
210
0.0
220
0.0
230
1.0
  2
SOLID
 70
1
 71
0
 91
1
 92
1
 93
1
 72
2
 10
61.391304347826086
 20
316.0
 40
0.6
 50
0
 51
360
 73
1
 97
0
 75
1
 76
1
 98
0
  0
CIRCLE
  5
B3
330
17
100
AcDbEntity
  8
TEXT
 62
7
370
25
100
AcDbCircle
 10
61.391304347826086
 20
316.0
 30
0.0
 40
0.6
  0
TEXT
  5
B4
330
17
100
AcDbEntity
  8
TEXT
 62
7
100
AcDbText
 10
61.391304347826086
 20
311.0
 30
0.0
 40
2.0
  1
C1
  7
GOST
 72
1
 11
61.391304347826086
 21
311.0
 31
0.0
100
AcDbText
  0
TEXT
  5
B5
330
17
100
AcDbEntity
  8
TEXT
 62
7
100
AcDbText
 10
59.49130434782608
 20
309.0
 30
0.0
 40
1.4
  1
ВВГнг(А)-LS 3×1,5, 84.0 м, 0.2 кВт
 50
-90.0
  7
GOST
 11
59.49130434782608
 21
309.0
 31
0.0
100
AcDbText
  0
TEXT
  5
B6
330
17
100
AcDbEntity
  8
TEXT
 62
7
100
AcDbText
 10
62.09130434782608
 20
309.0
 30
0.0
 40
1.4
  1
Освещение: кухня-столовая, балкон (L1–L7)
 50
-90.0
  7
GOST
 11
62.09130434782608
 21
309.0
 31
0.0
100
AcDbText
  0
LWPOLYLINE
  5
B7
330
17
100
AcDbEntity
  8
TEXT
 62
7
370
35
100
AcDbPolyline
 90
2
 70
0
 10
84.17391304347827
 20
350.0
 10
84.17391304347827
 20
316.0
  0
LWPOLYLINE
  5
B8
330
17
100
AcDbEntity
  8
TEXT
 62
7
370
35
100
AcDbPolyline
 90
2
 70
0
 10
82.77391304347826
 20
340.0
 10
85.57391304347827
 20
342.8
  0
LWPOLYLINE
  5
B9
330
17
100
AcDbEntity
  8
TEXT
 62
7
370
35
100
AcDbPolyline
 90
2
 70
0
 10
82.77391304347826
 20
342.8
 10
85.57391304347827
 20
340.0
  0
TEXT
  5
BA
330
17
100
AcDbEntity
  8
TEXT
 62
7
100
AcDbText
 10
84.17391304347827
 20
345.0
 30
0.0
 40
1.3
  1
1P C10
  7
GOST
 72
1
 11
84.17391304347827
 21
345.0
 31
0.0
100
AcDbText
  0
HATCH
  5
BB
330
17
100
AcDbEntity
  8
TEXT
 62
7
100
AcDbHatch
 10
0.0
 20
0.0
 30
0.0
210
0.0
220
0.0
230
1.0
  2
SOLID
 70
1
 71
0
 91
1
 92
1
 93
1
 72
2
 10
84.17391304347827
 20
316.0
 40
0.6
 50
0
 51
360
 73
1
 97
0
 75
1
 76
1
 98
0
  0
CIRCLE
  5
BC
330
17
100
AcDbEntity
  8
TEXT
 62
7
370
25
100
AcDbCircle
 10
84.17391304347827
 20
316.0
 30
0.0
 40
0.6
  0
TEXT
  5
BD
330
17
100
AcDbEntity
  8
TEXT
 62
7
100
AcDbText
 10
84.17391304347827
 20
311.0
 30
0.0
 40
2.0
  1
C2
  7
GOST
 72
1
 11
84.17391304347827
 21
311.0
 31
0.0
100
AcDbText
  0
TEXT
  5
BE
330
17
100
AcDbEntity
  8
TEXT
 62
7
100
AcDbText
 10
82.27391304347826
 20
309.0
 30
0.0
 40
1.4
  1
ВВГнг(А)-LS 3×1,5, 91.5 м, 0.2 кВт
 50
-90.0
  7
GOST
 11
82.27391304347826
 21
309.0
 31
0.0
100
AcDbText
  0
TEXT
  5
BF
330
17
100
AcDbEntity
  8
TEXT
 62
7
100
AcDbText
 10
84.87391304347825
 20
309.0
 30
0.0
 40
1.4
  1
Освещение: спальня, детская (L8–L14)
 50
-90.0
  7
GOST
 11
84.87391304347825
 21
309.0
 31
0.0
100
AcDbText
  0
LWPOLYLINE
  5
C0
330
17
100
AcDbEntity
  8
TEXT
 62
7
370
35
100
AcDbPolyline
 90
2
 70
0
 10
106.95652173913044
 20
350.0
 10
106.95652173913044
 20
316.0
  0
HATCH
  5
C1
330
17
100
AcDbEntity
  8
TEXT
 62
7
420
16777215
100
AcDbHatch
 10
0.0
 20
0.0
 30
0.0
210
0.0
220
0.0
230
1.0
  2
SOLID
 70
1
 71
0
 91
1
 92
3
 72
0
 73
1
 93
4
 10
104.35652173913044
 20
334.0
 10
109.55652173913043
 20
334.0
 10
109.55652173913043
 20
344.0
 10
104.35652173913044
 20
344.0
 97
0
 75
1
 76
1
 98
0
  0
LWPOLYLINE
  5
C2
330
17
100
AcDbEntity
  8
TEXT
 62
7
370
35
100
AcDbPolyline
 90
4
 70
1
 10
104.35652173913044
 20
334.0
 10
109.55652173913043
 20
334.0
 10
109.55652173913043
 20
344.0
 10
104.35652173913044
 20
344.0
  0
TEXT
  5
C3
330
17
100
AcDbEntity
  8
TEXT
 62
7
100
AcDbText
 10
106.95652173913044
 20
338.0
 30
0.0
 40
1.2
  1
АВДТ
  7
GOST
 72
1
 11
106.95652173913044
 21
338.0
 31
0.0
100
AcDbText
  0
TEXT
  5
C4
330
17
100
AcDbEntity
  8
TEXT
 62
7
100
AcDbText
 10
106.95652173913044
 20
335.4
 30
0.0
 40
1.1
  1
30 мА
  7
GOST
 72
1
 11
106.95652173913044
 21
335.4
 31
0.0
100
AcDbText
  0
TEXT
  5
C5
330
17
100
AcDbEntity
  8
TEXT
 62
7
100
AcDbText
 10
106.95652173913044
 20
345.0
 30
0.0
 40
1.3
  1
1P+N C10
  7
GOST
 72
1
 11
106.95652173913044
 21
345.0
 31
0.0
100
AcDbText
  0
HATCH
  5
C6
330
17
100
AcDbEntity
  8
TEXT
 62
7
100
AcDbHatch
 10
0.0
 20
0.0
 30
0.0
210
0.0
220
0.0
230
1.0
  2
SOLID
 70
1
 71
0
 91
1
 92
1
 93
1
 72
2
 10
106.95652173913044
 20
316.0
 40
0.6
 50
0
 51
360
 73
1
 97
0
 75
1
 76
1
 98
0
  0
CIRCLE
  5
C7
330
17
100
AcDbEntity
  8
TEXT
 62
7
370
25
100
AcDbCircle
 10
106.95652173913044
 20
316.0
 30
0.0
 40
0.6
  0
TEXT
  5
C8
330
17
100
AcDbEntity
  8
TEXT
 62
7
100
AcDbText
 10
106.95652173913044
 20
311.0
 30
0.0
 40
2.0
  1
C3
  7
GOST
 72
1
 11
106.95652173913044
 21
311.0
 31
0.0
100
AcDbText
  0
TEXT
  5
C9
330
17
100
AcDbEntity
  8
TEXT
 62
7
100
AcDbText
 10
105.05652173913043
 20
309.0
 30
0.0
 40
1.4
  1
ВВГнг(А)-LS 3×1,5, 65.1 м, 0.14 кВт
 50
-90.0
  7
GOST
 11
105.05652173913043
 21
309.0
 31
0.0
100
AcDbText
  0
TEXT
  5
CA
330
17
100
AcDbEntity
  8
TEXT
 62
7
100
AcDbText
 10
107.65652173913043
 20
309.0
 30
0.0
 40
1.4
  1
Освещение: прихожая, коридор, ванная, постирочн…
 50
-90.0
  7
GOST
 11
107.65652173913043
 21
309.0
 31
0.0
100
AcDbText
  0
LWPOLYLINE
  5
CB
330
17
100
AcDbEntity
  8
TEXT
 62
7
370
35
100
AcDbPolyline
 90
2
 70
0
 10
129.73913043478262
 20
350.0
 10
129.73913043478262
 20
316.0
  0
HATCH
  5
CC
330
17
100
AcDbEntity
  8
TEXT
 62
7
420
16777215
100
AcDbHatch
 10
0.0
 20
0.0
 30
0.0
210
0.0
220
0.0
230
1.0
  2
SOLID
 70
1
 71
0
 91
1
 92
3
 72
0
 73
1
 93
4
 10
127.13913043478263
 20
334.0
 10
132.33913043478262
 20
334.0
 10
132.33913043478262
 20
344.0
 10
127.13913043478263
 20
344.0
 97
0
 75
1
 76
1
 98
0
  0
LWPOLYLINE
  5
CD
330
17
100
AcDbEntity
  8
TEXT
 62
7
370
35
100
AcDbPolyline
 90
4
 70
1
 10
127.13913043478263
 20
334.0
 10
132.33913043478262
 20
334.0
 10
132.33913043478262
 20
344.0
 10
127.13913043478263
 20
344.0
  0
TEXT
  5
CE
330
17
100
AcDbEntity
  8
TEXT
 62
7
100
AcDbText
 10
129.73913043478262
 20
338.0
 30
0.0
 40
1.2
  1
АВДТ
  7
GOST
 72
1
 11
129.73913043478262
 21
338.0
 31
0.0
100
AcDbText
  0
TEXT
  5
CF
330
17
100
AcDbEntity
  8
TEXT
 62
7
100
AcDbText
 10
129.73913043478262
 20
335.4
 30
0.0
 40
1.1
  1
30 мА
  7
GOST
 72
1
 11
129.73913043478262
 21
335.4
 31
0.0
100
AcDbText
  0
TEXT
  5
D0
330
17
100
AcDbEntity
  8
TEXT
 62
7
100
AcDbText
 10
129.73913043478262
 20
345.0
 30
0.0
 40
1.3
  1
1P+N C16
  7
GOST
 72
1
 11
129.73913043478262
 21
345.0
 31
0.0
100
AcDbText
  0
HATCH
  5
D1
330
17
100
AcDbEntity
  8
TEXT
 62
7
100
AcDbHatch
 10
0.0
 20
0.0
 30
0.0
210
0.0
220
0.0
230
1.0
  2
SOLID
 70
1
 71
0
 91
1
 92
1
 93
1
 72
2
 10
129.73913043478262
 20
316.0
 40
0.6
 50
0
 51
360
 73
1
 97
0
 75
1
 76
1
 98
0
  0
CIRCLE
  5
D2
330
17
100
AcDbEntity
  8
TEXT
 62
7
370
25
100
AcDbCircle
 10
129.73913043478262
 20
316.0
 30
0.0
 40
0.6
  0
TEXT
  5
D3
330
17
100
AcDbEntity
  8
TEXT
 62
7
100
AcDbText
 10
129.73913043478262
 20
311.0
 30
0.0
 40
2.0
  1
C4
  7
GOST
 72
1
 11
129.73913043478262
 21
311.0
 31
0.0
100
AcDbText
  0
TEXT
  5
D4
330
17
100
AcDbEntity
  8
TEXT
 62
7
100
AcDbText
 10
127.83913043478263
 20
309.0
 30
0.0
 40
1.4
  1
ВВГнг(А)-LS 3×2,5, 24.6 м, 3.5 кВт
 50
-90.0
  7
GOST
 11
127.83913043478263
 21
309.0
 31
0.0
100
AcDbText
  0
TEXT
  5
D5
330
17
100
AcDbEntity
  8
TEXT
 62
7
100
AcDbText
 10
130.43913043478264
 20
309.0
 30
0.0
 40
1.4
  1
Розетки кухни — фартук (4 двойные)
 50
-90.0
  7
GOST
 11
130.43913043478264
 21
309.0
 31
0.0
100
AcDbText
  0
LWPOLYLINE
  5
D6
330
17
100
AcDbEntity
  8
TEXT
 62
7
370
35
100
AcDbPolyline
 90
2
 70
0
 10
152.52173913043478
 20
350.0
 10
152.52173913043478
 20
316.0
  0
HATCH
  5
D7
330
17
100
AcDbEntity
  8
TEXT
 62
7
420
16777215
100
AcDbHatch
 10
0.0
 20
0.0
 30
0.0
210
0.0
220
0.0
230
1.0
  2
SOLID
 70
1
 71
0
 91
1
 92
3
 72
0
 73
1
 93
4
 10
149.9217391304348
 20
334.0
 10
155.12173913043478
 20
334.0
 10
155.12173913043478
 20
344.0
 10
149.9217391304348
 20
344.0
 97
0
 75
1
 76
1
 98
0
  0
LWPOLYLINE
  5
D8
330
17
100
AcDbEntity
  8
TEXT
 62
7
370
35
100
AcDbPolyline
 90
4
 70
1
 10
149.9217391304348
 20
334.0
 10
155.12173913043478
 20
334.0
 10
155.12173913043478
 20
344.0
 10
149.9217391304348
 20
344.0
  0
TEXT
  5
D9
330
17
100
AcDbEntity
  8
TEXT
 62
7
100
AcDbText
 10
152.52173913043478
 20
338.0
 30
0.0
 40
1.2
  1
АВДТ
  7
GOST
 72
1
 11
152.52173913043478
 21
338.0
 31
0.0
100
AcDbText
  0
TEXT
  5
DA
330
17
100
AcDbEntity
  8
TEXT
 62
7
100
AcDbText
 10
152.52173913043478
 20
335.4
 30
0.0
 40
1.1
  1
30 мА
  7
GOST
 72
1
 11
152.52173913043478
 21
335.4
 31
0.0
100
AcDbText
  0
TEXT
  5
DB
330
17
100
AcDbEntity
  8
TEXT
 62
7
100
AcDbText
 10
152.52173913043478
 20
345.0
 30
0.0
 40
1.3
  1
1P+N C16
  7
GOST
 72
1
 11
152.52173913043478
 21
345.0
 31
0.0
100
AcDbText
  0
HATCH
  5
DC
330
17
100
AcDbEntity
  8
TEXT
 62
7
100
AcDbHatch
 10
0.0
 20
0.0
 30
0.0
210
0.0
220
0.0
230
1.0
  2
SOLID
 70
1
 71
0
 91
1
 92
1
 93
1
 72
2
 10
152.52173913043478
 20
316.0
 40
0.6
 50
0
 51
360
 73
1
 97
0
 75
1
 76
1
 98
0
  0
CIRCLE
  5
DD
330
17
100
AcDbEntity
  8
TEXT
 62
7
370
25
100
AcDbCircle
 10
152.52173913043478
 20
316.0
 30
0.0
 40
0.6
  0
TEXT
  5
DE
330
17
100
AcDbEntity
  8
TEXT
 62
7
100
AcDbText
 10
152.52173913043478
 20
311.0
 30
0.0
 40
2.0
  1
C5
  7
GOST
 72
1
 11
152.52173913043478
 21
311.0
 31
0.0
100
AcDbText
  0
TEXT
  5
DF
330
17
100
AcDbEntity
  8
TEXT
 62
7
100
AcDbText
 10
150.6217391304348
 20
309.0
 30
0.0
 40
1.4
  1
ВВГнг(А)-LS 3×2,5, 25.4 м, 3.5 кВт
 50
-90.0
  7
GOST
 11
150.6217391304348
 21
309.0
 31
0.0
100
AcDbText
  0
TEXT
  5
E0
330
17
100
AcDbEntity
  8
TEXT
 62
7
100
AcDbText
 10
153.2217391304348
 20
309.0
 30
0.0
 40
1.4
  1
Розетки кухни — буфет (чайник/кофемашина), стол…
 50
-90.0
  7
GOST
 11
153.2217391304348
 21
309.0
 31
0.0
100
AcDbText
  0
LWPOLYLINE
  5
E1
330
17
100
AcDbEntity
  8
TEXT
 62
7
370
35
100
AcDbPolyline
 90
2
 70
0
 10
175.30434782608697
 20
350.0
 10
175.30434782608697
 20
316.0
  0
HATCH
  5
E2
330
17
100
AcDbEntity
  8
TEXT
 62
7
420
16777215
100
AcDbHatch
 10
0.0
 20
0.0
 30
0.0
210
0.0
220
0.0
230
1.0
  2
SOLID
 70
1
 71
0
 91
1
 92
3
 72
0
 73
1
 93
4
 10
172.70434782608697
 20
334.0
 10
177.90434782608696
 20
334.0
 10
177.90434782608696
 20
344.0
 10
172.70434782608697
 20
344.0
 97
0
 75
1
 76
1
 98
0
  0
LWPOLYLINE
  5
E3
330
17
100
AcDbEntity
  8
TEXT
 62
7
370
35
100
AcDbPolyline
 90
4
 70
1
 10
172.70434782608697
 20
334.0
 10
177.90434782608696
 20
334.0
 10
177.90434782608696
 20
344.0
 10
172.70434782608697
 20
344.0
  0
TEXT
  5
E4
330
17
100
AcDbEntity
  8
TEXT
 62
7
100
AcDbText
 10
175.30434782608697
 20
338.0
 30
0.0
 40
1.2
  1
АВДТ
  7
GOST
 72
1
 11
175.30434782608697
 21
338.0
 31
0.0
100
AcDbText
  0
TEXT
  5
E5
330
17
100
AcDbEntity
  8
TEXT
 62
7
100
AcDbText
 10
175.30434782608697
 20
335.4
 30
0.0
 40
1.1
  1
30 мА
  7
GOST
 72
1
 11
175.30434782608697
 21
335.4
 31
0.0
100
AcDbText
  0
TEXT
  5
E6
330
17
100
AcDbEntity
  8
TEXT
 62
7
100
AcDbText
 10
175.30434782608697
 20
345.0
 30
0.0
 40
1.3
  1
1P+N C16
  7
GOST
 72
1
 11
175.30434782608697
 21
345.0
 31
0.0
100
AcDbText
  0
HATCH
  5
E7
330
17
100
AcDbEntity
  8
TEXT
 62
7
100
AcDbHatch
 10
0.0
 20
0.0
 30
0.0
210
0.0
220
0.0
230
1.0
  2
SOLID
 70
1
 71
0
 91
1
 92
1
 93
1
 72
2
 10
175.30434782608697
 20
316.0
 40
0.6
 50
0
 51
360
 73
1
 97
0
 75
1
 76
1
 98
0
  0
CIRCLE
  5
E8
330
17
100
AcDbEntity
  8
TEXT
 62
7
370
25
100
AcDbCircle
 10
175.30434782608697
 20
316.0
 30
0.0
 40
0.6
  0
TEXT
  5
E9
330
17
100
AcDbEntity
  8
TEXT
 62
7
100
AcDbText
 10
175.30434782608697
 20
311.0
 30
0.0
 40
2.0
  1
C6
  7
GOST
 72
1
 11
175.30434782608697
 21
311.0
 31
0.0
100
AcDbText
  0
TEXT
  5
EA
330
17
100
AcDbEntity
  8
TEXT
 62
7
100
AcDbText
 10
173.404347826087
 20
309.0
 30
0.0
 40
1.4
  1
ВВГнг(А)-LS 3×2,5, 15.2 м, 1.35 кВт
 50
-90.0
  7
GOST
 11
173.404347826087
 21
309.0
 31
0.0
100
AcDbText
  0
TEXT
  5
EB
330
17
100
AcDbEntity
  8
TEXT
 62
7
100
AcDbText
 10
176.00434782608698
 20
309.0
 30
0.0
 40
1.4
  1
Холодильник, вытяжка, СВЧ
 50
-90.0
  7
GOST
 11
176.00434782608698
 21
309.0
 31
0.0
100
AcDbText
  0
LWPOLYLINE
  5
EC
330
17
100
AcDbEntity
  8
TEXT
 62
7
370
35
100
AcDbPolyline
 90
2
 70
0
 10
198.08695652173915
 20
350.0
 10
198.08695652173915
 20
316.0
  0
HATCH
  5
ED
330
17
100
AcDbEntity
  8
TEXT
 62
7
420
16777215
100
AcDbHatch
 10
0.0
 20
0.0
 30
0.0
210
0.0
220
0.0
230
1.0
  2
SOLID
 70
1
 71
0
 91
1
 92
3
 72
0
 73
1
 93
4
 10
195.48695652173916
 20
334.0
 10
200.68695652173915
 20
334.0
 10
200.68695652173915
 20
344.0
 10
195.48695652173916
 20
344.0
 97
0
 75
1
 76
1
 98
0
  0
LWPOLYLINE
  5
EE
330
17
100
AcDbEntity
  8
TEXT
 62
7
370
35
100
AcDbPolyline
 90
4
 70
1
 10
195.48695652173916
 20
334.0
 10
200.68695652173915
 20
334.0
 10
200.68695652173915
 20
344.0
 10
195.48695652173916
 20
344.0
  0
TEXT
  5
EF
330
17
100
AcDbEntity
  8
TEXT
 62
7
100
AcDbText
 10
198.08695652173915
 20
338.0
 30
0.0
 40
1.2
  1
АВДТ
  7
GOST
 72
1
 11
198.08695652173915
 21
338.0
 31
0.0
100
AcDbText
  0
TEXT
  5
F0
330
17
100
AcDbEntity
  8
TEXT
 62
7
100
AcDbText
 10
198.08695652173915
 20
335.4
 30
0.0
 40
1.1
  1
30 мА
  7
GOST
 72
1
 11
198.08695652173915
 21
335.4
 31
0.0
100
AcDbText
  0
TEXT
  5
F1
330
17
100
AcDbEntity
  8
TEXT
 62
7
100
AcDbText
 10
198.08695652173915
 20
345.0
 30
0.0
 40
1.3
  1
1P+N C32
  7
GOST
 72
1
 11
198.08695652173915
 21
345.0
 31
0.0
100
AcDbText
  0
HATCH
  5
F2
330
17
100
AcDbEntity
  8
TEXT
 62
7
100
AcDbHatch
 10
0.0
 20
0.0
 30
0.0
210
0.0
220
0.0
230
1.0
  2
SOLID
 70
1
 71
0
 91
1
 92
1
 93
1
 72
2
 10
198.08695652173915
 20
316.0
 40
0.6
 50
0
 51
360
 73
1
 97
0
 75
1
 76
1
 98
0
  0
CIRCLE
  5
F3
330
17
100
AcDbEntity
  8
TEXT
 62
7
370
25
100
AcDbCircle
 10
198.08695652173915
 20
316.0
 30
0.0
 40
0.6
  0
TEXT
  5
F4
330
17
100
AcDbEntity
  8
TEXT
 62
7
100
AcDbText
 10
198.08695652173915
 20
311.0
 30
0.0
 40
2.0
  1
C7
  7
GOST
 72
1
 11
198.08695652173915
 21
311.0
 31
0.0
100
AcDbText
  0
TEXT
  5
F5
330
17
100
AcDbEntity
  8
TEXT
 62
7
100
AcDbText
 10
196.18695652173918
 20
309.0
 30
0.0
 40
1.4
  1
ВВГнг(А)-LS 3×6, 13.2 м, 7.4 кВт
 50
-90.0
  7
GOST
 11
196.18695652173918
 21
309.0
 31
0.0
100
AcDbText
  0
TEXT
  5
F6
330
17
100
AcDbEntity
  8
TEXT
 62
7
100
AcDbText
 10
198.78695652173917
 20
309.0
 30
0.0
 40
1.4
  1
Индукционная варочная панель 7,4 кВт
 50
-90.0
  7
GOST
 11
198.78695652173917
 21
309.0
 31
0.0
100
AcDbText
  0
LWPOLYLINE
  5
F7
330
17
100
AcDbEntity
  8
TEXT
 62
7
370
35
100
AcDbPolyline
 90
2
 70
0
 10
220.8695652173913
 20
350.0
 10
220.8695652173913
 20
316.0
  0
HATCH
  5
F8
330
17
100
AcDbEntity
  8
TEXT
 62
7
420
16777215
100
AcDbHatch
 10
0.0
 20
0.0
 30
0.0
210
0.0
220
0.0
230
1.0
  2
SOLID
 70
1
 71
0
 91
1
 92
3
 72
0
 73
1
 93
4
 10
218.26956521739132
 20
334.0
 10
223.4695652173913
 20
334.0
 10
223.4695652173913
 20
344.0
 10
218.26956521739132
 20
344.0
 97
0
 75
1
 76
1
 98
0
  0
LWPOLYLINE
  5
F9
330
17
100
AcDbEntity
  8
TEXT
 62
7
370
35
100
AcDbPolyline
 90
4
 70
1
 10
218.26956521739132
 20
334.0
 10
223.4695652173913
 20
334.0
 10
223.4695652173913
 20
344.0
 10
218.26956521739132
 20
344.0
  0
TEXT
  5
FA
330
17
100
AcDbEntity
  8
TEXT
 62
7
100
AcDbText
 10
220.8695652173913
 20
338.0
 30
0.0
 40
1.2
  1
АВДТ
  7
GOST
 72
1
 11
220.8695652173913
 21
338.0
 31
0.0
100
AcDbText
  0
TEXT
  5
FB
330
17
100
AcDbEntity
  8
TEXT
 62
7
100
AcDbText
 10
220.8695652173913
 20
335.4
 30
0.0
 40
1.1
  1
30 мА
  7
GOST
 72
1
 11
220.8695652173913
 21
335.4
 31
0.0
100
AcDbText
  0
TEXT
  5
FC
330
17
100
AcDbEntity
  8
TEXT
 62
7
100
AcDbText
 10
220.8695652173913
 20
345.0
 30
0.0
 40
1.3
  1
1P+N C16
  7
GOST
 72
1
 11
220.8695652173913
 21
345.0
 31
0.0
100
AcDbText
  0
HATCH
  5
FD
330
17
100
AcDbEntity
  8
TEXT
 62
7
100
AcDbHatch
 10
0.0
 20
0.0
 30
0.0
210
0.0
220
0.0
230
1.0
  2
SOLID
 70
1
 71
0
 91
1
 92
1
 93
1
 72
2
 10
220.8695652173913
 20
316.0
 40
0.6
 50
0
 51
360
 73
1
 97
0
 75
1
 76
1
 98
0
  0
CIRCLE
  5
FE
330
17
100
AcDbEntity
  8
TEXT
 62
7
370
25
100
AcDbCircle
 10
220.8695652173913
 20
316.0
 30
0.0
 40
0.6
  0
TEXT
  5
FF
330
17
100
AcDbEntity
  8
TEXT
 62
7
100
AcDbText
 10
220.8695652173913
 20
311.0
 30
0.0
 40
2.0
  1
C8
  7
GOST
 72
1
 11
220.8695652173913
 21
311.0
 31
0.0
100
AcDbText
  0
TEXT
  5
100
330
17
100
AcDbEntity
  8
TEXT
 62
7
100
AcDbText
 10
218.96956521739133
 20
309.0
 30
0.0
 40
1.4
  1
ВВГнг(А)-LS 3×2,5, 14.7 м, 3.5 кВт
 50
-90.0
  7
GOST
 11
218.96956521739133
 21
309.0
 31
0.0
100
AcDbText
  0
TEXT
  5
101
330
17
100
AcDbEntity
  8
TEXT
 62
7
100
AcDbText
 10
221.56956521739133
 20
309.0
 30
0.0
 40
1.4
  1
Духовой шкаф 3,5 кВт
 50
-90.0
  7
GOST
 11
221.56956521739133
 21
309.0
 31
0.0
100
AcDbText
  0
LWPOLYLINE
  5
102
330
17
100
AcDbEntity
  8
TEXT
 62
7
370
35
100
AcDbPolyline
 90
2
 70
0
 10
243.6521739130435
 20
350.0
 10
243.6521739130435
 20
316.0
  0
HATCH
  5
103
330
17
100
AcDbEntity
  8
TEXT
 62
7
420
16777215
100
AcDbHatch
 10
0.0
 20
0.0
 30
0.0
210
0.0
220
0.0
230
1.0
  2
SOLID
 70
1
 71
0
 91
1
 92
3
 72
0
 73
1
 93
4
 10
241.0521739130435
 20
334.0
 10
246.2521739130435
 20
334.0
 10
246.2521739130435
 20
344.0
 10
241.0521739130435
 20
344.0
 97
0
 75
1
 76
1
 98
0
  0
LWPOLYLINE
  5
104
330
17
100
AcDbEntity
  8
TEXT
 62
7
370
35
100
AcDbPolyline
 90
4
 70
1
 10
241.0521739130435
 20
334.0
 10
246.2521739130435
 20
334.0
 10
246.2521739130435
 20
344.0
 10
241.0521739130435
 20
344.0
  0
TEXT
  5
105
330
17
100
AcDbEntity
  8
TEXT
 62
7
100
AcDbText
 10
243.6521739130435
 20
338.0
 30
0.0
 40
1.2
  1
АВДТ
  7
GOST
 72
1
 11
243.6521739130435
 21
338.0
 31
0.0
100
AcDbText
  0
TEXT
  5
106
330
17
100
AcDbEntity
  8
TEXT
 62
7
100
AcDbText
 10
243.6521739130435
 20
335.4
 30
0.0
 40
1.1
  1
30 мА
  7
GOST
 72
1
 11
243.6521739130435
 21
335.4
 31
0.0
100
AcDbText
  0
TEXT
  5
107
330
17
100
AcDbEntity
  8
TEXT
 62
7
100
AcDbText
 10
243.6521739130435
 20
345.0
 30
0.0
 40
1.3
  1
1P+N C16
  7
GOST
 72
1
 11
243.6521739130435
 21
345.0
 31
0.0
100
AcDbText
  0
HATCH
  5
108
330
17
100
AcDbEntity
  8
TEXT
 62
7
100
AcDbHatch
 10
0.0
 20
0.0
 30
0.0
210
0.0
220
0.0
230
1.0
  2
SOLID
 70
1
 71
0
 91
1
 92
1
 93
1
 72
2
 10
243.6521739130435
 20
316.0
 40
0.6
 50
0
 51
360
 73
1
 97
0
 75
1
 76
1
 98
0
  0
CIRCLE
  5
109
330
17
100
AcDbEntity
  8
TEXT
 62
7
370
25
100
AcDbCircle
 10
243.6521739130435
 20
316.0
 30
0.0
 40
0.6
  0
TEXT
  5
10A
330
17
100
AcDbEntity
  8
TEXT
 62
7
100
AcDbText
 10
243.6521739130435
 20
311.0
 30
0.0
 40
2.0
  1
C9
  7
GOST
 72
1
 11
243.6521739130435
 21
311.0
 31
0.0
100
AcDbText
  0
TEXT
  5
10B
330
17
100
AcDbEntity
  8
TEXT
 62
7
100
AcDbText
 10
241.75217391304352
 20
309.0
 30
0.0
 40
1.4
  1
ВВГнг(А)-LS 3×2,5, 12.3 м, 2.0 кВт
 50
-90.0
  7
GOST
 11
241.75217391304352
 21
309.0
 31
0.0
100
AcDbText
  0
TEXT
  5
10C
330
17
100
AcDbEntity
  8
TEXT
 62
7
100
AcDbText
 10
244.35217391304352
 20
309.0
 30
0.0
 40
1.4
  1
ПММ 2,0 кВт
 50
-90.0
  7
GOST
 11
244.35217391304352
 21
309.0
 31
0.0
100
AcDbText
  0
LWPOLYLINE
  5
10D
330
17
100
AcDbEntity
  8
TEXT
 62
7
370
35
100
AcDbPolyline
 90
2
 70
0
 10
266.4347826086957
 20
350.0
 10
266.4347826086957
 20
316.0
  0
HATCH
  5
10E
330
17
100
AcDbEntity
  8
TEXT
 62
7
420
16777215
100
AcDbHatch
 10
0.0
 20
0.0
 30
0.0
210
0.0
220
0.0
230
1.0
  2
SOLID
 70
1
 71
0
 91
1
 92
3
 72
0
 73
1
 93
4
 10
263.83478260869566
 20
334.0
 10
269.0347826086957
 20
334.0
 10
269.0347826086957
 20
344.0
 10
263.83478260869566
 20
344.0
 97
0
 75
1
 76
1
 98
0
  0
LWPOLYLINE
  5
10F
330
17
100
AcDbEntity
  8
TEXT
 62
7
370
35
100
AcDbPolyline
 90
4
 70
1
 10
263.83478260869566
 20
334.0
 10
269.0347826086957
 20
334.0
 10
269.0347826086957
 20
344.0
 10
263.83478260869566
 20
344.0
  0
TEXT
  5
110
330
17
100
AcDbEntity
  8
TEXT
 62
7
100
AcDbText
 10
266.4347826086957
 20
338.0
 30
0.0
 40
1.2
  1
АВДТ
  7
GOST
 72
1
 11
266.4347826086957
 21
338.0
 31
0.0
100
AcDbText
  0
TEXT
  5
111
330
17
100
AcDbEntity
  8
TEXT
 62
7
100
AcDbText
 10
266.4347826086957
 20
335.4
 30
0.0
 40
1.1
  1
30 мА
  7
GOST
 72
1
 11
266.4347826086957
 21
335.4
 31
0.0
100
AcDbText
  0
TEXT
  5
112
330
17
100
AcDbEntity
  8
TEXT
 62
7
100
AcDbText
 10
266.4347826086957
 20
345.0
 30
0.0
 40
1.3
  1
1P+N C16
  7
GOST
 72
1
 11
266.4347826086957
 21
345.0
 31
0.0
100
AcDbText
  0
HATCH
  5
113
330
17
100
AcDbEntity
  8
TEXT
 62
7
100
AcDbHatch
 10
0.0
 20
0.0
 30
0.0
210
0.0
220
0.0
230
1.0
  2
SOLID
 70
1
 71
0
 91
1
 92
1
 93
1
 72
2
 10
266.4347826086957
 20
316.0
 40
0.6
 50
0
 51
360
 73
1
 97
0
 75
1
 76
1
 98
0
  0
CIRCLE
  5
114
330
17
100
AcDbEntity
  8
TEXT
 62
7
370
25
100
AcDbCircle
 10
266.4347826086957
 20
316.0
 30
0.0
 40
0.6
  0
TEXT
  5
115
330
17
100
AcDbEntity
  8
TEXT
 62
7
100
AcDbText
 10
266.4347826086957
 20
311.0
 30
0.0
 40
2.0
  1
C10
  7
GOST
 72
1
 11
266.4347826086957
 21
311.0
 31
0.0
100
AcDbText
  0
TEXT
  5
116
330
17
100
AcDbEntity
  8
TEXT
 62
7
100
AcDbText
 10
264.5347826086957
 20
309.0
 30
0.0
 40
1.4
  1
ВВГнг(А)-LS 3×2,5, 9.2 м, 2.2 кВт
 50
-90.0
  7
GOST
 11
264.5347826086957
 21
309.0
 31
0.0
100
AcDbText
  0
TEXT
  5
117
330
17
100
AcDbEntity
  8
TEXT
 62
7
100
AcDbText
 10
267.13478260869573
 20
309.0
 30
0.0
 40
1.4
  1
Стиральная машина 2,2 кВт
 50
-90.0
  7
GOST
 11
267.13478260869573
 21
309.0
 31
0.0
100
AcDbText
  0
LWPOLYLINE
  5
118
330
17
100
AcDbEntity
  8
TEXT
 62
7
370
35
100
AcDbPolyline
 90
2
 70
0
 10
289.2173913043478
 20
350.0
 10
289.2173913043478
 20
316.0
  0
HATCH
  5
119
330
17
100
AcDbEntity
  8
TEXT
 62
7
420
16777215
100
AcDbHatch
 10
0.0
 20
0.0
 30
0.0
210
0.0
220
0.0
230
1.0
  2
SOLID
 70
1
 71
0
 91
1
 92
3
 72
0
 73
1
 93
4
 10
286.6173913043478
 20
334.0
 10
291.81739130434784
 20
334.0
 10
291.81739130434784
 20
344.0
 10
286.6173913043478
 20
344.0
 97
0
 75
1
 76
1
 98
0
  0
LWPOLYLINE
  5
11A
330
17
100
AcDbEntity
  8
TEXT
 62
7
370
35
100
AcDbPolyline
 90
4
 70
1
 10
286.6173913043478
 20
334.0
 10
291.81739130434784
 20
334.0
 10
291.81739130434784
 20
344.0
 10
286.6173913043478
 20
344.0
  0
TEXT
  5
11B
330
17
100
AcDbEntity
  8
TEXT
 62
7
100
AcDbText
 10
289.2173913043478
 20
338.0
 30
0.0
 40
1.2
  1
АВДТ
  7
GOST
 72
1
 11
289.2173913043478
 21
338.0
 31
0.0
100
AcDbText
  0
TEXT
  5
11C
330
17
100
AcDbEntity
  8
TEXT
 62
7
100
AcDbText
 10
289.2173913043478
 20
335.4
 30
0.0
 40
1.1
  1
30 мА
  7
GOST
 72
1
 11
289.2173913043478
 21
335.4
 31
0.0
100
AcDbText
  0
TEXT
  5
11D
330
17
100
AcDbEntity
  8
TEXT
 62
7
100
AcDbText
 10
289.2173913043478
 20
345.0
 30
0.0
 40
1.3
  1
1P+N C16
  7
GOST
 72
1
 11
289.2173913043478
 21
345.0
 31
0.0
100
AcDbText
  0
HATCH
  5
11E
330
17
100
AcDbEntity
  8
TEXT
 62
7
100
AcDbHatch
 10
0.0
 20
0.0
 30
0.0
210
0.0
220
0.0
230
1.0
  2
SOLID
 70
1
 71
0
 91
1
 92
1
 93
1
 72
2
 10
289.2173913043478
 20
316.0
 40
0.6
 50
0
 51
360
 73
1
 97
0
 75
1
 76
1
 98
0
  0
CIRCLE
  5
11F
330
17
100
AcDbEntity
  8
TEXT
 62
7
370
25
100
AcDbCircle
 10
289.2173913043478
 20
316.0
 30
0.0
 40
0.6
  0
TEXT
  5
120
330
17
100
AcDbEntity
  8
TEXT
 62
7
100
AcDbText
 10
289.2173913043478
 20
311.0
 30
0.0
 40
2.0
  1
C11
  7
GOST
 72
1
 11
289.2173913043478
 21
311.0
 31
0.0
100
AcDbText
  0
TEXT
  5
121
330
17
100
AcDbEntity
  8
TEXT
 62
7
100
AcDbText
 10
287.31739130434784
 20
309.0
 30
0.0
 40
1.4
  1
ВВГнг(А)-LS 3×2,5, 9.1 м, 1.0 кВт
 50
-90.0
  7
GOST
 11
287.31739130434784
 21
309.0
 31
0.0
100
AcDbText
  0
TEXT
  5
122
330
17
100
AcDbEntity
  8
TEXT
 62
7
100
AcDbText
 10
289.91739130434786
 20
309.0
 30
0.0
 40
1.4
  1
Сушильная машина (тепловой насос) 1,0 кВт
 50
-90.0
  7
GOST
 11
289.91739130434786
 21
309.0
 31
0.0
100
AcDbText
  0
LWPOLYLINE
  5
123
330
17
100
AcDbEntity
  8
TEXT
 62
7
370
35
100
AcDbPolyline
 90
2
 70
0
 10
312.0
 20
350.0
 10
312.0
 20
316.0
  0
HATCH
  5
124
330
17
100
AcDbEntity
  8
TEXT
 62
7
420
16777215
100
AcDbHatch
 10
0.0
 20
0.0
 30
0.0
210
0.0
220
0.0
230
1.0
  2
SOLID
 70
1
 71
0
 91
1
 92
3
 72
0
 73
1
 93
4
 10
309.4
 20
334.0
 10
314.6
 20
334.0
 10
314.6
 20
344.0
 10
309.4
 20
344.0
 97
0
 75
1
 76
1
 98
0
  0
LWPOLYLINE
  5
125
330
17
100
AcDbEntity
  8
TEXT
 62
7
370
35
100
AcDbPolyline
 90
4
 70
1
 10
309.4
 20
334.0
 10
314.6
 20
334.0
 10
314.6
 20
344.0
 10
309.4
 20
344.0
  0
TEXT
  5
126
330
17
100
AcDbEntity
  8
TEXT
 62
7
100
AcDbText
 10
312.0
 20
338.0
 30
0.0
 40
1.2
  1
АВДТ
  7
GOST
 72
1
 11
312.0
 21
338.0
 31
0.0
100
AcDbText
  0
TEXT
  5
127
330
17
100
AcDbEntity
  8
TEXT
 62
7
100
AcDbText
 10
312.0
 20
335.4
 30
0.0
 40
1.1
  1
10 мА
  7
GOST
 72
1
 11
312.0
 21
335.4
 31
0.0
100
AcDbText
  0
TEXT
  5
128
330
17
100
AcDbEntity
  8
TEXT
 62
7
100
AcDbText
 10
312.0
 20
345.0
 30
0.0
 40
1.3
  1
1P+N C16
  7
GOST
 72
1
 11
312.0
 21
345.0
 31
0.0
100
AcDbText
  0
HATCH
  5
129
330
17
100
AcDbEntity
  8
TEXT
 62
7
100
AcDbHatch
 10
0.0
 20
0.0
 30
0.0
210
0.0
220
0.0
230
1.0
  2
SOLID
 70
1
 71
0
 91
1
 92
1
 93
1
 72
2
 10
312.0
 20
316.0
 40
0.6
 50
0
 51
360
 73
1
 97
0
 75
1
 76
1
 98
0
  0
CIRCLE
  5
12A
330
17
100
AcDbEntity
  8
TEXT
 62
7
370
25
100
AcDbCircle
 10
312.0
 20
316.0
 30
0.0
 40
0.6
  0
TEXT
  5
12B
330
17
100
AcDbEntity
  8
TEXT
 62
7
100
AcDbText
 10
312.0
 20
311.0
 30
0.0
 40
2.0
  1
C12
  7
GOST
 72
1
 11
312.0
 21
311.0
 31
0.0
100
AcDbText
  0
TEXT
  5
12C
330
17
100
AcDbEntity
  8
TEXT
 62
7
100
AcDbText
 10
310.1
 20
309.0
 30
0.0
 40
1.4
  1
ВВГнг(А)-LS 3×2,5, 17.8 м, 2.4 кВт
 50
-90.0
  7
GOST
 11
310.1
 21
309.0
 31
0.0
100
AcDbText
  0
TEXT
  5
12D
330
17
100
AcDbEntity
  8
TEXT
 62
7
100
AcDbText
 10
312.70000000000005
 20
309.0
 30
0.0
 40
1.4
  1
Ванная: розетки IP44 + электрополотенцесушитель
 50
-90.0
  7
GOST
 11
312.70000000000005
 21
309.0
 31
0.0
100
AcDbText
  0
LWPOLYLINE
  5
12E
330
17
100
AcDbEntity
  8
TEXT
 62
7
370
35
100
AcDbPolyline
 90
2
 70
0
 10
334.7826086956522
 20
350.0
 10
334.7826086956522
 20
316.0
  0
HATCH
  5
12F
330
17
100
AcDbEntity
  8
TEXT
 62
7
420
16777215
100
AcDbHatch
 10
0.0
 20
0.0
 30
0.0
210
0.0
220
0.0
230
1.0
  2
SOLID
 70
1
 71
0
 91
1
 92
3
 72
0
 73
1
 93
4
 10
332.18260869565216
 20
334.0
 10
337.3826086956522
 20
334.0
 10
337.3826086956522
 20
344.0
 10
332.18260869565216
 20
344.0
 97
0
 75
1
 76
1
 98
0
  0
LWPOLYLINE
  5
130
330
17
100
AcDbEntity
  8
TEXT
 62
7
370
35
100
AcDbPolyline
 90
4
 70
1
 10
332.18260869565216
 20
334.0
 10
337.3826086956522
 20
334.0
 10
337.3826086956522
 20
344.0
 10
332.18260869565216
 20
344.0
  0
TEXT
  5
131
330
17
100
AcDbEntity
  8
TEXT
 62
7
100
AcDbText
 10
334.7826086956522
 20
338.0
 30
0.0
 40
1.2
  1
АВДТ
  7
GOST
 72
1
 11
334.7826086956522
 21
338.0
 31
0.0
100
AcDbText
  0
TEXT
  5
132
330
17
100
AcDbEntity
  8
TEXT
 62
7
100
AcDbText
 10
334.7826086956522
 20
335.4
 30
0.0
 40
1.1
  1
30 мА
  7
GOST
 72
1
 11
334.7826086956522
 21
335.4
 31
0.0
100
AcDbText
  0
TEXT
  5
133
330
17
100
AcDbEntity
  8
TEXT
 62
7
100
AcDbText
 10
334.7826086956522
 20
345.0
 30
0.0
 40
1.3
  1
1P+N C16
  7
GOST
 72
1
 11
334.7826086956522
 21
345.0
 31
0.0
100
AcDbText
  0
HATCH
  5
134
330
17
100
AcDbEntity
  8
TEXT
 62
7
100
AcDbHatch
 10
0.0
 20
0.0
 30
0.0
210
0.0
220
0.0
230
1.0
  2
SOLID
 70
1
 71
0
 91
1
 92
1
 93
1
 72
2
 10
334.7826086956522
 20
316.0
 40
0.6
 50
0
 51
360
 73
1
 97
0
 75
1
 76
1
 98
0
  0
CIRCLE
  5
135
330
17
100
AcDbEntity
  8
TEXT
 62
7
370
25
100
AcDbCircle
 10
334.7826086956522
 20
316.0
 30
0.0
 40
0.6
  0
TEXT
  5
136
330
17
100
AcDbEntity
  8
TEXT
 62
7
100
AcDbText
 10
334.7826086956522
 20
311.0
 30
0.0
 40
2.0
  1
C13
  7
GOST
 72
1
 11
334.7826086956522
 21
311.0
 31
0.0
100
AcDbText
  0
TEXT
  5
137
330
17
100
AcDbEntity
  8
TEXT
 62
7
100
AcDbText
 10
332.8826086956522
 20
309.0
 30
0.0
 40
1.4
  1
ВВГнг(А)-LS 3×2,5, 10.2 м, 0.28 кВт
 50
-90.0
  7
GOST
 11
332.8826086956522
 21
309.0
 31
0.0
100
AcDbText
  0
TEXT
  5
138
330
17
100
AcDbEntity
  8
TEXT
 62
7
100
AcDbText
 10
335.48260869565223
 20
309.0
 30
0.0
 40
1.4
  1
Электро-ТП ванной (T1)
 50
-90.0
  7
GOST
 11
335.48260869565223
 21
309.0
 31
0.0
100
AcDbText
  0
LWPOLYLINE
  5
139
330
17
100
AcDbEntity
  8
TEXT
 62
7
370
35
100
AcDbPolyline
 90
2
 70
0
 10
357.5652173913044
 20
350.0
 10
357.5652173913044
 20
316.0
  0
HATCH
  5
13A
330
17
100
AcDbEntity
  8
TEXT
 62
7
420
16777215
100
AcDbHatch
 10
0.0
 20
0.0
 30
0.0
210
0.0
220
0.0
230
1.0
  2
SOLID
 70
1
 71
0
 91
1
 92
3
 72
0
 73
1
 93
4
 10
354.96521739130435
 20
334.0
 10
360.1652173913044
 20
334.0
 10
360.1652173913044
 20
344.0
 10
354.96521739130435
 20
344.0
 97
0
 75
1
 76
1
 98
0
  0
LWPOLYLINE
  5
13B
330
17
100
AcDbEntity
  8
TEXT
 62
7
370
35
100
AcDbPolyline
 90
4
 70
1
 10
354.96521739130435
 20
334.0
 10
360.1652173913044
 20
334.0
 10
360.1652173913044
 20
344.0
 10
354.96521739130435
 20
344.0
  0
TEXT
  5
13C
330
17
100
AcDbEntity
  8
TEXT
 62
7
100
AcDbText
 10
357.5652173913044
 20
338.0
 30
0.0
 40
1.2
  1
АВДТ
  7
GOST
 72
1
 11
357.5652173913044
 21
338.0
 31
0.0
100
AcDbText
  0
TEXT
  5
13D
330
17
100
AcDbEntity
  8
TEXT
 62
7
100
AcDbText
 10
357.5652173913044
 20
335.4
 30
0.0
 40
1.1
  1
30 мА
  7
GOST
 72
1
 11
357.5652173913044
 21
335.4
 31
0.0
100
AcDbText
  0
TEXT
  5
13E
330
17
100
AcDbEntity
  8
TEXT
 62
7
100
AcDbText
 10
357.5652173913044
 20
345.0
 30
0.0
 40
1.3
  1
1P+N C16
  7
GOST
 72
1
 11
357.5652173913044
 21
345.0
 31
0.0
100
AcDbText
  0
HATCH
  5
13F
330
17
100
AcDbEntity
  8
TEXT
 62
7
100
AcDbHatch
 10
0.0
 20
0.0
 30
0.0
210
0.0
220
0.0
230
1.0
  2
SOLID
 70
1
 71
0
 91
1
 92
1
 93
1
 72
2
 10
357.5652173913044
 20
316.0
 40
0.6
 50
0
 51
360
 73
1
 97
0
 75
1
 76
1
 98
0
  0
CIRCLE
  5
140
330
17
100
AcDbEntity
  8
TEXT
 62
7
370
25
100
AcDbCircle
 10
357.5652173913044
 20
316.0
 30
0.0
 40
0.6
  0
TEXT
  5
141
330
17
100
AcDbEntity
  8
TEXT
 62
7
100
AcDbText
 10
357.5652173913044
 20
311.0
 30
0.0
 40
2.0
  1
C14
  7
GOST
 72
1
 11
357.5652173913044
 21
311.0
 31
0.0
100
AcDbText
  0
TEXT
  5
142
330
17
100
AcDbEntity
  8
TEXT
 62
7
100
AcDbText
 10
355.6652173913044
 20
309.0
 30
0.0
 40
1.4
  1
ВВГнг(А)-LS 3×2,5, 6.6 м, 0.16 кВт
 50
-90.0
  7
GOST
 11
355.6652173913044
 21
309.0
 31
0.0
100
AcDbText
  0
TEXT
  5
143
330
17
100
AcDbEntity
  8
TEXT
 62
7
100
AcDbText
 10
358.2652173913044
 20
309.0
 30
0.0
 40
1.4
  1
Электро-ТП постирочной (T2)
 50
-90.0
  7
GOST
 11
358.2652173913044
 21
309.0
 31
0.0
100
AcDbText
  0
LWPOLYLINE
  5
144
330
17
100
AcDbEntity
  8
TEXT
 62
7
370
35
100
AcDbPolyline
 90
2
 70
0
 10
380.3478260869565
 20
350.0
 10
380.3478260869565
 20
316.0
  0
HATCH
  5
145
330
17
100
AcDbEntity
  8
TEXT
 62
7
420
16777215
100
AcDbHatch
 10
0.0
 20
0.0
 30
0.0
210
0.0
220
0.0
230
1.0
  2
SOLID
 70
1
 71
0
 91
1
 92
3
 72
0
 73
1
 93
4
 10
377.7478260869565
 20
334.0
 10
382.9478260869565
 20
334.0
 10
382.9478260869565
 20
344.0
 10
377.7478260869565
 20
344.0
 97
0
 75
1
 76
1
 98
0
  0
LWPOLYLINE
  5
146
330
17
100
AcDbEntity
  8
TEXT
 62
7
370
35
100
AcDbPolyline
 90
4
 70
1
 10
377.7478260869565
 20
334.0
 10
382.9478260869565
 20
334.0
 10
382.9478260869565
 20
344.0
 10
377.7478260869565
 20
344.0
  0
TEXT
  5
147
330
17
100
AcDbEntity
  8
TEXT
 62
7
100
AcDbText
 10
380.3478260869565
 20
338.0
 30
0.0
 40
1.2
  1
АВДТ
  7
GOST
 72
1
 11
380.3478260869565
 21
338.0
 31
0.0
100
AcDbText
  0
TEXT
  5
148
330
17
100
AcDbEntity
  8
TEXT
 62
7
100
AcDbText
 10
380.3478260869565
 20
335.4
 30
0.0
 40
1.1
  1
30 мА
  7
GOST
 72
1
 11
380.3478260869565
 21
335.4
 31
0.0
100
AcDbText
  0
TEXT
  5
149
330
17
100
AcDbEntity
  8
TEXT
 62
7
100
AcDbText
 10
380.3478260869565
 20
345.0
 30
0.0
 40
1.3
  1
1P+N C16
  7
GOST
 72
1
 11
380.3478260869565
 21
345.0
 31
0.0
100
AcDbText
  0
HATCH
  5
14A
330
17
100
AcDbEntity
  8
TEXT
 62
7
100
AcDbHatch
 10
0.0
 20
0.0
 30
0.0
210
0.0
220
0.0
230
1.0
  2
SOLID
 70
1
 71
0
 91
1
 92
1
 93
1
 72
2
 10
380.3478260869565
 20
316.0
 40
0.6
 50
0
 51
360
 73
1
 97
0
 75
1
 76
1
 98
0
  0
CIRCLE
  5
14B
330
17
100
AcDbEntity
  8
TEXT
 62
7
370
25
100
AcDbCircle
 10
380.3478260869565
 20
316.0
 30
0.0
 40
0.6
  0
TEXT
  5
14C
330
17
100
AcDbEntity
  8
TEXT
 62
7
100
AcDbText
 10
380.3478260869565
 20
311.0
 30
0.0
 40
2.0
  1
C15
  7
GOST
 72
1
 11
380.3478260869565
 21
311.0
 31
0.0
100
AcDbText
  0
TEXT
  5
14D
330
17
100
AcDbEntity
  8
TEXT
 62
7
100
AcDbText
 10
378.4478260869565
 20
309.0
 30
0.0
 40
1.4
  1
ВВГнг(А)-LS 3×2,5, 13.2 м, 0.35 кВт
 50
-90.0
  7
GOST
 11
378.4478260869565
 21
309.0
 31
0.0
100
AcDbText
  0
TEXT
  5
14E
330
17
100
AcDbEntity
  8
TEXT
 62
7
100
AcDbText
 10
381.04782608695655
 20
309.0
 30
0.0
 40
1.4
  1
Электро-ТП балкона (T3)
 50
-90.0
  7
GOST
 11
381.04782608695655
 21
309.0
 31
0.0
100
AcDbText
  0
LWPOLYLINE
  5
14F
330
17
100
AcDbEntity
  8
TEXT
 62
7
370
35
100
AcDbPolyline
 90
2
 70
0
 10
403.1304347826087
 20
350.0
 10
403.1304347826087
 20
316.0
  0
HATCH
  5
150
330
17
100
AcDbEntity
  8
TEXT
 62
7
420
16777215
100
AcDbHatch
 10
0.0
 20
0.0
 30
0.0
210
0.0
220
0.0
230
1.0
  2
SOLID
 70
1
 71
0
 91
1
 92
3
 72
0
 73
1
 93
4
 10
400.53043478260867
 20
334.0
 10
405.7304347826087
 20
334.0
 10
405.7304347826087
 20
344.0
 10
400.53043478260867
 20
344.0
 97
0
 75
1
 76
1
 98
0
  0
LWPOLYLINE
  5
151
330
17
100
AcDbEntity
  8
TEXT
 62
7
370
35
100
AcDbPolyline
 90
4
 70
1
 10
400.53043478260867
 20
334.0
 10
405.7304347826087
 20
334.0
 10
405.7304347826087
 20
344.0
 10
400.53043478260867
 20
344.0
  0
TEXT
  5
152
330
17
100
AcDbEntity
  8
TEXT
 62
7
100
AcDbText
 10
403.1304347826087
 20
338.0
 30
0.0
 40
1.2
  1
АВДТ
  7
GOST
 72
1
 11
403.1304347826087
 21
338.0
 31
0.0
100
AcDbText
  0
TEXT
  5
153
330
17
100
AcDbEntity
  8
TEXT
 62
7
100
AcDbText
 10
403.1304347826087
 20
335.4
 30
0.0
 40
1.1
  1
30 мА
  7
GOST
 72
1
 11
403.1304347826087
 21
335.4
 31
0.0
100
AcDbText
  0
TEXT
  5
154
330
17
100
AcDbEntity
  8
TEXT
 62
7
100
AcDbText
 10
403.1304347826087
 20
345.0
 30
0.0
 40
1.3
  1
1P+N C16
  7
GOST
 72
1
 11
403.1304347826087
 21
345.0
 31
0.0
100
AcDbText
  0
HATCH
  5
155
330
17
100
AcDbEntity
  8
TEXT
 62
7
100
AcDbHatch
 10
0.0
 20
0.0
 30
0.0
210
0.0
220
0.0
230
1.0
  2
SOLID
 70
1
 71
0
 91
1
 92
1
 93
1
 72
2
 10
403.1304347826087
 20
316.0
 40
0.6
 50
0
 51
360
 73
1
 97
0
 75
1
 76
1
 98
0
  0
CIRCLE
  5
156
330
17
100
AcDbEntity
  8
TEXT
 62
7
370
25
100
AcDbCircle
 10
403.1304347826087
 20
316.0
 30
0.0
 40
0.6
  0
TEXT
  5
157
330
17
100
AcDbEntity
  8
TEXT
 62
7
100
AcDbText
 10
403.1304347826087
 20
311.0
 30
0.0
 40
2.0
  1
C16
  7
GOST
 72
1
 11
403.1304347826087
 21
311.0
 31
0.0
100
AcDbText
  0
TEXT
  5
158
330
17
100
AcDbEntity
  8
TEXT
 62
7
100
AcDbText
 10
401.2304347826087
 20
309.0
 30
0.0
 40
1.4
  1
ВВГнг(А)-LS 3×2,5, 21.9 м, 1.5 кВт
 50
-90.0
  7
GOST
 11
401.2304347826087
 21
309.0
 31
0.0
100
AcDbText
  0
TEXT
  5
159
330
17
100
AcDbEntity
  8
TEXT
 62
7
100
AcDbText
 10
403.83043478260873
 20
309.0
 30
0.0
 40
1.4
  1
Электроконвекторы балкона 2×0,75 кВт
 50
-90.0
  7
GOST
 11
403.83043478260873
 21
309.0
 31
0.0
100
AcDbText
  0
LWPOLYLINE
  5
15A
330
17
100
AcDbEntity
  8
TEXT
 62
7
370
35
100
AcDbPolyline
 90
2
 70
0
 10
425.9130434782609
 20
350.0
 10
425.9130434782609
 20
316.0
  0
HATCH
  5
15B
330
17
100
AcDbEntity
  8
TEXT
 62
7
420
16777215
100
AcDbHatch
 10
0.0
 20
0.0
 30
0.0
210
0.0
220
0.0
230
1.0
  2
SOLID
 70
1
 71
0
 91
1
 92
3
 72
0
 73
1
 93
4
 10
423.31304347826085
 20
334.0
 10
428.5130434782609
 20
334.0
 10
428.5130434782609
 20
344.0
 10
423.31304347826085
 20
344.0
 97
0
 75
1
 76
1
 98
0
  0
LWPOLYLINE
  5
15C
330
17
100
AcDbEntity
  8
TEXT
 62
7
370
35
100
AcDbPolyline
 90
4
 70
1
 10
423.31304347826085
 20
334.0
 10
428.5130434782609
 20
334.0
 10
428.5130434782609
 20
344.0
 10
423.31304347826085
 20
344.0
  0
TEXT
  5
15D
330
17
100
AcDbEntity
  8
TEXT
 62
7
100
AcDbText
 10
425.9130434782609
 20
338.0
 30
0.0
 40
1.2
  1
АВДТ
  7
GOST
 72
1
 11
425.9130434782609
 21
338.0
 31
0.0
100
AcDbText
  0
TEXT
  5
15E
330
17
100
AcDbEntity
  8
TEXT
 62
7
100
AcDbText
 10
425.9130434782609
 20
335.4
 30
0.0
 40
1.1
  1
30 мА
  7
GOST
 72
1
 11
425.9130434782609
 21
335.4
 31
0.0
100
AcDbText
  0
TEXT
  5
15F
330
17
100
AcDbEntity
  8
TEXT
 62
7
100
AcDbText
 10
425.9130434782609
 20
345.0
 30
0.0
 40
1.3
  1
1P+N C16
  7
GOST
 72
1
 11
425.9130434782609
 21
345.0
 31
0.0
100
AcDbText
  0
HATCH
  5
160
330
17
100
AcDbEntity
  8
TEXT
 62
7
100
AcDbHatch
 10
0.0
 20
0.0
 30
0.0
210
0.0
220
0.0
230
1.0
  2
SOLID
 70
1
 71
0
 91
1
 92
1
 93
1
 72
2
 10
425.9130434782609
 20
316.0
 40
0.6
 50
0
 51
360
 73
1
 97
0
 75
1
 76
1
 98
0
  0
CIRCLE
  5
161
330
17
100
AcDbEntity
  8
TEXT
 62
7
370
25
100
AcDbCircle
 10
425.9130434782609
 20
316.0
 30
0.0
 40
0.6
  0
TEXT
  5
162
330
17
100
AcDbEntity
  8
TEXT
 62
7
100
AcDbText
 10
425.9130434782609
 20
311.0
 30
0.0
 40
2.0
  1
C17
  7
GOST
 72
1
 11
425.9130434782609
 21
311.0
 31
0.0
100
AcDbText
  0
TEXT
  5
163
330
17
100
AcDbEntity
  8
TEXT
 62
7
100
AcDbText
 10
424.0130434782609
 20
309.0
 30
0.0
 40
1.4
  1
ВВГнг(А)-LS 3×2,5, 29.9 м, 1.25 кВт
 50
-90.0
  7
GOST
 11
424.0130434782609
 21
309.0
 31
0.0
100
AcDbText
  0
TEXT
  5
164
330
17
100
AcDbEntity
  8
TEXT
 62
7
100
AcDbText
 10
426.6130434782609
 20
309.0
 30
0.0
 40
1.4
  1
Розетки балкона / кинозона (проектор, AV, диван…
 50
-90.0
  7
GOST
 11
426.6130434782609
 21
309.0
 31
0.0
100
AcDbText
  0
LWPOLYLINE
  5
165
330
17
100
AcDbEntity
  8
TEXT
 62
7
370
35
100
AcDbPolyline
 90
2
 70
0
 10
448.69565217391306
 20
350.0
 10
448.69565217391306
 20
316.0
  0
HATCH
  5
166
330
17
100
AcDbEntity
  8
TEXT
 62
7
420
16777215
100
AcDbHatch
 10
0.0
 20
0.0
 30
0.0
210
0.0
220
0.0
230
1.0
  2
SOLID
 70
1
 71
0
 91
1
 92
3
 72
0
 73
1
 93
4
 10
446.09565217391304
 20
334.0
 10
451.2956521739131
 20
334.0
 10
451.2956521739131
 20
344.0
 10
446.09565217391304
 20
344.0
 97
0
 75
1
 76
1
 98
0
  0
LWPOLYLINE
  5
167
330
17
100
AcDbEntity
  8
TEXT
 62
7
370
35
100
AcDbPolyline
 90
4
 70
1
 10
446.09565217391304
 20
334.0
 10
451.2956521739131
 20
334.0
 10
451.2956521739131
 20
344.0
 10
446.09565217391304
 20
344.0
  0
TEXT
  5
168
330
17
100
AcDbEntity
  8
TEXT
 62
7
100
AcDbText
 10
448.69565217391306
 20
338.0
 30
0.0
 40
1.2
  1
АВДТ
  7
GOST
 72
1
 11
448.69565217391306
 21
338.0
 31
0.0
100
AcDbText
  0
TEXT
  5
169
330
17
100
AcDbEntity
  8
TEXT
 62
7
100
AcDbText
 10
448.69565217391306
 20
335.4
 30
0.0
 40
1.1
  1
30 мА
  7
GOST
 72
1
 11
448.69565217391306
 21
335.4
 31
0.0
100
AcDbText
  0
TEXT
  5
16A
330
17
100
AcDbEntity
  8
TEXT
 62
7
100
AcDbText
 10
448.69565217391306
 20
345.0
 30
0.0
 40
1.3
  1
1P+N C16
  7
GOST
 72
1
 11
448.69565217391306
 21
345.0
 31
0.0
100
AcDbText
  0
HATCH
  5
16B
330
17
100
AcDbEntity
  8
TEXT
 62
7
100
AcDbHatch
 10
0.0
 20
0.0
 30
0.0
210
0.0
220
0.0
230
1.0
  2
SOLID
 70
1
 71
0
 91
1
 92
1
 93
1
 72
2
 10
448.69565217391306
 20
316.0
 40
0.6
 50
0
 51
360
 73
1
 97
0
 75
1
 76
1
 98
0
  0
CIRCLE
  5
16C
330
17
100
AcDbEntity
  8
TEXT
 62
7
370
25
100
AcDbCircle
 10
448.69565217391306
 20
316.0
 30
0.0
 40
0.6
  0
TEXT
  5
16D
330
17
100
AcDbEntity
  8
TEXT
 62
7
100
AcDbText
 10
448.69565217391306
 20
311.0
 30
0.0
 40
2.0
  1
C18
  7
GOST
 72
1
 11
448.69565217391306
 21
311.0
 31
0.0
100
AcDbText
  0
TEXT
  5
16E
330
17
100
AcDbEntity
  8
TEXT
 62
7
100
AcDbText
 10
446.7956521739131
 20
309.0
 30
0.0
 40
1.4
  1
ВВГнг(А)-LS 3×2,5, 52.1 м, 2.0 кВт
 50
-90.0
  7
GOST
 11
446.7956521739131
 21
309.0
 31
0.0
100
AcDbText
  0
TEXT
  5
16F
330
17
100
AcDbEntity
  8
TEXT
 62
7
100
AcDbText
 10
449.3956521739131
 20
309.0
 30
0.0
 40
1.4
  1
Розетки спальни
 50
-90.0
  7
GOST
 11
449.3956521739131
 21
309.0
 31
0.0
100
AcDbText
  0
LWPOLYLINE
  5
170
330
17
100
AcDbEntity
  8
TEXT
 62
7
370
35
100
AcDbPolyline
 90
2
 70
0
 10
471.47826086956525
 20
350.0
 10
471.47826086956525
 20
316.0
  0
HATCH
  5
171
330
17
100
AcDbEntity
  8
TEXT
 62
7
420
16777215
100
AcDbHatch
 10
0.0
 20
0.0
 30
0.0
210
0.0
220
0.0
230
1.0
  2
SOLID
 70
1
 71
0
 91
1
 92
3
 72
0
 73
1
 93
4
 10
468.8782608695652
 20
334.0
 10
474.07826086956527
 20
334.0
 10
474.07826086956527
 20
344.0
 10
468.8782608695652
 20
344.0
 97
0
 75
1
 76
1
 98
0
  0
LWPOLYLINE
  5
172
330
17
100
AcDbEntity
  8
TEXT
 62
7
370
35
100
AcDbPolyline
 90
4
 70
1
 10
468.8782608695652
 20
334.0
 10
474.07826086956527
 20
334.0
 10
474.07826086956527
 20
344.0
 10
468.8782608695652
 20
344.0
  0
TEXT
  5
173
330
17
100
AcDbEntity
  8
TEXT
 62
7
100
AcDbText
 10
471.47826086956525
 20
338.0
 30
0.0
 40
1.2
  1
АВДТ
  7
GOST
 72
1
 11
471.47826086956525
 21
338.0
 31
0.0
100
AcDbText
  0
TEXT
  5
174
330
17
100
AcDbEntity
  8
TEXT
 62
7
100
AcDbText
 10
471.47826086956525
 20
335.4
 30
0.0
 40
1.1
  1
30 мА
  7
GOST
 72
1
 11
471.47826086956525
 21
335.4
 31
0.0
100
AcDbText
  0
TEXT
  5
175
330
17
100
AcDbEntity
  8
TEXT
 62
7
100
AcDbText
 10
471.47826086956525
 20
345.0
 30
0.0
 40
1.3
  1
1P+N C16
  7
GOST
 72
1
 11
471.47826086956525
 21
345.0
 31
0.0
100
AcDbText
  0
HATCH
  5
176
330
17
100
AcDbEntity
  8
TEXT
 62
7
100
AcDbHatch
 10
0.0
 20
0.0
 30
0.0
210
0.0
220
0.0
230
1.0
  2
SOLID
 70
1
 71
0
 91
1
 92
1
 93
1
 72
2
 10
471.47826086956525
 20
316.0
 40
0.6
 50
0
 51
360
 73
1
 97
0
 75
1
 76
1
 98
0
  0
CIRCLE
  5
177
330
17
100
AcDbEntity
  8
TEXT
 62
7
370
25
100
AcDbCircle
 10
471.47826086956525
 20
316.0
 30
0.0
 40
0.6
  0
TEXT
  5
178
330
17
100
AcDbEntity
  8
TEXT
 62
7
100
AcDbText
 10
471.47826086956525
 20
311.0
 30
0.0
 40
2.0
  1
C19
  7
GOST
 72
1
 11
471.47826086956525
 21
311.0
 31
0.0
100
AcDbText
  0
TEXT
  5
179
330
17
100
AcDbEntity
  8
TEXT
 62
7
100
AcDbText
 10
469.57826086956527
 20
309.0
 30
0.0
 40
1.4
  1
ВВГнг(А)-LS 3×2,5, 30.6 м, 1.5 кВт
 50
-90.0
  7
GOST
 11
469.57826086956527
 21
309.0
 31
0.0
100
AcDbText
  0
TEXT
  5
17A
330
17
100
AcDbEntity
  8
TEXT
 62
7
100
AcDbText
 10
472.1782608695653
 20
309.0
 30
0.0
 40
1.4
  1
Розетки детской (со шторками)
 50
-90.0
  7
GOST
 11
472.1782608695653
 21
309.0
 31
0.0
100
AcDbText
  0
LWPOLYLINE
  5
17B
330
17
100
AcDbEntity
  8
TEXT
 62
7
370
35
100
AcDbPolyline
 90
2
 70
0
 10
494.2608695652174
 20
350.0
 10
494.2608695652174
 20
316.0
  0
HATCH
  5
17C
330
17
100
AcDbEntity
  8
TEXT
 62
7
420
16777215
100
AcDbHatch
 10
0.0
 20
0.0
 30
0.0
210
0.0
220
0.0
230
1.0
  2
SOLID
 70
1
 71
0
 91
1
 92
3
 72
0
 73
1
 93
4
 10
491.66086956521735
 20
334.0
 10
496.8608695652174
 20
334.0
 10
496.8608695652174
 20
344.0
 10
491.66086956521735
 20
344.0
 97
0
 75
1
 76
1
 98
0
  0
LWPOLYLINE
  5
17D
330
17
100
AcDbEntity
  8
TEXT
 62
7
370
35
100
AcDbPolyline
 90
4
 70
1
 10
491.66086956521735
 20
334.0
 10
496.8608695652174
 20
334.0
 10
496.8608695652174
 20
344.0
 10
491.66086956521735
 20
344.0
  0
TEXT
  5
17E
330
17
100
AcDbEntity
  8
TEXT
 62
7
100
AcDbText
 10
494.2608695652174
 20
338.0
 30
0.0
 40
1.2
  1
АВДТ
  7
GOST
 72
1
 11
494.2608695652174
 21
338.0
 31
0.0
100
AcDbText
  0
TEXT
  5
17F
330
17
100
AcDbEntity
  8
TEXT
 62
7
100
AcDbText
 10
494.2608695652174
 20
335.4
 30
0.0
 40
1.1
  1
30 мА
  7
GOST
 72
1
 11
494.2608695652174
 21
335.4
 31
0.0
100
AcDbText
  0
TEXT
  5
180
330
17
100
AcDbEntity
  8
TEXT
 62
7
100
AcDbText
 10
494.2608695652174
 20
345.0
 30
0.0
 40
1.3
  1
1P+N C16
  7
GOST
 72
1
 11
494.2608695652174
 21
345.0
 31
0.0
100
AcDbText
  0
HATCH
  5
181
330
17
100
AcDbEntity
  8
TEXT
 62
7
100
AcDbHatch
 10
0.0
 20
0.0
 30
0.0
210
0.0
220
0.0
230
1.0
  2
SOLID
 70
1
 71
0
 91
1
 92
1
 93
1
 72
2
 10
494.2608695652174
 20
316.0
 40
0.6
 50
0
 51
360
 73
1
 97
0
 75
1
 76
1
 98
0
  0
CIRCLE
  5
182
330
17
100
AcDbEntity
  8
TEXT
 62
7
370
25
100
AcDbCircle
 10
494.2608695652174
 20
316.0
 30
0.0
 40
0.6
  0
TEXT
  5
183
330
17
100
AcDbEntity
  8
TEXT
 62
7
100
AcDbText
 10
494.2608695652174
 20
311.0
 30
0.0
 40
2.0
  1
C20
  7
GOST
 72
1
 11
494.2608695652174
 21
311.0
 31
0.0
100
AcDbText
  0
TEXT
  5
184
330
17
100
AcDbEntity
  8
TEXT
 62
7
100
AcDbText
 10
492.3608695652174
 20
309.0
 30
0.0
 40
1.4
  1
ВВГнг(А)-LS 3×2,5, 15.8 м, 2.3 кВт
 50
-90.0
  7
GOST
 11
492.3608695652174
 21
309.0
 31
0.0
100
AcDbText
  0
TEXT
  5
185
330
17
100
AcDbEntity
  8
TEXT
 62
7
100
AcDbText
 10
494.9608695652174
 20
309.0
 30
0.0
 40
1.4
  1
Бризеры спальни и детской
 50
-90.0
  7
GOST
 11
494.9608695652174
 21
309.0
 31
0.0
100
AcDbText
  0
LWPOLYLINE
  5
186
330
17
100
AcDbEntity
  8
TEXT
 62
7
370
35
100
AcDbPolyline
 90
2
 70
0
 10
517.0434782608696
 20
350.0
 10
517.0434782608696
 20
316.0
  0
HATCH
  5
187
330
17
100
AcDbEntity
  8
TEXT
 62
7
420
16777215
100
AcDbHatch
 10
0.0
 20
0.0
 30
0.0
210
0.0
220
0.0
230
1.0
  2
SOLID
 70
1
 71
0
 91
1
 92
3
 72
0
 73
1
 93
4
 10
514.4434782608696
 20
334.0
 10
519.6434782608696
 20
334.0
 10
519.6434782608696
 20
344.0
 10
514.4434782608696
 20
344.0
 97
0
 75
1
 76
1
 98
0
  0
LWPOLYLINE
  5
188
330
17
100
AcDbEntity
  8
TEXT
 62
7
370
35
100
AcDbPolyline
 90
4
 70
1
 10
514.4434782608696
 20
334.0
 10
519.6434782608696
 20
334.0
 10
519.6434782608696
 20
344.0
 10
514.4434782608696
 20
344.0
  0
TEXT
  5
189
330
17
100
AcDbEntity
  8
TEXT
 62
7
100
AcDbText
 10
517.0434782608696
 20
338.0
 30
0.0
 40
1.2
  1
АВДТ
  7
GOST
 72
1
 11
517.0434782608696
 21
338.0
 31
0.0
100
AcDbText
  0
TEXT
  5
18A
330
17
100
AcDbEntity
  8
TEXT
 62
7
100
AcDbText
 10
517.0434782608696
 20
335.4
 30
0.0
 40
1.1
  1
30 мА
  7
GOST
 72
1
 11
517.0434782608696
 21
335.4
 31
0.0
100
AcDbText
  0
TEXT
  5
18B
330
17
100
AcDbEntity
  8
TEXT
 62
7
100
AcDbText
 10
517.0434782608696
 20
345.0
 30
0.0
 40
1.3
  1
1P+N C16
  7
GOST
 72
1
 11
517.0434782608696
 21
345.0
 31
0.0
100
AcDbText
  0
HATCH
  5
18C
330
17
100
AcDbEntity
  8
TEXT
 62
7
100
AcDbHatch
 10
0.0
 20
0.0
 30
0.0
210
0.0
220
0.0
230
1.0
  2
SOLID
 70
1
 71
0
 91
1
 92
1
 93
1
 72
2
 10
517.0434782608696
 20
316.0
 40
0.6
 50
0
 51
360
 73
1
 97
0
 75
1
 76
1
 98
0
  0
CIRCLE
  5
18D
330
17
100
AcDbEntity
  8
TEXT
 62
7
370
25
100
AcDbCircle
 10
517.0434782608696
 20
316.0
 30
0.0
 40
0.6
  0
TEXT
  5
18E
330
17
100
AcDbEntity
  8
TEXT
 62
7
100
AcDbText
 10
517.0434782608696
 20
311.0
 30
0.0
 40
2.0
  1
C21
  7
GOST
 72
1
 11
517.0434782608696
 21
311.0
 31
0.0
100
AcDbText
  0
TEXT
  5
18F
330
17
100
AcDbEntity
  8
TEXT
 62
7
100
AcDbText
 10
515.1434782608695
 20
309.0
 30
0.0
 40
1.4
  1
ВВГнг(А)-LS 3×2,5, 26.6 м, 1.5 кВт
 50
-90.0
  7
GOST
 11
515.1434782608695
 21
309.0
 31
0.0
100
AcDbText
  0
TEXT
  5
190
330
17
100
AcDbEntity
  8
TEXT
 62
7
100
AcDbText
 10
517.7434782608696
 20
309.0
 30
0.0
 40
1.4
  1
Розетки прихожей, коридора, пенала постирочной …
 50
-90.0
  7
GOST
 11
517.7434782608696
 21
309.0
 31
0.0
100
AcDbText
  0
LWPOLYLINE
  5
191
330
17
100
AcDbEntity
  8
TEXT
 62
7
370
35
100
AcDbPolyline
 90
2
 70
0
 10
539.8260869565219
 20
350.0
 10
539.8260869565219
 20
316.0
  0
HATCH
  5
192
330
17
100
AcDbEntity
  8
TEXT
 62
7
420
16777215
100
AcDbHatch
 10
0.0
 20
0.0
 30
0.0
210
0.0
220
0.0
230
1.0
  2
SOLID
 70
1
 71
0
 91
1
 92
3
 72
0
 73
1
 93
4
 10
537.2260869565218
 20
334.0
 10
542.4260869565219
 20
334.0
 10
542.4260869565219
 20
344.0
 10
537.2260869565218
 20
344.0
 97
0
 75
1
 76
1
 98
0
  0
LWPOLYLINE
  5
193
330
17
100
AcDbEntity
  8
TEXT
 62
7
370
35
100
AcDbPolyline
 90
4
 70
1
 10
537.2260869565218
 20
334.0
 10
542.4260869565219
 20
334.0
 10
542.4260869565219
 20
344.0
 10
537.2260869565218
 20
344.0
  0
TEXT
  5
194
330
17
100
AcDbEntity
  8
TEXT
 62
7
100
AcDbText
 10
539.8260869565219
 20
338.0
 30
0.0
 40
1.2
  1
АВДТ
  7
GOST
 72
1
 11
539.8260869565219
 21
338.0
 31
0.0
100
AcDbText
  0
TEXT
  5
195
330
17
100
AcDbEntity
  8
TEXT
 62
7
100
AcDbText
 10
539.8260869565219
 20
335.4
 30
0.0
 40
1.1
  1
30 мА
  7
GOST
 72
1
 11
539.8260869565219
 21
335.4
 31
0.0
100
AcDbText
  0
TEXT
  5
196
330
17
100
AcDbEntity
  8
TEXT
 62
7
100
AcDbText
 10
539.8260869565219
 20
345.0
 30
0.0
 40
1.3
  1
1P+N C16
  7
GOST
 72
1
 11
539.8260869565219
 21
345.0
 31
0.0
100
AcDbText
  0
HATCH
  5
197
330
17
100
AcDbEntity
  8
TEXT
 62
7
100
AcDbHatch
 10
0.0
 20
0.0
 30
0.0
210
0.0
220
0.0
230
1.0
  2
SOLID
 70
1
 71
0
 91
1
 92
1
 93
1
 72
2
 10
539.8260869565219
 20
316.0
 40
0.6
 50
0
 51
360
 73
1
 97
0
 75
1
 76
1
 98
0
  0
CIRCLE
  5
198
330
17
100
AcDbEntity
  8
TEXT
 62
7
370
25
100
AcDbCircle
 10
539.8260869565219
 20
316.0
 30
0.0
 40
0.6
  0
TEXT
  5
199
330
17
100
AcDbEntity
  8
TEXT
 62
7
100
AcDbText
 10
539.8260869565219
 20
311.0
 30
0.0
 40
2.0
  1
C22
  7
GOST
 72
1
 11
539.8260869565219
 21
311.0
 31
0.0
100
AcDbText
  0
TEXT
  5
19A
330
17
100
AcDbEntity
  8
TEXT
 62
7
100
AcDbText
 10
537.9260869565218
 20
309.0
 30
0.0
 40
1.4
  1
ВВГнг(А)-LS 3×2,5, 3.6 м, 0.1 кВт
 50
-90.0
  7
GOST
 11
537.9260869565218
 21
309.0
 31
0.0
100
AcDbText
  0
TEXT
  5
19B
330
17
100
AcDbEntity
  8
TEXT
 62
7
100
AcDbText
 10
540.5260869565218
 20
309.0
 30
0.0
 40
1.4
  1
СС-щит U16 (роутер, шлюз, контроллер протечек)
 50
-90.0
  7
GOST
 11
540.5260869565218
 21
309.0
 31
0.0
100
AcDbText
  0
LWPOLYLINE
  5
19C
330
17
100
AcDbEntity
  8
TEXT
 62
7
370
35
100
AcDbPolyline
 90
2
 70
0
 10
562.608695652174
 20
350.0
 10
562.608695652174
 20
316.0
  0
TEXT
  5
19D
330
17
100
AcDbEntity
  8
TEXT
 62
7
100
AcDbText
 10
562.608695652174
 20
345.0
 30
0.0
 40
1.3
  1
—
  7
GOST
 72
1
 11
562.608695652174
 21
345.0
 31
0.0
100
AcDbText
  0
HATCH
  5
19E
330
17
100
AcDbEntity
  8
TEXT
 62
7
100
AcDbHatch
 10
0.0
 20
0.0
 30
0.0
210
0.0
220
0.0
230
1.0
  2
SOLID
 70
1
 71
0
 91
1
 92
1
 93
1
 72
2
 10
562.608695652174
 20
316.0
 40
0.6
 50
0
 51
360
 73
1
 97
0
 75
1
 76
1
 98
0
  0
CIRCLE
  5
19F
330
17
100
AcDbEntity
  8
TEXT
 62
7
370
25
100
AcDbCircle
 10
562.608695652174
 20
316.0
 30
0.0
 40
0.6
  0
TEXT
  5
1A0
330
17
100
AcDbEntity
  8
TEXT
 62
7
100
AcDbText
 10
562.608695652174
 20
311.0
 30
0.0
 40
2.0
  1
R1-R2
  7
GOST
 72
1
 11
562.608695652174
 21
311.0
 31
0.0
100
AcDbText
  0
TEXT
  5
1A1
330
17
100
AcDbEntity
  8
TEXT
 62
7
100
AcDbText
 10
560.7086956521739
 20
309.0
 30
0.0
 40
1.4
  1
—, 0 м, 0 кВт
 50
-90.0
  7
GOST
 11
560.7086956521739
 21
309.0
 31
0.0
100
AcDbText
  0
TEXT
  5
1A2
330
17
100
AcDbEntity
  8
TEXT
 62
7
100
AcDbText
 10
563.3086956521739
 20
309.0
 30
0.0
 40
1.4
  1
Резерв (2 места: кондиционер/бойлер — сейчас не…
 50
-90.0
  7
GOST
 11
563.3086956521739
 21
309.0
 31
0.0
100
AcDbText
  0
TEXT
  5
1A3
330
17
100
AcDbEntity
  8
TEXT
 62
7
100
AcDbText
 10
22.0
 20
245.09187242798353
 30
0.0
 40
2.5
  1
Таблица групп (panel.json)
  7
GOST
 11
22.0
 21
245.09187242798353
 31
0.0
100
AcDbText
  0
HATCH
  5
1A4
330
17
100
AcDbEntity
  8
TEXT
 62
7
420
15132390
100
AcDbHatch
 10
0.0
 20
0.0
 30
0.0
210
0.0
220
0.0
230
1.0
  2
SOLID
 70
1
 71
0
 91
1
 92
3
 72
0
 73
1
 93
4
 10
22.0
 20
239.29187242798355
 10
250.0
 20
239.29187242798355
 10
250.0
 20
243.49187242798354
 10
22.0
 20
243.49187242798354
 97
0
 75
1
 76
1
 98
0
  0
LWPOLYLINE
  5
1A5
330
17
100
AcDbEntity
  8
TEXT
 62
7
370
25
100
AcDbPolyline
 90
4
 70
1
 10
22.0
 20
239.29187242798355
 10
250.0
 20
239.29187242798355
 10
250.0
 20
243.49187242798354
 10
22.0
 20
243.49187242798354
  0
LWPOLYLINE
  5
1A6
330
17
100
AcDbEntity
  8
TEXT
 62
7
370
15
100
AcDbPolyline
 90
2
 70
0
 10
22.0
 20
243.49187242798354
 10
22.0
 20
239.29187242798355
  0
TEXT
  5
1A7
330
17
100
AcDbEntity
  8
TEXT
 62
7
100
AcDbText
 10
22.8
 20
241.09187242798353
 30
0.0
 40
1.4
  1
Гр.
  7
GOST
 11
22.8
 21
241.09187242798353
 31
0.0
100
AcDbText
  0
LWPOLYLINE
  5
1A8
330
17
100
AcDbEntity
  8
TEXT
 62
7
370
15
100
AcDbPolyline
 90
2
 70
0
 10
31.0
 20
243.49187242798354
 10
31.0
 20
239.29187242798355
  0
TEXT
  5
1A9
330
17
100
AcDbEntity
  8
TEXT
 62
7
100
AcDbText
 10
31.8
 20
241.09187242798353
 30
0.0
 40
1.4
  1
Назначение
  7
GOST
 11
31.8
 21
241.09187242798353
 31
0.0
100
AcDbText
  0
LWPOLYLINE
  5
1AA
330
17
100
AcDbEntity
  8
TEXT
 62
7
370
15
100
AcDbPolyline
 90
2
 70
0
 10
101.0
 20
243.49187242798354
 10
101.0
 20
239.29187242798355
  0
TEXT
  5
1AB
330
17
100
AcDbEntity
  8
TEXT
 62
7
100
AcDbText
 10
101.8
 20
241.09187242798353
 30
0.0
 40
1.4
  1
Аппарат
  7
GOST
 11
101.8
 21
241.09187242798353
 31
0.0
100
AcDbText
  0
LWPOLYLINE
  5
1AC
330
17
100
AcDbEntity
  8
TEXT
 62
7
370
15
100
AcDbPolyline
 90
2
 70
0
 10
115.0
 20
243.49187242798354
 10
115.0
 20
239.29187242798355
  0
TEXT
  5
1AD
330
17
100
AcDbEntity
  8
TEXT
 62
7
100
AcDbText
 10
115.8
 20
241.09187242798353
 30
0.0
 40
1.4
  1
Тип
  7
GOST
 11
115.8
 21
241.09187242798353
 31
0.0
100
AcDbText
  0
LWPOLYLINE
  5
1AE
330
17
100
AcDbEntity
  8
TEXT
 62
7
370
15
100
AcDbPolyline
 90
2
 70
0
 10
149.0
 20
243.49187242798354
 10
149.0
 20
239.29187242798355
  0
TEXT
  5
1AF
330
17
100
AcDbEntity
  8
TEXT
 62
7
100
AcDbText
 10
149.8
 20
241.09187242798353
 30
0.0
 40
1.4
  1
УЗО
  7
GOST
 11
149.8
 21
241.09187242798353
 31
0.0
100
AcDbText
  0
LWPOLYLINE
  5
1B0
330
17
100
AcDbEntity
  8
TEXT
 62
7
370
15
100
AcDbPolyline
 90
2
 70
0
 10
177.0
 20
243.49187242798354
 10
177.0
 20
239.29187242798355
  0
TEXT
  5
1B1
330
17
100
AcDbEntity
  8
TEXT
 62
7
100
AcDbText
 10
177.8
 20
241.09187242798353
 30
0.0
 40
1.4
  1
Кабель
  7
GOST
 11
177.8
 21
241.09187242798353
 31
0.0
100
AcDbText
  0
LWPOLYLINE
  5
1B2
330
17
100
AcDbEntity
  8
TEXT
 62
7
370
15
100
AcDbPolyline
 90
2
 70
0
 10
201.0
 20
243.49187242798354
 10
201.0
 20
239.29187242798355
  0
TEXT
  5
1B3
330
17
100
AcDbEntity
  8
TEXT
 62
7
100
AcDbText
 10
201.8
 20
241.09187242798353
 30
0.0
 40
1.4
  1
L, м
  7
GOST
 11
201.8
 21
241.09187242798353
 31
0.0
100
AcDbText
  0
LWPOLYLINE
  5
1B4
330
17
100
AcDbEntity
  8
TEXT
 62
7
370
15
100
AcDbPolyline
 90
2
 70
0
 10
211.0
 20
243.49187242798354
 10
211.0
 20
239.29187242798355
  0
TEXT
  5
1B5
330
17
100
AcDbEntity
  8
TEXT
 62
7
100
AcDbText
 10
211.8
 20
241.09187242798353
 30
0.0
 40
1.4
  1
Точ.
  7
GOST
 11
211.8
 21
241.09187242798353
 31
0.0
100
AcDbText
  0
LWPOLYLINE
  5
1B6
330
17
100
AcDbEntity
  8
TEXT
 62
7
370
15
100
AcDbPolyline
 90
2
 70
0
 10
220.0
 20
243.49187242798354
 10
220.0
 20
239.29187242798355
  0
TEXT
  5
1B7
330
17
100
AcDbEntity
  8
TEXT
 62
7
100
AcDbText
 10
220.8
 20
241.09187242798353
 30
0.0
 40
1.4
  1
Pу, кВт
  7
GOST
 11
220.8
 21
241.09187242798353
 31
0.0
100
AcDbText
  0
LWPOLYLINE
  5
1B8
330
17
100
AcDbEntity
  8
TEXT
 62
7
370
15
100
AcDbPolyline
 90
2
 70
0
 10
231.0
 20
243.49187242798354
 10
231.0
 20
239.29187242798355
  0
TEXT
  5
1B9
330
17
100
AcDbEntity
  8
TEXT
 62
7
100
AcDbText
 10
231.8
 20
241.09187242798353
 30
0.0
 40
1.4
  1
Кс
  7
GOST
 11
231.8
 21
241.09187242798353
 31
0.0
100
AcDbText
  0
LWPOLYLINE
  5
1BA
330
17
100
AcDbEntity
  8
TEXT
 62
7
370
15
100
AcDbPolyline
 90
2
 70
0
 10
239.0
 20
243.49187242798354
 10
239.0
 20
239.29187242798355
  0
TEXT
  5
1BB
330
17
100
AcDbEntity
  8
TEXT
 62
7
100
AcDbText
 10
239.8
 20
241.09187242798353
 30
0.0
 40
1.4
  1
Pр, кВт
  7
GOST
 11
239.8
 21
241.09187242798353
 31
0.0
100
AcDbText
  0
LWPOLYLINE
  5
1BC
330
17
100
AcDbEntity
  8
TEXT
 62
7
370
15
100
AcDbPolyline
 90
2
 70
0
 10
250.0
 20
243.49187242798354
 10
250.0
 20
239.29187242798355
  0
LWPOLYLINE
  5
1BD
330
17
100
AcDbEntity
  8
TEXT
 62
7
370
15
100
AcDbPolyline
 90
4
 70
1
 10
22.0
 20
233.86187242798354
 10
250.0
 20
233.86187242798354
 10
250.0
 20
239.29187242798355
 10
22.0
 20
239.29187242798355
  0
LWPOLYLINE
  5
1BE
330
17
100
AcDbEntity
  8
TEXT
 62
7
370
15
100
AcDbPolyline
 90
2
 70
0
 10
22.0
 20
239.29187242798355
 10
22.0
 20
233.86187242798354
  0
TEXT
  5
1BF
330
17
100
AcDbEntity
  8
TEXT
 62
7
100
AcDbText
 10
22.8
 20
236.89187242798354
 30
0.0
 40
1.4
  1
C1
  7
GOST
 11
22.8
 21
236.89187242798354
 31
0.0
100
AcDbText
  0
LWPOLYLINE
  5
1C0
330
17
100
AcDbEntity
  8
TEXT
 62
7
370
15
100
AcDbPolyline
 90
2
 70
0
 10
31.0
 20
239.29187242798355
 10
31.0
 20
233.86187242798354
  0
TEXT
  5
1C1
330
17
100
AcDbEntity
  8
TEXT
 62
7
100
AcDbText
 10
31.8
 20
236.89187242798354
 30
0.0
 40
1.4
  1
Освещение: кухня-столовая, балкон (L1–L7)
  7
GOST
 11
31.8
 21
236.89187242798354
 31
0.0
100
AcDbText
  0
LWPOLYLINE
  5
1C2
330
17
100
AcDbEntity
  8
TEXT
 62
7
370
15
100
AcDbPolyline
 90
2
 70
0
 10
101.0
 20
239.29187242798355
 10
101.0
 20
233.86187242798354
  0
TEXT
  5
1C3
330
17
100
AcDbEntity
  8
TEXT
 62
7
100
AcDbText
 10
101.8
 20
236.89187242798354
 30
0.0
 40
1.4
  1
1P C10
  7
GOST
 11
101.8
 21
236.89187242798354
 31
0.0
100
AcDbText
  0
LWPOLYLINE
  5
1C4
330
17
100
AcDbEntity
  8
TEXT
 62
7
370
15
100
AcDbPolyline
 90
2
 70
0
 10
115.0
 20
239.29187242798355
 10
115.0
 20
233.86187242798354
  0
TEXT
  5
1C5
330
17
100
AcDbEntity
  8
TEXT
 62
7
100
AcDbText
 10
115.8
 20
236.89187242798354
 30
0.0
 40
1.4
  1
автоматический выключатель
  7
GOST
 11
115.8
 21
236.89187242798354
 31
0.0
100
AcDbText
  0
TEXT
  5
1C6
330
17
100
AcDbEntity
  8
TEXT
 62
7
100
AcDbText
 10
115.8
 20
234.86187242798354
 30
0.0
 40
1.4
  1
1P, 6 кА
  7
GOST
 11
115.8
 21
234.86187242798354
 31
0.0
100
AcDbText
  0
LWPOLYLINE
  5
1C7
330
17
100
AcDbEntity
  8
TEXT
 62
7
370
15
100
AcDbPolyline
 90
2
 70
0
 10
149.0
 20
239.29187242798355
 10
149.0
 20
233.86187242798354
  0
TEXT
  5
1C8
330
17
100
AcDbEntity
  8
TEXT
 62
7
100
AcDbText
 10
149.8
 20
236.89187242798354
 30
0.0
 40
1.4
  1
— (защита УЗО 100 мА S
  7
GOST
 11
149.8
 21
236.89187242798354
 31
0.0
100
AcDbText
  0
TEXT
  5
1C9
330
17
100
AcDbEntity
  8
TEXT
 62
7
100
AcDbText
 10
149.8
 20
234.86187242798354
 30
0.0
 40
1.4
  1
на вводе)
  7
GOST
 11
149.8
 21
234.86187242798354
 31
0.0
100
AcDbText
  0
LWPOLYLINE
  5
1CA
330
17
100
AcDbEntity
  8
TEXT
 62
7
370
15
100
AcDbPolyline
 90
2
 70
0
 10
177.0
 20
239.29187242798355
 10
177.0
 20
233.86187242798354
  0
TEXT
  5
1CB
330
17
100
AcDbEntity
  8
TEXT
 62
7
100
AcDbText
 10
177.8
 20
236.89187242798354
 30
0.0
 40
1.4
  1
ВВГнг(А)-LS 3×1,5
  7
GOST
 11
177.8
 21
236.89187242798354
 31
0.0
100
AcDbText
  0
LWPOLYLINE
  5
1CC
330
17
100
AcDbEntity
  8
TEXT
 62
7
370
15
100
AcDbPolyline
 90
2
 70
0
 10
201.0
 20
239.29187242798355
 10
201.0
 20
233.86187242798354
  0
TEXT
  5
1CD
330
17
100
AcDbEntity
  8
TEXT
 62
7
100
AcDbText
 10
201.8
 20
236.89187242798354
 30
0.0
 40
1.4
  1
84.0
  7
GOST
 11
201.8
 21
236.89187242798354
 31
0.0
100
AcDbText
  0
LWPOLYLINE
  5
1CE
330
17
100
AcDbEntity
  8
TEXT
 62
7
370
15
100
AcDbPolyline
 90
2
 70
0
 10
211.0
 20
239.29187242798355
 10
211.0
 20
233.86187242798354
  0
TEXT
  5
1CF
330
17
100
AcDbEntity
  8
TEXT
 62
7
100
AcDbText
 10
211.8
 20
236.89187242798354
 30
0.0
 40
1.4
  1
23
  7
GOST
 11
211.8
 21
236.89187242798354
 31
0.0
100
AcDbText
  0
LWPOLYLINE
  5
1D0
330
17
100
AcDbEntity
  8
TEXT
 62
7
370
15
100
AcDbPolyline
 90
2
 70
0
 10
220.0
 20
239.29187242798355
 10
220.0
 20
233.86187242798354
  0
TEXT
  5
1D1
330
17
100
AcDbEntity
  8
TEXT
 62
7
100
AcDbText
 10
220.8
 20
236.89187242798354
 30
0.0
 40
1.4
  1
0.2
  7
GOST
 11
220.8
 21
236.89187242798354
 31
0.0
100
AcDbText
  0
LWPOLYLINE
  5
1D2
330
17
100
AcDbEntity
  8
TEXT
 62
7
370
15
100
AcDbPolyline
 90
2
 70
0
 10
231.0
 20
239.29187242798355
 10
231.0
 20
233.86187242798354
  0
TEXT
  5
1D3
330
17
100
AcDbEntity
  8
TEXT
 62
7
100
AcDbText
 10
231.8
 20
236.89187242798354
 30
0.0
 40
1.4
  1
0.8
  7
GOST
 11
231.8
 21
236.89187242798354
 31
0.0
100
AcDbText
  0
LWPOLYLINE
  5
1D4
330
17
100
AcDbEntity
  8
TEXT
 62
7
370
15
100
AcDbPolyline
 90
2
 70
0
 10
239.0
 20
239.29187242798355
 10
239.0
 20
233.86187242798354
  0
TEXT
  5
1D5
330
17
100
AcDbEntity
  8
TEXT
 62
7
100
AcDbText
 10
239.8
 20
236.89187242798354
 30
0.0
 40
1.4
  1
0.16
  7
GOST
 11
239.8
 21
236.89187242798354
 31
0.0
100
AcDbText
  0
LWPOLYLINE
  5
1D6
330
17
100
AcDbEntity
  8
TEXT
 62
7
370
15
100
AcDbPolyline
 90
2
 70
0
 10
250.0
 20
239.29187242798355
 10
250.0
 20
233.86187242798354
  0
LWPOLYLINE
  5
1D7
330
17
100
AcDbEntity
  8
TEXT
 62
7
370
15
100
AcDbPolyline
 90
4
 70
1
 10
22.0
 20
228.43187242798354
 10
250.0
 20
228.43187242798354
 10
250.0
 20
233.86187242798354
 10
22.0
 20
233.86187242798354
  0
LWPOLYLINE
  5
1D8
330
17
100
AcDbEntity
  8
TEXT
 62
7
370
15
100
AcDbPolyline
 90
2
 70
0
 10
22.0
 20
233.86187242798354
 10
22.0
 20
228.43187242798354
  0
TEXT
  5
1D9
330
17
100
AcDbEntity
  8
TEXT
 62
7
100
AcDbText
 10
22.8
 20
231.46187242798354
 30
0.0
 40
1.4
  1
C2
  7
GOST
 11
22.8
 21
231.46187242798354
 31
0.0
100
AcDbText
  0
LWPOLYLINE
  5
1DA
330
17
100
AcDbEntity
  8
TEXT
 62
7
370
15
100
AcDbPolyline
 90
2
 70
0
 10
31.0
 20
233.86187242798354
 10
31.0
 20
228.43187242798354
  0
TEXT
  5
1DB
330
17
100
AcDbEntity
  8
TEXT
 62
7
100
AcDbText
 10
31.8
 20
231.46187242798354
 30
0.0
 40
1.4
  1
Освещение: спальня, детская (L8–L14)
  7
GOST
 11
31.8
 21
231.46187242798354
 31
0.0
100
AcDbText
  0
LWPOLYLINE
  5
1DC
330
17
100
AcDbEntity
  8
TEXT
 62
7
370
15
100
AcDbPolyline
 90
2
 70
0
 10
101.0
 20
233.86187242798354
 10
101.0
 20
228.43187242798354
  0
TEXT
  5
1DD
330
17
100
AcDbEntity
  8
TEXT
 62
7
100
AcDbText
 10
101.8
 20
231.46187242798354
 30
0.0
 40
1.4
  1
1P C10
  7
GOST
 11
101.8
 21
231.46187242798354
 31
0.0
100
AcDbText
  0
LWPOLYLINE
  5
1DE
330
17
100
AcDbEntity
  8
TEXT
 62
7
370
15
100
AcDbPolyline
 90
2
 70
0
 10
115.0
 20
233.86187242798354
 10
115.0
 20
228.43187242798354
  0
TEXT
  5
1DF
330
17
100
AcDbEntity
  8
TEXT
 62
7
100
AcDbText
 10
115.8
 20
231.46187242798354
 30
0.0
 40
1.4
  1
автоматический выключатель
  7
GOST
 11
115.8
 21
231.46187242798354
 31
0.0
100
AcDbText
  0
TEXT
  5
1E0
330
17
100
AcDbEntity
  8
TEXT
 62
7
100
AcDbText
 10
115.8
 20
229.43187242798354
 30
0.0
 40
1.4
  1
1P, 6 кА
  7
GOST
 11
115.8
 21
229.43187242798354
 31
0.0
100
AcDbText
  0
LWPOLYLINE
  5
1E1
330
17
100
AcDbEntity
  8
TEXT
 62
7
370
15
100
AcDbPolyline
 90
2
 70
0
 10
149.0
 20
233.86187242798354
 10
149.0
 20
228.43187242798354
  0
TEXT
  5
1E2
330
17
100
AcDbEntity
  8
TEXT
 62
7
100
AcDbText
 10
149.8
 20
231.46187242798354
 30
0.0
 40
1.4
  1
— (защита УЗО 100 мА S
  7
GOST
 11
149.8
 21
231.46187242798354
 31
0.0
100
AcDbText
  0
TEXT
  5
1E3
330
17
100
AcDbEntity
  8
TEXT
 62
7
100
AcDbText
 10
149.8
 20
229.43187242798354
 30
0.0
 40
1.4
  1
на вводе)
  7
GOST
 11
149.8
 21
229.43187242798354
 31
0.0
100
AcDbText
  0
LWPOLYLINE
  5
1E4
330
17
100
AcDbEntity
  8
TEXT
 62
7
370
15
100
AcDbPolyline
 90
2
 70
0
 10
177.0
 20
233.86187242798354
 10
177.0
 20
228.43187242798354
  0
TEXT
  5
1E5
330
17
100
AcDbEntity
  8
TEXT
 62
7
100
AcDbText
 10
177.8
 20
231.46187242798354
 30
0.0
 40
1.4
  1
ВВГнг(А)-LS 3×1,5
  7
GOST
 11
177.8
 21
231.46187242798354
 31
0.0
100
AcDbText
  0
LWPOLYLINE
  5
1E6
330
17
100
AcDbEntity
  8
TEXT
 62
7
370
15
100
AcDbPolyline
 90
2
 70
0
 10
201.0
 20
233.86187242798354
 10
201.0
 20
228.43187242798354
  0
TEXT
  5
1E7
330
17
100
AcDbEntity
  8
TEXT
 62
7
100
AcDbText
 10
201.8
 20
231.46187242798354
 30
0.0
 40
1.4
  1
91.5
  7
GOST
 11
201.8
 21
231.46187242798354
 31
0.0
100
AcDbText
  0
LWPOLYLINE
  5
1E8
330
17
100
AcDbEntity
  8
TEXT
 62
7
370
15
100
AcDbPolyline
 90
2
 70
0
 10
211.0
 20
233.86187242798354
 10
211.0
 20
228.43187242798354
  0
TEXT
  5
1E9
330
17
100
AcDbEntity
  8
TEXT
 62
7
100
AcDbText
 10
211.8
 20
231.46187242798354
 30
0.0
 40
1.4
  1
21
  7
GOST
 11
211.8
 21
231.46187242798354
 31
0.0
100
AcDbText
  0
LWPOLYLINE
  5
1EA
330
17
100
AcDbEntity
  8
TEXT
 62
7
370
15
100
AcDbPolyline
 90
2
 70
0
 10
220.0
 20
233.86187242798354
 10
220.0
 20
228.43187242798354
  0
TEXT
  5
1EB
330
17
100
AcDbEntity
  8
TEXT
 62
7
100
AcDbText
 10
220.8
 20
231.46187242798354
 30
0.0
 40
1.4
  1
0.2
  7
GOST
 11
220.8
 21
231.46187242798354
 31
0.0
100
AcDbText
  0
LWPOLYLINE
  5
1EC
330
17
100
AcDbEntity
  8
TEXT
 62
7
370
15
100
AcDbPolyline
 90
2
 70
0
 10
231.0
 20
233.86187242798354
 10
231.0
 20
228.43187242798354
  0
TEXT
  5
1ED
330
17
100
AcDbEntity
  8
TEXT
 62
7
100
AcDbText
 10
231.8
 20
231.46187242798354
 30
0.0
 40
1.4
  1
0.8
  7
GOST
 11
231.8
 21
231.46187242798354
 31
0.0
100
AcDbText
  0
LWPOLYLINE
  5
1EE
330
17
100
AcDbEntity
  8
TEXT
 62
7
370
15
100
AcDbPolyline
 90
2
 70
0
 10
239.0
 20
233.86187242798354
 10
239.0
 20
228.43187242798354
  0
TEXT
  5
1EF
330
17
100
AcDbEntity
  8
TEXT
 62
7
100
AcDbText
 10
239.8
 20
231.46187242798354
 30
0.0
 40
1.4
  1
0.16
  7
GOST
 11
239.8
 21
231.46187242798354
 31
0.0
100
AcDbText
  0
LWPOLYLINE
  5
1F0
330
17
100
AcDbEntity
  8
TEXT
 62
7
370
15
100
AcDbPolyline
 90
2
 70
0
 10
250.0
 20
233.86187242798354
 10
250.0
 20
228.43187242798354
  0
LWPOLYLINE
  5
1F1
330
17
100
AcDbEntity
  8
TEXT
 62
7
370
15
100
AcDbPolyline
 90
4
 70
1
 10
22.0
 20
223.00187242798353
 10
250.0
 20
223.00187242798353
 10
250.0
 20
228.43187242798354
 10
22.0
 20
228.43187242798354
  0
LWPOLYLINE
  5
1F2
330
17
100
AcDbEntity
  8
TEXT
 62
7
370
15
100
AcDbPolyline
 90
2
 70
0
 10
22.0
 20
228.43187242798354
 10
22.0
 20
223.00187242798353
  0
TEXT
  5
1F3
330
17
100
AcDbEntity
  8
TEXT
 62
7
100
AcDbText
 10
22.8
 20
226.03187242798353
 30
0.0
 40
1.4
  1
C3
  7
GOST
 11
22.8
 21
226.03187242798353
 31
0.0
100
AcDbText
  0
LWPOLYLINE
  5
1F4
330
17
100
AcDbEntity
  8
TEXT
 62
7
370
15
100
AcDbPolyline
 90
2
 70
0
 10
31.0
 20
228.43187242798354
 10
31.0
 20
223.00187242798353
  0
TEXT
  5
1F5
330
17
100
AcDbEntity
  8
TEXT
 62
7
100
AcDbText
 10
31.8
 20
226.03187242798353
 30
0.0
 40
1.4
  1
Освещение: прихожая, коридор, ванная, постирочная +
  7
GOST
 11
31.8
 21
226.03187242798353
 31
0.0
100
AcDbText
  0
TEXT
  5
1F6
330
17
100
AcDbEntity
  8
TEXT
 62
7
100
AcDbText
 10
31.8
 20
224.00187242798353
 30
0.0
 40
1.4
  1
вентиляторы (L15–L22)
  7
GOST
 11
31.8
 21
224.00187242798353
 31
0.0
100
AcDbText
  0
LWPOLYLINE
  5
1F7
330
17
100
AcDbEntity
  8
TEXT
 62
7
370
15
100
AcDbPolyline
 90
2
 70
0
 10
101.0
 20
228.43187242798354
 10
101.0
 20
223.00187242798353
  0
TEXT
  5
1F8
330
17
100
AcDbEntity
  8
TEXT
 62
7
100
AcDbText
 10
101.8
 20
226.03187242798353
 30
0.0
 40
1.4
  1
1P+N C10
  7
GOST
 11
101.8
 21
226.03187242798353
 31
0.0
100
AcDbText
  0
LWPOLYLINE
  5
1F9
330
17
100
AcDbEntity
  8
TEXT
 62
7
370
15
100
AcDbPolyline
 90
2
 70
0
 10
115.0
 20
228.43187242798354
 10
115.0
 20
223.00187242798353
  0
TEXT
  5
1FA
330
17
100
AcDbEntity
  8
TEXT
 62
7
100
AcDbText
 10
115.8
 20
226.03187242798353
 30
0.0
 40
1.4
  1
АВДТ 1P+N, 1 модуль, 6 кА
  7
GOST
 11
115.8
 21
226.03187242798353
 31
0.0
100
AcDbText
  0
LWPOLYLINE
  5
1FB
330
17
100
AcDbEntity
  8
TEXT
 62
7
370
15
100
AcDbPolyline
 90
2
 70
0
 10
149.0
 20
228.43187242798354
 10
149.0
 20
223.00187242798353
  0
TEXT
  5
1FC
330
17
100
AcDbEntity
  8
TEXT
 62
7
100
AcDbText
 10
149.8
 20
226.03187242798353
 30
0.0
 40
1.4
  1
30 мА, тип A
  7
GOST
 11
149.8
 21
226.03187242798353
 31
0.0
100
AcDbText
  0
LWPOLYLINE
  5
1FD
330
17
100
AcDbEntity
  8
TEXT
 62
7
370
15
100
AcDbPolyline
 90
2
 70
0
 10
177.0
 20
228.43187242798354
 10
177.0
 20
223.00187242798353
  0
TEXT
  5
1FE
330
17
100
AcDbEntity
  8
TEXT
 62
7
100
AcDbText
 10
177.8
 20
226.03187242798353
 30
0.0
 40
1.4
  1
ВВГнг(А)-LS 3×1,5
  7
GOST
 11
177.8
 21
226.03187242798353
 31
0.0
100
AcDbText
  0
LWPOLYLINE
  5
1FF
330
17
100
AcDbEntity
  8
TEXT
 62
7
370
15
100
AcDbPolyline
 90
2
 70
0
 10
201.0
 20
228.43187242798354
 10
201.0
 20
223.00187242798353
  0
TEXT
  5
200
330
17
100
AcDbEntity
  8
TEXT
 62
7
100
AcDbText
 10
201.8
 20
226.03187242798353
 30
0.0
 40
1.4
  1
65.1
  7
GOST
 11
201.8
 21
226.03187242798353
 31
0.0
100
AcDbText
  0
LWPOLYLINE
  5
201
330
17
100
AcDbEntity
  8
TEXT
 62
7
370
15
100
AcDbPolyline
 90
2
 70
0
 10
211.0
 20
228.43187242798354
 10
211.0
 20
223.00187242798353
  0
TEXT
  5
202
330
17
100
AcDbEntity
  8
TEXT
 62
7
100
AcDbText
 10
211.8
 20
226.03187242798353
 30
0.0
 40
1.4
  1
28
  7
GOST
 11
211.8
 21
226.03187242798353
 31
0.0
100
AcDbText
  0
LWPOLYLINE
  5
203
330
17
100
AcDbEntity
  8
TEXT
 62
7
370
15
100
AcDbPolyline
 90
2
 70
0
 10
220.0
 20
228.43187242798354
 10
220.0
 20
223.00187242798353
  0
TEXT
  5
204
330
17
100
AcDbEntity
  8
TEXT
 62
7
100
AcDbText
 10
220.8
 20
226.03187242798353
 30
0.0
 40
1.4
  1
0.14
  7
GOST
 11
220.8
 21
226.03187242798353
 31
0.0
100
AcDbText
  0
LWPOLYLINE
  5
205
330
17
100
AcDbEntity
  8
TEXT
 62
7
370
15
100
AcDbPolyline
 90
2
 70
0
 10
231.0
 20
228.43187242798354
 10
231.0
 20
223.00187242798353
  0
TEXT
  5
206
330
17
100
AcDbEntity
  8
TEXT
 62
7
100
AcDbText
 10
231.8
 20
226.03187242798353
 30
0.0
 40
1.4
  1
0.8
  7
GOST
 11
231.8
 21
226.03187242798353
 31
0.0
100
AcDbText
  0
LWPOLYLINE
  5
207
330
17
100
AcDbEntity
  8
TEXT
 62
7
370
15
100
AcDbPolyline
 90
2
 70
0
 10
239.0
 20
228.43187242798354
 10
239.0
 20
223.00187242798353
  0
TEXT
  5
208
330
17
100
AcDbEntity
  8
TEXT
 62
7
100
AcDbText
 10
239.8
 20
226.03187242798353
 30
0.0
 40
1.4
  1
0.11
  7
GOST
 11
239.8
 21
226.03187242798353
 31
0.0
100
AcDbText
  0
LWPOLYLINE
  5
209
330
17
100
AcDbEntity
  8
TEXT
 62
7
370
15
100
AcDbPolyline
 90
2
 70
0
 10
250.0
 20
228.43187242798354
 10
250.0
 20
223.00187242798353
  0
LWPOLYLINE
  5
20A
330
17
100
AcDbEntity
  8
TEXT
 62
7
370
15
100
AcDbPolyline
 90
4
 70
1
 10
22.0
 20
219.60187242798352
 10
250.0
 20
219.60187242798352
 10
250.0
 20
223.00187242798353
 10
22.0
 20
223.00187242798353
  0
LWPOLYLINE
  5
20B
330
17
100
AcDbEntity
  8
TEXT
 62
7
370
15
100
AcDbPolyline
 90
2
 70
0
 10
22.0
 20
223.00187242798353
 10
22.0
 20
219.60187242798352
  0
TEXT
  5
20C
330
17
100
AcDbEntity
  8
TEXT
 62
7
100
AcDbText
 10
22.8
 20
220.60187242798352
 30
0.0
 40
1.4
  1
C4
  7
GOST
 11
22.8
 21
220.60187242798352
 31
0.0
100
AcDbText
  0
LWPOLYLINE
  5
20D
330
17
100
AcDbEntity
  8
TEXT
 62
7
370
15
100
AcDbPolyline
 90
2
 70
0
 10
31.0
 20
223.00187242798353
 10
31.0
 20
219.60187242798352
  0
TEXT
  5
20E
330
17
100
AcDbEntity
  8
TEXT
 62
7
100
AcDbText
 10
31.8
 20
220.60187242798352
 30
0.0
 40
1.4
  1
Розетки кухни — фартук (4 двойные)
  7
GOST
 11
31.8
 21
220.60187242798352
 31
0.0
100
AcDbText
  0
LWPOLYLINE
  5
20F
330
17
100
AcDbEntity
  8
TEXT
 62
7
370
15
100
AcDbPolyline
 90
2
 70
0
 10
101.0
 20
223.00187242798353
 10
101.0
 20
219.60187242798352
  0
TEXT
  5
210
330
17
100
AcDbEntity
  8
TEXT
 62
7
100
AcDbText
 10
101.8
 20
220.60187242798352
 30
0.0
 40
1.4
  1
1P+N C16
  7
GOST
 11
101.8
 21
220.60187242798352
 31
0.0
100
AcDbText
  0
LWPOLYLINE
  5
211
330
17
100
AcDbEntity
  8
TEXT
 62
7
370
15
100
AcDbPolyline
 90
2
 70
0
 10
115.0
 20
223.00187242798353
 10
115.0
 20
219.60187242798352
  0
TEXT
  5
212
330
17
100
AcDbEntity
  8
TEXT
 62
7
100
AcDbText
 10
115.8
 20
220.60187242798352
 30
0.0
 40
1.4
  1
АВДТ 1P+N, 1 модуль, 6 кА
  7
GOST
 11
115.8
 21
220.60187242798352
 31
0.0
100
AcDbText
  0
LWPOLYLINE
  5
213
330
17
100
AcDbEntity
  8
TEXT
 62
7
370
15
100
AcDbPolyline
 90
2
 70
0
 10
149.0
 20
223.00187242798353
 10
149.0
 20
219.60187242798352
  0
TEXT
  5
214
330
17
100
AcDbEntity
  8
TEXT
 62
7
100
AcDbText
 10
149.8
 20
220.60187242798352
 30
0.0
 40
1.4
  1
30 мА, тип A
  7
GOST
 11
149.8
 21
220.60187242798352
 31
0.0
100
AcDbText
  0
LWPOLYLINE
  5
215
330
17
100
AcDbEntity
  8
TEXT
 62
7
370
15
100
AcDbPolyline
 90
2
 70
0
 10
177.0
 20
223.00187242798353
 10
177.0
 20
219.60187242798352
  0
TEXT
  5
216
330
17
100
AcDbEntity
  8
TEXT
 62
7
100
AcDbText
 10
177.8
 20
220.60187242798352
 30
0.0
 40
1.4
  1
ВВГнг(А)-LS 3×2,5
  7
GOST
 11
177.8
 21
220.60187242798352
 31
0.0
100
AcDbText
  0
LWPOLYLINE
  5
217
330
17
100
AcDbEntity
  8
TEXT
 62
7
370
15
100
AcDbPolyline
 90
2
 70
0
 10
201.0
 20
223.00187242798353
 10
201.0
 20
219.60187242798352
  0
TEXT
  5
218
330
17
100
AcDbEntity
  8
TEXT
 62
7
100
AcDbText
 10
201.8
 20
220.60187242798352
 30
0.0
 40
1.4
  1
24.6
  7
GOST
 11
201.8
 21
220.60187242798352
 31
0.0
100
AcDbText
  0
LWPOLYLINE
  5
219
330
17
100
AcDbEntity
  8
TEXT
 62
7
370
15
100
AcDbPolyline
 90
2
 70
0
 10
211.0
 20
223.00187242798353
 10
211.0
 20
219.60187242798352
  0
TEXT
  5
21A
330
17
100
AcDbEntity
  8
TEXT
 62
7
100
AcDbText
 10
211.8
 20
220.60187242798352
 30
0.0
 40
1.4
  1
4
  7
GOST
 11
211.8
 21
220.60187242798352
 31
0.0
100
AcDbText
  0
LWPOLYLINE
  5
21B
330
17
100
AcDbEntity
  8
TEXT
 62
7
370
15
100
AcDbPolyline
 90
2
 70
0
 10
220.0
 20
223.00187242798353
 10
220.0
 20
219.60187242798352
  0
TEXT
  5
21C
330
17
100
AcDbEntity
  8
TEXT
 62
7
100
AcDbText
 10
220.8
 20
220.60187242798352
 30
0.0
 40
1.4
  1
3.5
  7
GOST
 11
220.8
 21
220.60187242798352
 31
0.0
100
AcDbText
  0
LWPOLYLINE
  5
21D
330
17
100
AcDbEntity
  8
TEXT
 62
7
370
15
100
AcDbPolyline
 90
2
 70
0
 10
231.0
 20
223.00187242798353
 10
231.0
 20
219.60187242798352
  0
TEXT
  5
21E
330
17
100
AcDbEntity
  8
TEXT
 62
7
100
AcDbText
 10
231.8
 20
220.60187242798352
 30
0.0
 40
1.4
  1
0.3
  7
GOST
 11
231.8
 21
220.60187242798352
 31
0.0
100
AcDbText
  0
LWPOLYLINE
  5
21F
330
17
100
AcDbEntity
  8
TEXT
 62
7
370
15
100
AcDbPolyline
 90
2
 70
0
 10
239.0
 20
223.00187242798353
 10
239.0
 20
219.60187242798352
  0
TEXT
  5
220
330
17
100
AcDbEntity
  8
TEXT
 62
7
100
AcDbText
 10
239.8
 20
220.60187242798352
 30
0.0
 40
1.4
  1
1.05
  7
GOST
 11
239.8
 21
220.60187242798352
 31
0.0
100
AcDbText
  0
LWPOLYLINE
  5
221
330
17
100
AcDbEntity
  8
TEXT
 62
7
370
15
100
AcDbPolyline
 90
2
 70
0
 10
250.0
 20
223.00187242798353
 10
250.0
 20
219.60187242798352
  0
LWPOLYLINE
  5
222
330
17
100
AcDbEntity
  8
TEXT
 62
7
370
15
100
AcDbPolyline
 90
4
 70
1
 10
22.0
 20
216.20187242798352
 10
250.0
 20
216.20187242798352
 10
250.0
 20
219.60187242798352
 10
22.0
 20
219.60187242798352
  0
LWPOLYLINE
  5
223
330
17
100
AcDbEntity
  8
TEXT
 62
7
370
15
100
AcDbPolyline
 90
2
 70
0
 10
22.0
 20
219.60187242798352
 10
22.0
 20
216.20187242798352
  0
TEXT
  5
224
330
17
100
AcDbEntity
  8
TEXT
 62
7
100
AcDbText
 10
22.8
 20
217.20187242798352
 30
0.0
 40
1.4
  1
C5
  7
GOST
 11
22.8
 21
217.20187242798352
 31
0.0
100
AcDbText
  0
LWPOLYLINE
  5
225
330
17
100
AcDbEntity
  8
TEXT
 62
7
370
15
100
AcDbPolyline
 90
2
 70
0
 10
31.0
 20
219.60187242798352
 10
31.0
 20
216.20187242798352
  0
TEXT
  5
226
330
17
100
AcDbEntity
  8
TEXT
 62
7
100
AcDbText
 10
31.8
 20
217.20187242798352
 30
0.0
 40
1.4
  1
Розетки кухни — буфет (чайник/кофемашина), столовая
  7
GOST
 11
31.8
 21
217.20187242798352
 31
0.0
100
AcDbText
  0
LWPOLYLINE
  5
227
330
17
100
AcDbEntity
  8
TEXT
 62
7
370
15
100
AcDbPolyline
 90
2
 70
0
 10
101.0
 20
219.60187242798352
 10
101.0
 20
216.20187242798352
  0
TEXT
  5
228
330
17
100
AcDbEntity
  8
TEXT
 62
7
100
AcDbText
 10
101.8
 20
217.20187242798352
 30
0.0
 40
1.4
  1
1P+N C16
  7
GOST
 11
101.8
 21
217.20187242798352
 31
0.0
100
AcDbText
  0
LWPOLYLINE
  5
229
330
17
100
AcDbEntity
  8
TEXT
 62
7
370
15
100
AcDbPolyline
 90
2
 70
0
 10
115.0
 20
219.60187242798352
 10
115.0
 20
216.20187242798352
  0
TEXT
  5
22A
330
17
100
AcDbEntity
  8
TEXT
 62
7
100
AcDbText
 10
115.8
 20
217.20187242798352
 30
0.0
 40
1.4
  1
АВДТ 1P+N, 1 модуль, 6 кА
  7
GOST
 11
115.8
 21
217.20187242798352
 31
0.0
100
AcDbText
  0
LWPOLYLINE
  5
22B
330
17
100
AcDbEntity
  8
TEXT
 62
7
370
15
100
AcDbPolyline
 90
2
 70
0
 10
149.0
 20
219.60187242798352
 10
149.0
 20
216.20187242798352
  0
TEXT
  5
22C
330
17
100
AcDbEntity
  8
TEXT
 62
7
100
AcDbText
 10
149.8
 20
217.20187242798352
 30
0.0
 40
1.4
  1
30 мА, тип A
  7
GOST
 11
149.8
 21
217.20187242798352
 31
0.0
100
AcDbText
  0
LWPOLYLINE
  5
22D
330
17
100
AcDbEntity
  8
TEXT
 62
7
370
15
100
AcDbPolyline
 90
2
 70
0
 10
177.0
 20
219.60187242798352
 10
177.0
 20
216.20187242798352
  0
TEXT
  5
22E
330
17
100
AcDbEntity
  8
TEXT
 62
7
100
AcDbText
 10
177.8
 20
217.20187242798352
 30
0.0
 40
1.4
  1
ВВГнг(А)-LS 3×2,5
  7
GOST
 11
177.8
 21
217.20187242798352
 31
0.0
100
AcDbText
  0
LWPOLYLINE
  5
22F
330
17
100
AcDbEntity
  8
TEXT
 62
7
370
15
100
AcDbPolyline
 90
2
 70
0
 10
201.0
 20
219.60187242798352
 10
201.0
 20
216.20187242798352
  0
TEXT
  5
230
330
17
100
AcDbEntity
  8
TEXT
 62
7
100
AcDbText
 10
201.8
 20
217.20187242798352
 30
0.0
 40
1.4
  1
25.4
  7
GOST
 11
201.8
 21
217.20187242798352
 31
0.0
100
AcDbText
  0
LWPOLYLINE
  5
231
330
17
100
AcDbEntity
  8
TEXT
 62
7
370
15
100
AcDbPolyline
 90
2
 70
0
 10
211.0
 20
219.60187242798352
 10
211.0
 20
216.20187242798352
  0
TEXT
  5
232
330
17
100
AcDbEntity
  8
TEXT
 62
7
100
AcDbText
 10
211.8
 20
217.20187242798352
 30
0.0
 40
1.4
  1
3
  7
GOST
 11
211.8
 21
217.20187242798352
 31
0.0
100
AcDbText
  0
LWPOLYLINE
  5
233
330
17
100
AcDbEntity
  8
TEXT
 62
7
370
15
100
AcDbPolyline
 90
2
 70
0
 10
220.0
 20
219.60187242798352
 10
220.0
 20
216.20187242798352
  0
TEXT
  5
234
330
17
100
AcDbEntity
  8
TEXT
 62
7
100
AcDbText
 10
220.8
 20
217.20187242798352
 30
0.0
 40
1.4
  1
3.5
  7
GOST
 11
220.8
 21
217.20187242798352
 31
0.0
100
AcDbText
  0
LWPOLYLINE
  5
235
330
17
100
AcDbEntity
  8
TEXT
 62
7
370
15
100
AcDbPolyline
 90
2
 70
0
 10
231.0
 20
219.60187242798352
 10
231.0
 20
216.20187242798352
  0
TEXT
  5
236
330
17
100
AcDbEntity
  8
TEXT
 62
7
100
AcDbText
 10
231.8
 20
217.20187242798352
 30
0.0
 40
1.4
  1
0.4
  7
GOST
 11
231.8
 21
217.20187242798352
 31
0.0
100
AcDbText
  0
LWPOLYLINE
  5
237
330
17
100
AcDbEntity
  8
TEXT
 62
7
370
15
100
AcDbPolyline
 90
2
 70
0
 10
239.0
 20
219.60187242798352
 10
239.0
 20
216.20187242798352
  0
TEXT
  5
238
330
17
100
AcDbEntity
  8
TEXT
 62
7
100
AcDbText
 10
239.8
 20
217.20187242798352
 30
0.0
 40
1.4
  1
1.4
  7
GOST
 11
239.8
 21
217.20187242798352
 31
0.0
100
AcDbText
  0
LWPOLYLINE
  5
239
330
17
100
AcDbEntity
  8
TEXT
 62
7
370
15
100
AcDbPolyline
 90
2
 70
0
 10
250.0
 20
219.60187242798352
 10
250.0
 20
216.20187242798352
  0
LWPOLYLINE
  5
23A
330
17
100
AcDbEntity
  8
TEXT
 62
7
370
15
100
AcDbPolyline
 90
4
 70
1
 10
22.0
 20
212.8018724279835
 10
250.0
 20
212.8018724279835
 10
250.0
 20
216.20187242798352
 10
22.0
 20
216.20187242798352
  0
LWPOLYLINE
  5
23B
330
17
100
AcDbEntity
  8
TEXT
 62
7
370
15
100
AcDbPolyline
 90
2
 70
0
 10
22.0
 20
216.20187242798352
 10
22.0
 20
212.8018724279835
  0
TEXT
  5
23C
330
17
100
AcDbEntity
  8
TEXT
 62
7
100
AcDbText
 10
22.8
 20
213.8018724279835
 30
0.0
 40
1.4
  1
C6
  7
GOST
 11
22.8
 21
213.8018724279835
 31
0.0
100
AcDbText
  0
LWPOLYLINE
  5
23D
330
17
100
AcDbEntity
  8
TEXT
 62
7
370
15
100
AcDbPolyline
 90
2
 70
0
 10
31.0
 20
216.20187242798352
 10
31.0
 20
212.8018724279835
  0
TEXT
  5
23E
330
17
100
AcDbEntity
  8
TEXT
 62
7
100
AcDbText
 10
31.8
 20
213.8018724279835
 30
0.0
 40
1.4
  1
Холодильник, вытяжка, СВЧ
  7
GOST
 11
31.8
 21
213.8018724279835
 31
0.0
100
AcDbText
  0
LWPOLYLINE
  5
23F
330
17
100
AcDbEntity
  8
TEXT
 62
7
370
15
100
AcDbPolyline
 90
2
 70
0
 10
101.0
 20
216.20187242798352
 10
101.0
 20
212.8018724279835
  0
TEXT
  5
240
330
17
100
AcDbEntity
  8
TEXT
 62
7
100
AcDbText
 10
101.8
 20
213.8018724279835
 30
0.0
 40
1.4
  1
1P+N C16
  7
GOST
 11
101.8
 21
213.8018724279835
 31
0.0
100
AcDbText
  0
LWPOLYLINE
  5
241
330
17
100
AcDbEntity
  8
TEXT
 62
7
370
15
100
AcDbPolyline
 90
2
 70
0
 10
115.0
 20
216.20187242798352
 10
115.0
 20
212.8018724279835
  0
TEXT
  5
242
330
17
100
AcDbEntity
  8
TEXT
 62
7
100
AcDbText
 10
115.8
 20
213.8018724279835
 30
0.0
 40
1.4
  1
АВДТ 1P+N, 1 модуль, 6 кА
  7
GOST
 11
115.8
 21
213.8018724279835
 31
0.0
100
AcDbText
  0
LWPOLYLINE
  5
243
330
17
100
AcDbEntity
  8
TEXT
 62
7
370
15
100
AcDbPolyline
 90
2
 70
0
 10
149.0
 20
216.20187242798352
 10
149.0
 20
212.8018724279835
  0
TEXT
  5
244
330
17
100
AcDbEntity
  8
TEXT
 62
7
100
AcDbText
 10
149.8
 20
213.8018724279835
 30
0.0
 40
1.4
  1
30 мА, тип A
  7
GOST
 11
149.8
 21
213.8018724279835
 31
0.0
100
AcDbText
  0
LWPOLYLINE
  5
245
330
17
100
AcDbEntity
  8
TEXT
 62
7
370
15
100
AcDbPolyline
 90
2
 70
0
 10
177.0
 20
216.20187242798352
 10
177.0
 20
212.8018724279835
  0
TEXT
  5
246
330
17
100
AcDbEntity
  8
TEXT
 62
7
100
AcDbText
 10
177.8
 20
213.8018724279835
 30
0.0
 40
1.4
  1
ВВГнг(А)-LS 3×2,5
  7
GOST
 11
177.8
 21
213.8018724279835
 31
0.0
100
AcDbText
  0
LWPOLYLINE
  5
247
330
17
100
AcDbEntity
  8
TEXT
 62
7
370
15
100
AcDbPolyline
 90
2
 70
0
 10
201.0
 20
216.20187242798352
 10
201.0
 20
212.8018724279835
  0
TEXT
  5
248
330
17
100
AcDbEntity
  8
TEXT
 62
7
100
AcDbText
 10
201.8
 20
213.8018724279835
 30
0.0
 40
1.4
  1
15.2
  7
GOST
 11
201.8
 21
213.8018724279835
 31
0.0
100
AcDbText
  0
LWPOLYLINE
  5
249
330
17
100
AcDbEntity
  8
TEXT
 62
7
370
15
100
AcDbPolyline
 90
2
 70
0
 10
211.0
 20
216.20187242798352
 10
211.0
 20
212.8018724279835
  0
TEXT
  5
24A
330
17
100
AcDbEntity
  8
TEXT
 62
7
100
AcDbText
 10
211.8
 20
213.8018724279835
 30
0.0
 40
1.4
  1
3
  7
GOST
 11
211.8
 21
213.8018724279835
 31
0.0
100
AcDbText
  0
LWPOLYLINE
  5
24B
330
17
100
AcDbEntity
  8
TEXT
 62
7
370
15
100
AcDbPolyline
 90
2
 70
0
 10
220.0
 20
216.20187242798352
 10
220.0
 20
212.8018724279835
  0
TEXT
  5
24C
330
17
100
AcDbEntity
  8
TEXT
 62
7
100
AcDbText
 10
220.8
 20
213.8018724279835
 30
0.0
 40
1.4
  1
1.35
  7
GOST
 11
220.8
 21
213.8018724279835
 31
0.0
100
AcDbText
  0
LWPOLYLINE
  5
24D
330
17
100
AcDbEntity
  8
TEXT
 62
7
370
15
100
AcDbPolyline
 90
2
 70
0
 10
231.0
 20
216.20187242798352
 10
231.0
 20
212.8018724279835
  0
TEXT
  5
24E
330
17
100
AcDbEntity
  8
TEXT
 62
7
100
AcDbText
 10
231.8
 20
213.8018724279835
 30
0.0
 40
1.4
  1
0.6
  7
GOST
 11
231.8
 21
213.8018724279835
 31
0.0
100
AcDbText
  0
LWPOLYLINE
  5
24F
330
17
100
AcDbEntity
  8
TEXT
 62
7
370
15
100
AcDbPolyline
 90
2
 70
0
 10
239.0
 20
216.20187242798352
 10
239.0
 20
212.8018724279835
  0
TEXT
  5
250
330
17
100
AcDbEntity
  8
TEXT
 62
7
100
AcDbText
 10
239.8
 20
213.8018724279835
 30
0.0
 40
1.4
  1
0.81
  7
GOST
 11
239.8
 21
213.8018724279835
 31
0.0
100
AcDbText
  0
LWPOLYLINE
  5
251
330
17
100
AcDbEntity
  8
TEXT
 62
7
370
15
100
AcDbPolyline
 90
2
 70
0
 10
250.0
 20
216.20187242798352
 10
250.0
 20
212.8018724279835
  0
LWPOLYLINE
  5
252
330
17
100
AcDbEntity
  8
TEXT
 62
7
370
15
100
AcDbPolyline
 90
4
 70
1
 10
22.0
 20
209.4018724279835
 10
250.0
 20
209.4018724279835
 10
250.0
 20
212.8018724279835
 10
22.0
 20
212.8018724279835
  0
LWPOLYLINE
  5
253
330
17
100
AcDbEntity
  8
TEXT
 62
7
370
15
100
AcDbPolyline
 90
2
 70
0
 10
22.0
 20
212.8018724279835
 10
22.0
 20
209.4018724279835
  0
TEXT
  5
254
330
17
100
AcDbEntity
  8
TEXT
 62
7
100
AcDbText
 10
22.8
 20
210.4018724279835
 30
0.0
 40
1.4
  1
C7
  7
GOST
 11
22.8
 21
210.4018724279835
 31
0.0
100
AcDbText
  0
LWPOLYLINE
  5
255
330
17
100
AcDbEntity
  8
TEXT
 62
7
370
15
100
AcDbPolyline
 90
2
 70
0
 10
31.0
 20
212.8018724279835
 10
31.0
 20
209.4018724279835
  0
TEXT
  5
256
330
17
100
AcDbEntity
  8
TEXT
 62
7
100
AcDbText
 10
31.8
 20
210.4018724279835
 30
0.0
 40
1.4
  1
Индукционная варочная панель 7,4 кВт
  7
GOST
 11
31.8
 21
210.4018724279835
 31
0.0
100
AcDbText
  0
LWPOLYLINE
  5
257
330
17
100
AcDbEntity
  8
TEXT
 62
7
370
15
100
AcDbPolyline
 90
2
 70
0
 10
101.0
 20
212.8018724279835
 10
101.0
 20
209.4018724279835
  0
TEXT
  5
258
330
17
100
AcDbEntity
  8
TEXT
 62
7
100
AcDbText
 10
101.8
 20
210.4018724279835
 30
0.0
 40
1.4
  1
1P+N C32
  7
GOST
 11
101.8
 21
210.4018724279835
 31
0.0
100
AcDbText
  0
LWPOLYLINE
  5
259
330
17
100
AcDbEntity
  8
TEXT
 62
7
370
15
100
AcDbPolyline
 90
2
 70
0
 10
115.0
 20
212.8018724279835
 10
115.0
 20
209.4018724279835
  0
TEXT
  5
25A
330
17
100
AcDbEntity
  8
TEXT
 62
7
100
AcDbText
 10
115.8
 20
210.4018724279835
 30
0.0
 40
1.4
  1
АВДТ 1P+N, 2 модуля, 6 кА
  7
GOST
 11
115.8
 21
210.4018724279835
 31
0.0
100
AcDbText
  0
LWPOLYLINE
  5
25B
330
17
100
AcDbEntity
  8
TEXT
 62
7
370
15
100
AcDbPolyline
 90
2
 70
0
 10
149.0
 20
212.8018724279835
 10
149.0
 20
209.4018724279835
  0
TEXT
  5
25C
330
17
100
AcDbEntity
  8
TEXT
 62
7
100
AcDbText
 10
149.8
 20
210.4018724279835
 30
0.0
 40
1.4
  1
30 мА, тип A
  7
GOST
 11
149.8
 21
210.4018724279835
 31
0.0
100
AcDbText
  0
LWPOLYLINE
  5
25D
330
17
100
AcDbEntity
  8
TEXT
 62
7
370
15
100
AcDbPolyline
 90
2
 70
0
 10
177.0
 20
212.8018724279835
 10
177.0
 20
209.4018724279835
  0
TEXT
  5
25E
330
17
100
AcDbEntity
  8
TEXT
 62
7
100
AcDbText
 10
177.8
 20
210.4018724279835
 30
0.0
 40
1.4
  1
ВВГнг(А)-LS 3×6
  7
GOST
 11
177.8
 21
210.4018724279835
 31
0.0
100
AcDbText
  0
LWPOLYLINE
  5
25F
330
17
100
AcDbEntity
  8
TEXT
 62
7
370
15
100
AcDbPolyline
 90
2
 70
0
 10
201.0
 20
212.8018724279835
 10
201.0
 20
209.4018724279835
  0
TEXT
  5
260
330
17
100
AcDbEntity
  8
TEXT
 62
7
100
AcDbText
 10
201.8
 20
210.4018724279835
 30
0.0
 40
1.4
  1
13.2
  7
GOST
 11
201.8
 21
210.4018724279835
 31
0.0
100
AcDbText
  0
LWPOLYLINE
  5
261
330
17
100
AcDbEntity
  8
TEXT
 62
7
370
15
100
AcDbPolyline
 90
2
 70
0
 10
211.0
 20
212.8018724279835
 10
211.0
 20
209.4018724279835
  0
TEXT
  5
262
330
17
100
AcDbEntity
  8
TEXT
 62
7
100
AcDbText
 10
211.8
 20
210.4018724279835
 30
0.0
 40
1.4
  1
1
  7
GOST
 11
211.8
 21
210.4018724279835
 31
0.0
100
AcDbText
  0
LWPOLYLINE
  5
263
330
17
100
AcDbEntity
  8
TEXT
 62
7
370
15
100
AcDbPolyline
 90
2
 70
0
 10
220.0
 20
212.8018724279835
 10
220.0
 20
209.4018724279835
  0
TEXT
  5
264
330
17
100
AcDbEntity
  8
TEXT
 62
7
100
AcDbText
 10
220.8
 20
210.4018724279835
 30
0.0
 40
1.4
  1
7.4
  7
GOST
 11
220.8
 21
210.4018724279835
 31
0.0
100
AcDbText
  0
LWPOLYLINE
  5
265
330
17
100
AcDbEntity
  8
TEXT
 62
7
370
15
100
AcDbPolyline
 90
2
 70
0
 10
231.0
 20
212.8018724279835
 10
231.0
 20
209.4018724279835
  0
TEXT
  5
266
330
17
100
AcDbEntity
  8
TEXT
 62
7
100
AcDbText
 10
231.8
 20
210.4018724279835
 30
0.0
 40
1.4
  1
0.65
  7
GOST
 11
231.8
 21
210.4018724279835
 31
0.0
100
AcDbText
  0
LWPOLYLINE
  5
267
330
17
100
AcDbEntity
  8
TEXT
 62
7
370
15
100
AcDbPolyline
 90
2
 70
0
 10
239.0
 20
212.8018724279835
 10
239.0
 20
209.4018724279835
  0
TEXT
  5
268
330
17
100
AcDbEntity
  8
TEXT
 62
7
100
AcDbText
 10
239.8
 20
210.4018724279835
 30
0.0
 40
1.4
  1
4.81
  7
GOST
 11
239.8
 21
210.4018724279835
 31
0.0
100
AcDbText
  0
LWPOLYLINE
  5
269
330
17
100
AcDbEntity
  8
TEXT
 62
7
370
15
100
AcDbPolyline
 90
2
 70
0
 10
250.0
 20
212.8018724279835
 10
250.0
 20
209.4018724279835
  0
LWPOLYLINE
  5
26A
330
17
100
AcDbEntity
  8
TEXT
 62
7
370
15
100
AcDbPolyline
 90
4
 70
1
 10
22.0
 20
206.0018724279835
 10
250.0
 20
206.0018724279835
 10
250.0
 20
209.4018724279835
 10
22.0
 20
209.4018724279835
  0
LWPOLYLINE
  5
26B
330
17
100
AcDbEntity
  8
TEXT
 62
7
370
15
100
AcDbPolyline
 90
2
 70
0
 10
22.0
 20
209.4018724279835
 10
22.0
 20
206.0018724279835
  0
TEXT
  5
26C
330
17
100
AcDbEntity
  8
TEXT
 62
7
100
AcDbText
 10
22.8
 20
207.0018724279835
 30
0.0
 40
1.4
  1
C8
  7
GOST
 11
22.8
 21
207.0018724279835
 31
0.0
100
AcDbText
  0
LWPOLYLINE
  5
26D
330
17
100
AcDbEntity
  8
TEXT
 62
7
370
15
100
AcDbPolyline
 90
2
 70
0
 10
31.0
 20
209.4018724279835
 10
31.0
 20
206.0018724279835
  0
TEXT
  5
26E
330
17
100
AcDbEntity
  8
TEXT
 62
7
100
AcDbText
 10
31.8
 20
207.0018724279835
 30
0.0
 40
1.4
  1
Духовой шкаф 3,5 кВт
  7
GOST
 11
31.8
 21
207.0018724279835
 31
0.0
100
AcDbText
  0
LWPOLYLINE
  5
26F
330
17
100
AcDbEntity
  8
TEXT
 62
7
370
15
100
AcDbPolyline
 90
2
 70
0
 10
101.0
 20
209.4018724279835
 10
101.0
 20
206.0018724279835
  0
TEXT
  5
270
330
17
100
AcDbEntity
  8
TEXT
 62
7
100
AcDbText
 10
101.8
 20
207.0018724279835
 30
0.0
 40
1.4
  1
1P+N C16
  7
GOST
 11
101.8
 21
207.0018724279835
 31
0.0
100
AcDbText
  0
LWPOLYLINE
  5
271
330
17
100
AcDbEntity
  8
TEXT
 62
7
370
15
100
AcDbPolyline
 90
2
 70
0
 10
115.0
 20
209.4018724279835
 10
115.0
 20
206.0018724279835
  0
TEXT
  5
272
330
17
100
AcDbEntity
  8
TEXT
 62
7
100
AcDbText
 10
115.8
 20
207.0018724279835
 30
0.0
 40
1.4
  1
АВДТ 1P+N, 1 модуль, 6 кА
  7
GOST
 11
115.8
 21
207.0018724279835
 31
0.0
100
AcDbText
  0
LWPOLYLINE
  5
273
330
17
100
AcDbEntity
  8
TEXT
 62
7
370
15
100
AcDbPolyline
 90
2
 70
0
 10
149.0
 20
209.4018724279835
 10
149.0
 20
206.0018724279835
  0
TEXT
  5
274
330
17
100
AcDbEntity
  8
TEXT
 62
7
100
AcDbText
 10
149.8
 20
207.0018724279835
 30
0.0
 40
1.4
  1
30 мА, тип A
  7
GOST
 11
149.8
 21
207.0018724279835
 31
0.0
100
AcDbText
  0
LWPOLYLINE
  5
275
330
17
100
AcDbEntity
  8
TEXT
 62
7
370
15
100
AcDbPolyline
 90
2
 70
0
 10
177.0
 20
209.4018724279835
 10
177.0
 20
206.0018724279835
  0
TEXT
  5
276
330
17
100
AcDbEntity
  8
TEXT
 62
7
100
AcDbText
 10
177.8
 20
207.0018724279835
 30
0.0
 40
1.4
  1
ВВГнг(А)-LS 3×2,5
  7
GOST
 11
177.8
 21
207.0018724279835
 31
0.0
100
AcDbText
  0
LWPOLYLINE
  5
277
330
17
100
AcDbEntity
  8
TEXT
 62
7
370
15
100
AcDbPolyline
 90
2
 70
0
 10
201.0
 20
209.4018724279835
 10
201.0
 20
206.0018724279835
  0
TEXT
  5
278
330
17
100
AcDbEntity
  8
TEXT
 62
7
100
AcDbText
 10
201.8
 20
207.0018724279835
 30
0.0
 40
1.4
  1
14.7
  7
GOST
 11
201.8
 21
207.0018724279835
 31
0.0
100
AcDbText
  0
LWPOLYLINE
  5
279
330
17
100
AcDbEntity
  8
TEXT
 62
7
370
15
100
AcDbPolyline
 90
2
 70
0
 10
211.0
 20
209.4018724279835
 10
211.0
 20
206.0018724279835
  0
TEXT
  5
27A
330
17
100
AcDbEntity
  8
TEXT
 62
7
100
AcDbText
 10
211.8
 20
207.0018724279835
 30
0.0
 40
1.4
  1
1
  7
GOST
 11
211.8
 21
207.0018724279835
 31
0.0
100
AcDbText
  0
LWPOLYLINE
  5
27B
330
17
100
AcDbEntity
  8
TEXT
 62
7
370
15
100
AcDbPolyline
 90
2
 70
0
 10
220.0
 20
209.4018724279835
 10
220.0
 20
206.0018724279835
  0
TEXT
  5
27C
330
17
100
AcDbEntity
  8
TEXT
 62
7
100
AcDbText
 10
220.8
 20
207.0018724279835
 30
0.0
 40
1.4
  1
3.5
  7
GOST
 11
220.8
 21
207.0018724279835
 31
0.0
100
AcDbText
  0
LWPOLYLINE
  5
27D
330
17
100
AcDbEntity
  8
TEXT
 62
7
370
15
100
AcDbPolyline
 90
2
 70
0
 10
231.0
 20
209.4018724279835
 10
231.0
 20
206.0018724279835
  0
TEXT
  5
27E
330
17
100
AcDbEntity
  8
TEXT
 62
7
100
AcDbText
 10
231.8
 20
207.0018724279835
 30
0.0
 40
1.4
  1
0.5
  7
GOST
 11
231.8
 21
207.0018724279835
 31
0.0
100
AcDbText
  0
LWPOLYLINE
  5
27F
330
17
100
AcDbEntity
  8
TEXT
 62
7
370
15
100
AcDbPolyline
 90
2
 70
0
 10
239.0
 20
209.4018724279835
 10
239.0
 20
206.0018724279835
  0
TEXT
  5
280
330
17
100
AcDbEntity
  8
TEXT
 62
7
100
AcDbText
 10
239.8
 20
207.0018724279835
 30
0.0
 40
1.4
  1
1.75
  7
GOST
 11
239.8
 21
207.0018724279835
 31
0.0
100
AcDbText
  0
LWPOLYLINE
  5
281
330
17
100
AcDbEntity
  8
TEXT
 62
7
370
15
100
AcDbPolyline
 90
2
 70
0
 10
250.0
 20
209.4018724279835
 10
250.0
 20
206.0018724279835
  0
LWPOLYLINE
  5
282
330
17
100
AcDbEntity
  8
TEXT
 62
7
370
15
100
AcDbPolyline
 90
4
 70
1
 10
22.0
 20
202.6018724279835
 10
250.0
 20
202.6018724279835
 10
250.0
 20
206.0018724279835
 10
22.0
 20
206.0018724279835
  0
LWPOLYLINE
  5
283
330
17
100
AcDbEntity
  8
TEXT
 62
7
370
15
100
AcDbPolyline
 90
2
 70
0
 10
22.0
 20
206.0018724279835
 10
22.0
 20
202.6018724279835
  0
TEXT
  5
284
330
17
100
AcDbEntity
  8
TEXT
 62
7
100
AcDbText
 10
22.8
 20
203.6018724279835
 30
0.0
 40
1.4
  1
C9
  7
GOST
 11
22.8
 21
203.6018724279835
 31
0.0
100
AcDbText
  0
LWPOLYLINE
  5
285
330
17
100
AcDbEntity
  8
TEXT
 62
7
370
15
100
AcDbPolyline
 90
2
 70
0
 10
31.0
 20
206.0018724279835
 10
31.0
 20
202.6018724279835
  0
TEXT
  5
286
330
17
100
AcDbEntity
  8
TEXT
 62
7
100
AcDbText
 10
31.8
 20
203.6018724279835
 30
0.0
 40
1.4
  1
ПММ 2,0 кВт
  7
GOST
 11
31.8
 21
203.6018724279835
 31
0.0
100
AcDbText
  0
LWPOLYLINE
  5
287
330
17
100
AcDbEntity
  8
TEXT
 62
7
370
15
100
AcDbPolyline
 90
2
 70
0
 10
101.0
 20
206.0018724279835
 10
101.0
 20
202.6018724279835
  0
TEXT
  5
288
330
17
100
AcDbEntity
  8
TEXT
 62
7
100
AcDbText
 10
101.8
 20
203.6018724279835
 30
0.0
 40
1.4
  1
1P+N C16
  7
GOST
 11
101.8
 21
203.6018724279835
 31
0.0
100
AcDbText
  0
LWPOLYLINE
  5
289
330
17
100
AcDbEntity
  8
TEXT
 62
7
370
15
100
AcDbPolyline
 90
2
 70
0
 10
115.0
 20
206.0018724279835
 10
115.0
 20
202.6018724279835
  0
TEXT
  5
28A
330
17
100
AcDbEntity
  8
TEXT
 62
7
100
AcDbText
 10
115.8
 20
203.6018724279835
 30
0.0
 40
1.4
  1
АВДТ 1P+N, 1 модуль, 6 кА
  7
GOST
 11
115.8
 21
203.6018724279835
 31
0.0
100
AcDbText
  0
LWPOLYLINE
  5
28B
330
17
100
AcDbEntity
  8
TEXT
 62
7
370
15
100
AcDbPolyline
 90
2
 70
0
 10
149.0
 20
206.0018724279835
 10
149.0
 20
202.6018724279835
  0
TEXT
  5
28C
330
17
100
AcDbEntity
  8
TEXT
 62
7
100
AcDbText
 10
149.8
 20
203.6018724279835
 30
0.0
 40
1.4
  1
30 мА, тип A
  7
GOST
 11
149.8
 21
203.6018724279835
 31
0.0
100
AcDbText
  0
LWPOLYLINE
  5
28D
330
17
100
AcDbEntity
  8
TEXT
 62
7
370
15
100
AcDbPolyline
 90
2
 70
0
 10
177.0
 20
206.0018724279835
 10
177.0
 20
202.6018724279835
  0
TEXT
  5
28E
330
17
100
AcDbEntity
  8
TEXT
 62
7
100
AcDbText
 10
177.8
 20
203.6018724279835
 30
0.0
 40
1.4
  1
ВВГнг(А)-LS 3×2,5
  7
GOST
 11
177.8
 21
203.6018724279835
 31
0.0
100
AcDbText
  0
LWPOLYLINE
  5
28F
330
17
100
AcDbEntity
  8
TEXT
 62
7
370
15
100
AcDbPolyline
 90
2
 70
0
 10
201.0
 20
206.0018724279835
 10
201.0
 20
202.6018724279835
  0
TEXT
  5
290
330
17
100
AcDbEntity
  8
TEXT
 62
7
100
AcDbText
 10
201.8
 20
203.6018724279835
 30
0.0
 40
1.4
  1
12.3
  7
GOST
 11
201.8
 21
203.6018724279835
 31
0.0
100
AcDbText
  0
LWPOLYLINE
  5
291
330
17
100
AcDbEntity
  8
TEXT
 62
7
370
15
100
AcDbPolyline
 90
2
 70
0
 10
211.0
 20
206.0018724279835
 10
211.0
 20
202.6018724279835
  0
TEXT
  5
292
330
17
100
AcDbEntity
  8
TEXT
 62
7
100
AcDbText
 10
211.8
 20
203.6018724279835
 30
0.0
 40
1.4
  1
1
  7
GOST
 11
211.8
 21
203.6018724279835
 31
0.0
100
AcDbText
  0
LWPOLYLINE
  5
293
330
17
100
AcDbEntity
  8
TEXT
 62
7
370
15
100
AcDbPolyline
 90
2
 70
0
 10
220.0
 20
206.0018724279835
 10
220.0
 20
202.6018724279835
  0
TEXT
  5
294
330
17
100
AcDbEntity
  8
TEXT
 62
7
100
AcDbText
 10
220.8
 20
203.6018724279835
 30
0.0
 40
1.4
  1
2.0
  7
GOST
 11
220.8
 21
203.6018724279835
 31
0.0
100
AcDbText
  0
LWPOLYLINE
  5
295
330
17
100
AcDbEntity
  8
TEXT
 62
7
370
15
100
AcDbPolyline
 90
2
 70
0
 10
231.0
 20
206.0018724279835
 10
231.0
 20
202.6018724279835
  0
TEXT
  5
296
330
17
100
AcDbEntity
  8
TEXT
 62
7
100
AcDbText
 10
231.8
 20
203.6018724279835
 30
0.0
 40
1.4
  1
0.6
  7
GOST
 11
231.8
 21
203.6018724279835
 31
0.0
100
AcDbText
  0
LWPOLYLINE
  5
297
330
17
100
AcDbEntity
  8
TEXT
 62
7
370
15
100
AcDbPolyline
 90
2
 70
0
 10
239.0
 20
206.0018724279835
 10
239.0
 20
202.6018724279835
  0
TEXT
  5
298
330
17
100
AcDbEntity
  8
TEXT
 62
7
100
AcDbText
 10
239.8
 20
203.6018724279835
 30
0.0
 40
1.4
  1
1.2
  7
GOST
 11
239.8
 21
203.6018724279835
 31
0.0
100
AcDbText
  0
LWPOLYLINE
  5
299
330
17
100
AcDbEntity
  8
TEXT
 62
7
370
15
100
AcDbPolyline
 90
2
 70
0
 10
250.0
 20
206.0018724279835
 10
250.0
 20
202.6018724279835
  0
LWPOLYLINE
  5
29A
330
17
100
AcDbEntity
  8
TEXT
 62
7
370
15
100
AcDbPolyline
 90
4
 70
1
 10
22.0
 20
199.2018724279835
 10
250.0
 20
199.2018724279835
 10
250.0
 20
202.6018724279835
 10
22.0
 20
202.6018724279835
  0
LWPOLYLINE
  5
29B
330
17
100
AcDbEntity
  8
TEXT
 62
7
370
15
100
AcDbPolyline
 90
2
 70
0
 10
22.0
 20
202.6018724279835
 10
22.0
 20
199.2018724279835
  0
TEXT
  5
29C
330
17
100
AcDbEntity
  8
TEXT
 62
7
100
AcDbText
 10
22.8
 20
200.2018724279835
 30
0.0
 40
1.4
  1
C10
  7
GOST
 11
22.8
 21
200.2018724279835
 31
0.0
100
AcDbText
  0
LWPOLYLINE
  5
29D
330
17
100
AcDbEntity
  8
TEXT
 62
7
370
15
100
AcDbPolyline
 90
2
 70
0
 10
31.0
 20
202.6018724279835
 10
31.0
 20
199.2018724279835
  0
TEXT
  5
29E
330
17
100
AcDbEntity
  8
TEXT
 62
7
100
AcDbText
 10
31.8
 20
200.2018724279835
 30
0.0
 40
1.4
  1
Стиральная машина 2,2 кВт
  7
GOST
 11
31.8
 21
200.2018724279835
 31
0.0
100
AcDbText
  0
LWPOLYLINE
  5
29F
330
17
100
AcDbEntity
  8
TEXT
 62
7
370
15
100
AcDbPolyline
 90
2
 70
0
 10
101.0
 20
202.6018724279835
 10
101.0
 20
199.2018724279835
  0
TEXT
  5
2A0
330
17
100
AcDbEntity
  8
TEXT
 62
7
100
AcDbText
 10
101.8
 20
200.2018724279835
 30
0.0
 40
1.4
  1
1P+N C16
  7
GOST
 11
101.8
 21
200.2018724279835
 31
0.0
100
AcDbText
  0
LWPOLYLINE
  5
2A1
330
17
100
AcDbEntity
  8
TEXT
 62
7
370
15
100
AcDbPolyline
 90
2
 70
0
 10
115.0
 20
202.6018724279835
 10
115.0
 20
199.2018724279835
  0
TEXT
  5
2A2
330
17
100
AcDbEntity
  8
TEXT
 62
7
100
AcDbText
 10
115.8
 20
200.2018724279835
 30
0.0
 40
1.4
  1
АВДТ 1P+N, 1 модуль, 6 кА
  7
GOST
 11
115.8
 21
200.2018724279835
 31
0.0
100
AcDbText
  0
LWPOLYLINE
  5
2A3
330
17
100
AcDbEntity
  8
TEXT
 62
7
370
15
100
AcDbPolyline
 90
2
 70
0
 10
149.0
 20
202.6018724279835
 10
149.0
 20
199.2018724279835
  0
TEXT
  5
2A4
330
17
100
AcDbEntity
  8
TEXT
 62
7
100
AcDbText
 10
149.8
 20
200.2018724279835
 30
0.0
 40
1.4
  1
30 мА, тип A
  7
GOST
 11
149.8
 21
200.2018724279835
 31
0.0
100
AcDbText
  0
LWPOLYLINE
  5
2A5
330
17
100
AcDbEntity
  8
TEXT
 62
7
370
15
100
AcDbPolyline
 90
2
 70
0
 10
177.0
 20
202.6018724279835
 10
177.0
 20
199.2018724279835
  0
TEXT
  5
2A6
330
17
100
AcDbEntity
  8
TEXT
 62
7
100
AcDbText
 10
177.8
 20
200.2018724279835
 30
0.0
 40
1.4
  1
ВВГнг(А)-LS 3×2,5
  7
GOST
 11
177.8
 21
200.2018724279835
 31
0.0
100
AcDbText
  0
LWPOLYLINE
  5
2A7
330
17
100
AcDbEntity
  8
TEXT
 62
7
370
15
100
AcDbPolyline
 90
2
 70
0
 10
201.0
 20
202.6018724279835
 10
201.0
 20
199.2018724279835
  0
TEXT
  5
2A8
330
17
100
AcDbEntity
  8
TEXT
 62
7
100
AcDbText
 10
201.8
 20
200.2018724279835
 30
0.0
 40
1.4
  1
9.2
  7
GOST
 11
201.8
 21
200.2018724279835
 31
0.0
100
AcDbText
  0
LWPOLYLINE
  5
2A9
330
17
100
AcDbEntity
  8
TEXT
 62
7
370
15
100
AcDbPolyline
 90
2
 70
0
 10
211.0
 20
202.6018724279835
 10
211.0
 20
199.2018724279835
  0
TEXT
  5
2AA
330
17
100
AcDbEntity
  8
TEXT
 62
7
100
AcDbText
 10
211.8
 20
200.2018724279835
 30
0.0
 40
1.4
  1
1
  7
GOST
 11
211.8
 21
200.2018724279835
 31
0.0
100
AcDbText
  0
LWPOLYLINE
  5
2AB
330
17
100
AcDbEntity
  8
TEXT
 62
7
370
15
100
AcDbPolyline
 90
2
 70
0
 10
220.0
 20
202.6018724279835
 10
220.0
 20
199.2018724279835
  0
TEXT
  5
2AC
330
17
100
AcDbEntity
  8
TEXT
 62
7
100
AcDbText
 10
220.8
 20
200.2018724279835
 30
0.0
 40
1.4
  1
2.2
  7
GOST
 11
220.8
 21
200.2018724279835
 31
0.0
100
AcDbText
  0
LWPOLYLINE
  5
2AD
330
17
100
AcDbEntity
  8
TEXT
 62
7
370
15
100
AcDbPolyline
 90
2
 70
0
 10
231.0
 20
202.6018724279835
 10
231.0
 20
199.2018724279835
  0
TEXT
  5
2AE
330
17
100
AcDbEntity
  8
TEXT
 62
7
100
AcDbText
 10
231.8
 20
200.2018724279835
 30
0.0
 40
1.4
  1
0.6
  7
GOST
 11
231.8
 21
200.2018724279835
 31
0.0
100
AcDbText
  0
LWPOLYLINE
  5
2AF
330
17
100
AcDbEntity
  8
TEXT
 62
7
370
15
100
AcDbPolyline
 90
2
 70
0
 10
239.0
 20
202.6018724279835
 10
239.0
 20
199.2018724279835
  0
TEXT
  5
2B0
330
17
100
AcDbEntity
  8
TEXT
 62
7
100
AcDbText
 10
239.8
 20
200.2018724279835
 30
0.0
 40
1.4
  1
1.32
  7
GOST
 11
239.8
 21
200.2018724279835
 31
0.0
100
AcDbText
  0
LWPOLYLINE
  5
2B1
330
17
100
AcDbEntity
  8
TEXT
 62
7
370
15
100
AcDbPolyline
 90
2
 70
0
 10
250.0
 20
202.6018724279835
 10
250.0
 20
199.2018724279835
  0
LWPOLYLINE
  5
2B2
330
17
100
AcDbEntity
  8
TEXT
 62
7
370
15
100
AcDbPolyline
 90
4
 70
1
 10
22.0
 20
195.80187242798348
 10
250.0
 20
195.80187242798348
 10
250.0
 20
199.2018724279835
 10
22.0
 20
199.2018724279835
  0
LWPOLYLINE
  5
2B3
330
17
100
AcDbEntity
  8
TEXT
 62
7
370
15
100
AcDbPolyline
 90
2
 70
0
 10
22.0
 20
199.2018724279835
 10
22.0
 20
195.80187242798348
  0
TEXT
  5
2B4
330
17
100
AcDbEntity
  8
TEXT
 62
7
100
AcDbText
 10
22.8
 20
196.80187242798348
 30
0.0
 40
1.4
  1
C11
  7
GOST
 11
22.8
 21
196.80187242798348
 31
0.0
100
AcDbText
  0
LWPOLYLINE
  5
2B5
330
17
100
AcDbEntity
  8
TEXT
 62
7
370
15
100
AcDbPolyline
 90
2
 70
0
 10
31.0
 20
199.2018724279835
 10
31.0
 20
195.80187242798348
  0
TEXT
  5
2B6
330
17
100
AcDbEntity
  8
TEXT
 62
7
100
AcDbText
 10
31.8
 20
196.80187242798348
 30
0.0
 40
1.4
  1
Сушильная машина (тепловой насос) 1,0 кВт
  7
GOST
 11
31.8
 21
196.80187242798348
 31
0.0
100
AcDbText
  0
LWPOLYLINE
  5
2B7
330
17
100
AcDbEntity
  8
TEXT
 62
7
370
15
100
AcDbPolyline
 90
2
 70
0
 10
101.0
 20
199.2018724279835
 10
101.0
 20
195.80187242798348
  0
TEXT
  5
2B8
330
17
100
AcDbEntity
  8
TEXT
 62
7
100
AcDbText
 10
101.8
 20
196.80187242798348
 30
0.0
 40
1.4
  1
1P+N C16
  7
GOST
 11
101.8
 21
196.80187242798348
 31
0.0
100
AcDbText
  0
LWPOLYLINE
  5
2B9
330
17
100
AcDbEntity
  8
TEXT
 62
7
370
15
100
AcDbPolyline
 90
2
 70
0
 10
115.0
 20
199.2018724279835
 10
115.0
 20
195.80187242798348
  0
TEXT
  5
2BA
330
17
100
AcDbEntity
  8
TEXT
 62
7
100
AcDbText
 10
115.8
 20
196.80187242798348
 30
0.0
 40
1.4
  1
АВДТ 1P+N, 1 модуль, 6 кА
  7
GOST
 11
115.8
 21
196.80187242798348
 31
0.0
100
AcDbText
  0
LWPOLYLINE
  5
2BB
330
17
100
AcDbEntity
  8
TEXT
 62
7
370
15
100
AcDbPolyline
 90
2
 70
0
 10
149.0
 20
199.2018724279835
 10
149.0
 20
195.80187242798348
  0
TEXT
  5
2BC
330
17
100
AcDbEntity
  8
TEXT
 62
7
100
AcDbText
 10
149.8
 20
196.80187242798348
 30
0.0
 40
1.4
  1
30 мА, тип A
  7
GOST
 11
149.8
 21
196.80187242798348
 31
0.0
100
AcDbText
  0
LWPOLYLINE
  5
2BD
330
17
100
AcDbEntity
  8
TEXT
 62
7
370
15
100
AcDbPolyline
 90
2
 70
0
 10
177.0
 20
199.2018724279835
 10
177.0
 20
195.80187242798348
  0
TEXT
  5
2BE
330
17
100
AcDbEntity
  8
TEXT
 62
7
100
AcDbText
 10
177.8
 20
196.80187242798348
 30
0.0
 40
1.4
  1
ВВГнг(А)-LS 3×2,5
  7
GOST
 11
177.8
 21
196.80187242798348
 31
0.0
100
AcDbText
  0
LWPOLYLINE
  5
2BF
330
17
100
AcDbEntity
  8
TEXT
 62
7
370
15
100
AcDbPolyline
 90
2
 70
0
 10
201.0
 20
199.2018724279835
 10
201.0
 20
195.80187242798348
  0
TEXT
  5
2C0
330
17
100
AcDbEntity
  8
TEXT
 62
7
100
AcDbText
 10
201.8
 20
196.80187242798348
 30
0.0
 40
1.4
  1
9.1
  7
GOST
 11
201.8
 21
196.80187242798348
 31
0.0
100
AcDbText
  0
LWPOLYLINE
  5
2C1
330
17
100
AcDbEntity
  8
TEXT
 62
7
370
15
100
AcDbPolyline
 90
2
 70
0
 10
211.0
 20
199.2018724279835
 10
211.0
 20
195.80187242798348
  0
TEXT
  5
2C2
330
17
100
AcDbEntity
  8
TEXT
 62
7
100
AcDbText
 10
211.8
 20
196.80187242798348
 30
0.0
 40
1.4
  1
1
  7
GOST
 11
211.8
 21
196.80187242798348
 31
0.0
100
AcDbText
  0
LWPOLYLINE
  5
2C3
330
17
100
AcDbEntity
  8
TEXT
 62
7
370
15
100
AcDbPolyline
 90
2
 70
0
 10
220.0
 20
199.2018724279835
 10
220.0
 20
195.80187242798348
  0
TEXT
  5
2C4
330
17
100
AcDbEntity
  8
TEXT
 62
7
100
AcDbText
 10
220.8
 20
196.80187242798348
 30
0.0
 40
1.4
  1
1.0
  7
GOST
 11
220.8
 21
196.80187242798348
 31
0.0
100
AcDbText
  0
LWPOLYLINE
  5
2C5
330
17
100
AcDbEntity
  8
TEXT
 62
7
370
15
100
AcDbPolyline
 90
2
 70
0
 10
231.0
 20
199.2018724279835
 10
231.0
 20
195.80187242798348
  0
TEXT
  5
2C6
330
17
100
AcDbEntity
  8
TEXT
 62
7
100
AcDbText
 10
231.8
 20
196.80187242798348
 30
0.0
 40
1.4
  1
0.6
  7
GOST
 11
231.8
 21
196.80187242798348
 31
0.0
100
AcDbText
  0
LWPOLYLINE
  5
2C7
330
17
100
AcDbEntity
  8
TEXT
 62
7
370
15
100
AcDbPolyline
 90
2
 70
0
 10
239.0
 20
199.2018724279835
 10
239.0
 20
195.80187242798348
  0
TEXT
  5
2C8
330
17
100
AcDbEntity
  8
TEXT
 62
7
100
AcDbText
 10
239.8
 20
196.80187242798348
 30
0.0
 40
1.4
  1
0.6
  7
GOST
 11
239.8
 21
196.80187242798348
 31
0.0
100
AcDbText
  0
LWPOLYLINE
  5
2C9
330
17
100
AcDbEntity
  8
TEXT
 62
7
370
15
100
AcDbPolyline
 90
2
 70
0
 10
250.0
 20
199.2018724279835
 10
250.0
 20
195.80187242798348
  0
LWPOLYLINE
  5
2CA
330
17
100
AcDbEntity
  8
TEXT
 62
7
370
15
100
AcDbPolyline
 90
4
 70
1
 10
22.0
 20
192.40187242798348
 10
250.0
 20
192.40187242798348
 10
250.0
 20
195.80187242798348
 10
22.0
 20
195.80187242798348
  0
LWPOLYLINE
  5
2CB
330
17
100
AcDbEntity
  8
TEXT
 62
7
370
15
100
AcDbPolyline
 90
2
 70
0
 10
22.0
 20
195.80187242798348
 10
22.0
 20
192.40187242798348
  0
TEXT
  5
2CC
330
17
100
AcDbEntity
  8
TEXT
 62
7
100
AcDbText
 10
22.8
 20
193.40187242798348
 30
0.0
 40
1.4
  1
C12
  7
GOST
 11
22.8
 21
193.40187242798348
 31
0.0
100
AcDbText
  0
LWPOLYLINE
  5
2CD
330
17
100
AcDbEntity
  8
TEXT
 62
7
370
15
100
AcDbPolyline
 90
2
 70
0
 10
31.0
 20
195.80187242798348
 10
31.0
 20
192.40187242798348
  0
TEXT
  5
2CE
330
17
100
AcDbEntity
  8
TEXT
 62
7
100
AcDbText
 10
31.8
 20
193.40187242798348
 30
0.0
 40
1.4
  1
Ванная: розетки IP44 + электрополотенцесушитель
  7
GOST
 11
31.8
 21
193.40187242798348
 31
0.0
100
AcDbText
  0
LWPOLYLINE
  5
2CF
330
17
100
AcDbEntity
  8
TEXT
 62
7
370
15
100
AcDbPolyline
 90
2
 70
0
 10
101.0
 20
195.80187242798348
 10
101.0
 20
192.40187242798348
  0
TEXT
  5
2D0
330
17
100
AcDbEntity
  8
TEXT
 62
7
100
AcDbText
 10
101.8
 20
193.40187242798348
 30
0.0
 40
1.4
  1
1P+N C16
  7
GOST
 11
101.8
 21
193.40187242798348
 31
0.0
100
AcDbText
  0
LWPOLYLINE
  5
2D1
330
17
100
AcDbEntity
  8
TEXT
 62
7
370
15
100
AcDbPolyline
 90
2
 70
0
 10
115.0
 20
195.80187242798348
 10
115.0
 20
192.40187242798348
  0
TEXT
  5
2D2
330
17
100
AcDbEntity
  8
TEXT
 62
7
100
AcDbText
 10
115.8
 20
193.40187242798348
 30
0.0
 40
1.4
  1
АВДТ 1P+N, 1 модуль, 6 кА
  7
GOST
 11
115.8
 21
193.40187242798348
 31
0.0
100
AcDbText
  0
LWPOLYLINE
  5
2D3
330
17
100
AcDbEntity
  8
TEXT
 62
7
370
15
100
AcDbPolyline
 90
2
 70
0
 10
149.0
 20
195.80187242798348
 10
149.0
 20
192.40187242798348
  0
TEXT
  5
2D4
330
17
100
AcDbEntity
  8
TEXT
 62
7
100
AcDbText
 10
149.8
 20
193.40187242798348
 30
0.0
 40
1.4
  1
10 мА, тип A
  7
GOST
 11
149.8
 21
193.40187242798348
 31
0.0
100
AcDbText
  0
LWPOLYLINE
  5
2D5
330
17
100
AcDbEntity
  8
TEXT
 62
7
370
15
100
AcDbPolyline
 90
2
 70
0
 10
177.0
 20
195.80187242798348
 10
177.0
 20
192.40187242798348
  0
TEXT
  5
2D6
330
17
100
AcDbEntity
  8
TEXT
 62
7
100
AcDbText
 10
177.8
 20
193.40187242798348
 30
0.0
 40
1.4
  1
ВВГнг(А)-LS 3×2,5
  7
GOST
 11
177.8
 21
193.40187242798348
 31
0.0
100
AcDbText
  0
LWPOLYLINE
  5
2D7
330
17
100
AcDbEntity
  8
TEXT
 62
7
370
15
100
AcDbPolyline
 90
2
 70
0
 10
201.0
 20
195.80187242798348
 10
201.0
 20
192.40187242798348
  0
TEXT
  5
2D8
330
17
100
AcDbEntity
  8
TEXT
 62
7
100
AcDbText
 10
201.8
 20
193.40187242798348
 30
0.0
 40
1.4
  1
17.8
  7
GOST
 11
201.8
 21
193.40187242798348
 31
0.0
100
AcDbText
  0
LWPOLYLINE
  5
2D9
330
17
100
AcDbEntity
  8
TEXT
 62
7
370
15
100
AcDbPolyline
 90
2
 70
0
 10
211.0
 20
195.80187242798348
 10
211.0
 20
192.40187242798348
  0
TEXT
  5
2DA
330
17
100
AcDbEntity
  8
TEXT
 62
7
100
AcDbText
 10
211.8
 20
193.40187242798348
 30
0.0
 40
1.4
  1
3
  7
GOST
 11
211.8
 21
193.40187242798348
 31
0.0
100
AcDbText
  0
LWPOLYLINE
  5
2DB
330
17
100
AcDbEntity
  8
TEXT
 62
7
370
15
100
AcDbPolyline
 90
2
 70
0
 10
220.0
 20
195.80187242798348
 10
220.0
 20
192.40187242798348
  0
TEXT
  5
2DC
330
17
100
AcDbEntity
  8
TEXT
 62
7
100
AcDbText
 10
220.8
 20
193.40187242798348
 30
0.0
 40
1.4
  1
2.4
  7
GOST
 11
220.8
 21
193.40187242798348
 31
0.0
100
AcDbText
  0
LWPOLYLINE
  5
2DD
330
17
100
AcDbEntity
  8
TEXT
 62
7
370
15
100
AcDbPolyline
 90
2
 70
0
 10
231.0
 20
195.80187242798348
 10
231.0
 20
192.40187242798348
  0
TEXT
  5
2DE
330
17
100
AcDbEntity
  8
TEXT
 62
7
100
AcDbText
 10
231.8
 20
193.40187242798348
 30
0.0
 40
1.4
  1
0.4
  7
GOST
 11
231.8
 21
193.40187242798348
 31
0.0
100
AcDbText
  0
LWPOLYLINE
  5
2DF
330
17
100
AcDbEntity
  8
TEXT
 62
7
370
15
100
AcDbPolyline
 90
2
 70
0
 10
239.0
 20
195.80187242798348
 10
239.0
 20
192.40187242798348
  0
TEXT
  5
2E0
330
17
100
AcDbEntity
  8
TEXT
 62
7
100
AcDbText
 10
239.8
 20
193.40187242798348
 30
0.0
 40
1.4
  1
0.96
  7
GOST
 11
239.8
 21
193.40187242798348
 31
0.0
100
AcDbText
  0
LWPOLYLINE
  5
2E1
330
17
100
AcDbEntity
  8
TEXT
 62
7
370
15
100
AcDbPolyline
 90
2
 70
0
 10
250.0
 20
195.80187242798348
 10
250.0
 20
192.40187242798348
  0
LWPOLYLINE
  5
2E2
330
17
100
AcDbEntity
  8
TEXT
 62
7
370
15
100
AcDbPolyline
 90
4
 70
1
 10
22.0
 20
189.00187242798347
 10
250.0
 20
189.00187242798347
 10
250.0
 20
192.40187242798348
 10
22.0
 20
192.40187242798348
  0
LWPOLYLINE
  5
2E3
330
17
100
AcDbEntity
  8
TEXT
 62
7
370
15
100
AcDbPolyline
 90
2
 70
0
 10
22.0
 20
192.40187242798348
 10
22.0
 20
189.00187242798347
  0
TEXT
  5
2E4
330
17
100
AcDbEntity
  8
TEXT
 62
7
100
AcDbText
 10
22.8
 20
190.00187242798347
 30
0.0
 40
1.4
  1
C13
  7
GOST
 11
22.8
 21
190.00187242798347
 31
0.0
100
AcDbText
  0
LWPOLYLINE
  5
2E5
330
17
100
AcDbEntity
  8
TEXT
 62
7
370
15
100
AcDbPolyline
 90
2
 70
0
 10
31.0
 20
192.40187242798348
 10
31.0
 20
189.00187242798347
  0
TEXT
  5
2E6
330
17
100
AcDbEntity
  8
TEXT
 62
7
100
AcDbText
 10
31.8
 20
190.00187242798347
 30
0.0
 40
1.4
  1
Электро-ТП ванной (T1)
  7
GOST
 11
31.8
 21
190.00187242798347
 31
0.0
100
AcDbText
  0
LWPOLYLINE
  5
2E7
330
17
100
AcDbEntity
  8
TEXT
 62
7
370
15
100
AcDbPolyline
 90
2
 70
0
 10
101.0
 20
192.40187242798348
 10
101.0
 20
189.00187242798347
  0
TEXT
  5
2E8
330
17
100
AcDbEntity
  8
TEXT
 62
7
100
AcDbText
 10
101.8
 20
190.00187242798347
 30
0.0
 40
1.4
  1
1P+N C16
  7
GOST
 11
101.8
 21
190.00187242798347
 31
0.0
100
AcDbText
  0
LWPOLYLINE
  5
2E9
330
17
100
AcDbEntity
  8
TEXT
 62
7
370
15
100
AcDbPolyline
 90
2
 70
0
 10
115.0
 20
192.40187242798348
 10
115.0
 20
189.00187242798347
  0
TEXT
  5
2EA
330
17
100
AcDbEntity
  8
TEXT
 62
7
100
AcDbText
 10
115.8
 20
190.00187242798347
 30
0.0
 40
1.4
  1
АВДТ 1P+N, 1 модуль, 6 кА
  7
GOST
 11
115.8
 21
190.00187242798347
 31
0.0
100
AcDbText
  0
LWPOLYLINE
  5
2EB
330
17
100
AcDbEntity
  8
TEXT
 62
7
370
15
100
AcDbPolyline
 90
2
 70
0
 10
149.0
 20
192.40187242798348
 10
149.0
 20
189.00187242798347
  0
TEXT
  5
2EC
330
17
100
AcDbEntity
  8
TEXT
 62
7
100
AcDbText
 10
149.8
 20
190.00187242798347
 30
0.0
 40
1.4
  1
30 мА, тип A
  7
GOST
 11
149.8
 21
190.00187242798347
 31
0.0
100
AcDbText
  0
LWPOLYLINE
  5
2ED
330
17
100
AcDbEntity
  8
TEXT
 62
7
370
15
100
AcDbPolyline
 90
2
 70
0
 10
177.0
 20
192.40187242798348
 10
177.0
 20
189.00187242798347
  0
TEXT
  5
2EE
330
17
100
AcDbEntity
  8
TEXT
 62
7
100
AcDbText
 10
177.8
 20
190.00187242798347
 30
0.0
 40
1.4
  1
ВВГнг(А)-LS 3×2,5
  7
GOST
 11
177.8
 21
190.00187242798347
 31
0.0
100
AcDbText
  0
LWPOLYLINE
  5
2EF
330
17
100
AcDbEntity
  8
TEXT
 62
7
370
15
100
AcDbPolyline
 90
2
 70
0
 10
201.0
 20
192.40187242798348
 10
201.0
 20
189.00187242798347
  0
TEXT
  5
2F0
330
17
100
AcDbEntity
  8
TEXT
 62
7
100
AcDbText
 10
201.8
 20
190.00187242798347
 30
0.0
 40
1.4
  1
10.2
  7
GOST
 11
201.8
 21
190.00187242798347
 31
0.0
100
AcDbText
  0
LWPOLYLINE
  5
2F1
330
17
100
AcDbEntity
  8
TEXT
 62
7
370
15
100
AcDbPolyline
 90
2
 70
0
 10
211.0
 20
192.40187242798348
 10
211.0
 20
189.00187242798347
  0
TEXT
  5
2F2
330
17
100
AcDbEntity
  8
TEXT
 62
7
100
AcDbText
 10
211.8
 20
190.00187242798347
 30
0.0
 40
1.4
  1
1
  7
GOST
 11
211.8
 21
190.00187242798347
 31
0.0
100
AcDbText
  0
LWPOLYLINE
  5
2F3
330
17
100
AcDbEntity
  8
TEXT
 62
7
370
15
100
AcDbPolyline
 90
2
 70
0
 10
220.0
 20
192.40187242798348
 10
220.0
 20
189.00187242798347
  0
TEXT
  5
2F4
330
17
100
AcDbEntity
  8
TEXT
 62
7
100
AcDbText
 10
220.8
 20
190.00187242798347
 30
0.0
 40
1.4
  1
0.28
  7
GOST
 11
220.8
 21
190.00187242798347
 31
0.0
100
AcDbText
  0
LWPOLYLINE
  5
2F5
330
17
100
AcDbEntity
  8
TEXT
 62
7
370
15
100
AcDbPolyline
 90
2
 70
0
 10
231.0
 20
192.40187242798348
 10
231.0
 20
189.00187242798347
  0
TEXT
  5
2F6
330
17
100
AcDbEntity
  8
TEXT
 62
7
100
AcDbText
 10
231.8
 20
190.00187242798347
 30
0.0
 40
1.4
  1
1.0
  7
GOST
 11
231.8
 21
190.00187242798347
 31
0.0
100
AcDbText
  0
LWPOLYLINE
  5
2F7
330
17
100
AcDbEntity
  8
TEXT
 62
7
370
15
100
AcDbPolyline
 90
2
 70
0
 10
239.0
 20
192.40187242798348
 10
239.0
 20
189.00187242798347
  0
TEXT
  5
2F8
330
17
100
AcDbEntity
  8
TEXT
 62
7
100
AcDbText
 10
239.8
 20
190.00187242798347
 30
0.0
 40
1.4
  1
0.28
  7
GOST
 11
239.8
 21
190.00187242798347
 31
0.0
100
AcDbText
  0
LWPOLYLINE
  5
2F9
330
17
100
AcDbEntity
  8
TEXT
 62
7
370
15
100
AcDbPolyline
 90
2
 70
0
 10
250.0
 20
192.40187242798348
 10
250.0
 20
189.00187242798347
  0
LWPOLYLINE
  5
2FA
330
17
100
AcDbEntity
  8
TEXT
 62
7
370
15
100
AcDbPolyline
 90
4
 70
1
 10
22.0
 20
185.60187242798347
 10
250.0
 20
185.60187242798347
 10
250.0
 20
189.00187242798347
 10
22.0
 20
189.00187242798347
  0
LWPOLYLINE
  5
2FB
330
17
100
AcDbEntity
  8
TEXT
 62
7
370
15
100
AcDbPolyline
 90
2
 70
0
 10
22.0
 20
189.00187242798347
 10
22.0
 20
185.60187242798347
  0
TEXT
  5
2FC
330
17
100
AcDbEntity
  8
TEXT
 62
7
100
AcDbText
 10
22.8
 20
186.60187242798347
 30
0.0
 40
1.4
  1
C14
  7
GOST
 11
22.8
 21
186.60187242798347
 31
0.0
100
AcDbText
  0
LWPOLYLINE
  5
2FD
330
17
100
AcDbEntity
  8
TEXT
 62
7
370
15
100
AcDbPolyline
 90
2
 70
0
 10
31.0
 20
189.00187242798347
 10
31.0
 20
185.60187242798347
  0
TEXT
  5
2FE
330
17
100
AcDbEntity
  8
TEXT
 62
7
100
AcDbText
 10
31.8
 20
186.60187242798347
 30
0.0
 40
1.4
  1
Электро-ТП постирочной (T2)
  7
GOST
 11
31.8
 21
186.60187242798347
 31
0.0
100
AcDbText
  0
LWPOLYLINE
  5
2FF
330
17
100
AcDbEntity
  8
TEXT
 62
7
370
15
100
AcDbPolyline
 90
2
 70
0
 10
101.0
 20
189.00187242798347
 10
101.0
 20
185.60187242798347
  0
TEXT
  5
300
330
17
100
AcDbEntity
  8
TEXT
 62
7
100
AcDbText
 10
101.8
 20
186.60187242798347
 30
0.0
 40
1.4
  1
1P+N C16
  7
GOST
 11
101.8
 21
186.60187242798347
 31
0.0
100
AcDbText
  0
LWPOLYLINE
  5
301
330
17
100
AcDbEntity
  8
TEXT
 62
7
370
15
100
AcDbPolyline
 90
2
 70
0
 10
115.0
 20
189.00187242798347
 10
115.0
 20
185.60187242798347
  0
TEXT
  5
302
330
17
100
AcDbEntity
  8
TEXT
 62
7
100
AcDbText
 10
115.8
 20
186.60187242798347
 30
0.0
 40
1.4
  1
АВДТ 1P+N, 1 модуль, 6 кА
  7
GOST
 11
115.8
 21
186.60187242798347
 31
0.0
100
AcDbText
  0
LWPOLYLINE
  5
303
330
17
100
AcDbEntity
  8
TEXT
 62
7
370
15
100
AcDbPolyline
 90
2
 70
0
 10
149.0
 20
189.00187242798347
 10
149.0
 20
185.60187242798347
  0
TEXT
  5
304
330
17
100
AcDbEntity
  8
TEXT
 62
7
100
AcDbText
 10
149.8
 20
186.60187242798347
 30
0.0
 40
1.4
  1
30 мА, тип A
  7
GOST
 11
149.8
 21
186.60187242798347
 31
0.0
100
AcDbText
  0
LWPOLYLINE
  5
305
330
17
100
AcDbEntity
  8
TEXT
 62
7
370
15
100
AcDbPolyline
 90
2
 70
0
 10
177.0
 20
189.00187242798347
 10
177.0
 20
185.60187242798347
  0
TEXT
  5
306
330
17
100
AcDbEntity
  8
TEXT
 62
7
100
AcDbText
 10
177.8
 20
186.60187242798347
 30
0.0
 40
1.4
  1
ВВГнг(А)-LS 3×2,5
  7
GOST
 11
177.8
 21
186.60187242798347
 31
0.0
100
AcDbText
  0
LWPOLYLINE
  5
307
330
17
100
AcDbEntity
  8
TEXT
 62
7
370
15
100
AcDbPolyline
 90
2
 70
0
 10
201.0
 20
189.00187242798347
 10
201.0
 20
185.60187242798347
  0
TEXT
  5
308
330
17
100
AcDbEntity
  8
TEXT
 62
7
100
AcDbText
 10
201.8
 20
186.60187242798347
 30
0.0
 40
1.4
  1
6.6
  7
GOST
 11
201.8
 21
186.60187242798347
 31
0.0
100
AcDbText
  0
LWPOLYLINE
  5
309
330
17
100
AcDbEntity
  8
TEXT
 62
7
370
15
100
AcDbPolyline
 90
2
 70
0
 10
211.0
 20
189.00187242798347
 10
211.0
 20
185.60187242798347
  0
TEXT
  5
30A
330
17
100
AcDbEntity
  8
TEXT
 62
7
100
AcDbText
 10
211.8
 20
186.60187242798347
 30
0.0
 40
1.4
  1
1
  7
GOST
 11
211.8
 21
186.60187242798347
 31
0.0
100
AcDbText
  0
LWPOLYLINE
  5
30B
330
17
100
AcDbEntity
  8
TEXT
 62
7
370
15
100
AcDbPolyline
 90
2
 70
0
 10
220.0
 20
189.00187242798347
 10
220.0
 20
185.60187242798347
  0
TEXT
  5
30C
330
17
100
AcDbEntity
  8
TEXT
 62
7
100
AcDbText
 10
220.8
 20
186.60187242798347
 30
0.0
 40
1.4
  1
0.16
  7
GOST
 11
220.8
 21
186.60187242798347
 31
0.0
100
AcDbText
  0
LWPOLYLINE
  5
30D
330
17
100
AcDbEntity
  8
TEXT
 62
7
370
15
100
AcDbPolyline
 90
2
 70
0
 10
231.0
 20
189.00187242798347
 10
231.0
 20
185.60187242798347
  0
TEXT
  5
30E
330
17
100
AcDbEntity
  8
TEXT
 62
7
100
AcDbText
 10
231.8
 20
186.60187242798347
 30
0.0
 40
1.4
  1
1.0
  7
GOST
 11
231.8
 21
186.60187242798347
 31
0.0
100
AcDbText
  0
LWPOLYLINE
  5
30F
330
17
100
AcDbEntity
  8
TEXT
 62
7
370
15
100
AcDbPolyline
 90
2
 70
0
 10
239.0
 20
189.00187242798347
 10
239.0
 20
185.60187242798347
  0
TEXT
  5
310
330
17
100
AcDbEntity
  8
TEXT
 62
7
100
AcDbText
 10
239.8
 20
186.60187242798347
 30
0.0
 40
1.4
  1
0.16
  7
GOST
 11
239.8
 21
186.60187242798347
 31
0.0
100
AcDbText
  0
LWPOLYLINE
  5
311
330
17
100
AcDbEntity
  8
TEXT
 62
7
370
15
100
AcDbPolyline
 90
2
 70
0
 10
250.0
 20
189.00187242798347
 10
250.0
 20
185.60187242798347
  0
LWPOLYLINE
  5
312
330
17
100
AcDbEntity
  8
TEXT
 62
7
370
15
100
AcDbPolyline
 90
4
 70
1
 10
22.0
 20
182.20187242798346
 10
250.0
 20
182.20187242798346
 10
250.0
 20
185.60187242798347
 10
22.0
 20
185.60187242798347
  0
LWPOLYLINE
  5
313
330
17
100
AcDbEntity
  8
TEXT
 62
7
370
15
100
AcDbPolyline
 90
2
 70
0
 10
22.0
 20
185.60187242798347
 10
22.0
 20
182.20187242798346
  0
TEXT
  5
314
330
17
100
AcDbEntity
  8
TEXT
 62
7
100
AcDbText
 10
22.8
 20
183.20187242798346
 30
0.0
 40
1.4
  1
C15
  7
GOST
 11
22.8
 21
183.20187242798346
 31
0.0
100
AcDbText
  0
LWPOLYLINE
  5
315
330
17
100
AcDbEntity
  8
TEXT
 62
7
370
15
100
AcDbPolyline
 90
2
 70
0
 10
31.0
 20
185.60187242798347
 10
31.0
 20
182.20187242798346
  0
TEXT
  5
316
330
17
100
AcDbEntity
  8
TEXT
 62
7
100
AcDbText
 10
31.8
 20
183.20187242798346
 30
0.0
 40
1.4
  1
Электро-ТП балкона (T3)
  7
GOST
 11
31.8
 21
183.20187242798346
 31
0.0
100
AcDbText
  0
LWPOLYLINE
  5
317
330
17
100
AcDbEntity
  8
TEXT
 62
7
370
15
100
AcDbPolyline
 90
2
 70
0
 10
101.0
 20
185.60187242798347
 10
101.0
 20
182.20187242798346
  0
TEXT
  5
318
330
17
100
AcDbEntity
  8
TEXT
 62
7
100
AcDbText
 10
101.8
 20
183.20187242798346
 30
0.0
 40
1.4
  1
1P+N C16
  7
GOST
 11
101.8
 21
183.20187242798346
 31
0.0
100
AcDbText
  0
LWPOLYLINE
  5
319
330
17
100
AcDbEntity
  8
TEXT
 62
7
370
15
100
AcDbPolyline
 90
2
 70
0
 10
115.0
 20
185.60187242798347
 10
115.0
 20
182.20187242798346
  0
TEXT
  5
31A
330
17
100
AcDbEntity
  8
TEXT
 62
7
100
AcDbText
 10
115.8
 20
183.20187242798346
 30
0.0
 40
1.4
  1
АВДТ 1P+N, 1 модуль, 6 кА
  7
GOST
 11
115.8
 21
183.20187242798346
 31
0.0
100
AcDbText
  0
LWPOLYLINE
  5
31B
330
17
100
AcDbEntity
  8
TEXT
 62
7
370
15
100
AcDbPolyline
 90
2
 70
0
 10
149.0
 20
185.60187242798347
 10
149.0
 20
182.20187242798346
  0
TEXT
  5
31C
330
17
100
AcDbEntity
  8
TEXT
 62
7
100
AcDbText
 10
149.8
 20
183.20187242798346
 30
0.0
 40
1.4
  1
30 мА, тип A
  7
GOST
 11
149.8
 21
183.20187242798346
 31
0.0
100
AcDbText
  0
LWPOLYLINE
  5
31D
330
17
100
AcDbEntity
  8
TEXT
 62
7
370
15
100
AcDbPolyline
 90
2
 70
0
 10
177.0
 20
185.60187242798347
 10
177.0
 20
182.20187242798346
  0
TEXT
  5
31E
330
17
100
AcDbEntity
  8
TEXT
 62
7
100
AcDbText
 10
177.8
 20
183.20187242798346
 30
0.0
 40
1.4
  1
ВВГнг(А)-LS 3×2,5
  7
GOST
 11
177.8
 21
183.20187242798346
 31
0.0
100
AcDbText
  0
LWPOLYLINE
  5
31F
330
17
100
AcDbEntity
  8
TEXT
 62
7
370
15
100
AcDbPolyline
 90
2
 70
0
 10
201.0
 20
185.60187242798347
 10
201.0
 20
182.20187242798346
  0
TEXT
  5
320
330
17
100
AcDbEntity
  8
TEXT
 62
7
100
AcDbText
 10
201.8
 20
183.20187242798346
 30
0.0
 40
1.4
  1
13.2
  7
GOST
 11
201.8
 21
183.20187242798346
 31
0.0
100
AcDbText
  0
LWPOLYLINE
  5
321
330
17
100
AcDbEntity
  8
TEXT
 62
7
370
15
100
AcDbPolyline
 90
2
 70
0
 10
211.0
 20
185.60187242798347
 10
211.0
 20
182.20187242798346
  0
TEXT
  5
322
330
17
100
AcDbEntity
  8
TEXT
 62
7
100
AcDbText
 10
211.8
 20
183.20187242798346
 30
0.0
 40
1.4
  1
1
  7
GOST
 11
211.8
 21
183.20187242798346
 31
0.0
100
AcDbText
  0
LWPOLYLINE
  5
323
330
17
100
AcDbEntity
  8
TEXT
 62
7
370
15
100
AcDbPolyline
 90
2
 70
0
 10
220.0
 20
185.60187242798347
 10
220.0
 20
182.20187242798346
  0
TEXT
  5
324
330
17
100
AcDbEntity
  8
TEXT
 62
7
100
AcDbText
 10
220.8
 20
183.20187242798346
 30
0.0
 40
1.4
  1
0.35
  7
GOST
 11
220.8
 21
183.20187242798346
 31
0.0
100
AcDbText
  0
LWPOLYLINE
  5
325
330
17
100
AcDbEntity
  8
TEXT
 62
7
370
15
100
AcDbPolyline
 90
2
 70
0
 10
231.0
 20
185.60187242798347
 10
231.0
 20
182.20187242798346
  0
TEXT
  5
326
330
17
100
AcDbEntity
  8
TEXT
 62
7
100
AcDbText
 10
231.8
 20
183.20187242798346
 30
0.0
 40
1.4
  1
1.0
  7
GOST
 11
231.8
 21
183.20187242798346
 31
0.0
100
AcDbText
  0
LWPOLYLINE
  5
327
330
17
100
AcDbEntity
  8
TEXT
 62
7
370
15
100
AcDbPolyline
 90
2
 70
0
 10
239.0
 20
185.60187242798347
 10
239.0
 20
182.20187242798346
  0
TEXT
  5
328
330
17
100
AcDbEntity
  8
TEXT
 62
7
100
AcDbText
 10
239.8
 20
183.20187242798346
 30
0.0
 40
1.4
  1
0.35
  7
GOST
 11
239.8
 21
183.20187242798346
 31
0.0
100
AcDbText
  0
LWPOLYLINE
  5
329
330
17
100
AcDbEntity
  8
TEXT
 62
7
370
15
100
AcDbPolyline
 90
2
 70
0
 10
250.0
 20
185.60187242798347
 10
250.0
 20
182.20187242798346
  0
LWPOLYLINE
  5
32A
330
17
100
AcDbEntity
  8
TEXT
 62
7
370
15
100
AcDbPolyline
 90
4
 70
1
 10
22.0
 20
178.80187242798345
 10
250.0
 20
178.80187242798345
 10
250.0
 20
182.20187242798346
 10
22.0
 20
182.20187242798346
  0
LWPOLYLINE
  5
32B
330
17
100
AcDbEntity
  8
TEXT
 62
7
370
15
100
AcDbPolyline
 90
2
 70
0
 10
22.0
 20
182.20187242798346
 10
22.0
 20
178.80187242798345
  0
TEXT
  5
32C
330
17
100
AcDbEntity
  8
TEXT
 62
7
100
AcDbText
 10
22.8
 20
179.80187242798345
 30
0.0
 40
1.4
  1
C16
  7
GOST
 11
22.8
 21
179.80187242798345
 31
0.0
100
AcDbText
  0
LWPOLYLINE
  5
32D
330
17
100
AcDbEntity
  8
TEXT
 62
7
370
15
100
AcDbPolyline
 90
2
 70
0
 10
31.0
 20
182.20187242798346
 10
31.0
 20
178.80187242798345
  0
TEXT
  5
32E
330
17
100
AcDbEntity
  8
TEXT
 62
7
100
AcDbText
 10
31.8
 20
179.80187242798345
 30
0.0
 40
1.4
  1
Электроконвекторы балкона 2×0,75 кВт
  7
GOST
 11
31.8
 21
179.80187242798345
 31
0.0
100
AcDbText
  0
LWPOLYLINE
  5
32F
330
17
100
AcDbEntity
  8
TEXT
 62
7
370
15
100
AcDbPolyline
 90
2
 70
0
 10
101.0
 20
182.20187242798346
 10
101.0
 20
178.80187242798345
  0
TEXT
  5
330
330
17
100
AcDbEntity
  8
TEXT
 62
7
100
AcDbText
 10
101.8
 20
179.80187242798345
 30
0.0
 40
1.4
  1
1P+N C16
  7
GOST
 11
101.8
 21
179.80187242798345
 31
0.0
100
AcDbText
  0
LWPOLYLINE
  5
331
330
17
100
AcDbEntity
  8
TEXT
 62
7
370
15
100
AcDbPolyline
 90
2
 70
0
 10
115.0
 20
182.20187242798346
 10
115.0
 20
178.80187242798345
  0
TEXT
  5
332
330
17
100
AcDbEntity
  8
TEXT
 62
7
100
AcDbText
 10
115.8
 20
179.80187242798345
 30
0.0
 40
1.4
  1
АВДТ 1P+N, 1 модуль, 6 кА
  7
GOST
 11
115.8
 21
179.80187242798345
 31
0.0
100
AcDbText
  0
LWPOLYLINE
  5
333
330
17
100
AcDbEntity
  8
TEXT
 62
7
370
15
100
AcDbPolyline
 90
2
 70
0
 10
149.0
 20
182.20187242798346
 10
149.0
 20
178.80187242798345
  0
TEXT
  5
334
330
17
100
AcDbEntity
  8
TEXT
 62
7
100
AcDbText
 10
149.8
 20
179.80187242798345
 30
0.0
 40
1.4
  1
30 мА, тип A
  7
GOST
 11
149.8
 21
179.80187242798345
 31
0.0
100
AcDbText
  0
LWPOLYLINE
  5
335
330
17
100
AcDbEntity
  8
TEXT
 62
7
370
15
100
AcDbPolyline
 90
2
 70
0
 10
177.0
 20
182.20187242798346
 10
177.0
 20
178.80187242798345
  0
TEXT
  5
336
330
17
100
AcDbEntity
  8
TEXT
 62
7
100
AcDbText
 10
177.8
 20
179.80187242798345
 30
0.0
 40
1.4
  1
ВВГнг(А)-LS 3×2,5
  7
GOST
 11
177.8
 21
179.80187242798345
 31
0.0
100
AcDbText
  0
LWPOLYLINE
  5
337
330
17
100
AcDbEntity
  8
TEXT
 62
7
370
15
100
AcDbPolyline
 90
2
 70
0
 10
201.0
 20
182.20187242798346
 10
201.0
 20
178.80187242798345
  0
TEXT
  5
338
330
17
100
AcDbEntity
  8
TEXT
 62
7
100
AcDbText
 10
201.8
 20
179.80187242798345
 30
0.0
 40
1.4
  1
21.9
  7
GOST
 11
201.8
 21
179.80187242798345
 31
0.0
100
AcDbText
  0
LWPOLYLINE
  5
339
330
17
100
AcDbEntity
  8
TEXT
 62
7
370
15
100
AcDbPolyline
 90
2
 70
0
 10
211.0
 20
182.20187242798346
 10
211.0
 20
178.80187242798345
  0
TEXT
  5
33A
330
17
100
AcDbEntity
  8
TEXT
 62
7
100
AcDbText
 10
211.8
 20
179.80187242798345
 30
0.0
 40
1.4
  1
2
  7
GOST
 11
211.8
 21
179.80187242798345
 31
0.0
100
AcDbText
  0
LWPOLYLINE
  5
33B
330
17
100
AcDbEntity
  8
TEXT
 62
7
370
15
100
AcDbPolyline
 90
2
 70
0
 10
220.0
 20
182.20187242798346
 10
220.0
 20
178.80187242798345
  0
TEXT
  5
33C
330
17
100
AcDbEntity
  8
TEXT
 62
7
100
AcDbText
 10
220.8
 20
179.80187242798345
 30
0.0
 40
1.4
  1
1.5
  7
GOST
 11
220.8
 21
179.80187242798345
 31
0.0
100
AcDbText
  0
LWPOLYLINE
  5
33D
330
17
100
AcDbEntity
  8
TEXT
 62
7
370
15
100
AcDbPolyline
 90
2
 70
0
 10
231.0
 20
182.20187242798346
 10
231.0
 20
178.80187242798345
  0
TEXT
  5
33E
330
17
100
AcDbEntity
  8
TEXT
 62
7
100
AcDbText
 10
231.8
 20
179.80187242798345
 30
0.0
 40
1.4
  1
1.0
  7
GOST
 11
231.8
 21
179.80187242798345
 31
0.0
100
AcDbText
  0
LWPOLYLINE
  5
33F
330
17
100
AcDbEntity
  8
TEXT
 62
7
370
15
100
AcDbPolyline
 90
2
 70
0
 10
239.0
 20
182.20187242798346
 10
239.0
 20
178.80187242798345
  0
TEXT
  5
340
330
17
100
AcDbEntity
  8
TEXT
 62
7
100
AcDbText
 10
239.8
 20
179.80187242798345
 30
0.0
 40
1.4
  1
1.5
  7
GOST
 11
239.8
 21
179.80187242798345
 31
0.0
100
AcDbText
  0
LWPOLYLINE
  5
341
330
17
100
AcDbEntity
  8
TEXT
 62
7
370
15
100
AcDbPolyline
 90
2
 70
0
 10
250.0
 20
182.20187242798346
 10
250.0
 20
178.80187242798345
  0
LWPOLYLINE
  5
342
330
17
100
AcDbEntity
  8
TEXT
 62
7
370
15
100
AcDbPolyline
 90
4
 70
1
 10
22.0
 20
175.40187242798345
 10
250.0
 20
175.40187242798345
 10
250.0
 20
178.80187242798345
 10
22.0
 20
178.80187242798345
  0
LWPOLYLINE
  5
343
330
17
100
AcDbEntity
  8
TEXT
 62
7
370
15
100
AcDbPolyline
 90
2
 70
0
 10
22.0
 20
178.80187242798345
 10
22.0
 20
175.40187242798345
  0
TEXT
  5
344
330
17
100
AcDbEntity
  8
TEXT
 62
7
100
AcDbText
 10
22.8
 20
176.40187242798345
 30
0.0
 40
1.4
  1
C17
  7
GOST
 11
22.8
 21
176.40187242798345
 31
0.0
100
AcDbText
  0
LWPOLYLINE
  5
345
330
17
100
AcDbEntity
  8
TEXT
 62
7
370
15
100
AcDbPolyline
 90
2
 70
0
 10
31.0
 20
178.80187242798345
 10
31.0
 20
175.40187242798345
  0
TEXT
  5
346
330
17
100
AcDbEntity
  8
TEXT
 62
7
100
AcDbText
 10
31.8
 20
176.40187242798345
 30
0.0
 40
1.4
  1
Розетки балкона / кинозона (проектор, AV, диван, шторы, экран)
  7
GOST
 11
31.8
 21
176.40187242798345
 31
0.0
100
AcDbText
  0
LWPOLYLINE
  5
347
330
17
100
AcDbEntity
  8
TEXT
 62
7
370
15
100
AcDbPolyline
 90
2
 70
0
 10
101.0
 20
178.80187242798345
 10
101.0
 20
175.40187242798345
  0
TEXT
  5
348
330
17
100
AcDbEntity
  8
TEXT
 62
7
100
AcDbText
 10
101.8
 20
176.40187242798345
 30
0.0
 40
1.4
  1
1P+N C16
  7
GOST
 11
101.8
 21
176.40187242798345
 31
0.0
100
AcDbText
  0
LWPOLYLINE
  5
349
330
17
100
AcDbEntity
  8
TEXT
 62
7
370
15
100
AcDbPolyline
 90
2
 70
0
 10
115.0
 20
178.80187242798345
 10
115.0
 20
175.40187242798345
  0
TEXT
  5
34A
330
17
100
AcDbEntity
  8
TEXT
 62
7
100
AcDbText
 10
115.8
 20
176.40187242798345
 30
0.0
 40
1.4
  1
АВДТ 1P+N, 1 модуль, 6 кА
  7
GOST
 11
115.8
 21
176.40187242798345
 31
0.0
100
AcDbText
  0
LWPOLYLINE
  5
34B
330
17
100
AcDbEntity
  8
TEXT
 62
7
370
15
100
AcDbPolyline
 90
2
 70
0
 10
149.0
 20
178.80187242798345
 10
149.0
 20
175.40187242798345
  0
TEXT
  5
34C
330
17
100
AcDbEntity
  8
TEXT
 62
7
100
AcDbText
 10
149.8
 20
176.40187242798345
 30
0.0
 40
1.4
  1
30 мА, тип A
  7
GOST
 11
149.8
 21
176.40187242798345
 31
0.0
100
AcDbText
  0
LWPOLYLINE
  5
34D
330
17
100
AcDbEntity
  8
TEXT
 62
7
370
15
100
AcDbPolyline
 90
2
 70
0
 10
177.0
 20
178.80187242798345
 10
177.0
 20
175.40187242798345
  0
TEXT
  5
34E
330
17
100
AcDbEntity
  8
TEXT
 62
7
100
AcDbText
 10
177.8
 20
176.40187242798345
 30
0.0
 40
1.4
  1
ВВГнг(А)-LS 3×2,5
  7
GOST
 11
177.8
 21
176.40187242798345
 31
0.0
100
AcDbText
  0
LWPOLYLINE
  5
34F
330
17
100
AcDbEntity
  8
TEXT
 62
7
370
15
100
AcDbPolyline
 90
2
 70
0
 10
201.0
 20
178.80187242798345
 10
201.0
 20
175.40187242798345
  0
TEXT
  5
350
330
17
100
AcDbEntity
  8
TEXT
 62
7
100
AcDbText
 10
201.8
 20
176.40187242798345
 30
0.0
 40
1.4
  1
29.9
  7
GOST
 11
201.8
 21
176.40187242798345
 31
0.0
100
AcDbText
  0
LWPOLYLINE
  5
351
330
17
100
AcDbEntity
  8
TEXT
 62
7
370
15
100
AcDbPolyline
 90
2
 70
0
 10
211.0
 20
178.80187242798345
 10
211.0
 20
175.40187242798345
  0
TEXT
  5
352
330
17
100
AcDbEntity
  8
TEXT
 62
7
100
AcDbText
 10
211.8
 20
176.40187242798345
 30
0.0
 40
1.4
  1
5
  7
GOST
 11
211.8
 21
176.40187242798345
 31
0.0
100
AcDbText
  0
LWPOLYLINE
  5
353
330
17
100
AcDbEntity
  8
TEXT
 62
7
370
15
100
AcDbPolyline
 90
2
 70
0
 10
220.0
 20
178.80187242798345
 10
220.0
 20
175.40187242798345
  0
TEXT
  5
354
330
17
100
AcDbEntity
  8
TEXT
 62
7
100
AcDbText
 10
220.8
 20
176.40187242798345
 30
0.0
 40
1.4
  1
1.25
  7
GOST
 11
220.8
 21
176.40187242798345
 31
0.0
100
AcDbText
  0
LWPOLYLINE
  5
355
330
17
100
AcDbEntity
  8
TEXT
 62
7
370
15
100
AcDbPolyline
 90
2
 70
0
 10
231.0
 20
178.80187242798345
 10
231.0
 20
175.40187242798345
  0
TEXT
  5
356
330
17
100
AcDbEntity
  8
TEXT
 62
7
100
AcDbText
 10
231.8
 20
176.40187242798345
 30
0.0
 40
1.4
  1
0.7
  7
GOST
 11
231.8
 21
176.40187242798345
 31
0.0
100
AcDbText
  0
LWPOLYLINE
  5
357
330
17
100
AcDbEntity
  8
TEXT
 62
7
370
15
100
AcDbPolyline
 90
2
 70
0
 10
239.0
 20
178.80187242798345
 10
239.0
 20
175.40187242798345
  0
TEXT
  5
358
330
17
100
AcDbEntity
  8
TEXT
 62
7
100
AcDbText
 10
239.8
 20
176.40187242798345
 30
0.0
 40
1.4
  1
0.88
  7
GOST
 11
239.8
 21
176.40187242798345
 31
0.0
100
AcDbText
  0
LWPOLYLINE
  5
359
330
17
100
AcDbEntity
  8
TEXT
 62
7
370
15
100
AcDbPolyline
 90
2
 70
0
 10
250.0
 20
178.80187242798345
 10
250.0
 20
175.40187242798345
  0
LWPOLYLINE
  5
35A
330
17
100
AcDbEntity
  8
TEXT
 62
7
370
15
100
AcDbPolyline
 90
4
 70
1
 10
22.0
 20
172.00187242798344
 10
250.0
 20
172.00187242798344
 10
250.0
 20
175.40187242798345
 10
22.0
 20
175.40187242798345
  0
LWPOLYLINE
  5
35B
330
17
100
AcDbEntity
  8
TEXT
 62
7
370
15
100
AcDbPolyline
 90
2
 70
0
 10
22.0
 20
175.40187242798345
 10
22.0
 20
172.00187242798344
  0
TEXT
  5
35C
330
17
100
AcDbEntity
  8
TEXT
 62
7
100
AcDbText
 10
22.8
 20
173.00187242798344
 30
0.0
 40
1.4
  1
C18
  7
GOST
 11
22.8
 21
173.00187242798344
 31
0.0
100
AcDbText
  0
LWPOLYLINE
  5
35D
330
17
100
AcDbEntity
  8
TEXT
 62
7
370
15
100
AcDbPolyline
 90
2
 70
0
 10
31.0
 20
175.40187242798345
 10
31.0
 20
172.00187242798344
  0
TEXT
  5
35E
330
17
100
AcDbEntity
  8
TEXT
 62
7
100
AcDbText
 10
31.8
 20
173.00187242798344
 30
0.0
 40
1.4
  1
Розетки спальни
  7
GOST
 11
31.8
 21
173.00187242798344
 31
0.0
100
AcDbText
  0
LWPOLYLINE
  5
35F
330
17
100
AcDbEntity
  8
TEXT
 62
7
370
15
100
AcDbPolyline
 90
2
 70
0
 10
101.0
 20
175.40187242798345
 10
101.0
 20
172.00187242798344
  0
TEXT
  5
360
330
17
100
AcDbEntity
  8
TEXT
 62
7
100
AcDbText
 10
101.8
 20
173.00187242798344
 30
0.0
 40
1.4
  1
1P+N C16
  7
GOST
 11
101.8
 21
173.00187242798344
 31
0.0
100
AcDbText
  0
LWPOLYLINE
  5
361
330
17
100
AcDbEntity
  8
TEXT
 62
7
370
15
100
AcDbPolyline
 90
2
 70
0
 10
115.0
 20
175.40187242798345
 10
115.0
 20
172.00187242798344
  0
TEXT
  5
362
330
17
100
AcDbEntity
  8
TEXT
 62
7
100
AcDbText
 10
115.8
 20
173.00187242798344
 30
0.0
 40
1.4
  1
АВДТ 1P+N, 1 модуль, 6 кА
  7
GOST
 11
115.8
 21
173.00187242798344
 31
0.0
100
AcDbText
  0
LWPOLYLINE
  5
363
330
17
100
AcDbEntity
  8
TEXT
 62
7
370
15
100
AcDbPolyline
 90
2
 70
0
 10
149.0
 20
175.40187242798345
 10
149.0
 20
172.00187242798344
  0
TEXT
  5
364
330
17
100
AcDbEntity
  8
TEXT
 62
7
100
AcDbText
 10
149.8
 20
173.00187242798344
 30
0.0
 40
1.4
  1
30 мА, тип A
  7
GOST
 11
149.8
 21
173.00187242798344
 31
0.0
100
AcDbText
  0
LWPOLYLINE
  5
365
330
17
100
AcDbEntity
  8
TEXT
 62
7
370
15
100
AcDbPolyline
 90
2
 70
0
 10
177.0
 20
175.40187242798345
 10
177.0
 20
172.00187242798344
  0
TEXT
  5
366
330
17
100
AcDbEntity
  8
TEXT
 62
7
100
AcDbText
 10
177.8
 20
173.00187242798344
 30
0.0
 40
1.4
  1
ВВГнг(А)-LS 3×2,5
  7
GOST
 11
177.8
 21
173.00187242798344
 31
0.0
100
AcDbText
  0
LWPOLYLINE
  5
367
330
17
100
AcDbEntity
  8
TEXT
 62
7
370
15
100
AcDbPolyline
 90
2
 70
0
 10
201.0
 20
175.40187242798345
 10
201.0
 20
172.00187242798344
  0
TEXT
  5
368
330
17
100
AcDbEntity
  8
TEXT
 62
7
100
AcDbText
 10
201.8
 20
173.00187242798344
 30
0.0
 40
1.4
  1
52.1
  7
GOST
 11
201.8
 21
173.00187242798344
 31
0.0
100
AcDbText
  0
LWPOLYLINE
  5
369
330
17
100
AcDbEntity
  8
TEXT
 62
7
370
15
100
AcDbPolyline
 90
2
 70
0
 10
211.0
 20
175.40187242798345
 10
211.0
 20
172.00187242798344
  0
TEXT
  5
36A
330
17
100
AcDbEntity
  8
TEXT
 62
7
100
AcDbText
 10
211.8
 20
173.00187242798344
 30
0.0
 40
1.4
  1
7
  7
GOST
 11
211.8
 21
173.00187242798344
 31
0.0
100
AcDbText
  0
LWPOLYLINE
  5
36B
330
17
100
AcDbEntity
  8
TEXT
 62
7
370
15
100
AcDbPolyline
 90
2
 70
0
 10
220.0
 20
175.40187242798345
 10
220.0
 20
172.00187242798344
  0
TEXT
  5
36C
330
17
100
AcDbEntity
  8
TEXT
 62
7
100
AcDbText
 10
220.8
 20
173.00187242798344
 30
0.0
 40
1.4
  1
2.0
  7
GOST
 11
220.8
 21
173.00187242798344
 31
0.0
100
AcDbText
  0
LWPOLYLINE
  5
36D
330
17
100
AcDbEntity
  8
TEXT
 62
7
370
15
100
AcDbPolyline
 90
2
 70
0
 10
231.0
 20
175.40187242798345
 10
231.0
 20
172.00187242798344
  0
TEXT
  5
36E
330
17
100
AcDbEntity
  8
TEXT
 62
7
100
AcDbText
 10
231.8
 20
173.00187242798344
 30
0.0
 40
1.4
  1
0.3
  7
GOST
 11
231.8
 21
173.00187242798344
 31
0.0
100
AcDbText
  0
LWPOLYLINE
  5
36F
330
17
100
AcDbEntity
  8
TEXT
 62
7
370
15
100
AcDbPolyline
 90
2
 70
0
 10
239.0
 20
175.40187242798345
 10
239.0
 20
172.00187242798344
  0
TEXT
  5
370
330
17
100
AcDbEntity
  8
TEXT
 62
7
100
AcDbText
 10
239.8
 20
173.00187242798344
 30
0.0
 40
1.4
  1
0.6
  7
GOST
 11
239.8
 21
173.00187242798344
 31
0.0
100
AcDbText
  0
LWPOLYLINE
  5
371
330
17
100
AcDbEntity
  8
TEXT
 62
7
370
15
100
AcDbPolyline
 90
2
 70
0
 10
250.0
 20
175.40187242798345
 10
250.0
 20
172.00187242798344
  0
LWPOLYLINE
  5
372
330
17
100
AcDbEntity
  8
TEXT
 62
7
370
15
100
AcDbPolyline
 90
4
 70
1
 10
22.0
 20
168.60187242798344
 10
250.0
 20
168.60187242798344
 10
250.0
 20
172.00187242798344
 10
22.0
 20
172.00187242798344
  0
LWPOLYLINE
  5
373
330
17
100
AcDbEntity
  8
TEXT
 62
7
370
15
100
AcDbPolyline
 90
2
 70
0
 10
22.0
 20
172.00187242798344
 10
22.0
 20
168.60187242798344
  0
TEXT
  5
374
330
17
100
AcDbEntity
  8
TEXT
 62
7
100
AcDbText
 10
22.8
 20
169.60187242798344
 30
0.0
 40
1.4
  1
C19
  7
GOST
 11
22.8
 21
169.60187242798344
 31
0.0
100
AcDbText
  0
LWPOLYLINE
  5
375
330
17
100
AcDbEntity
  8
TEXT
 62
7
370
15
100
AcDbPolyline
 90
2
 70
0
 10
31.0
 20
172.00187242798344
 10
31.0
 20
168.60187242798344
  0
TEXT
  5
376
330
17
100
AcDbEntity
  8
TEXT
 62
7
100
AcDbText
 10
31.8
 20
169.60187242798344
 30
0.0
 40
1.4
  1
Розетки детской (со шторками)
  7
GOST
 11
31.8
 21
169.60187242798344
 31
0.0
100
AcDbText
  0
LWPOLYLINE
  5
377
330
17
100
AcDbEntity
  8
TEXT
 62
7
370
15
100
AcDbPolyline
 90
2
 70
0
 10
101.0
 20
172.00187242798344
 10
101.0
 20
168.60187242798344
  0
TEXT
  5
378
330
17
100
AcDbEntity
  8
TEXT
 62
7
100
AcDbText
 10
101.8
 20
169.60187242798344
 30
0.0
 40
1.4
  1
1P+N C16
  7
GOST
 11
101.8
 21
169.60187242798344
 31
0.0
100
AcDbText
  0
LWPOLYLINE
  5
379
330
17
100
AcDbEntity
  8
TEXT
 62
7
370
15
100
AcDbPolyline
 90
2
 70
0
 10
115.0
 20
172.00187242798344
 10
115.0
 20
168.60187242798344
  0
TEXT
  5
37A
330
17
100
AcDbEntity
  8
TEXT
 62
7
100
AcDbText
 10
115.8
 20
169.60187242798344
 30
0.0
 40
1.4
  1
АВДТ 1P+N, 1 модуль, 6 кА
  7
GOST
 11
115.8
 21
169.60187242798344
 31
0.0
100
AcDbText
  0
LWPOLYLINE
  5
37B
330
17
100
AcDbEntity
  8
TEXT
 62
7
370
15
100
AcDbPolyline
 90
2
 70
0
 10
149.0
 20
172.00187242798344
 10
149.0
 20
168.60187242798344
  0
TEXT
  5
37C
330
17
100
AcDbEntity
  8
TEXT
 62
7
100
AcDbText
 10
149.8
 20
169.60187242798344
 30
0.0
 40
1.4
  1
30 мА, тип A
  7
GOST
 11
149.8
 21
169.60187242798344
 31
0.0
100
AcDbText
  0
LWPOLYLINE
  5
37D
330
17
100
AcDbEntity
  8
TEXT
 62
7
370
15
100
AcDbPolyline
 90
2
 70
0
 10
177.0
 20
172.00187242798344
 10
177.0
 20
168.60187242798344
  0
TEXT
  5
37E
330
17
100
AcDbEntity
  8
TEXT
 62
7
100
AcDbText
 10
177.8
 20
169.60187242798344
 30
0.0
 40
1.4
  1
ВВГнг(А)-LS 3×2,5
  7
GOST
 11
177.8
 21
169.60187242798344
 31
0.0
100
AcDbText
  0
LWPOLYLINE
  5
37F
330
17
100
AcDbEntity
  8
TEXT
 62
7
370
15
100
AcDbPolyline
 90
2
 70
0
 10
201.0
 20
172.00187242798344
 10
201.0
 20
168.60187242798344
  0
TEXT
  5
380
330
17
100
AcDbEntity
  8
TEXT
 62
7
100
AcDbText
 10
201.8
 20
169.60187242798344
 30
0.0
 40
1.4
  1
30.6
  7
GOST
 11
201.8
 21
169.60187242798344
 31
0.0
100
AcDbText
  0
LWPOLYLINE
  5
381
330
17
100
AcDbEntity
  8
TEXT
 62
7
370
15
100
AcDbPolyline
 90
2
 70
0
 10
211.0
 20
172.00187242798344
 10
211.0
 20
168.60187242798344
  0
TEXT
  5
382
330
17
100
AcDbEntity
  8
TEXT
 62
7
100
AcDbText
 10
211.8
 20
169.60187242798344
 30
0.0
 40
1.4
  1
4
  7
GOST
 11
211.8
 21
169.60187242798344
 31
0.0
100
AcDbText
  0
LWPOLYLINE
  5
383
330
17
100
AcDbEntity
  8
TEXT
 62
7
370
15
100
AcDbPolyline
 90
2
 70
0
 10
220.0
 20
172.00187242798344
 10
220.0
 20
168.60187242798344
  0
TEXT
  5
384
330
17
100
AcDbEntity
  8
TEXT
 62
7
100
AcDbText
 10
220.8
 20
169.60187242798344
 30
0.0
 40
1.4
  1
1.5
  7
GOST
 11
220.8
 21
169.60187242798344
 31
0.0
100
AcDbText
  0
LWPOLYLINE
  5
385
330
17
100
AcDbEntity
  8
TEXT
 62
7
370
15
100
AcDbPolyline
 90
2
 70
0
 10
231.0
 20
172.00187242798344
 10
231.0
 20
168.60187242798344
  0
TEXT
  5
386
330
17
100
AcDbEntity
  8
TEXT
 62
7
100
AcDbText
 10
231.8
 20
169.60187242798344
 30
0.0
 40
1.4
  1
0.3
  7
GOST
 11
231.8
 21
169.60187242798344
 31
0.0
100
AcDbText
  0
LWPOLYLINE
  5
387
330
17
100
AcDbEntity
  8
TEXT
 62
7
370
15
100
AcDbPolyline
 90
2
 70
0
 10
239.0
 20
172.00187242798344
 10
239.0
 20
168.60187242798344
  0
TEXT
  5
388
330
17
100
AcDbEntity
  8
TEXT
 62
7
100
AcDbText
 10
239.8
 20
169.60187242798344
 30
0.0
 40
1.4
  1
0.45
  7
GOST
 11
239.8
 21
169.60187242798344
 31
0.0
100
AcDbText
  0
LWPOLYLINE
  5
389
330
17
100
AcDbEntity
  8
TEXT
 62
7
370
15
100
AcDbPolyline
 90
2
 70
0
 10
250.0
 20
172.00187242798344
 10
250.0
 20
168.60187242798344
  0
LWPOLYLINE
  5
38A
330
17
100
AcDbEntity
  8
TEXT
 62
7
370
15
100
AcDbPolyline
 90
4
 70
1
 10
22.0
 20
165.20187242798343
 10
250.0
 20
165.20187242798343
 10
250.0
 20
168.60187242798344
 10
22.0
 20
168.60187242798344
  0
LWPOLYLINE
  5
38B
330
17
100
AcDbEntity
  8
TEXT
 62
7
370
15
100
AcDbPolyline
 90
2
 70
0
 10
22.0
 20
168.60187242798344
 10
22.0
 20
165.20187242798343
  0
TEXT
  5
38C
330
17
100
AcDbEntity
  8
TEXT
 62
7
100
AcDbText
 10
22.8
 20
166.20187242798343
 30
0.0
 40
1.4
  1
C20
  7
GOST
 11
22.8
 21
166.20187242798343
 31
0.0
100
AcDbText
  0
LWPOLYLINE
  5
38D
330
17
100
AcDbEntity
  8
TEXT
 62
7
370
15
100
AcDbPolyline
 90
2
 70
0
 10
31.0
 20
168.60187242798344
 10
31.0
 20
165.20187242798343
  0
TEXT
  5
38E
330
17
100
AcDbEntity
  8
TEXT
 62
7
100
AcDbText
 10
31.8
 20
166.20187242798343
 30
0.0
 40
1.4
  1
Бризеры спальни и детской
  7
GOST
 11
31.8
 21
166.20187242798343
 31
0.0
100
AcDbText
  0
LWPOLYLINE
  5
38F
330
17
100
AcDbEntity
  8
TEXT
 62
7
370
15
100
AcDbPolyline
 90
2
 70
0
 10
101.0
 20
168.60187242798344
 10
101.0
 20
165.20187242798343
  0
TEXT
  5
390
330
17
100
AcDbEntity
  8
TEXT
 62
7
100
AcDbText
 10
101.8
 20
166.20187242798343
 30
0.0
 40
1.4
  1
1P+N C16
  7
GOST
 11
101.8
 21
166.20187242798343
 31
0.0
100
AcDbText
  0
LWPOLYLINE
  5
391
330
17
100
AcDbEntity
  8
TEXT
 62
7
370
15
100
AcDbPolyline
 90
2
 70
0
 10
115.0
 20
168.60187242798344
 10
115.0
 20
165.20187242798343
  0
TEXT
  5
392
330
17
100
AcDbEntity
  8
TEXT
 62
7
100
AcDbText
 10
115.8
 20
166.20187242798343
 30
0.0
 40
1.4
  1
АВДТ 1P+N, 1 модуль, 6 кА
  7
GOST
 11
115.8
 21
166.20187242798343
 31
0.0
100
AcDbText
  0
LWPOLYLINE
  5
393
330
17
100
AcDbEntity
  8
TEXT
 62
7
370
15
100
AcDbPolyline
 90
2
 70
0
 10
149.0
 20
168.60187242798344
 10
149.0
 20
165.20187242798343
  0
TEXT
  5
394
330
17
100
AcDbEntity
  8
TEXT
 62
7
100
AcDbText
 10
149.8
 20
166.20187242798343
 30
0.0
 40
1.4
  1
30 мА, тип A
  7
GOST
 11
149.8
 21
166.20187242798343
 31
0.0
100
AcDbText
  0
LWPOLYLINE
  5
395
330
17
100
AcDbEntity
  8
TEXT
 62
7
370
15
100
AcDbPolyline
 90
2
 70
0
 10
177.0
 20
168.60187242798344
 10
177.0
 20
165.20187242798343
  0
TEXT
  5
396
330
17
100
AcDbEntity
  8
TEXT
 62
7
100
AcDbText
 10
177.8
 20
166.20187242798343
 30
0.0
 40
1.4
  1
ВВГнг(А)-LS 3×2,5
  7
GOST
 11
177.8
 21
166.20187242798343
 31
0.0
100
AcDbText
  0
LWPOLYLINE
  5
397
330
17
100
AcDbEntity
  8
TEXT
 62
7
370
15
100
AcDbPolyline
 90
2
 70
0
 10
201.0
 20
168.60187242798344
 10
201.0
 20
165.20187242798343
  0
TEXT
  5
398
330
17
100
AcDbEntity
  8
TEXT
 62
7
100
AcDbText
 10
201.8
 20
166.20187242798343
 30
0.0
 40
1.4
  1
15.8
  7
GOST
 11
201.8
 21
166.20187242798343
 31
0.0
100
AcDbText
  0
LWPOLYLINE
  5
399
330
17
100
AcDbEntity
  8
TEXT
 62
7
370
15
100
AcDbPolyline
 90
2
 70
0
 10
211.0
 20
168.60187242798344
 10
211.0
 20
165.20187242798343
  0
TEXT
  5
39A
330
17
100
AcDbEntity
  8
TEXT
 62
7
100
AcDbText
 10
211.8
 20
166.20187242798343
 30
0.0
 40
1.4
  1
2
  7
GOST
 11
211.8
 21
166.20187242798343
 31
0.0
100
AcDbText
  0
LWPOLYLINE
  5
39B
330
17
100
AcDbEntity
  8
TEXT
 62
7
370
15
100
AcDbPolyline
 90
2
 70
0
 10
220.0
 20
168.60187242798344
 10
220.0
 20
165.20187242798343
  0
TEXT
  5
39C
330
17
100
AcDbEntity
  8
TEXT
 62
7
100
AcDbText
 10
220.8
 20
166.20187242798343
 30
0.0
 40
1.4
  1
2.3
  7
GOST
 11
220.8
 21
166.20187242798343
 31
0.0
100
AcDbText
  0
LWPOLYLINE
  5
39D
330
17
100
AcDbEntity
  8
TEXT
 62
7
370
15
100
AcDbPolyline
 90
2
 70
0
 10
231.0
 20
168.60187242798344
 10
231.0
 20
165.20187242798343
  0
TEXT
  5
39E
330
17
100
AcDbEntity
  8
TEXT
 62
7
100
AcDbText
 10
231.8
 20
166.20187242798343
 30
0.0
 40
1.4
  1
0.6
  7
GOST
 11
231.8
 21
166.20187242798343
 31
0.0
100
AcDbText
  0
LWPOLYLINE
  5
39F
330
17
100
AcDbEntity
  8
TEXT
 62
7
370
15
100
AcDbPolyline
 90
2
 70
0
 10
239.0
 20
168.60187242798344
 10
239.0
 20
165.20187242798343
  0
TEXT
  5
3A0
330
17
100
AcDbEntity
  8
TEXT
 62
7
100
AcDbText
 10
239.8
 20
166.20187242798343
 30
0.0
 40
1.4
  1
1.38
  7
GOST
 11
239.8
 21
166.20187242798343
 31
0.0
100
AcDbText
  0
LWPOLYLINE
  5
3A1
330
17
100
AcDbEntity
  8
TEXT
 62
7
370
15
100
AcDbPolyline
 90
2
 70
0
 10
250.0
 20
168.60187242798344
 10
250.0
 20
165.20187242798343
  0
LWPOLYLINE
  5
3A2
330
17
100
AcDbEntity
  8
TEXT
 62
7
370
15
100
AcDbPolyline
 90
4
 70
1
 10
22.0
 20
159.77187242798342
 10
250.0
 20
159.77187242798342
 10
250.0
 20
165.20187242798343
 10
22.0
 20
165.20187242798343
  0
LWPOLYLINE
  5
3A3
330
17
100
AcDbEntity
  8
TEXT
 62
7
370
15
100
AcDbPolyline
 90
2
 70
0
 10
22.0
 20
165.20187242798343
 10
22.0
 20
159.77187242798342
  0
TEXT
  5
3A4
330
17
100
AcDbEntity
  8
TEXT
 62
7
100
AcDbText
 10
22.8
 20
162.80187242798343
 30
0.0
 40
1.4
  1
C21
  7
GOST
 11
22.8
 21
162.80187242798343
 31
0.0
100
AcDbText
  0
LWPOLYLINE
  5
3A5
330
17
100
AcDbEntity
  8
TEXT
 62
7
370
15
100
AcDbPolyline
 90
2
 70
0
 10
31.0
 20
165.20187242798343
 10
31.0
 20
159.77187242798342
  0
TEXT
  5
3A6
330
17
100
AcDbEntity
  8
TEXT
 62
7
100
AcDbText
 10
31.8
 20
162.80187242798343
 30
0.0
 40
1.4
  1
Розетки прихожей, коридора, пенала постирочной
  7
GOST
 11
31.8
 21
162.80187242798343
 31
0.0
100
AcDbText
  0
TEXT
  5
3A7
330
17
100
AcDbEntity
  8
TEXT
 62
7
100
AcDbText
 10
31.8
 20
160.77187242798342
 30
0.0
 40
1.4
  1
(робот-пылесос)
  7
GOST
 11
31.8
 21
160.77187242798342
 31
0.0
100
AcDbText
  0
LWPOLYLINE
  5
3A8
330
17
100
AcDbEntity
  8
TEXT
 62
7
370
15
100
AcDbPolyline
 90
2
 70
0
 10
101.0
 20
165.20187242798343
 10
101.0
 20
159.77187242798342
  0
TEXT
  5
3A9
330
17
100
AcDbEntity
  8
TEXT
 62
7
100
AcDbText
 10
101.8
 20
162.80187242798343
 30
0.0
 40
1.4
  1
1P+N C16
  7
GOST
 11
101.8
 21
162.80187242798343
 31
0.0
100
AcDbText
  0
LWPOLYLINE
  5
3AA
330
17
100
AcDbEntity
  8
TEXT
 62
7
370
15
100
AcDbPolyline
 90
2
 70
0
 10
115.0
 20
165.20187242798343
 10
115.0
 20
159.77187242798342
  0
TEXT
  5
3AB
330
17
100
AcDbEntity
  8
TEXT
 62
7
100
AcDbText
 10
115.8
 20
162.80187242798343
 30
0.0
 40
1.4
  1
АВДТ 1P+N, 1 модуль, 6 кА
  7
GOST
 11
115.8
 21
162.80187242798343
 31
0.0
100
AcDbText
  0
LWPOLYLINE
  5
3AC
330
17
100
AcDbEntity
  8
TEXT
 62
7
370
15
100
AcDbPolyline
 90
2
 70
0
 10
149.0
 20
165.20187242798343
 10
149.0
 20
159.77187242798342
  0
TEXT
  5
3AD
330
17
100
AcDbEntity
  8
TEXT
 62
7
100
AcDbText
 10
149.8
 20
162.80187242798343
 30
0.0
 40
1.4
  1
30 мА, тип A
  7
GOST
 11
149.8
 21
162.80187242798343
 31
0.0
100
AcDbText
  0
LWPOLYLINE
  5
3AE
330
17
100
AcDbEntity
  8
TEXT
 62
7
370
15
100
AcDbPolyline
 90
2
 70
0
 10
177.0
 20
165.20187242798343
 10
177.0
 20
159.77187242798342
  0
TEXT
  5
3AF
330
17
100
AcDbEntity
  8
TEXT
 62
7
100
AcDbText
 10
177.8
 20
162.80187242798343
 30
0.0
 40
1.4
  1
ВВГнг(А)-LS 3×2,5
  7
GOST
 11
177.8
 21
162.80187242798343
 31
0.0
100
AcDbText
  0
LWPOLYLINE
  5
3B0
330
17
100
AcDbEntity
  8
TEXT
 62
7
370
15
100
AcDbPolyline
 90
2
 70
0
 10
201.0
 20
165.20187242798343
 10
201.0
 20
159.77187242798342
  0
TEXT
  5
3B1
330
17
100
AcDbEntity
  8
TEXT
 62
7
100
AcDbText
 10
201.8
 20
162.80187242798343
 30
0.0
 40
1.4
  1
26.6
  7
GOST
 11
201.8
 21
162.80187242798343
 31
0.0
100
AcDbText
  0
LWPOLYLINE
  5
3B2
330
17
100
AcDbEntity
  8
TEXT
 62
7
370
15
100
AcDbPolyline
 90
2
 70
0
 10
211.0
 20
165.20187242798343
 10
211.0
 20
159.77187242798342
  0
TEXT
  5
3B3
330
17
100
AcDbEntity
  8
TEXT
 62
7
100
AcDbText
 10
211.8
 20
162.80187242798343
 30
0.0
 40
1.4
  1
4
  7
GOST
 11
211.8
 21
162.80187242798343
 31
0.0
100
AcDbText
  0
LWPOLYLINE
  5
3B4
330
17
100
AcDbEntity
  8
TEXT
 62
7
370
15
100
AcDbPolyline
 90
2
 70
0
 10
220.0
 20
165.20187242798343
 10
220.0
 20
159.77187242798342
  0
TEXT
  5
3B5
330
17
100
AcDbEntity
  8
TEXT
 62
7
100
AcDbText
 10
220.8
 20
162.80187242798343
 30
0.0
 40
1.4
  1
1.5
  7
GOST
 11
220.8
 21
162.80187242798343
 31
0.0
100
AcDbText
  0
LWPOLYLINE
  5
3B6
330
17
100
AcDbEntity
  8
TEXT
 62
7
370
15
100
AcDbPolyline
 90
2
 70
0
 10
231.0
 20
165.20187242798343
 10
231.0
 20
159.77187242798342
  0
TEXT
  5
3B7
330
17
100
AcDbEntity
  8
TEXT
 62
7
100
AcDbText
 10
231.8
 20
162.80187242798343
 30
0.0
 40
1.4
  1
0.3
  7
GOST
 11
231.8
 21
162.80187242798343
 31
0.0
100
AcDbText
  0
LWPOLYLINE
  5
3B8
330
17
100
AcDbEntity
  8
TEXT
 62
7
370
15
100
AcDbPolyline
 90
2
 70
0
 10
239.0
 20
165.20187242798343
 10
239.0
 20
159.77187242798342
  0
TEXT
  5
3B9
330
17
100
AcDbEntity
  8
TEXT
 62
7
100
AcDbText
 10
239.8
 20
162.80187242798343
 30
0.0
 40
1.4
  1
0.45
  7
GOST
 11
239.8
 21
162.80187242798343
 31
0.0
100
AcDbText
  0
LWPOLYLINE
  5
3BA
330
17
100
AcDbEntity
  8
TEXT
 62
7
370
15
100
AcDbPolyline
 90
2
 70
0
 10
250.0
 20
165.20187242798343
 10
250.0
 20
159.77187242798342
  0
LWPOLYLINE
  5
3BB
330
17
100
AcDbEntity
  8
TEXT
 62
7
370
15
100
AcDbPolyline
 90
4
 70
1
 10
22.0
 20
156.37187242798342
 10
250.0
 20
156.37187242798342
 10
250.0
 20
159.77187242798342
 10
22.0
 20
159.77187242798342
  0
LWPOLYLINE
  5
3BC
330
17
100
AcDbEntity
  8
TEXT
 62
7
370
15
100
AcDbPolyline
 90
2
 70
0
 10
22.0
 20
159.77187242798342
 10
22.0
 20
156.37187242798342
  0
TEXT
  5
3BD
330
17
100
AcDbEntity
  8
TEXT
 62
7
100
AcDbText
 10
22.8
 20
157.37187242798342
 30
0.0
 40
1.4
  1
C22
  7
GOST
 11
22.8
 21
157.37187242798342
 31
0.0
100
AcDbText
  0
LWPOLYLINE
  5
3BE
330
17
100
AcDbEntity
  8
TEXT
 62
7
370
15
100
AcDbPolyline
 90
2
 70
0
 10
31.0
 20
159.77187242798342
 10
31.0
 20
156.37187242798342
  0
TEXT
  5
3BF
330
17
100
AcDbEntity
  8
TEXT
 62
7
100
AcDbText
 10
31.8
 20
157.37187242798342
 30
0.0
 40
1.4
  1
СС-щит U16 (роутер, шлюз, контроллер протечек)
  7
GOST
 11
31.8
 21
157.37187242798342
 31
0.0
100
AcDbText
  0
LWPOLYLINE
  5
3C0
330
17
100
AcDbEntity
  8
TEXT
 62
7
370
15
100
AcDbPolyline
 90
2
 70
0
 10
101.0
 20
159.77187242798342
 10
101.0
 20
156.37187242798342
  0
TEXT
  5
3C1
330
17
100
AcDbEntity
  8
TEXT
 62
7
100
AcDbText
 10
101.8
 20
157.37187242798342
 30
0.0
 40
1.4
  1
1P+N C16
  7
GOST
 11
101.8
 21
157.37187242798342
 31
0.0
100
AcDbText
  0
LWPOLYLINE
  5
3C2
330
17
100
AcDbEntity
  8
TEXT
 62
7
370
15
100
AcDbPolyline
 90
2
 70
0
 10
115.0
 20
159.77187242798342
 10
115.0
 20
156.37187242798342
  0
TEXT
  5
3C3
330
17
100
AcDbEntity
  8
TEXT
 62
7
100
AcDbText
 10
115.8
 20
157.37187242798342
 30
0.0
 40
1.4
  1
АВДТ 1P+N, 1 модуль, 6 кА
  7
GOST
 11
115.8
 21
157.37187242798342
 31
0.0
100
AcDbText
  0
LWPOLYLINE
  5
3C4
330
17
100
AcDbEntity
  8
TEXT
 62
7
370
15
100
AcDbPolyline
 90
2
 70
0
 10
149.0
 20
159.77187242798342
 10
149.0
 20
156.37187242798342
  0
TEXT
  5
3C5
330
17
100
AcDbEntity
  8
TEXT
 62
7
100
AcDbText
 10
149.8
 20
157.37187242798342
 30
0.0
 40
1.4
  1
30 мА, тип A
  7
GOST
 11
149.8
 21
157.37187242798342
 31
0.0
100
AcDbText
  0
LWPOLYLINE
  5
3C6
330
17
100
AcDbEntity
  8
TEXT
 62
7
370
15
100
AcDbPolyline
 90
2
 70
0
 10
177.0
 20
159.77187242798342
 10
177.0
 20
156.37187242798342
  0
TEXT
  5
3C7
330
17
100
AcDbEntity
  8
TEXT
 62
7
100
AcDbText
 10
177.8
 20
157.37187242798342
 30
0.0
 40
1.4
  1
ВВГнг(А)-LS 3×2,5
  7
GOST
 11
177.8
 21
157.37187242798342
 31
0.0
100
AcDbText
  0
LWPOLYLINE
  5
3C8
330
17
100
AcDbEntity
  8
TEXT
 62
7
370
15
100
AcDbPolyline
 90
2
 70
0
 10
201.0
 20
159.77187242798342
 10
201.0
 20
156.37187242798342
  0
TEXT
  5
3C9
330
17
100
AcDbEntity
  8
TEXT
 62
7
100
AcDbText
 10
201.8
 20
157.37187242798342
 30
0.0
 40
1.4
  1
3.6
  7
GOST
 11
201.8
 21
157.37187242798342
 31
0.0
100
AcDbText
  0
LWPOLYLINE
  5
3CA
330
17
100
AcDbEntity
  8
TEXT
 62
7
370
15
100
AcDbPolyline
 90
2
 70
0
 10
211.0
 20
159.77187242798342
 10
211.0
 20
156.37187242798342
  0
TEXT
  5
3CB
330
17
100
AcDbEntity
  8
TEXT
 62
7
100
AcDbText
 10
211.8
 20
157.37187242798342
 30
0.0
 40
1.4
  1
1
  7
GOST
 11
211.8
 21
157.37187242798342
 31
0.0
100
AcDbText
  0
LWPOLYLINE
  5
3CC
330
17
100
AcDbEntity
  8
TEXT
 62
7
370
15
100
AcDbPolyline
 90
2
 70
0
 10
220.0
 20
159.77187242798342
 10
220.0
 20
156.37187242798342
  0
TEXT
  5
3CD
330
17
100
AcDbEntity
  8
TEXT
 62
7
100
AcDbText
 10
220.8
 20
157.37187242798342
 30
0.0
 40
1.4
  1
0.1
  7
GOST
 11
220.8
 21
157.37187242798342
 31
0.0
100
AcDbText
  0
LWPOLYLINE
  5
3CE
330
17
100
AcDbEntity
  8
TEXT
 62
7
370
15
100
AcDbPolyline
 90
2
 70
0
 10
231.0
 20
159.77187242798342
 10
231.0
 20
156.37187242798342
  0
TEXT
  5
3CF
330
17
100
AcDbEntity
  8
TEXT
 62
7
100
AcDbText
 10
231.8
 20
157.37187242798342
 30
0.0
 40
1.4
  1
1.0
  7
GOST
 11
231.8
 21
157.37187242798342
 31
0.0
100
AcDbText
  0
LWPOLYLINE
  5
3D0
330
17
100
AcDbEntity
  8
TEXT
 62
7
370
15
100
AcDbPolyline
 90
2
 70
0
 10
239.0
 20
159.77187242798342
 10
239.0
 20
156.37187242798342
  0
TEXT
  5
3D1
330
17
100
AcDbEntity
  8
TEXT
 62
7
100
AcDbText
 10
239.8
 20
157.37187242798342
 30
0.0
 40
1.4
  1
0.1
  7
GOST
 11
239.8
 21
157.37187242798342
 31
0.0
100
AcDbText
  0
LWPOLYLINE
  5
3D2
330
17
100
AcDbEntity
  8
TEXT
 62
7
370
15
100
AcDbPolyline
 90
2
 70
0
 10
250.0
 20
159.77187242798342
 10
250.0
 20
156.37187242798342
  0
LWPOLYLINE
  5
3D3
330
17
100
AcDbEntity
  8
TEXT
 62
7
370
15
100
AcDbPolyline
 90
4
 70
1
 10
22.0
 20
150.9418724279834
 10
250.0
 20
150.9418724279834
 10
250.0
 20
156.37187242798342
 10
22.0
 20
156.37187242798342
  0
LWPOLYLINE
  5
3D4
330
17
100
AcDbEntity
  8
TEXT
 62
7
370
15
100
AcDbPolyline
 90
2
 70
0
 10
22.0
 20
156.37187242798342
 10
22.0
 20
150.9418724279834
  0
TEXT
  5
3D5
330
17
100
AcDbEntity
  8
TEXT
 62
7
100
AcDbText
 10
22.8
 20
153.9718724279834
 30
0.0
 40
1.4
  1
R1-R2
  7
GOST
 11
22.8
 21
153.9718724279834
 31
0.0
100
AcDbText
  0
LWPOLYLINE
  5
3D6
330
17
100
AcDbEntity
  8
TEXT
 62
7
370
15
100
AcDbPolyline
 90
2
 70
0
 10
31.0
 20
156.37187242798342
 10
31.0
 20
150.9418724279834
  0
TEXT
  5
3D7
330
17
100
AcDbEntity
  8
TEXT
 62
7
100
AcDbText
 10
31.8
 20
153.9718724279834
 30
0.0
 40
1.4
  1
Резерв (2 места: кондиционер/бойлер — сейчас не
  7
GOST
 11
31.8
 21
153.9718724279834
 31
0.0
100
AcDbText
  0
TEXT
  5
3D8
330
17
100
AcDbEntity
  8
TEXT
 62
7
100
AcDbText
 10
31.8
 20
151.9418724279834
 30
0.0
 40
1.4
  1
предусмотрены брифом)
  7
GOST
 11
31.8
 21
151.9418724279834
 31
0.0
100
AcDbText
  0
LWPOLYLINE
  5
3D9
330
17
100
AcDbEntity
  8
TEXT
 62
7
370
15
100
AcDbPolyline
 90
2
 70
0
 10
101.0
 20
156.37187242798342
 10
101.0
 20
150.9418724279834
  0
TEXT
  5
3DA
330
17
100
AcDbEntity
  8
TEXT
 62
7
100
AcDbText
 10
101.8
 20
153.9718724279834
 30
0.0
 40
1.4
  1
—
  7
GOST
 11
101.8
 21
153.9718724279834
 31
0.0
100
AcDbText
  0
LWPOLYLINE
  5
3DB
330
17
100
AcDbEntity
  8
TEXT
 62
7
370
15
100
AcDbPolyline
 90
2
 70
0
 10
115.0
 20
156.37187242798342
 10
115.0
 20
150.9418724279834
  0
TEXT
  5
3DC
330
17
100
AcDbEntity
  8
TEXT
 62
7
100
AcDbText
 10
115.8
 20
153.9718724279834
 30
0.0
 40
1.4
  1
место 2 модуля
  7
GOST
 11
115.8
 21
153.9718724279834
 31
0.0
100
AcDbText
  0
LWPOLYLINE
  5
3DD
330
17
100
AcDbEntity
  8
TEXT
 62
7
370
15
100
AcDbPolyline
 90
2
 70
0
 10
149.0
 20
156.37187242798342
 10
149.0
 20
150.9418724279834
  0
TEXT
  5
3DE
330
17
100
AcDbEntity
  8
TEXT
 62
7
100
AcDbText
 10
149.8
 20
153.9718724279834
 30
0.0
 40
1.4
  1
—
  7
GOST
 11
149.8
 21
153.9718724279834
 31
0.0
100
AcDbText
  0
LWPOLYLINE
  5
3DF
330
17
100
AcDbEntity
  8
TEXT
 62
7
370
15
100
AcDbPolyline
 90
2
 70
0
 10
177.0
 20
156.37187242798342
 10
177.0
 20
150.9418724279834
  0
TEXT
  5
3E0
330
17
100
AcDbEntity
  8
TEXT
 62
7
100
AcDbText
 10
177.8
 20
153.9718724279834
 30
0.0
 40
1.4
  1
—
  7
GOST
 11
177.8
 21
153.9718724279834
 31
0.0
100
AcDbText
  0
LWPOLYLINE
  5
3E1
330
17
100
AcDbEntity
  8
TEXT
 62
7
370
15
100
AcDbPolyline
 90
2
 70
0
 10
201.0
 20
156.37187242798342
 10
201.0
 20
150.9418724279834
  0
TEXT
  5
3E2
330
17
100
AcDbEntity
  8
TEXT
 62
7
100
AcDbText
 10
201.8
 20
153.9718724279834
 30
0.0
 40
1.4
  1
0
  7
GOST
 11
201.8
 21
153.9718724279834
 31
0.0
100
AcDbText
  0
LWPOLYLINE
  5
3E3
330
17
100
AcDbEntity
  8
TEXT
 62
7
370
15
100
AcDbPolyline
 90
2
 70
0
 10
211.0
 20
156.37187242798342
 10
211.0
 20
150.9418724279834
  0
TEXT
  5
3E4
330
17
100
AcDbEntity
  8
TEXT
 62
7
100
AcDbText
 10
211.8
 20
153.9718724279834
 30
0.0
 40
1.4
  1
0
  7
GOST
 11
211.8
 21
153.9718724279834
 31
0.0
100
AcDbText
  0
LWPOLYLINE
  5
3E5
330
17
100
AcDbEntity
  8
TEXT
 62
7
370
15
100
AcDbPolyline
 90
2
 70
0
 10
220.0
 20
156.37187242798342
 10
220.0
 20
150.9418724279834
  0
TEXT
  5
3E6
330
17
100
AcDbEntity
  8
TEXT
 62
7
100
AcDbText
 10
220.8
 20
153.9718724279834
 30
0.0
 40
1.4
  1
0
  7
GOST
 11
220.8
 21
153.9718724279834
 31
0.0
100
AcDbText
  0
LWPOLYLINE
  5
3E7
330
17
100
AcDbEntity
  8
TEXT
 62
7
370
15
100
AcDbPolyline
 90
2
 70
0
 10
231.0
 20
156.37187242798342
 10
231.0
 20
150.9418724279834
  0
TEXT
  5
3E8
330
17
100
AcDbEntity
  8
TEXT
 62
7
100
AcDbText
 10
231.8
 20
153.9718724279834
 30
0.0
 40
1.4
  1
0
  7
GOST
 11
231.8
 21
153.9718724279834
 31
0.0
100
AcDbText
  0
LWPOLYLINE
  5
3E9
330
17
100
AcDbEntity
  8
TEXT
 62
7
370
15
100
AcDbPolyline
 90
2
 70
0
 10
239.0
 20
156.37187242798342
 10
239.0
 20
150.9418724279834
  0
TEXT
  5
3EA
330
17
100
AcDbEntity
  8
TEXT
 62
7
100
AcDbText
 10
239.8
 20
153.9718724279834
 30
0.0
 40
1.4
  1
0
  7
GOST
 11
239.8
 21
153.9718724279834
 31
0.0
100
AcDbText
  0
LWPOLYLINE
  5
3EB
330
17
100
AcDbEntity
  8
TEXT
 62
7
370
15
100
AcDbPolyline
 90
2
 70
0
 10
250.0
 20
156.37187242798342
 10
250.0
 20
150.9418724279834
  0
LWPOLYLINE
  5
3EC
330
17
100
AcDbEntity
  8
TEXT
 62
7
370
35
100
AcDbPolyline
 90
4
 70
1
 10
22.0
 20
150.9418724279834
 10
250.0
 20
150.9418724279834
 10
250.0
 20
243.49187242798354
 10
22.0
 20
243.49187242798354
  0
TEXT
  5
3ED
330
17
100
AcDbEntity
  8
TEXT
 62
7
100
AcDbText
 10
22.0
 20
144.7418724279835
 30
0.0
 40
2.2
  1
Расчётная нагрузка и защита
  7
GOST
 11
22.0
 21
144.7418724279835
 31
0.0
100
AcDbText
  0
TEXT
  5
3EE
330
17
100
AcDbEntity
  8
TEXT
 62
7
100
AcDbText
 10
22.0
 20
141.3418724279835
 30
0.0
 40
1.4
  1
Групп: 22; Pуст = 38.33 кВт; ΣPу·Кс = 20.48 кВт; Ко = 0.6; Pр = 12.3 кВт; Iр = 55.1 А; cos φ = 0.97.
  7
GOST
 11
22.0
 21
141.3418724279835
 31
0.0
100
AcDbText
  0
TEXT
  5
3EF
330
17
100
AcDbEntity
  8
TEXT
 62
7
100
AcDbText
 10
22.0
 20
139.2418724279835
 30
0.0
 40
1.4
  1
Pр = 12.3 кВт: в пределах 15 кВт; превышает 10–11 кВт (вопрос 53, допущение №4 = 11 кВт) — при выделенной ≤ 11 кВт: ограничить индукцию до 4,6–6 кВт (power management) или реле приоритета нагрузки для ТП/конвекторов/бризеров
  7
GOST
 11
22.0
 21
139.2418724279835
 31
0.0
100
AcDbText
  0
TEXT
  5
3F0
330
17
100
AcDbEntity
  8
TEXT
 62
7
100
AcDbText
 10
22.0
 20
137.14187242798351
 30
0.0
 40
1.4
  1
— Ванная: розетки и полотенцесушитель — отдельная линия, АВДТ 10 мА (ПУЭ 7.1.79 требует ≤ 30 мА; принято 10 мА как более строгий вариант для зоны с ванной и душем без поддона); ЭТП ванной — 30 мА (ПУЭ 7.1.83: суммарный ток утечки линии ≤ 1/3 IΔn — для мата с экраном 10 мА давало бы ложные срабатывания)
  7
GOST
 11
22.0
 21
137.14187242798351
 31
0.0
100
AcDbText
  0
TEXT
  5
3F1
330
17
100
AcDbEntity
  8
TEXT
 62
7
100
AcDbText
 10
22.0
 20
135.04187242798352
 30
0.0
 40
1.4
  1
— Мокрая техника (ПММ, СМА, СМ) — отдельные линии, АВДТ 30 мА тип A
  7
GOST
 11
22.0
 21
135.04187242798352
 31
0.0
100
AcDbText
  0
TEXT
  5
3F2
330
17
100
AcDbEntity
  8
TEXT
 62
7
100
AcDbText
 10
22.0
 20
132.94187242798353
 30
0.0
 40
1.4
  1
— Все розеточные и силовые группы — АВДТ 30 мА тип A (ПУЭ 7.1.79); освещение сухих помещений — автоматы C10 под противопожарным УЗО 100 мА S
  7
GOST
 11
22.0
 21
132.94187242798353
 31
0.0
100
AcDbText
  0
TEXT
  5
3F3
330
17
100
AcDbEntity
  8
TEXT
 62
7
100
AcDbText
 10
22.0
 20
130.84187242798353
 30
0.0
 40
1.4
  1
— ДУП в ванной и постирочной: коробка КУП, PE 4 мм² (ПуГВ) к металлическим трубам ХВС/ГВС, трапу, раме инсталляции, экрану мата ТП, корпусу ванны (если металл); СУП — ГЗШ ВРУ дома
  7
GOST
 11
22.0
 21
130.84187242798353
 31
0.0
100
AcDbText
  0
LWPOLYLINE
  5
3F4
330
17
100
AcDbEntity
  8
FRAME
 62
7
370
50
100
AcDbPolyline
 90
4
 70
1
 10
20.0
 20
5.0
 10
589.0
 20
5.0
 10
589.0
 20
415.0
 10
20.0
 20
415.0
  0
TEXT
  5
3F5
330
17
100
AcDbEntity
  8
FRAME
 62
7
100
AcDbText
 10
589.0
 20
1.6
 30
0.0
 40
2.0
  1
Формат A2
  7
GOST
 72
2
 11
589.0
 21
1.6
 31
0.0
100
AcDbText
  0
HATCH
  5
3F6
330
17
100
AcDbEntity
  8
FRAME
 62
7
420
16777215
100
AcDbHatch
 10
0.0
 20
0.0
 30
0.0
210
0.0
220
0.0
230
1.0
  2
SOLID
 70
1
 71
0
 91
1
 92
3
 72
0
 73
1
 93
4
 10
404.0
 20
5.0
 10
589.0
 20
5.0
 10
589.0
 20
60.0
 10
404.0
 20
60.0
 97
0
 75
1
 76
1
 98
0
  0
LWPOLYLINE
  5
3F7
330
17
100
AcDbEntity
  8
FRAME
 62
7
370
50
100
AcDbPolyline
 90
4
 70
1
 10
404.0
 20
5.0
 10
589.0
 20
5.0
 10
589.0
 20
60.0
 10
404.0
 20
60.0
  0
LWPOLYLINE
  5
3F8
330
17
100
AcDbEntity
  8
FRAME
 62
7
370
50
100
AcDbPolyline
 90
2
 70
0
 10
469.0
 20
45.0
 10
589.0
 20
45.0
  0
LWPOLYLINE
  5
3F9
330
17
100
AcDbEntity
  8
FRAME
 62
7
370
50
100
AcDbPolyline
 90
2
 70
0
 10
469.0
 20
35.0
 10
589.0
 20
35.0
  0
LWPOLYLINE
  5
3FA
330
17
100
AcDbEntity
  8
FRAME
 62
7
370
50
100
AcDbPolyline
 90
2
 70
0
 10
469.0
 20
20.0
 10
589.0
 20
20.0
  0
LWPOLYLINE
  5
3FB
330
17
100
AcDbEntity
  8
FRAME
 62
7
370
50
100
AcDbPolyline
 90
2
 70
0
 10
469.0
 20
5.0
 10
469.0
 20
60.0
  0
LWPOLYLINE
  5
3FC
330
17
100
AcDbEntity
  8
FRAME
 62
7
370
50
100
AcDbPolyline
 90
2
 70
0
 10
539.0
 20
5.0
 10
539.0
 20
35.0
  0
LWPOLYLINE
  5
3FD
330
17
100
AcDbEntity
  8
FRAME
 62
7
370
20
100
AcDbPolyline
 90
2
 70
0
 10
539.0
 20
30.0
 10
589.0
 20
30.0
  0
LWPOLYLINE
  5
3FE
330
17
100
AcDbEntity
  8
FRAME
 62
7
370
20
100
AcDbPolyline
 90
2
 70
0
 10
554.0
 20
20.0
 10
554.0
 20
35.0
  0
LWPOLYLINE
  5
3FF
330
17
100
AcDbEntity
  8
FRAME
 62
7
370
20
100
AcDbPolyline
 90
2
 70
0
 10
569.0
 20
20.0
 10
569.0
 20
35.0
  0
TEXT
  5
400
330
17
100
AcDbEntity
  8
FRAME
 62
7
100
AcDbText
 10
546.5
 20
31.2
 30
0.0
 40
2.0
  1
Стадия
  7
GOST
 72
1
 11
546.5
 21
31.2
 31
0.0
100
AcDbText
  0
TEXT
  5
401
330
17
100
AcDbEntity
  8
FRAME
 62
7
100
AcDbText
 10
561.5
 20
31.2
 30
0.0
 40
2.0
  1
Лист
  7
GOST
 72
1
 11
561.5
 21
31.2
 31
0.0
100
AcDbText
  0
TEXT
  5
402
330
17
100
AcDbEntity
  8
FRAME
 62
7
100
AcDbText
 10
579.0
 20
31.2
 30
0.0
 40
2.0
  1
Листов
  7
GOST
 72
1
 11
579.0
 21
31.2
 31
0.0
100
AcDbText
  0
TEXT
  5
403
330
17
100
AcDbEntity
  8
FRAME
 62
7
100
AcDbText
 10
546.5
 20
23.4
 30
0.0
 40
3.5
  1
Р
  7
GOST
 72
1
 11
546.5
 21
23.4
 31
0.0
100
AcDbText
  0
TEXT
  5
404
330
17
100
AcDbEntity
  8
FRAME
 62
7
100
AcDbText
 10
561.5
 20
23.4
 30
0.0
 40
3.5
  1
32
  7
GOST
 72
1
 11
561.5
 21
23.4
 31
0.0
100
AcDbText
  0
TEXT
  5
405
330
17
100
AcDbEntity
  8
FRAME
 62
7
100
AcDbText
 10
579.0
 20
23.4
 30
0.0
 40
3.5
  1
51
  7
GOST
 72
1
 11
579.0
 21
23.4
 31
0.0
100
AcDbText
  0
LWPOLYLINE
  5
406
330
17
100
AcDbEntity
  8
FRAME
 62
7
370
20
100
AcDbPolyline
 90
2
 70
0
 10
404.0
 20
10.0
 10
469.0
 20
10.0
  0
LWPOLYLINE
  5
407
330
17
100
AcDbEntity
  8
FRAME
 62
7
370
20
100
AcDbPolyline
 90
2
 70
0
 10
404.0
 20
15.0
 10
469.0
 20
15.0
  0
LWPOLYLINE
  5
408
330
17
100
AcDbEntity
  8
FRAME
 62
7
370
20
100
AcDbPolyline
 90
2
 70
0
 10
404.0
 20
20.0
 10
469.0
 20
20.0
  0
LWPOLYLINE
  5
409
330
17
100
AcDbEntity
  8
FRAME
 62
7
370
20
100
AcDbPolyline
 90
2
 70
0
 10
404.0
 20
25.0
 10
469.0
 20
25.0
  0
LWPOLYLINE
  5
40A
330
17
100
AcDbEntity
  8
FRAME
 62
7
370
50
100
AcDbPolyline
 90
2
 70
0
 10
404.0
 20
30.0
 10
469.0
 20
30.0
  0
LWPOLYLINE
  5
40B
330
17
100
AcDbEntity
  8
FRAME
 62
7
370
50
100
AcDbPolyline
 90
2
 70
0
 10
404.0
 20
35.0
 10
469.0
 20
35.0
  0
LWPOLYLINE
  5
40C
330
17
100
AcDbEntity
  8
FRAME
 62
7
370
20
100
AcDbPolyline
 90
2
 70
0
 10
404.0
 20
40.0
 10
469.0
 20
40.0
  0
LWPOLYLINE
  5
40D
330
17
100
AcDbEntity
  8
FRAME
 62
7
370
20
100
AcDbPolyline
 90
2
 70
0
 10
404.0
 20
45.0
 10
469.0
 20
45.0
  0
LWPOLYLINE
  5
40E
330
17
100
AcDbEntity
  8
FRAME
 62
7
370
20
100
AcDbPolyline
 90
2
 70
0
 10
404.0
 20
50.0
 10
469.0
 20
50.0
  0
LWPOLYLINE
  5
40F
330
17
100
AcDbEntity
  8
FRAME
 62
7
370
20
100
AcDbPolyline
 90
2
 70
0
 10
404.0
 20
55.0
 10
469.0
 20
55.0
  0
LWPOLYLINE
  5
410
330
17
100
AcDbEntity
  8
FRAME
 62
7
370
50
100
AcDbPolyline
 90
2
 70
0
 10
414.0
 20
30.0
 10
414.0
 20
60.0
  0
LWPOLYLINE
  5
411
330
17
100
AcDbEntity
  8
FRAME
 62
7
370
50
100
AcDbPolyline
 90
2
 70
0
 10
424.0
 20
5.0
 10
424.0
 20
60.0
  0
LWPOLYLINE
  5
412
330
17
100
AcDbEntity
  8
FRAME
 62
7
370
50
100
AcDbPolyline
 90
2
 70
0
 10
434.0
 20
30.0
 10
434.0
 20
60.0
  0
LWPOLYLINE
  5
413
330
17
100
AcDbEntity
  8
FRAME
 62
7
370
50
100
AcDbPolyline
 90
2
 70
0
 10
444.0
 20
5.0
 10
444.0
 20
60.0
  0
LWPOLYLINE
  5
414
330
17
100
AcDbEntity
  8
FRAME
 62
7
370
50
100
AcDbPolyline
 90
2
 70
0
 10
459.0
 20
5.0
 10
459.0
 20
60.0
  0
TEXT
  5
415
330
17
100
AcDbEntity
  8
FRAME
 62
7
100
AcDbText
 10
409.0
 20
31.3
 30
0.0
 40
1.8
  1
Изм.
  7
GOST
 72
1
 11
409.0
 21
31.3
 31
0.0
100
AcDbText
  0
TEXT
  5
416
330
17
100
AcDbEntity
  8
FRAME
 62
7
100
AcDbText
 10
419.0
 20
31.3
 30
0.0
 40
1.8
  1
Кол.уч
  7
GOST
 72
1
 11
419.0
 21
31.3
 31
0.0
100
AcDbText
  0
TEXT
  5
417
330
17
100
AcDbEntity
  8
FRAME
 62
7
100
AcDbText
 10
429.0
 20
31.3
 30
0.0
 40
1.8
  1
Лист
  7
GOST
 72
1
 11
429.0
 21
31.3
 31
0.0
100
AcDbText
  0
TEXT
  5
418
330
17
100
AcDbEntity
  8
FRAME
 62
7
100
AcDbText
 10
439.0
 20
31.3
 30
0.0
 40
1.8
  1
№док.
  7
GOST
 72
1
 11
439.0
 21
31.3
 31
0.0
100
AcDbText
  0
TEXT
  5
419
330
17
100
AcDbEntity
  8
FRAME
 62
7
100
AcDbText
 10
451.5
 20
31.3
 30
0.0
 40
1.8
  1
Подп.
  7
GOST
 72
1
 11
451.5
 21
31.3
 31
0.0
100
AcDbText
  0
TEXT
  5
41A
330
17
100
AcDbEntity
  8
FRAME
 62
7
100
AcDbText
 10
464.0
 20
31.3
 30
0.0
 40
1.8
  1
Дата
  7
GOST
 72
1
 11
464.0
 21
31.3
 31
0.0
100
AcDbText
  0
TEXT
  5
41B
330
17
100
AcDbEntity
  8
FRAME
 62
7
100
AcDbText
 10
405.0
 20
26.3
 30
0.0
 40
2.0
  1
Разраб.
  7
GOST
 11
405.0
 21
26.3
 31
0.0
100
AcDbText
  0
TEXT
  5
41C
330
17
100
AcDbEntity
  8
FRAME
 62
7
100
AcDbText
 10
405.0
 20
21.3
 30
0.0
 40
2.0
  1
Пров.
  7
GOST
 11
405.0
 21
21.3
 31
0.0
100
AcDbText
  0
TEXT
  5
41D
330
17
100
AcDbEntity
  8
FRAME
 62
7
100
AcDbText
 10
405.0
 20
16.3
 30
0.0
 40
2.0
  1
ГИП
  7
GOST
 11
405.0
 21
16.3
 31
0.0
100
AcDbText
  0
TEXT
  5
41E
330
17
100
AcDbEntity
  8
FRAME
 62
7
100
AcDbText
 10
405.0
 20
11.3
 30
0.0
 40
2.0
  1
Н.контр.
  7
GOST
 11
405.0
 21
11.3
 31
0.0
100
AcDbText
  0
TEXT
  5
41F
330
17
100
AcDbEntity
  8
FRAME
 62
7
100
AcDbText
 10
405.0
 20
6.3
 30
0.0
 40
2.0
  1
Утв.
  7
GOST
 11
405.0
 21
6.3
 31
0.0
100
AcDbText
  0
TEXT
  5
420
330
17
100
AcDbEntity
  8
FRAME
 62
7
100
AcDbText
 10
424.8
 20
26.3
 30
0.0
 40
2.0
  1
pib-агенты
  7
GOST
 11
424.8
 21
26.3
 31
0.0
100
AcDbText
  0
TEXT
  5
421
330
17
100
AcDbEntity
  8
FRAME
 62
7
100
AcDbText
 10
464.0
 20
26.3
 30
0.0
 40
1.8
  1
10.2026
  7
GOST
 72
1
 11
464.0
 21
26.3
 31
0.0
100
AcDbText
  0
TEXT
  5
422
330
17
100
AcDbEntity
  8
FRAME
 62
7
100
AcDbText
 10
529.0
 20
50.0
 30
0.0
 40
5.0
  1
КВ108-ДП-ЭМ-03
  7
GOST
 72
1
 11
529.0
 21
50.0
 31
0.0
100
AcDbText
  0
TEXT
  5
423
330
17
100
AcDbEntity
  8
FRAME
 62
7
100
AcDbText
 10
529.0
 20
38.25
 30
0.0
 40
3.5
  1
Квартира №108, СПб, дизайн-проект
  7
GOST
 72
1
 11
529.0
 21
38.25
 31
0.0
100
AcDbText
  0
TEXT
  5
424
330
17
100
AcDbEntity
  8
FRAME
 62
7
100
AcDbText
 10
504.0
 20
28.175
 30
0.0
 40
3.0
  1
Силовое электрооборудование
  7
GOST
 72
1
 11
504.0
 21
28.175
 31
0.0
100
AcDbText
  0
TEXT
  5
425
330
17
100
AcDbEntity
  8
FRAME
 62
7
100
AcDbText
 10
504.0
 20
23.825000000000003
 30
0.0
 40
3.0
  1
и слаботочные сети
  7
GOST
 72
1
 11
504.0
 21
23.825000000000003
 31
0.0
100
AcDbText
  0
TEXT
  5
426
330
17
100
AcDbEntity
  8
FRAME
 62
7
100
AcDbText
 10
504.0
 20
11.25
 30
0.0
 40
2.5
  1
Однолинейная схема щита
  7
GOST
 72
1
 11
504.0
 21
11.25
 31
0.0
100
AcDbText
  0
TEXT
  5
427
330
17
100
AcDbEntity
  8
FRAME
 62
7
100
AcDbText
 10
564.0
 20
13.175
 30
0.0
 40
3.0
  1
ПИБ
  7
GOST
 72
1
 11
564.0
 21
13.175
 31
0.0
100
AcDbText
  0
TEXT
  5
428
330
17
100
AcDbEntity
  8
FRAME
 62
7
100
AcDbText
 10
564.0
 20
8.825000000000001
 30
0.0
 40
3.0
  1
агенты pib-*
  7
GOST
 72
1
 11
564.0
 21
8.825000000000001
 31
0.0
100
AcDbText
  0
ENDSEC
  0
SECTION
  2
OBJECTS
  0
DICTIONARY
  5
A
330
0
100
AcDbDictionary
281
1
  3
ACAD_COLOR
350
B
  3
ACAD_GROUP
350
C
  3
ACAD_LAYOUT
350
D
  3
ACAD_MATERIAL
350
E
  3
ACAD_MLEADERSTYLE
350
F
  3
ACAD_MLINESTYLE
350
10
  3
ACAD_PLOTSETTINGS
350
11
  3
ACAD_PLOTSTYLENAME
350
12
  3
ACAD_SCALELIST
350
14
  3
ACAD_TABLESTYLE
350
15
  3
ACAD_VISUALSTYLE
350
16
  3
EZDXF_META
350
2D
  0
DICTIONARY
  5
B
330
A
100
AcDbDictionary
281
1
  0
DICTIONARY
  5
C
330
A
100
AcDbDictionary
281
1
  0
DICTIONARY
  5
D
330
A
100
AcDbDictionary
281
1
  3
Model
350
1A
  3
Layout1
350
1E
  0
DICTIONARY
  5
E
330
A
100
AcDbDictionary
281
1
  3
ByBlock
350
1F
  3
ByLayer
350
20
  3
Global
350
21
  0
DICTIONARY
  5
F
330
A
100
AcDbDictionary
281
1
  3
Standard
350
2C
  0
DICTIONARY
  5
10
330
A
100
AcDbDictionary
281
1
  3
Standard
350
22
  0
DICTIONARY
  5
11
330
A
100
AcDbDictionary
281
1
  0
ACDBDICTIONARYWDFLT
  5
12
330
A
100
AcDbDictionary
281
1
  3
Normal
350
13
100
AcDbDictionaryWithDefault
340
13
  0
ACDBPLACEHOLDER
  5
13
330
12
  0
DICTIONARY
  5
14
330
A
100
AcDbDictionary
281
1
  0
DICTIONARY
  5
15
330
A
100
AcDbDictionary
281
1
  0
DICTIONARY
  5
16
330
A
100
AcDbDictionary
281
1
  3
2dWireframe
350
5A
  3
Basic
350
5B
  3
Brighten
350
5C
  3
ColorChange
350
5D
  3
Conceptual
350
5E
  3
Dim
350
5F
  3
EdgeColorOff
350
60
  3
Facepattern
350
61
  3
Flat
350
62
  3
FlatWithEdges
350
63
  3
Gouraud
350
64
  3
GouraudWithEdges
350
65
  3
Hidden
350
66
  3
JitterOff
350
67
  3
Linepattern
350
68
  3
Modeling
350
69
  3
OverhangOff
350
6A
  3
Realistic
350
6B
  3
Shaded
350
6C
  3
Shaded with edges
350
6D
  3
Shades of Gray
350
6E
  3
Sketchy
350
6F
  3
Thicken
350
70
  3
Wireframe
350
71
  3
X-Ray
350
72
  0
LAYOUT
  5
1A
330
D
100
AcDbPlotSettings
  1

  4
A3
  6

 40
7.5
 41
20.0
 42
7.5
 43
20.0
 44
420.0
 45
297.0
 46
0.0
 47
0.0
 48
0.0
 49
0.0
140
0.0
141
0.0
142
1.0
143
1.0
 70
1024
 72
1
 73
0
 74
5
  7

 75
16
 76
0
 77
2
 78
300
147
1.0
148
0.0
149
0.0
100
AcDbLayout
  1
Model
 70
1
 71
0
 10
0.0
 20
0.0
 11
420.0
 21
297.0
 12
0.0
 22
0.0
 32
0.0
 14
1e+20
 24
1e+20
 34
1e+20
 15
-1e+20
 25
-1e+20
 35
-1e+20
146
0.0
 13
0.0
 23
0.0
 33
0.0
 16
1.0
 26
0.0
 36
0.0
 17
0.0
 27
1.0
 37
0.0
 76
1
330
17
  0
LAYOUT
  5
1E
330
D
100
AcDbPlotSettings
  1

  4
A3
  6

 40
7.5
 41
20.0
 42
7.5
 43
20.0
 44
420.0
 45
297.0
 46
0.0
 47
0.0
 48
0.0
 49
0.0
140
0.0
141
0.0
142
1.0
143
1.0
 70
0
 72
1
 73
0
 74
5
  7

 75
16
 76
0
 77
2
 78
300
147
1.0
148
0.0
149
0.0
100
AcDbLayout
  1
Layout1
 70
1
 71
1
 10
0.0
 20
0.0
 11
420.0
 21
297.0
 12
0.0
 22
0.0
 32
0.0
 14
1e+20
 24
1e+20
 34
1e+20
 15
-1e+20
 25
-1e+20
 35
-1e+20
146
0.0
 13
0.0
 23
0.0
 33
0.0
 16
1.0
 26
0.0
 36
0.0
 17
0.0
 27
1.0
 37
0.0
 76
1
330
1B
  0
MATERIAL
  5
1F
102
{ACAD_REACTORS
330
E
102
}
330
E
100
AcDbMaterial
  1
ByBlock
  2

 70
0
 40
1.0
 71
1
 41
1.0
 91
-1023410177
 42
1.0
 72
1
  3

 73
1
 74
1
 75
1
 44
0.5
 73
0
 45
1.0
 46
1.0
 77
1
  4

 78
1
 79
1
170
1
 48
1.0
171
1
  6

172
1
173
1
174
1
140
1.0
141
1.0
175
1
  7

176
1
177
1
178
1
143
1.0
179
1
  8

270
1
271
1
272
1
145
1.0
146
1.0
273
1
  9

274
1
275
1
276
1
 42
1.0
 72
1
  3

 73
1
 74
1
 75
1
 94
63
  0
MATERIAL
  5
20
102
{ACAD_REACTORS
330
E
102
}
330
E
100
AcDbMaterial
  1
ByLayer
  2

 70
0
 40
1.0
 71
1
 41
1.0
 91
-1023410177
 42
1.0
 72
1
  3

 73
1
 74
1
 75
1
 44
0.5
 73
0
 45
1.0
 46
1.0
 77
1
  4

 78
1
 79
1
170
1
 48
1.0
171
1
  6

172
1
173
1
174
1
140
1.0
141
1.0
175
1
  7

176
1
177
1
178
1
143
1.0
179
1
  8

270
1
271
1
272
1
145
1.0
146
1.0
273
1
  9

274
1
275
1
276
1
 42
1.0
 72
1
  3

 73
1
 74
1
 75
1
 94
63
  0
MATERIAL
  5
21
102
{ACAD_REACTORS
330
E
102
}
330
E
100
AcDbMaterial
  1
Global
  2

 70
0
 40
1.0
 71
1
 41
1.0
 91
-1023410177
 42
1.0
 72
1
  3

 73
1
 74
1
 75
1
 44
0.5
 73
0
 45
1.0
 46
1.0
 77
1
  4

 78
1
 79
1
170
1
 48
1.0
171
1
  6

172
1
173
1
174
1
140
1.0
141
1.0
175
1
  7

176
1
177
1
178
1
143
1.0
179
1
  8

270
1
271
1
272
1
145
1.0
146
1.0
273
1
  9

274
1
275
1
276
1
 42
1.0
 72
1
  3

 73
1
 74
1
 75
1
 94
63
  0
MLINESTYLE
  5
22
102
{ACAD_REACTORS
330
10
102
}
330
10
100
AcDbMlineStyle
  2
Standard
 70
0
  3

 62
256
 51
90.0
 52
90.0
 71
2
 49
0.5
 62
256
  6
BYLAYER
 49
-0.5
 62
256
  6
BYLAYER
  0
MLEADERSTYLE
  5
2C
102
{ACAD_REACTORS
330
F
102
}
330
F
100
AcDbMLeaderStyle
179
2
170
2
171
1
172
0
 90
2
 40
0.0
 41
0.0
173
1
 91
-1056964608
 92
-2
290
1
 42
2.0
291
1
 43
8.0
  3
Standard
 44
4.0
300

342
29
174
1
175
1
176
0
178
1
 93
-1056964608
 45
4.0
292
0
297
0
 46
4.0
 94
-1056964608
 47
1.0
 49
1.0
140
1.0
294
1
141
0.0
177
0
142
1.0
295
0
296
0
143
3.75
271
0
272
9
273
9
  0
DICTIONARY
  5
2D
330
A
100
AcDbDictionary
280
1
281
1
  3
CREATED_BY_EZDXF
350
2E
  3
WRITTEN_BY_EZDXF
350
42B
  0
DICTIONARYVAR
  5
2E
330
2D
100
DictionaryVariables
280
0
  1
1.4.4 @ 2026-10-08T17:37:21.530807+00:00
  0
VISUALSTYLE
  5
5A
102
{ACAD_REACTORS
330
16
102
}
330
16
100
AcDbVisualStyle
  2
2dWireframe
 70
4
177
3
291
0
 70
58
 90
2
176
1
 90
2
176
1
 90
0
176
1
 90
0
176
1
 40
0.6
176
1
 40
30.0
176
1
 62
7
420
16777215
176
1
 90
1
176
1
 90
4
176
1
 62
7
176
1
 62
257
176
1
 90
1
176
1
 90
1
176
1
 40
1.0
176
1
 90
8
176
1
 62
7
176
1
 40
1.0
176
1
 90
1
176
1
 90
6
176
1
 90
2
176
1
 62
7
176
1
 90
5
176
1
 90
0
176
1
 90
0
176
1
290
0
176
1
 90
1
176
1
 40
0.0
176
1
 90
0
176
1
290
1
176
1
290
1
176
1
290
0
176
1
290
0
176
1
290
0
176
1
290
0
176
1
290
0
176
1
290
0
176
1
290
0
176
1
 90
50
176
1
 40
0.0
176
1
 40
1.0
176
1
 90
0
176
1
 62
18
420
0
176
1
 90
50
176
1
 90
3
176
1
 62
5
420
255
176
1
290
0
176
1
 90
50
176
1
 90
50
176
1
 90
50
176
1
290
0
176
1
 90
50
176
1
 62
256
176
0
 40
1.0
176
0
 90
2
176
1
  1
strokes_ogs.tif
176
1
290
0
176
1
 40
1.0
176
1
 40
1.0
176
1
  0
VISUALSTYLE
  5
5B
102
{ACAD_REACTORS
330
16
102
}
330
16
100
AcDbVisualStyle
  2
Basic
 70
7
177
3
291
1
 70
58
 90
2
176
1
 90
2
176
1
 90
0
176
1
 90
1
176
1
 40
0.6
176
1
 40
30.0
176
1
 62
7
420
16777215
176
1
 90
1
176
1
 90
4
176
1
 62
7
176
1
 62
257
176
1
 90
1
176
1
 90
1
176
1
 40
1.0
176
1
 90
8
176
1
 62
7
176
1
 40
1.0
176
1
 90
1
176
1
 90
6
176
1
 90
2
176
1
 62
7
176
1
 90
5
176
1
 90
0
176
1
 90
0
176
1
290
0
176
1
 90
1
176
1
 40
0.0
176
1
 90
0
176
1
290
0
176
1
290
1
176
1
290
1
176
1
290
0
176
1
290
0
176
1
290
0
176
1
290
0
176
1
290
0
176
1
290
0
176
1
 90
50
176
1
 40
0.0
176
1
 40
1.0
176
1
 90
0
176
1
 62
18
420
0
176
1
 90
50
176
1
 90
3
176
1
 62
5
420
255
176
1
290
0
176
1
 90
50
176
1
 90
50
176
1
 90
50
176
1
290
0
176
1
 90
50
176
1
 62
256
176
0
 40
1.0
176
0
 90
2
176
1
  1
strokes_ogs.tif
176
1
290
0
176
1
 40
1.0
176
1
 40
1.0
176
1
  0
VISUALSTYLE
  5
5C
102
{ACAD_REACTORS
330
16
102
}
330
16
100
AcDbVisualStyle
  2
Brighten
 70
12
177
3
291
1
 70
58
 90
2
176
1
 90
2
176
1
 90
0
176
1
 90
2
176
1
 40
0.6
176
1
 40
30.0
176
1
 62
7
420
16777215
176
1
 90
1
176
1
 90
4
176
1
 62
7
176
1
 62
257
176
1
 90
1
176
1
 90
1
176
1
 40
1.0
176
1
 90
8
176
1
 62
7
176
1
 40
1.0
176
1
 90
1
176
1
 90
6
176
1
 90
2
176
1
 62
7
176
1
 90
5
176
1
 90
0
176
1
 90
0
176
1
290
0
176
1
 90
1
176
1
 40
0.0
176
1
 90
0
176
1
290
0
176
1
290
1
176
1
290
1
176
1
290
0
176
1
290
0
176
1
290
0
176
1
290
0
176
1
290
0
176
1
290
0
176
1
 90
50
176
1
 40
0.0
176
1
 40
1.0
176
1
 90
0
176
1
 62
18
420
0
176
1
 90
50
176
1
 90
3
176
1
 62
5
420
255
176
1
290
0
176
1
 90
50
176
1
 90
50
176
1
 90
50
176
1
290
0
176
1
 90
50
176
1
 62
256
176
0
 40
1.0
176
0
 90
2
176
1
  1
strokes_ogs.tif
176
1
290
0
176
1
 40
1.0
176
1
 40
1.0
176
1
  0
VISUALSTYLE
  5
5D
102
{ACAD_REACTORS
330
16
102
}
330
16
100
AcDbVisualStyle
  2
ColorChange
 70
16
177
3
291
1
 70
58
 90
2
176
1
 90
2
176
1
 90
0
176
1
 90
2
176
1
 40
0.6
176
1
 40
30.0
176
1
 62
7
420
16777215
176
1
 90
1
176
1
 90
4
176
1
 62
7
176
1
 62
257
176
1
 90
1
176
1
 90
1
176
1
 40
1.0
176
1
 90
8
176
1
 62
7
176
1
 40
1.0
176
1
 90
1
176
1
 90
6
176
1
 90
2
176
1
 62
7
176
1
 90
5
176
1
 90
0
176
1
 90
0
176
1
290
0
176
1
 90
1
176
1
 40
0.0
176
1
 90
0
176
1
290
0
176
1
290
1
176
1
290
1
176
1
290
0
176
1
290
0
176
1
290
0
176
1
290
0
176
1
290
0
176
1
290
0
176
1
 90
50
176
1
 40
0.0
176
1
 40
1.0
176
1
 90
0
176
1
 62
18
420
0
176
1
 90
50
176
1
 90
3
176
1
 62
5
420
255
176
1
290
0
176
1
 90
50
176
1
 90
50
176
1
 90
50
176
1
290
0
176
1
 90
50
176
1
 62
256
176
0
 40
1.0
176
0
 90
2
176
1
  1
strokes_ogs.tif
176
1
290
0
176
1
 40
1.0
176
1
 40
1.0
176
1
  0
VISUALSTYLE
  5
5E
102
{ACAD_REACTORS
330
16
102
}
330
16
100
AcDbVisualStyle
  2
Conceptual
 70
9
177
3
291
0
 70
58
 90
2
176
1
 90
2
176
1
 90
0
176
1
 90
3
176
1
 40
0.6
176
1
 40
30.0
176
1
 62
7
420
16777215
176
1
 90
1
176
1
 90
4
176
1
 62
7
176
1
 62
257
176
1
 90
1
176
1
 90
1
176
1
 40
1.0
176
1
 90
8
176
1
 62
7
176
1
 40
1.0
176
1
 90
1
176
1
 90
6
176
1
 90
2
176
1
 62
7
176
1
 90
5
176
1
 90
0
176
1
 90
0
176
1
290
0
176
1
 90
1
176
1
 40
0.0
176
1
 90
0
176
1
290
0
176
1
290
1
176
1
290
1
176
1
290
0
176
1
290
0
176
1
290
0
176
1
290
0
176
1
290
0
176
1
290
0
176
1
 90
50
176
1
 40
0.0
176
1
 40
1.0
176
1
 90
0
176
1
 62
18
420
0
176
1
 90
50
176
1
 90
3
176
1
 62
5
420
255
176
1
290
0
176
1
 90
50
176
1
 90
50
176
1
 90
50
176
1
290
0
176
1
 90
50
176
1
 62
256
176
0
 40
1.0
176
0
 90
2
176
1
  1
strokes_ogs.tif
176
1
290
0
176
1
 40
1.0
176
1
 40
1.0
176
1
  0
VISUALSTYLE
  5
5F
102
{ACAD_REACTORS
330
16
102
}
330
16
100
AcDbVisualStyle
  2
Dim
 70
11
177
3
291
1
 70
58
 90
2
176
1
 90
2
176
1
 90
0
176
1
 90
2
176
1
 40
0.6
176
1
 40
30.0
176
1
 62
7
420
16777215
176
1
 90
1
176
1
 90
4
176
1
 62
7
176
1
 62
257
176
1
 90
1
176
1
 90
1
176
1
 40
1.0
176
1
 90
8
176
1
 62
7
176
1
 40
1.0
176
1
 90
1
176
1
 90
6
176
1
 90
2
176
1
 62
7
176
1
 90
5
176
1
 90
0
176
1
 90
0
176
1
290
0
176
1
 90
1
176
1
 40
0.0
176
1
 90
0
176
1
290
0
176
1
290
1
176
1
290
1
176
1
290
0
176
1
290
0
176
1
290
0
176
1
290
0
176
1
290
0
176
1
290
0
176
1
 90
50
176
1
 40
0.0
176
1
 40
1.0
176
1
 90
0
176
1
 62
18
420
0
176
1
 90
50
176
1
 90
3
176
1
 62
5
420
255
176
1
290
0
176
1
 90
50
176
1
 90
50
176
1
 90
50
176
1
290
0
176
1
 90
50
176
1
 62
256
176
0
 40
1.0
176
0
 90
2
176
1
  1
strokes_ogs.tif
176
1
290
0
176
1
 40
1.0
176
1
 40
1.0
176
1
  0
VISUALSTYLE
  5
60
102
{ACAD_REACTORS
330
16
102
}
330
16
100
AcDbVisualStyle
  2
EdgeColorOff
 70
22
177
3
291
1
 70
58
 90
2
176
1
 90
2
176
1
 90
0
176
1
 90
2
176
1
 40
0.6
176
1
 40
30.0
176
1
 62
7
420
16777215
176
1
 90
1
176
1
 90
4
176
1
 62
7
176
1
 62
257
176
1
 90
1
176
1
 90
1
176
1
 40
1.0
176
1
 90
8
176
1
 62
7
176
1
 40
1.0
176
1
 90
1
176
1
 90
6
176
1
 90
2
176
1
 62
7
176
1
 90
5
176
1
 90
0
176
1
 90
0
176
1
290
0
176
1
 90
1
176
1
 40
0.0
176
1
 90
0
176
1
290
0
176
1
290
1
176
1
290
1
176
1
290
0
176
1
290
0
176
1
290
0
176
1
290
0
176
1
290
0
176
1
290
0
176
1
 90
50
176
1
 40
0.0
176
1
 40
1.0
176
1
 90
0
176
1
 62
18
420
0
176
1
 90
50
176
1
 90
3
176
1
 62
5
420
255
176
1
290
0
176
1
 90
50
176
1
 90
50
176
1
 90
50
176
1
290
0
176
1
 90
50
176
1
 62
256
176
0
 40
1.0
176
0
 90
2
176
1
  1
strokes_ogs.tif
176
1
290
0
176
1
 40
1.0
176
1
 40
1.0
176
1
  0
VISUALSTYLE
  5
61
102
{ACAD_REACTORS
330
16
102
}
330
16
100
AcDbVisualStyle
  2
Facepattern
 70
15
177
3
291
1
 70
58
 90
2
176
1
 90
2
176
1
 90
0
176
1
 90
2
176
1
 40
0.6
176
1
 40
30.0
176
1
 62
7
420
16777215
176
1
 90
1
176
1
 90
4
176
1
 62
7
176
1
 62
257
176
1
 90
1
176
1
 90
1
176
1
 40
1.0
176
1
 90
8
176
1
 62
7
176
1
 40
1.0
176
1
 90
1
176
1
 90
6
176
1
 90
2
176
1
 62
7
176
1
 90
5
176
1
 90
0
176
1
 90
0
176
1
290
0
176
1
 90
1
176
1
 40
0.0
176
1
 90
0
176
1
290
0
176
1
290
1
176
1
290
1
176
1
290
0
176
1
290
0
176
1
290
0
176
1
290
0
176
1
290
0
176
1
290
0
176
1
 90
50
176
1
 40
0.0
176
1
 40
1.0
176
1
 90
0
176
1
 62
18
420
0
176
1
 90
50
176
1
 90
3
176
1
 62
5
420
255
176
1
290
0
176
1
 90
50
176
1
 90
50
176
1
 90
50
176
1
290
0
176
1
 90
50
176
1
 62
256
176
0
 40
1.0
176
0
 90
2
176
1
  1
strokes_ogs.tif
176
1
290
0
176
1
 40
1.0
176
1
 40
1.0
176
1
  0
VISUALSTYLE
  5
62
102
{ACAD_REACTORS
330
16
102
}
330
16
100
AcDbVisualStyle
  2
Flat
 70
0
177
3
291
1
 70
58
 90
2
176
1
 90
2
176
1
 90
0
176
1
 90
2
176
1
 40
0.6
176
1
 40
30.0
176
1
 62
7
420
16777215
176
1
 90
1
176
1
 90
4
176
1
 62
7
176
1
 62
257
176
1
 90
1
176
1
 90
1
176
1
 40
1.0
176
1
 90
8
176
1
 62
7
176
1
 40
1.0
176
1
 90
1
176
1
 90
6
176
1
 90
2
176
1
 62
7
176
1
 90
5
176
1
 90
0
176
1
 90
0
176
1
290
0
176
1
 90
1
176
1
 40
0.0
176
1
 90
0
176
1
290
0
176
1
290
1
176
1
290
1
176
1
290
0
176
1
290
0
176
1
290
0
176
1
290
0
176
1
290
0
176
1
290
0
176
1
 90
50
176
1
 40
0.0
176
1
 40
1.0
176
1
 90
0
176
1
 62
18
420
0
176
1
 90
50
176
1
 90
3
176
1
 62
5
420
255
176
1
290
0
176
1
 90
50
176
1
 90
50
176
1
 90
50
176
1
290
0
176
1
 90
50
176
1
 62
256
176
0
 40
1.0
176
0
 90
2
176
1
  1
strokes_ogs.tif
176
1
290
0
176
1
 40
1.0
176
1
 40
1.0
176
1
  0
VISUALSTYLE
  5
63
102
{ACAD_REACTORS
330
16
102
}
330
16
100
AcDbVisualStyle
  2
FlatWithEdges
 70
1
177
3
291
1
 70
58
 90
2
176
1
 90
2
176
1
 90
0
176
1
 90
2
176
1
 40
0.6
176
1
 40
30.0
176
1
 62
7
420
16777215
176
1
 90
1
176
1
 90
4
176
1
 62
7
176
1
 62
257
176
1
 90
1
176
1
 90
1
176
1
 40
1.0
176
1
 90
8
176
1
 62
7
176
1
 40
1.0
176
1
 90
1
176
1
 90
6
176
1
 90
2
176
1
 62
7
176
1
 90
5
176
1
 90
0
176
1
 90
0
176
1
290
0
176
1
 90
1
176
1
 40
0.0
176
1
 90
0
176
1
290
0
176
1
290
1
176
1
290
1
176
1
290
0
176
1
290
0
176
1
290
0
176
1
290
0
176
1
290
0
176
1
290
0
176
1
 90
50
176
1
 40
0.0
176
1
 40
1.0
176
1
 90
0
176
1
 62
18
420
0
176
1
 90
50
176
1
 90
3
176
1
 62
5
420
255
176
1
290
0
176
1
 90
50
176
1
 90
50
176
1
 90
50
176
1
290
0
176
1
 90
50
176
1
 62
256
176
0
 40
1.0
176
0
 90
2
176
1
  1
strokes_ogs.tif
176
1
290
0
176
1
 40
1.0
176
1
 40
1.0
176
1
  0
VISUALSTYLE
  5
64
102
{ACAD_REACTORS
330
16
102
}
330
16
100
AcDbVisualStyle
  2
Gouraud
 70
2
177
3
291
1
 70
58
 90
2
176
1
 90
2
176
1
 90
0
176
1
 90
2
176
1
 40
0.6
176
1
 40
30.0
176
1
 62
7
420
16777215
176
1
 90
1
176
1
 90
4
176
1
 62
7
176
1
 62
257
176
1
 90
1
176
1
 90
1
176
1
 40
1.0
176
1
 90
8
176
1
 62
7
176
1
 40
1.0
176
1
 90
1
176
1
 90
6
176
1
 90
2
176
1
 62
7
176
1
 90
5
176
1
 90
0
176
1
 90
0
176
1
290
0
176
1
 90
1
176
1
 40
0.0
176
1
 90
0
176
1
290
0
176
1
290
1
176
1
290
1
176
1
290
0
176
1
290
0
176
1
290
0
176
1
290
0
176
1
290
0
176
1
290
0
176
1
 90
50
176
1
 40
0.0
176
1
 40
1.0
176
1
 90
0
176
1
 62
18
420
0
176
1
 90
50
176
1
 90
3
176
1
 62
5
420
255
176
1
290
0
176
1
 90
50
176
1
 90
50
176
1
 90
50
176
1
290
0
176
1
 90
50
176
1
 62
256
176
0
 40
1.0
176
0
 90
2
176
1
  1
strokes_ogs.tif
176
1
290
0
176
1
 40
1.0
176
1
 40
1.0
176
1
  0
VISUALSTYLE
  5
65
102
{ACAD_REACTORS
330
16
102
}
330
16
100
AcDbVisualStyle
  2
GouraudWithEdges
 70
3
177
3
291
1
 70
58
 90
2
176
1
 90
2
176
1
 90
0
176
1
 90
2
176
1
 40
0.6
176
1
 40
30.0
176
1
 62
7
420
16777215
176
1
 90
1
176
1
 90
4
176
1
 62
7
176
1
 62
257
176
1
 90
1
176
1
 90
1
176
1
 40
1.0
176
1
 90
8
176
1
 62
7
176
1
 40
1.0
176
1
 90
1
176
1
 90
6
176
1
 90
2
176
1
 62
7
176
1
 90
5
176
1
 90
0
176
1
 90
0
176
1
290
0
176
1
 90
1
176
1
 40
0.0
176
1
 90
0
176
1
290
0
176
1
290
1
176
1
290
1
176
1
290
0
176
1
290
0
176
1
290
0
176
1
290
0
176
1
290
0
176
1
290
0
176
1
 90
50
176
1
 40
0.0
176
1
 40
1.0
176
1
 90
0
176
1
 62
18
420
0
176
1
 90
50
176
1
 90
3
176
1
 62
5
420
255
176
1
290
0
176
1
 90
50
176
1
 90
50
176
1
 90
50
176
1
290
0
176
1
 90
50
176
1
 62
256
176
0
 40
1.0
176
0
 90
2
176
1
  1
strokes_ogs.tif
176
1
290
0
176
1
 40
1.0
176
1
 40
1.0
176
1
  0
VISUALSTYLE
  5
66
102
{ACAD_REACTORS
330
16
102
}
330
16
100
AcDbVisualStyle
  2
Hidden
 70
6
177
3
291
0
 70
58
 90
2
176
1
 90
2
176
1
 90
0
176
1
 90
1
176
1
 40
0.6
176
1
 40
30.0
176
1
 62
7
420
16777215
176
1
 90
1
176
1
 90
4
176
1
 62
7
176
1
 62
257
176
1
 90
1
176
1
 90
1
176
1
 40
1.0
176
1
 90
8
176
1
 62
7
176
1
 40
1.0
176
1
 90
1
176
1
 90
6
176
1
 90
2
176
1
 62
7
176
1
 90
5
176
1
 90
0
176
1
 90
0
176
1
290
0
176
1
 90
1
176
1
 40
0.0
176
1
 90
0
176
1
290
0
176
1
290
1
176
1
290
1
176
1
290
0
176
1
290
0
176
1
290
0
176
1
290
0
176
1
290
0
176
1
290
0
176
1
 90
50
176
1
 40
0.0
176
1
 40
1.0
176
1
 90
0
176
1
 62
18
420
0
176
1
 90
50
176
1
 90
3
176
1
 62
5
420
255
176
1
290
0
176
1
 90
50
176
1
 90
50
176
1
 90
50
176
1
290
0
176
1
 90
50
176
1
 62
256
176
0
 40
1.0
176
0
 90
2
176
1
  1
strokes_ogs.tif
176
1
290
0
176
1
 40
1.0
176
1
 40
1.0
176
1
  0
VISUALSTYLE
  5
67
102
{ACAD_REACTORS
330
16
102
}
330
16
100
AcDbVisualStyle
  2
JitterOff
 70
20
177
3
291
1
 70
58
 90
2
176
1
 90
2
176
1
 90
0
176
1
 90
2
176
1
 40
0.6
176
1
 40
30.0
176
1
 62
7
420
16777215
176
1
 90
1
176
1
 90
4
176
1
 62
7
176
1
 62
257
176
1
 90
1
176
1
 90
1
176
1
 40
1.0
176
1
 90
8
176
1
 62
7
176
1
 40
1.0
176
1
 90
1
176
1
 90
6
176
1
 90
2
176
1
 62
7
176
1
 90
5
176
1
 90
0
176
1
 90
0
176
1
290
0
176
1
 90
1
176
1
 40
0.0
176
1
 90
0
176
1
290
0
176
1
290
1
176
1
290
1
176
1
290
0
176
1
290
0
176
1
290
0
176
1
290
0
176
1
290
0
176
1
290
0
176
1
 90
50
176
1
 40
0.0
176
1
 40
1.0
176
1
 90
0
176
1
 62
18
420
0
176
1
 90
50
176
1
 90
3
176
1
 62
5
420
255
176
1
290
0
176
1
 90
50
176
1
 90
50
176
1
 90
50
176
1
290
0
176
1
 90
50
176
1
 62
256
176
0
 40
1.0
176
0
 90
2
176
1
  1
strokes_ogs.tif
176
1
290
0
176
1
 40
1.0
176
1
 40
1.0
176
1
  0
VISUALSTYLE
  5
68
102
{ACAD_REACTORS
330
16
102
}
330
16
100
AcDbVisualStyle
  2
Linepattern
 70
14
177
3
291
1
 70
58
 90
2
176
1
 90
2
176
1
 90
0
176
1
 90
2
176
1
 40
0.6
176
1
 40
30.0
176
1
 62
7
420
16777215
176
1
 90
1
176
1
 90
4
176
1
 62
7
176
1
 62
257
176
1
 90
1
176
1
 90
1
176
1
 40
1.0
176
1
 90
8
176
1
 62
7
176
1
 40
1.0
176
1
 90
1
176
1
 90
6
176
1
 90
2
176
1
 62
7
176
1
 90
5
176
1
 90
0
176
1
 90
0
176
1
290
0
176
1
 90
1
176
1
 40
0.0
176
1
 90
0
176
1
290
0
176
1
290
1
176
1
290
1
176
1
290
0
176
1
290
0
176
1
290
0
176
1
290
0
176
1
290
0
176
1
290
0
176
1
 90
50
176
1
 40
0.0
176
1
 40
1.0
176
1
 90
0
176
1
 62
18
420
0
176
1
 90
50
176
1
 90
3
176
1
 62
5
420
255
176
1
290
0
176
1
 90
50
176
1
 90
50
176
1
 90
50
176
1
290
0
176
1
 90
50
176
1
 62
256
176
0
 40
1.0
176
0
 90
2
176
1
  1
strokes_ogs.tif
176
1
290
0
176
1
 40
1.0
176
1
 40
1.0
176
1
  0
VISUALSTYLE
  5
69
102
{ACAD_REACTORS
330
16
102
}
330
16
100
AcDbVisualStyle
  2
Modeling
 70
10
177
3
291
0
 70
58
 90
2
176
1
 90
2
176
1
 90
0
176
1
 90
2
176
1
 40
0.6
176
1
 40
30.0
176
1
 62
7
420
16777215
176
1
 90
1
176
1
 90
4
176
1
 62
7
176
1
 62
257
176
1
 90
1
176
1
 90
1
176
1
 40
1.0
176
1
 90
8
176
1
 62
7
176
1
 40
1.0
176
1
 90
1
176
1
 90
6
176
1
 90
2
176
1
 62
7
176
1
 90
5
176
1
 90
0
176
1
 90
0
176
1
290
0
176
1
 90
1
176
1
 40
0.0
176
1
 90
0
176
1
290
0
176
1
290
1
176
1
290
1
176
1
290
0
176
1
290
0
176
1
290
0
176
1
290
0
176
1
290
0
176
1
290
0
176
1
 90
50
176
1
 40
0.0
176
1
 40
1.0
176
1
 90
0
176
1
 62
18
420
0
176
1
 90
50
176
1
 90
3
176
1
 62
5
420
255
176
1
290
0
176
1
 90
50
176
1
 90
50
176
1
 90
50
176
1
290
0
176
1
 90
50
176
1
 62
256
176
0
 40
1.0
176
0
 90
2
176
1
  1
strokes_ogs.tif
176
1
290
0
176
1
 40
1.0
176
1
 40
1.0
176
1
  0
VISUALSTYLE
  5
6A
102
{ACAD_REACTORS
330
16
102
}
330
16
100
AcDbVisualStyle
  2
OverhangOff
 70
21
177
3
291
1
 70
58
 90
2
176
1
 90
2
176
1
 90
0
176
1
 90
2
176
1
 40
0.6
176
1
 40
30.0
176
1
 62
7
420
16777215
176
1
 90
1
176
1
 90
4
176
1
 62
7
176
1
 62
257
176
1
 90
1
176
1
 90
1
176
1
 40
1.0
176
1
 90
8
176
1
 62
7
176
1
 40
1.0
176
1
 90
1
176
1
 90
6
176
1
 90
2
176
1
 62
7
176
1
 90
5
176
1
 90
0
176
1
 90
0
176
1
290
0
176
1
 90
1
176
1
 40
0.0
176
1
 90
0
176
1
290
0
176
1
290
1
176
1
290
1
176
1
290
0
176
1
290
0
176
1
290
0
176
1
290
0
176
1
290
0
176
1
290
0
176
1
 90
50
176
1
 40
0.0
176
1
 40
1.0
176
1
 90
0
176
1
 62
18
420
0
176
1
 90
50
176
1
 90
3
176
1
 62
5
420
255
176
1
290
0
176
1
 90
50
176
1
 90
50
176
1
 90
50
176
1
290
0
176
1
 90
50
176
1
 62
256
176
0
 40
1.0
176
0
 90
2
176
1
  1
strokes_ogs.tif
176
1
290
0
176
1
 40
1.0
176
1
 40
1.0
176
1
  0
VISUALSTYLE
  5
6B
102
{ACAD_REACTORS
330
16
102
}
330
16
100
AcDbVisualStyle
  2
Realistic
 70
8
177
3
291
0
 70
58
 90
2
176
1
 90
2
176
1
 90
0
176
1
 90
2
176
1
 40
0.6
176
1
 40
30.0
176
1
 62
7
420
16777215
176
1
 90
1
176
1
 90
4
176
1
 62
7
176
1
 62
257
176
1
 90
1
176
1
 90
1
176
1
 40
1.0
176
1
 90
8
176
1
 62
7
176
1
 40
1.0
176
1
 90
1
176
1
 90
6
176
1
 90
2
176
1
 62
7
176
1
 90
5
176
1
 90
0
176
1
 90
0
176
1
290
0
176
1
 90
1
176
1
 40
0.0
176
1
 90
0
176
1
290
0
176
1
290
1
176
1
290
1
176
1
290
0
176
1
290
0
176
1
290
0
176
1
290
0
176
1
290
0
176
1
290
0
176
1
 90
50
176
1
 40
0.0
176
1
 40
1.0
176
1
 90
0
176
1
 62
18
420
0
176
1
 90
50
176
1
 90
3
176
1
 62
5
420
255
176
1
290
0
176
1
 90
50
176
1
 90
50
176
1
 90
50
176
1
290
0
176
1
 90
50
176
1
 62
256
176
0
 40
1.0
176
0
 90
2
176
1
  1
strokes_ogs.tif
176
1
290
0
176
1
 40
1.0
176
1
 40
1.0
176
1
  0
VISUALSTYLE
  5
6C
102
{ACAD_REACTORS
330
16
102
}
330
16
100
AcDbVisualStyle
  2
Shaded
 70
27
177
3
291
0
 70
58
 90
2
176
1
 90
2
176
1
 90
0
176
1
 90
2
176
1
 40
0.6
176
1
 40
30.0
176
1
 62
7
420
16777215
176
1
 90
1
176
1
 90
4
176
1
 62
7
176
1
 62
257
176
1
 90
1
176
1
 90
1
176
1
 40
1.0
176
1
 90
8
176
1
 62
7
176
1
 40
1.0
176
1
 90
1
176
1
 90
6
176
1
 90
2
176
1
 62
7
176
1
 90
5
176
1
 90
0
176
1
 90
0
176
1
290
0
176
1
 90
1
176
1
 40
0.0
176
1
 90
0
176
1
290
0
176
1
290
1
176
1
290
1
176
1
290
0
176
1
290
0
176
1
290
0
176
1
290
0
176
1
290
0
176
1
290
0
176
1
 90
50
176
1
 40
0.0
176
1
 40
1.0
176
1
 90
0
176
1
 62
18
420
0
176
1
 90
50
176
1
 90
3
176
1
 62
5
420
255
176
1
290
0
176
1
 90
50
176
1
 90
50
176
1
 90
50
176
1
290
0
176
1
 90
50
176
1
 62
256
176
0
 40
1.0
176
0
 90
2
176
1
  1
strokes_ogs.tif
176
1
290
0
176
1
 40
1.0
176
1
 40
1.0
176
1
  0
VISUALSTYLE
  5
6D
102
{ACAD_REACTORS
330
16
102
}
330
16
100
AcDbVisualStyle
  2
Shaded with edges
 70
26
177
3
291
0
 70
58
 90
2
176
1
 90
2
176
1
 90
0
176
1
 90
2
176
1
 40
0.6
176
1
 40
30.0
176
1
 62
7
420
16777215
176
1
 90
1
176
1
 90
4
176
1
 62
7
176
1
 62
257
176
1
 90
1
176
1
 90
1
176
1
 40
1.0
176
1
 90
8
176
1
 62
7
176
1
 40
1.0
176
1
 90
1
176
1
 90
6
176
1
 90
2
176
1
 62
7
176
1
 90
5
176
1
 90
0
176
1
 90
0
176
1
290
0
176
1
 90
1
176
1
 40
0.0
176
1
 90
0
176
1
290
0
176
1
290
1
176
1
290
1
176
1
290
0
176
1
290
0
176
1
290
0
176
1
290
0
176
1
290
0
176
1
290
0
176
1
 90
50
176
1
 40
0.0
176
1
 40
1.0
176
1
 90
0
176
1
 62
18
420
0
176
1
 90
50
176
1
 90
3
176
1
 62
5
420
255
176
1
290
0
176
1
 90
50
176
1
 90
50
176
1
 90
50
176
1
290
0
176
1
 90
50
176
1
 62
256
176
0
 40
1.0
176
0
 90
2
176
1
  1
strokes_ogs.tif
176
1
290
0
176
1
 40
1.0
176
1
 40
1.0
176
1
  0
VISUALSTYLE
  5
6E
102
{ACAD_REACTORS
330
16
102
}
330
16
100
AcDbVisualStyle
  2
Shades of Gray
 70
23
177
3
291
0
 70
58
 90
2
176
1
 90
2
176
1
 90
0
176
1
 90
2
176
1
 40
0.6
176
1
 40
30.0
176
1
 62
7
420
16777215
176
1
 90
1
176
1
 90
4
176
1
 62
7
176
1
 62
257
176
1
 90
1
176
1
 90
1
176
1
 40
1.0
176
1
 90
8
176
1
 62
7
176
1
 40
1.0
176
1
 90
1
176
1
 90
6
176
1
 90
2
176
1
 62
7
176
1
 90
5
176
1
 90
0
176
1
 90
0
176
1
290
0
176
1
 90
1
176
1
 40
0.0
176
1
 90
0
176
1
290
0
176
1
290
1
176
1
290
1
176
1
290
0
176
1
290
0
176
1
290
0
176
1
290
0
176
1
290
0
176
1
290
0
176
1
 90
50
176
1
 40
0.0
176
1
 40
1.0
176
1
 90
0
176
1
 62
18
420
0
176
1
 90
50
176
1
 90
3
176
1
 62
5
420
255
176
1
290
0
176
1
 90
50
176
1
 90
50
176
1
 90
50
176
1
290
0
176
1
 90
50
176
1
 62
256
176
0
 40
1.0
176
0
 90
2
176
1
  1
strokes_ogs.tif
176
1
290
0
176
1
 40
1.0
176
1
 40
1.0
176
1
  0
VISUALSTYLE
  5
6F
102
{ACAD_REACTORS
330
16
102
}
330
16
100
AcDbVisualStyle
  2
Sketchy
 70
24
177
3
291
0
 70
58
 90
2
176
1
 90
2
176
1
 90
0
176
1
 90
1
176
1
 40
0.6
176
1
 40
30.0
176
1
 62
7
420
16777215
176
1
 90
1
176
1
 90
4
176
1
 62
7
176
1
 62
257
176
1
 90
1
176
1
 90
1
176
1
 40
1.0
176
1
 90
8
176
1
 62
7
176
1
 40
1.0
176
1
 90
1
176
1
 90
6
176
1
 90
2
176
1
 62
7
176
1
 90
5
176
1
 90
0
176
1
 90
0
176
1
290
0
176
1
 90
1
176
1
 40
0.0
176
1
 90
0
176
1
290
0
176
1
290
1
176
1
290
1
176
1
290
0
176
1
290
0
176
1
290
0
176
1
290
0
176
1
290
0
176
1
290
0
176
1
 90
50
176
1
 40
0.0
176
1
 40
1.0
176
1
 90
0
176
1
 62
18
420
0
176
1
 90
50
176
1
 90
3
176
1
 62
5
420
255
176
1
290
0
176
1
 90
50
176
1
 90
50
176
1
 90
50
176
1
290
0
176
1
 90
50
176
1
 62
256
176
0
 40
1.0
176
0
 90
2
176
1
  1
strokes_ogs.tif
176
1
290
0
176
1
 40
1.0
176
1
 40
1.0
176
1
  0
VISUALSTYLE
  5
70
102
{ACAD_REACTORS
330
16
102
}
330
16
100
AcDbVisualStyle
  2
Thicken
 70
13
177
3
291
1
 70
58
 90
2
176
1
 90
2
176
1
 90
0
176
1
 90
2
176
1
 40
0.6
176
1
 40
30.0
176
1
 62
7
420
16777215
176
1
 90
1
176
1
 90
4
176
1
 62
7
176
1
 62
257
176
1
 90
1
176
1
 90
1
176
1
 40
1.0
176
1
 90
8
176
1
 62
7
176
1
 40
1.0
176
1
 90
1
176
1
 90
6
176
1
 90
2
176
1
 62
7
176
1
 90
5
176
1
 90
0
176
1
 90
0
176
1
290
0
176
1
 90
1
176
1
 40
0.0
176
1
 90
0
176
1
290
0
176
1
290
1
176
1
290
1
176
1
290
0
176
1
290
0
176
1
290
0
176
1
290
0
176
1
290
0
176
1
290
0
176
1
 90
50
176
1
 40
0.0
176
1
 40
1.0
176
1
 90
0
176
1
 62
18
420
0
176
1
 90
50
176
1
 90
3
176
1
 62
5
420
255
176
1
290
0
176
1
 90
50
176
1
 90
50
176
1
 90
50
176
1
290
0
176
1
 90
50
176
1
 62
256
176
0
 40
1.0
176
0
 90
2
176
1
  1
strokes_ogs.tif
176
1
290
0
176
1
 40
1.0
176
1
 40
1.0
176
1
  0
VISUALSTYLE
  5
71
102
{ACAD_REACTORS
330
16
102
}
330
16
100
AcDbVisualStyle
  2
Wireframe
 70
5
177
3
291
0
 70
58
 90
2
176
1
 90
2
176
1
 90
0
176
1
 90
0
176
1
 40
0.6
176
1
 40
30.0
176
1
 62
7
420
16777215
176
1
 90
1
176
1
 90
4
176
1
 62
7
176
1
 62
257
176
1
 90
1
176
1
 90
1
176
1
 40
1.0
176
1
 90
8
176
1
 62
7
176
1
 40
1.0
176
1
 90
1
176
1
 90
6
176
1
 90
2
176
1
 62
7
176
1
 90
5
176
1
 90
0
176
1
 90
0
176
1
290
0
176
1
 90
1
176
1
 40
0.0
176
1
 90
0
176
1
290
0
176
1
290
1
176
1
290
1
176
1
290
0
176
1
290
0
176
1
290
0
176
1
290
0
176
1
290
0
176
1
290
0
176
1
 90
50
176
1
 40
0.0
176
1
 40
1.0
176
1
 90
0
176
1
 62
18
420
0
176
1
 90
50
176
1
 90
3
176
1
 62
5
420
255
176
1
290
0
176
1
 90
50
176
1
 90
50
176
1
 90
50
176
1
290
0
176
1
 90
50
176
1
 62
256
176
0
 40
1.0
176
0
 90
2
176
1
  1
strokes_ogs.tif
176
1
290
0
176
1
 40
1.0
176
1
 40
1.0
176
1
  0
VISUALSTYLE
  5
72
102
{ACAD_REACTORS
330
16
102
}
330
16
100
AcDbVisualStyle
  2
X-Ray
 70
25
177
3
291
0
 70
58
 90
2
176
1
 90
2
176
1
 90
0
176
1
 90
2
176
1
 40
0.5
176
1
 40
30.0
176
1
 62
7
420
16777215
176
1
 90
1
176
1
 90
4
176
1
 62
7
176
1
 62
257
176
1
 90
1
176
1
 90
1
176
1
 40
1.0
176
1
 90
8
176
1
 62
7
176
1
 40
1.0
176
1
 90
1
176
1
 90
6
176
1
 90
2
176
1
 62
7
176
1
 90
5
176
1
 90
0
176
1
 90
0
176
1
290
0
176
1
 90
1
176
1
 40
0.0
176
1
 90
0
176
1
290
0
176
1
290
1
176
1
290
1
176
1
290
0
176
1
290
0
176
1
290
0
176
1
290
0
176
1
290
0
176
1
290
0
176
1
 90
50
176
1
 40
0.0
176
1
 40
1.0
176
1
 90
0
176
1
 62
18
420
0
176
1
 90
50
176
1
 90
3
176
1
 62
5
420
255
176
1
290
0
176
1
 90
50
176
1
 90
50
176
1
 90
50
176
1
290
0
176
1
 90
50
176
1
 62
256
176
0
 40
1.0
176
0
 90
2
176
1
  1
strokes_ogs.tif
176
1
290
0
176
1
 40
1.0
176
1
 40
1.0
176
1
  0
DICTIONARYVAR
  5
42B
330
2D
100
DictionaryVariables
280
0
  1
1.4.4 @ 2026-10-08T17:37:21.575672+00:00
  0
ENDSEC
  0
EOF
