  0
SECTION
  2
HEADER
  9
$ACADVER
  1
AC1032
  9
$ACADMAINTVER
 90
4
  9
$DWGCODEPAGE
  3
ANSI_1252
  9
$LASTSAVEDBY
  1
ezdxf
  9
$REQUIREDVERSIONS
160
0
  9
$INSBASE
 10
0.0
 20
0.0
 30
0.0
  9
$EXTMIN
 10
1e+20
 20
1e+20
 30
1e+20
  9
$EXTMAX
 10
-1e+20
 20
-1e+20
 30
-1e+20
  9
$LIMMIN
 10
0.0
 20
0.0
  9
$LIMMAX
 10
420.0
 20
297.0
  9
$ORTHOMODE
 70
0
  9
$REGENMODE
 70
1
  9
$FILLMODE
 70
1
  9
$QTEXTMODE
 70
0
  9
$MIRRTEXT
 70
1
  9
$LTSCALE
 40
1.0
  9
$ATTMODE
 70
1
  9
$TEXTSIZE
 40
2.5
  9
$TRACEWID
 40
1.0
  9
$TEXTSTYLE
  7
OpenSans
  9
$CLAYER
  8
0
  9
$CELTYPE
  6
ByLayer
  9
$CECOLOR
 62
256
  9
$CELTSCALE
 40
1.0
  9
$DISPSILH
 70
0
  9
$DIMSCALE
 40
1.0
  9
$DIMASZ
 40
0.175
  9
$DIMEXO
 40
0.125
  9
$DIMDLI
 40
3.75
  9
$DIMRND
 40
0.0
  9
$DIMDLE
 40
0.0
  9
$DIMEXE
 40
0.375
  9
$DIMTP
 40
0.0
  9
$DIMTM
 40
0.0
  9
$DIMTXT
 40
0.25
  9
$DIMCEN
 40
2.5
  9
$DIMTSZ
 40
0.0
  9
$DIMTOL
 70
0
  9
$DIMLIM
 70
0
  9
$DIMTIH
 70
0
  9
$DIMTOH
 70
0
  9
$DIMSE1
 70
0
  9
$DIMSE2
 70
0
  9
$DIMTAD
 70
1
  9
$DIMZIN
 70
12
  9
$DIMBLK
  1
ARCHTICK
  9
$DIMASO
 70
1
  9
$DIMSHO
 70
1
  9
$DIMPOST
  1

  9
$DIMAPOST
  1

  9
$DIMALT
 70
0
  9
$DIMALTD
 70
3
  9
$DIMALTF
 40
0.03937007874
  9
$DIMLFAC
 40
100.0
  9
$DIMTOFL
 70
1
  9
$DIMTVP
 40
0.0
  9
$DIMTIX
 70
0
  9
$DIMSOXD
 70
0
  9
$DIMSAH
 70
0
  9
$DIMBLK1
  1

  9
$DIMBLK2
  1

  9
$DIMSTYLE
  2
EZDXF
  9
$DIMCLRD
 70
0
  9
$DIMCLRE
 70
0
  9
$DIMCLRT
 70
0
  9
$DIMTFAC
 40
0.5
  9
$DIMGAP
 40
0.1
  9
$DIMJUST
 70
0
  9
$DIMSD1
 70
0
  9
$DIMSD2
 70
0
  9
$DIMTOLJ
 70
0
  9
$DIMTZIN
 70
8
  9
$DIMALTZ
 70
0
  9
$DIMALTTZ
 70
0
  9
$DIMUPT
 70
1
  9
$DIMDEC
 70
2
  9
$DIMTDEC
 70
2
  9
$DIMALTU
 70
2
  9
$DIMALTTD
 70
3
  9
$DIMTXSTY
  7
OpenSansCondensed-Light
  9
$DIMAUNIT
 70
0
  9
$DIMADEC
 70
2
  9
$DIMALTRND
 40
0.0
  9
$DIMAZIN
 70
3
  9
$DIMDSEP
 70
46
  9
$DIMATFIT
 70
3
  9
$DIMFRAC
 70
0
  9
$DIMLDRBLK
  1

  9
$DIMLUNIT
 70
2
  9
$DIMLWD
 70
-2
  9
$DIMLWE
 70
-2
  9
$DIMTMOVE
 70
2
  9
$DIMFXL
 40
1.0
  9
$DIMFXLON
 70
0
  9
$DIMJOGANG
 40
0.785398163397
  9
$DIMTFILL
 70
0
  9
$DIMTFILLCLR
 70
0
  9
$DIMARCSYM
 70
0
  9
$DIMLTYPE
  6

  9
$DIMLTEX1
  6

  9
$DIMLTEX2
  6

  9
$DIMTXTDIRECTION
 70
0
  9
$LUNITS
 70
2
  9
$LUPREC
 70
4
  9
$SKETCHINC
 40
1.0
  9
$FILLETRAD
 40
10.0
  9
$AUNITS
 70
0
  9
$AUPREC
 70
2
  9
$MENU
  1
.
  9
$ELEVATION
 40
0.0
  9
$PELEVATION
 40
0.0
  9
$THICKNESS
 40
0.0
  9
$LIMCHECK
 70
0
  9
$CHAMFERA
 40
0.0
  9
$CHAMFERB
 40
0.0
  9
$CHAMFERC
 40
0.0
  9
$CHAMFERD
 40
0.0
  9
$SKPOLY
 70
0
  9
$TDCREATE
 40
2461322.711111111
  9
$TDUCREATE
 40
2458532.153996898
  9
$TDUPDATE
 40
2461322.711111111
  9
$TDUUPDATE
 40
2458532.1544311
  9
$TDINDWG
 40
0.0
  9
$TDUSRTIMER
 40
0.0
  9
$USRTIMER
 70
1
  9
$ANGBASE
 50
0.0
  9
$ANGDIR
 70
0
  9
$PDMODE
 70
0
  9
$PDSIZE
 40
0.0
  9
$PLINEWID
 40
0.0
  9
$SPLFRAME
 70
0
  9
$SPLINETYPE
 70
6
  9
$SPLINESEGS
 70
8
  9
$HANDSEED
  5
793
  9
$SURFTAB1
 70
6
  9
$SURFTAB2
 70
6
  9
$SURFTYPE
 70
6
  9
$SURFU
 70
6
  9
$SURFV
 70
6
  9
$UCSBASE
  2

  9
$UCSNAME
  2

  9
$UCSORG
 10
0.0
 20
0.0
 30
0.0
  9
$UCSXDIR
 10
1.0
 20
0.0
 30
0.0
  9
$UCSYDIR
 10
0.0
 20
1.0
 30
0.0
  9
$UCSORTHOREF
  2

  9
$UCSORTHOVIEW
 70
0
  9
$UCSORGTOP
 10
0.0
 20
0.0
 30
0.0
  9
$UCSORGBOTTOM
 10
0.0
 20
0.0
 30
0.0
  9
$UCSORGLEFT
 10
0.0
 20
0.0
 30
0.0
  9
$UCSORGRIGHT
 10
0.0
 20
0.0
 30
0.0
  9
$UCSORGFRONT
 10
0.0
 20
0.0
 30
0.0
  9
$UCSORGBACK
 10
0.0
 20
0.0
 30
0.0
  9
$PUCSBASE
  2

  9
$PUCSNAME
  2

  9
$PUCSORG
 10
0.0
 20
0.0
 30
0.0
  9
$PUCSXDIR
 10
1.0
 20
0.0
 30
0.0
  9
$PUCSYDIR
 10
0.0
 20
1.0
 30
0.0
  9
$PUCSORTHOREF
  2

  9
$PUCSORTHOVIEW
 70
0
  9
$PUCSORGTOP
 10
0.0
 20
0.0
 30
0.0
  9
$PUCSORGBOTTOM
 10
0.0
 20
0.0
 30
0.0
  9
$PUCSORGLEFT
 10
0.0
 20
0.0
 30
0.0
  9
$PUCSORGRIGHT
 10
0.0
 20
0.0
 30
0.0
  9
$PUCSORGFRONT
 10
0.0
 20
0.0
 30
0.0
  9
$PUCSORGBACK
 10
0.0
 20
0.0
 30
0.0
  9
$USERI1
 70
0
  9
$USERI2
 70
0
  9
$USERI3
 70
0
  9
$USERI4
 70
0
  9
$USERI5
 70
0
  9
$USERR1
 40
0.0
  9
$USERR2
 40
0.0
  9
$USERR3
 40
0.0
  9
$USERR4
 40
0.0
  9
$USERR5
 40
0.0
  9
$WORLDVIEW
 70
1
  9
$SHADEDGE
 70
3
  9
$SHADEDIF
 70
70
  9
$TILEMODE
 70
1
  9
$MAXACTVP
 70
64
  9
$PINSBASE
 10
0.0
 20
0.0
 30
0.0
  9
$PLIMCHECK
 70
0
  9
$PEXTMIN
 10
1e+20
 20
1e+20
 30
1e+20
  9
$PEXTMAX
 10
-1e+20
 20
-1e+20
 30
-1e+20
  9
$PLIMMIN
 10
0.0
 20
0.0
  9
$PLIMMAX
 10
420.0
 20
297.0
  9
$UNITMODE
 70
0
  9
$VISRETAIN
 70
1
  9
$PLINEGEN
 70
0
  9
$PSLTSCALE
 70
1
  9
$TREEDEPTH
 70
3020
  9
$CMLSTYLE
  2
Standard
  9
$CMLJUST
 70
0
  9
$CMLSCALE
 40
20.0
  9
$PROXYGRAPHICS
 70
1
  9
$MEASUREMENT
 70
1
  9
$CELWEIGHT
370
-1
  9
$ENDCAPS
280
0
  9
$JOINSTYLE
280
0
  9
$LWDISPLAY
290
0
  9
$INSUNITS
 70
4
  9
$HYPERLINKBASE
  1

  9
$STYLESHEET
  1

  9
$XEDIT
290
1
  9
$CEPSNTYPE
380
0
  9
$PSTYLEMODE
290
1
  9
$FINGERPRINTGUID
  2
{A5A73A76-2B00-4C26-8E28-402CD2B5818E}
  9
$VERSIONGUID
  2
{68FD94AC-8771-4896-8138-CC8A747D83E3}
  9
$EXTNAMES
290
1
  9
$PSVPSCALE
 40
0.0
  9
$OLESTARTUP
290
0
  9
$SORTENTS
280
127
  9
$INDEXCTL
280
0
  9
$HIDETEXT
280
1
  9
$XCLIPFRAME
280
1
  9
$HALOGAP
280
0
  9
$OBSCOLOR
 70
257
  9
$OBSLTYPE
280
0
  9
$INTERSECTIONDISPLAY
280
0
  9
$INTERSECTIONCOLOR
 70
257
  9
$DIMASSOC
280
2
  9
$PROJECTNAME
  1

  9
$CAMERADISPLAY
290
0
  9
$LENSLENGTH
 40
50.0
  9
$CAMERAHEIGHT
 40
0.0
  9
$STEPSPERSEC
 40
24.0
  9
$STEPSIZE
 40
100.0
  9
$3DDWFPREC
 40
2.0
  9
$PSOLWIDTH
 40
0.005
  9
$PSOLHEIGHT
 40
0.08
  9
$LOFTANG1
 40
1.570796326795
  9
$LOFTANG2
 40
1.570796326795
  9
$LOFTMAG1
 40
0.0
  9
$LOFTMAG2
 40
0.0
  9
$LOFTPARAM
 70
7
  9
$LOFTNORMALS
280
1
  9
$LATITUDE
 40
37.795
  9
$LONGITUDE
 40
-122.394
  9
$NORTHDIRECTION
 40
0.0
  9
$TIMEZONE
 70
-8000
  9
$LIGHTGLYPHDISPLAY
280
1
  9
$TILEMODELIGHTSYNCH
280
1
  9
$CMATERIAL
347
20
  9
$SOLIDHIST
280
0
  9
$SHOWHIST
280
1
  9
$DWFFRAME
280
2
  9
$DGNFRAME
280
2
  9
$REALWORLDSCALE
290
1
  9
$INTERFERECOLOR
 62
256
  9
$CSHADOW
280
0
  9
$SHADOWPLANELOCATION
 40
0.0
  0
ENDSEC
  0
SECTION
  2
CLASSES
  0
CLASS
  1
ACDBDICTIONARYWDFLT
  2
AcDbDictionaryWithDefault
  3
ObjectDBX Classes
 90
0
 91
0
280
0
281
0
  0
CLASS
  1
SUN
  2
AcDbSun
  3
SCENEOE
 90
1153
 91
0
280
0
281
0
  0
CLASS
  1
VISUALSTYLE
  2
AcDbVisualStyle
  3
ObjectDBX Classes
 90
4095
 91
0
280
0
281
0
  0
CLASS
  1
MATERIAL
  2
AcDbMaterial
  3
ObjectDBX Classes
 90
1153
 91
0
280
0
281
0
  0
CLASS
  1
SCALE
  2
AcDbScale
  3
ObjectDBX Classes
 90
1153
 91
0
280
0
281
0
  0
CLASS
  1
TABLESTYLE
  2
AcDbTableStyle
  3
ObjectDBX Classes
 90
4095
 91
0
280
0
281
0
  0
CLASS
  1
MLEADERSTYLE
  2
AcDbMLeaderStyle
  3
ACDB_MLEADERSTYLE_CLASS
 90
4095
 91
0
280
0
281
0
  0
CLASS
  1
DICTIONARYVAR
  2
AcDbDictionaryVar
  3
ObjectDBX Classes
 90
0
 91
0
280
0
281
0
  0
CLASS
  1
CELLSTYLEMAP
  2
AcDbCellStyleMap
  3
ObjectDBX Classes
 90
1152
 91
0
280
0
281
0
  0
CLASS
  1
MENTALRAYRENDERSETTINGS
  2
AcDbMentalRayRenderSettings
  3
SCENEOE
 90
1024
 91
0
280
0
281
0
  0
CLASS
  1
ACDBDETAILVIEWSTYLE
  2
AcDbDetailViewStyle
  3
ObjectDBX Classes
 90
1025
 91
0
280
0
281
0
  0
CLASS
  1
ACDBSECTIONVIEWSTYLE
  2
AcDbSectionViewStyle
  3
ObjectDBX Classes
 90
1025
 91
0
280
0
281
0
  0
CLASS
  1
RASTERVARIABLES
  2
AcDbRasterVariables
  3
ISM
 90
0
 91
0
280
0
281
0
  0
CLASS
  1
ACDBPLACEHOLDER
  2
AcDbPlaceHolder
  3
ObjectDBX Classes
 90
0
 91
0
280
0
281
0
  0
CLASS
  1
LAYOUT
  2
AcDbLayout
  3
ObjectDBX Classes
 90
0
 91
0
280
0
281
0
  0
ENDSEC
  0
SECTION
  2
TABLES
  0
TABLE
  2
VPORT
  5
8
330
0
100
AcDbSymbolTable
 70
1
  0
VPORT
  5
23
330
8
100
AcDbSymbolTableRecord
100
AcDbViewportTableRecord
  2
*Active
 70
0
 10
0.0
 20
0.0
 11
1.0
 21
1.0
 12
0.0
 22
0.0
 13
0.0
 23
0.0
 14
0.5
 24
0.5
 15
0.5
 25
0.5
 16
0.0
 26
0.0
 36
1.0
 17
0.0
 27
0.0
 37
0.0
 40
1000.0
 41
1.34
 42
50.0
 43
0.0
 44
0.0
 50
0.0
 51
0.0
 71
0
 72
1000
 73
1
 74
3
 75
0
 76
0
 77
0
 78
0
281
0
 65
0
146
0.0
  0
ENDTAB
  0
TABLE
  2
LTYPE
  5
2
330
0
100
AcDbSymbolTable
 70
21
  0
LTYPE
  5
24
330
2
100
AcDbSymbolTableRecord
100
AcDbLinetypeTableRecord
  2
ByBlock
 70
0
  3

 72
65
 73
0
 40
0.0
  0
LTYPE
  5
25
330
2
100
AcDbSymbolTableRecord
100
AcDbLinetypeTableRecord
  2
ByLayer
 70
0
  3

 72
65
 73
0
 40
0.0
  0
LTYPE
  5
26
330
2
100
AcDbSymbolTableRecord
100
AcDbLinetypeTableRecord
  2
Continuous
 70
0
  3

 72
65
 73
0
 40
0.0
  0
LTYPE
  5
2F
330
2
100
AcDbSymbolTableRecord
100
AcDbLinetypeTableRecord
  2
CENTER
 70
0
  3
Center ____ _ ____ _ ____ _ ____ _ ____ _ ____
 72
65
 73
4
 40
5.08
 49
3.175
 74
0
 49
-0.635
 74
0
 49
0.635
 74
0
 49
-0.635
 74
0
  0
LTYPE
  5
30
330
2
100
AcDbSymbolTableRecord
100
AcDbLinetypeTableRecord
  2
CENTERX2
 70
0
  3
Center (2x) ________  __  ________  __  ________
 72
65
 73
4
 40
8.89
 49
6.35
 74
0
 49
-0.635
 74
0
 49
1.27
 74
0
 49
-0.635
 74
0
  0
LTYPE
  5
31
330
2
100
AcDbSymbolTableRecord
100
AcDbLinetypeTableRecord
  2
CENTER2
 70
0
  3
Center (.5x) ____ _ ____ _ ____ _ ____ _ ____
 72
65
 73
4
 40
2.54
 49
1.587
 74
0
 49
-0.318
 74
0
 49
0.318
 74
0
 49
-0.318
 74
0
  0
LTYPE
  5
32
330
2
100
AcDbSymbolTableRecord
100
AcDbLinetypeTableRecord
  2
DASHED
 70
0
  3
Dashed __ __ __ __ __ __ __ __ __ __ __ __ __ _
 72
65
 73
2
 40
1.524
 49
1.27
 74
0
 49
-0.254
 74
0
  0
LTYPE
  5
33
330
2
100
AcDbSymbolTableRecord
100
AcDbLinetypeTableRecord
  2
DASHEDX2
 70
0
  3
Dashed (2x) ____  ____  ____  ____  ____  ____
 72
65
 73
2
 40
3.048
 49
2.54
 74
0
 49
-0.508
 74
0
  0
LTYPE
  5
34
330
2
100
AcDbSymbolTableRecord
100
AcDbLinetypeTableRecord
  2
DASHED2
 70
0
  3
Dashed (.5x) _ _ _ _ _ _ _ _ _ _ _ _ _ _
 72
65
 73
2
 40
0.762
 49
0.635
 74
0
 49
-0.127
 74
0
  0
LTYPE
  5
35
330
2
100
AcDbSymbolTableRecord
100
AcDbLinetypeTableRecord
  2
PHANTOM
 70
0
  3
Phantom ______  __  __  ______  __  __  ______
 72
65
 73
6
 40
6.35
 49
3.175
 74
0
 49
-0.635
 74
0
 49
0.635
 74
0
 49
-0.635
 74
0
 49
0.635
 74
0
 49
-0.635
 74
0
  0
LTYPE
  5
36
330
2
100
AcDbSymbolTableRecord
100
AcDbLinetypeTableRecord
  2
PHANTOMX2
 70
0
  3
Phantom (2x)____________    ____    ____    ____________
 72
65
 73
6
 40
10.795
 49
6.35
 74
0
 49
-0.635
 74
0
 49
1.27
 74
0
 49
-0.635
 74
0
 49
1.27
 74
0
 49
-0.635
 74
0
  0
LTYPE
  5
37
330
2
100
AcDbSymbolTableRecord
100
AcDbLinetypeTableRecord
  2
PHANTOM2
 70
0
  3
Phantom (.5x) ___ _ _ ___ _ _ ___ _ _ ___ _ _ ___
 72
65
 73
6
 40
3.175
 49
1.587
 74
0
 49
-0.318
 74
0
 49
0.318
 74
0
 49
-0.318
 74
0
 49
0.318
 74
0
 49
-0.318
 74
0
  0
LTYPE
  5
38
330
2
100
AcDbSymbolTableRecord
100
AcDbLinetypeTableRecord
  2
DASHDOT
 70
0
  3
Dash dot __ . __ . __ . __ . __ . __ . __ . __
 72
65
 73
4
 40
3.556
 49
2.54
 74
0
 49
-0.508
 74
0
 49
0.0
 74
0
 49
-0.508
 74
0
  0
LTYPE
  5
39
330
2
100
AcDbSymbolTableRecord
100
AcDbLinetypeTableRecord
  2
DASHDOTX2
 70
0
  3
Dash dot (2x) ____  .  ____  .  ____  .  ____
 72
65
 73
4
 40
6.096
 49
5.08
 74
0
 49
-0.508
 74
0
 49
0.0
 74
0
 49
-0.508
 74
0
  0
LTYPE
  5
3A
330
2
100
AcDbSymbolTableRecord
100
AcDbLinetypeTableRecord
  2
DASHDOT2
 70
0
  3
Dash dot (.5x) _ . _ . _ . _ . _ . _ . _ . _
 72
65
 73
4
 40
1.778
 49
1.27
 74
0
 49
-0.254
 74
0
 49
0.0
 74
0
 49
-0.254
 74
0
  0
LTYPE
  5
3B
330
2
100
AcDbSymbolTableRecord
100
AcDbLinetypeTableRecord
  2
DOT
 70
0
  3
Dot .  .  .  .  .  .  .  .  .  .  .  .  .  .  .  .
 72
65
 73
2
 40
0.508
 49
0.0
 74
0
 49
-0.508
 74
0
  0
LTYPE
  5
3C
330
2
100
AcDbSymbolTableRecord
100
AcDbLinetypeTableRecord
  2
DOTX2
 70
0
  3
Dot (2x) .    .    .    .    .    .    .    . 
 72
65
 73
2
 40
1.016
 49
0.0
 74
0
 49
-1.016
 74
0
  0
LTYPE
  5
3D
330
2
100
AcDbSymbolTableRecord
100
AcDbLinetypeTableRecord
  2
DOT2
 70
0
  3
Dot (.5) . . . . . . . . . . . . . . . . . . . 
 72
65
 73
2
 40
0.254
 49
0.0
 74
0
 49
-0.254
 74
0
  0
LTYPE
  5
3E
330
2
100
AcDbSymbolTableRecord
100
AcDbLinetypeTableRecord
  2
DIVIDE
 70
0
  3
Divide __ . . __ . . __ . . __ . . __ . . __
 72
65
 73
6
 40
4.064
 49
2.54
 74
0
 49
-0.508
 74
0
 49
0.0
 74
0
 49
-0.508
 74
0
 49
0.0
 74
0
 49
-0.508
 74
0
  0
LTYPE
  5
3F
330
2
100
AcDbSymbolTableRecord
100
AcDbLinetypeTableRecord
  2
DIVIDEX2
 70
0
  3
Divide (2x) ____  . .  ____  . .  ____  . .  ____
 72
65
 73
6
 40
6.604
 49
5.08
 74
0
 49
-0.508
 74
0
 49
0.0
 74
0
 49
-0.508
 74
0
 49
0.0
 74
0
 49
-0.508
 74
0
  0
LTYPE
  5
40
330
2
100
AcDbSymbolTableRecord
100
AcDbLinetypeTableRecord
  2
DIVIDE2
 70
0
  3
Divide(.5x) _ . _ . _ . _ . _ . _ . _ . _
 72
65
 73
6
 40
2.032
 49
1.27
 74
0
 49
-0.254
 74
0
 49
0.0
 74
0
 49
-0.254
 74
0
 49
0.0
 74
0
 49
-0.254
 74
0
  0
ENDTAB
  0
TABLE
  2
LAYER
  5
1
330
0
100
AcDbSymbolTable
 70
16
  0
LAYER
  5
27
330
1
100
AcDbSymbolTableRecord
100
AcDbLayerTableRecord
  2
0
 70
0
 62
7
  6
Continuous
370
-3
390
13
347
21
  0
LAYER
  5
28
330
1
100
AcDbSymbolTableRecord
100
AcDbLayerTableRecord
  2
Defpoints
 70
0
 62
7
  6
Continuous
290
0
370
-3
390
13
347
21
  0
LAYER
  5
8B
330
1
100
AcDbSymbolTableRecord
100
AcDbLayerTableRecord
  2
FRAME
 70
0
 62
7
  6
CONTINUOUS
370
-3
390
13
347
21
  0
LAYER
  5
8C
330
1
100
AcDbSymbolTableRecord
100
AcDbLayerTableRecord
  2
AR-WALLS
 70
0
 62
7
  6
CONTINUOUS
370
-3
390
13
347
21
  0
LAYER
  5
8D
330
1
100
AcDbSymbolTableRecord
100
AcDbLayerTableRecord
  2
AR-NEW
 70
0
 62
5
  6
CONTINUOUS
370
-3
390
13
347
21
  0
LAYER
  5
8E
330
1
100
AcDbSymbolTableRecord
100
AcDbLayerTableRecord
  2
AR-DEMO
 70
0
 62
1
  6
DASHED
370
-3
390
13
347
21
  0
LAYER
  5
8F
330
1
100
AcDbSymbolTableRecord
100
AcDbLayerTableRecord
  2
FURN
 70
0
 62
8
  6
CONTINUOUS
370
-3
390
13
347
21
  0
LAYER
  5
90
330
1
100
AcDbSymbolTableRecord
100
AcDbLayerTableRecord
  2
EL-LIGHT
 70
0
 62
30
  6
CONTINUOUS
370
-3
390
13
347
21
  0
LAYER
  5
91
330
1
100
AcDbSymbolTableRecord
100
AcDbLayerTableRecord
  2
EL-SOCKET
 70
0
 62
6
  6
CONTINUOUS
370
-3
390
13
347
21
  0
LAYER
  5
92
330
1
100
AcDbSymbolTableRecord
100
AcDbLayerTableRecord
  2
EL-LOW
 70
0
 62
3
  6
CONTINUOUS
370
-3
390
13
347
21
  0
LAYER
  5
93
330
1
100
AcDbSymbolTableRecord
100
AcDbLayerTableRecord
  2
VK
 70
0
 62
4
  6
CONTINUOUS
370
-3
390
13
347
21
  0
LAYER
  5
94
330
1
100
AcDbSymbolTableRecord
100
AcDbLayerTableRecord
  2
OV
 70
0
 62
3
  6
CONTINUOUS
370
-3
390
13
347
21
  0
LAYER
  5
95
330
1
100
AcDbSymbolTableRecord
100
AcDbLayerTableRecord
  2
DIM
 70
0
 62
7
  6
CONTINUOUS
370
-3
390
13
347
21
  0
LAYER
  5
96
330
1
100
AcDbSymbolTableRecord
100
AcDbLayerTableRecord
  2
TEXT
 70
0
 62
7
  6
CONTINUOUS
370
-3
390
13
347
21
  0
LAYER
  5
97
330
1
100
AcDbSymbolTableRecord
100
AcDbLayerTableRecord
  2
AR-FIN
 70
0
 62
9
  6
CONTINUOUS
370
-3
390
13
347
21
  0
LAYER
  5
98
330
1
100
AcDbSymbolTableRecord
100
AcDbLayerTableRecord
  2
BASE
 70
0
 62
9
  6
CONTINUOUS
370
-3
390
13
347
21
  0
ENDTAB
  0
TABLE
  2
STYLE
  5
5
330
0
100
AcDbSymbolTable
 70
27
  0
STYLE
  5
29
330
5
100
AcDbSymbolTableRecord
100
AcDbTextStyleTableRecord
  2
Standard
 70
0
 40
0.0
 41
1.0
 50
0.0
 71
0
 42
2.5
  3
DejaVuSans.ttf
  4

  0
STYLE
  5
41
330
5
100
AcDbSymbolTableRecord
100
AcDbTextStyleTableRecord
  2
OpenSans-Light
 70
0
 40
0.0
 41
1.0
 50
0.0
 71
0
 42
2.5
  3
OpenSans-Light.ttf
  4

  0
STYLE
  5
42
330
5
100
AcDbSymbolTableRecord
100
AcDbTextStyleTableRecord
  2
OpenSans-Light-Italic
 70
0
 40
0.0
 41
1.0
 50
0.0
 71
0
 42
2.5
  3
OpenSans-LightItalic.ttf
  4

  0
STYLE
  5
43
330
5
100
AcDbSymbolTableRecord
100
AcDbTextStyleTableRecord
  2
OpenSans
 70
0
 40
0.0
 41
1.0
 50
0.0
 71
0
 42
2.5
  3
OpenSans-Regular.ttf
  4

  0
STYLE
  5
44
330
5
100
AcDbSymbolTableRecord
100
AcDbTextStyleTableRecord
  2
OpenSans-Italic
 70
0
 40
0.0
 41
1.0
 50
0.0
 71
0
 42
2.5
  3
OpenSans-Italic.ttf
  4

  0
STYLE
  5
45
330
5
100
AcDbSymbolTableRecord
100
AcDbTextStyleTableRecord
  2
OpenSans-SemiBold
 70
0
 40
0.0
 41
1.0
 50
0.0
 71
0
 42
2.5
  3
OpenSans-SemiBold.ttf
  4

  0
STYLE
  5
46
330
5
100
AcDbSymbolTableRecord
100
AcDbTextStyleTableRecord
  2
OpenSans-SemiBoldItalic
 70
0
 40
0.0
 41
1.0
 50
0.0
 71
0
 42
2.5
  3
OpenSans-SemiBoldItalic.ttf
  4

  0
STYLE
  5
47
330
5
100
AcDbSymbolTableRecord
100
AcDbTextStyleTableRecord
  2
OpenSans-Bold
 70
0
 40
0.0
 41
1.0
 50
0.0
 71
0
 42
2.5
  3
OpenSans-Bold.ttf
  4

  0
STYLE
  5
48
330
5
100
AcDbSymbolTableRecord
100
AcDbTextStyleTableRecord
  2
OpenSans-BoldItalic
 70
0
 40
0.0
 41
1.0
 50
0.0
 71
0
 42
2.5
  3
OpenSans-BoldItalic.ttf
  4

  0
STYLE
  5
49
330
5
100
AcDbSymbolTableRecord
100
AcDbTextStyleTableRecord
  2
OpenSans-ExtraBold
 70
0
 40
0.0
 41
1.0
 50
0.0
 71
0
 42
2.5
  3
OpenSans-ExtraBold.ttf
  4

  0
STYLE
  5
4A
330
5
100
AcDbSymbolTableRecord
100
AcDbTextStyleTableRecord
  2
OpenSans-ExtraBoldItalic
 70
0
 40
0.0
 41
1.0
 50
0.0
 71
0
 42
2.5
  3
OpenSans-ExtraBoldItalic.ttf
  4

  0
STYLE
  5
4B
330
5
100
AcDbSymbolTableRecord
100
AcDbTextStyleTableRecord
  2
OpenSansCondensed-Bold
 70
0
 40
0.0
 41
1.0
 50
0.0
 71
0
 42
2.5
  3
OpenSansCondensed-Bold.ttf
  4

  0
STYLE
  5
4C
330
5
100
AcDbSymbolTableRecord
100
AcDbTextStyleTableRecord
  2
OpenSansCondensed-Light
 70
0
 40
0.0
 41
1.0
 50
0.0
 71
0
 42
2.5
  3
OpenSansCondensed-Light.ttf
  4

  0
STYLE
  5
4D
330
5
100
AcDbSymbolTableRecord
100
AcDbTextStyleTableRecord
  2
OpenSansCondensed-Italic
 70
0
 40
0.0
 41
1.0
 50
0.0
 71
0
 42
2.5
  3
OpenSansCondensed-LightItalic.ttf
  4

  0
STYLE
  5
4E
330
5
100
AcDbSymbolTableRecord
100
AcDbTextStyleTableRecord
  2
LiberationSans
 70
0
 40
0.0
 41
1.0
 50
0.0
 71
0
 42
2.5
  3
LiberationSans-Regular.ttf
  4

  0
STYLE
  5
4F
330
5
100
AcDbSymbolTableRecord
100
AcDbTextStyleTableRecord
  2
LiberationSans-Bold
 70
0
 40
0.0
 41
1.0
 50
0.0
 71
0
 42
2.5
  3
LiberationSans-Bold.ttf
  4

  0
STYLE
  5
50
330
5
100
AcDbSymbolTableRecord
100
AcDbTextStyleTableRecord
  2
LiberationSans-BoldItalic
 70
0
 40
0.0
 41
1.0
 50
0.0
 71
0
 42
2.5
  3
LiberationSans-BoldItalic.ttf
  4

  0
STYLE
  5
51
330
5
100
AcDbSymbolTableRecord
100
AcDbTextStyleTableRecord
  2
LiberationSans-Italic
 70
0
 40
0.0
 41
1.0
 50
0.0
 71
0
 42
2.5
  3
LiberationSans-Italic.ttf
  4

  0
STYLE
  5
52
330
5
100
AcDbSymbolTableRecord
100
AcDbTextStyleTableRecord
  2
LiberationSerif
 70
0
 40
0.0
 41
1.0
 50
0.0
 71
0
 42
2.5
  3
LiberationSerif-Regular.ttf
  4

  0
STYLE
  5
53
330
5
100
AcDbSymbolTableRecord
100
AcDbTextStyleTableRecord
  2
LiberationSerif-Bold
 70
0
 40
0.0
 41
1.0
 50
0.0
 71
0
 42
2.5
  3
LiberationSerif-Bold.ttf
  4

  0
STYLE
  5
54
330
5
100
AcDbSymbolTableRecord
100
AcDbTextStyleTableRecord
  2
LiberationSerif-BoldItalic
 70
0
 40
0.0
 41
1.0
 50
0.0
 71
0
 42
2.5
  3
LiberationSerif-BoldItalic.ttf
  4

  0
STYLE
  5
55
330
5
100
AcDbSymbolTableRecord
100
AcDbTextStyleTableRecord
  2
LiberationSerif-Italic
 70
0
 40
0.0
 41
1.0
 50
0.0
 71
0
 42
2.5
  3
LiberationSerif-Italic.ttf
  4

  0
STYLE
  5
56
330
5
100
AcDbSymbolTableRecord
100
AcDbTextStyleTableRecord
  2
LiberationMono
 70
0
 40
0.0
 41
1.0
 50
0.0
 71
0
 42
2.5
  3
LiberationMono-Regular.ttf
  4

  0
STYLE
  5
57
330
5
100
AcDbSymbolTableRecord
100
AcDbTextStyleTableRecord
  2
LiberationMono-Bold
 70
0
 40
0.0
 41
1.0
 50
0.0
 71
0
 42
2.5
  3
LiberationMono-Bold.ttf
  4

  0
STYLE
  5
58
330
5
100
AcDbSymbolTableRecord
100
AcDbTextStyleTableRecord
  2
LiberationMono-BoldItalic
 70
0
 40
0.0
 41
1.0
 50
0.0
 71
0
 42
2.5
  3
LiberationMono-BoldItalic.ttf
  4

  0
STYLE
  5
59
330
5
100
AcDbSymbolTableRecord
100
AcDbTextStyleTableRecord
  2
LiberationMono-Italic
 70
0
 40
0.0
 41
1.0
 50
0.0
 71
0
 42
2.5
  3
LiberationMono-Italic.ttf
  4

  0
STYLE
  5
8A
330
5
100
AcDbSymbolTableRecord
100
AcDbTextStyleTableRecord
  2
GOST
 70
0
 40
0.0
 41
1.0
 50
0.0
 71
0
 42
2.5
  3
DejaVuSans.ttf
  4

  0
ENDTAB
  0
TABLE
  2
VIEW
  5
7
330
0
100
AcDbSymbolTable
 70
0
  0
ENDTAB
  0
TABLE
  2
UCS
  5
6
330
0
100
AcDbSymbolTable
 70
0
  0
ENDTAB
  0
TABLE
  2
APPID
  5
3
330
0
100
AcDbSymbolTable
 70
3
  0
APPID
  5
2A
330
3
100
AcDbSymbolTableRecord
100
AcDbRegAppTableRecord
  2
ACAD
 70
0
  0
APPID
  5
790
330
3
100
AcDbSymbolTableRecord
100
AcDbRegAppTableRecord
  2
HATCHBACKGROUNDCOLOR
 70
0
  0
APPID
  5
791
330
3
100
AcDbSymbolTableRecord
100
AcDbRegAppTableRecord
  2
EZDXF
 70
0
  0
ENDTAB
  0
TABLE
  2
DIMSTYLE
  5
4
330
0
100
AcDbSymbolTable
 70
12
100
AcDbDimStyleTable
  0
DIMSTYLE
105
2B
330
4
100
AcDbSymbolTableRecord
100
AcDbDimStyleTableRecord
  2
Standard
 70
0
 40
1.0
 41
2.5
 42
0.625
 43
3.75
 44
1.25
 45
0.0
 46
0.0
 47
0.0
 48
0.0
 49
2.5
140
2.5
141
2.5
142
0.0
143
0.03937007874
144
1.0
145
0.0
146
1.0
147
0.625
148
0.0
 69
0
 70
0
 71
0
 72
0
 73
0
 74
0
 75
0
 76
0
 77
1
 78
8
 79
3
170
0
171
3
172
1
173
0
174
0
175
0
176
0
177
0
178
0
179
2
271
2
272
2
273
2
274
3
275
0
276
0
277
2
278
44
279
0
280
0
281
0
282
0
283
0
284
8
285
0
286
0
288
0
289
3
290
0
371
-2
372
-2
  0
DIMSTYLE
105
73
330
4
100
AcDbSymbolTableRecord
100
AcDbDimStyleTableRecord
  2
EZDXF
 70
0
 40
1.0
 41
0.175
 42
0.125
 43
3.75
 44
0.375
 45
0.0
 46
0.0
 47
0.0
 48
0.0
 49
2.5
140
0.25
141
2.5
142
0.0
143
0.03937007874
144
100.0
145
0.0
146
0.5
147
0.1
148
0.0
 69
0
 70
0
 71
0
 72
0
 73
0
 74
0
 75
0
 76
0
 77
1
 78
12
 79
3
170
0
171
3
172
1
173
0
174
0
175
0
176
0
177
0
178
0
179
2
271
2
272
2
273
2
274
3
275
0
276
0
277
2
278
46
279
2
280
0
281
0
282
0
283
0
284
8
285
0
286
0
288
1
289
3
290
0
340
4C
342
74
371
-2
372
-2
  0
DIMSTYLE
105
7C
330
4
100
AcDbSymbolTableRecord
100
AcDbDimStyleTableRecord
  2
EZ_M_100_H25_CM
 70
0
 40
1.0
 41
0.25
 42
0.125
 43
3.75
 44
0.375
 45
0.0
 46
0.0
 47
0.0
 48
0.0
 49
2.5
140
0.25
141
2.5
142
0.125
143
0.03937007874
144
100.0
145
0.0
146
0.5
147
0.1
148
0.0
 69
0
 70
0
 71
0
 72
0
 73
0
 74
0
 75
0
 76
0
 77
1
 78
12
 79
3
170
0
171
3
172
1
173
0
174
0
175
0
176
0
177
0
178
0
179
2
271
2
272
2
273
2
274
3
275
0
276
0
277
2
278
46
279
2
280
0
281
0
282
0
283
0
284
8
285
0
286
0
288
1
289
3
290
0
340
4C
371
-2
372
-2
  0
DIMSTYLE
105
7D
330
4
100
AcDbSymbolTableRecord
100
AcDbDimStyleTableRecord
  2
EZ_M_50_H25_CM
 70
0
 40
1.0
 41
0.125
 42
0.0625
 43
3.75
 44
0.1875
 45
0.0
 46
0.0
 47
0.0
 48
0.0
 49
2.5
140
0.125
141
2.5
142
0.0625
143
0.03937007874
144
100.0
145
0.0
146
0.5
147
0.05
148
0.0
 69
0
 70
0
 71
0
 72
0
 73
0
 74
0
 75
0
 76
0
 77
1
 78
12
 79
3
170
0
171
3
172
1
173
0
174
0
175
0
176
0
177
0
178
0
179
2
271
2
272
2
273
2
274
3
275
0
276
0
277
2
278
46
279
2
280
0
281
0
282
0
283
0
284
8
285
0
286
0
288
1
289
3
290
0
340
4C
371
-2
372
-2
  0
DIMSTYLE
105
7E
330
4
100
AcDbSymbolTableRecord
100
AcDbDimStyleTableRecord
  2
EZ_M_25_H25_CM
 70
0
 40
1.0
 41
0.0625
 42
0.03125
 43
3.75
 44
0.09375
 45
0.0
 46
0.0
 47
0.0
 48
0.0
 49
2.5
140
0.0625
141
2.5
142
0.03125
143
0.03937007874
144
100.0
145
0.0
146
0.5
147
0.025
148
0.0
 69
0
 70
0
 71
0
 72
0
 73
0
 74
0
 75
0
 76
0
 77
1
 78
12
 79
3
170
0
171
3
172
1
173
0
174
0
175
0
176
0
177
0
178
0
179
2
271
2
272
2
273
2
274
3
275
0
276
0
277
2
278
46
279
2
280
0
281
0
282
0
283
0
284
8
285
0
286
0
288
1
289
3
290
0
340
4C
371
-2
372
-2
  0
DIMSTYLE
105
7F
330
4
100
AcDbSymbolTableRecord
100
AcDbDimStyleTableRecord
  2
EZ_M_20_H25_CM
 70
0
 40
1.0
 41
0.05
 42
0.025
 43
3.75
 44
0.07500000000000001
 45
0.0
 46
0.0
 47
0.0
 48
0.0
 49
2.5
140
0.05
141
2.5
142
0.025
143
0.03937007874
144
100.0
145
0.0
146
0.5
147
0.020000000000000004
148
0.0
 69
0
 70
0
 71
0
 72
0
 73
0
 74
0
 75
0
 76
0
 77
1
 78
12
 79
3
170
0
171
3
172
1
173
0
174
0
175
0
176
0
177
0
178
0
179
2
271
2
272
2
273
2
274
3
275
0
276
0
277
2
278
46
279
2
280
0
281
0
282
0
283
0
284
8
285
0
286
0
288
1
289
3
290
0
340
4C
371
-2
372
-2
  0
DIMSTYLE
105
80
330
4
100
AcDbSymbolTableRecord
100
AcDbDimStyleTableRecord
  2
EZ_M_10_H25_CM
 70
0
 40
1.0
 41
0.025
 42
0.0125
 43
3.75
 44
0.037500000000000006
 45
0.0
 46
0.0
 47
0.0
 48
0.0
 49
2.5
140
0.025
141
2.5
142
0.0125
143
0.03937007874
144
100.0
145
0.0
146
0.5
147
0.010000000000000002
148
0.0
 69
0
 70
0
 71
0
 72
0
 73
0
 74
0
 75
0
 76
0
 77
1
 78
12
 79
3
170
0
171
3
172
1
173
0
174
0
175
0
176
0
177
0
178
0
179
2
271
2
272
2
273
2
274
3
275
0
276
0
277
2
278
46
279
2
280
0
281
0
282
0
283
0
284
8
285
0
286
0
288
1
289
3
290
0
340
4C
371
-2
372
-2
  0
DIMSTYLE
105
81
330
4
100
AcDbSymbolTableRecord
100
AcDbDimStyleTableRecord
  2
EZ_M_5_H25_CM
 70
0
 40
1.0
 41
0.0125
 42
0.00625
 43
3.75
 44
0.018750000000000003
 45
0.0
 46
0.0
 47
0.0
 48
0.0
 49
2.5
140
0.0125
141
2.5
142
0.00625
143
0.03937007874
144
100.0
145
0.0
146
0.5
147
0.005000000000000001
148
0.0
 69
0
 70
0
 71
0
 72
0
 73
0
 74
0
 75
0
 76
0
 77
1
 78
12
 79
3
170
0
171
3
172
1
173
0
174
0
175
0
176
0
177
0
178
0
179
2
271
2
272
2
273
2
274
3
275
0
276
0
277
2
278
46
279
2
280
0
281
0
282
0
283
0
284
8
285
0
286
0
288
1
289
3
290
0
340
4C
371
-2
372
-2
  0
DIMSTYLE
105
82
330
4
100
AcDbSymbolTableRecord
100
AcDbDimStyleTableRecord
  2
EZ_M_1_H25_CM
 70
0
 40
1.0
 41
0.0025
 42
0.00125
 43
3.75
 44
0.00375
 45
0.0
 46
0.0
 47
0.0
 48
0.0
 49
2.5
140
0.0025
141
2.5
142
0.00125
143
0.03937007874
144
100.0
145
0.0
146
0.5
147
0.001
148
0.0
 69
0
 70
0
 71
0
 72
0
 73
0
 74
0
 75
0
 76
0
 77
1
 78
12
 79
3
170
0
171
3
172
1
173
0
174
0
175
0
176
0
177
0
178
0
179
2
271
2
272
2
273
2
274
3
275
0
276
0
277
2
278
46
279
2
280
0
281
0
282
0
283
0
284
8
285
0
286
0
288
1
289
3
290
0
340
4C
371
-2
372
-2
  0
DIMSTYLE
105
83
330
4
100
AcDbSymbolTableRecord
100
AcDbDimStyleTableRecord
  2
EZ_RADIUS
 70
0
 40
1.0
 41
0.25
 42
0.125
 43
3.75
 44
0.375
 45
0.0
 46
0.0
 47
0.0
 48
0.0
 49
2.5
140
0.25
141
0.0
142
0.0
143
0.03937007874
144
100.0
145
0.0
146
0.5
147
0.1
148
0.0
 69
0
 70
0
 71
0
 72
0
 73
0
 74
0
 75
0
 76
0
 77
1
 78
12
 79
3
170
0
171
3
172
0
173
0
174
0
175
0
176
0
177
0
178
0
179
2
271
2
272
2
273
2
274
3
275
0
276
0
277
2
278
46
279
1
280
0
281
0
282
0
283
0
284
8
285
0
286
0
288
1
289
3
290
0
340
4C
342
84
371
-2
372
-2
  0
DIMSTYLE
105
88
330
4
100
AcDbSymbolTableRecord
100
AcDbDimStyleTableRecord
  2
EZ_RADIUS_INSIDE
 70
0
 40
1.0
 41
0.25
 42
0.125
 43
3.75
 44
0.375
 45
0.0
 46
0.0
 47
0.0
 48
0.0
 49
2.5
140
0.25
141
0.0
142
0.0
143
0.03937007874
144
100.0
145
0.0
146
0.5
147
0.1
148
0.0
 69
0
 70
0
 71
0
 72
0
 73
0
 74
0
 75
0
 76
0
 77
0
 78
12
 79
3
170
0
171
3
172
0
173
0
174
1
175
0
176
0
177
0
178
0
179
2
271
2
272
2
273
2
274
3
275
0
276
0
277
2
278
46
279
0
280
0
281
0
282
0
283
0
284
8
285
0
286
0
288
1
289
0
290
0
340
4C
342
84
371
-2
372
-2
  0
DIMSTYLE
105
89
330
4
100
AcDbSymbolTableRecord
100
AcDbDimStyleTableRecord
  2
EZ_CURVED
 70
0
 40
1.0
 41
0.25
 42
0.125
 43
3.75
 44
0.375
 45
0.0
 46
0.0
 47
0.0
 48
0.0
 49
2.5
140
0.25
141
2.5
142
0.0
143
0.03937007874
144
100.0
145
0.0
146
0.5
147
0.1
148
0.0
 69
0
 70
0
 71
0
 72
0
 73
0
 74
0
 75
0
 76
0
 77
1
 78
12
 79
2
 90
2
170
0
171
3
172
1
173
0
174
0
175
0
176
0
177
0
178
0
179
2
271
2
272
2
273
2
274
3
275
0
276
0
277
2
278
46
279
2
280
0
281
0
282
0
283
0
284
8
285
0
286
0
288
1
289
3
290
0
340
4C
371
-2
372
-2
  0
ENDTAB
  0
TABLE
  2
BLOCK_RECORD
  5
9
330
0
100
AcDbSymbolTable
 70
5
  0
BLOCK_RECORD
  5
17
330
9
100
AcDbSymbolTableRecord
100
AcDbBlockTableRecord
  2
*Model_Space
340
1A
 70
0
280
1
281
0
  0
BLOCK_RECORD
  5
1B
330
9
100
AcDbSymbolTableRecord
100
AcDbBlockTableRecord
  2
*Paper_Space
340
1E
 70
0
280
1
281
0
  0
BLOCK_RECORD
  5
74
330
9
100
AcDbSymbolTableRecord
100
AcDbBlockTableRecord
  2
_ARCHTICK
340
0
 70
0
280
1
281
0
  0
BLOCK_RECORD
  5
78
330
9
100
AcDbSymbolTableRecord
100
AcDbBlockTableRecord
  2
_CLOSEDFILLED
340
0
 70
0
280
1
281
0
  0
BLOCK_RECORD
  5
84
330
9
100
AcDbSymbolTableRecord
100
AcDbBlockTableRecord
  2
_CLOSEDBLANK
340
0
 70
0
280
1
281
0
  0
ENDTAB
  0
ENDSEC
  0
SECTION
  2
BLOCKS
  0
BLOCK
  5
18
330
17
100
AcDbEntity
  8
0
100
AcDbBlockBegin
  2
*Model_Space
 70
0
 10
0.0
 20
0.0
 30
0.0
  3
*Model_Space
  1

  0
ENDBLK
  5
19
330
17
100
AcDbEntity
  8
0
100
AcDbBlockEnd
  0
BLOCK
  5
1C
330
1B
100
AcDbEntity
  8
0
100
AcDbBlockBegin
  2
*Paper_Space
 70
0
 10
0.0
 20
0.0
 30
0.0
  3
*Paper_Space
  1

  0
ENDBLK
  5
1D
330
1B
100
AcDbEntity
  8
0
100
AcDbBlockEnd
  0
BLOCK
  5
75
330
74
100
AcDbEntity
  8
0
100
AcDbBlockBegin
  2
_ARCHTICK
 70
0
 10
0.0
 20
0.0
 30
0.0
  3
_ARCHTICK
  1

  0
LWPOLYLINE
  5
77
330
74
100
AcDbEntity
  8
0
  6
BYBLOCK
 62
0
100
AcDbPolyline
 90
2
 70
0
 43
0.15
 10
-0.5
 20
-0.5
 10
0.5
 20
0.5
  0
ENDBLK
  5
76
330
74
100
AcDbEntity
  8
0
100
AcDbBlockEnd
  0
BLOCK
  5
79
330
78
100
AcDbEntity
  8
0
100
AcDbBlockBegin
  2
_CLOSEDFILLED
 70
0
 10
0.0
 20
0.0
 30
0.0
  3
_CLOSEDFILLED
  1

  0
SOLID
  5
7B
330
78
100
AcDbEntity
  8
0
  6
BYBLOCK
 62
0
100
AcDbTrace
 10
-1.0
 20
0.16439898372402537
 30
0.0
 11
0.0
 21
0.0
 31
0.0
 12
-1.0
 22
-0.16439898372402537
 32
0.0
 13
-1.0
 23
-0.16439898372402537
 33
0.0
  0
ENDBLK
  5
7A
330
78
100
AcDbEntity
  8
0
100
AcDbBlockEnd
  0
BLOCK
  5
85
330
84
100
AcDbEntity
  8
0
100
AcDbBlockBegin
  2
_CLOSEDBLANK
 70
0
 10
0.0
 20
0.0
 30
0.0
  3
_CLOSEDBLANK
  1

  0
LWPOLYLINE
  5
87
330
84
100
AcDbEntity
  8
0
  6
BYBLOCK
 62
0
100
AcDbPolyline
 90
3
 70
1
 10
-1.0
 20
0.16439898372402537
 10
0.0
 20
0.0
 10
-1.0
 20
-0.16439898372402537
  0
ENDBLK
  5
86
330
84
100
AcDbEntity
  8
0
100
AcDbBlockEnd
  0
ENDSEC
  0
SECTION
  2
ENTITIES
  0
HATCH
  5
99
330
17
100
AcDbEntity
  8
AR-WALLS
 62
7
420
10132122
100
AcDbHatch
 10
0.0
 20
0.0
 30
0.0
210
0.0
220
0.0
230
1.0
  2
SOLID
 70
1
 71
0
 91
1
 92
3
 72
0
 73
1
 93
5
 10
12040.0
 20
19421.0
 10
10671.0
 20
19421.0
 10
10671.0
 20
19841.000000000004
 10
12040.0
 20
19841.000000000004
 10
12040.0
 20
19421.0
 97
0
 75
1
 76
1
 98
0
  0
LWPOLYLINE
  5
9A
330
17
100
AcDbEntity
  8
AR-WALLS
370
15
420
8355711
100
AcDbPolyline
 90
5
 70
1
 10
12040.0
 20
19421.0
 10
10671.0
 20
19421.0
 10
10671.0
 20
19841.000000000004
 10
12040.0
 20
19841.000000000004
 10
12040.0
 20
19421.0
  0
HATCH
  5
9B
330
17
100
AcDbEntity
  8
AR-WALLS
 62
7
420
10132122
100
AcDbHatch
 10
0.0
 20
0.0
 30
0.0
210
0.0
220
0.0
230
1.0
  2
SOLID
 70
1
 71
0
 91
1
 92
3
 72
0
 73
1
 93
5
 10
7030.000000000001
 20
19421.0
 10
7030.000000000001
 20
19841.000000000004
 10
8810.0
 20
19841.000000000004
 10
8810.0
 20
19421.0
 10
7030.000000000001
 20
19421.0
 97
0
 75
1
 76
1
 98
0
  0
LWPOLYLINE
  5
9C
330
17
100
AcDbEntity
  8
AR-WALLS
370
15
420
8355711
100
AcDbPolyline
 90
5
 70
1
 10
7030.000000000001
 20
19421.0
 10
7030.000000000001
 20
19841.000000000004
 10
8810.0
 20
19841.000000000004
 10
8810.0
 20
19421.0
 10
7030.000000000001
 20
19421.0
  0
HATCH
  5
9D
330
17
100
AcDbEntity
  8
AR-WALLS
 62
7
420
10132122
100
AcDbHatch
 10
0.0
 20
0.0
 30
0.0
210
0.0
220
0.0
230
1.0
  2
SOLID
 70
1
 71
0
 91
1
 92
3
 72
0
 73
1
 93
5
 10
4079.9999999999995
 20
19841.000000000004
 10
5170.0
 20
19841.000000000004
 10
5170.0
 20
19421.0
 10
4079.9999999999995
 20
19421.0
 10
4079.9999999999995
 20
19841.000000000004
 97
0
 75
1
 76
1
 98
0
  0
LWPOLYLINE
  5
9E
330
17
100
AcDbEntity
  8
AR-WALLS
370
15
420
8355711
100
AcDbPolyline
 90
5
 70
1
 10
4079.9999999999995
 20
19841.000000000004
 10
5170.0
 20
19841.000000000004
 10
5170.0
 20
19421.0
 10
4079.9999999999995
 20
19421.0
 10
4079.9999999999995
 20
19841.000000000004
  0
HATCH
  5
9F
330
17
100
AcDbEntity
  8
AR-WALLS
 62
7
420
10132122
100
AcDbHatch
 10
0.0
 20
0.0
 30
0.0
210
0.0
220
0.0
230
1.0
  2
SOLID
 70
1
 71
0
 91
1
 92
3
 72
0
 73
1
 93
5
 10
3870.0000000000005
 20
10430.0
 10
3870.0000000000005
 20
11100.0
 10
4290.000000000001
 20
11100.0
 10
4290.000000000001
 20
10430.0
 10
3870.0000000000005
 20
10430.0
 97
0
 75
1
 76
1
 98
0
  0
LWPOLYLINE
  5
A0
330
17
100
AcDbEntity
  8
AR-WALLS
370
15
420
8355711
100
AcDbPolyline
 90
5
 70
1
 10
3870.0000000000005
 20
10430.0
 10
3870.0000000000005
 20
11100.0
 10
4290.000000000001
 20
11100.0
 10
4290.000000000001
 20
10430.0
 10
3870.0000000000005
 20
10430.0
  0
HATCH
  5
A1
330
17
100
AcDbEntity
  8
AR-WALLS
 62
7
420
10132122
100
AcDbHatch
 10
0.0
 20
0.0
 30
0.0
210
0.0
220
0.0
230
1.0
  2
SOLID
 70
1
 71
0
 91
1
 92
3
 72
0
 73
1
 93
5
 10
3870.0000000000005
 20
16196.0
 10
4290.000000000001
 20
16196.0
 10
4290.000000000001
 20
12960.0
 10
3870.0000000000005
 20
12960.0
 10
3870.0000000000005
 20
16196.0
 97
0
 75
1
 76
1
 98
0
  0
LWPOLYLINE
  5
A2
330
17
100
AcDbEntity
  8
AR-WALLS
370
15
420
8355711
100
AcDbPolyline
 90
5
 70
1
 10
3870.0000000000005
 20
16196.0
 10
4290.000000000001
 20
16196.0
 10
4290.000000000001
 20
12960.0
 10
3870.0000000000005
 20
12960.0
 10
3870.0000000000005
 20
16196.0
  0
HATCH
  5
A3
330
17
100
AcDbEntity
  8
AR-WALLS
 62
7
420
10132122
100
AcDbHatch
 10
0.0
 20
0.0
 30
0.0
210
0.0
220
0.0
230
1.0
  2
SOLID
 70
1
 71
0
 91
1
 92
3
 72
0
 73
1
 93
5
 10
4290.000000000001
 20
19631.0
 10
4290.000000000001
 20
18056.0
 10
3870.0000000000005
 20
18056.0
 10
3870.0000000000005
 20
19631.0
 10
4290.000000000001
 20
19631.0
 97
0
 75
1
 76
1
 98
0
  0
LWPOLYLINE
  5
A4
330
17
100
AcDbEntity
  8
AR-WALLS
370
15
420
8355711
100
AcDbPolyline
 90
5
 70
1
 10
4290.000000000001
 20
19631.0
 10
4290.000000000001
 20
18056.0
 10
3870.0000000000005
 20
18056.0
 10
3870.0000000000005
 20
19631.0
 10
4290.000000000001
 20
19631.0
  0
HATCH
  5
A5
330
17
100
AcDbEntity
  8
AR-WALLS
 62
7
420
10132122
100
AcDbHatch
 10
0.0
 20
0.0
 30
0.0
210
0.0
220
0.0
230
1.0
  2
SOLID
 70
1
 71
0
 91
1
 92
3
 72
0
 73
1
 93
5
 10
10280.0
 20
10350.0
 10
10280.0
 20
10510.0
 10
4079.9999999999995
 20
10510.0
 10
4079.9999999999995
 20
10350.0
 10
10280.0
 20
10350.0
 97
0
 75
1
 76
1
 98
0
  0
LWPOLYLINE
  5
A6
330
17
100
AcDbEntity
  8
AR-WALLS
370
15
420
8355711
100
AcDbPolyline
 90
5
 70
1
 10
10280.0
 20
10350.0
 10
10280.0
 20
10510.0
 10
4079.9999999999995
 20
10510.0
 10
4079.9999999999995
 20
10350.0
 10
10280.0
 20
10350.0
  0
HATCH
  5
A7
330
17
100
AcDbEntity
  8
AR-WALLS
 62
7
420
10132122
100
AcDbHatch
 10
0.0
 20
0.0
 30
0.0
210
0.0
220
0.0
230
1.0
  2
SOLID
 70
1
 71
0
 91
1
 92
3
 72
0
 73
1
 93
5
 10
10360.0
 20
10430.0
 10
10360.0
 20
12440.0
 10
10200.0
 20
12440.0
 10
10200.0
 20
10430.0
 10
10360.0
 20
10430.0
 97
0
 75
1
 76
1
 98
0
  0
LWPOLYLINE
  5
A8
330
17
100
AcDbEntity
  8
AR-WALLS
370
15
420
8355711
100
AcDbPolyline
 90
5
 70
1
 10
10360.0
 20
10430.0
 10
10360.0
 20
12440.0
 10
10200.0
 20
12440.0
 10
10200.0
 20
10430.0
 10
10360.0
 20
10430.0
  0
HATCH
  5
A9
330
17
100
AcDbEntity
  8
AR-WALLS
 62
7
420
10132122
100
AcDbHatch
 10
0.0
 20
0.0
 30
0.0
210
0.0
220
0.0
230
1.0
  2
SOLID
 70
1
 71
0
 91
1
 92
3
 72
0
 73
1
 93
5
 10
12040.0
 20
12520.0
 10
12040.0
 20
12360.0
 10
11650.0
 20
12360.0
 10
11650.0
 20
12520.0
 10
12040.0
 20
12520.0
 97
0
 75
1
 76
1
 98
0
  0
LWPOLYLINE
  5
AA
330
17
100
AcDbEntity
  8
AR-WALLS
370
15
420
8355711
100
AcDbPolyline
 90
5
 70
1
 10
12040.0
 20
12520.0
 10
12040.0
 20
12360.0
 10
11650.0
 20
12360.0
 10
11650.0
 20
12520.0
 10
12040.0
 20
12520.0
  0
HATCH
  5
AB
330
17
100
AcDbEntity
  8
AR-WALLS
 62
7
420
10132122
100
AcDbHatch
 10
0.0
 20
0.0
 30
0.0
210
0.0
220
0.0
230
1.0
  2
SOLID
 70
1
 71
0
 91
1
 92
3
 72
0
 73
1
 93
5
 10
10280.0
 20
12360.0
 10
10280.0
 20
12520.0
 10
10510.0
 20
12520.0
 10
10510.0
 20
12360.0
 10
10280.0
 20
12360.0
 97
0
 75
1
 76
1
 98
0
  0
LWPOLYLINE
  5
AC
330
17
100
AcDbEntity
  8
AR-WALLS
370
15
420
8355711
100
AcDbPolyline
 90
5
 70
1
 10
10280.0
 20
12360.0
 10
10280.0
 20
12520.0
 10
10510.0
 20
12520.0
 10
10510.0
 20
12360.0
 10
10280.0
 20
12360.0
  0
HATCH
  5
AD
330
17
100
AcDbEntity
  8
AR-WALLS
 62
7
420
10132122
100
AcDbHatch
 10
0.0
 20
0.0
 30
0.0
210
0.0
220
0.0
230
1.0
  2
SOLID
 70
1
 71
0
 91
1
 92
3
 72
0
 73
1
 93
5
 10
12120.0
 20
12440.0
 10
12120.0
 20
19631.0
 10
11960.0
 20
19631.0
 10
11960.0
 20
12440.0
 10
12120.0
 20
12440.0
 97
0
 75
1
 76
1
 98
0
  0
LWPOLYLINE
  5
AE
330
17
100
AcDbEntity
  8
AR-WALLS
370
15
420
8355711
100
AcDbPolyline
 90
5
 70
1
 10
12120.0
 20
12440.0
 10
12120.0
 20
19631.0
 10
11960.0
 20
19631.0
 10
11960.0
 20
12440.0
 10
12120.0
 20
12440.0
  0
HATCH
  5
AF
330
17
100
AcDbEntity
  8
AR-WALLS
 62
7
420
10132122
100
AcDbHatch
 10
0.0
 20
0.0
 30
0.0
210
0.0
220
0.0
230
1.0
  2
SOLID
 70
1
 71
0
 91
1
 92
3
 72
0
 73
1
 93
5
 10
7670.0
 20
19421.0
 10
7809.999999999999
 20
19421.0
 10
7809.999999999999
 20
15330.000000000002
 10
7670.0
 20
15330.000000000002
 10
7670.0
 20
19421.0
 97
0
 75
1
 76
1
 98
0
  0
LWPOLYLINE
  5
B0
330
17
100
AcDbEntity
  8
AR-WALLS
370
15
420
8355711
100
AcDbPolyline
 90
5
 70
1
 10
7670.0
 20
19421.0
 10
7809.999999999999
 20
19421.0
 10
7809.999999999999
 20
15330.000000000002
 10
7670.0
 20
15330.000000000002
 10
7670.0
 20
19421.0
  0
HATCH
  5
B1
330
17
100
AcDbEntity
  8
AR-WALLS
 62
7
420
10132122
100
AcDbHatch
 10
0.0
 20
0.0
 30
0.0
210
0.0
220
0.0
230
1.0
  2
SOLID
 70
1
 71
0
 91
1
 92
3
 72
0
 73
1
 93
5
 10
7820.0
 20
14230.000000000002
 10
7820.0
 20
14090.0
 10
6820.0
 20
14090.0
 10
6820.0
 20
14230.000000000002
 10
7820.0
 20
14230.000000000002
 97
0
 75
1
 76
1
 98
0
  0
LWPOLYLINE
  5
B2
330
17
100
AcDbEntity
  8
AR-WALLS
370
15
420
8355711
100
AcDbPolyline
 90
5
 70
1
 10
7820.0
 20
14230.000000000002
 10
7820.0
 20
14090.0
 10
6820.0
 20
14090.0
 10
6820.0
 20
14230.000000000002
 10
7820.0
 20
14230.000000000002
  0
HATCH
  5
B3
330
17
100
AcDbEntity
  8
AR-WALLS
 62
7
420
10132122
100
AcDbHatch
 10
0.0
 20
0.0
 30
0.0
210
0.0
220
0.0
230
1.0
  2
SOLID
 70
1
 71
0
 91
1
 92
3
 72
0
 73
1
 93
5
 10
4290.000000000001
 20
14090.0
 10
4290.000000000001
 20
14230.000000000002
 10
5050.0
 20
14230.000000000002
 10
5050.0
 20
14090.0
 10
4290.000000000001
 20
14090.0
 97
0
 75
1
 76
1
 98
0
  0
LWPOLYLINE
  5
B4
330
17
100
AcDbEntity
  8
AR-WALLS
370
15
420
8355711
100
AcDbPolyline
 90
5
 70
1
 10
4290.000000000001
 20
14090.0
 10
4290.000000000001
 20
14230.000000000002
 10
5050.0
 20
14230.000000000002
 10
5050.0
 20
14090.0
 10
4290.000000000001
 20
14090.0
  0
HATCH
  5
B5
330
17
100
AcDbEntity
  8
AR-WALLS
 62
7
420
10132122
100
AcDbHatch
 10
0.0
 20
0.0
 30
0.0
210
0.0
220
0.0
230
1.0
  2
SOLID
 70
1
 71
0
 91
1
 92
3
 72
0
 73
1
 93
5
 10
8460.0
 20
10510.0
 10
8460.0
 20
12521.0
 10
8380.0
 20
12521.0
 10
8380.0
 20
10510.0
 10
8460.0
 20
10510.0
 97
0
 75
1
 76
1
 98
0
  0
LWPOLYLINE
  5
B6
330
17
100
AcDbEntity
  8
AR-WALLS
370
15
420
8355711
100
AcDbPolyline
 90
5
 70
1
 10
8460.0
 20
10510.0
 10
8460.0
 20
12521.0
 10
8380.0
 20
12521.0
 10
8380.0
 20
10510.0
 10
8460.0
 20
10510.0
  0
HATCH
  5
B7
330
17
100
AcDbEntity
  8
AR-WALLS
 62
7
420
10132122
100
AcDbHatch
 10
0.0
 20
0.0
 30
0.0
210
0.0
220
0.0
230
1.0
  2
SOLID
 70
1
 71
0
 91
1
 92
3
 72
0
 73
1
 93
5
 10
8380.0
 20
12521.0
 10
8860.0
 20
12521.0
 10
8860.0
 20
12441.0
 10
8380.0
 20
12441.0
 10
8380.0
 20
12521.0
 97
0
 75
1
 76
1
 98
0
  0
LWPOLYLINE
  5
B8
330
17
100
AcDbEntity
  8
AR-WALLS
370
15
420
8355711
100
AcDbPolyline
 90
5
 70
1
 10
8380.0
 20
12521.0
 10
8860.0
 20
12521.0
 10
8860.0
 20
12441.0
 10
8380.0
 20
12441.0
 10
8380.0
 20
12521.0
  0
HATCH
  5
B9
330
17
100
AcDbEntity
  8
AR-WALLS
 62
7
420
10132122
100
AcDbHatch
 10
0.0
 20
0.0
 30
0.0
210
0.0
220
0.0
230
1.0
  2
SOLID
 70
1
 71
0
 91
1
 92
3
 72
0
 73
1
 93
5
 10
9110.0
 20
14231.0
 10
9110.0
 20
14760.0
 10
9190.0
 20
14760.0
 10
9190.0
 20
14231.0
 10
9110.0
 20
14231.0
 97
0
 75
1
 76
1
 98
0
  0
LWPOLYLINE
  5
BA
330
17
100
AcDbEntity
  8
AR-WALLS
370
15
420
8355711
100
AcDbPolyline
 90
5
 70
1
 10
9110.0
 20
14231.0
 10
9110.0
 20
14760.0
 10
9190.0
 20
14760.0
 10
9190.0
 20
14231.0
 10
9110.0
 20
14231.0
  0
HATCH
  5
BB
330
17
100
AcDbEntity
  8
AR-WALLS
 62
7
420
10132122
100
AcDbHatch
 10
0.0
 20
0.0
 30
0.0
210
0.0
220
0.0
230
1.0
  2
SOLID
 70
1
 71
0
 91
1
 92
3
 72
0
 73
1
 93
5
 10
9190.0
 20
16480.0
 10
9190.0
 20
16041.000000000002
 10
9110.0
 20
16041.000000000002
 10
9110.0
 20
16480.0
 10
9190.0
 20
16480.0
 97
0
 75
1
 76
1
 98
0
  0
LWPOLYLINE
  5
BC
330
17
100
AcDbEntity
  8
AR-WALLS
370
15
420
8355711
100
AcDbPolyline
 90
5
 70
1
 10
9190.0
 20
16480.0
 10
9190.0
 20
16041.000000000002
 10
9110.0
 20
16041.000000000002
 10
9110.0
 20
16480.0
 10
9190.0
 20
16480.0
  0
HATCH
  5
BD
330
17
100
AcDbEntity
  8
AR-WALLS
 62
7
420
10132122
100
AcDbHatch
 10
0.0
 20
0.0
 30
0.0
210
0.0
220
0.0
230
1.0
  2
SOLID
 70
1
 71
0
 91
1
 92
3
 72
0
 73
1
 93
5
 10
11911.0
 20
14231.0
 10
11911.0
 20
14311.000000000002
 10
9110.0
 20
14311.000000000002
 10
9110.0
 20
14231.0
 10
11911.0
 20
14231.0
 97
0
 75
1
 76
1
 98
0
  0
LWPOLYLINE
  5
BE
330
17
100
AcDbEntity
  8
AR-WALLS
370
15
420
8355711
100
AcDbPolyline
 90
5
 70
1
 10
11911.0
 20
14231.0
 10
11911.0
 20
14311.000000000002
 10
9110.0
 20
14311.000000000002
 10
9110.0
 20
14231.0
 10
11911.0
 20
14231.0
  0
HATCH
  5
BF
330
17
100
AcDbEntity
  8
AR-WALLS
 62
7
420
10132122
100
AcDbHatch
 10
0.0
 20
0.0
 30
0.0
210
0.0
220
0.0
230
1.0
  2
SOLID
 70
1
 71
0
 91
1
 92
3
 72
0
 73
1
 93
5
 10
11911.0
 20
12521.0
 10
11911.0
 20
16480.0
 10
11831.0
 20
16480.0
 10
11831.0
 20
12521.0
 10
11911.0
 20
12521.0
 97
0
 75
1
 76
1
 98
0
  0
LWPOLYLINE
  5
C0
330
17
100
AcDbEntity
  8
AR-WALLS
370
15
420
8355711
100
AcDbPolyline
 90
5
 70
1
 10
11911.0
 20
12521.0
 10
11911.0
 20
16480.0
 10
11831.0
 20
16480.0
 10
11831.0
 20
12521.0
 10
11911.0
 20
12521.0
  0
HATCH
  5
C1
330
17
100
AcDbEntity
  8
AR-WALLS
 62
7
420
10132122
100
AcDbHatch
 10
0.0
 20
0.0
 30
0.0
210
0.0
220
0.0
230
1.0
  2
SOLID
 70
1
 71
0
 91
1
 92
3
 72
0
 73
1
 93
5
 10
11911.0
 20
16351.0
 10
11911.0
 20
16431.0
 10
9110.0
 20
16431.0
 10
9110.0
 20
16351.0
 10
11911.0
 20
16351.0
 97
0
 75
1
 76
1
 98
0
  0
LWPOLYLINE
  5
C2
330
17
100
AcDbEntity
  8
AR-WALLS
370
15
420
8355711
100
AcDbPolyline
 90
5
 70
1
 10
11911.0
 20
16351.0
 10
11911.0
 20
16431.0
 10
9110.0
 20
16431.0
 10
9110.0
 20
16351.0
 10
11911.0
 20
16351.0
  0
HATCH
  5
C3
330
17
100
AcDbEntity
  8
AR-WALLS
 62
7
420
10132122
100
AcDbHatch
 10
0.0
 20
0.0
 30
0.0
210
0.0
220
0.0
230
1.0
  2
SOLID
 70
1
 71
0
 91
1
 92
3
 72
0
 73
1
 93
5
 10
11960.0
 20
16480.0
 10
11960.0
 20
16560.000000000004
 10
9110.0
 20
16560.000000000004
 10
9110.0
 20
16480.0
 10
11960.0
 20
16480.0
 97
0
 75
1
 76
1
 98
0
  0
LWPOLYLINE
  5
C4
330
17
100
AcDbEntity
  8
AR-WALLS
370
15
420
8355711
100
AcDbPolyline
 90
5
 70
1
 10
11960.0
 20
16480.0
 10
11960.0
 20
16560.000000000004
 10
9110.0
 20
16560.000000000004
 10
9110.0
 20
16480.0
 10
11960.0
 20
16480.0
  0
HATCH
  5
C5
330
17
100
AcDbEntity
  8
AR-WALLS
 62
7
420
10132122
100
AcDbHatch
 10
0.0
 20
0.0
 30
0.0
210
0.0
220
0.0
230
1.0
  2
SOLID
 70
1
 71
0
 91
1
 92
3
 72
0
 73
1
 93
5
 10
4269.0
 20
18491.000000000004
 10
4269.0
 20
19661.0
 10
4050.0
 20
19661.0
 10
4050.0
 20
18491.000000000004
 10
4269.0
 20
18491.000000000004
 97
0
 75
1
 76
1
 98
0
  0
LWPOLYLINE
  5
C6
330
17
100
AcDbEntity
  8
AR-WALLS
370
15
420
8355711
100
AcDbPolyline
 90
5
 70
1
 10
4269.0
 20
18491.000000000004
 10
4269.0
 20
19661.0
 10
4050.0
 20
19661.0
 10
4050.0
 20
18491.000000000004
 10
4269.0
 20
18491.000000000004
  0
HATCH
  5
C7
330
17
100
AcDbEntity
  8
AR-NEW
 62
7
420
12895428
100
AcDbHatch
 10
0.0
 20
0.0
 30
0.0
210
0.0
220
0.0
230
1.0
  2
SOLID
 70
1
 71
0
 91
1
 92
3
 72
0
 73
1
 93
5
 10
6820.0
 20
14091.0
 10
6820.0
 20
14231.0
 10
5050.0
 20
14231.0
 10
5050.0
 20
14091.0
 10
6820.0
 20
14091.0
 97
0
 75
1
 76
1
 98
0
  0
LWPOLYLINE
  5
C8
330
17
100
AcDbEntity
  8
AR-NEW
370
15
420
8355711
100
AcDbPolyline
 90
5
 70
1
 10
6820.0
 20
14091.0
 10
6820.0
 20
14231.0
 10
5050.0
 20
14231.0
 10
5050.0
 20
14091.0
 10
6820.0
 20
14091.0
  0
HATCH
  5
C9
330
17
100
AcDbEntity
  8
AR-NEW
 62
7
420
12895428
100
AcDbHatch
 10
0.0
 20
0.0
 30
0.0
210
0.0
220
0.0
230
1.0
  2
SOLID
 70
1
 71
0
 91
1
 92
3
 72
0
 73
1
 93
5
 10
9110.0
 20
16561.0
 10
9110.0
 20
16481.0
 10
8770.0
 20
16481.0
 10
8770.0
 20
16561.0
 10
9110.0
 20
16561.0
 97
0
 75
1
 76
1
 98
0
  0
LWPOLYLINE
  5
CA
330
17
100
AcDbEntity
  8
AR-NEW
370
15
420
8355711
100
AcDbPolyline
 90
5
 70
1
 10
9110.0
 20
16561.0
 10
9110.0
 20
16481.0
 10
8770.0
 20
16481.0
 10
8770.0
 20
16561.0
 10
9110.0
 20
16561.0
  0
HATCH
  5
CB
330
17
100
AcDbEntity
  8
AR-NEW
 62
7
420
12895428
100
AcDbHatch
 10
0.0
 20
0.0
 30
0.0
210
0.0
220
0.0
230
1.0
  2
SOLID
 70
1
 71
0
 91
1
 92
3
 72
0
 73
1
 93
5
 10
7809.999999999999
 20
16481.0
 10
7809.999999999999
 20
16561.0
 10
7890.000000000001
 20
16561.0
 10
7890.000000000001
 20
16481.0
 10
7809.999999999999
 20
16481.0
 97
0
 75
1
 76
1
 98
0
  0
LWPOLYLINE
  5
CC
330
17
100
AcDbEntity
  8
AR-NEW
370
15
420
8355711
100
AcDbPolyline
 90
5
 70
1
 10
7809.999999999999
 20
16481.0
 10
7809.999999999999
 20
16561.0
 10
7890.000000000001
 20
16561.0
 10
7890.000000000001
 20
16481.0
 10
7809.999999999999
 20
16481.0
  0
HATCH
  5
CD
330
17
100
AcDbEntity
  8
AR-NEW
 62
7
420
12895428
100
AcDbHatch
 10
0.0
 20
0.0
 30
0.0
210
0.0
220
0.0
230
1.0
  2
SOLID
 70
1
 71
0
 91
1
 92
3
 72
0
 73
1
 93
5
 10
9190.0
 20
15560.0
 10
9190.0
 20
16041.000000000002
 10
9110.0
 20
16041.000000000002
 10
9110.0
 20
15560.0
 10
9190.0
 20
15560.0
 97
0
 75
1
 76
1
 98
0
  0
LWPOLYLINE
  5
CE
330
17
100
AcDbEntity
  8
AR-NEW
370
15
420
8355711
100
AcDbPolyline
 90
5
 70
1
 10
9190.0
 20
15560.0
 10
9190.0
 20
16041.000000000002
 10
9110.0
 20
16041.000000000002
 10
9110.0
 20
15560.0
 10
9190.0
 20
15560.0
  0
HATCH
  5
CF
330
17
100
AcDbEntity
  8
AR-NEW
 62
7
420
12895428
100
AcDbHatch
 10
0.0
 20
0.0
 30
0.0
210
0.0
220
0.0
230
1.0
  2
SOLID
 70
1
 71
0
 91
1
 92
3
 72
0
 73
1
 93
5
 10
10200.0
 20
12441.0
 10
10200.0
 20
12521.0
 10
9660.0
 20
12521.0
 10
9660.0
 20
12441.0
 10
10200.0
 20
12441.0
 97
0
 75
1
 76
1
 98
0
  0
LWPOLYLINE
  5
D0
330
17
100
AcDbEntity
  8
AR-NEW
370
15
420
8355711
100
AcDbPolyline
 90
5
 70
1
 10
10200.0
 20
12441.0
 10
10200.0
 20
12521.0
 10
9660.0
 20
12521.0
 10
9660.0
 20
12441.0
 10
10200.0
 20
12441.0
  0
HATCH
  5
D1
330
17
100
AcDbEntity
  8
AR-NEW
 62
7
420
12895428
100
AcDbHatch
 10
0.0
 20
0.0
 30
0.0
210
0.0
220
0.0
230
1.0
  2
SOLID
 70
1
 71
0
 91
1
 92
3
 72
0
 73
1
 93
5
 10
7809.999999999999
 20
15131.0
 10
7809.999999999999
 20
15330.000000000002
 10
7670.0
 20
15330.000000000002
 10
7670.0
 20
15131.0
 10
7809.999999999999
 20
15131.0
 97
0
 75
1
 76
1
 98
0
  0
LWPOLYLINE
  5
D2
330
17
100
AcDbEntity
  8
AR-NEW
370
15
420
8355711
100
AcDbPolyline
 90
5
 70
1
 10
7809.999999999999
 20
15131.0
 10
7809.999999999999
 20
15330.000000000002
 10
7670.0
 20
15330.000000000002
 10
7670.0
 20
15131.0
 10
7809.999999999999
 20
15131.0
  0
HATCH
  5
D3
330
17
100
AcDbEntity
  8
AR-NEW
 62
7
420
13948116
100
AcDbHatch
 10
0.0
 20
0.0
 30
0.0
210
0.0
220
0.0
230
1.0
  2
SOLID
 70
1
 71
0
 91
1
 92
3
 72
0
 73
1
 93
5
 10
11831.0
 20
15060.0
 10
11831.0
 20
16026.0
 10
11736.0
 20
16026.0
 10
11736.0
 20
15060.0
 10
11831.0
 20
15060.0
 97
0
 75
1
 76
1
 98
0
  0
LWPOLYLINE
  5
D4
330
17
100
AcDbEntity
  8
AR-NEW
370
13
420
9408399
100
AcDbPolyline
 90
5
 70
1
 10
11831.0
 20
15060.0
 10
11831.0
 20
16026.0
 10
11736.0
 20
16026.0
 10
11736.0
 20
15060.0
 10
11831.0
 20
15060.0
  0
HATCH
  5
D5
330
17
100
AcDbEntity
  8
AR-NEW
 62
7
420
13948116
100
AcDbHatch
 10
0.0
 20
0.0
 30
0.0
210
0.0
220
0.0
230
1.0
  2
SOLID
 70
1
 71
0
 91
1
 92
3
 72
0
 73
1
 93
5
 10
11153.0
 20
16026.0
 10
11153.0
 20
16351.0
 10
10931.0
 20
16351.0
 10
10931.0
 20
16026.0
 10
11153.0
 20
16026.0
 97
0
 75
1
 76
1
 98
0
  0
LWPOLYLINE
  5
D6
330
17
100
AcDbEntity
  8
AR-NEW
370
13
420
9408399
100
AcDbPolyline
 90
5
 70
1
 10
11153.0
 20
16026.0
 10
11153.0
 20
16351.0
 10
10931.0
 20
16351.0
 10
10931.0
 20
16026.0
 10
11153.0
 20
16026.0
  0
HATCH
  5
D7
330
17
100
AcDbEntity
  8
AR-NEW
 62
7
420
13948116
100
AcDbHatch
 10
0.0
 20
0.0
 30
0.0
210
0.0
220
0.0
230
1.0
  2
SOLID
 70
1
 71
0
 91
1
 92
3
 72
0
 73
1
 93
5
 10
9990.0
 20
16001.0
 10
9990.0
 20
16351.0
 10
9791.0
 20
16351.0
 10
9791.0
 20
16001.0
 10
9990.0
 20
16001.0
 97
0
 75
1
 76
1
 98
0
  0
LWPOLYLINE
  5
D8
330
17
100
AcDbEntity
  8
AR-NEW
370
13
420
9408399
100
AcDbPolyline
 90
5
 70
1
 10
9990.0
 20
16001.0
 10
9990.0
 20
16351.0
 10
9791.0
 20
16351.0
 10
9791.0
 20
16001.0
 10
9990.0
 20
16001.0
  0
HATCH
  5
D9
330
17
100
AcDbEntity
  8
AR-WALLS
 62
7
420
16777215
100
AcDbHatch
 10
0.0
 20
0.0
 30
0.0
210
0.0
220
0.0
230
1.0
  2
SOLID
 70
1
 71
0
 91
1
 92
3
 72
0
 73
1
 93
4
 10
1659.0
 20
10380.0
 10
1759.0
 20
10380.0
 10
1759.0
 20
13728.0
 10
1659.0
 20
13728.0
 97
0
 75
1
 76
1
 98
0
  0
LWPOLYLINE
  5
DA
330
17
100
AcDbEntity
  8
AR-WALLS
370
20
420
10132122
100
AcDbPolyline
 90
4
 70
1
 10
1659.0
 20
10380.0
 10
1759.0
 20
10380.0
 10
1759.0
 20
13728.0
 10
1659.0
 20
13728.0
  0
LWPOLYLINE
  5
DB
330
17
100
AcDbEntity
  8
AR-WALLS
370
15
420
10132122
100
AcDbPolyline
 90
2
 70
0
 10
1709.0
 20
10380.0
 10
1709.0
 20
13728.0
  0
HATCH
  5
DC
330
17
100
AcDbEntity
  8
AR-WALLS
 62
7
420
16777215
100
AcDbHatch
 10
0.0
 20
0.0
 30
0.0
210
0.0
220
0.0
230
1.0
  2
SOLID
 70
1
 71
0
 91
1
 92
3
 72
0
 73
1
 93
4
 10
1709.0
 20
13678.0
 10
3870.0000000000005
 20
13678.0
 10
3870.0000000000005
 20
13778.0
 10
1709.0
 20
13778.0
 97
0
 75
1
 76
1
 98
0
  0
LWPOLYLINE
  5
DD
330
17
100
AcDbEntity
  8
AR-WALLS
370
20
420
10132122
100
AcDbPolyline
 90
4
 70
1
 10
1709.0
 20
13678.0
 10
3870.0000000000005
 20
13678.0
 10
3870.0000000000005
 20
13778.0
 10
1709.0
 20
13778.0
  0
LWPOLYLINE
  5
DE
330
17
100
AcDbEntity
  8
AR-WALLS
370
15
420
10132122
100
AcDbPolyline
 90
2
 70
0
 10
1709.0
 20
13728.0
 10
3870.0000000000005
 20
13728.0
  0
HATCH
  5
DF
330
17
100
AcDbEntity
  8
AR-WALLS
 62
7
420
16777215
100
AcDbHatch
 10
0.0
 20
0.0
 30
0.0
210
0.0
220
0.0
230
1.0
  2
SOLID
 70
1
 71
0
 91
1
 92
3
 72
0
 73
1
 93
4
 10
1709.0
 20
10330.0
 10
3870.0000000000005
 20
10330.0
 10
3870.0000000000005
 20
10430.0
 10
1709.0
 20
10430.0
 97
0
 75
1
 76
1
 98
0
  0
LWPOLYLINE
  5
E0
330
17
100
AcDbEntity
  8
AR-WALLS
370
20
420
10132122
100
AcDbPolyline
 90
4
 70
1
 10
1709.0
 20
10330.0
 10
3870.0000000000005
 20
10330.0
 10
3870.0000000000005
 20
10430.0
 10
1709.0
 20
10430.0
  0
LWPOLYLINE
  5
E1
330
17
100
AcDbEntity
  8
AR-WALLS
370
15
420
10132122
100
AcDbPolyline
 90
2
 70
0
 10
1709.0
 20
10380.0
 10
3870.0000000000005
 20
10380.0
  0
HATCH
  5
E2
330
17
100
AcDbEntity
  8
AR-WALLS
 62
7
420
16777215
100
AcDbHatch
 10
0.0
 20
0.0
 30
0.0
210
0.0
220
0.0
230
1.0
  2
SOLID
 70
1
 71
0
 91
1
 92
3
 72
0
 73
1
 93
4
 10
3870.0000000000005
 20
16196.0
 10
4290.000000000001
 20
16196.0
 10
4290.000000000001
 20
18056.0
 10
3870.0000000000005
 20
18056.0
 97
0
 75
1
 76
1
 98
0
  0
LWPOLYLINE
  5
E3
330
17
100
AcDbEntity
  8
AR-WALLS
370
20
420
10132122
100
AcDbPolyline
 90
4
 70
1
 10
3870.0000000000005
 20
16196.0
 10
4290.000000000001
 20
16196.0
 10
4290.000000000001
 20
18056.0
 10
3870.0000000000005
 20
18056.0
  0
LWPOLYLINE
  5
E4
330
17
100
AcDbEntity
  8
AR-WALLS
370
15
420
10132122
100
AcDbPolyline
 90
2
 70
0
 10
4046.3999999999996
 20
16196.0
 10
4046.3999999999996
 20
18056.0
  0
LWPOLYLINE
  5
E5
330
17
100
AcDbEntity
  8
AR-WALLS
370
15
420
10132122
100
AcDbPolyline
 90
2
 70
0
 10
4113.599999999999
 20
16196.0
 10
4113.599999999999
 20
18056.0
  0
HATCH
  5
E6
330
17
100
AcDbEntity
  8
AR-WALLS
 62
7
420
16777215
100
AcDbHatch
 10
0.0
 20
0.0
 30
0.0
210
0.0
220
0.0
230
1.0
  2
SOLID
 70
1
 71
0
 91
1
 92
3
 72
0
 73
1
 93
4
 10
5170.0
 20
19421.0
 10
7030.000000000001
 20
19421.0
 10
7030.000000000001
 20
19841.000000000004
 10
5170.0
 20
19841.000000000004
 97
0
 75
1
 76
1
 98
0
  0
LWPOLYLINE
  5
E7
330
17
100
AcDbEntity
  8
AR-WALLS
370
20
420
10132122
100
AcDbPolyline
 90
4
 70
1
 10
5170.0
 20
19421.0
 10
7030.000000000001
 20
19421.0
 10
7030.000000000001
 20
19841.000000000004
 10
5170.0
 20
19841.000000000004
  0
LWPOLYLINE
  5
E8
330
17
100
AcDbEntity
  8
AR-WALLS
370
15
420
10132122
100
AcDbPolyline
 90
2
 70
0
 10
5170.0
 20
19597.399999999998
 10
7030.000000000001
 20
19597.399999999998
  0
LWPOLYLINE
  5
E9
330
17
100
AcDbEntity
  8
AR-WALLS
370
15
420
10132122
100
AcDbPolyline
 90
2
 70
0
 10
5170.0
 20
19664.600000000002
 10
7030.000000000001
 20
19664.600000000002
  0
HATCH
  5
EA
330
17
100
AcDbEntity
  8
AR-WALLS
 62
7
420
16777215
100
AcDbHatch
 10
0.0
 20
0.0
 30
0.0
210
0.0
220
0.0
230
1.0
  2
SOLID
 70
1
 71
0
 91
1
 92
3
 72
0
 73
1
 93
4
 10
8810.0
 20
19421.0
 10
10671.0
 20
19421.0
 10
10671.0
 20
19841.000000000004
 10
8810.0
 20
19841.000000000004
 97
0
 75
1
 76
1
 98
0
  0
LWPOLYLINE
  5
EB
330
17
100
AcDbEntity
  8
AR-WALLS
370
20
420
10132122
100
AcDbPolyline
 90
4
 70
1
 10
8810.0
 20
19421.0
 10
10671.0
 20
19421.0
 10
10671.0
 20
19841.000000000004
 10
8810.0
 20
19841.000000000004
  0
LWPOLYLINE
  5
EC
330
17
100
AcDbEntity
  8
AR-WALLS
370
15
420
10132122
100
AcDbPolyline
 90
2
 70
0
 10
8810.0
 20
19597.399999999998
 10
10671.0
 20
19597.399999999998
  0
LWPOLYLINE
  5
ED
330
17
100
AcDbEntity
  8
AR-WALLS
370
15
420
10132122
100
AcDbPolyline
 90
2
 70
0
 10
8810.0
 20
19664.600000000002
 10
10671.0
 20
19664.600000000002
  0
LWPOLYLINE
  5
EE
330
17
100
AcDbEntity
  8
AR-WALLS
370
35
420
10132122
100
AcDbPolyline
 90
2
 70
0
 10
7670.0
 20
14231.0
 10
6870.0
 20
14231.0
  0
ARC
  5
EF
330
17
100
AcDbEntity
  8
AR-WALLS
370
15
420
10132122
100
AcDbCircle
 10
7670.0
 20
14231.0
 30
0.0
 40
800.0
100
AcDbArc
 50
90.0
 51
180.0
  0
LWPOLYLINE
  5
F0
330
17
100
AcDbEntity
  8
AR-WALLS
370
35
420
10132122
100
AcDbPolyline
 90
2
 70
0
 10
7890.000000000001
 20
16561.0
 10
7890.000000000001
 20
17361.0
  0
ARC
  5
F1
330
17
100
AcDbEntity
  8
AR-WALLS
370
15
420
10132122
100
AcDbCircle
 10
7890.000000000001
 20
16561.0
 30
0.0
 40
800.0
100
AcDbArc
 50
0.0
 51
90.0
  0
LWPOLYLINE
  5
F2
330
17
100
AcDbEntity
  8
AR-WALLS
370
35
420
10132122
100
AcDbPolyline
 90
2
 70
0
 10
9110.0
 20
14760.0
 10
8410.0
 20
14760.0
  0
ARC
  5
F3
330
17
100
AcDbEntity
  8
AR-WALLS
370
15
420
10132122
100
AcDbCircle
 10
9110.0
 20
14760.0
 30
0.0
 40
700.0
100
AcDbArc
 50
90.0
 51
180.0
  0
LWPOLYLINE
  5
F4
330
17
100
AcDbEntity
  8
AR-WALLS
370
35
420
10132122
100
AcDbPolyline
 90
2
 70
0
 10
8860.0
 20
12521.0
 10
8860.0
 20
13221.0
  0
ARC
  5
F5
330
17
100
AcDbEntity
  8
AR-WALLS
370
15
420
10132122
100
AcDbCircle
 10
8860.0
 20
12521.0
 30
0.0
 40
700.0
100
AcDbArc
 50
0.0
 51
90.0
  0
LWPOLYLINE
  5
F6
330
17
100
AcDbEntity
  8
AR-WALLS
370
35
420
10132122
100
AcDbPolyline
 90
2
 70
0
 10
10510.0
 20
12360.0
 10
10510.0
 20
11320.0
  0
ARC
  5
F7
330
17
100
AcDbEntity
  8
AR-WALLS
370
15
420
10132122
100
AcDbCircle
 10
10510.0
 20
12360.0
 30
0.0
 40
1040.0
100
AcDbArc
 50
270.0
 51
360.0
  0
LWPOLYLINE
  5
F8
330
17
100
AcDbEntity
  8
FURN
370
15
420
12105912
100
AcDbPolyline
 90
4
 70
1
 10
4290.000000000001
 20
10510.0
 10
4890.0
 20
10510.0
 10
4890.0
 20
11090.0
 10
4290.000000000001
 20
11090.0
  0
LWPOLYLINE
  5
F9
330
17
100
AcDbEntity
  8
FURN
370
15
420
12105912
100
AcDbPolyline
 90
4
 70
1
 10
4890.0
 20
10510.0
 10
5340.0
 20
10510.0
 10
5340.0
 20
11130.0
 10
4890.0
 20
11130.0
  0
LWPOLYLINE
  5
FA
330
17
100
AcDbEntity
  8
FURN
370
15
420
12105912
100
AcDbPolyline
 90
4
 70
1
 10
5340.0
 20
10510.0
 10
5940.0
 20
10510.0
 10
5940.0
 20
11130.0
 10
5340.0
 20
11130.0
  0
LWPOLYLINE
  5
FB
330
17
100
AcDbEntity
  8
FURN
370
15
420
12105912
100
AcDbPolyline
 90
4
 70
1
 10
5940.0
 20
10510.0
 10
6540.000000000001
 20
10510.0
 10
6540.000000000001
 20
11130.0
 10
5940.0
 20
11130.0
  0
LWPOLYLINE
  5
FC
330
17
100
AcDbEntity
  8
FURN
370
15
420
12105912
100
AcDbPolyline
 90
4
 70
1
 10
6540.000000000001
 20
10510.0
 10
7140.000000000001
 20
10510.0
 10
7140.000000000001
 20
11130.0
 10
6540.000000000001
 20
11130.0
  0
LWPOLYLINE
  5
FD
330
17
100
AcDbEntity
  8
FURN
370
15
420
12105912
100
AcDbPolyline
 90
4
 70
1
 10
7140.000000000001
 20
10510.0
 10
7740.000000000001
 20
10510.0
 10
7740.000000000001
 20
11130.0
 10
7140.000000000001
 20
11130.0
  0
LWPOLYLINE
  5
FE
330
17
100
AcDbEntity
  8
FURN
370
15
420
12105912
100
AcDbPolyline
 90
4
 70
1
 10
7740.000000000001
 20
10510.0
 10
8340.0
 20
10510.0
 10
8340.0
 20
11130.0
 10
7740.000000000001
 20
11130.0
  0
LWPOLYLINE
  5
FF
330
17
100
AcDbEntity
  8
FURN
370
15
420
12105912
100
AcDbPolyline
 90
4
 70
1
 10
8340.0
 20
10510.0
 10
8380.0
 20
10510.0
 10
8380.0
 20
11130.0
 10
8340.0
 20
11130.0
  0
LWPOLYLINE
  5
100
330
17
100
AcDbEntity
  8
FURN
  6
DOT
370
15
 48
150.0
420
12105912
100
AcDbPolyline
 90
4
 70
1
 10
4890.0
 20
10510.0
 10
8340.0
 20
10510.0
 10
8340.0
 20
11150.0
 10
4890.0
 20
11150.0
  0
LWPOLYLINE
  5
101
330
17
100
AcDbEntity
  8
FURN
  6
DASHED
370
15
 48
150.0
420
12105912
100
AcDbPolyline
 90
4
 70
1
 10
4890.0
 20
10510.0
 10
5340.0
 20
10510.0
 10
5340.0
 20
10860.0
 10
4890.0
 20
10860.0
  0
LWPOLYLINE
  5
102
330
17
100
AcDbEntity
  8
FURN
  6
DASHED
370
15
 48
150.0
420
12105912
100
AcDbPolyline
 90
4
 70
1
 10
5340.0
 20
10510.0
 10
5940.0
 20
10510.0
 10
5940.0
 20
10860.0
 10
5340.0
 20
10860.0
  0
LWPOLYLINE
  5
103
330
17
100
AcDbEntity
  8
FURN
  6
DASHED
370
15
 48
150.0
420
12105912
100
AcDbPolyline
 90
4
 70
1
 10
5940.0
 20
10510.0
 10
6540.000000000001
 20
10510.0
 10
6540.000000000001
 20
10860.0
 10
5940.0
 20
10860.0
  0
LWPOLYLINE
  5
104
330
17
100
AcDbEntity
  8
FURN
  6
DASHED
370
15
 48
150.0
420
12105912
100
AcDbPolyline
 90
4
 70
1
 10
6540.000000000001
 20
10510.0
 10
7140.000000000001
 20
10510.0
 10
7140.000000000001
 20
10860.0
 10
6540.000000000001
 20
10860.0
  0
LWPOLYLINE
  5
105
330
17
100
AcDbEntity
  8
FURN
  6
DASHED
370
15
 48
150.0
420
12105912
100
AcDbPolyline
 90
4
 70
1
 10
7140.000000000001
 20
10510.0
 10
7740.000000000001
 20
10510.0
 10
7740.000000000001
 20
10860.0
 10
7140.000000000001
 20
10860.0
  0
LWPOLYLINE
  5
106
330
17
100
AcDbEntity
  8
FURN
  6
DASHED
370
15
 48
150.0
420
12105912
100
AcDbPolyline
 90
4
 70
1
 10
5350.0
 20
10530.0
 10
5930.0
 20
10530.0
 10
5930.0
 20
11050.0
 10
5350.0
 20
11050.0
  0
CIRCLE
  5
107
330
17
100
AcDbEntity
  8
FURN
370
13
420
12105912
100
AcDbCircle
 10
5524.0
 20
10686.0
 30
0.0
 40
72.80000000000001
  0
CIRCLE
  5
108
330
17
100
AcDbEntity
  8
FURN
370
13
420
12105912
100
AcDbCircle
 10
5524.0
 20
10894.0
 30
0.0
 40
72.80000000000001
  0
CIRCLE
  5
109
330
17
100
AcDbEntity
  8
FURN
370
13
420
12105912
100
AcDbCircle
 10
5756.0
 20
10686.0
 30
0.0
 40
72.80000000000001
  0
CIRCLE
  5
10A
330
17
100
AcDbEntity
  8
FURN
370
13
420
12105912
100
AcDbCircle
 10
5756.0
 20
10894.0
 30
0.0
 40
72.80000000000001
  0
LWPOLYLINE
  5
10B
330
17
100
AcDbEntity
  8
FURN
  6
DASHED
370
15
 48
150.0
420
12105912
100
AcDbPolyline
 90
4
 70
1
 10
5340.0
 20
10510.0
 10
5940.0
 20
10510.0
 10
5940.0
 20
11070.0
 10
5340.0
 20
11070.0
  0
LWPOLYLINE
  5
10C
330
17
100
AcDbEntity
  8
FURN
  6
DASHED
370
15
 48
150.0
420
12105912
100
AcDbPolyline
 90
4
 70
1
 10
5340.0
 20
10510.0
 10
5940.0
 20
10510.0
 10
5940.0
 20
10810.0
 10
5340.0
 20
10810.0
  0
LWPOLYLINE
  5
10D
330
17
100
AcDbEntity
  8
FURN
  6
DASHED
370
15
 48
150.0
420
12105912
100
AcDbPolyline
 90
4
 70
1
 10
7740.000000000001
 20
10510.0
 10
8340.0
 20
10510.0
 10
8340.0
 20
11070.0
 10
7740.000000000001
 20
11070.0
  0
LWPOLYLINE
  5
10E
330
17
100
AcDbEntity
  8
FURN
  6
DASHED
370
15
 48
150.0
420
12105912
100
AcDbPolyline
 90
4
 70
1
 10
6590.000000000001
 20
10570.0
 10
7090.000000000001
 20
10570.0
 10
7090.000000000001
 20
11020.0
 10
6590.000000000001
 20
11020.0
  0
CIRCLE
  5
10F
330
17
100
AcDbEntity
  8
FURN
370
13
420
12105912
100
AcDbCircle
 10
6840.000000000001
 20
10795.0
 30
0.0
 40
135.0
  0
LWPOLYLINE
  5
110
330
17
100
AcDbEntity
  8
FURN
  6
DASHED
370
15
 48
150.0
420
12105912
100
AcDbPolyline
 90
4
 70
1
 10
6590.000000000001
 20
10810.0
 10
6790.000000000001
 20
10810.0
 10
6790.000000000001
 20
11070.0
 10
6590.000000000001
 20
11070.0
  0
LWPOLYLINE
  5
111
330
17
100
AcDbEntity
  8
FURN
  6
DASHED
370
15
 48
150.0
420
12105912
100
AcDbPolyline
 90
4
 70
1
 10
6840.000000000001
 20
10510.0
 10
7140.000000000001
 20
10510.0
 10
7140.000000000001
 20
11010.0
 10
6840.000000000001
 20
11010.0
  0
LWPOLYLINE
  5
112
330
17
100
AcDbEntity
  8
FURN
  6
DOT
370
15
 48
150.0
420
12105912
100
AcDbPolyline
 90
4
 70
1
 10
7090.000000000001
 20
10810.0
 10
7190.000000000001
 20
10810.0
 10
7190.000000000001
 20
10910.0
 10
7090.000000000001
 20
10910.0
  0
LWPOLYLINE
  5
113
330
17
100
AcDbEntity
  8
FURN
  6
DOT
370
15
 48
150.0
420
12105912
100
AcDbPolyline
 90
4
 70
1
 10
4890.0
 20
10790.0
 10
7740.000000000001
 20
10790.0
 10
7740.000000000001
 20
10840.0
 10
4890.0
 20
10840.0
  0
LWPOLYLINE
  5
114
330
17
100
AcDbEntity
  8
FURN
370
15
420
12105912
100
AcDbPolyline
 90
4
 70
1
 10
7980.0
 20
11721.0
 10
8380.0
 20
11721.0
 10
8380.0
 20
12521.0
 10
7980.0
 20
12521.0
  0
LWPOLYLINE
  5
115
330
17
100
AcDbEntity
  8
FURN
370
13
420
12105912
100
AcDbPolyline
 90
2
 70
0
 10
7980.0
 20
11721.0
 10
8380.0
 20
12521.0
  0
LWPOLYLINE
  5
116
330
17
100
AcDbEntity
  8
FURN
370
15
420
12105912
100
AcDbPolyline
 90
4
 70
1
 10
5190.0
 20
12410.0
 10
6990.000000000001
 20
12410.0
 10
6990.000000000001
 20
13310.0
 10
5190.0
 20
13310.0
  0
LWPOLYLINE
  5
117
330
17
100
AcDbEntity
  8
FURN
370
15
420
12105912
100
AcDbPolyline
 90
4
 70
1
 10
5340.0
 20
12010.0
 10
5790.0
 20
12010.0
 10
5790.0
 20
12390.0
 10
5340.0
 20
12390.0
  0
LWPOLYLINE
  5
118
330
17
100
AcDbEntity
  8
FURN
370
13
420
12105912
100
AcDbPolyline
 90
4
 70
1
 10
5380.0
 20
12050.0
 10
5750.0
 20
12050.0
 10
5750.0
 20
12350.0
 10
5380.0
 20
12350.0
  0
LWPOLYLINE
  5
119
330
17
100
AcDbEntity
  8
FURN
370
15
420
12105912
100
AcDbPolyline
 90
4
 70
1
 10
5940.0
 20
12010.0
 10
6390.0
 20
12010.0
 10
6390.0
 20
12390.0
 10
5940.0
 20
12390.0
  0
LWPOLYLINE
  5
11A
330
17
100
AcDbEntity
  8
FURN
370
13
420
12105912
100
AcDbPolyline
 90
4
 70
1
 10
5980.0
 20
12050.0
 10
6350.0
 20
12050.0
 10
6350.0
 20
12350.0
 10
5980.0
 20
12350.0
  0
LWPOLYLINE
  5
11B
330
17
100
AcDbEntity
  8
FURN
370
15
420
12105912
100
AcDbPolyline
 90
4
 70
1
 10
6540.000000000001
 20
12010.0
 10
6990.000000000001
 20
12010.0
 10
6990.000000000001
 20
12390.0
 10
6540.000000000001
 20
12390.0
  0
LWPOLYLINE
  5
11C
330
17
100
AcDbEntity
  8
FURN
370
13
420
12105912
100
AcDbPolyline
 90
4
 70
1
 10
6580.000000000001
 20
12050.0
 10
6950.0
 20
12050.0
 10
6950.0
 20
12350.0
 10
6580.000000000001
 20
12350.0
  0
LWPOLYLINE
  5
11D
330
17
100
AcDbEntity
  8
FURN
370
15
420
12105912
100
AcDbPolyline
 90
4
 70
1
 10
5340.0
 20
13330.000000000002
 10
5790.0
 20
13330.000000000002
 10
5790.0
 20
13710.0
 10
5340.0
 20
13710.0
  0
LWPOLYLINE
  5
11E
330
17
100
AcDbEntity
  8
FURN
370
13
420
12105912
100
AcDbPolyline
 90
4
 70
1
 10
5380.0
 20
13369.999999999998
 10
5750.0
 20
13369.999999999998
 10
5750.0
 20
13669.999999999998
 10
5380.0
 20
13669.999999999998
  0
LWPOLYLINE
  5
11F
330
17
100
AcDbEntity
  8
FURN
370
15
420
12105912
100
AcDbPolyline
 90
4
 70
1
 10
5940.0
 20
13330.000000000002
 10
6390.0
 20
13330.000000000002
 10
6390.0
 20
13710.0
 10
5940.0
 20
13710.0
  0
LWPOLYLINE
  5
120
330
17
100
AcDbEntity
  8
FURN
370
13
420
12105912
100
AcDbPolyline
 90
4
 70
1
 10
5980.0
 20
13369.999999999998
 10
6350.0
 20
13369.999999999998
 10
6350.0
 20
13669.999999999998
 10
5980.0
 20
13669.999999999998
  0
LWPOLYLINE
  5
121
330
17
100
AcDbEntity
  8
FURN
370
15
420
12105912
100
AcDbPolyline
 90
4
 70
1
 10
6540.000000000001
 20
13330.000000000002
 10
6990.000000000001
 20
13330.000000000002
 10
6990.000000000001
 20
13710.0
 10
6540.000000000001
 20
13710.0
  0
LWPOLYLINE
  5
122
330
17
100
AcDbEntity
  8
FURN
370
13
420
12105912
100
AcDbPolyline
 90
4
 70
1
 10
6580.000000000001
 20
13369.999999999998
 10
6950.0
 20
13369.999999999998
 10
6950.0
 20
13669.999999999998
 10
6580.000000000001
 20
13669.999999999998
  0
LWPOLYLINE
  5
123
330
17
100
AcDbEntity
  8
FURN
  6
DASHED
370
15
 48
150.0
420
12105912
100
AcDbPolyline
 90
4
 70
1
 10
4350.0
 20
11045.0
 10
4530.0
 20
11045.0
 10
4530.0
 20
13016.0
 10
4350.0
 20
13016.0
  0
LWPOLYLINE
  5
124
330
17
100
AcDbEntity
  8
FURN
370
15
420
12105912
100
AcDbPolyline
 90
4
 70
1
 10
1859.0
 20
10555.0
 10
2609.0
 20
10555.0
 10
2609.0
 20
13578.0
 10
1859.0
 20
13578.0
  0
LWPOLYLINE
  5
125
330
17
100
AcDbEntity
  8
FURN
370
15
420
12105912
100
AcDbPolyline
 90
4
 70
1
 10
2609.0
 20
10555.0
 10
3259.0000000000005
 20
10555.0
 10
3259.0000000000005
 20
11255.000000000002
 10
2609.0
 20
11255.000000000002
  0
LWPOLYLINE
  5
126
330
17
100
AcDbEntity
  8
FURN
370
15
420
12105912
100
AcDbPolyline
 90
4
 70
1
 10
2609.0
 20
12878.0
 10
3259.0000000000005
 20
12878.0
 10
3259.0000000000005
 20
13578.0
 10
2609.0
 20
13578.0
  0
LWPOLYLINE
  5
127
330
17
100
AcDbEntity
  8
FURN
370
15
420
12105912
100
AcDbPolyline
 90
4
 70
1
 10
2740.0
 20
11630.000000000002
 10
3240.0000000000005
 20
11630.000000000002
 10
3240.0000000000005
 20
12430.000000000002
 10
2740.0
 20
12430.000000000002
  0
LWPOLYLINE
  5
128
330
17
100
AcDbEntity
  8
FURN
  6
DASHED
370
15
 48
150.0
420
12105912
100
AcDbPolyline
 90
4
 70
1
 10
1809.0
 20
10555.0
 10
1859.0
 20
10555.0
 10
1859.0
 20
13578.0
 10
1809.0
 20
13578.0
  0
LWPOLYLINE
  5
129
330
17
100
AcDbEntity
  8
FURN
  6
DASHED
370
15
 48
150.0
420
12105912
100
AcDbPolyline
 90
4
 70
1
 10
1889.9999999999998
 20
11840.0
 10
2160.0
 20
11840.0
 10
2160.0
 20
12220.0
 10
1889.9999999999998
 20
12220.0
  0
LWPOLYLINE
  5
12A
330
17
100
AcDbEntity
  8
FURN
  6
DASHED
370
15
 48
150.0
420
12105912
100
AcDbPolyline
 90
4
 70
1
 10
3750.0
 20
10730.0
 10
3870.0000000000005
 20
10730.0
 10
3870.0000000000005
 20
10930.0
 10
3750.0
 20
10930.0
  0
LWPOLYLINE
  5
12B
330
17
100
AcDbEntity
  8
FURN
  6
DASHED
370
15
 48
150.0
420
12105912
100
AcDbPolyline
 90
4
 70
1
 10
3750.0
 20
13160.0
 10
3870.0000000000005
 20
13160.0
 10
3870.0000000000005
 20
13360.0
 10
3750.0
 20
13360.0
  0
LWPOLYLINE
  5
12C
330
17
100
AcDbEntity
  8
FURN
  6
DASHED
370
15
 48
150.0
420
12105912
100
AcDbPolyline
 90
4
 70
1
 10
4290.000000000001
 20
15676.0
 10
4330.0
 20
15676.0
 10
4330.0
 20
18576.0
 10
4290.000000000001
 20
18576.0
  0
LWPOLYLINE
  5
12D
330
17
100
AcDbEntity
  8
FURN
370
15
420
12105912
100
AcDbPolyline
 90
4
 70
1
 10
4330.0
 20
16176.0
 10
6430.000000000001
 20
16176.0
 10
6430.000000000001
 20
18076.0
 10
4330.0
 20
18076.0
  0
LWPOLYLINE
  5
12E
330
17
100
AcDbEntity
  8
FURN
370
13
420
12105912
100
AcDbPolyline
 90
4
 70
1
 10
4370.0
 20
16256.0
 10
4580.0
 20
16256.0
 10
4580.0
 20
17066.000000000004
 10
4370.0
 20
17066.000000000004
  0
LWPOLYLINE
  5
12F
330
17
100
AcDbEntity
  8
FURN
370
13
420
12105912
100
AcDbPolyline
 90
4
 70
1
 10
4370.0
 20
17126.0
 10
4580.0
 20
17126.0
 10
4580.0
 20
17936.0
 10
4370.0
 20
17936.0
  0
LWPOLYLINE
  5
130
330
17
100
AcDbEntity
  8
FURN
  6
DASHED
370
15
 48
150.0
420
12105912
100
AcDbPolyline
 90
4
 70
1
 10
4330.0
 20
15676.0
 10
4780.0
 20
15676.0
 10
4780.0
 20
16176.0
 10
4330.0
 20
16176.0
  0
LWPOLYLINE
  5
131
330
17
100
AcDbEntity
  8
FURN
  6
DASHED
370
15
 48
150.0
420
12105912
100
AcDbPolyline
 90
4
 70
1
 10
4330.0
 20
18076.0
 10
4780.0
 20
18076.0
 10
4780.0
 20
18576.0
 10
4330.0
 20
18576.0
  0
LWPOLYLINE
  5
132
330
17
100
AcDbEntity
  8
FURN
370
15
420
12105912
100
AcDbPolyline
 90
4
 70
1
 10
4290.000000000001
 20
14231.0
 10
6770.0
 20
14231.0
 10
6770.0
 20
14831.0
 10
4290.000000000001
 20
14831.0
  0
LWPOLYLINE
  5
133
330
17
100
AcDbEntity
  8
FURN
370
13
420
12105912
100
AcDbPolyline
 90
2
 70
0
 10
4290.000000000001
 20
14231.0
 10
6770.0
 20
14831.0
  0
LWPOLYLINE
  5
134
330
17
100
AcDbEntity
  8
FURN
370
15
420
12105912
100
AcDbPolyline
 90
4
 70
1
 10
4290.000000000001
 20
14831.0
 10
4890.0
 20
14831.0
 10
4890.0
 20
15576.0
 10
4290.000000000001
 20
15576.0
  0
LWPOLYLINE
  5
135
330
17
100
AcDbEntity
  8
FURN
370
13
420
12105912
100
AcDbPolyline
 90
2
 70
0
 10
4290.000000000001
 20
14831.0
 10
4890.0
 20
15576.0
  0
LWPOLYLINE
  5
136
330
17
100
AcDbEntity
  8
FURN
  6
DASHED
370
15
 48
150.0
420
12105912
100
AcDbPolyline
 90
4
 70
1
 10
7370.0
 20
16326.0
 10
7670.0
 20
16326.0
 10
7670.0
 20
17926.0
 10
7370.0
 20
17926.0
  0
LWPOLYLINE
  5
137
330
17
100
AcDbEntity
  8
FURN
  6
DASHED
370
15
 48
150.0
420
12105912
100
AcDbPolyline
 90
4
 70
1
 10
7620.0
 20
16406.0
 10
7670.0
 20
16406.0
 10
7670.0
 20
17846.0
 10
7620.0
 20
17846.0
  0
LWPOLYLINE
  5
138
330
17
100
AcDbEntity
  8
FURN
370
15
420
12105912
100
AcDbPolyline
 90
4
 70
1
 10
5400.0
 20
18821.0
 10
6800.0
 20
18821.0
 10
6800.0
 20
19421.0
 10
5400.0
 20
19421.0
  0
LWPOLYLINE
  5
139
330
17
100
AcDbEntity
  8
FURN
370
15
420
12105912
100
AcDbPolyline
 90
4
 70
1
 10
5850.0
 20
18321.0
 10
6350.0
 20
18321.0
 10
6350.0
 20
18871.0
 10
5850.0
 20
18871.0
  0
LWPOLYLINE
  5
13A
330
17
100
AcDbEntity
  8
FURN
370
13
420
12105912
100
AcDbPolyline
 90
4
 70
1
 10
5890.0
 20
18361.0
 10
6310.0
 20
18361.0
 10
6310.0
 20
18831.0
 10
5890.0
 20
18831.0
  0
LWPOLYLINE
  5
13B
330
17
100
AcDbEntity
  8
FURN
  6
DASHED
370
15
 48
150.0
420
12105912
100
AcDbPolyline
 90
4
 70
1
 10
7190.000000000001
 20
19251.0
 10
7630.0
 20
19251.0
 10
7630.0
 20
19421.0
 10
7190.000000000001
 20
19421.0
  0
LWPOLYLINE
  5
13C
330
17
100
AcDbEntity
  8
FURN
370
15
420
12105912
100
AcDbPolyline
 90
4
 70
1
 10
7809.999999999999
 20
17561.0
 10
8410.0
 20
17561.0
 10
8410.0
 20
19421.0
 10
7809.999999999999
 20
19421.0
  0
LWPOLYLINE
  5
13D
330
17
100
AcDbEntity
  8
FURN
370
13
420
12105912
100
AcDbPolyline
 90
2
 70
0
 10
7809.999999999999
 20
17561.0
 10
8410.0
 20
19421.0
  0
LWPOLYLINE
  5
13E
330
17
100
AcDbEntity
  8
FURN
370
15
420
12105912
100
AcDbPolyline
 90
4
 70
1
 10
11060.0
 20
17421.0
 10
11960.0
 20
17421.0
 10
11960.0
 20
19421.0
 10
11060.0
 20
19421.0
  0
LWPOLYLINE
  5
13F
330
17
100
AcDbEntity
  8
FURN
370
13
420
12105912
100
AcDbPolyline
 90
4
 70
1
 10
11140.0
 20
19211.0
 10
11820.0
 20
19211.0
 10
11820.0
 20
19381.0
 10
11140.0
 20
19381.0
  0
LWPOLYLINE
  5
140
330
17
100
AcDbEntity
  8
FURN
370
15
420
12105912
100
AcDbPolyline
 90
4
 70
1
 10
9140.0
 20
18821.0
 10
10340.0
 20
18821.0
 10
10340.0
 20
19421.0
 10
9140.0
 20
19421.0
  0
LWPOLYLINE
  5
141
330
17
100
AcDbEntity
  8
FURN
370
15
420
12105912
100
AcDbPolyline
 90
4
 70
1
 10
9515.0
 20
18371.0
 10
9965.0
 20
18371.0
 10
9965.0
 20
18871.0
 10
9515.0
 20
18871.0
  0
LWPOLYLINE
  5
142
330
17
100
AcDbEntity
  8
FURN
370
13
420
12105912
100
AcDbPolyline
 90
4
 70
1
 10
9555.0
 20
18411.0
 10
9925.0
 20
18411.0
 10
9925.0
 20
18831.0
 10
9555.0
 20
18831.0
  0
LWPOLYLINE
  5
143
330
17
100
AcDbEntity
  8
FURN
370
15
420
12105912
100
AcDbPolyline
 90
4
 70
1
 10
11160.0
 20
16561.0
 10
11960.0
 20
16561.0
 10
11960.0
 20
17361.0
 10
11160.0
 20
17361.0
  0
LWPOLYLINE
  5
144
330
17
100
AcDbEntity
  8
FURN
  6
DASHED
370
15
 48
150.0
420
12105912
100
AcDbPolyline
 90
4
 70
1
 10
8890.0
 20
16561.0
 10
10490.0
 20
16561.0
 10
10490.0
 20
16911.0
 10
8890.0
 20
16911.0
  0
LWPOLYLINE
  5
145
330
17
100
AcDbEntity
  8
FURN
  6
DOT
370
15
 48
150.0
420
12105912
100
AcDbPolyline
 90
4
 70
1
 10
8740.0
 20
16960.000000000004
 10
10940.0
 20
16960.000000000004
 10
10940.0
 20
18760.000000000004
 10
8740.0
 20
18760.000000000004
  0
LWPOLYLINE
  5
146
330
17
100
AcDbEntity
  8
FURN
  6
DASHED
370
15
 48
150.0
420
12105912
100
AcDbPolyline
 90
4
 70
1
 10
8430.0
 20
19251.0
 10
8790.0
 20
19251.0
 10
8790.0
 20
19421.0
 10
8430.0
 20
19421.0
  0
LWPOLYLINE
  5
147
330
17
100
AcDbEntity
  8
FURN
370
15
420
12105912
100
AcDbPolyline
 90
4
 70
1
 10
9120.0
 20
13631.0
 10
10020.0
 20
13631.0
 10
10020.0
 20
14231.0
 10
9120.0
 20
14231.0
  0
LWPOLYLINE
  5
148
330
17
100
AcDbEntity
  8
FURN
370
13
420
12105912
100
AcDbPolyline
 90
2
 70
0
 10
9120.0
 20
13631.0
 10
10020.0
 20
14231.0
  0
LWPOLYLINE
  5
149
330
17
100
AcDbEntity
  8
FURN
370
15
420
12105912
100
AcDbPolyline
 90
4
 70
1
 10
10020.0
 20
13631.0
 10
10920.0
 20
13631.0
 10
10920.0
 20
14231.0
 10
10020.0
 20
14231.0
  0
LWPOLYLINE
  5
14A
330
17
100
AcDbEntity
  8
FURN
370
13
420
12105912
100
AcDbPolyline
 90
2
 70
0
 10
10020.0
 20
13631.0
 10
10920.0
 20
14231.0
  0
LWPOLYLINE
  5
14B
330
17
100
AcDbEntity
  8
FURN
370
15
420
12105912
100
AcDbPolyline
 90
4
 70
1
 10
10920.0
 20
13631.0
 10
11820.0
 20
13631.0
 10
11820.0
 20
14231.0
 10
10920.0
 20
14231.0
  0
LWPOLYLINE
  5
14C
330
17
100
AcDbEntity
  8
FURN
370
13
420
12105912
100
AcDbPolyline
 90
2
 70
0
 10
10920.0
 20
13631.0
 10
11820.0
 20
14231.0
  0
LWPOLYLINE
  5
14D
330
17
100
AcDbEntity
  8
FURN
  6
DASHED
370
15
 48
150.0
420
12105912
100
AcDbPolyline
 90
4
 70
1
 10
9680.0
 20
12521.0
 10
10180.0
 20
12521.0
 10
10180.0
 20
12871.0
 10
9680.0
 20
12871.0
  0
LWPOLYLINE
  5
14E
330
17
100
AcDbEntity
  8
FURN
  6
DASHED
370
15
 48
150.0
420
12105912
100
AcDbPolyline
 90
4
 70
1
 10
11711.0
 20
13160.0
 10
11831.0
 20
13160.0
 10
11831.0
 20
13560.0
 10
11711.0
 20
13560.0
  0
LWPOLYLINE
  5
14F
330
17
100
AcDbEntity
  8
FURN
  6
DASHED
370
15
 48
150.0
420
12105912
100
AcDbPolyline
 90
4
 70
1
 10
8410.0
 20
15310.0
 10
8510.0
 20
15310.0
 10
8510.0
 20
15410.0
 10
8410.0
 20
15410.0
  0
LWPOLYLINE
  5
150
330
17
100
AcDbEntity
  8
FURN
370
15
420
12105912
100
AcDbPolyline
 90
4
 70
1
 10
10131.0
 20
14310.0
 10
11831.0
 20
14310.0
 10
11831.0
 20
15060.0
 10
10131.0
 20
15060.0
  0
LWPOLYLINE
  5
151
330
17
100
AcDbEntity
  8
FURN
370
13
420
12105912
100
AcDbPolyline
 90
4
 70
1
 10
10191.0
 20
14369.999999999998
 10
11771.0
 20
14369.999999999998
 10
11771.0
 20
15000.0
 10
10191.0
 20
15000.0
  0
CIRCLE
  5
152
330
17
100
AcDbEntity
  8
FURN
370
13
420
12105912
100
AcDbCircle
 10
11681.0
 20
14685.0
 30
0.0
 40
30.0
  0
LWPOLYLINE
  5
153
330
17
100
AcDbEntity
  8
FURN
370
15
420
12105912
100
AcDbPolyline
 90
4
 70
1
 10
10931.0
 20
15060.0
 10
11736.0
 20
15060.0
 10
11736.0
 20
16026.0
 10
10931.0
 20
16026.0
  0
LWPOLYLINE
  5
154
330
17
100
AcDbEntity
  8
FURN
370
15
420
12105912
100
AcDbPolyline
 90
4
 70
1
 10
11736.0
 20
15060.0
 10
11831.0
 20
15060.0
 10
11831.0
 20
16026.0
 10
11736.0
 20
16026.0
  0
LWPOLYLINE
  5
155
330
17
100
AcDbEntity
  8
FURN
  6
DASHED
370
15
 48
150.0
420
12105912
100
AcDbPolyline
 90
4
 70
1
 10
10921.0
 20
15711.000000000002
 10
10931.0
 20
15711.000000000002
 10
10931.0
 20
16026.0
 10
10921.0
 20
16026.0
  0
LWPOLYLINE
  5
156
330
17
100
AcDbEntity
  8
FURN
370
15
420
12105912
100
AcDbPolyline
 90
4
 70
1
 10
10110.0
 20
16201.0
 10
10931.0
 20
16201.0
 10
10931.0
 20
16351.0
 10
10110.0
 20
16351.0
  0
LWPOLYLINE
  5
157
330
17
100
AcDbEntity
  8
FURN
370
15
420
12105912
100
AcDbPolyline
 90
4
 70
1
 10
10360.0
 20
15711.000000000002
 10
10720.0
 20
15711.000000000002
 10
10720.0
 20
16201.0
 10
10360.0
 20
16201.0
  0
CIRCLE
  5
158
330
17
100
AcDbEntity
  8
FURN
370
13
420
12105912
100
AcDbCircle
 10
10540.0
 20
15956.0
 30
0.0
 40
136.8
  0
LWPOLYLINE
  5
159
330
17
100
AcDbEntity
  8
FURN
370
15
420
12105912
100
AcDbPolyline
 90
4
 70
1
 10
9210.0
 20
15871.0
 10
10110.0
 20
15871.0
 10
10110.0
 20
16351.0
 10
9210.0
 20
16351.0
  0
CIRCLE
  5
15A
330
17
100
AcDbEntity
  8
FURN
370
13
420
12105912
100
AcDbCircle
 10
9660.0
 20
16111.000000000002
 30
0.0
 40
144.0
  0
LWPOLYLINE
  5
15B
330
17
100
AcDbEntity
  8
FURN
  6
DASHED
370
15
 48
150.0
420
12105912
100
AcDbPolyline
 90
4
 70
1
 10
9210.0
 20
16201.0
 10
10110.0
 20
16201.0
 10
10110.0
 20
16351.0
 10
9210.0
 20
16351.0
  0
LWPOLYLINE
  5
15C
330
17
100
AcDbEntity
  8
FURN
  6
DASHED
370
15
 48
150.0
420
12105912
100
AcDbPolyline
 90
4
 70
1
 10
9190.0
 20
14310.0
 10
9690.0
 20
14310.0
 10
9690.0
 20
14660.0
 10
9190.0
 20
14660.0
  0
LWPOLYLINE
  5
15D
330
17
100
AcDbEntity
  8
FURN
370
13
420
12105912
100
AcDbPolyline
 90
2
 70
0
 10
9190.0
 20
14310.0
 10
9690.0
 20
14660.0
  0
LWPOLYLINE
  5
15E
330
17
100
AcDbEntity
  8
FURN
  6
DASHED
370
15
 48
150.0
420
12105912
100
AcDbPolyline
 90
4
 70
1
 10
9690.0
 20
14310.0
 10
10131.0
 20
14310.0
 10
10131.0
 20
14660.0
 10
9690.0
 20
14660.0
  0
LWPOLYLINE
  5
15F
330
17
100
AcDbEntity
  8
FURN
  6
DASHED
370
15
 48
150.0
420
12105912
100
AcDbPolyline
 90
4
 70
1
 10
9710.0
 20
14310.0
 10
10110.0
 20
14310.0
 10
10110.0
 20
14410.0
 10
9710.0
 20
14410.0
  0
LWPOLYLINE
  5
160
330
17
100
AcDbEntity
  8
FURN
  6
DOT
370
15
 48
150.0
420
12105912
100
AcDbPolyline
 90
4
 70
1
 10
11590.0
 20
14710.0
 10
11690.0
 20
14710.0
 10
11690.0
 20
14810.0
 10
11590.0
 20
14810.0
  0
LWPOLYLINE
  5
161
330
17
100
AcDbEntity
  8
FURN
  6
DASHED
370
15
 48
150.0
420
12105912
100
AcDbPolyline
 90
4
 70
1
 10
11190.0
 20
16030.000000000002
 10
11490.0
 20
16030.000000000002
 10
11490.0
 20
16110.000000000002
 10
11190.0
 20
16110.000000000002
  0
LWPOLYLINE
  5
162
330
17
100
AcDbEntity
  8
FURN
370
15
420
12105912
100
AcDbPolyline
 90
4
 70
1
 10
8780.0
 20
10510.0
 10
9230.0
 20
10510.0
 10
9230.0
 20
11090.0
 10
8780.0
 20
11090.0
  0
CIRCLE
  5
163
330
17
100
AcDbEntity
  8
FURN
370
13
420
12105912
100
AcDbCircle
 10
9005.0
 20
10800.0
 30
0.0
 40
135.0
  0
LWPOLYLINE
  5
164
330
17
100
AcDbEntity
  8
FURN
370
15
420
12105912
100
AcDbPolyline
 90
4
 70
1
 10
9230.0
 20
10510.0
 10
9530.0
 20
10510.0
 10
9530.0
 20
11090.0
 10
9230.0
 20
11090.0
  0
LWPOLYLINE
  5
165
330
17
100
AcDbEntity
  8
FURN
370
15
420
12105912
100
AcDbPolyline
 90
4
 70
1
 10
9550.0
 20
10510.0
 10
10200.0
 20
10510.0
 10
10200.0
 20
11160.0
 10
9550.0
 20
11160.0
  0
CIRCLE
  5
166
330
17
100
AcDbEntity
  8
FURN
370
13
420
12105912
100
AcDbCircle
 10
9875.0
 20
10835.0
 30
0.0
 40
214.5
  0
LWPOLYLINE
  5
167
330
17
100
AcDbEntity
  8
FURN
  6
DOT
370
15
 48
150.0
420
12105912
100
AcDbPolyline
 90
4
 70
1
 10
9790.0
 20
11110.0
 10
9890.0
 20
11110.0
 10
9890.0
 20
11210.0
 10
9790.0
 20
11210.0
  0
LWPOLYLINE
  5
168
330
17
100
AcDbEntity
  8
FURN
  6
DASHED
370
15
 48
150.0
420
12105912
100
AcDbPolyline
 90
4
 70
1
 10
8490.0
 20
10870.0
 10
8740.0
 20
10870.0
 10
8740.0
 20
11170.0
 10
8490.0
 20
11170.0
  0
LWPOLYLINE
  5
169
330
17
100
AcDbEntity
  8
FURN
  6
DOT
370
15
 48
150.0
420
12105912
100
AcDbPolyline
 90
4
 70
1
 10
8780.0
 20
10510.0
 10
9550.0
 20
10510.0
 10
9550.0
 20
11110.0
 10
8780.0
 20
11110.0
  0
LWPOLYLINE
  5
16A
330
17
100
AcDbEntity
  8
FURN
  6
DASHED
370
15
 48
150.0
420
12105912
100
AcDbPolyline
 90
4
 70
1
 10
8780.0
 20
10510.0
 10
9550.0
 20
10510.0
 10
9550.0
 20
10860.0
 10
8780.0
 20
10860.0
  0
LWPOLYLINE
  5
16B
330
17
100
AcDbEntity
  8
FURN
370
15
420
12105912
100
AcDbPolyline
 90
4
 70
1
 10
9660.0
 20
11810.0
 10
10200.0
 20
11810.0
 10
10200.0
 20
12440.0
 10
9660.0
 20
12440.0
  0
LWPOLYLINE
  5
16C
330
17
100
AcDbEntity
  8
FURN
370
13
420
12105912
100
AcDbPolyline
 90
2
 70
0
 10
9660.0
 20
11810.0
 10
10200.0
 20
12440.0
  0
LWPOLYLINE
  5
16D
330
17
100
AcDbEntity
  8
FURN
  6
DASHED
370
15
 48
150.0
420
12105912
100
AcDbPolyline
 90
4
 70
1
 10
9550.0
 20
10510.0
 10
10200.0
 20
10510.0
 10
10200.0
 20
11160.0
 10
9550.0
 20
11160.0
  0
LWPOLYLINE
  5
16E
330
17
100
AcDbEntity
  8
FURN
370
13
420
12105912
100
AcDbPolyline
 90
2
 70
0
 10
9550.0
 20
10510.0
 10
10200.0
 20
11160.0
  0
LWPOLYLINE
  5
16F
330
17
100
AcDbEntity
  8
FURN
370
15
420
12105912
100
AcDbPolyline
 90
4
 70
1
 10
8460.0
 20
11191.0
 10
8810.0
 20
11191.0
 10
8810.0
 20
11691.0
 10
8460.0
 20
11691.0
  0
LWPOLYLINE
  5
170
330
17
100
AcDbEntity
  8
FURN
370
13
420
12105912
100
AcDbPolyline
 90
2
 70
0
 10
8460.0
 20
11191.0
 10
8810.0
 20
11691.0
  0
LWPOLYLINE
  5
171
330
17
100
AcDbEntity
  8
FURN
370
15
420
12105912
100
AcDbPolyline
 90
4
 70
1
 10
8460.0
 20
11790.0
 10
8810.0
 20
11790.0
 10
8810.0
 20
12440.0
 10
8460.0
 20
12440.0
  0
LWPOLYLINE
  5
172
330
17
100
AcDbEntity
  8
FURN
370
13
420
12105912
100
AcDbPolyline
 90
2
 70
0
 10
8460.0
 20
11790.0
 10
8810.0
 20
12440.0
  0
LWPOLYLINE
  5
173
330
17
100
AcDbEntity
  8
FURN
  6
DASHED
370
15
 48
150.0
420
12105912
100
AcDbPolyline
 90
4
 70
1
 10
8890.0
 20
11260.0
 10
9590.0
 20
11260.0
 10
9590.0
 20
11760.0
 10
8890.0
 20
11760.0
  0
TEXT
  5
174
330
17
100
AcDbEntity
  8
TEXT
420
5592405
100
AcDbText
 10
7190.000000000001
 20
12815.0
 30
0.0
 40
90.0
  1
3. Кухня-столовая
  7
GOST
 72
1
 11
7190.000000000001
 21
12815.0
 31
0.0
100
AcDbText
  0
TEXT
  5
175
330
17
100
AcDbEntity
  8
TEXT
420
5592405
100
AcDbText
 10
2810.0
 20
12365.0
 30
0.0
 40
90.0
  1
7. Балкон (тёплый)
  7
GOST
 72
1
 11
2810.0
 21
12365.0
 31
0.0
100
AcDbText
  0
TEXT
  5
176
330
17
100
AcDbEntity
  8
TEXT
420
5592405
100
AcDbText
 10
5980.0
 20
17765.000000000004
 30
0.0
 40
90.0
  1
1. Спальня
  7
GOST
 72
1
 11
5980.0
 21
17765.000000000004
 31
0.0
100
AcDbText
  0
TEXT
  5
177
330
17
100
AcDbEntity
  8
TEXT
420
5592405
100
AcDbText
 10
10190.0
 20
18165.000000000004
 30
0.0
 40
90.0
  1
2. Детская
  7
GOST
 72
1
 11
10190.0
 21
18165.000000000004
 31
0.0
100
AcDbText
  0
TEXT
  5
178
330
17
100
AcDbEntity
  8
TEXT
420
5592405
100
AcDbText
 10
10490.0
 20
12965.0
 30
0.0
 40
90.0
  1
4. Прихожая-коридор
  7
GOST
 72
1
 11
10490.0
 21
12965.0
 31
0.0
100
AcDbText
  0
TEXT
  5
179
330
17
100
AcDbEntity
  8
TEXT
420
5592405
100
AcDbText
 10
10090.0
 20
14715.0
 30
0.0
 40
90.0
  1
5. Ванная
  7
GOST
 72
1
 11
10090.0
 21
14715.0
 31
0.0
100
AcDbText
  0
TEXT
  5
17A
330
17
100
AcDbEntity
  8
TEXT
420
5592405
100
AcDbText
 10
9340.0
 20
11965.0
 30
0.0
 40
90.0
  1
6. Постирочная
  7
GOST
 72
1
 11
9340.0
 21
11965.0
 31
0.0
100
AcDbText
  0
LWPOLYLINE
  5
17B
330
17
100
AcDbEntity
  8
EL-LIGHT
  6
DASHED
370
15
 48
150.0
420
2062260
100
AcDbPolyline
 90
4
 70
0
 10
5190.0
 20
11510.0
 10
5990.0
 20
11510.0
 10
6790.000000000001
 20
11510.0
 10
7590.000000000001
 20
11510.0
  0
LWPOLYLINE
  5
17C
330
17
100
AcDbEntity
  8
EL-LIGHT
  6
DASHED
370
15
 48
150.0
420
9725885
100
AcDbPolyline
 90
2
 70
0
 10
5490.0
 20
14090.0
 10
6690.000000000001
 20
14090.0
  0
LWPOLYLINE
  5
17D
330
17
100
AcDbEntity
  8
EL-LIGHT
  6
DASHED
370
15
 48
150.0
420
9197131
100
AcDbPolyline
 90
4
 70
0
 10
2290.0
 20
11110.0
 10
3290.0000000000005
 20
11110.0
 10
3290.0000000000005
 20
13010.0
 10
2290.0
 20
13010.0
  0
LWPOLYLINE
  5
17E
330
17
100
AcDbEntity
  8
EL-LIGHT
  6
DASHED
370
15
 48
150.0
420
3750777
100
AcDbPolyline
 90
2
 70
0
 10
4330.0
 20
15926.0
 10
4330.0
 20
18326.0
  0
LWPOLYLINE
  5
17F
330
17
100
AcDbEntity
  8
EL-LIGHT
  6
DASHED
370
15
 48
150.0
420
8077683
100
AcDbPolyline
 90
5
 70
0
 10
8590.0
 20
13310.0
 10
9240.0
 20
13069.999999999998
 10
10040.0
 20
13069.999999999998
 10
10840.0
 20
13069.999999999998
 10
11440.0
 20
13069.999999999998
  0
LWPOLYLINE
  5
180
330
17
100
AcDbEntity
  8
EL-LIGHT
  6
DASHED
370
15
 48
150.0
420
3244733
100
AcDbPolyline
 90
3
 70
0
 10
8460.0
 20
14460.0
 10
8460.0
 20
14960.0
 10
8460.0
 20
15960.0
  0
LWPOLYLINE
  5
181
330
17
100
AcDbEntity
  8
EL-LIGHT
  6
DASHED
370
15
 48
150.0
420
7695281
100
AcDbPolyline
 90
4
 70
0
 10
9640.0
 20
15160.0
 10
10490.0
 20
15560.0
 10
11381.0
 20
15543.0
 10
10990.0
 20
14685.0
  0
LWPOLYLINE
  5
182
330
17
100
AcDbEntity
  8
EL-LIGHT
  6
DASHED
370
15
 48
150.0
420
16616764
100
AcDbPolyline
 90
3
 70
0
 10
9165.0
 20
10990.0
 10
9840.0
 20
11510.0
 10
9190.0
 20
12060.0
  0
LWPOLYLINE
  5
183
330
17
100
AcDbEntity
  8
EL-LIGHT
  6
DASHED
370
70
 48
150.0
420
14034728
100
AcDbPolyline
 90
2
 70
0
 10
4890.0
 20
10810.0
 10
7740.000000000001
 20
10810.0
  0
HATCH
  5
184
330
17
100
AcDbEntity
  8
EL-LIGHT
 62
7
420
16777215
100
AcDbHatch
 10
0.0
 20
0.0
 30
0.0
210
0.0
220
0.0
230
1.0
  2
SOLID
 70
1
 71
0
 91
1
 92
1
 93
1
 72
2
 10
5190.0
 20
11510.0
 40
50.0
 50
0
 51
360
 73
1
 97
0
 75
1
 76
1
 98
0
  0
CIRCLE
  5
185
330
17
100
AcDbEntity
  8
EL-LIGHT
370
25
420
2062260
100
AcDbCircle
 10
5190.0
 20
11510.0
 30
0.0
 40
50.0
  0
HATCH
  5
186
330
17
100
AcDbEntity
  8
EL-LIGHT
 62
7
420
2062260
100
AcDbHatch
 10
0.0
 20
0.0
 30
0.0
210
0.0
220
0.0
230
1.0
  2
SOLID
 70
1
 71
0
 91
1
 92
1
 93
1
 72
2
 10
5190.0
 20
11510.0
 40
17.5
 50
0
 51
360
 73
1
 97
0
 75
1
 76
1
 98
0
  0
CIRCLE
  5
187
330
17
100
AcDbEntity
  8
EL-LIGHT
370
13
420
2062260
100
AcDbCircle
 10
5190.0
 20
11510.0
 30
0.0
 40
17.5
  0
HATCH
  5
188
330
17
100
AcDbEntity
  8
EL-LIGHT
 62
7
420
16777215
100
AcDbHatch
 10
0.0
 20
0.0
 30
0.0
210
0.0
220
0.0
230
1.0
  2
SOLID
 70
1
 71
0
 91
1
 92
1
 93
1
 72
2
 10
5990.0
 20
11510.0
 40
50.0
 50
0
 51
360
 73
1
 97
0
 75
1
 76
1
 98
0
  0
CIRCLE
  5
189
330
17
100
AcDbEntity
  8
EL-LIGHT
370
25
420
2062260
100
AcDbCircle
 10
5990.0
 20
11510.0
 30
0.0
 40
50.0
  0
HATCH
  5
18A
330
17
100
AcDbEntity
  8
EL-LIGHT
 62
7
420
2062260
100
AcDbHatch
 10
0.0
 20
0.0
 30
0.0
210
0.0
220
0.0
230
1.0
  2
SOLID
 70
1
 71
0
 91
1
 92
1
 93
1
 72
2
 10
5990.0
 20
11510.0
 40
17.5
 50
0
 51
360
 73
1
 97
0
 75
1
 76
1
 98
0
  0
CIRCLE
  5
18B
330
17
100
AcDbEntity
  8
EL-LIGHT
370
13
420
2062260
100
AcDbCircle
 10
5990.0
 20
11510.0
 30
0.0
 40
17.5
  0
HATCH
  5
18C
330
17
100
AcDbEntity
  8
EL-LIGHT
 62
7
420
16777215
100
AcDbHatch
 10
0.0
 20
0.0
 30
0.0
210
0.0
220
0.0
230
1.0
  2
SOLID
 70
1
 71
0
 91
1
 92
1
 93
1
 72
2
 10
6790.000000000001
 20
11510.0
 40
50.0
 50
0
 51
360
 73
1
 97
0
 75
1
 76
1
 98
0
  0
CIRCLE
  5
18D
330
17
100
AcDbEntity
  8
EL-LIGHT
370
25
420
2062260
100
AcDbCircle
 10
6790.000000000001
 20
11510.0
 30
0.0
 40
50.0
  0
HATCH
  5
18E
330
17
100
AcDbEntity
  8
EL-LIGHT
 62
7
420
2062260
100
AcDbHatch
 10
0.0
 20
0.0
 30
0.0
210
0.0
220
0.0
230
1.0
  2
SOLID
 70
1
 71
0
 91
1
 92
1
 93
1
 72
2
 10
6790.000000000001
 20
11510.0
 40
17.5
 50
0
 51
360
 73
1
 97
0
 75
1
 76
1
 98
0
  0
CIRCLE
  5
18F
330
17
100
AcDbEntity
  8
EL-LIGHT
370
13
420
2062260
100
AcDbCircle
 10
6790.000000000001
 20
11510.0
 30
0.0
 40
17.5
  0
HATCH
  5
190
330
17
100
AcDbEntity
  8
EL-LIGHT
 62
7
420
16777215
100
AcDbHatch
 10
0.0
 20
0.0
 30
0.0
210
0.0
220
0.0
230
1.0
  2
SOLID
 70
1
 71
0
 91
1
 92
1
 93
1
 72
2
 10
7590.000000000001
 20
11510.0
 40
50.0
 50
0
 51
360
 73
1
 97
0
 75
1
 76
1
 98
0
  0
CIRCLE
  5
191
330
17
100
AcDbEntity
  8
EL-LIGHT
370
25
420
2062260
100
AcDbCircle
 10
7590.000000000001
 20
11510.0
 30
0.0
 40
50.0
  0
HATCH
  5
192
330
17
100
AcDbEntity
  8
EL-LIGHT
 62
7
420
2062260
100
AcDbHatch
 10
0.0
 20
0.0
 30
0.0
210
0.0
220
0.0
230
1.0
  2
SOLID
 70
1
 71
0
 91
1
 92
1
 93
1
 72
2
 10
7590.000000000001
 20
11510.0
 40
17.5
 50
0
 51
360
 73
1
 97
0
 75
1
 76
1
 98
0
  0
CIRCLE
  5
193
330
17
100
AcDbEntity
  8
EL-LIGHT
370
13
420
2062260
100
AcDbCircle
 10
7590.000000000001
 20
11510.0
 30
0.0
 40
17.5
  0
HATCH
  5
194
330
17
100
AcDbEntity
  8
EL-LIGHT
 62
7
420
16777215
100
AcDbHatch
 10
0.0
 20
0.0
 30
0.0
210
0.0
220
0.0
230
1.0
  2
SOLID
 70
1
 71
0
 91
1
 92
1
 93
1
 72
2
 10
6090.0
 20
12860.0
 40
100.0
 50
0
 51
360
 73
1
 97
0
 75
1
 76
1
 98
0
  0
CIRCLE
  5
195
330
17
100
AcDbEntity
  8
EL-LIGHT
370
30
420
2924588
100
AcDbCircle
 10
6090.0
 20
12860.0
 30
0.0
 40
100.0
  0
LWPOLYLINE
  5
196
330
17
100
AcDbEntity
  8
EL-LIGHT
370
20
420
2924588
100
AcDbPolyline
 90
2
 70
0
 10
6019.3
 20
12789.3
 10
6160.7
 20
12930.699999999999
  0
LWPOLYLINE
  5
197
330
17
100
AcDbEntity
  8
EL-LIGHT
370
20
420
2924588
100
AcDbPolyline
 90
2
 70
0
 10
6019.3
 20
12930.699999999999
 10
6160.7
 20
12789.3
  0
HATCH
  5
198
330
17
100
AcDbEntity
  8
EL-LIGHT
 62
7
420
2924588
100
AcDbHatch
 10
0.0
 20
0.0
 30
0.0
210
0.0
220
0.0
230
1.0
  2
SOLID
 70
1
 71
0
 91
1
 92
1
 93
1
 72
2
 10
6090.0
 20
12860.0
 40
30.0
 50
0
 51
360
 73
1
 97
0
 75
1
 76
1
 98
0
  0
CIRCLE
  5
199
330
17
100
AcDbEntity
  8
EL-LIGHT
370
13
420
2924588
100
AcDbCircle
 10
6090.0
 20
12860.0
 30
0.0
 40
30.0
  0
HATCH
  5
19A
330
17
100
AcDbEntity
  8
EL-LIGHT
 62
7
420
9725885
100
AcDbHatch
 10
0.0
 20
0.0
 30
0.0
210
0.0
220
0.0
230
1.0
  2
SOLID
 70
1
 71
0
 91
1
 92
3
 72
0
 73
1
 93
13
 10
5410.0
 20
14090.0
 10
5412.725933896874
 20
14069.294476391799
 10
5420.717967697245
 20
14050.0
 10
5433.431457505076
 20
14033.431457505078
 10
5450.0
 20
14020.717967697246
 10
5469.294476391798
 20
14012.725933896874
 10
5490.0
 20
14010.0
 10
5510.7055236082015
 20
14012.725933896874
 10
5530.0
 20
14020.717967697246
 10
5546.568542494923
 20
14033.431457505078
 10
5559.282032302755
 20
14050.0
 10
5567.274066103126
 20
14069.294476391799
 10
5570.0
 20
14090.0
 97
0
 75
1
 76
1
 98
0
  0
LWPOLYLINE
  5
19B
330
17
100
AcDbEntity
  8
EL-LIGHT
370
30
420
9725885
100
AcDbPolyline
 90
13
 70
1
 10
5410.0
 20
14090.0
 10
5412.725933896874
 20
14069.294476391799
 10
5420.717967697245
 20
14050.0
 10
5433.431457505076
 20
14033.431457505078
 10
5450.0
 20
14020.717967697246
 10
5469.294476391798
 20
14012.725933896874
 10
5490.0
 20
14010.0
 10
5510.7055236082015
 20
14012.725933896874
 10
5530.0
 20
14020.717967697246
 10
5546.568542494923
 20
14033.431457505078
 10
5559.282032302755
 20
14050.0
 10
5567.274066103126
 20
14069.294476391799
 10
5570.0
 20
14090.0
  0
HATCH
  5
19C
330
17
100
AcDbEntity
  8
EL-LIGHT
 62
7
420
9725885
100
AcDbHatch
 10
0.0
 20
0.0
 30
0.0
210
0.0
220
0.0
230
1.0
  2
SOLID
 70
1
 71
0
 91
1
 92
3
 72
0
 73
1
 93
13
 10
6610.000000000001
 20
14090.0
 10
6612.725933896875
 20
14069.294476391799
 10
6620.7179676972455
 20
14050.0
 10
6633.431457505077
 20
14033.431457505078
 10
6650.0
 20
14020.717967697246
 10
6669.294476391799
 20
14012.725933896874
 10
6690.000000000001
 20
14010.0
 10
6710.7055236082015
 20
14012.725933896874
 10
6730.000000000001
 20
14020.717967697246
 10
6746.568542494924
 20
14033.431457505078
 10
6759.282032302755
 20
14050.0
 10
6767.274066103126
 20
14069.294476391799
 10
6770.0
 20
14090.0
 97
0
 75
1
 76
1
 98
0
  0
LWPOLYLINE
  5
19D
330
17
100
AcDbEntity
  8
EL-LIGHT
370
30
420
9725885
100
AcDbPolyline
 90
13
 70
1
 10
6610.000000000001
 20
14090.0
 10
6612.725933896875
 20
14069.294476391799
 10
6620.7179676972455
 20
14050.0
 10
6633.431457505077
 20
14033.431457505078
 10
6650.0
 20
14020.717967697246
 10
6669.294476391799
 20
14012.725933896874
 10
6690.000000000001
 20
14010.0
 10
6710.7055236082015
 20
14012.725933896874
 10
6730.000000000001
 20
14020.717967697246
 10
6746.568542494924
 20
14033.431457505078
 10
6759.282032302755
 20
14050.0
 10
6767.274066103126
 20
14069.294476391799
 10
6770.0
 20
14090.0
  0
LWPOLYLINE
  5
19E
330
17
100
AcDbEntity
  8
EL-LIGHT
  6
DASHED
370
70
 48
150.0
420
9725885
100
AcDbPolyline
 90
2
 70
0
 10
7990.000000000001
 20
11760.0
 10
7990.000000000001
 20
12490.0
  0
LWPOLYLINE
  5
19F
330
17
100
AcDbEntity
  8
EL-LIGHT
  6
DASHED
370
70
 48
150.0
420
16744206
100
AcDbPolyline
 90
2
 70
0
 10
4890.0
 20
11100.0
 10
7740.000000000001
 20
11100.0
  0
HATCH
  5
1A0
330
17
100
AcDbEntity
  8
EL-LIGHT
 62
7
420
16777215
100
AcDbHatch
 10
0.0
 20
0.0
 30
0.0
210
0.0
220
0.0
230
1.0
  2
SOLID
 70
1
 71
0
 91
1
 92
1
 93
1
 72
2
 10
2290.0
 20
11110.0
 40
50.0
 50
0
 51
360
 73
1
 97
0
 75
1
 76
1
 98
0
  0
CIRCLE
  5
1A1
330
17
100
AcDbEntity
  8
EL-LIGHT
370
25
420
9197131
100
AcDbCircle
 10
2290.0
 20
11110.0
 30
0.0
 40
50.0
  0
HATCH
  5
1A2
330
17
100
AcDbEntity
  8
EL-LIGHT
 62
7
420
9197131
100
AcDbHatch
 10
0.0
 20
0.0
 30
0.0
210
0.0
220
0.0
230
1.0
  2
SOLID
 70
1
 71
0
 91
1
 92
1
 93
1
 72
2
 10
2290.0
 20
11110.0
 40
17.5
 50
0
 51
360
 73
1
 97
0
 75
1
 76
1
 98
0
  0
CIRCLE
  5
1A3
330
17
100
AcDbEntity
  8
EL-LIGHT
370
13
420
9197131
100
AcDbCircle
 10
2290.0
 20
11110.0
 30
0.0
 40
17.5
  0
HATCH
  5
1A4
330
17
100
AcDbEntity
  8
EL-LIGHT
 62
7
420
16777215
100
AcDbHatch
 10
0.0
 20
0.0
 30
0.0
210
0.0
220
0.0
230
1.0
  2
SOLID
 70
1
 71
0
 91
1
 92
1
 93
1
 72
2
 10
2290.0
 20
13010.0
 40
50.0
 50
0
 51
360
 73
1
 97
0
 75
1
 76
1
 98
0
  0
CIRCLE
  5
1A5
330
17
100
AcDbEntity
  8
EL-LIGHT
370
25
420
9197131
100
AcDbCircle
 10
2290.0
 20
13010.0
 30
0.0
 40
50.0
  0
HATCH
  5
1A6
330
17
100
AcDbEntity
  8
EL-LIGHT
 62
7
420
9197131
100
AcDbHatch
 10
0.0
 20
0.0
 30
0.0
210
0.0
220
0.0
230
1.0
  2
SOLID
 70
1
 71
0
 91
1
 92
1
 93
1
 72
2
 10
2290.0
 20
13010.0
 40
17.5
 50
0
 51
360
 73
1
 97
0
 75
1
 76
1
 98
0
  0
CIRCLE
  5
1A7
330
17
100
AcDbEntity
  8
EL-LIGHT
370
13
420
9197131
100
AcDbCircle
 10
2290.0
 20
13010.0
 30
0.0
 40
17.5
  0
HATCH
  5
1A8
330
17
100
AcDbEntity
  8
EL-LIGHT
 62
7
420
16777215
100
AcDbHatch
 10
0.0
 20
0.0
 30
0.0
210
0.0
220
0.0
230
1.0
  2
SOLID
 70
1
 71
0
 91
1
 92
1
 93
1
 72
2
 10
3290.0000000000005
 20
11110.0
 40
50.0
 50
0
 51
360
 73
1
 97
0
 75
1
 76
1
 98
0
  0
CIRCLE
  5
1A9
330
17
100
AcDbEntity
  8
EL-LIGHT
370
25
420
9197131
100
AcDbCircle
 10
3290.0000000000005
 20
11110.0
 30
0.0
 40
50.0
  0
HATCH
  5
1AA
330
17
100
AcDbEntity
  8
EL-LIGHT
 62
7
420
9197131
100
AcDbHatch
 10
0.0
 20
0.0
 30
0.0
210
0.0
220
0.0
230
1.0
  2
SOLID
 70
1
 71
0
 91
1
 92
1
 93
1
 72
2
 10
3290.0000000000005
 20
11110.0
 40
17.5
 50
0
 51
360
 73
1
 97
0
 75
1
 76
1
 98
0
  0
CIRCLE
  5
1AB
330
17
100
AcDbEntity
  8
EL-LIGHT
370
13
420
9197131
100
AcDbCircle
 10
3290.0000000000005
 20
11110.0
 30
0.0
 40
17.5
  0
HATCH
  5
1AC
330
17
100
AcDbEntity
  8
EL-LIGHT
 62
7
420
16777215
100
AcDbHatch
 10
0.0
 20
0.0
 30
0.0
210
0.0
220
0.0
230
1.0
  2
SOLID
 70
1
 71
0
 91
1
 92
1
 93
1
 72
2
 10
3290.0000000000005
 20
13010.0
 40
50.0
 50
0
 51
360
 73
1
 97
0
 75
1
 76
1
 98
0
  0
CIRCLE
  5
1AD
330
17
100
AcDbEntity
  8
EL-LIGHT
370
25
420
9197131
100
AcDbCircle
 10
3290.0000000000005
 20
13010.0
 30
0.0
 40
50.0
  0
HATCH
  5
1AE
330
17
100
AcDbEntity
  8
EL-LIGHT
 62
7
420
9197131
100
AcDbHatch
 10
0.0
 20
0.0
 30
0.0
210
0.0
220
0.0
230
1.0
  2
SOLID
 70
1
 71
0
 91
1
 92
1
 93
1
 72
2
 10
3290.0000000000005
 20
13010.0
 40
17.5
 50
0
 51
360
 73
1
 97
0
 75
1
 76
1
 98
0
  0
CIRCLE
  5
1AF
330
17
100
AcDbEntity
  8
EL-LIGHT
370
13
420
9197131
100
AcDbCircle
 10
3290.0000000000005
 20
13010.0
 30
0.0
 40
17.5
  0
LWPOLYLINE
  5
1B0
330
17
100
AcDbEntity
  8
EL-LIGHT
  6
DASHED
370
70
 48
150.0
420
14907330
100
AcDbPolyline
 90
2
 70
0
 10
2609.0
 20
11255.000000000002
 10
2609.0
 20
12878.0
  0
HATCH
  5
1B1
330
17
100
AcDbEntity
  8
EL-LIGHT
 62
7
420
16777215
100
AcDbHatch
 10
0.0
 20
0.0
 30
0.0
210
0.0
220
0.0
230
1.0
  2
SOLID
 70
1
 71
0
 91
1
 92
1
 93
1
 72
2
 10
5980.0
 20
16826.0
 40
100.0
 50
0
 51
360
 73
1
 97
0
 75
1
 76
1
 98
0
  0
CIRCLE
  5
1B2
330
17
100
AcDbEntity
  8
EL-LIGHT
370
30
420
1556175
100
AcDbCircle
 10
5980.0
 20
16826.0
 30
0.0
 40
100.0
  0
LWPOLYLINE
  5
1B3
330
17
100
AcDbEntity
  8
EL-LIGHT
370
20
420
1556175
100
AcDbPolyline
 90
2
 70
0
 10
5909.3
 20
16755.3
 10
6050.700000000001
 20
16896.699999999997
  0
LWPOLYLINE
  5
1B4
330
17
100
AcDbEntity
  8
EL-LIGHT
370
20
420
1556175
100
AcDbPolyline
 90
2
 70
0
 10
5909.3
 20
16896.699999999997
 10
6050.700000000001
 20
16755.3
  0
LWPOLYLINE
  5
1B5
330
17
100
AcDbEntity
  8
EL-LIGHT
  6
DASHED
370
70
 48
150.0
420
12369186
100
AcDbPolyline
 90
2
 70
0
 10
4330.0
 20
15676.0
 10
4330.0
 20
18576.0
  0
LWPOLYLINE
  5
1B6
330
17
100
AcDbEntity
  8
EL-LIGHT
  6
DASHED
370
70
 48
150.0
420
8355711
100
AcDbPolyline
 90
2
 70
0
 10
4290.000000000001
 20
19221.0
 10
7670.0
 20
19221.0
  0
HATCH
  5
1B7
330
17
100
AcDbEntity
  8
EL-LIGHT
 62
7
420
3750777
100
AcDbHatch
 10
0.0
 20
0.0
 30
0.0
210
0.0
220
0.0
230
1.0
  2
SOLID
 70
1
 71
0
 91
1
 92
3
 72
0
 73
1
 93
13
 10
4330.0
 20
15845.999999999998
 10
4350.7055236082015
 20
15848.725933896872
 10
4370.0
 20
15856.717967697245
 10
4386.568542494923
 20
15869.431457505076
 10
4399.282032302755
 20
15885.999999999998
 10
4407.274066103126
 20
15905.294476391797
 10
4409.999999999999
 20
15926.0
 10
4407.274066103126
 20
15946.705523608201
 10
4399.282032302755
 20
15966.0
 10
4386.568542494923
 20
15982.568542494922
 10
4370.0
 20
15995.282032302754
 10
4350.7055236082015
 20
16003.274066103126
 10
4330.0
 20
16006.0
 97
0
 75
1
 76
1
 98
0
  0
LWPOLYLINE
  5
1B8
330
17
100
AcDbEntity
  8
EL-LIGHT
370
30
420
3750777
100
AcDbPolyline
 90
13
 70
1
 10
4330.0
 20
15845.999999999998
 10
4350.7055236082015
 20
15848.725933896872
 10
4370.0
 20
15856.717967697245
 10
4386.568542494923
 20
15869.431457505076
 10
4399.282032302755
 20
15885.999999999998
 10
4407.274066103126
 20
15905.294476391797
 10
4409.999999999999
 20
15926.0
 10
4407.274066103126
 20
15946.705523608201
 10
4399.282032302755
 20
15966.0
 10
4386.568542494923
 20
15982.568542494922
 10
4370.0
 20
15995.282032302754
 10
4350.7055236082015
 20
16003.274066103126
 10
4330.0
 20
16006.0
  0
HATCH
  5
1B9
330
17
100
AcDbEntity
  8
EL-LIGHT
 62
7
420
3750777
100
AcDbHatch
 10
0.0
 20
0.0
 30
0.0
210
0.0
220
0.0
230
1.0
  2
SOLID
 70
1
 71
0
 91
1
 92
3
 72
0
 73
1
 93
13
 10
4330.0
 20
18245.999999999996
 10
4350.7055236082015
 20
18248.725933896872
 10
4370.0
 20
18256.717967697245
 10
4386.568542494923
 20
18269.431457505074
 10
4399.282032302755
 20
18286.0
 10
4407.274066103126
 20
18305.294476391795
 10
4409.999999999999
 20
18326.0
 10
4407.274066103126
 20
18346.7055236082
 10
4399.282032302755
 20
18366.0
 10
4386.568542494923
 20
18382.568542494922
 10
4370.0
 20
18395.282032302755
 10
4350.7055236082015
 20
18403.274066103124
 10
4330.0
 20
18406.0
 97
0
 75
1
 76
1
 98
0
  0
LWPOLYLINE
  5
1BA
330
17
100
AcDbEntity
  8
EL-LIGHT
370
30
420
3750777
100
AcDbPolyline
 90
13
 70
1
 10
4330.0
 20
18245.999999999996
 10
4350.7055236082015
 20
18248.725933896872
 10
4370.0
 20
18256.717967697245
 10
4386.568542494923
 20
18269.431457505074
 10
4399.282032302755
 20
18286.0
 10
4407.274066103126
 20
18305.294476391795
 10
4409.999999999999
 20
18326.0
 10
4407.274066103126
 20
18346.7055236082
 10
4399.282032302755
 20
18366.0
 10
4386.568542494923
 20
18382.568542494922
 10
4370.0
 20
18395.282032302755
 10
4350.7055236082015
 20
18403.274066103124
 10
4330.0
 20
18406.0
  0
LWPOLYLINE
  5
1BB
330
17
100
AcDbEntity
  8
EL-LIGHT
  6
DASHED
370
70
 48
150.0
420
6519097
100
AcDbPolyline
 90
2
 70
0
 10
7370.0
 20
16326.0
 10
7370.0
 20
17926.0
  0
LWPOLYLINE
  5
1BC
330
17
100
AcDbEntity
  8
EL-LIGHT
  6
DASHED
370
70
 48
150.0
420
9202993
100
AcDbPolyline
 90
2
 70
0
 10
4890.0
 20
14810.0
 10
6770.0
 20
14810.0
  0
HATCH
  5
1BD
330
17
100
AcDbEntity
  8
EL-LIGHT
 62
7
420
16777215
100
AcDbHatch
 10
0.0
 20
0.0
 30
0.0
210
0.0
220
0.0
230
1.0
  2
SOLID
 70
1
 71
0
 91
1
 92
1
 93
1
 72
2
 10
9885.0
 20
17991.000000000004
 40
100.0
 50
0
 51
360
 73
1
 97
0
 75
1
 76
1
 98
0
  0
CIRCLE
  5
1BE
330
17
100
AcDbEntity
  8
EL-LIGHT
370
30
420
8666169
100
AcDbCircle
 10
9885.0
 20
17991.000000000004
 30
0.0
 40
100.0
  0
LWPOLYLINE
  5
1BF
330
17
100
AcDbEntity
  8
EL-LIGHT
370
20
420
8666169
100
AcDbPolyline
 90
2
 70
0
 10
9814.300000000001
 20
17920.300000000003
 10
9955.7
 20
18061.7
  0
LWPOLYLINE
  5
1C0
330
17
100
AcDbEntity
  8
EL-LIGHT
370
20
420
8666169
100
AcDbPolyline
 90
2
 70
0
 10
9814.300000000001
 20
18061.7
 10
9955.7
 20
17920.300000000003
  0
HATCH
  5
1C1
330
17
100
AcDbEntity
  8
EL-LIGHT
 62
7
420
16777215
100
AcDbHatch
 10
0.0
 20
0.0
 30
0.0
210
0.0
220
0.0
230
1.0
  2
SOLID
 70
1
 71
0
 91
1
 92
1
 93
1
 72
2
 10
8590.0
 20
13310.0
 40
50.0
 50
0
 51
360
 73
1
 97
0
 75
1
 76
1
 98
0
  0
CIRCLE
  5
1C2
330
17
100
AcDbEntity
  8
EL-LIGHT
370
25
420
8077683
100
AcDbCircle
 10
8590.0
 20
13310.0
 30
0.0
 40
50.0
  0
HATCH
  5
1C3
330
17
100
AcDbEntity
  8
EL-LIGHT
 62
7
420
8077683
100
AcDbHatch
 10
0.0
 20
0.0
 30
0.0
210
0.0
220
0.0
230
1.0
  2
SOLID
 70
1
 71
0
 91
1
 92
1
 93
1
 72
2
 10
8590.0
 20
13310.0
 40
17.5
 50
0
 51
360
 73
1
 97
0
 75
1
 76
1
 98
0
  0
CIRCLE
  5
1C4
330
17
100
AcDbEntity
  8
EL-LIGHT
370
13
420
8077683
100
AcDbCircle
 10
8590.0
 20
13310.0
 30
0.0
 40
17.5
  0
HATCH
  5
1C5
330
17
100
AcDbEntity
  8
EL-LIGHT
 62
7
420
16777215
100
AcDbHatch
 10
0.0
 20
0.0
 30
0.0
210
0.0
220
0.0
230
1.0
  2
SOLID
 70
1
 71
0
 91
1
 92
1
 93
1
 72
2
 10
9240.0
 20
13069.999999999998
 40
50.0
 50
0
 51
360
 73
1
 97
0
 75
1
 76
1
 98
0
  0
CIRCLE
  5
1C6
330
17
100
AcDbEntity
  8
EL-LIGHT
370
25
420
8077683
100
AcDbCircle
 10
9240.0
 20
13069.999999999998
 30
0.0
 40
50.0
  0
HATCH
  5
1C7
330
17
100
AcDbEntity
  8
EL-LIGHT
 62
7
420
8077683
100
AcDbHatch
 10
0.0
 20
0.0
 30
0.0
210
0.0
220
0.0
230
1.0
  2
SOLID
 70
1
 71
0
 91
1
 92
1
 93
1
 72
2
 10
9240.0
 20
13069.999999999998
 40
17.5
 50
0
 51
360
 73
1
 97
0
 75
1
 76
1
 98
0
  0
CIRCLE
  5
1C8
330
17
100
AcDbEntity
  8
EL-LIGHT
370
13
420
8077683
100
AcDbCircle
 10
9240.0
 20
13069.999999999998
 30
0.0
 40
17.5
  0
HATCH
  5
1C9
330
17
100
AcDbEntity
  8
EL-LIGHT
 62
7
420
16777215
100
AcDbHatch
 10
0.0
 20
0.0
 30
0.0
210
0.0
220
0.0
230
1.0
  2
SOLID
 70
1
 71
0
 91
1
 92
1
 93
1
 72
2
 10
10040.0
 20
13069.999999999998
 40
50.0
 50
0
 51
360
 73
1
 97
0
 75
1
 76
1
 98
0
  0
CIRCLE
  5
1CA
330
17
100
AcDbEntity
  8
EL-LIGHT
370
25
420
8077683
100
AcDbCircle
 10
10040.0
 20
13069.999999999998
 30
0.0
 40
50.0
  0
HATCH
  5
1CB
330
17
100
AcDbEntity
  8
EL-LIGHT
 62
7
420
8077683
100
AcDbHatch
 10
0.0
 20
0.0
 30
0.0
210
0.0
220
0.0
230
1.0
  2
SOLID
 70
1
 71
0
 91
1
 92
1
 93
1
 72
2
 10
10040.0
 20
13069.999999999998
 40
17.5
 50
0
 51
360
 73
1
 97
0
 75
1
 76
1
 98
0
  0
CIRCLE
  5
1CC
330
17
100
AcDbEntity
  8
EL-LIGHT
370
13
420
8077683
100
AcDbCircle
 10
10040.0
 20
13069.999999999998
 30
0.0
 40
17.5
  0
HATCH
  5
1CD
330
17
100
AcDbEntity
  8
EL-LIGHT
 62
7
420
16777215
100
AcDbHatch
 10
0.0
 20
0.0
 30
0.0
210
0.0
220
0.0
230
1.0
  2
SOLID
 70
1
 71
0
 91
1
 92
1
 93
1
 72
2
 10
10840.0
 20
13069.999999999998
 40
50.0
 50
0
 51
360
 73
1
 97
0
 75
1
 76
1
 98
0
  0
CIRCLE
  5
1CE
330
17
100
AcDbEntity
  8
EL-LIGHT
370
25
420
8077683
100
AcDbCircle
 10
10840.0
 20
13069.999999999998
 30
0.0
 40
50.0
  0
HATCH
  5
1CF
330
17
100
AcDbEntity
  8
EL-LIGHT
 62
7
420
8077683
100
AcDbHatch
 10
0.0
 20
0.0
 30
0.0
210
0.0
220
0.0
230
1.0
  2
SOLID
 70
1
 71
0
 91
1
 92
1
 93
1
 72
2
 10
10840.0
 20
13069.999999999998
 40
17.5
 50
0
 51
360
 73
1
 97
0
 75
1
 76
1
 98
0
  0
CIRCLE
  5
1D0
330
17
100
AcDbEntity
  8
EL-LIGHT
370
13
420
8077683
100
AcDbCircle
 10
10840.0
 20
13069.999999999998
 30
0.0
 40
17.5
  0
HATCH
  5
1D1
330
17
100
AcDbEntity
  8
EL-LIGHT
 62
7
420
16777215
100
AcDbHatch
 10
0.0
 20
0.0
 30
0.0
210
0.0
220
0.0
230
1.0
  2
SOLID
 70
1
 71
0
 91
1
 92
1
 93
1
 72
2
 10
11440.0
 20
13069.999999999998
 40
50.0
 50
0
 51
360
 73
1
 97
0
 75
1
 76
1
 98
0
  0
CIRCLE
  5
1D2
330
17
100
AcDbEntity
  8
EL-LIGHT
370
25
420
8077683
100
AcDbCircle
 10
11440.0
 20
13069.999999999998
 30
0.0
 40
50.0
  0
HATCH
  5
1D3
330
17
100
AcDbEntity
  8
EL-LIGHT
 62
7
420
8077683
100
AcDbHatch
 10
0.0
 20
0.0
 30
0.0
210
0.0
220
0.0
230
1.0
  2
SOLID
 70
1
 71
0
 91
1
 92
1
 93
1
 72
2
 10
11440.0
 20
13069.999999999998
 40
17.5
 50
0
 51
360
 73
1
 97
0
 75
1
 76
1
 98
0
  0
CIRCLE
  5
1D4
330
17
100
AcDbEntity
  8
EL-LIGHT
370
13
420
8077683
100
AcDbCircle
 10
11440.0
 20
13069.999999999998
 30
0.0
 40
17.5
  0
HATCH
  5
1D5
330
17
100
AcDbEntity
  8
EL-LIGHT
 62
7
420
16777215
100
AcDbHatch
 10
0.0
 20
0.0
 30
0.0
210
0.0
220
0.0
230
1.0
  2
SOLID
 70
1
 71
0
 91
1
 92
1
 93
1
 72
2
 10
8460.0
 20
14460.0
 40
50.0
 50
0
 51
360
 73
1
 97
0
 75
1
 76
1
 98
0
  0
CIRCLE
  5
1D6
330
17
100
AcDbEntity
  8
EL-LIGHT
370
25
420
3244733
100
AcDbCircle
 10
8460.0
 20
14460.0
 30
0.0
 40
50.0
  0
HATCH
  5
1D7
330
17
100
AcDbEntity
  8
EL-LIGHT
 62
7
420
3244733
100
AcDbHatch
 10
0.0
 20
0.0
 30
0.0
210
0.0
220
0.0
230
1.0
  2
SOLID
 70
1
 71
0
 91
1
 92
1
 93
1
 72
2
 10
8460.0
 20
14460.0
 40
17.5
 50
0
 51
360
 73
1
 97
0
 75
1
 76
1
 98
0
  0
CIRCLE
  5
1D8
330
17
100
AcDbEntity
  8
EL-LIGHT
370
13
420
3244733
100
AcDbCircle
 10
8460.0
 20
14460.0
 30
0.0
 40
17.5
  0
HATCH
  5
1D9
330
17
100
AcDbEntity
  8
EL-LIGHT
 62
7
420
16777215
100
AcDbHatch
 10
0.0
 20
0.0
 30
0.0
210
0.0
220
0.0
230
1.0
  2
SOLID
 70
1
 71
0
 91
1
 92
1
 93
1
 72
2
 10
8460.0
 20
14960.0
 40
50.0
 50
0
 51
360
 73
1
 97
0
 75
1
 76
1
 98
0
  0
CIRCLE
  5
1DA
330
17
100
AcDbEntity
  8
EL-LIGHT
370
25
420
3244733
100
AcDbCircle
 10
8460.0
 20
14960.0
 30
0.0
 40
50.0
  0
HATCH
  5
1DB
330
17
100
AcDbEntity
  8
EL-LIGHT
 62
7
420
3244733
100
AcDbHatch
 10
0.0
 20
0.0
 30
0.0
210
0.0
220
0.0
230
1.0
  2
SOLID
 70
1
 71
0
 91
1
 92
1
 93
1
 72
2
 10
8460.0
 20
14960.0
 40
17.5
 50
0
 51
360
 73
1
 97
0
 75
1
 76
1
 98
0
  0
CIRCLE
  5
1DC
330
17
100
AcDbEntity
  8
EL-LIGHT
370
13
420
3244733
100
AcDbCircle
 10
8460.0
 20
14960.0
 30
0.0
 40
17.5
  0
HATCH
  5
1DD
330
17
100
AcDbEntity
  8
EL-LIGHT
 62
7
420
16777215
100
AcDbHatch
 10
0.0
 20
0.0
 30
0.0
210
0.0
220
0.0
230
1.0
  2
SOLID
 70
1
 71
0
 91
1
 92
1
 93
1
 72
2
 10
8460.0
 20
15960.0
 40
50.0
 50
0
 51
360
 73
1
 97
0
 75
1
 76
1
 98
0
  0
CIRCLE
  5
1DE
330
17
100
AcDbEntity
  8
EL-LIGHT
370
25
420
3244733
100
AcDbCircle
 10
8460.0
 20
15960.0
 30
0.0
 40
50.0
  0
HATCH
  5
1DF
330
17
100
AcDbEntity
  8
EL-LIGHT
 62
7
420
3244733
100
AcDbHatch
 10
0.0
 20
0.0
 30
0.0
210
0.0
220
0.0
230
1.0
  2
SOLID
 70
1
 71
0
 91
1
 92
1
 93
1
 72
2
 10
8460.0
 20
15960.0
 40
17.5
 50
0
 51
360
 73
1
 97
0
 75
1
 76
1
 98
0
  0
CIRCLE
  5
1E0
330
17
100
AcDbEntity
  8
EL-LIGHT
370
13
420
3244733
100
AcDbCircle
 10
8460.0
 20
15960.0
 30
0.0
 40
17.5
  0
LWPOLYLINE
  5
1E1
330
17
100
AcDbEntity
  8
EL-LIGHT
  6
DASHED
370
70
 48
150.0
420
15095053
100
AcDbPolyline
 90
2
 70
0
 10
9110.0
 20
14231.0
 10
9110.0
 20
16481.0
  0
LWPOLYLINE
  5
1E2
330
17
100
AcDbEntity
  8
EL-LIGHT
  6
DASHED
370
70
 48
150.0
420
3253076
100
AcDbPolyline
 90
2
 70
0
 10
9190.0
 20
13660.0
 10
11790.0
 20
13660.0
  0
HATCH
  5
1E3
330
17
100
AcDbEntity
  8
EL-LIGHT
 62
7
420
16777215
100
AcDbHatch
 10
0.0
 20
0.0
 30
0.0
210
0.0
220
0.0
230
1.0
  2
SOLID
 70
1
 71
0
 91
1
 92
1
 93
1
 72
2
 10
9640.0
 20
15160.0
 40
50.0
 50
0
 51
360
 73
1
 97
0
 75
1
 76
1
 98
0
  0
CIRCLE
  5
1E4
330
17
100
AcDbEntity
  8
EL-LIGHT
370
25
420
7695281
100
AcDbCircle
 10
9640.0
 20
15160.0
 30
0.0
 40
50.0
  0
HATCH
  5
1E5
330
17
100
AcDbEntity
  8
EL-LIGHT
 62
7
420
7695281
100
AcDbHatch
 10
0.0
 20
0.0
 30
0.0
210
0.0
220
0.0
230
1.0
  2
SOLID
 70
1
 71
0
 91
1
 92
1
 93
1
 72
2
 10
9640.0
 20
15160.0
 40
17.5
 50
0
 51
360
 73
1
 97
0
 75
1
 76
1
 98
0
  0
CIRCLE
  5
1E6
330
17
100
AcDbEntity
  8
EL-LIGHT
370
13
420
7695281
100
AcDbCircle
 10
9640.0
 20
15160.0
 30
0.0
 40
17.5
  0
HATCH
  5
1E7
330
17
100
AcDbEntity
  8
EL-LIGHT
 62
7
420
16777215
100
AcDbHatch
 10
0.0
 20
0.0
 30
0.0
210
0.0
220
0.0
230
1.0
  2
SOLID
 70
1
 71
0
 91
1
 92
1
 93
1
 72
2
 10
10490.0
 20
15560.0
 40
50.0
 50
0
 51
360
 73
1
 97
0
 75
1
 76
1
 98
0
  0
CIRCLE
  5
1E8
330
17
100
AcDbEntity
  8
EL-LIGHT
370
25
420
7695281
100
AcDbCircle
 10
10490.0
 20
15560.0
 30
0.0
 40
50.0
  0
HATCH
  5
1E9
330
17
100
AcDbEntity
  8
EL-LIGHT
 62
7
420
7695281
100
AcDbHatch
 10
0.0
 20
0.0
 30
0.0
210
0.0
220
0.0
230
1.0
  2
SOLID
 70
1
 71
0
 91
1
 92
1
 93
1
 72
2
 10
10490.0
 20
15560.0
 40
17.5
 50
0
 51
360
 73
1
 97
0
 75
1
 76
1
 98
0
  0
CIRCLE
  5
1EA
330
17
100
AcDbEntity
  8
EL-LIGHT
370
13
420
7695281
100
AcDbCircle
 10
10490.0
 20
15560.0
 30
0.0
 40
17.5
  0
HATCH
  5
1EB
330
17
100
AcDbEntity
  8
EL-LIGHT
 62
7
420
16777215
100
AcDbHatch
 10
0.0
 20
0.0
 30
0.0
210
0.0
220
0.0
230
1.0
  2
SOLID
 70
1
 71
0
 91
1
 92
1
 93
1
 72
2
 10
10990.0
 20
14685.0
 40
50.0
 50
0
 51
360
 73
1
 97
0
 75
1
 76
1
 98
0
  0
CIRCLE
  5
1EC
330
17
100
AcDbEntity
  8
EL-LIGHT
370
25
420
7695281
100
AcDbCircle
 10
10990.0
 20
14685.0
 30
0.0
 40
50.0
  0
HATCH
  5
1ED
330
17
100
AcDbEntity
  8
EL-LIGHT
 62
7
420
7695281
100
AcDbHatch
 10
0.0
 20
0.0
 30
0.0
210
0.0
220
0.0
230
1.0
  2
SOLID
 70
1
 71
0
 91
1
 92
1
 93
1
 72
2
 10
10990.0
 20
14685.0
 40
17.5
 50
0
 51
360
 73
1
 97
0
 75
1
 76
1
 98
0
  0
CIRCLE
  5
1EE
330
17
100
AcDbEntity
  8
EL-LIGHT
370
13
420
7695281
100
AcDbCircle
 10
10990.0
 20
14685.0
 30
0.0
 40
17.5
  0
HATCH
  5
1EF
330
17
100
AcDbEntity
  8
EL-LIGHT
 62
7
420
16777215
100
AcDbHatch
 10
0.0
 20
0.0
 30
0.0
210
0.0
220
0.0
230
1.0
  2
SOLID
 70
1
 71
0
 91
1
 92
1
 93
1
 72
2
 10
11381.0
 20
15543.0
 40
50.0
 50
0
 51
360
 73
1
 97
0
 75
1
 76
1
 98
0
  0
CIRCLE
  5
1F0
330
17
100
AcDbEntity
  8
EL-LIGHT
370
25
420
7695281
100
AcDbCircle
 10
11381.0
 20
15543.0
 30
0.0
 40
50.0
  0
HATCH
  5
1F1
330
17
100
AcDbEntity
  8
EL-LIGHT
 62
7
420
7695281
100
AcDbHatch
 10
0.0
 20
0.0
 30
0.0
210
0.0
220
0.0
230
1.0
  2
SOLID
 70
1
 71
0
 91
1
 92
1
 93
1
 72
2
 10
11381.0
 20
15543.0
 40
17.5
 50
0
 51
360
 73
1
 97
0
 75
1
 76
1
 98
0
  0
CIRCLE
  5
1F2
330
17
100
AcDbEntity
  8
EL-LIGHT
370
13
420
7695281
100
AcDbCircle
 10
11381.0
 20
15543.0
 30
0.0
 40
17.5
  0
HATCH
  5
1F3
330
17
100
AcDbEntity
  8
EL-LIGHT
 62
7
420
6513507
100
AcDbHatch
 10
0.0
 20
0.0
 30
0.0
210
0.0
220
0.0
230
1.0
  2
SOLID
 70
1
 71
0
 91
1
 92
3
 72
0
 73
1
 93
13
 10
9580.000000000002
 20
16351.0
 10
9582.725933896876
 20
16330.294476391797
 10
9590.717967697246
 20
16310.999999999998
 10
9603.431457505078
 20
16294.431457505076
 10
9620.0
 20
16281.717967697245
 10
9639.2944763918
 20
16273.725933896872
 10
9660.0
 20
16270.999999999998
 10
9680.705523608201
 20
16273.725933896872
 10
9700.000000000002
 20
16281.717967697245
 10
9716.568542494924
 20
16294.431457505076
 10
9729.282032302755
 20
16310.999999999998
 10
9737.274066103126
 20
16330.294476391797
 10
9740.0
 20
16351.0
 97
0
 75
1
 76
1
 98
0
  0
LWPOLYLINE
  5
1F4
330
17
100
AcDbEntity
  8
EL-LIGHT
370
30
420
6513507
100
AcDbPolyline
 90
13
 70
1
 10
9580.000000000002
 20
16351.0
 10
9582.725933896876
 20
16330.294476391797
 10
9590.717967697246
 20
16310.999999999998
 10
9603.431457505078
 20
16294.431457505076
 10
9620.0
 20
16281.717967697245
 10
9639.2944763918
 20
16273.725933896872
 10
9660.0
 20
16270.999999999998
 10
9680.705523608201
 20
16273.725933896872
 10
9700.000000000002
 20
16281.717967697245
 10
9716.568542494924
 20
16294.431457505076
 10
9729.282032302755
 20
16310.999999999998
 10
9737.274066103126
 20
16330.294476391797
 10
9740.0
 20
16351.0
  0
LWPOLYLINE
  5
1F5
330
17
100
AcDbEntity
  8
EL-LIGHT
  6
DASHED
370
70
 48
150.0
420
7057110
100
AcDbPolyline
 90
2
 70
0
 10
9210.0
 20
15871.0
 10
10110.0
 20
15871.0
  0
HATCH
  5
1F6
330
17
100
AcDbEntity
  8
EL-LIGHT
 62
7
420
16777215
100
AcDbHatch
 10
0.0
 20
0.0
 30
0.0
210
0.0
220
0.0
230
1.0
  2
SOLID
 70
1
 71
0
 91
1
 92
1
 93
1
 72
2
 10
9165.0
 20
10990.0
 40
50.0
 50
0
 51
360
 73
1
 97
0
 75
1
 76
1
 98
0
  0
CIRCLE
  5
1F7
330
17
100
AcDbEntity
  8
EL-LIGHT
370
25
420
16616764
100
AcDbCircle
 10
9165.0
 20
10990.0
 30
0.0
 40
50.0
  0
HATCH
  5
1F8
330
17
100
AcDbEntity
  8
EL-LIGHT
 62
7
420
16616764
100
AcDbHatch
 10
0.0
 20
0.0
 30
0.0
210
0.0
220
0.0
230
1.0
  2
SOLID
 70
1
 71
0
 91
1
 92
1
 93
1
 72
2
 10
9165.0
 20
10990.0
 40
17.5
 50
0
 51
360
 73
1
 97
0
 75
1
 76
1
 98
0
  0
CIRCLE
  5
1F9
330
17
100
AcDbEntity
  8
EL-LIGHT
370
13
420
16616764
100
AcDbCircle
 10
9165.0
 20
10990.0
 30
0.0
 40
17.5
  0
HATCH
  5
1FA
330
17
100
AcDbEntity
  8
EL-LIGHT
 62
7
420
16777215
100
AcDbHatch
 10
0.0
 20
0.0
 30
0.0
210
0.0
220
0.0
230
1.0
  2
SOLID
 70
1
 71
0
 91
1
 92
1
 93
1
 72
2
 10
9840.0
 20
11510.0
 40
50.0
 50
0
 51
360
 73
1
 97
0
 75
1
 76
1
 98
0
  0
CIRCLE
  5
1FB
330
17
100
AcDbEntity
  8
EL-LIGHT
370
25
420
16616764
100
AcDbCircle
 10
9840.0
 20
11510.0
 30
0.0
 40
50.0
  0
HATCH
  5
1FC
330
17
100
AcDbEntity
  8
EL-LIGHT
 62
7
420
16616764
100
AcDbHatch
 10
0.0
 20
0.0
 30
0.0
210
0.0
220
0.0
230
1.0
  2
SOLID
 70
1
 71
0
 91
1
 92
1
 93
1
 72
2
 10
9840.0
 20
11510.0
 40
17.5
 50
0
 51
360
 73
1
 97
0
 75
1
 76
1
 98
0
  0
CIRCLE
  5
1FD
330
17
100
AcDbEntity
  8
EL-LIGHT
370
13
420
16616764
100
AcDbCircle
 10
9840.0
 20
11510.0
 30
0.0
 40
17.5
  0
HATCH
  5
1FE
330
17
100
AcDbEntity
  8
EL-LIGHT
 62
7
420
16777215
100
AcDbHatch
 10
0.0
 20
0.0
 30
0.0
210
0.0
220
0.0
230
1.0
  2
SOLID
 70
1
 71
0
 91
1
 92
1
 93
1
 72
2
 10
9190.0
 20
12060.0
 40
50.0
 50
0
 51
360
 73
1
 97
0
 75
1
 76
1
 98
0
  0
CIRCLE
  5
1FF
330
17
100
AcDbEntity
  8
EL-LIGHT
370
25
420
16616764
100
AcDbCircle
 10
9190.0
 20
12060.0
 30
0.0
 40
50.0
  0
HATCH
  5
200
330
17
100
AcDbEntity
  8
EL-LIGHT
 62
7
420
16616764
100
AcDbHatch
 10
0.0
 20
0.0
 30
0.0
210
0.0
220
0.0
230
1.0
  2
SOLID
 70
1
 71
0
 91
1
 92
1
 93
1
 72
2
 10
9190.0
 20
12060.0
 40
17.5
 50
0
 51
360
 73
1
 97
0
 75
1
 76
1
 98
0
  0
CIRCLE
  5
201
330
17
100
AcDbEntity
  8
EL-LIGHT
370
13
420
16616764
100
AcDbCircle
 10
9190.0
 20
12060.0
 30
0.0
 40
17.5
  0
TEXT
  5
202
330
17
100
AcDbEntity
  8
TEXT
420
14034728
100
AcDbText
 10
6403.388347648318
 20
10898.388347648319
 30
0.0
 40
75.0
  1
L1-1
  7
GOST
 11
6403.388347648318
 21
10898.388347648319
 31
0.0
100
AcDbText
  0
TEXT
  5
203
330
17
100
AcDbEntity
  8
TEXT
420
2062260
100
AcDbText
 10
5349.099025766973
 20
11669.099025766975
 30
0.0
 40
75.0
  1
L2-1
  7
GOST
 11
5349.099025766973
 21
11669.099025766975
 31
0.0
100
AcDbText
  0
LWPOLYLINE
  5
204
330
17
100
AcDbEntity
  8
TEXT
370
15
420
2062260
100
AcDbPolyline
 90
2
 70
0
 10
5190.0
 20
11510.0
 10
5334.099025766973
 20
11654.099025766973
  0
HATCH
  5
205
330
17
100
AcDbEntity
  8
TEXT
 62
7
420
2062260
100
AcDbHatch
 10
0.0
 20
0.0
 30
0.0
210
0.0
220
0.0
230
1.0
  2
SOLID
 70
1
 71
0
 91
1
 92
1
 93
1
 72
2
 10
5190.0
 20
11510.0
 40
12.5
 50
0
 51
360
 73
1
 97
0
 75
1
 76
1
 98
0
  0
CIRCLE
  5
206
330
17
100
AcDbEntity
  8
TEXT
370
13
420
2062260
100
AcDbCircle
 10
5190.0
 20
11510.0
 30
0.0
 40
12.5
  0
TEXT
  5
207
330
17
100
AcDbEntity
  8
TEXT
420
2062260
100
AcDbText
 10
6149.099025766973
 20
11669.099025766975
 30
0.0
 40
75.0
  1
L2-2
  7
GOST
 11
6149.099025766973
 21
11669.099025766975
 31
0.0
100
AcDbText
  0
LWPOLYLINE
  5
208
330
17
100
AcDbEntity
  8
TEXT
370
15
420
2062260
100
AcDbPolyline
 90
2
 70
0
 10
5990.0
 20
11510.0
 10
6134.099025766973
 20
11654.099025766973
  0
HATCH
  5
209
330
17
100
AcDbEntity
  8
TEXT
 62
7
420
2062260
100
AcDbHatch
 10
0.0
 20
0.0
 30
0.0
210
0.0
220
0.0
230
1.0
  2
SOLID
 70
1
 71
0
 91
1
 92
1
 93
1
 72
2
 10
5990.0
 20
11510.0
 40
12.5
 50
0
 51
360
 73
1
 97
0
 75
1
 76
1
 98
0
  0
CIRCLE
  5
20A
330
17
100
AcDbEntity
  8
TEXT
370
13
420
2062260
100
AcDbCircle
 10
5990.0
 20
11510.0
 30
0.0
 40
12.5
  0
TEXT
  5
20B
330
17
100
AcDbEntity
  8
TEXT
420
2062260
100
AcDbText
 10
6949.099025766974
 20
11669.099025766975
 30
0.0
 40
75.0
  1
L2-3
  7
GOST
 11
6949.099025766974
 21
11669.099025766975
 31
0.0
100
AcDbText
  0
LWPOLYLINE
  5
20C
330
17
100
AcDbEntity
  8
TEXT
370
15
420
2062260
100
AcDbPolyline
 90
2
 70
0
 10
6790.000000000001
 20
11510.0
 10
6934.099025766973
 20
11654.099025766973
  0
HATCH
  5
20D
330
17
100
AcDbEntity
  8
TEXT
 62
7
420
2062260
100
AcDbHatch
 10
0.0
 20
0.0
 30
0.0
210
0.0
220
0.0
230
1.0
  2
SOLID
 70
1
 71
0
 91
1
 92
1
 93
1
 72
2
 10
6790.000000000001
 20
11510.0
 40
12.5
 50
0
 51
360
 73
1
 97
0
 75
1
 76
1
 98
0
  0
CIRCLE
  5
20E
330
17
100
AcDbEntity
  8
TEXT
370
13
420
2062260
100
AcDbCircle
 10
6790.000000000001
 20
11510.0
 30
0.0
 40
12.5
  0
TEXT
  5
20F
330
17
100
AcDbEntity
  8
TEXT
420
2062260
100
AcDbText
 10
7749.099025766974
 20
11275.900974233027
 30
0.0
 40
75.0
  1
L2-4
  7
GOST
 11
7749.099025766974
 21
11275.900974233027
 31
0.0
100
AcDbText
  0
LWPOLYLINE
  5
210
330
17
100
AcDbEntity
  8
TEXT
370
15
420
2062260
100
AcDbPolyline
 90
2
 70
0
 10
7590.000000000001
 20
11510.0
 10
7734.099025766973
 20
11365.900974233029
  0
HATCH
  5
211
330
17
100
AcDbEntity
  8
TEXT
 62
7
420
2062260
100
AcDbHatch
 10
0.0
 20
0.0
 30
0.0
210
0.0
220
0.0
230
1.0
  2
SOLID
 70
1
 71
0
 91
1
 92
1
 93
1
 72
2
 10
7590.000000000001
 20
11510.0
 40
12.5
 50
0
 51
360
 73
1
 97
0
 75
1
 76
1
 98
0
  0
CIRCLE
  5
212
330
17
100
AcDbEntity
  8
TEXT
370
13
420
2062260
100
AcDbCircle
 10
7590.000000000001
 20
11510.0
 30
0.0
 40
12.5
  0
TEXT
  5
213
330
17
100
AcDbEntity
  8
TEXT
420
2924588
100
AcDbText
 10
6249.099025766973
 20
13019.099025766975
 30
0.0
 40
75.0
  1
L3-1
  7
GOST
 11
6249.099025766973
 21
13019.099025766975
 31
0.0
100
AcDbText
  0
LWPOLYLINE
  5
214
330
17
100
AcDbEntity
  8
TEXT
370
15
420
2924588
100
AcDbPolyline
 90
2
 70
0
 10
6090.0
 20
12860.0
 10
6234.099025766973
 20
13004.099025766973
  0
HATCH
  5
215
330
17
100
AcDbEntity
  8
TEXT
 62
7
420
2924588
100
AcDbHatch
 10
0.0
 20
0.0
 30
0.0
210
0.0
220
0.0
230
1.0
  2
SOLID
 70
1
 71
0
 91
1
 92
1
 93
1
 72
2
 10
6090.0
 20
12860.0
 40
12.5
 50
0
 51
360
 73
1
 97
0
 75
1
 76
1
 98
0
  0
CIRCLE
  5
216
330
17
100
AcDbEntity
  8
TEXT
370
13
420
2924588
100
AcDbCircle
 10
6090.0
 20
12860.0
 30
0.0
 40
12.5
  0
TEXT
  5
217
330
17
100
AcDbEntity
  8
TEXT
420
9725885
100
AcDbText
 10
5649.099025766973
 20
13855.900974233025
 30
0.0
 40
75.0
  1
L4-1
  7
GOST
 11
5649.099025766973
 21
13855.900974233025
 31
0.0
100
AcDbText
  0
LWPOLYLINE
  5
218
330
17
100
AcDbEntity
  8
TEXT
370
15
420
9725885
100
AcDbPolyline
 90
2
 70
0
 10
5490.0
 20
14090.0
 10
5634.099025766973
 20
13945.900974233027
  0
HATCH
  5
219
330
17
100
AcDbEntity
  8
TEXT
 62
7
420
9725885
100
AcDbHatch
 10
0.0
 20
0.0
 30
0.0
210
0.0
220
0.0
230
1.0
  2
SOLID
 70
1
 71
0
 91
1
 92
1
 93
1
 72
2
 10
5490.0
 20
14090.0
 40
12.5
 50
0
 51
360
 73
1
 97
0
 75
1
 76
1
 98
0
  0
CIRCLE
  5
21A
330
17
100
AcDbEntity
  8
TEXT
370
13
420
9725885
100
AcDbCircle
 10
5490.0
 20
14090.0
 30
0.0
 40
12.5
  0
TEXT
  5
21B
330
17
100
AcDbEntity
  8
TEXT
420
9725885
100
AcDbText
 10
6849.099025766974
 20
13855.900974233025
 30
0.0
 40
75.0
  1
L4-2
  7
GOST
 11
6849.099025766974
 21
13855.900974233025
 31
0.0
100
AcDbText
  0
LWPOLYLINE
  5
21C
330
17
100
AcDbEntity
  8
TEXT
370
15
420
9725885
100
AcDbPolyline
 90
2
 70
0
 10
6690.000000000001
 20
14090.0
 10
6834.099025766973
 20
13945.900974233027
  0
HATCH
  5
21D
330
17
100
AcDbEntity
  8
TEXT
 62
7
420
9725885
100
AcDbHatch
 10
0.0
 20
0.0
 30
0.0
210
0.0
220
0.0
230
1.0
  2
SOLID
 70
1
 71
0
 91
1
 92
1
 93
1
 72
2
 10
6690.000000000001
 20
14090.0
 40
12.5
 50
0
 51
360
 73
1
 97
0
 75
1
 76
1
 98
0
  0
CIRCLE
  5
21E
330
17
100
AcDbEntity
  8
TEXT
370
13
420
9725885
100
AcDbCircle
 10
6690.000000000001
 20
14090.0
 30
0.0
 40
12.5
  0
TEXT
  5
21F
330
17
100
AcDbEntity
  8
TEXT
420
9725885
100
AcDbText
 10
8078.388347648318
 20
12213.388347648317
 30
0.0
 40
75.0
  1
L4-3
  7
GOST
 11
8078.388347648318
 21
12213.388347648317
 31
0.0
100
AcDbText
  0
TEXT
  5
220
330
17
100
AcDbEntity
  8
TEXT
420
16744206
100
AcDbText
 10
6403.388347648318
 20
11188.388347648317
 30
0.0
 40
75.0
  1
L5-1
  7
GOST
 11
6403.388347648318
 21
11188.388347648317
 31
0.0
100
AcDbText
  0
TEXT
  5
221
330
17
100
AcDbEntity
  8
TEXT
420
9197131
100
AcDbText
 10
2449.0990257669728
 20
10875.900974233027
 30
0.0
 40
75.0
  1
L6-1
  7
GOST
 11
2449.0990257669728
 21
10875.900974233027
 31
0.0
100
AcDbText
  0
LWPOLYLINE
  5
222
330
17
100
AcDbEntity
  8
TEXT
370
15
420
9197131
100
AcDbPolyline
 90
2
 70
0
 10
2290.0
 20
11110.0
 10
2434.099025766973
 20
10965.900974233029
  0
HATCH
  5
223
330
17
100
AcDbEntity
  8
TEXT
 62
7
420
9197131
100
AcDbHatch
 10
0.0
 20
0.0
 30
0.0
210
0.0
220
0.0
230
1.0
  2
SOLID
 70
1
 71
0
 91
1
 92
1
 93
1
 72
2
 10
2290.0
 20
11110.0
 40
12.5
 50
0
 51
360
 73
1
 97
0
 75
1
 76
1
 98
0
  0
CIRCLE
  5
224
330
17
100
AcDbEntity
  8
TEXT
370
13
420
9197131
100
AcDbCircle
 10
2290.0
 20
11110.0
 30
0.0
 40
12.5
  0
TEXT
  5
225
330
17
100
AcDbEntity
  8
TEXT
420
9197131
100
AcDbText
 10
2449.0990257669728
 20
13169.099025766975
 30
0.0
 40
75.0
  1
L6-2
  7
GOST
 11
2449.0990257669728
 21
13169.099025766975
 31
0.0
100
AcDbText
  0
LWPOLYLINE
  5
226
330
17
100
AcDbEntity
  8
TEXT
370
15
420
9197131
100
AcDbPolyline
 90
2
 70
0
 10
2290.0
 20
13010.0
 10
2434.099025766973
 20
13154.099025766973
  0
HATCH
  5
227
330
17
100
AcDbEntity
  8
TEXT
 62
7
420
9197131
100
AcDbHatch
 10
0.0
 20
0.0
 30
0.0
210
0.0
220
0.0
230
1.0
  2
SOLID
 70
1
 71
0
 91
1
 92
1
 93
1
 72
2
 10
2290.0
 20
13010.0
 40
12.5
 50
0
 51
360
 73
1
 97
0
 75
1
 76
1
 98
0
  0
CIRCLE
  5
228
330
17
100
AcDbEntity
  8
TEXT
370
13
420
9197131
100
AcDbCircle
 10
2290.0
 20
13010.0
 30
0.0
 40
12.5
  0
TEXT
  5
229
330
17
100
AcDbEntity
  8
TEXT
420
9197131
100
AcDbText
 10
3449.0990257669737
 20
11269.099025766975
 30
0.0
 40
75.0
  1
L6-3
  7
GOST
 11
3449.0990257669737
 21
11269.099025766975
 31
0.0
100
AcDbText
  0
LWPOLYLINE
  5
22A
330
17
100
AcDbEntity
  8
TEXT
370
15
420
9197131
100
AcDbPolyline
 90
2
 70
0
 10
3290.0000000000005
 20
11110.0
 10
3434.0990257669737
 20
11254.099025766973
  0
HATCH
  5
22B
330
17
100
AcDbEntity
  8
TEXT
 62
7
420
9197131
100
AcDbHatch
 10
0.0
 20
0.0
 30
0.0
210
0.0
220
0.0
230
1.0
  2
SOLID
 70
1
 71
0
 91
1
 92
1
 93
1
 72
2
 10
3290.0000000000005
 20
11110.0
 40
12.5
 50
0
 51
360
 73
1
 97
0
 75
1
 76
1
 98
0
  0
CIRCLE
  5
22C
330
17
100
AcDbEntity
  8
TEXT
370
13
420
9197131
100
AcDbCircle
 10
3290.0000000000005
 20
11110.0
 30
0.0
 40
12.5
  0
TEXT
  5
22D
330
17
100
AcDbEntity
  8
TEXT
420
9197131
100
AcDbText
 10
3449.0990257669737
 20
13169.099025766975
 30
0.0
 40
75.0
  1
L6-4
  7
GOST
 11
3449.0990257669737
 21
13169.099025766975
 31
0.0
100
AcDbText
  0
LWPOLYLINE
  5
22E
330
17
100
AcDbEntity
  8
TEXT
370
15
420
9197131
100
AcDbPolyline
 90
2
 70
0
 10
3290.0000000000005
 20
13010.0
 10
3434.0990257669737
 20
13154.099025766973
  0
HATCH
  5
22F
330
17
100
AcDbEntity
  8
TEXT
 62
7
420
9197131
100
AcDbHatch
 10
0.0
 20
0.0
 30
0.0
210
0.0
220
0.0
230
1.0
  2
SOLID
 70
1
 71
0
 91
1
 92
1
 93
1
 72
2
 10
3290.0000000000005
 20
13010.0
 40
12.5
 50
0
 51
360
 73
1
 97
0
 75
1
 76
1
 98
0
  0
CIRCLE
  5
230
330
17
100
AcDbEntity
  8
TEXT
370
13
420
9197131
100
AcDbCircle
 10
3290.0000000000005
 20
13010.0
 30
0.0
 40
12.5
  0
TEXT
  5
231
330
17
100
AcDbEntity
  8
TEXT
420
14907330
100
AcDbText
 10
2697.3883476483184
 20
12154.888347648319
 30
0.0
 40
75.0
  1
L7-1
  7
GOST
 11
2697.3883476483184
 21
12154.888347648319
 31
0.0
100
AcDbText
  0
TEXT
  5
232
330
17
100
AcDbEntity
  8
TEXT
420
1556175
100
AcDbText
 10
6139.099025766974
 20
16985.099025766973
 30
0.0
 40
75.0
  1
L8-1
  7
GOST
 11
6139.099025766974
 21
16985.099025766973
 31
0.0
100
AcDbText
  0
LWPOLYLINE
  5
233
330
17
100
AcDbEntity
  8
TEXT
370
15
420
1556175
100
AcDbPolyline
 90
2
 70
0
 10
5980.0
 20
16826.0
 10
6124.099025766974
 20
16970.099025766973
  0
HATCH
  5
234
330
17
100
AcDbEntity
  8
TEXT
 62
7
420
1556175
100
AcDbHatch
 10
0.0
 20
0.0
 30
0.0
210
0.0
220
0.0
230
1.0
  2
SOLID
 70
1
 71
0
 91
1
 92
1
 93
1
 72
2
 10
5980.0
 20
16826.0
 40
12.5
 50
0
 51
360
 73
1
 97
0
 75
1
 76
1
 98
0
  0
CIRCLE
  5
235
330
17
100
AcDbEntity
  8
TEXT
370
13
420
1556175
100
AcDbCircle
 10
5980.0
 20
16826.0
 30
0.0
 40
12.5
  0
TEXT
  5
236
330
17
100
AcDbEntity
  8
TEXT
420
12369186
100
AcDbText
 10
4418.388347648318
 20
17214.388347648317
 30
0.0
 40
75.0
  1
L9-1
  7
GOST
 11
4418.388347648318
 21
17214.388347648317
 31
0.0
100
AcDbText
  0
TEXT
  5
237
330
17
100
AcDbEntity
  8
TEXT
420
8355711
100
AcDbText
 10
6068.388347648319
 20
19309.38834764832
 30
0.0
 40
75.0
  1
L10-1
  7
GOST
 11
6068.388347648319
 21
19309.38834764832
 31
0.0
100
AcDbText
  0
TEXT
  5
238
330
17
100
AcDbEntity
  8
TEXT
420
3750777
100
AcDbText
 10
4489.099025766973
 20
16085.099025766973
 30
0.0
 40
75.0
  1
L11-1
  7
GOST
 11
4489.099025766973
 21
16085.099025766973
 31
0.0
100
AcDbText
  0
LWPOLYLINE
  5
239
330
17
100
AcDbEntity
  8
TEXT
370
15
420
3750777
100
AcDbPolyline
 90
2
 70
0
 10
4330.0
 20
15926.0
 10
4474.099025766973
 20
16070.099025766973
  0
HATCH
  5
23A
330
17
100
AcDbEntity
  8
TEXT
 62
7
420
3750777
100
AcDbHatch
 10
0.0
 20
0.0
 30
0.0
210
0.0
220
0.0
230
1.0
  2
SOLID
 70
1
 71
0
 91
1
 92
1
 93
1
 72
2
 10
4330.0
 20
15926.0
 40
12.5
 50
0
 51
360
 73
1
 97
0
 75
1
 76
1
 98
0
  0
CIRCLE
  5
23B
330
17
100
AcDbEntity
  8
TEXT
370
13
420
3750777
100
AcDbCircle
 10
4330.0
 20
15926.0
 30
0.0
 40
12.5
  0
TEXT
  5
23C
330
17
100
AcDbEntity
  8
TEXT
420
3750777
100
AcDbText
 10
4489.099025766973
 20
18485.099025766973
 30
0.0
 40
75.0
  1
L11-2
  7
GOST
 11
4489.099025766973
 21
18485.099025766973
 31
0.0
100
AcDbText
  0
LWPOLYLINE
  5
23D
330
17
100
AcDbEntity
  8
TEXT
370
15
420
3750777
100
AcDbPolyline
 90
2
 70
0
 10
4330.0
 20
18326.0
 10
4474.099025766973
 20
18470.099025766973
  0
HATCH
  5
23E
330
17
100
AcDbEntity
  8
TEXT
 62
7
420
3750777
100
AcDbHatch
 10
0.0
 20
0.0
 30
0.0
210
0.0
220
0.0
230
1.0
  2
SOLID
 70
1
 71
0
 91
1
 92
1
 93
1
 72
2
 10
4330.0
 20
18326.0
 40
12.5
 50
0
 51
360
 73
1
 97
0
 75
1
 76
1
 98
0
  0
CIRCLE
  5
23F
330
17
100
AcDbEntity
  8
TEXT
370
13
420
3750777
100
AcDbCircle
 10
4330.0
 20
18326.0
 30
0.0
 40
12.5
  0
TEXT
  5
240
330
17
100
AcDbEntity
  8
TEXT
420
6519097
100
AcDbText
 10
6995.15331901835
 20
17214.388347648317
 30
0.0
 40
75.0
  1
L12-1
  7
GOST
 11
6995.15331901835
 21
17214.388347648317
 31
0.0
100
AcDbText
  0
TEXT
  5
241
330
17
100
AcDbEntity
  8
TEXT
420
9202993
100
AcDbText
 10
5918.388347648319
 20
14898.388347648319
 30
0.0
 40
75.0
  1
L13-1
  7
GOST
 11
5918.388347648319
 21
14898.388347648319
 31
0.0
100
AcDbText
  0
TEXT
  5
242
330
17
100
AcDbEntity
  8
TEXT
420
8666169
100
AcDbText
 10
10044.099025766975
 20
17756.900974233027
 30
0.0
 40
75.0
  1
L14-1
  7
GOST
 11
10044.099025766975
 21
17756.900974233027
 31
0.0
100
AcDbText
  0
LWPOLYLINE
  5
243
330
17
100
AcDbEntity
  8
TEXT
370
15
420
8666169
100
AcDbPolyline
 90
2
 70
0
 10
9885.0
 20
17991.000000000004
 10
10029.099025766973
 20
17846.900974233027
  0
HATCH
  5
244
330
17
100
AcDbEntity
  8
TEXT
 62
7
420
8666169
100
AcDbHatch
 10
0.0
 20
0.0
 30
0.0
210
0.0
220
0.0
230
1.0
  2
SOLID
 70
1
 71
0
 91
1
 92
1
 93
1
 72
2
 10
9885.0
 20
17991.000000000004
 40
12.5
 50
0
 51
360
 73
1
 97
0
 75
1
 76
1
 98
0
  0
CIRCLE
  5
245
330
17
100
AcDbEntity
  8
TEXT
370
13
420
8666169
100
AcDbCircle
 10
9885.0
 20
17991.000000000004
 30
0.0
 40
12.5
  0
TEXT
  5
246
330
17
100
AcDbEntity
  8
TEXT
420
8077683
100
AcDbText
 10
8749.099025766973
 20
13469.099025766975
 30
0.0
 40
75.0
  1
L15-1
  7
GOST
 11
8749.099025766973
 21
13469.099025766975
 31
0.0
100
AcDbText
  0
LWPOLYLINE
  5
247
330
17
100
AcDbEntity
  8
TEXT
370
15
420
8077683
100
AcDbPolyline
 90
2
 70
0
 10
8590.0
 20
13310.0
 10
8734.099025766973
 20
13454.099025766973
  0
HATCH
  5
248
330
17
100
AcDbEntity
  8
TEXT
 62
7
420
8077683
100
AcDbHatch
 10
0.0
 20
0.0
 30
0.0
210
0.0
220
0.0
230
1.0
  2
SOLID
 70
1
 71
0
 91
1
 92
1
 93
1
 72
2
 10
8590.0
 20
13310.0
 40
12.5
 50
0
 51
360
 73
1
 97
0
 75
1
 76
1
 98
0
  0
CIRCLE
  5
249
330
17
100
AcDbEntity
  8
TEXT
370
13
420
8077683
100
AcDbCircle
 10
8590.0
 20
13310.0
 30
0.0
 40
12.5
  0
TEXT
  5
24A
330
17
100
AcDbEntity
  8
TEXT
420
8077683
100
AcDbText
 10
9399.099025766973
 20
13229.099025766973
 30
0.0
 40
75.0
  1
L15-2
  7
GOST
 11
9399.099025766973
 21
13229.099025766973
 31
0.0
100
AcDbText
  0
LWPOLYLINE
  5
24B
330
17
100
AcDbEntity
  8
TEXT
370
15
420
8077683
100
AcDbPolyline
 90
2
 70
0
 10
9240.0
 20
13069.999999999998
 10
9384.099025766973
 20
13214.099025766973
  0
HATCH
  5
24C
330
17
100
AcDbEntity
  8
TEXT
 62
7
420
8077683
100
AcDbHatch
 10
0.0
 20
0.0
 30
0.0
210
0.0
220
0.0
230
1.0
  2
SOLID
 70
1
 71
0
 91
1
 92
1
 93
1
 72
2
 10
9240.0
 20
13069.999999999998
 40
12.5
 50
0
 51
360
 73
1
 97
0
 75
1
 76
1
 98
0
  0
CIRCLE
  5
24D
330
17
100
AcDbEntity
  8
TEXT
370
13
420
8077683
100
AcDbCircle
 10
9240.0
 20
13069.999999999998
 30
0.0
 40
12.5
  0
TEXT
  5
24E
330
17
100
AcDbEntity
  8
TEXT
420
8077683
100
AcDbText
 10
10199.099025766973
 20
13229.099025766973
 30
0.0
 40
75.0
  1
L15-3
  7
GOST
 11
10199.099025766973
 21
13229.099025766973
 31
0.0
100
AcDbText
  0
LWPOLYLINE
  5
24F
330
17
100
AcDbEntity
  8
TEXT
370
15
420
8077683
100
AcDbPolyline
 90
2
 70
0
 10
10040.0
 20
13069.999999999998
 10
10184.099025766973
 20
13214.099025766973
  0
HATCH
  5
250
330
17
100
AcDbEntity
  8
TEXT
 62
7
420
8077683
100
AcDbHatch
 10
0.0
 20
0.0
 30
0.0
210
0.0
220
0.0
230
1.0
  2
SOLID
 70
1
 71
0
 91
1
 92
1
 93
1
 72
2
 10
10040.0
 20
13069.999999999998
 40
12.5
 50
0
 51
360
 73
1
 97
0
 75
1
 76
1
 98
0
  0
CIRCLE
  5
251
330
17
100
AcDbEntity
  8
TEXT
370
13
420
8077683
100
AcDbCircle
 10
10040.0
 20
13069.999999999998
 30
0.0
 40
12.5
  0
TEXT
  5
252
330
17
100
AcDbEntity
  8
TEXT
420
8077683
100
AcDbText
 10
10999.099025766973
 20
13229.099025766973
 30
0.0
 40
75.0
  1
L15-4
  7
GOST
 11
10999.099025766973
 21
13229.099025766973
 31
0.0
100
AcDbText
  0
LWPOLYLINE
  5
253
330
17
100
AcDbEntity
  8
TEXT
370
15
420
8077683
100
AcDbPolyline
 90
2
 70
0
 10
10840.0
 20
13069.999999999998
 10
10984.099025766973
 20
13214.099025766973
  0
HATCH
  5
254
330
17
100
AcDbEntity
  8
TEXT
 62
7
420
8077683
100
AcDbHatch
 10
0.0
 20
0.0
 30
0.0
210
0.0
220
0.0
230
1.0
  2
SOLID
 70
1
 71
0
 91
1
 92
1
 93
1
 72
2
 10
10840.0
 20
13069.999999999998
 40
12.5
 50
0
 51
360
 73
1
 97
0
 75
1
 76
1
 98
0
  0
CIRCLE
  5
255
330
17
100
AcDbEntity
  8
TEXT
370
13
420
8077683
100
AcDbCircle
 10
10840.0
 20
13069.999999999998
 30
0.0
 40
12.5
  0
TEXT
  5
256
330
17
100
AcDbEntity
  8
TEXT
420
8077683
100
AcDbText
 10
11296.513631687243
 20
12769.999999999998
 30
0.0
 40
75.0
  1
L15-5
  7
GOST
 11
11296.513631687243
 21
12769.999999999998
 31
0.0
100
AcDbText
  0
LWPOLYLINE
  5
257
330
17
100
AcDbEntity
  8
TEXT
370
15
420
8077683
100
AcDbPolyline
 90
2
 70
0
 10
11440.0
 20
13069.999999999998
 10
11440.0
 20
12860.0
  0
HATCH
  5
258
330
17
100
AcDbEntity
  8
TEXT
 62
7
420
8077683
100
AcDbHatch
 10
0.0
 20
0.0
 30
0.0
210
0.0
220
0.0
230
1.0
  2
SOLID
 70
1
 71
0
 91
1
 92
1
 93
1
 72
2
 10
11440.0
 20
13069.999999999998
 40
12.5
 50
0
 51
360
 73
1
 97
0
 75
1
 76
1
 98
0
  0
CIRCLE
  5
259
330
17
100
AcDbEntity
  8
TEXT
370
13
420
8077683
100
AcDbCircle
 10
11440.0
 20
13069.999999999998
 30
0.0
 40
12.5
  0
TEXT
  5
25A
330
17
100
AcDbEntity
  8
TEXT
420
3244733
100
AcDbText
 10
8619.099025766975
 20
14619.099025766975
 30
0.0
 40
75.0
  1
L16-1
  7
GOST
 11
8619.099025766975
 21
14619.099025766975
 31
0.0
100
AcDbText
  0
LWPOLYLINE
  5
25B
330
17
100
AcDbEntity
  8
TEXT
370
15
420
3244733
100
AcDbPolyline
 90
2
 70
0
 10
8460.0
 20
14460.0
 10
8604.099025766973
 20
14604.099025766973
  0
HATCH
  5
25C
330
17
100
AcDbEntity
  8
TEXT
 62
7
420
3244733
100
AcDbHatch
 10
0.0
 20
0.0
 30
0.0
210
0.0
220
0.0
230
1.0
  2
SOLID
 70
1
 71
0
 91
1
 92
1
 93
1
 72
2
 10
8460.0
 20
14460.0
 40
12.5
 50
0
 51
360
 73
1
 97
0
 75
1
 76
1
 98
0
  0
CIRCLE
  5
25D
330
17
100
AcDbEntity
  8
TEXT
370
13
420
3244733
100
AcDbCircle
 10
8460.0
 20
14460.0
 30
0.0
 40
12.5
  0
TEXT
  5
25E
330
17
100
AcDbEntity
  8
TEXT
420
3244733
100
AcDbText
 10
8619.099025766975
 20
15119.099025766975
 30
0.0
 40
75.0
  1
L16-2
  7
GOST
 11
8619.099025766975
 21
15119.099025766975
 31
0.0
100
AcDbText
  0
LWPOLYLINE
  5
25F
330
17
100
AcDbEntity
  8
TEXT
370
15
420
3244733
100
AcDbPolyline
 90
2
 70
0
 10
8460.0
 20
14960.0
 10
8604.099025766973
 20
15104.099025766973
  0
HATCH
  5
260
330
17
100
AcDbEntity
  8
TEXT
 62
7
420
3244733
100
AcDbHatch
 10
0.0
 20
0.0
 30
0.0
210
0.0
220
0.0
230
1.0
  2
SOLID
 70
1
 71
0
 91
1
 92
1
 93
1
 72
2
 10
8460.0
 20
14960.0
 40
12.5
 50
0
 51
360
 73
1
 97
0
 75
1
 76
1
 98
0
  0
CIRCLE
  5
261
330
17
100
AcDbEntity
  8
TEXT
370
13
420
3244733
100
AcDbCircle
 10
8460.0
 20
14960.0
 30
0.0
 40
12.5
  0
TEXT
  5
262
330
17
100
AcDbEntity
  8
TEXT
420
3244733
100
AcDbText
 10
8619.099025766975
 20
16119.099025766975
 30
0.0
 40
75.0
  1
L16-3
  7
GOST
 11
8619.099025766975
 21
16119.099025766975
 31
0.0
100
AcDbText
  0
LWPOLYLINE
  5
263
330
17
100
AcDbEntity
  8
TEXT
370
15
420
3244733
100
AcDbPolyline
 90
2
 70
0
 10
8460.0
 20
15960.0
 10
8604.099025766973
 20
16104.099025766973
  0
HATCH
  5
264
330
17
100
AcDbEntity
  8
TEXT
 62
7
420
3244733
100
AcDbHatch
 10
0.0
 20
0.0
 30
0.0
210
0.0
220
0.0
230
1.0
  2
SOLID
 70
1
 71
0
 91
1
 92
1
 93
1
 72
2
 10
8460.0
 20
15960.0
 40
12.5
 50
0
 51
360
 73
1
 97
0
 75
1
 76
1
 98
0
  0
CIRCLE
  5
265
330
17
100
AcDbEntity
  8
TEXT
370
13
420
3244733
100
AcDbCircle
 10
8460.0
 20
15960.0
 30
0.0
 40
12.5
  0
TEXT
  5
266
330
17
100
AcDbEntity
  8
TEXT
420
15095053
100
AcDbText
 10
9198.388347648319
 20
15444.388347648319
 30
0.0
 40
75.0
  1
L17-1
  7
GOST
 11
9198.388347648319
 21
15444.388347648319
 31
0.0
100
AcDbText
  0
TEXT
  5
267
330
17
100
AcDbEntity
  8
TEXT
420
3253076
100
AcDbText
 10
10578.388347648319
 20
13748.388347648319
 30
0.0
 40
75.0
  1
L18-1
  7
GOST
 11
10578.388347648319
 21
13748.388347648319
 31
0.0
100
AcDbText
  0
TEXT
  5
268
330
17
100
AcDbEntity
  8
TEXT
420
7695281
100
AcDbText
 10
9799.099025766973
 20
15319.099025766975
 30
0.0
 40
75.0
  1
L19-1
  7
GOST
 11
9799.099025766973
 21
15319.099025766975
 31
0.0
100
AcDbText
  0
LWPOLYLINE
  5
269
330
17
100
AcDbEntity
  8
TEXT
370
15
420
7695281
100
AcDbPolyline
 90
2
 70
0
 10
9640.0
 20
15160.0
 10
9784.099025766973
 20
15304.099025766973
  0
HATCH
  5
26A
330
17
100
AcDbEntity
  8
TEXT
 62
7
420
7695281
100
AcDbHatch
 10
0.0
 20
0.0
 30
0.0
210
0.0
220
0.0
230
1.0
  2
SOLID
 70
1
 71
0
 91
1
 92
1
 93
1
 72
2
 10
9640.0
 20
15160.0
 40
12.5
 50
0
 51
360
 73
1
 97
0
 75
1
 76
1
 98
0
  0
CIRCLE
  5
26B
330
17
100
AcDbEntity
  8
TEXT
370
13
420
7695281
100
AcDbCircle
 10
9640.0
 20
15160.0
 30
0.0
 40
12.5
  0
TEXT
  5
26C
330
17
100
AcDbEntity
  8
TEXT
420
7695281
100
AcDbText
 10
10649.099025766973
 20
15719.099025766975
 30
0.0
 40
75.0
  1
L19-2
  7
GOST
 11
10649.099025766973
 21
15719.099025766975
 31
0.0
100
AcDbText
  0
LWPOLYLINE
  5
26D
330
17
100
AcDbEntity
  8
TEXT
370
15
420
7695281
100
AcDbPolyline
 90
2
 70
0
 10
10490.0
 20
15560.0
 10
10634.099025766973
 20
15704.099025766973
  0
HATCH
  5
26E
330
17
100
AcDbEntity
  8
TEXT
 62
7
420
7695281
100
AcDbHatch
 10
0.0
 20
0.0
 30
0.0
210
0.0
220
0.0
230
1.0
  2
SOLID
 70
1
 71
0
 91
1
 92
1
 93
1
 72
2
 10
10490.0
 20
15560.0
 40
12.5
 50
0
 51
360
 73
1
 97
0
 75
1
 76
1
 98
0
  0
CIRCLE
  5
26F
330
17
100
AcDbEntity
  8
TEXT
370
13
420
7695281
100
AcDbCircle
 10
10490.0
 20
15560.0
 30
0.0
 40
12.5
  0
TEXT
  5
270
330
17
100
AcDbEntity
  8
TEXT
420
7695281
100
AcDbText
 10
11149.099025766973
 20
14844.099025766975
 30
0.0
 40
75.0
  1
L19-3
  7
GOST
 11
11149.099025766973
 21
14844.099025766975
 31
0.0
100
AcDbText
  0
LWPOLYLINE
  5
271
330
17
100
AcDbEntity
  8
TEXT
370
15
420
7695281
100
AcDbPolyline
 90
2
 70
0
 10
10990.0
 20
14685.0
 10
11134.099025766973
 20
14829.099025766973
  0
HATCH
  5
272
330
17
100
AcDbEntity
  8
TEXT
 62
7
420
7695281
100
AcDbHatch
 10
0.0
 20
0.0
 30
0.0
210
0.0
220
0.0
230
1.0
  2
SOLID
 70
1
 71
0
 91
1
 92
1
 93
1
 72
2
 10
10990.0
 20
14685.0
 40
12.5
 50
0
 51
360
 73
1
 97
0
 75
1
 76
1
 98
0
  0
CIRCLE
  5
273
330
17
100
AcDbEntity
  8
TEXT
370
13
420
7695281
100
AcDbCircle
 10
10990.0
 20
14685.0
 30
0.0
 40
12.5
  0
TEXT
  5
274
330
17
100
AcDbEntity
  8
TEXT
420
7695281
100
AcDbText
 10
10931.713217031382
 20
15308.900974233025
 30
0.0
 40
75.0
  1
L19-4
  7
GOST
 11
10931.713217031382
 21
15308.900974233025
 31
0.0
100
AcDbText
  0
LWPOLYLINE
  5
275
330
17
100
AcDbEntity
  8
TEXT
370
15
420
7695281
100
AcDbPolyline
 90
2
 70
0
 10
11381.0
 20
15543.0
 10
11236.900974233027
 20
15398.900974233027
  0
HATCH
  5
276
330
17
100
AcDbEntity
  8
TEXT
 62
7
420
7695281
100
AcDbHatch
 10
0.0
 20
0.0
 30
0.0
210
0.0
220
0.0
230
1.0
  2
SOLID
 70
1
 71
0
 91
1
 92
1
 93
1
 72
2
 10
11381.0
 20
15543.0
 40
12.5
 50
0
 51
360
 73
1
 97
0
 75
1
 76
1
 98
0
  0
CIRCLE
  5
277
330
17
100
AcDbEntity
  8
TEXT
370
13
420
7695281
100
AcDbCircle
 10
11381.0
 20
15543.0
 30
0.0
 40
12.5
  0
TEXT
  5
278
330
17
100
AcDbEntity
  8
TEXT
420
6513507
100
AcDbText
 10
9819.099025766975
 20
16116.900974233025
 30
0.0
 40
75.0
  1
L20-1
  7
GOST
 11
9819.099025766975
 21
16116.900974233025
 31
0.0
100
AcDbText
  0
LWPOLYLINE
  5
279
330
17
100
AcDbEntity
  8
TEXT
370
15
420
6513507
100
AcDbPolyline
 90
2
 70
0
 10
9660.0
 20
16351.0
 10
9804.099025766973
 20
16206.900974233025
  0
HATCH
  5
27A
330
17
100
AcDbEntity
  8
TEXT
 62
7
420
6513507
100
AcDbHatch
 10
0.0
 20
0.0
 30
0.0
210
0.0
220
0.0
230
1.0
  2
SOLID
 70
1
 71
0
 91
1
 92
1
 93
1
 72
2
 10
9660.0
 20
16351.0
 40
12.5
 50
0
 51
360
 73
1
 97
0
 75
1
 76
1
 98
0
  0
CIRCLE
  5
27B
330
17
100
AcDbEntity
  8
TEXT
370
13
420
6513507
100
AcDbCircle
 10
9660.0
 20
16351.0
 30
0.0
 40
12.5
  0
TEXT
  5
27C
330
17
100
AcDbEntity
  8
TEXT
420
7057110
100
AcDbText
 10
9748.388347648319
 20
15959.38834764832
 30
0.0
 40
75.0
  1
L21-1
  7
GOST
 11
9748.388347648319
 21
15959.38834764832
 31
0.0
100
AcDbText
  0
TEXT
  5
27D
330
17
100
AcDbEntity
  8
TEXT
420
16616764
100
AcDbText
 10
9324.099025766973
 20
11149.099025766973
 30
0.0
 40
75.0
  1
L22-1
  7
GOST
 11
9324.099025766973
 21
11149.099025766973
 31
0.0
100
AcDbText
  0
LWPOLYLINE
  5
27E
330
17
100
AcDbEntity
  8
TEXT
370
15
420
16616764
100
AcDbPolyline
 90
2
 70
0
 10
9165.0
 20
10990.0
 10
9309.099025766973
 20
11134.099025766973
  0
HATCH
  5
27F
330
17
100
AcDbEntity
  8
TEXT
 62
7
420
16616764
100
AcDbHatch
 10
0.0
 20
0.0
 30
0.0
210
0.0
220
0.0
230
1.0
  2
SOLID
 70
1
 71
0
 91
1
 92
1
 93
1
 72
2
 10
9165.0
 20
10990.0
 40
12.5
 50
0
 51
360
 73
1
 97
0
 75
1
 76
1
 98
0
  0
CIRCLE
  5
280
330
17
100
AcDbEntity
  8
TEXT
370
13
420
16616764
100
AcDbCircle
 10
9165.0
 20
10990.0
 30
0.0
 40
12.5
  0
TEXT
  5
281
330
17
100
AcDbEntity
  8
TEXT
420
16616764
100
AcDbText
 10
9395.246396043727
 20
11669.099025766975
 30
0.0
 40
75.0
  1
L22-2
  7
GOST
 11
9395.246396043727
 21
11669.099025766975
 31
0.0
100
AcDbText
  0
LWPOLYLINE
  5
282
330
17
100
AcDbEntity
  8
TEXT
370
15
420
16616764
100
AcDbPolyline
 90
2
 70
0
 10
9840.0
 20
11510.0
 10
9695.900974233027
 20
11654.099025766973
  0
HATCH
  5
283
330
17
100
AcDbEntity
  8
TEXT
 62
7
420
16616764
100
AcDbHatch
 10
0.0
 20
0.0
 30
0.0
210
0.0
220
0.0
230
1.0
  2
SOLID
 70
1
 71
0
 91
1
 92
1
 93
1
 72
2
 10
9840.0
 20
11510.0
 40
12.5
 50
0
 51
360
 73
1
 97
0
 75
1
 76
1
 98
0
  0
CIRCLE
  5
284
330
17
100
AcDbEntity
  8
TEXT
370
13
420
16616764
100
AcDbCircle
 10
9840.0
 20
11510.0
 30
0.0
 40
12.5
  0
TEXT
  5
285
330
17
100
AcDbEntity
  8
TEXT
420
16616764
100
AcDbText
 10
9349.099025766973
 20
12219.099025766975
 30
0.0
 40
75.0
  1
L22-3
  7
GOST
 11
9349.099025766973
 21
12219.099025766975
 31
0.0
100
AcDbText
  0
LWPOLYLINE
  5
286
330
17
100
AcDbEntity
  8
TEXT
370
15
420
16616764
100
AcDbPolyline
 90
2
 70
0
 10
9190.0
 20
12060.0
 10
9334.099025766973
 20
12204.099025766973
  0
HATCH
  5
287
330
17
100
AcDbEntity
  8
TEXT
 62
7
420
16616764
100
AcDbHatch
 10
0.0
 20
0.0
 30
0.0
210
0.0
220
0.0
230
1.0
  2
SOLID
 70
1
 71
0
 91
1
 92
1
 93
1
 72
2
 10
9190.0
 20
12060.0
 40
12.5
 50
0
 51
360
 73
1
 97
0
 75
1
 76
1
 98
0
  0
CIRCLE
  5
288
330
17
100
AcDbEntity
  8
TEXT
370
13
420
16616764
100
AcDbCircle
 10
9190.0
 20
12060.0
 30
0.0
 40
12.5
  0
LWPOLYLINE
  5
289
330
17
100
AcDbEntity
  8
DIM
 62
7
370
15
100
AcDbPolyline
 90
2
 70
0
 10
4215.000000000001
 20
20292.0
 10
12035.0
 20
20292.0
  0
LWPOLYLINE
  5
28A
330
17
100
AcDbEntity
  8
DIM
 62
7
370
15
100
AcDbPolyline
 90
2
 70
0
 10
4290.000000000001
 20
19892.0
 10
4290.000000000001
 20
20367.0
  0
LWPOLYLINE
  5
28B
330
17
100
AcDbEntity
  8
DIM
 62
7
370
35
100
AcDbPolyline
 90
2
 70
0
 10
4250.000000000001
 20
20252.0
 10
4330.0
 20
20332.000000000004
  0
LWPOLYLINE
  5
28C
330
17
100
AcDbEntity
  8
DIM
 62
7
370
15
100
AcDbPolyline
 90
2
 70
0
 10
7670.0
 20
19892.0
 10
7670.0
 20
20367.0
  0
LWPOLYLINE
  5
28D
330
17
100
AcDbEntity
  8
DIM
 62
7
370
35
100
AcDbPolyline
 90
2
 70
0
 10
7630.0
 20
20252.0
 10
7710.000000000001
 20
20332.000000000004
  0
LWPOLYLINE
  5
28E
330
17
100
AcDbEntity
  8
DIM
 62
7
370
15
100
AcDbPolyline
 90
2
 70
0
 10
7809.999999999999
 20
19892.0
 10
7809.999999999999
 20
20367.0
  0
LWPOLYLINE
  5
28F
330
17
100
AcDbEntity
  8
DIM
 62
7
370
35
100
AcDbPolyline
 90
2
 70
0
 10
7769.999999999999
 20
20252.0
 10
7850.0
 20
20332.000000000004
  0
LWPOLYLINE
  5
290
330
17
100
AcDbEntity
  8
DIM
 62
7
370
15
100
AcDbPolyline
 90
2
 70
0
 10
11960.0
 20
19892.0
 10
11960.0
 20
20367.0
  0
LWPOLYLINE
  5
291
330
17
100
AcDbEntity
  8
DIM
 62
7
370
35
100
AcDbPolyline
 90
2
 70
0
 10
11920.0
 20
20252.0
 10
12000.000000000002
 20
20332.000000000004
  0
TEXT
  5
292
330
17
100
AcDbEntity
  8
DIM
 62
7
100
AcDbText
 10
5980.0
 20
20322.000000000004
 30
0.0
 40
80.0
  1
3380
  7
GOST
 72
1
 11
5980.0
 21
20322.000000000004
 31
0.0
100
AcDbText
  0
TEXT
  5
293
330
17
100
AcDbEntity
  8
DIM
 62
7
100
AcDbText
 10
7740.000000000001
 20
20447.000000000004
 30
0.0
 40
80.0
  1
140
  7
GOST
 72
1
 11
7740.000000000001
 21
20447.000000000004
 31
0.0
100
AcDbText
  0
LWPOLYLINE
  5
294
330
17
100
AcDbEntity
  8
DIM
 62
7
370
13
100
AcDbPolyline
 90
2
 70
0
 10
7740.000000000001
 20
20292.0
 10
7740.000000000001
 20
20432.000000000004
  0
TEXT
  5
295
330
17
100
AcDbEntity
  8
DIM
 62
7
100
AcDbText
 10
9885.0
 20
20322.000000000004
 30
0.0
 40
80.0
  1
4150
  7
GOST
 72
1
 11
9885.0
 21
20322.000000000004
 31
0.0
100
AcDbText
  0
LWPOLYLINE
  5
296
330
17
100
AcDbEntity
  8
DIM
 62
7
370
15
100
AcDbPolyline
 90
2
 70
0
 10
1209.0
 20
10435.0
 10
1209.0
 20
19496.0
  0
LWPOLYLINE
  5
297
330
17
100
AcDbEntity
  8
DIM
 62
7
370
15
100
AcDbPolyline
 90
2
 70
0
 10
1609.0
 20
10510.0
 10
1134.0
 20
10510.0
  0
LWPOLYLINE
  5
298
330
17
100
AcDbEntity
  8
DIM
 62
7
370
35
100
AcDbPolyline
 90
2
 70
0
 10
1169.0
 20
10470.0
 10
1249.0
 20
10550.000000000002
  0
LWPOLYLINE
  5
299
330
17
100
AcDbEntity
  8
DIM
 62
7
370
15
100
AcDbPolyline
 90
2
 70
0
 10
1609.0
 20
14090.0
 10
1134.0
 20
14090.0
  0
LWPOLYLINE
  5
29A
330
17
100
AcDbEntity
  8
DIM
 62
7
370
35
100
AcDbPolyline
 90
2
 70
0
 10
1169.0
 20
14050.0
 10
1249.0
 20
14130.000000000002
  0
LWPOLYLINE
  5
29B
330
17
100
AcDbEntity
  8
DIM
 62
7
370
15
100
AcDbPolyline
 90
2
 70
0
 10
1609.0
 20
14231.0
 10
1134.0
 20
14231.0
  0
LWPOLYLINE
  5
29C
330
17
100
AcDbEntity
  8
DIM
 62
7
370
35
100
AcDbPolyline
 90
2
 70
0
 10
1169.0
 20
14191.0
 10
1249.0
 20
14271.0
  0
LWPOLYLINE
  5
29D
330
17
100
AcDbEntity
  8
DIM
 62
7
370
15
100
AcDbPolyline
 90
2
 70
0
 10
1609.0
 20
19421.0
 10
1134.0
 20
19421.0
  0
LWPOLYLINE
  5
29E
330
17
100
AcDbEntity
  8
DIM
 62
7
370
35
100
AcDbPolyline
 90
2
 70
0
 10
1169.0
 20
19381.0
 10
1249.0
 20
19461.0
  0
TEXT
  5
29F
330
17
100
AcDbEntity
  8
DIM
 62
7
100
AcDbText
 10
1179.0
 20
12300.0
 30
0.0
 40
80.0
  1
3580
 50
90.0
  7
GOST
 72
1
 11
1179.0
 21
12300.0
 31
0.0
100
AcDbText
  0
TEXT
  5
2A0
330
17
100
AcDbEntity
  8
DIM
 62
7
100
AcDbText
 10
1054.0
 20
14160.500000000002
 30
0.0
 40
80.0
  1
141
 50
90.0
  7
GOST
 72
1
 11
1054.0
 21
14160.500000000002
 31
0.0
100
AcDbText
  0
LWPOLYLINE
  5
2A1
330
17
100
AcDbEntity
  8
DIM
 62
7
370
13
100
AcDbPolyline
 90
2
 70
0
 10
1209.0
 20
14160.500000000002
 10
1069.0
 20
14160.500000000002
  0
TEXT
  5
2A2
330
17
100
AcDbEntity
  8
DIM
 62
7
100
AcDbText
 10
1179.0
 20
16826.0
 30
0.0
 40
80.0
  1
5190
 50
90.0
  7
GOST
 72
1
 11
1179.0
 21
16826.0
 31
0.0
100
AcDbText
  0
LWPOLYLINE
  5
2A3
330
17
100
AcDbEntity
  8
DIM
 62
7
370
15
100
AcDbPolyline
 90
2
 70
0
 10
12570.0
 20
10435.0
 10
12570.0
 20
19496.0
  0
LWPOLYLINE
  5
2A4
330
17
100
AcDbEntity
  8
DIM
 62
7
370
15
100
AcDbPolyline
 90
2
 70
0
 10
12170.0
 20
10510.0
 10
12645.0
 20
10510.0
  0
LWPOLYLINE
  5
2A5
330
17
100
AcDbEntity
  8
DIM
 62
7
370
35
100
AcDbPolyline
 90
2
 70
0
 10
12530.0
 20
10470.0
 10
12610.0
 20
10550.000000000002
  0
LWPOLYLINE
  5
2A6
330
17
100
AcDbEntity
  8
DIM
 62
7
370
15
100
AcDbPolyline
 90
2
 70
0
 10
12170.0
 20
12441.0
 10
12645.0
 20
12441.0
  0
LWPOLYLINE
  5
2A7
330
17
100
AcDbEntity
  8
DIM
 62
7
370
35
100
AcDbPolyline
 90
2
 70
0
 10
12530.0
 20
12401.0
 10
12610.0
 20
12481.0
  0
LWPOLYLINE
  5
2A8
330
17
100
AcDbEntity
  8
DIM
 62
7
370
15
100
AcDbPolyline
 90
2
 70
0
 10
12170.0
 20
12521.0
 10
12645.0
 20
12521.0
  0
LWPOLYLINE
  5
2A9
330
17
100
AcDbEntity
  8
DIM
 62
7
370
35
100
AcDbPolyline
 90
2
 70
0
 10
12530.0
 20
12481.0
 10
12610.0
 20
12561.000000000002
  0
LWPOLYLINE
  5
2AA
330
17
100
AcDbEntity
  8
DIM
 62
7
370
15
100
AcDbPolyline
 90
2
 70
0
 10
12170.0
 20
14231.0
 10
12645.0
 20
14231.0
  0
LWPOLYLINE
  5
2AB
330
17
100
AcDbEntity
  8
DIM
 62
7
370
35
100
AcDbPolyline
 90
2
 70
0
 10
12530.0
 20
14191.0
 10
12610.0
 20
14271.0
  0
LWPOLYLINE
  5
2AC
330
17
100
AcDbEntity
  8
DIM
 62
7
370
15
100
AcDbPolyline
 90
2
 70
0
 10
12170.0
 20
14310.0
 10
12645.0
 20
14310.0
  0
LWPOLYLINE
  5
2AD
330
17
100
AcDbEntity
  8
DIM
 62
7
370
35
100
AcDbPolyline
 90
2
 70
0
 10
12530.0
 20
14269.999999999998
 10
12610.0
 20
14350.0
  0
LWPOLYLINE
  5
2AE
330
17
100
AcDbEntity
  8
DIM
 62
7
370
15
100
AcDbPolyline
 90
2
 70
0
 10
12170.0
 20
16351.0
 10
12645.0
 20
16351.0
  0
LWPOLYLINE
  5
2AF
330
17
100
AcDbEntity
  8
DIM
 62
7
370
35
100
AcDbPolyline
 90
2
 70
0
 10
12530.0
 20
16310.999999999998
 10
12610.0
 20
16391.0
  0
LWPOLYLINE
  5
2B0
330
17
100
AcDbEntity
  8
DIM
 62
7
370
15
100
AcDbPolyline
 90
2
 70
0
 10
12170.0
 20
16561.0
 10
12645.0
 20
16561.0
  0
LWPOLYLINE
  5
2B1
330
17
100
AcDbEntity
  8
DIM
 62
7
370
35
100
AcDbPolyline
 90
2
 70
0
 10
12530.0
 20
16521.0
 10
12610.0
 20
16601.000000000004
  0
LWPOLYLINE
  5
2B2
330
17
100
AcDbEntity
  8
DIM
 62
7
370
15
100
AcDbPolyline
 90
2
 70
0
 10
12170.0
 20
19421.0
 10
12645.0
 20
19421.0
  0
LWPOLYLINE
  5
2B3
330
17
100
AcDbEntity
  8
DIM
 62
7
370
35
100
AcDbPolyline
 90
2
 70
0
 10
12530.0
 20
19381.0
 10
12610.0
 20
19461.0
  0
TEXT
  5
2B4
330
17
100
AcDbEntity
  8
DIM
 62
7
100
AcDbText
 10
12540.0
 20
11475.5
 30
0.0
 40
80.0
  1
1931
 50
90.0
  7
GOST
 72
1
 11
12540.0
 21
11475.5
 31
0.0
100
AcDbText
  0
TEXT
  5
2B5
330
17
100
AcDbEntity
  8
DIM
 62
7
100
AcDbText
 10
12415.0
 20
12481.0
 30
0.0
 40
80.0
  1
80
 50
90.0
  7
GOST
 72
1
 11
12415.0
 21
12481.0
 31
0.0
100
AcDbText
  0
LWPOLYLINE
  5
2B6
330
17
100
AcDbEntity
  8
DIM
 62
7
370
13
100
AcDbPolyline
 90
2
 70
0
 10
12570.0
 20
12481.0
 10
12430.000000000002
 20
12481.0
  0
TEXT
  5
2B7
330
17
100
AcDbEntity
  8
DIM
 62
7
100
AcDbText
 10
12540.0
 20
13376.0
 30
0.0
 40
80.0
  1
1710
 50
90.0
  7
GOST
 72
1
 11
12540.0
 21
13376.0
 31
0.0
100
AcDbText
  0
TEXT
  5
2B8
330
17
100
AcDbEntity
  8
DIM
 62
7
100
AcDbText
 10
12415.0
 20
14270.499999999998
 30
0.0
 40
80.0
  1
79
 50
90.0
  7
GOST
 72
1
 11
12415.0
 21
14270.499999999998
 31
0.0
100
AcDbText
  0
LWPOLYLINE
  5
2B9
330
17
100
AcDbEntity
  8
DIM
 62
7
370
13
100
AcDbPolyline
 90
2
 70
0
 10
12570.0
 20
14270.499999999998
 10
12430.000000000002
 20
14270.499999999998
  0
TEXT
  5
2BA
330
17
100
AcDbEntity
  8
DIM
 62
7
100
AcDbText
 10
12540.0
 20
15330.5
 30
0.0
 40
80.0
  1
2041
 50
90.0
  7
GOST
 72
1
 11
12540.0
 21
15330.5
 31
0.0
100
AcDbText
  0
TEXT
  5
2BB
330
17
100
AcDbEntity
  8
DIM
 62
7
100
AcDbText
 10
12415.0
 20
16456.0
 30
0.0
 40
80.0
  1
210
 50
90.0
  7
GOST
 72
1
 11
12415.0
 21
16456.0
 31
0.0
100
AcDbText
  0
LWPOLYLINE
  5
2BC
330
17
100
AcDbEntity
  8
DIM
 62
7
370
13
100
AcDbPolyline
 90
2
 70
0
 10
12570.0
 20
16456.0
 10
12430.000000000002
 20
16456.0
  0
TEXT
  5
2BD
330
17
100
AcDbEntity
  8
DIM
 62
7
100
AcDbText
 10
12540.0
 20
17991.000000000004
 30
0.0
 40
80.0
  1
2860
 50
90.0
  7
GOST
 72
1
 11
12540.0
 21
17991.000000000004
 31
0.0
100
AcDbText
  0
LWPOLYLINE
  5
2BE
330
17
100
AcDbEntity
  8
DIM
 62
7
370
15
100
AcDbPolyline
 90
2
 70
0
 10
1684.0
 20
9910.0
 10
10435.0
 20
9910.0
  0
LWPOLYLINE
  5
2BF
330
17
100
AcDbEntity
  8
DIM
 62
7
370
15
100
AcDbPolyline
 90
2
 70
0
 10
1759.0
 20
10280.0
 10
1759.0
 20
9835.0
  0
LWPOLYLINE
  5
2C0
330
17
100
AcDbEntity
  8
DIM
 62
7
370
35
100
AcDbPolyline
 90
2
 70
0
 10
1719.0000000000002
 20
9870.0
 10
1798.9999999999998
 20
9950.000000000002
  0
LWPOLYLINE
  5
2C1
330
17
100
AcDbEntity
  8
DIM
 62
7
370
15
100
AcDbPolyline
 90
2
 70
0
 10
3870.0000000000005
 20
10280.0
 10
3870.0000000000005
 20
9835.0
  0
LWPOLYLINE
  5
2C2
330
17
100
AcDbEntity
  8
DIM
 62
7
370
35
100
AcDbPolyline
 90
2
 70
0
 10
3830.0000000000005
 20
9870.0
 10
3910.0
 20
9950.000000000002
  0
LWPOLYLINE
  5
2C3
330
17
100
AcDbEntity
  8
DIM
 62
7
370
15
100
AcDbPolyline
 90
2
 70
0
 10
4290.000000000001
 20
10280.0
 10
4290.000000000001
 20
9835.0
  0
LWPOLYLINE
  5
2C4
330
17
100
AcDbEntity
  8
DIM
 62
7
370
35
100
AcDbPolyline
 90
2
 70
0
 10
4250.000000000001
 20
9870.0
 10
4330.0
 20
9950.000000000002
  0
LWPOLYLINE
  5
2C5
330
17
100
AcDbEntity
  8
DIM
 62
7
370
15
100
AcDbPolyline
 90
2
 70
0
 10
8380.0
 20
10280.0
 10
8380.0
 20
9835.0
  0
LWPOLYLINE
  5
2C6
330
17
100
AcDbEntity
  8
DIM
 62
7
370
35
100
AcDbPolyline
 90
2
 70
0
 10
8340.0
 20
9870.0
 10
8420.0
 20
9950.000000000002
  0
LWPOLYLINE
  5
2C7
330
17
100
AcDbEntity
  8
DIM
 62
7
370
15
100
AcDbPolyline
 90
2
 70
0
 10
8460.0
 20
10280.0
 10
8460.0
 20
9835.0
  0
LWPOLYLINE
  5
2C8
330
17
100
AcDbEntity
  8
DIM
 62
7
370
35
100
AcDbPolyline
 90
2
 70
0
 10
8420.0
 20
9870.0
 10
8500.000000000002
 20
9950.000000000002
  0
LWPOLYLINE
  5
2C9
330
17
100
AcDbEntity
  8
DIM
 62
7
370
15
100
AcDbPolyline
 90
2
 70
0
 10
10200.0
 20
10280.0
 10
10200.0
 20
9835.0
  0
LWPOLYLINE
  5
2CA
330
17
100
AcDbEntity
  8
DIM
 62
7
370
35
100
AcDbPolyline
 90
2
 70
0
 10
10160.0
 20
9870.0
 10
10240.0
 20
9950.000000000002
  0
LWPOLYLINE
  5
2CB
330
17
100
AcDbEntity
  8
DIM
 62
7
370
15
100
AcDbPolyline
 90
2
 70
0
 10
10360.0
 20
10280.0
 10
10360.0
 20
9835.0
  0
LWPOLYLINE
  5
2CC
330
17
100
AcDbEntity
  8
DIM
 62
7
370
35
100
AcDbPolyline
 90
2
 70
0
 10
10320.0
 20
9870.0
 10
10400.000000000002
 20
9950.000000000002
  0
TEXT
  5
2CD
330
17
100
AcDbEntity
  8
DIM
 62
7
100
AcDbText
 10
2814.5000000000005
 20
9940.0
 30
0.0
 40
80.0
  1
2111
  7
GOST
 72
1
 11
2814.5000000000005
 21
9940.0
 31
0.0
100
AcDbText
  0
TEXT
  5
2CE
330
17
100
AcDbEntity
  8
DIM
 62
7
100
AcDbText
 10
4080.0000000000005
 20
9940.0
 30
0.0
 40
80.0
  1
420
  7
GOST
 72
1
 11
4080.0000000000005
 21
9940.0
 31
0.0
100
AcDbText
  0
TEXT
  5
2CF
330
17
100
AcDbEntity
  8
DIM
 62
7
100
AcDbText
 10
6335.0
 20
9940.0
 30
0.0
 40
80.0
  1
4090
  7
GOST
 72
1
 11
6335.0
 21
9940.0
 31
0.0
100
AcDbText
  0
TEXT
  5
2D0
330
17
100
AcDbEntity
  8
DIM
 62
7
100
AcDbText
 10
8420.0
 20
10065.0
 30
0.0
 40
80.0
  1
80
  7
GOST
 72
1
 11
8420.0
 21
10065.0
 31
0.0
100
AcDbText
  0
LWPOLYLINE
  5
2D1
330
17
100
AcDbEntity
  8
DIM
 62
7
370
13
100
AcDbPolyline
 90
2
 70
0
 10
8420.0
 20
9910.0
 10
8420.0
 20
10050.0
  0
TEXT
  5
2D2
330
17
100
AcDbEntity
  8
DIM
 62
7
100
AcDbText
 10
9330.000000000002
 20
9940.0
 30
0.0
 40
80.0
  1
1740
  7
GOST
 72
1
 11
9330.000000000002
 21
9940.0
 31
0.0
100
AcDbText
  0
TEXT
  5
2D3
330
17
100
AcDbEntity
  8
DIM
 62
7
100
AcDbText
 10
10280.000000000002
 20
10065.0
 30
0.0
 40
80.0
  1
160
  7
GOST
 72
1
 11
10280.000000000002
 21
10065.0
 31
0.0
100
AcDbText
  0
LWPOLYLINE
  5
2D4
330
17
100
AcDbEntity
  8
DIM
 62
7
370
13
100
AcDbPolyline
 90
2
 70
0
 10
10280.000000000002
 20
9910.0
 10
10280.000000000002
 20
10050.0
  0
TEXT
  5
2D5
330
17
100
AcDbEntity
  8
TEXT
 62
7
100
AcDbText
 10
12975.0
 20
20575.0
 30
0.0
 40
125.0
  1
Условные обозначения (ГОСТ 21.614, ГОСТ 21.607)
  7
GOST
 11
12975.0
 21
20575.0
 31
0.0
100
AcDbText
  0
HATCH
  5
2D6
330
17
100
AcDbEntity
  8
EL-LIGHT
 62
7
420
16777215
100
AcDbHatch
 10
0.0
 20
0.0
 30
0.0
210
0.0
220
0.0
230
1.0
  2
SOLID
 70
1
 71
0
 91
1
 92
1
 93
1
 72
2
 10
13275.0
 20
20370.0
 40
50.0
 50
0
 51
360
 73
1
 97
0
 75
1
 76
1
 98
0
  0
CIRCLE
  5
2D7
330
17
100
AcDbEntity
  8
EL-LIGHT
 62
7
370
25
100
AcDbCircle
 10
13275.0
 20
20370.0
 30
0.0
 40
50.0
  0
HATCH
  5
2D8
330
17
100
AcDbEntity
  8
EL-LIGHT
 62
7
100
AcDbHatch
 10
0.0
 20
0.0
 30
0.0
210
0.0
220
0.0
230
1.0
  2
SOLID
 70
1
 71
0
 91
1
 92
1
 93
1
 72
2
 10
13275.0
 20
20370.0
 40
17.5
 50
0
 51
360
 73
1
 97
0
 75
1
 76
1
 98
0
  0
CIRCLE
  5
2D9
330
17
100
AcDbEntity
  8
EL-LIGHT
 62
7
370
13
100
AcDbCircle
 10
13275.0
 20
20370.0
 30
0.0
 40
17.5
  0
TEXT
  5
2DA
330
17
100
AcDbEntity
  8
TEXT
 62
7
100
AcDbText
 10
13650.0
 20
20330.0
 30
0.0
 40
80.0
  1
Светильник встраиваемый точечный (спот)
  7
GOST
 11
13650.0
 21
20330.0
 31
0.0
100
AcDbText
  0
HATCH
  5
2DB
330
17
100
AcDbEntity
  8
EL-LIGHT
 62
7
420
16777215
100
AcDbHatch
 10
0.0
 20
0.0
 30
0.0
210
0.0
220
0.0
230
1.0
  2
SOLID
 70
1
 71
0
 91
1
 92
1
 93
1
 72
2
 10
13275.0
 20
20160.0
 40
100.0
 50
0
 51
360
 73
1
 97
0
 75
1
 76
1
 98
0
  0
CIRCLE
  5
2DC
330
17
100
AcDbEntity
  8
EL-LIGHT
 62
7
370
30
100
AcDbCircle
 10
13275.0
 20
20160.0
 30
0.0
 40
100.0
  0
LWPOLYLINE
  5
2DD
330
17
100
AcDbEntity
  8
EL-LIGHT
 62
7
370
20
100
AcDbPolyline
 90
2
 70
0
 10
13204.300000000001
 20
20089.3
 10
13345.699999999999
 20
20230.699999999997
  0
LWPOLYLINE
  5
2DE
330
17
100
AcDbEntity
  8
EL-LIGHT
 62
7
370
20
100
AcDbPolyline
 90
2
 70
0
 10
13204.300000000001
 20
20230.699999999997
 10
13345.699999999999
 20
20089.3
  0
TEXT
  5
2DF
330
17
100
AcDbEntity
  8
TEXT
 62
7
100
AcDbText
 10
13650.0
 20
20120.0
 30
0.0
 40
80.0
  1
Светильник потолочный (люстра, плафон)
  7
GOST
 11
13650.0
 21
20120.0
 31
0.0
100
AcDbText
  0
HATCH
  5
2E0
330
17
100
AcDbEntity
  8
EL-LIGHT
 62
7
420
16777215
100
AcDbHatch
 10
0.0
 20
0.0
 30
0.0
210
0.0
220
0.0
230
1.0
  2
SOLID
 70
1
 71
0
 91
1
 92
1
 93
1
 72
2
 10
13275.0
 20
19950.0
 40
100.0
 50
0
 51
360
 73
1
 97
0
 75
1
 76
1
 98
0
  0
CIRCLE
  5
2E1
330
17
100
AcDbEntity
  8
EL-LIGHT
 62
7
370
30
100
AcDbCircle
 10
13275.0
 20
19950.0
 30
0.0
 40
100.0
  0
LWPOLYLINE
  5
2E2
330
17
100
AcDbEntity
  8
EL-LIGHT
 62
7
370
20
100
AcDbPolyline
 90
2
 70
0
 10
13204.300000000001
 20
19879.3
 10
13345.699999999999
 20
20020.7
  0
LWPOLYLINE
  5
2E3
330
17
100
AcDbEntity
  8
EL-LIGHT
 62
7
370
20
100
AcDbPolyline
 90
2
 70
0
 10
13204.300000000001
 20
20020.7
 10
13345.699999999999
 20
19879.3
  0
HATCH
  5
2E4
330
17
100
AcDbEntity
  8
EL-LIGHT
 62
7
100
AcDbHatch
 10
0.0
 20
0.0
 30
0.0
210
0.0
220
0.0
230
1.0
  2
SOLID
 70
1
 71
0
 91
1
 92
1
 93
1
 72
2
 10
13275.0
 20
19950.0
 40
30.0
 50
0
 51
360
 73
1
 97
0
 75
1
 76
1
 98
0
  0
CIRCLE
  5
2E5
330
17
100
AcDbEntity
  8
EL-LIGHT
 62
7
370
13
100
AcDbCircle
 10
13275.0
 20
19950.0
 30
0.0
 40
30.0
  0
TEXT
  5
2E6
330
17
100
AcDbEntity
  8
TEXT
 62
7
100
AcDbText
 10
13650.0
 20
19910.0
 30
0.0
 40
80.0
  1
Светильник подвесной
  7
GOST
 11
13650.0
 21
19910.0
 31
0.0
100
AcDbText
  0
HATCH
  5
2E7
330
17
100
AcDbEntity
  8
EL-LIGHT
 62
7
100
AcDbHatch
 10
0.0
 20
0.0
 30
0.0
210
0.0
220
0.0
230
1.0
  2
SOLID
 70
1
 71
0
 91
1
 92
3
 72
0
 73
1
 93
13
 10
13355.000000000002
 20
19700.0
 10
13352.274066103126
 20
19720.7055236082
 10
13344.282032302755
 20
19740.0
 10
13331.568542494924
 20
19756.568542494922
 10
13315.0
 20
19769.282032302755
 10
13295.705523608203
 20
19777.274066103128
 10
13275.0
 20
19780.0
 10
13254.294476391797
 20
19777.274066103128
 10
13235.0
 20
19769.282032302755
 10
13218.431457505076
 20
19756.568542494922
 10
13205.717967697245
 20
19740.0
 10
13197.725933896874
 20
19720.7055236082
 10
13194.999999999998
 20
19700.0
 97
0
 75
1
 76
1
 98
0
  0
LWPOLYLINE
  5
2E8
330
17
100
AcDbEntity
  8
EL-LIGHT
 62
7
370
30
100
AcDbPolyline
 90
13
 70
1
 10
13355.000000000002
 20
19700.0
 10
13352.274066103126
 20
19720.7055236082
 10
13344.282032302755
 20
19740.0
 10
13331.568542494924
 20
19756.568542494922
 10
13315.0
 20
19769.282032302755
 10
13295.705523608203
 20
19777.274066103128
 10
13275.0
 20
19780.0
 10
13254.294476391797
 20
19777.274066103128
 10
13235.0
 20
19769.282032302755
 10
13218.431457505076
 20
19756.568542494922
 10
13205.717967697245
 20
19740.0
 10
13197.725933896874
 20
19720.7055236082
 10
13194.999999999998
 20
19700.0
  0
TEXT
  5
2E9
330
17
100
AcDbEntity
  8
TEXT
 62
7
100
AcDbText
 10
13650.0
 20
19700.0
 30
0.0
 40
80.0
  1
Светильник настенный (бра)
  7
GOST
 11
13650.0
 21
19700.0
 31
0.0
100
AcDbText
  0
LWPOLYLINE
  5
2EA
330
17
100
AcDbEntity
  8
TEXT
  6
DASHED
 62
7
370
70
 48
150.0
100
AcDbPolyline
 90
2
 70
0
 10
13025.0
 20
19530.0
 10
13525.0
 20
19530.0
  0
TEXT
  5
2EB
330
17
100
AcDbEntity
  8
TEXT
 62
7
100
AcDbText
 10
13650.0
 20
19490.0
 30
0.0
 40
80.0
  1
Светодиодная лента (начало–конец по electrical.json)
  7
GOST
 11
13650.0
 21
19490.0
 31
0.0
100
AcDbText
  0
LWPOLYLINE
  5
2EC
330
17
100
AcDbEntity
  8
TEXT
  6
DASHED
 62
7
370
15
 48
150.0
100
AcDbPolyline
 90
2
 70
0
 10
13025.0
 20
19320.0
 10
13525.0
 20
19320.0
  0
TEXT
  5
2ED
330
17
100
AcDbEntity
  8
TEXT
 62
7
100
AcDbText
 10
13650.0
 20
19280.0
 30
0.0
 40
80.0
  1
Связь светильников одной группы управления
  7
GOST
 11
13650.0
 21
19280.0
 31
0.0
100
AcDbText
  0
TEXT
  5
2EE
330
17
100
AcDbEntity
  8
TEXT
 62
7
100
AcDbText
 10
12975.0
 20
18860.0
 30
0.0
 40
125.0
  1
Группы освещения
  7
GOST
 11
12975.0
 21
18860.0
 31
0.0
100
AcDbText
  0
HATCH
  5
2EF
330
17
100
AcDbEntity
  8
TEXT
 62
7
420
15132390
100
AcDbHatch
 10
0.0
 20
0.0
 30
0.0
210
0.0
220
0.0
230
1.0
  2
SOLID
 70
1
 71
0
 91
1
 92
3
 72
0
 73
1
 93
4
 10
12975.0
 20
18565.0
 10
17775.0
 20
18565.0
 10
17775.0
 20
18780.0
 10
12975.0
 20
18780.0
 97
0
 75
1
 76
1
 98
0
  0
LWPOLYLINE
  5
2F0
330
17
100
AcDbEntity
  8
TEXT
 62
7
370
25
100
AcDbPolyline
 90
4
 70
1
 10
12975.0
 20
18565.0
 10
17775.0
 20
18565.0
 10
17775.0
 20
18780.0
 10
12975.0
 20
18780.0
  0
LWPOLYLINE
  5
2F1
330
17
100
AcDbEntity
  8
TEXT
 62
7
370
15
100
AcDbPolyline
 90
2
 70
0
 10
12975.0
 20
18780.0
 10
12975.0
 20
18565.0
  0
TEXT
  5
2F2
330
17
100
AcDbEntity
  8
TEXT
 62
7
100
AcDbText
 10
13015.0
 20
18655.0
 30
0.0
 40
75.0
  1
Группа
  7
GOST
 11
13015.0
 21
18655.0
 31
0.0
100
AcDbText
  0
LWPOLYLINE
  5
2F3
330
17
100
AcDbEntity
  8
TEXT
 62
7
370
15
100
AcDbPolyline
 90
2
 70
0
 10
13475.0
 20
18780.0
 10
13475.0
 20
18565.0
  0
TEXT
  5
2F4
330
17
100
AcDbEntity
  8
TEXT
 62
7
100
AcDbText
 10
13515.0
 20
18655.0
 30
0.0
 40
75.0
  1
Назначение
  7
GOST
 11
13515.0
 21
18655.0
 31
0.0
100
AcDbText
  0
LWPOLYLINE
  5
2F5
330
17
100
AcDbEntity
  8
TEXT
 62
7
370
15
100
AcDbPolyline
 90
2
 70
0
 10
16575.0
 20
18780.0
 10
16575.0
 20
18565.0
  0
TEXT
  5
2F6
330
17
100
AcDbEntity
  8
TEXT
 62
7
100
AcDbText
 10
16615.0
 20
18655.0
 30
0.0
 40
75.0
  1
Линия
  7
GOST
 11
16615.0
 21
18655.0
 31
0.0
100
AcDbText
  0
LWPOLYLINE
  5
2F7
330
17
100
AcDbEntity
  8
TEXT
 62
7
370
15
100
AcDbPolyline
 90
2
 70
0
 10
17175.0
 20
18780.0
 10
17175.0
 20
18565.0
  0
TEXT
  5
2F8
330
17
100
AcDbEntity
  8
TEXT
 62
7
100
AcDbText
 10
17215.0
 20
18655.0
 30
0.0
 40
75.0
  1
P, Вт
  7
GOST
 11
17215.0
 21
18655.0
 31
0.0
100
AcDbText
  0
LWPOLYLINE
  5
2F9
330
17
100
AcDbEntity
  8
TEXT
 62
7
370
15
100
AcDbPolyline
 90
2
 70
0
 10
17775.0
 20
18780.0
 10
17775.0
 20
18565.0
  0
LWPOLYLINE
  5
2FA
330
17
100
AcDbEntity
  8
TEXT
 62
7
370
15
100
AcDbPolyline
 90
4
 70
1
 10
12975.0
 20
18390.0
 10
17775.0
 20
18390.0
 10
17775.0
 20
18565.0
 10
12975.0
 20
18565.0
  0
LWPOLYLINE
  5
2FB
330
17
100
AcDbEntity
  8
TEXT
 62
7
370
15
100
AcDbPolyline
 90
2
 70
0
 10
12975.0
 20
18565.0
 10
12975.0
 20
18390.0
  0
TEXT
  5
2FC
330
17
100
AcDbEntity
  8
TEXT
 62
7
100
AcDbText
 10
13015.0
 20
18440.0
 30
0.0
 40
75.0
  1
L1
  7
GOST
 11
13015.0
 21
18440.0
 31
0.0
100
AcDbText
  0
LWPOLYLINE
  5
2FD
330
17
100
AcDbEntity
  8
TEXT
 62
7
370
15
100
AcDbPolyline
 90
2
 70
0
 10
13475.0
 20
18565.0
 10
13475.0
 20
18390.0
  0
TEXT
  5
2FE
330
17
100
AcDbEntity
  8
TEXT
 62
7
100
AcDbText
 10
13515.0
 20
18440.0
 30
0.0
 40
75.0
  1
Кухня — рабочая подсветка
  7
GOST
 11
13515.0
 21
18440.0
 31
0.0
100
AcDbText
  0
LWPOLYLINE
  5
2FF
330
17
100
AcDbEntity
  8
TEXT
 62
7
370
15
100
AcDbPolyline
 90
2
 70
0
 10
16575.0
 20
18565.0
 10
16575.0
 20
18390.0
  0
TEXT
  5
300
330
17
100
AcDbEntity
  8
TEXT
 62
7
100
AcDbText
 10
16615.0
 20
18440.0
 30
0.0
 40
75.0
  1
C1
  7
GOST
 11
16615.0
 21
18440.0
 31
0.0
100
AcDbText
  0
LWPOLYLINE
  5
301
330
17
100
AcDbEntity
  8
TEXT
 62
7
370
15
100
AcDbPolyline
 90
2
 70
0
 10
17175.0
 20
18565.0
 10
17175.0
 20
18390.0
  0
TEXT
  5
302
330
17
100
AcDbEntity
  8
TEXT
 62
7
100
AcDbText
 10
17215.0
 20
18440.0
 30
0.0
 40
75.0
  1
60
  7
GOST
 11
17215.0
 21
18440.0
 31
0.0
100
AcDbText
  0
LWPOLYLINE
  5
303
330
17
100
AcDbEntity
  8
TEXT
 62
7
370
15
100
AcDbPolyline
 90
2
 70
0
 10
17775.0
 20
18565.0
 10
17775.0
 20
18390.0
  0
LWPOLYLINE
  5
304
330
17
100
AcDbEntity
  8
TEXT
 62
7
370
15
100
AcDbPolyline
 90
4
 70
1
 10
12975.0
 20
18215.0
 10
17775.0
 20
18215.0
 10
17775.0
 20
18390.0
 10
12975.0
 20
18390.0
  0
LWPOLYLINE
  5
305
330
17
100
AcDbEntity
  8
TEXT
 62
7
370
15
100
AcDbPolyline
 90
2
 70
0
 10
12975.0
 20
18390.0
 10
12975.0
 20
18215.0
  0
TEXT
  5
306
330
17
100
AcDbEntity
  8
TEXT
 62
7
100
AcDbText
 10
13015.0
 20
18265.0
 30
0.0
 40
75.0
  1
L2
  7
GOST
 11
13015.0
 21
18265.0
 31
0.0
100
AcDbText
  0
LWPOLYLINE
  5
307
330
17
100
AcDbEntity
  8
TEXT
 62
7
370
15
100
AcDbPolyline
 90
2
 70
0
 10
13475.0
 20
18390.0
 10
13475.0
 20
18215.0
  0
TEXT
  5
308
330
17
100
AcDbEntity
  8
TEXT
 62
7
100
AcDbText
 10
13515.0
 20
18265.0
 30
0.0
 40
75.0
  1
Кухня — споты
  7
GOST
 11
13515.0
 21
18265.0
 31
0.0
100
AcDbText
  0
LWPOLYLINE
  5
309
330
17
100
AcDbEntity
  8
TEXT
 62
7
370
15
100
AcDbPolyline
 90
2
 70
0
 10
16575.0
 20
18390.0
 10
16575.0
 20
18215.0
  0
TEXT
  5
30A
330
17
100
AcDbEntity
  8
TEXT
 62
7
100
AcDbText
 10
16615.0
 20
18265.0
 30
0.0
 40
75.0
  1
C1
  7
GOST
 11
16615.0
 21
18265.0
 31
0.0
100
AcDbText
  0
LWPOLYLINE
  5
30B
330
17
100
AcDbEntity
  8
TEXT
 62
7
370
15
100
AcDbPolyline
 90
2
 70
0
 10
17175.0
 20
18390.0
 10
17175.0
 20
18215.0
  0
TEXT
  5
30C
330
17
100
AcDbEntity
  8
TEXT
 62
7
100
AcDbText
 10
17215.0
 20
18265.0
 30
0.0
 40
75.0
  1
28
  7
GOST
 11
17215.0
 21
18265.0
 31
0.0
100
AcDbText
  0
LWPOLYLINE
  5
30D
330
17
100
AcDbEntity
  8
TEXT
 62
7
370
15
100
AcDbPolyline
 90
2
 70
0
 10
17775.0
 20
18390.0
 10
17775.0
 20
18215.0
  0
LWPOLYLINE
  5
30E
330
17
100
AcDbEntity
  8
TEXT
 62
7
370
15
100
AcDbPolyline
 90
4
 70
1
 10
12975.0
 20
18040.0
 10
17775.0
 20
18040.0
 10
17775.0
 20
18215.0
 10
12975.0
 20
18215.0
  0
LWPOLYLINE
  5
30F
330
17
100
AcDbEntity
  8
TEXT
 62
7
370
15
100
AcDbPolyline
 90
2
 70
0
 10
12975.0
 20
18215.0
 10
12975.0
 20
18040.0
  0
TEXT
  5
310
330
17
100
AcDbEntity
  8
TEXT
 62
7
100
AcDbText
 10
13015.0
 20
18090.0
 30
0.0
 40
75.0
  1
L3
  7
GOST
 11
13015.0
 21
18090.0
 31
0.0
100
AcDbText
  0
LWPOLYLINE
  5
311
330
17
100
AcDbEntity
  8
TEXT
 62
7
370
15
100
AcDbPolyline
 90
2
 70
0
 10
13475.0
 20
18215.0
 10
13475.0
 20
18040.0
  0
TEXT
  5
312
330
17
100
AcDbEntity
  8
TEXT
 62
7
100
AcDbText
 10
13515.0
 20
18090.0
 30
0.0
 40
75.0
  1
Столовая — люстра
  7
GOST
 11
13515.0
 21
18090.0
 31
0.0
100
AcDbText
  0
LWPOLYLINE
  5
313
330
17
100
AcDbEntity
  8
TEXT
 62
7
370
15
100
AcDbPolyline
 90
2
 70
0
 10
16575.0
 20
18215.0
 10
16575.0
 20
18040.0
  0
TEXT
  5
314
330
17
100
AcDbEntity
  8
TEXT
 62
7
100
AcDbText
 10
16615.0
 20
18090.0
 30
0.0
 40
75.0
  1
C1
  7
GOST
 11
16615.0
 21
18090.0
 31
0.0
100
AcDbText
  0
LWPOLYLINE
  5
315
330
17
100
AcDbEntity
  8
TEXT
 62
7
370
15
100
AcDbPolyline
 90
2
 70
0
 10
17175.0
 20
18215.0
 10
17175.0
 20
18040.0
  0
TEXT
  5
316
330
17
100
AcDbEntity
  8
TEXT
 62
7
100
AcDbText
 10
17215.0
 20
18090.0
 30
0.0
 40
75.0
  1
40
  7
GOST
 11
17215.0
 21
18090.0
 31
0.0
100
AcDbText
  0
LWPOLYLINE
  5
317
330
17
100
AcDbEntity
  8
TEXT
 62
7
370
15
100
AcDbPolyline
 90
2
 70
0
 10
17775.0
 20
18215.0
 10
17775.0
 20
18040.0
  0
LWPOLYLINE
  5
318
330
17
100
AcDbEntity
  8
TEXT
 62
7
370
15
100
AcDbPolyline
 90
4
 70
1
 10
12975.0
 20
17865.0
 10
17775.0
 20
17865.0
 10
17775.0
 20
18040.0
 10
12975.0
 20
18040.0
  0
LWPOLYLINE
  5
319
330
17
100
AcDbEntity
  8
TEXT
 62
7
370
15
100
AcDbPolyline
 90
2
 70
0
 10
12975.0
 20
18040.0
 10
12975.0
 20
17865.0
  0
TEXT
  5
31A
330
17
100
AcDbEntity
  8
TEXT
 62
7
100
AcDbText
 10
13015.0
 20
17915.0
 30
0.0
 40
75.0
  1
L4
  7
GOST
 11
13015.0
 21
17915.0
 31
0.0
100
AcDbText
  0
LWPOLYLINE
  5
31B
330
17
100
AcDbEntity
  8
TEXT
 62
7
370
15
100
AcDbPolyline
 90
2
 70
0
 10
13475.0
 20
18040.0
 10
13475.0
 20
17865.0
  0
TEXT
  5
31C
330
17
100
AcDbEntity
  8
TEXT
 62
7
100
AcDbText
 10
13515.0
 20
17915.0
 30
0.0
 40
75.0
  1
Столовая — бра + буфет
  7
GOST
 11
13515.0
 21
17915.0
 31
0.0
100
AcDbText
  0
LWPOLYLINE
  5
31D
330
17
100
AcDbEntity
  8
TEXT
 62
7
370
15
100
AcDbPolyline
 90
2
 70
0
 10
16575.0
 20
18040.0
 10
16575.0
 20
17865.0
  0
TEXT
  5
31E
330
17
100
AcDbEntity
  8
TEXT
 62
7
100
AcDbText
 10
16615.0
 20
17915.0
 30
0.0
 40
75.0
  1
C1
  7
GOST
 11
16615.0
 21
17915.0
 31
0.0
100
AcDbText
  0
LWPOLYLINE
  5
31F
330
17
100
AcDbEntity
  8
TEXT
 62
7
370
15
100
AcDbPolyline
 90
2
 70
0
 10
17175.0
 20
18040.0
 10
17175.0
 20
17865.0
  0
TEXT
  5
320
330
17
100
AcDbEntity
  8
TEXT
 62
7
100
AcDbText
 10
17215.0
 20
17915.0
 30
0.0
 40
75.0
  1
22
  7
GOST
 11
17215.0
 21
17915.0
 31
0.0
100
AcDbText
  0
LWPOLYLINE
  5
321
330
17
100
AcDbEntity
  8
TEXT
 62
7
370
15
100
AcDbPolyline
 90
2
 70
0
 10
17775.0
 20
18040.0
 10
17775.0
 20
17865.0
  0
LWPOLYLINE
  5
322
330
17
100
AcDbEntity
  8
TEXT
 62
7
370
15
100
AcDbPolyline
 90
4
 70
1
 10
12975.0
 20
17690.0
 10
17775.0
 20
17690.0
 10
17775.0
 20
17865.0
 10
12975.0
 20
17865.0
  0
LWPOLYLINE
  5
323
330
17
100
AcDbEntity
  8
TEXT
 62
7
370
15
100
AcDbPolyline
 90
2
 70
0
 10
12975.0
 20
17865.0
 10
12975.0
 20
17690.0
  0
TEXT
  5
324
330
17
100
AcDbEntity
  8
TEXT
 62
7
100
AcDbText
 10
13015.0
 20
17740.0
 30
0.0
 40
75.0
  1
L5
  7
GOST
 11
13015.0
 21
17740.0
 31
0.0
100
AcDbText
  0
LWPOLYLINE
  5
325
330
17
100
AcDbEntity
  8
TEXT
 62
7
370
15
100
AcDbPolyline
 90
2
 70
0
 10
13475.0
 20
17865.0
 10
13475.0
 20
17690.0
  0
TEXT
  5
326
330
17
100
AcDbEntity
  8
TEXT
 62
7
100
AcDbText
 10
13515.0
 20
17740.0
 30
0.0
 40
75.0
  1
Кухня — цоколь (ночь/кино)
  7
GOST
 11
13515.0
 21
17740.0
 31
0.0
100
AcDbText
  0
LWPOLYLINE
  5
327
330
17
100
AcDbEntity
  8
TEXT
 62
7
370
15
100
AcDbPolyline
 90
2
 70
0
 10
16575.0
 20
17865.0
 10
16575.0
 20
17690.0
  0
TEXT
  5
328
330
17
100
AcDbEntity
  8
TEXT
 62
7
100
AcDbText
 10
16615.0
 20
17740.0
 30
0.0
 40
75.0
  1
C1
  7
GOST
 11
16615.0
 21
17740.0
 31
0.0
100
AcDbText
  0
LWPOLYLINE
  5
329
330
17
100
AcDbEntity
  8
TEXT
 62
7
370
15
100
AcDbPolyline
 90
2
 70
0
 10
17175.0
 20
17865.0
 10
17175.0
 20
17690.0
  0
TEXT
  5
32A
330
17
100
AcDbEntity
  8
TEXT
 62
7
100
AcDbText
 10
17215.0
 20
17740.0
 30
0.0
 40
75.0
  1
15
  7
GOST
 11
17215.0
 21
17740.0
 31
0.0
100
AcDbText
  0
LWPOLYLINE
  5
32B
330
17
100
AcDbEntity
  8
TEXT
 62
7
370
15
100
AcDbPolyline
 90
2
 70
0
 10
17775.0
 20
17865.0
 10
17775.0
 20
17690.0
  0
LWPOLYLINE
  5
32C
330
17
100
AcDbEntity
  8
TEXT
 62
7
370
15
100
AcDbPolyline
 90
4
 70
1
 10
12975.0
 20
17515.0
 10
17775.0
 20
17515.0
 10
17775.0
 20
17690.0
 10
12975.0
 20
17690.0
  0
LWPOLYLINE
  5
32D
330
17
100
AcDbEntity
  8
TEXT
 62
7
370
15
100
AcDbPolyline
 90
2
 70
0
 10
12975.0
 20
17690.0
 10
12975.0
 20
17515.0
  0
TEXT
  5
32E
330
17
100
AcDbEntity
  8
TEXT
 62
7
100
AcDbText
 10
13015.0
 20
17565.0
 30
0.0
 40
75.0
  1
L6
  7
GOST
 11
13015.0
 21
17565.0
 31
0.0
100
AcDbText
  0
LWPOLYLINE
  5
32F
330
17
100
AcDbEntity
  8
TEXT
 62
7
370
15
100
AcDbPolyline
 90
2
 70
0
 10
13475.0
 20
17690.0
 10
13475.0
 20
17515.0
  0
TEXT
  5
330
330
17
100
AcDbEntity
  8
TEXT
 62
7
100
AcDbText
 10
13515.0
 20
17565.0
 30
0.0
 40
75.0
  1
Балкон — споты
  7
GOST
 11
13515.0
 21
17565.0
 31
0.0
100
AcDbText
  0
LWPOLYLINE
  5
331
330
17
100
AcDbEntity
  8
TEXT
 62
7
370
15
100
AcDbPolyline
 90
2
 70
0
 10
16575.0
 20
17690.0
 10
16575.0
 20
17515.0
  0
TEXT
  5
332
330
17
100
AcDbEntity
  8
TEXT
 62
7
100
AcDbText
 10
16615.0
 20
17565.0
 30
0.0
 40
75.0
  1
C1
  7
GOST
 11
16615.0
 21
17565.0
 31
0.0
100
AcDbText
  0
LWPOLYLINE
  5
333
330
17
100
AcDbEntity
  8
TEXT
 62
7
370
15
100
AcDbPolyline
 90
2
 70
0
 10
17175.0
 20
17690.0
 10
17175.0
 20
17515.0
  0
TEXT
  5
334
330
17
100
AcDbEntity
  8
TEXT
 62
7
100
AcDbText
 10
17215.0
 20
17565.0
 30
0.0
 40
75.0
  1
20
  7
GOST
 11
17215.0
 21
17565.0
 31
0.0
100
AcDbText
  0
LWPOLYLINE
  5
335
330
17
100
AcDbEntity
  8
TEXT
 62
7
370
15
100
AcDbPolyline
 90
2
 70
0
 10
17775.0
 20
17690.0
 10
17775.0
 20
17515.0
  0
LWPOLYLINE
  5
336
330
17
100
AcDbEntity
  8
TEXT
 62
7
370
15
100
AcDbPolyline
 90
4
 70
1
 10
12975.0
 20
17340.0
 10
17775.0
 20
17340.0
 10
17775.0
 20
17515.0
 10
12975.0
 20
17515.0
  0
LWPOLYLINE
  5
337
330
17
100
AcDbEntity
  8
TEXT
 62
7
370
15
100
AcDbPolyline
 90
2
 70
0
 10
12975.0
 20
17515.0
 10
12975.0
 20
17340.0
  0
TEXT
  5
338
330
17
100
AcDbEntity
  8
TEXT
 62
7
100
AcDbText
 10
13015.0
 20
17390.0
 30
0.0
 40
75.0
  1
L7
  7
GOST
 11
13015.0
 21
17390.0
 31
0.0
100
AcDbText
  0
LWPOLYLINE
  5
339
330
17
100
AcDbEntity
  8
TEXT
 62
7
370
15
100
AcDbPolyline
 90
2
 70
0
 10
13475.0
 20
17515.0
 10
13475.0
 20
17340.0
  0
TEXT
  5
33A
330
17
100
AcDbEntity
  8
TEXT
 62
7
100
AcDbText
 10
13515.0
 20
17390.0
 30
0.0
 40
75.0
  1
Балкон — цоколь дивана
  7
GOST
 11
13515.0
 21
17390.0
 31
0.0
100
AcDbText
  0
LWPOLYLINE
  5
33B
330
17
100
AcDbEntity
  8
TEXT
 62
7
370
15
100
AcDbPolyline
 90
2
 70
0
 10
16575.0
 20
17515.0
 10
16575.0
 20
17340.0
  0
TEXT
  5
33C
330
17
100
AcDbEntity
  8
TEXT
 62
7
100
AcDbText
 10
16615.0
 20
17390.0
 30
0.0
 40
75.0
  1
C1
  7
GOST
 11
16615.0
 21
17390.0
 31
0.0
100
AcDbText
  0
LWPOLYLINE
  5
33D
330
17
100
AcDbEntity
  8
TEXT
 62
7
370
15
100
AcDbPolyline
 90
2
 70
0
 10
17175.0
 20
17515.0
 10
17175.0
 20
17340.0
  0
TEXT
  5
33E
330
17
100
AcDbEntity
  8
TEXT
 62
7
100
AcDbText
 10
17215.0
 20
17390.0
 30
0.0
 40
75.0
  1
20
  7
GOST
 11
17215.0
 21
17390.0
 31
0.0
100
AcDbText
  0
LWPOLYLINE
  5
33F
330
17
100
AcDbEntity
  8
TEXT
 62
7
370
15
100
AcDbPolyline
 90
2
 70
0
 10
17775.0
 20
17515.0
 10
17775.0
 20
17340.0
  0
LWPOLYLINE
  5
340
330
17
100
AcDbEntity
  8
TEXT
 62
7
370
15
100
AcDbPolyline
 90
4
 70
1
 10
12975.0
 20
17165.0
 10
17775.0
 20
17165.0
 10
17775.0
 20
17340.0
 10
12975.0
 20
17340.0
  0
LWPOLYLINE
  5
341
330
17
100
AcDbEntity
  8
TEXT
 62
7
370
15
100
AcDbPolyline
 90
2
 70
0
 10
12975.0
 20
17340.0
 10
12975.0
 20
17165.0
  0
TEXT
  5
342
330
17
100
AcDbEntity
  8
TEXT
 62
7
100
AcDbText
 10
13015.0
 20
17215.0
 30
0.0
 40
75.0
  1
L8
  7
GOST
 11
13015.0
 21
17215.0
 31
0.0
100
AcDbText
  0
LWPOLYLINE
  5
343
330
17
100
AcDbEntity
  8
TEXT
 62
7
370
15
100
AcDbPolyline
 90
2
 70
0
 10
13475.0
 20
17340.0
 10
13475.0
 20
17165.0
  0
TEXT
  5
344
330
17
100
AcDbEntity
  8
TEXT
 62
7
100
AcDbText
 10
13515.0
 20
17215.0
 30
0.0
 40
75.0
  1
Спальня — люстра
  7
GOST
 11
13515.0
 21
17215.0
 31
0.0
100
AcDbText
  0
LWPOLYLINE
  5
345
330
17
100
AcDbEntity
  8
TEXT
 62
7
370
15
100
AcDbPolyline
 90
2
 70
0
 10
16575.0
 20
17340.0
 10
16575.0
 20
17165.0
  0
TEXT
  5
346
330
17
100
AcDbEntity
  8
TEXT
 62
7
100
AcDbText
 10
16615.0
 20
17215.0
 30
0.0
 40
75.0
  1
C2
  7
GOST
 11
16615.0
 21
17215.0
 31
0.0
100
AcDbText
  0
LWPOLYLINE
  5
347
330
17
100
AcDbEntity
  8
TEXT
 62
7
370
15
100
AcDbPolyline
 90
2
 70
0
 10
17175.0
 20
17340.0
 10
17175.0
 20
17165.0
  0
TEXT
  5
348
330
17
100
AcDbEntity
  8
TEXT
 62
7
100
AcDbText
 10
17215.0
 20
17215.0
 30
0.0
 40
75.0
  1
40
  7
GOST
 11
17215.0
 21
17215.0
 31
0.0
100
AcDbText
  0
LWPOLYLINE
  5
349
330
17
100
AcDbEntity
  8
TEXT
 62
7
370
15
100
AcDbPolyline
 90
2
 70
0
 10
17775.0
 20
17340.0
 10
17775.0
 20
17165.0
  0
LWPOLYLINE
  5
34A
330
17
100
AcDbEntity
  8
TEXT
 62
7
370
15
100
AcDbPolyline
 90
4
 70
1
 10
12975.0
 20
16990.0
 10
17775.0
 20
16990.0
 10
17775.0
 20
17165.0
 10
12975.0
 20
17165.0
  0
LWPOLYLINE
  5
34B
330
17
100
AcDbEntity
  8
TEXT
 62
7
370
15
100
AcDbPolyline
 90
2
 70
0
 10
12975.0
 20
17165.0
 10
12975.0
 20
16990.0
  0
TEXT
  5
34C
330
17
100
AcDbEntity
  8
TEXT
 62
7
100
AcDbText
 10
13015.0
 20
17040.0
 30
0.0
 40
75.0
  1
L9
  7
GOST
 11
13015.0
 21
17040.0
 31
0.0
100
AcDbText
  0
LWPOLYLINE
  5
34D
330
17
100
AcDbEntity
  8
TEXT
 62
7
370
15
100
AcDbPolyline
 90
2
 70
0
 10
13475.0
 20
17165.0
 10
13475.0
 20
16990.0
  0
TEXT
  5
34E
330
17
100
AcDbEntity
  8
TEXT
 62
7
100
AcDbText
 10
13515.0
 20
17040.0
 30
0.0
 40
75.0
  1
Спальня — LED буазери
  7
GOST
 11
13515.0
 21
17040.0
 31
0.0
100
AcDbText
  0
LWPOLYLINE
  5
34F
330
17
100
AcDbEntity
  8
TEXT
 62
7
370
15
100
AcDbPolyline
 90
2
 70
0
 10
16575.0
 20
17165.0
 10
16575.0
 20
16990.0
  0
TEXT
  5
350
330
17
100
AcDbEntity
  8
TEXT
 62
7
100
AcDbText
 10
16615.0
 20
17040.0
 30
0.0
 40
75.0
  1
C2
  7
GOST
 11
16615.0
 21
17040.0
 31
0.0
100
AcDbText
  0
LWPOLYLINE
  5
351
330
17
100
AcDbEntity
  8
TEXT
 62
7
370
15
100
AcDbPolyline
 90
2
 70
0
 10
17175.0
 20
17165.0
 10
17175.0
 20
16990.0
  0
TEXT
  5
352
330
17
100
AcDbEntity
  8
TEXT
 62
7
100
AcDbText
 10
17215.0
 20
17040.0
 30
0.0
 40
75.0
  1
30
  7
GOST
 11
17215.0
 21
17040.0
 31
0.0
100
AcDbText
  0
LWPOLYLINE
  5
353
330
17
100
AcDbEntity
  8
TEXT
 62
7
370
15
100
AcDbPolyline
 90
2
 70
0
 10
17775.0
 20
17165.0
 10
17775.0
 20
16990.0
  0
LWPOLYLINE
  5
354
330
17
100
AcDbEntity
  8
TEXT
 62
7
370
15
100
AcDbPolyline
 90
4
 70
1
 10
12975.0
 20
16815.0
 10
17775.0
 20
16815.0
 10
17775.0
 20
16990.0
 10
12975.0
 20
16990.0
  0
LWPOLYLINE
  5
355
330
17
100
AcDbEntity
  8
TEXT
 62
7
370
15
100
AcDbPolyline
 90
2
 70
0
 10
12975.0
 20
16990.0
 10
12975.0
 20
16815.0
  0
TEXT
  5
356
330
17
100
AcDbEntity
  8
TEXT
 62
7
100
AcDbText
 10
13015.0
 20
16865.0
 30
0.0
 40
75.0
  1
L10
  7
GOST
 11
13015.0
 21
16865.0
 31
0.0
100
AcDbText
  0
LWPOLYLINE
  5
357
330
17
100
AcDbEntity
  8
TEXT
 62
7
370
15
100
AcDbPolyline
 90
2
 70
0
 10
13475.0
 20
16990.0
 10
13475.0
 20
16815.0
  0
TEXT
  5
358
330
17
100
AcDbEntity
  8
TEXT
 62
7
100
AcDbText
 10
13515.0
 20
16865.0
 30
0.0
 40
75.0
  1
Спальня — LED карниз
  7
GOST
 11
13515.0
 21
16865.0
 31
0.0
100
AcDbText
  0
LWPOLYLINE
  5
359
330
17
100
AcDbEntity
  8
TEXT
 62
7
370
15
100
AcDbPolyline
 90
2
 70
0
 10
16575.0
 20
16990.0
 10
16575.0
 20
16815.0
  0
TEXT
  5
35A
330
17
100
AcDbEntity
  8
TEXT
 62
7
100
AcDbText
 10
16615.0
 20
16865.0
 30
0.0
 40
75.0
  1
C2
  7
GOST
 11
16615.0
 21
16865.0
 31
0.0
100
AcDbText
  0
LWPOLYLINE
  5
35B
330
17
100
AcDbEntity
  8
TEXT
 62
7
370
15
100
AcDbPolyline
 90
2
 70
0
 10
17175.0
 20
16990.0
 10
17175.0
 20
16815.0
  0
TEXT
  5
35C
330
17
100
AcDbEntity
  8
TEXT
 62
7
100
AcDbText
 10
17215.0
 20
16865.0
 30
0.0
 40
75.0
  1
55
  7
GOST
 11
17215.0
 21
16865.0
 31
0.0
100
AcDbText
  0
LWPOLYLINE
  5
35D
330
17
100
AcDbEntity
  8
TEXT
 62
7
370
15
100
AcDbPolyline
 90
2
 70
0
 10
17775.0
 20
16990.0
 10
17775.0
 20
16815.0
  0
LWPOLYLINE
  5
35E
330
17
100
AcDbEntity
  8
TEXT
 62
7
370
15
100
AcDbPolyline
 90
4
 70
1
 10
12975.0
 20
16640.0
 10
17775.0
 20
16640.0
 10
17775.0
 20
16815.0
 10
12975.0
 20
16815.0
  0
LWPOLYLINE
  5
35F
330
17
100
AcDbEntity
  8
TEXT
 62
7
370
15
100
AcDbPolyline
 90
2
 70
0
 10
12975.0
 20
16815.0
 10
12975.0
 20
16640.0
  0
TEXT
  5
360
330
17
100
AcDbEntity
  8
TEXT
 62
7
100
AcDbText
 10
13015.0
 20
16690.0
 30
0.0
 40
75.0
  1
L11
  7
GOST
 11
13015.0
 21
16690.0
 31
0.0
100
AcDbText
  0
LWPOLYLINE
  5
361
330
17
100
AcDbEntity
  8
TEXT
 62
7
370
15
100
AcDbPolyline
 90
2
 70
0
 10
13475.0
 20
16815.0
 10
13475.0
 20
16640.0
  0
TEXT
  5
362
330
17
100
AcDbEntity
  8
TEXT
 62
7
100
AcDbText
 10
13515.0
 20
16690.0
 30
0.0
 40
75.0
  1
Спальня — бра
  7
GOST
 11
13515.0
 21
16690.0
 31
0.0
100
AcDbText
  0
LWPOLYLINE
  5
363
330
17
100
AcDbEntity
  8
TEXT
 62
7
370
15
100
AcDbPolyline
 90
2
 70
0
 10
16575.0
 20
16815.0
 10
16575.0
 20
16640.0
  0
TEXT
  5
364
330
17
100
AcDbEntity
  8
TEXT
 62
7
100
AcDbText
 10
16615.0
 20
16690.0
 30
0.0
 40
75.0
  1
C2
  7
GOST
 11
16615.0
 21
16690.0
 31
0.0
100
AcDbText
  0
LWPOLYLINE
  5
365
330
17
100
AcDbEntity
  8
TEXT
 62
7
370
15
100
AcDbPolyline
 90
2
 70
0
 10
17175.0
 20
16815.0
 10
17175.0
 20
16640.0
  0
TEXT
  5
366
330
17
100
AcDbEntity
  8
TEXT
 62
7
100
AcDbText
 10
17215.0
 20
16690.0
 30
0.0
 40
75.0
  1
10
  7
GOST
 11
17215.0
 21
16690.0
 31
0.0
100
AcDbText
  0
LWPOLYLINE
  5
367
330
17
100
AcDbEntity
  8
TEXT
 62
7
370
15
100
AcDbPolyline
 90
2
 70
0
 10
17775.0
 20
16815.0
 10
17775.0
 20
16640.0
  0
LWPOLYLINE
  5
368
330
17
100
AcDbEntity
  8
TEXT
 62
7
370
15
100
AcDbPolyline
 90
4
 70
1
 10
12975.0
 20
16465.0
 10
17775.0
 20
16465.0
 10
17775.0
 20
16640.0
 10
12975.0
 20
16640.0
  0
LWPOLYLINE
  5
369
330
17
100
AcDbEntity
  8
TEXT
 62
7
370
15
100
AcDbPolyline
 90
2
 70
0
 10
12975.0
 20
16640.0
 10
12975.0
 20
16465.0
  0
TEXT
  5
36A
330
17
100
AcDbEntity
  8
TEXT
 62
7
100
AcDbText
 10
13015.0
 20
16515.0
 30
0.0
 40
75.0
  1
L12
  7
GOST
 11
13015.0
 21
16515.0
 31
0.0
100
AcDbText
  0
LWPOLYLINE
  5
36B
330
17
100
AcDbEntity
  8
TEXT
 62
7
370
15
100
AcDbPolyline
 90
2
 70
0
 10
13475.0
 20
16640.0
 10
13475.0
 20
16465.0
  0
TEXT
  5
36C
330
17
100
AcDbEntity
  8
TEXT
 62
7
100
AcDbText
 10
13515.0
 20
16515.0
 30
0.0
 40
75.0
  1
Спальня — консоль ТВ (ночник)
  7
GOST
 11
13515.0
 21
16515.0
 31
0.0
100
AcDbText
  0
LWPOLYLINE
  5
36D
330
17
100
AcDbEntity
  8
TEXT
 62
7
370
15
100
AcDbPolyline
 90
2
 70
0
 10
16575.0
 20
16640.0
 10
16575.0
 20
16465.0
  0
TEXT
  5
36E
330
17
100
AcDbEntity
  8
TEXT
 62
7
100
AcDbText
 10
16615.0
 20
16515.0
 30
0.0
 40
75.0
  1
C2
  7
GOST
 11
16615.0
 21
16515.0
 31
0.0
100
AcDbText
  0
LWPOLYLINE
  5
36F
330
17
100
AcDbEntity
  8
TEXT
 62
7
370
15
100
AcDbPolyline
 90
2
 70
0
 10
17175.0
 20
16640.0
 10
17175.0
 20
16465.0
  0
TEXT
  5
370
330
17
100
AcDbEntity
  8
TEXT
 62
7
100
AcDbText
 10
17215.0
 20
16515.0
 30
0.0
 40
75.0
  1
10
  7
GOST
 11
17215.0
 21
16515.0
 31
0.0
100
AcDbText
  0
LWPOLYLINE
  5
371
330
17
100
AcDbEntity
  8
TEXT
 62
7
370
15
100
AcDbPolyline
 90
2
 70
0
 10
17775.0
 20
16640.0
 10
17775.0
 20
16465.0
  0
LWPOLYLINE
  5
372
330
17
100
AcDbEntity
  8
TEXT
 62
7
370
15
100
AcDbPolyline
 90
4
 70
1
 10
12975.0
 20
16290.0
 10
17775.0
 20
16290.0
 10
17775.0
 20
16465.0
 10
12975.0
 20
16465.0
  0
LWPOLYLINE
  5
373
330
17
100
AcDbEntity
  8
TEXT
 62
7
370
15
100
AcDbPolyline
 90
2
 70
0
 10
12975.0
 20
16465.0
 10
12975.0
 20
16290.0
  0
TEXT
  5
374
330
17
100
AcDbEntity
  8
TEXT
 62
7
100
AcDbText
 10
13015.0
 20
16340.0
 30
0.0
 40
75.0
  1
L13
  7
GOST
 11
13015.0
 21
16340.0
 31
0.0
100
AcDbText
  0
LWPOLYLINE
  5
375
330
17
100
AcDbEntity
  8
TEXT
 62
7
370
15
100
AcDbPolyline
 90
2
 70
0
 10
13475.0
 20
16465.0
 10
13475.0
 20
16290.0
  0
TEXT
  5
376
330
17
100
AcDbEntity
  8
TEXT
 62
7
100
AcDbText
 10
13515.0
 20
16340.0
 30
0.0
 40
75.0
  1
Спальня — шкаф-купе
  7
GOST
 11
13515.0
 21
16340.0
 31
0.0
100
AcDbText
  0
LWPOLYLINE
  5
377
330
17
100
AcDbEntity
  8
TEXT
 62
7
370
15
100
AcDbPolyline
 90
2
 70
0
 10
16575.0
 20
16465.0
 10
16575.0
 20
16290.0
  0
TEXT
  5
378
330
17
100
AcDbEntity
  8
TEXT
 62
7
100
AcDbText
 10
16615.0
 20
16340.0
 30
0.0
 40
75.0
  1
C2
  7
GOST
 11
16615.0
 21
16340.0
 31
0.0
100
AcDbText
  0
LWPOLYLINE
  5
379
330
17
100
AcDbEntity
  8
TEXT
 62
7
370
15
100
AcDbPolyline
 90
2
 70
0
 10
17175.0
 20
16465.0
 10
17175.0
 20
16290.0
  0
TEXT
  5
37A
330
17
100
AcDbEntity
  8
TEXT
 62
7
100
AcDbText
 10
17215.0
 20
16340.0
 30
0.0
 40
75.0
  1
20
  7
GOST
 11
17215.0
 21
16340.0
 31
0.0
100
AcDbText
  0
LWPOLYLINE
  5
37B
330
17
100
AcDbEntity
  8
TEXT
 62
7
370
15
100
AcDbPolyline
 90
2
 70
0
 10
17775.0
 20
16465.0
 10
17775.0
 20
16290.0
  0
LWPOLYLINE
  5
37C
330
17
100
AcDbEntity
  8
TEXT
 62
7
370
15
100
AcDbPolyline
 90
4
 70
1
 10
12975.0
 20
16115.0
 10
17775.0
 20
16115.0
 10
17775.0
 20
16290.0
 10
12975.0
 20
16290.0
  0
LWPOLYLINE
  5
37D
330
17
100
AcDbEntity
  8
TEXT
 62
7
370
15
100
AcDbPolyline
 90
2
 70
0
 10
12975.0
 20
16290.0
 10
12975.0
 20
16115.0
  0
TEXT
  5
37E
330
17
100
AcDbEntity
  8
TEXT
 62
7
100
AcDbText
 10
13015.0
 20
16165.0
 30
0.0
 40
75.0
  1
L14
  7
GOST
 11
13015.0
 21
16165.0
 31
0.0
100
AcDbText
  0
LWPOLYLINE
  5
37F
330
17
100
AcDbEntity
  8
TEXT
 62
7
370
15
100
AcDbPolyline
 90
2
 70
0
 10
13475.0
 20
16290.0
 10
13475.0
 20
16115.0
  0
TEXT
  5
380
330
17
100
AcDbEntity
  8
TEXT
 62
7
100
AcDbText
 10
13515.0
 20
16165.0
 30
0.0
 40
75.0
  1
Детская — потолочный
  7
GOST
 11
13515.0
 21
16165.0
 31
0.0
100
AcDbText
  0
LWPOLYLINE
  5
381
330
17
100
AcDbEntity
  8
TEXT
 62
7
370
15
100
AcDbPolyline
 90
2
 70
0
 10
16575.0
 20
16290.0
 10
16575.0
 20
16115.0
  0
TEXT
  5
382
330
17
100
AcDbEntity
  8
TEXT
 62
7
100
AcDbText
 10
16615.0
 20
16165.0
 30
0.0
 40
75.0
  1
C2
  7
GOST
 11
16615.0
 21
16165.0
 31
0.0
100
AcDbText
  0
LWPOLYLINE
  5
383
330
17
100
AcDbEntity
  8
TEXT
 62
7
370
15
100
AcDbPolyline
 90
2
 70
0
 10
17175.0
 20
16290.0
 10
17175.0
 20
16115.0
  0
TEXT
  5
384
330
17
100
AcDbEntity
  8
TEXT
 62
7
100
AcDbText
 10
17215.0
 20
16165.0
 30
0.0
 40
75.0
  1
40
  7
GOST
 11
17215.0
 21
16165.0
 31
0.0
100
AcDbText
  0
LWPOLYLINE
  5
385
330
17
100
AcDbEntity
  8
TEXT
 62
7
370
15
100
AcDbPolyline
 90
2
 70
0
 10
17775.0
 20
16290.0
 10
17775.0
 20
16115.0
  0
LWPOLYLINE
  5
386
330
17
100
AcDbEntity
  8
TEXT
 62
7
370
15
100
AcDbPolyline
 90
4
 70
1
 10
12975.0
 20
15940.0
 10
17775.0
 20
15940.0
 10
17775.0
 20
16115.0
 10
12975.0
 20
16115.0
  0
LWPOLYLINE
  5
387
330
17
100
AcDbEntity
  8
TEXT
 62
7
370
15
100
AcDbPolyline
 90
2
 70
0
 10
12975.0
 20
16115.0
 10
12975.0
 20
15940.0
  0
TEXT
  5
388
330
17
100
AcDbEntity
  8
TEXT
 62
7
100
AcDbText
 10
13015.0
 20
15990.0
 30
0.0
 40
75.0
  1
L15
  7
GOST
 11
13015.0
 21
15990.0
 31
0.0
100
AcDbText
  0
LWPOLYLINE
  5
389
330
17
100
AcDbEntity
  8
TEXT
 62
7
370
15
100
AcDbPolyline
 90
2
 70
0
 10
13475.0
 20
16115.0
 10
13475.0
 20
15940.0
  0
TEXT
  5
38A
330
17
100
AcDbEntity
  8
TEXT
 62
7
100
AcDbText
 10
13515.0
 20
15990.0
 30
0.0
 40
75.0
  1
Прихожая — споты
  7
GOST
 11
13515.0
 21
15990.0
 31
0.0
100
AcDbText
  0
LWPOLYLINE
  5
38B
330
17
100
AcDbEntity
  8
TEXT
 62
7
370
15
100
AcDbPolyline
 90
2
 70
0
 10
16575.0
 20
16115.0
 10
16575.0
 20
15940.0
  0
TEXT
  5
38C
330
17
100
AcDbEntity
  8
TEXT
 62
7
100
AcDbText
 10
16615.0
 20
15990.0
 30
0.0
 40
75.0
  1
C3
  7
GOST
 11
16615.0
 21
15990.0
 31
0.0
100
AcDbText
  0
LWPOLYLINE
  5
38D
330
17
100
AcDbEntity
  8
TEXT
 62
7
370
15
100
AcDbPolyline
 90
2
 70
0
 10
17175.0
 20
16115.0
 10
17175.0
 20
15940.0
  0
TEXT
  5
38E
330
17
100
AcDbEntity
  8
TEXT
 62
7
100
AcDbText
 10
17215.0
 20
15990.0
 30
0.0
 40
75.0
  1
30
  7
GOST
 11
17215.0
 21
15990.0
 31
0.0
100
AcDbText
  0
LWPOLYLINE
  5
38F
330
17
100
AcDbEntity
  8
TEXT
 62
7
370
15
100
AcDbPolyline
 90
2
 70
0
 10
17775.0
 20
16115.0
 10
17775.0
 20
15940.0
  0
LWPOLYLINE
  5
390
330
17
100
AcDbEntity
  8
TEXT
 62
7
370
15
100
AcDbPolyline
 90
4
 70
1
 10
12975.0
 20
15765.0
 10
17775.0
 20
15765.0
 10
17775.0
 20
15940.0
 10
12975.0
 20
15940.0
  0
LWPOLYLINE
  5
391
330
17
100
AcDbEntity
  8
TEXT
 62
7
370
15
100
AcDbPolyline
 90
2
 70
0
 10
12975.0
 20
15940.0
 10
12975.0
 20
15765.0
  0
TEXT
  5
392
330
17
100
AcDbEntity
  8
TEXT
 62
7
100
AcDbText
 10
13015.0
 20
15815.0
 30
0.0
 40
75.0
  1
L16
  7
GOST
 11
13015.0
 21
15815.0
 31
0.0
100
AcDbText
  0
LWPOLYLINE
  5
393
330
17
100
AcDbEntity
  8
TEXT
 62
7
370
15
100
AcDbPolyline
 90
2
 70
0
 10
13475.0
 20
15940.0
 10
13475.0
 20
15765.0
  0
TEXT
  5
394
330
17
100
AcDbEntity
  8
TEXT
 62
7
100
AcDbText
 10
13515.0
 20
15815.0
 30
0.0
 40
75.0
  1
Коридор — споты
  7
GOST
 11
13515.0
 21
15815.0
 31
0.0
100
AcDbText
  0
LWPOLYLINE
  5
395
330
17
100
AcDbEntity
  8
TEXT
 62
7
370
15
100
AcDbPolyline
 90
2
 70
0
 10
16575.0
 20
15940.0
 10
16575.0
 20
15765.0
  0
TEXT
  5
396
330
17
100
AcDbEntity
  8
TEXT
 62
7
100
AcDbText
 10
16615.0
 20
15815.0
 30
0.0
 40
75.0
  1
C3
  7
GOST
 11
16615.0
 21
15815.0
 31
0.0
100
AcDbText
  0
LWPOLYLINE
  5
397
330
17
100
AcDbEntity
  8
TEXT
 62
7
370
15
100
AcDbPolyline
 90
2
 70
0
 10
17175.0
 20
15940.0
 10
17175.0
 20
15765.0
  0
TEXT
  5
398
330
17
100
AcDbEntity
  8
TEXT
 62
7
100
AcDbText
 10
17215.0
 20
15815.0
 30
0.0
 40
75.0
  1
18
  7
GOST
 11
17215.0
 21
15815.0
 31
0.0
100
AcDbText
  0
LWPOLYLINE
  5
399
330
17
100
AcDbEntity
  8
TEXT
 62
7
370
15
100
AcDbPolyline
 90
2
 70
0
 10
17775.0
 20
15940.0
 10
17775.0
 20
15765.0
  0
LWPOLYLINE
  5
39A
330
17
100
AcDbEntity
  8
TEXT
 62
7
370
15
100
AcDbPolyline
 90
4
 70
1
 10
12975.0
 20
15590.0
 10
17775.0
 20
15590.0
 10
17775.0
 20
15765.0
 10
12975.0
 20
15765.0
  0
LWPOLYLINE
  5
39B
330
17
100
AcDbEntity
  8
TEXT
 62
7
370
15
100
AcDbPolyline
 90
2
 70
0
 10
12975.0
 20
15765.0
 10
12975.0
 20
15590.0
  0
TEXT
  5
39C
330
17
100
AcDbEntity
  8
TEXT
 62
7
100
AcDbText
 10
13015.0
 20
15640.0
 30
0.0
 40
75.0
  1
L17
  7
GOST
 11
13015.0
 21
15640.0
 31
0.0
100
AcDbText
  0
LWPOLYLINE
  5
39D
330
17
100
AcDbEntity
  8
TEXT
 62
7
370
15
100
AcDbPolyline
 90
2
 70
0
 10
13475.0
 20
15765.0
 10
13475.0
 20
15590.0
  0
TEXT
  5
39E
330
17
100
AcDbEntity
  8
TEXT
 62
7
100
AcDbText
 10
13515.0
 20
15640.0
 30
0.0
 40
75.0
  1
Коридор — ночной плинтус
  7
GOST
 11
13515.0
 21
15640.0
 31
0.0
100
AcDbText
  0
LWPOLYLINE
  5
39F
330
17
100
AcDbEntity
  8
TEXT
 62
7
370
15
100
AcDbPolyline
 90
2
 70
0
 10
16575.0
 20
15765.0
 10
16575.0
 20
15590.0
  0
TEXT
  5
3A0
330
17
100
AcDbEntity
  8
TEXT
 62
7
100
AcDbText
 10
16615.0
 20
15640.0
 30
0.0
 40
75.0
  1
C3
  7
GOST
 11
16615.0
 21
15640.0
 31
0.0
100
AcDbText
  0
LWPOLYLINE
  5
3A1
330
17
100
AcDbEntity
  8
TEXT
 62
7
370
15
100
AcDbPolyline
 90
2
 70
0
 10
17175.0
 20
15765.0
 10
17175.0
 20
15590.0
  0
TEXT
  5
3A2
330
17
100
AcDbEntity
  8
TEXT
 62
7
100
AcDbText
 10
17215.0
 20
15640.0
 30
0.0
 40
75.0
  1
15
  7
GOST
 11
17215.0
 21
15640.0
 31
0.0
100
AcDbText
  0
LWPOLYLINE
  5
3A3
330
17
100
AcDbEntity
  8
TEXT
 62
7
370
15
100
AcDbPolyline
 90
2
 70
0
 10
17775.0
 20
15765.0
 10
17775.0
 20
15590.0
  0
LWPOLYLINE
  5
3A4
330
17
100
AcDbEntity
  8
TEXT
 62
7
370
15
100
AcDbPolyline
 90
4
 70
1
 10
12975.0
 20
15415.0
 10
17775.0
 20
15415.0
 10
17775.0
 20
15590.0
 10
12975.0
 20
15590.0
  0
LWPOLYLINE
  5
3A5
330
17
100
AcDbEntity
  8
TEXT
 62
7
370
15
100
AcDbPolyline
 90
2
 70
0
 10
12975.0
 20
15590.0
 10
12975.0
 20
15415.0
  0
TEXT
  5
3A6
330
17
100
AcDbEntity
  8
TEXT
 62
7
100
AcDbText
 10
13015.0
 20
15465.0
 30
0.0
 40
75.0
  1
L18
  7
GOST
 11
13015.0
 21
15465.0
 31
0.0
100
AcDbText
  0
LWPOLYLINE
  5
3A7
330
17
100
AcDbEntity
  8
TEXT
 62
7
370
15
100
AcDbPolyline
 90
2
 70
0
 10
13475.0
 20
15590.0
 10
13475.0
 20
15415.0
  0
TEXT
  5
3A8
330
17
100
AcDbEntity
  8
TEXT
 62
7
100
AcDbText
 10
13515.0
 20
15465.0
 30
0.0
 40
75.0
  1
Прихожая — шкаф
  7
GOST
 11
13515.0
 21
15465.0
 31
0.0
100
AcDbText
  0
LWPOLYLINE
  5
3A9
330
17
100
AcDbEntity
  8
TEXT
 62
7
370
15
100
AcDbPolyline
 90
2
 70
0
 10
16575.0
 20
15590.0
 10
16575.0
 20
15415.0
  0
TEXT
  5
3AA
330
17
100
AcDbEntity
  8
TEXT
 62
7
100
AcDbText
 10
16615.0
 20
15465.0
 30
0.0
 40
75.0
  1
C3
  7
GOST
 11
16615.0
 21
15465.0
 31
0.0
100
AcDbText
  0
LWPOLYLINE
  5
3AB
330
17
100
AcDbEntity
  8
TEXT
 62
7
370
15
100
AcDbPolyline
 90
2
 70
0
 10
17175.0
 20
15590.0
 10
17175.0
 20
15415.0
  0
TEXT
  5
3AC
330
17
100
AcDbEntity
  8
TEXT
 62
7
100
AcDbText
 10
17215.0
 20
15465.0
 30
0.0
 40
75.0
  1
20
  7
GOST
 11
17215.0
 21
15465.0
 31
0.0
100
AcDbText
  0
LWPOLYLINE
  5
3AD
330
17
100
AcDbEntity
  8
TEXT
 62
7
370
15
100
AcDbPolyline
 90
2
 70
0
 10
17775.0
 20
15590.0
 10
17775.0
 20
15415.0
  0
LWPOLYLINE
  5
3AE
330
17
100
AcDbEntity
  8
TEXT
 62
7
370
15
100
AcDbPolyline
 90
4
 70
1
 10
12975.0
 20
15240.0
 10
17775.0
 20
15240.0
 10
17775.0
 20
15415.0
 10
12975.0
 20
15415.0
  0
LWPOLYLINE
  5
3AF
330
17
100
AcDbEntity
  8
TEXT
 62
7
370
15
100
AcDbPolyline
 90
2
 70
0
 10
12975.0
 20
15415.0
 10
12975.0
 20
15240.0
  0
TEXT
  5
3B0
330
17
100
AcDbEntity
  8
TEXT
 62
7
100
AcDbText
 10
13015.0
 20
15290.0
 30
0.0
 40
75.0
  1
L19
  7
GOST
 11
13015.0
 21
15290.0
 31
0.0
100
AcDbText
  0
LWPOLYLINE
  5
3B1
330
17
100
AcDbEntity
  8
TEXT
 62
7
370
15
100
AcDbPolyline
 90
2
 70
0
 10
13475.0
 20
15415.0
 10
13475.0
 20
15240.0
  0
TEXT
  5
3B2
330
17
100
AcDbEntity
  8
TEXT
 62
7
100
AcDbText
 10
13515.0
 20
15290.0
 30
0.0
 40
75.0
  1
Ванная — споты + вентилятор
  7
GOST
 11
13515.0
 21
15290.0
 31
0.0
100
AcDbText
  0
LWPOLYLINE
  5
3B3
330
17
100
AcDbEntity
  8
TEXT
 62
7
370
15
100
AcDbPolyline
 90
2
 70
0
 10
16575.0
 20
15415.0
 10
16575.0
 20
15240.0
  0
TEXT
  5
3B4
330
17
100
AcDbEntity
  8
TEXT
 62
7
100
AcDbText
 10
16615.0
 20
15290.0
 30
0.0
 40
75.0
  1
C3
  7
GOST
 11
16615.0
 21
15290.0
 31
0.0
100
AcDbText
  0
LWPOLYLINE
  5
3B5
330
17
100
AcDbEntity
  8
TEXT
 62
7
370
15
100
AcDbPolyline
 90
2
 70
0
 10
17175.0
 20
15415.0
 10
17175.0
 20
15240.0
  0
TEXT
  5
3B6
330
17
100
AcDbEntity
  8
TEXT
 62
7
100
AcDbText
 10
17215.0
 20
15290.0
 30
0.0
 40
75.0
  1
24
  7
GOST
 11
17215.0
 21
15290.0
 31
0.0
100
AcDbText
  0
LWPOLYLINE
  5
3B7
330
17
100
AcDbEntity
  8
TEXT
 62
7
370
15
100
AcDbPolyline
 90
2
 70
0
 10
17775.0
 20
15415.0
 10
17775.0
 20
15240.0
  0
LWPOLYLINE
  5
3B8
330
17
100
AcDbEntity
  8
TEXT
 62
7
370
15
100
AcDbPolyline
 90
4
 70
1
 10
12975.0
 20
15065.0
 10
17775.0
 20
15065.0
 10
17775.0
 20
15240.0
 10
12975.0
 20
15240.0
  0
LWPOLYLINE
  5
3B9
330
17
100
AcDbEntity
  8
TEXT
 62
7
370
15
100
AcDbPolyline
 90
2
 70
0
 10
12975.0
 20
15240.0
 10
12975.0
 20
15065.0
  0
TEXT
  5
3BA
330
17
100
AcDbEntity
  8
TEXT
 62
7
100
AcDbText
 10
13015.0
 20
15115.0
 30
0.0
 40
75.0
  1
L20
  7
GOST
 11
13015.0
 21
15115.0
 31
0.0
100
AcDbText
  0
LWPOLYLINE
  5
3BB
330
17
100
AcDbEntity
  8
TEXT
 62
7
370
15
100
AcDbPolyline
 90
2
 70
0
 10
13475.0
 20
15240.0
 10
13475.0
 20
15065.0
  0
TEXT
  5
3BC
330
17
100
AcDbEntity
  8
TEXT
 62
7
100
AcDbText
 10
13515.0
 20
15115.0
 30
0.0
 40
75.0
  1
Ванная — зеркальный шкаф
  7
GOST
 11
13515.0
 21
15115.0
 31
0.0
100
AcDbText
  0
LWPOLYLINE
  5
3BD
330
17
100
AcDbEntity
  8
TEXT
 62
7
370
15
100
AcDbPolyline
 90
2
 70
0
 10
16575.0
 20
15240.0
 10
16575.0
 20
15065.0
  0
TEXT
  5
3BE
330
17
100
AcDbEntity
  8
TEXT
 62
7
100
AcDbText
 10
16615.0
 20
15115.0
 30
0.0
 40
75.0
  1
C3
  7
GOST
 11
16615.0
 21
15115.0
 31
0.0
100
AcDbText
  0
LWPOLYLINE
  5
3BF
330
17
100
AcDbEntity
  8
TEXT
 62
7
370
15
100
AcDbPolyline
 90
2
 70
0
 10
17175.0
 20
15240.0
 10
17175.0
 20
15065.0
  0
TEXT
  5
3C0
330
17
100
AcDbEntity
  8
TEXT
 62
7
100
AcDbText
 10
17215.0
 20
15115.0
 30
0.0
 40
75.0
  1
15
  7
GOST
 11
17215.0
 21
15115.0
 31
0.0
100
AcDbText
  0
LWPOLYLINE
  5
3C1
330
17
100
AcDbEntity
  8
TEXT
 62
7
370
15
100
AcDbPolyline
 90
2
 70
0
 10
17775.0
 20
15240.0
 10
17775.0
 20
15065.0
  0
LWPOLYLINE
  5
3C2
330
17
100
AcDbEntity
  8
TEXT
 62
7
370
15
100
AcDbPolyline
 90
4
 70
1
 10
12975.0
 20
14890.0
 10
17775.0
 20
14890.0
 10
17775.0
 20
15065.0
 10
12975.0
 20
15065.0
  0
LWPOLYLINE
  5
3C3
330
17
100
AcDbEntity
  8
TEXT
 62
7
370
15
100
AcDbPolyline
 90
2
 70
0
 10
12975.0
 20
15065.0
 10
12975.0
 20
14890.0
  0
TEXT
  5
3C4
330
17
100
AcDbEntity
  8
TEXT
 62
7
100
AcDbText
 10
13015.0
 20
14940.0
 30
0.0
 40
75.0
  1
L21
  7
GOST
 11
13015.0
 21
14940.0
 31
0.0
100
AcDbText
  0
LWPOLYLINE
  5
3C5
330
17
100
AcDbEntity
  8
TEXT
 62
7
370
15
100
AcDbPolyline
 90
2
 70
0
 10
13475.0
 20
15065.0
 10
13475.0
 20
14890.0
  0
TEXT
  5
3C6
330
17
100
AcDbEntity
  8
TEXT
 62
7
100
AcDbText
 10
13515.0
 20
14940.0
 30
0.0
 40
75.0
  1
Ванная — ночник
  7
GOST
 11
13515.0
 21
14940.0
 31
0.0
100
AcDbText
  0
LWPOLYLINE
  5
3C7
330
17
100
AcDbEntity
  8
TEXT
 62
7
370
15
100
AcDbPolyline
 90
2
 70
0
 10
16575.0
 20
15065.0
 10
16575.0
 20
14890.0
  0
TEXT
  5
3C8
330
17
100
AcDbEntity
  8
TEXT
 62
7
100
AcDbText
 10
16615.0
 20
14940.0
 30
0.0
 40
75.0
  1
C3
  7
GOST
 11
16615.0
 21
14940.0
 31
0.0
100
AcDbText
  0
LWPOLYLINE
  5
3C9
330
17
100
AcDbEntity
  8
TEXT
 62
7
370
15
100
AcDbPolyline
 90
2
 70
0
 10
17175.0
 20
15065.0
 10
17175.0
 20
14890.0
  0
TEXT
  5
3CA
330
17
100
AcDbEntity
  8
TEXT
 62
7
100
AcDbText
 10
17215.0
 20
14940.0
 30
0.0
 40
75.0
  1
5
  7
GOST
 11
17215.0
 21
14940.0
 31
0.0
100
AcDbText
  0
LWPOLYLINE
  5
3CB
330
17
100
AcDbEntity
  8
TEXT
 62
7
370
15
100
AcDbPolyline
 90
2
 70
0
 10
17775.0
 20
15065.0
 10
17775.0
 20
14890.0
  0
LWPOLYLINE
  5
3CC
330
17
100
AcDbEntity
  8
TEXT
 62
7
370
15
100
AcDbPolyline
 90
4
 70
1
 10
12975.0
 20
14715.0
 10
17775.0
 20
14715.0
 10
17775.0
 20
14890.0
 10
12975.0
 20
14890.0
  0
LWPOLYLINE
  5
3CD
330
17
100
AcDbEntity
  8
TEXT
 62
7
370
15
100
AcDbPolyline
 90
2
 70
0
 10
12975.0
 20
14890.0
 10
12975.0
 20
14715.0
  0
TEXT
  5
3CE
330
17
100
AcDbEntity
  8
TEXT
 62
7
100
AcDbText
 10
13015.0
 20
14765.0
 30
0.0
 40
75.0
  1
L22
  7
GOST
 11
13015.0
 21
14765.0
 31
0.0
100
AcDbText
  0
LWPOLYLINE
  5
3CF
330
17
100
AcDbEntity
  8
TEXT
 62
7
370
15
100
AcDbPolyline
 90
2
 70
0
 10
13475.0
 20
14890.0
 10
13475.0
 20
14715.0
  0
TEXT
  5
3D0
330
17
100
AcDbEntity
  8
TEXT
 62
7
100
AcDbText
 10
13515.0
 20
14765.0
 30
0.0
 40
75.0
  1
Постирочная — споты + вентилятор
  7
GOST
 11
13515.0
 21
14765.0
 31
0.0
100
AcDbText
  0
LWPOLYLINE
  5
3D1
330
17
100
AcDbEntity
  8
TEXT
 62
7
370
15
100
AcDbPolyline
 90
2
 70
0
 10
16575.0
 20
14890.0
 10
16575.0
 20
14715.0
  0
TEXT
  5
3D2
330
17
100
AcDbEntity
  8
TEXT
 62
7
100
AcDbText
 10
16615.0
 20
14765.0
 30
0.0
 40
75.0
  1
C3
  7
GOST
 11
16615.0
 21
14765.0
 31
0.0
100
AcDbText
  0
LWPOLYLINE
  5
3D3
330
17
100
AcDbEntity
  8
TEXT
 62
7
370
15
100
AcDbPolyline
 90
2
 70
0
 10
17175.0
 20
14890.0
 10
17175.0
 20
14715.0
  0
TEXT
  5
3D4
330
17
100
AcDbEntity
  8
TEXT
 62
7
100
AcDbText
 10
17215.0
 20
14765.0
 30
0.0
 40
75.0
  1
18
  7
GOST
 11
17215.0
 21
14765.0
 31
0.0
100
AcDbText
  0
LWPOLYLINE
  5
3D5
330
17
100
AcDbEntity
  8
TEXT
 62
7
370
15
100
AcDbPolyline
 90
2
 70
0
 10
17775.0
 20
14890.0
 10
17775.0
 20
14715.0
  0
LWPOLYLINE
  5
3D6
330
17
100
AcDbEntity
  8
TEXT
 62
7
370
35
100
AcDbPolyline
 90
4
 70
1
 10
12975.0
 20
14715.0
 10
17775.0
 20
14715.0
 10
17775.0
 20
18780.0
 10
12975.0
 20
18780.0
  0
TEXT
  5
3D7
330
17
100
AcDbEntity
  8
TEXT
 62
7
100
AcDbText
 10
12975.0
 20
14360.0
 30
0.0
 40
125.0
  1
Ведомость светильников
  7
GOST
 11
12975.0
 21
14360.0
 31
0.0
100
AcDbText
  0
HATCH
  5
3D8
330
17
100
AcDbEntity
  8
TEXT
 62
7
420
15132390
100
AcDbHatch
 10
0.0
 20
0.0
 30
0.0
210
0.0
220
0.0
230
1.0
  2
SOLID
 70
1
 71
0
 91
1
 92
3
 72
0
 73
1
 93
4
 10
12975.0
 20
14072.500000000002
 10
20975.0
 20
14072.500000000002
 10
20975.0
 20
14280.000000000002
 10
12975.0
 20
14280.000000000002
 97
0
 75
1
 76
1
 98
0
  0
LWPOLYLINE
  5
3D9
330
17
100
AcDbEntity
  8
TEXT
 62
7
370
25
100
AcDbPolyline
 90
4
 70
1
 10
12975.0
 20
14072.500000000002
 10
20975.0
 20
14072.500000000002
 10
20975.0
 20
14280.000000000002
 10
12975.0
 20
14280.000000000002
  0
LWPOLYLINE
  5
3DA
330
17
100
AcDbEntity
  8
TEXT
 62
7
370
15
100
AcDbPolyline
 90
2
 70
0
 10
12975.0
 20
14280.000000000002
 10
12975.0
 20
14072.500000000002
  0
TEXT
  5
3DB
330
17
100
AcDbEntity
  8
TEXT
 62
7
100
AcDbText
 10
13015.0
 20
14162.5
 30
0.0
 40
67.5
  1
Марка
  7
GOST
 11
13015.0
 21
14162.5
 31
0.0
100
AcDbText
  0
LWPOLYLINE
  5
3DC
330
17
100
AcDbEntity
  8
TEXT
 62
7
370
15
100
AcDbPolyline
 90
2
 70
0
 10
13525.0
 20
14280.000000000002
 10
13525.0
 20
14072.500000000002
  0
TEXT
  5
3DD
330
17
100
AcDbEntity
  8
TEXT
 62
7
100
AcDbText
 10
13565.0
 20
14162.5
 30
0.0
 40
67.5
  1
Пом.
  7
GOST
 11
13565.0
 21
14162.5
 31
0.0
100
AcDbText
  0
LWPOLYLINE
  5
3DE
330
17
100
AcDbEntity
  8
TEXT
 62
7
370
15
100
AcDbPolyline
 90
2
 70
0
 10
13875.0
 20
14280.000000000002
 10
13875.0
 20
14072.500000000002
  0
TEXT
  5
3DF
330
17
100
AcDbEntity
  8
TEXT
 62
7
100
AcDbText
 10
13915.0
 20
14162.5
 30
0.0
 40
67.5
  1
Тип
  7
GOST
 11
13915.0
 21
14162.5
 31
0.0
100
AcDbText
  0
LWPOLYLINE
  5
3E0
330
17
100
AcDbEntity
  8
TEXT
 62
7
370
15
100
AcDbPolyline
 90
2
 70
0
 10
14525.0
 20
14280.000000000002
 10
14525.0
 20
14072.500000000002
  0
TEXT
  5
3E1
330
17
100
AcDbEntity
  8
TEXT
 62
7
100
AcDbText
 10
14565.0
 20
14162.5
 30
0.0
 40
67.5
  1
P,Вт
  7
GOST
 11
14565.0
 21
14162.5
 31
0.0
100
AcDbText
  0
LWPOLYLINE
  5
3E2
330
17
100
AcDbEntity
  8
TEXT
 62
7
370
15
100
AcDbPolyline
 90
2
 70
0
 10
14925.0
 20
14280.000000000002
 10
14925.0
 20
14072.500000000002
  0
TEXT
  5
3E3
330
17
100
AcDbEntity
  8
TEXT
 62
7
100
AcDbText
 10
14965.0
 20
14162.5
 30
0.0
 40
67.5
  1
h
  7
GOST
 11
14965.0
 21
14162.5
 31
0.0
100
AcDbText
  0
LWPOLYLINE
  5
3E4
330
17
100
AcDbEntity
  8
TEXT
 62
7
370
15
100
AcDbPolyline
 90
2
 70
0
 10
15375.0
 20
14280.000000000002
 10
15375.0
 20
14072.500000000002
  0
TEXT
  5
3E5
330
17
100
AcDbEntity
  8
TEXT
 62
7
100
AcDbText
 10
15415.0
 20
14162.5
 30
0.0
 40
67.5
  1
IP
  7
GOST
 11
15415.0
 21
14162.5
 31
0.0
100
AcDbText
  0
LWPOLYLINE
  5
3E6
330
17
100
AcDbEntity
  8
TEXT
 62
7
370
15
100
AcDbPolyline
 90
2
 70
0
 10
15825.0
 20
14280.000000000002
 10
15825.0
 20
14072.500000000002
  0
TEXT
  5
3E7
330
17
100
AcDbEntity
  8
TEXT
 62
7
100
AcDbText
 10
15865.0
 20
14162.5
 30
0.0
 40
67.5
  1
K
  7
GOST
 11
15865.0
 21
14162.5
 31
0.0
100
AcDbText
  0
LWPOLYLINE
  5
3E8
330
17
100
AcDbEntity
  8
TEXT
 62
7
370
15
100
AcDbPolyline
 90
2
 70
0
 10
16275.0
 20
14280.000000000002
 10
16275.0
 20
14072.500000000002
  0
TEXT
  5
3E9
330
17
100
AcDbEntity
  8
TEXT
 62
7
100
AcDbText
 10
16315.0
 20
14162.5
 30
0.0
 40
67.5
  1
Привязка, мм
  7
GOST
 11
16315.0
 21
14162.5
 31
0.0
100
AcDbText
  0
LWPOLYLINE
  5
3EA
330
17
100
AcDbEntity
  8
TEXT
 62
7
370
15
100
AcDbPolyline
 90
2
 70
0
 10
17975.0
 20
14280.000000000002
 10
17975.0
 20
14072.500000000002
  0
TEXT
  5
3EB
330
17
100
AcDbEntity
  8
TEXT
 62
7
100
AcDbText
 10
18015.0
 20
14162.5
 30
0.0
 40
67.5
  1
Примечание
  7
GOST
 11
18015.0
 21
14162.5
 31
0.0
100
AcDbText
  0
LWPOLYLINE
  5
3EC
330
17
100
AcDbEntity
  8
TEXT
 62
7
370
15
100
AcDbPolyline
 90
2
 70
0
 10
20975.0
 20
14280.000000000002
 10
20975.0
 20
14072.500000000002
  0
LWPOLYLINE
  5
3ED
330
17
100
AcDbEntity
  8
TEXT
 62
7
370
15
100
AcDbPolyline
 90
4
 70
1
 10
12975.0
 20
13807.125000000002
 10
20975.0
 20
13807.125000000002
 10
20975.0
 20
14072.500000000002
 10
12975.0
 20
14072.500000000002
  0
LWPOLYLINE
  5
3EE
330
17
100
AcDbEntity
  8
TEXT
 62
7
370
15
100
AcDbPolyline
 90
2
 70
0
 10
12975.0
 20
14072.500000000002
 10
12975.0
 20
13807.125000000002
  0
TEXT
  5
3EF
330
17
100
AcDbEntity
  8
TEXT
 62
7
100
AcDbText
 10
13015.0
 20
13955.000000000002
 30
0.0
 40
67.5
  1
L1-1
  7
GOST
 11
13015.0
 21
13955.000000000002
 31
0.0
100
AcDbText
  0
LWPOLYLINE
  5
3F0
330
17
100
AcDbEntity
  8
TEXT
 62
7
370
15
100
AcDbPolyline
 90
2
 70
0
 10
13525.0
 20
14072.500000000002
 10
13525.0
 20
13807.125000000002
  0
TEXT
  5
3F1
330
17
100
AcDbEntity
  8
TEXT
 62
7
100
AcDbText
 10
13565.0
 20
13955.000000000002
 30
0.0
 40
67.5
  1
R3
  7
GOST
 11
13565.0
 21
13955.000000000002
 31
0.0
100
AcDbText
  0
LWPOLYLINE
  5
3F2
330
17
100
AcDbEntity
  8
TEXT
 62
7
370
15
100
AcDbPolyline
 90
2
 70
0
 10
13875.0
 20
14072.500000000002
 10
13875.0
 20
13807.125000000002
  0
TEXT
  5
3F3
330
17
100
AcDbEntity
  8
TEXT
 62
7
100
AcDbText
 10
13915.0
 20
13955.000000000002
 30
0.0
 40
67.5
  1
led_strip
  7
GOST
 11
13915.0
 21
13955.000000000002
 31
0.0
100
AcDbText
  0
LWPOLYLINE
  5
3F4
330
17
100
AcDbEntity
  8
TEXT
 62
7
370
15
100
AcDbPolyline
 90
2
 70
0
 10
14525.0
 20
14072.500000000002
 10
14525.0
 20
13807.125000000002
  0
TEXT
  5
3F5
330
17
100
AcDbEntity
  8
TEXT
 62
7
100
AcDbText
 10
14565.0
 20
13955.000000000002
 30
0.0
 40
67.5
  1
60
  7
GOST
 11
14565.0
 21
13955.000000000002
 31
0.0
100
AcDbText
  0
LWPOLYLINE
  5
3F6
330
17
100
AcDbEntity
  8
TEXT
 62
7
370
15
100
AcDbPolyline
 90
2
 70
0
 10
14925.0
 20
14072.500000000002
 10
14925.0
 20
13807.125000000002
  0
TEXT
  5
3F7
330
17
100
AcDbEntity
  8
TEXT
 62
7
100
AcDbText
 10
14965.0
 20
13955.000000000002
 30
0.0
 40
67.5
  1
1540
  7
GOST
 11
14965.0
 21
13955.000000000002
 31
0.0
100
AcDbText
  0
LWPOLYLINE
  5
3F8
330
17
100
AcDbEntity
  8
TEXT
 62
7
370
15
100
AcDbPolyline
 90
2
 70
0
 10
15375.0
 20
14072.500000000002
 10
15375.0
 20
13807.125000000002
  0
TEXT
  5
3F9
330
17
100
AcDbEntity
  8
TEXT
 62
7
100
AcDbText
 10
15415.0
 20
13955.000000000002
 30
0.0
 40
67.5
  1
IP20
  7
GOST
 11
15415.0
 21
13955.000000000002
 31
0.0
100
AcDbText
  0
LWPOLYLINE
  5
3FA
330
17
100
AcDbEntity
  8
TEXT
 62
7
370
15
100
AcDbPolyline
 90
2
 70
0
 10
15825.0
 20
14072.500000000002
 10
15825.0
 20
13807.125000000002
  0
TEXT
  5
3FB
330
17
100
AcDbEntity
  8
TEXT
 62
7
100
AcDbText
 10
15865.0
 20
13955.000000000002
 30
0.0
 40
67.5
  1
2700
  7
GOST
 11
15865.0
 21
13955.000000000002
 31
0.0
100
AcDbText
  0
LWPOLYLINE
  5
3FC
330
17
100
AcDbEntity
  8
TEXT
 62
7
370
15
100
AcDbPolyline
 90
2
 70
0
 10
16275.0
 20
14072.500000000002
 10
16275.0
 20
13807.125000000002
  0
TEXT
  5
3FD
330
17
100
AcDbEntity
  8
TEXT
 62
7
100
AcDbText
 10
16315.0
 20
13955.000000000002
 30
0.0
 40
67.5
  1
600,300 → 3450,300
  7
GOST
 11
16315.0
 21
13955.000000000002
 31
0.0
100
AcDbText
  0
LWPOLYLINE
  5
3FE
330
17
100
AcDbEntity
  8
TEXT
 62
7
370
15
100
AcDbPolyline
 90
2
 70
0
 10
17975.0
 20
14072.500000000002
 10
17975.0
 20
13807.125000000002
  0
TEXT
  5
3FF
330
17
100
AcDbEntity
  8
TEXT
 62
7
100
AcDbText
 10
18015.0
 20
13955.000000000002
 30
0.0
 40
67.5
  1
подсветка рабочей зоны под KW-01..05, 24 В, 2700K
  7
GOST
 11
18015.0
 21
13955.000000000002
 31
0.0
100
AcDbText
  0
TEXT
  5
400
330
17
100
AcDbEntity
  8
TEXT
 62
7
100
AcDbText
 10
18015.0
 20
13857.125000000002
 30
0.0
 40
67.5
  1
CRI≥90 (F23); БП 60 Вт в карнизе над KW-01 (вывод P-K10)
  7
GOST
 11
18015.0
 21
13857.125000000002
 31
0.0
100
AcDbText
  0
LWPOLYLINE
  5
401
330
17
100
AcDbEntity
  8
TEXT
 62
7
370
15
100
AcDbPolyline
 90
2
 70
0
 10
20975.0
 20
14072.500000000002
 10
20975.0
 20
13807.125000000002
  0
LWPOLYLINE
  5
402
330
17
100
AcDbEntity
  8
TEXT
 62
7
370
15
100
AcDbPolyline
 90
4
 70
1
 10
12975.0
 20
13541.750000000002
 10
20975.0
 20
13541.750000000002
 10
20975.0
 20
13807.125000000002
 10
12975.0
 20
13807.125000000002
  0
LWPOLYLINE
  5
403
330
17
100
AcDbEntity
  8
TEXT
 62
7
370
15
100
AcDbPolyline
 90
2
 70
0
 10
12975.0
 20
13807.125000000002
 10
12975.0
 20
13541.750000000002
  0
TEXT
  5
404
330
17
100
AcDbEntity
  8
TEXT
 62
7
100
AcDbText
 10
13015.0
 20
13689.625
 30
0.0
 40
67.5
  1
L2-1
  7
GOST
 11
13015.0
 21
13689.625
 31
0.0
100
AcDbText
  0
LWPOLYLINE
  5
405
330
17
100
AcDbEntity
  8
TEXT
 62
7
370
15
100
AcDbPolyline
 90
2
 70
0
 10
13525.0
 20
13807.125000000002
 10
13525.0
 20
13541.750000000002
  0
TEXT
  5
406
330
17
100
AcDbEntity
  8
TEXT
 62
7
100
AcDbText
 10
13565.0
 20
13689.625
 30
0.0
 40
67.5
  1
R3
  7
GOST
 11
13565.0
 21
13689.625
 31
0.0
100
AcDbText
  0
LWPOLYLINE
  5
407
330
17
100
AcDbEntity
  8
TEXT
 62
7
370
15
100
AcDbPolyline
 90
2
 70
0
 10
13875.0
 20
13807.125000000002
 10
13875.0
 20
13541.750000000002
  0
TEXT
  5
408
330
17
100
AcDbEntity
  8
TEXT
 62
7
100
AcDbText
 10
13915.0
 20
13689.625
 30
0.0
 40
67.5
  1
spot
  7
GOST
 11
13915.0
 21
13689.625
 31
0.0
100
AcDbText
  0
LWPOLYLINE
  5
409
330
17
100
AcDbEntity
  8
TEXT
 62
7
370
15
100
AcDbPolyline
 90
2
 70
0
 10
14525.0
 20
13807.125000000002
 10
14525.0
 20
13541.750000000002
  0
TEXT
  5
40A
330
17
100
AcDbEntity
  8
TEXT
 62
7
100
AcDbText
 10
14565.0
 20
13689.625
 30
0.0
 40
67.5
  1
7
  7
GOST
 11
14565.0
 21
13689.625
 31
0.0
100
AcDbText
  0
LWPOLYLINE
  5
40B
330
17
100
AcDbEntity
  8
TEXT
 62
7
370
15
100
AcDbPolyline
 90
2
 70
0
 10
14925.0
 20
13807.125000000002
 10
14925.0
 20
13541.750000000002
  0
TEXT
  5
40C
330
17
100
AcDbEntity
  8
TEXT
 62
7
100
AcDbText
 10
14965.0
 20
13689.625
 30
0.0
 40
67.5
  1
2650
  7
GOST
 11
14965.0
 21
13689.625
 31
0.0
100
AcDbText
  0
LWPOLYLINE
  5
40D
330
17
100
AcDbEntity
  8
TEXT
 62
7
370
15
100
AcDbPolyline
 90
2
 70
0
 10
15375.0
 20
13807.125000000002
 10
15375.0
 20
13541.750000000002
  0
TEXT
  5
40E
330
17
100
AcDbEntity
  8
TEXT
 62
7
100
AcDbText
 10
15415.0
 20
13689.625
 30
0.0
 40
67.5
  1
IP20
  7
GOST
 11
15415.0
 21
13689.625
 31
0.0
100
AcDbText
  0
LWPOLYLINE
  5
40F
330
17
100
AcDbEntity
  8
TEXT
 62
7
370
15
100
AcDbPolyline
 90
2
 70
0
 10
15825.0
 20
13807.125000000002
 10
15825.0
 20
13541.750000000002
  0
TEXT
  5
410
330
17
100
AcDbEntity
  8
TEXT
 62
7
100
AcDbText
 10
15865.0
 20
13689.625
 30
0.0
 40
67.5
  1
2700
  7
GOST
 11
15865.0
 21
13689.625
 31
0.0
100
AcDbText
  0
LWPOLYLINE
  5
411
330
17
100
AcDbEntity
  8
TEXT
 62
7
370
15
100
AcDbPolyline
 90
2
 70
0
 10
16275.0
 20
13807.125000000002
 10
16275.0
 20
13541.750000000002
  0
TEXT
  5
412
330
17
100
AcDbEntity
  8
TEXT
 62
7
100
AcDbText
 10
16315.0
 20
13689.625
 30
0.0
 40
67.5
  1
900 от W2; 1000 от W3
  7
GOST
 11
16315.0
 21
13689.625
 31
0.0
100
AcDbText
  0
LWPOLYLINE
  5
413
330
17
100
AcDbEntity
  8
TEXT
 62
7
370
15
100
AcDbPolyline
 90
2
 70
0
 10
17975.0
 20
13807.125000000002
 10
17975.0
 20
13541.750000000002
  0
TEXT
  5
414
330
17
100
AcDbEntity
  8
TEXT
 62
7
100
AcDbText
 10
18015.0
 20
13689.625
 30
0.0
 40
67.5
  1
встраиваемый спот (глубина ≤ 80, пленум 87,5 — потолок
  7
GOST
 11
18015.0
 21
13689.625
 31
0.0
100
AcDbText
  0
TEXT
  5
415
330
17
100
AcDbEntity
  8
TEXT
 62
7
100
AcDbText
 10
18015.0
 20
13591.750000000002
 30
0.0
 40
67.5
  1
кухни +2650, D19), над проходом у фронта кухни
  7
GOST
 11
18015.0
 21
13591.750000000002
 31
0.0
100
AcDbText
  0
LWPOLYLINE
  5
416
330
17
100
AcDbEntity
  8
TEXT
 62
7
370
15
100
AcDbPolyline
 90
2
 70
0
 10
20975.0
 20
13807.125000000002
 10
20975.0
 20
13541.750000000002
  0
LWPOLYLINE
  5
417
330
17
100
AcDbEntity
  8
TEXT
 62
7
370
15
100
AcDbPolyline
 90
4
 70
1
 10
12975.0
 20
13276.375000000002
 10
20975.0
 20
13276.375000000002
 10
20975.0
 20
13541.750000000002
 10
12975.0
 20
13541.750000000002
  0
LWPOLYLINE
  5
418
330
17
100
AcDbEntity
  8
TEXT
 62
7
370
15
100
AcDbPolyline
 90
2
 70
0
 10
12975.0
 20
13541.750000000002
 10
12975.0
 20
13276.375000000002
  0
TEXT
  5
419
330
17
100
AcDbEntity
  8
TEXT
 62
7
100
AcDbText
 10
13015.0
 20
13424.25
 30
0.0
 40
67.5
  1
L2-2
  7
GOST
 11
13015.0
 21
13424.25
 31
0.0
100
AcDbText
  0
LWPOLYLINE
  5
41A
330
17
100
AcDbEntity
  8
TEXT
 62
7
370
15
100
AcDbPolyline
 90
2
 70
0
 10
13525.0
 20
13541.750000000002
 10
13525.0
 20
13276.375000000002
  0
TEXT
  5
41B
330
17
100
AcDbEntity
  8
TEXT
 62
7
100
AcDbText
 10
13565.0
 20
13424.25
 30
0.0
 40
67.5
  1
R3
  7
GOST
 11
13565.0
 21
13424.25
 31
0.0
100
AcDbText
  0
LWPOLYLINE
  5
41C
330
17
100
AcDbEntity
  8
TEXT
 62
7
370
15
100
AcDbPolyline
 90
2
 70
0
 10
13875.0
 20
13541.750000000002
 10
13875.0
 20
13276.375000000002
  0
TEXT
  5
41D
330
17
100
AcDbEntity
  8
TEXT
 62
7
100
AcDbText
 10
13915.0
 20
13424.25
 30
0.0
 40
67.5
  1
spot
  7
GOST
 11
13915.0
 21
13424.25
 31
0.0
100
AcDbText
  0
LWPOLYLINE
  5
41E
330
17
100
AcDbEntity
  8
TEXT
 62
7
370
15
100
AcDbPolyline
 90
2
 70
0
 10
14525.0
 20
13541.750000000002
 10
14525.0
 20
13276.375000000002
  0
TEXT
  5
41F
330
17
100
AcDbEntity
  8
TEXT
 62
7
100
AcDbText
 10
14565.0
 20
13424.25
 30
0.0
 40
67.5
  1
7
  7
GOST
 11
14565.0
 21
13424.25
 31
0.0
100
AcDbText
  0
LWPOLYLINE
  5
420
330
17
100
AcDbEntity
  8
TEXT
 62
7
370
15
100
AcDbPolyline
 90
2
 70
0
 10
14925.0
 20
13541.750000000002
 10
14925.0
 20
13276.375000000002
  0
TEXT
  5
421
330
17
100
AcDbEntity
  8
TEXT
 62
7
100
AcDbText
 10
14965.0
 20
13424.25
 30
0.0
 40
67.5
  1
2650
  7
GOST
 11
14965.0
 21
13424.25
 31
0.0
100
AcDbText
  0
LWPOLYLINE
  5
422
330
17
100
AcDbEntity
  8
TEXT
 62
7
370
15
100
AcDbPolyline
 90
2
 70
0
 10
15375.0
 20
13541.750000000002
 10
15375.0
 20
13276.375000000002
  0
TEXT
  5
423
330
17
100
AcDbEntity
  8
TEXT
 62
7
100
AcDbText
 10
15415.0
 20
13424.25
 30
0.0
 40
67.5
  1
IP20
  7
GOST
 11
15415.0
 21
13424.25
 31
0.0
100
AcDbText
  0
LWPOLYLINE
  5
424
330
17
100
AcDbEntity
  8
TEXT
 62
7
370
15
100
AcDbPolyline
 90
2
 70
0
 10
15825.0
 20
13541.750000000002
 10
15825.0
 20
13276.375000000002
  0
TEXT
  5
425
330
17
100
AcDbEntity
  8
TEXT
 62
7
100
AcDbText
 10
15865.0
 20
13424.25
 30
0.0
 40
67.5
  1
2700
  7
GOST
 11
15865.0
 21
13424.25
 31
0.0
100
AcDbText
  0
LWPOLYLINE
  5
426
330
17
100
AcDbEntity
  8
TEXT
 62
7
370
15
100
AcDbPolyline
 90
2
 70
0
 10
16275.0
 20
13541.750000000002
 10
16275.0
 20
13276.375000000002
  0
TEXT
  5
427
330
17
100
AcDbEntity
  8
TEXT
 62
7
100
AcDbText
 10
16315.0
 20
13424.25
 30
0.0
 40
67.5
  1
1700 от W2; 1000 от W3
  7
GOST
 11
16315.0
 21
13424.25
 31
0.0
100
AcDbText
  0
LWPOLYLINE
  5
428
330
17
100
AcDbEntity
  8
TEXT
 62
7
370
15
100
AcDbPolyline
 90
2
 70
0
 10
17975.0
 20
13541.750000000002
 10
17975.0
 20
13276.375000000002
  0
TEXT
  5
429
330
17
100
AcDbEntity
  8
TEXT
 62
7
100
AcDbText
 10
18015.0
 20
13424.25
 30
0.0
 40
67.5
  1
встраиваемый спот (глубина ≤ 80, пленум 87,5 — потолок
  7
GOST
 11
18015.0
 21
13424.25
 31
0.0
100
AcDbText
  0
TEXT
  5
42A
330
17
100
AcDbEntity
  8
TEXT
 62
7
100
AcDbText
 10
18015.0
 20
13326.375000000002
 30
0.0
 40
67.5
  1
кухни +2650, D19), над проходом у фронта кухни
  7
GOST
 11
18015.0
 21
13326.375000000002
 31
0.0
100
AcDbText
  0
LWPOLYLINE
  5
42B
330
17
100
AcDbEntity
  8
TEXT
 62
7
370
15
100
AcDbPolyline
 90
2
 70
0
 10
20975.0
 20
13541.750000000002
 10
20975.0
 20
13276.375000000002
  0
LWPOLYLINE
  5
42C
330
17
100
AcDbEntity
  8
TEXT
 62
7
370
15
100
AcDbPolyline
 90
4
 70
1
 10
12975.0
 20
13011.000000000002
 10
20975.0
 20
13011.000000000002
 10
20975.0
 20
13276.375000000002
 10
12975.0
 20
13276.375000000002
  0
LWPOLYLINE
  5
42D
330
17
100
AcDbEntity
  8
TEXT
 62
7
370
15
100
AcDbPolyline
 90
2
 70
0
 10
12975.0
 20
13276.375000000002
 10
12975.0
 20
13011.000000000002
  0
TEXT
  5
42E
330
17
100
AcDbEntity
  8
TEXT
 62
7
100
AcDbText
 10
13015.0
 20
13158.875
 30
0.0
 40
67.5
  1
L2-3
  7
GOST
 11
13015.0
 21
13158.875
 31
0.0
100
AcDbText
  0
LWPOLYLINE
  5
42F
330
17
100
AcDbEntity
  8
TEXT
 62
7
370
15
100
AcDbPolyline
 90
2
 70
0
 10
13525.0
 20
13276.375000000002
 10
13525.0
 20
13011.000000000002
  0
TEXT
  5
430
330
17
100
AcDbEntity
  8
TEXT
 62
7
100
AcDbText
 10
13565.0
 20
13158.875
 30
0.0
 40
67.5
  1
R3
  7
GOST
 11
13565.0
 21
13158.875
 31
0.0
100
AcDbText
  0
LWPOLYLINE
  5
431
330
17
100
AcDbEntity
  8
TEXT
 62
7
370
15
100
AcDbPolyline
 90
2
 70
0
 10
13875.0
 20
13276.375000000002
 10
13875.0
 20
13011.000000000002
  0
TEXT
  5
432
330
17
100
AcDbEntity
  8
TEXT
 62
7
100
AcDbText
 10
13915.0
 20
13158.875
 30
0.0
 40
67.5
  1
spot
  7
GOST
 11
13915.0
 21
13158.875
 31
0.0
100
AcDbText
  0
LWPOLYLINE
  5
433
330
17
100
AcDbEntity
  8
TEXT
 62
7
370
15
100
AcDbPolyline
 90
2
 70
0
 10
14525.0
 20
13276.375000000002
 10
14525.0
 20
13011.000000000002
  0
TEXT
  5
434
330
17
100
AcDbEntity
  8
TEXT
 62
7
100
AcDbText
 10
14565.0
 20
13158.875
 30
0.0
 40
67.5
  1
7
  7
GOST
 11
14565.0
 21
13158.875
 31
0.0
100
AcDbText
  0
LWPOLYLINE
  5
435
330
17
100
AcDbEntity
  8
TEXT
 62
7
370
15
100
AcDbPolyline
 90
2
 70
0
 10
14925.0
 20
13276.375000000002
 10
14925.0
 20
13011.000000000002
  0
TEXT
  5
436
330
17
100
AcDbEntity
  8
TEXT
 62
7
100
AcDbText
 10
14965.0
 20
13158.875
 30
0.0
 40
67.5
  1
2650
  7
GOST
 11
14965.0
 21
13158.875
 31
0.0
100
AcDbText
  0
LWPOLYLINE
  5
437
330
17
100
AcDbEntity
  8
TEXT
 62
7
370
15
100
AcDbPolyline
 90
2
 70
0
 10
15375.0
 20
13276.375000000002
 10
15375.0
 20
13011.000000000002
  0
TEXT
  5
438
330
17
100
AcDbEntity
  8
TEXT
 62
7
100
AcDbText
 10
15415.0
 20
13158.875
 30
0.0
 40
67.5
  1
IP20
  7
GOST
 11
15415.0
 21
13158.875
 31
0.0
100
AcDbText
  0
LWPOLYLINE
  5
439
330
17
100
AcDbEntity
  8
TEXT
 62
7
370
15
100
AcDbPolyline
 90
2
 70
0
 10
15825.0
 20
13276.375000000002
 10
15825.0
 20
13011.000000000002
  0
TEXT
  5
43A
330
17
100
AcDbEntity
  8
TEXT
 62
7
100
AcDbText
 10
15865.0
 20
13158.875
 30
0.0
 40
67.5
  1
2700
  7
GOST
 11
15865.0
 21
13158.875
 31
0.0
100
AcDbText
  0
LWPOLYLINE
  5
43B
330
17
100
AcDbEntity
  8
TEXT
 62
7
370
15
100
AcDbPolyline
 90
2
 70
0
 10
16275.0
 20
13276.375000000002
 10
16275.0
 20
13011.000000000002
  0
TEXT
  5
43C
330
17
100
AcDbEntity
  8
TEXT
 62
7
100
AcDbText
 10
16315.0
 20
13158.875
 30
0.0
 40
67.5
  1
1590 от W10; 1000 от W3
  7
GOST
 11
16315.0
 21
13158.875
 31
0.0
100
AcDbText
  0
LWPOLYLINE
  5
43D
330
17
100
AcDbEntity
  8
TEXT
 62
7
370
15
100
AcDbPolyline
 90
2
 70
0
 10
17975.0
 20
13276.375000000002
 10
17975.0
 20
13011.000000000002
  0
TEXT
  5
43E
330
17
100
AcDbEntity
  8
TEXT
 62
7
100
AcDbText
 10
18015.0
 20
13158.875
 30
0.0
 40
67.5
  1
встраиваемый спот (глубина ≤ 80, пленум 87,5 — потолок
  7
GOST
 11
18015.0
 21
13158.875
 31
0.0
100
AcDbText
  0
TEXT
  5
43F
330
17
100
AcDbEntity
  8
TEXT
 62
7
100
AcDbText
 10
18015.0
 20
13061.000000000002
 30
0.0
 40
67.5
  1
кухни +2650, D19), над проходом у фронта кухни
  7
GOST
 11
18015.0
 21
13061.000000000002
 31
0.0
100
AcDbText
  0
LWPOLYLINE
  5
440
330
17
100
AcDbEntity
  8
TEXT
 62
7
370
15
100
AcDbPolyline
 90
2
 70
0
 10
20975.0
 20
13276.375000000002
 10
20975.0
 20
13011.000000000002
  0
LWPOLYLINE
  5
441
330
17
100
AcDbEntity
  8
TEXT
 62
7
370
15
100
AcDbPolyline
 90
4
 70
1
 10
12975.0
 20
12745.625000000002
 10
20975.0
 20
12745.625000000002
 10
20975.0
 20
13011.000000000002
 10
12975.0
 20
13011.000000000002
  0
LWPOLYLINE
  5
442
330
17
100
AcDbEntity
  8
TEXT
 62
7
370
15
100
AcDbPolyline
 90
2
 70
0
 10
12975.0
 20
13011.000000000002
 10
12975.0
 20
12745.625000000002
  0
TEXT
  5
443
330
17
100
AcDbEntity
  8
TEXT
 62
7
100
AcDbText
 10
13015.0
 20
12893.5
 30
0.0
 40
67.5
  1
L2-4
  7
GOST
 11
13015.0
 21
12893.5
 31
0.0
100
AcDbText
  0
LWPOLYLINE
  5
444
330
17
100
AcDbEntity
  8
TEXT
 62
7
370
15
100
AcDbPolyline
 90
2
 70
0
 10
13525.0
 20
13011.000000000002
 10
13525.0
 20
12745.625000000002
  0
TEXT
  5
445
330
17
100
AcDbEntity
  8
TEXT
 62
7
100
AcDbText
 10
13565.0
 20
12893.5
 30
0.0
 40
67.5
  1
R3
  7
GOST
 11
13565.0
 21
12893.5
 31
0.0
100
AcDbText
  0
LWPOLYLINE
  5
446
330
17
100
AcDbEntity
  8
TEXT
 62
7
370
15
100
AcDbPolyline
 90
2
 70
0
 10
13875.0
 20
13011.000000000002
 10
13875.0
 20
12745.625000000002
  0
TEXT
  5
447
330
17
100
AcDbEntity
  8
TEXT
 62
7
100
AcDbText
 10
13915.0
 20
12893.5
 30
0.0
 40
67.5
  1
spot
  7
GOST
 11
13915.0
 21
12893.5
 31
0.0
100
AcDbText
  0
LWPOLYLINE
  5
448
330
17
100
AcDbEntity
  8
TEXT
 62
7
370
15
100
AcDbPolyline
 90
2
 70
0
 10
14525.0
 20
13011.000000000002
 10
14525.0
 20
12745.625000000002
  0
TEXT
  5
449
330
17
100
AcDbEntity
  8
TEXT
 62
7
100
AcDbText
 10
14565.0
 20
12893.5
 30
0.0
 40
67.5
  1
7
  7
GOST
 11
14565.0
 21
12893.5
 31
0.0
100
AcDbText
  0
LWPOLYLINE
  5
44A
330
17
100
AcDbEntity
  8
TEXT
 62
7
370
15
100
AcDbPolyline
 90
2
 70
0
 10
14925.0
 20
13011.000000000002
 10
14925.0
 20
12745.625000000002
  0
TEXT
  5
44B
330
17
100
AcDbEntity
  8
TEXT
 62
7
100
AcDbText
 10
14965.0
 20
12893.5
 30
0.0
 40
67.5
  1
2650
  7
GOST
 11
14965.0
 21
12893.5
 31
0.0
100
AcDbText
  0
LWPOLYLINE
  5
44C
330
17
100
AcDbEntity
  8
TEXT
 62
7
370
15
100
AcDbPolyline
 90
2
 70
0
 10
15375.0
 20
13011.000000000002
 10
15375.0
 20
12745.625000000002
  0
TEXT
  5
44D
330
17
100
AcDbEntity
  8
TEXT
 62
7
100
AcDbText
 10
15415.0
 20
12893.5
 30
0.0
 40
67.5
  1
IP20
  7
GOST
 11
15415.0
 21
12893.5
 31
0.0
100
AcDbText
  0
LWPOLYLINE
  5
44E
330
17
100
AcDbEntity
  8
TEXT
 62
7
370
15
100
AcDbPolyline
 90
2
 70
0
 10
15825.0
 20
13011.000000000002
 10
15825.0
 20
12745.625000000002
  0
TEXT
  5
44F
330
17
100
AcDbEntity
  8
TEXT
 62
7
100
AcDbText
 10
15865.0
 20
12893.5
 30
0.0
 40
67.5
  1
2700
  7
GOST
 11
15865.0
 21
12893.5
 31
0.0
100
AcDbText
  0
LWPOLYLINE
  5
450
330
17
100
AcDbEntity
  8
TEXT
 62
7
370
15
100
AcDbPolyline
 90
2
 70
0
 10
16275.0
 20
13011.000000000002
 10
16275.0
 20
12745.625000000002
  0
TEXT
  5
451
330
17
100
AcDbEntity
  8
TEXT
 62
7
100
AcDbText
 10
16315.0
 20
12893.5
 30
0.0
 40
67.5
  1
790 от W10; 1000 от W3
  7
GOST
 11
16315.0
 21
12893.5
 31
0.0
100
AcDbText
  0
LWPOLYLINE
  5
452
330
17
100
AcDbEntity
  8
TEXT
 62
7
370
15
100
AcDbPolyline
 90
2
 70
0
 10
17975.0
 20
13011.000000000002
 10
17975.0
 20
12745.625000000002
  0
TEXT
  5
453
330
17
100
AcDbEntity
  8
TEXT
 62
7
100
AcDbText
 10
18015.0
 20
12893.5
 30
0.0
 40
67.5
  1
встраиваемый спот (глубина ≤ 80, пленум 87,5 — потолок
  7
GOST
 11
18015.0
 21
12893.5
 31
0.0
100
AcDbText
  0
TEXT
  5
454
330
17
100
AcDbEntity
  8
TEXT
 62
7
100
AcDbText
 10
18015.0
 20
12795.625
 30
0.0
 40
67.5
  1
кухни +2650, D19), над проходом у фронта кухни
  7
GOST
 11
18015.0
 21
12795.625
 31
0.0
100
AcDbText
  0
LWPOLYLINE
  5
455
330
17
100
AcDbEntity
  8
TEXT
 62
7
370
15
100
AcDbPolyline
 90
2
 70
0
 10
20975.0
 20
13011.000000000002
 10
20975.0
 20
12745.625000000002
  0
LWPOLYLINE
  5
456
330
17
100
AcDbEntity
  8
TEXT
 62
7
370
15
100
AcDbPolyline
 90
4
 70
1
 10
12975.0
 20
12480.25
 10
20975.0
 20
12480.25
 10
20975.0
 20
12745.625000000002
 10
12975.0
 20
12745.625000000002
  0
LWPOLYLINE
  5
457
330
17
100
AcDbEntity
  8
TEXT
 62
7
370
15
100
AcDbPolyline
 90
2
 70
0
 10
12975.0
 20
12745.625000000002
 10
12975.0
 20
12480.25
  0
TEXT
  5
458
330
17
100
AcDbEntity
  8
TEXT
 62
7
100
AcDbText
 10
13015.0
 20
12628.125000000002
 30
0.0
 40
67.5
  1
L3-1
  7
GOST
 11
13015.0
 21
12628.125000000002
 31
0.0
100
AcDbText
  0
LWPOLYLINE
  5
459
330
17
100
AcDbEntity
  8
TEXT
 62
7
370
15
100
AcDbPolyline
 90
2
 70
0
 10
13525.0
 20
12745.625000000002
 10
13525.0
 20
12480.25
  0
TEXT
  5
45A
330
17
100
AcDbEntity
  8
TEXT
 62
7
100
AcDbText
 10
13565.0
 20
12628.125000000002
 30
0.0
 40
67.5
  1
R3
  7
GOST
 11
13565.0
 21
12628.125000000002
 31
0.0
100
AcDbText
  0
LWPOLYLINE
  5
45B
330
17
100
AcDbEntity
  8
TEXT
 62
7
370
15
100
AcDbPolyline
 90
2
 70
0
 10
13875.0
 20
12745.625000000002
 10
13875.0
 20
12480.25
  0
TEXT
  5
45C
330
17
100
AcDbEntity
  8
TEXT
 62
7
100
AcDbText
 10
13915.0
 20
12628.125000000002
 30
0.0
 40
67.5
  1
pendant
  7
GOST
 11
13915.0
 21
12628.125000000002
 31
0.0
100
AcDbText
  0
LWPOLYLINE
  5
45D
330
17
100
AcDbEntity
  8
TEXT
 62
7
370
15
100
AcDbPolyline
 90
2
 70
0
 10
14525.0
 20
12745.625000000002
 10
14525.0
 20
12480.25
  0
TEXT
  5
45E
330
17
100
AcDbEntity
  8
TEXT
 62
7
100
AcDbText
 10
14565.0
 20
12628.125000000002
 30
0.0
 40
67.5
  1
40
  7
GOST
 11
14565.0
 21
12628.125000000002
 31
0.0
100
AcDbText
  0
LWPOLYLINE
  5
45F
330
17
100
AcDbEntity
  8
TEXT
 62
7
370
15
100
AcDbPolyline
 90
2
 70
0
 10
14925.0
 20
12745.625000000002
 10
14925.0
 20
12480.25
  0
TEXT
  5
460
330
17
100
AcDbEntity
  8
TEXT
 62
7
100
AcDbText
 10
14965.0
 20
12628.125000000002
 30
0.0
 40
67.5
  1
1600
  7
GOST
 11
14965.0
 21
12628.125000000002
 31
0.0
100
AcDbText
  0
LWPOLYLINE
  5
461
330
17
100
AcDbEntity
  8
TEXT
 62
7
370
15
100
AcDbPolyline
 90
2
 70
0
 10
15375.0
 20
12745.625000000002
 10
15375.0
 20
12480.25
  0
TEXT
  5
462
330
17
100
AcDbEntity
  8
TEXT
 62
7
100
AcDbText
 10
15415.0
 20
12628.125000000002
 30
0.0
 40
67.5
  1
IP20
  7
GOST
 11
15415.0
 21
12628.125000000002
 31
0.0
100
AcDbText
  0
LWPOLYLINE
  5
463
330
17
100
AcDbEntity
  8
TEXT
 62
7
370
15
100
AcDbPolyline
 90
2
 70
0
 10
15825.0
 20
12745.625000000002
 10
15825.0
 20
12480.25
  0
TEXT
  5
464
330
17
100
AcDbEntity
  8
TEXT
 62
7
100
AcDbText
 10
15865.0
 20
12628.125000000002
 30
0.0
 40
67.5
  1
2700
  7
GOST
 11
15865.0
 21
12628.125000000002
 31
0.0
100
AcDbText
  0
LWPOLYLINE
  5
465
330
17
100
AcDbEntity
  8
TEXT
 62
7
370
15
100
AcDbPolyline
 90
2
 70
0
 10
16275.0
 20
12745.625000000002
 10
16275.0
 20
12480.25
  0
TEXT
  5
466
330
17
100
AcDbEntity
  8
TEXT
 62
7
100
AcDbText
 10
16315.0
 20
12628.125000000002
 30
0.0
 40
67.5
  1
1800 от W2; 1230 от NW1
  7
GOST
 11
16315.0
 21
12628.125000000002
 31
0.0
100
AcDbText
  0
LWPOLYLINE
  5
467
330
17
100
AcDbEntity
  8
TEXT
 62
7
370
15
100
AcDbPolyline
 90
2
 70
0
 10
17975.0
 20
12745.625000000002
 10
17975.0
 20
12480.25
  0
TEXT
  5
468
330
17
100
AcDbEntity
  8
TEXT
 62
7
100
AcDbText
 10
18015.0
 20
12628.125000000002
 30
0.0
 40
67.5
  1
люстра столовой по оси стола F25 (латунь/ткань, 5–6
  7
GOST
 11
18015.0
 21
12628.125000000002
 31
0.0
100
AcDbText
  0
TEXT
  5
469
330
17
100
AcDbEntity
  8
TEXT
 62
7
100
AcDbText
 10
18015.0
 20
12530.25
 30
0.0
 40
67.5
  1
рожков LED), низ +1600 (≈ 840 над столом), диммер
  7
GOST
 11
18015.0
 21
12530.25
 31
0.0
100
AcDbText
  0
LWPOLYLINE
  5
46A
330
17
100
AcDbEntity
  8
TEXT
 62
7
370
15
100
AcDbPolyline
 90
2
 70
0
 10
20975.0
 20
12745.625000000002
 10
20975.0
 20
12480.25
  0
LWPOLYLINE
  5
46B
330
17
100
AcDbEntity
  8
TEXT
 62
7
370
15
100
AcDbPolyline
 90
4
 70
1
 10
12975.0
 20
12312.750000000002
 10
20975.0
 20
12312.750000000002
 10
20975.0
 20
12480.25
 10
12975.0
 20
12480.25
  0
LWPOLYLINE
  5
46C
330
17
100
AcDbEntity
  8
TEXT
 62
7
370
15
100
AcDbPolyline
 90
2
 70
0
 10
12975.0
 20
12480.25
 10
12975.0
 20
12312.750000000002
  0
TEXT
  5
46D
330
17
100
AcDbEntity
  8
TEXT
 62
7
100
AcDbText
 10
13015.0
 20
12362.750000000002
 30
0.0
 40
67.5
  1
L4-1
  7
GOST
 11
13015.0
 21
12362.750000000002
 31
0.0
100
AcDbText
  0
LWPOLYLINE
  5
46E
330
17
100
AcDbEntity
  8
TEXT
 62
7
370
15
100
AcDbPolyline
 90
2
 70
0
 10
13525.0
 20
12480.25
 10
13525.0
 20
12312.750000000002
  0
TEXT
  5
46F
330
17
100
AcDbEntity
  8
TEXT
 62
7
100
AcDbText
 10
13565.0
 20
12362.750000000002
 30
0.0
 40
67.5
  1
R3
  7
GOST
 11
13565.0
 21
12362.750000000002
 31
0.0
100
AcDbText
  0
LWPOLYLINE
  5
470
330
17
100
AcDbEntity
  8
TEXT
 62
7
370
15
100
AcDbPolyline
 90
2
 70
0
 10
13875.0
 20
12480.25
 10
13875.0
 20
12312.750000000002
  0
TEXT
  5
471
330
17
100
AcDbEntity
  8
TEXT
 62
7
100
AcDbText
 10
13915.0
 20
12362.750000000002
 30
0.0
 40
67.5
  1
wall
  7
GOST
 11
13915.0
 21
12362.750000000002
 31
0.0
100
AcDbText
  0
LWPOLYLINE
  5
472
330
17
100
AcDbEntity
  8
TEXT
 62
7
370
15
100
AcDbPolyline
 90
2
 70
0
 10
14525.0
 20
12480.25
 10
14525.0
 20
12312.750000000002
  0
TEXT
  5
473
330
17
100
AcDbEntity
  8
TEXT
 62
7
100
AcDbText
 10
14565.0
 20
12362.750000000002
 30
0.0
 40
67.5
  1
6
  7
GOST
 11
14565.0
 21
12362.750000000002
 31
0.0
100
AcDbText
  0
LWPOLYLINE
  5
474
330
17
100
AcDbEntity
  8
TEXT
 62
7
370
15
100
AcDbPolyline
 90
2
 70
0
 10
14925.0
 20
12480.25
 10
14925.0
 20
12312.750000000002
  0
TEXT
  5
475
330
17
100
AcDbEntity
  8
TEXT
 62
7
100
AcDbText
 10
14965.0
 20
12362.750000000002
 30
0.0
 40
67.5
  1
1650
  7
GOST
 11
14965.0
 21
12362.750000000002
 31
0.0
100
AcDbText
  0
LWPOLYLINE
  5
476
330
17
100
AcDbEntity
  8
TEXT
 62
7
370
15
100
AcDbPolyline
 90
2
 70
0
 10
15375.0
 20
12480.25
 10
15375.0
 20
12312.750000000002
  0
TEXT
  5
477
330
17
100
AcDbEntity
  8
TEXT
 62
7
100
AcDbText
 10
15415.0
 20
12362.750000000002
 30
0.0
 40
67.5
  1
IP20
  7
GOST
 11
15415.0
 21
12362.750000000002
 31
0.0
100
AcDbText
  0
LWPOLYLINE
  5
478
330
17
100
AcDbEntity
  8
TEXT
 62
7
370
15
100
AcDbPolyline
 90
2
 70
0
 10
15825.0
 20
12480.25
 10
15825.0
 20
12312.750000000002
  0
TEXT
  5
479
330
17
100
AcDbEntity
  8
TEXT
 62
7
100
AcDbText
 10
15865.0
 20
12362.750000000002
 30
0.0
 40
67.5
  1
2700
  7
GOST
 11
15865.0
 21
12362.750000000002
 31
0.0
100
AcDbText
  0
LWPOLYLINE
  5
47A
330
17
100
AcDbEntity
  8
TEXT
 62
7
370
15
100
AcDbPolyline
 90
2
 70
0
 10
16275.0
 20
12480.25
 10
16275.0
 20
12312.750000000002
  0
TEXT
  5
47B
330
17
100
AcDbEntity
  8
TEXT
 62
7
100
AcDbText
 10
16315.0
 20
12362.750000000002
 30
0.0
 40
67.5
  1
1200 от W2; 0 от NW1
  7
GOST
 11
16315.0
 21
12362.750000000002
 31
0.0
100
AcDbText
  0
LWPOLYLINE
  5
47C
330
17
100
AcDbEntity
  8
TEXT
 62
7
370
15
100
AcDbPolyline
 90
2
 70
0
 10
17975.0
 20
12480.25
 10
17975.0
 20
12312.750000000002
  0
TEXT
  5
47D
330
17
100
AcDbEntity
  8
TEXT
 62
7
100
AcDbText
 10
18015.0
 20
12362.750000000002
 30
0.0
 40
67.5
  1
бра столовой на NW1 (рамки M14), латунь
  7
GOST
 11
18015.0
 21
12362.750000000002
 31
0.0
100
AcDbText
  0
LWPOLYLINE
  5
47E
330
17
100
AcDbEntity
  8
TEXT
 62
7
370
15
100
AcDbPolyline
 90
2
 70
0
 10
20975.0
 20
12480.25
 10
20975.0
 20
12312.750000000002
  0
LWPOLYLINE
  5
47F
330
17
100
AcDbEntity
  8
TEXT
 62
7
370
15
100
AcDbPolyline
 90
4
 70
1
 10
12975.0
 20
12145.250000000002
 10
20975.0
 20
12145.250000000002
 10
20975.0
 20
12312.750000000002
 10
12975.0
 20
12312.750000000002
  0
LWPOLYLINE
  5
480
330
17
100
AcDbEntity
  8
TEXT
 62
7
370
15
100
AcDbPolyline
 90
2
 70
0
 10
12975.0
 20
12312.750000000002
 10
12975.0
 20
12145.250000000002
  0
TEXT
  5
481
330
17
100
AcDbEntity
  8
TEXT
 62
7
100
AcDbText
 10
13015.0
 20
12195.250000000002
 30
0.0
 40
67.5
  1
L4-2
  7
GOST
 11
13015.0
 21
12195.250000000002
 31
0.0
100
AcDbText
  0
LWPOLYLINE
  5
482
330
17
100
AcDbEntity
  8
TEXT
 62
7
370
15
100
AcDbPolyline
 90
2
 70
0
 10
13525.0
 20
12312.750000000002
 10
13525.0
 20
12145.250000000002
  0
TEXT
  5
483
330
17
100
AcDbEntity
  8
TEXT
 62
7
100
AcDbText
 10
13565.0
 20
12195.250000000002
 30
0.0
 40
67.5
  1
R3
  7
GOST
 11
13565.0
 21
12195.250000000002
 31
0.0
100
AcDbText
  0
LWPOLYLINE
  5
484
330
17
100
AcDbEntity
  8
TEXT
 62
7
370
15
100
AcDbPolyline
 90
2
 70
0
 10
13875.0
 20
12312.750000000002
 10
13875.0
 20
12145.250000000002
  0
TEXT
  5
485
330
17
100
AcDbEntity
  8
TEXT
 62
7
100
AcDbText
 10
13915.0
 20
12195.250000000002
 30
0.0
 40
67.5
  1
wall
  7
GOST
 11
13915.0
 21
12195.250000000002
 31
0.0
100
AcDbText
  0
LWPOLYLINE
  5
486
330
17
100
AcDbEntity
  8
TEXT
 62
7
370
15
100
AcDbPolyline
 90
2
 70
0
 10
14525.0
 20
12312.750000000002
 10
14525.0
 20
12145.250000000002
  0
TEXT
  5
487
330
17
100
AcDbEntity
  8
TEXT
 62
7
100
AcDbText
 10
14565.0
 20
12195.250000000002
 30
0.0
 40
67.5
  1
6
  7
GOST
 11
14565.0
 21
12195.250000000002
 31
0.0
100
AcDbText
  0
LWPOLYLINE
  5
488
330
17
100
AcDbEntity
  8
TEXT
 62
7
370
15
100
AcDbPolyline
 90
2
 70
0
 10
14925.0
 20
12312.750000000002
 10
14925.0
 20
12145.250000000002
  0
TEXT
  5
489
330
17
100
AcDbEntity
  8
TEXT
 62
7
100
AcDbText
 10
14965.0
 20
12195.250000000002
 30
0.0
 40
67.5
  1
1650
  7
GOST
 11
14965.0
 21
12195.250000000002
 31
0.0
100
AcDbText
  0
LWPOLYLINE
  5
48A
330
17
100
AcDbEntity
  8
TEXT
 62
7
370
15
100
AcDbPolyline
 90
2
 70
0
 10
15375.0
 20
12312.750000000002
 10
15375.0
 20
12145.250000000002
  0
TEXT
  5
48B
330
17
100
AcDbEntity
  8
TEXT
 62
7
100
AcDbText
 10
15415.0
 20
12195.250000000002
 30
0.0
 40
67.5
  1
IP20
  7
GOST
 11
15415.0
 21
12195.250000000002
 31
0.0
100
AcDbText
  0
LWPOLYLINE
  5
48C
330
17
100
AcDbEntity
  8
TEXT
 62
7
370
15
100
AcDbPolyline
 90
2
 70
0
 10
15825.0
 20
12312.750000000002
 10
15825.0
 20
12145.250000000002
  0
TEXT
  5
48D
330
17
100
AcDbEntity
  8
TEXT
 62
7
100
AcDbText
 10
15865.0
 20
12195.250000000002
 30
0.0
 40
67.5
  1
2700
  7
GOST
 11
15865.0
 21
12195.250000000002
 31
0.0
100
AcDbText
  0
LWPOLYLINE
  5
48E
330
17
100
AcDbEntity
  8
TEXT
 62
7
370
15
100
AcDbPolyline
 90
2
 70
0
 10
16275.0
 20
12312.750000000002
 10
16275.0
 20
12145.250000000002
  0
TEXT
  5
48F
330
17
100
AcDbEntity
  8
TEXT
 62
7
100
AcDbText
 10
16315.0
 20
12195.250000000002
 30
0.0
 40
67.5
  1
2400 от W2; 0 от NW1
  7
GOST
 11
16315.0
 21
12195.250000000002
 31
0.0
100
AcDbText
  0
LWPOLYLINE
  5
490
330
17
100
AcDbEntity
  8
TEXT
 62
7
370
15
100
AcDbPolyline
 90
2
 70
0
 10
17975.0
 20
12312.750000000002
 10
17975.0
 20
12145.250000000002
  0
TEXT
  5
491
330
17
100
AcDbEntity
  8
TEXT
 62
7
100
AcDbText
 10
18015.0
 20
12195.250000000002
 30
0.0
 40
67.5
  1
бра столовой на NW1
  7
GOST
 11
18015.0
 21
12195.250000000002
 31
0.0
100
AcDbText
  0
LWPOLYLINE
  5
492
330
17
100
AcDbEntity
  8
TEXT
 62
7
370
15
100
AcDbPolyline
 90
2
 70
0
 10
20975.0
 20
12312.750000000002
 10
20975.0
 20
12145.250000000002
  0
LWPOLYLINE
  5
493
330
17
100
AcDbEntity
  8
TEXT
 62
7
370
15
100
AcDbPolyline
 90
4
 70
1
 10
12975.0
 20
11879.875000000002
 10
20975.0
 20
11879.875000000002
 10
20975.0
 20
12145.250000000002
 10
12975.0
 20
12145.250000000002
  0
LWPOLYLINE
  5
494
330
17
100
AcDbEntity
  8
TEXT
 62
7
370
15
100
AcDbPolyline
 90
2
 70
0
 10
12975.0
 20
12145.250000000002
 10
12975.0
 20
11879.875000000002
  0
TEXT
  5
495
330
17
100
AcDbEntity
  8
TEXT
 62
7
100
AcDbText
 10
13015.0
 20
12027.750000000002
 30
0.0
 40
67.5
  1
L4-3
  7
GOST
 11
13015.0
 21
12027.750000000002
 31
0.0
100
AcDbText
  0
LWPOLYLINE
  5
496
330
17
100
AcDbEntity
  8
TEXT
 62
7
370
15
100
AcDbPolyline
 90
2
 70
0
 10
13525.0
 20
12145.250000000002
 10
13525.0
 20
11879.875000000002
  0
TEXT
  5
497
330
17
100
AcDbEntity
  8
TEXT
 62
7
100
AcDbText
 10
13565.0
 20
12027.750000000002
 30
0.0
 40
67.5
  1
R3
  7
GOST
 11
13565.0
 21
12027.750000000002
 31
0.0
100
AcDbText
  0
LWPOLYLINE
  5
498
330
17
100
AcDbEntity
  8
TEXT
 62
7
370
15
100
AcDbPolyline
 90
2
 70
0
 10
13875.0
 20
12145.250000000002
 10
13875.0
 20
11879.875000000002
  0
TEXT
  5
499
330
17
100
AcDbEntity
  8
TEXT
 62
7
100
AcDbText
 10
13915.0
 20
12027.750000000002
 30
0.0
 40
67.5
  1
led_strip
  7
GOST
 11
13915.0
 21
12027.750000000002
 31
0.0
100
AcDbText
  0
LWPOLYLINE
  5
49A
330
17
100
AcDbEntity
  8
TEXT
 62
7
370
15
100
AcDbPolyline
 90
2
 70
0
 10
14525.0
 20
12145.250000000002
 10
14525.0
 20
11879.875000000002
  0
TEXT
  5
49B
330
17
100
AcDbEntity
  8
TEXT
 62
7
100
AcDbText
 10
14565.0
 20
12027.750000000002
 30
0.0
 40
67.5
  1
10
  7
GOST
 11
14565.0
 21
12027.750000000002
 31
0.0
100
AcDbText
  0
LWPOLYLINE
  5
49C
330
17
100
AcDbEntity
  8
TEXT
 62
7
370
15
100
AcDbPolyline
 90
2
 70
0
 10
14925.0
 20
12145.250000000002
 10
14925.0
 20
11879.875000000002
  0
TEXT
  5
49D
330
17
100
AcDbEntity
  8
TEXT
 62
7
100
AcDbText
 10
14965.0
 20
12027.750000000002
 30
0.0
 40
67.5
  1
1900
  7
GOST
 11
14965.0
 21
12027.750000000002
 31
0.0
100
AcDbText
  0
LWPOLYLINE
  5
49E
330
17
100
AcDbEntity
  8
TEXT
 62
7
370
15
100
AcDbPolyline
 90
2
 70
0
 10
15375.0
 20
12145.250000000002
 10
15375.0
 20
11879.875000000002
  0
TEXT
  5
49F
330
17
100
AcDbEntity
  8
TEXT
 62
7
100
AcDbText
 10
15415.0
 20
12027.750000000002
 30
0.0
 40
67.5
  1
IP20
  7
GOST
 11
15415.0
 21
12027.750000000002
 31
0.0
100
AcDbText
  0
LWPOLYLINE
  5
4A0
330
17
100
AcDbEntity
  8
TEXT
 62
7
370
15
100
AcDbPolyline
 90
2
 70
0
 10
15825.0
 20
12145.250000000002
 10
15825.0
 20
11879.875000000002
  0
TEXT
  5
4A1
330
17
100
AcDbEntity
  8
TEXT
 62
7
100
AcDbText
 10
15865.0
 20
12027.750000000002
 30
0.0
 40
67.5
  1
2700
  7
GOST
 11
15865.0
 21
12027.750000000002
 31
0.0
100
AcDbText
  0
LWPOLYLINE
  5
4A2
330
17
100
AcDbEntity
  8
TEXT
 62
7
370
15
100
AcDbPolyline
 90
2
 70
0
 10
16275.0
 20
12145.250000000002
 10
16275.0
 20
11879.875000000002
  0
TEXT
  5
4A3
330
17
100
AcDbEntity
  8
TEXT
 62
7
100
AcDbText
 10
16315.0
 20
12027.750000000002
 30
0.0
 40
67.5
  1
3700,1250 → 3700,1980
  7
GOST
 11
16315.0
 21
12027.750000000002
 31
0.0
100
AcDbText
  0
LWPOLYLINE
  5
4A4
330
17
100
AcDbEntity
  8
TEXT
 62
7
370
15
100
AcDbPolyline
 90
2
 70
0
 10
17975.0
 20
12145.250000000002
 10
17975.0
 20
11879.875000000002
  0
TEXT
  5
4A5
330
17
100
AcDbEntity
  8
TEXT
 62
7
100
AcDbText
 10
18015.0
 20
12027.750000000002
 30
0.0
 40
67.5
  1
LED остеклённого яруса буфета F24, 24 В, БП на крыше
  7
GOST
 11
18015.0
 21
12027.750000000002
 31
0.0
100
AcDbText
  0
TEXT
  5
4A6
330
17
100
AcDbEntity
  8
TEXT
 62
7
100
AcDbText
 10
18015.0
 20
11929.875000000002
 30
0.0
 40
67.5
  1
буфета (вывод P-K12)
  7
GOST
 11
18015.0
 21
11929.875000000002
 31
0.0
100
AcDbText
  0
LWPOLYLINE
  5
4A7
330
17
100
AcDbEntity
  8
TEXT
 62
7
370
15
100
AcDbPolyline
 90
2
 70
0
 10
20975.0
 20
12145.250000000002
 10
20975.0
 20
11879.875000000002
  0
LWPOLYLINE
  5
4A8
330
17
100
AcDbEntity
  8
TEXT
 62
7
370
15
100
AcDbPolyline
 90
4
 70
1
 10
12975.0
 20
11614.500000000002
 10
20975.0
 20
11614.500000000002
 10
20975.0
 20
11879.875000000002
 10
12975.0
 20
11879.875000000002
  0
LWPOLYLINE
  5
4A9
330
17
100
AcDbEntity
  8
TEXT
 62
7
370
15
100
AcDbPolyline
 90
2
 70
0
 10
12975.0
 20
11879.875000000002
 10
12975.0
 20
11614.500000000002
  0
TEXT
  5
4AA
330
17
100
AcDbEntity
  8
TEXT
 62
7
100
AcDbText
 10
13015.0
 20
11762.375000000002
 30
0.0
 40
67.5
  1
L5-1
  7
GOST
 11
13015.0
 21
11762.375000000002
 31
0.0
100
AcDbText
  0
LWPOLYLINE
  5
4AB
330
17
100
AcDbEntity
  8
TEXT
 62
7
370
15
100
AcDbPolyline
 90
2
 70
0
 10
13525.0
 20
11879.875000000002
 10
13525.0
 20
11614.500000000002
  0
TEXT
  5
4AC
330
17
100
AcDbEntity
  8
TEXT
 62
7
100
AcDbText
 10
13565.0
 20
11762.375000000002
 30
0.0
 40
67.5
  1
R3
  7
GOST
 11
13565.0
 21
11762.375000000002
 31
0.0
100
AcDbText
  0
LWPOLYLINE
  5
4AD
330
17
100
AcDbEntity
  8
TEXT
 62
7
370
15
100
AcDbPolyline
 90
2
 70
0
 10
13875.0
 20
11879.875000000002
 10
13875.0
 20
11614.500000000002
  0
TEXT
  5
4AE
330
17
100
AcDbEntity
  8
TEXT
 62
7
100
AcDbText
 10
13915.0
 20
11762.375000000002
 30
0.0
 40
67.5
  1
led_strip
  7
GOST
 11
13915.0
 21
11762.375000000002
 31
0.0
100
AcDbText
  0
LWPOLYLINE
  5
4AF
330
17
100
AcDbEntity
  8
TEXT
 62
7
370
15
100
AcDbPolyline
 90
2
 70
0
 10
14525.0
 20
11879.875000000002
 10
14525.0
 20
11614.500000000002
  0
TEXT
  5
4B0
330
17
100
AcDbEntity
  8
TEXT
 62
7
100
AcDbText
 10
14565.0
 20
11762.375000000002
 30
0.0
 40
67.5
  1
15
  7
GOST
 11
14565.0
 21
11762.375000000002
 31
0.0
100
AcDbText
  0
LWPOLYLINE
  5
4B1
330
17
100
AcDbEntity
  8
TEXT
 62
7
370
15
100
AcDbPolyline
 90
2
 70
0
 10
14925.0
 20
11879.875000000002
 10
14925.0
 20
11614.500000000002
  0
TEXT
  5
4B2
330
17
100
AcDbEntity
  8
TEXT
 62
7
100
AcDbText
 10
14965.0
 20
11762.375000000002
 30
0.0
 40
67.5
  1
80
  7
GOST
 11
14965.0
 21
11762.375000000002
 31
0.0
100
AcDbText
  0
LWPOLYLINE
  5
4B3
330
17
100
AcDbEntity
  8
TEXT
 62
7
370
15
100
AcDbPolyline
 90
2
 70
0
 10
15375.0
 20
11879.875000000002
 10
15375.0
 20
11614.500000000002
  0
TEXT
  5
4B4
330
17
100
AcDbEntity
  8
TEXT
 62
7
100
AcDbText
 10
15415.0
 20
11762.375000000002
 30
0.0
 40
67.5
  1
IP20
  7
GOST
 11
15415.0
 21
11762.375000000002
 31
0.0
100
AcDbText
  0
LWPOLYLINE
  5
4B5
330
17
100
AcDbEntity
  8
TEXT
 62
7
370
15
100
AcDbPolyline
 90
2
 70
0
 10
15825.0
 20
11879.875000000002
 10
15825.0
 20
11614.500000000002
  0
TEXT
  5
4B6
330
17
100
AcDbEntity
  8
TEXT
 62
7
100
AcDbText
 10
15865.0
 20
11762.375000000002
 30
0.0
 40
67.5
  1
2700
  7
GOST
 11
15865.0
 21
11762.375000000002
 31
0.0
100
AcDbText
  0
LWPOLYLINE
  5
4B7
330
17
100
AcDbEntity
  8
TEXT
 62
7
370
15
100
AcDbPolyline
 90
2
 70
0
 10
16275.0
 20
11879.875000000002
 10
16275.0
 20
11614.500000000002
  0
TEXT
  5
4B8
330
17
100
AcDbEntity
  8
TEXT
 62
7
100
AcDbText
 10
16315.0
 20
11762.375000000002
 30
0.0
 40
67.5
  1
600,590 → 3450,590
  7
GOST
 11
16315.0
 21
11762.375000000002
 31
0.0
100
AcDbText
  0
LWPOLYLINE
  5
4B9
330
17
100
AcDbEntity
  8
TEXT
 62
7
370
15
100
AcDbPolyline
 90
2
 70
0
 10
17975.0
 20
11879.875000000002
 10
17975.0
 20
11614.500000000002
  0
TEXT
  5
4BA
330
17
100
AcDbEntity
  8
TEXT
 62
7
100
AcDbText
 10
18015.0
 20
11762.375000000002
 30
0.0
 40
67.5
  1
подсветка цоколя кухни 2700K (сцены «Кино» 5 %,
  7
GOST
 11
18015.0
 21
11762.375000000002
 31
0.0
100
AcDbText
  0
TEXT
  5
4BB
330
17
100
AcDbEntity
  8
TEXT
 62
7
100
AcDbText
 10
18015.0
 20
11664.500000000002
 30
0.0
 40
67.5
  1
«Ночь»), БП за съёмным цоколем K-04 (вывод P-K11)
  7
GOST
 11
18015.0
 21
11664.500000000002
 31
0.0
100
AcDbText
  0
LWPOLYLINE
  5
4BC
330
17
100
AcDbEntity
  8
TEXT
 62
7
370
15
100
AcDbPolyline
 90
2
 70
0
 10
20975.0
 20
11879.875000000002
 10
20975.0
 20
11614.500000000002
  0
LWPOLYLINE
  5
4BD
330
17
100
AcDbEntity
  8
TEXT
 62
7
370
15
100
AcDbPolyline
 90
4
 70
1
 10
12975.0
 20
11349.125
 10
20975.0
 20
11349.125
 10
20975.0
 20
11614.500000000002
 10
12975.0
 20
11614.500000000002
  0
LWPOLYLINE
  5
4BE
330
17
100
AcDbEntity
  8
TEXT
 62
7
370
15
100
AcDbPolyline
 90
2
 70
0
 10
12975.0
 20
11614.500000000002
 10
12975.0
 20
11349.125
  0
TEXT
  5
4BF
330
17
100
AcDbEntity
  8
TEXT
 62
7
100
AcDbText
 10
13015.0
 20
11497.000000000002
 30
0.0
 40
67.5
  1
L6-1
  7
GOST
 11
13015.0
 21
11497.000000000002
 31
0.0
100
AcDbText
  0
LWPOLYLINE
  5
4C0
330
17
100
AcDbEntity
  8
TEXT
 62
7
370
15
100
AcDbPolyline
 90
2
 70
0
 10
13525.0
 20
11614.500000000002
 10
13525.0
 20
11349.125
  0
TEXT
  5
4C1
330
17
100
AcDbEntity
  8
TEXT
 62
7
100
AcDbText
 10
13565.0
 20
11497.000000000002
 30
0.0
 40
67.5
  1
R7
  7
GOST
 11
13565.0
 21
11497.000000000002
 31
0.0
100
AcDbText
  0
LWPOLYLINE
  5
4C2
330
17
100
AcDbEntity
  8
TEXT
 62
7
370
15
100
AcDbPolyline
 90
2
 70
0
 10
13875.0
 20
11614.500000000002
 10
13875.0
 20
11349.125
  0
TEXT
  5
4C3
330
17
100
AcDbEntity
  8
TEXT
 62
7
100
AcDbText
 10
13915.0
 20
11497.000000000002
 30
0.0
 40
67.5
  1
spot
  7
GOST
 11
13915.0
 21
11497.000000000002
 31
0.0
100
AcDbText
  0
LWPOLYLINE
  5
4C4
330
17
100
AcDbEntity
  8
TEXT
 62
7
370
15
100
AcDbPolyline
 90
2
 70
0
 10
14525.0
 20
11614.500000000002
 10
14525.0
 20
11349.125
  0
TEXT
  5
4C5
330
17
100
AcDbEntity
  8
TEXT
 62
7
100
AcDbText
 10
14565.0
 20
11497.000000000002
 30
0.0
 40
67.5
  1
5
  7
GOST
 11
14565.0
 21
11497.000000000002
 31
0.0
100
AcDbText
  0
LWPOLYLINE
  5
4C6
330
17
100
AcDbEntity
  8
TEXT
 62
7
370
15
100
AcDbPolyline
 90
2
 70
0
 10
14925.0
 20
11614.500000000002
 10
14925.0
 20
11349.125
  0
TEXT
  5
4C7
330
17
100
AcDbEntity
  8
TEXT
 62
7
100
AcDbText
 10
14965.0
 20
11497.000000000002
 30
0.0
 40
67.5
  1
2500
  7
GOST
 11
14965.0
 21
11497.000000000002
 31
0.0
100
AcDbText
  0
LWPOLYLINE
  5
4C8
330
17
100
AcDbEntity
  8
TEXT
 62
7
370
15
100
AcDbPolyline
 90
2
 70
0
 10
15375.0
 20
11614.500000000002
 10
15375.0
 20
11349.125
  0
TEXT
  5
4C9
330
17
100
AcDbEntity
  8
TEXT
 62
7
100
AcDbText
 10
15415.0
 20
11497.000000000002
 30
0.0
 40
67.5
  1
IP20
  7
GOST
 11
15415.0
 21
11497.000000000002
 31
0.0
100
AcDbText
  0
LWPOLYLINE
  5
4CA
330
17
100
AcDbEntity
  8
TEXT
 62
7
370
15
100
AcDbPolyline
 90
2
 70
0
 10
15825.0
 20
11614.500000000002
 10
15825.0
 20
11349.125
  0
TEXT
  5
4CB
330
17
100
AcDbEntity
  8
TEXT
 62
7
100
AcDbText
 10
15865.0
 20
11497.000000000002
 30
0.0
 40
67.5
  1
2700
  7
GOST
 11
15865.0
 21
11497.000000000002
 31
0.0
100
AcDbText
  0
LWPOLYLINE
  5
4CC
330
17
100
AcDbEntity
  8
TEXT
 62
7
370
15
100
AcDbPolyline
 90
2
 70
0
 10
16275.0
 20
11614.500000000002
 10
16275.0
 20
11349.125
  0
TEXT
  5
4CD
330
17
100
AcDbEntity
  8
TEXT
 62
7
100
AcDbText
 10
16315.0
 20
11497.000000000002
 30
0.0
 40
67.5
  1
531 от B1; 680 от B3
  7
GOST
 11
16315.0
 21
11497.000000000002
 31
0.0
100
AcDbText
  0
LWPOLYLINE
  5
4CE
330
17
100
AcDbEntity
  8
TEXT
 62
7
370
15
100
AcDbPolyline
 90
2
 70
0
 10
17975.0
 20
11614.500000000002
 10
17975.0
 20
11349.125
  0
TEXT
  5
4CF
330
17
100
AcDbEntity
  8
TEXT
 62
7
100
AcDbText
 10
18015.0
 20
11497.000000000002
 30
0.0
 40
67.5
  1
малый спот по периметру (M30), в толще ГКЛВ по
  7
GOST
 11
18015.0
 21
11497.000000000002
 31
0.0
100
AcDbText
  0
TEXT
  5
4D0
330
17
100
AcDbEntity
  8
TEXT
 62
7
100
AcDbText
 10
18015.0
 20
11399.125
 30
0.0
 40
67.5
  1
утеплителю; вне луча проектора
  7
GOST
 11
18015.0
 21
11399.125
 31
0.0
100
AcDbText
  0
LWPOLYLINE
  5
4D1
330
17
100
AcDbEntity
  8
TEXT
 62
7
370
15
100
AcDbPolyline
 90
2
 70
0
 10
20975.0
 20
11614.500000000002
 10
20975.0
 20
11349.125
  0
LWPOLYLINE
  5
4D2
330
17
100
AcDbEntity
  8
TEXT
 62
7
370
15
100
AcDbPolyline
 90
4
 70
1
 10
12975.0
 20
11083.75
 10
20975.0
 20
11083.75
 10
20975.0
 20
11349.125
 10
12975.0
 20
11349.125
  0
LWPOLYLINE
  5
4D3
330
17
100
AcDbEntity
  8
TEXT
 62
7
370
15
100
AcDbPolyline
 90
2
 70
0
 10
12975.0
 20
11349.125
 10
12975.0
 20
11083.75
  0
TEXT
  5
4D4
330
17
100
AcDbEntity
  8
TEXT
 62
7
100
AcDbText
 10
13015.0
 20
11231.625000000002
 30
0.0
 40
67.5
  1
L6-2
  7
GOST
 11
13015.0
 21
11231.625000000002
 31
0.0
100
AcDbText
  0
LWPOLYLINE
  5
4D5
330
17
100
AcDbEntity
  8
TEXT
 62
7
370
15
100
AcDbPolyline
 90
2
 70
0
 10
13525.0
 20
11349.125
 10
13525.0
 20
11083.75
  0
TEXT
  5
4D6
330
17
100
AcDbEntity
  8
TEXT
 62
7
100
AcDbText
 10
13565.0
 20
11231.625000000002
 30
0.0
 40
67.5
  1
R7
  7
GOST
 11
13565.0
 21
11231.625000000002
 31
0.0
100
AcDbText
  0
LWPOLYLINE
  5
4D7
330
17
100
AcDbEntity
  8
TEXT
 62
7
370
15
100
AcDbPolyline
 90
2
 70
0
 10
13875.0
 20
11349.125
 10
13875.0
 20
11083.75
  0
TEXT
  5
4D8
330
17
100
AcDbEntity
  8
TEXT
 62
7
100
AcDbText
 10
13915.0
 20
11231.625000000002
 30
0.0
 40
67.5
  1
spot
  7
GOST
 11
13915.0
 21
11231.625000000002
 31
0.0
100
AcDbText
  0
LWPOLYLINE
  5
4D9
330
17
100
AcDbEntity
  8
TEXT
 62
7
370
15
100
AcDbPolyline
 90
2
 70
0
 10
14525.0
 20
11349.125
 10
14525.0
 20
11083.75
  0
TEXT
  5
4DA
330
17
100
AcDbEntity
  8
TEXT
 62
7
100
AcDbText
 10
14565.0
 20
11231.625000000002
 30
0.0
 40
67.5
  1
5
  7
GOST
 11
14565.0
 21
11231.625000000002
 31
0.0
100
AcDbText
  0
LWPOLYLINE
  5
4DB
330
17
100
AcDbEntity
  8
TEXT
 62
7
370
15
100
AcDbPolyline
 90
2
 70
0
 10
14925.0
 20
11349.125
 10
14925.0
 20
11083.75
  0
TEXT
  5
4DC
330
17
100
AcDbEntity
  8
TEXT
 62
7
100
AcDbText
 10
14965.0
 20
11231.625000000002
 30
0.0
 40
67.5
  1
2500
  7
GOST
 11
14965.0
 21
11231.625000000002
 31
0.0
100
AcDbText
  0
LWPOLYLINE
  5
4DD
330
17
100
AcDbEntity
  8
TEXT
 62
7
370
15
100
AcDbPolyline
 90
2
 70
0
 10
15375.0
 20
11349.125
 10
15375.0
 20
11083.75
  0
TEXT
  5
4DE
330
17
100
AcDbEntity
  8
TEXT
 62
7
100
AcDbText
 10
15415.0
 20
11231.625000000002
 30
0.0
 40
67.5
  1
IP20
  7
GOST
 11
15415.0
 21
11231.625000000002
 31
0.0
100
AcDbText
  0
LWPOLYLINE
  5
4DF
330
17
100
AcDbEntity
  8
TEXT
 62
7
370
15
100
AcDbPolyline
 90
2
 70
0
 10
15825.0
 20
11349.125
 10
15825.0
 20
11083.75
  0
TEXT
  5
4E0
330
17
100
AcDbEntity
  8
TEXT
 62
7
100
AcDbText
 10
15865.0
 20
11231.625000000002
 30
0.0
 40
67.5
  1
2700
  7
GOST
 11
15865.0
 21
11231.625000000002
 31
0.0
100
AcDbText
  0
LWPOLYLINE
  5
4E1
330
17
100
AcDbEntity
  8
TEXT
 62
7
370
15
100
AcDbPolyline
 90
2
 70
0
 10
16275.0
 20
11349.125
 10
16275.0
 20
11083.75
  0
TEXT
  5
4E2
330
17
100
AcDbEntity
  8
TEXT
 62
7
100
AcDbText
 10
16315.0
 20
11231.625000000002
 30
0.0
 40
67.5
  1
531 от B1; 668 от B2
  7
GOST
 11
16315.0
 21
11231.625000000002
 31
0.0
100
AcDbText
  0
LWPOLYLINE
  5
4E3
330
17
100
AcDbEntity
  8
TEXT
 62
7
370
15
100
AcDbPolyline
 90
2
 70
0
 10
17975.0
 20
11349.125
 10
17975.0
 20
11083.75
  0
TEXT
  5
4E4
330
17
100
AcDbEntity
  8
TEXT
 62
7
100
AcDbText
 10
18015.0
 20
11231.625000000002
 30
0.0
 40
67.5
  1
малый спот по периметру (M30), в толще ГКЛВ по
  7
GOST
 11
18015.0
 21
11231.625000000002
 31
0.0
100
AcDbText
  0
TEXT
  5
4E5
330
17
100
AcDbEntity
  8
TEXT
 62
7
100
AcDbText
 10
18015.0
 20
11133.75
 30
0.0
 40
67.5
  1
утеплителю; вне луча проектора
  7
GOST
 11
18015.0
 21
11133.75
 31
0.0
100
AcDbText
  0
LWPOLYLINE
  5
4E6
330
17
100
AcDbEntity
  8
TEXT
 62
7
370
15
100
AcDbPolyline
 90
2
 70
0
 10
20975.0
 20
11349.125
 10
20975.0
 20
11083.75
  0
LWPOLYLINE
  5
4E7
330
17
100
AcDbEntity
  8
TEXT
 62
7
370
15
100
AcDbPolyline
 90
4
 70
1
 10
12975.0
 20
10818.375
 10
20975.0
 20
10818.375
 10
20975.0
 20
11083.75
 10
12975.0
 20
11083.75
  0
LWPOLYLINE
  5
4E8
330
17
100
AcDbEntity
  8
TEXT
 62
7
370
15
100
AcDbPolyline
 90
2
 70
0
 10
12975.0
 20
11083.75
 10
12975.0
 20
10818.375
  0
TEXT
  5
4E9
330
17
100
AcDbEntity
  8
TEXT
 62
7
100
AcDbText
 10
13015.0
 20
10966.25
 30
0.0
 40
67.5
  1
L6-3
  7
GOST
 11
13015.0
 21
10966.25
 31
0.0
100
AcDbText
  0
LWPOLYLINE
  5
4EA
330
17
100
AcDbEntity
  8
TEXT
 62
7
370
15
100
AcDbPolyline
 90
2
 70
0
 10
13525.0
 20
11083.75
 10
13525.0
 20
10818.375
  0
TEXT
  5
4EB
330
17
100
AcDbEntity
  8
TEXT
 62
7
100
AcDbText
 10
13565.0
 20
10966.25
 30
0.0
 40
67.5
  1
R7
  7
GOST
 11
13565.0
 21
10966.25
 31
0.0
100
AcDbText
  0
LWPOLYLINE
  5
4EC
330
17
100
AcDbEntity
  8
TEXT
 62
7
370
15
100
AcDbPolyline
 90
2
 70
0
 10
13875.0
 20
11083.75
 10
13875.0
 20
10818.375
  0
TEXT
  5
4ED
330
17
100
AcDbEntity
  8
TEXT
 62
7
100
AcDbText
 10
13915.0
 20
10966.25
 30
0.0
 40
67.5
  1
spot
  7
GOST
 11
13915.0
 21
10966.25
 31
0.0
100
AcDbText
  0
LWPOLYLINE
  5
4EE
330
17
100
AcDbEntity
  8
TEXT
 62
7
370
15
100
AcDbPolyline
 90
2
 70
0
 10
14525.0
 20
11083.75
 10
14525.0
 20
10818.375
  0
TEXT
  5
4EF
330
17
100
AcDbEntity
  8
TEXT
 62
7
100
AcDbText
 10
14565.0
 20
10966.25
 30
0.0
 40
67.5
  1
5
  7
GOST
 11
14565.0
 21
10966.25
 31
0.0
100
AcDbText
  0
LWPOLYLINE
  5
4F0
330
17
100
AcDbEntity
  8
TEXT
 62
7
370
15
100
AcDbPolyline
 90
2
 70
0
 10
14925.0
 20
11083.75
 10
14925.0
 20
10818.375
  0
TEXT
  5
4F1
330
17
100
AcDbEntity
  8
TEXT
 62
7
100
AcDbText
 10
14965.0
 20
10966.25
 30
0.0
 40
67.5
  1
2500
  7
GOST
 11
14965.0
 21
10966.25
 31
0.0
100
AcDbText
  0
LWPOLYLINE
  5
4F2
330
17
100
AcDbEntity
  8
TEXT
 62
7
370
15
100
AcDbPolyline
 90
2
 70
0
 10
15375.0
 20
11083.75
 10
15375.0
 20
10818.375
  0
TEXT
  5
4F3
330
17
100
AcDbEntity
  8
TEXT
 62
7
100
AcDbText
 10
15415.0
 20
10966.25
 30
0.0
 40
67.5
  1
IP20
  7
GOST
 11
15415.0
 21
10966.25
 31
0.0
100
AcDbText
  0
LWPOLYLINE
  5
4F4
330
17
100
AcDbEntity
  8
TEXT
 62
7
370
15
100
AcDbPolyline
 90
2
 70
0
 10
15825.0
 20
11083.75
 10
15825.0
 20
10818.375
  0
TEXT
  5
4F5
330
17
100
AcDbEntity
  8
TEXT
 62
7
100
AcDbText
 10
15865.0
 20
10966.25
 30
0.0
 40
67.5
  1
2700
  7
GOST
 11
15865.0
 21
10966.25
 31
0.0
100
AcDbText
  0
LWPOLYLINE
  5
4F6
330
17
100
AcDbEntity
  8
TEXT
 62
7
370
15
100
AcDbPolyline
 90
2
 70
0
 10
16275.0
 20
11083.75
 10
16275.0
 20
10818.375
  0
TEXT
  5
4F7
330
17
100
AcDbEntity
  8
TEXT
 62
7
100
AcDbText
 10
16315.0
 20
10966.25
 30
0.0
 40
67.5
  1
580 от W2; 680 от B3
  7
GOST
 11
16315.0
 21
10966.25
 31
0.0
100
AcDbText
  0
LWPOLYLINE
  5
4F8
330
17
100
AcDbEntity
  8
TEXT
 62
7
370
15
100
AcDbPolyline
 90
2
 70
0
 10
17975.0
 20
11083.75
 10
17975.0
 20
10818.375
  0
TEXT
  5
4F9
330
17
100
AcDbEntity
  8
TEXT
 62
7
100
AcDbText
 10
18015.0
 20
10966.25
 30
0.0
 40
67.5
  1
малый спот по периметру (M30), в толще ГКЛВ по
  7
GOST
 11
18015.0
 21
10966.25
 31
0.0
100
AcDbText
  0
TEXT
  5
4FA
330
17
100
AcDbEntity
  8
TEXT
 62
7
100
AcDbText
 10
18015.0
 20
10868.375
 30
0.0
 40
67.5
  1
утеплителю; вне луча проектора
  7
GOST
 11
18015.0
 21
10868.375
 31
0.0
100
AcDbText
  0
LWPOLYLINE
  5
4FB
330
17
100
AcDbEntity
  8
TEXT
 62
7
370
15
100
AcDbPolyline
 90
2
 70
0
 10
20975.0
 20
11083.75
 10
20975.0
 20
10818.375
  0
LWPOLYLINE
  5
4FC
330
17
100
AcDbEntity
  8
TEXT
 62
7
370
15
100
AcDbPolyline
 90
4
 70
1
 10
12975.0
 20
10553.0
 10
20975.0
 20
10553.0
 10
20975.0
 20
10818.375
 10
12975.0
 20
10818.375
  0
LWPOLYLINE
  5
4FD
330
17
100
AcDbEntity
  8
TEXT
 62
7
370
15
100
AcDbPolyline
 90
2
 70
0
 10
12975.0
 20
10818.375
 10
12975.0
 20
10553.0
  0
TEXT
  5
4FE
330
17
100
AcDbEntity
  8
TEXT
 62
7
100
AcDbText
 10
13015.0
 20
10700.875
 30
0.0
 40
67.5
  1
L6-4
  7
GOST
 11
13015.0
 21
10700.875
 31
0.0
100
AcDbText
  0
LWPOLYLINE
  5
4FF
330
17
100
AcDbEntity
  8
TEXT
 62
7
370
15
100
AcDbPolyline
 90
2
 70
0
 10
13525.0
 20
10818.375
 10
13525.0
 20
10553.0
  0
TEXT
  5
500
330
17
100
AcDbEntity
  8
TEXT
 62
7
100
AcDbText
 10
13565.0
 20
10700.875
 30
0.0
 40
67.5
  1
R7
  7
GOST
 11
13565.0
 21
10700.875
 31
0.0
100
AcDbText
  0
LWPOLYLINE
  5
501
330
17
100
AcDbEntity
  8
TEXT
 62
7
370
15
100
AcDbPolyline
 90
2
 70
0
 10
13875.0
 20
10818.375
 10
13875.0
 20
10553.0
  0
TEXT
  5
502
330
17
100
AcDbEntity
  8
TEXT
 62
7
100
AcDbText
 10
13915.0
 20
10700.875
 30
0.0
 40
67.5
  1
spot
  7
GOST
 11
13915.0
 21
10700.875
 31
0.0
100
AcDbText
  0
LWPOLYLINE
  5
503
330
17
100
AcDbEntity
  8
TEXT
 62
7
370
15
100
AcDbPolyline
 90
2
 70
0
 10
14525.0
 20
10818.375
 10
14525.0
 20
10553.0
  0
TEXT
  5
504
330
17
100
AcDbEntity
  8
TEXT
 62
7
100
AcDbText
 10
14565.0
 20
10700.875
 30
0.0
 40
67.5
  1
5
  7
GOST
 11
14565.0
 21
10700.875
 31
0.0
100
AcDbText
  0
LWPOLYLINE
  5
505
330
17
100
AcDbEntity
  8
TEXT
 62
7
370
15
100
AcDbPolyline
 90
2
 70
0
 10
14925.0
 20
10818.375
 10
14925.0
 20
10553.0
  0
TEXT
  5
506
330
17
100
AcDbEntity
  8
TEXT
 62
7
100
AcDbText
 10
14965.0
 20
10700.875
 30
0.0
 40
67.5
  1
2500
  7
GOST
 11
14965.0
 21
10700.875
 31
0.0
100
AcDbText
  0
LWPOLYLINE
  5
507
330
17
100
AcDbEntity
  8
TEXT
 62
7
370
15
100
AcDbPolyline
 90
2
 70
0
 10
15375.0
 20
10818.375
 10
15375.0
 20
10553.0
  0
TEXT
  5
508
330
17
100
AcDbEntity
  8
TEXT
 62
7
100
AcDbText
 10
15415.0
 20
10700.875
 30
0.0
 40
67.5
  1
IP20
  7
GOST
 11
15415.0
 21
10700.875
 31
0.0
100
AcDbText
  0
LWPOLYLINE
  5
509
330
17
100
AcDbEntity
  8
TEXT
 62
7
370
15
100
AcDbPolyline
 90
2
 70
0
 10
15825.0
 20
10818.375
 10
15825.0
 20
10553.0
  0
TEXT
  5
50A
330
17
100
AcDbEntity
  8
TEXT
 62
7
100
AcDbText
 10
15865.0
 20
10700.875
 30
0.0
 40
67.5
  1
2700
  7
GOST
 11
15865.0
 21
10700.875
 31
0.0
100
AcDbText
  0
LWPOLYLINE
  5
50B
330
17
100
AcDbEntity
  8
TEXT
 62
7
370
15
100
AcDbPolyline
 90
2
 70
0
 10
16275.0
 20
10818.375
 10
16275.0
 20
10553.0
  0
TEXT
  5
50C
330
17
100
AcDbEntity
  8
TEXT
 62
7
100
AcDbText
 10
16315.0
 20
10700.875
 30
0.0
 40
67.5
  1
580 от W2; 668 от B2
  7
GOST
 11
16315.0
 21
10700.875
 31
0.0
100
AcDbText
  0
LWPOLYLINE
  5
50D
330
17
100
AcDbEntity
  8
TEXT
 62
7
370
15
100
AcDbPolyline
 90
2
 70
0
 10
17975.0
 20
10818.375
 10
17975.0
 20
10553.0
  0
TEXT
  5
50E
330
17
100
AcDbEntity
  8
TEXT
 62
7
100
AcDbText
 10
18015.0
 20
10700.875
 30
0.0
 40
67.5
  1
малый спот по периметру (M30), в толще ГКЛВ по
  7
GOST
 11
18015.0
 21
10700.875
 31
0.0
100
AcDbText
  0
TEXT
  5
50F
330
17
100
AcDbEntity
  8
TEXT
 62
7
100
AcDbText
 10
18015.0
 20
10603.0
 30
0.0
 40
67.5
  1
утеплителю; вне луча проектора
  7
GOST
 11
18015.0
 21
10603.0
 31
0.0
100
AcDbText
  0
LWPOLYLINE
  5
510
330
17
100
AcDbEntity
  8
TEXT
 62
7
370
15
100
AcDbPolyline
 90
2
 70
0
 10
20975.0
 20
10818.375
 10
20975.0
 20
10553.0
  0
LWPOLYLINE
  5
511
330
17
100
AcDbEntity
  8
TEXT
 62
7
370
15
100
AcDbPolyline
 90
4
 70
1
 10
12975.0
 20
10287.625
 10
20975.0
 20
10287.625
 10
20975.0
 20
10553.0
 10
12975.0
 20
10553.0
  0
LWPOLYLINE
  5
512
330
17
100
AcDbEntity
  8
TEXT
 62
7
370
15
100
AcDbPolyline
 90
2
 70
0
 10
12975.0
 20
10553.0
 10
12975.0
 20
10287.625
  0
TEXT
  5
513
330
17
100
AcDbEntity
  8
TEXT
 62
7
100
AcDbText
 10
13015.0
 20
10435.5
 30
0.0
 40
67.5
  1
L7-1
  7
GOST
 11
13015.0
 21
10435.5
 31
0.0
100
AcDbText
  0
LWPOLYLINE
  5
514
330
17
100
AcDbEntity
  8
TEXT
 62
7
370
15
100
AcDbPolyline
 90
2
 70
0
 10
13525.0
 20
10553.0
 10
13525.0
 20
10287.625
  0
TEXT
  5
515
330
17
100
AcDbEntity
  8
TEXT
 62
7
100
AcDbText
 10
13565.0
 20
10435.5
 30
0.0
 40
67.5
  1
R7
  7
GOST
 11
13565.0
 21
10435.5
 31
0.0
100
AcDbText
  0
LWPOLYLINE
  5
516
330
17
100
AcDbEntity
  8
TEXT
 62
7
370
15
100
AcDbPolyline
 90
2
 70
0
 10
13875.0
 20
10553.0
 10
13875.0
 20
10287.625
  0
TEXT
  5
517
330
17
100
AcDbEntity
  8
TEXT
 62
7
100
AcDbText
 10
13915.0
 20
10435.5
 30
0.0
 40
67.5
  1
led_strip
  7
GOST
 11
13915.0
 21
10435.5
 31
0.0
100
AcDbText
  0
LWPOLYLINE
  5
518
330
17
100
AcDbEntity
  8
TEXT
 62
7
370
15
100
AcDbPolyline
 90
2
 70
0
 10
14525.0
 20
10553.0
 10
14525.0
 20
10287.625
  0
TEXT
  5
519
330
17
100
AcDbEntity
  8
TEXT
 62
7
100
AcDbText
 10
14565.0
 20
10435.5
 30
0.0
 40
67.5
  1
20
  7
GOST
 11
14565.0
 21
10435.5
 31
0.0
100
AcDbText
  0
LWPOLYLINE
  5
51A
330
17
100
AcDbEntity
  8
TEXT
 62
7
370
15
100
AcDbPolyline
 90
2
 70
0
 10
14925.0
 20
10553.0
 10
14925.0
 20
10287.625
  0
TEXT
  5
51B
330
17
100
AcDbEntity
  8
TEXT
 62
7
100
AcDbText
 10
14965.0
 20
10435.5
 30
0.0
 40
67.5
  1
100
  7
GOST
 11
14965.0
 21
10435.5
 31
0.0
100
AcDbText
  0
LWPOLYLINE
  5
51C
330
17
100
AcDbEntity
  8
TEXT
 62
7
370
15
100
AcDbPolyline
 90
2
 70
0
 10
15375.0
 20
10553.0
 10
15375.0
 20
10287.625
  0
TEXT
  5
51D
330
17
100
AcDbEntity
  8
TEXT
 62
7
100
AcDbText
 10
15415.0
 20
10435.5
 30
0.0
 40
67.5
  1
IP20
  7
GOST
 11
15415.0
 21
10435.5
 31
0.0
100
AcDbText
  0
LWPOLYLINE
  5
51E
330
17
100
AcDbEntity
  8
TEXT
 62
7
370
15
100
AcDbPolyline
 90
2
 70
0
 10
15825.0
 20
10553.0
 10
15825.0
 20
10287.625
  0
TEXT
  5
51F
330
17
100
AcDbEntity
  8
TEXT
 62
7
100
AcDbText
 10
15865.0
 20
10435.5
 30
0.0
 40
67.5
  1
2700
  7
GOST
 11
15865.0
 21
10435.5
 31
0.0
100
AcDbText
  0
LWPOLYLINE
  5
520
330
17
100
AcDbEntity
  8
TEXT
 62
7
370
15
100
AcDbPolyline
 90
2
 70
0
 10
16275.0
 20
10553.0
 10
16275.0
 20
10287.625
  0
TEXT
  5
521
330
17
100
AcDbEntity
  8
TEXT
 62
7
100
AcDbText
 10
16315.0
 20
10435.5
 30
0.0
 40
67.5
  1
-1681,745 → -1681,2368
  7
GOST
 11
16315.0
 21
10435.5
 31
0.0
100
AcDbText
  0
LWPOLYLINE
  5
522
330
17
100
AcDbEntity
  8
TEXT
 62
7
370
15
100
AcDbPolyline
 90
2
 70
0
 10
17975.0
 20
10553.0
 10
17975.0
 20
10287.625
  0
TEXT
  5
523
330
17
100
AcDbEntity
  8
TEXT
 62
7
100
AcDbText
 10
18015.0
 20
10435.5
 30
0.0
 40
67.5
  1
подсветка цоколя П-дивана 24 В 2700K (F33),
  7
GOST
 11
18015.0
 21
10435.5
 31
0.0
100
AcDbText
  0
TEXT
  5
524
330
17
100
AcDbEntity
  8
TEXT
 62
7
100
AcDbText
 10
18015.0
 20
10337.625
 30
0.0
 40
67.5
  1
Zigbee-контроллер 24 В; БП в отсеке AV F35 (вывод P-B05)
  7
GOST
 11
18015.0
 21
10337.625
 31
0.0
100
AcDbText
  0
LWPOLYLINE
  5
525
330
17
100
AcDbEntity
  8
TEXT
 62
7
370
15
100
AcDbPolyline
 90
2
 70
0
 10
20975.0
 20
10553.0
 10
20975.0
 20
10287.625
  0
LWPOLYLINE
  5
526
330
17
100
AcDbEntity
  8
TEXT
 62
7
370
15
100
AcDbPolyline
 90
4
 70
1
 10
12975.0
 20
10120.125
 10
20975.0
 20
10120.125
 10
20975.0
 20
10287.625
 10
12975.0
 20
10287.625
  0
LWPOLYLINE
  5
527
330
17
100
AcDbEntity
  8
TEXT
 62
7
370
15
100
AcDbPolyline
 90
2
 70
0
 10
12975.0
 20
10287.625
 10
12975.0
 20
10120.125
  0
TEXT
  5
528
330
17
100
AcDbEntity
  8
TEXT
 62
7
100
AcDbText
 10
13015.0
 20
10170.125
 30
0.0
 40
67.5
  1
L8-1
  7
GOST
 11
13015.0
 21
10170.125
 31
0.0
100
AcDbText
  0
LWPOLYLINE
  5
529
330
17
100
AcDbEntity
  8
TEXT
 62
7
370
15
100
AcDbPolyline
 90
2
 70
0
 10
13525.0
 20
10287.625
 10
13525.0
 20
10120.125
  0
TEXT
  5
52A
330
17
100
AcDbEntity
  8
TEXT
 62
7
100
AcDbText
 10
13565.0
 20
10170.125
 30
0.0
 40
67.5
  1
R1
  7
GOST
 11
13565.0
 21
10170.125
 31
0.0
100
AcDbText
  0
LWPOLYLINE
  5
52B
330
17
100
AcDbEntity
  8
TEXT
 62
7
370
15
100
AcDbPolyline
 90
2
 70
0
 10
13875.0
 20
10287.625
 10
13875.0
 20
10120.125
  0
TEXT
  5
52C
330
17
100
AcDbEntity
  8
TEXT
 62
7
100
AcDbText
 10
13915.0
 20
10170.125
 30
0.0
 40
67.5
  1
ceiling
  7
GOST
 11
13915.0
 21
10170.125
 31
0.0
100
AcDbText
  0
LWPOLYLINE
  5
52D
330
17
100
AcDbEntity
  8
TEXT
 62
7
370
15
100
AcDbPolyline
 90
2
 70
0
 10
14525.0
 20
10287.625
 10
14525.0
 20
10120.125
  0
TEXT
  5
52E
330
17
100
AcDbEntity
  8
TEXT
 62
7
100
AcDbText
 10
14565.0
 20
10170.125
 30
0.0
 40
67.5
  1
40
  7
GOST
 11
14565.0
 21
10170.125
 31
0.0
100
AcDbText
  0
LWPOLYLINE
  5
52F
330
17
100
AcDbEntity
  8
TEXT
 62
7
370
15
100
AcDbPolyline
 90
2
 70
0
 10
14925.0
 20
10287.625
 10
14925.0
 20
10120.125
  0
TEXT
  5
530
330
17
100
AcDbEntity
  8
TEXT
 62
7
100
AcDbText
 10
14965.0
 20
10170.125
 30
0.0
 40
67.5
  1
2700
  7
GOST
 11
14965.0
 21
10170.125
 31
0.0
100
AcDbText
  0
LWPOLYLINE
  5
531
330
17
100
AcDbEntity
  8
TEXT
 62
7
370
15
100
AcDbPolyline
 90
2
 70
0
 10
15375.0
 20
10287.625
 10
15375.0
 20
10120.125
  0
TEXT
  5
532
330
17
100
AcDbEntity
  8
TEXT
 62
7
100
AcDbText
 10
15415.0
 20
10170.125
 30
0.0
 40
67.5
  1
IP20
  7
GOST
 11
15415.0
 21
10170.125
 31
0.0
100
AcDbText
  0
LWPOLYLINE
  5
533
330
17
100
AcDbEntity
  8
TEXT
 62
7
370
15
100
AcDbPolyline
 90
2
 70
0
 10
15825.0
 20
10287.625
 10
15825.0
 20
10120.125
  0
TEXT
  5
534
330
17
100
AcDbEntity
  8
TEXT
 62
7
100
AcDbText
 10
15865.0
 20
10170.125
 30
0.0
 40
67.5
  1
2700
  7
GOST
 11
15865.0
 21
10170.125
 31
0.0
100
AcDbText
  0
LWPOLYLINE
  5
535
330
17
100
AcDbEntity
  8
TEXT
 62
7
370
15
100
AcDbPolyline
 90
2
 70
0
 10
16275.0
 20
10287.625
 10
16275.0
 20
10120.125
  0
TEXT
  5
536
330
17
100
AcDbEntity
  8
TEXT
 62
7
100
AcDbText
 10
16315.0
 20
10170.125
 30
0.0
 40
67.5
  1
1690 от W2; 2595 от NW1
  7
GOST
 11
16315.0
 21
10170.125
 31
0.0
100
AcDbText
  0
LWPOLYLINE
  5
537
330
17
100
AcDbEntity
  8
TEXT
 62
7
370
15
100
AcDbPolyline
 90
2
 70
0
 10
17975.0
 20
10287.625
 10
17975.0
 20
10120.125
  0
TEXT
  5
538
330
17
100
AcDbEntity
  8
TEXT
 62
7
100
AcDbText
 10
18015.0
 20
10170.125
 30
0.0
 40
67.5
  1
потолочная люстра (центр комнаты), диммируемая
  7
GOST
 11
18015.0
 21
10170.125
 31
0.0
100
AcDbText
  0
LWPOLYLINE
  5
539
330
17
100
AcDbEntity
  8
TEXT
 62
7
370
15
100
AcDbPolyline
 90
2
 70
0
 10
20975.0
 20
10287.625
 10
20975.0
 20
10120.125
  0
LWPOLYLINE
  5
53A
330
17
100
AcDbEntity
  8
TEXT
 62
7
370
15
100
AcDbPolyline
 90
4
 70
1
 10
12975.0
 20
9854.75
 10
20975.0
 20
9854.75
 10
20975.0
 20
10120.125
 10
12975.0
 20
10120.125
  0
LWPOLYLINE
  5
53B
330
17
100
AcDbEntity
  8
TEXT
 62
7
370
15
100
AcDbPolyline
 90
2
 70
0
 10
12975.0
 20
10120.125
 10
12975.0
 20
9854.75
  0
TEXT
  5
53C
330
17
100
AcDbEntity
  8
TEXT
 62
7
100
AcDbText
 10
13015.0
 20
10002.625
 30
0.0
 40
67.5
  1
L9-1
  7
GOST
 11
13015.0
 21
10002.625
 31
0.0
100
AcDbText
  0
LWPOLYLINE
  5
53D
330
17
100
AcDbEntity
  8
TEXT
 62
7
370
15
100
AcDbPolyline
 90
2
 70
0
 10
13525.0
 20
10120.125
 10
13525.0
 20
9854.75
  0
TEXT
  5
53E
330
17
100
AcDbEntity
  8
TEXT
 62
7
100
AcDbText
 10
13565.0
 20
10002.625
 30
0.0
 40
67.5
  1
R1
  7
GOST
 11
13565.0
 21
10002.625
 31
0.0
100
AcDbText
  0
LWPOLYLINE
  5
53F
330
17
100
AcDbEntity
  8
TEXT
 62
7
370
15
100
AcDbPolyline
 90
2
 70
0
 10
13875.0
 20
10120.125
 10
13875.0
 20
9854.75
  0
TEXT
  5
540
330
17
100
AcDbEntity
  8
TEXT
 62
7
100
AcDbText
 10
13915.0
 20
10002.625
 30
0.0
 40
67.5
  1
led_strip
  7
GOST
 11
13915.0
 21
10002.625
 31
0.0
100
AcDbText
  0
LWPOLYLINE
  5
541
330
17
100
AcDbEntity
  8
TEXT
 62
7
370
15
100
AcDbPolyline
 90
2
 70
0
 10
14525.0
 20
10120.125
 10
14525.0
 20
9854.75
  0
TEXT
  5
542
330
17
100
AcDbEntity
  8
TEXT
 62
7
100
AcDbText
 10
14565.0
 20
10002.625
 30
0.0
 40
67.5
  1
30
  7
GOST
 11
14565.0
 21
10002.625
 31
0.0
100
AcDbText
  0
LWPOLYLINE
  5
543
330
17
100
AcDbEntity
  8
TEXT
 62
7
370
15
100
AcDbPolyline
 90
2
 70
0
 10
14925.0
 20
10120.125
 10
14925.0
 20
9854.75
  0
TEXT
  5
544
330
17
100
AcDbEntity
  8
TEXT
 62
7
100
AcDbText
 10
14965.0
 20
10002.625
 30
0.0
 40
67.5
  1
2650
  7
GOST
 11
14965.0
 21
10002.625
 31
0.0
100
AcDbText
  0
LWPOLYLINE
  5
545
330
17
100
AcDbEntity
  8
TEXT
 62
7
370
15
100
AcDbPolyline
 90
2
 70
0
 10
15375.0
 20
10120.125
 10
15375.0
 20
9854.75
  0
TEXT
  5
546
330
17
100
AcDbEntity
  8
TEXT
 62
7
100
AcDbText
 10
15415.0
 20
10002.625
 30
0.0
 40
67.5
  1
IP20
  7
GOST
 11
15415.0
 21
10002.625
 31
0.0
100
AcDbText
  0
LWPOLYLINE
  5
547
330
17
100
AcDbEntity
  8
TEXT
 62
7
370
15
100
AcDbPolyline
 90
2
 70
0
 10
15825.0
 20
10120.125
 10
15825.0
 20
9854.75
  0
TEXT
  5
548
330
17
100
AcDbEntity
  8
TEXT
 62
7
100
AcDbText
 10
15865.0
 20
10002.625
 30
0.0
 40
67.5
  1
2700
  7
GOST
 11
15865.0
 21
10002.625
 31
0.0
100
AcDbText
  0
LWPOLYLINE
  5
549
330
17
100
AcDbEntity
  8
TEXT
 62
7
370
15
100
AcDbPolyline
 90
2
 70
0
 10
16275.0
 20
10120.125
 10
16275.0
 20
9854.75
  0
TEXT
  5
54A
330
17
100
AcDbEntity
  8
TEXT
 62
7
100
AcDbText
 10
16315.0
 20
10002.625
 30
0.0
 40
67.5
  1
40,5166 → 40,8066
  7
GOST
 11
16315.0
 21
10002.625
 31
0.0
100
AcDbText
  0
LWPOLYLINE
  5
54B
330
17
100
AcDbEntity
  8
TEXT
 62
7
370
15
100
AcDbPolyline
 90
2
 70
0
 10
17975.0
 20
10120.125
 10
17975.0
 20
9854.75
  0
TEXT
  5
54C
330
17
100
AcDbEntity
  8
TEXT
 62
7
100
AcDbText
 10
18015.0
 20
10002.625
 30
0.0
 40
67.5
  1
LED 2700K в теневом пазу карниза буазери F41; БП 24 В в
  7
GOST
 11
18015.0
 21
10002.625
 31
0.0
100
AcDbText
  0
TEXT
  5
54D
330
17
100
AcDbEntity
  8
TEXT
 62
7
100
AcDbText
 10
18015.0
 20
9904.75
 30
0.0
 40
67.5
  1
съёмном ящике у карниза (вывод P-R10)
  7
GOST
 11
18015.0
 21
9904.75
 31
0.0
100
AcDbText
  0
LWPOLYLINE
  5
54E
330
17
100
AcDbEntity
  8
TEXT
 62
7
370
15
100
AcDbPolyline
 90
2
 70
0
 10
20975.0
 20
10120.125
 10
20975.0
 20
9854.75
  0
LWPOLYLINE
  5
54F
330
17
100
AcDbEntity
  8
TEXT
 62
7
370
15
100
AcDbPolyline
 90
4
 70
1
 10
12975.0
 20
9589.375
 10
20975.0
 20
9589.375
 10
20975.0
 20
9854.75
 10
12975.0
 20
9854.75
  0
LWPOLYLINE
  5
550
330
17
100
AcDbEntity
  8
TEXT
 62
7
370
15
100
AcDbPolyline
 90
2
 70
0
 10
12975.0
 20
9854.75
 10
12975.0
 20
9589.375
  0
TEXT
  5
551
330
17
100
AcDbEntity
  8
TEXT
 62
7
100
AcDbText
 10
13015.0
 20
9737.25
 30
0.0
 40
67.5
  1
L10-1
  7
GOST
 11
13015.0
 21
9737.25
 31
0.0
100
AcDbText
  0
LWPOLYLINE
  5
552
330
17
100
AcDbEntity
  8
TEXT
 62
7
370
15
100
AcDbPolyline
 90
2
 70
0
 10
13525.0
 20
9854.75
 10
13525.0
 20
9589.375
  0
TEXT
  5
553
330
17
100
AcDbEntity
  8
TEXT
 62
7
100
AcDbText
 10
13565.0
 20
9737.25
 30
0.0
 40
67.5
  1
R1
  7
GOST
 11
13565.0
 21
9737.25
 31
0.0
100
AcDbText
  0
LWPOLYLINE
  5
554
330
17
100
AcDbEntity
  8
TEXT
 62
7
370
15
100
AcDbPolyline
 90
2
 70
0
 10
13875.0
 20
9854.75
 10
13875.0
 20
9589.375
  0
TEXT
  5
555
330
17
100
AcDbEntity
  8
TEXT
 62
7
100
AcDbText
 10
13915.0
 20
9737.25
 30
0.0
 40
67.5
  1
led_strip
  7
GOST
 11
13915.0
 21
9737.25
 31
0.0
100
AcDbText
  0
LWPOLYLINE
  5
556
330
17
100
AcDbEntity
  8
TEXT
 62
7
370
15
100
AcDbPolyline
 90
2
 70
0
 10
14525.0
 20
9854.75
 10
14525.0
 20
9589.375
  0
TEXT
  5
557
330
17
100
AcDbEntity
  8
TEXT
 62
7
100
AcDbText
 10
14565.0
 20
9737.25
 30
0.0
 40
67.5
  1
55
  7
GOST
 11
14565.0
 21
9737.25
 31
0.0
100
AcDbText
  0
LWPOLYLINE
  5
558
330
17
100
AcDbEntity
  8
TEXT
 62
7
370
15
100
AcDbPolyline
 90
2
 70
0
 10
14925.0
 20
9854.75
 10
14925.0
 20
9589.375
  0
TEXT
  5
559
330
17
100
AcDbEntity
  8
TEXT
 62
7
100
AcDbText
 10
14965.0
 20
9737.25
 30
0.0
 40
67.5
  1
2650
  7
GOST
 11
14965.0
 21
9737.25
 31
0.0
100
AcDbText
  0
LWPOLYLINE
  5
55A
330
17
100
AcDbEntity
  8
TEXT
 62
7
370
15
100
AcDbPolyline
 90
2
 70
0
 10
15375.0
 20
9854.75
 10
15375.0
 20
9589.375
  0
TEXT
  5
55B
330
17
100
AcDbEntity
  8
TEXT
 62
7
100
AcDbText
 10
15415.0
 20
9737.25
 30
0.0
 40
67.5
  1
IP20
  7
GOST
 11
15415.0
 21
9737.25
 31
0.0
100
AcDbText
  0
LWPOLYLINE
  5
55C
330
17
100
AcDbEntity
  8
TEXT
 62
7
370
15
100
AcDbPolyline
 90
2
 70
0
 10
15825.0
 20
9854.75
 10
15825.0
 20
9589.375
  0
TEXT
  5
55D
330
17
100
AcDbEntity
  8
TEXT
 62
7
100
AcDbText
 10
15865.0
 20
9737.25
 30
0.0
 40
67.5
  1
2700
  7
GOST
 11
15865.0
 21
9737.25
 31
0.0
100
AcDbText
  0
LWPOLYLINE
  5
55E
330
17
100
AcDbEntity
  8
TEXT
 62
7
370
15
100
AcDbPolyline
 90
2
 70
0
 10
16275.0
 20
9854.75
 10
16275.0
 20
9589.375
  0
TEXT
  5
55F
330
17
100
AcDbEntity
  8
TEXT
 62
7
100
AcDbText
 10
16315.0
 20
9737.25
 30
0.0
 40
67.5
  1
0,8711 → 3380,8711
  7
GOST
 11
16315.0
 21
9737.25
 31
0.0
100
AcDbText
  0
LWPOLYLINE
  5
560
330
17
100
AcDbEntity
  8
TEXT
 62
7
370
15
100
AcDbPolyline
 90
2
 70
0
 10
17975.0
 20
9854.75
 10
17975.0
 20
9589.375
  0
TEXT
  5
561
330
17
100
AcDbEntity
  8
TEXT
 62
7
100
AcDbText
 10
18015.0
 20
9737.25
 30
0.0
 40
67.5
  1
LED 2700K в карнизе по кромке ниши шторы CN-1 (y 8711,
  7
GOST
 11
18015.0
 21
9737.25
 31
0.0
100
AcDbText
  0
TEXT
  5
562
330
17
100
AcDbEntity
  8
TEXT
 62
7
100
AcDbText
 10
18015.0
 20
9639.375
 30
0.0
 40
67.5
  1
clashes F-06) и по W7, БП у W7 (вывод P-R11)
  7
GOST
 11
18015.0
 21
9639.375
 31
0.0
100
AcDbText
  0
LWPOLYLINE
  5
563
330
17
100
AcDbEntity
  8
TEXT
 62
7
370
15
100
AcDbPolyline
 90
2
 70
0
 10
20975.0
 20
9854.75
 10
20975.0
 20
9589.375
  0
LWPOLYLINE
  5
564
330
17
100
AcDbEntity
  8
TEXT
 62
7
370
15
100
AcDbPolyline
 90
4
 70
1
 10
12975.0
 20
9421.875
 10
20975.0
 20
9421.875
 10
20975.0
 20
9589.375
 10
12975.0
 20
9589.375
  0
LWPOLYLINE
  5
565
330
17
100
AcDbEntity
  8
TEXT
 62
7
370
15
100
AcDbPolyline
 90
2
 70
0
 10
12975.0
 20
9589.375
 10
12975.0
 20
9421.875
  0
TEXT
  5
566
330
17
100
AcDbEntity
  8
TEXT
 62
7
100
AcDbText
 10
13015.0
 20
9471.875
 30
0.0
 40
67.5
  1
L11-1
  7
GOST
 11
13015.0
 21
9471.875
 31
0.0
100
AcDbText
  0
LWPOLYLINE
  5
567
330
17
100
AcDbEntity
  8
TEXT
 62
7
370
15
100
AcDbPolyline
 90
2
 70
0
 10
13525.0
 20
9589.375
 10
13525.0
 20
9421.875
  0
TEXT
  5
568
330
17
100
AcDbEntity
  8
TEXT
 62
7
100
AcDbText
 10
13565.0
 20
9471.875
 30
0.0
 40
67.5
  1
R1
  7
GOST
 11
13565.0
 21
9471.875
 31
0.0
100
AcDbText
  0
LWPOLYLINE
  5
569
330
17
100
AcDbEntity
  8
TEXT
 62
7
370
15
100
AcDbPolyline
 90
2
 70
0
 10
13875.0
 20
9589.375
 10
13875.0
 20
9421.875
  0
TEXT
  5
56A
330
17
100
AcDbEntity
  8
TEXT
 62
7
100
AcDbText
 10
13915.0
 20
9471.875
 30
0.0
 40
67.5
  1
wall
  7
GOST
 11
13915.0
 21
9471.875
 31
0.0
100
AcDbText
  0
LWPOLYLINE
  5
56B
330
17
100
AcDbEntity
  8
TEXT
 62
7
370
15
100
AcDbPolyline
 90
2
 70
0
 10
14525.0
 20
9589.375
 10
14525.0
 20
9421.875
  0
TEXT
  5
56C
330
17
100
AcDbEntity
  8
TEXT
 62
7
100
AcDbText
 10
14565.0
 20
9471.875
 30
0.0
 40
67.5
  1
5
  7
GOST
 11
14565.0
 21
9471.875
 31
0.0
100
AcDbText
  0
LWPOLYLINE
  5
56D
330
17
100
AcDbEntity
  8
TEXT
 62
7
370
15
100
AcDbPolyline
 90
2
 70
0
 10
14925.0
 20
9589.375
 10
14925.0
 20
9421.875
  0
TEXT
  5
56E
330
17
100
AcDbEntity
  8
TEXT
 62
7
100
AcDbText
 10
14965.0
 20
9471.875
 30
0.0
 40
67.5
  1
1150
  7
GOST
 11
14965.0
 21
9471.875
 31
0.0
100
AcDbText
  0
LWPOLYLINE
  5
56F
330
17
100
AcDbEntity
  8
TEXT
 62
7
370
15
100
AcDbPolyline
 90
2
 70
0
 10
15375.0
 20
9589.375
 10
15375.0
 20
9421.875
  0
TEXT
  5
570
330
17
100
AcDbEntity
  8
TEXT
 62
7
100
AcDbText
 10
15415.0
 20
9471.875
 30
0.0
 40
67.5
  1
IP20
  7
GOST
 11
15415.0
 21
9471.875
 31
0.0
100
AcDbText
  0
LWPOLYLINE
  5
571
330
17
100
AcDbEntity
  8
TEXT
 62
7
370
15
100
AcDbPolyline
 90
2
 70
0
 10
15825.0
 20
9589.375
 10
15825.0
 20
9421.875
  0
TEXT
  5
572
330
17
100
AcDbEntity
  8
TEXT
 62
7
100
AcDbText
 10
15865.0
 20
9471.875
 30
0.0
 40
67.5
  1
2700
  7
GOST
 11
15865.0
 21
9471.875
 31
0.0
100
AcDbText
  0
LWPOLYLINE
  5
573
330
17
100
AcDbEntity
  8
TEXT
 62
7
370
15
100
AcDbPolyline
 90
2
 70
0
 10
16275.0
 20
9589.375
 10
16275.0
 20
9421.875
  0
TEXT
  5
574
330
17
100
AcDbEntity
  8
TEXT
 62
7
100
AcDbText
 10
16315.0
 20
9471.875
 30
0.0
 40
67.5
  1
40 от W2; 1696 от W8
  7
GOST
 11
16315.0
 21
9471.875
 31
0.0
100
AcDbText
  0
LWPOLYLINE
  5
575
330
17
100
AcDbEntity
  8
TEXT
 62
7
370
15
100
AcDbPolyline
 90
2
 70
0
 10
17975.0
 20
9589.375
 10
17975.0
 20
9421.875
  0
TEXT
  5
576
330
17
100
AcDbEntity
  8
TEXT
 62
7
100
AcDbText
 10
18015.0
 20
9471.875
 30
0.0
 40
67.5
  1
бра у изголовья (сторона входа), латунь + абажур
  7
GOST
 11
18015.0
 21
9471.875
 31
0.0
100
AcDbText
  0
LWPOLYLINE
  5
577
330
17
100
AcDbEntity
  8
TEXT
 62
7
370
15
100
AcDbPolyline
 90
2
 70
0
 10
20975.0
 20
9589.375
 10
20975.0
 20
9421.875
  0
LWPOLYLINE
  5
578
330
17
100
AcDbEntity
  8
TEXT
 62
7
370
15
100
AcDbPolyline
 90
4
 70
1
 10
12975.0
 20
9254.375
 10
20975.0
 20
9254.375
 10
20975.0
 20
9421.875
 10
12975.0
 20
9421.875
  0
LWPOLYLINE
  5
579
330
17
100
AcDbEntity
  8
TEXT
 62
7
370
15
100
AcDbPolyline
 90
2
 70
0
 10
12975.0
 20
9421.875
 10
12975.0
 20
9254.375
  0
TEXT
  5
57A
330
17
100
AcDbEntity
  8
TEXT
 62
7
100
AcDbText
 10
13015.0
 20
9304.375
 30
0.0
 40
67.5
  1
L11-2
  7
GOST
 11
13015.0
 21
9304.375
 31
0.0
100
AcDbText
  0
LWPOLYLINE
  5
57B
330
17
100
AcDbEntity
  8
TEXT
 62
7
370
15
100
AcDbPolyline
 90
2
 70
0
 10
13525.0
 20
9421.875
 10
13525.0
 20
9254.375
  0
TEXT
  5
57C
330
17
100
AcDbEntity
  8
TEXT
 62
7
100
AcDbText
 10
13565.0
 20
9304.375
 30
0.0
 40
67.5
  1
R1
  7
GOST
 11
13565.0
 21
9304.375
 31
0.0
100
AcDbText
  0
LWPOLYLINE
  5
57D
330
17
100
AcDbEntity
  8
TEXT
 62
7
370
15
100
AcDbPolyline
 90
2
 70
0
 10
13875.0
 20
9421.875
 10
13875.0
 20
9254.375
  0
TEXT
  5
57E
330
17
100
AcDbEntity
  8
TEXT
 62
7
100
AcDbText
 10
13915.0
 20
9304.375
 30
0.0
 40
67.5
  1
wall
  7
GOST
 11
13915.0
 21
9304.375
 31
0.0
100
AcDbText
  0
LWPOLYLINE
  5
57F
330
17
100
AcDbEntity
  8
TEXT
 62
7
370
15
100
AcDbPolyline
 90
2
 70
0
 10
14525.0
 20
9421.875
 10
14525.0
 20
9254.375
  0
TEXT
  5
580
330
17
100
AcDbEntity
  8
TEXT
 62
7
100
AcDbText
 10
14565.0
 20
9304.375
 30
0.0
 40
67.5
  1
5
  7
GOST
 11
14565.0
 21
9304.375
 31
0.0
100
AcDbText
  0
LWPOLYLINE
  5
581
330
17
100
AcDbEntity
  8
TEXT
 62
7
370
15
100
AcDbPolyline
 90
2
 70
0
 10
14925.0
 20
9421.875
 10
14925.0
 20
9254.375
  0
TEXT
  5
582
330
17
100
AcDbEntity
  8
TEXT
 62
7
100
AcDbText
 10
14965.0
 20
9304.375
 30
0.0
 40
67.5
  1
1150
  7
GOST
 11
14965.0
 21
9304.375
 31
0.0
100
AcDbText
  0
LWPOLYLINE
  5
583
330
17
100
AcDbEntity
  8
TEXT
 62
7
370
15
100
AcDbPolyline
 90
2
 70
0
 10
15375.0
 20
9421.875
 10
15375.0
 20
9254.375
  0
TEXT
  5
584
330
17
100
AcDbEntity
  8
TEXT
 62
7
100
AcDbText
 10
15415.0
 20
9304.375
 30
0.0
 40
67.5
  1
IP20
  7
GOST
 11
15415.0
 21
9304.375
 31
0.0
100
AcDbText
  0
LWPOLYLINE
  5
585
330
17
100
AcDbEntity
  8
TEXT
 62
7
370
15
100
AcDbPolyline
 90
2
 70
0
 10
15825.0
 20
9421.875
 10
15825.0
 20
9254.375
  0
TEXT
  5
586
330
17
100
AcDbEntity
  8
TEXT
 62
7
100
AcDbText
 10
15865.0
 20
9304.375
 30
0.0
 40
67.5
  1
2700
  7
GOST
 11
15865.0
 21
9304.375
 31
0.0
100
AcDbText
  0
LWPOLYLINE
  5
587
330
17
100
AcDbEntity
  8
TEXT
 62
7
370
15
100
AcDbPolyline
 90
2
 70
0
 10
16275.0
 20
9421.875
 10
16275.0
 20
9254.375
  0
TEXT
  5
588
330
17
100
AcDbEntity
  8
TEXT
 62
7
100
AcDbText
 10
16315.0
 20
9304.375
 30
0.0
 40
67.5
  1
40 от W2; 1095 от W1
  7
GOST
 11
16315.0
 21
9304.375
 31
0.0
100
AcDbText
  0
LWPOLYLINE
  5
589
330
17
100
AcDbEntity
  8
TEXT
 62
7
370
15
100
AcDbPolyline
 90
2
 70
0
 10
17975.0
 20
9421.875
 10
17975.0
 20
9254.375
  0
TEXT
  5
58A
330
17
100
AcDbEntity
  8
TEXT
 62
7
100
AcDbText
 10
18015.0
 20
9304.375
 30
0.0
 40
67.5
  1
бра у изголовья (сторона окна)
  7
GOST
 11
18015.0
 21
9304.375
 31
0.0
100
AcDbText
  0
LWPOLYLINE
  5
58B
330
17
100
AcDbEntity
  8
TEXT
 62
7
370
15
100
AcDbPolyline
 90
2
 70
0
 10
20975.0
 20
9421.875
 10
20975.0
 20
9254.375
  0
LWPOLYLINE
  5
58C
330
17
100
AcDbEntity
  8
TEXT
 62
7
370
15
100
AcDbPolyline
 90
4
 70
1
 10
12975.0
 20
8989.0
 10
20975.0
 20
8989.0
 10
20975.0
 20
9254.375
 10
12975.0
 20
9254.375
  0
LWPOLYLINE
  5
58D
330
17
100
AcDbEntity
  8
TEXT
 62
7
370
15
100
AcDbPolyline
 90
2
 70
0
 10
12975.0
 20
9254.375
 10
12975.0
 20
8989.0
  0
TEXT
  5
58E
330
17
100
AcDbEntity
  8
TEXT
 62
7
100
AcDbText
 10
13015.0
 20
9136.875
 30
0.0
 40
67.5
  1
L12-1
  7
GOST
 11
13015.0
 21
9136.875
 31
0.0
100
AcDbText
  0
LWPOLYLINE
  5
58F
330
17
100
AcDbEntity
  8
TEXT
 62
7
370
15
100
AcDbPolyline
 90
2
 70
0
 10
13525.0
 20
9254.375
 10
13525.0
 20
8989.0
  0
TEXT
  5
590
330
17
100
AcDbEntity
  8
TEXT
 62
7
100
AcDbText
 10
13565.0
 20
9136.875
 30
0.0
 40
67.5
  1
R1
  7
GOST
 11
13565.0
 21
9136.875
 31
0.0
100
AcDbText
  0
LWPOLYLINE
  5
591
330
17
100
AcDbEntity
  8
TEXT
 62
7
370
15
100
AcDbPolyline
 90
2
 70
0
 10
13875.0
 20
9254.375
 10
13875.0
 20
8989.0
  0
TEXT
  5
592
330
17
100
AcDbEntity
  8
TEXT
 62
7
100
AcDbText
 10
13915.0
 20
9136.875
 30
0.0
 40
67.5
  1
led_strip
  7
GOST
 11
13915.0
 21
9136.875
 31
0.0
100
AcDbText
  0
LWPOLYLINE
  5
593
330
17
100
AcDbEntity
  8
TEXT
 62
7
370
15
100
AcDbPolyline
 90
2
 70
0
 10
14525.0
 20
9254.375
 10
14525.0
 20
8989.0
  0
TEXT
  5
594
330
17
100
AcDbEntity
  8
TEXT
 62
7
100
AcDbText
 10
14565.0
 20
9136.875
 30
0.0
 40
67.5
  1
10
  7
GOST
 11
14565.0
 21
9136.875
 31
0.0
100
AcDbText
  0
LWPOLYLINE
  5
595
330
17
100
AcDbEntity
  8
TEXT
 62
7
370
15
100
AcDbPolyline
 90
2
 70
0
 10
14925.0
 20
9254.375
 10
14925.0
 20
8989.0
  0
TEXT
  5
596
330
17
100
AcDbEntity
  8
TEXT
 62
7
100
AcDbText
 10
14965.0
 20
9136.875
 30
0.0
 40
67.5
  1
250
  7
GOST
 11
14965.0
 21
9136.875
 31
0.0
100
AcDbText
  0
LWPOLYLINE
  5
597
330
17
100
AcDbEntity
  8
TEXT
 62
7
370
15
100
AcDbPolyline
 90
2
 70
0
 10
15375.0
 20
9254.375
 10
15375.0
 20
8989.0
  0
TEXT
  5
598
330
17
100
AcDbEntity
  8
TEXT
 62
7
100
AcDbText
 10
15415.0
 20
9136.875
 30
0.0
 40
67.5
  1
IP20
  7
GOST
 11
15415.0
 21
9136.875
 31
0.0
100
AcDbText
  0
LWPOLYLINE
  5
599
330
17
100
AcDbEntity
  8
TEXT
 62
7
370
15
100
AcDbPolyline
 90
2
 70
0
 10
15825.0
 20
9254.375
 10
15825.0
 20
8989.0
  0
TEXT
  5
59A
330
17
100
AcDbEntity
  8
TEXT
 62
7
100
AcDbText
 10
15865.0
 20
9136.875
 30
0.0
 40
67.5
  1
2700
  7
GOST
 11
15865.0
 21
9136.875
 31
0.0
100
AcDbText
  0
LWPOLYLINE
  5
59B
330
17
100
AcDbEntity
  8
TEXT
 62
7
370
15
100
AcDbPolyline
 90
2
 70
0
 10
16275.0
 20
9254.375
 10
16275.0
 20
8989.0
  0
TEXT
  5
59C
330
17
100
AcDbEntity
  8
TEXT
 62
7
100
AcDbText
 10
16315.0
 20
9136.875
 30
0.0
 40
67.5
  1
3080,5816 → 3080,7416
  7
GOST
 11
16315.0
 21
9136.875
 31
0.0
100
AcDbText
  0
LWPOLYLINE
  5
59D
330
17
100
AcDbEntity
  8
TEXT
 62
7
370
15
100
AcDbPolyline
 90
2
 70
0
 10
17975.0
 20
9254.375
 10
17975.0
 20
8989.0
  0
TEXT
  5
59E
330
17
100
AcDbEntity
  8
TEXT
 62
7
100
AcDbText
 10
18015.0
 20
9136.875
 30
0.0
 40
67.5
  1
подсветка снизу ТВ-консоли F47 2700K (ночной свет 5 %
  7
GOST
 11
18015.0
 21
9136.875
 31
0.0
100
AcDbText
  0
TEXT
  5
59F
330
17
100
AcDbEntity
  8
TEXT
 62
7
100
AcDbText
 10
18015.0
 20
9039.0
 30
0.0
 40
67.5
  1
по датчику движения); БП в консоли (вывод P-R12)
  7
GOST
 11
18015.0
 21
9039.0
 31
0.0
100
AcDbText
  0
LWPOLYLINE
  5
5A0
330
17
100
AcDbEntity
  8
TEXT
 62
7
370
15
100
AcDbPolyline
 90
2
 70
0
 10
20975.0
 20
9254.375
 10
20975.0
 20
8989.0
  0
LWPOLYLINE
  5
5A1
330
17
100
AcDbEntity
  8
TEXT
 62
7
370
15
100
AcDbPolyline
 90
4
 70
1
 10
12975.0
 20
8723.625
 10
20975.0
 20
8723.625
 10
20975.0
 20
8989.0
 10
12975.0
 20
8989.0
  0
LWPOLYLINE
  5
5A2
330
17
100
AcDbEntity
  8
TEXT
 62
7
370
15
100
AcDbPolyline
 90
2
 70
0
 10
12975.0
 20
8989.0
 10
12975.0
 20
8723.625
  0
TEXT
  5
5A3
330
17
100
AcDbEntity
  8
TEXT
 62
7
100
AcDbText
 10
13015.0
 20
8871.5
 30
0.0
 40
67.5
  1
L13-1
  7
GOST
 11
13015.0
 21
8871.5
 31
0.0
100
AcDbText
  0
LWPOLYLINE
  5
5A4
330
17
100
AcDbEntity
  8
TEXT
 62
7
370
15
100
AcDbPolyline
 90
2
 70
0
 10
13525.0
 20
8989.0
 10
13525.0
 20
8723.625
  0
TEXT
  5
5A5
330
17
100
AcDbEntity
  8
TEXT
 62
7
100
AcDbText
 10
13565.0
 20
8871.5
 30
0.0
 40
67.5
  1
R1
  7
GOST
 11
13565.0
 21
8871.5
 31
0.0
100
AcDbText
  0
LWPOLYLINE
  5
5A6
330
17
100
AcDbEntity
  8
TEXT
 62
7
370
15
100
AcDbPolyline
 90
2
 70
0
 10
13875.0
 20
8989.0
 10
13875.0
 20
8723.625
  0
TEXT
  5
5A7
330
17
100
AcDbEntity
  8
TEXT
 62
7
100
AcDbText
 10
13915.0
 20
8871.5
 30
0.0
 40
67.5
  1
led_strip
  7
GOST
 11
13915.0
 21
8871.5
 31
0.0
100
AcDbText
  0
LWPOLYLINE
  5
5A8
330
17
100
AcDbEntity
  8
TEXT
 62
7
370
15
100
AcDbPolyline
 90
2
 70
0
 10
14525.0
 20
8989.0
 10
14525.0
 20
8723.625
  0
TEXT
  5
5A9
330
17
100
AcDbEntity
  8
TEXT
 62
7
100
AcDbText
 10
14565.0
 20
8871.5
 30
0.0
 40
67.5
  1
20
  7
GOST
 11
14565.0
 21
8871.5
 31
0.0
100
AcDbText
  0
LWPOLYLINE
  5
5AA
330
17
100
AcDbEntity
  8
TEXT
 62
7
370
15
100
AcDbPolyline
 90
2
 70
0
 10
14925.0
 20
8989.0
 10
14925.0
 20
8723.625
  0
TEXT
  5
5AB
330
17
100
AcDbEntity
  8
TEXT
 62
7
100
AcDbText
 10
14965.0
 20
8871.5
 30
0.0
 40
67.5
  1
2500
  7
GOST
 11
14965.0
 21
8871.5
 31
0.0
100
AcDbText
  0
LWPOLYLINE
  5
5AC
330
17
100
AcDbEntity
  8
TEXT
 62
7
370
15
100
AcDbPolyline
 90
2
 70
0
 10
15375.0
 20
8989.0
 10
15375.0
 20
8723.625
  0
TEXT
  5
5AD
330
17
100
AcDbEntity
  8
TEXT
 62
7
100
AcDbText
 10
15415.0
 20
8871.5
 30
0.0
 40
67.5
  1
IP20
  7
GOST
 11
15415.0
 21
8871.5
 31
0.0
100
AcDbText
  0
LWPOLYLINE
  5
5AE
330
17
100
AcDbEntity
  8
TEXT
 62
7
370
15
100
AcDbPolyline
 90
2
 70
0
 10
15825.0
 20
8989.0
 10
15825.0
 20
8723.625
  0
TEXT
  5
5AF
330
17
100
AcDbEntity
  8
TEXT
 62
7
100
AcDbText
 10
15865.0
 20
8871.5
 30
0.0
 40
67.5
  1
2700
  7
GOST
 11
15865.0
 21
8871.5
 31
0.0
100
AcDbText
  0
LWPOLYLINE
  5
5B0
330
17
100
AcDbEntity
  8
TEXT
 62
7
370
15
100
AcDbPolyline
 90
2
 70
0
 10
16275.0
 20
8989.0
 10
16275.0
 20
8723.625
  0
TEXT
  5
5B1
330
17
100
AcDbEntity
  8
TEXT
 62
7
100
AcDbText
 10
16315.0
 20
8871.5
 30
0.0
 40
67.5
  1
600,4300 → 2480,4300
  7
GOST
 11
16315.0
 21
8871.5
 31
0.0
100
AcDbText
  0
LWPOLYLINE
  5
5B2
330
17
100
AcDbEntity
  8
TEXT
 62
7
370
15
100
AcDbPolyline
 90
2
 70
0
 10
17975.0
 20
8989.0
 10
17975.0
 20
8723.625
  0
TEXT
  5
5B3
330
17
100
AcDbEntity
  8
TEXT
 62
7
100
AcDbText
 10
18015.0
 20
8871.5
 30
0.0
 40
67.5
  1
подсветка шкафа-купе F45 по датчикам открытия; БП на
  7
GOST
 11
18015.0
 21
8871.5
 31
0.0
100
AcDbText
  0
TEXT
  5
5B4
330
17
100
AcDbEntity
  8
TEXT
 62
7
100
AcDbText
 10
18015.0
 20
8773.625
 30
0.0
 40
67.5
  1
антресоли (вывод P-R13, без выключателя)
  7
GOST
 11
18015.0
 21
8773.625
 31
0.0
100
AcDbText
  0
LWPOLYLINE
  5
5B5
330
17
100
AcDbEntity
  8
TEXT
 62
7
370
15
100
AcDbPolyline
 90
2
 70
0
 10
20975.0
 20
8989.0
 10
20975.0
 20
8723.625
  0
LWPOLYLINE
  5
5B6
330
17
100
AcDbEntity
  8
TEXT
 62
7
370
15
100
AcDbPolyline
 90
4
 70
1
 10
12975.0
 20
8458.25
 10
20975.0
 20
8458.25
 10
20975.0
 20
8723.625
 10
12975.0
 20
8723.625
  0
LWPOLYLINE
  5
5B7
330
17
100
AcDbEntity
  8
TEXT
 62
7
370
15
100
AcDbPolyline
 90
2
 70
0
 10
12975.0
 20
8723.625
 10
12975.0
 20
8458.25
  0
TEXT
  5
5B8
330
17
100
AcDbEntity
  8
TEXT
 62
7
100
AcDbText
 10
13015.0
 20
8606.125
 30
0.0
 40
67.5
  1
L14-1
  7
GOST
 11
13015.0
 21
8606.125
 31
0.0
100
AcDbText
  0
LWPOLYLINE
  5
5B9
330
17
100
AcDbEntity
  8
TEXT
 62
7
370
15
100
AcDbPolyline
 90
2
 70
0
 10
13525.0
 20
8723.625
 10
13525.0
 20
8458.25
  0
TEXT
  5
5BA
330
17
100
AcDbEntity
  8
TEXT
 62
7
100
AcDbText
 10
13565.0
 20
8606.125
 30
0.0
 40
67.5
  1
R2
  7
GOST
 11
13565.0
 21
8606.125
 31
0.0
100
AcDbText
  0
LWPOLYLINE
  5
5BB
330
17
100
AcDbEntity
  8
TEXT
 62
7
370
15
100
AcDbPolyline
 90
2
 70
0
 10
13875.0
 20
8723.625
 10
13875.0
 20
8458.25
  0
TEXT
  5
5BC
330
17
100
AcDbEntity
  8
TEXT
 62
7
100
AcDbText
 10
13915.0
 20
8606.125
 30
0.0
 40
67.5
  1
ceiling
  7
GOST
 11
13915.0
 21
8606.125
 31
0.0
100
AcDbText
  0
LWPOLYLINE
  5
5BD
330
17
100
AcDbEntity
  8
TEXT
 62
7
370
15
100
AcDbPolyline
 90
2
 70
0
 10
14525.0
 20
8723.625
 10
14525.0
 20
8458.25
  0
TEXT
  5
5BE
330
17
100
AcDbEntity
  8
TEXT
 62
7
100
AcDbText
 10
14565.0
 20
8606.125
 30
0.0
 40
67.5
  1
40
  7
GOST
 11
14565.0
 21
8606.125
 31
0.0
100
AcDbText
  0
LWPOLYLINE
  5
5BF
330
17
100
AcDbEntity
  8
TEXT
 62
7
370
15
100
AcDbPolyline
 90
2
 70
0
 10
14925.0
 20
8723.625
 10
14925.0
 20
8458.25
  0
TEXT
  5
5C0
330
17
100
AcDbEntity
  8
TEXT
 62
7
100
AcDbText
 10
14965.0
 20
8606.125
 30
0.0
 40
67.5
  1
2700
  7
GOST
 11
14965.0
 21
8606.125
 31
0.0
100
AcDbText
  0
LWPOLYLINE
  5
5C1
330
17
100
AcDbEntity
  8
TEXT
 62
7
370
15
100
AcDbPolyline
 90
2
 70
0
 10
15375.0
 20
8723.625
 10
15375.0
 20
8458.25
  0
TEXT
  5
5C2
330
17
100
AcDbEntity
  8
TEXT
 62
7
100
AcDbText
 10
15415.0
 20
8606.125
 30
0.0
 40
67.5
  1
IP20
  7
GOST
 11
15415.0
 21
8606.125
 31
0.0
100
AcDbText
  0
LWPOLYLINE
  5
5C3
330
17
100
AcDbEntity
  8
TEXT
 62
7
370
15
100
AcDbPolyline
 90
2
 70
0
 10
15825.0
 20
8723.625
 10
15825.0
 20
8458.25
  0
TEXT
  5
5C4
330
17
100
AcDbEntity
  8
TEXT
 62
7
100
AcDbText
 10
15865.0
 20
8606.125
 30
0.0
 40
67.5
  1
2700
  7
GOST
 11
15865.0
 21
8606.125
 31
0.0
100
AcDbText
  0
LWPOLYLINE
  5
5C5
330
17
100
AcDbEntity
  8
TEXT
 62
7
370
15
100
AcDbPolyline
 90
2
 70
0
 10
16275.0
 20
8723.625
 10
16275.0
 20
8458.25
  0
TEXT
  5
5C6
330
17
100
AcDbEntity
  8
TEXT
 62
7
100
AcDbText
 10
16315.0
 20
8606.125
 30
0.0
 40
67.5
  1
2075 от W7; 1430 от W1
  7
GOST
 11
16315.0
 21
8606.125
 31
0.0
100
AcDbText
  0
LWPOLYLINE
  5
5C7
330
17
100
AcDbEntity
  8
TEXT
 62
7
370
15
100
AcDbPolyline
 90
2
 70
0
 10
17975.0
 20
8723.625
 10
17975.0
 20
8458.25
  0
TEXT
  5
5C8
330
17
100
AcDbEntity
  8
TEXT
 62
7
100
AcDbText
 10
18015.0
 20
8606.125
 30
0.0
 40
67.5
  1
потолочный рассеянный светильник, Zigbee-диммер в
  7
GOST
 11
18015.0
 21
8606.125
 31
0.0
100
AcDbText
  0
TEXT
  5
5C9
330
17
100
AcDbEntity
  8
TEXT
 62
7
100
AcDbText
 10
18015.0
 20
8508.25
 30
0.0
 40
67.5
  1
коробке выключателя (пульт у кровати)
  7
GOST
 11
18015.0
 21
8508.25
 31
0.0
100
AcDbText
  0
LWPOLYLINE
  5
5CA
330
17
100
AcDbEntity
  8
TEXT
 62
7
370
15
100
AcDbPolyline
 90
2
 70
0
 10
20975.0
 20
8723.625
 10
20975.0
 20
8458.25
  0
LWPOLYLINE
  5
5CB
330
17
100
AcDbEntity
  8
TEXT
 62
7
370
15
100
AcDbPolyline
 90
4
 70
1
 10
12975.0
 20
8290.75
 10
20975.0
 20
8290.75
 10
20975.0
 20
8458.25
 10
12975.0
 20
8458.25
  0
LWPOLYLINE
  5
5CC
330
17
100
AcDbEntity
  8
TEXT
 62
7
370
15
100
AcDbPolyline
 90
2
 70
0
 10
12975.0
 20
8458.25
 10
12975.0
 20
8290.75
  0
TEXT
  5
5CD
330
17
100
AcDbEntity
  8
TEXT
 62
7
100
AcDbText
 10
13015.0
 20
8340.75
 30
0.0
 40
67.5
  1
L15-1
  7
GOST
 11
13015.0
 21
8340.75
 31
0.0
100
AcDbText
  0
LWPOLYLINE
  5
5CE
330
17
100
AcDbEntity
  8
TEXT
 62
7
370
15
100
AcDbPolyline
 90
2
 70
0
 10
13525.0
 20
8458.25
 10
13525.0
 20
8290.75
  0
TEXT
  5
5CF
330
17
100
AcDbEntity
  8
TEXT
 62
7
100
AcDbText
 10
13565.0
 20
8340.75
 30
0.0
 40
67.5
  1
R4
  7
GOST
 11
13565.0
 21
8340.75
 31
0.0
100
AcDbText
  0
LWPOLYLINE
  5
5D0
330
17
100
AcDbEntity
  8
TEXT
 62
7
370
15
100
AcDbPolyline
 90
2
 70
0
 10
13875.0
 20
8458.25
 10
13875.0
 20
8290.75
  0
TEXT
  5
5D1
330
17
100
AcDbEntity
  8
TEXT
 62
7
100
AcDbText
 10
13915.0
 20
8340.75
 30
0.0
 40
67.5
  1
spot
  7
GOST
 11
13915.0
 21
8340.75
 31
0.0
100
AcDbText
  0
LWPOLYLINE
  5
5D2
330
17
100
AcDbEntity
  8
TEXT
 62
7
370
15
100
AcDbPolyline
 90
2
 70
0
 10
14525.0
 20
8458.25
 10
14525.0
 20
8290.75
  0
TEXT
  5
5D3
330
17
100
AcDbEntity
  8
TEXT
 62
7
100
AcDbText
 10
14565.0
 20
8340.75
 30
0.0
 40
67.5
  1
6
  7
GOST
 11
14565.0
 21
8340.75
 31
0.0
100
AcDbText
  0
LWPOLYLINE
  5
5D4
330
17
100
AcDbEntity
  8
TEXT
 62
7
370
15
100
AcDbPolyline
 90
2
 70
0
 10
14925.0
 20
8458.25
 10
14925.0
 20
8290.75
  0
TEXT
  5
5D5
330
17
100
AcDbEntity
  8
TEXT
 62
7
100
AcDbText
 10
14965.0
 20
8340.75
 30
0.0
 40
67.5
  1
2650
  7
GOST
 11
14965.0
 21
8340.75
 31
0.0
100
AcDbText
  0
LWPOLYLINE
  5
5D6
330
17
100
AcDbEntity
  8
TEXT
 62
7
370
15
100
AcDbPolyline
 90
2
 70
0
 10
15375.0
 20
8458.25
 10
15375.0
 20
8290.75
  0
TEXT
  5
5D7
330
17
100
AcDbEntity
  8
TEXT
 62
7
100
AcDbText
 10
15415.0
 20
8340.75
 30
0.0
 40
67.5
  1
IP20
  7
GOST
 11
15415.0
 21
8340.75
 31
0.0
100
AcDbText
  0
LWPOLYLINE
  5
5D8
330
17
100
AcDbEntity
  8
TEXT
 62
7
370
15
100
AcDbPolyline
 90
2
 70
0
 10
15825.0
 20
8458.25
 10
15825.0
 20
8290.75
  0
TEXT
  5
5D9
330
17
100
AcDbEntity
  8
TEXT
 62
7
100
AcDbText
 10
15865.0
 20
8340.75
 30
0.0
 40
67.5
  1
2700
  7
GOST
 11
15865.0
 21
8340.75
 31
0.0
100
AcDbText
  0
LWPOLYLINE
  5
5DA
330
17
100
AcDbEntity
  8
TEXT
 62
7
370
15
100
AcDbPolyline
 90
2
 70
0
 10
16275.0
 20
8458.25
 10
16275.0
 20
8290.75
  0
TEXT
  5
5DB
330
17
100
AcDbEntity
  8
TEXT
 62
7
100
AcDbText
 10
16315.0
 20
8340.75
 30
0.0
 40
67.5
  1
3241 от W14; 789 от W11
  7
GOST
 11
16315.0
 21
8340.75
 31
0.0
100
AcDbText
  0
LWPOLYLINE
  5
5DC
330
17
100
AcDbEntity
  8
TEXT
 62
7
370
15
100
AcDbPolyline
 90
2
 70
0
 10
17975.0
 20
8458.25
 10
17975.0
 20
8290.75
  0
TEXT
  5
5DD
330
17
100
AcDbEntity
  8
TEXT
 62
7
100
AcDbText
 10
18015.0
 20
8340.75
 30
0.0
 40
67.5
  1
спот прихожей (потолок +2650, D19)
  7
GOST
 11
18015.0
 21
8340.75
 31
0.0
100
AcDbText
  0
LWPOLYLINE
  5
5DE
330
17
100
AcDbEntity
  8
TEXT
 62
7
370
15
100
AcDbPolyline
 90
2
 70
0
 10
20975.0
 20
8458.25
 10
20975.0
 20
8290.75
  0
LWPOLYLINE
  5
5DF
330
17
100
AcDbEntity
  8
TEXT
 62
7
370
15
100
AcDbPolyline
 90
4
 70
1
 10
12975.0
 20
8123.25
 10
20975.0
 20
8123.25
 10
20975.0
 20
8290.75
 10
12975.0
 20
8290.75
  0
LWPOLYLINE
  5
5E0
330
17
100
AcDbEntity
  8
TEXT
 62
7
370
15
100
AcDbPolyline
 90
2
 70
0
 10
12975.0
 20
8290.75
 10
12975.0
 20
8123.25
  0
TEXT
  5
5E1
330
17
100
AcDbEntity
  8
TEXT
 62
7
100
AcDbText
 10
13015.0
 20
8173.25
 30
0.0
 40
67.5
  1
L15-2
  7
GOST
 11
13015.0
 21
8173.25
 31
0.0
100
AcDbText
  0
LWPOLYLINE
  5
5E2
330
17
100
AcDbEntity
  8
TEXT
 62
7
370
15
100
AcDbPolyline
 90
2
 70
0
 10
13525.0
 20
8290.75
 10
13525.0
 20
8123.25
  0
TEXT
  5
5E3
330
17
100
AcDbEntity
  8
TEXT
 62
7
100
AcDbText
 10
13565.0
 20
8173.25
 30
0.0
 40
67.5
  1
R4
  7
GOST
 11
13565.0
 21
8173.25
 31
0.0
100
AcDbText
  0
LWPOLYLINE
  5
5E4
330
17
100
AcDbEntity
  8
TEXT
 62
7
370
15
100
AcDbPolyline
 90
2
 70
0
 10
13875.0
 20
8290.75
 10
13875.0
 20
8123.25
  0
TEXT
  5
5E5
330
17
100
AcDbEntity
  8
TEXT
 62
7
100
AcDbText
 10
13915.0
 20
8173.25
 30
0.0
 40
67.5
  1
spot
  7
GOST
 11
13915.0
 21
8173.25
 31
0.0
100
AcDbText
  0
LWPOLYLINE
  5
5E6
330
17
100
AcDbEntity
  8
TEXT
 62
7
370
15
100
AcDbPolyline
 90
2
 70
0
 10
14525.0
 20
8290.75
 10
14525.0
 20
8123.25
  0
TEXT
  5
5E7
330
17
100
AcDbEntity
  8
TEXT
 62
7
100
AcDbText
 10
14565.0
 20
8173.25
 30
0.0
 40
67.5
  1
6
  7
GOST
 11
14565.0
 21
8173.25
 31
0.0
100
AcDbText
  0
LWPOLYLINE
  5
5E8
330
17
100
AcDbEntity
  8
TEXT
 62
7
370
15
100
AcDbPolyline
 90
2
 70
0
 10
14925.0
 20
8290.75
 10
14925.0
 20
8123.25
  0
TEXT
  5
5E9
330
17
100
AcDbEntity
  8
TEXT
 62
7
100
AcDbText
 10
14965.0
 20
8173.25
 30
0.0
 40
67.5
  1
2650
  7
GOST
 11
14965.0
 21
8173.25
 31
0.0
100
AcDbText
  0
LWPOLYLINE
  5
5EA
330
17
100
AcDbEntity
  8
TEXT
 62
7
370
15
100
AcDbPolyline
 90
2
 70
0
 10
15375.0
 20
8290.75
 10
15375.0
 20
8123.25
  0
TEXT
  5
5EB
330
17
100
AcDbEntity
  8
TEXT
 62
7
100
AcDbText
 10
15415.0
 20
8173.25
 30
0.0
 40
67.5
  1
IP20
  7
GOST
 11
15415.0
 21
8173.25
 31
0.0
100
AcDbText
  0
LWPOLYLINE
  5
5EC
330
17
100
AcDbEntity
  8
TEXT
 62
7
370
15
100
AcDbPolyline
 90
2
 70
0
 10
15825.0
 20
8290.75
 10
15825.0
 20
8123.25
  0
TEXT
  5
5ED
330
17
100
AcDbEntity
  8
TEXT
 62
7
100
AcDbText
 10
15865.0
 20
8173.25
 30
0.0
 40
67.5
  1
2700
  7
GOST
 11
15865.0
 21
8173.25
 31
0.0
100
AcDbText
  0
LWPOLYLINE
  5
5EE
330
17
100
AcDbEntity
  8
TEXT
 62
7
370
15
100
AcDbPolyline
 90
2
 70
0
 10
16275.0
 20
8290.75
 10
16275.0
 20
8123.25
  0
TEXT
  5
5EF
330
17
100
AcDbEntity
  8
TEXT
 62
7
100
AcDbText
 10
16315.0
 20
8173.25
 30
0.0
 40
67.5
  1
2591 от W14; 549 от W11
  7
GOST
 11
16315.0
 21
8173.25
 31
0.0
100
AcDbText
  0
LWPOLYLINE
  5
5F0
330
17
100
AcDbEntity
  8
TEXT
 62
7
370
15
100
AcDbPolyline
 90
2
 70
0
 10
17975.0
 20
8290.75
 10
17975.0
 20
8123.25
  0
TEXT
  5
5F1
330
17
100
AcDbEntity
  8
TEXT
 62
7
100
AcDbText
 10
18015.0
 20
8173.25
 30
0.0
 40
67.5
  1
спот прихожей (потолок +2650, D19)
  7
GOST
 11
18015.0
 21
8173.25
 31
0.0
100
AcDbText
  0
LWPOLYLINE
  5
5F2
330
17
100
AcDbEntity
  8
TEXT
 62
7
370
15
100
AcDbPolyline
 90
2
 70
0
 10
20975.0
 20
8290.75
 10
20975.0
 20
8123.25
  0
LWPOLYLINE
  5
5F3
330
17
100
AcDbEntity
  8
TEXT
 62
7
370
15
100
AcDbPolyline
 90
4
 70
1
 10
12975.0
 20
7955.75
 10
20975.0
 20
7955.75
 10
20975.0
 20
8123.25
 10
12975.0
 20
8123.25
  0
LWPOLYLINE
  5
5F4
330
17
100
AcDbEntity
  8
TEXT
 62
7
370
15
100
AcDbPolyline
 90
2
 70
0
 10
12975.0
 20
8123.25
 10
12975.0
 20
7955.75
  0
TEXT
  5
5F5
330
17
100
AcDbEntity
  8
TEXT
 62
7
100
AcDbText
 10
13015.0
 20
8005.75
 30
0.0
 40
67.5
  1
L15-3
  7
GOST
 11
13015.0
 21
8005.75
 31
0.0
100
AcDbText
  0
LWPOLYLINE
  5
5F6
330
17
100
AcDbEntity
  8
TEXT
 62
7
370
15
100
AcDbPolyline
 90
2
 70
0
 10
13525.0
 20
8123.25
 10
13525.0
 20
7955.75
  0
TEXT
  5
5F7
330
17
100
AcDbEntity
  8
TEXT
 62
7
100
AcDbText
 10
13565.0
 20
8005.75
 30
0.0
 40
67.5
  1
R4
  7
GOST
 11
13565.0
 21
8005.75
 31
0.0
100
AcDbText
  0
LWPOLYLINE
  5
5F8
330
17
100
AcDbEntity
  8
TEXT
 62
7
370
15
100
AcDbPolyline
 90
2
 70
0
 10
13875.0
 20
8123.25
 10
13875.0
 20
7955.75
  0
TEXT
  5
5F9
330
17
100
AcDbEntity
  8
TEXT
 62
7
100
AcDbText
 10
13915.0
 20
8005.75
 30
0.0
 40
67.5
  1
spot
  7
GOST
 11
13915.0
 21
8005.75
 31
0.0
100
AcDbText
  0
LWPOLYLINE
  5
5FA
330
17
100
AcDbEntity
  8
TEXT
 62
7
370
15
100
AcDbPolyline
 90
2
 70
0
 10
14525.0
 20
8123.25
 10
14525.0
 20
7955.75
  0
TEXT
  5
5FB
330
17
100
AcDbEntity
  8
TEXT
 62
7
100
AcDbText
 10
14565.0
 20
8005.75
 30
0.0
 40
67.5
  1
6
  7
GOST
 11
14565.0
 21
8005.75
 31
0.0
100
AcDbText
  0
LWPOLYLINE
  5
5FC
330
17
100
AcDbEntity
  8
TEXT
 62
7
370
15
100
AcDbPolyline
 90
2
 70
0
 10
14925.0
 20
8123.25
 10
14925.0
 20
7955.75
  0
TEXT
  5
5FD
330
17
100
AcDbEntity
  8
TEXT
 62
7
100
AcDbText
 10
14965.0
 20
8005.75
 30
0.0
 40
67.5
  1
2650
  7
GOST
 11
14965.0
 21
8005.75
 31
0.0
100
AcDbText
  0
LWPOLYLINE
  5
5FE
330
17
100
AcDbEntity
  8
TEXT
 62
7
370
15
100
AcDbPolyline
 90
2
 70
0
 10
15375.0
 20
8123.25
 10
15375.0
 20
7955.75
  0
TEXT
  5
5FF
330
17
100
AcDbEntity
  8
TEXT
 62
7
100
AcDbText
 10
15415.0
 20
8005.75
 30
0.0
 40
67.5
  1
IP20
  7
GOST
 11
15415.0
 21
8005.75
 31
0.0
100
AcDbText
  0
LWPOLYLINE
  5
600
330
17
100
AcDbEntity
  8
TEXT
 62
7
370
15
100
AcDbPolyline
 90
2
 70
0
 10
15825.0
 20
8123.25
 10
15825.0
 20
7955.75
  0
TEXT
  5
601
330
17
100
AcDbEntity
  8
TEXT
 62
7
100
AcDbText
 10
15865.0
 20
8005.75
 30
0.0
 40
67.5
  1
2700
  7
GOST
 11
15865.0
 21
8005.75
 31
0.0
100
AcDbText
  0
LWPOLYLINE
  5
602
330
17
100
AcDbEntity
  8
TEXT
 62
7
370
15
100
AcDbPolyline
 90
2
 70
0
 10
16275.0
 20
8123.25
 10
16275.0
 20
7955.75
  0
TEXT
  5
603
330
17
100
AcDbEntity
  8
TEXT
 62
7
100
AcDbText
 10
16315.0
 20
8005.75
 30
0.0
 40
67.5
  1
1791 от W14; 549 от NW9
  7
GOST
 11
16315.0
 21
8005.75
 31
0.0
100
AcDbText
  0
LWPOLYLINE
  5
604
330
17
100
AcDbEntity
  8
TEXT
 62
7
370
15
100
AcDbPolyline
 90
2
 70
0
 10
17975.0
 20
8123.25
 10
17975.0
 20
7955.75
  0
TEXT
  5
605
330
17
100
AcDbEntity
  8
TEXT
 62
7
100
AcDbText
 10
18015.0
 20
8005.75
 30
0.0
 40
67.5
  1
спот прихожей (потолок +2650, D19)
  7
GOST
 11
18015.0
 21
8005.75
 31
0.0
100
AcDbText
  0
LWPOLYLINE
  5
606
330
17
100
AcDbEntity
  8
TEXT
 62
7
370
15
100
AcDbPolyline
 90
2
 70
0
 10
20975.0
 20
8123.25
 10
20975.0
 20
7955.75
  0
LWPOLYLINE
  5
607
330
17
100
AcDbEntity
  8
TEXT
 62
7
370
15
100
AcDbPolyline
 90
4
 70
1
 10
12975.0
 20
7788.250000000001
 10
20975.0
 20
7788.250000000001
 10
20975.0
 20
7955.75
 10
12975.0
 20
7955.75
  0
LWPOLYLINE
  5
608
330
17
100
AcDbEntity
  8
TEXT
 62
7
370
15
100
AcDbPolyline
 90
2
 70
0
 10
12975.0
 20
7955.75
 10
12975.0
 20
7788.250000000001
  0
TEXT
  5
609
330
17
100
AcDbEntity
  8
TEXT
 62
7
100
AcDbText
 10
13015.0
 20
7838.250000000001
 30
0.0
 40
67.5
  1
L15-4
  7
GOST
 11
13015.0
 21
7838.250000000001
 31
0.0
100
AcDbText
  0
LWPOLYLINE
  5
60A
330
17
100
AcDbEntity
  8
TEXT
 62
7
370
15
100
AcDbPolyline
 90
2
 70
0
 10
13525.0
 20
7955.75
 10
13525.0
 20
7788.250000000001
  0
TEXT
  5
60B
330
17
100
AcDbEntity
  8
TEXT
 62
7
100
AcDbText
 10
13565.0
 20
7838.250000000001
 30
0.0
 40
67.5
  1
R4
  7
GOST
 11
13565.0
 21
7838.250000000001
 31
0.0
100
AcDbText
  0
LWPOLYLINE
  5
60C
330
17
100
AcDbEntity
  8
TEXT
 62
7
370
15
100
AcDbPolyline
 90
2
 70
0
 10
13875.0
 20
7955.75
 10
13875.0
 20
7788.250000000001
  0
TEXT
  5
60D
330
17
100
AcDbEntity
  8
TEXT
 62
7
100
AcDbText
 10
13915.0
 20
7838.250000000001
 30
0.0
 40
67.5
  1
spot
  7
GOST
 11
13915.0
 21
7838.250000000001
 31
0.0
100
AcDbText
  0
LWPOLYLINE
  5
60E
330
17
100
AcDbEntity
  8
TEXT
 62
7
370
15
100
AcDbPolyline
 90
2
 70
0
 10
14525.0
 20
7955.75
 10
14525.0
 20
7788.250000000001
  0
TEXT
  5
60F
330
17
100
AcDbEntity
  8
TEXT
 62
7
100
AcDbText
 10
14565.0
 20
7838.250000000001
 30
0.0
 40
67.5
  1
6
  7
GOST
 11
14565.0
 21
7838.250000000001
 31
0.0
100
AcDbText
  0
LWPOLYLINE
  5
610
330
17
100
AcDbEntity
  8
TEXT
 62
7
370
15
100
AcDbPolyline
 90
2
 70
0
 10
14925.0
 20
7955.75
 10
14925.0
 20
7788.250000000001
  0
TEXT
  5
611
330
17
100
AcDbEntity
  8
TEXT
 62
7
100
AcDbText
 10
14965.0
 20
7838.250000000001
 30
0.0
 40
67.5
  1
2650
  7
GOST
 11
14965.0
 21
7838.250000000001
 31
0.0
100
AcDbText
  0
LWPOLYLINE
  5
612
330
17
100
AcDbEntity
  8
TEXT
 62
7
370
15
100
AcDbPolyline
 90
2
 70
0
 10
15375.0
 20
7955.75
 10
15375.0
 20
7788.250000000001
  0
TEXT
  5
613
330
17
100
AcDbEntity
  8
TEXT
 62
7
100
AcDbText
 10
15415.0
 20
7838.250000000001
 30
0.0
 40
67.5
  1
IP20
  7
GOST
 11
15415.0
 21
7838.250000000001
 31
0.0
100
AcDbText
  0
LWPOLYLINE
  5
614
330
17
100
AcDbEntity
  8
TEXT
 62
7
370
15
100
AcDbPolyline
 90
2
 70
0
 10
15825.0
 20
7955.75
 10
15825.0
 20
7788.250000000001
  0
TEXT
  5
615
330
17
100
AcDbEntity
  8
TEXT
 62
7
100
AcDbText
 10
15865.0
 20
7838.250000000001
 30
0.0
 40
67.5
  1
2700
  7
GOST
 11
15865.0
 21
7838.250000000001
 31
0.0
100
AcDbText
  0
LWPOLYLINE
  5
616
330
17
100
AcDbEntity
  8
TEXT
 62
7
370
15
100
AcDbPolyline
 90
2
 70
0
 10
16275.0
 20
7955.75
 10
16275.0
 20
7788.250000000001
  0
TEXT
  5
617
330
17
100
AcDbEntity
  8
TEXT
 62
7
100
AcDbText
 10
16315.0
 20
7838.250000000001
 30
0.0
 40
67.5
  1
991 от W14; 550 от W5
  7
GOST
 11
16315.0
 21
7838.250000000001
 31
0.0
100
AcDbText
  0
LWPOLYLINE
  5
618
330
17
100
AcDbEntity
  8
TEXT
 62
7
370
15
100
AcDbPolyline
 90
2
 70
0
 10
17975.0
 20
7955.75
 10
17975.0
 20
7788.250000000001
  0
TEXT
  5
619
330
17
100
AcDbEntity
  8
TEXT
 62
7
100
AcDbText
 10
18015.0
 20
7838.250000000001
 30
0.0
 40
67.5
  1
спот прихожей (потолок +2650, D19)
  7
GOST
 11
18015.0
 21
7838.250000000001
 31
0.0
100
AcDbText
  0
LWPOLYLINE
  5
61A
330
17
100
AcDbEntity
  8
TEXT
 62
7
370
15
100
AcDbPolyline
 90
2
 70
0
 10
20975.0
 20
7955.75
 10
20975.0
 20
7788.250000000001
  0
LWPOLYLINE
  5
61B
330
17
100
AcDbEntity
  8
TEXT
 62
7
370
15
100
AcDbPolyline
 90
4
 70
1
 10
12975.0
 20
7620.750000000001
 10
20975.0
 20
7620.750000000001
 10
20975.0
 20
7788.250000000001
 10
12975.0
 20
7788.250000000001
  0
LWPOLYLINE
  5
61C
330
17
100
AcDbEntity
  8
TEXT
 62
7
370
15
100
AcDbPolyline
 90
2
 70
0
 10
12975.0
 20
7788.250000000001
 10
12975.0
 20
7620.750000000001
  0
TEXT
  5
61D
330
17
100
AcDbEntity
  8
TEXT
 62
7
100
AcDbText
 10
13015.0
 20
7670.750000000001
 30
0.0
 40
67.5
  1
L15-5
  7
GOST
 11
13015.0
 21
7670.750000000001
 31
0.0
100
AcDbText
  0
LWPOLYLINE
  5
61E
330
17
100
AcDbEntity
  8
TEXT
 62
7
370
15
100
AcDbPolyline
 90
2
 70
0
 10
13525.0
 20
7788.250000000001
 10
13525.0
 20
7620.750000000001
  0
TEXT
  5
61F
330
17
100
AcDbEntity
  8
TEXT
 62
7
100
AcDbText
 10
13565.0
 20
7670.750000000001
 30
0.0
 40
67.5
  1
R4
  7
GOST
 11
13565.0
 21
7670.750000000001
 31
0.0
100
AcDbText
  0
LWPOLYLINE
  5
620
330
17
100
AcDbEntity
  8
TEXT
 62
7
370
15
100
AcDbPolyline
 90
2
 70
0
 10
13875.0
 20
7788.250000000001
 10
13875.0
 20
7620.750000000001
  0
TEXT
  5
621
330
17
100
AcDbEntity
  8
TEXT
 62
7
100
AcDbText
 10
13915.0
 20
7670.750000000001
 30
0.0
 40
67.5
  1
spot
  7
GOST
 11
13915.0
 21
7670.750000000001
 31
0.0
100
AcDbText
  0
LWPOLYLINE
  5
622
330
17
100
AcDbEntity
  8
TEXT
 62
7
370
15
100
AcDbPolyline
 90
2
 70
0
 10
14525.0
 20
7788.250000000001
 10
14525.0
 20
7620.750000000001
  0
TEXT
  5
623
330
17
100
AcDbEntity
  8
TEXT
 62
7
100
AcDbText
 10
14565.0
 20
7670.750000000001
 30
0.0
 40
67.5
  1
6
  7
GOST
 11
14565.0
 21
7670.750000000001
 31
0.0
100
AcDbText
  0
LWPOLYLINE
  5
624
330
17
100
AcDbEntity
  8
TEXT
 62
7
370
15
100
AcDbPolyline
 90
2
 70
0
 10
14925.0
 20
7788.250000000001
 10
14925.0
 20
7620.750000000001
  0
TEXT
  5
625
330
17
100
AcDbEntity
  8
TEXT
 62
7
100
AcDbText
 10
14965.0
 20
7670.750000000001
 30
0.0
 40
67.5
  1
2650
  7
GOST
 11
14965.0
 21
7670.750000000001
 31
0.0
100
AcDbText
  0
LWPOLYLINE
  5
626
330
17
100
AcDbEntity
  8
TEXT
 62
7
370
15
100
AcDbPolyline
 90
2
 70
0
 10
15375.0
 20
7788.250000000001
 10
15375.0
 20
7620.750000000001
  0
TEXT
  5
627
330
17
100
AcDbEntity
  8
TEXT
 62
7
100
AcDbText
 10
15415.0
 20
7670.750000000001
 30
0.0
 40
67.5
  1
IP20
  7
GOST
 11
15415.0
 21
7670.750000000001
 31
0.0
100
AcDbText
  0
LWPOLYLINE
  5
628
330
17
100
AcDbEntity
  8
TEXT
 62
7
370
15
100
AcDbPolyline
 90
2
 70
0
 10
15825.0
 20
7788.250000000001
 10
15825.0
 20
7620.750000000001
  0
TEXT
  5
629
330
17
100
AcDbEntity
  8
TEXT
 62
7
100
AcDbText
 10
15865.0
 20
7670.750000000001
 30
0.0
 40
67.5
  1
2700
  7
GOST
 11
15865.0
 21
7670.750000000001
 31
0.0
100
AcDbText
  0
LWPOLYLINE
  5
62A
330
17
100
AcDbEntity
  8
TEXT
 62
7
370
15
100
AcDbPolyline
 90
2
 70
0
 10
16275.0
 20
7788.250000000001
 10
16275.0
 20
7620.750000000001
  0
TEXT
  5
62B
330
17
100
AcDbEntity
  8
TEXT
 62
7
100
AcDbText
 10
16315.0
 20
7670.750000000001
 30
0.0
 40
67.5
  1
391 от W14; 550 от W5
  7
GOST
 11
16315.0
 21
7670.750000000001
 31
0.0
100
AcDbText
  0
LWPOLYLINE
  5
62C
330
17
100
AcDbEntity
  8
TEXT
 62
7
370
15
100
AcDbPolyline
 90
2
 70
0
 10
17975.0
 20
7788.250000000001
 10
17975.0
 20
7620.750000000001
  0
TEXT
  5
62D
330
17
100
AcDbEntity
  8
TEXT
 62
7
100
AcDbText
 10
18015.0
 20
7670.750000000001
 30
0.0
 40
67.5
  1
спот прихожей (потолок +2650, D19)
  7
GOST
 11
18015.0
 21
7670.750000000001
 31
0.0
100
AcDbText
  0
LWPOLYLINE
  5
62E
330
17
100
AcDbEntity
  8
TEXT
 62
7
370
15
100
AcDbPolyline
 90
2
 70
0
 10
20975.0
 20
7788.250000000001
 10
20975.0
 20
7620.750000000001
  0
LWPOLYLINE
  5
62F
330
17
100
AcDbEntity
  8
TEXT
 62
7
370
15
100
AcDbPolyline
 90
4
 70
1
 10
12975.0
 20
7453.250000000001
 10
20975.0
 20
7453.250000000001
 10
20975.0
 20
7620.750000000001
 10
12975.0
 20
7620.750000000001
  0
LWPOLYLINE
  5
630
330
17
100
AcDbEntity
  8
TEXT
 62
7
370
15
100
AcDbPolyline
 90
2
 70
0
 10
12975.0
 20
7620.750000000001
 10
12975.0
 20
7453.250000000001
  0
TEXT
  5
631
330
17
100
AcDbEntity
  8
TEXT
 62
7
100
AcDbText
 10
13015.0
 20
7503.250000000001
 30
0.0
 40
67.5
  1
L16-1
  7
GOST
 11
13015.0
 21
7503.250000000001
 31
0.0
100
AcDbText
  0
LWPOLYLINE
  5
632
330
17
100
AcDbEntity
  8
TEXT
 62
7
370
15
100
AcDbPolyline
 90
2
 70
0
 10
13525.0
 20
7620.750000000001
 10
13525.0
 20
7453.250000000001
  0
TEXT
  5
633
330
17
100
AcDbEntity
  8
TEXT
 62
7
100
AcDbText
 10
13565.0
 20
7503.250000000001
 30
0.0
 40
67.5
  1
R4
  7
GOST
 11
13565.0
 21
7503.250000000001
 31
0.0
100
AcDbText
  0
LWPOLYLINE
  5
634
330
17
100
AcDbEntity
  8
TEXT
 62
7
370
15
100
AcDbPolyline
 90
2
 70
0
 10
13875.0
 20
7620.750000000001
 10
13875.0
 20
7453.250000000001
  0
TEXT
  5
635
330
17
100
AcDbEntity
  8
TEXT
 62
7
100
AcDbText
 10
13915.0
 20
7503.250000000001
 30
0.0
 40
67.5
  1
spot
  7
GOST
 11
13915.0
 21
7503.250000000001
 31
0.0
100
AcDbText
  0
LWPOLYLINE
  5
636
330
17
100
AcDbEntity
  8
TEXT
 62
7
370
15
100
AcDbPolyline
 90
2
 70
0
 10
14525.0
 20
7620.750000000001
 10
14525.0
 20
7453.250000000001
  0
TEXT
  5
637
330
17
100
AcDbEntity
  8
TEXT
 62
7
100
AcDbText
 10
14565.0
 20
7503.250000000001
 30
0.0
 40
67.5
  1
6
  7
GOST
 11
14565.0
 21
7503.250000000001
 31
0.0
100
AcDbText
  0
LWPOLYLINE
  5
638
330
17
100
AcDbEntity
  8
TEXT
 62
7
370
15
100
AcDbPolyline
 90
2
 70
0
 10
14925.0
 20
7620.750000000001
 10
14925.0
 20
7453.250000000001
  0
TEXT
  5
639
330
17
100
AcDbEntity
  8
TEXT
 62
7
100
AcDbText
 10
14965.0
 20
7503.250000000001
 30
0.0
 40
67.5
  1
2650
  7
GOST
 11
14965.0
 21
7503.250000000001
 31
0.0
100
AcDbText
  0
LWPOLYLINE
  5
63A
330
17
100
AcDbEntity
  8
TEXT
 62
7
370
15
100
AcDbPolyline
 90
2
 70
0
 10
15375.0
 20
7620.750000000001
 10
15375.0
 20
7453.250000000001
  0
TEXT
  5
63B
330
17
100
AcDbEntity
  8
TEXT
 62
7
100
AcDbText
 10
15415.0
 20
7503.250000000001
 30
0.0
 40
67.5
  1
IP20
  7
GOST
 11
15415.0
 21
7503.250000000001
 31
0.0
100
AcDbText
  0
LWPOLYLINE
  5
63C
330
17
100
AcDbEntity
  8
TEXT
 62
7
370
15
100
AcDbPolyline
 90
2
 70
0
 10
15825.0
 20
7620.750000000001
 10
15825.0
 20
7453.250000000001
  0
TEXT
  5
63D
330
17
100
AcDbEntity
  8
TEXT
 62
7
100
AcDbText
 10
15865.0
 20
7503.250000000001
 30
0.0
 40
67.5
  1
2700
  7
GOST
 11
15865.0
 21
7503.250000000001
 31
0.0
100
AcDbText
  0
LWPOLYLINE
  5
63E
330
17
100
AcDbEntity
  8
TEXT
 62
7
370
15
100
AcDbPolyline
 90
2
 70
0
 10
16275.0
 20
7620.750000000001
 10
16275.0
 20
7453.250000000001
  0
TEXT
  5
63F
330
17
100
AcDbEntity
  8
TEXT
 62
7
100
AcDbText
 10
16315.0
 20
7503.250000000001
 30
0.0
 40
67.5
  1
650 от W7; 1939 от W10
  7
GOST
 11
16315.0
 21
7503.250000000001
 31
0.0
100
AcDbText
  0
LWPOLYLINE
  5
640
330
17
100
AcDbEntity
  8
TEXT
 62
7
370
15
100
AcDbPolyline
 90
2
 70
0
 10
17975.0
 20
7620.750000000001
 10
17975.0
 20
7453.250000000001
  0
TEXT
  5
641
330
17
100
AcDbEntity
  8
TEXT
 62
7
100
AcDbText
 10
18015.0
 20
7503.250000000001
 30
0.0
 40
67.5
  1
спот коридора (потолок +2650, D19)
  7
GOST
 11
18015.0
 21
7503.250000000001
 31
0.0
100
AcDbText
  0
LWPOLYLINE
  5
642
330
17
100
AcDbEntity
  8
TEXT
 62
7
370
15
100
AcDbPolyline
 90
2
 70
0
 10
20975.0
 20
7620.750000000001
 10
20975.0
 20
7453.250000000001
  0
LWPOLYLINE
  5
643
330
17
100
AcDbEntity
  8
TEXT
 62
7
370
15
100
AcDbPolyline
 90
4
 70
1
 10
12975.0
 20
7285.750000000002
 10
20975.0
 20
7285.750000000002
 10
20975.0
 20
7453.250000000001
 10
12975.0
 20
7453.250000000001
  0
LWPOLYLINE
  5
644
330
17
100
AcDbEntity
  8
TEXT
 62
7
370
15
100
AcDbPolyline
 90
2
 70
0
 10
12975.0
 20
7453.250000000001
 10
12975.0
 20
7285.750000000002
  0
TEXT
  5
645
330
17
100
AcDbEntity
  8
TEXT
 62
7
100
AcDbText
 10
13015.0
 20
7335.750000000002
 30
0.0
 40
67.5
  1
L16-2
  7
GOST
 11
13015.0
 21
7335.750000000002
 31
0.0
100
AcDbText
  0
LWPOLYLINE
  5
646
330
17
100
AcDbEntity
  8
TEXT
 62
7
370
15
100
AcDbPolyline
 90
2
 70
0
 10
13525.0
 20
7453.250000000001
 10
13525.0
 20
7285.750000000002
  0
TEXT
  5
647
330
17
100
AcDbEntity
  8
TEXT
 62
7
100
AcDbText
 10
13565.0
 20
7335.750000000002
 30
0.0
 40
67.5
  1
R4
  7
GOST
 11
13565.0
 21
7335.750000000002
 31
0.0
100
AcDbText
  0
LWPOLYLINE
  5
648
330
17
100
AcDbEntity
  8
TEXT
 62
7
370
15
100
AcDbPolyline
 90
2
 70
0
 10
13875.0
 20
7453.250000000001
 10
13875.0
 20
7285.750000000002
  0
TEXT
  5
649
330
17
100
AcDbEntity
  8
TEXT
 62
7
100
AcDbText
 10
13915.0
 20
7335.750000000002
 30
0.0
 40
67.5
  1
spot
  7
GOST
 11
13915.0
 21
7335.750000000002
 31
0.0
100
AcDbText
  0
LWPOLYLINE
  5
64A
330
17
100
AcDbEntity
  8
TEXT
 62
7
370
15
100
AcDbPolyline
 90
2
 70
0
 10
14525.0
 20
7453.250000000001
 10
14525.0
 20
7285.750000000002
  0
TEXT
  5
64B
330
17
100
AcDbEntity
  8
TEXT
 62
7
100
AcDbText
 10
14565.0
 20
7335.750000000002
 30
0.0
 40
67.5
  1
6
  7
GOST
 11
14565.0
 21
7335.750000000002
 31
0.0
100
AcDbText
  0
LWPOLYLINE
  5
64C
330
17
100
AcDbEntity
  8
TEXT
 62
7
370
15
100
AcDbPolyline
 90
2
 70
0
 10
14925.0
 20
7453.250000000001
 10
14925.0
 20
7285.750000000002
  0
TEXT
  5
64D
330
17
100
AcDbEntity
  8
TEXT
 62
7
100
AcDbText
 10
14965.0
 20
7335.750000000002
 30
0.0
 40
67.5
  1
2650
  7
GOST
 11
14965.0
 21
7335.750000000002
 31
0.0
100
AcDbText
  0
LWPOLYLINE
  5
64E
330
17
100
AcDbEntity
  8
TEXT
 62
7
370
15
100
AcDbPolyline
 90
2
 70
0
 10
15375.0
 20
7453.250000000001
 10
15375.0
 20
7285.750000000002
  0
TEXT
  5
64F
330
17
100
AcDbEntity
  8
TEXT
 62
7
100
AcDbText
 10
15415.0
 20
7335.750000000002
 30
0.0
 40
67.5
  1
IP20
  7
GOST
 11
15415.0
 21
7335.750000000002
 31
0.0
100
AcDbText
  0
LWPOLYLINE
  5
650
330
17
100
AcDbEntity
  8
TEXT
 62
7
370
15
100
AcDbPolyline
 90
2
 70
0
 10
15825.0
 20
7453.250000000001
 10
15825.0
 20
7285.750000000002
  0
TEXT
  5
651
330
17
100
AcDbEntity
  8
TEXT
 62
7
100
AcDbText
 10
15865.0
 20
7335.750000000002
 30
0.0
 40
67.5
  1
2700
  7
GOST
 11
15865.0
 21
7335.750000000002
 31
0.0
100
AcDbText
  0
LWPOLYLINE
  5
652
330
17
100
AcDbEntity
  8
TEXT
 62
7
370
15
100
AcDbPolyline
 90
2
 70
0
 10
16275.0
 20
7453.250000000001
 10
16275.0
 20
7285.750000000002
  0
TEXT
  5
653
330
17
100
AcDbEntity
  8
TEXT
 62
7
100
AcDbText
 10
16315.0
 20
7335.750000000002
 30
0.0
 40
67.5
  1
650 от W7; 1521 от NW4
  7
GOST
 11
16315.0
 21
7335.750000000002
 31
0.0
100
AcDbText
  0
LWPOLYLINE
  5
654
330
17
100
AcDbEntity
  8
TEXT
 62
7
370
15
100
AcDbPolyline
 90
2
 70
0
 10
17975.0
 20
7453.250000000001
 10
17975.0
 20
7285.750000000002
  0
TEXT
  5
655
330
17
100
AcDbEntity
  8
TEXT
 62
7
100
AcDbText
 10
18015.0
 20
7335.750000000002
 30
0.0
 40
67.5
  1
спот коридора (потолок +2650, D19)
  7
GOST
 11
18015.0
 21
7335.750000000002
 31
0.0
100
AcDbText
  0
LWPOLYLINE
  5
656
330
17
100
AcDbEntity
  8
TEXT
 62
7
370
15
100
AcDbPolyline
 90
2
 70
0
 10
20975.0
 20
7453.250000000001
 10
20975.0
 20
7285.750000000002
  0
LWPOLYLINE
  5
657
330
17
100
AcDbEntity
  8
TEXT
 62
7
370
15
100
AcDbPolyline
 90
4
 70
1
 10
12975.0
 20
7118.250000000002
 10
20975.0
 20
7118.250000000002
 10
20975.0
 20
7285.750000000002
 10
12975.0
 20
7285.750000000002
  0
LWPOLYLINE
  5
658
330
17
100
AcDbEntity
  8
TEXT
 62
7
370
15
100
AcDbPolyline
 90
2
 70
0
 10
12975.0
 20
7285.750000000002
 10
12975.0
 20
7118.250000000002
  0
TEXT
  5
659
330
17
100
AcDbEntity
  8
TEXT
 62
7
100
AcDbText
 10
13015.0
 20
7168.250000000002
 30
0.0
 40
67.5
  1
L16-3
  7
GOST
 11
13015.0
 21
7168.250000000002
 31
0.0
100
AcDbText
  0
LWPOLYLINE
  5
65A
330
17
100
AcDbEntity
  8
TEXT
 62
7
370
15
100
AcDbPolyline
 90
2
 70
0
 10
13525.0
 20
7285.750000000002
 10
13525.0
 20
7118.250000000002
  0
TEXT
  5
65B
330
17
100
AcDbEntity
  8
TEXT
 62
7
100
AcDbText
 10
13565.0
 20
7168.250000000002
 30
0.0
 40
67.5
  1
R4
  7
GOST
 11
13565.0
 21
7168.250000000002
 31
0.0
100
AcDbText
  0
LWPOLYLINE
  5
65C
330
17
100
AcDbEntity
  8
TEXT
 62
7
370
15
100
AcDbPolyline
 90
2
 70
0
 10
13875.0
 20
7285.750000000002
 10
13875.0
 20
7118.250000000002
  0
TEXT
  5
65D
330
17
100
AcDbEntity
  8
TEXT
 62
7
100
AcDbText
 10
13915.0
 20
7168.250000000002
 30
0.0
 40
67.5
  1
spot
  7
GOST
 11
13915.0
 21
7168.250000000002
 31
0.0
100
AcDbText
  0
LWPOLYLINE
  5
65E
330
17
100
AcDbEntity
  8
TEXT
 62
7
370
15
100
AcDbPolyline
 90
2
 70
0
 10
14525.0
 20
7285.750000000002
 10
14525.0
 20
7118.250000000002
  0
TEXT
  5
65F
330
17
100
AcDbEntity
  8
TEXT
 62
7
100
AcDbText
 10
14565.0
 20
7168.250000000002
 30
0.0
 40
67.5
  1
6
  7
GOST
 11
14565.0
 21
7168.250000000002
 31
0.0
100
AcDbText
  0
LWPOLYLINE
  5
660
330
17
100
AcDbEntity
  8
TEXT
 62
7
370
15
100
AcDbPolyline
 90
2
 70
0
 10
14925.0
 20
7285.750000000002
 10
14925.0
 20
7118.250000000002
  0
TEXT
  5
661
330
17
100
AcDbEntity
  8
TEXT
 62
7
100
AcDbText
 10
14965.0
 20
7168.250000000002
 30
0.0
 40
67.5
  1
2650
  7
GOST
 11
14965.0
 21
7168.250000000002
 31
0.0
100
AcDbText
  0
LWPOLYLINE
  5
662
330
17
100
AcDbEntity
  8
TEXT
 62
7
370
15
100
AcDbPolyline
 90
2
 70
0
 10
15375.0
 20
7285.750000000002
 10
15375.0
 20
7118.250000000002
  0
TEXT
  5
663
330
17
100
AcDbEntity
  8
TEXT
 62
7
100
AcDbText
 10
15415.0
 20
7168.250000000002
 30
0.0
 40
67.5
  1
IP20
  7
GOST
 11
15415.0
 21
7168.250000000002
 31
0.0
100
AcDbText
  0
LWPOLYLINE
  5
664
330
17
100
AcDbEntity
  8
TEXT
 62
7
370
15
100
AcDbPolyline
 90
2
 70
0
 10
15825.0
 20
7285.750000000002
 10
15825.0
 20
7118.250000000002
  0
TEXT
  5
665
330
17
100
AcDbEntity
  8
TEXT
 62
7
100
AcDbText
 10
15865.0
 20
7168.250000000002
 30
0.0
 40
67.5
  1
2700
  7
GOST
 11
15865.0
 21
7168.250000000002
 31
0.0
100
AcDbText
  0
LWPOLYLINE
  5
666
330
17
100
AcDbEntity
  8
TEXT
 62
7
370
15
100
AcDbPolyline
 90
2
 70
0
 10
16275.0
 20
7285.750000000002
 10
16275.0
 20
7118.250000000002
  0
TEXT
  5
667
330
17
100
AcDbEntity
  8
TEXT
 62
7
100
AcDbText
 10
16315.0
 20
7168.250000000002
 30
0.0
 40
67.5
  1
650 от W7; 521 от NW4
  7
GOST
 11
16315.0
 21
7168.250000000002
 31
0.0
100
AcDbText
  0
LWPOLYLINE
  5
668
330
17
100
AcDbEntity
  8
TEXT
 62
7
370
15
100
AcDbPolyline
 90
2
 70
0
 10
17975.0
 20
7285.750000000002
 10
17975.0
 20
7118.250000000002
  0
TEXT
  5
669
330
17
100
AcDbEntity
  8
TEXT
 62
7
100
AcDbText
 10
18015.0
 20
7168.250000000002
 30
0.0
 40
67.5
  1
спот коридора (потолок +2650, D19)
  7
GOST
 11
18015.0
 21
7168.250000000002
 31
0.0
100
AcDbText
  0
LWPOLYLINE
  5
66A
330
17
100
AcDbEntity
  8
TEXT
 62
7
370
15
100
AcDbPolyline
 90
2
 70
0
 10
20975.0
 20
7285.750000000002
 10
20975.0
 20
7118.250000000002
  0
LWPOLYLINE
  5
66B
330
17
100
AcDbEntity
  8
TEXT
 62
7
370
15
100
AcDbPolyline
 90
4
 70
1
 10
12975.0
 20
6755.000000000001
 10
20975.0
 20
6755.000000000001
 10
20975.0
 20
7118.250000000002
 10
12975.0
 20
7118.250000000002
  0
LWPOLYLINE
  5
66C
330
17
100
AcDbEntity
  8
TEXT
 62
7
370
15
100
AcDbPolyline
 90
2
 70
0
 10
12975.0
 20
7118.250000000002
 10
12975.0
 20
6755.000000000001
  0
TEXT
  5
66D
330
17
100
AcDbEntity
  8
TEXT
 62
7
100
AcDbText
 10
13015.0
 20
7000.750000000002
 30
0.0
 40
67.5
  1
L17-1
  7
GOST
 11
13015.0
 21
7000.750000000002
 31
0.0
100
AcDbText
  0
LWPOLYLINE
  5
66E
330
17
100
AcDbEntity
  8
TEXT
 62
7
370
15
100
AcDbPolyline
 90
2
 70
0
 10
13525.0
 20
7118.250000000002
 10
13525.0
 20
6755.000000000001
  0
TEXT
  5
66F
330
17
100
AcDbEntity
  8
TEXT
 62
7
100
AcDbText
 10
13565.0
 20
7000.750000000002
 30
0.0
 40
67.5
  1
R4
  7
GOST
 11
13565.0
 21
7000.750000000002
 31
0.0
100
AcDbText
  0
LWPOLYLINE
  5
670
330
17
100
AcDbEntity
  8
TEXT
 62
7
370
15
100
AcDbPolyline
 90
2
 70
0
 10
13875.0
 20
7118.250000000002
 10
13875.0
 20
6755.000000000001
  0
TEXT
  5
671
330
17
100
AcDbEntity
  8
TEXT
 62
7
100
AcDbText
 10
13915.0
 20
7000.750000000002
 30
0.0
 40
67.5
  1
led_strip
  7
GOST
 11
13915.0
 21
7000.750000000002
 31
0.0
100
AcDbText
  0
LWPOLYLINE
  5
672
330
17
100
AcDbEntity
  8
TEXT
 62
7
370
15
100
AcDbPolyline
 90
2
 70
0
 10
14525.0
 20
7118.250000000002
 10
14525.0
 20
6755.000000000001
  0
TEXT
  5
673
330
17
100
AcDbEntity
  8
TEXT
 62
7
100
AcDbText
 10
14565.0
 20
7000.750000000002
 30
0.0
 40
67.5
  1
15
  7
GOST
 11
14565.0
 21
7000.750000000002
 31
0.0
100
AcDbText
  0
LWPOLYLINE
  5
674
330
17
100
AcDbEntity
  8
TEXT
 62
7
370
15
100
AcDbPolyline
 90
2
 70
0
 10
14925.0
 20
7118.250000000002
 10
14925.0
 20
6755.000000000001
  0
TEXT
  5
675
330
17
100
AcDbEntity
  8
TEXT
 62
7
100
AcDbText
 10
14965.0
 20
7000.750000000002
 30
0.0
 40
67.5
  1
50
  7
GOST
 11
14965.0
 21
7000.750000000002
 31
0.0
100
AcDbText
  0
LWPOLYLINE
  5
676
330
17
100
AcDbEntity
  8
TEXT
 62
7
370
15
100
AcDbPolyline
 90
2
 70
0
 10
15375.0
 20
7118.250000000002
 10
15375.0
 20
6755.000000000001
  0
TEXT
  5
677
330
17
100
AcDbEntity
  8
TEXT
 62
7
100
AcDbText
 10
15415.0
 20
7000.750000000002
 30
0.0
 40
67.5
  1
IP20
  7
GOST
 11
15415.0
 21
7000.750000000002
 31
0.0
100
AcDbText
  0
LWPOLYLINE
  5
678
330
17
100
AcDbEntity
  8
TEXT
 62
7
370
15
100
AcDbPolyline
 90
2
 70
0
 10
15825.0
 20
7118.250000000002
 10
15825.0
 20
6755.000000000001
  0
TEXT
  5
679
330
17
100
AcDbEntity
  8
TEXT
 62
7
100
AcDbText
 10
15865.0
 20
7000.750000000002
 30
0.0
 40
67.5
  1
2700
  7
GOST
 11
15865.0
 21
7000.750000000002
 31
0.0
100
AcDbText
  0
LWPOLYLINE
  5
67A
330
17
100
AcDbEntity
  8
TEXT
 62
7
370
15
100
AcDbPolyline
 90
2
 70
0
 10
16275.0
 20
7118.250000000002
 10
16275.0
 20
6755.000000000001
  0
TEXT
  5
67B
330
17
100
AcDbEntity
  8
TEXT
 62
7
100
AcDbText
 10
16315.0
 20
7000.750000000002
 30
0.0
 40
67.5
  1
4820,3721 → 4820,5971
  7
GOST
 11
16315.0
 21
7000.750000000002
 31
0.0
100
AcDbText
  0
LWPOLYLINE
  5
67C
330
17
100
AcDbEntity
  8
TEXT
 62
7
370
15
100
AcDbPolyline
 90
2
 70
0
 10
17975.0
 20
7118.250000000002
 10
17975.0
 20
6755.000000000001
  0
TEXT
  5
67D
330
17
100
AcDbEntity
  8
TEXT
 62
7
100
AcDbText
 10
18015.0
 20
7000.750000000002
 30
0.0
 40
67.5
  1
ночная подсветка в плинтусе коридора/прихожей по
  7
GOST
 11
18015.0
 21
7000.750000000002
 31
0.0
100
AcDbText
  0
TEXT
  5
67E
330
17
100
AcDbEntity
  8
TEXT
 62
7
100
AcDbText
 10
18015.0
 20
6902.875000000002
 30
0.0
 40
67.5
  1
датчикам движения 5–10 % (concept: «Ночь»); БП 24 В на
  7
GOST
 11
18015.0
 21
6902.875000000002
 31
0.0
100
AcDbText
  0
TEXT
  5
67F
330
17
100
AcDbEntity
  8
TEXT
 62
7
100
AcDbText
 10
18015.0
 20
6805.000000000001
 30
0.0
 40
67.5
  1
антресоли F60 (…
  7
GOST
 11
18015.0
 21
6805.000000000001
 31
0.0
100
AcDbText
  0
LWPOLYLINE
  5
680
330
17
100
AcDbEntity
  8
TEXT
 62
7
370
15
100
AcDbPolyline
 90
2
 70
0
 10
20975.0
 20
7118.250000000002
 10
20975.0
 20
6755.000000000001
  0
LWPOLYLINE
  5
681
330
17
100
AcDbEntity
  8
TEXT
 62
7
370
15
100
AcDbPolyline
 90
4
 70
1
 10
12975.0
 20
6489.625000000001
 10
20975.0
 20
6489.625000000001
 10
20975.0
 20
6755.000000000001
 10
12975.0
 20
6755.000000000001
  0
LWPOLYLINE
  5
682
330
17
100
AcDbEntity
  8
TEXT
 62
7
370
15
100
AcDbPolyline
 90
2
 70
0
 10
12975.0
 20
6755.000000000001
 10
12975.0
 20
6489.625000000001
  0
TEXT
  5
683
330
17
100
AcDbEntity
  8
TEXT
 62
7
100
AcDbText
 10
13015.0
 20
6637.500000000002
 30
0.0
 40
67.5
  1
L18-1
  7
GOST
 11
13015.0
 21
6637.500000000002
 31
0.0
100
AcDbText
  0
LWPOLYLINE
  5
684
330
17
100
AcDbEntity
  8
TEXT
 62
7
370
15
100
AcDbPolyline
 90
2
 70
0
 10
13525.0
 20
6755.000000000001
 10
13525.0
 20
6489.625000000001
  0
TEXT
  5
685
330
17
100
AcDbEntity
  8
TEXT
 62
7
100
AcDbText
 10
13565.0
 20
6637.500000000002
 30
0.0
 40
67.5
  1
R4
  7
GOST
 11
13565.0
 21
6637.500000000002
 31
0.0
100
AcDbText
  0
LWPOLYLINE
  5
686
330
17
100
AcDbEntity
  8
TEXT
 62
7
370
15
100
AcDbPolyline
 90
2
 70
0
 10
13875.0
 20
6755.000000000001
 10
13875.0
 20
6489.625000000001
  0
TEXT
  5
687
330
17
100
AcDbEntity
  8
TEXT
 62
7
100
AcDbText
 10
13915.0
 20
6637.500000000002
 30
0.0
 40
67.5
  1
led_strip
  7
GOST
 11
13915.0
 21
6637.500000000002
 31
0.0
100
AcDbText
  0
LWPOLYLINE
  5
688
330
17
100
AcDbEntity
  8
TEXT
 62
7
370
15
100
AcDbPolyline
 90
2
 70
0
 10
14525.0
 20
6755.000000000001
 10
14525.0
 20
6489.625000000001
  0
TEXT
  5
689
330
17
100
AcDbEntity
  8
TEXT
 62
7
100
AcDbText
 10
14565.0
 20
6637.500000000002
 30
0.0
 40
67.5
  1
20
  7
GOST
 11
14565.0
 21
6637.500000000002
 31
0.0
100
AcDbText
  0
LWPOLYLINE
  5
68A
330
17
100
AcDbEntity
  8
TEXT
 62
7
370
15
100
AcDbPolyline
 90
2
 70
0
 10
14925.0
 20
6755.000000000001
 10
14925.0
 20
6489.625000000001
  0
TEXT
  5
68B
330
17
100
AcDbEntity
  8
TEXT
 62
7
100
AcDbText
 10
14965.0
 20
6637.500000000002
 30
0.0
 40
67.5
  1
2500
  7
GOST
 11
14965.0
 21
6637.500000000002
 31
0.0
100
AcDbText
  0
LWPOLYLINE
  5
68C
330
17
100
AcDbEntity
  8
TEXT
 62
7
370
15
100
AcDbPolyline
 90
2
 70
0
 10
15375.0
 20
6755.000000000001
 10
15375.0
 20
6489.625000000001
  0
TEXT
  5
68D
330
17
100
AcDbEntity
  8
TEXT
 62
7
100
AcDbText
 10
15415.0
 20
6637.500000000002
 30
0.0
 40
67.5
  1
IP20
  7
GOST
 11
15415.0
 21
6637.500000000002
 31
0.0
100
AcDbText
  0
LWPOLYLINE
  5
68E
330
17
100
AcDbEntity
  8
TEXT
 62
7
370
15
100
AcDbPolyline
 90
2
 70
0
 10
15825.0
 20
6755.000000000001
 10
15825.0
 20
6489.625000000001
  0
TEXT
  5
68F
330
17
100
AcDbEntity
  8
TEXT
 62
7
100
AcDbText
 10
15865.0
 20
6637.500000000002
 30
0.0
 40
67.5
  1
2700
  7
GOST
 11
15865.0
 21
6637.500000000002
 31
0.0
100
AcDbText
  0
LWPOLYLINE
  5
690
330
17
100
AcDbEntity
  8
TEXT
 62
7
370
15
100
AcDbPolyline
 90
2
 70
0
 10
16275.0
 20
6755.000000000001
 10
16275.0
 20
6489.625000000001
  0
TEXT
  5
691
330
17
100
AcDbEntity
  8
TEXT
 62
7
100
AcDbText
 10
16315.0
 20
6637.500000000002
 30
0.0
 40
67.5
  1
4900,3150 → 7500,3150
  7
GOST
 11
16315.0
 21
6637.500000000002
 31
0.0
100
AcDbText
  0
LWPOLYLINE
  5
692
330
17
100
AcDbEntity
  8
TEXT
 62
7
370
15
100
AcDbPolyline
 90
2
 70
0
 10
17975.0
 20
6755.000000000001
 10
17975.0
 20
6489.625000000001
  0
TEXT
  5
693
330
17
100
AcDbEntity
  8
TEXT
 62
7
100
AcDbText
 10
18015.0
 20
6637.500000000002
 30
0.0
 40
67.5
  1
подсветка шкафа прихожей F60–F62 по датчикам
  7
GOST
 11
18015.0
 21
6637.500000000002
 31
0.0
100
AcDbText
  0
TEXT
  5
694
330
17
100
AcDbEntity
  8
TEXT
 62
7
100
AcDbText
 10
18015.0
 20
6539.625000000001
 30
0.0
 40
67.5
  1
открытия; БП на антресоли F61 (вывод P-H04)
  7
GOST
 11
18015.0
 21
6539.625000000001
 31
0.0
100
AcDbText
  0
LWPOLYLINE
  5
695
330
17
100
AcDbEntity
  8
TEXT
 62
7
370
15
100
AcDbPolyline
 90
2
 70
0
 10
20975.0
 20
6755.000000000001
 10
20975.0
 20
6489.625000000001
  0
LWPOLYLINE
  5
696
330
17
100
AcDbEntity
  8
TEXT
 62
7
370
15
100
AcDbPolyline
 90
4
 70
1
 10
12975.0
 20
6322.125000000001
 10
20975.0
 20
6322.125000000001
 10
20975.0
 20
6489.625000000001
 10
12975.0
 20
6489.625000000001
  0
LWPOLYLINE
  5
697
330
17
100
AcDbEntity
  8
TEXT
 62
7
370
15
100
AcDbPolyline
 90
2
 70
0
 10
12975.0
 20
6489.625000000001
 10
12975.0
 20
6322.125000000001
  0
TEXT
  5
698
330
17
100
AcDbEntity
  8
TEXT
 62
7
100
AcDbText
 10
13015.0
 20
6372.125000000001
 30
0.0
 40
67.5
  1
L19-1
  7
GOST
 11
13015.0
 21
6372.125000000001
 31
0.0
100
AcDbText
  0
LWPOLYLINE
  5
699
330
17
100
AcDbEntity
  8
TEXT
 62
7
370
15
100
AcDbPolyline
 90
2
 70
0
 10
13525.0
 20
6489.625000000001
 10
13525.0
 20
6322.125000000001
  0
TEXT
  5
69A
330
17
100
AcDbEntity
  8
TEXT
 62
7
100
AcDbText
 10
13565.0
 20
6372.125000000001
 30
0.0
 40
67.5
  1
R5
  7
GOST
 11
13565.0
 21
6372.125000000001
 31
0.0
100
AcDbText
  0
LWPOLYLINE
  5
69B
330
17
100
AcDbEntity
  8
TEXT
 62
7
370
15
100
AcDbPolyline
 90
2
 70
0
 10
13875.0
 20
6489.625000000001
 10
13875.0
 20
6322.125000000001
  0
TEXT
  5
69C
330
17
100
AcDbEntity
  8
TEXT
 62
7
100
AcDbText
 10
13915.0
 20
6372.125000000001
 30
0.0
 40
67.5
  1
spot
  7
GOST
 11
13915.0
 21
6372.125000000001
 31
0.0
100
AcDbText
  0
LWPOLYLINE
  5
69D
330
17
100
AcDbEntity
  8
TEXT
 62
7
370
15
100
AcDbPolyline
 90
2
 70
0
 10
14525.0
 20
6489.625000000001
 10
14525.0
 20
6322.125000000001
  0
TEXT
  5
69E
330
17
100
AcDbEntity
  8
TEXT
 62
7
100
AcDbText
 10
14565.0
 20
6372.125000000001
 30
0.0
 40
67.5
  1
6
  7
GOST
 11
14565.0
 21
6372.125000000001
 31
0.0
100
AcDbText
  0
LWPOLYLINE
  5
69F
330
17
100
AcDbEntity
  8
TEXT
 62
7
370
15
100
AcDbPolyline
 90
2
 70
0
 10
14925.0
 20
6489.625000000001
 10
14925.0
 20
6322.125000000001
  0
TEXT
  5
6A0
330
17
100
AcDbEntity
  8
TEXT
 62
7
100
AcDbText
 10
14965.0
 20
6372.125000000001
 30
0.0
 40
67.5
  1
2370*
  7
GOST
 11
14965.0
 21
6372.125000000001
 31
0.0
100
AcDbText
  0
LWPOLYLINE
  5
6A1
330
17
100
AcDbEntity
  8
TEXT
 62
7
370
15
100
AcDbPolyline
 90
2
 70
0
 10
15375.0
 20
6489.625000000001
 10
15375.0
 20
6322.125000000001
  0
TEXT
  5
6A2
330
17
100
AcDbEntity
  8
TEXT
 62
7
100
AcDbText
 10
15415.0
 20
6372.125000000001
 30
0.0
 40
67.5
  1
IP44
  7
GOST
 11
15415.0
 21
6372.125000000001
 31
0.0
100
AcDbText
  0
LWPOLYLINE
  5
6A3
330
17
100
AcDbEntity
  8
TEXT
 62
7
370
15
100
AcDbPolyline
 90
2
 70
0
 10
15825.0
 20
6489.625000000001
 10
15825.0
 20
6322.125000000001
  0
TEXT
  5
6A4
330
17
100
AcDbEntity
  8
TEXT
 62
7
100
AcDbText
 10
15865.0
 20
6372.125000000001
 30
0.0
 40
67.5
  1
3000
  7
GOST
 11
15865.0
 21
6372.125000000001
 31
0.0
100
AcDbText
  0
LWPOLYLINE
  5
6A5
330
17
100
AcDbEntity
  8
TEXT
 62
7
370
15
100
AcDbPolyline
 90
2
 70
0
 10
16275.0
 20
6489.625000000001
 10
16275.0
 20
6322.125000000001
  0
TEXT
  5
6A6
330
17
100
AcDbEntity
  8
TEXT
 62
7
100
AcDbText
 10
16315.0
 20
6372.125000000001
 30
0.0
 40
67.5
  1
450 от W12; 849 от W13
  7
GOST
 11
16315.0
 21
6372.125000000001
 31
0.0
100
AcDbText
  0
LWPOLYLINE
  5
6A7
330
17
100
AcDbEntity
  8
TEXT
 62
7
370
15
100
AcDbPolyline
 90
2
 70
0
 10
17975.0
 20
6489.625000000001
 10
17975.0
 20
6322.125000000001
  0
TEXT
  5
6A8
330
17
100
AcDbEntity
  8
TEXT
 62
7
100
AcDbText
 10
18015.0
 20
6372.125000000001
 30
0.0
 40
67.5
  1
спот IP44, вне зон 0–1
  7
GOST
 11
18015.0
 21
6372.125000000001
 31
0.0
100
AcDbText
  0
LWPOLYLINE
  5
6A9
330
17
100
AcDbEntity
  8
TEXT
 62
7
370
15
100
AcDbPolyline
 90
2
 70
0
 10
20975.0
 20
6489.625000000001
 10
20975.0
 20
6322.125000000001
  0
LWPOLYLINE
  5
6AA
330
17
100
AcDbEntity
  8
TEXT
 62
7
370
15
100
AcDbPolyline
 90
4
 70
1
 10
12975.0
 20
6154.625000000002
 10
20975.0
 20
6154.625000000002
 10
20975.0
 20
6322.125000000001
 10
12975.0
 20
6322.125000000001
  0
LWPOLYLINE
  5
6AB
330
17
100
AcDbEntity
  8
TEXT
 62
7
370
15
100
AcDbPolyline
 90
2
 70
0
 10
12975.0
 20
6322.125000000001
 10
12975.0
 20
6154.625000000002
  0
TEXT
  5
6AC
330
17
100
AcDbEntity
  8
TEXT
 62
7
100
AcDbText
 10
13015.0
 20
6204.625000000002
 30
0.0
 40
67.5
  1
L19-2
  7
GOST
 11
13015.0
 21
6204.625000000002
 31
0.0
100
AcDbText
  0
LWPOLYLINE
  5
6AD
330
17
100
AcDbEntity
  8
TEXT
 62
7
370
15
100
AcDbPolyline
 90
2
 70
0
 10
13525.0
 20
6322.125000000001
 10
13525.0
 20
6154.625000000002
  0
TEXT
  5
6AE
330
17
100
AcDbEntity
  8
TEXT
 62
7
100
AcDbText
 10
13565.0
 20
6204.625000000002
 30
0.0
 40
67.5
  1
R5
  7
GOST
 11
13565.0
 21
6204.625000000002
 31
0.0
100
AcDbText
  0
LWPOLYLINE
  5
6AF
330
17
100
AcDbEntity
  8
TEXT
 62
7
370
15
100
AcDbPolyline
 90
2
 70
0
 10
13875.0
 20
6322.125000000001
 10
13875.0
 20
6154.625000000002
  0
TEXT
  5
6B0
330
17
100
AcDbEntity
  8
TEXT
 62
7
100
AcDbText
 10
13915.0
 20
6204.625000000002
 30
0.0
 40
67.5
  1
spot
  7
GOST
 11
13915.0
 21
6204.625000000002
 31
0.0
100
AcDbText
  0
LWPOLYLINE
  5
6B1
330
17
100
AcDbEntity
  8
TEXT
 62
7
370
15
100
AcDbPolyline
 90
2
 70
0
 10
14525.0
 20
6322.125000000001
 10
14525.0
 20
6154.625000000002
  0
TEXT
  5
6B2
330
17
100
AcDbEntity
  8
TEXT
 62
7
100
AcDbText
 10
14565.0
 20
6204.625000000002
 30
0.0
 40
67.5
  1
6
  7
GOST
 11
14565.0
 21
6204.625000000002
 31
0.0
100
AcDbText
  0
LWPOLYLINE
  5
6B3
330
17
100
AcDbEntity
  8
TEXT
 62
7
370
15
100
AcDbPolyline
 90
2
 70
0
 10
14925.0
 20
6322.125000000001
 10
14925.0
 20
6154.625000000002
  0
TEXT
  5
6B4
330
17
100
AcDbEntity
  8
TEXT
 62
7
100
AcDbText
 10
14965.0
 20
6204.625000000002
 30
0.0
 40
67.5
  1
2370*
  7
GOST
 11
14965.0
 21
6204.625000000002
 31
0.0
100
AcDbText
  0
LWPOLYLINE
  5
6B5
330
17
100
AcDbEntity
  8
TEXT
 62
7
370
15
100
AcDbPolyline
 90
2
 70
0
 10
15375.0
 20
6322.125000000001
 10
15375.0
 20
6154.625000000002
  0
TEXT
  5
6B6
330
17
100
AcDbEntity
  8
TEXT
 62
7
100
AcDbText
 10
15415.0
 20
6204.625000000002
 30
0.0
 40
67.5
  1
IP44
  7
GOST
 11
15415.0
 21
6204.625000000002
 31
0.0
100
AcDbText
  0
LWPOLYLINE
  5
6B7
330
17
100
AcDbEntity
  8
TEXT
 62
7
370
15
100
AcDbPolyline
 90
2
 70
0
 10
15825.0
 20
6322.125000000001
 10
15825.0
 20
6154.625000000002
  0
TEXT
  5
6B8
330
17
100
AcDbEntity
  8
TEXT
 62
7
100
AcDbText
 10
15865.0
 20
6204.625000000002
 30
0.0
 40
67.5
  1
3000
  7
GOST
 11
15865.0
 21
6204.625000000002
 31
0.0
100
AcDbText
  0
LWPOLYLINE
  5
6B9
330
17
100
AcDbEntity
  8
TEXT
 62
7
370
15
100
AcDbPolyline
 90
2
 70
0
 10
16275.0
 20
6322.125000000001
 10
16275.0
 20
6154.625000000002
  0
TEXT
  5
6BA
330
17
100
AcDbEntity
  8
TEXT
 62
7
100
AcDbText
 10
16315.0
 20
6204.625000000002
 30
0.0
 40
67.5
  1
1246 от VK-C1; 791 от W15
  7
GOST
 11
16315.0
 21
6204.625000000002
 31
0.0
100
AcDbText
  0
LWPOLYLINE
  5
6BB
330
17
100
AcDbEntity
  8
TEXT
 62
7
370
15
100
AcDbPolyline
 90
2
 70
0
 10
17975.0
 20
6322.125000000001
 10
17975.0
 20
6154.625000000002
  0
TEXT
  5
6BC
330
17
100
AcDbEntity
  8
TEXT
 62
7
100
AcDbText
 10
18015.0
 20
6204.625000000002
 30
0.0
 40
67.5
  1
спот IP44 над WC
  7
GOST
 11
18015.0
 21
6204.625000000002
 31
0.0
100
AcDbText
  0
LWPOLYLINE
  5
6BD
330
17
100
AcDbEntity
  8
TEXT
 62
7
370
15
100
AcDbPolyline
 90
2
 70
0
 10
20975.0
 20
6322.125000000001
 10
20975.0
 20
6154.625000000002
  0
LWPOLYLINE
  5
6BE
330
17
100
AcDbEntity
  8
TEXT
 62
7
370
15
100
AcDbPolyline
 90
4
 70
1
 10
12975.0
 20
5889.250000000001
 10
20975.0
 20
5889.250000000001
 10
20975.0
 20
6154.625000000002
 10
12975.0
 20
6154.625000000002
  0
LWPOLYLINE
  5
6BF
330
17
100
AcDbEntity
  8
TEXT
 62
7
370
15
100
AcDbPolyline
 90
2
 70
0
 10
12975.0
 20
6154.625000000002
 10
12975.0
 20
5889.250000000001
  0
TEXT
  5
6C0
330
17
100
AcDbEntity
  8
TEXT
 62
7
100
AcDbText
 10
13015.0
 20
6037.125000000002
 30
0.0
 40
67.5
  1
L19-3
  7
GOST
 11
13015.0
 21
6037.125000000002
 31
0.0
100
AcDbText
  0
LWPOLYLINE
  5
6C1
330
17
100
AcDbEntity
  8
TEXT
 62
7
370
15
100
AcDbPolyline
 90
2
 70
0
 10
13525.0
 20
6154.625000000002
 10
13525.0
 20
5889.250000000001
  0
TEXT
  5
6C2
330
17
100
AcDbEntity
  8
TEXT
 62
7
100
AcDbText
 10
13565.0
 20
6037.125000000002
 30
0.0
 40
67.5
  1
R5
  7
GOST
 11
13565.0
 21
6037.125000000002
 31
0.0
100
AcDbText
  0
LWPOLYLINE
  5
6C3
330
17
100
AcDbEntity
  8
TEXT
 62
7
370
15
100
AcDbPolyline
 90
2
 70
0
 10
13875.0
 20
6154.625000000002
 10
13875.0
 20
5889.250000000001
  0
TEXT
  5
6C4
330
17
100
AcDbEntity
  8
TEXT
 62
7
100
AcDbText
 10
13915.0
 20
6037.125000000002
 30
0.0
 40
67.5
  1
spot
  7
GOST
 11
13915.0
 21
6037.125000000002
 31
0.0
100
AcDbText
  0
LWPOLYLINE
  5
6C5
330
17
100
AcDbEntity
  8
TEXT
 62
7
370
15
100
AcDbPolyline
 90
2
 70
0
 10
14525.0
 20
6154.625000000002
 10
14525.0
 20
5889.250000000001
  0
TEXT
  5
6C6
330
17
100
AcDbEntity
  8
TEXT
 62
7
100
AcDbText
 10
14565.0
 20
6037.125000000002
 30
0.0
 40
67.5
  1
6
  7
GOST
 11
14565.0
 21
6037.125000000002
 31
0.0
100
AcDbText
  0
LWPOLYLINE
  5
6C7
330
17
100
AcDbEntity
  8
TEXT
 62
7
370
15
100
AcDbPolyline
 90
2
 70
0
 10
14925.0
 20
6154.625000000002
 10
14925.0
 20
5889.250000000001
  0
TEXT
  5
6C8
330
17
100
AcDbEntity
  8
TEXT
 62
7
100
AcDbText
 10
14965.0
 20
6037.125000000002
 30
0.0
 40
67.5
  1
2370*
  7
GOST
 11
14965.0
 21
6037.125000000002
 31
0.0
100
AcDbText
  0
LWPOLYLINE
  5
6C9
330
17
100
AcDbEntity
  8
TEXT
 62
7
370
15
100
AcDbPolyline
 90
2
 70
0
 10
15375.0
 20
6154.625000000002
 10
15375.0
 20
5889.250000000001
  0
TEXT
  5
6CA
330
17
100
AcDbEntity
  8
TEXT
 62
7
100
AcDbText
 10
15415.0
 20
6037.125000000002
 30
0.0
 40
67.5
  1
IP65
  7
GOST
 11
15415.0
 21
6037.125000000002
 31
0.0
100
AcDbText
  0
LWPOLYLINE
  5
6CB
330
17
100
AcDbEntity
  8
TEXT
 62
7
370
15
100
AcDbPolyline
 90
2
 70
0
 10
15825.0
 20
6154.625000000002
 10
15825.0
 20
5889.250000000001
  0
TEXT
  5
6CC
330
17
100
AcDbEntity
  8
TEXT
 62
7
100
AcDbText
 10
15865.0
 20
6037.125000000002
 30
0.0
 40
67.5
  1
3000
  7
GOST
 11
15865.0
 21
6037.125000000002
 31
0.0
100
AcDbText
  0
LWPOLYLINE
  5
6CD
330
17
100
AcDbEntity
  8
TEXT
 62
7
370
15
100
AcDbPolyline
 90
2
 70
0
 10
16275.0
 20
6154.625000000002
 10
16275.0
 20
5889.250000000001
  0
TEXT
  5
6CE
330
17
100
AcDbEntity
  8
TEXT
 62
7
100
AcDbText
 10
16315.0
 20
6037.125000000002
 30
0.0
 40
67.5
  1
841 от W14; 374 от W13
  7
GOST
 11
16315.0
 21
6037.125000000002
 31
0.0
100
AcDbText
  0
LWPOLYLINE
  5
6CF
330
17
100
AcDbEntity
  8
TEXT
 62
7
370
15
100
AcDbPolyline
 90
2
 70
0
 10
17975.0
 20
6154.625000000002
 10
17975.0
 20
5889.250000000001
  0
TEXT
  5
6D0
330
17
100
AcDbEntity
  8
TEXT
 62
7
100
AcDbText
 10
18015.0
 20
6037.125000000002
 30
0.0
 40
67.5
  1
спот IP65 над ванной (потолок ГКЛВ +2450 от УЧП = 2370
  7
GOST
 11
18015.0
 21
6037.125000000002
 31
0.0
100
AcDbText
  0
TEXT
  5
6D1
330
17
100
AcDbEntity
  8
TEXT
 62
7
100
AcDbText
 10
18015.0
 20
5939.250000000002
 30
0.0
 40
67.5
  1
от пола ванной > 2250 — вне зоны 1)
  7
GOST
 11
18015.0
 21
5939.250000000002
 31
0.0
100
AcDbText
  0
LWPOLYLINE
  5
6D2
330
17
100
AcDbEntity
  8
TEXT
 62
7
370
15
100
AcDbPolyline
 90
2
 70
0
 10
20975.0
 20
6154.625000000002
 10
20975.0
 20
5889.250000000001
  0
LWPOLYLINE
  5
6D3
330
17
100
AcDbEntity
  8
TEXT
 62
7
370
15
100
AcDbPolyline
 90
4
 70
1
 10
12975.0
 20
5721.750000000002
 10
20975.0
 20
5721.750000000002
 10
20975.0
 20
5889.250000000001
 10
12975.0
 20
5889.250000000001
  0
LWPOLYLINE
  5
6D4
330
17
100
AcDbEntity
  8
TEXT
 62
7
370
15
100
AcDbPolyline
 90
2
 70
0
 10
12975.0
 20
5889.250000000001
 10
12975.0
 20
5721.750000000002
  0
TEXT
  5
6D5
330
17
100
AcDbEntity
  8
TEXT
 62
7
100
AcDbText
 10
13015.0
 20
5771.750000000002
 30
0.0
 40
67.5
  1
L19-4
  7
GOST
 11
13015.0
 21
5771.750000000002
 31
0.0
100
AcDbText
  0
LWPOLYLINE
  5
6D6
330
17
100
AcDbEntity
  8
TEXT
 62
7
370
15
100
AcDbPolyline
 90
2
 70
0
 10
13525.0
 20
5889.250000000001
 10
13525.0
 20
5721.750000000002
  0
TEXT
  5
6D7
330
17
100
AcDbEntity
  8
TEXT
 62
7
100
AcDbText
 10
13565.0
 20
5771.750000000002
 30
0.0
 40
67.5
  1
R5
  7
GOST
 11
13565.0
 21
5771.750000000002
 31
0.0
100
AcDbText
  0
LWPOLYLINE
  5
6D8
330
17
100
AcDbEntity
  8
TEXT
 62
7
370
15
100
AcDbPolyline
 90
2
 70
0
 10
13875.0
 20
5889.250000000001
 10
13875.0
 20
5721.750000000002
  0
TEXT
  5
6D9
330
17
100
AcDbEntity
  8
TEXT
 62
7
100
AcDbText
 10
13915.0
 20
5771.750000000002
 30
0.0
 40
67.5
  1
spot
  7
GOST
 11
13915.0
 21
5771.750000000002
 31
0.0
100
AcDbText
  0
LWPOLYLINE
  5
6DA
330
17
100
AcDbEntity
  8
TEXT
 62
7
370
15
100
AcDbPolyline
 90
2
 70
0
 10
14525.0
 20
5889.250000000001
 10
14525.0
 20
5721.750000000002
  0
TEXT
  5
6DB
330
17
100
AcDbEntity
  8
TEXT
 62
7
100
AcDbText
 10
14565.0
 20
5771.750000000002
 30
0.0
 40
67.5
  1
6
  7
GOST
 11
14565.0
 21
5771.750000000002
 31
0.0
100
AcDbText
  0
LWPOLYLINE
  5
6DC
330
17
100
AcDbEntity
  8
TEXT
 62
7
370
15
100
AcDbPolyline
 90
2
 70
0
 10
14925.0
 20
5889.250000000001
 10
14925.0
 20
5721.750000000002
  0
TEXT
  5
6DD
330
17
100
AcDbEntity
  8
TEXT
 62
7
100
AcDbText
 10
14965.0
 20
5771.750000000002
 30
0.0
 40
67.5
  1
2370*
  7
GOST
 11
14965.0
 21
5771.750000000002
 31
0.0
100
AcDbText
  0
LWPOLYLINE
  5
6DE
330
17
100
AcDbEntity
  8
TEXT
 62
7
370
15
100
AcDbPolyline
 90
2
 70
0
 10
15375.0
 20
5889.250000000001
 10
15375.0
 20
5721.750000000002
  0
TEXT
  5
6DF
330
17
100
AcDbEntity
  8
TEXT
 62
7
100
AcDbText
 10
15415.0
 20
5771.750000000002
 30
0.0
 40
67.5
  1
IP65
  7
GOST
 11
15415.0
 21
5771.750000000002
 31
0.0
100
AcDbText
  0
LWPOLYLINE
  5
6E0
330
17
100
AcDbEntity
  8
TEXT
 62
7
370
15
100
AcDbPolyline
 90
2
 70
0
 10
15825.0
 20
5889.250000000001
 10
15825.0
 20
5721.750000000002
  0
TEXT
  5
6E1
330
17
100
AcDbEntity
  8
TEXT
 62
7
100
AcDbText
 10
15865.0
 20
5771.750000000002
 30
0.0
 40
67.5
  1
3000
  7
GOST
 11
15865.0
 21
5771.750000000002
 31
0.0
100
AcDbText
  0
LWPOLYLINE
  5
6E2
330
17
100
AcDbEntity
  8
TEXT
 62
7
370
15
100
AcDbPolyline
 90
2
 70
0
 10
16275.0
 20
5889.250000000001
 10
16275.0
 20
5721.750000000002
  0
TEXT
  5
6E3
330
17
100
AcDbEntity
  8
TEXT
 62
7
100
AcDbText
 10
16315.0
 20
5771.750000000002
 30
0.0
 40
67.5
  1
355 от VK-C1; 808 от W15
  7
GOST
 11
16315.0
 21
5771.750000000002
 31
0.0
100
AcDbText
  0
LWPOLYLINE
  5
6E4
330
17
100
AcDbEntity
  8
TEXT
 62
7
370
15
100
AcDbPolyline
 90
2
 70
0
 10
17975.0
 20
5889.250000000001
 10
17975.0
 20
5721.750000000002
  0
TEXT
  5
6E5
330
17
100
AcDbEntity
  8
TEXT
 62
7
100
AcDbText
 10
18015.0
 20
5771.750000000002
 30
0.0
 40
67.5
  1
спот IP65 над душем
  7
GOST
 11
18015.0
 21
5771.750000000002
 31
0.0
100
AcDbText
  0
LWPOLYLINE
  5
6E6
330
17
100
AcDbEntity
  8
TEXT
 62
7
370
15
100
AcDbPolyline
 90
2
 70
0
 10
20975.0
 20
5889.250000000001
 10
20975.0
 20
5721.750000000002
  0
LWPOLYLINE
  5
6E7
330
17
100
AcDbEntity
  8
TEXT
 62
7
370
15
100
AcDbPolyline
 90
4
 70
1
 10
12975.0
 20
5456.375000000001
 10
20975.0
 20
5456.375000000001
 10
20975.0
 20
5721.750000000002
 10
12975.0
 20
5721.750000000002
  0
LWPOLYLINE
  5
6E8
330
17
100
AcDbEntity
  8
TEXT
 62
7
370
15
100
AcDbPolyline
 90
2
 70
0
 10
12975.0
 20
5721.750000000002
 10
12975.0
 20
5456.375000000001
  0
TEXT
  5
6E9
330
17
100
AcDbEntity
  8
TEXT
 62
7
100
AcDbText
 10
13015.0
 20
5604.250000000002
 30
0.0
 40
67.5
  1
L20-1
  7
GOST
 11
13015.0
 21
5604.250000000002
 31
0.0
100
AcDbText
  0
LWPOLYLINE
  5
6EA
330
17
100
AcDbEntity
  8
TEXT
 62
7
370
15
100
AcDbPolyline
 90
2
 70
0
 10
13525.0
 20
5721.750000000002
 10
13525.0
 20
5456.375000000001
  0
TEXT
  5
6EB
330
17
100
AcDbEntity
  8
TEXT
 62
7
100
AcDbText
 10
13565.0
 20
5604.250000000002
 30
0.0
 40
67.5
  1
R5
  7
GOST
 11
13565.0
 21
5604.250000000002
 31
0.0
100
AcDbText
  0
LWPOLYLINE
  5
6EC
330
17
100
AcDbEntity
  8
TEXT
 62
7
370
15
100
AcDbPolyline
 90
2
 70
0
 10
13875.0
 20
5721.750000000002
 10
13875.0
 20
5456.375000000001
  0
TEXT
  5
6ED
330
17
100
AcDbEntity
  8
TEXT
 62
7
100
AcDbText
 10
13915.0
 20
5604.250000000002
 30
0.0
 40
67.5
  1
wall
  7
GOST
 11
13915.0
 21
5604.250000000002
 31
0.0
100
AcDbText
  0
LWPOLYLINE
  5
6EE
330
17
100
AcDbEntity
  8
TEXT
 62
7
370
15
100
AcDbPolyline
 90
2
 70
0
 10
14525.0
 20
5721.750000000002
 10
14525.0
 20
5456.375000000001
  0
TEXT
  5
6EF
330
17
100
AcDbEntity
  8
TEXT
 62
7
100
AcDbText
 10
14565.0
 20
5604.250000000002
 30
0.0
 40
67.5
  1
15
  7
GOST
 11
14565.0
 21
5604.250000000002
 31
0.0
100
AcDbText
  0
LWPOLYLINE
  5
6F0
330
17
100
AcDbEntity
  8
TEXT
 62
7
370
15
100
AcDbPolyline
 90
2
 70
0
 10
14925.0
 20
5721.750000000002
 10
14925.0
 20
5456.375000000001
  0
TEXT
  5
6F1
330
17
100
AcDbEntity
  8
TEXT
 62
7
100
AcDbText
 10
14965.0
 20
5604.250000000002
 30
0.0
 40
67.5
  1
1950*
  7
GOST
 11
14965.0
 21
5604.250000000002
 31
0.0
100
AcDbText
  0
LWPOLYLINE
  5
6F2
330
17
100
AcDbEntity
  8
TEXT
 62
7
370
15
100
AcDbPolyline
 90
2
 70
0
 10
15375.0
 20
5721.750000000002
 10
15375.0
 20
5456.375000000001
  0
TEXT
  5
6F3
330
17
100
AcDbEntity
  8
TEXT
 62
7
100
AcDbText
 10
15415.0
 20
5604.250000000002
 30
0.0
 40
67.5
  1
IP44
  7
GOST
 11
15415.0
 21
5604.250000000002
 31
0.0
100
AcDbText
  0
LWPOLYLINE
  5
6F4
330
17
100
AcDbEntity
  8
TEXT
 62
7
370
15
100
AcDbPolyline
 90
2
 70
0
 10
15825.0
 20
5721.750000000002
 10
15825.0
 20
5456.375000000001
  0
TEXT
  5
6F5
330
17
100
AcDbEntity
  8
TEXT
 62
7
100
AcDbText
 10
15865.0
 20
5604.250000000002
 30
0.0
 40
67.5
  1
3000
  7
GOST
 11
15865.0
 21
5604.250000000002
 31
0.0
100
AcDbText
  0
LWPOLYLINE
  5
6F6
330
17
100
AcDbEntity
  8
TEXT
 62
7
370
15
100
AcDbPolyline
 90
2
 70
0
 10
16275.0
 20
5721.750000000002
 10
16275.0
 20
5456.375000000001
  0
TEXT
  5
6F7
330
17
100
AcDbEntity
  8
TEXT
 62
7
100
AcDbText
 10
16315.0
 20
5604.250000000002
 30
0.0
 40
67.5
  1
131 от VK-C3; 0 от W15
  7
GOST
 11
16315.0
 21
5604.250000000002
 31
0.0
100
AcDbText
  0
LWPOLYLINE
  5
6F8
330
17
100
AcDbEntity
  8
TEXT
 62
7
370
15
100
AcDbPolyline
 90
2
 70
0
 10
17975.0
 20
5721.750000000002
 10
17975.0
 20
5456.375000000001
  0
TEXT
  5
6F9
330
17
100
AcDbEntity
  8
TEXT
 62
7
100
AcDbText
 10
18015.0
 20
5604.250000000002
 30
0.0
 40
67.5
  1
LED зеркального шкафа F72 (встроенный сенсорный
  7
GOST
 11
18015.0
 21
5604.250000000002
 31
0.0
100
AcDbText
  0
TEXT
  5
6FA
330
17
100
AcDbEntity
  8
TEXT
 62
7
100
AcDbText
 10
18015.0
 20
5506.375000000002
 30
0.0
 40
67.5
  1
выключатель), вывод P-B3 h=1950 без коммутации
  7
GOST
 11
18015.0
 21
5506.375000000002
 31
0.0
100
AcDbText
  0
LWPOLYLINE
  5
6FB
330
17
100
AcDbEntity
  8
TEXT
 62
7
370
15
100
AcDbPolyline
 90
2
 70
0
 10
20975.0
 20
5721.750000000002
 10
20975.0
 20
5456.375000000001
  0
LWPOLYLINE
  5
6FC
330
17
100
AcDbEntity
  8
TEXT
 62
7
370
15
100
AcDbPolyline
 90
4
 70
1
 10
12975.0
 20
5093.125000000001
 10
20975.0
 20
5093.125000000001
 10
20975.0
 20
5456.375000000001
 10
12975.0
 20
5456.375000000001
  0
LWPOLYLINE
  5
6FD
330
17
100
AcDbEntity
  8
TEXT
 62
7
370
15
100
AcDbPolyline
 90
2
 70
0
 10
12975.0
 20
5456.375000000001
 10
12975.0
 20
5093.125000000001
  0
TEXT
  5
6FE
330
17
100
AcDbEntity
  8
TEXT
 62
7
100
AcDbText
 10
13015.0
 20
5338.875000000002
 30
0.0
 40
67.5
  1
L21-1
  7
GOST
 11
13015.0
 21
5338.875000000002
 31
0.0
100
AcDbText
  0
LWPOLYLINE
  5
6FF
330
17
100
AcDbEntity
  8
TEXT
 62
7
370
15
100
AcDbPolyline
 90
2
 70
0
 10
13525.0
 20
5456.375000000001
 10
13525.0
 20
5093.125000000001
  0
TEXT
  5
700
330
17
100
AcDbEntity
  8
TEXT
 62
7
100
AcDbText
 10
13565.0
 20
5338.875000000002
 30
0.0
 40
67.5
  1
R5
  7
GOST
 11
13565.0
 21
5338.875000000002
 31
0.0
100
AcDbText
  0
LWPOLYLINE
  5
701
330
17
100
AcDbEntity
  8
TEXT
 62
7
370
15
100
AcDbPolyline
 90
2
 70
0
 10
13875.0
 20
5456.375000000001
 10
13875.0
 20
5093.125000000001
  0
TEXT
  5
702
330
17
100
AcDbEntity
  8
TEXT
 62
7
100
AcDbText
 10
13915.0
 20
5338.875000000002
 30
0.0
 40
67.5
  1
led_strip
  7
GOST
 11
13915.0
 21
5338.875000000002
 31
0.0
100
AcDbText
  0
LWPOLYLINE
  5
703
330
17
100
AcDbEntity
  8
TEXT
 62
7
370
15
100
AcDbPolyline
 90
2
 70
0
 10
14525.0
 20
5456.375000000001
 10
14525.0
 20
5093.125000000001
  0
TEXT
  5
704
330
17
100
AcDbEntity
  8
TEXT
 62
7
100
AcDbText
 10
14565.0
 20
5338.875000000002
 30
0.0
 40
67.5
  1
5
  7
GOST
 11
14565.0
 21
5338.875000000002
 31
0.0
100
AcDbText
  0
LWPOLYLINE
  5
705
330
17
100
AcDbEntity
  8
TEXT
 62
7
370
15
100
AcDbPolyline
 90
2
 70
0
 10
14925.0
 20
5456.375000000001
 10
14925.0
 20
5093.125000000001
  0
TEXT
  5
706
330
17
100
AcDbEntity
  8
TEXT
 62
7
100
AcDbText
 10
14965.0
 20
5338.875000000002
 30
0.0
 40
67.5
  1
450*
  7
GOST
 11
14965.0
 21
5338.875000000002
 31
0.0
100
AcDbText
  0
LWPOLYLINE
  5
707
330
17
100
AcDbEntity
  8
TEXT
 62
7
370
15
100
AcDbPolyline
 90
2
 70
0
 10
15375.0
 20
5456.375000000001
 10
15375.0
 20
5093.125000000001
  0
TEXT
  5
708
330
17
100
AcDbEntity
  8
TEXT
 62
7
100
AcDbText
 10
15415.0
 20
5338.875000000002
 30
0.0
 40
67.5
  1
IP67
  7
GOST
 11
15415.0
 21
5338.875000000002
 31
0.0
100
AcDbText
  0
LWPOLYLINE
  5
709
330
17
100
AcDbEntity
  8
TEXT
 62
7
370
15
100
AcDbPolyline
 90
2
 70
0
 10
15825.0
 20
5456.375000000001
 10
15825.0
 20
5093.125000000001
  0
TEXT
  5
70A
330
17
100
AcDbEntity
  8
TEXT
 62
7
100
AcDbText
 10
15865.0
 20
5338.875000000002
 30
0.0
 40
67.5
  1
3000
  7
GOST
 11
15865.0
 21
5338.875000000002
 31
0.0
100
AcDbText
  0
LWPOLYLINE
  5
70B
330
17
100
AcDbEntity
  8
TEXT
 62
7
370
15
100
AcDbPolyline
 90
2
 70
0
 10
16275.0
 20
5456.375000000001
 10
16275.0
 20
5093.125000000001
  0
TEXT
  5
70C
330
17
100
AcDbEntity
  8
TEXT
 62
7
100
AcDbText
 10
16315.0
 20
5338.875000000002
 30
0.0
 40
67.5
  1
4920,5361 → 5820,5361
  7
GOST
 11
16315.0
 21
5338.875000000002
 31
0.0
100
AcDbText
  0
LWPOLYLINE
  5
70D
330
17
100
AcDbEntity
  8
TEXT
 62
7
370
15
100
AcDbPolyline
 90
2
 70
0
 10
17975.0
 20
5456.375000000001
 10
17975.0
 20
5093.125000000001
  0
TEXT
  5
70E
330
17
100
AcDbEntity
  8
TEXT
 62
7
100
AcDbText
 10
18015.0
 20
5338.875000000002
 30
0.0
 40
67.5
  1
ночная подсветка под тумбой F71 по датчику движения,
  7
GOST
 11
18015.0
 21
5338.875000000002
 31
0.0
100
AcDbText
  0
TEXT
  5
70F
330
17
100
AcDbEntity
  8
TEXT
 62
7
100
AcDbText
 10
18015.0
 20
5241.000000000002
 30
0.0
 40
67.5
  1
SELV 12 В; БП 12 В в верхнем отсеке зеркального шкафа
  7
GOST
 11
18015.0
 21
5241.000000000002
 31
0.0
100
AcDbText
  0
TEXT
  5
710
330
17
100
AcDbEntity
  8
TEXT
 62
7
100
AcDbText
 10
18015.0
 20
5143.125000000002
 30
0.0
 40
67.5
  1
(вне зон)
  7
GOST
 11
18015.0
 21
5143.125000000002
 31
0.0
100
AcDbText
  0
LWPOLYLINE
  5
711
330
17
100
AcDbEntity
  8
TEXT
 62
7
370
15
100
AcDbPolyline
 90
2
 70
0
 10
20975.0
 20
5456.375000000001
 10
20975.0
 20
5093.125000000001
  0
LWPOLYLINE
  5
712
330
17
100
AcDbEntity
  8
TEXT
 62
7
370
15
100
AcDbPolyline
 90
4
 70
1
 10
12975.0
 20
4827.750000000001
 10
20975.0
 20
4827.750000000001
 10
20975.0
 20
5093.125000000001
 10
12975.0
 20
5093.125000000001
  0
LWPOLYLINE
  5
713
330
17
100
AcDbEntity
  8
TEXT
 62
7
370
15
100
AcDbPolyline
 90
2
 70
0
 10
12975.0
 20
5093.125000000001
 10
12975.0
 20
4827.750000000001
  0
TEXT
  5
714
330
17
100
AcDbEntity
  8
TEXT
 62
7
100
AcDbText
 10
13015.0
 20
4975.625000000002
 30
0.0
 40
67.5
  1
L22-1
  7
GOST
 11
13015.0
 21
4975.625000000002
 31
0.0
100
AcDbText
  0
LWPOLYLINE
  5
715
330
17
100
AcDbEntity
  8
TEXT
 62
7
370
15
100
AcDbPolyline
 90
2
 70
0
 10
13525.0
 20
5093.125000000001
 10
13525.0
 20
4827.750000000001
  0
TEXT
  5
716
330
17
100
AcDbEntity
  8
TEXT
 62
7
100
AcDbText
 10
13565.0
 20
4975.625000000002
 30
0.0
 40
67.5
  1
R6
  7
GOST
 11
13565.0
 21
4975.625000000002
 31
0.0
100
AcDbText
  0
LWPOLYLINE
  5
717
330
17
100
AcDbEntity
  8
TEXT
 62
7
370
15
100
AcDbPolyline
 90
2
 70
0
 10
13875.0
 20
5093.125000000001
 10
13875.0
 20
4827.750000000001
  0
TEXT
  5
718
330
17
100
AcDbEntity
  8
TEXT
 62
7
100
AcDbText
 10
13915.0
 20
4975.625000000002
 30
0.0
 40
67.5
  1
spot
  7
GOST
 11
13915.0
 21
4975.625000000002
 31
0.0
100
AcDbText
  0
LWPOLYLINE
  5
719
330
17
100
AcDbEntity
  8
TEXT
 62
7
370
15
100
AcDbPolyline
 90
2
 70
0
 10
14525.0
 20
5093.125000000001
 10
14525.0
 20
4827.750000000001
  0
TEXT
  5
71A
330
17
100
AcDbEntity
  8
TEXT
 62
7
100
AcDbText
 10
14565.0
 20
4975.625000000002
 30
0.0
 40
67.5
  1
6
  7
GOST
 11
14565.0
 21
4975.625000000002
 31
0.0
100
AcDbText
  0
LWPOLYLINE
  5
71B
330
17
100
AcDbEntity
  8
TEXT
 62
7
370
15
100
AcDbPolyline
 90
2
 70
0
 10
14925.0
 20
5093.125000000001
 10
14925.0
 20
4827.750000000001
  0
TEXT
  5
71C
330
17
100
AcDbEntity
  8
TEXT
 62
7
100
AcDbText
 10
14965.0
 20
4975.625000000002
 30
0.0
 40
67.5
  1
2500
  7
GOST
 11
14965.0
 21
4975.625000000002
 31
0.0
100
AcDbText
  0
LWPOLYLINE
  5
71D
330
17
100
AcDbEntity
  8
TEXT
 62
7
370
15
100
AcDbPolyline
 90
2
 70
0
 10
15375.0
 20
5093.125000000001
 10
15375.0
 20
4827.750000000001
  0
TEXT
  5
71E
330
17
100
AcDbEntity
  8
TEXT
 62
7
100
AcDbText
 10
15415.0
 20
4975.625000000002
 30
0.0
 40
67.5
  1
IP44
  7
GOST
 11
15415.0
 21
4975.625000000002
 31
0.0
100
AcDbText
  0
LWPOLYLINE
  5
71F
330
17
100
AcDbEntity
  8
TEXT
 62
7
370
15
100
AcDbPolyline
 90
2
 70
0
 10
15825.0
 20
5093.125000000001
 10
15825.0
 20
4827.750000000001
  0
TEXT
  5
720
330
17
100
AcDbEntity
  8
TEXT
 62
7
100
AcDbText
 10
15865.0
 20
4975.625000000002
 30
0.0
 40
67.5
  1
3000
  7
GOST
 11
15865.0
 21
4975.625000000002
 31
0.0
100
AcDbText
  0
LWPOLYLINE
  5
721
330
17
100
AcDbEntity
  8
TEXT
 62
7
370
15
100
AcDbPolyline
 90
2
 70
0
 10
16275.0
 20
5093.125000000001
 10
16275.0
 20
4827.750000000001
  0
TEXT
  5
722
330
17
100
AcDbEntity
  8
TEXT
 62
7
100
AcDbText
 10
16315.0
 20
4975.625000000002
 30
0.0
 40
67.5
  1
705 от W10; 480 от W3
  7
GOST
 11
16315.0
 21
4975.625000000002
 31
0.0
100
AcDbText
  0
LWPOLYLINE
  5
723
330
17
100
AcDbEntity
  8
TEXT
 62
7
370
15
100
AcDbPolyline
 90
2
 70
0
 10
17975.0
 20
5093.125000000001
 10
17975.0
 20
4827.750000000001
  0
TEXT
  5
724
330
17
100
AcDbEntity
  8
TEXT
 62
7
100
AcDbText
 10
18015.0
 20
4975.625000000002
 30
0.0
 40
67.5
  1
спот IP44 в подшивном потолке +2500 (hvac.json), вне
  7
GOST
 11
18015.0
 21
4975.625000000002
 31
0.0
100
AcDbText
  0
TEXT
  5
725
330
17
100
AcDbEntity
  8
TEXT
 62
7
100
AcDbText
 10
18015.0
 20
4877.750000000002
 30
0.0
 40
67.5
  1
сушилки F89
  7
GOST
 11
18015.0
 21
4877.750000000002
 31
0.0
100
AcDbText
  0
LWPOLYLINE
  5
726
330
17
100
AcDbEntity
  8
TEXT
 62
7
370
15
100
AcDbPolyline
 90
2
 70
0
 10
20975.0
 20
5093.125000000001
 10
20975.0
 20
4827.750000000001
  0
LWPOLYLINE
  5
727
330
17
100
AcDbEntity
  8
TEXT
 62
7
370
15
100
AcDbPolyline
 90
4
 70
1
 10
12975.0
 20
4562.375000000001
 10
20975.0
 20
4562.375000000001
 10
20975.0
 20
4827.750000000001
 10
12975.0
 20
4827.750000000001
  0
LWPOLYLINE
  5
728
330
17
100
AcDbEntity
  8
TEXT
 62
7
370
15
100
AcDbPolyline
 90
2
 70
0
 10
12975.0
 20
4827.750000000001
 10
12975.0
 20
4562.375000000001
  0
TEXT
  5
729
330
17
100
AcDbEntity
  8
TEXT
 62
7
100
AcDbText
 10
13015.0
 20
4710.250000000001
 30
0.0
 40
67.5
  1
L22-2
  7
GOST
 11
13015.0
 21
4710.250000000001
 31
0.0
100
AcDbText
  0
LWPOLYLINE
  5
72A
330
17
100
AcDbEntity
  8
TEXT
 62
7
370
15
100
AcDbPolyline
 90
2
 70
0
 10
13525.0
 20
4827.750000000001
 10
13525.0
 20
4562.375000000001
  0
TEXT
  5
72B
330
17
100
AcDbEntity
  8
TEXT
 62
7
100
AcDbText
 10
13565.0
 20
4710.250000000001
 30
0.0
 40
67.5
  1
R6
  7
GOST
 11
13565.0
 21
4710.250000000001
 31
0.0
100
AcDbText
  0
LWPOLYLINE
  5
72C
330
17
100
AcDbEntity
  8
TEXT
 62
7
370
15
100
AcDbPolyline
 90
2
 70
0
 10
13875.0
 20
4827.750000000001
 10
13875.0
 20
4562.375000000001
  0
TEXT
  5
72D
330
17
100
AcDbEntity
  8
TEXT
 62
7
100
AcDbText
 10
13915.0
 20
4710.250000000001
 30
0.0
 40
67.5
  1
spot
  7
GOST
 11
13915.0
 21
4710.250000000001
 31
0.0
100
AcDbText
  0
LWPOLYLINE
  5
72E
330
17
100
AcDbEntity
  8
TEXT
 62
7
370
15
100
AcDbPolyline
 90
2
 70
0
 10
14525.0
 20
4827.750000000001
 10
14525.0
 20
4562.375000000001
  0
TEXT
  5
72F
330
17
100
AcDbEntity
  8
TEXT
 62
7
100
AcDbText
 10
14565.0
 20
4710.250000000001
 30
0.0
 40
67.5
  1
6
  7
GOST
 11
14565.0
 21
4710.250000000001
 31
0.0
100
AcDbText
  0
LWPOLYLINE
  5
730
330
17
100
AcDbEntity
  8
TEXT
 62
7
370
15
100
AcDbPolyline
 90
2
 70
0
 10
14925.0
 20
4827.750000000001
 10
14925.0
 20
4562.375000000001
  0
TEXT
  5
731
330
17
100
AcDbEntity
  8
TEXT
 62
7
100
AcDbText
 10
14965.0
 20
4710.250000000001
 30
0.0
 40
67.5
  1
2500
  7
GOST
 11
14965.0
 21
4710.250000000001
 31
0.0
100
AcDbText
  0
LWPOLYLINE
  5
732
330
17
100
AcDbEntity
  8
TEXT
 62
7
370
15
100
AcDbPolyline
 90
2
 70
0
 10
15375.0
 20
4827.750000000001
 10
15375.0
 20
4562.375000000001
  0
TEXT
  5
733
330
17
100
AcDbEntity
  8
TEXT
 62
7
100
AcDbText
 10
15415.0
 20
4710.250000000001
 30
0.0
 40
67.5
  1
IP44
  7
GOST
 11
15415.0
 21
4710.250000000001
 31
0.0
100
AcDbText
  0
LWPOLYLINE
  5
734
330
17
100
AcDbEntity
  8
TEXT
 62
7
370
15
100
AcDbPolyline
 90
2
 70
0
 10
15825.0
 20
4827.750000000001
 10
15825.0
 20
4562.375000000001
  0
TEXT
  5
735
330
17
100
AcDbEntity
  8
TEXT
 62
7
100
AcDbText
 10
15865.0
 20
4710.250000000001
 30
0.0
 40
67.5
  1
3000
  7
GOST
 11
15865.0
 21
4710.250000000001
 31
0.0
100
AcDbText
  0
LWPOLYLINE
  5
736
330
17
100
AcDbEntity
  8
TEXT
 62
7
370
15
100
AcDbPolyline
 90
2
 70
0
 10
16275.0
 20
4827.750000000001
 10
16275.0
 20
4562.375000000001
  0
TEXT
  5
737
330
17
100
AcDbEntity
  8
TEXT
 62
7
100
AcDbText
 10
16315.0
 20
4710.250000000001
 30
0.0
 40
67.5
  1
360 от W4; 931 от NW9
  7
GOST
 11
16315.0
 21
4710.250000000001
 31
0.0
100
AcDbText
  0
LWPOLYLINE
  5
738
330
17
100
AcDbEntity
  8
TEXT
 62
7
370
15
100
AcDbPolyline
 90
2
 70
0
 10
17975.0
 20
4827.750000000001
 10
17975.0
 20
4562.375000000001
  0
TEXT
  5
739
330
17
100
AcDbEntity
  8
TEXT
 62
7
100
AcDbText
 10
18015.0
 20
4710.250000000001
 30
0.0
 40
67.5
  1
спот IP44 в подшивном потолке +2500 (hvac.json), вне
  7
GOST
 11
18015.0
 21
4710.250000000001
 31
0.0
100
AcDbText
  0
TEXT
  5
73A
330
17
100
AcDbEntity
  8
TEXT
 62
7
100
AcDbText
 10
18015.0
 20
4612.375000000002
 30
0.0
 40
67.5
  1
сушилки F89
  7
GOST
 11
18015.0
 21
4612.375000000002
 31
0.0
100
AcDbText
  0
LWPOLYLINE
  5
73B
330
17
100
AcDbEntity
  8
TEXT
 62
7
370
15
100
AcDbPolyline
 90
2
 70
0
 10
20975.0
 20
4827.750000000001
 10
20975.0
 20
4562.375000000001
  0
LWPOLYLINE
  5
73C
330
17
100
AcDbEntity
  8
TEXT
 62
7
370
15
100
AcDbPolyline
 90
4
 70
1
 10
12975.0
 20
4297.000000000001
 10
20975.0
 20
4297.000000000001
 10
20975.0
 20
4562.375000000001
 10
12975.0
 20
4562.375000000001
  0
LWPOLYLINE
  5
73D
330
17
100
AcDbEntity
  8
TEXT
 62
7
370
15
100
AcDbPolyline
 90
2
 70
0
 10
12975.0
 20
4562.375000000001
 10
12975.0
 20
4297.000000000001
  0
TEXT
  5
73E
330
17
100
AcDbEntity
  8
TEXT
 62
7
100
AcDbText
 10
13015.0
 20
4444.875000000001
 30
0.0
 40
67.5
  1
L22-3
  7
GOST
 11
13015.0
 21
4444.875000000001
 31
0.0
100
AcDbText
  0
LWPOLYLINE
  5
73F
330
17
100
AcDbEntity
  8
TEXT
 62
7
370
15
100
AcDbPolyline
 90
2
 70
0
 10
13525.0
 20
4562.375000000001
 10
13525.0
 20
4297.000000000001
  0
TEXT
  5
740
330
17
100
AcDbEntity
  8
TEXT
 62
7
100
AcDbText
 10
13565.0
 20
4444.875000000001
 30
0.0
 40
67.5
  1
R6
  7
GOST
 11
13565.0
 21
4444.875000000001
 31
0.0
100
AcDbText
  0
LWPOLYLINE
  5
741
330
17
100
AcDbEntity
  8
TEXT
 62
7
370
15
100
AcDbPolyline
 90
2
 70
0
 10
13875.0
 20
4562.375000000001
 10
13875.0
 20
4297.000000000001
  0
TEXT
  5
742
330
17
100
AcDbEntity
  8
TEXT
 62
7
100
AcDbText
 10
13915.0
 20
4444.875000000001
 30
0.0
 40
67.5
  1
spot
  7
GOST
 11
13915.0
 21
4444.875000000001
 31
0.0
100
AcDbText
  0
LWPOLYLINE
  5
743
330
17
100
AcDbEntity
  8
TEXT
 62
7
370
15
100
AcDbPolyline
 90
2
 70
0
 10
14525.0
 20
4562.375000000001
 10
14525.0
 20
4297.000000000001
  0
TEXT
  5
744
330
17
100
AcDbEntity
  8
TEXT
 62
7
100
AcDbText
 10
14565.0
 20
4444.875000000001
 30
0.0
 40
67.5
  1
6
  7
GOST
 11
14565.0
 21
4444.875000000001
 31
0.0
100
AcDbText
  0
LWPOLYLINE
  5
745
330
17
100
AcDbEntity
  8
TEXT
 62
7
370
15
100
AcDbPolyline
 90
2
 70
0
 10
14925.0
 20
4562.375000000001
 10
14925.0
 20
4297.000000000001
  0
TEXT
  5
746
330
17
100
AcDbEntity
  8
TEXT
 62
7
100
AcDbText
 10
14965.0
 20
4444.875000000001
 30
0.0
 40
67.5
  1
2500
  7
GOST
 11
14965.0
 21
4444.875000000001
 31
0.0
100
AcDbText
  0
LWPOLYLINE
  5
747
330
17
100
AcDbEntity
  8
TEXT
 62
7
370
15
100
AcDbPolyline
 90
2
 70
0
 10
15375.0
 20
4562.375000000001
 10
15375.0
 20
4297.000000000001
  0
TEXT
  5
748
330
17
100
AcDbEntity
  8
TEXT
 62
7
100
AcDbText
 10
15415.0
 20
4444.875000000001
 30
0.0
 40
67.5
  1
IP44
  7
GOST
 11
15415.0
 21
4444.875000000001
 31
0.0
100
AcDbText
  0
LWPOLYLINE
  5
749
330
17
100
AcDbEntity
  8
TEXT
 62
7
370
15
100
AcDbPolyline
 90
2
 70
0
 10
15825.0
 20
4562.375000000001
 10
15825.0
 20
4297.000000000001
  0
TEXT
  5
74A
330
17
100
AcDbEntity
  8
TEXT
 62
7
100
AcDbText
 10
15865.0
 20
4444.875000000001
 30
0.0
 40
67.5
  1
3000
  7
GOST
 11
15865.0
 21
4444.875000000001
 31
0.0
100
AcDbText
  0
LWPOLYLINE
  5
74B
330
17
100
AcDbEntity
  8
TEXT
 62
7
370
15
100
AcDbPolyline
 90
2
 70
0
 10
16275.0
 20
4562.375000000001
 10
16275.0
 20
4297.000000000001
  0
TEXT
  5
74C
330
17
100
AcDbEntity
  8
TEXT
 62
7
100
AcDbText
 10
16315.0
 20
4444.875000000001
 30
0.0
 40
67.5
  1
730 от W10; 381 от W11
  7
GOST
 11
16315.0
 21
4444.875000000001
 31
0.0
100
AcDbText
  0
LWPOLYLINE
  5
74D
330
17
100
AcDbEntity
  8
TEXT
 62
7
370
15
100
AcDbPolyline
 90
2
 70
0
 10
17975.0
 20
4562.375000000001
 10
17975.0
 20
4297.000000000001
  0
TEXT
  5
74E
330
17
100
AcDbEntity
  8
TEXT
 62
7
100
AcDbText
 10
18015.0
 20
4444.875000000001
 30
0.0
 40
67.5
  1
спот IP44 в подшивном потолке +2500 (hvac.json), вне
  7
GOST
 11
18015.0
 21
4444.875000000001
 31
0.0
100
AcDbText
  0
TEXT
  5
74F
330
17
100
AcDbEntity
  8
TEXT
 62
7
100
AcDbText
 10
18015.0
 20
4347.000000000001
 30
0.0
 40
67.5
  1
сушилки F89
  7
GOST
 11
18015.0
 21
4347.000000000001
 31
0.0
100
AcDbText
  0
LWPOLYLINE
  5
750
330
17
100
AcDbEntity
  8
TEXT
 62
7
370
15
100
AcDbPolyline
 90
2
 70
0
 10
20975.0
 20
4562.375000000001
 10
20975.0
 20
4297.000000000001
  0
LWPOLYLINE
  5
751
330
17
100
AcDbEntity
  8
TEXT
 62
7
370
35
100
AcDbPolyline
 90
4
 70
1
 10
12975.0
 20
4297.000000000001
 10
20975.0
 20
4297.000000000001
 10
20975.0
 20
14280.000000000002
 10
12975.0
 20
14280.000000000002
  0
TEXT
  5
752
330
17
100
AcDbEntity
  8
TEXT
 62
7
100
AcDbText
 10
21262.5
 20
20590.0
 30
0.0
 40
110.00000000000001
  1
Примечания
  7
GOST
 11
21262.5
 21
20590.0
 31
0.0
100
AcDbText
  0
TEXT
  5
753
330
17
100
AcDbEntity
  8
TEXT
 62
7
100
AcDbText
 10
21262.5
 20
20420.0
 30
0.0
 40
70.0
  1
Высоты h — до центра изделия от УЧП ±0.000; привязки — до грани ближайшей стены по X и по Y, мм.
  7
GOST
 11
21262.5
 21
20420.0
 31
0.0
100
AcDbText
  0
TEXT
  5
754
330
17
100
AcDbEntity
  8
TEXT
 62
7
100
AcDbText
 10
21262.5
 20
20315.0
 30
0.0
 40
70.0
  1
* В ванной R5 высоты — от чистого пола ванной (+80 к УЧП квартиры).
  7
GOST
 11
21262.5
 21
20315.0
 31
0.0
100
AcDbText
  0
TEXT
  5
755
330
17
100
AcDbEntity
  8
TEXT
 62
7
100
AcDbText
 10
21262.5
 20
20210.0
 30
0.0
 40
70.0
  1
Водяной ТП в стяжке: штробить пол и крепить в пол ЗАПРЕЩЕНО. Все кабели — по потолку в гофре ПВХ нг Ø16–25 в зазоре 50 мм между чистовым
  7
GOST
 11
21262.5
 21
20210.0
 31
0.0
100
AcDbText
  0
TEXT
  5
756
330
17
100
AcDbEntity
  8
TEXT
 62
7
100
AcDbText
 10
21262.5
 20
20105.0
 30
0.0
 40
70.0
  1
потолком (ГКЛ/натяжной, +2700) и плитой (+2750), в коридоре/с/у — в коробах +2450..2500; спуски к точкам — вертикальными штробами (кирпич — ≤ 25
  7
GOST
 11
21262.5
 21
20105.0
 31
0.0
100
AcDbText
  0
TEXT
  5
757
330
17
100
AcDbEntity
  8
TEXT
 62
7
100
AcDbText
 10
21262.5
 20
19999.999999999996
 30
0.0
 40
70.0
  1
мм, только вертикально; ж/б — без штроб, облицовка ГКЛ/накладной монтаж); горизонтальные участки на стенах — только у потолка (в зоне 150 мм) или в
  7
GOST
 11
21262.5
 21
19999.999999999996
 31
0.0
100
AcDbText
  0
TEXT
  5
758
330
17
100
AcDbEntity
  8
TEXT
 62
7
100
AcDbText
 10
21262.5
 20
19894.999999999996
 30
0.0
 40
70.0
  1
плинтусе-кабель-канале (под окнами O2/O3, мебель балкона). Штробы в плите перекрытия — не применяются. Кабели на балкон — через откосы проёма O4
  7
GOST
 11
21262.5
 21
19894.999999999996
 31
0.0
100
AcDbText
  0
TEXT
  5
759
330
17
100
AcDbEntity
  8
TEXT
 62
7
100
AcDbText
 10
21262.5
 20
19789.999999999996
 30
0.0
 40
70.0
  1
(без сверления перемычки и простенков). Разводка лучами из щита/шлейфом через подрозетники; распаечные коробки — только доступные (у люков/за
  7
GOST
 11
21262.5
 21
19789.999999999996
 31
0.0
100
AcDbText
  0
TEXT
  5
75A
330
17
100
AcDbEntity
  8
TEXT
 62
7
100
AcDbText
 10
21262.5
 20
19684.999999999993
 30
0.0
 40
70.0
  1
светильниками)
  7
GOST
 11
21262.5
 21
19684.999999999993
 31
0.0
100
AcDbText
  0
LWPOLYLINE
  5
75B
330
17
100
AcDbEntity
  8
FRAME
 62
7
370
50
100
AcDbPolyline
 90
4
 70
1
 10
1000.0
 20
250.0
 10
29450.0
 20
250.0
 10
29450.0
 20
20750.0
 10
1000.0
 20
20750.0
  0
TEXT
  5
75C
330
17
100
AcDbEntity
  8
FRAME
 62
7
100
AcDbText
 10
29450.0
 20
80.0
 30
0.0
 40
100.0
  1
Формат A2
  7
GOST
 72
2
 11
29450.0
 21
80.0
 31
0.0
100
AcDbText
  0
HATCH
  5
75D
330
17
100
AcDbEntity
  8
FRAME
 62
7
420
16777215
100
AcDbHatch
 10
0.0
 20
0.0
 30
0.0
210
0.0
220
0.0
230
1.0
  2
SOLID
 70
1
 71
0
 91
1
 92
3
 72
0
 73
1
 93
4
 10
20200.0
 20
250.0
 10
29450.0
 20
250.0
 10
29450.0
 20
3000.0
 10
20200.0
 20
3000.0
 97
0
 75
1
 76
1
 98
0
  0
LWPOLYLINE
  5
75E
330
17
100
AcDbEntity
  8
FRAME
 62
7
370
50
100
AcDbPolyline
 90
4
 70
1
 10
20200.0
 20
250.0
 10
29450.0
 20
250.0
 10
29450.0
 20
3000.0
 10
20200.0
 20
3000.0
  0
LWPOLYLINE
  5
75F
330
17
100
AcDbEntity
  8
FRAME
 62
7
370
50
100
AcDbPolyline
 90
2
 70
0
 10
23450.0
 20
2250.0
 10
29450.0
 20
2250.0
  0
LWPOLYLINE
  5
760
330
17
100
AcDbEntity
  8
FRAME
 62
7
370
50
100
AcDbPolyline
 90
2
 70
0
 10
23450.0
 20
1750.0
 10
29450.0
 20
1750.0
  0
LWPOLYLINE
  5
761
330
17
100
AcDbEntity
  8
FRAME
 62
7
370
50
100
AcDbPolyline
 90
2
 70
0
 10
23450.0
 20
1000.0
 10
29450.0
 20
1000.0
  0
LWPOLYLINE
  5
762
330
17
100
AcDbEntity
  8
FRAME
 62
7
370
50
100
AcDbPolyline
 90
2
 70
0
 10
23450.0
 20
250.0
 10
23450.0
 20
3000.0
  0
LWPOLYLINE
  5
763
330
17
100
AcDbEntity
  8
FRAME
 62
7
370
50
100
AcDbPolyline
 90
2
 70
0
 10
26950.0
 20
250.0
 10
26950.0
 20
1750.0
  0
LWPOLYLINE
  5
764
330
17
100
AcDbEntity
  8
FRAME
 62
7
370
20
100
AcDbPolyline
 90
2
 70
0
 10
26950.0
 20
1500.0
 10
29450.0
 20
1500.0
  0
LWPOLYLINE
  5
765
330
17
100
AcDbEntity
  8
FRAME
 62
7
370
20
100
AcDbPolyline
 90
2
 70
0
 10
27700.0
 20
1000.0
 10
27700.0
 20
1750.0
  0
LWPOLYLINE
  5
766
330
17
100
AcDbEntity
  8
FRAME
 62
7
370
20
100
AcDbPolyline
 90
2
 70
0
 10
28450.0
 20
1000.0
 10
28450.0
 20
1750.0
  0
TEXT
  5
767
330
17
100
AcDbEntity
  8
FRAME
 62
7
100
AcDbText
 10
27325.0
 20
1560.0
 30
0.0
 40
100.0
  1
Стадия
  7
GOST
 72
1
 11
27325.0
 21
1560.0
 31
0.0
100
AcDbText
  0
TEXT
  5
768
330
17
100
AcDbEntity
  8
FRAME
 62
7
100
AcDbText
 10
28075.0
 20
1560.0
 30
0.0
 40
100.0
  1
Лист
  7
GOST
 72
1
 11
28075.0
 21
1560.0
 31
0.0
100
AcDbText
  0
TEXT
  5
769
330
17
100
AcDbEntity
  8
FRAME
 62
7
100
AcDbText
 10
28950.0
 20
1560.0
 30
0.0
 40
100.0
  1
Листов
  7
GOST
 72
1
 11
28950.0
 21
1560.0
 31
0.0
100
AcDbText
  0
TEXT
  5
76A
330
17
100
AcDbEntity
  8
FRAME
 62
7
100
AcDbText
 10
27325.0
 20
1170.0
 30
0.0
 40
175.0
  1
Р
  7
GOST
 72
1
 11
27325.0
 21
1170.0
 31
0.0
100
AcDbText
  0
TEXT
  5
76B
330
17
100
AcDbEntity
  8
FRAME
 62
7
100
AcDbText
 10
28075.0
 20
1170.0
 30
0.0
 40
175.0
  1
25
  7
GOST
 72
1
 11
28075.0
 21
1170.0
 31
0.0
100
AcDbText
  0
TEXT
  5
76C
330
17
100
AcDbEntity
  8
FRAME
 62
7
100
AcDbText
 10
28950.0
 20
1170.0
 30
0.0
 40
175.0
  1
39
  7
GOST
 72
1
 11
28950.0
 21
1170.0
 31
0.0
100
AcDbText
  0
LWPOLYLINE
  5
76D
330
17
100
AcDbEntity
  8
FRAME
 62
7
370
20
100
AcDbPolyline
 90
2
 70
0
 10
20200.0
 20
500.0
 10
23450.0
 20
500.0
  0
LWPOLYLINE
  5
76E
330
17
100
AcDbEntity
  8
FRAME
 62
7
370
20
100
AcDbPolyline
 90
2
 70
0
 10
20200.0
 20
750.0
 10
23450.0
 20
750.0
  0
LWPOLYLINE
  5
76F
330
17
100
AcDbEntity
  8
FRAME
 62
7
370
20
100
AcDbPolyline
 90
2
 70
0
 10
20200.0
 20
1000.0
 10
23450.0
 20
1000.0
  0
LWPOLYLINE
  5
770
330
17
100
AcDbEntity
  8
FRAME
 62
7
370
20
100
AcDbPolyline
 90
2
 70
0
 10
20200.0
 20
1250.0
 10
23450.0
 20
1250.0
  0
LWPOLYLINE
  5
771
330
17
100
AcDbEntity
  8
FRAME
 62
7
370
50
100
AcDbPolyline
 90
2
 70
0
 10
20200.0
 20
1500.0
 10
23450.0
 20
1500.0
  0
LWPOLYLINE
  5
772
330
17
100
AcDbEntity
  8
FRAME
 62
7
370
50
100
AcDbPolyline
 90
2
 70
0
 10
20200.0
 20
1750.0
 10
23450.0
 20
1750.0
  0
LWPOLYLINE
  5
773
330
17
100
AcDbEntity
  8
FRAME
 62
7
370
20
100
AcDbPolyline
 90
2
 70
0
 10
20200.0
 20
2000.0
 10
23450.0
 20
2000.0
  0
LWPOLYLINE
  5
774
330
17
100
AcDbEntity
  8
FRAME
 62
7
370
20
100
AcDbPolyline
 90
2
 70
0
 10
20200.0
 20
2250.0
 10
23450.0
 20
2250.0
  0
LWPOLYLINE
  5
775
330
17
100
AcDbEntity
  8
FRAME
 62
7
370
20
100
AcDbPolyline
 90
2
 70
0
 10
20200.0
 20
2500.0
 10
23450.0
 20
2500.0
  0
LWPOLYLINE
  5
776
330
17
100
AcDbEntity
  8
FRAME
 62
7
370
20
100
AcDbPolyline
 90
2
 70
0
 10
20200.0
 20
2750.0
 10
23450.0
 20
2750.0
  0
LWPOLYLINE
  5
777
330
17
100
AcDbEntity
  8
FRAME
 62
7
370
50
100
AcDbPolyline
 90
2
 70
0
 10
20700.0
 20
1500.0
 10
20700.0
 20
3000.0
  0
LWPOLYLINE
  5
778
330
17
100
AcDbEntity
  8
FRAME
 62
7
370
50
100
AcDbPolyline
 90
2
 70
0
 10
21200.0
 20
250.0
 10
21200.0
 20
3000.0
  0
LWPOLYLINE
  5
779
330
17
100
AcDbEntity
  8
FRAME
 62
7
370
50
100
AcDbPolyline
 90
2
 70
0
 10
21700.0
 20
1500.0
 10
21700.0
 20
3000.0
  0
LWPOLYLINE
  5
77A
330
17
100
AcDbEntity
  8
FRAME
 62
7
370
50
100
AcDbPolyline
 90
2
 70
0
 10
22200.0
 20
250.0
 10
22200.0
 20
3000.0
  0
LWPOLYLINE
  5
77B
330
17
100
AcDbEntity
  8
FRAME
 62
7
370
50
100
AcDbPolyline
 90
2
 70
0
 10
22950.0
 20
250.0
 10
22950.0
 20
3000.0
  0
TEXT
  5
77C
330
17
100
AcDbEntity
  8
FRAME
 62
7
100
AcDbText
 10
20450.0
 20
1565.0
 30
0.0
 40
90.0
  1
Изм.
  7
GOST
 72
1
 11
20450.0
 21
1565.0
 31
0.0
100
AcDbText
  0
TEXT
  5
77D
330
17
100
AcDbEntity
  8
FRAME
 62
7
100
AcDbText
 10
20950.0
 20
1565.0
 30
0.0
 40
90.0
  1
Кол.уч
  7
GOST
 72
1
 11
20950.0
 21
1565.0
 31
0.0
100
AcDbText
  0
TEXT
  5
77E
330
17
100
AcDbEntity
  8
FRAME
 62
7
100
AcDbText
 10
21450.0
 20
1565.0
 30
0.0
 40
90.0
  1
Лист
  7
GOST
 72
1
 11
21450.0
 21
1565.0
 31
0.0
100
AcDbText
  0
TEXT
  5
77F
330
17
100
AcDbEntity
  8
FRAME
 62
7
100
AcDbText
 10
21950.0
 20
1565.0
 30
0.0
 40
90.0
  1
№док.
  7
GOST
 72
1
 11
21950.0
 21
1565.0
 31
0.0
100
AcDbText
  0
TEXT
  5
780
330
17
100
AcDbEntity
  8
FRAME
 62
7
100
AcDbText
 10
22575.0
 20
1565.0
 30
0.0
 40
90.0
  1
Подп.
  7
GOST
 72
1
 11
22575.0
 21
1565.0
 31
0.0
100
AcDbText
  0
TEXT
  5
781
330
17
100
AcDbEntity
  8
FRAME
 62
7
100
AcDbText
 10
23200.0
 20
1565.0
 30
0.0
 40
90.0
  1
Дата
  7
GOST
 72
1
 11
23200.0
 21
1565.0
 31
0.0
100
AcDbText
  0
TEXT
  5
782
330
17
100
AcDbEntity
  8
FRAME
 62
7
100
AcDbText
 10
20250.0
 20
1315.0
 30
0.0
 40
100.0
  1
Разраб.
  7
GOST
 11
20250.0
 21
1315.0
 31
0.0
100
AcDbText
  0
TEXT
  5
783
330
17
100
AcDbEntity
  8
FRAME
 62
7
100
AcDbText
 10
20250.0
 20
1065.0
 30
0.0
 40
100.0
  1
Пров.
  7
GOST
 11
20250.0
 21
1065.0
 31
0.0
100
AcDbText
  0
TEXT
  5
784
330
17
100
AcDbEntity
  8
FRAME
 62
7
100
AcDbText
 10
20250.0
 20
815.0
 30
0.0
 40
100.0
  1
ГИП
  7
GOST
 11
20250.0
 21
815.0
 31
0.0
100
AcDbText
  0
TEXT
  5
785
330
17
100
AcDbEntity
  8
FRAME
 62
7
100
AcDbText
 10
20250.0
 20
565.0
 30
0.0
 40
100.0
  1
Н.контр.
  7
GOST
 11
20250.0
 21
565.0
 31
0.0
100
AcDbText
  0
TEXT
  5
786
330
17
100
AcDbEntity
  8
FRAME
 62
7
100
AcDbText
 10
20250.0
 20
315.0
 30
0.0
 40
100.0
  1
Утв.
  7
GOST
 11
20250.0
 21
315.0
 31
0.0
100
AcDbText
  0
TEXT
  5
787
330
17
100
AcDbEntity
  8
FRAME
 62
7
100
AcDbText
 10
21240.0
 20
1315.0
 30
0.0
 40
100.0
  1
pib-агенты
  7
GOST
 11
21240.0
 21
1315.0
 31
0.0
100
AcDbText
  0
TEXT
  5
788
330
17
100
AcDbEntity
  8
FRAME
 62
7
100
AcDbText
 10
23200.0
 20
1315.0
 30
0.0
 40
90.0
  1
10.2026
  7
GOST
 72
1
 11
23200.0
 21
1315.0
 31
0.0
100
AcDbText
  0
TEXT
  5
789
330
17
100
AcDbEntity
  8
FRAME
 62
7
100
AcDbText
 10
26450.0
 20
2500.0
 30
0.0
 40
250.0
  1
КВ108-ДП-ЭО-01
  7
GOST
 72
1
 11
26450.0
 21
2500.0
 31
0.0
100
AcDbText
  0
TEXT
  5
78A
330
17
100
AcDbEntity
  8
FRAME
 62
7
100
AcDbText
 10
26450.0
 20
1912.5
 30
0.0
 40
175.0
  1
Квартира №108, СПб, дизайн-проект
  7
GOST
 72
1
 11
26450.0
 21
1912.5
 31
0.0
100
AcDbText
  0
TEXT
  5
78B
330
17
100
AcDbEntity
  8
FRAME
 62
7
100
AcDbText
 10
25200.0
 20
1300.0
 30
0.0
 40
150.0
  1
Электроосвещение
  7
GOST
 72
1
 11
25200.0
 21
1300.0
 31
0.0
100
AcDbText
  0
TEXT
  5
78C
330
17
100
AcDbEntity
  8
FRAME
 62
7
100
AcDbText
 10
25200.0
 20
653.125
 30
0.0
 40
125.0
  1
План освещения
  7
GOST
 72
1
 11
25200.0
 21
653.125
 31
0.0
100
AcDbText
  0
TEXT
  5
78D
330
17
100
AcDbEntity
  8
FRAME
 62
7
100
AcDbText
 10
25200.0
 20
471.875
 30
0.0
 40
125.0
  1
Масштаб 1:50
  7
GOST
 72
1
 11
25200.0
 21
471.875
 31
0.0
100
AcDbText
  0
TEXT
  5
78E
330
17
100
AcDbEntity
  8
FRAME
 62
7
100
AcDbText
 10
28200.0
 20
658.75
 30
0.0
 40
150.0
  1
ПИБ
  7
GOST
 72
1
 11
28200.0
 21
658.75
 31
0.0
100
AcDbText
  0
TEXT
  5
78F
330
17
100
AcDbEntity
  8
FRAME
 62
7
100
AcDbText
 10
28200.0
 20
441.25000000000006
 30
0.0
 40
150.0
  1
агенты pib-*
  7
GOST
 72
1
 11
28200.0
 21
441.25000000000006
 31
0.0
100
AcDbText
  0
ENDSEC
  0
SECTION
  2
OBJECTS
  0
DICTIONARY
  5
A
330
0
100
AcDbDictionary
281
1
  3
ACAD_COLOR
350
B
  3
ACAD_GROUP
350
C
  3
ACAD_LAYOUT
350
D
  3
ACAD_MATERIAL
350
E
  3
ACAD_MLEADERSTYLE
350
F
  3
ACAD_MLINESTYLE
350
10
  3
ACAD_PLOTSETTINGS
350
11
  3
ACAD_PLOTSTYLENAME
350
12
  3
ACAD_SCALELIST
350
14
  3
ACAD_TABLESTYLE
350
15
  3
ACAD_VISUALSTYLE
350
16
  3
EZDXF_META
350
2D
  0
DICTIONARY
  5
B
330
A
100
AcDbDictionary
281
1
  0
DICTIONARY
  5
C
330
A
100
AcDbDictionary
281
1
  0
DICTIONARY
  5
D
330
A
100
AcDbDictionary
281
1
  3
Model
350
1A
  3
Layout1
350
1E
  0
DICTIONARY
  5
E
330
A
100
AcDbDictionary
281
1
  3
ByBlock
350
1F
  3
ByLayer
350
20
  3
Global
350
21
  0
DICTIONARY
  5
F
330
A
100
AcDbDictionary
281
1
  3
Standard
350
2C
  0
DICTIONARY
  5
10
330
A
100
AcDbDictionary
281
1
  3
Standard
350
22
  0
DICTIONARY
  5
11
330
A
100
AcDbDictionary
281
1
  0
ACDBDICTIONARYWDFLT
  5
12
330
A
100
AcDbDictionary
281
1
  3
Normal
350
13
100
AcDbDictionaryWithDefault
340
13
  0
ACDBPLACEHOLDER
  5
13
330
12
  0
DICTIONARY
  5
14
330
A
100
AcDbDictionary
281
1
  0
DICTIONARY
  5
15
330
A
100
AcDbDictionary
281
1
  0
DICTIONARY
  5
16
330
A
100
AcDbDictionary
281
1
  3
2dWireframe
350
5A
  3
Basic
350
5B
  3
Brighten
350
5C
  3
ColorChange
350
5D
  3
Conceptual
350
5E
  3
Dim
350
5F
  3
EdgeColorOff
350
60
  3
Facepattern
350
61
  3
Flat
350
62
  3
FlatWithEdges
350
63
  3
Gouraud
350
64
  3
GouraudWithEdges
350
65
  3
Hidden
350
66
  3
JitterOff
350
67
  3
Linepattern
350
68
  3
Modeling
350
69
  3
OverhangOff
350
6A
  3
Realistic
350
6B
  3
Shaded
350
6C
  3
Shaded with edges
350
6D
  3
Shades of Gray
350
6E
  3
Sketchy
350
6F
  3
Thicken
350
70
  3
Wireframe
350
71
  3
X-Ray
350
72
  0
LAYOUT
  5
1A
330
D
100
AcDbPlotSettings
  1

  4
A3
  6

 40
7.5
 41
20.0
 42
7.5
 43
20.0
 44
420.0
 45
297.0
 46
0.0
 47
0.0
 48
0.0
 49
0.0
140
0.0
141
0.0
142
1.0
143
1.0
 70
1024
 72
1
 73
0
 74
5
  7

 75
16
 76
0
 77
2
 78
300
147
1.0
148
0.0
149
0.0
100
AcDbLayout
  1
Model
 70
1
 71
0
 10
0.0
 20
0.0
 11
420.0
 21
297.0
 12
0.0
 22
0.0
 32
0.0
 14
1e+20
 24
1e+20
 34
1e+20
 15
-1e+20
 25
-1e+20
 35
-1e+20
146
0.0
 13
0.0
 23
0.0
 33
0.0
 16
1.0
 26
0.0
 36
0.0
 17
0.0
 27
1.0
 37
0.0
 76
1
330
17
  0
LAYOUT
  5
1E
330
D
100
AcDbPlotSettings
  1

  4
A3
  6

 40
7.5
 41
20.0
 42
7.5
 43
20.0
 44
420.0
 45
297.0
 46
0.0
 47
0.0
 48
0.0
 49
0.0
140
0.0
141
0.0
142
1.0
143
1.0
 70
0
 72
1
 73
0
 74
5
  7

 75
16
 76
0
 77
2
 78
300
147
1.0
148
0.0
149
0.0
100
AcDbLayout
  1
Layout1
 70
1
 71
1
 10
0.0
 20
0.0
 11
420.0
 21
297.0
 12
0.0
 22
0.0
 32
0.0
 14
1e+20
 24
1e+20
 34
1e+20
 15
-1e+20
 25
-1e+20
 35
-1e+20
146
0.0
 13
0.0
 23
0.0
 33
0.0
 16
1.0
 26
0.0
 36
0.0
 17
0.0
 27
1.0
 37
0.0
 76
1
330
1B
  0
MATERIAL
  5
1F
102
{ACAD_REACTORS
330
E
102
}
330
E
100
AcDbMaterial
  1
ByBlock
  2

 70
0
 40
1.0
 71
1
 41
1.0
 91
-1023410177
 42
1.0
 72
1
  3

 73
1
 74
1
 75
1
 44
0.5
 73
0
 45
1.0
 46
1.0
 77
1
  4

 78
1
 79
1
170
1
 48
1.0
171
1
  6

172
1
173
1
174
1
140
1.0
141
1.0
175
1
  7

176
1
177
1
178
1
143
1.0
179
1
  8

270
1
271
1
272
1
145
1.0
146
1.0
273
1
  9

274
1
275
1
276
1
 42
1.0
 72
1
  3

 73
1
 74
1
 75
1
 94
63
  0
MATERIAL
  5
20
102
{ACAD_REACTORS
330
E
102
}
330
E
100
AcDbMaterial
  1
ByLayer
  2

 70
0
 40
1.0
 71
1
 41
1.0
 91
-1023410177
 42
1.0
 72
1
  3

 73
1
 74
1
 75
1
 44
0.5
 73
0
 45
1.0
 46
1.0
 77
1
  4

 78
1
 79
1
170
1
 48
1.0
171
1
  6

172
1
173
1
174
1
140
1.0
141
1.0
175
1
  7

176
1
177
1
178
1
143
1.0
179
1
  8

270
1
271
1
272
1
145
1.0
146
1.0
273
1
  9

274
1
275
1
276
1
 42
1.0
 72
1
  3

 73
1
 74
1
 75
1
 94
63
  0
MATERIAL
  5
21
102
{ACAD_REACTORS
330
E
102
}
330
E
100
AcDbMaterial
  1
Global
  2

 70
0
 40
1.0
 71
1
 41
1.0
 91
-1023410177
 42
1.0
 72
1
  3

 73
1
 74
1
 75
1
 44
0.5
 73
0
 45
1.0
 46
1.0
 77
1
  4

 78
1
 79
1
170
1
 48
1.0
171
1
  6

172
1
173
1
174
1
140
1.0
141
1.0
175
1
  7

176
1
177
1
178
1
143
1.0
179
1
  8

270
1
271
1
272
1
145
1.0
146
1.0
273
1
  9

274
1
275
1
276
1
 42
1.0
 72
1
  3

 73
1
 74
1
 75
1
 94
63
  0
MLINESTYLE
  5
22
102
{ACAD_REACTORS
330
10
102
}
330
10
100
AcDbMlineStyle
  2
Standard
 70
0
  3

 62
256
 51
90.0
 52
90.0
 71
2
 49
0.5
 62
256
  6
BYLAYER
 49
-0.5
 62
256
  6
BYLAYER
  0
MLEADERSTYLE
  5
2C
102
{ACAD_REACTORS
330
F
102
}
330
F
100
AcDbMLeaderStyle
179
2
170
2
171
1
172
0
 90
2
 40
0.0
 41
0.0
173
1
 91
-1056964608
 92
-2
290
1
 42
2.0
291
1
 43
8.0
  3
Standard
 44
4.0
300

342
29
174
1
175
1
176
0
178
1
 93
-1056964608
 45
4.0
292
0
297
0
 46
4.0
 94
-1056964608
 47
1.0
 49
1.0
140
1.0
294
1
141
0.0
177
0
142
1.0
295
0
296
0
143
3.75
271
0
272
9
273
9
  0
DICTIONARY
  5
2D
330
A
100
AcDbDictionary
280
1
281
1
  3
CREATED_BY_EZDXF
350
2E
  3
WRITTEN_BY_EZDXF
350
792
  0
DICTIONARYVAR
  5
2E
330
2D
100
DictionaryVariables
280
0
  1
1.4.4 @ 2026-10-08T17:04:00.124342+00:00
  0
VISUALSTYLE
  5
5A
102
{ACAD_REACTORS
330
16
102
}
330
16
100
AcDbVisualStyle
  2
2dWireframe
 70
4
177
3
291
0
 70
58
 90
2
176
1
 90
2
176
1
 90
0
176
1
 90
0
176
1
 40
0.6
176
1
 40
30.0
176
1
 62
7
420
16777215
176
1
 90
1
176
1
 90
4
176
1
 62
7
176
1
 62
257
176
1
 90
1
176
1
 90
1
176
1
 40
1.0
176
1
 90
8
176
1
 62
7
176
1
 40
1.0
176
1
 90
1
176
1
 90
6
176
1
 90
2
176
1
 62
7
176
1
 90
5
176
1
 90
0
176
1
 90
0
176
1
290
0
176
1
 90
1
176
1
 40
0.0
176
1
 90
0
176
1
290
1
176
1
290
1
176
1
290
0
176
1
290
0
176
1
290
0
176
1
290
0
176
1
290
0
176
1
290
0
176
1
290
0
176
1
 90
50
176
1
 40
0.0
176
1
 40
1.0
176
1
 90
0
176
1
 62
18
420
0
176
1
 90
50
176
1
 90
3
176
1
 62
5
420
255
176
1
290
0
176
1
 90
50
176
1
 90
50
176
1
 90
50
176
1
290
0
176
1
 90
50
176
1
 62
256
176
0
 40
1.0
176
0
 90
2
176
1
  1
strokes_ogs.tif
176
1
290
0
176
1
 40
1.0
176
1
 40
1.0
176
1
  0
VISUALSTYLE
  5
5B
102
{ACAD_REACTORS
330
16
102
}
330
16
100
AcDbVisualStyle
  2
Basic
 70
7
177
3
291
1
 70
58
 90
2
176
1
 90
2
176
1
 90
0
176
1
 90
1
176
1
 40
0.6
176
1
 40
30.0
176
1
 62
7
420
16777215
176
1
 90
1
176
1
 90
4
176
1
 62
7
176
1
 62
257
176
1
 90
1
176
1
 90
1
176
1
 40
1.0
176
1
 90
8
176
1
 62
7
176
1
 40
1.0
176
1
 90
1
176
1
 90
6
176
1
 90
2
176
1
 62
7
176
1
 90
5
176
1
 90
0
176
1
 90
0
176
1
290
0
176
1
 90
1
176
1
 40
0.0
176
1
 90
0
176
1
290
0
176
1
290
1
176
1
290
1
176
1
290
0
176
1
290
0
176
1
290
0
176
1
290
0
176
1
290
0
176
1
290
0
176
1
 90
50
176
1
 40
0.0
176
1
 40
1.0
176
1
 90
0
176
1
 62
18
420
0
176
1
 90
50
176
1
 90
3
176
1
 62
5
420
255
176
1
290
0
176
1
 90
50
176
1
 90
50
176
1
 90
50
176
1
290
0
176
1
 90
50
176
1
 62
256
176
0
 40
1.0
176
0
 90
2
176
1
  1
strokes_ogs.tif
176
1
290
0
176
1
 40
1.0
176
1
 40
1.0
176
1
  0
VISUALSTYLE
  5
5C
102
{ACAD_REACTORS
330
16
102
}
330
16
100
AcDbVisualStyle
  2
Brighten
 70
12
177
3
291
1
 70
58
 90
2
176
1
 90
2
176
1
 90
0
176
1
 90
2
176
1
 40
0.6
176
1
 40
30.0
176
1
 62
7
420
16777215
176
1
 90
1
176
1
 90
4
176
1
 62
7
176
1
 62
257
176
1
 90
1
176
1
 90
1
176
1
 40
1.0
176
1
 90
8
176
1
 62
7
176
1
 40
1.0
176
1
 90
1
176
1
 90
6
176
1
 90
2
176
1
 62
7
176
1
 90
5
176
1
 90
0
176
1
 90
0
176
1
290
0
176
1
 90
1
176
1
 40
0.0
176
1
 90
0
176
1
290
0
176
1
290
1
176
1
290
1
176
1
290
0
176
1
290
0
176
1
290
0
176
1
290
0
176
1
290
0
176
1
290
0
176
1
 90
50
176
1
 40
0.0
176
1
 40
1.0
176
1
 90
0
176
1
 62
18
420
0
176
1
 90
50
176
1
 90
3
176
1
 62
5
420
255
176
1
290
0
176
1
 90
50
176
1
 90
50
176
1
 90
50
176
1
290
0
176
1
 90
50
176
1
 62
256
176
0
 40
1.0
176
0
 90
2
176
1
  1
strokes_ogs.tif
176
1
290
0
176
1
 40
1.0
176
1
 40
1.0
176
1
  0
VISUALSTYLE
  5
5D
102
{ACAD_REACTORS
330
16
102
}
330
16
100
AcDbVisualStyle
  2
ColorChange
 70
16
177
3
291
1
 70
58
 90
2
176
1
 90
2
176
1
 90
0
176
1
 90
2
176
1
 40
0.6
176
1
 40
30.0
176
1
 62
7
420
16777215
176
1
 90
1
176
1
 90
4
176
1
 62
7
176
1
 62
257
176
1
 90
1
176
1
 90
1
176
1
 40
1.0
176
1
 90
8
176
1
 62
7
176
1
 40
1.0
176
1
 90
1
176
1
 90
6
176
1
 90
2
176
1
 62
7
176
1
 90
5
176
1
 90
0
176
1
 90
0
176
1
290
0
176
1
 90
1
176
1
 40
0.0
176
1
 90
0
176
1
290
0
176
1
290
1
176
1
290
1
176
1
290
0
176
1
290
0
176
1
290
0
176
1
290
0
176
1
290
0
176
1
290
0
176
1
 90
50
176
1
 40
0.0
176
1
 40
1.0
176
1
 90
0
176
1
 62
18
420
0
176
1
 90
50
176
1
 90
3
176
1
 62
5
420
255
176
1
290
0
176
1
 90
50
176
1
 90
50
176
1
 90
50
176
1
290
0
176
1
 90
50
176
1
 62
256
176
0
 40
1.0
176
0
 90
2
176
1
  1
strokes_ogs.tif
176
1
290
0
176
1
 40
1.0
176
1
 40
1.0
176
1
  0
VISUALSTYLE
  5
5E
102
{ACAD_REACTORS
330
16
102
}
330
16
100
AcDbVisualStyle
  2
Conceptual
 70
9
177
3
291
0
 70
58
 90
2
176
1
 90
2
176
1
 90
0
176
1
 90
3
176
1
 40
0.6
176
1
 40
30.0
176
1
 62
7
420
16777215
176
1
 90
1
176
1
 90
4
176
1
 62
7
176
1
 62
257
176
1
 90
1
176
1
 90
1
176
1
 40
1.0
176
1
 90
8
176
1
 62
7
176
1
 40
1.0
176
1
 90
1
176
1
 90
6
176
1
 90
2
176
1
 62
7
176
1
 90
5
176
1
 90
0
176
1
 90
0
176
1
290
0
176
1
 90
1
176
1
 40
0.0
176
1
 90
0
176
1
290
0
176
1
290
1
176
1
290
1
176
1
290
0
176
1
290
0
176
1
290
0
176
1
290
0
176
1
290
0
176
1
290
0
176
1
 90
50
176
1
 40
0.0
176
1
 40
1.0
176
1
 90
0
176
1
 62
18
420
0
176
1
 90
50
176
1
 90
3
176
1
 62
5
420
255
176
1
290
0
176
1
 90
50
176
1
 90
50
176
1
 90
50
176
1
290
0
176
1
 90
50
176
1
 62
256
176
0
 40
1.0
176
0
 90
2
176
1
  1
strokes_ogs.tif
176
1
290
0
176
1
 40
1.0
176
1
 40
1.0
176
1
  0
VISUALSTYLE
  5
5F
102
{ACAD_REACTORS
330
16
102
}
330
16
100
AcDbVisualStyle
  2
Dim
 70
11
177
3
291
1
 70
58
 90
2
176
1
 90
2
176
1
 90
0
176
1
 90
2
176
1
 40
0.6
176
1
 40
30.0
176
1
 62
7
420
16777215
176
1
 90
1
176
1
 90
4
176
1
 62
7
176
1
 62
257
176
1
 90
1
176
1
 90
1
176
1
 40
1.0
176
1
 90
8
176
1
 62
7
176
1
 40
1.0
176
1
 90
1
176
1
 90
6
176
1
 90
2
176
1
 62
7
176
1
 90
5
176
1
 90
0
176
1
 90
0
176
1
290
0
176
1
 90
1
176
1
 40
0.0
176
1
 90
0
176
1
290
0
176
1
290
1
176
1
290
1
176
1
290
0
176
1
290
0
176
1
290
0
176
1
290
0
176
1
290
0
176
1
290
0
176
1
 90
50
176
1
 40
0.0
176
1
 40
1.0
176
1
 90
0
176
1
 62
18
420
0
176
1
 90
50
176
1
 90
3
176
1
 62
5
420
255
176
1
290
0
176
1
 90
50
176
1
 90
50
176
1
 90
50
176
1
290
0
176
1
 90
50
176
1
 62
256
176
0
 40
1.0
176
0
 90
2
176
1
  1
strokes_ogs.tif
176
1
290
0
176
1
 40
1.0
176
1
 40
1.0
176
1
  0
VISUALSTYLE
  5
60
102
{ACAD_REACTORS
330
16
102
}
330
16
100
AcDbVisualStyle
  2
EdgeColorOff
 70
22
177
3
291
1
 70
58
 90
2
176
1
 90
2
176
1
 90
0
176
1
 90
2
176
1
 40
0.6
176
1
 40
30.0
176
1
 62
7
420
16777215
176
1
 90
1
176
1
 90
4
176
1
 62
7
176
1
 62
257
176
1
 90
1
176
1
 90
1
176
1
 40
1.0
176
1
 90
8
176
1
 62
7
176
1
 40
1.0
176
1
 90
1
176
1
 90
6
176
1
 90
2
176
1
 62
7
176
1
 90
5
176
1
 90
0
176
1
 90
0
176
1
290
0
176
1
 90
1
176
1
 40
0.0
176
1
 90
0
176
1
290
0
176
1
290
1
176
1
290
1
176
1
290
0
176
1
290
0
176
1
290
0
176
1
290
0
176
1
290
0
176
1
290
0
176
1
 90
50
176
1
 40
0.0
176
1
 40
1.0
176
1
 90
0
176
1
 62
18
420
0
176
1
 90
50
176
1
 90
3
176
1
 62
5
420
255
176
1
290
0
176
1
 90
50
176
1
 90
50
176
1
 90
50
176
1
290
0
176
1
 90
50
176
1
 62
256
176
0
 40
1.0
176
0
 90
2
176
1
  1
strokes_ogs.tif
176
1
290
0
176
1
 40
1.0
176
1
 40
1.0
176
1
  0
VISUALSTYLE
  5
61
102
{ACAD_REACTORS
330
16
102
}
330
16
100
AcDbVisualStyle
  2
Facepattern
 70
15
177
3
291
1
 70
58
 90
2
176
1
 90
2
176
1
 90
0
176
1
 90
2
176
1
 40
0.6
176
1
 40
30.0
176
1
 62
7
420
16777215
176
1
 90
1
176
1
 90
4
176
1
 62
7
176
1
 62
257
176
1
 90
1
176
1
 90
1
176
1
 40
1.0
176
1
 90
8
176
1
 62
7
176
1
 40
1.0
176
1
 90
1
176
1
 90
6
176
1
 90
2
176
1
 62
7
176
1
 90
5
176
1
 90
0
176
1
 90
0
176
1
290
0
176
1
 90
1
176
1
 40
0.0
176
1
 90
0
176
1
290
0
176
1
290
1
176
1
290
1
176
1
290
0
176
1
290
0
176
1
290
0
176
1
290
0
176
1
290
0
176
1
290
0
176
1
 90
50
176
1
 40
0.0
176
1
 40
1.0
176
1
 90
0
176
1
 62
18
420
0
176
1
 90
50
176
1
 90
3
176
1
 62
5
420
255
176
1
290
0
176
1
 90
50
176
1
 90
50
176
1
 90
50
176
1
290
0
176
1
 90
50
176
1
 62
256
176
0
 40
1.0
176
0
 90
2
176
1
  1
strokes_ogs.tif
176
1
290
0
176
1
 40
1.0
176
1
 40
1.0
176
1
  0
VISUALSTYLE
  5
62
102
{ACAD_REACTORS
330
16
102
}
330
16
100
AcDbVisualStyle
  2
Flat
 70
0
177
3
291
1
 70
58
 90
2
176
1
 90
2
176
1
 90
0
176
1
 90
2
176
1
 40
0.6
176
1
 40
30.0
176
1
 62
7
420
16777215
176
1
 90
1
176
1
 90
4
176
1
 62
7
176
1
 62
257
176
1
 90
1
176
1
 90
1
176
1
 40
1.0
176
1
 90
8
176
1
 62
7
176
1
 40
1.0
176
1
 90
1
176
1
 90
6
176
1
 90
2
176
1
 62
7
176
1
 90
5
176
1
 90
0
176
1
 90
0
176
1
290
0
176
1
 90
1
176
1
 40
0.0
176
1
 90
0
176
1
290
0
176
1
290
1
176
1
290
1
176
1
290
0
176
1
290
0
176
1
290
0
176
1
290
0
176
1
290
0
176
1
290
0
176
1
 90
50
176
1
 40
0.0
176
1
 40
1.0
176
1
 90
0
176
1
 62
18
420
0
176
1
 90
50
176
1
 90
3
176
1
 62
5
420
255
176
1
290
0
176
1
 90
50
176
1
 90
50
176
1
 90
50
176
1
290
0
176
1
 90
50
176
1
 62
256
176
0
 40
1.0
176
0
 90
2
176
1
  1
strokes_ogs.tif
176
1
290
0
176
1
 40
1.0
176
1
 40
1.0
176
1
  0
VISUALSTYLE
  5
63
102
{ACAD_REACTORS
330
16
102
}
330
16
100
AcDbVisualStyle
  2
FlatWithEdges
 70
1
177
3
291
1
 70
58
 90
2
176
1
 90
2
176
1
 90
0
176
1
 90
2
176
1
 40
0.6
176
1
 40
30.0
176
1
 62
7
420
16777215
176
1
 90
1
176
1
 90
4
176
1
 62
7
176
1
 62
257
176
1
 90
1
176
1
 90
1
176
1
 40
1.0
176
1
 90
8
176
1
 62
7
176
1
 40
1.0
176
1
 90
1
176
1
 90
6
176
1
 90
2
176
1
 62
7
176
1
 90
5
176
1
 90
0
176
1
 90
0
176
1
290
0
176
1
 90
1
176
1
 40
0.0
176
1
 90
0
176
1
290
0
176
1
290
1
176
1
290
1
176
1
290
0
176
1
290
0
176
1
290
0
176
1
290
0
176
1
290
0
176
1
290
0
176
1
 90
50
176
1
 40
0.0
176
1
 40
1.0
176
1
 90
0
176
1
 62
18
420
0
176
1
 90
50
176
1
 90
3
176
1
 62
5
420
255
176
1
290
0
176
1
 90
50
176
1
 90
50
176
1
 90
50
176
1
290
0
176
1
 90
50
176
1
 62
256
176
0
 40
1.0
176
0
 90
2
176
1
  1
strokes_ogs.tif
176
1
290
0
176
1
 40
1.0
176
1
 40
1.0
176
1
  0
VISUALSTYLE
  5
64
102
{ACAD_REACTORS
330
16
102
}
330
16
100
AcDbVisualStyle
  2
Gouraud
 70
2
177
3
291
1
 70
58
 90
2
176
1
 90
2
176
1
 90
0
176
1
 90
2
176
1
 40
0.6
176
1
 40
30.0
176
1
 62
7
420
16777215
176
1
 90
1
176
1
 90
4
176
1
 62
7
176
1
 62
257
176
1
 90
1
176
1
 90
1
176
1
 40
1.0
176
1
 90
8
176
1
 62
7
176
1
 40
1.0
176
1
 90
1
176
1
 90
6
176
1
 90
2
176
1
 62
7
176
1
 90
5
176
1
 90
0
176
1
 90
0
176
1
290
0
176
1
 90
1
176
1
 40
0.0
176
1
 90
0
176
1
290
0
176
1
290
1
176
1
290
1
176
1
290
0
176
1
290
0
176
1
290
0
176
1
290
0
176
1
290
0
176
1
290
0
176
1
 90
50
176
1
 40
0.0
176
1
 40
1.0
176
1
 90
0
176
1
 62
18
420
0
176
1
 90
50
176
1
 90
3
176
1
 62
5
420
255
176
1
290
0
176
1
 90
50
176
1
 90
50
176
1
 90
50
176
1
290
0
176
1
 90
50
176
1
 62
256
176
0
 40
1.0
176
0
 90
2
176
1
  1
strokes_ogs.tif
176
1
290
0
176
1
 40
1.0
176
1
 40
1.0
176
1
  0
VISUALSTYLE
  5
65
102
{ACAD_REACTORS
330
16
102
}
330
16
100
AcDbVisualStyle
  2
GouraudWithEdges
 70
3
177
3
291
1
 70
58
 90
2
176
1
 90
2
176
1
 90
0
176
1
 90
2
176
1
 40
0.6
176
1
 40
30.0
176
1
 62
7
420
16777215
176
1
 90
1
176
1
 90
4
176
1
 62
7
176
1
 62
257
176
1
 90
1
176
1
 90
1
176
1
 40
1.0
176
1
 90
8
176
1
 62
7
176
1
 40
1.0
176
1
 90
1
176
1
 90
6
176
1
 90
2
176
1
 62
7
176
1
 90
5
176
1
 90
0
176
1
 90
0
176
1
290
0
176
1
 90
1
176
1
 40
0.0
176
1
 90
0
176
1
290
0
176
1
290
1
176
1
290
1
176
1
290
0
176
1
290
0
176
1
290
0
176
1
290
0
176
1
290
0
176
1
290
0
176
1
 90
50
176
1
 40
0.0
176
1
 40
1.0
176
1
 90
0
176
1
 62
18
420
0
176
1
 90
50
176
1
 90
3
176
1
 62
5
420
255
176
1
290
0
176
1
 90
50
176
1
 90
50
176
1
 90
50
176
1
290
0
176
1
 90
50
176
1
 62
256
176
0
 40
1.0
176
0
 90
2
176
1
  1
strokes_ogs.tif
176
1
290
0
176
1
 40
1.0
176
1
 40
1.0
176
1
  0
VISUALSTYLE
  5
66
102
{ACAD_REACTORS
330
16
102
}
330
16
100
AcDbVisualStyle
  2
Hidden
 70
6
177
3
291
0
 70
58
 90
2
176
1
 90
2
176
1
 90
0
176
1
 90
1
176
1
 40
0.6
176
1
 40
30.0
176
1
 62
7
420
16777215
176
1
 90
1
176
1
 90
4
176
1
 62
7
176
1
 62
257
176
1
 90
1
176
1
 90
1
176
1
 40
1.0
176
1
 90
8
176
1
 62
7
176
1
 40
1.0
176
1
 90
1
176
1
 90
6
176
1
 90
2
176
1
 62
7
176
1
 90
5
176
1
 90
0
176
1
 90
0
176
1
290
0
176
1
 90
1
176
1
 40
0.0
176
1
 90
0
176
1
290
0
176
1
290
1
176
1
290
1
176
1
290
0
176
1
290
0
176
1
290
0
176
1
290
0
176
1
290
0
176
1
290
0
176
1
 90
50
176
1
 40
0.0
176
1
 40
1.0
176
1
 90
0
176
1
 62
18
420
0
176
1
 90
50
176
1
 90
3
176
1
 62
5
420
255
176
1
290
0
176
1
 90
50
176
1
 90
50
176
1
 90
50
176
1
290
0
176
1
 90
50
176
1
 62
256
176
0
 40
1.0
176
0
 90
2
176
1
  1
strokes_ogs.tif
176
1
290
0
176
1
 40
1.0
176
1
 40
1.0
176
1
  0
VISUALSTYLE
  5
67
102
{ACAD_REACTORS
330
16
102
}
330
16
100
AcDbVisualStyle
  2
JitterOff
 70
20
177
3
291
1
 70
58
 90
2
176
1
 90
2
176
1
 90
0
176
1
 90
2
176
1
 40
0.6
176
1
 40
30.0
176
1
 62
7
420
16777215
176
1
 90
1
176
1
 90
4
176
1
 62
7
176
1
 62
257
176
1
 90
1
176
1
 90
1
176
1
 40
1.0
176
1
 90
8
176
1
 62
7
176
1
 40
1.0
176
1
 90
1
176
1
 90
6
176
1
 90
2
176
1
 62
7
176
1
 90
5
176
1
 90
0
176
1
 90
0
176
1
290
0
176
1
 90
1
176
1
 40
0.0
176
1
 90
0
176
1
290
0
176
1
290
1
176
1
290
1
176
1
290
0
176
1
290
0
176
1
290
0
176
1
290
0
176
1
290
0
176
1
290
0
176
1
 90
50
176
1
 40
0.0
176
1
 40
1.0
176
1
 90
0
176
1
 62
18
420
0
176
1
 90
50
176
1
 90
3
176
1
 62
5
420
255
176
1
290
0
176
1
 90
50
176
1
 90
50
176
1
 90
50
176
1
290
0
176
1
 90
50
176
1
 62
256
176
0
 40
1.0
176
0
 90
2
176
1
  1
strokes_ogs.tif
176
1
290
0
176
1
 40
1.0
176
1
 40
1.0
176
1
  0
VISUALSTYLE
  5
68
102
{ACAD_REACTORS
330
16
102
}
330
16
100
AcDbVisualStyle
  2
Linepattern
 70
14
177
3
291
1
 70
58
 90
2
176
1
 90
2
176
1
 90
0
176
1
 90
2
176
1
 40
0.6
176
1
 40
30.0
176
1
 62
7
420
16777215
176
1
 90
1
176
1
 90
4
176
1
 62
7
176
1
 62
257
176
1
 90
1
176
1
 90
1
176
1
 40
1.0
176
1
 90
8
176
1
 62
7
176
1
 40
1.0
176
1
 90
1
176
1
 90
6
176
1
 90
2
176
1
 62
7
176
1
 90
5
176
1
 90
0
176
1
 90
0
176
1
290
0
176
1
 90
1
176
1
 40
0.0
176
1
 90
0
176
1
290
0
176
1
290
1
176
1
290
1
176
1
290
0
176
1
290
0
176
1
290
0
176
1
290
0
176
1
290
0
176
1
290
0
176
1
 90
50
176
1
 40
0.0
176
1
 40
1.0
176
1
 90
0
176
1
 62
18
420
0
176
1
 90
50
176
1
 90
3
176
1
 62
5
420
255
176
1
290
0
176
1
 90
50
176
1
 90
50
176
1
 90
50
176
1
290
0
176
1
 90
50
176
1
 62
256
176
0
 40
1.0
176
0
 90
2
176
1
  1
strokes_ogs.tif
176
1
290
0
176
1
 40
1.0
176
1
 40
1.0
176
1
  0
VISUALSTYLE
  5
69
102
{ACAD_REACTORS
330
16
102
}
330
16
100
AcDbVisualStyle
  2
Modeling
 70
10
177
3
291
0
 70
58
 90
2
176
1
 90
2
176
1
 90
0
176
1
 90
2
176
1
 40
0.6
176
1
 40
30.0
176
1
 62
7
420
16777215
176
1
 90
1
176
1
 90
4
176
1
 62
7
176
1
 62
257
176
1
 90
1
176
1
 90
1
176
1
 40
1.0
176
1
 90
8
176
1
 62
7
176
1
 40
1.0
176
1
 90
1
176
1
 90
6
176
1
 90
2
176
1
 62
7
176
1
 90
5
176
1
 90
0
176
1
 90
0
176
1
290
0
176
1
 90
1
176
1
 40
0.0
176
1
 90
0
176
1
290
0
176
1
290
1
176
1
290
1
176
1
290
0
176
1
290
0
176
1
290
0
176
1
290
0
176
1
290
0
176
1
290
0
176
1
 90
50
176
1
 40
0.0
176
1
 40
1.0
176
1
 90
0
176
1
 62
18
420
0
176
1
 90
50
176
1
 90
3
176
1
 62
5
420
255
176
1
290
0
176
1
 90
50
176
1
 90
50
176
1
 90
50
176
1
290
0
176
1
 90
50
176
1
 62
256
176
0
 40
1.0
176
0
 90
2
176
1
  1
strokes_ogs.tif
176
1
290
0
176
1
 40
1.0
176
1
 40
1.0
176
1
  0
VISUALSTYLE
  5
6A
102
{ACAD_REACTORS
330
16
102
}
330
16
100
AcDbVisualStyle
  2
OverhangOff
 70
21
177
3
291
1
 70
58
 90
2
176
1
 90
2
176
1
 90
0
176
1
 90
2
176
1
 40
0.6
176
1
 40
30.0
176
1
 62
7
420
16777215
176
1
 90
1
176
1
 90
4
176
1
 62
7
176
1
 62
257
176
1
 90
1
176
1
 90
1
176
1
 40
1.0
176
1
 90
8
176
1
 62
7
176
1
 40
1.0
176
1
 90
1
176
1
 90
6
176
1
 90
2
176
1
 62
7
176
1
 90
5
176
1
 90
0
176
1
 90
0
176
1
290
0
176
1
 90
1
176
1
 40
0.0
176
1
 90
0
176
1
290
0
176
1
290
1
176
1
290
1
176
1
290
0
176
1
290
0
176
1
290
0
176
1
290
0
176
1
290
0
176
1
290
0
176
1
 90
50
176
1
 40
0.0
176
1
 40
1.0
176
1
 90
0
176
1
 62
18
420
0
176
1
 90
50
176
1
 90
3
176
1
 62
5
420
255
176
1
290
0
176
1
 90
50
176
1
 90
50
176
1
 90
50
176
1
290
0
176
1
 90
50
176
1
 62
256
176
0
 40
1.0
176
0
 90
2
176
1
  1
strokes_ogs.tif
176
1
290
0
176
1
 40
1.0
176
1
 40
1.0
176
1
  0
VISUALSTYLE
  5
6B
102
{ACAD_REACTORS
330
16
102
}
330
16
100
AcDbVisualStyle
  2
Realistic
 70
8
177
3
291
0
 70
58
 90
2
176
1
 90
2
176
1
 90
0
176
1
 90
2
176
1
 40
0.6
176
1
 40
30.0
176
1
 62
7
420
16777215
176
1
 90
1
176
1
 90
4
176
1
 62
7
176
1
 62
257
176
1
 90
1
176
1
 90
1
176
1
 40
1.0
176
1
 90
8
176
1
 62
7
176
1
 40
1.0
176
1
 90
1
176
1
 90
6
176
1
 90
2
176
1
 62
7
176
1
 90
5
176
1
 90
0
176
1
 90
0
176
1
290
0
176
1
 90
1
176
1
 40
0.0
176
1
 90
0
176
1
290
0
176
1
290
1
176
1
290
1
176
1
290
0
176
1
290
0
176
1
290
0
176
1
290
0
176
1
290
0
176
1
290
0
176
1
 90
50
176
1
 40
0.0
176
1
 40
1.0
176
1
 90
0
176
1
 62
18
420
0
176
1
 90
50
176
1
 90
3
176
1
 62
5
420
255
176
1
290
0
176
1
 90
50
176
1
 90
50
176
1
 90
50
176
1
290
0
176
1
 90
50
176
1
 62
256
176
0
 40
1.0
176
0
 90
2
176
1
  1
strokes_ogs.tif
176
1
290
0
176
1
 40
1.0
176
1
 40
1.0
176
1
  0
VISUALSTYLE
  5
6C
102
{ACAD_REACTORS
330
16
102
}
330
16
100
AcDbVisualStyle
  2
Shaded
 70
27
177
3
291
0
 70
58
 90
2
176
1
 90
2
176
1
 90
0
176
1
 90
2
176
1
 40
0.6
176
1
 40
30.0
176
1
 62
7
420
16777215
176
1
 90
1
176
1
 90
4
176
1
 62
7
176
1
 62
257
176
1
 90
1
176
1
 90
1
176
1
 40
1.0
176
1
 90
8
176
1
 62
7
176
1
 40
1.0
176
1
 90
1
176
1
 90
6
176
1
 90
2
176
1
 62
7
176
1
 90
5
176
1
 90
0
176
1
 90
0
176
1
290
0
176
1
 90
1
176
1
 40
0.0
176
1
 90
0
176
1
290
0
176
1
290
1
176
1
290
1
176
1
290
0
176
1
290
0
176
1
290
0
176
1
290
0
176
1
290
0
176
1
290
0
176
1
 90
50
176
1
 40
0.0
176
1
 40
1.0
176
1
 90
0
176
1
 62
18
420
0
176
1
 90
50
176
1
 90
3
176
1
 62
5
420
255
176
1
290
0
176
1
 90
50
176
1
 90
50
176
1
 90
50
176
1
290
0
176
1
 90
50
176
1
 62
256
176
0
 40
1.0
176
0
 90
2
176
1
  1
strokes_ogs.tif
176
1
290
0
176
1
 40
1.0
176
1
 40
1.0
176
1
  0
VISUALSTYLE
  5
6D
102
{ACAD_REACTORS
330
16
102
}
330
16
100
AcDbVisualStyle
  2
Shaded with edges
 70
26
177
3
291
0
 70
58
 90
2
176
1
 90
2
176
1
 90
0
176
1
 90
2
176
1
 40
0.6
176
1
 40
30.0
176
1
 62
7
420
16777215
176
1
 90
1
176
1
 90
4
176
1
 62
7
176
1
 62
257
176
1
 90
1
176
1
 90
1
176
1
 40
1.0
176
1
 90
8
176
1
 62
7
176
1
 40
1.0
176
1
 90
1
176
1
 90
6
176
1
 90
2
176
1
 62
7
176
1
 90
5
176
1
 90
0
176
1
 90
0
176
1
290
0
176
1
 90
1
176
1
 40
0.0
176
1
 90
0
176
1
290
0
176
1
290
1
176
1
290
1
176
1
290
0
176
1
290
0
176
1
290
0
176
1
290
0
176
1
290
0
176
1
290
0
176
1
 90
50
176
1
 40
0.0
176
1
 40
1.0
176
1
 90
0
176
1
 62
18
420
0
176
1
 90
50
176
1
 90
3
176
1
 62
5
420
255
176
1
290
0
176
1
 90
50
176
1
 90
50
176
1
 90
50
176
1
290
0
176
1
 90
50
176
1
 62
256
176
0
 40
1.0
176
0
 90
2
176
1
  1
strokes_ogs.tif
176
1
290
0
176
1
 40
1.0
176
1
 40
1.0
176
1
  0
VISUALSTYLE
  5
6E
102
{ACAD_REACTORS
330
16
102
}
330
16
100
AcDbVisualStyle
  2
Shades of Gray
 70
23
177
3
291
0
 70
58
 90
2
176
1
 90
2
176
1
 90
0
176
1
 90
2
176
1
 40
0.6
176
1
 40
30.0
176
1
 62
7
420
16777215
176
1
 90
1
176
1
 90
4
176
1
 62
7
176
1
 62
257
176
1
 90
1
176
1
 90
1
176
1
 40
1.0
176
1
 90
8
176
1
 62
7
176
1
 40
1.0
176
1
 90
1
176
1
 90
6
176
1
 90
2
176
1
 62
7
176
1
 90
5
176
1
 90
0
176
1
 90
0
176
1
290
0
176
1
 90
1
176
1
 40
0.0
176
1
 90
0
176
1
290
0
176
1
290
1
176
1
290
1
176
1
290
0
176
1
290
0
176
1
290
0
176
1
290
0
176
1
290
0
176
1
290
0
176
1
 90
50
176
1
 40
0.0
176
1
 40
1.0
176
1
 90
0
176
1
 62
18
420
0
176
1
 90
50
176
1
 90
3
176
1
 62
5
420
255
176
1
290
0
176
1
 90
50
176
1
 90
50
176
1
 90
50
176
1
290
0
176
1
 90
50
176
1
 62
256
176
0
 40
1.0
176
0
 90
2
176
1
  1
strokes_ogs.tif
176
1
290
0
176
1
 40
1.0
176
1
 40
1.0
176
1
  0
VISUALSTYLE
  5
6F
102
{ACAD_REACTORS
330
16
102
}
330
16
100
AcDbVisualStyle
  2
Sketchy
 70
24
177
3
291
0
 70
58
 90
2
176
1
 90
2
176
1
 90
0
176
1
 90
1
176
1
 40
0.6
176
1
 40
30.0
176
1
 62
7
420
16777215
176
1
 90
1
176
1
 90
4
176
1
 62
7
176
1
 62
257
176
1
 90
1
176
1
 90
1
176
1
 40
1.0
176
1
 90
8
176
1
 62
7
176
1
 40
1.0
176
1
 90
1
176
1
 90
6
176
1
 90
2
176
1
 62
7
176
1
 90
5
176
1
 90
0
176
1
 90
0
176
1
290
0
176
1
 90
1
176
1
 40
0.0
176
1
 90
0
176
1
290
0
176
1
290
1
176
1
290
1
176
1
290
0
176
1
290
0
176
1
290
0
176
1
290
0
176
1
290
0
176
1
290
0
176
1
 90
50
176
1
 40
0.0
176
1
 40
1.0
176
1
 90
0
176
1
 62
18
420
0
176
1
 90
50
176
1
 90
3
176
1
 62
5
420
255
176
1
290
0
176
1
 90
50
176
1
 90
50
176
1
 90
50
176
1
290
0
176
1
 90
50
176
1
 62
256
176
0
 40
1.0
176
0
 90
2
176
1
  1
strokes_ogs.tif
176
1
290
0
176
1
 40
1.0
176
1
 40
1.0
176
1
  0
VISUALSTYLE
  5
70
102
{ACAD_REACTORS
330
16
102
}
330
16
100
AcDbVisualStyle
  2
Thicken
 70
13
177
3
291
1
 70
58
 90
2
176
1
 90
2
176
1
 90
0
176
1
 90
2
176
1
 40
0.6
176
1
 40
30.0
176
1
 62
7
420
16777215
176
1
 90
1
176
1
 90
4
176
1
 62
7
176
1
 62
257
176
1
 90
1
176
1
 90
1
176
1
 40
1.0
176
1
 90
8
176
1
 62
7
176
1
 40
1.0
176
1
 90
1
176
1
 90
6
176
1
 90
2
176
1
 62
7
176
1
 90
5
176
1
 90
0
176
1
 90
0
176
1
290
0
176
1
 90
1
176
1
 40
0.0
176
1
 90
0
176
1
290
0
176
1
290
1
176
1
290
1
176
1
290
0
176
1
290
0
176
1
290
0
176
1
290
0
176
1
290
0
176
1
290
0
176
1
 90
50
176
1
 40
0.0
176
1
 40
1.0
176
1
 90
0
176
1
 62
18
420
0
176
1
 90
50
176
1
 90
3
176
1
 62
5
420
255
176
1
290
0
176
1
 90
50
176
1
 90
50
176
1
 90
50
176
1
290
0
176
1
 90
50
176
1
 62
256
176
0
 40
1.0
176
0
 90
2
176
1
  1
strokes_ogs.tif
176
1
290
0
176
1
 40
1.0
176
1
 40
1.0
176
1
  0
VISUALSTYLE
  5
71
102
{ACAD_REACTORS
330
16
102
}
330
16
100
AcDbVisualStyle
  2
Wireframe
 70
5
177
3
291
0
 70
58
 90
2
176
1
 90
2
176
1
 90
0
176
1
 90
0
176
1
 40
0.6
176
1
 40
30.0
176
1
 62
7
420
16777215
176
1
 90
1
176
1
 90
4
176
1
 62
7
176
1
 62
257
176
1
 90
1
176
1
 90
1
176
1
 40
1.0
176
1
 90
8
176
1
 62
7
176
1
 40
1.0
176
1
 90
1
176
1
 90
6
176
1
 90
2
176
1
 62
7
176
1
 90
5
176
1
 90
0
176
1
 90
0
176
1
290
0
176
1
 90
1
176
1
 40
0.0
176
1
 90
0
176
1
290
0
176
1
290
1
176
1
290
1
176
1
290
0
176
1
290
0
176
1
290
0
176
1
290
0
176
1
290
0
176
1
290
0
176
1
 90
50
176
1
 40
0.0
176
1
 40
1.0
176
1
 90
0
176
1
 62
18
420
0
176
1
 90
50
176
1
 90
3
176
1
 62
5
420
255
176
1
290
0
176
1
 90
50
176
1
 90
50
176
1
 90
50
176
1
290
0
176
1
 90
50
176
1
 62
256
176
0
 40
1.0
176
0
 90
2
176
1
  1
strokes_ogs.tif
176
1
290
0
176
1
 40
1.0
176
1
 40
1.0
176
1
  0
VISUALSTYLE
  5
72
102
{ACAD_REACTORS
330
16
102
}
330
16
100
AcDbVisualStyle
  2
X-Ray
 70
25
177
3
291
0
 70
58
 90
2
176
1
 90
2
176
1
 90
0
176
1
 90
2
176
1
 40
0.5
176
1
 40
30.0
176
1
 62
7
420
16777215
176
1
 90
1
176
1
 90
4
176
1
 62
7
176
1
 62
257
176
1
 90
1
176
1
 90
1
176
1
 40
1.0
176
1
 90
8
176
1
 62
7
176
1
 40
1.0
176
1
 90
1
176
1
 90
6
176
1
 90
2
176
1
 62
7
176
1
 90
5
176
1
 90
0
176
1
 90
0
176
1
290
0
176
1
 90
1
176
1
 40
0.0
176
1
 90
0
176
1
290
0
176
1
290
1
176
1
290
1
176
1
290
0
176
1
290
0
176
1
290
0
176
1
290
0
176
1
290
0
176
1
290
0
176
1
 90
50
176
1
 40
0.0
176
1
 40
1.0
176
1
 90
0
176
1
 62
18
420
0
176
1
 90
50
176
1
 90
3
176
1
 62
5
420
255
176
1
290
0
176
1
 90
50
176
1
 90
50
176
1
 90
50
176
1
290
0
176
1
 90
50
176
1
 62
256
176
0
 40
1.0
176
0
 90
2
176
1
  1
strokes_ogs.tif
176
1
290
0
176
1
 40
1.0
176
1
 40
1.0
176
1
  0
DICTIONARYVAR
  5
792
330
2D
100
DictionaryVariables
280
0
  1
1.4.4 @ 2026-10-08T17:04:00.203026+00:00
  0
ENDSEC
  0
EOF
