  0
SECTION
  2
HEADER
  9
$ACADVER
  1
AC1032
  9
$ACADMAINTVER
 90
4
  9
$DWGCODEPAGE
  3
ANSI_1252
  9
$LASTSAVEDBY
  1
ezdxf
  9
$REQUIREDVERSIONS
160
0
  9
$INSBASE
 10
0.0
 20
0.0
 30
0.0
  9
$EXTMIN
 10
1e+20
 20
1e+20
 30
1e+20
  9
$EXTMAX
 10
-1e+20
 20
-1e+20
 30
-1e+20
  9
$LIMMIN
 10
0.0
 20
0.0
  9
$LIMMAX
 10
420.0
 20
297.0
  9
$ORTHOMODE
 70
0
  9
$REGENMODE
 70
1
  9
$FILLMODE
 70
1
  9
$QTEXTMODE
 70
0
  9
$MIRRTEXT
 70
1
  9
$LTSCALE
 40
1.0
  9
$ATTMODE
 70
1
  9
$TEXTSIZE
 40
2.5
  9
$TRACEWID
 40
1.0
  9
$TEXTSTYLE
  7
OpenSans
  9
$CLAYER
  8
0
  9
$CELTYPE
  6
ByLayer
  9
$CECOLOR
 62
256
  9
$CELTSCALE
 40
1.0
  9
$DISPSILH
 70
0
  9
$DIMSCALE
 40
1.0
  9
$DIMASZ
 40
0.175
  9
$DIMEXO
 40
0.125
  9
$DIMDLI
 40
3.75
  9
$DIMRND
 40
0.0
  9
$DIMDLE
 40
0.0
  9
$DIMEXE
 40
0.375
  9
$DIMTP
 40
0.0
  9
$DIMTM
 40
0.0
  9
$DIMTXT
 40
0.25
  9
$DIMCEN
 40
2.5
  9
$DIMTSZ
 40
0.0
  9
$DIMTOL
 70
0
  9
$DIMLIM
 70
0
  9
$DIMTIH
 70
0
  9
$DIMTOH
 70
0
  9
$DIMSE1
 70
0
  9
$DIMSE2
 70
0
  9
$DIMTAD
 70
1
  9
$DIMZIN
 70
12
  9
$DIMBLK
  1
ARCHTICK
  9
$DIMASO
 70
1
  9
$DIMSHO
 70
1
  9
$DIMPOST
  1

  9
$DIMAPOST
  1

  9
$DIMALT
 70
0
  9
$DIMALTD
 70
3
  9
$DIMALTF
 40
0.03937007874
  9
$DIMLFAC
 40
100.0
  9
$DIMTOFL
 70
1
  9
$DIMTVP
 40
0.0
  9
$DIMTIX
 70
0
  9
$DIMSOXD
 70
0
  9
$DIMSAH
 70
0
  9
$DIMBLK1
  1

  9
$DIMBLK2
  1

  9
$DIMSTYLE
  2
EZDXF
  9
$DIMCLRD
 70
0
  9
$DIMCLRE
 70
0
  9
$DIMCLRT
 70
0
  9
$DIMTFAC
 40
0.5
  9
$DIMGAP
 40
0.1
  9
$DIMJUST
 70
0
  9
$DIMSD1
 70
0
  9
$DIMSD2
 70
0
  9
$DIMTOLJ
 70
0
  9
$DIMTZIN
 70
8
  9
$DIMALTZ
 70
0
  9
$DIMALTTZ
 70
0
  9
$DIMUPT
 70
1
  9
$DIMDEC
 70
2
  9
$DIMTDEC
 70
2
  9
$DIMALTU
 70
2
  9
$DIMALTTD
 70
3
  9
$DIMTXSTY
  7
OpenSansCondensed-Light
  9
$DIMAUNIT
 70
0
  9
$DIMADEC
 70
2
  9
$DIMALTRND
 40
0.0
  9
$DIMAZIN
 70
3
  9
$DIMDSEP
 70
46
  9
$DIMATFIT
 70
3
  9
$DIMFRAC
 70
0
  9
$DIMLDRBLK
  1

  9
$DIMLUNIT
 70
2
  9
$DIMLWD
 70
-2
  9
$DIMLWE
 70
-2
  9
$DIMTMOVE
 70
2
  9
$DIMFXL
 40
1.0
  9
$DIMFXLON
 70
0
  9
$DIMJOGANG
 40
0.785398163397
  9
$DIMTFILL
 70
0
  9
$DIMTFILLCLR
 70
0
  9
$DIMARCSYM
 70
0
  9
$DIMLTYPE
  6

  9
$DIMLTEX1
  6

  9
$DIMLTEX2
  6

  9
$DIMTXTDIRECTION
 70
0
  9
$LUNITS
 70
2
  9
$LUPREC
 70
4
  9
$SKETCHINC
 40
1.0
  9
$FILLETRAD
 40
10.0
  9
$AUNITS
 70
0
  9
$AUPREC
 70
2
  9
$MENU
  1
.
  9
$ELEVATION
 40
0.0
  9
$PELEVATION
 40
0.0
  9
$THICKNESS
 40
0.0
  9
$LIMCHECK
 70
0
  9
$CHAMFERA
 40
0.0
  9
$CHAMFERB
 40
0.0
  9
$CHAMFERC
 40
0.0
  9
$CHAMFERD
 40
0.0
  9
$SKPOLY
 70
0
  9
$TDCREATE
 40
2461322.7341550924
  9
$TDUCREATE
 40
2458532.153996898
  9
$TDUPDATE
 40
2461322.7341550924
  9
$TDUUPDATE
 40
2458532.1544311
  9
$TDINDWG
 40
0.0
  9
$TDUSRTIMER
 40
0.0
  9
$USRTIMER
 70
1
  9
$ANGBASE
 50
0.0
  9
$ANGDIR
 70
0
  9
$PDMODE
 70
0
  9
$PDSIZE
 40
0.0
  9
$PLINEWID
 40
0.0
  9
$SPLFRAME
 70
0
  9
$SPLINETYPE
 70
6
  9
$SPLINESEGS
 70
8
  9
$HANDSEED
  5
4A3
  9
$SURFTAB1
 70
6
  9
$SURFTAB2
 70
6
  9
$SURFTYPE
 70
6
  9
$SURFU
 70
6
  9
$SURFV
 70
6
  9
$UCSBASE
  2

  9
$UCSNAME
  2

  9
$UCSORG
 10
0.0
 20
0.0
 30
0.0
  9
$UCSXDIR
 10
1.0
 20
0.0
 30
0.0
  9
$UCSYDIR
 10
0.0
 20
1.0
 30
0.0
  9
$UCSORTHOREF
  2

  9
$UCSORTHOVIEW
 70
0
  9
$UCSORGTOP
 10
0.0
 20
0.0
 30
0.0
  9
$UCSORGBOTTOM
 10
0.0
 20
0.0
 30
0.0
  9
$UCSORGLEFT
 10
0.0
 20
0.0
 30
0.0
  9
$UCSORGRIGHT
 10
0.0
 20
0.0
 30
0.0
  9
$UCSORGFRONT
 10
0.0
 20
0.0
 30
0.0
  9
$UCSORGBACK
 10
0.0
 20
0.0
 30
0.0
  9
$PUCSBASE
  2

  9
$PUCSNAME
  2

  9
$PUCSORG
 10
0.0
 20
0.0
 30
0.0
  9
$PUCSXDIR
 10
1.0
 20
0.0
 30
0.0
  9
$PUCSYDIR
 10
0.0
 20
1.0
 30
0.0
  9
$PUCSORTHOREF
  2

  9
$PUCSORTHOVIEW
 70
0
  9
$PUCSORGTOP
 10
0.0
 20
0.0
 30
0.0
  9
$PUCSORGBOTTOM
 10
0.0
 20
0.0
 30
0.0
  9
$PUCSORGLEFT
 10
0.0
 20
0.0
 30
0.0
  9
$PUCSORGRIGHT
 10
0.0
 20
0.0
 30
0.0
  9
$PUCSORGFRONT
 10
0.0
 20
0.0
 30
0.0
  9
$PUCSORGBACK
 10
0.0
 20
0.0
 30
0.0
  9
$USERI1
 70
0
  9
$USERI2
 70
0
  9
$USERI3
 70
0
  9
$USERI4
 70
0
  9
$USERI5
 70
0
  9
$USERR1
 40
0.0
  9
$USERR2
 40
0.0
  9
$USERR3
 40
0.0
  9
$USERR4
 40
0.0
  9
$USERR5
 40
0.0
  9
$WORLDVIEW
 70
1
  9
$SHADEDGE
 70
3
  9
$SHADEDIF
 70
70
  9
$TILEMODE
 70
1
  9
$MAXACTVP
 70
64
  9
$PINSBASE
 10
0.0
 20
0.0
 30
0.0
  9
$PLIMCHECK
 70
0
  9
$PEXTMIN
 10
1e+20
 20
1e+20
 30
1e+20
  9
$PEXTMAX
 10
-1e+20
 20
-1e+20
 30
-1e+20
  9
$PLIMMIN
 10
0.0
 20
0.0
  9
$PLIMMAX
 10
420.0
 20
297.0
  9
$UNITMODE
 70
0
  9
$VISRETAIN
 70
1
  9
$PLINEGEN
 70
0
  9
$PSLTSCALE
 70
1
  9
$TREEDEPTH
 70
3020
  9
$CMLSTYLE
  2
Standard
  9
$CMLJUST
 70
0
  9
$CMLSCALE
 40
20.0
  9
$PROXYGRAPHICS
 70
1
  9
$MEASUREMENT
 70
1
  9
$CELWEIGHT
370
-1
  9
$ENDCAPS
280
0
  9
$JOINSTYLE
280
0
  9
$LWDISPLAY
290
0
  9
$INSUNITS
 70
4
  9
$HYPERLINKBASE
  1

  9
$STYLESHEET
  1

  9
$XEDIT
290
1
  9
$CEPSNTYPE
380
0
  9
$PSTYLEMODE
290
1
  9
$FINGERPRINTGUID
  2
{C989095F-E02D-46EF-A114-7B9463C40DA7}
  9
$VERSIONGUID
  2
{1ECFFD47-1F5B-44E2-A34E-90435E8F261A}
  9
$EXTNAMES
290
1
  9
$PSVPSCALE
 40
0.0
  9
$OLESTARTUP
290
0
  9
$SORTENTS
280
127
  9
$INDEXCTL
280
0
  9
$HIDETEXT
280
1
  9
$XCLIPFRAME
280
1
  9
$HALOGAP
280
0
  9
$OBSCOLOR
 70
257
  9
$OBSLTYPE
280
0
  9
$INTERSECTIONDISPLAY
280
0
  9
$INTERSECTIONCOLOR
 70
257
  9
$DIMASSOC
280
2
  9
$PROJECTNAME
  1

  9
$CAMERADISPLAY
290
0
  9
$LENSLENGTH
 40
50.0
  9
$CAMERAHEIGHT
 40
0.0
  9
$STEPSPERSEC
 40
24.0
  9
$STEPSIZE
 40
100.0
  9
$3DDWFPREC
 40
2.0
  9
$PSOLWIDTH
 40
0.005
  9
$PSOLHEIGHT
 40
0.08
  9
$LOFTANG1
 40
1.570796326795
  9
$LOFTANG2
 40
1.570796326795
  9
$LOFTMAG1
 40
0.0
  9
$LOFTMAG2
 40
0.0
  9
$LOFTPARAM
 70
7
  9
$LOFTNORMALS
280
1
  9
$LATITUDE
 40
37.795
  9
$LONGITUDE
 40
-122.394
  9
$NORTHDIRECTION
 40
0.0
  9
$TIMEZONE
 70
-8000
  9
$LIGHTGLYPHDISPLAY
280
1
  9
$TILEMODELIGHTSYNCH
280
1
  9
$CMATERIAL
347
20
  9
$SOLIDHIST
280
0
  9
$SHOWHIST
280
1
  9
$DWFFRAME
280
2
  9
$DGNFRAME
280
2
  9
$REALWORLDSCALE
290
1
  9
$INTERFERECOLOR
 62
256
  9
$CSHADOW
280
0
  9
$SHADOWPLANELOCATION
 40
0.0
  0
ENDSEC
  0
SECTION
  2
CLASSES
  0
CLASS
  1
ACDBDICTIONARYWDFLT
  2
AcDbDictionaryWithDefault
  3
ObjectDBX Classes
 90
0
 91
0
280
0
281
0
  0
CLASS
  1
SUN
  2
AcDbSun
  3
SCENEOE
 90
1153
 91
0
280
0
281
0
  0
CLASS
  1
VISUALSTYLE
  2
AcDbVisualStyle
  3
ObjectDBX Classes
 90
4095
 91
0
280
0
281
0
  0
CLASS
  1
MATERIAL
  2
AcDbMaterial
  3
ObjectDBX Classes
 90
1153
 91
0
280
0
281
0
  0
CLASS
  1
SCALE
  2
AcDbScale
  3
ObjectDBX Classes
 90
1153
 91
0
280
0
281
0
  0
CLASS
  1
TABLESTYLE
  2
AcDbTableStyle
  3
ObjectDBX Classes
 90
4095
 91
0
280
0
281
0
  0
CLASS
  1
MLEADERSTYLE
  2
AcDbMLeaderStyle
  3
ACDB_MLEADERSTYLE_CLASS
 90
4095
 91
0
280
0
281
0
  0
CLASS
  1
DICTIONARYVAR
  2
AcDbDictionaryVar
  3
ObjectDBX Classes
 90
0
 91
0
280
0
281
0
  0
CLASS
  1
CELLSTYLEMAP
  2
AcDbCellStyleMap
  3
ObjectDBX Classes
 90
1152
 91
0
280
0
281
0
  0
CLASS
  1
MENTALRAYRENDERSETTINGS
  2
AcDbMentalRayRenderSettings
  3
SCENEOE
 90
1024
 91
0
280
0
281
0
  0
CLASS
  1
ACDBDETAILVIEWSTYLE
  2
AcDbDetailViewStyle
  3
ObjectDBX Classes
 90
1025
 91
0
280
0
281
0
  0
CLASS
  1
ACDBSECTIONVIEWSTYLE
  2
AcDbSectionViewStyle
  3
ObjectDBX Classes
 90
1025
 91
0
280
0
281
0
  0
CLASS
  1
RASTERVARIABLES
  2
AcDbRasterVariables
  3
ISM
 90
0
 91
0
280
0
281
0
  0
CLASS
  1
ACDBPLACEHOLDER
  2
AcDbPlaceHolder
  3
ObjectDBX Classes
 90
0
 91
0
280
0
281
0
  0
CLASS
  1
LAYOUT
  2
AcDbLayout
  3
ObjectDBX Classes
 90
0
 91
0
280
0
281
0
  0
ENDSEC
  0
SECTION
  2
TABLES
  0
TABLE
  2
VPORT
  5
8
330
0
100
AcDbSymbolTable
 70
1
  0
VPORT
  5
23
330
8
100
AcDbSymbolTableRecord
100
AcDbViewportTableRecord
  2
*Active
 70
0
 10
0.0
 20
0.0
 11
1.0
 21
1.0
 12
0.0
 22
0.0
 13
0.0
 23
0.0
 14
0.5
 24
0.5
 15
0.5
 25
0.5
 16
0.0
 26
0.0
 36
1.0
 17
0.0
 27
0.0
 37
0.0
 40
1000.0
 41
1.34
 42
50.0
 43
0.0
 44
0.0
 50
0.0
 51
0.0
 71
0
 72
1000
 73
1
 74
3
 75
0
 76
0
 77
0
 78
0
281
0
 65
0
146
0.0
  0
ENDTAB
  0
TABLE
  2
LTYPE
  5
2
330
0
100
AcDbSymbolTable
 70
21
  0
LTYPE
  5
24
330
2
100
AcDbSymbolTableRecord
100
AcDbLinetypeTableRecord
  2
ByBlock
 70
0
  3

 72
65
 73
0
 40
0.0
  0
LTYPE
  5
25
330
2
100
AcDbSymbolTableRecord
100
AcDbLinetypeTableRecord
  2
ByLayer
 70
0
  3

 72
65
 73
0
 40
0.0
  0
LTYPE
  5
26
330
2
100
AcDbSymbolTableRecord
100
AcDbLinetypeTableRecord
  2
Continuous
 70
0
  3

 72
65
 73
0
 40
0.0
  0
LTYPE
  5
2F
330
2
100
AcDbSymbolTableRecord
100
AcDbLinetypeTableRecord
  2
CENTER
 70
0
  3
Center ____ _ ____ _ ____ _ ____ _ ____ _ ____
 72
65
 73
4
 40
5.08
 49
3.175
 74
0
 49
-0.635
 74
0
 49
0.635
 74
0
 49
-0.635
 74
0
  0
LTYPE
  5
30
330
2
100
AcDbSymbolTableRecord
100
AcDbLinetypeTableRecord
  2
CENTERX2
 70
0
  3
Center (2x) ________  __  ________  __  ________
 72
65
 73
4
 40
8.89
 49
6.35
 74
0
 49
-0.635
 74
0
 49
1.27
 74
0
 49
-0.635
 74
0
  0
LTYPE
  5
31
330
2
100
AcDbSymbolTableRecord
100
AcDbLinetypeTableRecord
  2
CENTER2
 70
0
  3
Center (.5x) ____ _ ____ _ ____ _ ____ _ ____
 72
65
 73
4
 40
2.54
 49
1.587
 74
0
 49
-0.318
 74
0
 49
0.318
 74
0
 49
-0.318
 74
0
  0
LTYPE
  5
32
330
2
100
AcDbSymbolTableRecord
100
AcDbLinetypeTableRecord
  2
DASHED
 70
0
  3
Dashed __ __ __ __ __ __ __ __ __ __ __ __ __ _
 72
65
 73
2
 40
1.524
 49
1.27
 74
0
 49
-0.254
 74
0
  0
LTYPE
  5
33
330
2
100
AcDbSymbolTableRecord
100
AcDbLinetypeTableRecord
  2
DASHEDX2
 70
0
  3
Dashed (2x) ____  ____  ____  ____  ____  ____
 72
65
 73
2
 40
3.048
 49
2.54
 74
0
 49
-0.508
 74
0
  0
LTYPE
  5
34
330
2
100
AcDbSymbolTableRecord
100
AcDbLinetypeTableRecord
  2
DASHED2
 70
0
  3
Dashed (.5x) _ _ _ _ _ _ _ _ _ _ _ _ _ _
 72
65
 73
2
 40
0.762
 49
0.635
 74
0
 49
-0.127
 74
0
  0
LTYPE
  5
35
330
2
100
AcDbSymbolTableRecord
100
AcDbLinetypeTableRecord
  2
PHANTOM
 70
0
  3
Phantom ______  __  __  ______  __  __  ______
 72
65
 73
6
 40
6.35
 49
3.175
 74
0
 49
-0.635
 74
0
 49
0.635
 74
0
 49
-0.635
 74
0
 49
0.635
 74
0
 49
-0.635
 74
0
  0
LTYPE
  5
36
330
2
100
AcDbSymbolTableRecord
100
AcDbLinetypeTableRecord
  2
PHANTOMX2
 70
0
  3
Phantom (2x)____________    ____    ____    ____________
 72
65
 73
6
 40
10.795
 49
6.35
 74
0
 49
-0.635
 74
0
 49
1.27
 74
0
 49
-0.635
 74
0
 49
1.27
 74
0
 49
-0.635
 74
0
  0
LTYPE
  5
37
330
2
100
AcDbSymbolTableRecord
100
AcDbLinetypeTableRecord
  2
PHANTOM2
 70
0
  3
Phantom (.5x) ___ _ _ ___ _ _ ___ _ _ ___ _ _ ___
 72
65
 73
6
 40
3.175
 49
1.587
 74
0
 49
-0.318
 74
0
 49
0.318
 74
0
 49
-0.318
 74
0
 49
0.318
 74
0
 49
-0.318
 74
0
  0
LTYPE
  5
38
330
2
100
AcDbSymbolTableRecord
100
AcDbLinetypeTableRecord
  2
DASHDOT
 70
0
  3
Dash dot __ . __ . __ . __ . __ . __ . __ . __
 72
65
 73
4
 40
3.556
 49
2.54
 74
0
 49
-0.508
 74
0
 49
0.0
 74
0
 49
-0.508
 74
0
  0
LTYPE
  5
39
330
2
100
AcDbSymbolTableRecord
100
AcDbLinetypeTableRecord
  2
DASHDOTX2
 70
0
  3
Dash dot (2x) ____  .  ____  .  ____  .  ____
 72
65
 73
4
 40
6.096
 49
5.08
 74
0
 49
-0.508
 74
0
 49
0.0
 74
0
 49
-0.508
 74
0
  0
LTYPE
  5
3A
330
2
100
AcDbSymbolTableRecord
100
AcDbLinetypeTableRecord
  2
DASHDOT2
 70
0
  3
Dash dot (.5x) _ . _ . _ . _ . _ . _ . _ . _
 72
65
 73
4
 40
1.778
 49
1.27
 74
0
 49
-0.254
 74
0
 49
0.0
 74
0
 49
-0.254
 74
0
  0
LTYPE
  5
3B
330
2
100
AcDbSymbolTableRecord
100
AcDbLinetypeTableRecord
  2
DOT
 70
0
  3
Dot .  .  .  .  .  .  .  .  .  .  .  .  .  .  .  .
 72
65
 73
2
 40
0.508
 49
0.0
 74
0
 49
-0.508
 74
0
  0
LTYPE
  5
3C
330
2
100
AcDbSymbolTableRecord
100
AcDbLinetypeTableRecord
  2
DOTX2
 70
0
  3
Dot (2x) .    .    .    .    .    .    .    . 
 72
65
 73
2
 40
1.016
 49
0.0
 74
0
 49
-1.016
 74
0
  0
LTYPE
  5
3D
330
2
100
AcDbSymbolTableRecord
100
AcDbLinetypeTableRecord
  2
DOT2
 70
0
  3
Dot (.5) . . . . . . . . . . . . . . . . . . . 
 72
65
 73
2
 40
0.254
 49
0.0
 74
0
 49
-0.254
 74
0
  0
LTYPE
  5
3E
330
2
100
AcDbSymbolTableRecord
100
AcDbLinetypeTableRecord
  2
DIVIDE
 70
0
  3
Divide __ . . __ . . __ . . __ . . __ . . __
 72
65
 73
6
 40
4.064
 49
2.54
 74
0
 49
-0.508
 74
0
 49
0.0
 74
0
 49
-0.508
 74
0
 49
0.0
 74
0
 49
-0.508
 74
0
  0
LTYPE
  5
3F
330
2
100
AcDbSymbolTableRecord
100
AcDbLinetypeTableRecord
  2
DIVIDEX2
 70
0
  3
Divide (2x) ____  . .  ____  . .  ____  . .  ____
 72
65
 73
6
 40
6.604
 49
5.08
 74
0
 49
-0.508
 74
0
 49
0.0
 74
0
 49
-0.508
 74
0
 49
0.0
 74
0
 49
-0.508
 74
0
  0
LTYPE
  5
40
330
2
100
AcDbSymbolTableRecord
100
AcDbLinetypeTableRecord
  2
DIVIDE2
 70
0
  3
Divide(.5x) _ . _ . _ . _ . _ . _ . _ . _
 72
65
 73
6
 40
2.032
 49
1.27
 74
0
 49
-0.254
 74
0
 49
0.0
 74
0
 49
-0.254
 74
0
 49
0.0
 74
0
 49
-0.254
 74
0
  0
ENDTAB
  0
TABLE
  2
LAYER
  5
1
330
0
100
AcDbSymbolTable
 70
16
  0
LAYER
  5
27
330
1
100
AcDbSymbolTableRecord
100
AcDbLayerTableRecord
  2
0
 70
0
 62
7
  6
Continuous
370
-3
390
13
347
21
  0
LAYER
  5
28
330
1
100
AcDbSymbolTableRecord
100
AcDbLayerTableRecord
  2
Defpoints
 70
0
 62
7
  6
Continuous
290
0
370
-3
390
13
347
21
  0
LAYER
  5
8B
330
1
100
AcDbSymbolTableRecord
100
AcDbLayerTableRecord
  2
FRAME
 70
0
 62
7
  6
CONTINUOUS
370
-3
390
13
347
21
  0
LAYER
  5
8C
330
1
100
AcDbSymbolTableRecord
100
AcDbLayerTableRecord
  2
AR-WALLS
 70
0
 62
7
  6
CONTINUOUS
370
-3
390
13
347
21
  0
LAYER
  5
8D
330
1
100
AcDbSymbolTableRecord
100
AcDbLayerTableRecord
  2
AR-NEW
 70
0
 62
5
  6
CONTINUOUS
370
-3
390
13
347
21
  0
LAYER
  5
8E
330
1
100
AcDbSymbolTableRecord
100
AcDbLayerTableRecord
  2
AR-DEMO
 70
0
 62
1
  6
DASHED
370
-3
390
13
347
21
  0
LAYER
  5
8F
330
1
100
AcDbSymbolTableRecord
100
AcDbLayerTableRecord
  2
FURN
 70
0
 62
8
  6
CONTINUOUS
370
-3
390
13
347
21
  0
LAYER
  5
90
330
1
100
AcDbSymbolTableRecord
100
AcDbLayerTableRecord
  2
EL-LIGHT
 70
0
 62
30
  6
CONTINUOUS
370
-3
390
13
347
21
  0
LAYER
  5
91
330
1
100
AcDbSymbolTableRecord
100
AcDbLayerTableRecord
  2
EL-SOCKET
 70
0
 62
6
  6
CONTINUOUS
370
-3
390
13
347
21
  0
LAYER
  5
92
330
1
100
AcDbSymbolTableRecord
100
AcDbLayerTableRecord
  2
EL-LOW
 70
0
 62
3
  6
CONTINUOUS
370
-3
390
13
347
21
  0
LAYER
  5
93
330
1
100
AcDbSymbolTableRecord
100
AcDbLayerTableRecord
  2
VK
 70
0
 62
4
  6
CONTINUOUS
370
-3
390
13
347
21
  0
LAYER
  5
94
330
1
100
AcDbSymbolTableRecord
100
AcDbLayerTableRecord
  2
OV
 70
0
 62
3
  6
CONTINUOUS
370
-3
390
13
347
21
  0
LAYER
  5
95
330
1
100
AcDbSymbolTableRecord
100
AcDbLayerTableRecord
  2
DIM
 70
0
 62
7
  6
CONTINUOUS
370
-3
390
13
347
21
  0
LAYER
  5
96
330
1
100
AcDbSymbolTableRecord
100
AcDbLayerTableRecord
  2
TEXT
 70
0
 62
7
  6
CONTINUOUS
370
-3
390
13
347
21
  0
LAYER
  5
97
330
1
100
AcDbSymbolTableRecord
100
AcDbLayerTableRecord
  2
AR-FIN
 70
0
 62
9
  6
CONTINUOUS
370
-3
390
13
347
21
  0
LAYER
  5
98
330
1
100
AcDbSymbolTableRecord
100
AcDbLayerTableRecord
  2
BASE
 70
0
 62
9
  6
CONTINUOUS
370
-3
390
13
347
21
  0
ENDTAB
  0
TABLE
  2
STYLE
  5
5
330
0
100
AcDbSymbolTable
 70
27
  0
STYLE
  5
29
330
5
100
AcDbSymbolTableRecord
100
AcDbTextStyleTableRecord
  2
Standard
 70
0
 40
0.0
 41
1.0
 50
0.0
 71
0
 42
2.5
  3
DejaVuSans.ttf
  4

  0
STYLE
  5
41
330
5
100
AcDbSymbolTableRecord
100
AcDbTextStyleTableRecord
  2
OpenSans-Light
 70
0
 40
0.0
 41
1.0
 50
0.0
 71
0
 42
2.5
  3
OpenSans-Light.ttf
  4

  0
STYLE
  5
42
330
5
100
AcDbSymbolTableRecord
100
AcDbTextStyleTableRecord
  2
OpenSans-Light-Italic
 70
0
 40
0.0
 41
1.0
 50
0.0
 71
0
 42
2.5
  3
OpenSans-LightItalic.ttf
  4

  0
STYLE
  5
43
330
5
100
AcDbSymbolTableRecord
100
AcDbTextStyleTableRecord
  2
OpenSans
 70
0
 40
0.0
 41
1.0
 50
0.0
 71
0
 42
2.5
  3
OpenSans-Regular.ttf
  4

  0
STYLE
  5
44
330
5
100
AcDbSymbolTableRecord
100
AcDbTextStyleTableRecord
  2
OpenSans-Italic
 70
0
 40
0.0
 41
1.0
 50
0.0
 71
0
 42
2.5
  3
OpenSans-Italic.ttf
  4

  0
STYLE
  5
45
330
5
100
AcDbSymbolTableRecord
100
AcDbTextStyleTableRecord
  2
OpenSans-SemiBold
 70
0
 40
0.0
 41
1.0
 50
0.0
 71
0
 42
2.5
  3
OpenSans-SemiBold.ttf
  4

  0
STYLE
  5
46
330
5
100
AcDbSymbolTableRecord
100
AcDbTextStyleTableRecord
  2
OpenSans-SemiBoldItalic
 70
0
 40
0.0
 41
1.0
 50
0.0
 71
0
 42
2.5
  3
OpenSans-SemiBoldItalic.ttf
  4

  0
STYLE
  5
47
330
5
100
AcDbSymbolTableRecord
100
AcDbTextStyleTableRecord
  2
OpenSans-Bold
 70
0
 40
0.0
 41
1.0
 50
0.0
 71
0
 42
2.5
  3
OpenSans-Bold.ttf
  4

  0
STYLE
  5
48
330
5
100
AcDbSymbolTableRecord
100
AcDbTextStyleTableRecord
  2
OpenSans-BoldItalic
 70
0
 40
0.0
 41
1.0
 50
0.0
 71
0
 42
2.5
  3
OpenSans-BoldItalic.ttf
  4

  0
STYLE
  5
49
330
5
100
AcDbSymbolTableRecord
100
AcDbTextStyleTableRecord
  2
OpenSans-ExtraBold
 70
0
 40
0.0
 41
1.0
 50
0.0
 71
0
 42
2.5
  3
OpenSans-ExtraBold.ttf
  4

  0
STYLE
  5
4A
330
5
100
AcDbSymbolTableRecord
100
AcDbTextStyleTableRecord
  2
OpenSans-ExtraBoldItalic
 70
0
 40
0.0
 41
1.0
 50
0.0
 71
0
 42
2.5
  3
OpenSans-ExtraBoldItalic.ttf
  4

  0
STYLE
  5
4B
330
5
100
AcDbSymbolTableRecord
100
AcDbTextStyleTableRecord
  2
OpenSansCondensed-Bold
 70
0
 40
0.0
 41
1.0
 50
0.0
 71
0
 42
2.5
  3
OpenSansCondensed-Bold.ttf
  4

  0
STYLE
  5
4C
330
5
100
AcDbSymbolTableRecord
100
AcDbTextStyleTableRecord
  2
OpenSansCondensed-Light
 70
0
 40
0.0
 41
1.0
 50
0.0
 71
0
 42
2.5
  3
OpenSansCondensed-Light.ttf
  4

  0
STYLE
  5
4D
330
5
100
AcDbSymbolTableRecord
100
AcDbTextStyleTableRecord
  2
OpenSansCondensed-Italic
 70
0
 40
0.0
 41
1.0
 50
0.0
 71
0
 42
2.5
  3
OpenSansCondensed-LightItalic.ttf
  4

  0
STYLE
  5
4E
330
5
100
AcDbSymbolTableRecord
100
AcDbTextStyleTableRecord
  2
LiberationSans
 70
0
 40
0.0
 41
1.0
 50
0.0
 71
0
 42
2.5
  3
LiberationSans-Regular.ttf
  4

  0
STYLE
  5
4F
330
5
100
AcDbSymbolTableRecord
100
AcDbTextStyleTableRecord
  2
LiberationSans-Bold
 70
0
 40
0.0
 41
1.0
 50
0.0
 71
0
 42
2.5
  3
LiberationSans-Bold.ttf
  4

  0
STYLE
  5
50
330
5
100
AcDbSymbolTableRecord
100
AcDbTextStyleTableRecord
  2
LiberationSans-BoldItalic
 70
0
 40
0.0
 41
1.0
 50
0.0
 71
0
 42
2.5
  3
LiberationSans-BoldItalic.ttf
  4

  0
STYLE
  5
51
330
5
100
AcDbSymbolTableRecord
100
AcDbTextStyleTableRecord
  2
LiberationSans-Italic
 70
0
 40
0.0
 41
1.0
 50
0.0
 71
0
 42
2.5
  3
LiberationSans-Italic.ttf
  4

  0
STYLE
  5
52
330
5
100
AcDbSymbolTableRecord
100
AcDbTextStyleTableRecord
  2
LiberationSerif
 70
0
 40
0.0
 41
1.0
 50
0.0
 71
0
 42
2.5
  3
LiberationSerif-Regular.ttf
  4

  0
STYLE
  5
53
330
5
100
AcDbSymbolTableRecord
100
AcDbTextStyleTableRecord
  2
LiberationSerif-Bold
 70
0
 40
0.0
 41
1.0
 50
0.0
 71
0
 42
2.5
  3
LiberationSerif-Bold.ttf
  4

  0
STYLE
  5
54
330
5
100
AcDbSymbolTableRecord
100
AcDbTextStyleTableRecord
  2
LiberationSerif-BoldItalic
 70
0
 40
0.0
 41
1.0
 50
0.0
 71
0
 42
2.5
  3
LiberationSerif-BoldItalic.ttf
  4

  0
STYLE
  5
55
330
5
100
AcDbSymbolTableRecord
100
AcDbTextStyleTableRecord
  2
LiberationSerif-Italic
 70
0
 40
0.0
 41
1.0
 50
0.0
 71
0
 42
2.5
  3
LiberationSerif-Italic.ttf
  4

  0
STYLE
  5
56
330
5
100
AcDbSymbolTableRecord
100
AcDbTextStyleTableRecord
  2
LiberationMono
 70
0
 40
0.0
 41
1.0
 50
0.0
 71
0
 42
2.5
  3
LiberationMono-Regular.ttf
  4

  0
STYLE
  5
57
330
5
100
AcDbSymbolTableRecord
100
AcDbTextStyleTableRecord
  2
LiberationMono-Bold
 70
0
 40
0.0
 41
1.0
 50
0.0
 71
0
 42
2.5
  3
LiberationMono-Bold.ttf
  4

  0
STYLE
  5
58
330
5
100
AcDbSymbolTableRecord
100
AcDbTextStyleTableRecord
  2
LiberationMono-BoldItalic
 70
0
 40
0.0
 41
1.0
 50
0.0
 71
0
 42
2.5
  3
LiberationMono-BoldItalic.ttf
  4

  0
STYLE
  5
59
330
5
100
AcDbSymbolTableRecord
100
AcDbTextStyleTableRecord
  2
LiberationMono-Italic
 70
0
 40
0.0
 41
1.0
 50
0.0
 71
0
 42
2.5
  3
LiberationMono-Italic.ttf
  4

  0
STYLE
  5
8A
330
5
100
AcDbSymbolTableRecord
100
AcDbTextStyleTableRecord
  2
GOST
 70
0
 40
0.0
 41
1.0
 50
0.0
 71
0
 42
2.5
  3
DejaVuSans.ttf
  4

  0
ENDTAB
  0
TABLE
  2
VIEW
  5
7
330
0
100
AcDbSymbolTable
 70
0
  0
ENDTAB
  0
TABLE
  2
UCS
  5
6
330
0
100
AcDbSymbolTable
 70
0
  0
ENDTAB
  0
TABLE
  2
APPID
  5
3
330
0
100
AcDbSymbolTable
 70
3
  0
APPID
  5
2A
330
3
100
AcDbSymbolTableRecord
100
AcDbRegAppTableRecord
  2
ACAD
 70
0
  0
APPID
  5
4A0
330
3
100
AcDbSymbolTableRecord
100
AcDbRegAppTableRecord
  2
HATCHBACKGROUNDCOLOR
 70
0
  0
APPID
  5
4A1
330
3
100
AcDbSymbolTableRecord
100
AcDbRegAppTableRecord
  2
EZDXF
 70
0
  0
ENDTAB
  0
TABLE
  2
DIMSTYLE
  5
4
330
0
100
AcDbSymbolTable
 70
12
100
AcDbDimStyleTable
  0
DIMSTYLE
105
2B
330
4
100
AcDbSymbolTableRecord
100
AcDbDimStyleTableRecord
  2
Standard
 70
0
 40
1.0
 41
2.5
 42
0.625
 43
3.75
 44
1.25
 45
0.0
 46
0.0
 47
0.0
 48
0.0
 49
2.5
140
2.5
141
2.5
142
0.0
143
0.03937007874
144
1.0
145
0.0
146
1.0
147
0.625
148
0.0
 69
0
 70
0
 71
0
 72
0
 73
0
 74
0
 75
0
 76
0
 77
1
 78
8
 79
3
170
0
171
3
172
1
173
0
174
0
175
0
176
0
177
0
178
0
179
2
271
2
272
2
273
2
274
3
275
0
276
0
277
2
278
44
279
0
280
0
281
0
282
0
283
0
284
8
285
0
286
0
288
0
289
3
290
0
371
-2
372
-2
  0
DIMSTYLE
105
73
330
4
100
AcDbSymbolTableRecord
100
AcDbDimStyleTableRecord
  2
EZDXF
 70
0
 40
1.0
 41
0.175
 42
0.125
 43
3.75
 44
0.375
 45
0.0
 46
0.0
 47
0.0
 48
0.0
 49
2.5
140
0.25
141
2.5
142
0.0
143
0.03937007874
144
100.0
145
0.0
146
0.5
147
0.1
148
0.0
 69
0
 70
0
 71
0
 72
0
 73
0
 74
0
 75
0
 76
0
 77
1
 78
12
 79
3
170
0
171
3
172
1
173
0
174
0
175
0
176
0
177
0
178
0
179
2
271
2
272
2
273
2
274
3
275
0
276
0
277
2
278
46
279
2
280
0
281
0
282
0
283
0
284
8
285
0
286
0
288
1
289
3
290
0
340
4C
342
74
371
-2
372
-2
  0
DIMSTYLE
105
7C
330
4
100
AcDbSymbolTableRecord
100
AcDbDimStyleTableRecord
  2
EZ_M_100_H25_CM
 70
0
 40
1.0
 41
0.25
 42
0.125
 43
3.75
 44
0.375
 45
0.0
 46
0.0
 47
0.0
 48
0.0
 49
2.5
140
0.25
141
2.5
142
0.125
143
0.03937007874
144
100.0
145
0.0
146
0.5
147
0.1
148
0.0
 69
0
 70
0
 71
0
 72
0
 73
0
 74
0
 75
0
 76
0
 77
1
 78
12
 79
3
170
0
171
3
172
1
173
0
174
0
175
0
176
0
177
0
178
0
179
2
271
2
272
2
273
2
274
3
275
0
276
0
277
2
278
46
279
2
280
0
281
0
282
0
283
0
284
8
285
0
286
0
288
1
289
3
290
0
340
4C
371
-2
372
-2
  0
DIMSTYLE
105
7D
330
4
100
AcDbSymbolTableRecord
100
AcDbDimStyleTableRecord
  2
EZ_M_50_H25_CM
 70
0
 40
1.0
 41
0.125
 42
0.0625
 43
3.75
 44
0.1875
 45
0.0
 46
0.0
 47
0.0
 48
0.0
 49
2.5
140
0.125
141
2.5
142
0.0625
143
0.03937007874
144
100.0
145
0.0
146
0.5
147
0.05
148
0.0
 69
0
 70
0
 71
0
 72
0
 73
0
 74
0
 75
0
 76
0
 77
1
 78
12
 79
3
170
0
171
3
172
1
173
0
174
0
175
0
176
0
177
0
178
0
179
2
271
2
272
2
273
2
274
3
275
0
276
0
277
2
278
46
279
2
280
0
281
0
282
0
283
0
284
8
285
0
286
0
288
1
289
3
290
0
340
4C
371
-2
372
-2
  0
DIMSTYLE
105
7E
330
4
100
AcDbSymbolTableRecord
100
AcDbDimStyleTableRecord
  2
EZ_M_25_H25_CM
 70
0
 40
1.0
 41
0.0625
 42
0.03125
 43
3.75
 44
0.09375
 45
0.0
 46
0.0
 47
0.0
 48
0.0
 49
2.5
140
0.0625
141
2.5
142
0.03125
143
0.03937007874
144
100.0
145
0.0
146
0.5
147
0.025
148
0.0
 69
0
 70
0
 71
0
 72
0
 73
0
 74
0
 75
0
 76
0
 77
1
 78
12
 79
3
170
0
171
3
172
1
173
0
174
0
175
0
176
0
177
0
178
0
179
2
271
2
272
2
273
2
274
3
275
0
276
0
277
2
278
46
279
2
280
0
281
0
282
0
283
0
284
8
285
0
286
0
288
1
289
3
290
0
340
4C
371
-2
372
-2
  0
DIMSTYLE
105
7F
330
4
100
AcDbSymbolTableRecord
100
AcDbDimStyleTableRecord
  2
EZ_M_20_H25_CM
 70
0
 40
1.0
 41
0.05
 42
0.025
 43
3.75
 44
0.07500000000000001
 45
0.0
 46
0.0
 47
0.0
 48
0.0
 49
2.5
140
0.05
141
2.5
142
0.025
143
0.03937007874
144
100.0
145
0.0
146
0.5
147
0.020000000000000004
148
0.0
 69
0
 70
0
 71
0
 72
0
 73
0
 74
0
 75
0
 76
0
 77
1
 78
12
 79
3
170
0
171
3
172
1
173
0
174
0
175
0
176
0
177
0
178
0
179
2
271
2
272
2
273
2
274
3
275
0
276
0
277
2
278
46
279
2
280
0
281
0
282
0
283
0
284
8
285
0
286
0
288
1
289
3
290
0
340
4C
371
-2
372
-2
  0
DIMSTYLE
105
80
330
4
100
AcDbSymbolTableRecord
100
AcDbDimStyleTableRecord
  2
EZ_M_10_H25_CM
 70
0
 40
1.0
 41
0.025
 42
0.0125
 43
3.75
 44
0.037500000000000006
 45
0.0
 46
0.0
 47
0.0
 48
0.0
 49
2.5
140
0.025
141
2.5
142
0.0125
143
0.03937007874
144
100.0
145
0.0
146
0.5
147
0.010000000000000002
148
0.0
 69
0
 70
0
 71
0
 72
0
 73
0
 74
0
 75
0
 76
0
 77
1
 78
12
 79
3
170
0
171
3
172
1
173
0
174
0
175
0
176
0
177
0
178
0
179
2
271
2
272
2
273
2
274
3
275
0
276
0
277
2
278
46
279
2
280
0
281
0
282
0
283
0
284
8
285
0
286
0
288
1
289
3
290
0
340
4C
371
-2
372
-2
  0
DIMSTYLE
105
81
330
4
100
AcDbSymbolTableRecord
100
AcDbDimStyleTableRecord
  2
EZ_M_5_H25_CM
 70
0
 40
1.0
 41
0.0125
 42
0.00625
 43
3.75
 44
0.018750000000000003
 45
0.0
 46
0.0
 47
0.0
 48
0.0
 49
2.5
140
0.0125
141
2.5
142
0.00625
143
0.03937007874
144
100.0
145
0.0
146
0.5
147
0.005000000000000001
148
0.0
 69
0
 70
0
 71
0
 72
0
 73
0
 74
0
 75
0
 76
0
 77
1
 78
12
 79
3
170
0
171
3
172
1
173
0
174
0
175
0
176
0
177
0
178
0
179
2
271
2
272
2
273
2
274
3
275
0
276
0
277
2
278
46
279
2
280
0
281
0
282
0
283
0
284
8
285
0
286
0
288
1
289
3
290
0
340
4C
371
-2
372
-2
  0
DIMSTYLE
105
82
330
4
100
AcDbSymbolTableRecord
100
AcDbDimStyleTableRecord
  2
EZ_M_1_H25_CM
 70
0
 40
1.0
 41
0.0025
 42
0.00125
 43
3.75
 44
0.00375
 45
0.0
 46
0.0
 47
0.0
 48
0.0
 49
2.5
140
0.0025
141
2.5
142
0.00125
143
0.03937007874
144
100.0
145
0.0
146
0.5
147
0.001
148
0.0
 69
0
 70
0
 71
0
 72
0
 73
0
 74
0
 75
0
 76
0
 77
1
 78
12
 79
3
170
0
171
3
172
1
173
0
174
0
175
0
176
0
177
0
178
0
179
2
271
2
272
2
273
2
274
3
275
0
276
0
277
2
278
46
279
2
280
0
281
0
282
0
283
0
284
8
285
0
286
0
288
1
289
3
290
0
340
4C
371
-2
372
-2
  0
DIMSTYLE
105
83
330
4
100
AcDbSymbolTableRecord
100
AcDbDimStyleTableRecord
  2
EZ_RADIUS
 70
0
 40
1.0
 41
0.25
 42
0.125
 43
3.75
 44
0.375
 45
0.0
 46
0.0
 47
0.0
 48
0.0
 49
2.5
140
0.25
141
0.0
142
0.0
143
0.03937007874
144
100.0
145
0.0
146
0.5
147
0.1
148
0.0
 69
0
 70
0
 71
0
 72
0
 73
0
 74
0
 75
0
 76
0
 77
1
 78
12
 79
3
170
0
171
3
172
0
173
0
174
0
175
0
176
0
177
0
178
0
179
2
271
2
272
2
273
2
274
3
275
0
276
0
277
2
278
46
279
1
280
0
281
0
282
0
283
0
284
8
285
0
286
0
288
1
289
3
290
0
340
4C
342
84
371
-2
372
-2
  0
DIMSTYLE
105
88
330
4
100
AcDbSymbolTableRecord
100
AcDbDimStyleTableRecord
  2
EZ_RADIUS_INSIDE
 70
0
 40
1.0
 41
0.25
 42
0.125
 43
3.75
 44
0.375
 45
0.0
 46
0.0
 47
0.0
 48
0.0
 49
2.5
140
0.25
141
0.0
142
0.0
143
0.03937007874
144
100.0
145
0.0
146
0.5
147
0.1
148
0.0
 69
0
 70
0
 71
0
 72
0
 73
0
 74
0
 75
0
 76
0
 77
0
 78
12
 79
3
170
0
171
3
172
0
173
0
174
1
175
0
176
0
177
0
178
0
179
2
271
2
272
2
273
2
274
3
275
0
276
0
277
2
278
46
279
0
280
0
281
0
282
0
283
0
284
8
285
0
286
0
288
1
289
0
290
0
340
4C
342
84
371
-2
372
-2
  0
DIMSTYLE
105
89
330
4
100
AcDbSymbolTableRecord
100
AcDbDimStyleTableRecord
  2
EZ_CURVED
 70
0
 40
1.0
 41
0.25
 42
0.125
 43
3.75
 44
0.375
 45
0.0
 46
0.0
 47
0.0
 48
0.0
 49
2.5
140
0.25
141
2.5
142
0.0
143
0.03937007874
144
100.0
145
0.0
146
0.5
147
0.1
148
0.0
 69
0
 70
0
 71
0
 72
0
 73
0
 74
0
 75
0
 76
0
 77
1
 78
12
 79
2
 90
2
170
0
171
3
172
1
173
0
174
0
175
0
176
0
177
0
178
0
179
2
271
2
272
2
273
2
274
3
275
0
276
0
277
2
278
46
279
2
280
0
281
0
282
0
283
0
284
8
285
0
286
0
288
1
289
3
290
0
340
4C
371
-2
372
-2
  0
ENDTAB
  0
TABLE
  2
BLOCK_RECORD
  5
9
330
0
100
AcDbSymbolTable
 70
5
  0
BLOCK_RECORD
  5
17
330
9
100
AcDbSymbolTableRecord
100
AcDbBlockTableRecord
  2
*Model_Space
340
1A
 70
0
280
1
281
0
  0
BLOCK_RECORD
  5
1B
330
9
100
AcDbSymbolTableRecord
100
AcDbBlockTableRecord
  2
*Paper_Space
340
1E
 70
0
280
1
281
0
  0
BLOCK_RECORD
  5
74
330
9
100
AcDbSymbolTableRecord
100
AcDbBlockTableRecord
  2
_ARCHTICK
340
0
 70
0
280
1
281
0
  0
BLOCK_RECORD
  5
78
330
9
100
AcDbSymbolTableRecord
100
AcDbBlockTableRecord
  2
_CLOSEDFILLED
340
0
 70
0
280
1
281
0
  0
BLOCK_RECORD
  5
84
330
9
100
AcDbSymbolTableRecord
100
AcDbBlockTableRecord
  2
_CLOSEDBLANK
340
0
 70
0
280
1
281
0
  0
ENDTAB
  0
ENDSEC
  0
SECTION
  2
BLOCKS
  0
BLOCK
  5
18
330
17
100
AcDbEntity
  8
0
100
AcDbBlockBegin
  2
*Model_Space
 70
0
 10
0.0
 20
0.0
 30
0.0
  3
*Model_Space
  1

  0
ENDBLK
  5
19
330
17
100
AcDbEntity
  8
0
100
AcDbBlockEnd
  0
BLOCK
  5
1C
330
1B
100
AcDbEntity
  8
0
100
AcDbBlockBegin
  2
*Paper_Space
 70
0
 10
0.0
 20
0.0
 30
0.0
  3
*Paper_Space
  1

  0
ENDBLK
  5
1D
330
1B
100
AcDbEntity
  8
0
100
AcDbBlockEnd
  0
BLOCK
  5
75
330
74
100
AcDbEntity
  8
0
100
AcDbBlockBegin
  2
_ARCHTICK
 70
0
 10
0.0
 20
0.0
 30
0.0
  3
_ARCHTICK
  1

  0
LWPOLYLINE
  5
77
330
74
100
AcDbEntity
  8
0
  6
BYBLOCK
 62
0
100
AcDbPolyline
 90
2
 70
0
 43
0.15
 10
-0.5
 20
-0.5
 10
0.5
 20
0.5
  0
ENDBLK
  5
76
330
74
100
AcDbEntity
  8
0
100
AcDbBlockEnd
  0
BLOCK
  5
79
330
78
100
AcDbEntity
  8
0
100
AcDbBlockBegin
  2
_CLOSEDFILLED
 70
0
 10
0.0
 20
0.0
 30
0.0
  3
_CLOSEDFILLED
  1

  0
SOLID
  5
7B
330
78
100
AcDbEntity
  8
0
  6
BYBLOCK
 62
0
100
AcDbTrace
 10
-1.0
 20
0.16439898372402537
 30
0.0
 11
0.0
 21
0.0
 31
0.0
 12
-1.0
 22
-0.16439898372402537
 32
0.0
 13
-1.0
 23
-0.16439898372402537
 33
0.0
  0
ENDBLK
  5
7A
330
78
100
AcDbEntity
  8
0
100
AcDbBlockEnd
  0
BLOCK
  5
85
330
84
100
AcDbEntity
  8
0
100
AcDbBlockBegin
  2
_CLOSEDBLANK
 70
0
 10
0.0
 20
0.0
 30
0.0
  3
_CLOSEDBLANK
  1

  0
LWPOLYLINE
  5
87
330
84
100
AcDbEntity
  8
0
  6
BYBLOCK
 62
0
100
AcDbPolyline
 90
3
 70
1
 10
-1.0
 20
0.16439898372402537
 10
0.0
 20
0.0
 10
-1.0
 20
-0.16439898372402537
  0
ENDBLK
  5
86
330
84
100
AcDbEntity
  8
0
100
AcDbBlockEnd
  0
ENDSEC
  0
SECTION
  2
ENTITIES
  0
HATCH
  5
99
330
17
100
AcDbEntity
  8
AR-WALLS
 62
7
420
10132122
100
AcDbHatch
 10
0.0
 20
0.0
 30
0.0
210
0.0
220
0.0
230
1.0
  2
SOLID
 70
1
 71
0
 91
1
 92
3
 72
0
 73
1
 93
5
 10
12040.0
 20
13271.0
 10
10671.0
 20
13271.0
 10
10671.0
 20
13691.000000000002
 10
12040.0
 20
13691.000000000002
 10
12040.0
 20
13271.0
 97
0
 75
1
 76
1
 98
0
  0
LWPOLYLINE
  5
9A
330
17
100
AcDbEntity
  8
AR-WALLS
370
15
420
8355711
100
AcDbPolyline
 90
5
 70
1
 10
12040.0
 20
13271.0
 10
10671.0
 20
13271.0
 10
10671.0
 20
13691.000000000002
 10
12040.0
 20
13691.000000000002
 10
12040.0
 20
13271.0
  0
HATCH
  5
9B
330
17
100
AcDbEntity
  8
AR-WALLS
 62
7
420
10132122
100
AcDbHatch
 10
0.0
 20
0.0
 30
0.0
210
0.0
220
0.0
230
1.0
  2
SOLID
 70
1
 71
0
 91
1
 92
3
 72
0
 73
1
 93
5
 10
7030.000000000001
 20
13271.0
 10
7030.000000000001
 20
13691.000000000002
 10
8810.0
 20
13691.000000000002
 10
8810.0
 20
13271.0
 10
7030.000000000001
 20
13271.0
 97
0
 75
1
 76
1
 98
0
  0
LWPOLYLINE
  5
9C
330
17
100
AcDbEntity
  8
AR-WALLS
370
15
420
8355711
100
AcDbPolyline
 90
5
 70
1
 10
7030.000000000001
 20
13271.0
 10
7030.000000000001
 20
13691.000000000002
 10
8810.0
 20
13691.000000000002
 10
8810.0
 20
13271.0
 10
7030.000000000001
 20
13271.0
  0
HATCH
  5
9D
330
17
100
AcDbEntity
  8
AR-WALLS
 62
7
420
10132122
100
AcDbHatch
 10
0.0
 20
0.0
 30
0.0
210
0.0
220
0.0
230
1.0
  2
SOLID
 70
1
 71
0
 91
1
 92
3
 72
0
 73
1
 93
5
 10
4079.9999999999995
 20
13691.000000000002
 10
5170.0
 20
13691.000000000002
 10
5170.0
 20
13271.0
 10
4079.9999999999995
 20
13271.0
 10
4079.9999999999995
 20
13691.000000000002
 97
0
 75
1
 76
1
 98
0
  0
LWPOLYLINE
  5
9E
330
17
100
AcDbEntity
  8
AR-WALLS
370
15
420
8355711
100
AcDbPolyline
 90
5
 70
1
 10
4079.9999999999995
 20
13691.000000000002
 10
5170.0
 20
13691.000000000002
 10
5170.0
 20
13271.0
 10
4079.9999999999995
 20
13271.0
 10
4079.9999999999995
 20
13691.000000000002
  0
HATCH
  5
9F
330
17
100
AcDbEntity
  8
AR-WALLS
 62
7
420
10132122
100
AcDbHatch
 10
0.0
 20
0.0
 30
0.0
210
0.0
220
0.0
230
1.0
  2
SOLID
 70
1
 71
0
 91
1
 92
3
 72
0
 73
1
 93
5
 10
3870.0000000000005
 20
4280.0
 10
3870.0000000000005
 20
4950.0
 10
4290.000000000001
 20
4950.0
 10
4290.000000000001
 20
4280.0
 10
3870.0000000000005
 20
4280.0
 97
0
 75
1
 76
1
 98
0
  0
LWPOLYLINE
  5
A0
330
17
100
AcDbEntity
  8
AR-WALLS
370
15
420
8355711
100
AcDbPolyline
 90
5
 70
1
 10
3870.0000000000005
 20
4280.0
 10
3870.0000000000005
 20
4950.0
 10
4290.000000000001
 20
4950.0
 10
4290.000000000001
 20
4280.0
 10
3870.0000000000005
 20
4280.0
  0
HATCH
  5
A1
330
17
100
AcDbEntity
  8
AR-WALLS
 62
7
420
10132122
100
AcDbHatch
 10
0.0
 20
0.0
 30
0.0
210
0.0
220
0.0
230
1.0
  2
SOLID
 70
1
 71
0
 91
1
 92
3
 72
0
 73
1
 93
5
 10
3870.0000000000005
 20
10046.0
 10
4290.000000000001
 20
10046.0
 10
4290.000000000001
 20
6809.999999999999
 10
3870.0000000000005
 20
6809.999999999999
 10
3870.0000000000005
 20
10046.0
 97
0
 75
1
 76
1
 98
0
  0
LWPOLYLINE
  5
A2
330
17
100
AcDbEntity
  8
AR-WALLS
370
15
420
8355711
100
AcDbPolyline
 90
5
 70
1
 10
3870.0000000000005
 20
10046.0
 10
4290.000000000001
 20
10046.0
 10
4290.000000000001
 20
6809.999999999999
 10
3870.0000000000005
 20
6809.999999999999
 10
3870.0000000000005
 20
10046.0
  0
HATCH
  5
A3
330
17
100
AcDbEntity
  8
AR-WALLS
 62
7
420
10132122
100
AcDbHatch
 10
0.0
 20
0.0
 30
0.0
210
0.0
220
0.0
230
1.0
  2
SOLID
 70
1
 71
0
 91
1
 92
3
 72
0
 73
1
 93
5
 10
4290.000000000001
 20
13481.0
 10
4290.000000000001
 20
11906.0
 10
3870.0000000000005
 20
11906.0
 10
3870.0000000000005
 20
13481.0
 10
4290.000000000001
 20
13481.0
 97
0
 75
1
 76
1
 98
0
  0
LWPOLYLINE
  5
A4
330
17
100
AcDbEntity
  8
AR-WALLS
370
15
420
8355711
100
AcDbPolyline
 90
5
 70
1
 10
4290.000000000001
 20
13481.0
 10
4290.000000000001
 20
11906.0
 10
3870.0000000000005
 20
11906.0
 10
3870.0000000000005
 20
13481.0
 10
4290.000000000001
 20
13481.0
  0
HATCH
  5
A5
330
17
100
AcDbEntity
  8
AR-WALLS
 62
7
420
10132122
100
AcDbHatch
 10
0.0
 20
0.0
 30
0.0
210
0.0
220
0.0
230
1.0
  2
SOLID
 70
1
 71
0
 91
1
 92
3
 72
0
 73
1
 93
5
 10
10280.0
 20
4200.0
 10
10280.0
 20
4360.0
 10
4079.9999999999995
 20
4360.0
 10
4079.9999999999995
 20
4200.0
 10
10280.0
 20
4200.0
 97
0
 75
1
 76
1
 98
0
  0
LWPOLYLINE
  5
A6
330
17
100
AcDbEntity
  8
AR-WALLS
370
15
420
8355711
100
AcDbPolyline
 90
5
 70
1
 10
10280.0
 20
4200.0
 10
10280.0
 20
4360.0
 10
4079.9999999999995
 20
4360.0
 10
4079.9999999999995
 20
4200.0
 10
10280.0
 20
4200.0
  0
HATCH
  5
A7
330
17
100
AcDbEntity
  8
AR-WALLS
 62
7
420
10132122
100
AcDbHatch
 10
0.0
 20
0.0
 30
0.0
210
0.0
220
0.0
230
1.0
  2
SOLID
 70
1
 71
0
 91
1
 92
3
 72
0
 73
1
 93
5
 10
10360.0
 20
4280.0
 10
10360.0
 20
6290.000000000001
 10
10200.0
 20
6290.000000000001
 10
10200.0
 20
4280.0
 10
10360.0
 20
4280.0
 97
0
 75
1
 76
1
 98
0
  0
LWPOLYLINE
  5
A8
330
17
100
AcDbEntity
  8
AR-WALLS
370
15
420
8355711
100
AcDbPolyline
 90
5
 70
1
 10
10360.0
 20
4280.0
 10
10360.0
 20
6290.000000000001
 10
10200.0
 20
6290.000000000001
 10
10200.0
 20
4280.0
 10
10360.0
 20
4280.0
  0
HATCH
  5
A9
330
17
100
AcDbEntity
  8
AR-WALLS
 62
7
420
10132122
100
AcDbHatch
 10
0.0
 20
0.0
 30
0.0
210
0.0
220
0.0
230
1.0
  2
SOLID
 70
1
 71
0
 91
1
 92
3
 72
0
 73
1
 93
5
 10
12040.0
 20
6370.0
 10
12040.0
 20
6210.000000000001
 10
11650.0
 20
6210.000000000001
 10
11650.0
 20
6370.0
 10
12040.0
 20
6370.0
 97
0
 75
1
 76
1
 98
0
  0
LWPOLYLINE
  5
AA
330
17
100
AcDbEntity
  8
AR-WALLS
370
15
420
8355711
100
AcDbPolyline
 90
5
 70
1
 10
12040.0
 20
6370.0
 10
12040.0
 20
6210.000000000001
 10
11650.0
 20
6210.000000000001
 10
11650.0
 20
6370.0
 10
12040.0
 20
6370.0
  0
HATCH
  5
AB
330
17
100
AcDbEntity
  8
AR-WALLS
 62
7
420
10132122
100
AcDbHatch
 10
0.0
 20
0.0
 30
0.0
210
0.0
220
0.0
230
1.0
  2
SOLID
 70
1
 71
0
 91
1
 92
3
 72
0
 73
1
 93
5
 10
10280.0
 20
6210.000000000001
 10
10280.0
 20
6370.0
 10
10510.0
 20
6370.0
 10
10510.0
 20
6210.000000000001
 10
10280.0
 20
6210.000000000001
 97
0
 75
1
 76
1
 98
0
  0
LWPOLYLINE
  5
AC
330
17
100
AcDbEntity
  8
AR-WALLS
370
15
420
8355711
100
AcDbPolyline
 90
5
 70
1
 10
10280.0
 20
6210.000000000001
 10
10280.0
 20
6370.0
 10
10510.0
 20
6370.0
 10
10510.0
 20
6210.000000000001
 10
10280.0
 20
6210.000000000001
  0
HATCH
  5
AD
330
17
100
AcDbEntity
  8
AR-WALLS
 62
7
420
10132122
100
AcDbHatch
 10
0.0
 20
0.0
 30
0.0
210
0.0
220
0.0
230
1.0
  2
SOLID
 70
1
 71
0
 91
1
 92
3
 72
0
 73
1
 93
5
 10
12120.0
 20
6290.000000000001
 10
12120.0
 20
13481.0
 10
11960.0
 20
13481.0
 10
11960.0
 20
6290.000000000001
 10
12120.0
 20
6290.000000000001
 97
0
 75
1
 76
1
 98
0
  0
LWPOLYLINE
  5
AE
330
17
100
AcDbEntity
  8
AR-WALLS
370
15
420
8355711
100
AcDbPolyline
 90
5
 70
1
 10
12120.0
 20
6290.000000000001
 10
12120.0
 20
13481.0
 10
11960.0
 20
13481.0
 10
11960.0
 20
6290.000000000001
 10
12120.0
 20
6290.000000000001
  0
HATCH
  5
AF
330
17
100
AcDbEntity
  8
AR-WALLS
 62
7
420
10132122
100
AcDbHatch
 10
0.0
 20
0.0
 30
0.0
210
0.0
220
0.0
230
1.0
  2
SOLID
 70
1
 71
0
 91
1
 92
3
 72
0
 73
1
 93
5
 10
7670.0
 20
13271.0
 10
7809.999999999999
 20
13271.0
 10
7809.999999999999
 20
9180.000000000002
 10
7670.0
 20
9180.000000000002
 10
7670.0
 20
13271.0
 97
0
 75
1
 76
1
 98
0
  0
LWPOLYLINE
  5
B0
330
17
100
AcDbEntity
  8
AR-WALLS
370
15
420
8355711
100
AcDbPolyline
 90
5
 70
1
 10
7670.0
 20
13271.0
 10
7809.999999999999
 20
13271.0
 10
7809.999999999999
 20
9180.000000000002
 10
7670.0
 20
9180.000000000002
 10
7670.0
 20
13271.0
  0
HATCH
  5
B1
330
17
100
AcDbEntity
  8
AR-WALLS
 62
7
420
10132122
100
AcDbHatch
 10
0.0
 20
0.0
 30
0.0
210
0.0
220
0.0
230
1.0
  2
SOLID
 70
1
 71
0
 91
1
 92
3
 72
0
 73
1
 93
5
 10
7820.0
 20
8080.000000000001
 10
7820.0
 20
7940.000000000001
 10
6820.0
 20
7940.000000000001
 10
6820.0
 20
8080.000000000001
 10
7820.0
 20
8080.000000000001
 97
0
 75
1
 76
1
 98
0
  0
LWPOLYLINE
  5
B2
330
17
100
AcDbEntity
  8
AR-WALLS
370
15
420
8355711
100
AcDbPolyline
 90
5
 70
1
 10
7820.0
 20
8080.000000000001
 10
7820.0
 20
7940.000000000001
 10
6820.0
 20
7940.000000000001
 10
6820.0
 20
8080.000000000001
 10
7820.0
 20
8080.000000000001
  0
HATCH
  5
B3
330
17
100
AcDbEntity
  8
AR-WALLS
 62
7
420
10132122
100
AcDbHatch
 10
0.0
 20
0.0
 30
0.0
210
0.0
220
0.0
230
1.0
  2
SOLID
 70
1
 71
0
 91
1
 92
3
 72
0
 73
1
 93
5
 10
4290.000000000001
 20
7940.000000000001
 10
4290.000000000001
 20
8080.000000000001
 10
5050.0
 20
8080.000000000001
 10
5050.0
 20
7940.000000000001
 10
4290.000000000001
 20
7940.000000000001
 97
0
 75
1
 76
1
 98
0
  0
LWPOLYLINE
  5
B4
330
17
100
AcDbEntity
  8
AR-WALLS
370
15
420
8355711
100
AcDbPolyline
 90
5
 70
1
 10
4290.000000000001
 20
7940.000000000001
 10
4290.000000000001
 20
8080.000000000001
 10
5050.0
 20
8080.000000000001
 10
5050.0
 20
7940.000000000001
 10
4290.000000000001
 20
7940.000000000001
  0
HATCH
  5
B5
330
17
100
AcDbEntity
  8
AR-WALLS
 62
7
420
10132122
100
AcDbHatch
 10
0.0
 20
0.0
 30
0.0
210
0.0
220
0.0
230
1.0
  2
SOLID
 70
1
 71
0
 91
1
 92
3
 72
0
 73
1
 93
5
 10
8460.0
 20
4360.0
 10
8460.0
 20
6371.000000000001
 10
8380.0
 20
6371.000000000001
 10
8380.0
 20
4360.0
 10
8460.0
 20
4360.0
 97
0
 75
1
 76
1
 98
0
  0
LWPOLYLINE
  5
B6
330
17
100
AcDbEntity
  8
AR-WALLS
370
15
420
8355711
100
AcDbPolyline
 90
5
 70
1
 10
8460.0
 20
4360.0
 10
8460.0
 20
6371.000000000001
 10
8380.0
 20
6371.000000000001
 10
8380.0
 20
4360.0
 10
8460.0
 20
4360.0
  0
HATCH
  5
B7
330
17
100
AcDbEntity
  8
AR-WALLS
 62
7
420
10132122
100
AcDbHatch
 10
0.0
 20
0.0
 30
0.0
210
0.0
220
0.0
230
1.0
  2
SOLID
 70
1
 71
0
 91
1
 92
3
 72
0
 73
1
 93
5
 10
8380.0
 20
6371.000000000001
 10
8860.0
 20
6371.000000000001
 10
8860.0
 20
6291.0
 10
8380.0
 20
6291.0
 10
8380.0
 20
6371.000000000001
 97
0
 75
1
 76
1
 98
0
  0
LWPOLYLINE
  5
B8
330
17
100
AcDbEntity
  8
AR-WALLS
370
15
420
8355711
100
AcDbPolyline
 90
5
 70
1
 10
8380.0
 20
6371.000000000001
 10
8860.0
 20
6371.000000000001
 10
8860.0
 20
6291.0
 10
8380.0
 20
6291.0
 10
8380.0
 20
6371.000000000001
  0
HATCH
  5
B9
330
17
100
AcDbEntity
  8
AR-WALLS
 62
7
420
10132122
100
AcDbHatch
 10
0.0
 20
0.0
 30
0.0
210
0.0
220
0.0
230
1.0
  2
SOLID
 70
1
 71
0
 91
1
 92
3
 72
0
 73
1
 93
5
 10
9110.0
 20
8081.0
 10
9110.0
 20
8610.0
 10
9190.0
 20
8610.0
 10
9190.0
 20
8081.0
 10
9110.0
 20
8081.0
 97
0
 75
1
 76
1
 98
0
  0
LWPOLYLINE
  5
BA
330
17
100
AcDbEntity
  8
AR-WALLS
370
15
420
8355711
100
AcDbPolyline
 90
5
 70
1
 10
9110.0
 20
8081.0
 10
9110.0
 20
8610.0
 10
9190.0
 20
8610.0
 10
9190.0
 20
8081.0
 10
9110.0
 20
8081.0
  0
HATCH
  5
BB
330
17
100
AcDbEntity
  8
AR-WALLS
 62
7
420
10132122
100
AcDbHatch
 10
0.0
 20
0.0
 30
0.0
210
0.0
220
0.0
230
1.0
  2
SOLID
 70
1
 71
0
 91
1
 92
3
 72
0
 73
1
 93
5
 10
9190.0
 20
10330.000000000002
 10
9190.0
 20
9891.000000000002
 10
9110.0
 20
9891.000000000002
 10
9110.0
 20
10330.000000000002
 10
9190.0
 20
10330.000000000002
 97
0
 75
1
 76
1
 98
0
  0
LWPOLYLINE
  5
BC
330
17
100
AcDbEntity
  8
AR-WALLS
370
15
420
8355711
100
AcDbPolyline
 90
5
 70
1
 10
9190.0
 20
10330.000000000002
 10
9190.0
 20
9891.000000000002
 10
9110.0
 20
9891.000000000002
 10
9110.0
 20
10330.000000000002
 10
9190.0
 20
10330.000000000002
  0
HATCH
  5
BD
330
17
100
AcDbEntity
  8
AR-WALLS
 62
7
420
10132122
100
AcDbHatch
 10
0.0
 20
0.0
 30
0.0
210
0.0
220
0.0
230
1.0
  2
SOLID
 70
1
 71
0
 91
1
 92
3
 72
0
 73
1
 93
5
 10
11911.0
 20
8081.0
 10
11911.0
 20
8161.000000000002
 10
9110.0
 20
8161.000000000002
 10
9110.0
 20
8081.0
 10
11911.0
 20
8081.0
 97
0
 75
1
 76
1
 98
0
  0
LWPOLYLINE
  5
BE
330
17
100
AcDbEntity
  8
AR-WALLS
370
15
420
8355711
100
AcDbPolyline
 90
5
 70
1
 10
11911.0
 20
8081.0
 10
11911.0
 20
8161.000000000002
 10
9110.0
 20
8161.000000000002
 10
9110.0
 20
8081.0
 10
11911.0
 20
8081.0
  0
HATCH
  5
BF
330
17
100
AcDbEntity
  8
AR-WALLS
 62
7
420
10132122
100
AcDbHatch
 10
0.0
 20
0.0
 30
0.0
210
0.0
220
0.0
230
1.0
  2
SOLID
 70
1
 71
0
 91
1
 92
3
 72
0
 73
1
 93
5
 10
11911.0
 20
6371.000000000001
 10
11911.0
 20
10330.000000000002
 10
11831.0
 20
10330.000000000002
 10
11831.0
 20
6371.000000000001
 10
11911.0
 20
6371.000000000001
 97
0
 75
1
 76
1
 98
0
  0
LWPOLYLINE
  5
C0
330
17
100
AcDbEntity
  8
AR-WALLS
370
15
420
8355711
100
AcDbPolyline
 90
5
 70
1
 10
11911.0
 20
6371.000000000001
 10
11911.0
 20
10330.000000000002
 10
11831.0
 20
10330.000000000002
 10
11831.0
 20
6371.000000000001
 10
11911.0
 20
6371.000000000001
  0
HATCH
  5
C1
330
17
100
AcDbEntity
  8
AR-WALLS
 62
7
420
10132122
100
AcDbHatch
 10
0.0
 20
0.0
 30
0.0
210
0.0
220
0.0
230
1.0
  2
SOLID
 70
1
 71
0
 91
1
 92
3
 72
0
 73
1
 93
5
 10
11911.0
 20
10201.0
 10
11911.0
 20
10281.0
 10
9110.0
 20
10281.0
 10
9110.0
 20
10201.0
 10
11911.0
 20
10201.0
 97
0
 75
1
 76
1
 98
0
  0
LWPOLYLINE
  5
C2
330
17
100
AcDbEntity
  8
AR-WALLS
370
15
420
8355711
100
AcDbPolyline
 90
5
 70
1
 10
11911.0
 20
10201.0
 10
11911.0
 20
10281.0
 10
9110.0
 20
10281.0
 10
9110.0
 20
10201.0
 10
11911.0
 20
10201.0
  0
HATCH
  5
C3
330
17
100
AcDbEntity
  8
AR-WALLS
 62
7
420
10132122
100
AcDbHatch
 10
0.0
 20
0.0
 30
0.0
210
0.0
220
0.0
230
1.0
  2
SOLID
 70
1
 71
0
 91
1
 92
3
 72
0
 73
1
 93
5
 10
11960.0
 20
10330.000000000002
 10
11960.0
 20
10410.0
 10
9110.0
 20
10410.0
 10
9110.0
 20
10330.000000000002
 10
11960.0
 20
10330.000000000002
 97
0
 75
1
 76
1
 98
0
  0
LWPOLYLINE
  5
C4
330
17
100
AcDbEntity
  8
AR-WALLS
370
15
420
8355711
100
AcDbPolyline
 90
5
 70
1
 10
11960.0
 20
10330.000000000002
 10
11960.0
 20
10410.0
 10
9110.0
 20
10410.0
 10
9110.0
 20
10330.000000000002
 10
11960.0
 20
10330.000000000002
  0
HATCH
  5
C5
330
17
100
AcDbEntity
  8
AR-WALLS
 62
7
420
10132122
100
AcDbHatch
 10
0.0
 20
0.0
 30
0.0
210
0.0
220
0.0
230
1.0
  2
SOLID
 70
1
 71
0
 91
1
 92
3
 72
0
 73
1
 93
5
 10
4269.0
 20
12341.000000000002
 10
4269.0
 20
13511.000000000002
 10
4050.0
 20
13511.000000000002
 10
4050.0
 20
12341.000000000002
 10
4269.0
 20
12341.000000000002
 97
0
 75
1
 76
1
 98
0
  0
LWPOLYLINE
  5
C6
330
17
100
AcDbEntity
  8
AR-WALLS
370
15
420
8355711
100
AcDbPolyline
 90
5
 70
1
 10
4269.0
 20
12341.000000000002
 10
4269.0
 20
13511.000000000002
 10
4050.0
 20
13511.000000000002
 10
4050.0
 20
12341.000000000002
 10
4269.0
 20
12341.000000000002
  0
HATCH
  5
C7
330
17
100
AcDbEntity
  8
AR-NEW
 62
7
420
12895428
100
AcDbHatch
 10
0.0
 20
0.0
 30
0.0
210
0.0
220
0.0
230
1.0
  2
SOLID
 70
1
 71
0
 91
1
 92
3
 72
0
 73
1
 93
5
 10
6820.0
 20
7941.0
 10
6820.0
 20
8081.0
 10
5050.0
 20
8081.0
 10
5050.0
 20
7941.0
 10
6820.0
 20
7941.0
 97
0
 75
1
 76
1
 98
0
  0
LWPOLYLINE
  5
C8
330
17
100
AcDbEntity
  8
AR-NEW
370
15
420
8355711
100
AcDbPolyline
 90
5
 70
1
 10
6820.0
 20
7941.0
 10
6820.0
 20
8081.0
 10
5050.0
 20
8081.0
 10
5050.0
 20
7941.0
 10
6820.0
 20
7941.0
  0
HATCH
  5
C9
330
17
100
AcDbEntity
  8
AR-NEW
 62
7
420
12895428
100
AcDbHatch
 10
0.0
 20
0.0
 30
0.0
210
0.0
220
0.0
230
1.0
  2
SOLID
 70
1
 71
0
 91
1
 92
3
 72
0
 73
1
 93
5
 10
9110.0
 20
10411.0
 10
9110.0
 20
10331.0
 10
8770.0
 20
10331.0
 10
8770.0
 20
10411.0
 10
9110.0
 20
10411.0
 97
0
 75
1
 76
1
 98
0
  0
LWPOLYLINE
  5
CA
330
17
100
AcDbEntity
  8
AR-NEW
370
15
420
8355711
100
AcDbPolyline
 90
5
 70
1
 10
9110.0
 20
10411.0
 10
9110.0
 20
10331.0
 10
8770.0
 20
10331.0
 10
8770.0
 20
10411.0
 10
9110.0
 20
10411.0
  0
HATCH
  5
CB
330
17
100
AcDbEntity
  8
AR-NEW
 62
7
420
12895428
100
AcDbHatch
 10
0.0
 20
0.0
 30
0.0
210
0.0
220
0.0
230
1.0
  2
SOLID
 70
1
 71
0
 91
1
 92
3
 72
0
 73
1
 93
5
 10
7809.999999999999
 20
10331.0
 10
7809.999999999999
 20
10411.0
 10
7890.000000000001
 20
10411.0
 10
7890.000000000001
 20
10331.0
 10
7809.999999999999
 20
10331.0
 97
0
 75
1
 76
1
 98
0
  0
LWPOLYLINE
  5
CC
330
17
100
AcDbEntity
  8
AR-NEW
370
15
420
8355711
100
AcDbPolyline
 90
5
 70
1
 10
7809.999999999999
 20
10331.0
 10
7809.999999999999
 20
10411.0
 10
7890.000000000001
 20
10411.0
 10
7890.000000000001
 20
10331.0
 10
7809.999999999999
 20
10331.0
  0
HATCH
  5
CD
330
17
100
AcDbEntity
  8
AR-NEW
 62
7
420
12895428
100
AcDbHatch
 10
0.0
 20
0.0
 30
0.0
210
0.0
220
0.0
230
1.0
  2
SOLID
 70
1
 71
0
 91
1
 92
3
 72
0
 73
1
 93
5
 10
9190.0
 20
9410.0
 10
9190.0
 20
9891.000000000002
 10
9110.0
 20
9891.000000000002
 10
9110.0
 20
9410.0
 10
9190.0
 20
9410.0
 97
0
 75
1
 76
1
 98
0
  0
LWPOLYLINE
  5
CE
330
17
100
AcDbEntity
  8
AR-NEW
370
15
420
8355711
100
AcDbPolyline
 90
5
 70
1
 10
9190.0
 20
9410.0
 10
9190.0
 20
9891.000000000002
 10
9110.0
 20
9891.000000000002
 10
9110.0
 20
9410.0
 10
9190.0
 20
9410.0
  0
HATCH
  5
CF
330
17
100
AcDbEntity
  8
AR-NEW
 62
7
420
12895428
100
AcDbHatch
 10
0.0
 20
0.0
 30
0.0
210
0.0
220
0.0
230
1.0
  2
SOLID
 70
1
 71
0
 91
1
 92
3
 72
0
 73
1
 93
5
 10
10200.0
 20
6291.0
 10
10200.0
 20
6371.000000000001
 10
9660.0
 20
6371.000000000001
 10
9660.0
 20
6291.0
 10
10200.0
 20
6291.0
 97
0
 75
1
 76
1
 98
0
  0
LWPOLYLINE
  5
D0
330
17
100
AcDbEntity
  8
AR-NEW
370
15
420
8355711
100
AcDbPolyline
 90
5
 70
1
 10
10200.0
 20
6291.0
 10
10200.0
 20
6371.000000000001
 10
9660.0
 20
6371.000000000001
 10
9660.0
 20
6291.0
 10
10200.0
 20
6291.0
  0
HATCH
  5
D1
330
17
100
AcDbEntity
  8
AR-NEW
 62
7
420
12895428
100
AcDbHatch
 10
0.0
 20
0.0
 30
0.0
210
0.0
220
0.0
230
1.0
  2
SOLID
 70
1
 71
0
 91
1
 92
3
 72
0
 73
1
 93
5
 10
7809.999999999999
 20
8981.0
 10
7809.999999999999
 20
9180.000000000002
 10
7670.0
 20
9180.000000000002
 10
7670.0
 20
8981.0
 10
7809.999999999999
 20
8981.0
 97
0
 75
1
 76
1
 98
0
  0
LWPOLYLINE
  5
D2
330
17
100
AcDbEntity
  8
AR-NEW
370
15
420
8355711
100
AcDbPolyline
 90
5
 70
1
 10
7809.999999999999
 20
8981.0
 10
7809.999999999999
 20
9180.000000000002
 10
7670.0
 20
9180.000000000002
 10
7670.0
 20
8981.0
 10
7809.999999999999
 20
8981.0
  0
HATCH
  5
D3
330
17
100
AcDbEntity
  8
AR-NEW
 62
7
420
13948116
100
AcDbHatch
 10
0.0
 20
0.0
 30
0.0
210
0.0
220
0.0
230
1.0
  2
SOLID
 70
1
 71
0
 91
1
 92
3
 72
0
 73
1
 93
5
 10
11831.0
 20
8910.0
 10
11831.0
 20
9876.0
 10
11736.0
 20
9876.0
 10
11736.0
 20
8910.0
 10
11831.0
 20
8910.0
 97
0
 75
1
 76
1
 98
0
  0
LWPOLYLINE
  5
D4
330
17
100
AcDbEntity
  8
AR-NEW
370
13
420
9408399
100
AcDbPolyline
 90
5
 70
1
 10
11831.0
 20
8910.0
 10
11831.0
 20
9876.0
 10
11736.0
 20
9876.0
 10
11736.0
 20
8910.0
 10
11831.0
 20
8910.0
  0
HATCH
  5
D5
330
17
100
AcDbEntity
  8
AR-NEW
 62
7
420
13948116
100
AcDbHatch
 10
0.0
 20
0.0
 30
0.0
210
0.0
220
0.0
230
1.0
  2
SOLID
 70
1
 71
0
 91
1
 92
3
 72
0
 73
1
 93
5
 10
11153.0
 20
9876.0
 10
11153.0
 20
10201.0
 10
10931.0
 20
10201.0
 10
10931.0
 20
9876.0
 10
11153.0
 20
9876.0
 97
0
 75
1
 76
1
 98
0
  0
LWPOLYLINE
  5
D6
330
17
100
AcDbEntity
  8
AR-NEW
370
13
420
9408399
100
AcDbPolyline
 90
5
 70
1
 10
11153.0
 20
9876.0
 10
11153.0
 20
10201.0
 10
10931.0
 20
10201.0
 10
10931.0
 20
9876.0
 10
11153.0
 20
9876.0
  0
HATCH
  5
D7
330
17
100
AcDbEntity
  8
AR-NEW
 62
7
420
13948116
100
AcDbHatch
 10
0.0
 20
0.0
 30
0.0
210
0.0
220
0.0
230
1.0
  2
SOLID
 70
1
 71
0
 91
1
 92
3
 72
0
 73
1
 93
5
 10
9990.0
 20
9851.0
 10
9990.0
 20
10201.0
 10
9791.0
 20
10201.0
 10
9791.0
 20
9851.0
 10
9990.0
 20
9851.0
 97
0
 75
1
 76
1
 98
0
  0
LWPOLYLINE
  5
D8
330
17
100
AcDbEntity
  8
AR-NEW
370
13
420
9408399
100
AcDbPolyline
 90
5
 70
1
 10
9990.0
 20
9851.0
 10
9990.0
 20
10201.0
 10
9791.0
 20
10201.0
 10
9791.0
 20
9851.0
 10
9990.0
 20
9851.0
  0
HATCH
  5
D9
330
17
100
AcDbEntity
  8
AR-WALLS
 62
7
420
16777215
100
AcDbHatch
 10
0.0
 20
0.0
 30
0.0
210
0.0
220
0.0
230
1.0
  2
SOLID
 70
1
 71
0
 91
1
 92
3
 72
0
 73
1
 93
4
 10
1659.0
 20
4230.0
 10
1759.0
 20
4230.0
 10
1759.0
 20
7578.0
 10
1659.0
 20
7578.0
 97
0
 75
1
 76
1
 98
0
  0
LWPOLYLINE
  5
DA
330
17
100
AcDbEntity
  8
AR-WALLS
370
20
420
10132122
100
AcDbPolyline
 90
4
 70
1
 10
1659.0
 20
4230.0
 10
1759.0
 20
4230.0
 10
1759.0
 20
7578.0
 10
1659.0
 20
7578.0
  0
LWPOLYLINE
  5
DB
330
17
100
AcDbEntity
  8
AR-WALLS
370
15
420
10132122
100
AcDbPolyline
 90
2
 70
0
 10
1709.0
 20
4230.0
 10
1709.0
 20
7578.0
  0
HATCH
  5
DC
330
17
100
AcDbEntity
  8
AR-WALLS
 62
7
420
16777215
100
AcDbHatch
 10
0.0
 20
0.0
 30
0.0
210
0.0
220
0.0
230
1.0
  2
SOLID
 70
1
 71
0
 91
1
 92
3
 72
0
 73
1
 93
4
 10
1709.0
 20
7528.0
 10
3870.0000000000005
 20
7528.0
 10
3870.0000000000005
 20
7628.0
 10
1709.0
 20
7628.0
 97
0
 75
1
 76
1
 98
0
  0
LWPOLYLINE
  5
DD
330
17
100
AcDbEntity
  8
AR-WALLS
370
20
420
10132122
100
AcDbPolyline
 90
4
 70
1
 10
1709.0
 20
7528.0
 10
3870.0000000000005
 20
7528.0
 10
3870.0000000000005
 20
7628.0
 10
1709.0
 20
7628.0
  0
LWPOLYLINE
  5
DE
330
17
100
AcDbEntity
  8
AR-WALLS
370
15
420
10132122
100
AcDbPolyline
 90
2
 70
0
 10
1709.0
 20
7578.0
 10
3870.0000000000005
 20
7578.0
  0
HATCH
  5
DF
330
17
100
AcDbEntity
  8
AR-WALLS
 62
7
420
16777215
100
AcDbHatch
 10
0.0
 20
0.0
 30
0.0
210
0.0
220
0.0
230
1.0
  2
SOLID
 70
1
 71
0
 91
1
 92
3
 72
0
 73
1
 93
4
 10
1709.0
 20
4180.0
 10
3870.0000000000005
 20
4180.0
 10
3870.0000000000005
 20
4280.0
 10
1709.0
 20
4280.0
 97
0
 75
1
 76
1
 98
0
  0
LWPOLYLINE
  5
E0
330
17
100
AcDbEntity
  8
AR-WALLS
370
20
420
10132122
100
AcDbPolyline
 90
4
 70
1
 10
1709.0
 20
4180.0
 10
3870.0000000000005
 20
4180.0
 10
3870.0000000000005
 20
4280.0
 10
1709.0
 20
4280.0
  0
LWPOLYLINE
  5
E1
330
17
100
AcDbEntity
  8
AR-WALLS
370
15
420
10132122
100
AcDbPolyline
 90
2
 70
0
 10
1709.0
 20
4230.0
 10
3870.0000000000005
 20
4230.0
  0
HATCH
  5
E2
330
17
100
AcDbEntity
  8
AR-WALLS
 62
7
420
16777215
100
AcDbHatch
 10
0.0
 20
0.0
 30
0.0
210
0.0
220
0.0
230
1.0
  2
SOLID
 70
1
 71
0
 91
1
 92
3
 72
0
 73
1
 93
4
 10
3870.0000000000005
 20
10046.0
 10
4290.000000000001
 20
10046.0
 10
4290.000000000001
 20
11906.0
 10
3870.0000000000005
 20
11906.0
 97
0
 75
1
 76
1
 98
0
  0
LWPOLYLINE
  5
E3
330
17
100
AcDbEntity
  8
AR-WALLS
370
20
420
10132122
100
AcDbPolyline
 90
4
 70
1
 10
3870.0000000000005
 20
10046.0
 10
4290.000000000001
 20
10046.0
 10
4290.000000000001
 20
11906.0
 10
3870.0000000000005
 20
11906.0
  0
LWPOLYLINE
  5
E4
330
17
100
AcDbEntity
  8
AR-WALLS
370
15
420
10132122
100
AcDbPolyline
 90
2
 70
0
 10
4046.3999999999996
 20
10046.0
 10
4046.3999999999996
 20
11906.0
  0
LWPOLYLINE
  5
E5
330
17
100
AcDbEntity
  8
AR-WALLS
370
15
420
10132122
100
AcDbPolyline
 90
2
 70
0
 10
4113.599999999999
 20
10046.0
 10
4113.599999999999
 20
11906.0
  0
HATCH
  5
E6
330
17
100
AcDbEntity
  8
AR-WALLS
 62
7
420
16777215
100
AcDbHatch
 10
0.0
 20
0.0
 30
0.0
210
0.0
220
0.0
230
1.0
  2
SOLID
 70
1
 71
0
 91
1
 92
3
 72
0
 73
1
 93
4
 10
5170.0
 20
13271.0
 10
7030.000000000001
 20
13271.0
 10
7030.000000000001
 20
13691.000000000002
 10
5170.0
 20
13691.000000000002
 97
0
 75
1
 76
1
 98
0
  0
LWPOLYLINE
  5
E7
330
17
100
AcDbEntity
  8
AR-WALLS
370
20
420
10132122
100
AcDbPolyline
 90
4
 70
1
 10
5170.0
 20
13271.0
 10
7030.000000000001
 20
13271.0
 10
7030.000000000001
 20
13691.000000000002
 10
5170.0
 20
13691.000000000002
  0
LWPOLYLINE
  5
E8
330
17
100
AcDbEntity
  8
AR-WALLS
370
15
420
10132122
100
AcDbPolyline
 90
2
 70
0
 10
5170.0
 20
13447.4
 10
7030.000000000001
 20
13447.4
  0
LWPOLYLINE
  5
E9
330
17
100
AcDbEntity
  8
AR-WALLS
370
15
420
10132122
100
AcDbPolyline
 90
2
 70
0
 10
5170.0
 20
13514.600000000002
 10
7030.000000000001
 20
13514.600000000002
  0
HATCH
  5
EA
330
17
100
AcDbEntity
  8
AR-WALLS
 62
7
420
16777215
100
AcDbHatch
 10
0.0
 20
0.0
 30
0.0
210
0.0
220
0.0
230
1.0
  2
SOLID
 70
1
 71
0
 91
1
 92
3
 72
0
 73
1
 93
4
 10
8810.0
 20
13271.0
 10
10671.0
 20
13271.0
 10
10671.0
 20
13691.000000000002
 10
8810.0
 20
13691.000000000002
 97
0
 75
1
 76
1
 98
0
  0
LWPOLYLINE
  5
EB
330
17
100
AcDbEntity
  8
AR-WALLS
370
20
420
10132122
100
AcDbPolyline
 90
4
 70
1
 10
8810.0
 20
13271.0
 10
10671.0
 20
13271.0
 10
10671.0
 20
13691.000000000002
 10
8810.0
 20
13691.000000000002
  0
LWPOLYLINE
  5
EC
330
17
100
AcDbEntity
  8
AR-WALLS
370
15
420
10132122
100
AcDbPolyline
 90
2
 70
0
 10
8810.0
 20
13447.4
 10
10671.0
 20
13447.4
  0
LWPOLYLINE
  5
ED
330
17
100
AcDbEntity
  8
AR-WALLS
370
15
420
10132122
100
AcDbPolyline
 90
2
 70
0
 10
8810.0
 20
13514.600000000002
 10
10671.0
 20
13514.600000000002
  0
LWPOLYLINE
  5
EE
330
17
100
AcDbEntity
  8
AR-WALLS
370
35
420
10132122
100
AcDbPolyline
 90
2
 70
0
 10
7670.0
 20
8081.0
 10
6870.0
 20
8081.0
  0
ARC
  5
EF
330
17
100
AcDbEntity
  8
AR-WALLS
370
15
420
10132122
100
AcDbCircle
 10
7670.0
 20
8081.0
 30
0.0
 40
800.0
100
AcDbArc
 50
90.0
 51
180.0
  0
LWPOLYLINE
  5
F0
330
17
100
AcDbEntity
  8
AR-WALLS
370
35
420
10132122
100
AcDbPolyline
 90
2
 70
0
 10
7890.000000000001
 20
10411.0
 10
7890.000000000001
 20
11211.0
  0
ARC
  5
F1
330
17
100
AcDbEntity
  8
AR-WALLS
370
15
420
10132122
100
AcDbCircle
 10
7890.000000000001
 20
10411.0
 30
0.0
 40
800.0
100
AcDbArc
 50
0.0
 51
90.0
  0
LWPOLYLINE
  5
F2
330
17
100
AcDbEntity
  8
AR-WALLS
370
35
420
10132122
100
AcDbPolyline
 90
2
 70
0
 10
9110.0
 20
8610.0
 10
8410.0
 20
8610.0
  0
ARC
  5
F3
330
17
100
AcDbEntity
  8
AR-WALLS
370
15
420
10132122
100
AcDbCircle
 10
9110.0
 20
8610.0
 30
0.0
 40
700.0
100
AcDbArc
 50
90.0
 51
180.0
  0
LWPOLYLINE
  5
F4
330
17
100
AcDbEntity
  8
AR-WALLS
370
35
420
10132122
100
AcDbPolyline
 90
2
 70
0
 10
8860.0
 20
6371.000000000001
 10
8860.0
 20
7071.000000000001
  0
ARC
  5
F5
330
17
100
AcDbEntity
  8
AR-WALLS
370
15
420
10132122
100
AcDbCircle
 10
8860.0
 20
6371.000000000001
 30
0.0
 40
700.0
100
AcDbArc
 50
0.0
 51
90.0
  0
LWPOLYLINE
  5
F6
330
17
100
AcDbEntity
  8
AR-WALLS
370
35
420
10132122
100
AcDbPolyline
 90
2
 70
0
 10
10510.0
 20
6210.000000000001
 10
10510.0
 20
5170.0
  0
ARC
  5
F7
330
17
100
AcDbEntity
  8
AR-WALLS
370
15
420
10132122
100
AcDbCircle
 10
10510.0
 20
6210.000000000001
 30
0.0
 40
1040.0
100
AcDbArc
 50
270.0
 51
360.0
  0
LWPOLYLINE
  5
F8
330
17
100
AcDbEntity
  8
FURN
370
15
420
12105912
100
AcDbPolyline
 90
4
 70
1
 10
4290.000000000001
 20
4360.0
 10
4890.0
 20
4360.0
 10
4890.0
 20
4940.000000000001
 10
4290.000000000001
 20
4940.000000000001
  0
LWPOLYLINE
  5
F9
330
17
100
AcDbEntity
  8
FURN
370
15
420
12105912
100
AcDbPolyline
 90
4
 70
1
 10
4890.0
 20
4360.0
 10
5340.0
 20
4360.0
 10
5340.0
 20
4980.0
 10
4890.0
 20
4980.0
  0
LWPOLYLINE
  5
FA
330
17
100
AcDbEntity
  8
FURN
370
15
420
12105912
100
AcDbPolyline
 90
4
 70
1
 10
5340.0
 20
4360.0
 10
5940.0
 20
4360.0
 10
5940.0
 20
4980.0
 10
5340.0
 20
4980.0
  0
LWPOLYLINE
  5
FB
330
17
100
AcDbEntity
  8
FURN
370
15
420
12105912
100
AcDbPolyline
 90
4
 70
1
 10
5940.0
 20
4360.0
 10
6540.000000000001
 20
4360.0
 10
6540.000000000001
 20
4980.0
 10
5940.0
 20
4980.0
  0
LWPOLYLINE
  5
FC
330
17
100
AcDbEntity
  8
FURN
370
15
420
12105912
100
AcDbPolyline
 90
4
 70
1
 10
6540.000000000001
 20
4360.0
 10
7140.000000000001
 20
4360.0
 10
7140.000000000001
 20
4980.0
 10
6540.000000000001
 20
4980.0
  0
LWPOLYLINE
  5
FD
330
17
100
AcDbEntity
  8
FURN
370
15
420
12105912
100
AcDbPolyline
 90
4
 70
1
 10
7140.000000000001
 20
4360.0
 10
7740.000000000001
 20
4360.0
 10
7740.000000000001
 20
4980.0
 10
7140.000000000001
 20
4980.0
  0
LWPOLYLINE
  5
FE
330
17
100
AcDbEntity
  8
FURN
370
15
420
12105912
100
AcDbPolyline
 90
4
 70
1
 10
7740.000000000001
 20
4360.0
 10
8340.0
 20
4360.0
 10
8340.0
 20
4980.0
 10
7740.000000000001
 20
4980.0
  0
LWPOLYLINE
  5
FF
330
17
100
AcDbEntity
  8
FURN
370
15
420
12105912
100
AcDbPolyline
 90
4
 70
1
 10
8340.0
 20
4360.0
 10
8380.0
 20
4360.0
 10
8380.0
 20
4980.0
 10
8340.0
 20
4980.0
  0
LWPOLYLINE
  5
100
330
17
100
AcDbEntity
  8
FURN
  6
DOT
370
15
 48
150.0
420
12105912
100
AcDbPolyline
 90
4
 70
1
 10
4890.0
 20
4360.0
 10
8340.0
 20
4360.0
 10
8340.0
 20
5000.0
 10
4890.0
 20
5000.0
  0
LWPOLYLINE
  5
101
330
17
100
AcDbEntity
  8
FURN
  6
DASHED
370
15
 48
150.0
420
12105912
100
AcDbPolyline
 90
4
 70
1
 10
4890.0
 20
4360.0
 10
5340.0
 20
4360.0
 10
5340.0
 20
4710.0
 10
4890.0
 20
4710.0
  0
LWPOLYLINE
  5
102
330
17
100
AcDbEntity
  8
FURN
  6
DASHED
370
15
 48
150.0
420
12105912
100
AcDbPolyline
 90
4
 70
1
 10
5340.0
 20
4360.0
 10
5940.0
 20
4360.0
 10
5940.0
 20
4710.0
 10
5340.0
 20
4710.0
  0
LWPOLYLINE
  5
103
330
17
100
AcDbEntity
  8
FURN
  6
DASHED
370
15
 48
150.0
420
12105912
100
AcDbPolyline
 90
4
 70
1
 10
5940.0
 20
4360.0
 10
6540.000000000001
 20
4360.0
 10
6540.000000000001
 20
4710.0
 10
5940.0
 20
4710.0
  0
LWPOLYLINE
  5
104
330
17
100
AcDbEntity
  8
FURN
  6
DASHED
370
15
 48
150.0
420
12105912
100
AcDbPolyline
 90
4
 70
1
 10
6540.000000000001
 20
4360.0
 10
7140.000000000001
 20
4360.0
 10
7140.000000000001
 20
4710.0
 10
6540.000000000001
 20
4710.0
  0
LWPOLYLINE
  5
105
330
17
100
AcDbEntity
  8
FURN
  6
DASHED
370
15
 48
150.0
420
12105912
100
AcDbPolyline
 90
4
 70
1
 10
7140.000000000001
 20
4360.0
 10
7740.000000000001
 20
4360.0
 10
7740.000000000001
 20
4710.0
 10
7140.000000000001
 20
4710.0
  0
LWPOLYLINE
  5
106
330
17
100
AcDbEntity
  8
FURN
  6
DASHED
370
15
 48
150.0
420
12105912
100
AcDbPolyline
 90
4
 70
1
 10
5350.0
 20
4380.0
 10
5930.0
 20
4380.0
 10
5930.0
 20
4900.0
 10
5350.0
 20
4900.0
  0
CIRCLE
  5
107
330
17
100
AcDbEntity
  8
FURN
370
13
420
12105912
100
AcDbCircle
 10
5524.0
 20
4536.0
 30
0.0
 40
72.80000000000001
  0
CIRCLE
  5
108
330
17
100
AcDbEntity
  8
FURN
370
13
420
12105912
100
AcDbCircle
 10
5524.0
 20
4744.000000000001
 30
0.0
 40
72.80000000000001
  0
CIRCLE
  5
109
330
17
100
AcDbEntity
  8
FURN
370
13
420
12105912
100
AcDbCircle
 10
5756.0
 20
4536.0
 30
0.0
 40
72.80000000000001
  0
CIRCLE
  5
10A
330
17
100
AcDbEntity
  8
FURN
370
13
420
12105912
100
AcDbCircle
 10
5756.0
 20
4744.000000000001
 30
0.0
 40
72.80000000000001
  0
LWPOLYLINE
  5
10B
330
17
100
AcDbEntity
  8
FURN
  6
DASHED
370
15
 48
150.0
420
12105912
100
AcDbPolyline
 90
4
 70
1
 10
5340.0
 20
4360.0
 10
5940.0
 20
4360.0
 10
5940.0
 20
4920.0
 10
5340.0
 20
4920.0
  0
LWPOLYLINE
  5
10C
330
17
100
AcDbEntity
  8
FURN
  6
DASHED
370
15
 48
150.0
420
12105912
100
AcDbPolyline
 90
4
 70
1
 10
5340.0
 20
4360.0
 10
5940.0
 20
4360.0
 10
5940.0
 20
4660.0
 10
5340.0
 20
4660.0
  0
LWPOLYLINE
  5
10D
330
17
100
AcDbEntity
  8
FURN
  6
DASHED
370
15
 48
150.0
420
12105912
100
AcDbPolyline
 90
4
 70
1
 10
7740.000000000001
 20
4360.0
 10
8340.0
 20
4360.0
 10
8340.0
 20
4920.0
 10
7740.000000000001
 20
4920.0
  0
LWPOLYLINE
  5
10E
330
17
100
AcDbEntity
  8
FURN
  6
DASHED
370
15
 48
150.0
420
12105912
100
AcDbPolyline
 90
4
 70
1
 10
6590.000000000001
 20
4420.0
 10
7090.000000000001
 20
4420.0
 10
7090.000000000001
 20
4870.0
 10
6590.000000000001
 20
4870.0
  0
CIRCLE
  5
10F
330
17
100
AcDbEntity
  8
FURN
370
13
420
12105912
100
AcDbCircle
 10
6840.000000000001
 20
4645.0
 30
0.0
 40
135.0
  0
LWPOLYLINE
  5
110
330
17
100
AcDbEntity
  8
FURN
  6
DASHED
370
15
 48
150.0
420
12105912
100
AcDbPolyline
 90
4
 70
1
 10
6590.000000000001
 20
4660.0
 10
6790.000000000001
 20
4660.0
 10
6790.000000000001
 20
4920.0
 10
6590.000000000001
 20
4920.0
  0
LWPOLYLINE
  5
111
330
17
100
AcDbEntity
  8
FURN
  6
DASHED
370
15
 48
150.0
420
12105912
100
AcDbPolyline
 90
4
 70
1
 10
6840.000000000001
 20
4360.0
 10
7140.000000000001
 20
4360.0
 10
7140.000000000001
 20
4860.0
 10
6840.000000000001
 20
4860.0
  0
LWPOLYLINE
  5
112
330
17
100
AcDbEntity
  8
FURN
  6
DOT
370
15
 48
150.0
420
12105912
100
AcDbPolyline
 90
4
 70
1
 10
7090.000000000001
 20
4660.0
 10
7190.000000000001
 20
4660.0
 10
7190.000000000001
 20
4760.0
 10
7090.000000000001
 20
4760.0
  0
LWPOLYLINE
  5
113
330
17
100
AcDbEntity
  8
FURN
  6
DOT
370
15
 48
150.0
420
12105912
100
AcDbPolyline
 90
4
 70
1
 10
4890.0
 20
4640.000000000001
 10
7740.000000000001
 20
4640.000000000001
 10
7740.000000000001
 20
4690.000000000001
 10
4890.0
 20
4690.000000000001
  0
LWPOLYLINE
  5
114
330
17
100
AcDbEntity
  8
FURN
370
15
420
12105912
100
AcDbPolyline
 90
4
 70
1
 10
7980.0
 20
5571.000000000001
 10
8380.0
 20
5571.000000000001
 10
8380.0
 20
6371.000000000001
 10
7980.0
 20
6371.000000000001
  0
LWPOLYLINE
  5
115
330
17
100
AcDbEntity
  8
FURN
370
13
420
12105912
100
AcDbPolyline
 90
2
 70
0
 10
7980.0
 20
5571.000000000001
 10
8380.0
 20
6371.000000000001
  0
LWPOLYLINE
  5
116
330
17
100
AcDbEntity
  8
FURN
370
15
420
12105912
100
AcDbPolyline
 90
4
 70
1
 10
5190.0
 20
6260.000000000001
 10
6990.000000000001
 20
6260.000000000001
 10
6990.000000000001
 20
7159.999999999999
 10
5190.0
 20
7159.999999999999
  0
LWPOLYLINE
  5
117
330
17
100
AcDbEntity
  8
FURN
370
15
420
12105912
100
AcDbPolyline
 90
4
 70
1
 10
5340.0
 20
5860.000000000001
 10
5790.0
 20
5860.000000000001
 10
5790.0
 20
6240.000000000001
 10
5340.0
 20
6240.000000000001
  0
LWPOLYLINE
  5
118
330
17
100
AcDbEntity
  8
FURN
370
13
420
12105912
100
AcDbPolyline
 90
4
 70
1
 10
5380.0
 20
5900.0
 10
5750.0
 20
5900.0
 10
5750.0
 20
6200.0
 10
5380.0
 20
6200.0
  0
LWPOLYLINE
  5
119
330
17
100
AcDbEntity
  8
FURN
370
15
420
12105912
100
AcDbPolyline
 90
4
 70
1
 10
5940.0
 20
5860.000000000001
 10
6390.0
 20
5860.000000000001
 10
6390.0
 20
6240.000000000001
 10
5940.0
 20
6240.000000000001
  0
LWPOLYLINE
  5
11A
330
17
100
AcDbEntity
  8
FURN
370
13
420
12105912
100
AcDbPolyline
 90
4
 70
1
 10
5980.0
 20
5900.0
 10
6350.0
 20
5900.0
 10
6350.0
 20
6200.0
 10
5980.0
 20
6200.0
  0
LWPOLYLINE
  5
11B
330
17
100
AcDbEntity
  8
FURN
370
15
420
12105912
100
AcDbPolyline
 90
4
 70
1
 10
6540.000000000001
 20
5860.000000000001
 10
6990.000000000001
 20
5860.000000000001
 10
6990.000000000001
 20
6240.000000000001
 10
6540.000000000001
 20
6240.000000000001
  0
LWPOLYLINE
  5
11C
330
17
100
AcDbEntity
  8
FURN
370
13
420
12105912
100
AcDbPolyline
 90
4
 70
1
 10
6580.000000000001
 20
5900.0
 10
6950.0
 20
5900.0
 10
6950.0
 20
6200.0
 10
6580.000000000001
 20
6200.0
  0
LWPOLYLINE
  5
11D
330
17
100
AcDbEntity
  8
FURN
370
15
420
12105912
100
AcDbPolyline
 90
4
 70
1
 10
5340.0
 20
7180.000000000001
 10
5790.0
 20
7180.000000000001
 10
5790.0
 20
7559.999999999999
 10
5340.0
 20
7559.999999999999
  0
LWPOLYLINE
  5
11E
330
17
100
AcDbEntity
  8
FURN
370
13
420
12105912
100
AcDbPolyline
 90
4
 70
1
 10
5380.0
 20
7220.0
 10
5750.0
 20
7220.0
 10
5750.0
 20
7520.0
 10
5380.0
 20
7520.0
  0
LWPOLYLINE
  5
11F
330
17
100
AcDbEntity
  8
FURN
370
15
420
12105912
100
AcDbPolyline
 90
4
 70
1
 10
5940.0
 20
7180.000000000001
 10
6390.0
 20
7180.000000000001
 10
6390.0
 20
7559.999999999999
 10
5940.0
 20
7559.999999999999
  0
LWPOLYLINE
  5
120
330
17
100
AcDbEntity
  8
FURN
370
13
420
12105912
100
AcDbPolyline
 90
4
 70
1
 10
5980.0
 20
7220.0
 10
6350.0
 20
7220.0
 10
6350.0
 20
7520.0
 10
5980.0
 20
7520.0
  0
LWPOLYLINE
  5
121
330
17
100
AcDbEntity
  8
FURN
370
15
420
12105912
100
AcDbPolyline
 90
4
 70
1
 10
6540.000000000001
 20
7180.000000000001
 10
6990.000000000001
 20
7180.000000000001
 10
6990.000000000001
 20
7559.999999999999
 10
6540.000000000001
 20
7559.999999999999
  0
LWPOLYLINE
  5
122
330
17
100
AcDbEntity
  8
FURN
370
13
420
12105912
100
AcDbPolyline
 90
4
 70
1
 10
6580.000000000001
 20
7220.0
 10
6950.0
 20
7220.0
 10
6950.0
 20
7520.0
 10
6580.000000000001
 20
7520.0
  0
LWPOLYLINE
  5
123
330
17
100
AcDbEntity
  8
FURN
  6
DASHED
370
15
 48
150.0
420
12105912
100
AcDbPolyline
 90
4
 70
1
 10
4350.0
 20
4895.0
 10
4530.0
 20
4895.0
 10
4530.0
 20
6866.0
 10
4350.0
 20
6866.0
  0
LWPOLYLINE
  5
124
330
17
100
AcDbEntity
  8
FURN
370
15
420
12105912
100
AcDbPolyline
 90
4
 70
1
 10
1859.0
 20
4405.0
 10
2609.0
 20
4405.0
 10
2609.0
 20
7428.0
 10
1859.0
 20
7428.0
  0
LWPOLYLINE
  5
125
330
17
100
AcDbEntity
  8
FURN
370
15
420
12105912
100
AcDbPolyline
 90
4
 70
1
 10
2609.0
 20
4405.0
 10
3259.0000000000005
 20
4405.0
 10
3259.0000000000005
 20
5105.0
 10
2609.0
 20
5105.0
  0
LWPOLYLINE
  5
126
330
17
100
AcDbEntity
  8
FURN
370
15
420
12105912
100
AcDbPolyline
 90
4
 70
1
 10
2609.0
 20
6728.0
 10
3259.0000000000005
 20
6728.0
 10
3259.0000000000005
 20
7428.0
 10
2609.0
 20
7428.0
  0
LWPOLYLINE
  5
127
330
17
100
AcDbEntity
  8
FURN
370
15
420
12105912
100
AcDbPolyline
 90
4
 70
1
 10
2740.0
 20
5480.0
 10
3240.0000000000005
 20
5480.0
 10
3240.0000000000005
 20
6280.0
 10
2740.0
 20
6280.0
  0
LWPOLYLINE
  5
128
330
17
100
AcDbEntity
  8
FURN
  6
DASHED
370
15
 48
150.0
420
12105912
100
AcDbPolyline
 90
4
 70
1
 10
1809.0
 20
4405.0
 10
1859.0
 20
4405.0
 10
1859.0
 20
7428.0
 10
1809.0
 20
7428.0
  0
LWPOLYLINE
  5
129
330
17
100
AcDbEntity
  8
FURN
  6
DASHED
370
15
 48
150.0
420
12105912
100
AcDbPolyline
 90
4
 70
1
 10
1889.9999999999998
 20
5690.000000000001
 10
2160.0
 20
5690.000000000001
 10
2160.0
 20
6070.0
 10
1889.9999999999998
 20
6070.0
  0
LWPOLYLINE
  5
12A
330
17
100
AcDbEntity
  8
FURN
  6
DASHED
370
15
 48
150.0
420
12105912
100
AcDbPolyline
 90
4
 70
1
 10
3750.0
 20
4580.0
 10
3870.0000000000005
 20
4580.0
 10
3870.0000000000005
 20
4780.0
 10
3750.0
 20
4780.0
  0
LWPOLYLINE
  5
12B
330
17
100
AcDbEntity
  8
FURN
  6
DASHED
370
15
 48
150.0
420
12105912
100
AcDbPolyline
 90
4
 70
1
 10
3750.0
 20
7009.999999999999
 10
3870.0000000000005
 20
7009.999999999999
 10
3870.0000000000005
 20
7209.999999999999
 10
3750.0
 20
7209.999999999999
  0
LWPOLYLINE
  5
12C
330
17
100
AcDbEntity
  8
FURN
  6
DASHED
370
15
 48
150.0
420
12105912
100
AcDbPolyline
 90
4
 70
1
 10
4290.000000000001
 20
9526.0
 10
4330.0
 20
9526.0
 10
4330.0
 20
12426.0
 10
4290.000000000001
 20
12426.0
  0
LWPOLYLINE
  5
12D
330
17
100
AcDbEntity
  8
FURN
370
15
420
12105912
100
AcDbPolyline
 90
4
 70
1
 10
4330.0
 20
10026.0
 10
6430.000000000001
 20
10026.0
 10
6430.000000000001
 20
11926.0
 10
4330.0
 20
11926.0
  0
LWPOLYLINE
  5
12E
330
17
100
AcDbEntity
  8
FURN
370
13
420
12105912
100
AcDbPolyline
 90
4
 70
1
 10
4370.0
 20
10106.0
 10
4580.0
 20
10106.0
 10
4580.0
 20
10916.000000000002
 10
4370.0
 20
10916.000000000002
  0
LWPOLYLINE
  5
12F
330
17
100
AcDbEntity
  8
FURN
370
13
420
12105912
100
AcDbPolyline
 90
4
 70
1
 10
4370.0
 20
10976.0
 10
4580.0
 20
10976.0
 10
4580.0
 20
11786.0
 10
4370.0
 20
11786.0
  0
LWPOLYLINE
  5
130
330
17
100
AcDbEntity
  8
FURN
  6
DASHED
370
15
 48
150.0
420
12105912
100
AcDbPolyline
 90
4
 70
1
 10
4330.0
 20
9526.0
 10
4780.0
 20
9526.0
 10
4780.0
 20
10026.0
 10
4330.0
 20
10026.0
  0
LWPOLYLINE
  5
131
330
17
100
AcDbEntity
  8
FURN
  6
DASHED
370
15
 48
150.0
420
12105912
100
AcDbPolyline
 90
4
 70
1
 10
4330.0
 20
11926.0
 10
4780.0
 20
11926.0
 10
4780.0
 20
12426.0
 10
4330.0
 20
12426.0
  0
LWPOLYLINE
  5
132
330
17
100
AcDbEntity
  8
FURN
370
15
420
12105912
100
AcDbPolyline
 90
4
 70
1
 10
4290.000000000001
 20
8081.0
 10
6770.0
 20
8081.0
 10
6770.0
 20
8681.0
 10
4290.000000000001
 20
8681.0
  0
LWPOLYLINE
  5
133
330
17
100
AcDbEntity
  8
FURN
370
13
420
12105912
100
AcDbPolyline
 90
2
 70
0
 10
4290.000000000001
 20
8081.0
 10
6770.0
 20
8681.0
  0
LWPOLYLINE
  5
134
330
17
100
AcDbEntity
  8
FURN
370
15
420
12105912
100
AcDbPolyline
 90
4
 70
1
 10
4290.000000000001
 20
8681.0
 10
4890.0
 20
8681.0
 10
4890.0
 20
9426.0
 10
4290.000000000001
 20
9426.0
  0
LWPOLYLINE
  5
135
330
17
100
AcDbEntity
  8
FURN
370
13
420
12105912
100
AcDbPolyline
 90
2
 70
0
 10
4290.000000000001
 20
8681.0
 10
4890.0
 20
9426.0
  0
LWPOLYLINE
  5
136
330
17
100
AcDbEntity
  8
FURN
  6
DASHED
370
15
 48
150.0
420
12105912
100
AcDbPolyline
 90
4
 70
1
 10
7370.0
 20
10176.0
 10
7670.0
 20
10176.0
 10
7670.0
 20
11776.0
 10
7370.0
 20
11776.0
  0
LWPOLYLINE
  5
137
330
17
100
AcDbEntity
  8
FURN
  6
DASHED
370
15
 48
150.0
420
12105912
100
AcDbPolyline
 90
4
 70
1
 10
7620.0
 20
10256.0
 10
7670.0
 20
10256.0
 10
7670.0
 20
11696.0
 10
7620.0
 20
11696.0
  0
LWPOLYLINE
  5
138
330
17
100
AcDbEntity
  8
FURN
370
15
420
12105912
100
AcDbPolyline
 90
4
 70
1
 10
5400.0
 20
12671.0
 10
6800.0
 20
12671.0
 10
6800.0
 20
13271.0
 10
5400.0
 20
13271.0
  0
LWPOLYLINE
  5
139
330
17
100
AcDbEntity
  8
FURN
370
15
420
12105912
100
AcDbPolyline
 90
4
 70
1
 10
5850.0
 20
12171.0
 10
6350.0
 20
12171.0
 10
6350.0
 20
12721.0
 10
5850.0
 20
12721.0
  0
LWPOLYLINE
  5
13A
330
17
100
AcDbEntity
  8
FURN
370
13
420
12105912
100
AcDbPolyline
 90
4
 70
1
 10
5890.0
 20
12211.0
 10
6310.0
 20
12211.0
 10
6310.0
 20
12681.0
 10
5890.0
 20
12681.0
  0
LWPOLYLINE
  5
13B
330
17
100
AcDbEntity
  8
FURN
  6
DASHED
370
15
 48
150.0
420
12105912
100
AcDbPolyline
 90
4
 70
1
 10
7190.000000000001
 20
13101.0
 10
7630.0
 20
13101.0
 10
7630.0
 20
13271.0
 10
7190.000000000001
 20
13271.0
  0
LWPOLYLINE
  5
13C
330
17
100
AcDbEntity
  8
FURN
370
15
420
12105912
100
AcDbPolyline
 90
4
 70
1
 10
7809.999999999999
 20
11411.0
 10
8410.0
 20
11411.0
 10
8410.0
 20
13271.0
 10
7809.999999999999
 20
13271.0
  0
LWPOLYLINE
  5
13D
330
17
100
AcDbEntity
  8
FURN
370
13
420
12105912
100
AcDbPolyline
 90
2
 70
0
 10
7809.999999999999
 20
11411.0
 10
8410.0
 20
13271.0
  0
LWPOLYLINE
  5
13E
330
17
100
AcDbEntity
  8
FURN
370
15
420
12105912
100
AcDbPolyline
 90
4
 70
1
 10
11060.0
 20
11271.0
 10
11960.0
 20
11271.0
 10
11960.0
 20
13271.0
 10
11060.0
 20
13271.0
  0
LWPOLYLINE
  5
13F
330
17
100
AcDbEntity
  8
FURN
370
13
420
12105912
100
AcDbPolyline
 90
4
 70
1
 10
11140.0
 20
13061.000000000002
 10
11820.0
 20
13061.000000000002
 10
11820.0
 20
13231.0
 10
11140.0
 20
13231.0
  0
LWPOLYLINE
  5
140
330
17
100
AcDbEntity
  8
FURN
370
15
420
12105912
100
AcDbPolyline
 90
4
 70
1
 10
9140.0
 20
12671.0
 10
10340.0
 20
12671.0
 10
10340.0
 20
13271.0
 10
9140.0
 20
13271.0
  0
LWPOLYLINE
  5
141
330
17
100
AcDbEntity
  8
FURN
370
15
420
12105912
100
AcDbPolyline
 90
4
 70
1
 10
9515.0
 20
12221.0
 10
9965.0
 20
12221.0
 10
9965.0
 20
12721.0
 10
9515.0
 20
12721.0
  0
LWPOLYLINE
  5
142
330
17
100
AcDbEntity
  8
FURN
370
13
420
12105912
100
AcDbPolyline
 90
4
 70
1
 10
9555.0
 20
12261.0
 10
9925.0
 20
12261.0
 10
9925.0
 20
12681.0
 10
9555.0
 20
12681.0
  0
LWPOLYLINE
  5
143
330
17
100
AcDbEntity
  8
FURN
370
15
420
12105912
100
AcDbPolyline
 90
4
 70
1
 10
11160.0
 20
10411.0
 10
11960.0
 20
10411.0
 10
11960.0
 20
11211.0
 10
11160.0
 20
11211.0
  0
LWPOLYLINE
  5
144
330
17
100
AcDbEntity
  8
FURN
  6
DASHED
370
15
 48
150.0
420
12105912
100
AcDbPolyline
 90
4
 70
1
 10
8890.0
 20
10411.0
 10
10490.0
 20
10411.0
 10
10490.0
 20
10761.0
 10
8890.0
 20
10761.0
  0
LWPOLYLINE
  5
145
330
17
100
AcDbEntity
  8
FURN
  6
DOT
370
15
 48
150.0
420
12105912
100
AcDbPolyline
 90
4
 70
1
 10
8740.0
 20
10810.0
 10
10940.0
 20
10810.0
 10
10940.0
 20
12610.0
 10
8740.0
 20
12610.0
  0
LWPOLYLINE
  5
146
330
17
100
AcDbEntity
  8
FURN
  6
DASHED
370
15
 48
150.0
420
12105912
100
AcDbPolyline
 90
4
 70
1
 10
8430.0
 20
13101.0
 10
8790.0
 20
13101.0
 10
8790.0
 20
13271.0
 10
8430.0
 20
13271.0
  0
LWPOLYLINE
  5
147
330
17
100
AcDbEntity
  8
FURN
370
15
420
12105912
100
AcDbPolyline
 90
4
 70
1
 10
9120.0
 20
7481.0
 10
10020.0
 20
7481.0
 10
10020.0
 20
8081.0
 10
9120.0
 20
8081.0
  0
LWPOLYLINE
  5
148
330
17
100
AcDbEntity
  8
FURN
370
13
420
12105912
100
AcDbPolyline
 90
2
 70
0
 10
9120.0
 20
7481.0
 10
10020.0
 20
8081.0
  0
LWPOLYLINE
  5
149
330
17
100
AcDbEntity
  8
FURN
370
15
420
12105912
100
AcDbPolyline
 90
4
 70
1
 10
10020.0
 20
7481.0
 10
10920.0
 20
7481.0
 10
10920.0
 20
8081.0
 10
10020.0
 20
8081.0
  0
LWPOLYLINE
  5
14A
330
17
100
AcDbEntity
  8
FURN
370
13
420
12105912
100
AcDbPolyline
 90
2
 70
0
 10
10020.0
 20
7481.0
 10
10920.0
 20
8081.0
  0
LWPOLYLINE
  5
14B
330
17
100
AcDbEntity
  8
FURN
370
15
420
12105912
100
AcDbPolyline
 90
4
 70
1
 10
10920.0
 20
7481.0
 10
11820.0
 20
7481.0
 10
11820.0
 20
8081.0
 10
10920.0
 20
8081.0
  0
LWPOLYLINE
  5
14C
330
17
100
AcDbEntity
  8
FURN
370
13
420
12105912
100
AcDbPolyline
 90
2
 70
0
 10
10920.0
 20
7481.0
 10
11820.0
 20
8081.0
  0
LWPOLYLINE
  5
14D
330
17
100
AcDbEntity
  8
FURN
  6
DASHED
370
15
 48
150.0
420
12105912
100
AcDbPolyline
 90
4
 70
1
 10
9680.0
 20
6371.000000000001
 10
10180.0
 20
6371.000000000001
 10
10180.0
 20
6721.000000000001
 10
9680.0
 20
6721.000000000001
  0
LWPOLYLINE
  5
14E
330
17
100
AcDbEntity
  8
FURN
  6
DASHED
370
15
 48
150.0
420
12105912
100
AcDbPolyline
 90
4
 70
1
 10
11711.0
 20
7009.999999999999
 10
11831.0
 20
7009.999999999999
 10
11831.0
 20
7409.999999999999
 10
11711.0
 20
7409.999999999999
  0
LWPOLYLINE
  5
14F
330
17
100
AcDbEntity
  8
FURN
  6
DASHED
370
15
 48
150.0
420
12105912
100
AcDbPolyline
 90
4
 70
1
 10
8410.0
 20
9160.0
 10
8510.0
 20
9160.0
 10
8510.0
 20
9260.0
 10
8410.0
 20
9260.0
  0
LWPOLYLINE
  5
150
330
17
100
AcDbEntity
  8
FURN
370
15
420
12105912
100
AcDbPolyline
 90
4
 70
1
 10
10131.0
 20
8159.999999999999
 10
11831.0
 20
8159.999999999999
 10
11831.0
 20
8910.0
 10
10131.0
 20
8910.0
  0
LWPOLYLINE
  5
151
330
17
100
AcDbEntity
  8
FURN
370
13
420
12105912
100
AcDbPolyline
 90
4
 70
1
 10
10191.0
 20
8220.0
 10
11771.0
 20
8220.0
 10
11771.0
 20
8850.0
 10
10191.0
 20
8850.0
  0
CIRCLE
  5
152
330
17
100
AcDbEntity
  8
FURN
370
13
420
12105912
100
AcDbCircle
 10
11681.0
 20
8535.0
 30
0.0
 40
30.0
  0
LWPOLYLINE
  5
153
330
17
100
AcDbEntity
  8
FURN
370
15
420
12105912
100
AcDbPolyline
 90
4
 70
1
 10
10931.0
 20
8910.0
 10
11736.0
 20
8910.0
 10
11736.0
 20
9876.0
 10
10931.0
 20
9876.0
  0
LWPOLYLINE
  5
154
330
17
100
AcDbEntity
  8
FURN
370
15
420
12105912
100
AcDbPolyline
 90
4
 70
1
 10
11736.0
 20
8910.0
 10
11831.0
 20
8910.0
 10
11831.0
 20
9876.0
 10
11736.0
 20
9876.0
  0
LWPOLYLINE
  5
155
330
17
100
AcDbEntity
  8
FURN
  6
DASHED
370
15
 48
150.0
420
12105912
100
AcDbPolyline
 90
4
 70
1
 10
10921.0
 20
9561.000000000002
 10
10931.0
 20
9561.000000000002
 10
10931.0
 20
9876.0
 10
10921.0
 20
9876.0
  0
LWPOLYLINE
  5
156
330
17
100
AcDbEntity
  8
FURN
370
15
420
12105912
100
AcDbPolyline
 90
4
 70
1
 10
10110.0
 20
10051.0
 10
10931.0
 20
10051.0
 10
10931.0
 20
10201.0
 10
10110.0
 20
10201.0
  0
LWPOLYLINE
  5
157
330
17
100
AcDbEntity
  8
FURN
370
15
420
12105912
100
AcDbPolyline
 90
4
 70
1
 10
10360.0
 20
9561.000000000002
 10
10720.0
 20
9561.000000000002
 10
10720.0
 20
10051.0
 10
10360.0
 20
10051.0
  0
CIRCLE
  5
158
330
17
100
AcDbEntity
  8
FURN
370
13
420
12105912
100
AcDbCircle
 10
10540.0
 20
9806.0
 30
0.0
 40
136.8
  0
LWPOLYLINE
  5
159
330
17
100
AcDbEntity
  8
FURN
370
15
420
12105912
100
AcDbPolyline
 90
4
 70
1
 10
9210.0
 20
9721.0
 10
10110.0
 20
9721.0
 10
10110.0
 20
10201.0
 10
9210.0
 20
10201.0
  0
CIRCLE
  5
15A
330
17
100
AcDbEntity
  8
FURN
370
13
420
12105912
100
AcDbCircle
 10
9660.0
 20
9961.0
 30
0.0
 40
144.0
  0
LWPOLYLINE
  5
15B
330
17
100
AcDbEntity
  8
FURN
  6
DASHED
370
15
 48
150.0
420
12105912
100
AcDbPolyline
 90
4
 70
1
 10
9210.0
 20
10051.0
 10
10110.0
 20
10051.0
 10
10110.0
 20
10201.0
 10
9210.0
 20
10201.0
  0
LWPOLYLINE
  5
15C
330
17
100
AcDbEntity
  8
FURN
  6
DASHED
370
15
 48
150.0
420
12105912
100
AcDbPolyline
 90
4
 70
1
 10
9190.0
 20
8159.999999999999
 10
9690.0
 20
8159.999999999999
 10
9690.0
 20
8510.0
 10
9190.0
 20
8510.0
  0
LWPOLYLINE
  5
15D
330
17
100
AcDbEntity
  8
FURN
370
13
420
12105912
100
AcDbPolyline
 90
2
 70
0
 10
9190.0
 20
8159.999999999999
 10
9690.0
 20
8510.0
  0
LWPOLYLINE
  5
15E
330
17
100
AcDbEntity
  8
FURN
  6
DASHED
370
15
 48
150.0
420
12105912
100
AcDbPolyline
 90
4
 70
1
 10
9690.0
 20
8159.999999999999
 10
10131.0
 20
8159.999999999999
 10
10131.0
 20
8510.0
 10
9690.0
 20
8510.0
  0
LWPOLYLINE
  5
15F
330
17
100
AcDbEntity
  8
FURN
  6
DASHED
370
15
 48
150.0
420
12105912
100
AcDbPolyline
 90
4
 70
1
 10
9710.0
 20
8159.999999999999
 10
10110.0
 20
8159.999999999999
 10
10110.0
 20
8260.0
 10
9710.0
 20
8260.0
  0
LWPOLYLINE
  5
160
330
17
100
AcDbEntity
  8
FURN
  6
DOT
370
15
 48
150.0
420
12105912
100
AcDbPolyline
 90
4
 70
1
 10
11590.0
 20
8560.0
 10
11690.0
 20
8560.0
 10
11690.0
 20
8660.0
 10
11590.0
 20
8660.0
  0
LWPOLYLINE
  5
161
330
17
100
AcDbEntity
  8
FURN
  6
DASHED
370
15
 48
150.0
420
12105912
100
AcDbPolyline
 90
4
 70
1
 10
11190.0
 20
9880.0
 10
11490.0
 20
9880.0
 10
11490.0
 20
9960.0
 10
11190.0
 20
9960.0
  0
LWPOLYLINE
  5
162
330
17
100
AcDbEntity
  8
FURN
370
15
420
12105912
100
AcDbPolyline
 90
4
 70
1
 10
8780.0
 20
4360.0
 10
9230.0
 20
4360.0
 10
9230.0
 20
4940.000000000001
 10
8780.0
 20
4940.000000000001
  0
CIRCLE
  5
163
330
17
100
AcDbEntity
  8
FURN
370
13
420
12105912
100
AcDbCircle
 10
9005.0
 20
4650.0
 30
0.0
 40
135.0
  0
LWPOLYLINE
  5
164
330
17
100
AcDbEntity
  8
FURN
370
15
420
12105912
100
AcDbPolyline
 90
4
 70
1
 10
9230.0
 20
4360.0
 10
9530.0
 20
4360.0
 10
9530.0
 20
4940.000000000001
 10
9230.0
 20
4940.000000000001
  0
LWPOLYLINE
  5
165
330
17
100
AcDbEntity
  8
FURN
370
15
420
12105912
100
AcDbPolyline
 90
4
 70
1
 10
9550.0
 20
4360.0
 10
10200.0
 20
4360.0
 10
10200.0
 20
5010.0
 10
9550.0
 20
5010.0
  0
CIRCLE
  5
166
330
17
100
AcDbEntity
  8
FURN
370
13
420
12105912
100
AcDbCircle
 10
9875.0
 20
4685.0
 30
0.0
 40
214.5
  0
LWPOLYLINE
  5
167
330
17
100
AcDbEntity
  8
FURN
  6
DOT
370
15
 48
150.0
420
12105912
100
AcDbPolyline
 90
4
 70
1
 10
9790.0
 20
4960.0
 10
9890.0
 20
4960.0
 10
9890.0
 20
5060.0
 10
9790.0
 20
5060.0
  0
LWPOLYLINE
  5
168
330
17
100
AcDbEntity
  8
FURN
  6
DASHED
370
15
 48
150.0
420
12105912
100
AcDbPolyline
 90
4
 70
1
 10
8490.0
 20
4720.0
 10
8740.0
 20
4720.0
 10
8740.0
 20
5020.0
 10
8490.0
 20
5020.0
  0
LWPOLYLINE
  5
169
330
17
100
AcDbEntity
  8
FURN
  6
DOT
370
15
 48
150.0
420
12105912
100
AcDbPolyline
 90
4
 70
1
 10
8780.0
 20
4360.0
 10
9550.0
 20
4360.0
 10
9550.0
 20
4960.0
 10
8780.0
 20
4960.0
  0
LWPOLYLINE
  5
16A
330
17
100
AcDbEntity
  8
FURN
  6
DASHED
370
15
 48
150.0
420
12105912
100
AcDbPolyline
 90
4
 70
1
 10
8780.0
 20
4360.0
 10
9550.0
 20
4360.0
 10
9550.0
 20
4710.0
 10
8780.0
 20
4710.0
  0
LWPOLYLINE
  5
16B
330
17
100
AcDbEntity
  8
FURN
370
15
420
12105912
100
AcDbPolyline
 90
4
 70
1
 10
9660.0
 20
5660.000000000001
 10
10200.0
 20
5660.000000000001
 10
10200.0
 20
6290.000000000001
 10
9660.0
 20
6290.000000000001
  0
LWPOLYLINE
  5
16C
330
17
100
AcDbEntity
  8
FURN
370
13
420
12105912
100
AcDbPolyline
 90
2
 70
0
 10
9660.0
 20
5660.000000000001
 10
10200.0
 20
6290.000000000001
  0
LWPOLYLINE
  5
16D
330
17
100
AcDbEntity
  8
FURN
  6
DASHED
370
15
 48
150.0
420
12105912
100
AcDbPolyline
 90
4
 70
1
 10
9550.0
 20
4360.0
 10
10200.0
 20
4360.0
 10
10200.0
 20
5010.0
 10
9550.0
 20
5010.0
  0
LWPOLYLINE
  5
16E
330
17
100
AcDbEntity
  8
FURN
370
13
420
12105912
100
AcDbPolyline
 90
2
 70
0
 10
9550.0
 20
4360.0
 10
10200.0
 20
5010.0
  0
LWPOLYLINE
  5
16F
330
17
100
AcDbEntity
  8
FURN
370
15
420
12105912
100
AcDbPolyline
 90
4
 70
1
 10
8460.0
 20
5041.0
 10
8810.0
 20
5041.0
 10
8810.0
 20
5541.0
 10
8460.0
 20
5541.0
  0
LWPOLYLINE
  5
170
330
17
100
AcDbEntity
  8
FURN
370
13
420
12105912
100
AcDbPolyline
 90
2
 70
0
 10
8460.0
 20
5041.0
 10
8810.0
 20
5541.0
  0
LWPOLYLINE
  5
171
330
17
100
AcDbEntity
  8
FURN
370
15
420
12105912
100
AcDbPolyline
 90
4
 70
1
 10
8460.0
 20
5640.000000000001
 10
8810.0
 20
5640.000000000001
 10
8810.0
 20
6290.000000000001
 10
8460.0
 20
6290.000000000001
  0
LWPOLYLINE
  5
172
330
17
100
AcDbEntity
  8
FURN
370
13
420
12105912
100
AcDbPolyline
 90
2
 70
0
 10
8460.0
 20
5640.000000000001
 10
8810.0
 20
6290.000000000001
  0
LWPOLYLINE
  5
173
330
17
100
AcDbEntity
  8
FURN
  6
DASHED
370
15
 48
150.0
420
12105912
100
AcDbPolyline
 90
4
 70
1
 10
8890.0
 20
5110.0
 10
9590.0
 20
5110.0
 10
9590.0
 20
5610.000000000001
 10
8890.0
 20
5610.000000000001
  0
TEXT
  5
174
330
17
100
AcDbEntity
  8
TEXT
420
5592405
100
AcDbText
 10
7190.000000000001
 20
6664.999999999999
 30
0.0
 40
90.0
  1
3. Кухня-столовая
  7
GOST
 72
1
 11
7190.000000000001
 21
6664.999999999999
 31
0.0
100
AcDbText
  0
TEXT
  5
175
330
17
100
AcDbEntity
  8
TEXT
420
5592405
100
AcDbText
 10
2810.0
 20
6215.000000000001
 30
0.0
 40
90.0
  1
7. Балкон (тёплый)
  7
GOST
 72
1
 11
2810.0
 21
6215.000000000001
 31
0.0
100
AcDbText
  0
TEXT
  5
176
330
17
100
AcDbEntity
  8
TEXT
420
5592405
100
AcDbText
 10
5980.0
 20
11615.0
 30
0.0
 40
90.0
  1
1. Спальня
  7
GOST
 72
1
 11
5980.0
 21
11615.0
 31
0.0
100
AcDbText
  0
TEXT
  5
177
330
17
100
AcDbEntity
  8
TEXT
420
5592405
100
AcDbText
 10
10190.0
 20
12015.0
 30
0.0
 40
90.0
  1
2. Детская
  7
GOST
 72
1
 11
10190.0
 21
12015.0
 31
0.0
100
AcDbText
  0
TEXT
  5
178
330
17
100
AcDbEntity
  8
TEXT
420
5592405
100
AcDbText
 10
10490.0
 20
6814.999999999999
 30
0.0
 40
90.0
  1
4. Прихожая-коридор
  7
GOST
 72
1
 11
10490.0
 21
6814.999999999999
 31
0.0
100
AcDbText
  0
TEXT
  5
179
330
17
100
AcDbEntity
  8
TEXT
420
5592405
100
AcDbText
 10
10090.0
 20
8565.0
 30
0.0
 40
90.0
  1
5. Ванная
  7
GOST
 72
1
 11
10090.0
 21
8565.0
 31
0.0
100
AcDbText
  0
TEXT
  5
17A
330
17
100
AcDbEntity
  8
TEXT
420
5592405
100
AcDbText
 10
9340.0
 20
5815.000000000001
 30
0.0
 40
90.0
  1
6. Постирочная
  7
GOST
 72
1
 11
9340.0
 21
5815.000000000001
 31
0.0
100
AcDbText
  0
LWPOLYLINE
  5
17B
330
17
100
AcDbEntity
  8
EL-LIGHT
  6
DASHED
370
60
 48
150.0
420
10132122
100
AcDbPolyline
 90
2
 70
0
 10
4890.0
 20
4660.0
 10
7740.000000000001
 20
4660.0
  0
HATCH
  5
17C
330
17
100
AcDbEntity
  8
EL-LIGHT
 62
7
420
16777215
100
AcDbHatch
 10
0.0
 20
0.0
 30
0.0
210
0.0
220
0.0
230
1.0
  2
SOLID
 70
1
 71
0
 91
1
 92
1
 93
1
 72
2
 10
5190.0
 20
5360.000000000001
 40
50.0
 50
0
 51
360
 73
1
 97
0
 75
1
 76
1
 98
0
  0
CIRCLE
  5
17D
330
17
100
AcDbEntity
  8
EL-LIGHT
370
25
420
10132122
100
AcDbCircle
 10
5190.0
 20
5360.000000000001
 30
0.0
 40
50.0
  0
HATCH
  5
17E
330
17
100
AcDbEntity
  8
EL-LIGHT
 62
7
420
10132122
100
AcDbHatch
 10
0.0
 20
0.0
 30
0.0
210
0.0
220
0.0
230
1.0
  2
SOLID
 70
1
 71
0
 91
1
 92
1
 93
1
 72
2
 10
5190.0
 20
5360.000000000001
 40
17.5
 50
0
 51
360
 73
1
 97
0
 75
1
 76
1
 98
0
  0
CIRCLE
  5
17F
330
17
100
AcDbEntity
  8
EL-LIGHT
370
13
420
10132122
100
AcDbCircle
 10
5190.0
 20
5360.000000000001
 30
0.0
 40
17.5
  0
HATCH
  5
180
330
17
100
AcDbEntity
  8
EL-LIGHT
 62
7
420
16777215
100
AcDbHatch
 10
0.0
 20
0.0
 30
0.0
210
0.0
220
0.0
230
1.0
  2
SOLID
 70
1
 71
0
 91
1
 92
1
 93
1
 72
2
 10
5990.0
 20
5360.000000000001
 40
50.0
 50
0
 51
360
 73
1
 97
0
 75
1
 76
1
 98
0
  0
CIRCLE
  5
181
330
17
100
AcDbEntity
  8
EL-LIGHT
370
25
420
10132122
100
AcDbCircle
 10
5990.0
 20
5360.000000000001
 30
0.0
 40
50.0
  0
HATCH
  5
182
330
17
100
AcDbEntity
  8
EL-LIGHT
 62
7
420
10132122
100
AcDbHatch
 10
0.0
 20
0.0
 30
0.0
210
0.0
220
0.0
230
1.0
  2
SOLID
 70
1
 71
0
 91
1
 92
1
 93
1
 72
2
 10
5990.0
 20
5360.000000000001
 40
17.5
 50
0
 51
360
 73
1
 97
0
 75
1
 76
1
 98
0
  0
CIRCLE
  5
183
330
17
100
AcDbEntity
  8
EL-LIGHT
370
13
420
10132122
100
AcDbCircle
 10
5990.0
 20
5360.000000000001
 30
0.0
 40
17.5
  0
HATCH
  5
184
330
17
100
AcDbEntity
  8
EL-LIGHT
 62
7
420
16777215
100
AcDbHatch
 10
0.0
 20
0.0
 30
0.0
210
0.0
220
0.0
230
1.0
  2
SOLID
 70
1
 71
0
 91
1
 92
1
 93
1
 72
2
 10
6790.000000000001
 20
5360.000000000001
 40
50.0
 50
0
 51
360
 73
1
 97
0
 75
1
 76
1
 98
0
  0
CIRCLE
  5
185
330
17
100
AcDbEntity
  8
EL-LIGHT
370
25
420
10132122
100
AcDbCircle
 10
6790.000000000001
 20
5360.000000000001
 30
0.0
 40
50.0
  0
HATCH
  5
186
330
17
100
AcDbEntity
  8
EL-LIGHT
 62
7
420
10132122
100
AcDbHatch
 10
0.0
 20
0.0
 30
0.0
210
0.0
220
0.0
230
1.0
  2
SOLID
 70
1
 71
0
 91
1
 92
1
 93
1
 72
2
 10
6790.000000000001
 20
5360.000000000001
 40
17.5
 50
0
 51
360
 73
1
 97
0
 75
1
 76
1
 98
0
  0
CIRCLE
  5
187
330
17
100
AcDbEntity
  8
EL-LIGHT
370
13
420
10132122
100
AcDbCircle
 10
6790.000000000001
 20
5360.000000000001
 30
0.0
 40
17.5
  0
HATCH
  5
188
330
17
100
AcDbEntity
  8
EL-LIGHT
 62
7
420
16777215
100
AcDbHatch
 10
0.0
 20
0.0
 30
0.0
210
0.0
220
0.0
230
1.0
  2
SOLID
 70
1
 71
0
 91
1
 92
1
 93
1
 72
2
 10
7590.000000000001
 20
5360.000000000001
 40
50.0
 50
0
 51
360
 73
1
 97
0
 75
1
 76
1
 98
0
  0
CIRCLE
  5
189
330
17
100
AcDbEntity
  8
EL-LIGHT
370
25
420
10132122
100
AcDbCircle
 10
7590.000000000001
 20
5360.000000000001
 30
0.0
 40
50.0
  0
HATCH
  5
18A
330
17
100
AcDbEntity
  8
EL-LIGHT
 62
7
420
10132122
100
AcDbHatch
 10
0.0
 20
0.0
 30
0.0
210
0.0
220
0.0
230
1.0
  2
SOLID
 70
1
 71
0
 91
1
 92
1
 93
1
 72
2
 10
7590.000000000001
 20
5360.000000000001
 40
17.5
 50
0
 51
360
 73
1
 97
0
 75
1
 76
1
 98
0
  0
CIRCLE
  5
18B
330
17
100
AcDbEntity
  8
EL-LIGHT
370
13
420
10132122
100
AcDbCircle
 10
7590.000000000001
 20
5360.000000000001
 30
0.0
 40
17.5
  0
HATCH
  5
18C
330
17
100
AcDbEntity
  8
EL-LIGHT
 62
7
420
16777215
100
AcDbHatch
 10
0.0
 20
0.0
 30
0.0
210
0.0
220
0.0
230
1.0
  2
SOLID
 70
1
 71
0
 91
1
 92
1
 93
1
 72
2
 10
6090.0
 20
6709.999999999999
 40
100.0
 50
0
 51
360
 73
1
 97
0
 75
1
 76
1
 98
0
  0
CIRCLE
  5
18D
330
17
100
AcDbEntity
  8
EL-LIGHT
370
30
420
10132122
100
AcDbCircle
 10
6090.0
 20
6709.999999999999
 30
0.0
 40
100.0
  0
LWPOLYLINE
  5
18E
330
17
100
AcDbEntity
  8
EL-LIGHT
370
20
420
10132122
100
AcDbPolyline
 90
2
 70
0
 10
6019.3
 20
6639.3
 10
6160.7
 20
6780.699999999999
  0
LWPOLYLINE
  5
18F
330
17
100
AcDbEntity
  8
EL-LIGHT
370
20
420
10132122
100
AcDbPolyline
 90
2
 70
0
 10
6019.3
 20
6780.699999999999
 10
6160.7
 20
6639.3
  0
HATCH
  5
190
330
17
100
AcDbEntity
  8
EL-LIGHT
 62
7
420
10132122
100
AcDbHatch
 10
0.0
 20
0.0
 30
0.0
210
0.0
220
0.0
230
1.0
  2
SOLID
 70
1
 71
0
 91
1
 92
1
 93
1
 72
2
 10
6090.0
 20
6709.999999999999
 40
30.0
 50
0
 51
360
 73
1
 97
0
 75
1
 76
1
 98
0
  0
CIRCLE
  5
191
330
17
100
AcDbEntity
  8
EL-LIGHT
370
13
420
10132122
100
AcDbCircle
 10
6090.0
 20
6709.999999999999
 30
0.0
 40
30.0
  0
HATCH
  5
192
330
17
100
AcDbEntity
  8
EL-LIGHT
 62
7
420
10132122
100
AcDbHatch
 10
0.0
 20
0.0
 30
0.0
210
0.0
220
0.0
230
1.0
  2
SOLID
 70
1
 71
0
 91
1
 92
3
 72
0
 73
1
 93
13
 10
5410.0
 20
7940.000000000001
 10
5412.725933896874
 20
7919.294476391799
 10
5420.717967697245
 20
7900.0
 10
5433.431457505076
 20
7883.431457505077
 10
5450.0
 20
7870.7179676972455
 10
5469.294476391798
 20
7862.725933896875
 10
5490.0
 20
7860.000000000001
 10
5510.7055236082015
 20
7862.725933896875
 10
5530.0
 20
7870.7179676972455
 10
5546.568542494923
 20
7883.431457505077
 10
5559.282032302755
 20
7900.0
 10
5567.274066103126
 20
7919.294476391799
 10
5570.0
 20
7940.000000000001
 97
0
 75
1
 76
1
 98
0
  0
LWPOLYLINE
  5
193
330
17
100
AcDbEntity
  8
EL-LIGHT
370
30
420
10132122
100
AcDbPolyline
 90
13
 70
1
 10
5410.0
 20
7940.000000000001
 10
5412.725933896874
 20
7919.294476391799
 10
5420.717967697245
 20
7900.0
 10
5433.431457505076
 20
7883.431457505077
 10
5450.0
 20
7870.7179676972455
 10
5469.294476391798
 20
7862.725933896875
 10
5490.0
 20
7860.000000000001
 10
5510.7055236082015
 20
7862.725933896875
 10
5530.0
 20
7870.7179676972455
 10
5546.568542494923
 20
7883.431457505077
 10
5559.282032302755
 20
7900.0
 10
5567.274066103126
 20
7919.294476391799
 10
5570.0
 20
7940.000000000001
  0
HATCH
  5
194
330
17
100
AcDbEntity
  8
EL-LIGHT
 62
7
420
10132122
100
AcDbHatch
 10
0.0
 20
0.0
 30
0.0
210
0.0
220
0.0
230
1.0
  2
SOLID
 70
1
 71
0
 91
1
 92
3
 72
0
 73
1
 93
13
 10
6610.000000000001
 20
7940.000000000001
 10
6612.725933896875
 20
7919.294476391799
 10
6620.7179676972455
 20
7900.0
 10
6633.431457505077
 20
7883.431457505077
 10
6650.0
 20
7870.7179676972455
 10
6669.294476391799
 20
7862.725933896875
 10
6690.000000000001
 20
7860.000000000001
 10
6710.7055236082015
 20
7862.725933896875
 10
6730.000000000001
 20
7870.7179676972455
 10
6746.568542494924
 20
7883.431457505077
 10
6759.282032302755
 20
7900.0
 10
6767.274066103126
 20
7919.294476391799
 10
6770.0
 20
7940.000000000001
 97
0
 75
1
 76
1
 98
0
  0
LWPOLYLINE
  5
195
330
17
100
AcDbEntity
  8
EL-LIGHT
370
30
420
10132122
100
AcDbPolyline
 90
13
 70
1
 10
6610.000000000001
 20
7940.000000000001
 10
6612.725933896875
 20
7919.294476391799
 10
6620.7179676972455
 20
7900.0
 10
6633.431457505077
 20
7883.431457505077
 10
6650.0
 20
7870.7179676972455
 10
6669.294476391799
 20
7862.725933896875
 10
6690.000000000001
 20
7860.000000000001
 10
6710.7055236082015
 20
7862.725933896875
 10
6730.000000000001
 20
7870.7179676972455
 10
6746.568542494924
 20
7883.431457505077
 10
6759.282032302755
 20
7900.0
 10
6767.274066103126
 20
7919.294476391799
 10
6770.0
 20
7940.000000000001
  0
LWPOLYLINE
  5
196
330
17
100
AcDbEntity
  8
EL-LIGHT
  6
DASHED
370
60
 48
150.0
420
10132122
100
AcDbPolyline
 90
2
 70
0
 10
7990.000000000001
 20
5610.000000000001
 10
7990.000000000001
 20
6340.000000000001
  0
LWPOLYLINE
  5
197
330
17
100
AcDbEntity
  8
EL-LIGHT
  6
DASHED
370
60
 48
150.0
420
10132122
100
AcDbPolyline
 90
2
 70
0
 10
4890.0
 20
4950.0
 10
7740.000000000001
 20
4950.0
  0
HATCH
  5
198
330
17
100
AcDbEntity
  8
EL-LIGHT
 62
7
420
16777215
100
AcDbHatch
 10
0.0
 20
0.0
 30
0.0
210
0.0
220
0.0
230
1.0
  2
SOLID
 70
1
 71
0
 91
1
 92
1
 93
1
 72
2
 10
2290.0
 20
4960.0
 40
50.0
 50
0
 51
360
 73
1
 97
0
 75
1
 76
1
 98
0
  0
CIRCLE
  5
199
330
17
100
AcDbEntity
  8
EL-LIGHT
370
25
420
10132122
100
AcDbCircle
 10
2290.0
 20
4960.0
 30
0.0
 40
50.0
  0
HATCH
  5
19A
330
17
100
AcDbEntity
  8
EL-LIGHT
 62
7
420
10132122
100
AcDbHatch
 10
0.0
 20
0.0
 30
0.0
210
0.0
220
0.0
230
1.0
  2
SOLID
 70
1
 71
0
 91
1
 92
1
 93
1
 72
2
 10
2290.0
 20
4960.0
 40
17.5
 50
0
 51
360
 73
1
 97
0
 75
1
 76
1
 98
0
  0
CIRCLE
  5
19B
330
17
100
AcDbEntity
  8
EL-LIGHT
370
13
420
10132122
100
AcDbCircle
 10
2290.0
 20
4960.0
 30
0.0
 40
17.5
  0
HATCH
  5
19C
330
17
100
AcDbEntity
  8
EL-LIGHT
 62
7
420
16777215
100
AcDbHatch
 10
0.0
 20
0.0
 30
0.0
210
0.0
220
0.0
230
1.0
  2
SOLID
 70
1
 71
0
 91
1
 92
1
 93
1
 72
2
 10
2290.0
 20
6859.999999999999
 40
50.0
 50
0
 51
360
 73
1
 97
0
 75
1
 76
1
 98
0
  0
CIRCLE
  5
19D
330
17
100
AcDbEntity
  8
EL-LIGHT
370
25
420
10132122
100
AcDbCircle
 10
2290.0
 20
6859.999999999999
 30
0.0
 40
50.0
  0
HATCH
  5
19E
330
17
100
AcDbEntity
  8
EL-LIGHT
 62
7
420
10132122
100
AcDbHatch
 10
0.0
 20
0.0
 30
0.0
210
0.0
220
0.0
230
1.0
  2
SOLID
 70
1
 71
0
 91
1
 92
1
 93
1
 72
2
 10
2290.0
 20
6859.999999999999
 40
17.5
 50
0
 51
360
 73
1
 97
0
 75
1
 76
1
 98
0
  0
CIRCLE
  5
19F
330
17
100
AcDbEntity
  8
EL-LIGHT
370
13
420
10132122
100
AcDbCircle
 10
2290.0
 20
6859.999999999999
 30
0.0
 40
17.5
  0
HATCH
  5
1A0
330
17
100
AcDbEntity
  8
EL-LIGHT
 62
7
420
16777215
100
AcDbHatch
 10
0.0
 20
0.0
 30
0.0
210
0.0
220
0.0
230
1.0
  2
SOLID
 70
1
 71
0
 91
1
 92
1
 93
1
 72
2
 10
3290.0000000000005
 20
4960.0
 40
50.0
 50
0
 51
360
 73
1
 97
0
 75
1
 76
1
 98
0
  0
CIRCLE
  5
1A1
330
17
100
AcDbEntity
  8
EL-LIGHT
370
25
420
10132122
100
AcDbCircle
 10
3290.0000000000005
 20
4960.0
 30
0.0
 40
50.0
  0
HATCH
  5
1A2
330
17
100
AcDbEntity
  8
EL-LIGHT
 62
7
420
10132122
100
AcDbHatch
 10
0.0
 20
0.0
 30
0.0
210
0.0
220
0.0
230
1.0
  2
SOLID
 70
1
 71
0
 91
1
 92
1
 93
1
 72
2
 10
3290.0000000000005
 20
4960.0
 40
17.5
 50
0
 51
360
 73
1
 97
0
 75
1
 76
1
 98
0
  0
CIRCLE
  5
1A3
330
17
100
AcDbEntity
  8
EL-LIGHT
370
13
420
10132122
100
AcDbCircle
 10
3290.0000000000005
 20
4960.0
 30
0.0
 40
17.5
  0
HATCH
  5
1A4
330
17
100
AcDbEntity
  8
EL-LIGHT
 62
7
420
16777215
100
AcDbHatch
 10
0.0
 20
0.0
 30
0.0
210
0.0
220
0.0
230
1.0
  2
SOLID
 70
1
 71
0
 91
1
 92
1
 93
1
 72
2
 10
3290.0000000000005
 20
6859.999999999999
 40
50.0
 50
0
 51
360
 73
1
 97
0
 75
1
 76
1
 98
0
  0
CIRCLE
  5
1A5
330
17
100
AcDbEntity
  8
EL-LIGHT
370
25
420
10132122
100
AcDbCircle
 10
3290.0000000000005
 20
6859.999999999999
 30
0.0
 40
50.0
  0
HATCH
  5
1A6
330
17
100
AcDbEntity
  8
EL-LIGHT
 62
7
420
10132122
100
AcDbHatch
 10
0.0
 20
0.0
 30
0.0
210
0.0
220
0.0
230
1.0
  2
SOLID
 70
1
 71
0
 91
1
 92
1
 93
1
 72
2
 10
3290.0000000000005
 20
6859.999999999999
 40
17.5
 50
0
 51
360
 73
1
 97
0
 75
1
 76
1
 98
0
  0
CIRCLE
  5
1A7
330
17
100
AcDbEntity
  8
EL-LIGHT
370
13
420
10132122
100
AcDbCircle
 10
3290.0000000000005
 20
6859.999999999999
 30
0.0
 40
17.5
  0
LWPOLYLINE
  5
1A8
330
17
100
AcDbEntity
  8
EL-LIGHT
  6
DASHED
370
60
 48
150.0
420
10132122
100
AcDbPolyline
 90
2
 70
0
 10
2609.0
 20
5105.0
 10
2609.0
 20
6728.0
  0
HATCH
  5
1A9
330
17
100
AcDbEntity
  8
EL-LIGHT
 62
7
420
16777215
100
AcDbHatch
 10
0.0
 20
0.0
 30
0.0
210
0.0
220
0.0
230
1.0
  2
SOLID
 70
1
 71
0
 91
1
 92
1
 93
1
 72
2
 10
5980.0
 20
10676.0
 40
100.0
 50
0
 51
360
 73
1
 97
0
 75
1
 76
1
 98
0
  0
CIRCLE
  5
1AA
330
17
100
AcDbEntity
  8
EL-LIGHT
370
30
420
10132122
100
AcDbCircle
 10
5980.0
 20
10676.0
 30
0.0
 40
100.0
  0
LWPOLYLINE
  5
1AB
330
17
100
AcDbEntity
  8
EL-LIGHT
370
20
420
10132122
100
AcDbPolyline
 90
2
 70
0
 10
5909.3
 20
10605.300000000001
 10
6050.700000000001
 20
10746.7
  0
LWPOLYLINE
  5
1AC
330
17
100
AcDbEntity
  8
EL-LIGHT
370
20
420
10132122
100
AcDbPolyline
 90
2
 70
0
 10
5909.3
 20
10746.7
 10
6050.700000000001
 20
10605.300000000001
  0
LWPOLYLINE
  5
1AD
330
17
100
AcDbEntity
  8
EL-LIGHT
  6
DASHED
370
60
 48
150.0
420
10132122
100
AcDbPolyline
 90
2
 70
0
 10
4330.0
 20
9526.0
 10
4330.0
 20
12426.0
  0
LWPOLYLINE
  5
1AE
330
17
100
AcDbEntity
  8
EL-LIGHT
  6
DASHED
370
60
 48
150.0
420
10132122
100
AcDbPolyline
 90
2
 70
0
 10
4290.000000000001
 20
13071.0
 10
7670.0
 20
13071.0
  0
HATCH
  5
1AF
330
17
100
AcDbEntity
  8
EL-LIGHT
 62
7
420
10132122
100
AcDbHatch
 10
0.0
 20
0.0
 30
0.0
210
0.0
220
0.0
230
1.0
  2
SOLID
 70
1
 71
0
 91
1
 92
3
 72
0
 73
1
 93
13
 10
4330.0
 20
9696.0
 10
4350.7055236082015
 20
9698.725933896876
 10
4370.0
 20
9706.717967697246
 10
4386.568542494923
 20
9719.431457505078
 10
4399.282032302755
 20
9736.0
 10
4407.274066103126
 20
9755.294476391799
 10
4409.999999999999
 20
9776.0
 10
4407.274066103126
 20
9796.705523608201
 10
4399.282032302755
 20
9816.000000000002
 10
4386.568542494923
 20
9832.568542494924
 10
4370.0
 20
9845.282032302755
 10
4350.7055236082015
 20
9853.274066103126
 10
4330.0
 20
9856.0
 97
0
 75
1
 76
1
 98
0
  0
LWPOLYLINE
  5
1B0
330
17
100
AcDbEntity
  8
EL-LIGHT
370
30
420
10132122
100
AcDbPolyline
 90
13
 70
1
 10
4330.0
 20
9696.0
 10
4350.7055236082015
 20
9698.725933896876
 10
4370.0
 20
9706.717967697246
 10
4386.568542494923
 20
9719.431457505078
 10
4399.282032302755
 20
9736.0
 10
4407.274066103126
 20
9755.294476391799
 10
4409.999999999999
 20
9776.0
 10
4407.274066103126
 20
9796.705523608201
 10
4399.282032302755
 20
9816.000000000002
 10
4386.568542494923
 20
9832.568542494924
 10
4370.0
 20
9845.282032302755
 10
4350.7055236082015
 20
9853.274066103126
 10
4330.0
 20
9856.0
  0
HATCH
  5
1B1
330
17
100
AcDbEntity
  8
EL-LIGHT
 62
7
420
10132122
100
AcDbHatch
 10
0.0
 20
0.0
 30
0.0
210
0.0
220
0.0
230
1.0
  2
SOLID
 70
1
 71
0
 91
1
 92
3
 72
0
 73
1
 93
13
 10
4330.0
 20
12096.0
 10
4350.7055236082015
 20
12098.725933896876
 10
4370.0
 20
12106.717967697246
 10
4386.568542494923
 20
12119.431457505078
 10
4399.282032302755
 20
12136.0
 10
4407.274066103126
 20
12155.294476391799
 10
4409.999999999999
 20
12176.0
 10
4407.274066103126
 20
12196.705523608201
 10
4399.282032302755
 20
12216.000000000002
 10
4386.568542494923
 20
12232.568542494924
 10
4370.0
 20
12245.282032302755
 10
4350.7055236082015
 20
12253.274066103126
 10
4330.0
 20
12256.0
 97
0
 75
1
 76
1
 98
0
  0
LWPOLYLINE
  5
1B2
330
17
100
AcDbEntity
  8
EL-LIGHT
370
30
420
10132122
100
AcDbPolyline
 90
13
 70
1
 10
4330.0
 20
12096.0
 10
4350.7055236082015
 20
12098.725933896876
 10
4370.0
 20
12106.717967697246
 10
4386.568542494923
 20
12119.431457505078
 10
4399.282032302755
 20
12136.0
 10
4407.274066103126
 20
12155.294476391799
 10
4409.999999999999
 20
12176.0
 10
4407.274066103126
 20
12196.705523608201
 10
4399.282032302755
 20
12216.000000000002
 10
4386.568542494923
 20
12232.568542494924
 10
4370.0
 20
12245.282032302755
 10
4350.7055236082015
 20
12253.274066103126
 10
4330.0
 20
12256.0
  0
LWPOLYLINE
  5
1B3
330
17
100
AcDbEntity
  8
EL-LIGHT
  6
DASHED
370
60
 48
150.0
420
10132122
100
AcDbPolyline
 90
2
 70
0
 10
7370.0
 20
10176.0
 10
7370.0
 20
11776.0
  0
LWPOLYLINE
  5
1B4
330
17
100
AcDbEntity
  8
EL-LIGHT
  6
DASHED
370
60
 48
150.0
420
10132122
100
AcDbPolyline
 90
2
 70
0
 10
4890.0
 20
8660.0
 10
6770.0
 20
8660.0
  0
HATCH
  5
1B5
330
17
100
AcDbEntity
  8
EL-LIGHT
 62
7
420
16777215
100
AcDbHatch
 10
0.0
 20
0.0
 30
0.0
210
0.0
220
0.0
230
1.0
  2
SOLID
 70
1
 71
0
 91
1
 92
1
 93
1
 72
2
 10
9885.0
 20
11841.000000000002
 40
100.0
 50
0
 51
360
 73
1
 97
0
 75
1
 76
1
 98
0
  0
CIRCLE
  5
1B6
330
17
100
AcDbEntity
  8
EL-LIGHT
370
30
420
10132122
100
AcDbCircle
 10
9885.0
 20
11841.000000000002
 30
0.0
 40
100.0
  0
LWPOLYLINE
  5
1B7
330
17
100
AcDbEntity
  8
EL-LIGHT
370
20
420
10132122
100
AcDbPolyline
 90
2
 70
0
 10
9814.300000000001
 20
11770.300000000001
 10
9955.7
 20
11911.7
  0
LWPOLYLINE
  5
1B8
330
17
100
AcDbEntity
  8
EL-LIGHT
370
20
420
10132122
100
AcDbPolyline
 90
2
 70
0
 10
9814.300000000001
 20
11911.7
 10
9955.7
 20
11770.300000000001
  0
HATCH
  5
1B9
330
17
100
AcDbEntity
  8
EL-LIGHT
 62
7
420
16777215
100
AcDbHatch
 10
0.0
 20
0.0
 30
0.0
210
0.0
220
0.0
230
1.0
  2
SOLID
 70
1
 71
0
 91
1
 92
1
 93
1
 72
2
 10
8590.0
 20
7159.999999999999
 40
50.0
 50
0
 51
360
 73
1
 97
0
 75
1
 76
1
 98
0
  0
CIRCLE
  5
1BA
330
17
100
AcDbEntity
  8
EL-LIGHT
370
25
420
10132122
100
AcDbCircle
 10
8590.0
 20
7159.999999999999
 30
0.0
 40
50.0
  0
HATCH
  5
1BB
330
17
100
AcDbEntity
  8
EL-LIGHT
 62
7
420
10132122
100
AcDbHatch
 10
0.0
 20
0.0
 30
0.0
210
0.0
220
0.0
230
1.0
  2
SOLID
 70
1
 71
0
 91
1
 92
1
 93
1
 72
2
 10
8590.0
 20
7159.999999999999
 40
17.5
 50
0
 51
360
 73
1
 97
0
 75
1
 76
1
 98
0
  0
CIRCLE
  5
1BC
330
17
100
AcDbEntity
  8
EL-LIGHT
370
13
420
10132122
100
AcDbCircle
 10
8590.0
 20
7159.999999999999
 30
0.0
 40
17.5
  0
HATCH
  5
1BD
330
17
100
AcDbEntity
  8
EL-LIGHT
 62
7
420
16777215
100
AcDbHatch
 10
0.0
 20
0.0
 30
0.0
210
0.0
220
0.0
230
1.0
  2
SOLID
 70
1
 71
0
 91
1
 92
1
 93
1
 72
2
 10
9240.0
 20
6920.0
 40
50.0
 50
0
 51
360
 73
1
 97
0
 75
1
 76
1
 98
0
  0
CIRCLE
  5
1BE
330
17
100
AcDbEntity
  8
EL-LIGHT
370
25
420
10132122
100
AcDbCircle
 10
9240.0
 20
6920.0
 30
0.0
 40
50.0
  0
HATCH
  5
1BF
330
17
100
AcDbEntity
  8
EL-LIGHT
 62
7
420
10132122
100
AcDbHatch
 10
0.0
 20
0.0
 30
0.0
210
0.0
220
0.0
230
1.0
  2
SOLID
 70
1
 71
0
 91
1
 92
1
 93
1
 72
2
 10
9240.0
 20
6920.0
 40
17.5
 50
0
 51
360
 73
1
 97
0
 75
1
 76
1
 98
0
  0
CIRCLE
  5
1C0
330
17
100
AcDbEntity
  8
EL-LIGHT
370
13
420
10132122
100
AcDbCircle
 10
9240.0
 20
6920.0
 30
0.0
 40
17.5
  0
HATCH
  5
1C1
330
17
100
AcDbEntity
  8
EL-LIGHT
 62
7
420
16777215
100
AcDbHatch
 10
0.0
 20
0.0
 30
0.0
210
0.0
220
0.0
230
1.0
  2
SOLID
 70
1
 71
0
 91
1
 92
1
 93
1
 72
2
 10
10040.0
 20
6920.0
 40
50.0
 50
0
 51
360
 73
1
 97
0
 75
1
 76
1
 98
0
  0
CIRCLE
  5
1C2
330
17
100
AcDbEntity
  8
EL-LIGHT
370
25
420
10132122
100
AcDbCircle
 10
10040.0
 20
6920.0
 30
0.0
 40
50.0
  0
HATCH
  5
1C3
330
17
100
AcDbEntity
  8
EL-LIGHT
 62
7
420
10132122
100
AcDbHatch
 10
0.0
 20
0.0
 30
0.0
210
0.0
220
0.0
230
1.0
  2
SOLID
 70
1
 71
0
 91
1
 92
1
 93
1
 72
2
 10
10040.0
 20
6920.0
 40
17.5
 50
0
 51
360
 73
1
 97
0
 75
1
 76
1
 98
0
  0
CIRCLE
  5
1C4
330
17
100
AcDbEntity
  8
EL-LIGHT
370
13
420
10132122
100
AcDbCircle
 10
10040.0
 20
6920.0
 30
0.0
 40
17.5
  0
HATCH
  5
1C5
330
17
100
AcDbEntity
  8
EL-LIGHT
 62
7
420
16777215
100
AcDbHatch
 10
0.0
 20
0.0
 30
0.0
210
0.0
220
0.0
230
1.0
  2
SOLID
 70
1
 71
0
 91
1
 92
1
 93
1
 72
2
 10
10840.0
 20
6920.0
 40
50.0
 50
0
 51
360
 73
1
 97
0
 75
1
 76
1
 98
0
  0
CIRCLE
  5
1C6
330
17
100
AcDbEntity
  8
EL-LIGHT
370
25
420
10132122
100
AcDbCircle
 10
10840.0
 20
6920.0
 30
0.0
 40
50.0
  0
HATCH
  5
1C7
330
17
100
AcDbEntity
  8
EL-LIGHT
 62
7
420
10132122
100
AcDbHatch
 10
0.0
 20
0.0
 30
0.0
210
0.0
220
0.0
230
1.0
  2
SOLID
 70
1
 71
0
 91
1
 92
1
 93
1
 72
2
 10
10840.0
 20
6920.0
 40
17.5
 50
0
 51
360
 73
1
 97
0
 75
1
 76
1
 98
0
  0
CIRCLE
  5
1C8
330
17
100
AcDbEntity
  8
EL-LIGHT
370
13
420
10132122
100
AcDbCircle
 10
10840.0
 20
6920.0
 30
0.0
 40
17.5
  0
HATCH
  5
1C9
330
17
100
AcDbEntity
  8
EL-LIGHT
 62
7
420
16777215
100
AcDbHatch
 10
0.0
 20
0.0
 30
0.0
210
0.0
220
0.0
230
1.0
  2
SOLID
 70
1
 71
0
 91
1
 92
1
 93
1
 72
2
 10
11440.0
 20
6920.0
 40
50.0
 50
0
 51
360
 73
1
 97
0
 75
1
 76
1
 98
0
  0
CIRCLE
  5
1CA
330
17
100
AcDbEntity
  8
EL-LIGHT
370
25
420
10132122
100
AcDbCircle
 10
11440.0
 20
6920.0
 30
0.0
 40
50.0
  0
HATCH
  5
1CB
330
17
100
AcDbEntity
  8
EL-LIGHT
 62
7
420
10132122
100
AcDbHatch
 10
0.0
 20
0.0
 30
0.0
210
0.0
220
0.0
230
1.0
  2
SOLID
 70
1
 71
0
 91
1
 92
1
 93
1
 72
2
 10
11440.0
 20
6920.0
 40
17.5
 50
0
 51
360
 73
1
 97
0
 75
1
 76
1
 98
0
  0
CIRCLE
  5
1CC
330
17
100
AcDbEntity
  8
EL-LIGHT
370
13
420
10132122
100
AcDbCircle
 10
11440.0
 20
6920.0
 30
0.0
 40
17.5
  0
HATCH
  5
1CD
330
17
100
AcDbEntity
  8
EL-LIGHT
 62
7
420
16777215
100
AcDbHatch
 10
0.0
 20
0.0
 30
0.0
210
0.0
220
0.0
230
1.0
  2
SOLID
 70
1
 71
0
 91
1
 92
1
 93
1
 72
2
 10
8460.0
 20
8310.0
 40
50.0
 50
0
 51
360
 73
1
 97
0
 75
1
 76
1
 98
0
  0
CIRCLE
  5
1CE
330
17
100
AcDbEntity
  8
EL-LIGHT
370
25
420
10132122
100
AcDbCircle
 10
8460.0
 20
8310.0
 30
0.0
 40
50.0
  0
HATCH
  5
1CF
330
17
100
AcDbEntity
  8
EL-LIGHT
 62
7
420
10132122
100
AcDbHatch
 10
0.0
 20
0.0
 30
0.0
210
0.0
220
0.0
230
1.0
  2
SOLID
 70
1
 71
0
 91
1
 92
1
 93
1
 72
2
 10
8460.0
 20
8310.0
 40
17.5
 50
0
 51
360
 73
1
 97
0
 75
1
 76
1
 98
0
  0
CIRCLE
  5
1D0
330
17
100
AcDbEntity
  8
EL-LIGHT
370
13
420
10132122
100
AcDbCircle
 10
8460.0
 20
8310.0
 30
0.0
 40
17.5
  0
HATCH
  5
1D1
330
17
100
AcDbEntity
  8
EL-LIGHT
 62
7
420
16777215
100
AcDbHatch
 10
0.0
 20
0.0
 30
0.0
210
0.0
220
0.0
230
1.0
  2
SOLID
 70
1
 71
0
 91
1
 92
1
 93
1
 72
2
 10
8460.0
 20
8810.0
 40
50.0
 50
0
 51
360
 73
1
 97
0
 75
1
 76
1
 98
0
  0
CIRCLE
  5
1D2
330
17
100
AcDbEntity
  8
EL-LIGHT
370
25
420
10132122
100
AcDbCircle
 10
8460.0
 20
8810.0
 30
0.0
 40
50.0
  0
HATCH
  5
1D3
330
17
100
AcDbEntity
  8
EL-LIGHT
 62
7
420
10132122
100
AcDbHatch
 10
0.0
 20
0.0
 30
0.0
210
0.0
220
0.0
230
1.0
  2
SOLID
 70
1
 71
0
 91
1
 92
1
 93
1
 72
2
 10
8460.0
 20
8810.0
 40
17.5
 50
0
 51
360
 73
1
 97
0
 75
1
 76
1
 98
0
  0
CIRCLE
  5
1D4
330
17
100
AcDbEntity
  8
EL-LIGHT
370
13
420
10132122
100
AcDbCircle
 10
8460.0
 20
8810.0
 30
0.0
 40
17.5
  0
HATCH
  5
1D5
330
17
100
AcDbEntity
  8
EL-LIGHT
 62
7
420
16777215
100
AcDbHatch
 10
0.0
 20
0.0
 30
0.0
210
0.0
220
0.0
230
1.0
  2
SOLID
 70
1
 71
0
 91
1
 92
1
 93
1
 72
2
 10
8460.0
 20
9810.0
 40
50.0
 50
0
 51
360
 73
1
 97
0
 75
1
 76
1
 98
0
  0
CIRCLE
  5
1D6
330
17
100
AcDbEntity
  8
EL-LIGHT
370
25
420
10132122
100
AcDbCircle
 10
8460.0
 20
9810.0
 30
0.0
 40
50.0
  0
HATCH
  5
1D7
330
17
100
AcDbEntity
  8
EL-LIGHT
 62
7
420
10132122
100
AcDbHatch
 10
0.0
 20
0.0
 30
0.0
210
0.0
220
0.0
230
1.0
  2
SOLID
 70
1
 71
0
 91
1
 92
1
 93
1
 72
2
 10
8460.0
 20
9810.0
 40
17.5
 50
0
 51
360
 73
1
 97
0
 75
1
 76
1
 98
0
  0
CIRCLE
  5
1D8
330
17
100
AcDbEntity
  8
EL-LIGHT
370
13
420
10132122
100
AcDbCircle
 10
8460.0
 20
9810.0
 30
0.0
 40
17.5
  0
LWPOLYLINE
  5
1D9
330
17
100
AcDbEntity
  8
EL-LIGHT
  6
DASHED
370
60
 48
150.0
420
10132122
100
AcDbPolyline
 90
2
 70
0
 10
9110.0
 20
8081.0
 10
9110.0
 20
10331.0
  0
LWPOLYLINE
  5
1DA
330
17
100
AcDbEntity
  8
EL-LIGHT
  6
DASHED
370
60
 48
150.0
420
10132122
100
AcDbPolyline
 90
2
 70
0
 10
9190.0
 20
7509.999999999999
 10
11790.0
 20
7509.999999999999
  0
HATCH
  5
1DB
330
17
100
AcDbEntity
  8
EL-LIGHT
 62
7
420
16777215
100
AcDbHatch
 10
0.0
 20
0.0
 30
0.0
210
0.0
220
0.0
230
1.0
  2
SOLID
 70
1
 71
0
 91
1
 92
1
 93
1
 72
2
 10
9640.0
 20
9010.0
 40
50.0
 50
0
 51
360
 73
1
 97
0
 75
1
 76
1
 98
0
  0
CIRCLE
  5
1DC
330
17
100
AcDbEntity
  8
EL-LIGHT
370
25
420
10132122
100
AcDbCircle
 10
9640.0
 20
9010.0
 30
0.0
 40
50.0
  0
HATCH
  5
1DD
330
17
100
AcDbEntity
  8
EL-LIGHT
 62
7
420
10132122
100
AcDbHatch
 10
0.0
 20
0.0
 30
0.0
210
0.0
220
0.0
230
1.0
  2
SOLID
 70
1
 71
0
 91
1
 92
1
 93
1
 72
2
 10
9640.0
 20
9010.0
 40
17.5
 50
0
 51
360
 73
1
 97
0
 75
1
 76
1
 98
0
  0
CIRCLE
  5
1DE
330
17
100
AcDbEntity
  8
EL-LIGHT
370
13
420
10132122
100
AcDbCircle
 10
9640.0
 20
9010.0
 30
0.0
 40
17.5
  0
HATCH
  5
1DF
330
17
100
AcDbEntity
  8
EL-LIGHT
 62
7
420
16777215
100
AcDbHatch
 10
0.0
 20
0.0
 30
0.0
210
0.0
220
0.0
230
1.0
  2
SOLID
 70
1
 71
0
 91
1
 92
1
 93
1
 72
2
 10
10490.0
 20
9410.0
 40
50.0
 50
0
 51
360
 73
1
 97
0
 75
1
 76
1
 98
0
  0
CIRCLE
  5
1E0
330
17
100
AcDbEntity
  8
EL-LIGHT
370
25
420
10132122
100
AcDbCircle
 10
10490.0
 20
9410.0
 30
0.0
 40
50.0
  0
HATCH
  5
1E1
330
17
100
AcDbEntity
  8
EL-LIGHT
 62
7
420
10132122
100
AcDbHatch
 10
0.0
 20
0.0
 30
0.0
210
0.0
220
0.0
230
1.0
  2
SOLID
 70
1
 71
0
 91
1
 92
1
 93
1
 72
2
 10
10490.0
 20
9410.0
 40
17.5
 50
0
 51
360
 73
1
 97
0
 75
1
 76
1
 98
0
  0
CIRCLE
  5
1E2
330
17
100
AcDbEntity
  8
EL-LIGHT
370
13
420
10132122
100
AcDbCircle
 10
10490.0
 20
9410.0
 30
0.0
 40
17.5
  0
HATCH
  5
1E3
330
17
100
AcDbEntity
  8
EL-LIGHT
 62
7
420
16777215
100
AcDbHatch
 10
0.0
 20
0.0
 30
0.0
210
0.0
220
0.0
230
1.0
  2
SOLID
 70
1
 71
0
 91
1
 92
1
 93
1
 72
2
 10
10990.0
 20
8535.0
 40
50.0
 50
0
 51
360
 73
1
 97
0
 75
1
 76
1
 98
0
  0
CIRCLE
  5
1E4
330
17
100
AcDbEntity
  8
EL-LIGHT
370
25
420
10132122
100
AcDbCircle
 10
10990.0
 20
8535.0
 30
0.0
 40
50.0
  0
HATCH
  5
1E5
330
17
100
AcDbEntity
  8
EL-LIGHT
 62
7
420
10132122
100
AcDbHatch
 10
0.0
 20
0.0
 30
0.0
210
0.0
220
0.0
230
1.0
  2
SOLID
 70
1
 71
0
 91
1
 92
1
 93
1
 72
2
 10
10990.0
 20
8535.0
 40
17.5
 50
0
 51
360
 73
1
 97
0
 75
1
 76
1
 98
0
  0
CIRCLE
  5
1E6
330
17
100
AcDbEntity
  8
EL-LIGHT
370
13
420
10132122
100
AcDbCircle
 10
10990.0
 20
8535.0
 30
0.0
 40
17.5
  0
HATCH
  5
1E7
330
17
100
AcDbEntity
  8
EL-LIGHT
 62
7
420
16777215
100
AcDbHatch
 10
0.0
 20
0.0
 30
0.0
210
0.0
220
0.0
230
1.0
  2
SOLID
 70
1
 71
0
 91
1
 92
1
 93
1
 72
2
 10
11381.0
 20
9393.0
 40
50.0
 50
0
 51
360
 73
1
 97
0
 75
1
 76
1
 98
0
  0
CIRCLE
  5
1E8
330
17
100
AcDbEntity
  8
EL-LIGHT
370
25
420
10132122
100
AcDbCircle
 10
11381.0
 20
9393.0
 30
0.0
 40
50.0
  0
HATCH
  5
1E9
330
17
100
AcDbEntity
  8
EL-LIGHT
 62
7
420
10132122
100
AcDbHatch
 10
0.0
 20
0.0
 30
0.0
210
0.0
220
0.0
230
1.0
  2
SOLID
 70
1
 71
0
 91
1
 92
1
 93
1
 72
2
 10
11381.0
 20
9393.0
 40
17.5
 50
0
 51
360
 73
1
 97
0
 75
1
 76
1
 98
0
  0
CIRCLE
  5
1EA
330
17
100
AcDbEntity
  8
EL-LIGHT
370
13
420
10132122
100
AcDbCircle
 10
11381.0
 20
9393.0
 30
0.0
 40
17.5
  0
HATCH
  5
1EB
330
17
100
AcDbEntity
  8
EL-LIGHT
 62
7
420
10132122
100
AcDbHatch
 10
0.0
 20
0.0
 30
0.0
210
0.0
220
0.0
230
1.0
  2
SOLID
 70
1
 71
0
 91
1
 92
3
 72
0
 73
1
 93
13
 10
9580.000000000002
 20
10201.0
 10
9582.725933896876
 20
10180.294476391799
 10
9590.717967697246
 20
10161.0
 10
9603.431457505078
 20
10144.431457505078
 10
9620.0
 20
10131.717967697246
 10
9639.2944763918
 20
10123.725933896876
 10
9660.0
 20
10121.0
 10
9680.705523608201
 20
10123.725933896876
 10
9700.000000000002
 20
10131.717967697246
 10
9716.568542494924
 20
10144.431457505078
 10
9729.282032302755
 20
10161.0
 10
9737.274066103126
 20
10180.294476391799
 10
9740.0
 20
10201.0
 97
0
 75
1
 76
1
 98
0
  0
LWPOLYLINE
  5
1EC
330
17
100
AcDbEntity
  8
EL-LIGHT
370
30
420
10132122
100
AcDbPolyline
 90
13
 70
1
 10
9580.000000000002
 20
10201.0
 10
9582.725933896876
 20
10180.294476391799
 10
9590.717967697246
 20
10161.0
 10
9603.431457505078
 20
10144.431457505078
 10
9620.0
 20
10131.717967697246
 10
9639.2944763918
 20
10123.725933896876
 10
9660.0
 20
10121.0
 10
9680.705523608201
 20
10123.725933896876
 10
9700.000000000002
 20
10131.717967697246
 10
9716.568542494924
 20
10144.431457505078
 10
9729.282032302755
 20
10161.0
 10
9737.274066103126
 20
10180.294476391799
 10
9740.0
 20
10201.0
  0
LWPOLYLINE
  5
1ED
330
17
100
AcDbEntity
  8
EL-LIGHT
  6
DASHED
370
60
 48
150.0
420
10132122
100
AcDbPolyline
 90
2
 70
0
 10
9210.0
 20
9721.0
 10
10110.0
 20
9721.0
  0
HATCH
  5
1EE
330
17
100
AcDbEntity
  8
EL-LIGHT
 62
7
420
16777215
100
AcDbHatch
 10
0.0
 20
0.0
 30
0.0
210
0.0
220
0.0
230
1.0
  2
SOLID
 70
1
 71
0
 91
1
 92
1
 93
1
 72
2
 10
9165.0
 20
4840.000000000001
 40
50.0
 50
0
 51
360
 73
1
 97
0
 75
1
 76
1
 98
0
  0
CIRCLE
  5
1EF
330
17
100
AcDbEntity
  8
EL-LIGHT
370
25
420
10132122
100
AcDbCircle
 10
9165.0
 20
4840.000000000001
 30
0.0
 40
50.0
  0
HATCH
  5
1F0
330
17
100
AcDbEntity
  8
EL-LIGHT
 62
7
420
10132122
100
AcDbHatch
 10
0.0
 20
0.0
 30
0.0
210
0.0
220
0.0
230
1.0
  2
SOLID
 70
1
 71
0
 91
1
 92
1
 93
1
 72
2
 10
9165.0
 20
4840.000000000001
 40
17.5
 50
0
 51
360
 73
1
 97
0
 75
1
 76
1
 98
0
  0
CIRCLE
  5
1F1
330
17
100
AcDbEntity
  8
EL-LIGHT
370
13
420
10132122
100
AcDbCircle
 10
9165.0
 20
4840.000000000001
 30
0.0
 40
17.5
  0
HATCH
  5
1F2
330
17
100
AcDbEntity
  8
EL-LIGHT
 62
7
420
16777215
100
AcDbHatch
 10
0.0
 20
0.0
 30
0.0
210
0.0
220
0.0
230
1.0
  2
SOLID
 70
1
 71
0
 91
1
 92
1
 93
1
 72
2
 10
9840.0
 20
5360.000000000001
 40
50.0
 50
0
 51
360
 73
1
 97
0
 75
1
 76
1
 98
0
  0
CIRCLE
  5
1F3
330
17
100
AcDbEntity
  8
EL-LIGHT
370
25
420
10132122
100
AcDbCircle
 10
9840.0
 20
5360.000000000001
 30
0.0
 40
50.0
  0
HATCH
  5
1F4
330
17
100
AcDbEntity
  8
EL-LIGHT
 62
7
420
10132122
100
AcDbHatch
 10
0.0
 20
0.0
 30
0.0
210
0.0
220
0.0
230
1.0
  2
SOLID
 70
1
 71
0
 91
1
 92
1
 93
1
 72
2
 10
9840.0
 20
5360.000000000001
 40
17.5
 50
0
 51
360
 73
1
 97
0
 75
1
 76
1
 98
0
  0
CIRCLE
  5
1F5
330
17
100
AcDbEntity
  8
EL-LIGHT
370
13
420
10132122
100
AcDbCircle
 10
9840.0
 20
5360.000000000001
 30
0.0
 40
17.5
  0
HATCH
  5
1F6
330
17
100
AcDbEntity
  8
EL-LIGHT
 62
7
420
16777215
100
AcDbHatch
 10
0.0
 20
0.0
 30
0.0
210
0.0
220
0.0
230
1.0
  2
SOLID
 70
1
 71
0
 91
1
 92
1
 93
1
 72
2
 10
9190.0
 20
5910.000000000001
 40
50.0
 50
0
 51
360
 73
1
 97
0
 75
1
 76
1
 98
0
  0
CIRCLE
  5
1F7
330
17
100
AcDbEntity
  8
EL-LIGHT
370
25
420
10132122
100
AcDbCircle
 10
9190.0
 20
5910.000000000001
 30
0.0
 40
50.0
  0
HATCH
  5
1F8
330
17
100
AcDbEntity
  8
EL-LIGHT
 62
7
420
10132122
100
AcDbHatch
 10
0.0
 20
0.0
 30
0.0
210
0.0
220
0.0
230
1.0
  2
SOLID
 70
1
 71
0
 91
1
 92
1
 93
1
 72
2
 10
9190.0
 20
5910.000000000001
 40
17.5
 50
0
 51
360
 73
1
 97
0
 75
1
 76
1
 98
0
  0
CIRCLE
  5
1F9
330
17
100
AcDbEntity
  8
EL-LIGHT
370
13
420
10132122
100
AcDbCircle
 10
9190.0
 20
5910.000000000001
 30
0.0
 40
17.5
  0
LWPOLYLINE
  5
1FA
330
17
100
AcDbEntity
  8
EL-LIGHT
  6
DASHED
370
20
 48
150.0
420
2924588
100
AcDbPolyline
 90
2
 70
0
 10
8540.0
 20
6371.000000000001
 10
6090.0
 20
6709.999999999999
  0
LWPOLYLINE
  5
1FB
330
17
100
AcDbEntity
  8
EL-LIGHT
  6
DASHED
370
20
 48
150.0
420
2062260
100
AcDbPolyline
 90
2
 70
0
 10
8630.0
 20
6371.000000000001
 10
7590.000000000001
 20
5360.000000000001
  0
LWPOLYLINE
  5
1FC
330
17
100
AcDbEntity
  8
EL-LIGHT
  6
DASHED
370
20
 48
150.0
420
9725885
100
AcDbPolyline
 90
2
 70
0
 10
8630.0
 20
6371.000000000001
 10
7990.000000000001
 20
5610.000000000001
  0
LWPOLYLINE
  5
1FD
330
17
100
AcDbEntity
  8
EL-LIGHT
  6
DASHED
370
20
 48
150.0
420
14034728
100
AcDbPolyline
 90
2
 70
0
 10
7440.000000000001
 20
4360.0
 10
4890.0
 20
4660.0
  0
LWPOLYLINE
  5
1FE
330
17
100
AcDbEntity
  8
EL-LIGHT
  6
DASHED
370
20
 48
150.0
420
16744206
100
AcDbPolyline
 90
2
 70
0
 10
7440.000000000001
 20
4360.0
 10
4890.0
 20
4950.0
  0
LWPOLYLINE
  5
1FF
330
17
100
AcDbEntity
  8
EL-LIGHT
  6
DASHED
370
20
 48
150.0
420
9197131
100
AcDbPolyline
 90
2
 70
0
 10
3870.0000000000005
 20
6920.0
 10
3290.0000000000005
 20
6859.999999999999
  0
LWPOLYLINE
  5
200
330
17
100
AcDbEntity
  8
EL-LIGHT
  6
DASHED
370
20
 48
150.0
420
14907330
100
AcDbPolyline
 90
2
 70
0
 10
3870.0000000000005
 20
6920.0
 10
2609.0
 20
5105.0
  0
LWPOLYLINE
  5
201
330
17
100
AcDbEntity
  8
EL-LIGHT
  6
DASHED
370
20
 48
150.0
420
1556175
100
AcDbPolyline
 90
2
 70
0
 10
7670.0
 20
9280.000000000002
 10
5980.0
 20
10676.0
  0
LWPOLYLINE
  5
202
330
17
100
AcDbEntity
  8
EL-LIGHT
  6
DASHED
370
20
 48
150.0
420
12369186
100
AcDbPolyline
 90
2
 70
0
 10
7670.0
 20
9280.000000000002
 10
4330.0
 20
9526.0
  0
LWPOLYLINE
  5
203
330
17
100
AcDbEntity
  8
EL-LIGHT
  6
DASHED
370
20
 48
150.0
420
8355711
100
AcDbPolyline
 90
2
 70
0
 10
7670.0
 20
9280.000000000002
 10
4290.000000000001
 20
13071.0
  0
LWPOLYLINE
  5
204
330
17
100
AcDbEntity
  8
EL-LIGHT
  6
DASHED
370
20
 48
150.0
420
1556175
100
AcDbPolyline
 90
2
 70
0
 10
4330.0
 20
9610.0
 10
5980.0
 20
10676.0
  0
LWPOLYLINE
  5
205
330
17
100
AcDbEntity
  8
EL-LIGHT
  6
DASHED
370
20
 48
150.0
420
12369186
100
AcDbPolyline
 90
2
 70
0
 10
4330.0
 20
9670.0
 10
4330.0
 20
9526.0
  0
LWPOLYLINE
  5
206
330
17
100
AcDbEntity
  8
EL-LIGHT
  6
DASHED
370
20
 48
150.0
420
8355711
100
AcDbPolyline
 90
2
 70
0
 10
4330.0
 20
9670.0
 10
4290.000000000001
 20
13071.0
  0
LWPOLYLINE
  5
207
330
17
100
AcDbEntity
  8
EL-LIGHT
  6
DASHED
370
20
 48
150.0
420
1556175
100
AcDbPolyline
 90
2
 70
0
 10
4330.0
 20
12340.0
 10
5980.0
 20
10676.0
  0
LWPOLYLINE
  5
208
330
17
100
AcDbEntity
  8
EL-LIGHT
  6
DASHED
370
20
 48
150.0
420
3750777
100
AcDbPolyline
 90
2
 70
0
 10
4330.0
 20
9730.000000000002
 10
4330.0
 20
9776.0
  0
LWPOLYLINE
  5
209
330
17
100
AcDbEntity
  8
EL-LIGHT
  6
DASHED
370
20
 48
150.0
420
3750777
100
AcDbPolyline
 90
2
 70
0
 10
4330.0
 20
12400.0
 10
4330.0
 20
12176.0
  0
LWPOLYLINE
  5
20A
330
17
100
AcDbEntity
  8
EL-LIGHT
  6
DASHED
370
20
 48
150.0
420
8666169
100
AcDbPolyline
 90
2
 70
0
 10
8835.0
 20
10411.0
 10
9885.0
 20
11841.000000000002
  0
LWPOLYLINE
  5
20B
330
17
100
AcDbEntity
  8
EL-LIGHT
  6
DASHED
370
20
 48
150.0
420
8077683
100
AcDbPolyline
 90
2
 70
0
 10
11745.0
 20
6371.000000000001
 10
11440.0
 20
6920.0
  0
LWPOLYLINE
  5
20C
330
17
100
AcDbEntity
  8
EL-LIGHT
  6
DASHED
370
20
 48
150.0
420
3244733
100
AcDbPolyline
 90
2
 70
0
 10
11745.0
 20
6371.000000000001
 10
8460.0
 20
8310.0
  0
LWPOLYLINE
  5
20D
330
17
100
AcDbEntity
  8
EL-LIGHT
  6
DASHED
370
20
 48
150.0
420
3244733
100
AcDbPolyline
 90
2
 70
0
 10
9110.0
 20
10140.0
 10
8460.0
 20
9810.0
  0
LWPOLYLINE
  5
20E
330
17
100
AcDbEntity
  8
EL-LIGHT
  6
DASHED
370
20
 48
150.0
420
7695281
100
AcDbPolyline
 90
2
 70
0
 10
9110.0
 20
9500.0
 10
9640.0
 20
9010.0
  0
LWPOLYLINE
  5
20F
330
17
100
AcDbEntity
  8
EL-LIGHT
  6
DASHED
370
20
 48
150.0
420
16616764
100
AcDbPolyline
 90
2
 70
0
 10
9730.0
 20
6371.000000000001
 10
9190.0
 20
5910.000000000001
  0
HATCH
  5
210
330
17
100
AcDbEntity
  8
EL-LIGHT
 62
7
420
12092939
100
AcDbHatch
 10
0.0
 20
0.0
 30
0.0
210
0.0
220
0.0
230
1.0
  2
SOLID
 70
1
 71
0
 91
1
 92
1
 93
1
 72
2
 10
8540.0
 20
6371.000000000001
 40
45.0
 50
0
 51
360
 73
1
 97
0
 75
1
 76
1
 98
0
  0
CIRCLE
  5
211
330
17
100
AcDbEntity
  8
EL-LIGHT
370
20
420
12092939
100
AcDbCircle
 10
8540.0
 20
6371.000000000001
 30
0.0
 40
45.0
  0
LWPOLYLINE
  5
212
330
17
100
AcDbEntity
  8
EL-LIGHT
370
30
420
12092939
100
AcDbPolyline
 90
2
 70
0
 10
8540.0
 20
6371.000000000001
 10
8426.862915010153
 20
6484.1370849898485
  0
LWPOLYLINE
  5
213
330
17
100
AcDbEntity
  8
EL-LIGHT
370
30
420
12092939
100
AcDbPolyline
 90
2
 70
0
 10
8426.862915010153
 20
6484.1370849898485
 10
8462.218254069481
 20
6519.4924240491755
  0
HATCH
  5
214
330
17
100
AcDbEntity
  8
EL-LIGHT
 62
7
420
12092939
100
AcDbHatch
 10
0.0
 20
0.0
 30
0.0
210
0.0
220
0.0
230
1.0
  2
SOLID
 70
1
 71
0
 91
1
 92
3
 72
0
 73
1
 93
3
 10
8460.0
 20
6291.000000000001
 10
8620.0
 20
6291.000000000001
 10
8620.0
 20
6341.000000000001
 97
0
 75
1
 76
1
 98
0
  0
LWPOLYLINE
  5
215
330
17
100
AcDbEntity
  8
EL-LIGHT
370
13
420
12092939
100
AcDbPolyline
 90
3
 70
1
 10
8460.0
 20
6291.000000000001
 10
8620.0
 20
6291.000000000001
 10
8620.0
 20
6341.000000000001
  0
HATCH
  5
216
330
17
100
AcDbEntity
  8
EL-LIGHT
 62
7
420
12092939
100
AcDbHatch
 10
0.0
 20
0.0
 30
0.0
210
0.0
220
0.0
230
1.0
  2
SOLID
 70
1
 71
0
 91
1
 92
1
 93
1
 72
2
 10
8630.0
 20
6371.000000000001
 40
45.0
 50
0
 51
360
 73
1
 97
0
 75
1
 76
1
 98
0
  0
CIRCLE
  5
217
330
17
100
AcDbEntity
  8
EL-LIGHT
370
20
420
12092939
100
AcDbCircle
 10
8630.0
 20
6371.000000000001
 30
0.0
 40
45.0
  0
LWPOLYLINE
  5
218
330
17
100
AcDbEntity
  8
EL-LIGHT
370
30
420
12092939
100
AcDbPolyline
 90
2
 70
0
 10
8630.0
 20
6371.000000000001
 10
8516.862915010151
 20
6484.1370849898485
  0
LWPOLYLINE
  5
219
330
17
100
AcDbEntity
  8
EL-LIGHT
370
30
420
12092939
100
AcDbPolyline
 90
2
 70
0
 10
8516.862915010151
 20
6484.1370849898485
 10
8552.21825406948
 20
6519.4924240491755
  0
LWPOLYLINE
  5
21A
330
17
100
AcDbEntity
  8
EL-LIGHT
370
30
420
12092939
100
AcDbPolyline
 90
2
 70
0
 10
8548.682720163546
 20
6452.317279836454
 10
8584.038059222874
 20
6487.672618895782
  0
HATCH
  5
21B
330
17
100
AcDbEntity
  8
EL-LIGHT
 62
7
420
12092939
100
AcDbHatch
 10
0.0
 20
0.0
 30
0.0
210
0.0
220
0.0
230
1.0
  2
SOLID
 70
1
 71
0
 91
1
 92
1
 93
1
 72
2
 10
7440.000000000001
 20
4360.0
 40
45.0
 50
0
 51
360
 73
1
 97
0
 75
1
 76
1
 98
0
  0
CIRCLE
  5
21C
330
17
100
AcDbEntity
  8
EL-LIGHT
370
20
420
12092939
100
AcDbCircle
 10
7440.000000000001
 20
4360.0
 30
0.0
 40
45.0
  0
LWPOLYLINE
  5
21D
330
17
100
AcDbEntity
  8
EL-LIGHT
370
30
420
12092939
100
AcDbPolyline
 90
2
 70
0
 10
7440.000000000001
 20
4360.0
 10
7326.862915010153
 20
4473.137084989848
  0
LWPOLYLINE
  5
21E
330
17
100
AcDbEntity
  8
EL-LIGHT
370
30
420
12092939
100
AcDbPolyline
 90
2
 70
0
 10
7326.862915010153
 20
4473.137084989848
 10
7362.218254069481
 20
4508.4924240491755
  0
LWPOLYLINE
  5
21F
330
17
100
AcDbEntity
  8
EL-LIGHT
370
30
420
12092939
100
AcDbPolyline
 90
2
 70
0
 10
7358.682720163547
 20
4441.317279836453
 10
7394.038059222875
 20
4476.67261889578
  0
HATCH
  5
220
330
17
100
AcDbEntity
  8
EL-LIGHT
 62
7
420
12092939
100
AcDbHatch
 10
0.0
 20
0.0
 30
0.0
210
0.0
220
0.0
230
1.0
  2
SOLID
 70
1
 71
0
 91
1
 92
1
 93
1
 72
2
 10
3870.0000000000005
 20
6920.0
 40
45.0
 50
0
 51
360
 73
1
 97
0
 75
1
 76
1
 98
0
  0
CIRCLE
  5
221
330
17
100
AcDbEntity
  8
EL-LIGHT
370
20
420
12092939
100
AcDbCircle
 10
3870.0000000000005
 20
6920.0
 30
0.0
 40
45.0
  0
LWPOLYLINE
  5
222
330
17
100
AcDbEntity
  8
EL-LIGHT
370
30
420
12092939
100
AcDbPolyline
 90
2
 70
0
 10
3870.0000000000005
 20
6920.0
 10
3756.862915010153
 20
6806.862915010153
  0
LWPOLYLINE
  5
223
330
17
100
AcDbEntity
  8
EL-LIGHT
370
30
420
12092939
100
AcDbPolyline
 90
2
 70
0
 10
3756.862915010153
 20
6806.862915010153
 10
3721.5075759508254
 20
6842.21825406948
  0
LWPOLYLINE
  5
224
330
17
100
AcDbEntity
  8
EL-LIGHT
370
30
420
12092939
100
AcDbPolyline
 90
2
 70
0
 10
3788.682720163548
 20
6838.682720163547
 10
3753.32738110422
 20
6874.038059222875
  0
HATCH
  5
225
330
17
100
AcDbEntity
  8
EL-LIGHT
 62
7
420
12092939
100
AcDbHatch
 10
0.0
 20
0.0
 30
0.0
210
0.0
220
0.0
230
1.0
  2
SOLID
 70
1
 71
0
 91
1
 92
1
 93
1
 72
2
 10
7670.0
 20
9280.000000000002
 40
45.0
 50
0
 51
360
 73
1
 97
0
 75
1
 76
1
 98
0
  0
CIRCLE
  5
226
330
17
100
AcDbEntity
  8
EL-LIGHT
370
20
420
12092939
100
AcDbCircle
 10
7670.0
 20
9280.000000000002
 30
0.0
 40
45.0
  0
LWPOLYLINE
  5
227
330
17
100
AcDbEntity
  8
EL-LIGHT
370
30
420
12092939
100
AcDbPolyline
 90
2
 70
0
 10
7670.0
 20
9280.000000000002
 10
7556.862915010153
 20
9166.862915010153
  0
LWPOLYLINE
  5
228
330
17
100
AcDbEntity
  8
EL-LIGHT
370
30
420
12092939
100
AcDbPolyline
 90
2
 70
0
 10
7556.862915010153
 20
9166.862915010153
 10
7521.507575950825
 20
9202.218254069481
  0
LWPOLYLINE
  5
229
330
17
100
AcDbEntity
  8
EL-LIGHT
370
30
420
12092939
100
AcDbPolyline
 90
2
 70
0
 10
7670.0
 20
9280.000000000002
 10
7783.137084989848
 20
9393.137084989849
  0
LWPOLYLINE
  5
22A
330
17
100
AcDbEntity
  8
EL-LIGHT
370
30
420
12092939
100
AcDbPolyline
 90
2
 70
0
 10
7783.137084989848
 20
9393.137084989849
 10
7818.4924240491755
 20
9357.78174593052
  0
HATCH
  5
22B
330
17
100
AcDbEntity
  8
EL-LIGHT
 62
7
420
12092939
100
AcDbHatch
 10
0.0
 20
0.0
 30
0.0
210
0.0
220
0.0
230
1.0
  2
SOLID
 70
1
 71
0
 91
1
 92
1
 93
1
 72
2
 10
4330.0
 20
9610.0
 40
45.0
 50
0
 51
360
 73
1
 97
0
 75
1
 76
1
 98
0
  0
CIRCLE
  5
22C
330
17
100
AcDbEntity
  8
EL-LIGHT
370
20
420
12092939
100
AcDbCircle
 10
4330.0
 20
9610.0
 30
0.0
 40
45.0
  0
LWPOLYLINE
  5
22D
330
17
100
AcDbEntity
  8
EL-LIGHT
370
30
420
12092939
100
AcDbPolyline
 90
2
 70
0
 10
4330.0
 20
9610.0
 10
4443.137084989847
 20
9723.137084989847
  0
LWPOLYLINE
  5
22E
330
17
100
AcDbEntity
  8
EL-LIGHT
370
30
420
12092939
100
AcDbPolyline
 90
2
 70
0
 10
4443.137084989847
 20
9723.137084989847
 10
4478.492424049175
 20
9687.781745930519
  0
LWPOLYLINE
  5
22F
330
17
100
AcDbEntity
  8
EL-LIGHT
370
30
420
12092939
100
AcDbPolyline
 90
2
 70
0
 10
4330.0
 20
9610.0
 10
4216.862915010152
 20
9496.862915010151
  0
LWPOLYLINE
  5
230
330
17
100
AcDbEntity
  8
EL-LIGHT
370
30
420
12092939
100
AcDbPolyline
 90
2
 70
0
 10
4216.862915010152
 20
9496.862915010151
 10
4181.5075759508245
 20
9532.21825406948
  0
LWPOLYLINE
  5
231
330
17
100
AcDbEntity
  8
EL-LIGHT
370
25
420
12092939
100
AcDbPolyline
 90
2
 70
0
 10
4414.8528137423855
 20
9525.147186257615
 10
4245.1471862576145
 20
9694.852813742385
  0
HATCH
  5
232
330
17
100
AcDbEntity
  8
EL-LIGHT
 62
7
420
12092939
100
AcDbHatch
 10
0.0
 20
0.0
 30
0.0
210
0.0
220
0.0
230
1.0
  2
SOLID
 70
1
 71
0
 91
1
 92
1
 93
1
 72
2
 10
4330.0
 20
9670.0
 40
45.0
 50
0
 51
360
 73
1
 97
0
 75
1
 76
1
 98
0
  0
CIRCLE
  5
233
330
17
100
AcDbEntity
  8
EL-LIGHT
370
20
420
12092939
100
AcDbCircle
 10
4330.0
 20
9670.0
 30
0.0
 40
45.0
  0
LWPOLYLINE
  5
234
330
17
100
AcDbEntity
  8
EL-LIGHT
370
30
420
12092939
100
AcDbPolyline
 90
2
 70
0
 10
4330.0
 20
9670.0
 10
4443.137084989847
 20
9783.137084989849
  0
LWPOLYLINE
  5
235
330
17
100
AcDbEntity
  8
EL-LIGHT
370
30
420
12092939
100
AcDbPolyline
 90
2
 70
0
 10
4443.137084989847
 20
9783.137084989849
 10
4478.492424049175
 20
9747.78174593052
  0
LWPOLYLINE
  5
236
330
17
100
AcDbEntity
  8
EL-LIGHT
370
30
420
12092939
100
AcDbPolyline
 90
2
 70
0
 10
4330.0
 20
9670.0
 10
4216.862915010152
 20
9556.862915010153
  0
LWPOLYLINE
  5
237
330
17
100
AcDbEntity
  8
EL-LIGHT
370
30
420
12092939
100
AcDbPolyline
 90
2
 70
0
 10
4216.862915010152
 20
9556.862915010153
 10
4181.5075759508245
 20
9592.218254069481
  0
HATCH
  5
238
330
17
100
AcDbEntity
  8
EL-LIGHT
 62
7
420
12092939
100
AcDbHatch
 10
0.0
 20
0.0
 30
0.0
210
0.0
220
0.0
230
1.0
  2
SOLID
 70
1
 71
0
 91
1
 92
1
 93
1
 72
2
 10
4330.0
 20
12340.0
 40
45.0
 50
0
 51
360
 73
1
 97
0
 75
1
 76
1
 98
0
  0
CIRCLE
  5
239
330
17
100
AcDbEntity
  8
EL-LIGHT
370
20
420
12092939
100
AcDbCircle
 10
4330.0
 20
12340.0
 30
0.0
 40
45.0
  0
LWPOLYLINE
  5
23A
330
17
100
AcDbEntity
  8
EL-LIGHT
370
30
420
12092939
100
AcDbPolyline
 90
2
 70
0
 10
4330.0
 20
12340.0
 10
4443.137084989847
 20
12453.137084989849
  0
LWPOLYLINE
  5
23B
330
17
100
AcDbEntity
  8
EL-LIGHT
370
30
420
12092939
100
AcDbPolyline
 90
2
 70
0
 10
4443.137084989847
 20
12453.137084989849
 10
4478.492424049175
 20
12417.78174593052
  0
LWPOLYLINE
  5
23C
330
17
100
AcDbEntity
  8
EL-LIGHT
370
30
420
12092939
100
AcDbPolyline
 90
2
 70
0
 10
4330.0
 20
12340.0
 10
4216.862915010152
 20
12226.862915010153
  0
LWPOLYLINE
  5
23D
330
17
100
AcDbEntity
  8
EL-LIGHT
370
30
420
12092939
100
AcDbPolyline
 90
2
 70
0
 10
4216.862915010152
 20
12226.862915010153
 10
4181.5075759508245
 20
12262.218254069481
  0
HATCH
  5
23E
330
17
100
AcDbEntity
  8
EL-LIGHT
 62
7
420
12092939
100
AcDbHatch
 10
0.0
 20
0.0
 30
0.0
210
0.0
220
0.0
230
1.0
  2
SOLID
 70
1
 71
0
 91
1
 92
1
 93
1
 72
2
 10
4330.0
 20
9730.000000000002
 40
45.0
 50
0
 51
360
 73
1
 97
0
 75
1
 76
1
 98
0
  0
CIRCLE
  5
23F
330
17
100
AcDbEntity
  8
EL-LIGHT
370
20
420
12092939
100
AcDbCircle
 10
4330.0
 20
9730.000000000002
 30
0.0
 40
45.0
  0
LWPOLYLINE
  5
240
330
17
100
AcDbEntity
  8
EL-LIGHT
370
30
420
12092939
100
AcDbPolyline
 90
2
 70
0
 10
4330.0
 20
9730.000000000002
 10
4443.137084989847
 20
9843.137084989849
  0
LWPOLYLINE
  5
241
330
17
100
AcDbEntity
  8
EL-LIGHT
370
30
420
12092939
100
AcDbPolyline
 90
2
 70
0
 10
4443.137084989847
 20
9843.137084989849
 10
4478.492424049175
 20
9807.78174593052
  0
HATCH
  5
242
330
17
100
AcDbEntity
  8
EL-LIGHT
 62
7
420
12092939
100
AcDbHatch
 10
0.0
 20
0.0
 30
0.0
210
0.0
220
0.0
230
1.0
  2
SOLID
 70
1
 71
0
 91
1
 92
1
 93
1
 72
2
 10
4330.0
 20
12400.0
 40
45.0
 50
0
 51
360
 73
1
 97
0
 75
1
 76
1
 98
0
  0
CIRCLE
  5
243
330
17
100
AcDbEntity
  8
EL-LIGHT
370
20
420
12092939
100
AcDbCircle
 10
4330.0
 20
12400.0
 30
0.0
 40
45.0
  0
LWPOLYLINE
  5
244
330
17
100
AcDbEntity
  8
EL-LIGHT
370
30
420
12092939
100
AcDbPolyline
 90
2
 70
0
 10
4330.0
 20
12400.0
 10
4443.137084989847
 20
12513.137084989847
  0
LWPOLYLINE
  5
245
330
17
100
AcDbEntity
  8
EL-LIGHT
370
30
420
12092939
100
AcDbPolyline
 90
2
 70
0
 10
4443.137084989847
 20
12513.137084989847
 10
4478.492424049175
 20
12477.781745930519
  0
HATCH
  5
246
330
17
100
AcDbEntity
  8
EL-LIGHT
 62
7
420
12092939
100
AcDbHatch
 10
0.0
 20
0.0
 30
0.0
210
0.0
220
0.0
230
1.0
  2
SOLID
 70
1
 71
0
 91
1
 92
1
 93
1
 72
2
 10
8835.0
 20
10411.0
 40
45.0
 50
0
 51
360
 73
1
 97
0
 75
1
 76
1
 98
0
  0
CIRCLE
  5
247
330
17
100
AcDbEntity
  8
EL-LIGHT
370
20
420
12092939
100
AcDbCircle
 10
8835.0
 20
10411.0
 30
0.0
 40
45.0
  0
LWPOLYLINE
  5
248
330
17
100
AcDbEntity
  8
EL-LIGHT
370
30
420
12092939
100
AcDbPolyline
 90
2
 70
0
 10
8835.0
 20
10411.0
 10
8721.862915010153
 20
10524.137084989847
  0
LWPOLYLINE
  5
249
330
17
100
AcDbEntity
  8
EL-LIGHT
370
30
420
12092939
100
AcDbPolyline
 90
2
 70
0
 10
8721.862915010153
 20
10524.137084989847
 10
8757.218254069481
 20
10559.492424049175
  0
HATCH
  5
24A
330
17
100
AcDbEntity
  8
EL-LIGHT
 62
7
420
12092939
100
AcDbHatch
 10
0.0
 20
0.0
 30
0.0
210
0.0
220
0.0
230
1.0
  2
SOLID
 70
1
 71
0
 91
1
 92
3
 72
0
 73
1
 93
3
 10
8755.000000000002
 20
10331.0
 10
8915.0
 20
10331.0
 10
8915.0
 20
10381.0
 97
0
 75
1
 76
1
 98
0
  0
LWPOLYLINE
  5
24B
330
17
100
AcDbEntity
  8
EL-LIGHT
370
13
420
12092939
100
AcDbPolyline
 90
3
 70
1
 10
8755.000000000002
 20
10331.0
 10
8915.0
 20
10331.0
 10
8915.0
 20
10381.0
  0
HATCH
  5
24C
330
17
100
AcDbEntity
  8
EL-LIGHT
 62
7
420
12092939
100
AcDbHatch
 10
0.0
 20
0.0
 30
0.0
210
0.0
220
0.0
230
1.0
  2
SOLID
 70
1
 71
0
 91
1
 92
1
 93
1
 72
2
 10
11745.0
 20
6371.000000000001
 40
45.0
 50
0
 51
360
 73
1
 97
0
 75
1
 76
1
 98
0
  0
CIRCLE
  5
24D
330
17
100
AcDbEntity
  8
EL-LIGHT
370
20
420
12092939
100
AcDbCircle
 10
11745.0
 20
6371.000000000001
 30
0.0
 40
45.0
  0
LWPOLYLINE
  5
24E
330
17
100
AcDbEntity
  8
EL-LIGHT
370
30
420
12092939
100
AcDbPolyline
 90
2
 70
0
 10
11745.0
 20
6371.000000000001
 10
11631.862915010153
 20
6484.1370849898485
  0
LWPOLYLINE
  5
24F
330
17
100
AcDbEntity
  8
EL-LIGHT
370
30
420
12092939
100
AcDbPolyline
 90
2
 70
0
 10
11631.862915010153
 20
6484.1370849898485
 10
11667.218254069481
 20
6519.4924240491755
  0
LWPOLYLINE
  5
250
330
17
100
AcDbEntity
  8
EL-LIGHT
370
30
420
12092939
100
AcDbPolyline
 90
2
 70
0
 10
11663.682720163546
 20
6452.317279836454
 10
11699.038059222874
 20
6487.672618895782
  0
HATCH
  5
251
330
17
100
AcDbEntity
  8
EL-LIGHT
 62
7
420
12092939
100
AcDbHatch
 10
0.0
 20
0.0
 30
0.0
210
0.0
220
0.0
230
1.0
  2
SOLID
 70
1
 71
0
 91
1
 92
1
 93
1
 72
2
 10
9110.0
 20
10140.0
 40
45.0
 50
0
 51
360
 73
1
 97
0
 75
1
 76
1
 98
0
  0
CIRCLE
  5
252
330
17
100
AcDbEntity
  8
EL-LIGHT
370
20
420
12092939
100
AcDbCircle
 10
9110.0
 20
10140.0
 30
0.0
 40
45.0
  0
LWPOLYLINE
  5
253
330
17
100
AcDbEntity
  8
EL-LIGHT
370
30
420
12092939
100
AcDbPolyline
 90
2
 70
0
 10
9110.0
 20
10140.0
 10
8996.862915010153
 20
10026.862915010153
  0
LWPOLYLINE
  5
254
330
17
100
AcDbEntity
  8
EL-LIGHT
370
30
420
12092939
100
AcDbPolyline
 90
2
 70
0
 10
8996.862915010153
 20
10026.862915010153
 10
8961.507575950825
 20
10062.218254069481
  0
LWPOLYLINE
  5
255
330
17
100
AcDbEntity
  8
EL-LIGHT
370
30
420
12092939
100
AcDbPolyline
 90
2
 70
0
 10
9110.0
 20
10140.0
 10
9223.137084989849
 20
10253.137084989849
  0
LWPOLYLINE
  5
256
330
17
100
AcDbEntity
  8
EL-LIGHT
370
30
420
12092939
100
AcDbPolyline
 90
2
 70
0
 10
9223.137084989849
 20
10253.137084989849
 10
9258.492424049176
 20
10217.78174593052
  0
HATCH
  5
257
330
17
100
AcDbEntity
  8
EL-LIGHT
 62
7
420
12092939
100
AcDbHatch
 10
0.0
 20
0.0
 30
0.0
210
0.0
220
0.0
230
1.0
  2
SOLID
 70
1
 71
0
 91
1
 92
1
 93
1
 72
2
 10
9110.0
 20
9500.0
 40
45.0
 50
0
 51
360
 73
1
 97
0
 75
1
 76
1
 98
0
  0
CIRCLE
  5
258
330
17
100
AcDbEntity
  8
EL-LIGHT
370
20
420
12092939
100
AcDbCircle
 10
9110.0
 20
9500.0
 30
0.0
 40
45.0
  0
LWPOLYLINE
  5
259
330
17
100
AcDbEntity
  8
EL-LIGHT
370
30
420
12092939
100
AcDbPolyline
 90
2
 70
0
 10
9110.0
 20
9500.0
 10
8996.862915010153
 20
9386.862915010153
  0
LWPOLYLINE
  5
25A
330
17
100
AcDbEntity
  8
EL-LIGHT
370
30
420
12092939
100
AcDbPolyline
 90
2
 70
0
 10
8996.862915010153
 20
9386.862915010153
 10
8961.507575950825
 20
9422.218254069481
  0
HATCH
  5
25B
330
17
100
AcDbEntity
  8
EL-LIGHT
 62
7
420
12092939
100
AcDbHatch
 10
0.0
 20
0.0
 30
0.0
210
0.0
220
0.0
230
1.0
  2
SOLID
 70
1
 71
0
 91
1
 92
1
 93
1
 72
2
 10
9730.0
 20
6371.000000000001
 40
45.0
 50
0
 51
360
 73
1
 97
0
 75
1
 76
1
 98
0
  0
CIRCLE
  5
25C
330
17
100
AcDbEntity
  8
EL-LIGHT
370
20
420
12092939
100
AcDbCircle
 10
9730.0
 20
6371.000000000001
 30
0.0
 40
45.0
  0
LWPOLYLINE
  5
25D
330
17
100
AcDbEntity
  8
EL-LIGHT
370
30
420
12092939
100
AcDbPolyline
 90
2
 70
0
 10
9730.0
 20
6371.000000000001
 10
9616.862915010151
 20
6484.1370849898485
  0
LWPOLYLINE
  5
25E
330
17
100
AcDbEntity
  8
EL-LIGHT
370
30
420
12092939
100
AcDbPolyline
 90
2
 70
0
 10
9616.862915010151
 20
6484.1370849898485
 10
9652.21825406948
 20
6519.4924240491755
  0
TEXT
  5
25F
330
17
100
AcDbEntity
  8
TEXT
420
12092939
100
AcDbText
 10
8335.378943758575
 20
6633.375000000001
 30
0.0
 40
72.5
  1
S1 h900
  7
GOST
 11
8335.378943758575
 21
6633.375000000001
 31
0.0
100
AcDbText
  0
TEXT
  5
260
330
17
100
AcDbEntity
  8
TEXT
420
12092939
100
AcDbText
 10
8335.378943758575
 20
6521.000000000001
 30
0.0
 40
72.5
  1
→L3
  7
GOST
 11
8335.378943758575
 21
6521.000000000001
 31
0.0
100
AcDbText
  0
TEXT
  5
261
330
17
100
AcDbEntity
  8
TEXT
420
12092939
100
AcDbText
 10
8806.776695296636
 20
6660.151695296638
 30
0.0
 40
72.5
  1
S2 h900
  7
GOST
 11
8806.776695296636
 21
6660.151695296638
 31
0.0
100
AcDbText
  0
TEXT
  5
262
330
17
100
AcDbEntity
  8
TEXT
420
12092939
100
AcDbText
 10
8806.776695296636
 20
6547.776695296638
 30
0.0
 40
72.5
  1
→L2,L4
  7
GOST
 11
8806.776695296636
 21
6547.776695296638
 31
0.0
100
AcDbText
  0
LWPOLYLINE
  5
263
330
17
100
AcDbEntity
  8
TEXT
370
15
420
12092939
100
AcDbPolyline
 90
2
 70
0
 10
8630.0
 20
6371.000000000001
 10
8791.776695296636
 20
6532.776695296637
  0
HATCH
  5
264
330
17
100
AcDbEntity
  8
TEXT
 62
7
420
12092939
100
AcDbHatch
 10
0.0
 20
0.0
 30
0.0
210
0.0
220
0.0
230
1.0
  2
SOLID
 70
1
 71
0
 91
1
 92
1
 93
1
 72
2
 10
8630.0
 20
6371.000000000001
 40
12.5
 50
0
 51
360
 73
1
 97
0
 75
1
 76
1
 98
0
  0
CIRCLE
  5
265
330
17
100
AcDbEntity
  8
TEXT
370
13
420
12092939
100
AcDbCircle
 10
8630.0
 20
6371.000000000001
 30
0.0
 40
12.5
  0
TEXT
  5
266
330
17
100
AcDbEntity
  8
TEXT
420
12092939
100
AcDbText
 10
7203.740997942387
 20
4622.375
 30
0.0
 40
72.5
  1
S3 h1100
  7
GOST
 11
7203.740997942387
 21
4622.375
 31
0.0
100
AcDbText
  0
TEXT
  5
267
330
17
100
AcDbEntity
  8
TEXT
420
12092939
100
AcDbText
 10
7203.740997942387
 20
4510.0
 30
0.0
 40
72.5
  1
→L1,L5
  7
GOST
 11
7203.740997942387
 21
4510.0
 31
0.0
100
AcDbText
  0
TEXT
  5
268
330
17
100
AcDbEntity
  8
TEXT
420
12092939
100
AcDbText
 10
3310.757887517147
 20
6939.937500000001
 30
0.0
 40
72.5
  1
S4 h900
  7
GOST
 11
3310.757887517147
 21
6939.937500000001
 31
0.0
100
AcDbText
  0
TEXT
  5
269
330
17
100
AcDbEntity
  8
TEXT
420
12092939
100
AcDbText
 10
3310.757887517147
 20
6827.562500000001
 30
0.0
 40
72.5
  1
→L6,L7
  7
GOST
 11
3310.757887517147
 21
6827.562500000001
 31
0.0
100
AcDbText
  0
TEXT
  5
26A
330
17
100
AcDbEntity
  8
TEXT
420
12092939
100
AcDbText
 10
6904.007951817559
 20
9299.937500000002
 30
0.0
 40
72.5
  1
S5 h900
  7
GOST
 11
6904.007951817559
 21
9299.937500000002
 31
0.0
100
AcDbText
  0
TEXT
  5
26B
330
17
100
AcDbEntity
  8
TEXT
420
12092939
100
AcDbText
 10
6904.007951817559
 20
9187.562500000002
 30
0.0
 40
72.5
  1
→L8,L9+L10
  7
GOST
 11
6904.007951817559
 21
9187.562500000002
 31
0.0
100
AcDbText
  0
TEXT
  5
26C
330
17
100
AcDbEntity
  8
TEXT
420
12092939
100
AcDbText
 10
4480.0
 20
9629.9375
 30
0.0
 40
72.5
  1
S6 h750
  7
GOST
 11
4480.0
 21
9629.9375
 31
0.0
100
AcDbText
  0
TEXT
  5
26D
330
17
100
AcDbEntity
  8
TEXT
420
12092939
100
AcDbText
 10
4480.0
 20
9517.5625
 30
0.0
 40
72.5
  1
→L8
  7
GOST
 11
4480.0
 21
9517.5625
 31
0.0
100
AcDbText
  0
TEXT
  5
26E
330
17
100
AcDbEntity
  8
TEXT
420
12092939
100
AcDbText
 10
4506.776695296637
 20
9959.151695296638
 30
0.0
 40
72.5
  1
S7 h750
  7
GOST
 11
4506.776695296637
 21
9959.151695296638
 31
0.0
100
AcDbText
  0
TEXT
  5
26F
330
17
100
AcDbEntity
  8
TEXT
420
12092939
100
AcDbText
 10
4506.776695296637
 20
9846.776695296638
 30
0.0
 40
72.5
  1
→L9,L10
  7
GOST
 11
4506.776695296637
 21
9846.776695296638
 31
0.0
100
AcDbText
  0
LWPOLYLINE
  5
270
330
17
100
AcDbEntity
  8
TEXT
370
15
420
12092939
100
AcDbPolyline
 90
2
 70
0
 10
4330.0
 20
9670.0
 10
4491.776695296637
 20
9831.776695296636
  0
HATCH
  5
271
330
17
100
AcDbEntity
  8
TEXT
 62
7
420
12092939
100
AcDbHatch
 10
0.0
 20
0.0
 30
0.0
210
0.0
220
0.0
230
1.0
  2
SOLID
 70
1
 71
0
 91
1
 92
1
 93
1
 72
2
 10
4330.0
 20
9670.0
 40
12.5
 50
0
 51
360
 73
1
 97
0
 75
1
 76
1
 98
0
  0
CIRCLE
  5
272
330
17
100
AcDbEntity
  8
TEXT
370
13
420
12092939
100
AcDbCircle
 10
4330.0
 20
9670.0
 30
0.0
 40
12.5
  0
TEXT
  5
273
330
17
100
AcDbEntity
  8
TEXT
420
12092939
100
AcDbText
 10
4480.0
 20
12359.9375
 30
0.0
 40
72.5
  1
S8 h750
  7
GOST
 11
4480.0
 21
12359.9375
 31
0.0
100
AcDbText
  0
TEXT
  5
274
330
17
100
AcDbEntity
  8
TEXT
420
12092939
100
AcDbText
 10
4480.0
 20
12247.5625
 30
0.0
 40
72.5
  1
→L8
  7
GOST
 11
4480.0
 21
12247.5625
 31
0.0
100
AcDbText
  0
TEXT
  5
275
330
17
100
AcDbEntity
  8
TEXT
420
12092939
100
AcDbText
 10
4612.842712474619
 20
9374.657287525384
 30
0.0
 40
72.5
  1
S9 h750
  7
GOST
 11
4612.842712474619
 21
9374.657287525384
 31
0.0
100
AcDbText
  0
TEXT
  5
276
330
17
100
AcDbEntity
  8
TEXT
420
12092939
100
AcDbText
 10
4612.842712474619
 20
9262.282287525382
 30
0.0
 40
72.5
  1
→L11
  7
GOST
 11
4612.842712474619
 21
9262.282287525382
 31
0.0
100
AcDbText
  0
LWPOLYLINE
  5
277
330
17
100
AcDbEntity
  8
TEXT
370
15
420
12092939
100
AcDbPolyline
 90
2
 70
0
 10
4330.0
 20
9730.000000000002
 10
4597.8427124746195
 20
9462.157287525384
  0
HATCH
  5
278
330
17
100
AcDbEntity
  8
TEXT
 62
7
420
12092939
100
AcDbHatch
 10
0.0
 20
0.0
 30
0.0
210
0.0
220
0.0
230
1.0
  2
SOLID
 70
1
 71
0
 91
1
 92
1
 93
1
 72
2
 10
4330.0
 20
9730.000000000002
 40
12.5
 50
0
 51
360
 73
1
 97
0
 75
1
 76
1
 98
0
  0
CIRCLE
  5
279
330
17
100
AcDbEntity
  8
TEXT
370
13
420
12092939
100
AcDbCircle
 10
4330.0
 20
9730.000000000002
 30
0.0
 40
12.5
  0
TEXT
  5
27A
330
17
100
AcDbEntity
  8
TEXT
420
12092939
100
AcDbText
 10
4506.776695296637
 20
12689.151695296638
 30
0.0
 40
72.5
  1
S10 h750
  7
GOST
 11
4506.776695296637
 21
12689.151695296638
 31
0.0
100
AcDbText
  0
TEXT
  5
27B
330
17
100
AcDbEntity
  8
TEXT
420
12092939
100
AcDbText
 10
4506.776695296637
 20
12576.776695296638
 30
0.0
 40
72.5
  1
→L11
  7
GOST
 11
4506.776695296637
 21
12576.776695296638
 31
0.0
100
AcDbText
  0
LWPOLYLINE
  5
27C
330
17
100
AcDbEntity
  8
TEXT
370
15
420
12092939
100
AcDbPolyline
 90
2
 70
0
 10
4330.0
 20
12400.0
 10
4491.776695296637
 20
12561.776695296636
  0
HATCH
  5
27D
330
17
100
AcDbEntity
  8
TEXT
 62
7
420
12092939
100
AcDbHatch
 10
0.0
 20
0.0
 30
0.0
210
0.0
220
0.0
230
1.0
  2
SOLID
 70
1
 71
0
 91
1
 92
1
 93
1
 72
2
 10
4330.0
 20
12400.0
 40
12.5
 50
0
 51
360
 73
1
 97
0
 75
1
 76
1
 98
0
  0
CIRCLE
  5
27E
330
17
100
AcDbEntity
  8
TEXT
370
13
420
12092939
100
AcDbCircle
 10
4330.0
 20
12400.0
 30
0.0
 40
12.5
  0
TEXT
  5
27F
330
17
100
AcDbEntity
  8
TEXT
420
12092939
100
AcDbText
 10
8212.481995884775
 20
10430.9375
 30
0.0
 40
72.5
  1
S11 h900
  7
GOST
 11
8212.481995884775
 21
10430.9375
 31
0.0
100
AcDbText
  0
TEXT
  5
280
330
17
100
AcDbEntity
  8
TEXT
420
12092939
100
AcDbText
 10
8212.481995884775
 20
10318.5625
 30
0.0
 40
72.5
  1
→L14
  7
GOST
 11
8212.481995884775
 21
10318.5625
 31
0.0
100
AcDbText
  0
TEXT
  5
281
330
17
100
AcDbEntity
  8
TEXT
420
12092939
100
AcDbText
 10
11117.416195130316
 20
6390.9375
 30
0.0
 40
72.5
  1
S12 h900
  7
GOST
 11
11117.416195130316
 21
6390.9375
 31
0.0
100
AcDbText
  0
TEXT
  5
282
330
17
100
AcDbEntity
  8
TEXT
420
12092939
100
AcDbText
 10
11117.416195130316
 20
6278.5625
 30
0.0
 40
72.5
  1
→L15,L16
  7
GOST
 11
11117.416195130316
 21
6278.5625
 31
0.0
100
AcDbText
  0
TEXT
  5
283
330
17
100
AcDbEntity
  8
TEXT
420
12092939
100
AcDbText
 10
8487.481995884775
 20
10159.9375
 30
0.0
 40
72.5
  1
S13 h900
  7
GOST
 11
8487.481995884775
 21
10159.9375
 31
0.0
100
AcDbText
  0
TEXT
  5
284
330
17
100
AcDbEntity
  8
TEXT
420
12092939
100
AcDbText
 10
8487.481995884775
 20
10047.5625
 30
0.0
 40
72.5
  1
→L16
  7
GOST
 11
8487.481995884775
 21
10047.5625
 31
0.0
100
AcDbText
  0
TEXT
  5
285
330
17
100
AcDbEntity
  8
TEXT
420
12092939
100
AcDbText
 10
9260.0
 20
9519.9375
 30
0.0
 40
72.5
  1
S14 h900
  7
GOST
 11
9260.0
 21
9519.9375
 31
0.0
100
AcDbText
  0
TEXT
  5
286
330
17
100
AcDbEntity
  8
TEXT
420
12092939
100
AcDbText
 10
9260.0
 20
9407.5625
 30
0.0
 40
72.5
  1
→L19
  7
GOST
 11
9260.0
 21
9407.5625
 31
0.0
100
AcDbText
  0
TEXT
  5
287
330
17
100
AcDbEntity
  8
TEXT
420
12092939
100
AcDbText
 10
9044.2061042524
 20
6390.9375
 30
0.0
 40
72.5
  1
S15 h1000
  7
GOST
 11
9044.2061042524
 21
6390.9375
 31
0.0
100
AcDbText
  0
TEXT
  5
288
330
17
100
AcDbEntity
  8
TEXT
420
12092939
100
AcDbText
 10
9044.2061042524
 20
6278.5625
 30
0.0
 40
72.5
  1
→L22
  7
GOST
 11
9044.2061042524
 21
6278.5625
 31
0.0
100
AcDbText
  0
TEXT
  5
289
330
17
100
AcDbEntity
  8
TEXT
420
14034728
100
AcDbText
 10
6403.388347648318
 20
4748.388347648319
 30
0.0
 40
70.0
  1
L1
  7
GOST
 11
6403.388347648318
 21
4748.388347648319
 31
0.0
100
AcDbText
  0
TEXT
  5
28A
330
17
100
AcDbEntity
  8
TEXT
420
2062260
100
AcDbText
 10
5278.388347648318
 20
5448.38834764832
 30
0.0
 40
70.0
  1
L2
  7
GOST
 11
5278.388347648318
 21
5448.38834764832
 31
0.0
100
AcDbText
  0
TEXT
  5
28B
330
17
100
AcDbEntity
  8
TEXT
420
2924588
100
AcDbText
 10
6178.388347648318
 20
6798.388347648317
 30
0.0
 40
70.0
  1
L3
  7
GOST
 11
6178.388347648318
 21
6798.388347648317
 31
0.0
100
AcDbText
  0
TEXT
  5
28C
330
17
100
AcDbEntity
  8
TEXT
420
9725885
100
AcDbText
 10
5578.388347648318
 20
7781.611652351683
 30
0.0
 40
70.0
  1
L4
  7
GOST
 11
5578.388347648318
 21
7781.611652351683
 31
0.0
100
AcDbText
  0
TEXT
  5
28D
330
17
100
AcDbEntity
  8
TEXT
420
16744206
100
AcDbText
 10
6403.388347648318
 20
5038.388347648319
 30
0.0
 40
70.0
  1
L5
  7
GOST
 11
6403.388347648318
 21
5038.388347648319
 31
0.0
100
AcDbText
  0
TEXT
  5
28E
330
17
100
AcDbEntity
  8
TEXT
420
9197131
100
AcDbText
 10
2378.3883476483184
 20
5048.388347648319
 30
0.0
 40
70.0
  1
L6
  7
GOST
 11
2378.3883476483184
 21
5048.388347648319
 31
0.0
100
AcDbText
  0
TEXT
  5
28F
330
17
100
AcDbEntity
  8
TEXT
420
14907330
100
AcDbText
 10
2697.3883476483184
 20
6004.888347648319
 30
0.0
 40
70.0
  1
L7
  7
GOST
 11
2697.3883476483184
 21
6004.888347648319
 31
0.0
100
AcDbText
  0
TEXT
  5
290
330
17
100
AcDbEntity
  8
TEXT
420
1556175
100
AcDbText
 10
6068.388347648319
 20
10764.388347648319
 30
0.0
 40
70.0
  1
L8
  7
GOST
 11
6068.388347648319
 21
10764.388347648319
 31
0.0
100
AcDbText
  0
TEXT
  5
291
330
17
100
AcDbEntity
  8
TEXT
420
12369186
100
AcDbText
 10
4418.388347648318
 20
11064.388347648319
 30
0.0
 40
70.0
  1
L9
  7
GOST
 11
4418.388347648318
 21
11064.388347648319
 31
0.0
100
AcDbText
  0
TEXT
  5
292
330
17
100
AcDbEntity
  8
TEXT
420
8355711
100
AcDbText
 10
6068.388347648319
 20
13159.38834764832
 30
0.0
 40
70.0
  1
L10
  7
GOST
 11
6068.388347648319
 21
13159.38834764832
 31
0.0
100
AcDbText
  0
TEXT
  5
293
330
17
100
AcDbEntity
  8
TEXT
420
3750777
100
AcDbText
 10
4244.187885802468
 20
10126.0
 30
0.0
 40
70.0
  1
L11
  7
GOST
 11
4244.187885802468
 21
10126.0
 31
0.0
100
AcDbText
  0
LWPOLYLINE
  5
294
330
17
100
AcDbEntity
  8
TEXT
370
15
420
3750777
100
AcDbPolyline
 90
2
 70
0
 10
4330.0
 20
9776.0
 10
4330.0
 20
10111.0
  0
HATCH
  5
295
330
17
100
AcDbEntity
  8
TEXT
 62
7
420
3750777
100
AcDbHatch
 10
0.0
 20
0.0
 30
0.0
210
0.0
220
0.0
230
1.0
  2
SOLID
 70
1
 71
0
 91
1
 92
1
 93
1
 72
2
 10
4330.0
 20
9776.0
 40
12.5
 50
0
 51
360
 73
1
 97
0
 75
1
 76
1
 98
0
  0
CIRCLE
  5
296
330
17
100
AcDbEntity
  8
TEXT
370
13
420
3750777
100
AcDbCircle
 10
4330.0
 20
9776.0
 30
0.0
 40
12.5
  0
TEXT
  5
297
330
17
100
AcDbEntity
  8
TEXT
420
6519097
100
AcDbText
 10
7458.388347648318
 20
11064.388347648319
 30
0.0
 40
70.0
  1
L12
  7
GOST
 11
7458.388347648318
 21
11064.388347648319
 31
0.0
100
AcDbText
  0
TEXT
  5
298
330
17
100
AcDbEntity
  8
TEXT
420
9202993
100
AcDbText
 10
5918.388347648319
 20
8748.388347648317
 30
0.0
 40
70.0
  1
L13
  7
GOST
 11
5918.388347648319
 21
8748.388347648317
 31
0.0
100
AcDbText
  0
TEXT
  5
299
330
17
100
AcDbEntity
  8
TEXT
420
8666169
100
AcDbText
 10
9973.388347648319
 20
11682.611652351683
 30
0.0
 40
70.0
  1
L14
  7
GOST
 11
9973.388347648319
 21
11682.611652351683
 31
0.0
100
AcDbText
  0
TEXT
  5
29A
330
17
100
AcDbEntity
  8
TEXT
420
8077683
100
AcDbText
 10
8678.388347648319
 20
7248.388347648317
 30
0.0
 40
70.0
  1
L15
  7
GOST
 11
8678.388347648319
 21
7248.388347648317
 31
0.0
100
AcDbText
  0
TEXT
  5
29B
330
17
100
AcDbEntity
  8
TEXT
420
3244733
100
AcDbText
 10
8548.388347648319
 20
8398.388347648317
 30
0.0
 40
70.0
  1
L16
  7
GOST
 11
8548.388347648319
 21
8398.388347648317
 31
0.0
100
AcDbText
  0
TEXT
  5
29C
330
17
100
AcDbEntity
  8
TEXT
420
15095053
100
AcDbText
 10
9198.388347648319
 20
9047.611652351683
 30
0.0
 40
70.0
  1
L17
  7
GOST
 11
9198.388347648319
 21
9047.611652351683
 31
0.0
100
AcDbText
  0
TEXT
  5
29D
330
17
100
AcDbEntity
  8
TEXT
420
3253076
100
AcDbText
 10
10578.388347648319
 20
7598.388347648317
 30
0.0
 40
70.0
  1
L18
  7
GOST
 11
10578.388347648319
 21
7598.388347648317
 31
0.0
100
AcDbText
  0
TEXT
  5
29E
330
17
100
AcDbEntity
  8
TEXT
420
7695281
100
AcDbText
 10
9728.388347648319
 20
9098.388347648317
 30
0.0
 40
70.0
  1
L19
  7
GOST
 11
9728.388347648319
 21
9098.388347648317
 31
0.0
100
AcDbText
  0
TEXT
  5
29F
330
17
100
AcDbEntity
  8
TEXT
420
6513507
100
AcDbText
 10
9748.388347648319
 20
10042.611652351683
 30
0.0
 40
70.0
  1
L20
  7
GOST
 11
9748.388347648319
 21
10042.611652351683
 31
0.0
100
AcDbText
  0
TEXT
  5
2A0
330
17
100
AcDbEntity
  8
TEXT
420
7057110
100
AcDbText
 10
9748.388347648319
 20
9809.388347648319
 30
0.0
 40
70.0
  1
L21
  7
GOST
 11
9748.388347648319
 21
9809.388347648319
 31
0.0
100
AcDbText
  0
TEXT
  5
2A1
330
17
100
AcDbEntity
  8
TEXT
420
16616764
100
AcDbText
 10
9253.388347648319
 20
4928.388347648319
 30
0.0
 40
70.0
  1
L22
  7
GOST
 11
9253.388347648319
 21
4928.388347648319
 31
0.0
100
AcDbText
  0
LWPOLYLINE
  5
2A2
330
17
100
AcDbEntity
  8
DIM
 62
7
370
15
100
AcDbPolyline
 90
2
 70
0
 10
4215.000000000001
 20
14142.000000000002
 10
12035.0
 20
14142.000000000002
  0
LWPOLYLINE
  5
2A3
330
17
100
AcDbEntity
  8
DIM
 62
7
370
15
100
AcDbPolyline
 90
2
 70
0
 10
4290.000000000001
 20
13742.000000000002
 10
4290.000000000001
 20
14217.000000000002
  0
LWPOLYLINE
  5
2A4
330
17
100
AcDbEntity
  8
DIM
 62
7
370
35
100
AcDbPolyline
 90
2
 70
0
 10
4250.000000000001
 20
14102.000000000002
 10
4330.0
 20
14182.000000000002
  0
LWPOLYLINE
  5
2A5
330
17
100
AcDbEntity
  8
DIM
 62
7
370
15
100
AcDbPolyline
 90
2
 70
0
 10
7670.0
 20
13742.000000000002
 10
7670.0
 20
14217.000000000002
  0
LWPOLYLINE
  5
2A6
330
17
100
AcDbEntity
  8
DIM
 62
7
370
35
100
AcDbPolyline
 90
2
 70
0
 10
7630.0
 20
14102.000000000002
 10
7710.000000000001
 20
14182.000000000002
  0
LWPOLYLINE
  5
2A7
330
17
100
AcDbEntity
  8
DIM
 62
7
370
15
100
AcDbPolyline
 90
2
 70
0
 10
7809.999999999999
 20
13742.000000000002
 10
7809.999999999999
 20
14217.000000000002
  0
LWPOLYLINE
  5
2A8
330
17
100
AcDbEntity
  8
DIM
 62
7
370
35
100
AcDbPolyline
 90
2
 70
0
 10
7769.999999999999
 20
14102.000000000002
 10
7850.0
 20
14182.000000000002
  0
LWPOLYLINE
  5
2A9
330
17
100
AcDbEntity
  8
DIM
 62
7
370
15
100
AcDbPolyline
 90
2
 70
0
 10
11960.0
 20
13742.000000000002
 10
11960.0
 20
14217.000000000002
  0
LWPOLYLINE
  5
2AA
330
17
100
AcDbEntity
  8
DIM
 62
7
370
35
100
AcDbPolyline
 90
2
 70
0
 10
11920.0
 20
14102.000000000002
 10
12000.000000000002
 20
14182.000000000002
  0
TEXT
  5
2AB
330
17
100
AcDbEntity
  8
DIM
 62
7
100
AcDbText
 10
5980.0
 20
14172.000000000004
 30
0.0
 40
80.0
  1
3380
  7
GOST
 72
1
 11
5980.0
 21
14172.000000000004
 31
0.0
100
AcDbText
  0
TEXT
  5
2AC
330
17
100
AcDbEntity
  8
DIM
 62
7
100
AcDbText
 10
7740.000000000001
 20
14297.000000000004
 30
0.0
 40
80.0
  1
140
  7
GOST
 72
1
 11
7740.000000000001
 21
14297.000000000004
 31
0.0
100
AcDbText
  0
LWPOLYLINE
  5
2AD
330
17
100
AcDbEntity
  8
DIM
 62
7
370
13
100
AcDbPolyline
 90
2
 70
0
 10
7740.000000000001
 20
14142.000000000002
 10
7740.000000000001
 20
14282.000000000002
  0
TEXT
  5
2AE
330
17
100
AcDbEntity
  8
DIM
 62
7
100
AcDbText
 10
9885.0
 20
14172.000000000004
 30
0.0
 40
80.0
  1
4150
  7
GOST
 72
1
 11
9885.0
 21
14172.000000000004
 31
0.0
100
AcDbText
  0
LWPOLYLINE
  5
2AF
330
17
100
AcDbEntity
  8
DIM
 62
7
370
15
100
AcDbPolyline
 90
2
 70
0
 10
1209.0
 20
4285.0
 10
1209.0
 20
13346.0
  0
LWPOLYLINE
  5
2B0
330
17
100
AcDbEntity
  8
DIM
 62
7
370
15
100
AcDbPolyline
 90
2
 70
0
 10
1609.0
 20
4360.0
 10
1134.0
 20
4360.0
  0
LWPOLYLINE
  5
2B1
330
17
100
AcDbEntity
  8
DIM
 62
7
370
35
100
AcDbPolyline
 90
2
 70
0
 10
1169.0
 20
4320.0
 10
1249.0
 20
4400.0
  0
LWPOLYLINE
  5
2B2
330
17
100
AcDbEntity
  8
DIM
 62
7
370
15
100
AcDbPolyline
 90
2
 70
0
 10
1609.0
 20
7940.000000000001
 10
1134.0
 20
7940.000000000001
  0
LWPOLYLINE
  5
2B3
330
17
100
AcDbEntity
  8
DIM
 62
7
370
35
100
AcDbPolyline
 90
2
 70
0
 10
1169.0
 20
7900.0
 10
1249.0
 20
7980.000000000001
  0
LWPOLYLINE
  5
2B4
330
17
100
AcDbEntity
  8
DIM
 62
7
370
15
100
AcDbPolyline
 90
2
 70
0
 10
1609.0
 20
8081.0
 10
1134.0
 20
8081.0
  0
LWPOLYLINE
  5
2B5
330
17
100
AcDbEntity
  8
DIM
 62
7
370
35
100
AcDbPolyline
 90
2
 70
0
 10
1169.0
 20
8041.0
 10
1249.0
 20
8121.000000000001
  0
LWPOLYLINE
  5
2B6
330
17
100
AcDbEntity
  8
DIM
 62
7
370
15
100
AcDbPolyline
 90
2
 70
0
 10
1609.0
 20
13271.0
 10
1134.0
 20
13271.0
  0
LWPOLYLINE
  5
2B7
330
17
100
AcDbEntity
  8
DIM
 62
7
370
35
100
AcDbPolyline
 90
2
 70
0
 10
1169.0
 20
13231.0
 10
1249.0
 20
13311.000000000002
  0
TEXT
  5
2B8
330
17
100
AcDbEntity
  8
DIM
 62
7
100
AcDbText
 10
1179.0
 20
6150.0
 30
0.0
 40
80.0
  1
3580
 50
90.0
  7
GOST
 72
1
 11
1179.0
 21
6150.0
 31
0.0
100
AcDbText
  0
TEXT
  5
2B9
330
17
100
AcDbEntity
  8
DIM
 62
7
100
AcDbText
 10
1054.0
 20
8010.5
 30
0.0
 40
80.0
  1
141
 50
90.0
  7
GOST
 72
1
 11
1054.0
 21
8010.5
 31
0.0
100
AcDbText
  0
LWPOLYLINE
  5
2BA
330
17
100
AcDbEntity
  8
DIM
 62
7
370
13
100
AcDbPolyline
 90
2
 70
0
 10
1209.0
 20
8010.5
 10
1069.0
 20
8010.5
  0
TEXT
  5
2BB
330
17
100
AcDbEntity
  8
DIM
 62
7
100
AcDbText
 10
1179.0
 20
10676.0
 30
0.0
 40
80.0
  1
5190
 50
90.0
  7
GOST
 72
1
 11
1179.0
 21
10676.0
 31
0.0
100
AcDbText
  0
LWPOLYLINE
  5
2BC
330
17
100
AcDbEntity
  8
DIM
 62
7
370
15
100
AcDbPolyline
 90
2
 70
0
 10
12570.0
 20
4285.0
 10
12570.0
 20
13346.0
  0
LWPOLYLINE
  5
2BD
330
17
100
AcDbEntity
  8
DIM
 62
7
370
15
100
AcDbPolyline
 90
2
 70
0
 10
12170.0
 20
4360.0
 10
12645.0
 20
4360.0
  0
LWPOLYLINE
  5
2BE
330
17
100
AcDbEntity
  8
DIM
 62
7
370
35
100
AcDbPolyline
 90
2
 70
0
 10
12530.0
 20
4320.0
 10
12610.0
 20
4400.0
  0
LWPOLYLINE
  5
2BF
330
17
100
AcDbEntity
  8
DIM
 62
7
370
15
100
AcDbPolyline
 90
2
 70
0
 10
12170.0
 20
6291.0
 10
12645.0
 20
6291.0
  0
LWPOLYLINE
  5
2C0
330
17
100
AcDbEntity
  8
DIM
 62
7
370
35
100
AcDbPolyline
 90
2
 70
0
 10
12530.0
 20
6251.000000000001
 10
12610.0
 20
6331.0
  0
LWPOLYLINE
  5
2C1
330
17
100
AcDbEntity
  8
DIM
 62
7
370
15
100
AcDbPolyline
 90
2
 70
0
 10
12170.0
 20
6371.000000000001
 10
12645.0
 20
6371.000000000001
  0
LWPOLYLINE
  5
2C2
330
17
100
AcDbEntity
  8
DIM
 62
7
370
35
100
AcDbPolyline
 90
2
 70
0
 10
12530.0
 20
6331.000000000001
 10
12610.0
 20
6411.000000000002
  0
LWPOLYLINE
  5
2C3
330
17
100
AcDbEntity
  8
DIM
 62
7
370
15
100
AcDbPolyline
 90
2
 70
0
 10
12170.0
 20
8081.0
 10
12645.0
 20
8081.0
  0
LWPOLYLINE
  5
2C4
330
17
100
AcDbEntity
  8
DIM
 62
7
370
35
100
AcDbPolyline
 90
2
 70
0
 10
12530.0
 20
8041.0
 10
12610.0
 20
8121.000000000001
  0
LWPOLYLINE
  5
2C5
330
17
100
AcDbEntity
  8
DIM
 62
7
370
15
100
AcDbPolyline
 90
2
 70
0
 10
12170.0
 20
8159.999999999999
 10
12645.0
 20
8159.999999999999
  0
LWPOLYLINE
  5
2C6
330
17
100
AcDbEntity
  8
DIM
 62
7
370
35
100
AcDbPolyline
 90
2
 70
0
 10
12530.0
 20
8119.999999999999
 10
12610.0
 20
8200.0
  0
LWPOLYLINE
  5
2C7
330
17
100
AcDbEntity
  8
DIM
 62
7
370
15
100
AcDbPolyline
 90
2
 70
0
 10
12170.0
 20
10201.0
 10
12645.0
 20
10201.0
  0
LWPOLYLINE
  5
2C8
330
17
100
AcDbEntity
  8
DIM
 62
7
370
35
100
AcDbPolyline
 90
2
 70
0
 10
12530.0
 20
10161.0
 10
12610.0
 20
10241.000000000002
  0
LWPOLYLINE
  5
2C9
330
17
100
AcDbEntity
  8
DIM
 62
7
370
15
100
AcDbPolyline
 90
2
 70
0
 10
12170.0
 20
10411.0
 10
12645.0
 20
10411.0
  0
LWPOLYLINE
  5
2CA
330
17
100
AcDbEntity
  8
DIM
 62
7
370
35
100
AcDbPolyline
 90
2
 70
0
 10
12530.0
 20
10371.0
 10
12610.0
 20
10451.0
  0
LWPOLYLINE
  5
2CB
330
17
100
AcDbEntity
  8
DIM
 62
7
370
15
100
AcDbPolyline
 90
2
 70
0
 10
12170.0
 20
13271.0
 10
12645.0
 20
13271.0
  0
LWPOLYLINE
  5
2CC
330
17
100
AcDbEntity
  8
DIM
 62
7
370
35
100
AcDbPolyline
 90
2
 70
0
 10
12530.0
 20
13231.0
 10
12610.0
 20
13311.000000000002
  0
TEXT
  5
2CD
330
17
100
AcDbEntity
  8
DIM
 62
7
100
AcDbText
 10
12540.0
 20
5325.5
 30
0.0
 40
80.0
  1
1931
 50
90.0
  7
GOST
 72
1
 11
12540.0
 21
5325.5
 31
0.0
100
AcDbText
  0
TEXT
  5
2CE
330
17
100
AcDbEntity
  8
DIM
 62
7
100
AcDbText
 10
12415.0
 20
6331.0
 30
0.0
 40
80.0
  1
80
 50
90.0
  7
GOST
 72
1
 11
12415.0
 21
6331.0
 31
0.0
100
AcDbText
  0
LWPOLYLINE
  5
2CF
330
17
100
AcDbEntity
  8
DIM
 62
7
370
13
100
AcDbPolyline
 90
2
 70
0
 10
12570.0
 20
6331.0
 10
12430.000000000002
 20
6331.0
  0
TEXT
  5
2D0
330
17
100
AcDbEntity
  8
DIM
 62
7
100
AcDbText
 10
12540.0
 20
7226.000000000001
 30
0.0
 40
80.0
  1
1710
 50
90.0
  7
GOST
 72
1
 11
12540.0
 21
7226.000000000001
 31
0.0
100
AcDbText
  0
TEXT
  5
2D1
330
17
100
AcDbEntity
  8
DIM
 62
7
100
AcDbText
 10
12415.0
 20
8120.5
 30
0.0
 40
80.0
  1
79
 50
90.0
  7
GOST
 72
1
 11
12415.0
 21
8120.5
 31
0.0
100
AcDbText
  0
LWPOLYLINE
  5
2D2
330
17
100
AcDbEntity
  8
DIM
 62
7
370
13
100
AcDbPolyline
 90
2
 70
0
 10
12570.0
 20
8120.5
 10
12430.000000000002
 20
8120.5
  0
TEXT
  5
2D3
330
17
100
AcDbEntity
  8
DIM
 62
7
100
AcDbText
 10
12540.0
 20
9180.5
 30
0.0
 40
80.0
  1
2041
 50
90.0
  7
GOST
 72
1
 11
12540.0
 21
9180.5
 31
0.0
100
AcDbText
  0
TEXT
  5
2D4
330
17
100
AcDbEntity
  8
DIM
 62
7
100
AcDbText
 10
12415.0
 20
10306.0
 30
0.0
 40
80.0
  1
210
 50
90.0
  7
GOST
 72
1
 11
12415.0
 21
10306.0
 31
0.0
100
AcDbText
  0
LWPOLYLINE
  5
2D5
330
17
100
AcDbEntity
  8
DIM
 62
7
370
13
100
AcDbPolyline
 90
2
 70
0
 10
12570.0
 20
10306.0
 10
12430.000000000002
 20
10306.0
  0
TEXT
  5
2D6
330
17
100
AcDbEntity
  8
DIM
 62
7
100
AcDbText
 10
12540.0
 20
11841.0
 30
0.0
 40
80.0
  1
2860
 50
90.0
  7
GOST
 72
1
 11
12540.0
 21
11841.0
 31
0.0
100
AcDbText
  0
LWPOLYLINE
  5
2D7
330
17
100
AcDbEntity
  8
DIM
 62
7
370
15
100
AcDbPolyline
 90
2
 70
0
 10
1684.0
 20
3760.0
 10
10435.0
 20
3760.0
  0
LWPOLYLINE
  5
2D8
330
17
100
AcDbEntity
  8
DIM
 62
7
370
15
100
AcDbPolyline
 90
2
 70
0
 10
1759.0
 20
4130.0
 10
1759.0
 20
3685.0
  0
LWPOLYLINE
  5
2D9
330
17
100
AcDbEntity
  8
DIM
 62
7
370
35
100
AcDbPolyline
 90
2
 70
0
 10
1719.0000000000002
 20
3720.0000000000005
 10
1798.9999999999998
 20
3800.0
  0
LWPOLYLINE
  5
2DA
330
17
100
AcDbEntity
  8
DIM
 62
7
370
15
100
AcDbPolyline
 90
2
 70
0
 10
3870.0000000000005
 20
4130.0
 10
3870.0000000000005
 20
3685.0
  0
LWPOLYLINE
  5
2DB
330
17
100
AcDbEntity
  8
DIM
 62
7
370
35
100
AcDbPolyline
 90
2
 70
0
 10
3830.0000000000005
 20
3720.0000000000005
 10
3910.0
 20
3800.0
  0
LWPOLYLINE
  5
2DC
330
17
100
AcDbEntity
  8
DIM
 62
7
370
15
100
AcDbPolyline
 90
2
 70
0
 10
4290.000000000001
 20
4130.0
 10
4290.000000000001
 20
3685.0
  0
LWPOLYLINE
  5
2DD
330
17
100
AcDbEntity
  8
DIM
 62
7
370
35
100
AcDbPolyline
 90
2
 70
0
 10
4250.000000000001
 20
3720.0000000000005
 10
4330.0
 20
3800.0
  0
LWPOLYLINE
  5
2DE
330
17
100
AcDbEntity
  8
DIM
 62
7
370
15
100
AcDbPolyline
 90
2
 70
0
 10
8380.0
 20
4130.0
 10
8380.0
 20
3685.0
  0
LWPOLYLINE
  5
2DF
330
17
100
AcDbEntity
  8
DIM
 62
7
370
35
100
AcDbPolyline
 90
2
 70
0
 10
8340.0
 20
3720.0000000000005
 10
8420.0
 20
3800.0
  0
LWPOLYLINE
  5
2E0
330
17
100
AcDbEntity
  8
DIM
 62
7
370
15
100
AcDbPolyline
 90
2
 70
0
 10
8460.0
 20
4130.0
 10
8460.0
 20
3685.0
  0
LWPOLYLINE
  5
2E1
330
17
100
AcDbEntity
  8
DIM
 62
7
370
35
100
AcDbPolyline
 90
2
 70
0
 10
8420.0
 20
3720.0000000000005
 10
8500.000000000002
 20
3800.0
  0
LWPOLYLINE
  5
2E2
330
17
100
AcDbEntity
  8
DIM
 62
7
370
15
100
AcDbPolyline
 90
2
 70
0
 10
10200.0
 20
4130.0
 10
10200.0
 20
3685.0
  0
LWPOLYLINE
  5
2E3
330
17
100
AcDbEntity
  8
DIM
 62
7
370
35
100
AcDbPolyline
 90
2
 70
0
 10
10160.0
 20
3720.0000000000005
 10
10240.0
 20
3800.0
  0
LWPOLYLINE
  5
2E4
330
17
100
AcDbEntity
  8
DIM
 62
7
370
15
100
AcDbPolyline
 90
2
 70
0
 10
10360.0
 20
4130.0
 10
10360.0
 20
3685.0
  0
LWPOLYLINE
  5
2E5
330
17
100
AcDbEntity
  8
DIM
 62
7
370
35
100
AcDbPolyline
 90
2
 70
0
 10
10320.0
 20
3720.0000000000005
 10
10400.000000000002
 20
3800.0
  0
TEXT
  5
2E6
330
17
100
AcDbEntity
  8
DIM
 62
7
100
AcDbText
 10
2814.5000000000005
 20
3790.0
 30
0.0
 40
80.0
  1
2111
  7
GOST
 72
1
 11
2814.5000000000005
 21
3790.0
 31
0.0
100
AcDbText
  0
TEXT
  5
2E7
330
17
100
AcDbEntity
  8
DIM
 62
7
100
AcDbText
 10
4080.0000000000005
 20
3790.0
 30
0.0
 40
80.0
  1
420
  7
GOST
 72
1
 11
4080.0000000000005
 21
3790.0
 31
0.0
100
AcDbText
  0
TEXT
  5
2E8
330
17
100
AcDbEntity
  8
DIM
 62
7
100
AcDbText
 10
6335.0
 20
3790.0
 30
0.0
 40
80.0
  1
4090
  7
GOST
 72
1
 11
6335.0
 21
3790.0
 31
0.0
100
AcDbText
  0
TEXT
  5
2E9
330
17
100
AcDbEntity
  8
DIM
 62
7
100
AcDbText
 10
8420.0
 20
3915.0
 30
0.0
 40
80.0
  1
80
  7
GOST
 72
1
 11
8420.0
 21
3915.0
 31
0.0
100
AcDbText
  0
LWPOLYLINE
  5
2EA
330
17
100
AcDbEntity
  8
DIM
 62
7
370
13
100
AcDbPolyline
 90
2
 70
0
 10
8420.0
 20
3760.0
 10
8420.0
 20
3900.0
  0
TEXT
  5
2EB
330
17
100
AcDbEntity
  8
DIM
 62
7
100
AcDbText
 10
9330.000000000002
 20
3790.0
 30
0.0
 40
80.0
  1
1740
  7
GOST
 72
1
 11
9330.000000000002
 21
3790.0
 31
0.0
100
AcDbText
  0
TEXT
  5
2EC
330
17
100
AcDbEntity
  8
DIM
 62
7
100
AcDbText
 10
10280.000000000002
 20
3915.0
 30
0.0
 40
80.0
  1
160
  7
GOST
 72
1
 11
10280.000000000002
 21
3915.0
 31
0.0
100
AcDbText
  0
LWPOLYLINE
  5
2ED
330
17
100
AcDbEntity
  8
DIM
 62
7
370
13
100
AcDbPolyline
 90
2
 70
0
 10
10280.000000000002
 20
3760.0
 10
10280.000000000002
 20
3900.0
  0
TEXT
  5
2EE
330
17
100
AcDbEntity
  8
TEXT
 62
7
100
AcDbText
 10
12975.0
 20
14425.0
 30
0.0
 40
125.0
  1
Условные обозначения (ГОСТ 21.614)
  7
GOST
 11
12975.0
 21
14425.0
 31
0.0
100
AcDbText
  0
HATCH
  5
2EF
330
17
100
AcDbEntity
  8
EL-LIGHT
 62
7
420
12092939
100
AcDbHatch
 10
0.0
 20
0.0
 30
0.0
210
0.0
220
0.0
230
1.0
  2
SOLID
 70
1
 71
0
 91
1
 92
1
 93
1
 72
2
 10
13225.0
 20
14169.999999999998
 40
45.0
 50
0
 51
360
 73
1
 97
0
 75
1
 76
1
 98
0
  0
CIRCLE
  5
2F0
330
17
100
AcDbEntity
  8
EL-LIGHT
370
20
420
12092939
100
AcDbCircle
 10
13225.0
 20
14169.999999999998
 30
0.0
 40
45.0
  0
LWPOLYLINE
  5
2F1
330
17
100
AcDbEntity
  8
EL-LIGHT
370
30
420
12092939
100
AcDbPolyline
 90
2
 70
0
 10
13225.0
 20
14169.999999999998
 10
13111.862915010153
 20
14283.137084989847
  0
LWPOLYLINE
  5
2F2
330
17
100
AcDbEntity
  8
EL-LIGHT
370
30
420
12092939
100
AcDbPolyline
 90
2
 70
0
 10
13111.862915010153
 20
14283.137084989847
 10
13147.218254069481
 20
14318.492424049175
  0
TEXT
  5
2F3
330
17
100
AcDbEntity
  8
TEXT
 62
7
100
AcDbText
 10
13650.0
 20
14179.999999999998
 30
0.0
 40
80.0
  1
Выключатель одноклавишный, скрытой установки
  7
GOST
 11
13650.0
 21
14179.999999999998
 31
0.0
100
AcDbText
  0
HATCH
  5
2F4
330
17
100
AcDbEntity
  8
EL-LIGHT
 62
7
420
12092939
100
AcDbHatch
 10
0.0
 20
0.0
 30
0.0
210
0.0
220
0.0
230
1.0
  2
SOLID
 70
1
 71
0
 91
1
 92
1
 93
1
 72
2
 10
13225.0
 20
13960.0
 40
45.0
 50
0
 51
360
 73
1
 97
0
 75
1
 76
1
 98
0
  0
CIRCLE
  5
2F5
330
17
100
AcDbEntity
  8
EL-LIGHT
370
20
420
12092939
100
AcDbCircle
 10
13225.0
 20
13960.0
 30
0.0
 40
45.0
  0
LWPOLYLINE
  5
2F6
330
17
100
AcDbEntity
  8
EL-LIGHT
370
30
420
12092939
100
AcDbPolyline
 90
2
 70
0
 10
13225.0
 20
13960.0
 10
13111.862915010153
 20
14073.137084989847
  0
LWPOLYLINE
  5
2F7
330
17
100
AcDbEntity
  8
EL-LIGHT
370
30
420
12092939
100
AcDbPolyline
 90
2
 70
0
 10
13111.862915010153
 20
14073.137084989847
 10
13147.218254069481
 20
14108.492424049175
  0
LWPOLYLINE
  5
2F8
330
17
100
AcDbEntity
  8
EL-LIGHT
370
30
420
12092939
100
AcDbPolyline
 90
2
 70
0
 10
13143.682720163548
 20
14041.317279836452
 10
13179.038059222876
 20
14076.672618895778
  0
TEXT
  5
2F9
330
17
100
AcDbEntity
  8
TEXT
 62
7
100
AcDbText
 10
13650.0
 20
13969.999999999998
 30
0.0
 40
80.0
  1
Выключатель двухклавишный
  7
GOST
 11
13650.0
 21
13969.999999999998
 31
0.0
100
AcDbText
  0
HATCH
  5
2FA
330
17
100
AcDbEntity
  8
EL-LIGHT
 62
7
420
12092939
100
AcDbHatch
 10
0.0
 20
0.0
 30
0.0
210
0.0
220
0.0
230
1.0
  2
SOLID
 70
1
 71
0
 91
1
 92
1
 93
1
 72
2
 10
13275.0
 20
13800.0
 40
45.0
 50
0
 51
360
 73
1
 97
0
 75
1
 76
1
 98
0
  0
CIRCLE
  5
2FB
330
17
100
AcDbEntity
  8
EL-LIGHT
370
20
420
12092939
100
AcDbCircle
 10
13275.0
 20
13800.0
 30
0.0
 40
45.0
  0
LWPOLYLINE
  5
2FC
330
17
100
AcDbEntity
  8
EL-LIGHT
370
30
420
12092939
100
AcDbPolyline
 90
2
 70
0
 10
13275.0
 20
13800.0
 10
13161.862915010153
 20
13913.137084989847
  0
LWPOLYLINE
  5
2FD
330
17
100
AcDbEntity
  8
EL-LIGHT
370
30
420
12092939
100
AcDbPolyline
 90
2
 70
0
 10
13161.862915010153
 20
13913.137084989847
 10
13197.218254069481
 20
13948.492424049175
  0
LWPOLYLINE
  5
2FE
330
17
100
AcDbEntity
  8
EL-LIGHT
370
30
420
12092939
100
AcDbPolyline
 90
2
 70
0
 10
13275.0
 20
13800.0
 10
13388.137084989847
 20
13686.862915010153
  0
LWPOLYLINE
  5
2FF
330
17
100
AcDbEntity
  8
EL-LIGHT
370
30
420
12092939
100
AcDbPolyline
 90
2
 70
0
 10
13388.137084989847
 20
13686.862915010153
 10
13352.781745930519
 20
13651.507575950825
  0
TEXT
  5
300
330
17
100
AcDbEntity
  8
TEXT
 62
7
100
AcDbText
 10
13650.0
 20
13760.0
 30
0.0
 40
80.0
  1
Выключатель проходной
  7
GOST
 11
13650.0
 21
13760.0
 31
0.0
100
AcDbText
  0
HATCH
  5
301
330
17
100
AcDbEntity
  8
EL-LIGHT
 62
7
420
12092939
100
AcDbHatch
 10
0.0
 20
0.0
 30
0.0
210
0.0
220
0.0
230
1.0
  2
SOLID
 70
1
 71
0
 91
1
 92
1
 93
1
 72
2
 10
13275.0
 20
13590.0
 40
45.0
 50
0
 51
360
 73
1
 97
0
 75
1
 76
1
 98
0
  0
CIRCLE
  5
302
330
17
100
AcDbEntity
  8
EL-LIGHT
370
20
420
12092939
100
AcDbCircle
 10
13275.0
 20
13590.0
 30
0.0
 40
45.0
  0
LWPOLYLINE
  5
303
330
17
100
AcDbEntity
  8
EL-LIGHT
370
30
420
12092939
100
AcDbPolyline
 90
2
 70
0
 10
13275.0
 20
13590.0
 10
13161.862915010153
 20
13703.137084989849
  0
LWPOLYLINE
  5
304
330
17
100
AcDbEntity
  8
EL-LIGHT
370
30
420
12092939
100
AcDbPolyline
 90
2
 70
0
 10
13161.862915010153
 20
13703.137084989849
 10
13197.218254069481
 20
13738.492424049176
  0
LWPOLYLINE
  5
305
330
17
100
AcDbEntity
  8
EL-LIGHT
370
30
420
12092939
100
AcDbPolyline
 90
2
 70
0
 10
13275.0
 20
13590.0
 10
13388.137084989847
 20
13476.862915010153
  0
LWPOLYLINE
  5
306
330
17
100
AcDbEntity
  8
EL-LIGHT
370
30
420
12092939
100
AcDbPolyline
 90
2
 70
0
 10
13388.137084989847
 20
13476.862915010153
 10
13352.781745930519
 20
13441.507575950825
  0
LWPOLYLINE
  5
307
330
17
100
AcDbEntity
  8
EL-LIGHT
370
25
420
12092939
100
AcDbPolyline
 90
2
 70
0
 10
13359.852813742387
 20
13674.852813742387
 10
13190.147186257613
 20
13505.147186257615
  0
TEXT
  5
308
330
17
100
AcDbEntity
  8
TEXT
 62
7
100
AcDbText
 10
13650.0
 20
13550.0
 30
0.0
 40
80.0
  1
Выключатель перекрёстный
  7
GOST
 11
13650.0
 21
13550.0
 31
0.0
100
AcDbText
  0
HATCH
  5
309
330
17
100
AcDbEntity
  8
EL-LIGHT
 62
7
420
12092939
100
AcDbHatch
 10
0.0
 20
0.0
 30
0.0
210
0.0
220
0.0
230
1.0
  2
SOLID
 70
1
 71
0
 91
1
 92
1
 93
1
 72
2
 10
13225.0
 20
13380.000000000002
 40
45.0
 50
0
 51
360
 73
1
 97
0
 75
1
 76
1
 98
0
  0
CIRCLE
  5
30A
330
17
100
AcDbEntity
  8
EL-LIGHT
370
20
420
12092939
100
AcDbCircle
 10
13225.0
 20
13380.000000000002
 30
0.0
 40
45.0
  0
LWPOLYLINE
  5
30B
330
17
100
AcDbEntity
  8
EL-LIGHT
370
30
420
12092939
100
AcDbPolyline
 90
2
 70
0
 10
13225.0
 20
13380.000000000002
 10
13111.862915010153
 20
13493.137084989849
  0
LWPOLYLINE
  5
30C
330
17
100
AcDbEntity
  8
EL-LIGHT
370
30
420
12092939
100
AcDbPolyline
 90
2
 70
0
 10
13111.862915010153
 20
13493.137084989849
 10
13147.218254069481
 20
13528.492424049176
  0
HATCH
  5
30D
330
17
100
AcDbEntity
  8
EL-LIGHT
 62
7
420
12092939
100
AcDbHatch
 10
0.0
 20
0.0
 30
0.0
210
0.0
220
0.0
230
1.0
  2
SOLID
 70
1
 71
0
 91
1
 92
3
 72
0
 73
1
 93
3
 10
13144.999999999998
 20
13300.0
 10
13305.000000000002
 20
13300.0
 10
13305.000000000002
 20
13350.0
 97
0
 75
1
 76
1
 98
0
  0
LWPOLYLINE
  5
30E
330
17
100
AcDbEntity
  8
EL-LIGHT
370
13
420
12092939
100
AcDbPolyline
 90
3
 70
1
 10
13144.999999999998
 20
13300.0
 10
13305.000000000002
 20
13300.0
 10
13305.000000000002
 20
13350.0
  0
TEXT
  5
30F
330
17
100
AcDbEntity
  8
TEXT
 62
7
100
AcDbText
 10
13650.0
 20
13340.0
 30
0.0
 40
80.0
  1
Светорегулятор (диммер, Zigbee)
  7
GOST
 11
13650.0
 21
13340.0
 31
0.0
100
AcDbText
  0
LWPOLYLINE
  5
310
330
17
100
AcDbEntity
  8
TEXT
  6
DASHED
 62
7
370
20
 48
150.0
100
AcDbPolyline
 90
2
 70
0
 10
13025.0
 20
13170.000000000002
 10
13525.0
 20
13170.000000000002
  0
TEXT
  5
311
330
17
100
AcDbEntity
  8
TEXT
 62
7
100
AcDbText
 10
13650.0
 20
13130.000000000002
 30
0.0
 40
80.0
  1
Связь выключателя с группой (цвет — группа)
  7
GOST
 11
13650.0
 21
13130.000000000002
 31
0.0
100
AcDbText
  0
TEXT
  5
312
330
17
100
AcDbEntity
  8
TEXT
 62
7
100
AcDbText
 10
12975.0
 20
12710.0
 30
0.0
 40
125.0
  1
Ведомость выключателей
  7
GOST
 11
12975.0
 21
12710.0
 31
0.0
100
AcDbText
  0
HATCH
  5
313
330
17
100
AcDbEntity
  8
TEXT
 62
7
420
15132390
100
AcDbHatch
 10
0.0
 20
0.0
 30
0.0
210
0.0
220
0.0
230
1.0
  2
SOLID
 70
1
 71
0
 91
1
 92
3
 72
0
 73
1
 93
4
 10
12975.0
 20
12370.750000000002
 10
20325.0
 20
12370.750000000002
 10
20325.0
 20
12630.000000000002
 10
12975.0
 20
12630.000000000002
 97
0
 75
1
 76
1
 98
0
  0
LWPOLYLINE
  5
314
330
17
100
AcDbEntity
  8
TEXT
 62
7
370
25
100
AcDbPolyline
 90
4
 70
1
 10
12975.0
 20
12370.750000000002
 10
20325.0
 20
12370.750000000002
 10
20325.0
 20
12630.000000000002
 10
12975.0
 20
12630.000000000002
  0
LWPOLYLINE
  5
315
330
17
100
AcDbEntity
  8
TEXT
 62
7
370
15
100
AcDbPolyline
 90
2
 70
0
 10
12975.0
 20
12630.000000000002
 10
12975.0
 20
12370.750000000002
  0
TEXT
  5
316
330
17
100
AcDbEntity
  8
TEXT
 62
7
100
AcDbText
 10
13015.0
 20
12515.0
 30
0.0
 40
65.0
  1
Марк
  7
GOST
 11
13015.0
 21
12515.0
 31
0.0
100
AcDbText
  0
TEXT
  5
317
330
17
100
AcDbEntity
  8
TEXT
 62
7
100
AcDbText
 10
13015.0
 20
12420.750000000002
 30
0.0
 40
65.0
  1
а
  7
GOST
 11
13015.0
 21
12420.750000000002
 31
0.0
100
AcDbText
  0
LWPOLYLINE
  5
318
330
17
100
AcDbEntity
  8
TEXT
 62
7
370
15
100
AcDbPolyline
 90
2
 70
0
 10
13375.0
 20
12630.000000000002
 10
13375.0
 20
12370.750000000002
  0
TEXT
  5
319
330
17
100
AcDbEntity
  8
TEXT
 62
7
100
AcDbText
 10
13415.0
 20
12515.0
 30
0.0
 40
65.0
  1
Пом.
  7
GOST
 11
13415.0
 21
12515.0
 31
0.0
100
AcDbText
  0
LWPOLYLINE
  5
31A
330
17
100
AcDbEntity
  8
TEXT
 62
7
370
15
100
AcDbPolyline
 90
2
 70
0
 10
13725.0
 20
12630.000000000002
 10
13725.0
 20
12370.750000000002
  0
TEXT
  5
31B
330
17
100
AcDbEntity
  8
TEXT
 62
7
100
AcDbText
 10
13765.0
 20
12515.0
 30
0.0
 40
65.0
  1
Тип
  7
GOST
 11
13765.0
 21
12515.0
 31
0.0
100
AcDbText
  0
LWPOLYLINE
  5
31C
330
17
100
AcDbEntity
  8
TEXT
 62
7
370
15
100
AcDbPolyline
 90
2
 70
0
 10
14225.0
 20
12630.000000000002
 10
14225.0
 20
12370.750000000002
  0
TEXT
  5
31D
330
17
100
AcDbEntity
  8
TEXT
 62
7
100
AcDbText
 10
14265.0
 20
12515.0
 30
0.0
 40
65.0
  1
h
  7
GOST
 11
14265.0
 21
12515.0
 31
0.0
100
AcDbText
  0
LWPOLYLINE
  5
31E
330
17
100
AcDbEntity
  8
TEXT
 62
7
370
15
100
AcDbPolyline
 90
2
 70
0
 10
14625.0
 20
12630.000000000002
 10
14625.0
 20
12370.750000000002
  0
TEXT
  5
31F
330
17
100
AcDbEntity
  8
TEXT
 62
7
100
AcDbText
 10
14665.0
 20
12515.0
 30
0.0
 40
65.0
  1
Управляет
  7
GOST
 11
14665.0
 21
12515.0
 31
0.0
100
AcDbText
  0
LWPOLYLINE
  5
320
330
17
100
AcDbEntity
  8
TEXT
 62
7
370
15
100
AcDbPolyline
 90
2
 70
0
 10
16425.0
 20
12630.000000000002
 10
16425.0
 20
12370.750000000002
  0
TEXT
  5
321
330
17
100
AcDbEntity
  8
TEXT
 62
7
100
AcDbText
 10
16465.0
 20
12515.0
 30
0.0
 40
65.0
  1
Стена
  7
GOST
 11
16465.0
 21
12515.0
 31
0.0
100
AcDbText
  0
LWPOLYLINE
  5
322
330
17
100
AcDbEntity
  8
TEXT
 62
7
370
15
100
AcDbPolyline
 90
2
 70
0
 10
17525.0
 20
12630.000000000002
 10
17525.0
 20
12370.750000000002
  0
TEXT
  5
323
330
17
100
AcDbEntity
  8
TEXT
 62
7
100
AcDbText
 10
17565.0
 20
12515.0
 30
0.0
 40
65.0
  1
Привязка, мм
  7
GOST
 11
17565.0
 21
12515.0
 31
0.0
100
AcDbText
  0
LWPOLYLINE
  5
324
330
17
100
AcDbEntity
  8
TEXT
 62
7
370
15
100
AcDbPolyline
 90
2
 70
0
 10
18825.0
 20
12630.000000000002
 10
18825.0
 20
12370.750000000002
  0
TEXT
  5
325
330
17
100
AcDbEntity
  8
TEXT
 62
7
100
AcDbText
 10
18865.0
 20
12515.0
 30
0.0
 40
65.0
  1
Примечание
  7
GOST
 11
18865.0
 21
12515.0
 31
0.0
100
AcDbText
  0
LWPOLYLINE
  5
326
330
17
100
AcDbEntity
  8
TEXT
 62
7
370
15
100
AcDbPolyline
 90
2
 70
0
 10
20325.0
 20
12630.000000000002
 10
20325.0
 20
12370.750000000002
  0
LWPOLYLINE
  5
327
330
17
100
AcDbEntity
  8
TEXT
 62
7
370
15
100
AcDbPolyline
 90
4
 70
1
 10
12975.0
 20
11923.0
 10
20325.0
 20
11923.0
 10
20325.0
 20
12370.750000000002
 10
12975.0
 20
12370.750000000002
  0
LWPOLYLINE
  5
328
330
17
100
AcDbEntity
  8
TEXT
 62
7
370
15
100
AcDbPolyline
 90
2
 70
0
 10
12975.0
 20
12370.750000000002
 10
12975.0
 20
11923.0
  0
TEXT
  5
329
330
17
100
AcDbEntity
  8
TEXT
 62
7
100
AcDbText
 10
13015.0
 20
12255.75
 30
0.0
 40
65.0
  1
S1
  7
GOST
 11
13015.0
 21
12255.75
 31
0.0
100
AcDbText
  0
LWPOLYLINE
  5
32A
330
17
100
AcDbEntity
  8
TEXT
 62
7
370
15
100
AcDbPolyline
 90
2
 70
0
 10
13375.0
 20
12370.750000000002
 10
13375.0
 20
11923.0
  0
TEXT
  5
32B
330
17
100
AcDbEntity
  8
TEXT
 62
7
100
AcDbText
 10
13415.0
 20
12255.75
 30
0.0
 40
65.0
  1
R3
  7
GOST
 11
13415.0
 21
12255.75
 31
0.0
100
AcDbText
  0
LWPOLYLINE
  5
32C
330
17
100
AcDbEntity
  8
TEXT
 62
7
370
15
100
AcDbPolyline
 90
2
 70
0
 10
13725.0
 20
12370.750000000002
 10
13725.0
 20
11923.0
  0
TEXT
  5
32D
330
17
100
AcDbEntity
  8
TEXT
 62
7
100
AcDbText
 10
13765.0
 20
12255.75
 30
0.0
 40
65.0
  1
dimmer
  7
GOST
 11
13765.0
 21
12255.75
 31
0.0
100
AcDbText
  0
LWPOLYLINE
  5
32E
330
17
100
AcDbEntity
  8
TEXT
 62
7
370
15
100
AcDbPolyline
 90
2
 70
0
 10
14225.0
 20
12370.750000000002
 10
14225.0
 20
11923.0
  0
TEXT
  5
32F
330
17
100
AcDbEntity
  8
TEXT
 62
7
100
AcDbText
 10
14265.0
 20
12255.75
 30
0.0
 40
65.0
  1
900
  7
GOST
 11
14265.0
 21
12255.75
 31
0.0
100
AcDbText
  0
LWPOLYLINE
  5
330
330
17
100
AcDbEntity
  8
TEXT
 62
7
370
15
100
AcDbPolyline
 90
2
 70
0
 10
14625.0
 20
12370.750000000002
 10
14625.0
 20
11923.0
  0
TEXT
  5
331
330
17
100
AcDbEntity
  8
TEXT
 62
7
100
AcDbText
 10
14665.0
 20
12255.75
 30
0.0
 40
65.0
  1
L3: Столовая — люстра
  7
GOST
 11
14665.0
 21
12255.75
 31
0.0
100
AcDbText
  0
LWPOLYLINE
  5
332
330
17
100
AcDbEntity
  8
TEXT
 62
7
370
15
100
AcDbPolyline
 90
2
 70
0
 10
16425.0
 20
12370.750000000002
 10
16425.0
 20
11923.0
  0
TEXT
  5
333
330
17
100
AcDbEntity
  8
TEXT
 62
7
100
AcDbText
 10
16465.0
 20
12255.75
 30
0.0
 40
65.0
  1
W11 (сторона
  7
GOST
 11
16465.0
 21
12255.75
 31
0.0
100
AcDbText
  0
TEXT
  5
334
330
17
100
AcDbEntity
  8
TEXT
 62
7
100
AcDbText
 10
16465.0
 20
12161.5
 30
0.0
 40
65.0
  1
прихожей)
  7
GOST
 11
16465.0
 21
12161.5
 31
0.0
100
AcDbText
  0
LWPOLYLINE
  5
335
330
17
100
AcDbEntity
  8
TEXT
 62
7
370
15
100
AcDbPolyline
 90
2
 70
0
 10
17525.0
 20
12370.750000000002
 10
17525.0
 20
11923.0
  0
TEXT
  5
336
330
17
100
AcDbEntity
  8
TEXT
 62
7
100
AcDbText
 10
17565.0
 20
12255.75
 30
0.0
 40
65.0
  1
3291 от W14; 0 от W11
  7
GOST
 11
17565.0
 21
12255.75
 31
0.0
100
AcDbText
  0
LWPOLYLINE
  5
337
330
17
100
AcDbEntity
  8
TEXT
 62
7
370
15
100
AcDbPolyline
 90
2
 70
0
 10
18825.0
 20
12370.750000000002
 10
18825.0
 20
11923.0
  0
TEXT
  5
338
330
17
100
AcDbEntity
  8
TEXT
 62
7
100
AcDbText
 10
18865.0
 20
12255.75
 30
0.0
 40
65.0
  1
вход в кухню из прихожей;
  7
GOST
 11
18865.0
 21
12255.75
 31
0.0
100
AcDbText
  0
TEXT
  5
339
330
17
100
AcDbEntity
  8
TEXT
 62
7
100
AcDbText
 10
18865.0
 20
12161.5
 30
0.0
 40
65.0
  1
Zigbee-диммер (работает и
  7
GOST
 11
18865.0
 21
12161.5
 31
0.0
100
AcDbText
  0
TEXT
  5
33A
330
17
100
AcDbEntity
  8
TEXT
 62
7
100
AcDbText
 10
18865.0
 20
12067.250000000002
 30
0.0
 40
65.0
  1
без шлюза), рамка 3-местная
  7
GOST
 11
18865.0
 21
12067.250000000002
 31
0.0
100
AcDbText
  0
TEXT
  5
33B
330
17
100
AcDbEntity
  8
TEXT
 62
7
100
AcDbText
 10
18865.0
 20
11973.000000000002
 30
0.0
 40
65.0
  1
S1–S2 + с…
  7
GOST
 11
18865.0
 21
11973.000000000002
 31
0.0
100
AcDbText
  0
LWPOLYLINE
  5
33C
330
17
100
AcDbEntity
  8
TEXT
 62
7
370
15
100
AcDbPolyline
 90
2
 70
0
 10
20325.0
 20
12370.750000000002
 10
20325.0
 20
11923.0
  0
LWPOLYLINE
  5
33D
330
17
100
AcDbEntity
  8
TEXT
 62
7
370
15
100
AcDbPolyline
 90
4
 70
1
 10
12975.0
 20
11569.5
 10
20325.0
 20
11569.5
 10
20325.0
 20
11923.0
 10
12975.0
 20
11923.0
  0
LWPOLYLINE
  5
33E
330
17
100
AcDbEntity
  8
TEXT
 62
7
370
15
100
AcDbPolyline
 90
2
 70
0
 10
12975.0
 20
11923.0
 10
12975.0
 20
11569.5
  0
TEXT
  5
33F
330
17
100
AcDbEntity
  8
TEXT
 62
7
100
AcDbText
 10
13015.0
 20
11808.0
 30
0.0
 40
65.0
  1
S2
  7
GOST
 11
13015.0
 21
11808.0
 31
0.0
100
AcDbText
  0
LWPOLYLINE
  5
340
330
17
100
AcDbEntity
  8
TEXT
 62
7
370
15
100
AcDbPolyline
 90
2
 70
0
 10
13375.0
 20
11923.0
 10
13375.0
 20
11569.5
  0
TEXT
  5
341
330
17
100
AcDbEntity
  8
TEXT
 62
7
100
AcDbText
 10
13415.0
 20
11808.0
 30
0.0
 40
65.0
  1
R3
  7
GOST
 11
13415.0
 21
11808.0
 31
0.0
100
AcDbText
  0
LWPOLYLINE
  5
342
330
17
100
AcDbEntity
  8
TEXT
 62
7
370
15
100
AcDbPolyline
 90
2
 70
0
 10
13725.0
 20
11923.0
 10
13725.0
 20
11569.5
  0
TEXT
  5
343
330
17
100
AcDbEntity
  8
TEXT
 62
7
100
AcDbText
 10
13765.0
 20
11808.0
 30
0.0
 40
65.0
  1
2kl
  7
GOST
 11
13765.0
 21
11808.0
 31
0.0
100
AcDbText
  0
LWPOLYLINE
  5
344
330
17
100
AcDbEntity
  8
TEXT
 62
7
370
15
100
AcDbPolyline
 90
2
 70
0
 10
14225.0
 20
11923.0
 10
14225.0
 20
11569.5
  0
TEXT
  5
345
330
17
100
AcDbEntity
  8
TEXT
 62
7
100
AcDbText
 10
14265.0
 20
11808.0
 30
0.0
 40
65.0
  1
900
  7
GOST
 11
14265.0
 21
11808.0
 31
0.0
100
AcDbText
  0
LWPOLYLINE
  5
346
330
17
100
AcDbEntity
  8
TEXT
 62
7
370
15
100
AcDbPolyline
 90
2
 70
0
 10
14625.0
 20
11923.0
 10
14625.0
 20
11569.5
  0
TEXT
  5
347
330
17
100
AcDbEntity
  8
TEXT
 62
7
100
AcDbText
 10
14665.0
 20
11808.0
 30
0.0
 40
65.0
  1
L2: Кухня — споты; L4: Столовая —
  7
GOST
 11
14665.0
 21
11808.0
 31
0.0
100
AcDbText
  0
TEXT
  5
348
330
17
100
AcDbEntity
  8
TEXT
 62
7
100
AcDbText
 10
14665.0
 20
11713.75
 30
0.0
 40
65.0
  1
бра + буфет
  7
GOST
 11
14665.0
 21
11713.75
 31
0.0
100
AcDbText
  0
LWPOLYLINE
  5
349
330
17
100
AcDbEntity
  8
TEXT
 62
7
370
15
100
AcDbPolyline
 90
2
 70
0
 10
16425.0
 20
11923.0
 10
16425.0
 20
11569.5
  0
TEXT
  5
34A
330
17
100
AcDbEntity
  8
TEXT
 62
7
100
AcDbText
 10
16465.0
 20
11808.0
 30
0.0
 40
65.0
  1
W11
  7
GOST
 11
16465.0
 21
11808.0
 31
0.0
100
AcDbText
  0
LWPOLYLINE
  5
34B
330
17
100
AcDbEntity
  8
TEXT
 62
7
370
15
100
AcDbPolyline
 90
2
 70
0
 10
17525.0
 20
11923.0
 10
17525.0
 20
11569.5
  0
TEXT
  5
34C
330
17
100
AcDbEntity
  8
TEXT
 62
7
100
AcDbText
 10
17565.0
 20
11808.0
 30
0.0
 40
65.0
  1
3201 от W14; 0 от W11
  7
GOST
 11
17565.0
 21
11808.0
 31
0.0
100
AcDbText
  0
LWPOLYLINE
  5
34D
330
17
100
AcDbEntity
  8
TEXT
 62
7
370
15
100
AcDbPolyline
 90
2
 70
0
 10
18825.0
 20
11923.0
 10
18825.0
 20
11569.5
  0
TEXT
  5
34E
330
17
100
AcDbEntity
  8
TEXT
 62
7
100
AcDbText
 10
18865.0
 20
11808.0
 30
0.0
 40
65.0
  1
в одной рамке с S1;
  7
GOST
 11
18865.0
 21
11808.0
 31
0.0
100
AcDbText
  0
TEXT
  5
34F
330
17
100
AcDbEntity
  8
TEXT
 62
7
100
AcDbText
 10
18865.0
 20
11713.75
 30
0.0
 40
65.0
  1
Zigbee-реле/диммеры за
  7
GOST
 11
18865.0
 21
11713.75
 31
0.0
100
AcDbText
  0
TEXT
  5
350
330
17
100
AcDbEntity
  8
TEXT
 62
7
100
AcDbText
 10
18865.0
 20
11619.5
 30
0.0
 40
65.0
  1
клавишами
  7
GOST
 11
18865.0
 21
11619.5
 31
0.0
100
AcDbText
  0
LWPOLYLINE
  5
351
330
17
100
AcDbEntity
  8
TEXT
 62
7
370
15
100
AcDbPolyline
 90
2
 70
0
 10
20325.0
 20
11923.0
 10
20325.0
 20
11569.5
  0
LWPOLYLINE
  5
352
330
17
100
AcDbEntity
  8
TEXT
 62
7
370
15
100
AcDbPolyline
 90
4
 70
1
 10
12975.0
 20
11310.25
 10
20325.0
 20
11310.25
 10
20325.0
 20
11569.5
 10
12975.0
 20
11569.5
  0
LWPOLYLINE
  5
353
330
17
100
AcDbEntity
  8
TEXT
 62
7
370
15
100
AcDbPolyline
 90
2
 70
0
 10
12975.0
 20
11569.5
 10
12975.0
 20
11310.25
  0
TEXT
  5
354
330
17
100
AcDbEntity
  8
TEXT
 62
7
100
AcDbText
 10
13015.0
 20
11454.5
 30
0.0
 40
65.0
  1
S3
  7
GOST
 11
13015.0
 21
11454.5
 31
0.0
100
AcDbText
  0
LWPOLYLINE
  5
355
330
17
100
AcDbEntity
  8
TEXT
 62
7
370
15
100
AcDbPolyline
 90
2
 70
0
 10
13375.0
 20
11569.5
 10
13375.0
 20
11310.25
  0
TEXT
  5
356
330
17
100
AcDbEntity
  8
TEXT
 62
7
100
AcDbText
 10
13415.0
 20
11454.5
 30
0.0
 40
65.0
  1
R3
  7
GOST
 11
13415.0
 21
11454.5
 31
0.0
100
AcDbText
  0
LWPOLYLINE
  5
357
330
17
100
AcDbEntity
  8
TEXT
 62
7
370
15
100
AcDbPolyline
 90
2
 70
0
 10
13725.0
 20
11569.5
 10
13725.0
 20
11310.25
  0
TEXT
  5
358
330
17
100
AcDbEntity
  8
TEXT
 62
7
100
AcDbText
 10
13765.0
 20
11454.5
 30
0.0
 40
65.0
  1
2kl
  7
GOST
 11
13765.0
 21
11454.5
 31
0.0
100
AcDbText
  0
LWPOLYLINE
  5
359
330
17
100
AcDbEntity
  8
TEXT
 62
7
370
15
100
AcDbPolyline
 90
2
 70
0
 10
14225.0
 20
11569.5
 10
14225.0
 20
11310.25
  0
TEXT
  5
35A
330
17
100
AcDbEntity
  8
TEXT
 62
7
100
AcDbText
 10
14265.0
 20
11454.5
 30
0.0
 40
65.0
  1
1100
  7
GOST
 11
14265.0
 21
11454.5
 31
0.0
100
AcDbText
  0
LWPOLYLINE
  5
35B
330
17
100
AcDbEntity
  8
TEXT
 62
7
370
15
100
AcDbPolyline
 90
2
 70
0
 10
14625.0
 20
11569.5
 10
14625.0
 20
11310.25
  0
TEXT
  5
35C
330
17
100
AcDbEntity
  8
TEXT
 62
7
100
AcDbText
 10
14665.0
 20
11454.5
 30
0.0
 40
65.0
  1
L1: Кухня — рабочая подсветка; L5:
  7
GOST
 11
14665.0
 21
11454.5
 31
0.0
100
AcDbText
  0
TEXT
  5
35D
330
17
100
AcDbEntity
  8
TEXT
 62
7
100
AcDbText
 10
14665.0
 20
11360.25
 30
0.0
 40
65.0
  1
Кухня — цоколь (ночь/кино)
  7
GOST
 11
14665.0
 21
11360.25
 31
0.0
100
AcDbText
  0
LWPOLYLINE
  5
35E
330
17
100
AcDbEntity
  8
TEXT
 62
7
370
15
100
AcDbPolyline
 90
2
 70
0
 10
16425.0
 20
11569.5
 10
16425.0
 20
11310.25
  0
TEXT
  5
35F
330
17
100
AcDbEntity
  8
TEXT
 62
7
100
AcDbText
 10
16465.0
 20
11454.5
 30
0.0
 40
65.0
  1
W3 (фартук)
  7
GOST
 11
16465.0
 21
11454.5
 31
0.0
100
AcDbText
  0
LWPOLYLINE
  5
360
330
17
100
AcDbEntity
  8
TEXT
 62
7
370
15
100
AcDbPolyline
 90
2
 70
0
 10
17525.0
 20
11569.5
 10
17525.0
 20
11310.25
  0
TEXT
  5
361
330
17
100
AcDbEntity
  8
TEXT
 62
7
100
AcDbText
 10
17565.0
 20
11454.5
 30
0.0
 40
65.0
  1
940 от W10; 0 от W3
  7
GOST
 11
17565.0
 21
11454.5
 31
0.0
100
AcDbText
  0
LWPOLYLINE
  5
362
330
17
100
AcDbEntity
  8
TEXT
 62
7
370
15
100
AcDbPolyline
 90
2
 70
0
 10
18825.0
 20
11569.5
 10
18825.0
 20
11310.25
  0
TEXT
  5
363
330
17
100
AcDbEntity
  8
TEXT
 62
7
100
AcDbText
 10
18865.0
 20
11454.5
 30
0.0
 40
65.0
  1
в рамке с розеткой P-K06
  7
GOST
 11
18865.0
 21
11454.5
 31
0.0
100
AcDbText
  0
TEXT
  5
364
330
17
100
AcDbEntity
  8
TEXT
 62
7
100
AcDbText
 10
18865.0
 20
11360.25
 30
0.0
 40
65.0
  1
(фартук над ПММ)
  7
GOST
 11
18865.0
 21
11360.25
 31
0.0
100
AcDbText
  0
LWPOLYLINE
  5
365
330
17
100
AcDbEntity
  8
TEXT
 62
7
370
15
100
AcDbPolyline
 90
2
 70
0
 10
20325.0
 20
11569.5
 10
20325.0
 20
11310.25
  0
LWPOLYLINE
  5
366
330
17
100
AcDbEntity
  8
TEXT
 62
7
370
15
100
AcDbPolyline
 90
4
 70
1
 10
12975.0
 20
10956.750000000002
 10
20325.0
 20
10956.750000000002
 10
20325.0
 20
11310.25
 10
12975.0
 20
11310.25
  0
LWPOLYLINE
  5
367
330
17
100
AcDbEntity
  8
TEXT
 62
7
370
15
100
AcDbPolyline
 90
2
 70
0
 10
12975.0
 20
11310.25
 10
12975.0
 20
10956.750000000002
  0
TEXT
  5
368
330
17
100
AcDbEntity
  8
TEXT
 62
7
100
AcDbText
 10
13015.0
 20
11195.25
 30
0.0
 40
65.0
  1
S4
  7
GOST
 11
13015.0
 21
11195.25
 31
0.0
100
AcDbText
  0
LWPOLYLINE
  5
369
330
17
100
AcDbEntity
  8
TEXT
 62
7
370
15
100
AcDbPolyline
 90
2
 70
0
 10
13375.0
 20
11310.25
 10
13375.0
 20
10956.750000000002
  0
TEXT
  5
36A
330
17
100
AcDbEntity
  8
TEXT
 62
7
100
AcDbText
 10
13415.0
 20
11195.25
 30
0.0
 40
65.0
  1
R7
  7
GOST
 11
13415.0
 21
11195.25
 31
0.0
100
AcDbText
  0
LWPOLYLINE
  5
36B
330
17
100
AcDbEntity
  8
TEXT
 62
7
370
15
100
AcDbPolyline
 90
2
 70
0
 10
13725.0
 20
11310.25
 10
13725.0
 20
10956.750000000002
  0
TEXT
  5
36C
330
17
100
AcDbEntity
  8
TEXT
 62
7
100
AcDbText
 10
13765.0
 20
11195.25
 30
0.0
 40
65.0
  1
2kl
  7
GOST
 11
13765.0
 21
11195.25
 31
0.0
100
AcDbText
  0
LWPOLYLINE
  5
36D
330
17
100
AcDbEntity
  8
TEXT
 62
7
370
15
100
AcDbPolyline
 90
2
 70
0
 10
14225.0
 20
11310.25
 10
14225.0
 20
10956.750000000002
  0
TEXT
  5
36E
330
17
100
AcDbEntity
  8
TEXT
 62
7
100
AcDbText
 10
14265.0
 20
11195.25
 30
0.0
 40
65.0
  1
900
  7
GOST
 11
14265.0
 21
11195.25
 31
0.0
100
AcDbText
  0
LWPOLYLINE
  5
36F
330
17
100
AcDbEntity
  8
TEXT
 62
7
370
15
100
AcDbPolyline
 90
2
 70
0
 10
14625.0
 20
11310.25
 10
14625.0
 20
10956.750000000002
  0
TEXT
  5
370
330
17
100
AcDbEntity
  8
TEXT
 62
7
100
AcDbText
 10
14665.0
 20
11195.25
 30
0.0
 40
65.0
  1
L6: Балкон — споты; L7: Балкон —
  7
GOST
 11
14665.0
 21
11195.25
 31
0.0
100
AcDbText
  0
TEXT
  5
371
330
17
100
AcDbEntity
  8
TEXT
 62
7
100
AcDbText
 10
14665.0
 20
11101.0
 30
0.0
 40
65.0
  1
цоколь дивана
  7
GOST
 11
14665.0
 21
11101.0
 31
0.0
100
AcDbText
  0
LWPOLYLINE
  5
372
330
17
100
AcDbEntity
  8
TEXT
 62
7
370
15
100
AcDbPolyline
 90
2
 70
0
 10
16425.0
 20
11310.25
 10
16425.0
 20
10956.750000000002
  0
TEXT
  5
373
330
17
100
AcDbEntity
  8
TEXT
 62
7
100
AcDbText
 10
16465.0
 20
11195.25
 30
0.0
 40
65.0
  1
W2 простенок
  7
GOST
 11
16465.0
 21
11195.25
 31
0.0
100
AcDbText
  0
TEXT
  5
374
330
17
100
AcDbEntity
  8
TEXT
 62
7
100
AcDbText
 10
16465.0
 20
11101.0
 30
0.0
 40
65.0
  1
(балкон)
  7
GOST
 11
16465.0
 21
11101.0
 31
0.0
100
AcDbText
  0
LWPOLYLINE
  5
375
330
17
100
AcDbEntity
  8
TEXT
 62
7
370
15
100
AcDbPolyline
 90
2
 70
0
 10
17525.0
 20
11310.25
 10
17525.0
 20
10956.750000000002
  0
TEXT
  5
376
330
17
100
AcDbEntity
  8
TEXT
 62
7
100
AcDbText
 10
17565.0
 20
11195.25
 30
0.0
 40
65.0
  1
0 от W2; 608 от B2
  7
GOST
 11
17565.0
 21
11195.25
 31
0.0
100
AcDbText
  0
LWPOLYLINE
  5
377
330
17
100
AcDbEntity
  8
TEXT
 62
7
370
15
100
AcDbPolyline
 90
2
 70
0
 10
18825.0
 20
11310.25
 10
18825.0
 20
10956.750000000002
  0
TEXT
  5
378
330
17
100
AcDbEntity
  8
TEXT
 62
7
100
AcDbText
 10
18865.0
 20
11195.25
 30
0.0
 40
65.0
  1
Zigbee-диммеры; рядом
  7
GOST
 11
18865.0
 21
11195.25
 31
0.0
100
AcDbText
  0
TEXT
  5
379
330
17
100
AcDbEntity
  8
TEXT
 62
7
100
AcDbText
 10
18865.0
 20
11101.0
 30
0.0
 40
65.0
  1
терморегулятор ТП балкона
  7
GOST
 11
18865.0
 21
11101.0
 31
0.0
100
AcDbText
  0
TEXT
  5
37A
330
17
100
AcDbEntity
  8
TEXT
 62
7
100
AcDbText
 10
18865.0
 20
11006.750000000002
 30
0.0
 40
65.0
  1
T3 и кнопка «Кино» ZB-2
  7
GOST
 11
18865.0
 21
11006.750000000002
 31
0.0
100
AcDbText
  0
LWPOLYLINE
  5
37B
330
17
100
AcDbEntity
  8
TEXT
 62
7
370
15
100
AcDbPolyline
 90
2
 70
0
 10
20325.0
 20
11310.25
 10
20325.0
 20
10956.750000000002
  0
LWPOLYLINE
  5
37C
330
17
100
AcDbEntity
  8
TEXT
 62
7
370
15
100
AcDbPolyline
 90
4
 70
1
 10
12975.0
 20
10509.0
 10
20325.0
 20
10509.0
 10
20325.0
 20
10956.750000000002
 10
12975.0
 20
10956.750000000002
  0
LWPOLYLINE
  5
37D
330
17
100
AcDbEntity
  8
TEXT
 62
7
370
15
100
AcDbPolyline
 90
2
 70
0
 10
12975.0
 20
10956.750000000002
 10
12975.0
 20
10509.0
  0
TEXT
  5
37E
330
17
100
AcDbEntity
  8
TEXT
 62
7
100
AcDbText
 10
13015.0
 20
10841.75
 30
0.0
 40
65.0
  1
S5
  7
GOST
 11
13015.0
 21
10841.75
 31
0.0
100
AcDbText
  0
LWPOLYLINE
  5
37F
330
17
100
AcDbEntity
  8
TEXT
 62
7
370
15
100
AcDbPolyline
 90
2
 70
0
 10
13375.0
 20
10956.750000000002
 10
13375.0
 20
10509.0
  0
TEXT
  5
380
330
17
100
AcDbEntity
  8
TEXT
 62
7
100
AcDbText
 10
13415.0
 20
10841.75
 30
0.0
 40
65.0
  1
R1
  7
GOST
 11
13415.0
 21
10841.75
 31
0.0
100
AcDbText
  0
LWPOLYLINE
  5
381
330
17
100
AcDbEntity
  8
TEXT
 62
7
370
15
100
AcDbPolyline
 90
2
 70
0
 10
13725.0
 20
10956.750000000002
 10
13725.0
 20
10509.0
  0
TEXT
  5
382
330
17
100
AcDbEntity
  8
TEXT
 62
7
100
AcDbText
 10
13765.0
 20
10841.75
 30
0.0
 40
65.0
  1
pass
  7
GOST
 11
13765.0
 21
10841.75
 31
0.0
100
AcDbText
  0
LWPOLYLINE
  5
383
330
17
100
AcDbEntity
  8
TEXT
 62
7
370
15
100
AcDbPolyline
 90
2
 70
0
 10
14225.0
 20
10956.750000000002
 10
14225.0
 20
10509.0
  0
TEXT
  5
384
330
17
100
AcDbEntity
  8
TEXT
 62
7
100
AcDbText
 10
14265.0
 20
10841.75
 30
0.0
 40
65.0
  1
900
  7
GOST
 11
14265.0
 21
10841.75
 31
0.0
100
AcDbText
  0
LWPOLYLINE
  5
385
330
17
100
AcDbEntity
  8
TEXT
 62
7
370
15
100
AcDbPolyline
 90
2
 70
0
 10
14625.0
 20
10956.750000000002
 10
14625.0
 20
10509.0
  0
TEXT
  5
386
330
17
100
AcDbEntity
  8
TEXT
 62
7
100
AcDbText
 10
14665.0
 20
10841.75
 30
0.0
 40
65.0
  1
L8: Спальня — люстра; L9+L10:
  7
GOST
 11
14665.0
 21
10841.75
 31
0.0
100
AcDbText
  0
TEXT
  5
387
330
17
100
AcDbEntity
  8
TEXT
 62
7
100
AcDbText
 10
14665.0
 20
10747.5
 30
0.0
 40
65.0
  1
Спальня — LED буазери + Спальня
  7
GOST
 11
14665.0
 21
10747.5
 31
0.0
100
AcDbText
  0
TEXT
  5
388
330
17
100
AcDbEntity
  8
TEXT
 62
7
100
AcDbText
 10
14665.0
 20
10653.250000000002
 30
0.0
 40
65.0
  1
— LED карниз
  7
GOST
 11
14665.0
 21
10653.250000000002
 31
0.0
100
AcDbText
  0
LWPOLYLINE
  5
389
330
17
100
AcDbEntity
  8
TEXT
 62
7
370
15
100
AcDbPolyline
 90
2
 70
0
 10
16425.0
 20
10956.750000000002
 10
16425.0
 20
10509.0
  0
TEXT
  5
38A
330
17
100
AcDbEntity
  8
TEXT
 62
7
100
AcDbText
 10
16465.0
 20
10841.75
 30
0.0
 40
65.0
  1
W7 (облицовка ГКЛ)
  7
GOST
 11
16465.0
 21
10841.75
 31
0.0
100
AcDbText
  0
LWPOLYLINE
  5
38B
330
17
100
AcDbEntity
  8
TEXT
 62
7
370
15
100
AcDbPolyline
 90
2
 70
0
 10
17525.0
 20
10956.750000000002
 10
17525.0
 20
10509.0
  0
TEXT
  5
38C
330
17
100
AcDbEntity
  8
TEXT
 62
7
100
AcDbText
 10
17565.0
 20
10841.75
 30
0.0
 40
65.0
  1
0 от W7; 1200 от W8
  7
GOST
 11
17565.0
 21
10841.75
 31
0.0
100
AcDbText
  0
LWPOLYLINE
  5
38D
330
17
100
AcDbEntity
  8
TEXT
 62
7
370
15
100
AcDbPolyline
 90
2
 70
0
 10
18825.0
 20
10956.750000000002
 10
18825.0
 20
10509.0
  0
TEXT
  5
38E
330
17
100
AcDbEntity
  8
TEXT
 62
7
100
AcDbText
 10
18865.0
 20
10841.75
 30
0.0
 40
65.0
  1
у входа в спальню,
  7
GOST
 11
18865.0
 21
10841.75
 31
0.0
100
AcDbText
  0
TEXT
  5
38F
330
17
100
AcDbEntity
  8
TEXT
 62
7
100
AcDbText
 10
18865.0
 20
10747.5
 30
0.0
 40
65.0
  1
2-клавишный проходной:
  7
GOST
 11
18865.0
 21
10747.5
 31
0.0
100
AcDbText
  0
TEXT
  5
390
330
17
100
AcDbEntity
  8
TEXT
 62
7
100
AcDbText
 10
18865.0
 20
10653.250000000002
 30
0.0
 40
65.0
  1
кл.1 — цепь L8 (с S6/S8), кл.2
  7
GOST
 11
18865.0
 21
10653.250000000002
 31
0.0
100
AcDbText
  0
TEXT
  5
391
330
17
100
AcDbEntity
  8
TEXT
 62
7
100
AcDbText
 10
18865.0
 20
10559.000000000002
 30
0.0
 40
65.0
  1
— цепь L9+L10 (с…
  7
GOST
 11
18865.0
 21
10559.000000000002
 31
0.0
100
AcDbText
  0
LWPOLYLINE
  5
392
330
17
100
AcDbEntity
  8
TEXT
 62
7
370
15
100
AcDbPolyline
 90
2
 70
0
 10
20325.0
 20
10956.750000000002
 10
20325.0
 20
10509.0
  0
LWPOLYLINE
  5
393
330
17
100
AcDbEntity
  8
TEXT
 62
7
370
15
100
AcDbPolyline
 90
4
 70
1
 10
12975.0
 20
10249.75
 10
20325.0
 20
10249.75
 10
20325.0
 20
10509.0
 10
12975.0
 20
10509.0
  0
LWPOLYLINE
  5
394
330
17
100
AcDbEntity
  8
TEXT
 62
7
370
15
100
AcDbPolyline
 90
2
 70
0
 10
12975.0
 20
10509.0
 10
12975.0
 20
10249.75
  0
TEXT
  5
395
330
17
100
AcDbEntity
  8
TEXT
 62
7
100
AcDbText
 10
13015.0
 20
10394.0
 30
0.0
 40
65.0
  1
S6
  7
GOST
 11
13015.0
 21
10394.0
 31
0.0
100
AcDbText
  0
LWPOLYLINE
  5
396
330
17
100
AcDbEntity
  8
TEXT
 62
7
370
15
100
AcDbPolyline
 90
2
 70
0
 10
13375.0
 20
10509.0
 10
13375.0
 20
10249.75
  0
TEXT
  5
397
330
17
100
AcDbEntity
  8
TEXT
 62
7
100
AcDbText
 10
13415.0
 20
10394.0
 30
0.0
 40
65.0
  1
R1
  7
GOST
 11
13415.0
 21
10394.0
 31
0.0
100
AcDbText
  0
LWPOLYLINE
  5
398
330
17
100
AcDbEntity
  8
TEXT
 62
7
370
15
100
AcDbPolyline
 90
2
 70
0
 10
13725.0
 20
10509.0
 10
13725.0
 20
10249.75
  0
TEXT
  5
399
330
17
100
AcDbEntity
  8
TEXT
 62
7
100
AcDbText
 10
13765.0
 20
10394.0
 30
0.0
 40
65.0
  1
cross
  7
GOST
 11
13765.0
 21
10394.0
 31
0.0
100
AcDbText
  0
LWPOLYLINE
  5
39A
330
17
100
AcDbEntity
  8
TEXT
 62
7
370
15
100
AcDbPolyline
 90
2
 70
0
 10
14225.0
 20
10509.0
 10
14225.0
 20
10249.75
  0
TEXT
  5
39B
330
17
100
AcDbEntity
  8
TEXT
 62
7
100
AcDbText
 10
14265.0
 20
10394.0
 30
0.0
 40
65.0
  1
750
  7
GOST
 11
14265.0
 21
10394.0
 31
0.0
100
AcDbText
  0
LWPOLYLINE
  5
39C
330
17
100
AcDbEntity
  8
TEXT
 62
7
370
15
100
AcDbPolyline
 90
2
 70
0
 10
14625.0
 20
10509.0
 10
14625.0
 20
10249.75
  0
TEXT
  5
39D
330
17
100
AcDbEntity
  8
TEXT
 62
7
100
AcDbText
 10
14665.0
 20
10394.0
 30
0.0
 40
65.0
  1
L8: Спальня — люстра
  7
GOST
 11
14665.0
 21
10394.0
 31
0.0
100
AcDbText
  0
LWPOLYLINE
  5
39E
330
17
100
AcDbEntity
  8
TEXT
 62
7
370
15
100
AcDbPolyline
 90
2
 70
0
 10
16425.0
 20
10509.0
 10
16425.0
 20
10249.75
  0
TEXT
  5
39F
330
17
100
AcDbEntity
  8
TEXT
 62
7
100
AcDbText
 10
16465.0
 20
10394.0
 30
0.0
 40
65.0
  1
буазери F41 (сторона
  7
GOST
 11
16465.0
 21
10394.0
 31
0.0
100
AcDbText
  0
TEXT
  5
3A0
330
17
100
AcDbEntity
  8
TEXT
 62
7
100
AcDbText
 10
16465.0
 20
10299.75
 30
0.0
 40
65.0
  1
входа)
  7
GOST
 11
16465.0
 21
10299.75
 31
0.0
100
AcDbText
  0
LWPOLYLINE
  5
3A1
330
17
100
AcDbEntity
  8
TEXT
 62
7
370
15
100
AcDbPolyline
 90
2
 70
0
 10
17525.0
 20
10509.0
 10
17525.0
 20
10249.75
  0
TEXT
  5
3A2
330
17
100
AcDbEntity
  8
TEXT
 62
7
100
AcDbText
 10
17565.0
 20
10394.0
 30
0.0
 40
65.0
  1
40 от W2; 1530 от W8
  7
GOST
 11
17565.0
 21
10394.0
 31
0.0
100
AcDbText
  0
LWPOLYLINE
  5
3A3
330
17
100
AcDbEntity
  8
TEXT
 62
7
370
15
100
AcDbPolyline
 90
2
 70
0
 10
18825.0
 20
10509.0
 10
18825.0
 20
10249.75
  0
TEXT
  5
3A4
330
17
100
AcDbEntity
  8
TEXT
 62
7
100
AcDbText
 10
18865.0
 20
10394.0
 30
0.0
 40
65.0
  1
у кровати, рамка над тумбой
  7
GOST
 11
18865.0
 21
10394.0
 31
0.0
100
AcDbText
  0
TEXT
  5
3A5
330
17
100
AcDbEntity
  8
TEXT
 62
7
100
AcDbText
 10
18865.0
 20
10299.75
 30
0.0
 40
65.0
  1
F43
  7
GOST
 11
18865.0
 21
10299.75
 31
0.0
100
AcDbText
  0
LWPOLYLINE
  5
3A6
330
17
100
AcDbEntity
  8
TEXT
 62
7
370
15
100
AcDbPolyline
 90
2
 70
0
 10
20325.0
 20
10509.0
 10
20325.0
 20
10249.75
  0
LWPOLYLINE
  5
3A7
330
17
100
AcDbEntity
  8
TEXT
 62
7
370
15
100
AcDbPolyline
 90
4
 70
1
 10
12975.0
 20
9990.5
 10
20325.0
 20
9990.5
 10
20325.0
 20
10249.75
 10
12975.0
 20
10249.75
  0
LWPOLYLINE
  5
3A8
330
17
100
AcDbEntity
  8
TEXT
 62
7
370
15
100
AcDbPolyline
 90
2
 70
0
 10
12975.0
 20
10249.75
 10
12975.0
 20
9990.5
  0
TEXT
  5
3A9
330
17
100
AcDbEntity
  8
TEXT
 62
7
100
AcDbText
 10
13015.0
 20
10134.75
 30
0.0
 40
65.0
  1
S7
  7
GOST
 11
13015.0
 21
10134.75
 31
0.0
100
AcDbText
  0
LWPOLYLINE
  5
3AA
330
17
100
AcDbEntity
  8
TEXT
 62
7
370
15
100
AcDbPolyline
 90
2
 70
0
 10
13375.0
 20
10249.75
 10
13375.0
 20
9990.5
  0
TEXT
  5
3AB
330
17
100
AcDbEntity
  8
TEXT
 62
7
100
AcDbText
 10
13415.0
 20
10134.75
 30
0.0
 40
65.0
  1
R1
  7
GOST
 11
13415.0
 21
10134.75
 31
0.0
100
AcDbText
  0
LWPOLYLINE
  5
3AC
330
17
100
AcDbEntity
  8
TEXT
 62
7
370
15
100
AcDbPolyline
 90
2
 70
0
 10
13725.0
 20
10249.75
 10
13725.0
 20
9990.5
  0
TEXT
  5
3AD
330
17
100
AcDbEntity
  8
TEXT
 62
7
100
AcDbText
 10
13765.0
 20
10134.75
 30
0.0
 40
65.0
  1
pass
  7
GOST
 11
13765.0
 21
10134.75
 31
0.0
100
AcDbText
  0
LWPOLYLINE
  5
3AE
330
17
100
AcDbEntity
  8
TEXT
 62
7
370
15
100
AcDbPolyline
 90
2
 70
0
 10
14225.0
 20
10249.75
 10
14225.0
 20
9990.5
  0
TEXT
  5
3AF
330
17
100
AcDbEntity
  8
TEXT
 62
7
100
AcDbText
 10
14265.0
 20
10134.75
 30
0.0
 40
65.0
  1
750
  7
GOST
 11
14265.0
 21
10134.75
 31
0.0
100
AcDbText
  0
LWPOLYLINE
  5
3B0
330
17
100
AcDbEntity
  8
TEXT
 62
7
370
15
100
AcDbPolyline
 90
2
 70
0
 10
14625.0
 20
10249.75
 10
14625.0
 20
9990.5
  0
TEXT
  5
3B1
330
17
100
AcDbEntity
  8
TEXT
 62
7
100
AcDbText
 10
14665.0
 20
10134.75
 30
0.0
 40
65.0
  1
L9: Спальня — LED буазери; L10:
  7
GOST
 11
14665.0
 21
10134.75
 31
0.0
100
AcDbText
  0
TEXT
  5
3B2
330
17
100
AcDbEntity
  8
TEXT
 62
7
100
AcDbText
 10
14665.0
 20
10040.5
 30
0.0
 40
65.0
  1
Спальня — LED карниз
  7
GOST
 11
14665.0
 21
10040.5
 31
0.0
100
AcDbText
  0
LWPOLYLINE
  5
3B3
330
17
100
AcDbEntity
  8
TEXT
 62
7
370
15
100
AcDbPolyline
 90
2
 70
0
 10
16425.0
 20
10249.75
 10
16425.0
 20
9990.5
  0
TEXT
  5
3B4
330
17
100
AcDbEntity
  8
TEXT
 62
7
100
AcDbText
 10
16465.0
 20
10134.75
 30
0.0
 40
65.0
  1
буазери F41
  7
GOST
 11
16465.0
 21
10134.75
 31
0.0
100
AcDbText
  0
LWPOLYLINE
  5
3B5
330
17
100
AcDbEntity
  8
TEXT
 62
7
370
15
100
AcDbPolyline
 90
2
 70
0
 10
17525.0
 20
10249.75
 10
17525.0
 20
9990.5
  0
TEXT
  5
3B6
330
17
100
AcDbEntity
  8
TEXT
 62
7
100
AcDbText
 10
17565.0
 20
10134.75
 30
0.0
 40
65.0
  1
40 от W2; 1590 от W8
  7
GOST
 11
17565.0
 21
10134.75
 31
0.0
100
AcDbText
  0
LWPOLYLINE
  5
3B7
330
17
100
AcDbEntity
  8
TEXT
 62
7
370
15
100
AcDbPolyline
 90
2
 70
0
 10
18825.0
 20
10249.75
 10
18825.0
 20
9990.5
  0
TEXT
  5
3B8
330
17
100
AcDbEntity
  8
TEXT
 62
7
100
AcDbText
 10
18865.0
 20
10134.75
 30
0.0
 40
65.0
  1
у кровати, та же рамка
  7
GOST
 11
18865.0
 21
10134.75
 31
0.0
100
AcDbText
  0
LWPOLYLINE
  5
3B9
330
17
100
AcDbEntity
  8
TEXT
 62
7
370
15
100
AcDbPolyline
 90
2
 70
0
 10
20325.0
 20
10249.75
 10
20325.0
 20
9990.5
  0
LWPOLYLINE
  5
3BA
330
17
100
AcDbEntity
  8
TEXT
 62
7
370
15
100
AcDbPolyline
 90
4
 70
1
 10
12975.0
 20
9731.25
 10
20325.0
 20
9731.25
 10
20325.0
 20
9990.5
 10
12975.0
 20
9990.5
  0
LWPOLYLINE
  5
3BB
330
17
100
AcDbEntity
  8
TEXT
 62
7
370
15
100
AcDbPolyline
 90
2
 70
0
 10
12975.0
 20
9990.5
 10
12975.0
 20
9731.25
  0
TEXT
  5
3BC
330
17
100
AcDbEntity
  8
TEXT
 62
7
100
AcDbText
 10
13015.0
 20
9875.5
 30
0.0
 40
65.0
  1
S8
  7
GOST
 11
13015.0
 21
9875.5
 31
0.0
100
AcDbText
  0
LWPOLYLINE
  5
3BD
330
17
100
AcDbEntity
  8
TEXT
 62
7
370
15
100
AcDbPolyline
 90
2
 70
0
 10
13375.0
 20
9990.5
 10
13375.0
 20
9731.25
  0
TEXT
  5
3BE
330
17
100
AcDbEntity
  8
TEXT
 62
7
100
AcDbText
 10
13415.0
 20
9875.5
 30
0.0
 40
65.0
  1
R1
  7
GOST
 11
13415.0
 21
9875.5
 31
0.0
100
AcDbText
  0
LWPOLYLINE
  5
3BF
330
17
100
AcDbEntity
  8
TEXT
 62
7
370
15
100
AcDbPolyline
 90
2
 70
0
 10
13725.0
 20
9990.5
 10
13725.0
 20
9731.25
  0
TEXT
  5
3C0
330
17
100
AcDbEntity
  8
TEXT
 62
7
100
AcDbText
 10
13765.0
 20
9875.5
 30
0.0
 40
65.0
  1
pass
  7
GOST
 11
13765.0
 21
9875.5
 31
0.0
100
AcDbText
  0
LWPOLYLINE
  5
3C1
330
17
100
AcDbEntity
  8
TEXT
 62
7
370
15
100
AcDbPolyline
 90
2
 70
0
 10
14225.0
 20
9990.5
 10
14225.0
 20
9731.25
  0
TEXT
  5
3C2
330
17
100
AcDbEntity
  8
TEXT
 62
7
100
AcDbText
 10
14265.0
 20
9875.5
 30
0.0
 40
65.0
  1
750
  7
GOST
 11
14265.0
 21
9875.5
 31
0.0
100
AcDbText
  0
LWPOLYLINE
  5
3C3
330
17
100
AcDbEntity
  8
TEXT
 62
7
370
15
100
AcDbPolyline
 90
2
 70
0
 10
14625.0
 20
9990.5
 10
14625.0
 20
9731.25
  0
TEXT
  5
3C4
330
17
100
AcDbEntity
  8
TEXT
 62
7
100
AcDbText
 10
14665.0
 20
9875.5
 30
0.0
 40
65.0
  1
L8: Спальня — люстра
  7
GOST
 11
14665.0
 21
9875.5
 31
0.0
100
AcDbText
  0
LWPOLYLINE
  5
3C5
330
17
100
AcDbEntity
  8
TEXT
 62
7
370
15
100
AcDbPolyline
 90
2
 70
0
 10
16425.0
 20
9990.5
 10
16425.0
 20
9731.25
  0
TEXT
  5
3C6
330
17
100
AcDbEntity
  8
TEXT
 62
7
100
AcDbText
 10
16465.0
 20
9875.5
 30
0.0
 40
65.0
  1
буазери F41 (сторона
  7
GOST
 11
16465.0
 21
9875.5
 31
0.0
100
AcDbText
  0
TEXT
  5
3C7
330
17
100
AcDbEntity
  8
TEXT
 62
7
100
AcDbText
 10
16465.0
 20
9781.25
 30
0.0
 40
65.0
  1
окна)
  7
GOST
 11
16465.0
 21
9781.25
 31
0.0
100
AcDbText
  0
LWPOLYLINE
  5
3C8
330
17
100
AcDbEntity
  8
TEXT
 62
7
370
15
100
AcDbPolyline
 90
2
 70
0
 10
17525.0
 20
9990.5
 10
17525.0
 20
9731.25
  0
TEXT
  5
3C9
330
17
100
AcDbEntity
  8
TEXT
 62
7
100
AcDbText
 10
17565.0
 20
9875.5
 30
0.0
 40
65.0
  1
40 от W2; 931 от W1
  7
GOST
 11
17565.0
 21
9875.5
 31
0.0
100
AcDbText
  0
LWPOLYLINE
  5
3CA
330
17
100
AcDbEntity
  8
TEXT
 62
7
370
15
100
AcDbPolyline
 90
2
 70
0
 10
18825.0
 20
9990.5
 10
18825.0
 20
9731.25
  0
TEXT
  5
3CB
330
17
100
AcDbEntity
  8
TEXT
 62
7
100
AcDbText
 10
18865.0
 20
9875.5
 30
0.0
 40
65.0
  1
у кровати, рамка над тумбой
  7
GOST
 11
18865.0
 21
9875.5
 31
0.0
100
AcDbText
  0
TEXT
  5
3CC
330
17
100
AcDbEntity
  8
TEXT
 62
7
100
AcDbText
 10
18865.0
 20
9781.25
 30
0.0
 40
65.0
  1
F44
  7
GOST
 11
18865.0
 21
9781.25
 31
0.0
100
AcDbText
  0
LWPOLYLINE
  5
3CD
330
17
100
AcDbEntity
  8
TEXT
 62
7
370
15
100
AcDbPolyline
 90
2
 70
0
 10
20325.0
 20
9990.5
 10
20325.0
 20
9731.25
  0
LWPOLYLINE
  5
3CE
330
17
100
AcDbEntity
  8
TEXT
 62
7
370
15
100
AcDbPolyline
 90
4
 70
1
 10
12975.0
 20
9472.0
 10
20325.0
 20
9472.0
 10
20325.0
 20
9731.25
 10
12975.0
 20
9731.25
  0
LWPOLYLINE
  5
3CF
330
17
100
AcDbEntity
  8
TEXT
 62
7
370
15
100
AcDbPolyline
 90
2
 70
0
 10
12975.0
 20
9731.25
 10
12975.0
 20
9472.0
  0
TEXT
  5
3D0
330
17
100
AcDbEntity
  8
TEXT
 62
7
100
AcDbText
 10
13015.0
 20
9616.25
 30
0.0
 40
65.0
  1
S9
  7
GOST
 11
13015.0
 21
9616.25
 31
0.0
100
AcDbText
  0
LWPOLYLINE
  5
3D1
330
17
100
AcDbEntity
  8
TEXT
 62
7
370
15
100
AcDbPolyline
 90
2
 70
0
 10
13375.0
 20
9731.25
 10
13375.0
 20
9472.0
  0
TEXT
  5
3D2
330
17
100
AcDbEntity
  8
TEXT
 62
7
100
AcDbText
 10
13415.0
 20
9616.25
 30
0.0
 40
65.0
  1
R1
  7
GOST
 11
13415.0
 21
9616.25
 31
0.0
100
AcDbText
  0
LWPOLYLINE
  5
3D3
330
17
100
AcDbEntity
  8
TEXT
 62
7
370
15
100
AcDbPolyline
 90
2
 70
0
 10
13725.0
 20
9731.25
 10
13725.0
 20
9472.0
  0
TEXT
  5
3D4
330
17
100
AcDbEntity
  8
TEXT
 62
7
100
AcDbText
 10
13765.0
 20
9616.25
 30
0.0
 40
65.0
  1
1kl
  7
GOST
 11
13765.0
 21
9616.25
 31
0.0
100
AcDbText
  0
LWPOLYLINE
  5
3D5
330
17
100
AcDbEntity
  8
TEXT
 62
7
370
15
100
AcDbPolyline
 90
2
 70
0
 10
14225.0
 20
9731.25
 10
14225.0
 20
9472.0
  0
TEXT
  5
3D6
330
17
100
AcDbEntity
  8
TEXT
 62
7
100
AcDbText
 10
14265.0
 20
9616.25
 30
0.0
 40
65.0
  1
750
  7
GOST
 11
14265.0
 21
9616.25
 31
0.0
100
AcDbText
  0
LWPOLYLINE
  5
3D7
330
17
100
AcDbEntity
  8
TEXT
 62
7
370
15
100
AcDbPolyline
 90
2
 70
0
 10
14625.0
 20
9731.25
 10
14625.0
 20
9472.0
  0
TEXT
  5
3D8
330
17
100
AcDbEntity
  8
TEXT
 62
7
100
AcDbText
 10
14665.0
 20
9616.25
 30
0.0
 40
65.0
  1
L11: Спальня — бра
  7
GOST
 11
14665.0
 21
9616.25
 31
0.0
100
AcDbText
  0
LWPOLYLINE
  5
3D9
330
17
100
AcDbEntity
  8
TEXT
 62
7
370
15
100
AcDbPolyline
 90
2
 70
0
 10
16425.0
 20
9731.25
 10
16425.0
 20
9472.0
  0
TEXT
  5
3DA
330
17
100
AcDbEntity
  8
TEXT
 62
7
100
AcDbText
 10
16465.0
 20
9616.25
 30
0.0
 40
65.0
  1
буазери F41
  7
GOST
 11
16465.0
 21
9616.25
 31
0.0
100
AcDbText
  0
LWPOLYLINE
  5
3DB
330
17
100
AcDbEntity
  8
TEXT
 62
7
370
15
100
AcDbPolyline
 90
2
 70
0
 10
17525.0
 20
9731.25
 10
17525.0
 20
9472.0
  0
TEXT
  5
3DC
330
17
100
AcDbEntity
  8
TEXT
 62
7
100
AcDbText
 10
17565.0
 20
9616.25
 30
0.0
 40
65.0
  1
40 от W2; 1650 от W8
  7
GOST
 11
17565.0
 21
9616.25
 31
0.0
100
AcDbText
  0
LWPOLYLINE
  5
3DD
330
17
100
AcDbEntity
  8
TEXT
 62
7
370
15
100
AcDbPolyline
 90
2
 70
0
 10
18825.0
 20
9731.25
 10
18825.0
 20
9472.0
  0
TEXT
  5
3DE
330
17
100
AcDbEntity
  8
TEXT
 62
7
100
AcDbText
 10
18865.0
 20
9616.25
 30
0.0
 40
65.0
  1
бра L11-1 (сторона входа);
  7
GOST
 11
18865.0
 21
9616.25
 31
0.0
100
AcDbText
  0
TEXT
  5
3DF
330
17
100
AcDbEntity
  8
TEXT
 62
7
100
AcDbText
 10
18865.0
 20
9522.0
 30
0.0
 40
65.0
  1
L11-2 — S10
  7
GOST
 11
18865.0
 21
9522.0
 31
0.0
100
AcDbText
  0
LWPOLYLINE
  5
3E0
330
17
100
AcDbEntity
  8
TEXT
 62
7
370
15
100
AcDbPolyline
 90
2
 70
0
 10
20325.0
 20
9731.25
 10
20325.0
 20
9472.0
  0
LWPOLYLINE
  5
3E1
330
17
100
AcDbEntity
  8
TEXT
 62
7
370
15
100
AcDbPolyline
 90
4
 70
1
 10
12975.0
 20
9307.0
 10
20325.0
 20
9307.0
 10
20325.0
 20
9472.0
 10
12975.0
 20
9472.0
  0
LWPOLYLINE
  5
3E2
330
17
100
AcDbEntity
  8
TEXT
 62
7
370
15
100
AcDbPolyline
 90
2
 70
0
 10
12975.0
 20
9472.0
 10
12975.0
 20
9307.0
  0
TEXT
  5
3E3
330
17
100
AcDbEntity
  8
TEXT
 62
7
100
AcDbText
 10
13015.0
 20
9357.0
 30
0.0
 40
65.0
  1
S10
  7
GOST
 11
13015.0
 21
9357.0
 31
0.0
100
AcDbText
  0
LWPOLYLINE
  5
3E4
330
17
100
AcDbEntity
  8
TEXT
 62
7
370
15
100
AcDbPolyline
 90
2
 70
0
 10
13375.0
 20
9472.0
 10
13375.0
 20
9307.0
  0
TEXT
  5
3E5
330
17
100
AcDbEntity
  8
TEXT
 62
7
100
AcDbText
 10
13415.0
 20
9357.0
 30
0.0
 40
65.0
  1
R1
  7
GOST
 11
13415.0
 21
9357.0
 31
0.0
100
AcDbText
  0
LWPOLYLINE
  5
3E6
330
17
100
AcDbEntity
  8
TEXT
 62
7
370
15
100
AcDbPolyline
 90
2
 70
0
 10
13725.0
 20
9472.0
 10
13725.0
 20
9307.0
  0
TEXT
  5
3E7
330
17
100
AcDbEntity
  8
TEXT
 62
7
100
AcDbText
 10
13765.0
 20
9357.0
 30
0.0
 40
65.0
  1
1kl
  7
GOST
 11
13765.0
 21
9357.0
 31
0.0
100
AcDbText
  0
LWPOLYLINE
  5
3E8
330
17
100
AcDbEntity
  8
TEXT
 62
7
370
15
100
AcDbPolyline
 90
2
 70
0
 10
14225.0
 20
9472.0
 10
14225.0
 20
9307.0
  0
TEXT
  5
3E9
330
17
100
AcDbEntity
  8
TEXT
 62
7
100
AcDbText
 10
14265.0
 20
9357.0
 30
0.0
 40
65.0
  1
750
  7
GOST
 11
14265.0
 21
9357.0
 31
0.0
100
AcDbText
  0
LWPOLYLINE
  5
3EA
330
17
100
AcDbEntity
  8
TEXT
 62
7
370
15
100
AcDbPolyline
 90
2
 70
0
 10
14625.0
 20
9472.0
 10
14625.0
 20
9307.0
  0
TEXT
  5
3EB
330
17
100
AcDbEntity
  8
TEXT
 62
7
100
AcDbText
 10
14665.0
 20
9357.0
 30
0.0
 40
65.0
  1
L11: Спальня — бра
  7
GOST
 11
14665.0
 21
9357.0
 31
0.0
100
AcDbText
  0
LWPOLYLINE
  5
3EC
330
17
100
AcDbEntity
  8
TEXT
 62
7
370
15
100
AcDbPolyline
 90
2
 70
0
 10
16425.0
 20
9472.0
 10
16425.0
 20
9307.0
  0
TEXT
  5
3ED
330
17
100
AcDbEntity
  8
TEXT
 62
7
100
AcDbText
 10
16465.0
 20
9357.0
 30
0.0
 40
65.0
  1
буазери F41
  7
GOST
 11
16465.0
 21
9357.0
 31
0.0
100
AcDbText
  0
LWPOLYLINE
  5
3EE
330
17
100
AcDbEntity
  8
TEXT
 62
7
370
15
100
AcDbPolyline
 90
2
 70
0
 10
17525.0
 20
9472.0
 10
17525.0
 20
9307.0
  0
TEXT
  5
3EF
330
17
100
AcDbEntity
  8
TEXT
 62
7
100
AcDbText
 10
17565.0
 20
9357.0
 30
0.0
 40
65.0
  1
40 от W2; 871 от W1
  7
GOST
 11
17565.0
 21
9357.0
 31
0.0
100
AcDbText
  0
LWPOLYLINE
  5
3F0
330
17
100
AcDbEntity
  8
TEXT
 62
7
370
15
100
AcDbPolyline
 90
2
 70
0
 10
18825.0
 20
9472.0
 10
18825.0
 20
9307.0
  0
TEXT
  5
3F1
330
17
100
AcDbEntity
  8
TEXT
 62
7
100
AcDbText
 10
18865.0
 20
9357.0
 30
0.0
 40
65.0
  1
бра L11-2 (сторона окна)
  7
GOST
 11
18865.0
 21
9357.0
 31
0.0
100
AcDbText
  0
LWPOLYLINE
  5
3F2
330
17
100
AcDbEntity
  8
TEXT
 62
7
370
15
100
AcDbPolyline
 90
2
 70
0
 10
20325.0
 20
9472.0
 10
20325.0
 20
9307.0
  0
LWPOLYLINE
  5
3F3
330
17
100
AcDbEntity
  8
TEXT
 62
7
370
15
100
AcDbPolyline
 90
4
 70
1
 10
12975.0
 20
8953.5
 10
20325.0
 20
8953.5
 10
20325.0
 20
9307.0
 10
12975.0
 20
9307.0
  0
LWPOLYLINE
  5
3F4
330
17
100
AcDbEntity
  8
TEXT
 62
7
370
15
100
AcDbPolyline
 90
2
 70
0
 10
12975.0
 20
9307.0
 10
12975.0
 20
8953.5
  0
TEXT
  5
3F5
330
17
100
AcDbEntity
  8
TEXT
 62
7
100
AcDbText
 10
13015.0
 20
9191.999999999998
 30
0.0
 40
65.0
  1
S11
  7
GOST
 11
13015.0
 21
9191.999999999998
 31
0.0
100
AcDbText
  0
LWPOLYLINE
  5
3F6
330
17
100
AcDbEntity
  8
TEXT
 62
7
370
15
100
AcDbPolyline
 90
2
 70
0
 10
13375.0
 20
9307.0
 10
13375.0
 20
8953.5
  0
TEXT
  5
3F7
330
17
100
AcDbEntity
  8
TEXT
 62
7
100
AcDbText
 10
13415.0
 20
9191.999999999998
 30
0.0
 40
65.0
  1
R2
  7
GOST
 11
13415.0
 21
9191.999999999998
 31
0.0
100
AcDbText
  0
LWPOLYLINE
  5
3F8
330
17
100
AcDbEntity
  8
TEXT
 62
7
370
15
100
AcDbPolyline
 90
2
 70
0
 10
13725.0
 20
9307.0
 10
13725.0
 20
8953.5
  0
TEXT
  5
3F9
330
17
100
AcDbEntity
  8
TEXT
 62
7
100
AcDbText
 10
13765.0
 20
9191.999999999998
 30
0.0
 40
65.0
  1
dimmer
  7
GOST
 11
13765.0
 21
9191.999999999998
 31
0.0
100
AcDbText
  0
LWPOLYLINE
  5
3FA
330
17
100
AcDbEntity
  8
TEXT
 62
7
370
15
100
AcDbPolyline
 90
2
 70
0
 10
14225.0
 20
9307.0
 10
14225.0
 20
8953.5
  0
TEXT
  5
3FB
330
17
100
AcDbEntity
  8
TEXT
 62
7
100
AcDbText
 10
14265.0
 20
9191.999999999998
 30
0.0
 40
65.0
  1
900
  7
GOST
 11
14265.0
 21
9191.999999999998
 31
0.0
100
AcDbText
  0
LWPOLYLINE
  5
3FC
330
17
100
AcDbEntity
  8
TEXT
 62
7
370
15
100
AcDbPolyline
 90
2
 70
0
 10
14625.0
 20
9307.0
 10
14625.0
 20
8953.5
  0
TEXT
  5
3FD
330
17
100
AcDbEntity
  8
TEXT
 62
7
100
AcDbText
 10
14665.0
 20
9191.999999999998
 30
0.0
 40
65.0
  1
L14: Детская — потолочный
  7
GOST
 11
14665.0
 21
9191.999999999998
 31
0.0
100
AcDbText
  0
LWPOLYLINE
  5
3FE
330
17
100
AcDbEntity
  8
TEXT
 62
7
370
15
100
AcDbPolyline
 90
2
 70
0
 10
16425.0
 20
9307.0
 10
16425.0
 20
8953.5
  0
TEXT
  5
3FF
330
17
100
AcDbEntity
  8
TEXT
 62
7
100
AcDbText
 10
16465.0
 20
9191.999999999998
 30
0.0
 40
65.0
  1
NW4 (у двери D2, со
  7
GOST
 11
16465.0
 21
9191.999999999998
 31
0.0
100
AcDbText
  0
TEXT
  5
400
330
17
100
AcDbEntity
  8
TEXT
 62
7
100
AcDbText
 10
16465.0
 20
9097.75
 30
0.0
 40
65.0
  1
стороны ручки)
  7
GOST
 11
16465.0
 21
9097.75
 31
0.0
100
AcDbText
  0
LWPOLYLINE
  5
401
330
17
100
AcDbEntity
  8
TEXT
 62
7
370
15
100
AcDbPolyline
 90
2
 70
0
 10
17525.0
 20
9307.0
 10
17525.0
 20
8953.5
  0
TEXT
  5
402
330
17
100
AcDbEntity
  8
TEXT
 62
7
100
AcDbText
 10
17565.0
 20
9191.999999999998
 30
0.0
 40
65.0
  1
1025 от W7; 0 от NW4
  7
GOST
 11
17565.0
 21
9191.999999999998
 31
0.0
100
AcDbText
  0
LWPOLYLINE
  5
403
330
17
100
AcDbEntity
  8
TEXT
 62
7
370
15
100
AcDbPolyline
 90
2
 70
0
 10
18825.0
 20
9307.0
 10
18825.0
 20
8953.5
  0
TEXT
  5
404
330
17
100
AcDbEntity
  8
TEXT
 62
7
100
AcDbText
 10
18865.0
 20
9191.999999999998
 30
0.0
 40
65.0
  1
Zigbee-диммер +
  7
GOST
 11
18865.0
 21
9191.999999999998
 31
0.0
100
AcDbText
  0
TEXT
  5
405
330
17
100
AcDbEntity
  8
TEXT
 62
7
100
AcDbText
 10
18865.0
 20
9097.75
 30
0.0
 40
65.0
  1
беспроводной пульт ZB-4 у
  7
GOST
 11
18865.0
 21
9097.75
 31
0.0
100
AcDbText
  0
TEXT
  5
406
330
17
100
AcDbEntity
  8
TEXT
 62
7
100
AcDbText
 10
18865.0
 20
9003.5
 30
0.0
 40
65.0
  1
кровати (без штроб в W6/W1)
  7
GOST
 11
18865.0
 21
9003.5
 31
0.0
100
AcDbText
  0
LWPOLYLINE
  5
407
330
17
100
AcDbEntity
  8
TEXT
 62
7
370
15
100
AcDbPolyline
 90
2
 70
0
 10
20325.0
 20
9307.0
 10
20325.0
 20
8953.5
  0
LWPOLYLINE
  5
408
330
17
100
AcDbEntity
  8
TEXT
 62
7
370
15
100
AcDbPolyline
 90
4
 70
1
 10
12975.0
 20
8505.749999999998
 10
20325.0
 20
8505.749999999998
 10
20325.0
 20
8953.5
 10
12975.0
 20
8953.5
  0
LWPOLYLINE
  5
409
330
17
100
AcDbEntity
  8
TEXT
 62
7
370
15
100
AcDbPolyline
 90
2
 70
0
 10
12975.0
 20
8953.5
 10
12975.0
 20
8505.749999999998
  0
TEXT
  5
40A
330
17
100
AcDbEntity
  8
TEXT
 62
7
100
AcDbText
 10
13015.0
 20
8838.5
 30
0.0
 40
65.0
  1
S12
  7
GOST
 11
13015.0
 21
8838.5
 31
0.0
100
AcDbText
  0
LWPOLYLINE
  5
40B
330
17
100
AcDbEntity
  8
TEXT
 62
7
370
15
100
AcDbPolyline
 90
2
 70
0
 10
13375.0
 20
8953.5
 10
13375.0
 20
8505.749999999998
  0
TEXT
  5
40C
330
17
100
AcDbEntity
  8
TEXT
 62
7
100
AcDbText
 10
13415.0
 20
8838.5
 30
0.0
 40
65.0
  1
R4
  7
GOST
 11
13415.0
 21
8838.5
 31
0.0
100
AcDbText
  0
LWPOLYLINE
  5
40D
330
17
100
AcDbEntity
  8
TEXT
 62
7
370
15
100
AcDbPolyline
 90
2
 70
0
 10
13725.0
 20
8953.5
 10
13725.0
 20
8505.749999999998
  0
TEXT
  5
40E
330
17
100
AcDbEntity
  8
TEXT
 62
7
100
AcDbText
 10
13765.0
 20
8838.5
 30
0.0
 40
65.0
  1
2kl
  7
GOST
 11
13765.0
 21
8838.5
 31
0.0
100
AcDbText
  0
LWPOLYLINE
  5
40F
330
17
100
AcDbEntity
  8
TEXT
 62
7
370
15
100
AcDbPolyline
 90
2
 70
0
 10
14225.0
 20
8953.5
 10
14225.0
 20
8505.749999999998
  0
TEXT
  5
410
330
17
100
AcDbEntity
  8
TEXT
 62
7
100
AcDbText
 10
14265.0
 20
8838.5
 30
0.0
 40
65.0
  1
900
  7
GOST
 11
14265.0
 21
8838.5
 31
0.0
100
AcDbText
  0
LWPOLYLINE
  5
411
330
17
100
AcDbEntity
  8
TEXT
 62
7
370
15
100
AcDbPolyline
 90
2
 70
0
 10
14625.0
 20
8953.5
 10
14625.0
 20
8505.749999999998
  0
TEXT
  5
412
330
17
100
AcDbEntity
  8
TEXT
 62
7
100
AcDbText
 10
14665.0
 20
8838.5
 30
0.0
 40
65.0
  1
L15: Прихожая — споты; L16:
  7
GOST
 11
14665.0
 21
8838.5
 31
0.0
100
AcDbText
  0
TEXT
  5
413
330
17
100
AcDbEntity
  8
TEXT
 62
7
100
AcDbText
 10
14665.0
 20
8744.25
 30
0.0
 40
65.0
  1
Коридор — споты
  7
GOST
 11
14665.0
 21
8744.25
 31
0.0
100
AcDbText
  0
LWPOLYLINE
  5
414
330
17
100
AcDbEntity
  8
TEXT
 62
7
370
15
100
AcDbPolyline
 90
2
 70
0
 10
16425.0
 20
8953.5
 10
16425.0
 20
8505.749999999998
  0
TEXT
  5
415
330
17
100
AcDbEntity
  8
TEXT
 62
7
100
AcDbText
 10
16465.0
 20
8838.5
 30
0.0
 40
65.0
  1
W5 (у входной двери,
  7
GOST
 11
16465.0
 21
8838.5
 31
0.0
100
AcDbText
  0
TEXT
  5
416
330
17
100
AcDbEntity
  8
TEXT
 62
7
100
AcDbText
 10
16465.0
 20
8744.25
 30
0.0
 40
65.0
  1
сторона ручки)
  7
GOST
 11
16465.0
 21
8744.25
 31
0.0
100
AcDbText
  0
LWPOLYLINE
  5
417
330
17
100
AcDbEntity
  8
TEXT
 62
7
370
15
100
AcDbPolyline
 90
2
 70
0
 10
17525.0
 20
8953.5
 10
17525.0
 20
8505.749999999998
  0
TEXT
  5
418
330
17
100
AcDbEntity
  8
TEXT
 62
7
100
AcDbText
 10
17565.0
 20
8838.5
 30
0.0
 40
65.0
  1
86 от W14; 1 от W5
  7
GOST
 11
17565.0
 21
8838.5
 31
0.0
100
AcDbText
  0
LWPOLYLINE
  5
419
330
17
100
AcDbEntity
  8
TEXT
 62
7
370
15
100
AcDbPolyline
 90
2
 70
0
 10
18825.0
 20
8953.5
 10
18825.0
 20
8505.749999999998
  0
TEXT
  5
41A
330
17
100
AcDbEntity
  8
TEXT
 62
7
100
AcDbText
 10
18865.0
 20
8838.5
 30
0.0
 40
65.0
  1
кл.1 — L15 прихожая; кл.2 —
  7
GOST
 11
18865.0
 21
8838.5
 31
0.0
100
AcDbText
  0
TEXT
  5
41B
330
17
100
AcDbEntity
  8
TEXT
 62
7
100
AcDbText
 10
18865.0
 20
8744.25
 30
0.0
 40
65.0
  1
L16 коридор (проходной с
  7
GOST
 11
18865.0
 21
8744.25
 31
0.0
100
AcDbText
  0
TEXT
  5
41C
330
17
100
AcDbEntity
  8
TEXT
 62
7
100
AcDbText
 10
18865.0
 20
8650.0
 30
0.0
 40
65.0
  1
S13); рядом кнопка «Уход»
  7
GOST
 11
18865.0
 21
8650.0
 31
0.0
100
AcDbText
  0
TEXT
  5
41D
330
17
100
AcDbEntity
  8
TEXT
 62
7
100
AcDbText
 10
18865.0
 20
8555.75
 30
0.0
 40
65.0
  1
ZB-3
  7
GOST
 11
18865.0
 21
8555.75
 31
0.0
100
AcDbText
  0
LWPOLYLINE
  5
41E
330
17
100
AcDbEntity
  8
TEXT
 62
7
370
15
100
AcDbPolyline
 90
2
 70
0
 10
20325.0
 20
8953.5
 10
20325.0
 20
8505.749999999998
  0
LWPOLYLINE
  5
41F
330
17
100
AcDbEntity
  8
TEXT
 62
7
370
15
100
AcDbPolyline
 90
4
 70
1
 10
12975.0
 20
8246.499999999998
 10
20325.0
 20
8246.499999999998
 10
20325.0
 20
8505.749999999998
 10
12975.0
 20
8505.749999999998
  0
LWPOLYLINE
  5
420
330
17
100
AcDbEntity
  8
TEXT
 62
7
370
15
100
AcDbPolyline
 90
2
 70
0
 10
12975.0
 20
8505.749999999998
 10
12975.0
 20
8246.499999999998
  0
TEXT
  5
421
330
17
100
AcDbEntity
  8
TEXT
 62
7
100
AcDbText
 10
13015.0
 20
8390.749999999998
 30
0.0
 40
65.0
  1
S13
  7
GOST
 11
13015.0
 21
8390.749999999998
 31
0.0
100
AcDbText
  0
LWPOLYLINE
  5
422
330
17
100
AcDbEntity
  8
TEXT
 62
7
370
15
100
AcDbPolyline
 90
2
 70
0
 10
13375.0
 20
8505.749999999998
 10
13375.0
 20
8246.499999999998
  0
TEXT
  5
423
330
17
100
AcDbEntity
  8
TEXT
 62
7
100
AcDbText
 10
13415.0
 20
8390.749999999998
 30
0.0
 40
65.0
  1
R4
  7
GOST
 11
13415.0
 21
8390.749999999998
 31
0.0
100
AcDbText
  0
LWPOLYLINE
  5
424
330
17
100
AcDbEntity
  8
TEXT
 62
7
370
15
100
AcDbPolyline
 90
2
 70
0
 10
13725.0
 20
8505.749999999998
 10
13725.0
 20
8246.499999999998
  0
TEXT
  5
425
330
17
100
AcDbEntity
  8
TEXT
 62
7
100
AcDbText
 10
13765.0
 20
8390.749999999998
 30
0.0
 40
65.0
  1
pass
  7
GOST
 11
13765.0
 21
8390.749999999998
 31
0.0
100
AcDbText
  0
LWPOLYLINE
  5
426
330
17
100
AcDbEntity
  8
TEXT
 62
7
370
15
100
AcDbPolyline
 90
2
 70
0
 10
14225.0
 20
8505.749999999998
 10
14225.0
 20
8246.499999999998
  0
TEXT
  5
427
330
17
100
AcDbEntity
  8
TEXT
 62
7
100
AcDbText
 10
14265.0
 20
8390.749999999998
 30
0.0
 40
65.0
  1
900
  7
GOST
 11
14265.0
 21
8390.749999999998
 31
0.0
100
AcDbText
  0
LWPOLYLINE
  5
428
330
17
100
AcDbEntity
  8
TEXT
 62
7
370
15
100
AcDbPolyline
 90
2
 70
0
 10
14625.0
 20
8505.749999999998
 10
14625.0
 20
8246.499999999998
  0
TEXT
  5
429
330
17
100
AcDbEntity
  8
TEXT
 62
7
100
AcDbText
 10
14665.0
 20
8390.749999999998
 30
0.0
 40
65.0
  1
L16: Коридор — споты
  7
GOST
 11
14665.0
 21
8390.749999999998
 31
0.0
100
AcDbText
  0
LWPOLYLINE
  5
42A
330
17
100
AcDbEntity
  8
TEXT
 62
7
370
15
100
AcDbPolyline
 90
2
 70
0
 10
16425.0
 20
8505.749999999998
 10
16425.0
 20
8246.499999999998
  0
TEXT
  5
42B
330
17
100
AcDbEntity
  8
TEXT
 62
7
100
AcDbText
 10
16465.0
 20
8390.749999999998
 30
0.0
 40
65.0
  1
W12 (конец
  7
GOST
 11
16465.0
 21
8390.749999999998
 31
0.0
100
AcDbText
  0
TEXT
  5
42C
330
17
100
AcDbEntity
  8
TEXT
 62
7
100
AcDbText
 10
16465.0
 20
8296.499999999998
 30
0.0
 40
65.0
  1
коридора у детской)
  7
GOST
 11
16465.0
 21
8296.499999999998
 31
0.0
100
AcDbText
  0
LWPOLYLINE
  5
42D
330
17
100
AcDbEntity
  8
TEXT
 62
7
370
15
100
AcDbPolyline
 90
2
 70
0
 10
17525.0
 20
8505.749999999998
 10
17525.0
 20
8246.499999999998
  0
TEXT
  5
42E
330
17
100
AcDbEntity
  8
TEXT
 62
7
100
AcDbText
 10
17565.0
 20
8390.749999999998
 30
0.0
 40
65.0
  1
0 от W12; 191 от NW4
  7
GOST
 11
17565.0
 21
8390.749999999998
 31
0.0
100
AcDbText
  0
LWPOLYLINE
  5
42F
330
17
100
AcDbEntity
  8
TEXT
 62
7
370
15
100
AcDbPolyline
 90
2
 70
0
 10
18825.0
 20
8505.749999999998
 10
18825.0
 20
8246.499999999998
  0
TEXT
  5
430
330
17
100
AcDbEntity
  8
TEXT
 62
7
100
AcDbText
 10
18865.0
 20
8390.749999999998
 30
0.0
 40
65.0
  1
проходной, пара к S12 кл.2
  7
GOST
 11
18865.0
 21
8390.749999999998
 31
0.0
100
AcDbText
  0
LWPOLYLINE
  5
431
330
17
100
AcDbEntity
  8
TEXT
 62
7
370
15
100
AcDbPolyline
 90
2
 70
0
 10
20325.0
 20
8505.749999999998
 10
20325.0
 20
8246.499999999998
  0
LWPOLYLINE
  5
432
330
17
100
AcDbEntity
  8
TEXT
 62
7
370
15
100
AcDbPolyline
 90
4
 70
1
 10
12975.0
 20
7798.749999999998
 10
20325.0
 20
7798.749999999998
 10
20325.0
 20
8246.499999999998
 10
12975.0
 20
8246.499999999998
  0
LWPOLYLINE
  5
433
330
17
100
AcDbEntity
  8
TEXT
 62
7
370
15
100
AcDbPolyline
 90
2
 70
0
 10
12975.0
 20
8246.499999999998
 10
12975.0
 20
7798.749999999998
  0
TEXT
  5
434
330
17
100
AcDbEntity
  8
TEXT
 62
7
100
AcDbText
 10
13015.0
 20
8131.499999999998
 30
0.0
 40
65.0
  1
S14
  7
GOST
 11
13015.0
 21
8131.499999999998
 31
0.0
100
AcDbText
  0
LWPOLYLINE
  5
435
330
17
100
AcDbEntity
  8
TEXT
 62
7
370
15
100
AcDbPolyline
 90
2
 70
0
 10
13375.0
 20
8246.499999999998
 10
13375.0
 20
7798.749999999998
  0
TEXT
  5
436
330
17
100
AcDbEntity
  8
TEXT
 62
7
100
AcDbText
 10
13415.0
 20
8131.499999999998
 30
0.0
 40
65.0
  1
R4
  7
GOST
 11
13415.0
 21
8131.499999999998
 31
0.0
100
AcDbText
  0
LWPOLYLINE
  5
437
330
17
100
AcDbEntity
  8
TEXT
 62
7
370
15
100
AcDbPolyline
 90
2
 70
0
 10
13725.0
 20
8246.499999999998
 10
13725.0
 20
7798.749999999998
  0
TEXT
  5
438
330
17
100
AcDbEntity
  8
TEXT
 62
7
100
AcDbText
 10
13765.0
 20
8131.499999999998
 30
0.0
 40
65.0
  1
1kl
  7
GOST
 11
13765.0
 21
8131.499999999998
 31
0.0
100
AcDbText
  0
LWPOLYLINE
  5
439
330
17
100
AcDbEntity
  8
TEXT
 62
7
370
15
100
AcDbPolyline
 90
2
 70
0
 10
14225.0
 20
8246.499999999998
 10
14225.0
 20
7798.749999999998
  0
TEXT
  5
43A
330
17
100
AcDbEntity
  8
TEXT
 62
7
100
AcDbText
 10
14265.0
 20
8131.499999999998
 30
0.0
 40
65.0
  1
900
  7
GOST
 11
14265.0
 21
8131.499999999998
 31
0.0
100
AcDbText
  0
LWPOLYLINE
  5
43B
330
17
100
AcDbEntity
  8
TEXT
 62
7
370
15
100
AcDbPolyline
 90
2
 70
0
 10
14625.0
 20
8246.499999999998
 10
14625.0
 20
7798.749999999998
  0
TEXT
  5
43C
330
17
100
AcDbEntity
  8
TEXT
 62
7
100
AcDbText
 10
14665.0
 20
8131.499999999998
 30
0.0
 40
65.0
  1
L19: Ванная — споты + вентилятор
  7
GOST
 11
14665.0
 21
8131.499999999998
 31
0.0
100
AcDbText
  0
LWPOLYLINE
  5
43D
330
17
100
AcDbEntity
  8
TEXT
 62
7
370
15
100
AcDbPolyline
 90
2
 70
0
 10
16425.0
 20
8246.499999999998
 10
16425.0
 20
7798.749999999998
  0
TEXT
  5
43E
330
17
100
AcDbEntity
  8
TEXT
 62
7
100
AcDbText
 10
16465.0
 20
8131.499999999998
 30
0.0
 40
65.0
  1
NW8 (коридор, у
  7
GOST
 11
16465.0
 21
8131.499999999998
 31
0.0
100
AcDbText
  0
TEXT
  5
43F
330
17
100
AcDbEntity
  8
TEXT
 62
7
100
AcDbText
 10
16465.0
 20
8037.249999999999
 30
0.0
 40
65.0
  1
двери D3)
  7
GOST
 11
16465.0
 21
8037.249999999999
 31
0.0
100
AcDbText
  0
LWPOLYLINE
  5
440
330
17
100
AcDbEntity
  8
TEXT
 62
7
370
15
100
AcDbPolyline
 90
2
 70
0
 10
17525.0
 20
8246.499999999998
 10
17525.0
 20
7798.749999999998
  0
TEXT
  5
441
330
17
100
AcDbEntity
  8
TEXT
 62
7
100
AcDbText
 10
17565.0
 20
8131.499999999998
 30
0.0
 40
65.0
  1
0 от NW8; 831 от NW4
  7
GOST
 11
17565.0
 21
8131.499999999998
 31
0.0
100
AcDbText
  0
LWPOLYLINE
  5
442
330
17
100
AcDbEntity
  8
TEXT
 62
7
370
15
100
AcDbPolyline
 90
2
 70
0
 10
18825.0
 20
8246.499999999998
 10
18825.0
 20
7798.749999999998
  0
TEXT
  5
443
330
17
100
AcDbEntity
  8
TEXT
 62
7
100
AcDbText
 10
18865.0
 20
8131.499999999998
 30
0.0
 40
65.0
  1
свет ванной + вентилятор с
  7
GOST
 11
18865.0
 21
8131.499999999998
 31
0.0
100
AcDbText
  0
TEXT
  5
444
330
17
100
AcDbEntity
  8
TEXT
 62
7
100
AcDbText
 10
18865.0
 20
8037.249999999999
 30
0.0
 40
65.0
  1
таймером выбега; снаружи
  7
GOST
 11
18865.0
 21
8037.249999999999
 31
0.0
100
AcDbText
  0
TEXT
  5
445
330
17
100
AcDbEntity
  8
TEXT
 62
7
100
AcDbText
 10
18865.0
 20
7942.999999999999
 30
0.0
 40
65.0
  1
помещения; рядом
  7
GOST
 11
18865.0
 21
7942.999999999999
 31
0.0
100
AcDbText
  0
TEXT
  5
446
330
17
100
AcDbEntity
  8
TEXT
 62
7
100
AcDbText
 10
18865.0
 20
7848.75
 30
0.0
 40
65.0
  1
терморегулятор T1
  7
GOST
 11
18865.0
 21
7848.75
 31
0.0
100
AcDbText
  0
LWPOLYLINE
  5
447
330
17
100
AcDbEntity
  8
TEXT
 62
7
370
15
100
AcDbPolyline
 90
2
 70
0
 10
20325.0
 20
8246.499999999998
 10
20325.0
 20
7798.749999999998
  0
LWPOLYLINE
  5
448
330
17
100
AcDbEntity
  8
TEXT
 62
7
370
15
100
AcDbPolyline
 90
4
 70
1
 10
12975.0
 20
7350.999999999997
 10
20325.0
 20
7350.999999999997
 10
20325.0
 20
7798.749999999998
 10
12975.0
 20
7798.749999999998
  0
LWPOLYLINE
  5
449
330
17
100
AcDbEntity
  8
TEXT
 62
7
370
15
100
AcDbPolyline
 90
2
 70
0
 10
12975.0
 20
7798.749999999998
 10
12975.0
 20
7350.999999999997
  0
TEXT
  5
44A
330
17
100
AcDbEntity
  8
TEXT
 62
7
100
AcDbText
 10
13015.0
 20
7683.749999999998
 30
0.0
 40
65.0
  1
S15
  7
GOST
 11
13015.0
 21
7683.749999999998
 31
0.0
100
AcDbText
  0
LWPOLYLINE
  5
44B
330
17
100
AcDbEntity
  8
TEXT
 62
7
370
15
100
AcDbPolyline
 90
2
 70
0
 10
13375.0
 20
7798.749999999998
 10
13375.0
 20
7350.999999999997
  0
TEXT
  5
44C
330
17
100
AcDbEntity
  8
TEXT
 62
7
100
AcDbText
 10
13415.0
 20
7683.749999999998
 30
0.0
 40
65.0
  1
R4
  7
GOST
 11
13415.0
 21
7683.749999999998
 31
0.0
100
AcDbText
  0
LWPOLYLINE
  5
44D
330
17
100
AcDbEntity
  8
TEXT
 62
7
370
15
100
AcDbPolyline
 90
2
 70
0
 10
13725.0
 20
7798.749999999998
 10
13725.0
 20
7350.999999999997
  0
TEXT
  5
44E
330
17
100
AcDbEntity
  8
TEXT
 62
7
100
AcDbText
 10
13765.0
 20
7683.749999999998
 30
0.0
 40
65.0
  1
1kl
  7
GOST
 11
13765.0
 21
7683.749999999998
 31
0.0
100
AcDbText
  0
LWPOLYLINE
  5
44F
330
17
100
AcDbEntity
  8
TEXT
 62
7
370
15
100
AcDbPolyline
 90
2
 70
0
 10
14225.0
 20
7798.749999999998
 10
14225.0
 20
7350.999999999997
  0
TEXT
  5
450
330
17
100
AcDbEntity
  8
TEXT
 62
7
100
AcDbText
 10
14265.0
 20
7683.749999999998
 30
0.0
 40
65.0
  1
1000
  7
GOST
 11
14265.0
 21
7683.749999999998
 31
0.0
100
AcDbText
  0
LWPOLYLINE
  5
451
330
17
100
AcDbEntity
  8
TEXT
 62
7
370
15
100
AcDbPolyline
 90
2
 70
0
 10
14625.0
 20
7798.749999999998
 10
14625.0
 20
7350.999999999997
  0
TEXT
  5
452
330
17
100
AcDbEntity
  8
TEXT
 62
7
100
AcDbText
 10
14665.0
 20
7683.749999999998
 30
0.0
 40
65.0
  1
L22: Постирочная — споты +
  7
GOST
 11
14665.0
 21
7683.749999999998
 31
0.0
100
AcDbText
  0
TEXT
  5
453
330
17
100
AcDbEntity
  8
TEXT
 62
7
100
AcDbText
 10
14665.0
 20
7589.499999999998
 30
0.0
 40
65.0
  1
вентилятор
  7
GOST
 11
14665.0
 21
7589.499999999998
 31
0.0
100
AcDbText
  0
LWPOLYLINE
  5
454
330
17
100
AcDbEntity
  8
TEXT
 62
7
370
15
100
AcDbPolyline
 90
2
 70
0
 10
16425.0
 20
7798.749999999998
 10
16425.0
 20
7350.999999999997
  0
TEXT
  5
455
330
17
100
AcDbEntity
  8
TEXT
 62
7
100
AcDbText
 10
16465.0
 20
7683.749999999998
 30
0.0
 40
65.0
  1
NW9 (прихожая, у
  7
GOST
 11
16465.0
 21
7683.749999999998
 31
0.0
100
AcDbText
  0
TEXT
  5
456
330
17
100
AcDbEntity
  8
TEXT
 62
7
100
AcDbText
 10
16465.0
 20
7589.499999999998
 30
0.0
 40
65.0
  1
двери D4)
  7
GOST
 11
16465.0
 21
7589.499999999998
 31
0.0
100
AcDbText
  0
LWPOLYLINE
  5
457
330
17
100
AcDbEntity
  8
TEXT
 62
7
370
15
100
AcDbPolyline
 90
2
 70
0
 10
17525.0
 20
7798.749999999998
 10
17525.0
 20
7350.999999999997
  0
TEXT
  5
458
330
17
100
AcDbEntity
  8
TEXT
 62
7
100
AcDbText
 10
17565.0
 20
7683.749999999998
 30
0.0
 40
65.0
  1
2101 от W14; 0 от NW9
  7
GOST
 11
17565.0
 21
7683.749999999998
 31
0.0
100
AcDbText
  0
LWPOLYLINE
  5
459
330
17
100
AcDbEntity
  8
TEXT
 62
7
370
15
100
AcDbPolyline
 90
2
 70
0
 10
18825.0
 20
7798.749999999998
 10
18825.0
 20
7350.999999999997
  0
TEXT
  5
45A
330
17
100
AcDbEntity
  8
TEXT
 62
7
100
AcDbText
 10
18865.0
 20
7683.749999999998
 30
0.0
 40
65.0
  1
свет постирочной +
  7
GOST
 11
18865.0
 21
7683.749999999998
 31
0.0
100
AcDbText
  0
TEXT
  5
45B
330
17
100
AcDbEntity
  8
TEXT
 62
7
100
AcDbText
 10
18865.0
 20
7589.499999999998
 30
0.0
 40
65.0
  1
вентилятор с таймером; h
  7
GOST
 11
18865.0
 21
7589.499999999998
 31
0.0
100
AcDbText
  0
TEXT
  5
45C
330
17
100
AcDbEntity
  8
TEXT
 62
7
100
AcDbText
 10
18865.0
 20
7495.249999999998
 30
0.0
 40
65.0
  1
1000 — над банкеткой F63;
  7
GOST
 11
18865.0
 21
7495.249999999998
 31
0.0
100
AcDbText
  0
TEXT
  5
45D
330
17
100
AcDbEntity
  8
TEXT
 62
7
100
AcDbText
 10
18865.0
 20
7400.999999999999
 30
0.0
 40
65.0
  1
рядом терморегулято…
  7
GOST
 11
18865.0
 21
7400.999999999999
 31
0.0
100
AcDbText
  0
LWPOLYLINE
  5
45E
330
17
100
AcDbEntity
  8
TEXT
 62
7
370
15
100
AcDbPolyline
 90
2
 70
0
 10
20325.0
 20
7798.749999999998
 10
20325.0
 20
7350.999999999997
  0
LWPOLYLINE
  5
45F
330
17
100
AcDbEntity
  8
TEXT
 62
7
370
35
100
AcDbPolyline
 90
4
 70
1
 10
12975.0
 20
7350.999999999997
 10
20325.0
 20
7350.999999999997
 10
20325.0
 20
12630.000000000002
 10
12975.0
 20
12630.000000000002
  0
TEXT
  5
460
330
17
100
AcDbEntity
  8
TEXT
 62
7
100
AcDbText
 10
12975.0
 20
7041.0
 30
0.0
 40
110.00000000000001
  1
Управление
  7
GOST
 11
12975.0
 21
7041.0
 31
0.0
100
AcDbText
  0
TEXT
  5
461
330
17
100
AcDbEntity
  8
TEXT
 62
7
100
AcDbText
 10
12975.0
 20
6873.5
 30
0.0
 40
67.5
  1
кухня-столовая и балкон — Zigbee-диммеры/реле за проводными клавишами + сценарные кнопки и шлюз в U16 (сцены concept п.5: Утро, Ужин, Кино,
  7
GOST
 11
12975.0
 21
6873.5
 31
0.0
100
AcDbText
  0
TEXT
  5
462
330
17
100
AcDbEntity
  8
TEXT
 62
7
100
AcDbText
 10
12975.0
 20
6772.25
 30
0.0
 40
67.5
  1
Вечер, Ночь, Уход); прочие помещения — классическая проводная схема; свет работает без шлюза
  7
GOST
 11
12975.0
 21
6772.25
 31
0.0
100
AcDbText
  0
TEXT
  5
463
330
17
100
AcDbEntity
  8
TEXT
 62
7
100
AcDbText
 10
12975.0
 20
6670.999999999999
 30
0.0
 40
67.5
  1
Сцены:
  7
GOST
 11
12975.0
 21
6670.999999999999
 31
0.0
100
AcDbText
  0
TEXT
  5
464
330
17
100
AcDbEntity
  8
TEXT
 62
7
100
AcDbText
 10
12975.0
 20
6569.749999999999
 30
0.0
 40
67.5
  1
Утро: L1 100 %, L3 60 %, L11 40 %, L9 30 %, L14 60 %, L16 70 %
  7
GOST
 11
12975.0
 21
6569.749999999999
 31
0.0
100
AcDbText
  0
TEXT
  5
465
330
17
100
AcDbEntity
  8
TEXT
 62
7
100
AcDbText
 10
12975.0
 20
6468.499999999999
 30
0.0
 40
67.5
  1
Ужин/гости: L3 80 %, L4 60 %, L1 30 %, L6 30 %, L7 on
  7
GOST
 11
12975.0
 21
6468.499999999999
 31
0.0
100
AcDbText
  0
TEXT
  5
466
330
17
100
AcDbEntity
  8
TEXT
 62
7
100
AcDbText
 10
12975.0
 20
6367.249999999998
 30
0.0
 40
67.5
  1
Кино: шторы F37 закрыть, экран F32 вниз (Zigbee + 12В-триггер проектора), L6 → 0 за 10 с, L7 5–10 %, L5 5 %, L1–L4 off
  7
GOST
 11
12975.0
 21
6367.249999999998
 31
0.0
100
AcDbText
  0
TEXT
  5
467
330
17
100
AcDbEntity
  8
TEXT
 62
7
100
AcDbText
 10
12975.0
 20
6265.999999999998
 30
0.0
 40
67.5
  1
Вечер: L3 40 %, L6 40 %, L9 60 %, L11 50 %, L14 30 %, L16 40 %
  7
GOST
 11
12975.0
 21
6265.999999999998
 31
0.0
100
AcDbText
  0
TEXT
  5
468
330
17
100
AcDbEntity
  8
TEXT
 62
7
100
AcDbText
 10
12975.0
 20
6164.749999999998
 30
0.0
 40
67.5
  1
Ночь: всё off; L12, L17, L21 — по датчикам движения 5–10 %
  7
GOST
 11
12975.0
 21
6164.749999999998
 31
0.0
100
AcDbText
  0
TEXT
  5
469
330
17
100
AcDbEntity
  8
TEXT
 62
7
100
AcDbText
 10
12975.0
 20
6063.499999999997
 30
0.0
 40
67.5
  1
Уход: весь свет off, краны LV17/LV18 закрыть, контроль протечек и датчиков открытия
  7
GOST
 11
12975.0
 21
6063.499999999997
 31
0.0
100
AcDbText
  0
TEXT
  5
46A
330
17
100
AcDbEntity
  8
TEXT
 62
7
100
AcDbText
 10
12975.0
 20
5962.249999999997
 30
0.0
 40
67.5
  1
Высоты h — до центра изделия от УЧП ±0.000; привязки — до грани ближайшей стены по X и по Y, мм.
  7
GOST
 11
12975.0
 21
5962.249999999997
 31
0.0
100
AcDbText
  0
LWPOLYLINE
  5
46B
330
17
100
AcDbEntity
  8
FRAME
 62
7
370
50
100
AcDbPolyline
 90
4
 70
1
 10
1000.0
 20
250.0
 10
20750.0
 20
250.0
 10
20750.0
 20
14600.0
 10
1000.0
 20
14600.0
  0
TEXT
  5
46C
330
17
100
AcDbEntity
  8
FRAME
 62
7
100
AcDbText
 10
20750.0
 20
80.0
 30
0.0
 40
100.0
  1
Формат A3
  7
GOST
 72
2
 11
20750.0
 21
80.0
 31
0.0
100
AcDbText
  0
HATCH
  5
46D
330
17
100
AcDbEntity
  8
FRAME
 62
7
420
16777215
100
AcDbHatch
 10
0.0
 20
0.0
 30
0.0
210
0.0
220
0.0
230
1.0
  2
SOLID
 70
1
 71
0
 91
1
 92
3
 72
0
 73
1
 93
4
 10
11500.0
 20
250.0
 10
20750.0
 20
250.0
 10
20750.0
 20
3000.0
 10
11500.0
 20
3000.0
 97
0
 75
1
 76
1
 98
0
  0
LWPOLYLINE
  5
46E
330
17
100
AcDbEntity
  8
FRAME
 62
7
370
50
100
AcDbPolyline
 90
4
 70
1
 10
11500.0
 20
250.0
 10
20750.0
 20
250.0
 10
20750.0
 20
3000.0
 10
11500.0
 20
3000.0
  0
LWPOLYLINE
  5
46F
330
17
100
AcDbEntity
  8
FRAME
 62
7
370
50
100
AcDbPolyline
 90
2
 70
0
 10
14750.0
 20
2250.0
 10
20750.0
 20
2250.0
  0
LWPOLYLINE
  5
470
330
17
100
AcDbEntity
  8
FRAME
 62
7
370
50
100
AcDbPolyline
 90
2
 70
0
 10
14750.0
 20
1750.0
 10
20750.0
 20
1750.0
  0
LWPOLYLINE
  5
471
330
17
100
AcDbEntity
  8
FRAME
 62
7
370
50
100
AcDbPolyline
 90
2
 70
0
 10
14750.0
 20
1000.0
 10
20750.0
 20
1000.0
  0
LWPOLYLINE
  5
472
330
17
100
AcDbEntity
  8
FRAME
 62
7
370
50
100
AcDbPolyline
 90
2
 70
0
 10
14750.0
 20
250.0
 10
14750.0
 20
3000.0
  0
LWPOLYLINE
  5
473
330
17
100
AcDbEntity
  8
FRAME
 62
7
370
50
100
AcDbPolyline
 90
2
 70
0
 10
18250.0
 20
250.0
 10
18250.0
 20
1750.0
  0
LWPOLYLINE
  5
474
330
17
100
AcDbEntity
  8
FRAME
 62
7
370
20
100
AcDbPolyline
 90
2
 70
0
 10
18250.0
 20
1500.0
 10
20750.0
 20
1500.0
  0
LWPOLYLINE
  5
475
330
17
100
AcDbEntity
  8
FRAME
 62
7
370
20
100
AcDbPolyline
 90
2
 70
0
 10
19000.0
 20
1000.0
 10
19000.0
 20
1750.0
  0
LWPOLYLINE
  5
476
330
17
100
AcDbEntity
  8
FRAME
 62
7
370
20
100
AcDbPolyline
 90
2
 70
0
 10
19750.0
 20
1000.0
 10
19750.0
 20
1750.0
  0
TEXT
  5
477
330
17
100
AcDbEntity
  8
FRAME
 62
7
100
AcDbText
 10
18625.0
 20
1560.0
 30
0.0
 40
100.0
  1
Стадия
  7
GOST
 72
1
 11
18625.0
 21
1560.0
 31
0.0
100
AcDbText
  0
TEXT
  5
478
330
17
100
AcDbEntity
  8
FRAME
 62
7
100
AcDbText
 10
19375.0
 20
1560.0
 30
0.0
 40
100.0
  1
Лист
  7
GOST
 72
1
 11
19375.0
 21
1560.0
 31
0.0
100
AcDbText
  0
TEXT
  5
479
330
17
100
AcDbEntity
  8
FRAME
 62
7
100
AcDbText
 10
20250.0
 20
1560.0
 30
0.0
 40
100.0
  1
Листов
  7
GOST
 72
1
 11
20250.0
 21
1560.0
 31
0.0
100
AcDbText
  0
TEXT
  5
47A
330
17
100
AcDbEntity
  8
FRAME
 62
7
100
AcDbText
 10
18625.0
 20
1170.0
 30
0.0
 40
175.0
  1
Р
  7
GOST
 72
1
 11
18625.0
 21
1170.0
 31
0.0
100
AcDbText
  0
TEXT
  5
47B
330
17
100
AcDbEntity
  8
FRAME
 62
7
100
AcDbText
 10
19375.0
 20
1170.0
 30
0.0
 40
175.0
  1
29
  7
GOST
 72
1
 11
19375.0
 21
1170.0
 31
0.0
100
AcDbText
  0
TEXT
  5
47C
330
17
100
AcDbEntity
  8
FRAME
 62
7
100
AcDbText
 10
20250.0
 20
1170.0
 30
0.0
 40
175.0
  1
51
  7
GOST
 72
1
 11
20250.0
 21
1170.0
 31
0.0
100
AcDbText
  0
LWPOLYLINE
  5
47D
330
17
100
AcDbEntity
  8
FRAME
 62
7
370
20
100
AcDbPolyline
 90
2
 70
0
 10
11500.0
 20
500.0
 10
14750.0
 20
500.0
  0
LWPOLYLINE
  5
47E
330
17
100
AcDbEntity
  8
FRAME
 62
7
370
20
100
AcDbPolyline
 90
2
 70
0
 10
11500.0
 20
750.0
 10
14750.0
 20
750.0
  0
LWPOLYLINE
  5
47F
330
17
100
AcDbEntity
  8
FRAME
 62
7
370
20
100
AcDbPolyline
 90
2
 70
0
 10
11500.0
 20
1000.0
 10
14750.0
 20
1000.0
  0
LWPOLYLINE
  5
480
330
17
100
AcDbEntity
  8
FRAME
 62
7
370
20
100
AcDbPolyline
 90
2
 70
0
 10
11500.0
 20
1250.0
 10
14750.0
 20
1250.0
  0
LWPOLYLINE
  5
481
330
17
100
AcDbEntity
  8
FRAME
 62
7
370
50
100
AcDbPolyline
 90
2
 70
0
 10
11500.0
 20
1500.0
 10
14750.0
 20
1500.0
  0
LWPOLYLINE
  5
482
330
17
100
AcDbEntity
  8
FRAME
 62
7
370
50
100
AcDbPolyline
 90
2
 70
0
 10
11500.0
 20
1750.0
 10
14750.0
 20
1750.0
  0
LWPOLYLINE
  5
483
330
17
100
AcDbEntity
  8
FRAME
 62
7
370
20
100
AcDbPolyline
 90
2
 70
0
 10
11500.0
 20
2000.0
 10
14750.0
 20
2000.0
  0
LWPOLYLINE
  5
484
330
17
100
AcDbEntity
  8
FRAME
 62
7
370
20
100
AcDbPolyline
 90
2
 70
0
 10
11500.0
 20
2250.0
 10
14750.0
 20
2250.0
  0
LWPOLYLINE
  5
485
330
17
100
AcDbEntity
  8
FRAME
 62
7
370
20
100
AcDbPolyline
 90
2
 70
0
 10
11500.0
 20
2500.0
 10
14750.0
 20
2500.0
  0
LWPOLYLINE
  5
486
330
17
100
AcDbEntity
  8
FRAME
 62
7
370
20
100
AcDbPolyline
 90
2
 70
0
 10
11500.0
 20
2750.0
 10
14750.0
 20
2750.0
  0
LWPOLYLINE
  5
487
330
17
100
AcDbEntity
  8
FRAME
 62
7
370
50
100
AcDbPolyline
 90
2
 70
0
 10
12000.0
 20
1500.0
 10
12000.0
 20
3000.0
  0
LWPOLYLINE
  5
488
330
17
100
AcDbEntity
  8
FRAME
 62
7
370
50
100
AcDbPolyline
 90
2
 70
0
 10
12500.0
 20
250.0
 10
12500.0
 20
3000.0
  0
LWPOLYLINE
  5
489
330
17
100
AcDbEntity
  8
FRAME
 62
7
370
50
100
AcDbPolyline
 90
2
 70
0
 10
13000.0
 20
1500.0
 10
13000.0
 20
3000.0
  0
LWPOLYLINE
  5
48A
330
17
100
AcDbEntity
  8
FRAME
 62
7
370
50
100
AcDbPolyline
 90
2
 70
0
 10
13500.0
 20
250.0
 10
13500.0
 20
3000.0
  0
LWPOLYLINE
  5
48B
330
17
100
AcDbEntity
  8
FRAME
 62
7
370
50
100
AcDbPolyline
 90
2
 70
0
 10
14250.0
 20
250.0
 10
14250.0
 20
3000.0
  0
TEXT
  5
48C
330
17
100
AcDbEntity
  8
FRAME
 62
7
100
AcDbText
 10
11750.0
 20
1565.0
 30
0.0
 40
90.0
  1
Изм.
  7
GOST
 72
1
 11
11750.0
 21
1565.0
 31
0.0
100
AcDbText
  0
TEXT
  5
48D
330
17
100
AcDbEntity
  8
FRAME
 62
7
100
AcDbText
 10
12250.0
 20
1565.0
 30
0.0
 40
90.0
  1
Кол.уч
  7
GOST
 72
1
 11
12250.0
 21
1565.0
 31
0.0
100
AcDbText
  0
TEXT
  5
48E
330
17
100
AcDbEntity
  8
FRAME
 62
7
100
AcDbText
 10
12750.0
 20
1565.0
 30
0.0
 40
90.0
  1
Лист
  7
GOST
 72
1
 11
12750.0
 21
1565.0
 31
0.0
100
AcDbText
  0
TEXT
  5
48F
330
17
100
AcDbEntity
  8
FRAME
 62
7
100
AcDbText
 10
13250.0
 20
1565.0
 30
0.0
 40
90.0
  1
№док.
  7
GOST
 72
1
 11
13250.0
 21
1565.0
 31
0.0
100
AcDbText
  0
TEXT
  5
490
330
17
100
AcDbEntity
  8
FRAME
 62
7
100
AcDbText
 10
13875.0
 20
1565.0
 30
0.0
 40
90.0
  1
Подп.
  7
GOST
 72
1
 11
13875.0
 21
1565.0
 31
0.0
100
AcDbText
  0
TEXT
  5
491
330
17
100
AcDbEntity
  8
FRAME
 62
7
100
AcDbText
 10
14500.0
 20
1565.0
 30
0.0
 40
90.0
  1
Дата
  7
GOST
 72
1
 11
14500.0
 21
1565.0
 31
0.0
100
AcDbText
  0
TEXT
  5
492
330
17
100
AcDbEntity
  8
FRAME
 62
7
100
AcDbText
 10
11550.0
 20
1315.0
 30
0.0
 40
100.0
  1
Разраб.
  7
GOST
 11
11550.0
 21
1315.0
 31
0.0
100
AcDbText
  0
TEXT
  5
493
330
17
100
AcDbEntity
  8
FRAME
 62
7
100
AcDbText
 10
11550.0
 20
1065.0
 30
0.0
 40
100.0
  1
Пров.
  7
GOST
 11
11550.0
 21
1065.0
 31
0.0
100
AcDbText
  0
TEXT
  5
494
330
17
100
AcDbEntity
  8
FRAME
 62
7
100
AcDbText
 10
11550.0
 20
815.0
 30
0.0
 40
100.0
  1
ГИП
  7
GOST
 11
11550.0
 21
815.0
 31
0.0
100
AcDbText
  0
TEXT
  5
495
330
17
100
AcDbEntity
  8
FRAME
 62
7
100
AcDbText
 10
11550.0
 20
565.0
 30
0.0
 40
100.0
  1
Н.контр.
  7
GOST
 11
11550.0
 21
565.0
 31
0.0
100
AcDbText
  0
TEXT
  5
496
330
17
100
AcDbEntity
  8
FRAME
 62
7
100
AcDbText
 10
11550.0
 20
315.0
 30
0.0
 40
100.0
  1
Утв.
  7
GOST
 11
11550.0
 21
315.0
 31
0.0
100
AcDbText
  0
TEXT
  5
497
330
17
100
AcDbEntity
  8
FRAME
 62
7
100
AcDbText
 10
12540.0
 20
1315.0
 30
0.0
 40
100.0
  1
pib-агенты
  7
GOST
 11
12540.0
 21
1315.0
 31
0.0
100
AcDbText
  0
TEXT
  5
498
330
17
100
AcDbEntity
  8
FRAME
 62
7
100
AcDbText
 10
14500.0
 20
1315.0
 30
0.0
 40
90.0
  1
10.2026
  7
GOST
 72
1
 11
14500.0
 21
1315.0
 31
0.0
100
AcDbText
  0
TEXT
  5
499
330
17
100
AcDbEntity
  8
FRAME
 62
7
100
AcDbText
 10
17750.0
 20
2500.0
 30
0.0
 40
250.0
  1
КВ108-ДП-ЭО-02
  7
GOST
 72
1
 11
17750.0
 21
2500.0
 31
0.0
100
AcDbText
  0
TEXT
  5
49A
330
17
100
AcDbEntity
  8
FRAME
 62
7
100
AcDbText
 10
17750.0
 20
1912.5
 30
0.0
 40
175.0
  1
Квартира №108, СПб, дизайн-проект
  7
GOST
 72
1
 11
17750.0
 21
1912.5
 31
0.0
100
AcDbText
  0
TEXT
  5
49B
330
17
100
AcDbEntity
  8
FRAME
 62
7
100
AcDbText
 10
16500.0
 20
1300.0
 30
0.0
 40
150.0
  1
Электроосвещение
  7
GOST
 72
1
 11
16500.0
 21
1300.0
 31
0.0
100
AcDbText
  0
TEXT
  5
49C
330
17
100
AcDbEntity
  8
FRAME
 62
7
100
AcDbText
 10
16500.0
 20
653.125
 30
0.0
 40
125.0
  1
План выключателей
  7
GOST
 72
1
 11
16500.0
 21
653.125
 31
0.0
100
AcDbText
  0
TEXT
  5
49D
330
17
100
AcDbEntity
  8
FRAME
 62
7
100
AcDbText
 10
16500.0
 20
471.875
 30
0.0
 40
125.0
  1
Масштаб 1:50
  7
GOST
 72
1
 11
16500.0
 21
471.875
 31
0.0
100
AcDbText
  0
TEXT
  5
49E
330
17
100
AcDbEntity
  8
FRAME
 62
7
100
AcDbText
 10
19500.0
 20
658.75
 30
0.0
 40
150.0
  1
ПИБ
  7
GOST
 72
1
 11
19500.0
 21
658.75
 31
0.0
100
AcDbText
  0
TEXT
  5
49F
330
17
100
AcDbEntity
  8
FRAME
 62
7
100
AcDbText
 10
19500.0
 20
441.25000000000006
 30
0.0
 40
150.0
  1
агенты pib-*
  7
GOST
 72
1
 11
19500.0
 21
441.25000000000006
 31
0.0
100
AcDbText
  0
ENDSEC
  0
SECTION
  2
OBJECTS
  0
DICTIONARY
  5
A
330
0
100
AcDbDictionary
281
1
  3
ACAD_COLOR
350
B
  3
ACAD_GROUP
350
C
  3
ACAD_LAYOUT
350
D
  3
ACAD_MATERIAL
350
E
  3
ACAD_MLEADERSTYLE
350
F
  3
ACAD_MLINESTYLE
350
10
  3
ACAD_PLOTSETTINGS
350
11
  3
ACAD_PLOTSTYLENAME
350
12
  3
ACAD_SCALELIST
350
14
  3
ACAD_TABLESTYLE
350
15
  3
ACAD_VISUALSTYLE
350
16
  3
EZDXF_META
350
2D
  0
DICTIONARY
  5
B
330
A
100
AcDbDictionary
281
1
  0
DICTIONARY
  5
C
330
A
100
AcDbDictionary
281
1
  0
DICTIONARY
  5
D
330
A
100
AcDbDictionary
281
1
  3
Model
350
1A
  3
Layout1
350
1E
  0
DICTIONARY
  5
E
330
A
100
AcDbDictionary
281
1
  3
ByBlock
350
1F
  3
ByLayer
350
20
  3
Global
350
21
  0
DICTIONARY
  5
F
330
A
100
AcDbDictionary
281
1
  3
Standard
350
2C
  0
DICTIONARY
  5
10
330
A
100
AcDbDictionary
281
1
  3
Standard
350
22
  0
DICTIONARY
  5
11
330
A
100
AcDbDictionary
281
1
  0
ACDBDICTIONARYWDFLT
  5
12
330
A
100
AcDbDictionary
281
1
  3
Normal
350
13
100
AcDbDictionaryWithDefault
340
13
  0
ACDBPLACEHOLDER
  5
13
330
12
  0
DICTIONARY
  5
14
330
A
100
AcDbDictionary
281
1
  0
DICTIONARY
  5
15
330
A
100
AcDbDictionary
281
1
  0
DICTIONARY
  5
16
330
A
100
AcDbDictionary
281
1
  3
2dWireframe
350
5A
  3
Basic
350
5B
  3
Brighten
350
5C
  3
ColorChange
350
5D
  3
Conceptual
350
5E
  3
Dim
350
5F
  3
EdgeColorOff
350
60
  3
Facepattern
350
61
  3
Flat
350
62
  3
FlatWithEdges
350
63
  3
Gouraud
350
64
  3
GouraudWithEdges
350
65
  3
Hidden
350
66
  3
JitterOff
350
67
  3
Linepattern
350
68
  3
Modeling
350
69
  3
OverhangOff
350
6A
  3
Realistic
350
6B
  3
Shaded
350
6C
  3
Shaded with edges
350
6D
  3
Shades of Gray
350
6E
  3
Sketchy
350
6F
  3
Thicken
350
70
  3
Wireframe
350
71
  3
X-Ray
350
72
  0
LAYOUT
  5
1A
330
D
100
AcDbPlotSettings
  1

  4
A3
  6

 40
7.5
 41
20.0
 42
7.5
 43
20.0
 44
420.0
 45
297.0
 46
0.0
 47
0.0
 48
0.0
 49
0.0
140
0.0
141
0.0
142
1.0
143
1.0
 70
1024
 72
1
 73
0
 74
5
  7

 75
16
 76
0
 77
2
 78
300
147
1.0
148
0.0
149
0.0
100
AcDbLayout
  1
Model
 70
1
 71
0
 10
0.0
 20
0.0
 11
420.0
 21
297.0
 12
0.0
 22
0.0
 32
0.0
 14
1e+20
 24
1e+20
 34
1e+20
 15
-1e+20
 25
-1e+20
 35
-1e+20
146
0.0
 13
0.0
 23
0.0
 33
0.0
 16
1.0
 26
0.0
 36
0.0
 17
0.0
 27
1.0
 37
0.0
 76
1
330
17
  0
LAYOUT
  5
1E
330
D
100
AcDbPlotSettings
  1

  4
A3
  6

 40
7.5
 41
20.0
 42
7.5
 43
20.0
 44
420.0
 45
297.0
 46
0.0
 47
0.0
 48
0.0
 49
0.0
140
0.0
141
0.0
142
1.0
143
1.0
 70
0
 72
1
 73
0
 74
5
  7

 75
16
 76
0
 77
2
 78
300
147
1.0
148
0.0
149
0.0
100
AcDbLayout
  1
Layout1
 70
1
 71
1
 10
0.0
 20
0.0
 11
420.0
 21
297.0
 12
0.0
 22
0.0
 32
0.0
 14
1e+20
 24
1e+20
 34
1e+20
 15
-1e+20
 25
-1e+20
 35
-1e+20
146
0.0
 13
0.0
 23
0.0
 33
0.0
 16
1.0
 26
0.0
 36
0.0
 17
0.0
 27
1.0
 37
0.0
 76
1
330
1B
  0
MATERIAL
  5
1F
102
{ACAD_REACTORS
330
E
102
}
330
E
100
AcDbMaterial
  1
ByBlock
  2

 70
0
 40
1.0
 71
1
 41
1.0
 91
-1023410177
 42
1.0
 72
1
  3

 73
1
 74
1
 75
1
 44
0.5
 73
0
 45
1.0
 46
1.0
 77
1
  4

 78
1
 79
1
170
1
 48
1.0
171
1
  6

172
1
173
1
174
1
140
1.0
141
1.0
175
1
  7

176
1
177
1
178
1
143
1.0
179
1
  8

270
1
271
1
272
1
145
1.0
146
1.0
273
1
  9

274
1
275
1
276
1
 42
1.0
 72
1
  3

 73
1
 74
1
 75
1
 94
63
  0
MATERIAL
  5
20
102
{ACAD_REACTORS
330
E
102
}
330
E
100
AcDbMaterial
  1
ByLayer
  2

 70
0
 40
1.0
 71
1
 41
1.0
 91
-1023410177
 42
1.0
 72
1
  3

 73
1
 74
1
 75
1
 44
0.5
 73
0
 45
1.0
 46
1.0
 77
1
  4

 78
1
 79
1
170
1
 48
1.0
171
1
  6

172
1
173
1
174
1
140
1.0
141
1.0
175
1
  7

176
1
177
1
178
1
143
1.0
179
1
  8

270
1
271
1
272
1
145
1.0
146
1.0
273
1
  9

274
1
275
1
276
1
 42
1.0
 72
1
  3

 73
1
 74
1
 75
1
 94
63
  0
MATERIAL
  5
21
102
{ACAD_REACTORS
330
E
102
}
330
E
100
AcDbMaterial
  1
Global
  2

 70
0
 40
1.0
 71
1
 41
1.0
 91
-1023410177
 42
1.0
 72
1
  3

 73
1
 74
1
 75
1
 44
0.5
 73
0
 45
1.0
 46
1.0
 77
1
  4

 78
1
 79
1
170
1
 48
1.0
171
1
  6

172
1
173
1
174
1
140
1.0
141
1.0
175
1
  7

176
1
177
1
178
1
143
1.0
179
1
  8

270
1
271
1
272
1
145
1.0
146
1.0
273
1
  9

274
1
275
1
276
1
 42
1.0
 72
1
  3

 73
1
 74
1
 75
1
 94
63
  0
MLINESTYLE
  5
22
102
{ACAD_REACTORS
330
10
102
}
330
10
100
AcDbMlineStyle
  2
Standard
 70
0
  3

 62
256
 51
90.0
 52
90.0
 71
2
 49
0.5
 62
256
  6
BYLAYER
 49
-0.5
 62
256
  6
BYLAYER
  0
MLEADERSTYLE
  5
2C
102
{ACAD_REACTORS
330
F
102
}
330
F
100
AcDbMLeaderStyle
179
2
170
2
171
1
172
0
 90
2
 40
0.0
 41
0.0
173
1
 91
-1056964608
 92
-2
290
1
 42
2.0
291
1
 43
8.0
  3
Standard
 44
4.0
300

342
29
174
1
175
1
176
0
178
1
 93
-1056964608
 45
4.0
292
0
297
0
 46
4.0
 94
-1056964608
 47
1.0
 49
1.0
140
1.0
294
1
141
0.0
177
0
142
1.0
295
0
296
0
143
3.75
271
0
272
9
273
9
  0
DICTIONARY
  5
2D
330
A
100
AcDbDictionary
280
1
281
1
  3
CREATED_BY_EZDXF
350
2E
  3
WRITTEN_BY_EZDXF
350
4A2
  0
DICTIONARYVAR
  5
2E
330
2D
100
DictionaryVariables
280
0
  1
1.4.4 @ 2026-10-08T17:37:11.778053+00:00
  0
VISUALSTYLE
  5
5A
102
{ACAD_REACTORS
330
16
102
}
330
16
100
AcDbVisualStyle
  2
2dWireframe
 70
4
177
3
291
0
 70
58
 90
2
176
1
 90
2
176
1
 90
0
176
1
 90
0
176
1
 40
0.6
176
1
 40
30.0
176
1
 62
7
420
16777215
176
1
 90
1
176
1
 90
4
176
1
 62
7
176
1
 62
257
176
1
 90
1
176
1
 90
1
176
1
 40
1.0
176
1
 90
8
176
1
 62
7
176
1
 40
1.0
176
1
 90
1
176
1
 90
6
176
1
 90
2
176
1
 62
7
176
1
 90
5
176
1
 90
0
176
1
 90
0
176
1
290
0
176
1
 90
1
176
1
 40
0.0
176
1
 90
0
176
1
290
1
176
1
290
1
176
1
290
0
176
1
290
0
176
1
290
0
176
1
290
0
176
1
290
0
176
1
290
0
176
1
290
0
176
1
 90
50
176
1
 40
0.0
176
1
 40
1.0
176
1
 90
0
176
1
 62
18
420
0
176
1
 90
50
176
1
 90
3
176
1
 62
5
420
255
176
1
290
0
176
1
 90
50
176
1
 90
50
176
1
 90
50
176
1
290
0
176
1
 90
50
176
1
 62
256
176
0
 40
1.0
176
0
 90
2
176
1
  1
strokes_ogs.tif
176
1
290
0
176
1
 40
1.0
176
1
 40
1.0
176
1
  0
VISUALSTYLE
  5
5B
102
{ACAD_REACTORS
330
16
102
}
330
16
100
AcDbVisualStyle
  2
Basic
 70
7
177
3
291
1
 70
58
 90
2
176
1
 90
2
176
1
 90
0
176
1
 90
1
176
1
 40
0.6
176
1
 40
30.0
176
1
 62
7
420
16777215
176
1
 90
1
176
1
 90
4
176
1
 62
7
176
1
 62
257
176
1
 90
1
176
1
 90
1
176
1
 40
1.0
176
1
 90
8
176
1
 62
7
176
1
 40
1.0
176
1
 90
1
176
1
 90
6
176
1
 90
2
176
1
 62
7
176
1
 90
5
176
1
 90
0
176
1
 90
0
176
1
290
0
176
1
 90
1
176
1
 40
0.0
176
1
 90
0
176
1
290
0
176
1
290
1
176
1
290
1
176
1
290
0
176
1
290
0
176
1
290
0
176
1
290
0
176
1
290
0
176
1
290
0
176
1
 90
50
176
1
 40
0.0
176
1
 40
1.0
176
1
 90
0
176
1
 62
18
420
0
176
1
 90
50
176
1
 90
3
176
1
 62
5
420
255
176
1
290
0
176
1
 90
50
176
1
 90
50
176
1
 90
50
176
1
290
0
176
1
 90
50
176
1
 62
256
176
0
 40
1.0
176
0
 90
2
176
1
  1
strokes_ogs.tif
176
1
290
0
176
1
 40
1.0
176
1
 40
1.0
176
1
  0
VISUALSTYLE
  5
5C
102
{ACAD_REACTORS
330
16
102
}
330
16
100
AcDbVisualStyle
  2
Brighten
 70
12
177
3
291
1
 70
58
 90
2
176
1
 90
2
176
1
 90
0
176
1
 90
2
176
1
 40
0.6
176
1
 40
30.0
176
1
 62
7
420
16777215
176
1
 90
1
176
1
 90
4
176
1
 62
7
176
1
 62
257
176
1
 90
1
176
1
 90
1
176
1
 40
1.0
176
1
 90
8
176
1
 62
7
176
1
 40
1.0
176
1
 90
1
176
1
 90
6
176
1
 90
2
176
1
 62
7
176
1
 90
5
176
1
 90
0
176
1
 90
0
176
1
290
0
176
1
 90
1
176
1
 40
0.0
176
1
 90
0
176
1
290
0
176
1
290
1
176
1
290
1
176
1
290
0
176
1
290
0
176
1
290
0
176
1
290
0
176
1
290
0
176
1
290
0
176
1
 90
50
176
1
 40
0.0
176
1
 40
1.0
176
1
 90
0
176
1
 62
18
420
0
176
1
 90
50
176
1
 90
3
176
1
 62
5
420
255
176
1
290
0
176
1
 90
50
176
1
 90
50
176
1
 90
50
176
1
290
0
176
1
 90
50
176
1
 62
256
176
0
 40
1.0
176
0
 90
2
176
1
  1
strokes_ogs.tif
176
1
290
0
176
1
 40
1.0
176
1
 40
1.0
176
1
  0
VISUALSTYLE
  5
5D
102
{ACAD_REACTORS
330
16
102
}
330
16
100
AcDbVisualStyle
  2
ColorChange
 70
16
177
3
291
1
 70
58
 90
2
176
1
 90
2
176
1
 90
0
176
1
 90
2
176
1
 40
0.6
176
1
 40
30.0
176
1
 62
7
420
16777215
176
1
 90
1
176
1
 90
4
176
1
 62
7
176
1
 62
257
176
1
 90
1
176
1
 90
1
176
1
 40
1.0
176
1
 90
8
176
1
 62
7
176
1
 40
1.0
176
1
 90
1
176
1
 90
6
176
1
 90
2
176
1
 62
7
176
1
 90
5
176
1
 90
0
176
1
 90
0
176
1
290
0
176
1
 90
1
176
1
 40
0.0
176
1
 90
0
176
1
290
0
176
1
290
1
176
1
290
1
176
1
290
0
176
1
290
0
176
1
290
0
176
1
290
0
176
1
290
0
176
1
290
0
176
1
 90
50
176
1
 40
0.0
176
1
 40
1.0
176
1
 90
0
176
1
 62
18
420
0
176
1
 90
50
176
1
 90
3
176
1
 62
5
420
255
176
1
290
0
176
1
 90
50
176
1
 90
50
176
1
 90
50
176
1
290
0
176
1
 90
50
176
1
 62
256
176
0
 40
1.0
176
0
 90
2
176
1
  1
strokes_ogs.tif
176
1
290
0
176
1
 40
1.0
176
1
 40
1.0
176
1
  0
VISUALSTYLE
  5
5E
102
{ACAD_REACTORS
330
16
102
}
330
16
100
AcDbVisualStyle
  2
Conceptual
 70
9
177
3
291
0
 70
58
 90
2
176
1
 90
2
176
1
 90
0
176
1
 90
3
176
1
 40
0.6
176
1
 40
30.0
176
1
 62
7
420
16777215
176
1
 90
1
176
1
 90
4
176
1
 62
7
176
1
 62
257
176
1
 90
1
176
1
 90
1
176
1
 40
1.0
176
1
 90
8
176
1
 62
7
176
1
 40
1.0
176
1
 90
1
176
1
 90
6
176
1
 90
2
176
1
 62
7
176
1
 90
5
176
1
 90
0
176
1
 90
0
176
1
290
0
176
1
 90
1
176
1
 40
0.0
176
1
 90
0
176
1
290
0
176
1
290
1
176
1
290
1
176
1
290
0
176
1
290
0
176
1
290
0
176
1
290
0
176
1
290
0
176
1
290
0
176
1
 90
50
176
1
 40
0.0
176
1
 40
1.0
176
1
 90
0
176
1
 62
18
420
0
176
1
 90
50
176
1
 90
3
176
1
 62
5
420
255
176
1
290
0
176
1
 90
50
176
1
 90
50
176
1
 90
50
176
1
290
0
176
1
 90
50
176
1
 62
256
176
0
 40
1.0
176
0
 90
2
176
1
  1
strokes_ogs.tif
176
1
290
0
176
1
 40
1.0
176
1
 40
1.0
176
1
  0
VISUALSTYLE
  5
5F
102
{ACAD_REACTORS
330
16
102
}
330
16
100
AcDbVisualStyle
  2
Dim
 70
11
177
3
291
1
 70
58
 90
2
176
1
 90
2
176
1
 90
0
176
1
 90
2
176
1
 40
0.6
176
1
 40
30.0
176
1
 62
7
420
16777215
176
1
 90
1
176
1
 90
4
176
1
 62
7
176
1
 62
257
176
1
 90
1
176
1
 90
1
176
1
 40
1.0
176
1
 90
8
176
1
 62
7
176
1
 40
1.0
176
1
 90
1
176
1
 90
6
176
1
 90
2
176
1
 62
7
176
1
 90
5
176
1
 90
0
176
1
 90
0
176
1
290
0
176
1
 90
1
176
1
 40
0.0
176
1
 90
0
176
1
290
0
176
1
290
1
176
1
290
1
176
1
290
0
176
1
290
0
176
1
290
0
176
1
290
0
176
1
290
0
176
1
290
0
176
1
 90
50
176
1
 40
0.0
176
1
 40
1.0
176
1
 90
0
176
1
 62
18
420
0
176
1
 90
50
176
1
 90
3
176
1
 62
5
420
255
176
1
290
0
176
1
 90
50
176
1
 90
50
176
1
 90
50
176
1
290
0
176
1
 90
50
176
1
 62
256
176
0
 40
1.0
176
0
 90
2
176
1
  1
strokes_ogs.tif
176
1
290
0
176
1
 40
1.0
176
1
 40
1.0
176
1
  0
VISUALSTYLE
  5
60
102
{ACAD_REACTORS
330
16
102
}
330
16
100
AcDbVisualStyle
  2
EdgeColorOff
 70
22
177
3
291
1
 70
58
 90
2
176
1
 90
2
176
1
 90
0
176
1
 90
2
176
1
 40
0.6
176
1
 40
30.0
176
1
 62
7
420
16777215
176
1
 90
1
176
1
 90
4
176
1
 62
7
176
1
 62
257
176
1
 90
1
176
1
 90
1
176
1
 40
1.0
176
1
 90
8
176
1
 62
7
176
1
 40
1.0
176
1
 90
1
176
1
 90
6
176
1
 90
2
176
1
 62
7
176
1
 90
5
176
1
 90
0
176
1
 90
0
176
1
290
0
176
1
 90
1
176
1
 40
0.0
176
1
 90
0
176
1
290
0
176
1
290
1
176
1
290
1
176
1
290
0
176
1
290
0
176
1
290
0
176
1
290
0
176
1
290
0
176
1
290
0
176
1
 90
50
176
1
 40
0.0
176
1
 40
1.0
176
1
 90
0
176
1
 62
18
420
0
176
1
 90
50
176
1
 90
3
176
1
 62
5
420
255
176
1
290
0
176
1
 90
50
176
1
 90
50
176
1
 90
50
176
1
290
0
176
1
 90
50
176
1
 62
256
176
0
 40
1.0
176
0
 90
2
176
1
  1
strokes_ogs.tif
176
1
290
0
176
1
 40
1.0
176
1
 40
1.0
176
1
  0
VISUALSTYLE
  5
61
102
{ACAD_REACTORS
330
16
102
}
330
16
100
AcDbVisualStyle
  2
Facepattern
 70
15
177
3
291
1
 70
58
 90
2
176
1
 90
2
176
1
 90
0
176
1
 90
2
176
1
 40
0.6
176
1
 40
30.0
176
1
 62
7
420
16777215
176
1
 90
1
176
1
 90
4
176
1
 62
7
176
1
 62
257
176
1
 90
1
176
1
 90
1
176
1
 40
1.0
176
1
 90
8
176
1
 62
7
176
1
 40
1.0
176
1
 90
1
176
1
 90
6
176
1
 90
2
176
1
 62
7
176
1
 90
5
176
1
 90
0
176
1
 90
0
176
1
290
0
176
1
 90
1
176
1
 40
0.0
176
1
 90
0
176
1
290
0
176
1
290
1
176
1
290
1
176
1
290
0
176
1
290
0
176
1
290
0
176
1
290
0
176
1
290
0
176
1
290
0
176
1
 90
50
176
1
 40
0.0
176
1
 40
1.0
176
1
 90
0
176
1
 62
18
420
0
176
1
 90
50
176
1
 90
3
176
1
 62
5
420
255
176
1
290
0
176
1
 90
50
176
1
 90
50
176
1
 90
50
176
1
290
0
176
1
 90
50
176
1
 62
256
176
0
 40
1.0
176
0
 90
2
176
1
  1
strokes_ogs.tif
176
1
290
0
176
1
 40
1.0
176
1
 40
1.0
176
1
  0
VISUALSTYLE
  5
62
102
{ACAD_REACTORS
330
16
102
}
330
16
100
AcDbVisualStyle
  2
Flat
 70
0
177
3
291
1
 70
58
 90
2
176
1
 90
2
176
1
 90
0
176
1
 90
2
176
1
 40
0.6
176
1
 40
30.0
176
1
 62
7
420
16777215
176
1
 90
1
176
1
 90
4
176
1
 62
7
176
1
 62
257
176
1
 90
1
176
1
 90
1
176
1
 40
1.0
176
1
 90
8
176
1
 62
7
176
1
 40
1.0
176
1
 90
1
176
1
 90
6
176
1
 90
2
176
1
 62
7
176
1
 90
5
176
1
 90
0
176
1
 90
0
176
1
290
0
176
1
 90
1
176
1
 40
0.0
176
1
 90
0
176
1
290
0
176
1
290
1
176
1
290
1
176
1
290
0
176
1
290
0
176
1
290
0
176
1
290
0
176
1
290
0
176
1
290
0
176
1
 90
50
176
1
 40
0.0
176
1
 40
1.0
176
1
 90
0
176
1
 62
18
420
0
176
1
 90
50
176
1
 90
3
176
1
 62
5
420
255
176
1
290
0
176
1
 90
50
176
1
 90
50
176
1
 90
50
176
1
290
0
176
1
 90
50
176
1
 62
256
176
0
 40
1.0
176
0
 90
2
176
1
  1
strokes_ogs.tif
176
1
290
0
176
1
 40
1.0
176
1
 40
1.0
176
1
  0
VISUALSTYLE
  5
63
102
{ACAD_REACTORS
330
16
102
}
330
16
100
AcDbVisualStyle
  2
FlatWithEdges
 70
1
177
3
291
1
 70
58
 90
2
176
1
 90
2
176
1
 90
0
176
1
 90
2
176
1
 40
0.6
176
1
 40
30.0
176
1
 62
7
420
16777215
176
1
 90
1
176
1
 90
4
176
1
 62
7
176
1
 62
257
176
1
 90
1
176
1
 90
1
176
1
 40
1.0
176
1
 90
8
176
1
 62
7
176
1
 40
1.0
176
1
 90
1
176
1
 90
6
176
1
 90
2
176
1
 62
7
176
1
 90
5
176
1
 90
0
176
1
 90
0
176
1
290
0
176
1
 90
1
176
1
 40
0.0
176
1
 90
0
176
1
290
0
176
1
290
1
176
1
290
1
176
1
290
0
176
1
290
0
176
1
290
0
176
1
290
0
176
1
290
0
176
1
290
0
176
1
 90
50
176
1
 40
0.0
176
1
 40
1.0
176
1
 90
0
176
1
 62
18
420
0
176
1
 90
50
176
1
 90
3
176
1
 62
5
420
255
176
1
290
0
176
1
 90
50
176
1
 90
50
176
1
 90
50
176
1
290
0
176
1
 90
50
176
1
 62
256
176
0
 40
1.0
176
0
 90
2
176
1
  1
strokes_ogs.tif
176
1
290
0
176
1
 40
1.0
176
1
 40
1.0
176
1
  0
VISUALSTYLE
  5
64
102
{ACAD_REACTORS
330
16
102
}
330
16
100
AcDbVisualStyle
  2
Gouraud
 70
2
177
3
291
1
 70
58
 90
2
176
1
 90
2
176
1
 90
0
176
1
 90
2
176
1
 40
0.6
176
1
 40
30.0
176
1
 62
7
420
16777215
176
1
 90
1
176
1
 90
4
176
1
 62
7
176
1
 62
257
176
1
 90
1
176
1
 90
1
176
1
 40
1.0
176
1
 90
8
176
1
 62
7
176
1
 40
1.0
176
1
 90
1
176
1
 90
6
176
1
 90
2
176
1
 62
7
176
1
 90
5
176
1
 90
0
176
1
 90
0
176
1
290
0
176
1
 90
1
176
1
 40
0.0
176
1
 90
0
176
1
290
0
176
1
290
1
176
1
290
1
176
1
290
0
176
1
290
0
176
1
290
0
176
1
290
0
176
1
290
0
176
1
290
0
176
1
 90
50
176
1
 40
0.0
176
1
 40
1.0
176
1
 90
0
176
1
 62
18
420
0
176
1
 90
50
176
1
 90
3
176
1
 62
5
420
255
176
1
290
0
176
1
 90
50
176
1
 90
50
176
1
 90
50
176
1
290
0
176
1
 90
50
176
1
 62
256
176
0
 40
1.0
176
0
 90
2
176
1
  1
strokes_ogs.tif
176
1
290
0
176
1
 40
1.0
176
1
 40
1.0
176
1
  0
VISUALSTYLE
  5
65
102
{ACAD_REACTORS
330
16
102
}
330
16
100
AcDbVisualStyle
  2
GouraudWithEdges
 70
3
177
3
291
1
 70
58
 90
2
176
1
 90
2
176
1
 90
0
176
1
 90
2
176
1
 40
0.6
176
1
 40
30.0
176
1
 62
7
420
16777215
176
1
 90
1
176
1
 90
4
176
1
 62
7
176
1
 62
257
176
1
 90
1
176
1
 90
1
176
1
 40
1.0
176
1
 90
8
176
1
 62
7
176
1
 40
1.0
176
1
 90
1
176
1
 90
6
176
1
 90
2
176
1
 62
7
176
1
 90
5
176
1
 90
0
176
1
 90
0
176
1
290
0
176
1
 90
1
176
1
 40
0.0
176
1
 90
0
176
1
290
0
176
1
290
1
176
1
290
1
176
1
290
0
176
1
290
0
176
1
290
0
176
1
290
0
176
1
290
0
176
1
290
0
176
1
 90
50
176
1
 40
0.0
176
1
 40
1.0
176
1
 90
0
176
1
 62
18
420
0
176
1
 90
50
176
1
 90
3
176
1
 62
5
420
255
176
1
290
0
176
1
 90
50
176
1
 90
50
176
1
 90
50
176
1
290
0
176
1
 90
50
176
1
 62
256
176
0
 40
1.0
176
0
 90
2
176
1
  1
strokes_ogs.tif
176
1
290
0
176
1
 40
1.0
176
1
 40
1.0
176
1
  0
VISUALSTYLE
  5
66
102
{ACAD_REACTORS
330
16
102
}
330
16
100
AcDbVisualStyle
  2
Hidden
 70
6
177
3
291
0
 70
58
 90
2
176
1
 90
2
176
1
 90
0
176
1
 90
1
176
1
 40
0.6
176
1
 40
30.0
176
1
 62
7
420
16777215
176
1
 90
1
176
1
 90
4
176
1
 62
7
176
1
 62
257
176
1
 90
1
176
1
 90
1
176
1
 40
1.0
176
1
 90
8
176
1
 62
7
176
1
 40
1.0
176
1
 90
1
176
1
 90
6
176
1
 90
2
176
1
 62
7
176
1
 90
5
176
1
 90
0
176
1
 90
0
176
1
290
0
176
1
 90
1
176
1
 40
0.0
176
1
 90
0
176
1
290
0
176
1
290
1
176
1
290
1
176
1
290
0
176
1
290
0
176
1
290
0
176
1
290
0
176
1
290
0
176
1
290
0
176
1
 90
50
176
1
 40
0.0
176
1
 40
1.0
176
1
 90
0
176
1
 62
18
420
0
176
1
 90
50
176
1
 90
3
176
1
 62
5
420
255
176
1
290
0
176
1
 90
50
176
1
 90
50
176
1
 90
50
176
1
290
0
176
1
 90
50
176
1
 62
256
176
0
 40
1.0
176
0
 90
2
176
1
  1
strokes_ogs.tif
176
1
290
0
176
1
 40
1.0
176
1
 40
1.0
176
1
  0
VISUALSTYLE
  5
67
102
{ACAD_REACTORS
330
16
102
}
330
16
100
AcDbVisualStyle
  2
JitterOff
 70
20
177
3
291
1
 70
58
 90
2
176
1
 90
2
176
1
 90
0
176
1
 90
2
176
1
 40
0.6
176
1
 40
30.0
176
1
 62
7
420
16777215
176
1
 90
1
176
1
 90
4
176
1
 62
7
176
1
 62
257
176
1
 90
1
176
1
 90
1
176
1
 40
1.0
176
1
 90
8
176
1
 62
7
176
1
 40
1.0
176
1
 90
1
176
1
 90
6
176
1
 90
2
176
1
 62
7
176
1
 90
5
176
1
 90
0
176
1
 90
0
176
1
290
0
176
1
 90
1
176
1
 40
0.0
176
1
 90
0
176
1
290
0
176
1
290
1
176
1
290
1
176
1
290
0
176
1
290
0
176
1
290
0
176
1
290
0
176
1
290
0
176
1
290
0
176
1
 90
50
176
1
 40
0.0
176
1
 40
1.0
176
1
 90
0
176
1
 62
18
420
0
176
1
 90
50
176
1
 90
3
176
1
 62
5
420
255
176
1
290
0
176
1
 90
50
176
1
 90
50
176
1
 90
50
176
1
290
0
176
1
 90
50
176
1
 62
256
176
0
 40
1.0
176
0
 90
2
176
1
  1
strokes_ogs.tif
176
1
290
0
176
1
 40
1.0
176
1
 40
1.0
176
1
  0
VISUALSTYLE
  5
68
102
{ACAD_REACTORS
330
16
102
}
330
16
100
AcDbVisualStyle
  2
Linepattern
 70
14
177
3
291
1
 70
58
 90
2
176
1
 90
2
176
1
 90
0
176
1
 90
2
176
1
 40
0.6
176
1
 40
30.0
176
1
 62
7
420
16777215
176
1
 90
1
176
1
 90
4
176
1
 62
7
176
1
 62
257
176
1
 90
1
176
1
 90
1
176
1
 40
1.0
176
1
 90
8
176
1
 62
7
176
1
 40
1.0
176
1
 90
1
176
1
 90
6
176
1
 90
2
176
1
 62
7
176
1
 90
5
176
1
 90
0
176
1
 90
0
176
1
290
0
176
1
 90
1
176
1
 40
0.0
176
1
 90
0
176
1
290
0
176
1
290
1
176
1
290
1
176
1
290
0
176
1
290
0
176
1
290
0
176
1
290
0
176
1
290
0
176
1
290
0
176
1
 90
50
176
1
 40
0.0
176
1
 40
1.0
176
1
 90
0
176
1
 62
18
420
0
176
1
 90
50
176
1
 90
3
176
1
 62
5
420
255
176
1
290
0
176
1
 90
50
176
1
 90
50
176
1
 90
50
176
1
290
0
176
1
 90
50
176
1
 62
256
176
0
 40
1.0
176
0
 90
2
176
1
  1
strokes_ogs.tif
176
1
290
0
176
1
 40
1.0
176
1
 40
1.0
176
1
  0
VISUALSTYLE
  5
69
102
{ACAD_REACTORS
330
16
102
}
330
16
100
AcDbVisualStyle
  2
Modeling
 70
10
177
3
291
0
 70
58
 90
2
176
1
 90
2
176
1
 90
0
176
1
 90
2
176
1
 40
0.6
176
1
 40
30.0
176
1
 62
7
420
16777215
176
1
 90
1
176
1
 90
4
176
1
 62
7
176
1
 62
257
176
1
 90
1
176
1
 90
1
176
1
 40
1.0
176
1
 90
8
176
1
 62
7
176
1
 40
1.0
176
1
 90
1
176
1
 90
6
176
1
 90
2
176
1
 62
7
176
1
 90
5
176
1
 90
0
176
1
 90
0
176
1
290
0
176
1
 90
1
176
1
 40
0.0
176
1
 90
0
176
1
290
0
176
1
290
1
176
1
290
1
176
1
290
0
176
1
290
0
176
1
290
0
176
1
290
0
176
1
290
0
176
1
290
0
176
1
 90
50
176
1
 40
0.0
176
1
 40
1.0
176
1
 90
0
176
1
 62
18
420
0
176
1
 90
50
176
1
 90
3
176
1
 62
5
420
255
176
1
290
0
176
1
 90
50
176
1
 90
50
176
1
 90
50
176
1
290
0
176
1
 90
50
176
1
 62
256
176
0
 40
1.0
176
0
 90
2
176
1
  1
strokes_ogs.tif
176
1
290
0
176
1
 40
1.0
176
1
 40
1.0
176
1
  0
VISUALSTYLE
  5
6A
102
{ACAD_REACTORS
330
16
102
}
330
16
100
AcDbVisualStyle
  2
OverhangOff
 70
21
177
3
291
1
 70
58
 90
2
176
1
 90
2
176
1
 90
0
176
1
 90
2
176
1
 40
0.6
176
1
 40
30.0
176
1
 62
7
420
16777215
176
1
 90
1
176
1
 90
4
176
1
 62
7
176
1
 62
257
176
1
 90
1
176
1
 90
1
176
1
 40
1.0
176
1
 90
8
176
1
 62
7
176
1
 40
1.0
176
1
 90
1
176
1
 90
6
176
1
 90
2
176
1
 62
7
176
1
 90
5
176
1
 90
0
176
1
 90
0
176
1
290
0
176
1
 90
1
176
1
 40
0.0
176
1
 90
0
176
1
290
0
176
1
290
1
176
1
290
1
176
1
290
0
176
1
290
0
176
1
290
0
176
1
290
0
176
1
290
0
176
1
290
0
176
1
 90
50
176
1
 40
0.0
176
1
 40
1.0
176
1
 90
0
176
1
 62
18
420
0
176
1
 90
50
176
1
 90
3
176
1
 62
5
420
255
176
1
290
0
176
1
 90
50
176
1
 90
50
176
1
 90
50
176
1
290
0
176
1
 90
50
176
1
 62
256
176
0
 40
1.0
176
0
 90
2
176
1
  1
strokes_ogs.tif
176
1
290
0
176
1
 40
1.0
176
1
 40
1.0
176
1
  0
VISUALSTYLE
  5
6B
102
{ACAD_REACTORS
330
16
102
}
330
16
100
AcDbVisualStyle
  2
Realistic
 70
8
177
3
291
0
 70
58
 90
2
176
1
 90
2
176
1
 90
0
176
1
 90
2
176
1
 40
0.6
176
1
 40
30.0
176
1
 62
7
420
16777215
176
1
 90
1
176
1
 90
4
176
1
 62
7
176
1
 62
257
176
1
 90
1
176
1
 90
1
176
1
 40
1.0
176
1
 90
8
176
1
 62
7
176
1
 40
1.0
176
1
 90
1
176
1
 90
6
176
1
 90
2
176
1
 62
7
176
1
 90
5
176
1
 90
0
176
1
 90
0
176
1
290
0
176
1
 90
1
176
1
 40
0.0
176
1
 90
0
176
1
290
0
176
1
290
1
176
1
290
1
176
1
290
0
176
1
290
0
176
1
290
0
176
1
290
0
176
1
290
0
176
1
290
0
176
1
 90
50
176
1
 40
0.0
176
1
 40
1.0
176
1
 90
0
176
1
 62
18
420
0
176
1
 90
50
176
1
 90
3
176
1
 62
5
420
255
176
1
290
0
176
1
 90
50
176
1
 90
50
176
1
 90
50
176
1
290
0
176
1
 90
50
176
1
 62
256
176
0
 40
1.0
176
0
 90
2
176
1
  1
strokes_ogs.tif
176
1
290
0
176
1
 40
1.0
176
1
 40
1.0
176
1
  0
VISUALSTYLE
  5
6C
102
{ACAD_REACTORS
330
16
102
}
330
16
100
AcDbVisualStyle
  2
Shaded
 70
27
177
3
291
0
 70
58
 90
2
176
1
 90
2
176
1
 90
0
176
1
 90
2
176
1
 40
0.6
176
1
 40
30.0
176
1
 62
7
420
16777215
176
1
 90
1
176
1
 90
4
176
1
 62
7
176
1
 62
257
176
1
 90
1
176
1
 90
1
176
1
 40
1.0
176
1
 90
8
176
1
 62
7
176
1
 40
1.0
176
1
 90
1
176
1
 90
6
176
1
 90
2
176
1
 62
7
176
1
 90
5
176
1
 90
0
176
1
 90
0
176
1
290
0
176
1
 90
1
176
1
 40
0.0
176
1
 90
0
176
1
290
0
176
1
290
1
176
1
290
1
176
1
290
0
176
1
290
0
176
1
290
0
176
1
290
0
176
1
290
0
176
1
290
0
176
1
 90
50
176
1
 40
0.0
176
1
 40
1.0
176
1
 90
0
176
1
 62
18
420
0
176
1
 90
50
176
1
 90
3
176
1
 62
5
420
255
176
1
290
0
176
1
 90
50
176
1
 90
50
176
1
 90
50
176
1
290
0
176
1
 90
50
176
1
 62
256
176
0
 40
1.0
176
0
 90
2
176
1
  1
strokes_ogs.tif
176
1
290
0
176
1
 40
1.0
176
1
 40
1.0
176
1
  0
VISUALSTYLE
  5
6D
102
{ACAD_REACTORS
330
16
102
}
330
16
100
AcDbVisualStyle
  2
Shaded with edges
 70
26
177
3
291
0
 70
58
 90
2
176
1
 90
2
176
1
 90
0
176
1
 90
2
176
1
 40
0.6
176
1
 40
30.0
176
1
 62
7
420
16777215
176
1
 90
1
176
1
 90
4
176
1
 62
7
176
1
 62
257
176
1
 90
1
176
1
 90
1
176
1
 40
1.0
176
1
 90
8
176
1
 62
7
176
1
 40
1.0
176
1
 90
1
176
1
 90
6
176
1
 90
2
176
1
 62
7
176
1
 90
5
176
1
 90
0
176
1
 90
0
176
1
290
0
176
1
 90
1
176
1
 40
0.0
176
1
 90
0
176
1
290
0
176
1
290
1
176
1
290
1
176
1
290
0
176
1
290
0
176
1
290
0
176
1
290
0
176
1
290
0
176
1
290
0
176
1
 90
50
176
1
 40
0.0
176
1
 40
1.0
176
1
 90
0
176
1
 62
18
420
0
176
1
 90
50
176
1
 90
3
176
1
 62
5
420
255
176
1
290
0
176
1
 90
50
176
1
 90
50
176
1
 90
50
176
1
290
0
176
1
 90
50
176
1
 62
256
176
0
 40
1.0
176
0
 90
2
176
1
  1
strokes_ogs.tif
176
1
290
0
176
1
 40
1.0
176
1
 40
1.0
176
1
  0
VISUALSTYLE
  5
6E
102
{ACAD_REACTORS
330
16
102
}
330
16
100
AcDbVisualStyle
  2
Shades of Gray
 70
23
177
3
291
0
 70
58
 90
2
176
1
 90
2
176
1
 90
0
176
1
 90
2
176
1
 40
0.6
176
1
 40
30.0
176
1
 62
7
420
16777215
176
1
 90
1
176
1
 90
4
176
1
 62
7
176
1
 62
257
176
1
 90
1
176
1
 90
1
176
1
 40
1.0
176
1
 90
8
176
1
 62
7
176
1
 40
1.0
176
1
 90
1
176
1
 90
6
176
1
 90
2
176
1
 62
7
176
1
 90
5
176
1
 90
0
176
1
 90
0
176
1
290
0
176
1
 90
1
176
1
 40
0.0
176
1
 90
0
176
1
290
0
176
1
290
1
176
1
290
1
176
1
290
0
176
1
290
0
176
1
290
0
176
1
290
0
176
1
290
0
176
1
290
0
176
1
 90
50
176
1
 40
0.0
176
1
 40
1.0
176
1
 90
0
176
1
 62
18
420
0
176
1
 90
50
176
1
 90
3
176
1
 62
5
420
255
176
1
290
0
176
1
 90
50
176
1
 90
50
176
1
 90
50
176
1
290
0
176
1
 90
50
176
1
 62
256
176
0
 40
1.0
176
0
 90
2
176
1
  1
strokes_ogs.tif
176
1
290
0
176
1
 40
1.0
176
1
 40
1.0
176
1
  0
VISUALSTYLE
  5
6F
102
{ACAD_REACTORS
330
16
102
}
330
16
100
AcDbVisualStyle
  2
Sketchy
 70
24
177
3
291
0
 70
58
 90
2
176
1
 90
2
176
1
 90
0
176
1
 90
1
176
1
 40
0.6
176
1
 40
30.0
176
1
 62
7
420
16777215
176
1
 90
1
176
1
 90
4
176
1
 62
7
176
1
 62
257
176
1
 90
1
176
1
 90
1
176
1
 40
1.0
176
1
 90
8
176
1
 62
7
176
1
 40
1.0
176
1
 90
1
176
1
 90
6
176
1
 90
2
176
1
 62
7
176
1
 90
5
176
1
 90
0
176
1
 90
0
176
1
290
0
176
1
 90
1
176
1
 40
0.0
176
1
 90
0
176
1
290
0
176
1
290
1
176
1
290
1
176
1
290
0
176
1
290
0
176
1
290
0
176
1
290
0
176
1
290
0
176
1
290
0
176
1
 90
50
176
1
 40
0.0
176
1
 40
1.0
176
1
 90
0
176
1
 62
18
420
0
176
1
 90
50
176
1
 90
3
176
1
 62
5
420
255
176
1
290
0
176
1
 90
50
176
1
 90
50
176
1
 90
50
176
1
290
0
176
1
 90
50
176
1
 62
256
176
0
 40
1.0
176
0
 90
2
176
1
  1
strokes_ogs.tif
176
1
290
0
176
1
 40
1.0
176
1
 40
1.0
176
1
  0
VISUALSTYLE
  5
70
102
{ACAD_REACTORS
330
16
102
}
330
16
100
AcDbVisualStyle
  2
Thicken
 70
13
177
3
291
1
 70
58
 90
2
176
1
 90
2
176
1
 90
0
176
1
 90
2
176
1
 40
0.6
176
1
 40
30.0
176
1
 62
7
420
16777215
176
1
 90
1
176
1
 90
4
176
1
 62
7
176
1
 62
257
176
1
 90
1
176
1
 90
1
176
1
 40
1.0
176
1
 90
8
176
1
 62
7
176
1
 40
1.0
176
1
 90
1
176
1
 90
6
176
1
 90
2
176
1
 62
7
176
1
 90
5
176
1
 90
0
176
1
 90
0
176
1
290
0
176
1
 90
1
176
1
 40
0.0
176
1
 90
0
176
1
290
0
176
1
290
1
176
1
290
1
176
1
290
0
176
1
290
0
176
1
290
0
176
1
290
0
176
1
290
0
176
1
290
0
176
1
 90
50
176
1
 40
0.0
176
1
 40
1.0
176
1
 90
0
176
1
 62
18
420
0
176
1
 90
50
176
1
 90
3
176
1
 62
5
420
255
176
1
290
0
176
1
 90
50
176
1
 90
50
176
1
 90
50
176
1
290
0
176
1
 90
50
176
1
 62
256
176
0
 40
1.0
176
0
 90
2
176
1
  1
strokes_ogs.tif
176
1
290
0
176
1
 40
1.0
176
1
 40
1.0
176
1
  0
VISUALSTYLE
  5
71
102
{ACAD_REACTORS
330
16
102
}
330
16
100
AcDbVisualStyle
  2
Wireframe
 70
5
177
3
291
0
 70
58
 90
2
176
1
 90
2
176
1
 90
0
176
1
 90
0
176
1
 40
0.6
176
1
 40
30.0
176
1
 62
7
420
16777215
176
1
 90
1
176
1
 90
4
176
1
 62
7
176
1
 62
257
176
1
 90
1
176
1
 90
1
176
1
 40
1.0
176
1
 90
8
176
1
 62
7
176
1
 40
1.0
176
1
 90
1
176
1
 90
6
176
1
 90
2
176
1
 62
7
176
1
 90
5
176
1
 90
0
176
1
 90
0
176
1
290
0
176
1
 90
1
176
1
 40
0.0
176
1
 90
0
176
1
290
0
176
1
290
1
176
1
290
1
176
1
290
0
176
1
290
0
176
1
290
0
176
1
290
0
176
1
290
0
176
1
290
0
176
1
 90
50
176
1
 40
0.0
176
1
 40
1.0
176
1
 90
0
176
1
 62
18
420
0
176
1
 90
50
176
1
 90
3
176
1
 62
5
420
255
176
1
290
0
176
1
 90
50
176
1
 90
50
176
1
 90
50
176
1
290
0
176
1
 90
50
176
1
 62
256
176
0
 40
1.0
176
0
 90
2
176
1
  1
strokes_ogs.tif
176
1
290
0
176
1
 40
1.0
176
1
 40
1.0
176
1
  0
VISUALSTYLE
  5
72
102
{ACAD_REACTORS
330
16
102
}
330
16
100
AcDbVisualStyle
  2
X-Ray
 70
25
177
3
291
0
 70
58
 90
2
176
1
 90
2
176
1
 90
0
176
1
 90
2
176
1
 40
0.5
176
1
 40
30.0
176
1
 62
7
420
16777215
176
1
 90
1
176
1
 90
4
176
1
 62
7
176
1
 62
257
176
1
 90
1
176
1
 90
1
176
1
 40
1.0
176
1
 90
8
176
1
 62
7
176
1
 40
1.0
176
1
 90
1
176
1
 90
6
176
1
 90
2
176
1
 62
7
176
1
 90
5
176
1
 90
0
176
1
 90
0
176
1
290
0
176
1
 90
1
176
1
 40
0.0
176
1
 90
0
176
1
290
0
176
1
290
1
176
1
290
1
176
1
290
0
176
1
290
0
176
1
290
0
176
1
290
0
176
1
290
0
176
1
290
0
176
1
 90
50
176
1
 40
0.0
176
1
 40
1.0
176
1
 90
0
176
1
 62
18
420
0
176
1
 90
50
176
1
 90
3
176
1
 62
5
420
255
176
1
290
0
176
1
 90
50
176
1
 90
50
176
1
 90
50
176
1
290
0
176
1
 90
50
176
1
 62
256
176
0
 40
1.0
176
0
 90
2
176
1
  1
strokes_ogs.tif
176
1
290
0
176
1
 40
1.0
176
1
 40
1.0
176
1
  0
DICTIONARYVAR
  5
4A2
330
2D
100
DictionaryVariables
280
0
  1
1.4.4 @ 2026-10-08T17:37:11.828872+00:00
  0
ENDSEC
  0
EOF
